period_start,period_end,n,corr,granularity
2019-01-01 13:00:00,2019-01-01 14:00:00,4,0.5611081513754761,hourly
2019-01-06 14:00:00,2019-01-06 15:00:00,4,0.5978803122430166,hourly
2019-01-08 16:00:00,2019-01-08 17:00:00,4,0.48420870499645574,hourly
2019-01-09 11:00:00,2019-01-09 12:00:00,4,-0.6634031847295618,hourly
2019-01-09 12:00:00,2019-01-09 13:00:00,4,-0.9941668240411103,hourly
2019-01-09 15:00:00,2019-01-09 16:00:00,4,-0.9949466321794056,hourly
2019-01-14 14:00:00,2019-01-14 15:00:00,4,0.5675270619409518,hourly
2019-01-15 11:00:00,2019-01-15 12:00:00,4,0.5469786524447077,hourly
2019-01-15 14:00:00,2019-01-15 15:00:00,4,0.24488190143958435,hourly
2019-01-16 13:00:00,2019-01-16 14:00:00,4,0.002107836534070196,hourly
2019-01-16 16:00:00,2019-01-16 17:00:00,4,0.5089686734075436,hourly
2019-01-17 12:00:00,2019-01-17 13:00:00,4,0.32018716187915863,hourly
2019-01-17 14:00:00,2019-01-17 15:00:00,4,0.35170189694917636,hourly
2019-01-19 10:00:00,2019-01-19 11:00:00,4,0.5699731732855127,hourly
2019-01-19 13:00:00,2019-01-19 14:00:00,4,-0.12151559941670187,hourly
2019-01-22 13:00:00,2019-01-22 14:00:00,4,-0.9941533352097669,hourly
2019-01-22 14:00:00,2019-01-22 15:00:00,4,-0.6144521968030057,hourly
2019-01-23 13:00:00,2019-01-23 14:00:00,4,0.5066836543899591,hourly
2019-01-23 14:00:00,2019-01-23 15:00:00,4,0.26949602992311755,hourly
2019-01-26 10:00:00,2019-01-26 11:00:00,4,0.563076064415669,hourly
2019-01-26 12:00:00,2019-01-26 13:00:00,4,0.3538451462705939,hourly
2019-01-27 12:00:00,2019-01-27 13:00:00,4,-0.7048454011081625,hourly
2019-01-27 13:00:00,2019-01-27 14:00:00,4,-0.6056385702603669,hourly
2019-01-27 14:00:00,2019-01-27 15:00:00,4,-0.4629073555646577,hourly
2019-01-27 15:00:00,2019-01-27 16:00:00,4,-0.7691233385938779,hourly
2019-01-27 16:00:00,2019-01-27 17:00:00,4,-0.507571354605168,hourly
2019-01-28 12:00:00,2019-01-28 13:00:00,4,0.42093525034897017,hourly
2019-01-29 11:00:00,2019-01-29 12:00:00,4,0.4397051402336334,hourly
2019-01-29 14:00:00,2019-01-29 15:00:00,4,0.22634558384818237,hourly
2019-01-29 16:00:00,2019-01-29 17:00:00,4,0.37594716167559594,hourly
2019-02-02 13:00:00,2019-02-02 14:00:00,4,-0.5023833179625306,hourly
2019-02-02 14:00:00,2019-02-02 15:00:00,4,-0.5810068042760778,hourly
2019-02-02 16:00:00,2019-02-02 17:00:00,4,0.27916676064808577,hourly
2019-02-04 12:00:00,2019-02-04 13:00:00,4,-0.49871016638799986,hourly
2019-02-04 13:00:00,2019-02-04 14:00:00,4,-0.8491998020910897,hourly
2019-02-04 14:00:00,2019-02-04 15:00:00,4,-0.9487472814529687,hourly
2019-02-04 15:00:00,2019-02-04 16:00:00,4,-0.9978645958700302,hourly
2019-02-04 16:00:00,2019-02-04 17:00:00,4,-0.5405770115477803,hourly
2019-02-05 14:00:00,2019-02-05 15:00:00,4,0.4399619098579616,hourly
2019-02-05 15:00:00,2019-02-05 16:00:00,4,-0.9955296862476067,hourly
2019-02-06 10:00:00,2019-02-06 11:00:00,4,0.4705340324020356,hourly
2019-02-06 11:00:00,2019-02-06 12:00:00,4,-0.7312830957680373,hourly
2019-02-06 12:00:00,2019-02-06 13:00:00,4,-0.64175919642338,hourly
2019-02-06 13:00:00,2019-02-06 14:00:00,4,-0.7740670071543312,hourly
2019-02-06 15:00:00,2019-02-06 16:00:00,4,-0.26376964681186094,hourly
2019-02-07 12:00:00,2019-02-07 13:00:00,4,-0.6758969439114261,hourly
2019-02-07 13:00:00,2019-02-07 14:00:00,4,-0.9906870041720782,hourly
2019-02-07 16:00:00,2019-02-07 17:00:00,4,0.30105075978419704,hourly
2019-02-08 11:00:00,2019-02-08 12:00:00,4,0.3638797891366556,hourly
2019-02-08 14:00:00,2019-02-08 15:00:00,4,0.48067131809501823,hourly
2019-02-13 12:00:00,2019-02-13 13:00:00,4,0.4635271109430708,hourly
2019-02-13 14:00:00,2019-02-13 15:00:00,4,-0.777041552132698,hourly
2019-02-13 15:00:00,2019-02-13 16:00:00,4,0.2926560282012699,hourly
2019-02-15 11:00:00,2019-02-15 12:00:00,4,0.5585977073854611,hourly
2019-02-15 12:00:00,2019-02-15 13:00:00,4,-0.9641487517520019,hourly
2019-02-15 13:00:00,2019-02-15 14:00:00,4,-0.3517401060111918,hourly
2019-02-16 10:00:00,2019-02-16 11:00:00,4,0.5151874784546453,hourly
2019-02-17 13:00:00,2019-02-17 14:00:00,4,0.05553622142020176,hourly
2019-02-17 14:00:00,2019-02-17 15:00:00,4,-0.48697605334116467,hourly
2019-02-19 13:00:00,2019-02-19 14:00:00,4,-0.0979763213462266,hourly
2019-02-20 13:00:00,2019-02-20 14:00:00,4,-0.1698402510362961,hourly
2019-02-22 10:00:00,2019-02-22 11:00:00,4,0.502466921203748,hourly
2019-02-22 11:00:00,2019-02-22 12:00:00,4,0.38849620196209833,hourly
2019-02-22 12:00:00,2019-02-22 13:00:00,4,-0.9963959552186425,hourly
2019-02-22 13:00:00,2019-02-22 14:00:00,4,-0.21010583253560133,hourly
2019-02-22 14:00:00,2019-02-22 15:00:00,4,-0.7849627985206262,hourly
2019-02-22 16:00:00,2019-02-22 17:00:00,4,0.4580947388507275,hourly
2019-02-24 12:00:00,2019-02-24 13:00:00,4,-0.3014243574862948,hourly
2019-02-24 13:00:00,2019-02-24 14:00:00,4,0.36104992935228736,hourly
2019-02-24 14:00:00,2019-02-24 15:00:00,4,-0.06332716105519356,hourly
2019-02-24 15:00:00,2019-02-24 16:00:00,4,0.3780298067367682,hourly
2019-03-02 11:00:00,2019-03-02 12:00:00,4,0.2138672606028781,hourly
2019-03-04 14:00:00,2019-03-04 15:00:00,4,-0.3411204384918167,hourly
2019-03-08 12:00:00,2019-03-08 13:00:00,4,-0.8536228970517618,hourly
2019-03-10 13:00:00,2019-03-10 14:00:00,4,-0.389903145232011,hourly
2019-03-12 11:00:00,2019-03-12 12:00:00,4,-0.8528511718240628,hourly
2019-03-12 12:00:00,2019-03-12 13:00:00,4,-0.6396018577851669,hourly
2019-03-12 14:00:00,2019-03-12 15:00:00,4,-0.9793620097239277,hourly
2019-03-12 15:00:00,2019-03-12 16:00:00,4,-0.9467813525569256,hourly
2019-03-13 15:00:00,2019-03-13 16:00:00,4,0.5042909863614625,hourly
2019-03-16 14:00:00,2019-03-16 15:00:00,4,0.4384743070456317,hourly
2019-03-17 13:00:00,2019-03-17 14:00:00,4,-0.12092759325704107,hourly
2019-03-18 13:00:00,2019-03-18 14:00:00,4,-0.9159683534997893,hourly
2019-03-18 16:00:00,2019-03-18 17:00:00,4,0.37478952107560687,hourly
2019-03-19 13:00:00,2019-03-19 14:00:00,4,-0.1893130250735239,hourly
2019-03-19 14:00:00,2019-03-19 15:00:00,4,0.11109403070907188,hourly
2019-03-19 15:00:00,2019-03-19 16:00:00,4,-0.15880652323562874,hourly
2019-03-20 13:00:00,2019-03-20 14:00:00,4,-0.9792643919208485,hourly
2019-03-22 13:00:00,2019-03-22 14:00:00,4,-0.3866065749893592,hourly
2019-03-23 14:00:00,2019-03-23 15:00:00,4,0.5547332257033442,hourly
2019-03-23 15:00:00,2019-03-23 16:00:00,4,0.4414759278904,hourly
2019-03-24 14:00:00,2019-03-24 15:00:00,4,0.42613096681319007,hourly
2019-03-25 15:00:00,2019-03-25 16:00:00,4,-0.05575821465120958,hourly
2019-03-26 11:00:00,2019-03-26 12:00:00,4,0.39972763789893634,hourly
2019-03-26 12:00:00,2019-03-26 13:00:00,4,-0.22352223244141098,hourly
2019-03-26 13:00:00,2019-03-26 14:00:00,4,-0.8561765822433908,hourly
2019-03-26 14:00:00,2019-03-26 15:00:00,4,-0.22064699810960786,hourly
2019-03-26 15:00:00,2019-03-26 16:00:00,4,0.5980179383648849,hourly
2019-03-26 16:00:00,2019-03-26 17:00:00,4,-0.9641098007819917,hourly
2019-03-26 17:00:00,2019-03-26 18:00:00,4,-0.1896959385269021,hourly
2019-03-27 11:00:00,2019-03-27 12:00:00,4,-0.8879944689164347,hourly
2019-03-27 12:00:00,2019-03-27 13:00:00,4,-0.932755445700569,hourly
2019-03-27 13:00:00,2019-03-27 14:00:00,4,-0.5811723936609032,hourly
2019-03-27 14:00:00,2019-03-27 15:00:00,4,-0.09433624335884531,hourly
2019-03-27 15:00:00,2019-03-27 16:00:00,4,-0.9924050268896895,hourly
2019-03-27 16:00:00,2019-03-27 17:00:00,4,-0.8721546559096591,hourly
2019-03-27 17:00:00,2019-03-27 18:00:00,4,0.44276347223114476,hourly
2019-03-30 12:00:00,2019-03-30 13:00:00,4,-0.9638778036828005,hourly
2019-03-30 13:00:00,2019-03-30 14:00:00,4,-0.014704719774158525,hourly
2019-03-30 14:00:00,2019-03-30 15:00:00,4,-0.46396041930143683,hourly
2019-03-30 15:00:00,2019-03-30 16:00:00,4,-0.8658626195644644,hourly
2019-03-31 13:00:00,2019-03-31 14:00:00,4,0.5331386241074751,hourly
2019-03-31 16:00:00,2019-03-31 17:00:00,4,-0.2640718586970276,hourly
2019-04-01 11:00:00,2019-04-01 12:00:00,4,0.46629720827319593,hourly
2019-04-01 13:00:00,2019-04-01 14:00:00,4,0.32982398307774713,hourly
2019-04-01 15:00:00,2019-04-01 16:00:00,4,-0.286980415885028,hourly
2019-04-02 09:00:00,2019-04-02 10:00:00,4,0.5861426292332501,hourly
2019-04-03 14:00:00,2019-04-03 15:00:00,4,-0.17280766564367045,hourly
2019-04-04 14:00:00,2019-04-04 15:00:00,4,0.4222164078568369,hourly
2019-04-05 10:00:00,2019-04-05 11:00:00,4,0.3313437536111162,hourly
2019-04-05 14:00:00,2019-04-05 15:00:00,4,-0.9006235429632834,hourly
2019-04-06 12:00:00,2019-04-06 13:00:00,4,-0.42855234021664645,hourly
2019-04-08 10:00:00,2019-04-08 11:00:00,4,-0.17111673994563215,hourly
2019-04-08 17:00:00,2019-04-08 18:00:00,4,-0.9025540498341325,hourly
2019-04-09 13:00:00,2019-04-09 14:00:00,4,-0.30264890915855963,hourly
2019-04-09 14:00:00,2019-04-09 15:00:00,4,-0.41738258868691513,hourly
2019-04-10 12:00:00,2019-04-10 13:00:00,4,-0.06373023765016293,hourly
2019-04-10 14:00:00,2019-04-10 15:00:00,4,-0.5905356470694985,hourly
2019-04-11 16:00:00,2019-04-11 17:00:00,4,-0.43892758574545665,hourly
2019-04-12 12:00:00,2019-04-12 13:00:00,4,0.4672699008785268,hourly
2019-04-12 13:00:00,2019-04-12 14:00:00,4,-0.40915847308294867,hourly
2019-04-13 09:00:00,2019-04-13 10:00:00,4,-0.45162461468366333,hourly
2019-04-13 14:00:00,2019-04-13 15:00:00,4,0.15323626723820102,hourly
2019-04-14 11:00:00,2019-04-14 12:00:00,4,0.37913242849012024,hourly
2019-04-14 12:00:00,2019-04-14 13:00:00,4,-0.03271040330464479,hourly
2019-04-15 13:00:00,2019-04-15 14:00:00,4,0.4597575586598614,hourly
2019-04-15 14:00:00,2019-04-15 15:00:00,4,-0.21772219753459168,hourly
2019-04-16 15:00:00,2019-04-16 16:00:00,4,-0.45892945294139154,hourly
2019-04-17 11:00:00,2019-04-17 12:00:00,4,-0.16489459264774334,hourly
2019-04-17 13:00:00,2019-04-17 14:00:00,4,-0.8938424860406844,hourly
2019-04-18 12:00:00,2019-04-18 13:00:00,4,0.1155059381165531,hourly
2019-04-18 13:00:00,2019-04-18 14:00:00,4,0.09373836535499988,hourly
2019-04-19 15:00:00,2019-04-19 16:00:00,4,0.20054016536619718,hourly
2019-04-19 16:00:00,2019-04-19 17:00:00,4,-0.2832888947179603,hourly
2019-04-20 13:00:00,2019-04-20 14:00:00,4,0.18492881005931153,hourly
2019-04-21 13:00:00,2019-04-21 14:00:00,4,0.5575091402280581,hourly
2019-04-21 15:00:00,2019-04-21 16:00:00,4,-0.9825970737335106,hourly
2019-04-22 12:00:00,2019-04-22 13:00:00,4,-0.49769156125443564,hourly
2019-04-22 13:00:00,2019-04-22 14:00:00,4,-0.8732352060566272,hourly
2019-04-23 14:00:00,2019-04-23 15:00:00,4,0.42886186723407294,hourly
2019-04-23 16:00:00,2019-04-23 17:00:00,4,-0.43530774034468794,hourly
2019-04-24 13:00:00,2019-04-24 14:00:00,4,0.5783974759703756,hourly
2019-04-24 14:00:00,2019-04-24 15:00:00,4,0.4184793675481187,hourly
2019-04-25 12:00:00,2019-04-25 13:00:00,4,0.5829230952377958,hourly
2019-04-25 14:00:00,2019-04-25 15:00:00,4,-0.07274206333517536,hourly
2019-04-26 11:00:00,2019-04-26 12:00:00,4,-0.9234154937010146,hourly
2019-04-26 12:00:00,2019-04-26 13:00:00,4,-0.8144079616398233,hourly
2019-04-26 13:00:00,2019-04-26 14:00:00,4,0.5846581269414589,hourly
2019-04-26 14:00:00,2019-04-26 15:00:00,4,-0.8314304636355782,hourly
2019-04-26 15:00:00,2019-04-26 16:00:00,4,-0.03550260857880906,hourly
2019-04-26 16:00:00,2019-04-26 17:00:00,4,0.5929611873593174,hourly
2019-04-26 17:00:00,2019-04-26 18:00:00,4,0.011447265350307356,hourly
2019-04-27 10:00:00,2019-04-27 11:00:00,4,-0.14170206741592897,hourly
2019-04-27 13:00:00,2019-04-27 14:00:00,4,0.09933044104793773,hourly
2019-04-27 14:00:00,2019-04-27 15:00:00,4,0.5077265798831064,hourly
2019-04-28 11:00:00,2019-04-28 12:00:00,4,0.5100012081736037,hourly
2019-04-28 12:00:00,2019-04-28 13:00:00,4,-0.2981017835178846,hourly
2019-04-29 13:00:00,2019-04-29 14:00:00,4,0.5353161330872097,hourly
2019-04-30 14:00:00,2019-04-30 15:00:00,4,-0.6876276068516498,hourly
2019-05-01 09:00:00,2019-05-01 10:00:00,4,-0.13073017468048814,hourly
2019-05-01 13:00:00,2019-05-01 14:00:00,4,0.5827902025931349,hourly
2019-05-02 13:00:00,2019-05-02 14:00:00,4,0.021929111249333038,hourly
2019-05-02 14:00:00,2019-05-02 15:00:00,4,0.5071445448686178,hourly
2019-05-02 15:00:00,2019-05-02 16:00:00,4,0.5447469009531032,hourly
2019-05-03 13:00:00,2019-05-03 14:00:00,4,-0.3254006294844051,hourly
2019-05-04 11:00:00,2019-05-04 12:00:00,4,-0.9206150815225023,hourly
2019-05-04 12:00:00,2019-05-04 13:00:00,4,-0.5235468163948281,hourly
2019-05-04 13:00:00,2019-05-04 14:00:00,4,-0.1643768080235047,hourly
2019-05-04 14:00:00,2019-05-04 15:00:00,4,-0.658226581400758,hourly
2019-05-05 12:00:00,2019-05-05 13:00:00,4,0.501957432282853,hourly
2019-05-07 14:00:00,2019-05-07 15:00:00,4,0.12876383104038172,hourly
2019-05-08 13:00:00,2019-05-08 14:00:00,4,-0.9245043810177733,hourly
2019-05-09 12:00:00,2019-05-09 13:00:00,4,-0.9156764892436885,hourly
2019-05-09 15:00:00,2019-05-09 16:00:00,4,-0.1667737773096444,hourly
2019-05-10 11:00:00,2019-05-10 12:00:00,4,-0.942677259628997,hourly
2019-05-10 14:00:00,2019-05-10 15:00:00,4,0.03856366997324509,hourly
2019-05-11 14:00:00,2019-05-11 15:00:00,4,-0.4136579156120769,hourly
2019-05-12 13:00:00,2019-05-12 14:00:00,4,-0.7108235678059777,hourly
2019-05-12 14:00:00,2019-05-12 15:00:00,4,-0.12219871103211488,hourly
2019-05-12 15:00:00,2019-05-12 16:00:00,4,0.1906737209308328,hourly
2019-05-13 12:00:00,2019-05-13 13:00:00,4,0.43268095007787083,hourly
2019-05-13 13:00:00,2019-05-13 14:00:00,4,0.186244506844856,hourly
2019-05-13 15:00:00,2019-05-13 16:00:00,4,0.5363003161324711,hourly
2019-05-13 19:00:00,2019-05-13 20:00:00,4,0.449633119902032,hourly
2019-05-14 11:00:00,2019-05-14 12:00:00,4,-0.09551965674488924,hourly
2019-05-14 12:00:00,2019-05-14 13:00:00,4,0.3027845565169781,hourly
2019-05-14 13:00:00,2019-05-14 14:00:00,4,0.5539648213143747,hourly
2019-05-14 15:00:00,2019-05-14 16:00:00,4,-0.7051331056186573,hourly
2019-05-14 18:00:00,2019-05-14 19:00:00,4,0.24887906524147896,hourly
2019-05-15 13:00:00,2019-05-15 14:00:00,4,-0.30928277037971547,hourly
2019-05-15 17:00:00,2019-05-15 18:00:00,4,-0.5820737459701589,hourly
2019-05-16 08:00:00,2019-05-16 09:00:00,4,0.46725406946051423,hourly
2019-05-16 09:00:00,2019-05-16 10:00:00,4,0.4672062745175373,hourly
2019-05-16 11:00:00,2019-05-16 12:00:00,4,-0.8365242779246259,hourly
2019-05-16 12:00:00,2019-05-16 13:00:00,4,-0.7394529575477286,hourly
2019-05-16 13:00:00,2019-05-16 14:00:00,4,-0.2158342319881093,hourly
2019-05-16 14:00:00,2019-05-16 15:00:00,4,0.4805307381888147,hourly
2019-05-16 15:00:00,2019-05-16 16:00:00,4,0.17047675610767044,hourly
2019-05-16 16:00:00,2019-05-16 17:00:00,4,0.2736470845695992,hourly
2019-05-17 09:00:00,2019-05-17 10:00:00,4,-0.7372853686145117,hourly
2019-05-17 10:00:00,2019-05-17 11:00:00,4,-0.7122673090599164,hourly
2019-05-17 11:00:00,2019-05-17 12:00:00,4,-0.09136387279382707,hourly
2019-05-17 12:00:00,2019-05-17 13:00:00,4,0.1733833814287198,hourly
2019-05-17 13:00:00,2019-05-17 14:00:00,4,-0.2820651605603104,hourly
2019-05-17 14:00:00,2019-05-17 15:00:00,4,0.5878395805231543,hourly
2019-05-17 15:00:00,2019-05-17 16:00:00,4,-0.7865163670237402,hourly
2019-05-18 13:00:00,2019-05-18 14:00:00,4,-0.572739069395202,hourly
2019-05-19 10:00:00,2019-05-19 11:00:00,4,0.09958711583668095,hourly
2019-05-19 11:00:00,2019-05-19 12:00:00,4,-0.9585377498663166,hourly
2019-05-19 13:00:00,2019-05-19 14:00:00,4,-0.44697104275438354,hourly
2019-05-19 14:00:00,2019-05-19 15:00:00,4,-0.16664743330826917,hourly
2019-05-19 15:00:00,2019-05-19 16:00:00,4,0.40333681219724365,hourly
2019-05-19 16:00:00,2019-05-19 17:00:00,4,-0.21070064830330315,hourly
2019-05-20 10:00:00,2019-05-20 11:00:00,4,0.22152603628258916,hourly
2019-05-20 11:00:00,2019-05-20 12:00:00,4,0.4127969486265798,hourly
2019-05-20 12:00:00,2019-05-20 13:00:00,4,0.17046423598247384,hourly
2019-05-20 14:00:00,2019-05-20 15:00:00,4,-0.25567943942842436,hourly
2019-05-22 14:00:00,2019-05-22 15:00:00,4,0.3386530055391908,hourly
2019-05-22 15:00:00,2019-05-22 16:00:00,4,0.5400282460892594,hourly
2019-05-23 10:00:00,2019-05-23 11:00:00,4,-0.5304626916925365,hourly
2019-05-23 12:00:00,2019-05-23 13:00:00,4,-0.8947167579140749,hourly
2019-05-23 13:00:00,2019-05-23 14:00:00,4,-0.04135021705455795,hourly
2019-05-23 14:00:00,2019-05-23 15:00:00,4,0.16656035459616977,hourly
2019-05-23 17:00:00,2019-05-23 18:00:00,4,0.5318541118660276,hourly
2019-05-24 12:00:00,2019-05-24 13:00:00,4,0.3991241868245855,hourly
2019-05-24 13:00:00,2019-05-24 14:00:00,4,-0.6567505881689464,hourly
2019-05-24 14:00:00,2019-05-24 15:00:00,4,0.4109090909090893,hourly
2019-05-25 13:00:00,2019-05-25 14:00:00,4,0.37764499923216077,hourly
2019-05-26 11:00:00,2019-05-26 12:00:00,4,0.49414966895378926,hourly
2019-05-26 12:00:00,2019-05-26 13:00:00,4,-0.9527799638566656,hourly
2019-05-26 13:00:00,2019-05-26 14:00:00,4,0.5229248963220479,hourly
2019-05-26 15:00:00,2019-05-26 16:00:00,4,0.4729360945576043,hourly
2019-05-26 16:00:00,2019-05-26 17:00:00,4,-0.7225523515771425,hourly
2019-05-27 10:00:00,2019-05-27 11:00:00,4,-0.2952732117430568,hourly
2019-05-27 15:00:00,2019-05-27 16:00:00,4,-0.2718822302370884,hourly
2019-05-28 11:00:00,2019-05-28 12:00:00,4,-0.25910259523536405,hourly
2019-05-28 12:00:00,2019-05-28 13:00:00,4,0.4012677992421645,hourly
2019-05-28 15:00:00,2019-05-28 16:00:00,4,-0.5937380435044906,hourly
2019-05-28 16:00:00,2019-05-28 17:00:00,4,0.5726942681057328,hourly
2019-05-29 11:00:00,2019-05-29 12:00:00,4,-0.8105047589428725,hourly
2019-05-29 13:00:00,2019-05-29 14:00:00,4,0.16409764560073226,hourly
2019-05-29 14:00:00,2019-05-29 15:00:00,4,0.2556248586901409,hourly
2019-05-29 16:00:00,2019-05-29 17:00:00,4,0.5994219540208496,hourly
2019-05-30 10:00:00,2019-05-30 11:00:00,4,0.0994858551600009,hourly
2019-05-30 12:00:00,2019-05-30 13:00:00,4,-0.35906772602496484,hourly
2019-05-30 13:00:00,2019-05-30 14:00:00,4,0.01006268893457638,hourly
2019-05-30 14:00:00,2019-05-30 15:00:00,4,-0.447071390698926,hourly
2019-05-31 13:00:00,2019-05-31 14:00:00,4,-0.693146498722794,hourly
2019-05-31 15:00:00,2019-05-31 16:00:00,4,0.5598727422307349,hourly
2019-06-01 12:00:00,2019-06-01 13:00:00,4,-0.9121462717875702,hourly
2019-06-01 13:00:00,2019-06-01 14:00:00,4,-0.9436636520970731,hourly
2019-06-01 15:00:00,2019-06-01 16:00:00,4,0.3026363908169733,hourly
2019-06-01 16:00:00,2019-06-01 17:00:00,4,-0.981836479978045,hourly
2019-06-02 09:00:00,2019-06-02 10:00:00,4,0.559296631612363,hourly
2019-06-02 12:00:00,2019-06-02 13:00:00,4,-0.4559331898406815,hourly
2019-06-02 13:00:00,2019-06-02 14:00:00,4,-0.5026063403389304,hourly
2019-06-02 14:00:00,2019-06-02 15:00:00,4,0.24139100296244742,hourly
2019-06-02 16:00:00,2019-06-02 17:00:00,4,-0.9763404192021479,hourly
2019-06-03 12:00:00,2019-06-03 13:00:00,4,-0.013064081021691444,hourly
2019-06-03 15:00:00,2019-06-03 16:00:00,4,0.4771462526792643,hourly
2019-06-03 18:00:00,2019-06-03 19:00:00,4,0.43406213043523234,hourly
2019-06-04 13:00:00,2019-06-04 14:00:00,4,0.5159260875997832,hourly
2019-06-04 14:00:00,2019-06-04 15:00:00,4,-0.24004700499927997,hourly
2019-06-05 10:00:00,2019-06-05 11:00:00,4,-0.06000898706991616,hourly
2019-06-05 11:00:00,2019-06-05 12:00:00,4,0.24335849375909271,hourly
2019-06-05 12:00:00,2019-06-05 13:00:00,4,-0.4049350702502064,hourly
2019-06-05 13:00:00,2019-06-05 14:00:00,4,-0.27303473997001426,hourly
2019-06-05 14:00:00,2019-06-05 15:00:00,4,-0.16112162240297478,hourly
2019-06-05 18:00:00,2019-06-05 19:00:00,4,0.38238346890460473,hourly
2019-06-06 09:00:00,2019-06-06 10:00:00,4,0.5498745505106586,hourly
2019-06-06 12:00:00,2019-06-06 13:00:00,4,-0.6656506953842136,hourly
2019-06-06 13:00:00,2019-06-06 14:00:00,4,-0.829108902293462,hourly
2019-06-06 17:00:00,2019-06-06 18:00:00,4,-0.5394584225969221,hourly
2019-06-07 14:00:00,2019-06-07 15:00:00,4,-0.32717881651626496,hourly
2019-06-07 16:00:00,2019-06-07 17:00:00,4,-0.7704761440709194,hourly
2019-06-08 10:00:00,2019-06-08 11:00:00,4,0.11778716581446828,hourly
2019-06-09 15:00:00,2019-06-09 16:00:00,4,-0.16602528534132643,hourly
2019-06-10 13:00:00,2019-06-10 14:00:00,4,0.39573913401199917,hourly
2019-06-10 16:00:00,2019-06-10 17:00:00,4,-0.7076167353761205,hourly
2019-06-11 12:00:00,2019-06-11 13:00:00,4,-0.724803356775136,hourly
2019-06-11 14:00:00,2019-06-11 15:00:00,4,-0.9295208702141361,hourly
2019-06-12 11:00:00,2019-06-12 12:00:00,4,0.3112070840305631,hourly
2019-06-12 13:00:00,2019-06-12 14:00:00,4,0.462904194897668,hourly
2019-06-12 16:00:00,2019-06-12 17:00:00,4,0.4076448340761897,hourly
2019-06-13 11:00:00,2019-06-13 12:00:00,4,0.5802675156288517,hourly
2019-06-14 11:00:00,2019-06-14 12:00:00,4,0.5908568213571598,hourly
2019-06-14 12:00:00,2019-06-14 13:00:00,4,-0.8818101857503439,hourly
2019-06-14 13:00:00,2019-06-14 14:00:00,4,-0.9212640558697655,hourly
2019-06-14 15:00:00,2019-06-14 16:00:00,4,-0.8405909960706767,hourly
2019-06-14 16:00:00,2019-06-14 17:00:00,4,-0.5719783245814986,hourly
2019-06-15 10:00:00,2019-06-15 11:00:00,4,-0.21880442430605115,hourly
2019-06-15 11:00:00,2019-06-15 12:00:00,4,0.5037363934898066,hourly
2019-06-16 16:00:00,2019-06-16 17:00:00,4,-0.1473349990778941,hourly
2019-06-17 10:00:00,2019-06-17 11:00:00,4,-0.8118757200564004,hourly
2019-06-17 11:00:00,2019-06-17 12:00:00,4,-0.8753242079909107,hourly
2019-06-17 14:00:00,2019-06-17 15:00:00,4,-0.7813813578399414,hourly
2019-06-17 15:00:00,2019-06-17 16:00:00,4,-0.9483864601028953,hourly
2019-06-17 18:00:00,2019-06-17 19:00:00,4,0.5173448166163763,hourly
2019-06-18 10:00:00,2019-06-18 11:00:00,4,0.09045292350873571,hourly
2019-06-19 12:00:00,2019-06-19 13:00:00,4,-0.1694972075388741,hourly
2019-06-19 13:00:00,2019-06-19 14:00:00,4,-0.6855857072937662,hourly
2019-06-19 14:00:00,2019-06-19 15:00:00,4,0.2419476655736291,hourly
2019-06-20 11:00:00,2019-06-20 12:00:00,4,0.07283574529805313,hourly
2019-06-20 14:00:00,2019-06-20 15:00:00,4,-0.3233697015040985,hourly
2019-06-21 18:00:00,2019-06-21 19:00:00,4,-0.3539630121908469,hourly
2019-06-22 11:00:00,2019-06-22 12:00:00,4,0.22820170549887606,hourly
2019-06-22 12:00:00,2019-06-22 13:00:00,4,0.18075624190830697,hourly
2019-06-22 18:00:00,2019-06-22 19:00:00,4,0.24168477689417042,hourly
2019-06-25 13:00:00,2019-06-25 14:00:00,4,-0.5083646170346077,hourly
2019-06-25 14:00:00,2019-06-25 15:00:00,4,-0.30385379929747586,hourly
2019-06-25 15:00:00,2019-06-25 16:00:00,4,0.4315489139511306,hourly
2019-06-25 17:00:00,2019-06-25 18:00:00,4,-0.3855042257696612,hourly
2019-06-26 07:00:00,2019-06-26 08:00:00,4,0.5097259091599896,hourly
2019-06-26 13:00:00,2019-06-26 14:00:00,4,-0.09834956365612287,hourly
2019-06-26 15:00:00,2019-06-26 16:00:00,4,0.15239693187356837,hourly
2019-06-26 16:00:00,2019-06-26 17:00:00,4,-0.02598854749313161,hourly
2019-06-26 17:00:00,2019-06-26 18:00:00,4,0.4648767030341483,hourly
2019-06-26 18:00:00,2019-06-26 19:00:00,4,0.2863301325614552,hourly
2019-06-27 10:00:00,2019-06-27 11:00:00,4,-0.7495568332504364,hourly
2019-06-28 13:00:00,2019-06-28 14:00:00,4,-0.9749672626297493,hourly
2019-06-28 14:00:00,2019-06-28 15:00:00,4,-0.02093842593445428,hourly
2019-06-29 15:00:00,2019-06-29 16:00:00,4,-0.09721270931066618,hourly
2019-06-29 16:00:00,2019-06-29 17:00:00,4,-0.5651878070845802,hourly
2019-06-29 18:00:00,2019-06-29 19:00:00,4,-0.9327023498720434,hourly
2019-07-01 09:00:00,2019-07-01 10:00:00,4,0.5834625842693825,hourly
2019-07-01 12:00:00,2019-07-01 13:00:00,4,-0.9387344741312583,hourly
2019-07-01 14:00:00,2019-07-01 15:00:00,4,0.5497784467534607,hourly
2019-07-01 15:00:00,2019-07-01 16:00:00,4,-0.7634641374607843,hourly
2019-07-01 16:00:00,2019-07-01 17:00:00,4,-0.8176645916280069,hourly
2019-07-02 13:00:00,2019-07-02 14:00:00,4,0.3779265950675077,hourly
2019-07-02 15:00:00,2019-07-02 16:00:00,4,0.37098002477244296,hourly
2019-07-03 10:00:00,2019-07-03 11:00:00,4,0.5705919933005769,hourly
2019-07-03 11:00:00,2019-07-03 12:00:00,4,-0.9009927876514079,hourly
2019-07-03 12:00:00,2019-07-03 13:00:00,4,0.5202301578660651,hourly
2019-07-03 13:00:00,2019-07-03 14:00:00,4,0.37577930057621367,hourly
2019-07-03 14:00:00,2019-07-03 15:00:00,4,-0.9742585882144265,hourly
2019-07-03 15:00:00,2019-07-03 16:00:00,4,-0.3378397037980279,hourly
2019-07-03 16:00:00,2019-07-03 17:00:00,4,0.3977853719450467,hourly
2019-07-03 17:00:00,2019-07-03 18:00:00,4,-0.4067200178875709,hourly
2019-07-04 11:00:00,2019-07-04 12:00:00,4,0.5820469356063931,hourly
2019-07-04 14:00:00,2019-07-04 15:00:00,4,-0.5405334733508709,hourly
2019-07-04 15:00:00,2019-07-04 16:00:00,4,0.4042517719483269,hourly
2019-07-05 08:00:00,2019-07-05 09:00:00,4,0.5153985673803175,hourly
2019-07-05 11:00:00,2019-07-05 12:00:00,4,0.25438143262407503,hourly
2019-07-06 13:00:00,2019-07-06 14:00:00,4,0.4243877192953186,hourly
2019-07-07 11:00:00,2019-07-07 12:00:00,4,0.2561426730903797,hourly
2019-07-07 12:00:00,2019-07-07 13:00:00,4,-0.37248084049880387,hourly
2019-07-07 13:00:00,2019-07-07 14:00:00,4,-0.41047773526628795,hourly
2019-07-07 15:00:00,2019-07-07 16:00:00,4,0.58140935577087,hourly
2019-07-07 16:00:00,2019-07-07 17:00:00,4,0.463091496202961,hourly
2019-07-07 17:00:00,2019-07-07 18:00:00,4,-0.03332017139570507,hourly
2019-07-09 07:00:00,2019-07-09 08:00:00,4,-0.682685662279789,hourly
2019-07-09 12:00:00,2019-07-09 13:00:00,4,0.5706991113269458,hourly
2019-07-09 14:00:00,2019-07-09 15:00:00,4,0.5331582771336073,hourly
2019-07-09 16:00:00,2019-07-09 17:00:00,4,-0.3744271350613797,hourly
2019-07-10 07:00:00,2019-07-10 08:00:00,4,0.5743075450646682,hourly
2019-07-10 11:00:00,2019-07-10 12:00:00,4,-0.43560667596216285,hourly
2019-07-10 12:00:00,2019-07-10 13:00:00,4,-0.5650273445048176,hourly
2019-07-11 11:00:00,2019-07-11 12:00:00,4,0.13776535449230884,hourly
2019-07-11 12:00:00,2019-07-11 13:00:00,4,0.13065045502363587,hourly
2019-07-11 13:00:00,2019-07-11 14:00:00,4,0.4235163949466785,hourly
2019-07-13 13:00:00,2019-07-13 14:00:00,4,0.4581005163471483,hourly
2019-07-13 14:00:00,2019-07-13 15:00:00,4,0.4606753368789847,hourly
2019-07-13 16:00:00,2019-07-13 17:00:00,4,-0.31181758382451197,hourly
2019-07-13 17:00:00,2019-07-13 18:00:00,4,0.37388279614193376,hourly
2019-07-15 10:00:00,2019-07-15 11:00:00,4,0.26366474357470904,hourly
2019-07-15 13:00:00,2019-07-15 14:00:00,4,0.45512603903482435,hourly
2019-07-15 15:00:00,2019-07-15 16:00:00,4,0.545209026605307,hourly
2019-07-15 16:00:00,2019-07-15 17:00:00,4,0.5523736136877562,hourly
2019-07-16 12:00:00,2019-07-16 13:00:00,4,0.42892600642337503,hourly
2019-07-17 15:00:00,2019-07-17 16:00:00,4,0.5995223794502921,hourly
2019-07-18 14:00:00,2019-07-18 15:00:00,4,0.5540907404500743,hourly
2019-07-18 16:00:00,2019-07-18 17:00:00,4,-0.3975588171267164,hourly
2019-07-18 17:00:00,2019-07-18 18:00:00,4,-0.35782718941016456,hourly
2019-07-18 18:00:00,2019-07-18 19:00:00,4,0.4767551851866529,hourly
2019-07-19 13:00:00,2019-07-19 14:00:00,4,0.21135839837452267,hourly
2019-07-19 15:00:00,2019-07-19 16:00:00,4,0.2624198729643967,hourly
2019-07-20 14:00:00,2019-07-20 15:00:00,4,-0.20217112958538816,hourly
2019-07-21 10:00:00,2019-07-21 11:00:00,4,0.3768418280131839,hourly
2019-07-21 12:00:00,2019-07-21 13:00:00,4,-0.7008444822704426,hourly
2019-07-21 13:00:00,2019-07-21 14:00:00,4,-0.25377513629174225,hourly
2019-07-21 14:00:00,2019-07-21 15:00:00,4,0.0640692855540604,hourly
2019-07-21 15:00:00,2019-07-21 16:00:00,4,-0.42714589934871827,hourly
2019-07-22 08:00:00,2019-07-22 09:00:00,4,0.35113988064818646,hourly
2019-07-22 09:00:00,2019-07-22 10:00:00,4,0.26413054688544346,hourly
2019-07-22 15:00:00,2019-07-22 16:00:00,4,-0.5663607362671151,hourly
2019-07-22 17:00:00,2019-07-22 18:00:00,4,-0.06313423645886658,hourly
2019-07-23 08:00:00,2019-07-23 09:00:00,4,0.23105408156091473,hourly
2019-07-23 11:00:00,2019-07-23 12:00:00,4,-0.7758644736636352,hourly
2019-07-23 14:00:00,2019-07-23 15:00:00,4,-0.9430567338476847,hourly
2019-07-23 15:00:00,2019-07-23 16:00:00,4,0.4911393682377666,hourly
2019-07-24 10:00:00,2019-07-24 11:00:00,4,0.2166672977604467,hourly
2019-07-24 11:00:00,2019-07-24 12:00:00,4,0.18966963535244422,hourly
2019-07-24 14:00:00,2019-07-24 15:00:00,4,-0.8786157455829803,hourly
2019-07-25 13:00:00,2019-07-25 14:00:00,4,0.150765868518442,hourly
2019-07-28 14:00:00,2019-07-28 15:00:00,4,-0.8664780730694699,hourly
2019-07-28 15:00:00,2019-07-28 16:00:00,4,0.569205874116858,hourly
2019-07-28 17:00:00,2019-07-28 18:00:00,4,0.4343643601295858,hourly
2019-07-30 11:00:00,2019-07-30 12:00:00,4,-0.6484222265664252,hourly
2019-07-30 12:00:00,2019-07-30 13:00:00,4,0.5330252672419546,hourly
2019-07-31 12:00:00,2019-07-31 13:00:00,4,0.5059076974954106,hourly
2019-07-31 14:00:00,2019-07-31 15:00:00,4,0.5540695189217526,hourly
2019-07-31 15:00:00,2019-07-31 16:00:00,4,-0.947627894554767,hourly
2019-07-31 17:00:00,2019-07-31 18:00:00,4,-0.12034279281843403,hourly
2019-07-31 18:00:00,2019-07-31 19:00:00,4,0.4416314499869787,hourly
2019-08-01 11:00:00,2019-08-01 12:00:00,4,0.4946030124592917,hourly
2019-08-01 13:00:00,2019-08-01 14:00:00,4,0.5362615991148054,hourly
2019-08-01 14:00:00,2019-08-01 15:00:00,4,0.07484292866839364,hourly
2019-08-02 14:00:00,2019-08-02 15:00:00,4,0.11976512734600611,hourly
2019-08-02 18:00:00,2019-08-02 19:00:00,4,-0.8227956083372127,hourly
2019-08-03 14:00:00,2019-08-03 15:00:00,4,0.23474385218866178,hourly
2019-08-04 11:00:00,2019-08-04 12:00:00,4,-0.6928860087656038,hourly
2019-08-04 12:00:00,2019-08-04 13:00:00,4,-0.49378143072709124,hourly
2019-08-05 11:00:00,2019-08-05 12:00:00,4,0.40351673720034476,hourly
2019-08-05 14:00:00,2019-08-05 15:00:00,4,0.16645830684902424,hourly
2019-08-05 15:00:00,2019-08-05 16:00:00,4,-0.8718099928704289,hourly
2019-08-07 15:00:00,2019-08-07 16:00:00,4,0.4657849046666441,hourly
2019-08-08 15:00:00,2019-08-08 16:00:00,4,0.302165833827061,hourly
2019-08-08 16:00:00,2019-08-08 17:00:00,4,-0.2959473011409837,hourly
2019-08-14 13:00:00,2019-08-14 14:00:00,4,-0.3447602763337259,hourly
2019-08-14 14:00:00,2019-08-14 15:00:00,4,0.4582784581466134,hourly
2019-08-15 13:00:00,2019-08-15 14:00:00,4,-0.47998036187302767,hourly
2019-08-15 14:00:00,2019-08-15 15:00:00,4,0.41355111277139145,hourly
2019-08-16 12:00:00,2019-08-16 13:00:00,4,-0.5513889869760538,hourly
2019-08-16 13:00:00,2019-08-16 14:00:00,4,-0.06640450988786735,hourly
2019-08-16 14:00:00,2019-08-16 15:00:00,4,0.18986347744554355,hourly
2019-08-16 15:00:00,2019-08-16 16:00:00,4,-0.5575908616256051,hourly
2019-08-17 10:00:00,2019-08-17 11:00:00,4,0.456476018089012,hourly
2019-08-17 11:00:00,2019-08-17 12:00:00,4,0.5660807229454454,hourly
2019-08-17 15:00:00,2019-08-17 16:00:00,4,-0.025136634897759295,hourly
2019-08-17 16:00:00,2019-08-17 17:00:00,4,0.42560365716967896,hourly
2019-08-18 14:00:00,2019-08-18 15:00:00,4,-0.7488197121576687,hourly
2019-08-19 14:00:00,2019-08-19 15:00:00,4,-0.5033115622425803,hourly
2019-08-19 15:00:00,2019-08-19 16:00:00,4,-0.750773786523989,hourly
2019-08-19 16:00:00,2019-08-19 17:00:00,4,-0.10706330016989052,hourly
2019-08-20 14:00:00,2019-08-20 15:00:00,4,-0.6023314838456294,hourly
2019-08-21 11:00:00,2019-08-21 12:00:00,4,0.12922790124483682,hourly
2019-08-21 16:00:00,2019-08-21 17:00:00,4,-0.003450339799306361,hourly
2019-08-22 10:00:00,2019-08-22 11:00:00,4,-0.6525466634076433,hourly
2019-08-22 11:00:00,2019-08-22 12:00:00,4,-0.06330504683056878,hourly
2019-08-22 13:00:00,2019-08-22 14:00:00,4,-0.05719077944294623,hourly
2019-08-22 14:00:00,2019-08-22 15:00:00,4,-0.17778350477609825,hourly
2019-08-22 15:00:00,2019-08-22 16:00:00,4,0.26422961392946986,hourly
2019-08-22 16:00:00,2019-08-22 17:00:00,4,0.5061837679471457,hourly
2019-08-22 17:00:00,2019-08-22 18:00:00,4,0.48022664784471836,hourly
2019-08-23 12:00:00,2019-08-23 13:00:00,4,-0.8618972281694621,hourly
2019-08-23 13:00:00,2019-08-23 14:00:00,4,0.20113986510964185,hourly
2019-08-23 14:00:00,2019-08-23 15:00:00,4,-0.14355631471169666,hourly
2019-08-24 15:00:00,2019-08-24 16:00:00,4,-0.17123356621601368,hourly
2019-08-25 11:00:00,2019-08-25 12:00:00,4,0.06309958385403826,hourly
2019-08-25 12:00:00,2019-08-25 13:00:00,4,-0.03402236790512877,hourly
2019-08-25 14:00:00,2019-08-25 15:00:00,4,-0.20074377852221703,hourly
2019-08-25 15:00:00,2019-08-25 16:00:00,4,0.3776755915440994,hourly
2019-08-25 16:00:00,2019-08-25 17:00:00,4,0.2865135174331232,hourly
2019-08-26 11:00:00,2019-08-26 12:00:00,4,-0.23635625535255197,hourly
2019-08-26 13:00:00,2019-08-26 14:00:00,4,0.3359409331437652,hourly
2019-08-26 14:00:00,2019-08-26 15:00:00,4,0.3984165834739841,hourly
2019-08-26 15:00:00,2019-08-26 16:00:00,4,-0.5776431463901968,hourly
2019-08-27 14:00:00,2019-08-27 15:00:00,4,-0.3604441442200826,hourly
2019-08-28 13:00:00,2019-08-28 14:00:00,4,-0.4360870129734076,hourly
2019-08-28 14:00:00,2019-08-28 15:00:00,4,-0.06855228650398758,hourly
2019-08-28 15:00:00,2019-08-28 16:00:00,4,-0.5036448803262339,hourly
2019-08-29 11:00:00,2019-08-29 12:00:00,4,0.35249934338706196,hourly
2019-08-29 15:00:00,2019-08-29 16:00:00,4,-0.22088497045827593,hourly
2019-08-29 16:00:00,2019-08-29 17:00:00,4,0.3815974846484174,hourly
2019-08-29 17:00:00,2019-08-29 18:00:00,4,0.5571341110999352,hourly
2019-08-29 18:00:00,2019-08-29 19:00:00,4,-0.00317425935175717,hourly
2019-08-30 14:00:00,2019-08-30 15:00:00,4,-0.8668207880595571,hourly
2019-08-31 13:00:00,2019-08-31 14:00:00,4,0.510969172216205,hourly
2019-08-31 14:00:00,2019-08-31 15:00:00,4,0.43717065239995134,hourly
2019-09-01 11:00:00,2019-09-01 12:00:00,4,-0.38581942929591606,hourly
2019-09-02 13:00:00,2019-09-02 14:00:00,4,-0.9278222463559062,hourly
2019-09-02 14:00:00,2019-09-02 15:00:00,4,0.3524124351119662,hourly
2019-09-03 12:00:00,2019-09-03 13:00:00,4,-0.08698656601610123,hourly
2019-09-03 13:00:00,2019-09-03 14:00:00,4,0.39280529069917014,hourly
2019-09-03 15:00:00,2019-09-03 16:00:00,4,-0.34722264059667984,hourly
2019-09-03 16:00:00,2019-09-03 17:00:00,4,-0.9796148986511075,hourly
2019-09-04 12:00:00,2019-09-04 13:00:00,4,0.5521035130779838,hourly
2019-09-04 13:00:00,2019-09-04 14:00:00,4,0.38833378712726113,hourly
2019-09-05 11:00:00,2019-09-05 12:00:00,4,-0.7988910994551589,hourly
2019-09-05 12:00:00,2019-09-05 13:00:00,4,-0.39287728173674763,hourly
2019-09-05 14:00:00,2019-09-05 15:00:00,4,-0.8237911256157836,hourly
2019-09-06 13:00:00,2019-09-06 14:00:00,4,-0.9845469582759537,hourly
2019-09-06 14:00:00,2019-09-06 15:00:00,4,-0.7247359424988103,hourly
2019-09-08 13:00:00,2019-09-08 14:00:00,4,0.5345409483656596,hourly
2019-09-10 14:00:00,2019-09-10 15:00:00,4,0.48570174764753193,hourly
2019-09-11 10:00:00,2019-09-11 11:00:00,4,0.5799611566947609,hourly
2019-09-11 11:00:00,2019-09-11 12:00:00,4,0.5272926931488361,hourly
2019-09-11 13:00:00,2019-09-11 14:00:00,4,-0.45310392300641966,hourly
2019-09-11 14:00:00,2019-09-11 15:00:00,4,-0.42061371438547523,hourly
2019-09-12 12:00:00,2019-09-12 13:00:00,4,-0.6813733714785161,hourly
2019-09-12 13:00:00,2019-09-12 14:00:00,4,-0.793754629561645,hourly
2019-09-12 14:00:00,2019-09-12 15:00:00,4,-0.14449052170291166,hourly
2019-09-13 13:00:00,2019-09-13 14:00:00,4,-0.03173800324470767,hourly
2019-09-14 09:00:00,2019-09-14 10:00:00,4,0.3086515193776214,hourly
2019-09-14 12:00:00,2019-09-14 13:00:00,4,-0.4446993725332982,hourly
2019-09-14 13:00:00,2019-09-14 14:00:00,4,-0.9687052674204837,hourly
2019-09-14 14:00:00,2019-09-14 15:00:00,4,0.3591768513021902,hourly
2019-09-15 13:00:00,2019-09-15 14:00:00,4,-0.16713541011872432,hourly
2019-09-16 13:00:00,2019-09-16 14:00:00,4,0.46432810457850093,hourly
2019-09-17 12:00:00,2019-09-17 13:00:00,4,-0.863334365772399,hourly
2019-09-17 13:00:00,2019-09-17 14:00:00,4,0.4416899476308852,hourly
2019-09-18 16:00:00,2019-09-18 17:00:00,4,-0.4748782885367995,hourly
2019-09-18 17:00:00,2019-09-18 18:00:00,4,0.2385484018820966,hourly
2019-09-19 10:00:00,2019-09-19 11:00:00,4,-0.9382820916586122,hourly
2019-09-19 12:00:00,2019-09-19 13:00:00,4,-0.8513167438170214,hourly
2019-09-19 13:00:00,2019-09-19 14:00:00,4,-0.6820275586678523,hourly
2019-09-19 14:00:00,2019-09-19 15:00:00,4,-0.496356831341183,hourly
2019-09-19 15:00:00,2019-09-19 16:00:00,4,-0.9283848501430485,hourly
2019-09-19 16:00:00,2019-09-19 17:00:00,4,-0.3542591417338393,hourly
2019-09-20 12:00:00,2019-09-20 13:00:00,4,-0.04909865574741655,hourly
2019-09-20 14:00:00,2019-09-20 15:00:00,4,0.43034348394002836,hourly
2019-09-21 14:00:00,2019-09-21 15:00:00,4,-0.026047681277768946,hourly
2019-09-21 17:00:00,2019-09-21 18:00:00,4,0.015840322954781293,hourly
2019-09-22 16:00:00,2019-09-22 17:00:00,4,-0.32036696000878584,hourly
2019-09-23 10:00:00,2019-09-23 11:00:00,4,-0.3625081650619319,hourly
2019-09-23 12:00:00,2019-09-23 13:00:00,4,0.14417011765882212,hourly
2019-09-23 13:00:00,2019-09-23 14:00:00,4,0.25442876423719285,hourly
2019-09-27 10:00:00,2019-09-27 11:00:00,4,-0.7944888680666802,hourly
2019-09-27 11:00:00,2019-09-27 12:00:00,4,-0.8786606557251447,hourly
2019-09-27 12:00:00,2019-09-27 13:00:00,4,-0.44847331633216864,hourly
2019-09-27 13:00:00,2019-09-27 14:00:00,4,-0.43700971046365084,hourly
2019-09-27 14:00:00,2019-09-27 15:00:00,4,-0.27385881430442066,hourly
2019-09-27 15:00:00,2019-09-27 16:00:00,4,-0.7510945352558027,hourly
2019-09-28 10:00:00,2019-09-28 11:00:00,4,0.2208980938362797,hourly
2019-09-28 11:00:00,2019-09-28 12:00:00,4,-0.6320498335282196,hourly
2019-09-28 13:00:00,2019-09-28 14:00:00,4,-0.6518896590618046,hourly
2019-09-28 15:00:00,2019-09-28 16:00:00,4,-0.8636828890942118,hourly
2019-09-29 10:00:00,2019-09-29 11:00:00,4,0.0662619764387848,hourly
2019-09-29 11:00:00,2019-09-29 12:00:00,4,0.5716223495653084,hourly
2019-09-30 10:00:00,2019-09-30 11:00:00,4,-0.4729545288195075,hourly
2019-09-30 11:00:00,2019-09-30 12:00:00,4,-0.9735825184395003,hourly
2019-09-30 13:00:00,2019-09-30 14:00:00,4,-0.7972006169223081,hourly
2019-09-30 16:00:00,2019-09-30 17:00:00,4,-0.5701970242100705,hourly
2019-09-30 17:00:00,2019-09-30 18:00:00,4,-0.8025275496229193,hourly
2019-10-01 10:00:00,2019-10-01 11:00:00,4,-0.7024212177278736,hourly
2019-10-01 13:00:00,2019-10-01 14:00:00,4,0.4810245878232063,hourly
2019-10-01 14:00:00,2019-10-01 15:00:00,4,-0.06929279197163561,hourly
2019-10-01 15:00:00,2019-10-01 16:00:00,4,-0.5529089869430077,hourly
2019-10-01 16:00:00,2019-10-01 17:00:00,4,-0.9613070496048333,hourly
2019-10-02 11:00:00,2019-10-02 12:00:00,4,0.49612085239085824,hourly
2019-10-04 13:00:00,2019-10-04 14:00:00,4,-0.5292999602443303,hourly
2019-10-04 16:00:00,2019-10-04 17:00:00,4,0.5335225126536594,hourly
2019-10-05 13:00:00,2019-10-05 14:00:00,4,0.21825192590447334,hourly
2019-10-05 14:00:00,2019-10-05 15:00:00,4,0.526133297849397,hourly
2019-10-06 13:00:00,2019-10-06 14:00:00,4,-0.1934514953200787,hourly
2019-10-08 13:00:00,2019-10-08 14:00:00,4,0.39633605986916887,hourly
2019-10-08 15:00:00,2019-10-08 16:00:00,4,0.0345843672166609,hourly
2019-10-09 12:00:00,2019-10-09 13:00:00,4,0.4770453467360953,hourly
2019-10-09 13:00:00,2019-10-09 14:00:00,4,-0.24577671698744616,hourly
2019-10-09 14:00:00,2019-10-09 15:00:00,4,-0.6125746251888506,hourly
2019-10-09 15:00:00,2019-10-09 16:00:00,4,-0.26919933219292375,hourly
2019-10-11 11:00:00,2019-10-11 12:00:00,4,0.40685347953179773,hourly
2019-10-11 12:00:00,2019-10-11 13:00:00,4,0.10757664090101494,hourly
2019-10-11 13:00:00,2019-10-11 14:00:00,4,-0.9054528032125696,hourly
2019-10-11 14:00:00,2019-10-11 15:00:00,4,-0.9141711730254238,hourly
2019-10-12 13:00:00,2019-10-12 14:00:00,4,-0.06935891220935295,hourly
2019-10-12 14:00:00,2019-10-12 15:00:00,4,-0.47508986864305414,hourly
2019-10-12 15:00:00,2019-10-12 16:00:00,4,-0.507692188712884,hourly
2019-10-12 16:00:00,2019-10-12 17:00:00,4,-0.3586345724675487,hourly
2019-10-13 12:00:00,2019-10-13 13:00:00,4,0.4449978080300427,hourly
2019-10-13 13:00:00,2019-10-13 14:00:00,4,-0.4411144047585846,hourly
2019-10-13 16:00:00,2019-10-13 17:00:00,4,0.16487514069905845,hourly
2019-10-16 09:00:00,2019-10-16 10:00:00,4,0.08110900302539668,hourly
2019-10-16 11:00:00,2019-10-16 12:00:00,4,0.36353631367061817,hourly
2019-10-16 12:00:00,2019-10-16 13:00:00,4,0.15406953149058428,hourly
2019-10-16 16:00:00,2019-10-16 17:00:00,4,0.26936451294884944,hourly
2019-10-17 13:00:00,2019-10-17 14:00:00,4,0.05304074491880718,hourly
2019-10-18 11:00:00,2019-10-18 12:00:00,4,0.10693026860454183,hourly
2019-10-18 12:00:00,2019-10-18 13:00:00,4,-0.9207321120095102,hourly
2019-10-18 14:00:00,2019-10-18 15:00:00,4,-0.6607302139628967,hourly
2019-10-21 13:00:00,2019-10-21 14:00:00,4,0.43806273094139747,hourly
2019-10-22 11:00:00,2019-10-22 12:00:00,4,-0.779847910340965,hourly
2019-10-25 13:00:00,2019-10-25 14:00:00,4,-0.3329867845685764,hourly
2019-10-26 13:00:00,2019-10-26 14:00:00,4,0.4681735214706792,hourly
2019-10-27 14:00:00,2019-10-27 15:00:00,4,0.3401805748244641,hourly
2019-10-29 15:00:00,2019-10-29 16:00:00,4,-0.8819629505153092,hourly
2019-10-30 13:00:00,2019-10-30 14:00:00,4,0.1830580756234127,hourly
2019-11-01 13:00:00,2019-11-01 14:00:00,4,-0.22717193293333937,hourly
2019-11-03 15:00:00,2019-11-03 16:00:00,4,-0.055183954109460386,hourly
2019-11-04 10:00:00,2019-11-04 11:00:00,4,0.5982941429837291,hourly
2019-11-04 12:00:00,2019-11-04 13:00:00,4,0.5047955324411105,hourly
2019-11-05 13:00:00,2019-11-05 14:00:00,4,0.5766515879358436,hourly
2019-11-05 16:00:00,2019-11-05 17:00:00,4,0.38486856526186325,hourly
2019-11-06 13:00:00,2019-11-06 14:00:00,4,-0.3471096566294104,hourly
2019-11-06 14:00:00,2019-11-06 15:00:00,4,0.12704920275856788,hourly
2019-11-07 11:00:00,2019-11-07 12:00:00,4,-0.7920328776737148,hourly
2019-11-07 13:00:00,2019-11-07 14:00:00,4,0.5340976483025149,hourly
2019-11-07 16:00:00,2019-11-07 17:00:00,4,0.5810401554454929,hourly
2019-11-08 13:00:00,2019-11-08 14:00:00,4,-0.003862549077426635,hourly
2019-11-08 15:00:00,2019-11-08 16:00:00,4,-0.5297311627259641,hourly
2019-11-09 12:00:00,2019-11-09 13:00:00,4,-0.8970686859999362,hourly
2019-11-09 13:00:00,2019-11-09 14:00:00,4,0.3822887860657376,hourly
2019-11-09 15:00:00,2019-11-09 16:00:00,4,-0.9640062175764744,hourly
2019-11-09 16:00:00,2019-11-09 17:00:00,4,-0.5793562558243207,hourly
2019-11-11 10:00:00,2019-11-11 11:00:00,4,0.5762774115332168,hourly
2019-11-12 11:00:00,2019-11-12 12:00:00,4,0.3646935151594757,hourly
2019-11-12 13:00:00,2019-11-12 14:00:00,4,0.1762691395287257,hourly
2019-11-12 15:00:00,2019-11-12 16:00:00,4,-0.4415542351521504,hourly
2019-11-14 13:00:00,2019-11-14 14:00:00,4,0.516935661718789,hourly
2019-11-15 10:00:00,2019-11-15 11:00:00,4,0.5405606849359206,hourly
2019-11-15 11:00:00,2019-11-15 12:00:00,4,0.4327314428451768,hourly
2019-11-15 13:00:00,2019-11-15 14:00:00,4,-0.09573726171166465,hourly
2019-11-15 14:00:00,2019-11-15 15:00:00,4,-0.23085771707622313,hourly
2019-11-16 11:00:00,2019-11-16 12:00:00,4,0.5124012921365416,hourly
2019-11-16 12:00:00,2019-11-16 13:00:00,4,0.24049955765209255,hourly
2019-11-16 13:00:00,2019-11-16 14:00:00,4,0.5308396932703783,hourly
2019-11-16 16:00:00,2019-11-16 17:00:00,4,0.30329339099494074,hourly
2019-11-17 13:00:00,2019-11-17 14:00:00,4,-0.6965178471529824,hourly
2019-11-21 13:00:00,2019-11-21 14:00:00,4,-0.21660327388688902,hourly
2019-11-22 13:00:00,2019-11-22 14:00:00,4,-0.7844705396045294,hourly
2019-11-22 15:00:00,2019-11-22 16:00:00,4,-0.7617811048962362,hourly
2019-11-22 16:00:00,2019-11-22 17:00:00,4,-0.0686939062881785,hourly
2019-11-23 11:00:00,2019-11-23 12:00:00,4,-0.9553292180272346,hourly
2019-11-23 12:00:00,2019-11-23 13:00:00,4,-0.9787953586442867,hourly
2019-11-23 13:00:00,2019-11-23 14:00:00,4,-0.3660608809506841,hourly
2019-11-23 14:00:00,2019-11-23 15:00:00,4,-0.651298520014264,hourly
2019-11-23 15:00:00,2019-11-23 16:00:00,4,0.18026630027844937,hourly
2019-11-24 12:00:00,2019-11-24 13:00:00,4,-0.43771306306252095,hourly
2019-11-24 15:00:00,2019-11-24 16:00:00,4,-0.9334481751332449,hourly
2019-11-25 12:00:00,2019-11-25 13:00:00,4,0.00524729706723904,hourly
2019-11-25 13:00:00,2019-11-25 14:00:00,4,-0.20682053720010732,hourly
2019-11-26 12:00:00,2019-11-26 13:00:00,4,-0.07406535843130274,hourly
2019-11-27 12:00:00,2019-11-27 13:00:00,4,0.38254896699936874,hourly
2019-11-28 11:00:00,2019-11-28 12:00:00,4,-0.3205010947940505,hourly
2019-12-02 13:00:00,2019-12-02 14:00:00,4,0.21932000780317515,hourly
2019-12-04 13:00:00,2019-12-04 14:00:00,4,-0.4315734751663827,hourly
2019-12-04 14:00:00,2019-12-04 15:00:00,4,-0.9892333892755864,hourly
2019-12-05 13:00:00,2019-12-05 14:00:00,4,0.4510217221029313,hourly
2019-12-05 15:00:00,2019-12-05 16:00:00,4,0.2792037729622601,hourly
2019-12-06 11:00:00,2019-12-06 12:00:00,4,0.5778486376422726,hourly
2019-12-06 14:00:00,2019-12-06 15:00:00,4,-0.9769545849689228,hourly
2019-12-07 11:00:00,2019-12-07 12:00:00,4,0.2349756301510231,hourly
2019-12-07 12:00:00,2019-12-07 13:00:00,4,0.3417301916766694,hourly
2019-12-07 13:00:00,2019-12-07 14:00:00,4,0.5671876978444477,hourly
2019-12-07 15:00:00,2019-12-07 16:00:00,4,0.1567358851210849,hourly
2019-12-09 13:00:00,2019-12-09 14:00:00,4,-0.15368953486526216,hourly
2019-12-12 13:00:00,2019-12-12 14:00:00,4,0.5976138639789338,hourly
2019-12-17 14:00:00,2019-12-17 15:00:00,4,0.4907334803666584,hourly
2019-12-18 11:00:00,2019-12-18 12:00:00,4,0.10321205575079408,hourly
2019-12-18 13:00:00,2019-12-18 14:00:00,4,0.3572915009270996,hourly
2019-12-18 15:00:00,2019-12-18 16:00:00,4,-0.8959855371765552,hourly
2019-12-18 16:00:00,2019-12-18 17:00:00,4,0.02499198151330106,hourly
2019-12-19 13:00:00,2019-12-19 14:00:00,4,-0.5519715408661162,hourly
2019-12-19 14:00:00,2019-12-19 15:00:00,4,-0.8089568597640199,hourly
2019-12-19 16:00:00,2019-12-19 17:00:00,4,0.5663256005015113,hourly
2019-12-21 10:00:00,2019-12-21 11:00:00,4,-0.750854429492203,hourly
2019-12-21 14:00:00,2019-12-21 15:00:00,4,0.4754980236151063,hourly
2019-12-22 13:00:00,2019-12-22 14:00:00,4,-0.7760547725868367,hourly
2019-12-23 15:00:00,2019-12-23 16:00:00,4,0.2151400733007829,hourly
2019-12-23 16:00:00,2019-12-23 17:00:00,4,0.46614023711125396,hourly
2019-12-24 13:00:00,2019-12-24 14:00:00,4,0.48423933595664914,hourly
2019-12-25 11:00:00,2019-12-25 12:00:00,4,0.2557931495768709,hourly
2019-12-25 14:00:00,2019-12-25 15:00:00,4,0.5788919318056893,hourly
2019-12-26 12:00:00,2019-12-26 13:00:00,4,-0.4068678058353896,hourly
2019-12-26 13:00:00,2019-12-26 14:00:00,4,-0.9333462149553762,hourly
2019-12-26 14:00:00,2019-12-26 15:00:00,4,-0.9520754982295543,hourly
2019-12-27 12:00:00,2019-12-27 13:00:00,4,0.4413443212519956,hourly
2019-12-27 13:00:00,2019-12-27 14:00:00,4,-0.5596893034409854,hourly
2019-12-28 14:00:00,2019-12-28 15:00:00,4,0.5186414317898261,hourly
2019-12-29 12:00:00,2019-12-29 13:00:00,4,-0.004967584939963869,hourly
2019-12-29 16:00:00,2019-12-29 17:00:00,4,0.12160521547573931,hourly
2019-12-30 12:00:00,2019-12-30 13:00:00,4,-0.9389688762370119,hourly
2019-12-30 13:00:00,2019-12-30 14:00:00,4,0.49842199377901747,hourly
2019-12-30 14:00:00,2019-12-30 15:00:00,4,-0.2511988023351965,hourly
2019-12-30 15:00:00,2019-12-30 16:00:00,4,-0.8095213906215419,hourly
2019-12-30 16:00:00,2019-12-30 17:00:00,4,-0.8975178549042513,hourly
2019-12-31 11:00:00,2019-12-31 12:00:00,4,-0.253190973143827,hourly
2019-12-31 15:00:00,2019-12-31 16:00:00,4,0.45121608300206717,hourly
2020-01-01 09:00:00,2020-01-01 10:00:00,4,0.3105813516062905,hourly
2020-01-01 12:00:00,2020-01-01 13:00:00,4,0.11381147964992908,hourly
2020-01-02 14:00:00,2020-01-02 15:00:00,4,-0.18681356834173887,hourly
2020-01-02 15:00:00,2020-01-02 16:00:00,4,0.5451916636849509,hourly
2020-01-03 11:00:00,2020-01-03 12:00:00,4,0.531346448095989,hourly
2020-01-03 13:00:00,2020-01-03 14:00:00,4,0.5201697802979389,hourly
2020-01-03 14:00:00,2020-01-03 15:00:00,4,-0.8152340459276628,hourly
2020-01-03 15:00:00,2020-01-03 16:00:00,4,-0.03517304263300066,hourly
2020-01-04 15:00:00,2020-01-04 16:00:00,4,0.4284247964810101,hourly
2020-01-05 15:00:00,2020-01-05 16:00:00,4,0.3962053954708647,hourly
2020-01-06 12:00:00,2020-01-06 13:00:00,4,0.04778577985096659,hourly
2020-01-06 13:00:00,2020-01-06 14:00:00,4,0.4761206103365971,hourly
2020-01-06 17:00:00,2020-01-06 18:00:00,4,0.4391197252257675,hourly
2020-01-07 10:00:00,2020-01-07 11:00:00,4,0.5700358514907055,hourly
2020-01-07 13:00:00,2020-01-07 14:00:00,4,0.5885063365369607,hourly
2020-01-09 12:00:00,2020-01-09 13:00:00,4,0.49604641013686457,hourly
2020-01-09 13:00:00,2020-01-09 14:00:00,4,0.27240951056873636,hourly
2020-01-09 14:00:00,2020-01-09 15:00:00,4,-0.8793992416592361,hourly
2020-01-09 15:00:00,2020-01-09 16:00:00,4,0.3190939186622213,hourly
2020-01-10 12:00:00,2020-01-10 13:00:00,4,0.5477920492331542,hourly
2020-01-11 14:00:00,2020-01-11 15:00:00,4,0.039449212400427515,hourly
2020-01-13 09:00:00,2020-01-13 10:00:00,4,0.3865062312492256,hourly
2020-01-15 11:00:00,2020-01-15 12:00:00,4,0.5396552007058408,hourly
2020-01-15 13:00:00,2020-01-15 14:00:00,4,-0.6701241169282304,hourly
2020-01-15 14:00:00,2020-01-15 15:00:00,4,0.5819828337873535,hourly
2020-01-16 13:00:00,2020-01-16 14:00:00,4,0.10927374544196428,hourly
2020-01-16 14:00:00,2020-01-16 15:00:00,4,-0.03134119178698465,hourly
2020-01-16 15:00:00,2020-01-16 16:00:00,4,0.30092751893080216,hourly
2020-01-16 16:00:00,2020-01-16 17:00:00,4,0.5810460670060361,hourly
2020-01-17 13:00:00,2020-01-17 14:00:00,4,0.48842186768539453,hourly
2020-01-17 14:00:00,2020-01-17 15:00:00,4,0.2992681452347516,hourly
2020-01-17 15:00:00,2020-01-17 16:00:00,4,0.502052360616018,hourly
2020-01-17 16:00:00,2020-01-17 17:00:00,4,-0.678803170098562,hourly
2020-01-18 10:00:00,2020-01-18 11:00:00,4,0.16039667752329648,hourly
2020-01-18 11:00:00,2020-01-18 12:00:00,4,-0.6607559148403965,hourly
2020-01-18 14:00:00,2020-01-18 15:00:00,4,-0.6284620640877904,hourly
2020-01-18 15:00:00,2020-01-18 16:00:00,4,0.49567742524215225,hourly
2020-01-19 11:00:00,2020-01-19 12:00:00,4,-0.12693233710775353,hourly
2020-01-19 13:00:00,2020-01-19 14:00:00,4,-0.8126944712701281,hourly
2020-01-19 15:00:00,2020-01-19 16:00:00,4,0.5433935432995904,hourly
2020-01-19 16:00:00,2020-01-19 17:00:00,4,-0.629967814721843,hourly
2020-01-20 13:00:00,2020-01-20 14:00:00,4,0.447567780065239,hourly
2020-01-20 14:00:00,2020-01-20 15:00:00,4,-0.35384089912225875,hourly
2020-01-21 11:00:00,2020-01-21 12:00:00,4,0.3740107904493275,hourly
2020-01-21 12:00:00,2020-01-21 13:00:00,4,0.08111323237398688,hourly
2020-01-22 13:00:00,2020-01-22 14:00:00,4,-0.31685426958770196,hourly
2020-01-23 14:00:00,2020-01-23 15:00:00,4,-0.19628938001037521,hourly
2020-01-24 13:00:00,2020-01-24 14:00:00,4,-0.9419104566642392,hourly
2020-01-24 15:00:00,2020-01-24 16:00:00,4,0.1292834043963697,hourly
2020-01-25 13:00:00,2020-01-25 14:00:00,4,-0.41393534350118383,hourly
2020-01-26 17:00:00,2020-01-26 18:00:00,4,0.5701920346450752,hourly
2020-02-01 13:00:00,2020-02-01 14:00:00,4,-0.9611376868837407,hourly
2020-02-01 14:00:00,2020-02-01 15:00:00,4,-0.6800344074991093,hourly
2020-02-02 13:00:00,2020-02-02 14:00:00,4,-0.960686363152864,hourly
2020-02-02 15:00:00,2020-02-02 16:00:00,4,-0.7678972619009704,hourly
2020-02-04 13:00:00,2020-02-04 14:00:00,4,0.37821326276247486,hourly
2020-02-04 14:00:00,2020-02-04 15:00:00,4,0.47759574233136204,hourly
2020-02-09 12:00:00,2020-02-09 13:00:00,4,-0.9990505168125231,hourly
2020-02-09 13:00:00,2020-02-09 14:00:00,4,-0.9986003828772607,hourly
2020-02-09 14:00:00,2020-02-09 15:00:00,4,0.31337120561162,hourly
2020-02-09 15:00:00,2020-02-09 16:00:00,4,-0.9527937790026338,hourly
2020-02-09 16:00:00,2020-02-09 17:00:00,4,-0.9449140268990615,hourly
2020-02-10 12:00:00,2020-02-10 13:00:00,4,-0.9823103828112483,hourly
2020-02-10 13:00:00,2020-02-10 14:00:00,4,-0.9969546582744242,hourly
2020-02-10 14:00:00,2020-02-10 15:00:00,4,-0.1794828968942777,hourly
2020-02-10 15:00:00,2020-02-10 16:00:00,4,-0.9508369259468716,hourly
2020-02-10 16:00:00,2020-02-10 17:00:00,4,0.3512825373180808,hourly
2020-02-11 13:00:00,2020-02-11 14:00:00,4,-0.15953012795820426,hourly
2020-02-11 14:00:00,2020-02-11 15:00:00,4,0.29143985968934577,hourly
2020-02-11 17:00:00,2020-02-11 18:00:00,4,0.39516665979191995,hourly
2020-02-12 11:00:00,2020-02-12 12:00:00,4,-0.8313496248103589,hourly
2020-02-12 12:00:00,2020-02-12 13:00:00,4,-0.011729820499078987,hourly
2020-02-12 15:00:00,2020-02-12 16:00:00,4,-0.1002597712575667,hourly
2020-02-12 16:00:00,2020-02-12 17:00:00,4,-0.9736549370363059,hourly
2020-02-13 11:00:00,2020-02-13 12:00:00,4,-0.9141802622218628,hourly
2020-02-13 12:00:00,2020-02-13 13:00:00,4,-0.9937113710359359,hourly
2020-02-13 13:00:00,2020-02-13 14:00:00,4,-0.4461670282458308,hourly
2020-02-13 15:00:00,2020-02-13 16:00:00,4,-0.8587810730784823,hourly
2020-02-13 16:00:00,2020-02-13 17:00:00,4,-0.9220423034785405,hourly
2020-02-14 11:00:00,2020-02-14 12:00:00,4,-0.977134337557663,hourly
2020-02-14 12:00:00,2020-02-14 13:00:00,4,-0.6188108162598897,hourly
2020-02-14 13:00:00,2020-02-14 14:00:00,4,-0.814365005514528,hourly
2020-02-14 15:00:00,2020-02-14 16:00:00,4,-0.9944275399740408,hourly
2020-02-14 16:00:00,2020-02-14 17:00:00,4,-0.5356255660410532,hourly
2020-02-14 17:00:00,2020-02-14 18:00:00,4,-0.679276442524063,hourly
2020-02-15 11:00:00,2020-02-15 12:00:00,4,-0.9272066297636772,hourly
2020-02-15 12:00:00,2020-02-15 13:00:00,4,-0.8491027410469649,hourly
2020-02-15 13:00:00,2020-02-15 14:00:00,4,-0.9798424569278938,hourly
2020-02-15 16:00:00,2020-02-15 17:00:00,4,-0.9987917869077999,hourly
2020-02-15 17:00:00,2020-02-15 18:00:00,4,-0.37487871536140166,hourly
2020-02-17 13:00:00,2020-02-17 14:00:00,4,0.2554555895063318,hourly
2020-02-17 15:00:00,2020-02-17 16:00:00,4,0.3526572276405695,hourly
2020-02-19 13:00:00,2020-02-19 14:00:00,4,0.5625439504630174,hourly
2020-02-19 14:00:00,2020-02-19 15:00:00,4,0.3941379886157678,hourly
2020-02-19 15:00:00,2020-02-19 16:00:00,4,-0.3994777024149743,hourly
2020-02-20 14:00:00,2020-02-20 15:00:00,4,-0.35125927357495507,hourly
2020-02-20 15:00:00,2020-02-20 16:00:00,4,-0.7652215051927088,hourly
2020-02-20 16:00:00,2020-02-20 17:00:00,4,-0.053983988698813885,hourly
2020-02-21 11:00:00,2020-02-21 12:00:00,4,-0.9953538785313985,hourly
2020-02-21 12:00:00,2020-02-21 13:00:00,4,-0.9948952666621217,hourly
2020-02-21 15:00:00,2020-02-21 16:00:00,4,-0.986175057916268,hourly
2020-02-21 16:00:00,2020-02-21 17:00:00,4,-0.9605143286233572,hourly
2020-02-22 11:00:00,2020-02-22 12:00:00,4,-0.868462357646667,hourly
2020-02-22 12:00:00,2020-02-22 13:00:00,4,0.5752680961896081,hourly
2020-02-22 14:00:00,2020-02-22 15:00:00,4,-0.7197786811400823,hourly
2020-02-22 15:00:00,2020-02-22 16:00:00,4,-0.8537288342395029,hourly
2020-02-23 11:00:00,2020-02-23 12:00:00,4,-0.9805968853831951,hourly
2020-02-23 12:00:00,2020-02-23 13:00:00,4,-0.9040425656822969,hourly
2020-02-23 15:00:00,2020-02-23 16:00:00,4,-0.07029014008365256,hourly
2020-02-23 16:00:00,2020-02-23 17:00:00,4,0.5527310483201334,hourly
2020-02-24 13:00:00,2020-02-24 14:00:00,4,0.373996170903797,hourly
2020-02-24 14:00:00,2020-02-24 15:00:00,4,-0.4206282164989528,hourly
2020-02-24 15:00:00,2020-02-24 16:00:00,4,-0.7102229326644762,hourly
2020-02-26 11:00:00,2020-02-26 12:00:00,4,-0.917542958935621,hourly
2020-02-26 13:00:00,2020-02-26 14:00:00,4,0.38711488045231374,hourly
2020-02-26 15:00:00,2020-02-26 16:00:00,4,0.5616377087747793,hourly
2020-02-26 16:00:00,2020-02-26 17:00:00,4,-0.7542140350454074,hourly
2020-02-27 14:00:00,2020-02-27 15:00:00,4,0.007524121084219383,hourly
2020-02-28 11:00:00,2020-02-28 12:00:00,4,0.0778943506005517,hourly
2020-02-29 12:00:00,2020-02-29 13:00:00,4,-0.9673374872254648,hourly
2020-02-29 14:00:00,2020-02-29 15:00:00,4,-0.8276250009909084,hourly
2020-03-04 12:00:00,2020-03-04 13:00:00,4,-0.959711067193156,hourly
2020-03-04 13:00:00,2020-03-04 14:00:00,4,-0.9568955428801048,hourly
2020-03-04 15:00:00,2020-03-04 16:00:00,4,-0.9026631688093056,hourly
2020-03-04 16:00:00,2020-03-04 17:00:00,4,-0.9609220490557975,hourly
2020-03-05 11:00:00,2020-03-05 12:00:00,4,-0.18149263304582372,hourly
2020-03-05 12:00:00,2020-03-05 13:00:00,4,0.46866305117202967,hourly
2020-03-05 14:00:00,2020-03-05 15:00:00,4,-0.7883532691180922,hourly
2020-03-05 15:00:00,2020-03-05 16:00:00,4,-0.8665876751771194,hourly
2020-03-06 13:00:00,2020-03-06 14:00:00,4,0.45644117744788343,hourly
2020-03-06 14:00:00,2020-03-06 15:00:00,4,0.05444333297667197,hourly
2020-03-07 11:00:00,2020-03-07 12:00:00,4,-0.8951673583494412,hourly
2020-03-07 12:00:00,2020-03-07 13:00:00,4,-0.0123905701395275,hourly
2020-03-08 14:00:00,2020-03-08 15:00:00,4,0.3326936494862142,hourly
2020-03-11 12:00:00,2020-03-11 13:00:00,4,-0.8579468387312947,hourly
2020-03-11 13:00:00,2020-03-11 14:00:00,4,-0.17484819112407654,hourly
2020-03-11 15:00:00,2020-03-11 16:00:00,4,-0.634476245511516,hourly
2020-03-12 10:00:00,2020-03-12 11:00:00,4,0.3156576437391564,hourly
2020-03-12 13:00:00,2020-03-12 14:00:00,4,0.5009572797538296,hourly
2020-03-12 14:00:00,2020-03-12 15:00:00,4,0.5013425131410789,hourly
2020-03-14 13:00:00,2020-03-14 14:00:00,4,-0.18337624953371023,hourly
2020-03-14 15:00:00,2020-03-14 16:00:00,4,0.29546677206217464,hourly
2020-03-15 09:00:00,2020-03-15 10:00:00,4,-0.15500210995172758,hourly
2020-03-15 13:00:00,2020-03-15 14:00:00,4,0.548441450328408,hourly
2020-03-15 14:00:00,2020-03-15 15:00:00,4,0.10112208575980602,hourly
2020-03-17 11:00:00,2020-03-17 12:00:00,4,-0.6138749049514196,hourly
2020-03-17 16:00:00,2020-03-17 17:00:00,4,0.0380795300141203,hourly
2020-03-18 13:00:00,2020-03-18 14:00:00,4,-0.14483694127423546,hourly
2020-03-18 14:00:00,2020-03-18 15:00:00,4,0.5125551300466744,hourly
2020-03-18 15:00:00,2020-03-18 16:00:00,4,0.18674538364025917,hourly
2020-03-19 09:00:00,2020-03-19 10:00:00,4,0.5975559690248342,hourly
2020-03-19 13:00:00,2020-03-19 14:00:00,4,-0.2129670183545164,hourly
2020-03-20 13:00:00,2020-03-20 14:00:00,4,0.457646230009807,hourly
2020-03-21 12:00:00,2020-03-21 13:00:00,4,-0.5057003762296797,hourly
2020-03-22 11:00:00,2020-03-22 12:00:00,4,0.5977454939464225,hourly
2020-03-22 14:00:00,2020-03-22 15:00:00,4,0.30631326717249513,hourly
2020-03-23 09:00:00,2020-03-23 10:00:00,4,-0.04340605822306525,hourly
2020-03-23 10:00:00,2020-03-23 11:00:00,4,0.45886046714318923,hourly
2020-03-23 11:00:00,2020-03-23 12:00:00,4,-0.22967313676303275,hourly
2020-03-24 13:00:00,2020-03-24 14:00:00,4,0.5261433043350193,hourly
2020-03-24 17:00:00,2020-03-24 18:00:00,4,0.12884779242454922,hourly
2020-03-25 10:00:00,2020-03-25 11:00:00,4,-0.018748432033795847,hourly
2020-03-25 11:00:00,2020-03-25 12:00:00,4,0.3733793115978051,hourly
2020-03-25 12:00:00,2020-03-25 13:00:00,4,-0.8974661853751557,hourly
2020-03-25 13:00:00,2020-03-25 14:00:00,4,0.09060472947164931,hourly
2020-03-25 15:00:00,2020-03-25 16:00:00,4,-0.13980448536827153,hourly
2020-03-25 16:00:00,2020-03-25 17:00:00,4,0.31861056973616125,hourly
2020-03-27 10:00:00,2020-03-27 11:00:00,4,0.3160352911556083,hourly
2020-03-29 16:00:00,2020-03-29 17:00:00,4,0.0642114888017305,hourly
2020-03-31 10:00:00,2020-03-31 11:00:00,4,0.567655794867896,hourly
2020-04-01 10:00:00,2020-04-01 11:00:00,4,-0.19996529552707676,hourly
2020-04-01 11:00:00,2020-04-01 12:00:00,4,-0.8801124222901425,hourly
2020-04-01 13:00:00,2020-04-01 14:00:00,4,-0.360064079456298,hourly
2020-04-01 14:00:00,2020-04-01 15:00:00,4,-0.4226039028071738,hourly
2020-04-01 15:00:00,2020-04-01 16:00:00,4,-0.9821303219601306,hourly
2020-04-01 16:00:00,2020-04-01 17:00:00,4,-0.4647178484912944,hourly
2020-04-02 10:00:00,2020-04-02 11:00:00,4,0.5322929917894459,hourly
2020-04-02 11:00:00,2020-04-02 12:00:00,4,-0.9865480816196176,hourly
2020-04-02 12:00:00,2020-04-02 13:00:00,4,-0.878067942972284,hourly
2020-04-02 13:00:00,2020-04-02 14:00:00,4,-0.8294118496152624,hourly
2020-04-02 14:00:00,2020-04-02 15:00:00,4,-0.9612309912352921,hourly
2020-04-02 15:00:00,2020-04-02 16:00:00,4,-0.9382827664515261,hourly
2020-04-02 16:00:00,2020-04-02 17:00:00,4,-0.5901548824799052,hourly
2020-04-02 17:00:00,2020-04-02 18:00:00,4,0.5347557120231126,hourly
2020-04-04 12:00:00,2020-04-04 13:00:00,4,-0.33667018777709246,hourly
2020-04-04 13:00:00,2020-04-04 14:00:00,4,-0.2176720839291885,hourly
2020-04-04 14:00:00,2020-04-04 15:00:00,4,-0.19549936184589475,hourly
2020-04-04 17:00:00,2020-04-04 18:00:00,4,-0.727305942391023,hourly
2020-04-05 14:00:00,2020-04-05 15:00:00,4,0.27734943991319166,hourly
2020-04-06 12:00:00,2020-04-06 13:00:00,4,-0.19996207472054564,hourly
2020-04-06 14:00:00,2020-04-06 15:00:00,4,-0.12993213131340417,hourly
2020-04-07 15:00:00,2020-04-07 16:00:00,4,-0.6564084625818418,hourly
2020-04-08 13:00:00,2020-04-08 14:00:00,4,0.4722855745217727,hourly
2020-04-08 14:00:00,2020-04-08 15:00:00,4,0.4954093852617813,hourly
2020-04-09 14:00:00,2020-04-09 15:00:00,4,-0.3409039301100793,hourly
2020-04-10 12:00:00,2020-04-10 13:00:00,4,0.19338788096594153,hourly
2020-04-11 16:00:00,2020-04-11 17:00:00,4,0.029984872231743346,hourly
2020-04-12 13:00:00,2020-04-12 14:00:00,4,-0.3575219343816029,hourly
2020-04-14 13:00:00,2020-04-14 14:00:00,4,0.05709376548506258,hourly
2020-04-14 14:00:00,2020-04-14 15:00:00,4,0.06304786806219155,hourly
2020-04-15 10:00:00,2020-04-15 11:00:00,4,0.28660907597653784,hourly
2020-04-15 12:00:00,2020-04-15 13:00:00,4,-0.8089474809097263,hourly
2020-04-15 13:00:00,2020-04-15 14:00:00,4,-0.905200210440706,hourly
2020-04-15 14:00:00,2020-04-15 15:00:00,4,-0.7212115447764177,hourly
2020-04-15 15:00:00,2020-04-15 16:00:00,4,-0.9543797243593674,hourly
2020-04-16 11:00:00,2020-04-16 12:00:00,4,0.3109062975055586,hourly
2020-04-16 13:00:00,2020-04-16 14:00:00,4,0.43737495130469284,hourly
2020-04-16 14:00:00,2020-04-16 15:00:00,4,0.528884193277938,hourly
2020-04-17 11:00:00,2020-04-17 12:00:00,4,0.11480105052440383,hourly
2020-04-17 12:00:00,2020-04-17 13:00:00,4,0.027618934347605952,hourly
2020-04-18 10:00:00,2020-04-18 11:00:00,4,0.4874997552841819,hourly
2020-04-18 15:00:00,2020-04-18 16:00:00,4,-0.5239085252830584,hourly
2020-04-18 16:00:00,2020-04-18 17:00:00,4,-0.6919907069997605,hourly
2020-04-18 17:00:00,2020-04-18 18:00:00,4,0.19210940178582975,hourly
2020-04-19 12:00:00,2020-04-19 13:00:00,4,-0.7489175544684524,hourly
2020-04-19 15:00:00,2020-04-19 16:00:00,4,0.4276159193398691,hourly
2020-04-19 16:00:00,2020-04-19 17:00:00,4,-0.9955711560525168,hourly
2020-04-21 16:00:00,2020-04-21 17:00:00,4,0.5004991688275815,hourly
2020-04-22 13:00:00,2020-04-22 14:00:00,4,0.5696274720880268,hourly
2020-04-23 11:00:00,2020-04-23 12:00:00,4,-0.9998554845119568,hourly
2020-04-23 12:00:00,2020-04-23 13:00:00,4,-0.8094230256864255,hourly
2020-04-23 13:00:00,2020-04-23 14:00:00,4,0.5753317391897206,hourly
2020-04-23 14:00:00,2020-04-23 15:00:00,4,-0.15233368750512694,hourly
2020-04-23 15:00:00,2020-04-23 16:00:00,4,-0.9556514563958524,hourly
2020-04-23 16:00:00,2020-04-23 17:00:00,4,0.04214486490689537,hourly
2020-04-28 12:00:00,2020-04-28 13:00:00,4,-0.895102933599799,hourly
2020-04-28 13:00:00,2020-04-28 14:00:00,4,-0.13860310487278468,hourly
2020-04-28 14:00:00,2020-04-28 15:00:00,4,-0.6403017020165885,hourly
2020-04-28 16:00:00,2020-04-28 17:00:00,4,0.07663228904390212,hourly
2020-04-29 13:00:00,2020-04-29 14:00:00,4,-0.7084755454496572,hourly
2020-04-29 14:00:00,2020-04-29 15:00:00,4,0.4655041206186691,hourly
2020-05-01 10:00:00,2020-05-01 11:00:00,4,-0.8407624398799151,hourly
2020-05-01 11:00:00,2020-05-01 12:00:00,4,-0.776093934687321,hourly
2020-05-01 12:00:00,2020-05-01 13:00:00,4,-0.41449876938576025,hourly
2020-05-01 13:00:00,2020-05-01 14:00:00,4,0.5586430144330091,hourly
2020-05-01 15:00:00,2020-05-01 16:00:00,4,-0.9429712012765319,hourly
2020-05-01 16:00:00,2020-05-01 17:00:00,4,0.5486578498335777,hourly
2020-05-02 09:00:00,2020-05-02 10:00:00,4,-0.8076062638910064,hourly
2020-05-02 13:00:00,2020-05-02 14:00:00,4,-0.28099545007771587,hourly
2020-05-02 14:00:00,2020-05-02 15:00:00,4,-0.8414898643243508,hourly
2020-05-02 15:00:00,2020-05-02 16:00:00,4,-0.9818407827416344,hourly
2020-05-02 16:00:00,2020-05-02 17:00:00,4,-0.9130869195161683,hourly
2020-05-03 11:00:00,2020-05-03 12:00:00,4,-0.34038927783843254,hourly
2020-05-03 12:00:00,2020-05-03 13:00:00,4,-0.5904833753079488,hourly
2020-05-03 14:00:00,2020-05-03 15:00:00,4,-0.26843140696153556,hourly
2020-05-03 18:00:00,2020-05-03 19:00:00,4,-0.829764375129951,hourly
2020-05-04 11:00:00,2020-05-04 12:00:00,4,0.49796866462642553,hourly
2020-05-04 12:00:00,2020-05-04 13:00:00,4,0.11952517928945895,hourly
2020-05-04 13:00:00,2020-05-04 14:00:00,4,0.5705904387942976,hourly
2020-05-05 10:00:00,2020-05-05 11:00:00,4,-0.7868778496096629,hourly
2020-05-05 11:00:00,2020-05-05 12:00:00,4,-0.030218204724292375,hourly
2020-05-06 11:00:00,2020-05-06 12:00:00,4,-0.015756241501110383,hourly
2020-05-06 12:00:00,2020-05-06 13:00:00,4,-0.8961428425648859,hourly
2020-05-06 20:00:00,2020-05-06 21:00:00,3,-0.18898223650461354,hourly
2020-05-07 10:00:00,2020-05-07 11:00:00,4,-0.42285534033807737,hourly
2020-05-07 11:00:00,2020-05-07 12:00:00,4,0.21482865869318415,hourly
2020-05-07 12:00:00,2020-05-07 13:00:00,4,-0.00867863979977743,hourly
2020-05-07 13:00:00,2020-05-07 14:00:00,4,0.5531927570109061,hourly
2020-05-07 16:00:00,2020-05-07 17:00:00,4,-0.9532251911159679,hourly
2020-05-07 18:00:00,2020-05-07 19:00:00,4,-0.5488511377694794,hourly
2020-05-08 09:00:00,2020-05-08 10:00:00,4,-0.2612692732606462,hourly
2020-05-08 10:00:00,2020-05-08 11:00:00,4,-0.9920050613191719,hourly
2020-05-08 11:00:00,2020-05-08 12:00:00,4,-0.8505039808251295,hourly
2020-05-08 12:00:00,2020-05-08 13:00:00,4,0.05801959508244928,hourly
2020-05-08 13:00:00,2020-05-08 14:00:00,4,-0.9963511350189801,hourly
2020-05-08 14:00:00,2020-05-08 15:00:00,4,-0.9818912877471225,hourly
2020-05-08 17:00:00,2020-05-08 18:00:00,4,-0.95698735019793,hourly
2020-05-09 10:00:00,2020-05-09 11:00:00,4,-0.8095035620424197,hourly
2020-05-09 13:00:00,2020-05-09 14:00:00,4,-0.970573531435168,hourly
2020-05-09 16:00:00,2020-05-09 17:00:00,4,-0.7713788642231033,hourly
2020-05-09 17:00:00,2020-05-09 18:00:00,4,-0.7826540532176184,hourly
2020-05-10 09:00:00,2020-05-10 10:00:00,4,-0.8849361477420404,hourly
2020-05-10 11:00:00,2020-05-10 12:00:00,4,-0.8223398219146759,hourly
2020-05-10 12:00:00,2020-05-10 13:00:00,4,0.267540535969215,hourly
2020-05-10 13:00:00,2020-05-10 14:00:00,4,-0.8685757389380447,hourly
2020-05-10 15:00:00,2020-05-10 16:00:00,4,-0.9762864797845722,hourly
2020-05-11 09:00:00,2020-05-11 10:00:00,4,-0.2417539342223395,hourly
2020-05-11 10:00:00,2020-05-11 11:00:00,4,-0.9193627808073004,hourly
2020-05-11 13:00:00,2020-05-11 14:00:00,4,-0.6754316787555465,hourly
2020-05-11 14:00:00,2020-05-11 15:00:00,4,-0.7840013861832257,hourly
2020-05-11 15:00:00,2020-05-11 16:00:00,4,-0.8844212785183174,hourly
2020-05-12 13:00:00,2020-05-12 14:00:00,4,0.4057830343972335,hourly
2020-05-12 14:00:00,2020-05-12 15:00:00,4,0.08087799750016758,hourly
2020-05-12 15:00:00,2020-05-12 16:00:00,4,0.11075084945303124,hourly
2020-05-13 11:00:00,2020-05-13 12:00:00,4,-0.394503818512882,hourly
2020-05-13 12:00:00,2020-05-13 13:00:00,4,-0.4401327146381122,hourly
2020-05-13 15:00:00,2020-05-13 16:00:00,4,-0.41088171211346813,hourly
2020-05-13 16:00:00,2020-05-13 17:00:00,4,-0.889014814428313,hourly
2020-05-13 17:00:00,2020-05-13 18:00:00,4,0.346439880150193,hourly
2020-05-14 10:00:00,2020-05-14 11:00:00,4,-0.2623947580018691,hourly
2020-05-14 11:00:00,2020-05-14 12:00:00,4,0.10651920795939465,hourly
2020-05-14 12:00:00,2020-05-14 13:00:00,4,0.09765976397500606,hourly
2020-05-14 13:00:00,2020-05-14 14:00:00,4,-0.9561925334576563,hourly
2020-05-14 14:00:00,2020-05-14 15:00:00,4,-0.660530505702721,hourly
2020-05-14 16:00:00,2020-05-14 17:00:00,4,0.5494027074389332,hourly
2020-05-14 17:00:00,2020-05-14 18:00:00,4,-0.9888283675793531,hourly
2020-05-14 19:00:00,2020-05-14 20:00:00,4,0.22298416844016325,hourly
2020-05-15 09:00:00,2020-05-15 10:00:00,4,0.08244711465193462,hourly
2020-05-15 10:00:00,2020-05-15 11:00:00,4,-0.9773132782130274,hourly
2020-05-15 11:00:00,2020-05-15 12:00:00,4,-0.9896426825027972,hourly
2020-05-15 12:00:00,2020-05-15 13:00:00,4,-0.9193311629144191,hourly
2020-05-15 13:00:00,2020-05-15 14:00:00,4,0.3246967400345281,hourly
2020-05-15 17:00:00,2020-05-15 18:00:00,4,-0.8517450679536147,hourly
2020-05-15 18:00:00,2020-05-15 19:00:00,4,-0.9611092912907815,hourly
2020-05-16 09:00:00,2020-05-16 10:00:00,4,-0.9799072275621993,hourly
2020-05-16 10:00:00,2020-05-16 11:00:00,4,-0.8803189883600614,hourly
2020-05-16 14:00:00,2020-05-16 15:00:00,4,-0.39443248142209947,hourly
2020-05-16 15:00:00,2020-05-16 16:00:00,4,-0.9065382573575369,hourly
2020-05-16 16:00:00,2020-05-16 17:00:00,4,-0.5835671332536682,hourly
2020-05-17 09:00:00,2020-05-17 10:00:00,4,-0.4601704316933989,hourly
2020-05-17 10:00:00,2020-05-17 11:00:00,4,-0.5759688854288955,hourly
2020-05-17 11:00:00,2020-05-17 12:00:00,4,-0.21833518016128248,hourly
2020-05-17 12:00:00,2020-05-17 13:00:00,4,0.16383980646500035,hourly
2020-05-17 14:00:00,2020-05-17 15:00:00,4,-0.06839836777452894,hourly
2020-05-17 16:00:00,2020-05-17 17:00:00,4,-0.35169577154570875,hourly
2020-05-17 17:00:00,2020-05-17 18:00:00,4,-0.44432923166086663,hourly
2020-05-17 18:00:00,2020-05-17 19:00:00,4,0.5654333116663158,hourly
2020-05-18 10:00:00,2020-05-18 11:00:00,4,-0.7236057669361594,hourly
2020-05-18 11:00:00,2020-05-18 12:00:00,4,-0.7334435025794247,hourly
2020-05-18 12:00:00,2020-05-18 13:00:00,4,-0.8200014952405624,hourly
2020-05-18 13:00:00,2020-05-18 14:00:00,4,0.3683094974224854,hourly
2020-05-18 14:00:00,2020-05-18 15:00:00,4,-0.5149848060997857,hourly
2020-05-18 16:00:00,2020-05-18 17:00:00,4,0.4341385633194418,hourly
2020-05-19 11:00:00,2020-05-19 12:00:00,4,-0.9305025533385096,hourly
2020-05-20 10:00:00,2020-05-20 11:00:00,4,-0.4506247273667021,hourly
2020-05-20 11:00:00,2020-05-20 12:00:00,4,0.1948288151937623,hourly
2020-05-20 13:00:00,2020-05-20 14:00:00,4,0.5810864381592081,hourly
2020-05-20 16:00:00,2020-05-20 17:00:00,4,0.5472767694936886,hourly
2020-05-20 17:00:00,2020-05-20 18:00:00,4,0.48738335138055583,hourly
2020-05-21 09:00:00,2020-05-21 10:00:00,4,0.44653226812544944,hourly
2020-05-21 12:00:00,2020-05-21 13:00:00,4,0.13750892498539297,hourly
2020-05-21 13:00:00,2020-05-21 14:00:00,4,-0.3291258777348094,hourly
2020-05-21 16:00:00,2020-05-21 17:00:00,4,0.2972805919461083,hourly
2020-05-21 19:00:00,2020-05-21 20:00:00,4,0.35592723578207713,hourly
2020-05-22 12:00:00,2020-05-22 13:00:00,4,-0.7873252164640889,hourly
2020-05-23 11:00:00,2020-05-23 12:00:00,4,0.17086460782565407,hourly
2020-05-23 13:00:00,2020-05-23 14:00:00,4,-0.9534090102324804,hourly
2020-05-23 14:00:00,2020-05-23 15:00:00,4,-0.5760090071579714,hourly
2020-05-23 15:00:00,2020-05-23 16:00:00,4,-0.5416443829710641,hourly
2020-05-23 16:00:00,2020-05-23 17:00:00,4,-0.8862679041741653,hourly
2020-05-24 14:00:00,2020-05-24 15:00:00,4,0.15765040688459053,hourly
2020-05-24 15:00:00,2020-05-24 16:00:00,4,0.048552524523591205,hourly
2020-05-25 11:00:00,2020-05-25 12:00:00,4,-0.9235010651382659,hourly
2020-05-25 13:00:00,2020-05-25 14:00:00,4,-0.3166904961427934,hourly
2020-05-25 16:00:00,2020-05-25 17:00:00,4,-0.2024875044970347,hourly
2020-05-25 17:00:00,2020-05-25 18:00:00,4,0.2539545051728053,hourly
2020-05-26 13:00:00,2020-05-26 14:00:00,4,0.02118199071049214,hourly
2020-05-26 14:00:00,2020-05-26 15:00:00,4,0.49751773293321994,hourly
2020-05-26 15:00:00,2020-05-26 16:00:00,4,0.16038422235628322,hourly
2020-05-26 16:00:00,2020-05-26 17:00:00,4,0.3842478392261428,hourly
2020-05-26 17:00:00,2020-05-26 18:00:00,4,0.2624974542789037,hourly
2020-05-27 14:00:00,2020-05-27 15:00:00,4,-0.33147860973099497,hourly
2020-05-27 15:00:00,2020-05-27 16:00:00,4,0.27100293940941195,hourly
2020-05-27 16:00:00,2020-05-27 17:00:00,4,-0.7366519874362512,hourly
2020-05-27 17:00:00,2020-05-27 18:00:00,4,-0.2635411920085583,hourly
2020-05-27 18:00:00,2020-05-27 19:00:00,4,0.4442113464801927,hourly
2020-05-28 08:00:00,2020-05-28 09:00:00,4,0.2697514684450617,hourly
2020-05-28 12:00:00,2020-05-28 13:00:00,4,0.5462004786183258,hourly
2020-05-28 16:00:00,2020-05-28 17:00:00,4,0.44429475284917597,hourly
2020-05-29 13:00:00,2020-05-29 14:00:00,4,-0.10656020796395996,hourly
2020-05-29 17:00:00,2020-05-29 18:00:00,4,-0.9647635009576978,hourly
2020-05-30 09:00:00,2020-05-30 10:00:00,4,-0.7629759804609567,hourly
2020-05-30 10:00:00,2020-05-30 11:00:00,4,-0.8984339079886842,hourly
2020-05-30 11:00:00,2020-05-30 12:00:00,4,-0.7908281410749584,hourly
2020-05-31 10:00:00,2020-05-31 11:00:00,4,0.19989654414398733,hourly
2020-05-31 11:00:00,2020-05-31 12:00:00,4,0.40329333832891723,hourly
2020-05-31 12:00:00,2020-05-31 13:00:00,4,0.2442851081898098,hourly
2020-05-31 14:00:00,2020-05-31 15:00:00,4,-0.4774237395591167,hourly
2020-05-31 16:00:00,2020-05-31 17:00:00,4,-0.9140775815029162,hourly
2020-05-31 18:00:00,2020-05-31 19:00:00,4,-0.6458938971308091,hourly
2020-06-01 16:00:00,2020-06-01 17:00:00,4,0.033735908307264,hourly
2020-06-02 13:00:00,2020-06-02 14:00:00,4,-0.9851023185937845,hourly
2020-06-02 14:00:00,2020-06-02 15:00:00,4,-0.8857048141775451,hourly
2020-06-02 15:00:00,2020-06-02 16:00:00,4,-0.9017421540294938,hourly
2020-06-02 16:00:00,2020-06-02 17:00:00,4,-0.002377968329288118,hourly
2020-06-03 12:00:00,2020-06-03 13:00:00,4,-0.5304870511982612,hourly
2020-06-03 13:00:00,2020-06-03 14:00:00,4,-0.9075008214599876,hourly
2020-06-03 16:00:00,2020-06-03 17:00:00,4,0.11105264399499068,hourly
2020-06-03 17:00:00,2020-06-03 18:00:00,4,0.06005960154452505,hourly
2020-06-04 10:00:00,2020-06-04 11:00:00,4,0.40446524675795686,hourly
2020-06-04 11:00:00,2020-06-04 12:00:00,4,0.1392622328806054,hourly
2020-06-04 12:00:00,2020-06-04 13:00:00,4,-0.5489170601404527,hourly
2020-06-04 14:00:00,2020-06-04 15:00:00,4,0.5169406217441243,hourly
2020-06-04 17:00:00,2020-06-04 18:00:00,4,0.09884476140800648,hourly
2020-06-04 18:00:00,2020-06-04 19:00:00,4,0.3758471570161288,hourly
2020-06-05 13:00:00,2020-06-05 14:00:00,4,0.3205878600233704,hourly
2020-06-05 15:00:00,2020-06-05 16:00:00,4,0.021805980102614343,hourly
2020-06-05 16:00:00,2020-06-05 17:00:00,4,-0.2642624423360082,hourly
2020-06-05 18:00:00,2020-06-05 19:00:00,4,0.33281361203511434,hourly
2020-06-05 19:00:00,2020-06-05 20:00:00,4,0.4505465030488743,hourly
2020-06-06 11:00:00,2020-06-06 12:00:00,4,-0.9602161946080763,hourly
2020-06-06 12:00:00,2020-06-06 13:00:00,4,-0.5616663476603961,hourly
2020-06-06 13:00:00,2020-06-06 14:00:00,4,0.42497358649967154,hourly
2020-06-06 17:00:00,2020-06-06 18:00:00,4,0.2702533997529769,hourly
2020-06-07 10:00:00,2020-06-07 11:00:00,4,0.5226113366803607,hourly
2020-06-07 13:00:00,2020-06-07 14:00:00,4,-0.49429720300396546,hourly
2020-06-07 15:00:00,2020-06-07 16:00:00,4,-0.868073326910806,hourly
2020-06-07 16:00:00,2020-06-07 17:00:00,4,-0.3414624721358565,hourly
2020-06-08 13:00:00,2020-06-08 14:00:00,4,-0.09197487126574544,hourly
2020-06-08 14:00:00,2020-06-08 15:00:00,4,-0.6139704279059556,hourly
2020-06-08 15:00:00,2020-06-08 16:00:00,4,-0.7713649588503468,hourly
2020-06-08 16:00:00,2020-06-08 17:00:00,4,-0.9070117695318743,hourly
2020-06-09 11:00:00,2020-06-09 12:00:00,4,0.5729546878676269,hourly
2020-06-09 12:00:00,2020-06-09 13:00:00,4,0.1777291335953471,hourly
2020-06-09 13:00:00,2020-06-09 14:00:00,4,0.40351528375574514,hourly
2020-06-09 14:00:00,2020-06-09 15:00:00,4,-0.12116495233288148,hourly
2020-06-10 10:00:00,2020-06-10 11:00:00,4,-0.23557665805069541,hourly
2020-06-10 12:00:00,2020-06-10 13:00:00,4,0.5543391888590802,hourly
2020-06-10 15:00:00,2020-06-10 16:00:00,4,-0.20430695652110442,hourly
2020-06-10 16:00:00,2020-06-10 17:00:00,4,-0.2722165183534555,hourly
2020-06-11 07:00:00,2020-06-11 08:00:00,4,-0.2915992485959167,hourly
2020-06-11 13:00:00,2020-06-11 14:00:00,4,0.04602912440881373,hourly
2020-06-11 14:00:00,2020-06-11 15:00:00,4,0.5632061248045802,hourly
2020-06-11 15:00:00,2020-06-11 16:00:00,4,-0.36476498151670567,hourly
2020-06-11 16:00:00,2020-06-11 17:00:00,4,0.5206424336170041,hourly
2020-06-12 08:00:00,2020-06-12 09:00:00,4,0.0878251025552404,hourly
2020-06-12 12:00:00,2020-06-12 13:00:00,4,0.3412667758072761,hourly
2020-06-12 14:00:00,2020-06-12 15:00:00,4,-0.08305848845148507,hourly
2020-06-12 15:00:00,2020-06-12 16:00:00,4,-0.010476159102130421,hourly
2020-06-12 16:00:00,2020-06-12 17:00:00,4,-0.42573493696410747,hourly
2020-06-13 08:00:00,2020-06-13 09:00:00,4,-0.03927680912279784,hourly
2020-06-13 11:00:00,2020-06-13 12:00:00,4,-0.07136540362532169,hourly
2020-06-13 13:00:00,2020-06-13 14:00:00,4,0.33482763050269826,hourly
2020-06-13 18:00:00,2020-06-13 19:00:00,4,0.4944244828915059,hourly
2020-06-14 13:00:00,2020-06-14 14:00:00,4,0.4906061974720288,hourly
2020-06-14 18:00:00,2020-06-14 19:00:00,4,0.1617850928102886,hourly
2020-06-15 12:00:00,2020-06-15 13:00:00,4,0.5502212209341146,hourly
2020-06-15 13:00:00,2020-06-15 14:00:00,4,-0.5615413385707312,hourly
2020-06-15 14:00:00,2020-06-15 15:00:00,4,-0.5248561657254137,hourly
2020-06-15 15:00:00,2020-06-15 16:00:00,4,-0.11704870837000513,hourly
2020-06-15 16:00:00,2020-06-15 17:00:00,4,-0.47894762824477866,hourly
2020-06-15 19:00:00,2020-06-15 20:00:00,4,0.5633833405926203,hourly
2020-06-17 13:00:00,2020-06-17 14:00:00,4,-0.02065182963562817,hourly
2020-06-17 16:00:00,2020-06-17 17:00:00,4,-0.08069508643103518,hourly
2020-06-17 17:00:00,2020-06-17 18:00:00,4,0.47059414027884555,hourly
2020-06-17 18:00:00,2020-06-17 19:00:00,4,0.3081182343398025,hourly
2020-06-18 09:00:00,2020-06-18 10:00:00,4,0.5469489909994626,hourly
2020-06-18 10:00:00,2020-06-18 11:00:00,4,0.4735772650565445,hourly
2020-06-18 12:00:00,2020-06-18 13:00:00,4,-0.9297119636626027,hourly
2020-06-18 15:00:00,2020-06-18 16:00:00,4,-0.10124203198094459,hourly
2020-06-20 10:00:00,2020-06-20 11:00:00,4,-0.45063643279886617,hourly
2020-06-20 14:00:00,2020-06-20 15:00:00,4,-0.04667784880661517,hourly
2020-06-20 16:00:00,2020-06-20 17:00:00,4,-0.1619113316094169,hourly
2020-06-20 17:00:00,2020-06-20 18:00:00,4,0.38617571900725706,hourly
2020-06-20 18:00:00,2020-06-20 19:00:00,4,0.4938241992067959,hourly
2020-06-21 11:00:00,2020-06-21 12:00:00,4,0.3298428367221402,hourly
2020-06-21 14:00:00,2020-06-21 15:00:00,4,0.14436464544825853,hourly
2020-06-21 16:00:00,2020-06-21 17:00:00,4,-0.31116900402714026,hourly
2020-06-21 17:00:00,2020-06-21 18:00:00,4,0.30108692602841247,hourly
2020-06-22 14:00:00,2020-06-22 15:00:00,4,0.49588789799240174,hourly
2020-06-22 15:00:00,2020-06-22 16:00:00,4,-0.3423078656639046,hourly
2020-06-22 16:00:00,2020-06-22 17:00:00,4,-0.5304810377106856,hourly
2020-06-23 12:00:00,2020-06-23 13:00:00,4,-0.09231151227690167,hourly
2020-06-23 14:00:00,2020-06-23 15:00:00,4,0.14009371109383506,hourly
2020-06-23 15:00:00,2020-06-23 16:00:00,4,-0.7395624799369755,hourly
2020-06-23 16:00:00,2020-06-23 17:00:00,4,0.3722540185825786,hourly
2020-06-23 17:00:00,2020-06-23 18:00:00,4,-0.4461578866788422,hourly
2020-06-24 13:00:00,2020-06-24 14:00:00,4,-0.05212310057805579,hourly
2020-06-24 18:00:00,2020-06-24 19:00:00,4,0.2820329504171665,hourly
2020-06-25 14:00:00,2020-06-25 15:00:00,4,0.07877419474675094,hourly
2020-06-25 16:00:00,2020-06-25 17:00:00,4,-0.9704696151988937,hourly
2020-06-26 11:00:00,2020-06-26 12:00:00,4,-0.08947995881093204,hourly
2020-06-27 13:00:00,2020-06-27 14:00:00,4,0.027897258013718968,hourly
2020-06-27 14:00:00,2020-06-27 15:00:00,4,-0.5754396055943294,hourly
2020-06-28 10:00:00,2020-06-28 11:00:00,4,-0.3774158486536883,hourly
2020-06-28 11:00:00,2020-06-28 12:00:00,4,-0.17993374595435221,hourly
2020-06-28 12:00:00,2020-06-28 13:00:00,4,-0.6639053194644409,hourly
2020-06-28 13:00:00,2020-06-28 14:00:00,4,0.06492768446470275,hourly
2020-06-28 14:00:00,2020-06-28 15:00:00,4,0.0037620899133184497,hourly
2020-06-28 16:00:00,2020-06-28 17:00:00,4,0.06343650928051843,hourly
2020-06-29 11:00:00,2020-06-29 12:00:00,4,-0.5043611894145156,hourly
2020-06-29 12:00:00,2020-06-29 13:00:00,4,0.39848328466021776,hourly
2020-06-29 13:00:00,2020-06-29 14:00:00,4,0.07727713817675579,hourly
2020-06-29 15:00:00,2020-06-29 16:00:00,4,-0.41025341429554,hourly
2020-07-01 13:00:00,2020-07-01 14:00:00,4,-0.3614801619556635,hourly
2020-07-01 14:00:00,2020-07-01 15:00:00,4,-0.902409818437916,hourly
2020-07-02 09:00:00,2020-07-02 10:00:00,4,0.40825460343723646,hourly
2020-07-02 11:00:00,2020-07-02 12:00:00,4,-0.09003962585611418,hourly
2020-07-02 12:00:00,2020-07-02 13:00:00,4,0.1171230990788333,hourly
2020-07-02 13:00:00,2020-07-02 14:00:00,4,-0.5759701603752096,hourly
2020-07-02 14:00:00,2020-07-02 15:00:00,4,-0.3359826593440353,hourly
2020-07-02 15:00:00,2020-07-02 16:00:00,4,-0.8954281154141496,hourly
2020-07-03 14:00:00,2020-07-03 15:00:00,4,0.24155937826546325,hourly
2020-07-03 15:00:00,2020-07-03 16:00:00,4,-0.13473689184467116,hourly
2020-07-04 13:00:00,2020-07-04 14:00:00,4,-0.4989489673002219,hourly
2020-07-04 15:00:00,2020-07-04 16:00:00,4,0.5520621925695659,hourly
2020-07-04 18:00:00,2020-07-04 19:00:00,4,0.5021854658731354,hourly
2020-07-05 10:00:00,2020-07-05 11:00:00,4,-0.46501849594768985,hourly
2020-07-05 11:00:00,2020-07-05 12:00:00,4,-0.012239261756010512,hourly
2020-07-05 14:00:00,2020-07-05 15:00:00,4,0.4168479090620785,hourly
2020-07-05 15:00:00,2020-07-05 16:00:00,4,-0.18681528636914532,hourly
2020-07-06 10:00:00,2020-07-06 11:00:00,4,0.12028471192665491,hourly
2020-07-06 11:00:00,2020-07-06 12:00:00,4,-0.6944016513435521,hourly
2020-07-06 13:00:00,2020-07-06 14:00:00,4,-0.2431088584616087,hourly
2020-07-06 14:00:00,2020-07-06 15:00:00,4,0.1501649752161558,hourly
2020-07-06 15:00:00,2020-07-06 16:00:00,4,0.2928659510131108,hourly
2020-07-06 16:00:00,2020-07-06 17:00:00,4,-0.6041888745127224,hourly
2020-07-06 17:00:00,2020-07-06 18:00:00,4,0.20726267678355134,hourly
2020-07-07 07:00:00,2020-07-07 08:00:00,4,0.33949692804208853,hourly
2020-07-07 08:00:00,2020-07-07 09:00:00,4,0.48189827191107726,hourly
2020-07-07 11:00:00,2020-07-07 12:00:00,4,0.48279935256807305,hourly
2020-07-07 12:00:00,2020-07-07 13:00:00,4,-0.3625636456258367,hourly
2020-07-07 13:00:00,2020-07-07 14:00:00,4,-0.5029451185667918,hourly
2020-07-07 16:00:00,2020-07-07 17:00:00,4,-0.4920650979844982,hourly
2020-07-07 17:00:00,2020-07-07 18:00:00,4,-0.07580367499031578,hourly
2020-07-08 13:00:00,2020-07-08 14:00:00,4,-0.9000468846982431,hourly
2020-07-08 16:00:00,2020-07-08 17:00:00,4,-0.9959791840349626,hourly
2020-07-09 12:00:00,2020-07-09 13:00:00,4,0.31550302437595973,hourly
2020-07-09 13:00:00,2020-07-09 14:00:00,4,0.06289840894338576,hourly
2020-07-09 15:00:00,2020-07-09 16:00:00,4,0.2869018841781381,hourly
2020-07-09 16:00:00,2020-07-09 17:00:00,4,0.34411029715257085,hourly
2020-07-09 17:00:00,2020-07-09 18:00:00,4,-0.6223052106319229,hourly
2020-07-10 10:00:00,2020-07-10 11:00:00,4,0.45207327268113257,hourly
2020-07-10 11:00:00,2020-07-10 12:00:00,4,0.5114291224342314,hourly
2020-07-10 12:00:00,2020-07-10 13:00:00,4,0.30197860159755274,hourly
2020-07-10 13:00:00,2020-07-10 14:00:00,4,0.53264300437516,hourly
2020-07-10 17:00:00,2020-07-10 18:00:00,4,0.4717908715609379,hourly
2020-07-11 07:00:00,2020-07-11 08:00:00,4,0.2568522862352713,hourly
2020-07-11 10:00:00,2020-07-11 11:00:00,4,-0.13771291885081632,hourly
2020-07-11 11:00:00,2020-07-11 12:00:00,4,0.3674908828367139,hourly
2020-07-11 13:00:00,2020-07-11 14:00:00,4,-0.05212103670258276,hourly
2020-07-11 14:00:00,2020-07-11 15:00:00,4,0.5859741308815095,hourly
2020-07-11 15:00:00,2020-07-11 16:00:00,4,-0.09174854851542259,hourly
2020-07-11 16:00:00,2020-07-11 17:00:00,4,0.3195575868526689,hourly
2020-07-12 10:00:00,2020-07-12 11:00:00,4,0.5606076023976954,hourly
2020-07-12 13:00:00,2020-07-12 14:00:00,4,-0.019146856045336908,hourly
2020-07-12 14:00:00,2020-07-12 15:00:00,4,0.28971549289751297,hourly
2020-07-13 10:00:00,2020-07-13 11:00:00,4,-0.5177310661218928,hourly
2020-07-13 12:00:00,2020-07-13 13:00:00,4,-0.5762590792912918,hourly
2020-07-13 15:00:00,2020-07-13 16:00:00,4,0.43932769670266,hourly
2020-07-13 18:00:00,2020-07-13 19:00:00,4,0.3735861953932667,hourly
2020-07-14 18:00:00,2020-07-14 19:00:00,4,0.44926247280322723,hourly
2020-07-15 11:00:00,2020-07-15 12:00:00,4,-0.6586781824018835,hourly
2020-07-16 09:00:00,2020-07-16 10:00:00,4,0.2850222009866692,hourly
2020-07-16 13:00:00,2020-07-16 14:00:00,4,0.43131319344946384,hourly
2020-07-16 18:00:00,2020-07-16 19:00:00,4,0.31572058429108407,hourly
2020-07-17 10:00:00,2020-07-17 11:00:00,4,-0.198822615725855,hourly
2020-07-17 12:00:00,2020-07-17 13:00:00,4,-0.8658052384679731,hourly
2020-07-17 13:00:00,2020-07-17 14:00:00,4,0.1915392182436114,hourly
2020-07-19 10:00:00,2020-07-19 11:00:00,4,-0.3805098791016296,hourly
2020-07-19 12:00:00,2020-07-19 13:00:00,4,0.1590943827053037,hourly
2020-07-19 14:00:00,2020-07-19 15:00:00,4,-0.46704067596821935,hourly
2020-07-19 15:00:00,2020-07-19 16:00:00,4,0.21885378083496976,hourly
2020-07-20 13:00:00,2020-07-20 14:00:00,4,0.06203816728658214,hourly
2020-07-20 14:00:00,2020-07-20 15:00:00,4,-0.2723457297686869,hourly
2020-07-20 17:00:00,2020-07-20 18:00:00,4,-0.2287901607708847,hourly
2020-07-21 08:00:00,2020-07-21 09:00:00,4,0.2933653918314968,hourly
2020-07-21 09:00:00,2020-07-21 10:00:00,4,-0.31277920792691966,hourly
2020-07-21 10:00:00,2020-07-21 11:00:00,4,0.0949753999857354,hourly
2020-07-21 14:00:00,2020-07-21 15:00:00,4,-0.8119645689185887,hourly
2020-07-21 16:00:00,2020-07-21 17:00:00,4,-0.22394023110318703,hourly
2020-07-22 10:00:00,2020-07-22 11:00:00,4,-0.9156484342647596,hourly
2020-07-22 12:00:00,2020-07-22 13:00:00,4,0.5598620623056842,hourly
2020-07-22 13:00:00,2020-07-22 14:00:00,4,0.29562524864832246,hourly
2020-07-22 14:00:00,2020-07-22 15:00:00,4,-0.43173765586326174,hourly
2020-07-22 17:00:00,2020-07-22 18:00:00,4,-0.6570632318804727,hourly
2020-07-23 10:00:00,2020-07-23 11:00:00,4,0.5286797947791566,hourly
2020-07-23 13:00:00,2020-07-23 14:00:00,4,0.03350040523091184,hourly
2020-07-23 16:00:00,2020-07-23 17:00:00,4,-0.2558038683555473,hourly
2020-07-23 17:00:00,2020-07-23 18:00:00,4,-0.3799178490189125,hourly
2020-07-24 08:00:00,2020-07-24 09:00:00,4,0.21608543159996543,hourly
2020-07-24 11:00:00,2020-07-24 12:00:00,4,-0.24300089462066285,hourly
2020-07-24 12:00:00,2020-07-24 13:00:00,4,0.5726589390482764,hourly
2020-07-24 16:00:00,2020-07-24 17:00:00,4,-0.7173158135259351,hourly
2020-07-24 17:00:00,2020-07-24 18:00:00,4,0.21256799010214728,hourly
2020-07-25 13:00:00,2020-07-25 14:00:00,4,-0.4200729521511122,hourly
2020-07-25 14:00:00,2020-07-25 15:00:00,4,-0.2121549638313122,hourly
2020-07-25 15:00:00,2020-07-25 16:00:00,4,-0.961997868539216,hourly
2020-07-25 16:00:00,2020-07-25 17:00:00,4,-0.5236025841786575,hourly
2020-07-26 11:00:00,2020-07-26 12:00:00,4,-0.5415492036241226,hourly
2020-07-26 12:00:00,2020-07-26 13:00:00,4,-0.9116163427485823,hourly
2020-07-26 13:00:00,2020-07-26 14:00:00,4,-0.5350692988862794,hourly
2020-07-26 15:00:00,2020-07-26 16:00:00,4,-0.12962599738229424,hourly
2020-07-26 17:00:00,2020-07-26 18:00:00,4,-0.13636959582765074,hourly
2020-07-28 10:00:00,2020-07-28 11:00:00,4,-0.6664309129165165,hourly
2020-07-28 12:00:00,2020-07-28 13:00:00,4,0.5644808596052606,hourly
2020-07-28 14:00:00,2020-07-28 15:00:00,4,0.5716964939862863,hourly
2020-07-28 16:00:00,2020-07-28 17:00:00,4,0.5691852790296412,hourly
2020-07-28 19:00:00,2020-07-28 20:00:00,4,-0.4488626597194463,hourly
2020-07-29 11:00:00,2020-07-29 12:00:00,4,0.49219999475704906,hourly
2020-07-29 13:00:00,2020-07-29 14:00:00,4,-0.8704140181420988,hourly
2020-07-29 14:00:00,2020-07-29 15:00:00,4,-0.4604551616330858,hourly
2020-07-29 17:00:00,2020-07-29 18:00:00,4,0.5640442628578879,hourly
2020-07-29 18:00:00,2020-07-29 19:00:00,4,0.4253532870627258,hourly
2020-07-30 09:00:00,2020-07-30 10:00:00,4,-0.7984274861746032,hourly
2020-07-30 10:00:00,2020-07-30 11:00:00,4,0.49265404296521453,hourly
2020-07-30 11:00:00,2020-07-30 12:00:00,4,-0.48475774106306957,hourly
2020-07-30 12:00:00,2020-07-30 13:00:00,4,-0.22984083057690569,hourly
2020-07-30 13:00:00,2020-07-30 14:00:00,4,-0.20403929779967592,hourly
2020-07-30 14:00:00,2020-07-30 15:00:00,4,-0.15354234761431912,hourly
2020-07-30 15:00:00,2020-07-30 16:00:00,4,0.49723407916457446,hourly
2020-07-31 16:00:00,2020-07-31 17:00:00,4,-0.22192350326312468,hourly
2020-08-02 08:00:00,2020-08-02 09:00:00,4,0.1870710589596213,hourly
2020-08-02 09:00:00,2020-08-02 10:00:00,4,0.5425113597663819,hourly
2020-08-02 13:00:00,2020-08-02 14:00:00,4,0.042681201987630014,hourly
2020-08-02 14:00:00,2020-08-02 15:00:00,4,-0.22439230745890695,hourly
2020-08-03 08:00:00,2020-08-03 09:00:00,4,0.06095555122733437,hourly
2020-08-03 12:00:00,2020-08-03 13:00:00,4,0.45771630476777775,hourly
2020-08-03 13:00:00,2020-08-03 14:00:00,4,0.16997289128688747,hourly
2020-08-04 15:00:00,2020-08-04 16:00:00,4,-0.16727621809737148,hourly
2020-08-05 10:00:00,2020-08-05 11:00:00,4,0.05349173676976243,hourly
2020-08-05 11:00:00,2020-08-05 12:00:00,4,0.4026380198001068,hourly
2020-08-05 12:00:00,2020-08-05 13:00:00,4,0.2516123751016397,hourly
2020-08-05 14:00:00,2020-08-05 15:00:00,4,0.4504384324862286,hourly
2020-08-05 15:00:00,2020-08-05 16:00:00,4,0.03991152645807287,hourly
2020-08-05 16:00:00,2020-08-05 17:00:00,4,0.4705083925217505,hourly
2020-08-05 17:00:00,2020-08-05 18:00:00,4,-0.1980953436381738,hourly
2020-08-06 11:00:00,2020-08-06 12:00:00,4,-0.9953035578316186,hourly
2020-08-06 13:00:00,2020-08-06 14:00:00,4,0.4709471233145353,hourly
2020-08-06 16:00:00,2020-08-06 17:00:00,4,-0.7528585737978897,hourly
2020-08-07 10:00:00,2020-08-07 11:00:00,4,0.33128754635352264,hourly
2020-08-07 11:00:00,2020-08-07 12:00:00,4,0.15682744316180305,hourly
2020-08-07 14:00:00,2020-08-07 15:00:00,4,0.4966955839370658,hourly
2020-08-07 15:00:00,2020-08-07 16:00:00,4,-0.5079337880866658,hourly
2020-08-07 16:00:00,2020-08-07 17:00:00,4,0.5878703184725882,hourly
2020-08-08 07:00:00,2020-08-08 08:00:00,4,0.3036485487363956,hourly
2020-08-08 09:00:00,2020-08-08 10:00:00,4,0.2060270826265563,hourly
2020-08-08 10:00:00,2020-08-08 11:00:00,4,-0.06670522669014929,hourly
2020-08-08 12:00:00,2020-08-08 13:00:00,4,0.11335695457029685,hourly
2020-08-08 13:00:00,2020-08-08 14:00:00,4,-0.20043732923000757,hourly
2020-08-08 14:00:00,2020-08-08 15:00:00,4,-0.34703434822444756,hourly
2020-08-08 15:00:00,2020-08-08 16:00:00,4,0.38803625792683666,hourly
2020-08-09 10:00:00,2020-08-09 11:00:00,4,-0.5852743257478366,hourly
2020-08-09 11:00:00,2020-08-09 12:00:00,4,0.1751076201901786,hourly
2020-08-09 12:00:00,2020-08-09 13:00:00,4,-0.7444614391581728,hourly
2020-08-09 14:00:00,2020-08-09 15:00:00,4,-0.8436366381759028,hourly
2020-08-09 20:00:00,2020-08-09 21:00:00,3,0.5283731151454992,hourly
2020-08-10 08:00:00,2020-08-10 09:00:00,4,0.1714969373462729,hourly
2020-08-10 09:00:00,2020-08-10 10:00:00,4,0.1804822936443133,hourly
2020-08-10 11:00:00,2020-08-10 12:00:00,4,-0.654426846715671,hourly
2020-08-10 12:00:00,2020-08-10 13:00:00,4,-0.082679281102711,hourly
2020-08-10 13:00:00,2020-08-10 14:00:00,4,0.4521403695989812,hourly
2020-08-10 15:00:00,2020-08-10 16:00:00,4,0.4691108276851764,hourly
2020-08-10 17:00:00,2020-08-10 18:00:00,4,0.13906662681638748,hourly
2020-08-11 08:00:00,2020-08-11 09:00:00,4,-0.6923223740612743,hourly
2020-08-11 15:00:00,2020-08-11 16:00:00,4,-0.2127074506171157,hourly
2020-08-11 16:00:00,2020-08-11 17:00:00,4,-0.9787444832315128,hourly
2020-08-12 13:00:00,2020-08-12 14:00:00,4,-0.0798425990871056,hourly
2020-08-12 14:00:00,2020-08-12 15:00:00,4,0.5299117422611407,hourly
2020-08-13 09:00:00,2020-08-13 10:00:00,4,0.2797783990242329,hourly
2020-08-13 15:00:00,2020-08-13 16:00:00,4,0.5421593452681561,hourly
2020-08-13 17:00:00,2020-08-13 18:00:00,4,0.34812970023876866,hourly
2020-08-14 08:00:00,2020-08-14 09:00:00,4,0.3718868323665601,hourly
2020-08-14 10:00:00,2020-08-14 11:00:00,4,-0.07222700721478699,hourly
2020-08-14 11:00:00,2020-08-14 12:00:00,4,0.5829141828339002,hourly
2020-08-14 12:00:00,2020-08-14 13:00:00,4,-0.3277526700880417,hourly
2020-08-14 14:00:00,2020-08-14 15:00:00,4,0.5209405030217612,hourly
2020-08-14 15:00:00,2020-08-14 16:00:00,4,0.02721879096095861,hourly
2020-08-14 17:00:00,2020-08-14 18:00:00,4,0.0828137110075454,hourly
2020-08-14 18:00:00,2020-08-14 19:00:00,4,-0.010151495896537108,hourly
2020-08-15 07:00:00,2020-08-15 08:00:00,4,0.23231153553236855,hourly
2020-08-15 08:00:00,2020-08-15 09:00:00,4,0.27494288174206016,hourly
2020-08-15 09:00:00,2020-08-15 10:00:00,4,0.28408918257140275,hourly
2020-08-15 10:00:00,2020-08-15 11:00:00,4,0.10904814195503847,hourly
2020-08-15 12:00:00,2020-08-15 13:00:00,4,0.21720345238281066,hourly
2020-08-15 13:00:00,2020-08-15 14:00:00,4,0.42186373375922,hourly
2020-08-15 14:00:00,2020-08-15 15:00:00,4,0.41020161429840785,hourly
2020-08-15 15:00:00,2020-08-15 16:00:00,4,-0.4555059272790703,hourly
2020-08-15 16:00:00,2020-08-15 17:00:00,4,0.15595033132078143,hourly
2020-08-15 17:00:00,2020-08-15 18:00:00,4,0.22811548555804947,hourly
2020-08-16 11:00:00,2020-08-16 12:00:00,4,-0.4285091802516978,hourly
2020-08-16 13:00:00,2020-08-16 14:00:00,4,-0.8092197444000149,hourly
2020-08-16 14:00:00,2020-08-16 15:00:00,4,0.1393124196932675,hourly
2020-08-16 16:00:00,2020-08-16 17:00:00,4,-0.677569754901589,hourly
2020-08-16 18:00:00,2020-08-16 19:00:00,4,0.17256837283872864,hourly
2020-08-17 14:00:00,2020-08-17 15:00:00,4,-0.8047476463351337,hourly
2020-08-19 09:00:00,2020-08-19 10:00:00,4,0.22586450492005763,hourly
2020-08-19 12:00:00,2020-08-19 13:00:00,4,0.5638500172406234,hourly
2020-08-19 15:00:00,2020-08-19 16:00:00,4,-0.31314116276190695,hourly
2020-08-19 18:00:00,2020-08-19 19:00:00,4,0.5112844815135178,hourly
2020-08-20 10:00:00,2020-08-20 11:00:00,4,0.035804931844698074,hourly
2020-08-20 15:00:00,2020-08-20 16:00:00,4,0.5391137380816148,hourly
2020-08-21 14:00:00,2020-08-21 15:00:00,4,0.43816198945159696,hourly
2020-08-21 15:00:00,2020-08-21 16:00:00,4,-0.6149108922875414,hourly
2020-08-21 16:00:00,2020-08-21 17:00:00,4,-0.7255517551870889,hourly
2020-08-22 09:00:00,2020-08-22 10:00:00,4,-0.5259364333530234,hourly
2020-08-22 11:00:00,2020-08-22 12:00:00,4,-0.11241205057634047,hourly
2020-08-22 12:00:00,2020-08-22 13:00:00,4,0.36851004982002356,hourly
2020-08-22 13:00:00,2020-08-22 14:00:00,4,-0.12876904830960537,hourly
2020-08-22 14:00:00,2020-08-22 15:00:00,4,0.27803051122573025,hourly
2020-08-22 16:00:00,2020-08-22 17:00:00,4,0.08257872564830955,hourly
2020-08-22 17:00:00,2020-08-22 18:00:00,4,0.4538475826093024,hourly
2020-08-22 19:00:00,2020-08-22 20:00:00,4,0.5453880051785398,hourly
2020-08-23 11:00:00,2020-08-23 12:00:00,4,-0.6147591442714948,hourly
2020-08-23 14:00:00,2020-08-23 15:00:00,4,-0.719425043729022,hourly
2020-08-24 08:00:00,2020-08-24 09:00:00,4,-0.15616269474424627,hourly
2020-08-24 12:00:00,2020-08-24 13:00:00,4,0.3189741366859039,hourly
2020-08-24 13:00:00,2020-08-24 14:00:00,4,-0.11429919180397317,hourly
2020-08-24 14:00:00,2020-08-24 15:00:00,4,0.05974939409053246,hourly
2020-08-24 15:00:00,2020-08-24 16:00:00,4,-0.5431645256381514,hourly
2020-08-24 16:00:00,2020-08-24 17:00:00,4,-0.0575464279625997,hourly
2020-08-25 14:00:00,2020-08-25 15:00:00,4,0.5179551280666184,hourly
2020-08-26 11:00:00,2020-08-26 12:00:00,4,-0.8904700780774242,hourly
2020-08-26 12:00:00,2020-08-26 13:00:00,4,0.2702763637377477,hourly
2020-08-26 13:00:00,2020-08-26 14:00:00,4,0.3494340921205378,hourly
2020-08-26 14:00:00,2020-08-26 15:00:00,4,-0.8291686292443335,hourly
2020-08-26 16:00:00,2020-08-26 17:00:00,4,-0.8764920505631469,hourly
2020-08-26 17:00:00,2020-08-26 18:00:00,4,0.43227551973759626,hourly
2020-08-27 11:00:00,2020-08-27 12:00:00,4,-0.7283369014434596,hourly
2020-08-27 12:00:00,2020-08-27 13:00:00,4,0.08655025643412989,hourly
2020-08-27 13:00:00,2020-08-27 14:00:00,4,-0.934015633255335,hourly
2020-08-27 14:00:00,2020-08-27 15:00:00,4,-0.9470354471589592,hourly
2020-08-27 15:00:00,2020-08-27 16:00:00,4,-0.9277815736730984,hourly
2020-08-28 10:00:00,2020-08-28 11:00:00,4,0.5373505688752176,hourly
2020-08-28 11:00:00,2020-08-28 12:00:00,4,0.03347938487301465,hourly
2020-08-28 12:00:00,2020-08-28 13:00:00,4,-0.5721189265522779,hourly
2020-08-28 13:00:00,2020-08-28 14:00:00,4,0.5395871957989975,hourly
2020-08-28 14:00:00,2020-08-28 15:00:00,4,-0.5527842015818362,hourly
2020-08-28 15:00:00,2020-08-28 16:00:00,4,0.3079761892273937,hourly
2020-08-28 17:00:00,2020-08-28 18:00:00,4,-0.2709920632505014,hourly
2020-08-29 12:00:00,2020-08-29 13:00:00,4,-0.6368670689363958,hourly
2020-08-29 15:00:00,2020-08-29 16:00:00,4,0.40013217820953606,hourly
2020-08-29 16:00:00,2020-08-29 17:00:00,4,-0.20963425726158647,hourly
2020-08-29 18:00:00,2020-08-29 19:00:00,4,0.2062730760363266,hourly
2020-08-30 14:00:00,2020-08-30 15:00:00,4,-0.6305025288172351,hourly
2020-08-30 15:00:00,2020-08-30 16:00:00,4,0.055238578808112296,hourly
2020-08-31 13:00:00,2020-08-31 14:00:00,4,0.4835711132666827,hourly
2020-08-31 14:00:00,2020-08-31 15:00:00,4,-0.5404754252376267,hourly
2020-09-01 14:00:00,2020-09-01 15:00:00,4,-0.9642336672315607,hourly
2020-09-02 10:00:00,2020-09-02 11:00:00,4,0.0050876694241905095,hourly
2020-09-02 11:00:00,2020-09-02 12:00:00,4,0.13596261152808123,hourly
2020-09-04 09:00:00,2020-09-04 10:00:00,4,0.4654994058084907,hourly
2020-09-04 16:00:00,2020-09-04 17:00:00,4,0.2879070257949472,hourly
2020-09-05 09:00:00,2020-09-05 10:00:00,4,-0.7616806702348125,hourly
2020-09-05 13:00:00,2020-09-05 14:00:00,4,0.3169405067811338,hourly
2020-09-06 13:00:00,2020-09-06 14:00:00,4,0.12680154774693025,hourly
2020-09-06 14:00:00,2020-09-06 15:00:00,4,-0.7952451298990519,hourly
2020-09-07 09:00:00,2020-09-07 10:00:00,4,-0.17599432606950124,hourly
2020-09-07 10:00:00,2020-09-07 11:00:00,4,0.25049883307589493,hourly
2020-09-09 13:00:00,2020-09-09 14:00:00,4,0.5508828554430344,hourly
2020-09-10 13:00:00,2020-09-10 14:00:00,4,0.5780767493696009,hourly
2020-09-10 14:00:00,2020-09-10 15:00:00,4,-0.8708897172507448,hourly
2020-09-10 17:00:00,2020-09-10 18:00:00,4,0.1984139673098689,hourly
2020-09-11 08:00:00,2020-09-11 09:00:00,4,0.48142596485554395,hourly
2020-09-11 09:00:00,2020-09-11 10:00:00,4,-0.40259931126967363,hourly
2020-09-11 11:00:00,2020-09-11 12:00:00,4,0.0659839263748058,hourly
2020-09-11 12:00:00,2020-09-11 13:00:00,4,0.2834924555964475,hourly
2020-09-11 13:00:00,2020-09-11 14:00:00,4,-0.6134641107448846,hourly
2020-09-11 14:00:00,2020-09-11 15:00:00,4,0.5008196345677073,hourly
2020-09-11 15:00:00,2020-09-11 16:00:00,4,0.02144242529801387,hourly
2020-09-11 16:00:00,2020-09-11 17:00:00,4,-0.7420334845677905,hourly
2020-09-12 11:00:00,2020-09-12 12:00:00,4,0.4180222793683543,hourly
2020-09-12 13:00:00,2020-09-12 14:00:00,4,0.21915074380790764,hourly
2020-09-12 14:00:00,2020-09-12 15:00:00,4,0.5180651670160109,hourly
2020-09-13 10:00:00,2020-09-13 11:00:00,4,0.5004782354996828,hourly
2020-09-13 13:00:00,2020-09-13 14:00:00,4,0.5549027069163797,hourly
2020-09-13 14:00:00,2020-09-13 15:00:00,4,-0.3795386775300942,hourly
2020-09-13 15:00:00,2020-09-13 16:00:00,4,0.31854041079021733,hourly
2020-09-14 13:00:00,2020-09-14 14:00:00,4,0.5668082103870864,hourly
2020-09-16 10:00:00,2020-09-16 11:00:00,4,0.5566774432983866,hourly
2020-09-16 15:00:00,2020-09-16 16:00:00,4,-0.9661755499120303,hourly
2020-09-19 11:00:00,2020-09-19 12:00:00,4,-0.030419415098606274,hourly
2020-09-19 12:00:00,2020-09-19 13:00:00,4,-0.9904852466000125,hourly
2020-09-19 14:00:00,2020-09-19 15:00:00,4,-0.964491412951906,hourly
2020-09-19 15:00:00,2020-09-19 16:00:00,4,-0.6946232671770759,hourly
2020-09-19 17:00:00,2020-09-19 18:00:00,4,0.237905850834606,hourly
2020-09-20 11:00:00,2020-09-20 12:00:00,4,0.5686189670562463,hourly
2020-09-20 12:00:00,2020-09-20 13:00:00,4,0.411634593849114,hourly
2020-09-20 14:00:00,2020-09-20 15:00:00,4,0.12057879610448173,hourly
2020-09-21 11:00:00,2020-09-21 12:00:00,4,-0.19355957712870317,hourly
2020-09-21 13:00:00,2020-09-21 14:00:00,4,-0.7184292334129354,hourly
2020-09-22 13:00:00,2020-09-22 14:00:00,4,0.5323938644606426,hourly
2020-09-24 11:00:00,2020-09-24 12:00:00,4,0.267813147299442,hourly
2020-09-24 12:00:00,2020-09-24 13:00:00,4,-0.47735404767206957,hourly
2020-09-24 13:00:00,2020-09-24 14:00:00,4,-0.4441596488270571,hourly
2020-09-24 14:00:00,2020-09-24 15:00:00,4,0.4506370576066957,hourly
2020-09-25 12:00:00,2020-09-25 13:00:00,4,-0.9401047758312544,hourly
2020-09-25 13:00:00,2020-09-25 14:00:00,4,-0.7940729247446683,hourly
2020-09-25 14:00:00,2020-09-25 15:00:00,4,-0.988293814329591,hourly
2020-09-26 11:00:00,2020-09-26 12:00:00,4,-0.9649552214584406,hourly
2020-09-26 15:00:00,2020-09-26 16:00:00,4,-0.4245985750794452,hourly
2020-09-27 11:00:00,2020-09-27 12:00:00,4,-0.6618577768008189,hourly
2020-09-27 12:00:00,2020-09-27 13:00:00,4,0.48808433364771253,hourly
2020-09-27 13:00:00,2020-09-27 14:00:00,4,0.5065528352685447,hourly
2020-09-28 10:00:00,2020-09-28 11:00:00,4,0.18902374558010013,hourly
2020-09-28 11:00:00,2020-09-28 12:00:00,4,0.4162072698165627,hourly
2020-09-28 13:00:00,2020-09-28 14:00:00,4,0.5184635985648217,hourly
2020-09-29 14:00:00,2020-09-29 15:00:00,4,0.3728952764898011,hourly
2020-09-30 13:00:00,2020-09-30 14:00:00,4,-0.14365431675562118,hourly
2020-10-01 14:00:00,2020-10-01 15:00:00,4,-0.1371838250551828,hourly
2020-10-01 15:00:00,2020-10-01 16:00:00,4,0.539127278311682,hourly
2020-10-02 13:00:00,2020-10-02 14:00:00,4,-0.5724110468081165,hourly
2020-10-03 13:00:00,2020-10-03 14:00:00,4,-0.25635977294109175,hourly
2020-10-07 13:00:00,2020-10-07 14:00:00,4,0.14611509477155823,hourly
2020-10-07 14:00:00,2020-10-07 15:00:00,4,-0.9271924271759435,hourly
2020-10-07 15:00:00,2020-10-07 16:00:00,4,0.5233310230695558,hourly
2020-10-07 16:00:00,2020-10-07 17:00:00,4,-0.34887412708230203,hourly
2020-10-07 17:00:00,2020-10-07 18:00:00,4,0.41256558624541767,hourly
2020-10-07 18:00:00,2020-10-07 19:00:00,4,0.5868124657869445,hourly
2020-10-08 13:00:00,2020-10-08 14:00:00,4,-0.38652470406982625,hourly
2020-10-09 13:00:00,2020-10-09 14:00:00,4,-0.5633463330395553,hourly
2020-10-10 11:00:00,2020-10-10 12:00:00,4,-0.8553759732887809,hourly
2020-10-10 12:00:00,2020-10-10 13:00:00,4,0.32068038791148173,hourly
2020-10-10 13:00:00,2020-10-10 14:00:00,4,0.3014088032593501,hourly
2020-10-10 14:00:00,2020-10-10 15:00:00,4,-0.9719829528276511,hourly
2020-10-10 15:00:00,2020-10-10 16:00:00,4,0.3737235573420978,hourly
2020-10-10 16:00:00,2020-10-10 17:00:00,4,-0.4607860388429996,hourly
2020-10-13 10:00:00,2020-10-13 11:00:00,4,0.5484193199121691,hourly
2020-10-13 11:00:00,2020-10-13 12:00:00,4,0.5225110574084246,hourly
2020-10-13 12:00:00,2020-10-13 13:00:00,4,0.5537865188517569,hourly
2020-10-13 13:00:00,2020-10-13 14:00:00,4,0.009464995504363716,hourly
2020-10-13 14:00:00,2020-10-13 15:00:00,4,-0.225739275692558,hourly
2020-10-13 15:00:00,2020-10-13 16:00:00,4,0.25522035747119204,hourly
2020-10-13 16:00:00,2020-10-13 17:00:00,4,-0.036986821488127784,hourly
2020-10-16 13:00:00,2020-10-16 14:00:00,4,-0.5301267171753866,hourly
2020-10-17 13:00:00,2020-10-17 14:00:00,4,0.48845375419944315,hourly
2020-10-19 12:00:00,2020-10-19 13:00:00,4,-0.9123615291693258,hourly
2020-10-19 13:00:00,2020-10-19 14:00:00,4,-0.5209416660755068,hourly
2020-10-19 17:00:00,2020-10-19 18:00:00,4,0.5614885535912344,hourly
2020-10-20 12:00:00,2020-10-20 13:00:00,4,0.4281027763694726,hourly
2020-10-20 13:00:00,2020-10-20 14:00:00,4,-0.5840301107730288,hourly
2020-10-21 13:00:00,2020-10-21 14:00:00,4,0.15220700512021074,hourly
2020-10-22 13:00:00,2020-10-22 14:00:00,4,-0.6130608784174228,hourly
2020-10-23 10:00:00,2020-10-23 11:00:00,4,0.06020688545641769,hourly
2020-10-23 12:00:00,2020-10-23 13:00:00,4,-0.37808668602498335,hourly
2020-10-23 13:00:00,2020-10-23 14:00:00,4,-0.7903496929862344,hourly
2020-10-23 14:00:00,2020-10-23 15:00:00,4,0.5630870753783767,hourly
2020-10-24 09:00:00,2020-10-24 10:00:00,4,-0.8682550715922889,hourly
2020-10-24 11:00:00,2020-10-24 12:00:00,4,-0.5396119613175683,hourly
2020-10-24 12:00:00,2020-10-24 13:00:00,4,-0.8938053237322191,hourly
2020-10-24 13:00:00,2020-10-24 14:00:00,4,-0.02118409530267522,hourly
2020-10-24 16:00:00,2020-10-24 17:00:00,4,-0.6094816353582526,hourly
2020-10-25 09:00:00,2020-10-25 10:00:00,4,0.3484833570729508,hourly
2020-10-25 10:00:00,2020-10-25 11:00:00,4,-0.9402477610367124,hourly
2020-10-25 11:00:00,2020-10-25 12:00:00,4,-0.9837295314293663,hourly
2020-10-25 15:00:00,2020-10-25 16:00:00,4,-0.9667937356915906,hourly
2020-10-25 16:00:00,2020-10-25 17:00:00,4,-0.9760247538416257,hourly
2020-10-25 17:00:00,2020-10-25 18:00:00,4,-0.9528490955688793,hourly
2020-10-26 12:00:00,2020-10-26 13:00:00,4,-0.31412519462162364,hourly
2020-10-26 13:00:00,2020-10-26 14:00:00,4,-0.2655860136865931,hourly
2020-10-27 11:00:00,2020-10-27 12:00:00,4,-0.3031462841937694,hourly
2020-10-27 12:00:00,2020-10-27 13:00:00,4,-0.7007532335767114,hourly
2020-10-27 13:00:00,2020-10-27 14:00:00,4,-0.9178121332078926,hourly
2020-10-27 14:00:00,2020-10-27 15:00:00,4,-0.0020380687952330427,hourly
2020-10-27 15:00:00,2020-10-27 16:00:00,4,-0.6206412034238119,hourly
2020-10-27 16:00:00,2020-10-27 17:00:00,4,-0.450849674057079,hourly
2020-10-29 10:00:00,2020-10-29 11:00:00,4,-0.9307760119205707,hourly
2020-10-29 11:00:00,2020-10-29 12:00:00,4,-0.8464154308698071,hourly
2020-10-29 12:00:00,2020-10-29 13:00:00,4,-0.9872631112299296,hourly
2020-10-29 13:00:00,2020-10-29 14:00:00,4,0.08008825528234653,hourly
2020-10-29 14:00:00,2020-10-29 15:00:00,4,0.5307718279768961,hourly
2020-10-30 10:00:00,2020-10-30 11:00:00,4,0.582536926950297,hourly
2020-10-30 11:00:00,2020-10-30 12:00:00,4,-0.9178808146554002,hourly
2020-10-30 13:00:00,2020-10-30 14:00:00,4,0.43107168564970366,hourly
2020-10-30 14:00:00,2020-10-30 15:00:00,4,-0.8028646703510827,hourly
2020-10-30 17:00:00,2020-10-30 18:00:00,4,0.4020356274389749,hourly
2020-10-31 11:00:00,2020-10-31 12:00:00,4,-0.8293250184457002,hourly
2020-10-31 12:00:00,2020-10-31 13:00:00,4,-0.9595888992400531,hourly
2020-10-31 13:00:00,2020-10-31 14:00:00,4,0.17865868179794003,hourly
2020-10-31 14:00:00,2020-10-31 15:00:00,4,-0.949959447712915,hourly
2020-10-31 15:00:00,2020-10-31 16:00:00,4,-0.9389452231482379,hourly
2020-10-31 16:00:00,2020-10-31 17:00:00,4,-0.7783454099861372,hourly
2020-11-01 13:00:00,2020-11-01 14:00:00,4,0.03559862241285457,hourly
2020-11-01 15:00:00,2020-11-01 16:00:00,4,-0.9248431284919673,hourly
2020-11-02 13:00:00,2020-11-02 14:00:00,4,-0.284970866313622,hourly
2020-11-02 14:00:00,2020-11-02 15:00:00,4,-0.8218814910535476,hourly
2020-11-02 15:00:00,2020-11-02 16:00:00,4,-0.7659320808695083,hourly
2020-11-03 13:00:00,2020-11-03 14:00:00,4,-0.7481464415812898,hourly
2020-11-03 15:00:00,2020-11-03 16:00:00,4,-0.9778295265895453,hourly
2020-11-04 11:00:00,2020-11-04 12:00:00,4,-0.45346881987323867,hourly
2020-11-04 12:00:00,2020-11-04 13:00:00,4,-0.9971431865762161,hourly
2020-11-04 13:00:00,2020-11-04 14:00:00,4,-0.6610909138093893,hourly
2020-11-04 16:00:00,2020-11-04 17:00:00,4,-0.9859732570931039,hourly
2020-11-05 10:00:00,2020-11-05 11:00:00,4,-0.7925510829799299,hourly
2020-11-05 11:00:00,2020-11-05 12:00:00,4,-0.7049188036343729,hourly
2020-11-05 12:00:00,2020-11-05 13:00:00,4,-0.6202871318359431,hourly
2020-11-05 13:00:00,2020-11-05 14:00:00,4,-0.49051490514904916,hourly
2020-11-05 17:00:00,2020-11-05 18:00:00,4,-0.12568737874373354,hourly
2020-11-06 10:00:00,2020-11-06 11:00:00,4,-0.3832325342612491,hourly
2020-11-06 11:00:00,2020-11-06 12:00:00,4,-0.8700294033837486,hourly
2020-11-06 14:00:00,2020-11-06 15:00:00,4,-0.7881212908758679,hourly
2020-11-06 15:00:00,2020-11-06 16:00:00,4,-0.5682368738825769,hourly
2020-11-06 16:00:00,2020-11-06 17:00:00,4,-0.9404748690793441,hourly
2020-11-07 12:00:00,2020-11-07 13:00:00,4,-0.7470638532851007,hourly
2020-11-07 13:00:00,2020-11-07 14:00:00,4,-0.5816458032095043,hourly
2020-11-07 15:00:00,2020-11-07 16:00:00,4,-0.9601343436072878,hourly
2020-11-08 13:00:00,2020-11-08 14:00:00,4,-0.6941241181724462,hourly
2020-11-08 15:00:00,2020-11-08 16:00:00,4,-0.8704532621560023,hourly
2020-11-09 12:00:00,2020-11-09 13:00:00,4,-0.7961267046688473,hourly
2020-11-09 13:00:00,2020-11-09 14:00:00,4,-0.433251493904055,hourly
2020-11-09 16:00:00,2020-11-09 17:00:00,4,0.007159690560050008,hourly
2020-11-10 11:00:00,2020-11-10 12:00:00,4,0.32305471313403566,hourly
2020-11-10 12:00:00,2020-11-10 13:00:00,4,-0.6342070317650482,hourly
2020-11-10 13:00:00,2020-11-10 14:00:00,4,-0.9423839046857316,hourly
2020-11-10 14:00:00,2020-11-10 15:00:00,4,-0.8871021245866484,hourly
2020-11-11 09:00:00,2020-11-11 10:00:00,4,0.47062866436709627,hourly
2020-11-12 09:00:00,2020-11-12 10:00:00,4,0.08579816978367023,hourly
2020-11-12 12:00:00,2020-11-12 13:00:00,4,-0.8570047203906471,hourly
2020-11-12 13:00:00,2020-11-12 14:00:00,4,0.5882274028205666,hourly
2020-11-12 15:00:00,2020-11-12 16:00:00,4,-0.9192515874247432,hourly
2020-11-12 16:00:00,2020-11-12 17:00:00,4,0.19973853664444632,hourly
2020-11-13 09:00:00,2020-11-13 10:00:00,4,0.3387830666841365,hourly
2020-11-13 13:00:00,2020-11-13 14:00:00,4,-0.6102807049096899,hourly
2020-11-13 15:00:00,2020-11-13 16:00:00,4,-0.943653236891277,hourly
2020-11-13 16:00:00,2020-11-13 17:00:00,4,-0.008945823197125093,hourly
2020-11-15 12:00:00,2020-11-15 13:00:00,4,0.312383237465926,hourly
2020-11-15 13:00:00,2020-11-15 14:00:00,4,-0.6115250695282323,hourly
2020-11-15 14:00:00,2020-11-15 15:00:00,4,-0.04465840310206145,hourly
2020-11-15 15:00:00,2020-11-15 16:00:00,4,0.5180637223466374,hourly
2020-11-16 12:00:00,2020-11-16 13:00:00,4,-0.35892748982047357,hourly
2020-11-16 14:00:00,2020-11-16 15:00:00,4,-0.785565588734387,hourly
2020-11-16 15:00:00,2020-11-16 16:00:00,4,-0.028062935620800863,hourly
2020-11-17 13:00:00,2020-11-17 14:00:00,4,0.10729518134105465,hourly
2020-11-17 15:00:00,2020-11-17 16:00:00,4,-0.08771037577429806,hourly
2020-11-18 12:00:00,2020-11-18 13:00:00,4,-0.5161580414194841,hourly
2020-11-19 11:00:00,2020-11-19 12:00:00,4,0.5942808935177556,hourly
2020-11-19 12:00:00,2020-11-19 13:00:00,4,-0.9833031918079348,hourly
2020-11-19 13:00:00,2020-11-19 14:00:00,4,-0.944566406558094,hourly
2020-11-19 14:00:00,2020-11-19 15:00:00,4,0.19153550873988076,hourly
2020-11-19 15:00:00,2020-11-19 16:00:00,4,-0.9394875073489679,hourly
2020-11-20 10:00:00,2020-11-20 11:00:00,4,0.2494643759477099,hourly
2020-11-20 12:00:00,2020-11-20 13:00:00,4,-0.5295811875121861,hourly
2020-11-20 13:00:00,2020-11-20 14:00:00,4,-0.10922136850828083,hourly
2020-11-20 14:00:00,2020-11-20 15:00:00,4,-0.08720531012860909,hourly
2020-11-22 13:00:00,2020-11-22 14:00:00,4,-0.17426663588989885,hourly
2020-11-22 14:00:00,2020-11-22 15:00:00,4,-0.9203662023378724,hourly
2020-11-24 09:00:00,2020-11-24 10:00:00,4,0.536541020978992,hourly
2020-11-24 11:00:00,2020-11-24 12:00:00,4,0.2686631075605737,hourly
2020-11-24 13:00:00,2020-11-24 14:00:00,4,0.41911628254028427,hourly
2020-11-24 14:00:00,2020-11-24 15:00:00,4,0.504385268279556,hourly
2020-11-27 13:00:00,2020-11-27 14:00:00,4,0.18125801139429829,hourly
2020-11-27 15:00:00,2020-11-27 16:00:00,4,0.5799961194544542,hourly
2020-11-28 12:00:00,2020-11-28 13:00:00,4,-0.436540755372675,hourly
2020-11-28 14:00:00,2020-11-28 15:00:00,4,-0.6763191175229372,hourly
2020-11-28 15:00:00,2020-11-28 16:00:00,4,0.16600687711570683,hourly
2020-11-29 13:00:00,2020-11-29 14:00:00,4,0.5781098523291995,hourly
2020-11-29 16:00:00,2020-11-29 17:00:00,4,0.41255289195014433,hourly
2020-11-30 12:00:00,2020-11-30 13:00:00,4,0.5961245624421367,hourly
2020-11-30 14:00:00,2020-11-30 15:00:00,4,0.2522657672907321,hourly
2020-12-01 10:00:00,2020-12-01 11:00:00,4,0.5918986235713461,hourly
2020-12-01 13:00:00,2020-12-01 14:00:00,4,-0.930808967290784,hourly
2020-12-01 14:00:00,2020-12-01 15:00:00,4,0.09344665919957347,hourly
2020-12-02 13:00:00,2020-12-02 14:00:00,4,0.4918871400708014,hourly
2020-12-07 09:00:00,2020-12-07 10:00:00,4,0.5566291711820719,hourly
2020-12-07 13:00:00,2020-12-07 14:00:00,4,0.2487474652216506,hourly
2020-12-07 16:00:00,2020-12-07 17:00:00,4,0.5998164088881345,hourly
2020-12-08 12:00:00,2020-12-08 13:00:00,4,0.22974927052572572,hourly
2020-12-08 13:00:00,2020-12-08 14:00:00,4,0.28528880461316464,hourly
2020-12-09 13:00:00,2020-12-09 14:00:00,4,0.0675221414350181,hourly
2020-12-09 15:00:00,2020-12-09 16:00:00,4,0.49221851710375897,hourly
2020-12-10 15:00:00,2020-12-10 16:00:00,4,0.47063673259559563,hourly
2020-12-11 12:00:00,2020-12-11 13:00:00,4,-0.9751194312931055,hourly
2020-12-11 13:00:00,2020-12-11 14:00:00,4,-0.44017745480613474,hourly
2020-12-11 14:00:00,2020-12-11 15:00:00,4,-0.962506520690035,hourly
2020-12-11 15:00:00,2020-12-11 16:00:00,4,0.46605951124251915,hourly
2020-12-12 11:00:00,2020-12-12 12:00:00,4,-0.4724250185085636,hourly
2020-12-12 12:00:00,2020-12-12 13:00:00,4,-0.9438695600653964,hourly
2020-12-12 13:00:00,2020-12-12 14:00:00,4,0.5535227999468105,hourly
2020-12-12 14:00:00,2020-12-12 15:00:00,4,-0.7071747875456607,hourly
2020-12-12 16:00:00,2020-12-12 17:00:00,4,0.5254521641667059,hourly
2020-12-13 14:00:00,2020-12-13 15:00:00,4,-0.027275049876978572,hourly
2020-12-16 13:00:00,2020-12-16 14:00:00,4,-0.5025785320195217,hourly
2020-12-18 13:00:00,2020-12-18 14:00:00,4,-0.040694647279449755,hourly
2020-12-18 15:00:00,2020-12-18 16:00:00,4,0.28124350997520725,hourly
2020-12-21 12:00:00,2020-12-21 13:00:00,4,0.10325862687732797,hourly
2020-12-21 13:00:00,2020-12-21 14:00:00,4,-0.24419574812266887,hourly
2020-12-22 14:00:00,2020-12-22 15:00:00,4,0.5194696864304595,hourly
2020-12-25 13:00:00,2020-12-25 14:00:00,4,-0.17964710926975822,hourly
2020-12-25 14:00:00,2020-12-25 15:00:00,4,0.5916914527262697,hourly
2020-12-27 13:00:00,2020-12-27 14:00:00,4,-0.1109410304721982,hourly
2020-12-28 11:00:00,2020-12-28 12:00:00,4,-0.9361247601184528,hourly
2020-12-28 12:00:00,2020-12-28 13:00:00,4,-0.8429778285711083,hourly
2020-12-28 14:00:00,2020-12-28 15:00:00,4,-0.9842431554413944,hourly
2020-12-29 12:00:00,2020-12-29 13:00:00,4,-0.853503804321942,hourly
2020-12-29 13:00:00,2020-12-29 14:00:00,4,-0.6061668111596202,hourly
2020-12-29 16:00:00,2020-12-29 17:00:00,4,0.25211907363873015,hourly
2020-12-30 13:00:00,2020-12-30 14:00:00,4,-0.9703201108850524,hourly
2020-12-30 14:00:00,2020-12-30 15:00:00,4,0.21726430268395686,hourly
2020-12-30 16:00:00,2020-12-30 17:00:00,4,0.14981734426798177,hourly
2020-12-31 09:00:00,2020-12-31 10:00:00,4,0.40686775371317513,hourly
2020-12-31 12:00:00,2020-12-31 13:00:00,4,0.3977768213343361,hourly
