period_start,n,corr
2019-01-01 08:00:00,4,0.999360968787589
2019-01-01 09:00:00,4,0.9981007519028808
2019-01-01 10:00:00,4,0.9937927550298256
2019-01-01 11:00:00,4,0.9900164517676332
2019-01-01 12:00:00,4,0.6568226866501642
2019-01-01 13:00:00,4,0.8988341681148263
2019-01-01 14:00:00,4,0.22558669962272918
2019-01-01 15:00:00,4,0.9981389051431453
2019-01-01 16:00:00,4,0.9870314652517385
2019-01-02 08:00:00,4,0.9955155768421852
2019-01-02 09:00:00,4,0.9953661173885407
2019-01-02 10:00:00,4,0.9914395535234524
2019-01-02 11:00:00,4,0.9988751859395744
2019-01-02 12:00:00,4,0.9851775171411002
2019-01-02 13:00:00,4,0.997155883350539
2019-01-02 14:00:00,4,0.9963494668556306
2019-01-02 15:00:00,4,0.9976023295708574
2019-01-02 16:00:00,4,0.9993275421307937
2019-01-03 08:00:00,4,0.999902435824586
2019-01-03 09:00:00,4,0.9999946026063002
2019-01-03 10:00:00,4,0.9991366855976185
2019-01-03 11:00:00,4,0.9948121073868559
2019-01-03 12:00:00,4,0.9586398327799551
2019-01-03 13:00:00,4,0.9964584225501696
2019-01-03 14:00:00,4,0.922979022114449
2019-01-03 15:00:00,4,0.999584413930533
2019-01-03 16:00:00,4,0.9991124849997943
2019-01-04 08:00:00,4,0.9987686769264836
2019-01-04 09:00:00,4,0.976529365827444
2019-01-04 10:00:00,4,0.9956517110175904
2019-01-04 11:00:00,4,0.949286082399165
2019-01-04 12:00:00,4,0.978188723368183
2019-01-04 13:00:00,4,0.9731022682810977
2019-01-04 14:00:00,4,0.9686016567767589
2019-01-04 15:00:00,4,0.9817349512271402
2019-01-04 16:00:00,4,0.9814175272839751
2019-01-05 08:00:00,4,0.9912040494075011
2019-01-05 09:00:00,4,0.9953696520180105
2019-01-05 10:00:00,4,0.9130060725712345
2019-01-05 11:00:00,4,0.9630070472776731
2019-01-05 12:00:00,4,0.9795185535852797
2019-01-05 13:00:00,4,0.995903992125499
2019-01-05 14:00:00,4,0.9987976966531376
2019-01-05 15:00:00,4,0.9864674565935089
2019-01-05 16:00:00,4,0.9983954144391213
2019-01-06 08:00:00,4,0.9925894069376754
2019-01-06 09:00:00,4,0.9910790562199789
2019-01-06 10:00:00,4,0.9858141080877687
2019-01-06 11:00:00,4,0.8891013717414518
2019-01-06 12:00:00,4,0.9975073208647232
2019-01-06 13:00:00,4,0.9551513453987605
2019-01-06 14:00:00,4,0.9965979473740195
2019-01-06 15:00:00,4,0.9975788239529886
2019-01-06 16:00:00,4,0.9937052316600942
2019-01-07 08:00:00,4,0.9973982731854127
2019-01-07 09:00:00,4,0.9995584073138104
2019-01-07 10:00:00,4,0.9977199619239111
2019-01-07 11:00:00,4,0.780793385291144
2019-01-07 12:00:00,4,0.9226476643694139
2019-01-07 13:00:00,4,0.9851144643681641
2019-01-07 14:00:00,4,0.993121986283402
2019-01-07 15:00:00,4,0.9209444208031312
2019-01-07 16:00:00,4,0.9963891644569195
2019-01-08 08:00:00,4,0.999939955970765
2019-01-08 09:00:00,4,0.9892423820766758
2019-01-08 10:00:00,4,0.9995456343344217
2019-01-08 11:00:00,4,0.9944792256540825
2019-01-08 12:00:00,4,0.9889432681765828
2019-01-08 13:00:00,4,0.9954802089918905
2019-01-08 14:00:00,4,0.9923055740272801
2019-01-08 15:00:00,4,0.9991388839461957
2019-01-08 16:00:00,4,0.9992597248599555
2019-01-09 08:00:00,4,0.9952747085999368
2019-01-09 09:00:00,4,0.9970115868429865
2019-01-09 10:00:00,4,0.8552693830481827
2019-01-09 11:00:00,4,0.8858604433396013
2019-01-09 12:00:00,4,0.981936558952426
2019-01-09 13:00:00,4,0.982698846128922
2019-01-09 14:00:00,4,0.9891631993044905
2019-01-09 15:00:00,4,0.987552452284148
2019-01-09 16:00:00,4,0.9790040105886546
2019-01-10 08:00:00,4,0.9570543302063969
2019-01-10 09:00:00,4,0.9386248505942333
2019-01-10 10:00:00,4,0.9888174584394386
2019-01-10 11:00:00,4,0.9016157800650358
2019-01-10 12:00:00,4,0.9933645878533832
2019-01-10 13:00:00,4,0.9588642904529313
2019-01-10 14:00:00,4,0.9632444658395738
2019-01-10 15:00:00,4,0.9980578049204768
2019-01-10 16:00:00,4,0.9030776059563029
2019-01-11 08:00:00,4,0.9888681149443839
2019-01-11 09:00:00,4,0.9813874135433303
2019-01-11 10:00:00,4,0.9953892946991707
2019-01-11 11:00:00,4,0.9604132481274674
2019-01-11 12:00:00,4,0.8693810533189491
2019-01-11 13:00:00,4,0.9804612416569034
2019-01-11 14:00:00,4,0.9619930822530933
2019-01-11 15:00:00,4,0.9979985661341944
2019-01-11 16:00:00,4,0.956960828811544
2019-01-11 17:00:00,3,0.9933992677987827
2019-01-12 08:00:00,4,0.9897271367668993
2019-01-12 09:00:00,4,0.9857192550152979
2019-01-12 10:00:00,4,0.9543702400886521
2019-01-12 11:00:00,4,0.9745097501336586
2019-01-12 12:00:00,4,0.9585193422735099
2019-01-12 13:00:00,4,0.7874982577678613
2019-01-12 14:00:00,4,0.9942530647271568
2019-01-12 15:00:00,4,0.9767864998105873
2019-01-12 16:00:00,4,0.9977427869698469
2019-01-12 17:00:00,3,0.9999955256369814
2019-01-13 08:00:00,4,0.9991200690737297
2019-01-13 09:00:00,4,0.8268272863460784
2019-01-13 10:00:00,4,0.9116395216598646
2019-01-13 11:00:00,4,0.9743386159773654
2019-01-13 12:00:00,4,0.8697879162080958
2019-01-13 13:00:00,4,0.973639814000195
2019-01-13 14:00:00,4,0.9974735961100839
2019-01-13 15:00:00,4,0.9595633805642843
2019-01-13 16:00:00,4,0.9947373135587341
2019-01-13 17:00:00,3,0.9999477943095441
2019-01-14 08:00:00,4,0.9949580775934532
2019-01-14 09:00:00,4,0.9987037754936634
2019-01-14 10:00:00,4,0.9992839765250533
2019-01-14 11:00:00,4,0.9919076793967675
2019-01-14 12:00:00,4,0.9993996996059133
2019-01-14 13:00:00,4,0.9896576401113193
2019-01-14 14:00:00,4,0.9972257379273907
2019-01-14 15:00:00,4,0.9993910486080361
2019-01-14 16:00:00,4,0.9820893760322951
2019-01-15 08:00:00,4,0.9998526471590189
2019-01-15 09:00:00,4,0.9787768683434227
2019-01-15 10:00:00,4,0.8228179391379278
2019-01-15 11:00:00,4,0.9447703797789399
2019-01-15 12:00:00,4,0.983134985555523
2019-01-15 13:00:00,4,0.8966682683888809
2019-01-15 14:00:00,4,0.9861524079731441
2019-01-15 15:00:00,4,0.8234591356250964
2019-01-15 16:00:00,4,0.9975329652222167
2019-01-16 08:00:00,4,0.9920702944536314
2019-01-16 09:00:00,4,0.997078426872786
2019-01-16 10:00:00,4,0.9689950798648083
2019-01-16 11:00:00,4,0.9800148633539664
2019-01-16 12:00:00,4,0.9438818452674497
2019-01-16 13:00:00,4,0.9982016281927764
2019-01-16 14:00:00,4,0.9588123980618817
2019-01-16 15:00:00,4,0.999699770923693
2019-01-16 16:00:00,4,0.9895828290077766
2019-01-16 17:00:00,3,0.9996423652887039
2019-01-17 08:00:00,4,0.9849588263553594
2019-01-17 09:00:00,4,0.9851733756660234
2019-01-17 10:00:00,4,0.9990512220578817
2019-01-17 11:00:00,4,0.9852304263817254
2019-01-17 12:00:00,4,-0.021593241202333652
2019-01-17 13:00:00,4,0.9595214804131402
2019-01-17 14:00:00,4,0.983274035418082
2019-01-17 15:00:00,4,0.9992816617088153
2019-01-17 16:00:00,4,0.9971802483248888
2019-01-17 17:00:00,3,0.9991332022575183
2019-01-18 08:00:00,4,0.9830106143020313
2019-01-18 09:00:00,4,0.9823922024855455
2019-01-18 10:00:00,4,0.9966282158482539
2019-01-18 11:00:00,4,0.9016896581550793
2019-01-18 12:00:00,4,0.8357201543741729
2019-01-18 13:00:00,4,0.997435339744165
2019-01-18 14:00:00,4,0.985943587755125
2019-01-18 15:00:00,4,0.9931865082743013
2019-01-18 16:00:00,4,0.999719466744241
2019-01-18 17:00:00,3,0.9966158955401241
2019-01-19 08:00:00,4,0.9952648446582928
2019-01-19 09:00:00,4,0.9995636982148577
2019-01-19 10:00:00,4,0.9905558803190625
2019-01-19 11:00:00,4,0.5460089865128013
2019-01-19 12:00:00,4,0.9713882761946795
2019-01-19 13:00:00,4,0.9977064802871314
2019-01-19 14:00:00,4,0.9950135744248463
2019-01-19 15:00:00,4,0.9929301986179766
2019-01-19 16:00:00,4,0.9972785351740946
2019-01-20 08:00:00,4,0.9996452686596515
2019-01-20 09:00:00,4,0.9911816890853148
2019-01-20 10:00:00,4,0.6124674334621191
2019-01-20 11:00:00,4,0.9776771824586601
2019-01-20 12:00:00,4,0.965849871430359
2019-01-20 13:00:00,4,0.7430892757209003
2019-01-20 14:00:00,4,0.9987660880838692
2019-01-20 15:00:00,4,0.8988212051988572
2019-01-20 16:00:00,4,0.99993421518306
2019-01-20 17:00:00,3,0.9995828625269703
2019-01-21 08:00:00,4,0.9916446525993179
2019-01-21 09:00:00,4,0.9885369218606505
2019-01-21 10:00:00,4,0.9960771082227619
2019-01-21 11:00:00,4,0.9684540678600646
2019-01-21 12:00:00,4,0.602627126861454
2019-01-21 13:00:00,4,0.9632159565121161
2019-01-21 14:00:00,4,0.9758393547696845
2019-01-21 15:00:00,4,0.9760024555362962
2019-01-21 16:00:00,4,0.9991822728255964
2019-01-21 17:00:00,3,0.9994744122983094
2019-01-22 08:00:00,4,0.9642079052622475
2019-01-22 09:00:00,4,0.9988084331756288
2019-01-22 10:00:00,4,0.9997313510947714
2019-01-22 11:00:00,4,0.9926159746707685
2019-01-22 12:00:00,4,-0.2616249285798827
2019-01-22 13:00:00,4,0.9348178843539886
2019-01-22 14:00:00,4,0.9862826225645192
2019-01-22 15:00:00,4,0.9982562879697064
2019-01-22 16:00:00,4,0.9981367530949702
2019-01-22 17:00:00,3,0.999502912699976
2019-01-23 08:00:00,4,0.9923901061863153
2019-01-23 09:00:00,4,0.9945204484122669
2019-01-23 10:00:00,4,0.9997781765910104
2019-01-23 11:00:00,4,0.9979276704947007
2019-01-23 12:00:00,4,-0.24016510135516672
2019-01-23 13:00:00,4,0.960326559484742
2019-01-23 14:00:00,4,0.9938975845214831
2019-01-23 15:00:00,4,0.9991680212261308
2019-01-23 16:00:00,4,0.9928982437644831
2019-01-23 17:00:00,3,0.9958324645152303
2019-01-24 08:00:00,4,0.9282524740449178
2019-01-24 09:00:00,4,0.9995070914391521
2019-01-24 10:00:00,4,0.9998734329979149
2019-01-24 11:00:00,4,0.9985764433619687
2019-01-24 12:00:00,4,0.9186718301272185
2019-01-24 13:00:00,4,0.9952937675062317
2019-01-24 14:00:00,4,0.9990205460762508
2019-01-24 15:00:00,4,0.8132661172200143
2019-01-24 16:00:00,4,0.927768011056343
2019-01-24 17:00:00,3,0.9974345908298804
2019-01-25 08:00:00,4,0.9845362511145618
2019-01-25 09:00:00,4,0.9516031262184824
2019-01-25 10:00:00,4,0.9991920067062146
2019-01-25 11:00:00,4,0.9975100996978098
2019-01-25 12:00:00,4,0.9987091565670271
2019-01-25 13:00:00,4,0.9973754623268342
2019-01-25 14:00:00,4,0.9919919994183951
2019-01-25 15:00:00,4,0.9969193725749279
2019-01-25 16:00:00,4,0.996293141289146
2019-01-25 17:00:00,3,0.995417247985677
2019-01-26 08:00:00,4,0.9992288662005987
2019-01-26 09:00:00,4,0.9997872317207012
2019-01-26 10:00:00,4,0.9968173266381499
2019-01-26 11:00:00,4,0.9642996518113479
2019-01-26 12:00:00,4,0.9983113553232417
2019-01-26 13:00:00,4,0.9765989927980387
2019-01-26 14:00:00,4,0.9695725877746374
2019-01-26 15:00:00,4,0.9985919556828574
2019-01-26 16:00:00,4,0.9988764138553126
2019-01-26 17:00:00,3,0.9999482170226192
2019-01-27 08:00:00,4,0.9838964770441878
2019-01-27 09:00:00,4,0.9998828123227994
2019-01-27 10:00:00,4,0.9993098568723593
2019-01-27 11:00:00,4,0.9774832320474828
2019-01-27 12:00:00,4,0.9993794628090252
2019-01-27 13:00:00,4,0.9572202016855381
2019-01-27 14:00:00,4,0.9989747420626665
2019-01-27 15:00:00,4,0.9985134647108173
2019-01-27 16:00:00,4,0.9936843605433461
2019-01-28 08:00:00,4,0.9726718536996041
2019-01-28 09:00:00,4,0.9994819208943899
2019-01-28 10:00:00,4,0.9875906682664447
2019-01-28 11:00:00,4,0.9724993328476843
2019-01-28 12:00:00,4,0.9997541922479608
2019-01-28 13:00:00,4,0.9808345329053081
2019-01-28 14:00:00,4,0.9708225158560373
2019-01-28 15:00:00,4,0.9810190229065441
2019-01-28 16:00:00,4,0.9999382974666204
2019-01-29 08:00:00,4,0.9991123683833651
2019-01-29 09:00:00,4,0.995175137825757
2019-01-29 10:00:00,4,0.9952923682768032
2019-01-29 11:00:00,4,0.9989524325260745
2019-01-29 12:00:00,4,0.995854521825544
2019-01-29 13:00:00,4,0.9979161455616022
2019-01-29 14:00:00,4,0.9994128756748883
2019-01-29 15:00:00,4,0.9692937629661014
2019-01-29 16:00:00,4,0.9290713926790614
2019-01-30 08:00:00,4,0.787816212633531
2019-01-30 09:00:00,4,0.967590762697728
2019-01-30 10:00:00,4,0.993357585111652
2019-01-30 11:00:00,4,0.9964006361782662
2019-01-30 12:00:00,4,0.9953775841132758
2019-01-30 13:00:00,4,0.9537370858635235
2019-01-30 14:00:00,4,0.869996343983927
2019-01-30 15:00:00,4,0.9939833595568084
2019-01-30 16:00:00,4,0.9966241777274539
2019-01-31 11:00:00,4,0.8062357185439665
2019-01-31 12:00:00,4,0.9801383798040265
2019-01-31 13:00:00,4,0.9916542168453508
2019-01-31 14:00:00,4,0.7476031603962326
2019-01-31 15:00:00,4,0.9481726053926517
2019-01-31 16:00:00,4,0.9606270079263832
2019-01-31 17:00:00,4,0.994564838922414
2019-02-01 08:00:00,4,0.9879645342691064
2019-02-01 09:00:00,4,0.995573715848997
2019-02-01 10:00:00,4,0.829974397738245
2019-02-01 11:00:00,4,0.9463475428561027
2019-02-01 12:00:00,4,0.06335851997022195
2019-02-01 13:00:00,4,0.6046363099944395
2019-02-01 14:00:00,4,0.9947444345604215
2019-02-01 15:00:00,4,0.9985743807958467
2019-02-01 16:00:00,4,0.9985741423724499
2019-02-01 17:00:00,4,0.9999671604126039
2019-02-02 08:00:00,4,0.995403430542751
2019-02-02 09:00:00,4,0.9976052154113676
2019-02-02 10:00:00,4,0.9914071005546525
2019-02-02 11:00:00,4,-1.0
2019-02-02 12:00:00,4,0.9127853332251935
2019-02-02 13:00:00,4,0.9703933783152242
2019-02-02 14:00:00,4,0.9901423184106588
2019-02-02 15:00:00,4,0.9979977936514224
2019-02-02 16:00:00,4,0.9959651175001084
2019-02-02 17:00:00,3,0.9933992677987826
2019-02-03 08:00:00,4,0.9948111128703742
2019-02-03 09:00:00,4,0.9997372327618013
2019-02-03 10:00:00,4,0.9954025863443287
2019-02-03 11:00:00,4,0.997016292995584
2019-02-03 12:00:00,4,0.9994079180843197
2019-02-03 13:00:00,4,0.9786053769692598
2019-02-03 14:00:00,4,0.9852240098657741
2019-02-03 15:00:00,4,0.9983144345288769
2019-02-03 16:00:00,4,0.9280461789154684
2019-02-03 17:00:00,4,0.9997928499965112
2019-02-04 07:00:00,3,0.9995261928709622
2019-02-04 08:00:00,4,0.996080182248922
2019-02-04 09:00:00,4,0.999932076487908
2019-02-04 10:00:00,4,0.9917124987266202
2019-02-04 11:00:00,4,0.993674796333695
2019-02-04 12:00:00,4,0.9934984021517503
2019-02-04 13:00:00,4,0.9945337993964292
2019-02-04 14:00:00,4,0.9929087177654476
2019-02-04 15:00:00,4,0.9900381076601344
2019-02-04 16:00:00,4,0.99971544171102
2019-02-04 17:00:00,3,0.999698874772916
2019-02-05 08:00:00,4,0.9991037692017699
2019-02-05 09:00:00,4,0.9992769239616808
2019-02-05 10:00:00,4,0.9987786176088622
2019-02-05 11:00:00,4,0.9856923248199266
2019-02-05 12:00:00,4,0.9971358856654535
2019-02-05 13:00:00,4,0.9990791279402718
2019-02-05 14:00:00,4,0.9325964576172704
2019-02-05 15:00:00,4,0.9900472655732862
2019-02-05 16:00:00,4,0.9994728841656216
2019-02-05 17:00:00,4,0.9997775505197507
2019-02-06 07:00:00,3,0.9981955657806817
2019-02-06 08:00:00,4,0.9946549589476738
2019-02-06 09:00:00,4,0.9593982985594808
2019-02-06 10:00:00,4,0.8423308504905875
2019-02-06 11:00:00,4,0.9831869854808302
2019-02-06 12:00:00,4,0.9551320835139179
2019-02-06 13:00:00,4,0.9965536632573473
2019-02-06 14:00:00,4,0.8031946610714209
2019-02-06 15:00:00,4,0.548342887286123
2019-02-06 16:00:00,4,0.9846204945327555
2019-02-07 07:00:00,3,0.9978822234468194
2019-02-07 08:00:00,4,0.9993871507684015
2019-02-07 09:00:00,4,0.9795579206683747
2019-02-07 10:00:00,4,0.9502493979497245
2019-02-07 11:00:00,4,0.8787841514288591
2019-02-07 12:00:00,4,0.9795917361747881
2019-02-07 13:00:00,4,0.9817806365146458
2019-02-07 14:00:00,4,0.9911167127148071
2019-02-07 15:00:00,4,0.9987132209225933
2019-02-07 16:00:00,4,0.9995181575262208
2019-02-08 08:00:00,4,0.9941114342493619
2019-02-08 09:00:00,4,0.9984955035195772
2019-02-08 10:00:00,4,0.9954507711912962
2019-02-08 11:00:00,4,0.6219835799022362
2019-02-08 12:00:00,4,0.947014016368913
2019-02-08 13:00:00,4,0.991020306220875
2019-02-08 14:00:00,4,0.995322162852423
2019-02-08 15:00:00,4,0.9285863680305138
2019-02-08 16:00:00,4,0.9747496458756367
2019-02-08 17:00:00,3,0.9511012772444224
2019-02-09 08:00:00,4,0.9873848238254862
2019-02-09 09:00:00,4,0.971172301961973
2019-02-09 10:00:00,4,0.9832115643558911
2019-02-09 11:00:00,4,0.9982404480004334
2019-02-09 12:00:00,4,0.9777011147188538
2019-02-09 13:00:00,4,0.9920053534417029
2019-02-09 14:00:00,4,0.9724676759917247
2019-02-09 15:00:00,4,0.9973618786043563
2019-02-09 16:00:00,4,0.9982407578492781
2019-02-09 17:00:00,3,0.9983392994039556
2019-02-10 08:00:00,4,0.9998158996927121
2019-02-10 09:00:00,4,0.9982085486190932
2019-02-10 10:00:00,4,0.9834416801630315
2019-02-10 11:00:00,4,0.7450219963336128
2019-02-10 12:00:00,4,0.9376345183415814
2019-02-10 13:00:00,4,0.7076680725693004
2019-02-10 14:00:00,4,0.6450268701071816
2019-02-10 15:00:00,4,0.990778023439759
2019-02-10 16:00:00,4,0.9994240542477519
2019-02-10 17:00:00,4,0.9947933753025932
2019-02-11 07:00:00,3,0.9951713337995056
2019-02-11 08:00:00,4,0.9491707735353918
2019-02-11 09:00:00,4,0.9734905956094602
2019-02-11 10:00:00,4,0.9726082406334678
2019-02-11 11:00:00,4,0.8526338942927522
2019-02-11 12:00:00,4,0.9925675470586917
2019-02-11 13:00:00,4,0.8370870082769232
2019-02-11 14:00:00,4,0.5326775969337533
2019-02-11 15:00:00,4,0.9325368603529984
2019-02-11 16:00:00,4,0.9587714779597908
2019-02-11 17:00:00,4,0.998986255564197
2019-02-12 08:00:00,4,0.9930091455422414
2019-02-12 09:00:00,4,0.9641518136096142
2019-02-12 10:00:00,4,0.9922672456834895
2019-02-12 11:00:00,4,0.9874901108343669
2019-02-12 12:00:00,4,0.9254535269040425
2019-02-12 13:00:00,4,0.9791686554816333
2019-02-12 14:00:00,4,0.864642812443783
2019-02-12 15:00:00,4,0.9947149683015257
2019-02-12 16:00:00,4,0.999757662470006
2019-02-12 17:00:00,4,0.9960479602745668
2019-02-13 07:00:00,3,0.9995987712207619
2019-02-13 08:00:00,4,0.9990804015452409
2019-02-13 09:00:00,4,0.9943121346617446
2019-02-13 10:00:00,4,0.9965649108157715
2019-02-13 11:00:00,4,0.9938398081105793
2019-02-13 12:00:00,4,0.9928731546666374
2019-02-13 13:00:00,4,0.9963642725352866
2019-02-13 14:00:00,4,0.8144999784646886
2019-02-13 15:00:00,4,0.9916471604624498
2019-02-13 16:00:00,4,0.9486128734708025
2019-02-13 17:00:00,3,0.9891584831523875
2019-02-14 10:00:00,4,0.9945419057361456
2019-02-14 11:00:00,4,0.9962889164779039
2019-02-14 12:00:00,4,0.9945179658601703
2019-02-14 13:00:00,4,0.9945458158354358
2019-02-14 14:00:00,4,0.9870042218026389
2019-02-14 15:00:00,4,0.9979509255136678
2019-02-14 16:00:00,4,0.9792920972159697
2019-02-14 17:00:00,3,0.9834443919989152
2019-02-15 10:00:00,3,0.9846253303660811
2019-02-15 11:00:00,4,0.9988990788391875
2019-02-15 12:00:00,4,0.9977940382628286
2019-02-15 13:00:00,4,0.993158441017694
2019-02-15 14:00:00,4,0.9527886032529127
2019-02-15 15:00:00,4,0.9974288990303831
2019-02-15 16:00:00,4,0.9984492898736196
2019-02-15 17:00:00,4,0.8908708063747479
2019-02-16 08:00:00,4,0.995019545416945
2019-02-16 09:00:00,4,0.999652341416995
2019-02-16 10:00:00,4,0.9971584013890247
2019-02-16 11:00:00,4,0.9924679935087807
2019-02-16 12:00:00,4,0.9967971064170228
2019-02-16 13:00:00,4,0.9998344849744223
2019-02-16 14:00:00,4,0.9969879406225307
2019-02-16 15:00:00,4,0.975898125539794
2019-02-16 16:00:00,4,0.9938075113526489
2019-02-16 17:00:00,4,0.998772335075965
2019-02-17 07:00:00,3,0.9998351153749291
2019-02-17 08:00:00,4,0.9963370685762151
2019-02-17 09:00:00,4,0.9994521123310766
2019-02-17 10:00:00,4,0.9978624273566964
2019-02-17 11:00:00,4,0.9984717133031459
2019-02-17 12:00:00,4,0.9918015098284292
2019-02-17 13:00:00,4,0.9995584154115904
2019-02-17 14:00:00,4,0.9938637752903416
2019-02-17 15:00:00,4,0.9998225165707378
2019-02-17 16:00:00,4,0.9963097896831462
2019-02-17 17:00:00,3,0.9994030533040781
2019-02-18 08:00:00,4,0.992022986633899
2019-02-18 09:00:00,4,0.9950451348892462
2019-02-18 10:00:00,4,0.9987635299620757
2019-02-18 11:00:00,4,0.9673774110052646
2019-02-18 12:00:00,4,0.5617732567446121
2019-02-18 13:00:00,4,0.864708471182289
2019-02-18 14:00:00,4,0.9893705777890818
2019-02-18 15:00:00,4,0.9674501216351493
2019-02-18 16:00:00,4,0.9349275010517984
2019-02-18 17:00:00,3,0.993944095928862
2019-02-19 07:00:00,3,0.9972978539875398
2019-02-19 08:00:00,4,0.9695709097089938
2019-02-19 09:00:00,4,0.9826405443764101
2019-02-19 10:00:00,4,0.9670016153274332
2019-02-19 11:00:00,4,0.08593805247799154
2019-02-19 12:00:00,4,0.40235410993683135
2019-02-19 13:00:00,4,0.9834101396060413
2019-02-19 14:00:00,4,0.9272916495805437
2019-02-19 15:00:00,4,0.9988996394133359
2019-02-19 16:00:00,4,0.9978323490586274
2019-02-19 17:00:00,4,0.9943401954333466
2019-02-20 08:00:00,4,0.9911267236303518
2019-02-20 09:00:00,4,0.9893552941964101
2019-02-20 10:00:00,4,0.9816365002451982
2019-02-20 11:00:00,4,0.9736779681070821
2019-02-20 12:00:00,4,0.9982661767541329
2019-02-20 13:00:00,4,0.9986298901958031
2019-02-20 14:00:00,4,0.9956799941916887
2019-02-20 15:00:00,4,0.9603520239122086
2019-02-20 16:00:00,4,0.9995473956804222
2019-02-20 17:00:00,4,0.7521804311928878
2019-02-21 07:00:00,3,0.9899043022616328
2019-02-21 08:00:00,4,0.9955254348017603
2019-02-21 09:00:00,4,0.9957567168960467
2019-02-21 10:00:00,4,0.9998024736170417
2019-02-21 11:00:00,4,0.9932992742321148
2019-02-21 12:00:00,4,0.9953533310199276
2019-02-21 13:00:00,4,0.9782276796704568
2019-02-21 14:00:00,4,0.9995844624563609
2019-02-21 15:00:00,4,0.9869599950871326
2019-02-21 16:00:00,4,0.999096960659006
2019-02-21 17:00:00,3,0.9291226827127302
2019-02-22 07:00:00,3,0.9902445396548429
2019-02-22 08:00:00,4,0.9958612582354442
2019-02-22 09:00:00,4,0.9903050128290802
2019-02-22 10:00:00,4,0.6764599593154313
2019-02-22 11:00:00,4,0.9783104154984472
2019-02-22 12:00:00,4,0.9610048200345117
2019-02-22 13:00:00,4,0.6308791013435437
2019-02-22 14:00:00,4,0.8993516990740161
2019-02-22 15:00:00,4,0.976590401874133
2019-02-22 16:00:00,4,0.9997786332223735
2019-02-22 17:00:00,4,0.9999482195906697
2019-02-23 07:00:00,3,1.0
2019-02-23 08:00:00,4,0.9999173891070862
2019-02-23 09:00:00,4,0.9980987643732278
2019-02-23 10:00:00,4,0.9956869905300229
2019-02-23 11:00:00,4,0.9978089847686553
2019-02-23 12:00:00,4,0.9587383459455554
2019-02-23 13:00:00,4,0.9967270730512152
2019-02-23 14:00:00,4,0.9780796919498614
2019-02-23 15:00:00,4,0.9998737937166816
2019-02-23 16:00:00,4,0.9980731336484567
2019-02-23 17:00:00,4,0.9987369501883564
2019-02-24 07:00:00,4,0.999408229498132
2019-02-24 08:00:00,4,0.9996154807045537
2019-02-24 09:00:00,4,0.9884455059356908
2019-02-24 10:00:00,4,0.9081121197335127
2019-02-24 11:00:00,4,0.9981818890843493
2019-02-24 12:00:00,4,0.9853534761901004
2019-02-24 13:00:00,4,0.9787342304737721
2019-02-24 14:00:00,4,0.8535437144462753
2019-02-24 15:00:00,4,0.9992444428866445
2019-02-24 16:00:00,4,0.9952997146788836
2019-02-24 17:00:00,4,0.9999346689424292
2019-02-25 07:00:00,3,0.9999224493961784
2019-02-25 08:00:00,4,0.9995363028716429
2019-02-25 09:00:00,4,0.9776472309024676
2019-02-25 10:00:00,4,0.9988500597705328
2019-02-25 11:00:00,4,0.9911562067444972
2019-02-25 12:00:00,4,0.973852860419723
2019-02-25 13:00:00,4,0.9997395566457493
2019-02-25 14:00:00,4,0.9995809981675611
2019-02-25 15:00:00,4,0.999271509874992
2019-02-25 16:00:00,4,0.999219989020433
2019-02-25 17:00:00,4,0.9998296013203023
2019-02-26 07:00:00,3,0.9999702130422724
2019-02-26 08:00:00,4,0.9969805561161097
2019-02-26 09:00:00,4,0.9967334686475046
2019-02-26 10:00:00,4,0.9885776680200647
2019-02-26 11:00:00,4,0.9986683095631596
2019-02-26 12:00:00,4,0.9680993692438749
2019-02-26 13:00:00,4,0.9976077724524646
2019-02-26 14:00:00,4,0.8693159859871217
2019-02-26 15:00:00,4,0.8896475750952357
2019-02-26 16:00:00,4,0.9865220172022916
2019-02-26 17:00:00,4,0.9928373983116672
2019-02-27 08:00:00,4,0.9816322048368135
2019-02-27 09:00:00,4,0.999601727444451
2019-02-27 10:00:00,4,0.9995444173265815
2019-02-27 11:00:00,4,0.9978859879514416
2019-02-27 12:00:00,4,0.9672642001706674
2019-02-27 13:00:00,4,0.921524273178646
2019-02-27 14:00:00,4,0.991899839334604
2019-02-27 15:00:00,4,0.9918978800916082
2019-02-27 16:00:00,4,0.8863701927561134
2019-02-27 17:00:00,4,0.9931450012246988
2019-02-28 07:00:00,3,0.9968531798814138
2019-02-28 08:00:00,4,0.9190902926411453
2019-02-28 09:00:00,4,0.9996113631031903
2019-02-28 10:00:00,4,0.9935009349248091
2019-02-28 11:00:00,4,0.854964683656932
2019-02-28 12:00:00,4,-0.34191209785432775
2019-02-28 13:00:00,4,0.8680328449984516
2019-02-28 14:00:00,4,0.9958842612574975
2019-02-28 15:00:00,4,0.8421542543860572
2019-02-28 16:00:00,4,0.9987038601235412
2019-02-28 17:00:00,4,0.9938608625512994
2019-03-01 07:00:00,3,0.9833802921473361
2019-03-01 08:00:00,4,0.9815790953091287
2019-03-01 09:00:00,4,0.9973031131773556
2019-03-01 10:00:00,4,0.9982623979400543
2019-03-01 11:00:00,4,0.9960057501201193
2019-03-01 12:00:00,4,0.9966935216178435
2019-03-01 13:00:00,4,0.921453509308782
2019-03-01 14:00:00,4,0.971211960705478
2019-03-01 15:00:00,4,0.8342807064660049
2019-03-01 16:00:00,4,0.9956882569072236
2019-03-01 17:00:00,4,0.9931811507649199
2019-03-02 07:00:00,3,0.9917959410861296
2019-03-02 08:00:00,4,0.9976911152160782
2019-03-02 09:00:00,4,0.958278854104433
2019-03-02 10:00:00,4,0.9964012757069838
2019-03-02 11:00:00,4,0.9660811901252453
2019-03-02 12:00:00,4,0.9911220473698604
2019-03-02 13:00:00,4,0.974103011834592
2019-03-02 14:00:00,4,0.995274752154362
2019-03-02 15:00:00,4,0.9045378749303796
2019-03-02 16:00:00,4,0.9963501241895424
2019-03-02 17:00:00,4,0.9990116934343972
2019-03-03 07:00:00,3,0.9975472317022646
2019-03-03 08:00:00,4,0.9958347009917642
2019-03-03 09:00:00,4,0.8341434710335837
2019-03-03 10:00:00,4,-0.8807217887890616
2019-03-03 11:00:00,4,0.9265659649864595
2019-03-03 12:00:00,4,0.5573718541547718
2019-03-03 13:00:00,4,-0.7943423016447315
2019-03-03 14:00:00,4,0.8293113055644132
2019-03-03 15:00:00,4,0.9995008141163594
2019-03-03 16:00:00,4,0.9760910860311909
2019-03-03 17:00:00,4,0.9998272734568057
2019-03-04 07:00:00,4,0.9987438469302469
2019-03-04 08:00:00,4,0.9995584369660983
2019-03-04 09:00:00,4,0.9992698449722741
2019-03-04 10:00:00,4,0.9982478456880658
2019-03-04 11:00:00,4,0.9876084835525998
2019-03-04 12:00:00,4,0.925584664542311
2019-03-04 13:00:00,4,0.9953949077329213
2019-03-04 14:00:00,4,0.9972562910603727
2019-03-04 15:00:00,4,0.9997773258651373
2019-03-04 16:00:00,4,0.9917284489389059
2019-03-04 17:00:00,4,0.9999743724455351
2019-03-05 07:00:00,3,0.944911182523068
2019-03-05 08:00:00,4,0.9977824073473324
2019-03-05 09:00:00,4,0.997422452762502
2019-03-05 10:00:00,4,0.9930761821283424
2019-03-05 11:00:00,4,-0.4649536687477579
2019-03-05 12:00:00,4,0.999394344133479
2019-03-05 13:00:00,4,0.9988491732555598
2019-03-05 14:00:00,4,0.9911484710110984
2019-03-05 15:00:00,4,0.9935669642830817
2019-03-05 16:00:00,4,0.9962892100355626
2019-03-05 17:00:00,4,0.9930452025768497
2019-03-06 07:00:00,4,0.9996326175001473
2019-03-06 08:00:00,4,0.9999963428937589
2019-03-06 09:00:00,4,0.9850122882477473
2019-03-06 10:00:00,4,0.9813494569022044
2019-03-06 11:00:00,4,0.9949674393911475
2019-03-06 12:00:00,4,0.996217937765952
2019-03-06 13:00:00,4,0.9853272628370411
2019-03-06 14:00:00,4,0.9598566770884677
2019-03-06 15:00:00,4,0.9991427129588296
2019-03-06 16:00:00,4,0.9978493272745913
2019-03-06 17:00:00,4,0.9986304404091624
2019-03-07 07:00:00,4,0.9991802360337171
2019-03-07 08:00:00,4,0.999884409783327
2019-03-07 09:00:00,4,0.9989896287222048
2019-03-07 10:00:00,4,0.9999758703218523
2019-03-07 11:00:00,4,0.9844576092220666
2019-03-07 12:00:00,4,0.9908504409785722
2019-03-07 13:00:00,4,0.9867757337485855
2019-03-07 14:00:00,4,0.9990418988992692
2019-03-07 15:00:00,4,0.9995498901366319
2019-03-07 16:00:00,4,0.9992464327105687
2019-03-07 17:00:00,4,0.9913284742157781
2019-03-08 07:00:00,4,0.9993502661264094
2019-03-08 08:00:00,4,0.9997619228180779
2019-03-08 09:00:00,4,0.988715952206128
2019-03-08 10:00:00,4,0.9990651692469049
2019-03-08 11:00:00,4,0.8755941900868625
2019-03-08 12:00:00,4,0.9956489569897553
2019-03-08 13:00:00,4,0.9991980307473867
2019-03-08 14:00:00,4,0.9983873494599592
2019-03-08 15:00:00,4,0.9981756935886703
2019-03-08 16:00:00,4,0.988910332823643
2019-03-08 17:00:00,4,0.9991583933175492
2019-03-09 07:00:00,4,0.9996627416895079
2019-03-09 08:00:00,4,0.9971874433188219
2019-03-09 09:00:00,4,0.9999888126203469
2019-03-09 10:00:00,4,0.9453210395414602
2019-03-09 11:00:00,4,0.9864034295744762
2019-03-09 12:00:00,4,0.47278292303902303
2019-03-09 13:00:00,4,0.9455444380775802
2019-03-09 14:00:00,4,0.9879789413097281
2019-03-09 15:00:00,4,0.9666305774803581
2019-03-09 16:00:00,4,0.9199322087181936
2019-03-09 17:00:00,4,0.9999687528443515
2019-03-10 07:00:00,4,0.9979636049766317
2019-03-10 08:00:00,4,0.9994217571125267
2019-03-10 09:00:00,4,0.9988940164194039
2019-03-10 10:00:00,4,0.9973031617282004
2019-03-10 11:00:00,4,0.9518741920955835
2019-03-10 12:00:00,4,0.8171008289982955
2019-03-10 13:00:00,4,0.8856942268140987
2019-03-10 14:00:00,4,0.9867051599800788
2019-03-10 15:00:00,4,0.9991516534429896
2019-03-10 16:00:00,4,0.9994040835000584
2019-03-10 17:00:00,4,0.9995792791510465
2019-03-11 07:00:00,4,0.9998770176155817
2019-03-11 08:00:00,4,0.9987732728694168
2019-03-11 09:00:00,4,0.9997067469720317
2019-03-11 10:00:00,4,0.8264510668967552
2019-03-11 11:00:00,4,0.9441579296239224
2019-03-11 12:00:00,4,0.9783902394050259
2019-03-11 13:00:00,4,0.9913466091349555
2019-03-11 14:00:00,4,0.9611347833310789
2019-03-11 15:00:00,4,0.995784847177789
2019-03-11 16:00:00,4,0.7725934439745582
2019-03-11 17:00:00,4,0.9996174155536728
2019-03-12 07:00:00,4,0.9984864758690741
2019-03-12 08:00:00,4,0.9996543619623951
2019-03-12 09:00:00,4,0.9998982500524165
2019-03-12 10:00:00,4,0.9946045443142808
2019-03-12 11:00:00,4,0.966216824893824
2019-03-12 12:00:00,4,0.9538675527263821
2019-03-12 13:00:00,4,0.9724315137682631
2019-03-12 14:00:00,4,0.9769082679287149
2019-03-12 15:00:00,4,0.9331146558055156
2019-03-12 16:00:00,4,0.984388709741914
2019-03-12 17:00:00,4,0.9995813151239511
2019-03-13 07:00:00,4,0.99774452324632
2019-03-13 08:00:00,4,0.9998549022192591
2019-03-13 09:00:00,4,0.9882888617200475
2019-03-13 10:00:00,4,0.9988271743163181
2019-03-13 11:00:00,4,0.9829010464253647
2019-03-13 12:00:00,4,0.9903912705121385
2019-03-13 13:00:00,4,0.9994552491016507
2019-03-13 14:00:00,4,0.9995500797811606
2019-03-13 15:00:00,4,0.9966291211474151
2019-03-13 16:00:00,4,0.9965466152550665
2019-03-13 17:00:00,4,0.9994939184148587
2019-03-14 07:00:00,4,0.9996030107448229
2019-03-14 08:00:00,4,0.9987624140712577
2019-03-14 09:00:00,4,0.9522799823397688
2019-03-14 10:00:00,4,0.9964775512628711
2019-03-14 11:00:00,4,0.8710902633584869
2019-03-14 12:00:00,4,0.9985198133184978
2019-03-14 13:00:00,4,0.9917088789427169
2019-03-14 14:00:00,4,0.9923971984507491
2019-03-14 15:00:00,4,0.8082339727630083
2019-03-14 16:00:00,4,
2019-03-14 17:00:00,4,
2019-03-15 07:00:00,4,
2019-03-15 08:00:00,4,
2019-03-15 09:00:00,4,
2019-03-15 10:00:00,4,
2019-03-15 11:00:00,4,
2019-03-15 12:00:00,4,
2019-03-15 13:00:00,4,
2019-03-15 14:00:00,4,
2019-03-15 15:00:00,4,
2019-03-15 16:00:00,4,-0.7703837149551697
2019-03-15 17:00:00,4,0.9981665173675462
2019-03-16 07:00:00,4,0.999076391367856
2019-03-16 08:00:00,4,0.9948563395819519
2019-03-16 09:00:00,4,0.9925483132678463
2019-03-16 10:00:00,4,0.993172709603613
2019-03-16 11:00:00,4,0.9673147464069387
2019-03-16 12:00:00,4,0.8874031206433514
2019-03-16 13:00:00,4,0.7877424843369002
2019-03-16 14:00:00,4,0.9969107995850818
2019-03-16 15:00:00,4,-0.6603540662128268
2019-03-16 16:00:00,4,0.9949953649796522
2019-03-16 17:00:00,4,0.9995790181552126
2019-03-17 07:00:00,4,0.9894776385757307
2019-03-17 08:00:00,4,0.9997467653928381
2019-03-17 09:00:00,4,0.9998836590051994
2019-03-17 10:00:00,4,0.9999113228441964
2019-03-17 11:00:00,4,0.9812427790749942
2019-03-17 12:00:00,4,-0.582685307477598
2019-03-17 13:00:00,4,0.9981037301235199
2019-03-17 14:00:00,4,0.994891438792151
2019-03-17 15:00:00,4,0.9997950460772053
2019-03-17 16:00:00,4,0.9996452203823989
2019-03-17 17:00:00,4,0.9999530118774611
2019-03-18 07:00:00,4,0.890248577495886
2019-03-18 08:00:00,4,0.9994593444885307
2019-03-18 09:00:00,4,0.9954397226293934
2019-03-18 10:00:00,4,-0.7070785608166011
2019-03-18 11:00:00,4,0.10115645726756409
2019-03-18 12:00:00,4,0.6984392862555249
2019-03-18 13:00:00,4,-0.9797566303536371
2019-03-18 14:00:00,4,0.6715825275784127
2019-03-18 15:00:00,4,0.837609548619982
2019-03-18 16:00:00,4,0.953432702404771
2019-03-18 17:00:00,4,0.9942410285268393
2019-03-19 07:00:00,4,0.9997142962949604
2019-03-19 08:00:00,4,0.999701001398058
2019-03-19 09:00:00,4,0.9986402093697022
2019-03-19 10:00:00,4,0.9902851504495678
2019-03-19 11:00:00,4,0.9670745124126736
2019-03-19 12:00:00,4,-0.9069118168348977
2019-03-19 13:00:00,4,0.9993453867063484
2019-03-19 14:00:00,4,0.9873248561225192
2019-03-19 15:00:00,4,0.9862772098228634
2019-03-19 16:00:00,4,0.995324448720859
2019-03-19 17:00:00,4,0.998524669129184
2019-03-20 07:00:00,4,0.9969287187134871
2019-03-20 08:00:00,4,0.9438984965176169
2019-03-20 09:00:00,4,0.9993043485646376
2019-03-20 10:00:00,4,0.9917720373916772
2019-03-20 11:00:00,4,0.9974129280473125
2019-03-20 12:00:00,4,0.9974496157874709
2019-03-20 13:00:00,4,0.8721559307183081
2019-03-20 14:00:00,4,-0.13443888292619546
2019-03-20 15:00:00,4,0.9934337846759476
2019-03-20 16:00:00,4,0.9999212211003166
2019-03-20 17:00:00,4,0.9999711386140444
2019-03-21 07:00:00,4,0.9997250860651008
2019-03-21 08:00:00,4,0.9989965563637183
2019-03-21 09:00:00,4,0.9986783644477012
2019-03-21 10:00:00,4,0.9958932735782188
2019-03-21 11:00:00,4,0.9992679282636282
2019-03-21 12:00:00,4,0.9924829262314947
2019-03-21 13:00:00,4,0.9055277208950664
2019-03-21 14:00:00,4,0.9965338879196006
2019-03-21 15:00:00,4,0.9998352414271037
2019-03-21 16:00:00,4,0.9552742687035775
2019-03-21 17:00:00,4,0.9991846467803082
2019-03-22 07:00:00,4,0.9995503619790456
2019-03-22 08:00:00,4,0.9984411620501932
2019-03-22 09:00:00,4,0.9993086817188191
2019-03-22 10:00:00,4,0.9846685750304025
2019-03-22 11:00:00,4,0.996705438421379
2019-03-22 12:00:00,4,0.997406136972289
2019-03-22 13:00:00,4,0.9935040638945233
2019-03-22 14:00:00,4,0.9596715716484374
2019-03-22 15:00:00,4,0.9865825537613255
2019-03-22 16:00:00,4,0.975457637117736
2019-03-22 17:00:00,4,0.9860492894753758
2019-03-23 07:00:00,4,0.9650800852756449
2019-03-23 08:00:00,4,0.9985994085345288
2019-03-23 09:00:00,4,0.7380632697747149
2019-03-23 10:00:00,4,0.9729007794580711
2019-03-23 11:00:00,4,0.9984557708073354
2019-03-23 12:00:00,4,0.8220887388912306
2019-03-23 13:00:00,4,0.996113426395983
2019-03-23 14:00:00,4,0.9968559008768373
2019-03-23 15:00:00,4,0.9985872788788297
2019-03-23 16:00:00,4,0.9532298354341433
2019-03-23 17:00:00,4,0.9316405023819126
2019-03-24 07:00:00,4,0.9985716658942237
2019-03-24 08:00:00,4,0.9615864274525803
2019-03-24 09:00:00,4,0.9948499814640399
2019-03-24 10:00:00,4,0.9860768375846722
2019-03-24 11:00:00,4,0.987353136010637
2019-03-24 12:00:00,4,0.9995542910217463
2019-03-24 13:00:00,4,0.9898785364167164
2019-03-24 14:00:00,4,0.9983180044851162
2019-03-24 15:00:00,4,0.9993744312694921
2019-03-24 16:00:00,4,0.9978387548326286
2019-03-24 17:00:00,4,0.9988258396607741
2019-03-25 07:00:00,4,0.9999307244555282
2019-03-25 08:00:00,4,0.996921184982322
2019-03-25 09:00:00,4,0.781430346582607
2019-03-25 10:00:00,4,-0.7998136555917771
2019-03-25 11:00:00,4,0.9170497332638732
2019-03-25 12:00:00,4,0.6746144258692803
2019-03-25 13:00:00,4,0.11224835675669813
2019-03-25 14:00:00,4,0.7878221058599968
2019-03-25 15:00:00,4,0.9990045501158963
2019-03-25 16:00:00,4,0.9981777054228587
2019-03-25 17:00:00,4,0.9999324042574865
2019-03-26 07:00:00,4,0.9858024929156196
2019-03-26 08:00:00,4,0.9996176990770804
2019-03-26 09:00:00,4,0.9762886291266379
2019-03-26 10:00:00,4,0.9765898834688411
2019-03-26 11:00:00,4,0.9956658397098805
2019-03-26 12:00:00,4,0.7480104034518432
2019-03-26 13:00:00,4,0.931013145838563
2019-03-26 14:00:00,4,0.9721264182767656
2019-03-26 15:00:00,4,0.9859534820170841
2019-03-26 16:00:00,4,0.9696682444115761
2019-03-26 17:00:00,4,0.9864206907091989
2019-03-27 07:00:00,4,0.9949149455225412
2019-03-27 08:00:00,4,0.9983134507537712
2019-03-27 09:00:00,4,0.9949484543530979
2019-03-27 10:00:00,4,0.9931779042431117
2019-03-27 11:00:00,4,0.9681017934247469
2019-03-27 12:00:00,4,0.9930027816788901
2019-03-27 13:00:00,4,0.9814744375066219
2019-03-27 14:00:00,4,0.9737819529904932
2019-03-27 15:00:00,4,0.872243384439482
2019-03-27 16:00:00,4,0.895736631554282
2019-03-27 17:00:00,4,0.9985553946008624
2019-03-27 18:00:00,3,0.9974598685329864
2019-03-28 07:00:00,4,0.9993501713557562
2019-03-28 08:00:00,4,0.9857705501512837
2019-03-28 09:00:00,4,0.984231967446865
2019-03-28 10:00:00,4,0.892100198942954
2019-03-28 11:00:00,4,0.9947117564373646
2019-03-28 12:00:00,4,0.9673172035390207
2019-03-28 13:00:00,4,0.9086758368279473
2019-03-28 14:00:00,4,0.9986370460266584
2019-03-28 15:00:00,4,0.9830452522784981
2019-03-28 16:00:00,4,0.9121919144536373
2019-03-28 17:00:00,4,0.9244080646474474
2019-03-28 18:00:00,3,0.9999990036739522
2019-03-29 07:00:00,4,0.979292457887563
2019-03-29 08:00:00,4,0.9978418116905471
2019-03-29 09:00:00,4,0.9674992071678864
2019-03-29 10:00:00,4,0.9820335751163466
2019-03-29 11:00:00,4,0.9670136394729351
2019-03-29 12:00:00,4,0.8477967778798099
2019-03-29 13:00:00,4,0.9780227502419006
2019-03-29 14:00:00,4,0.999996297229264
2019-03-29 15:00:00,4,0.949720654787446
2019-03-29 16:00:00,4,0.998420651151775
2019-03-29 17:00:00,4,0.9990983576484151
2019-03-30 07:00:00,4,0.9992135015711988
2019-03-30 08:00:00,4,0.9940592199124052
2019-03-30 09:00:00,4,0.8503353848357165
2019-03-30 10:00:00,4,0.9940211263237814
2019-03-30 11:00:00,4,0.980720575183448
2019-03-30 12:00:00,4,0.99729997653962
2019-03-30 13:00:00,4,0.9999480050771554
2019-03-30 14:00:00,4,0.9998236962235912
2019-03-30 15:00:00,4,0.999724786632927
2019-03-30 16:00:00,4,0.9980925725975762
2019-03-30 17:00:00,4,0.9996494647380157
2019-03-31 07:00:00,4,0.9983418105375037
2019-03-31 08:00:00,4,0.9960642264438541
2019-03-31 09:00:00,4,0.9575822780162552
2019-03-31 10:00:00,4,0.9904387091006799
2019-03-31 11:00:00,4,0.979690257616997
2019-03-31 12:00:00,4,0.9574951047323833
2019-03-31 13:00:00,4,0.7033374564276158
2019-03-31 14:00:00,4,0.9597521784391005
2019-03-31 15:00:00,4,0.913388645998258
2019-03-31 16:00:00,4,0.9981784744846695
2019-03-31 17:00:00,4,0.9953261040604552
2019-04-01 06:00:00,3,0.9998787351978613
2019-04-01 07:00:00,4,0.999678658432035
2019-04-01 08:00:00,4,0.9883836830740377
2019-04-01 09:00:00,4,0.994698249029692
2019-04-01 10:00:00,4,0.9933215425446372
2019-04-01 11:00:00,4,0.718530741875141
2019-04-01 12:00:00,4,0.8103299001985078
2019-04-01 13:00:00,4,0.9825050065244095
2019-04-01 14:00:00,4,0.9945330526070092
2019-04-01 15:00:00,4,0.9969553673045264
2019-04-01 16:00:00,4,0.999296249488003
2019-04-01 17:00:00,4,0.9999044198845529
2019-04-02 07:00:00,4,0.9972483649245517
2019-04-02 08:00:00,4,0.998603268211073
2019-04-02 09:00:00,4,0.9998734361479894
2019-04-02 10:00:00,4,0.9938706092599656
2019-04-02 11:00:00,4,0.9620290404536112
2019-04-02 12:00:00,4,0.9818085111406105
2019-04-02 13:00:00,4,0.9937504111366016
2019-04-02 14:00:00,4,0.9783108602239078
2019-04-02 15:00:00,4,0.9984984453685899
2019-04-02 16:00:00,4,0.9868205387420789
2019-04-02 17:00:00,4,0.9999987389083611
2019-04-03 07:00:00,4,0.9991729398264964
2019-04-03 08:00:00,4,0.9977453253396215
2019-04-03 09:00:00,4,0.9888738523861181
2019-04-03 10:00:00,4,0.9733672100252925
2019-04-03 11:00:00,4,0.9974236117731099
2019-04-03 12:00:00,4,0.7119647109429096
2019-04-03 13:00:00,4,0.9591728451050346
2019-04-03 14:00:00,4,0.98289200519854
2019-04-03 15:00:00,4,0.9994013128272448
2019-04-03 16:00:00,4,0.9102988844664335
2019-04-03 17:00:00,4,0.9982744509575321
2019-04-03 18:00:00,3,0.9999080795884715
2019-04-04 07:00:00,4,0.9895014650019
2019-04-04 08:00:00,4,0.9914039257176273
2019-04-04 09:00:00,4,0.9950501969858907
2019-04-04 10:00:00,4,0.9965858392786916
2019-04-04 11:00:00,4,0.9996037481139004
2019-04-04 12:00:00,4,0.999735879794632
2019-04-04 13:00:00,4,0.9890414215971729
2019-04-04 14:00:00,4,0.9384075164144347
2019-04-04 15:00:00,4,0.9826620092596926
2019-04-04 16:00:00,4,0.9024859614797033
2019-04-04 17:00:00,4,0.9999143643699442
2019-04-04 18:00:00,3,0.9999831932739981
2019-04-05 06:00:00,3,0.9984099279207803
2019-04-05 07:00:00,4,0.9977858242282485
2019-04-05 08:00:00,4,0.9924471925084649
2019-04-05 09:00:00,4,0.5412088843974661
2019-04-05 10:00:00,4,0.6450703669746732
2019-04-05 11:00:00,4,0.9554231739195692
2019-04-05 12:00:00,4,0.9976285397541873
2019-04-05 13:00:00,4,0.2577293058509277
2019-04-05 14:00:00,4,0.9641444039253151
2019-04-05 15:00:00,4,0.9987732313911981
2019-04-05 16:00:00,4,0.9787965378328115
2019-04-05 17:00:00,4,0.9934842748040204
2019-04-05 18:00:00,3,0.9999999875905238
2019-04-06 06:00:00,3,0.9993618084168576
2019-04-06 07:00:00,4,0.9715722891027483
2019-04-06 08:00:00,4,0.9994071577232329
2019-04-06 09:00:00,4,0.9995190841791984
2019-04-06 10:00:00,4,0.9820753907469955
2019-04-06 11:00:00,4,0.9015555823236762
2019-04-06 12:00:00,4,0.8875131488997632
2019-04-06 13:00:00,4,0.789286397775696
2019-04-06 14:00:00,4,0.9650929257918247
2019-04-06 15:00:00,4,0.9937162655219712
2019-04-06 16:00:00,4,0.999403535987965
2019-04-06 17:00:00,4,0.9996666700025693
2019-04-06 18:00:00,3,0.999945156574858
2019-04-07 06:00:00,3,0.9992302451277449
2019-04-07 07:00:00,4,0.9993629157120916
2019-04-07 08:00:00,4,0.9993910879792608
2019-04-07 09:00:00,4,0.999801035941472
2019-04-07 10:00:00,4,0.9971453082590704
2019-04-07 11:00:00,4,0.9910798413930152
2019-04-07 12:00:00,4,0.9987543576614594
2019-04-07 13:00:00,4,0.9986940800052613
2019-04-07 14:00:00,4,0.9954056767189852
2019-04-07 15:00:00,4,0.989394353663512
2019-04-07 16:00:00,4,0.9960056881924618
2019-04-07 17:00:00,4,0.9986027995920362
2019-04-07 18:00:00,3,0.9999747025440769
2019-04-08 06:00:00,3,0.999195367854714
2019-04-08 07:00:00,4,0.9995837363527663
2019-04-08 08:00:00,4,0.9997582177600899
2019-04-08 09:00:00,4,0.9986373622742557
2019-04-08 10:00:00,4,0.9914562613574213
2019-04-08 11:00:00,4,0.9946719078299281
2019-04-08 12:00:00,4,0.5322192782062123
2019-04-08 13:00:00,4,0.4782215569030205
2019-04-08 14:00:00,4,0.9983500309951808
2019-04-08 15:00:00,4,0.9932490632904722
2019-04-08 16:00:00,4,0.9974204544403348
2019-04-08 17:00:00,4,0.9998982099638942
2019-04-08 18:00:00,3,0.9998227473155323
2019-04-09 07:00:00,3,
2019-04-09 08:00:00,3,
2019-04-09 09:00:00,4,0.897315461837001
2019-04-09 10:00:00,4,0.950093561705042
2019-04-09 11:00:00,4,0.9759072021089299
2019-04-09 12:00:00,4,0.9972704302100792
2019-04-09 13:00:00,4,0.9990439326191536
2019-04-09 14:00:00,4,0.969697013570195
2019-04-09 15:00:00,4,0.8263499558967443
2019-04-09 16:00:00,4,0.9896830138827958
2019-04-09 17:00:00,4,0.9967841971472234
2019-04-10 06:00:00,3,0.9998619585730286
2019-04-10 07:00:00,4,0.9470895293715386
2019-04-10 08:00:00,4,0.9741681640847579
2019-04-10 09:00:00,4,0.10493731470041194
2019-04-10 10:00:00,4,0.7725879255853255
2019-04-10 11:00:00,4,0.8988207564753137
2019-04-10 12:00:00,4,0.8819090124637201
2019-04-10 13:00:00,4,0.9957862242178138
2019-04-10 14:00:00,4,0.9912133321657195
2019-04-10 15:00:00,4,0.9950853990467585
2019-04-10 16:00:00,4,0.9986961874885751
2019-04-10 17:00:00,4,0.9980166622959924
2019-04-11 07:00:00,4,0.9989153075313854
2019-04-11 08:00:00,4,0.9999542372327739
2019-04-11 09:00:00,4,0.5485184072789454
2019-04-11 10:00:00,4,0.9614346236440156
2019-04-11 11:00:00,4,-0.08079520330554375
2019-04-11 12:00:00,4,0.9502040720824614
2019-04-11 13:00:00,4,0.9362165780754673
2019-04-11 14:00:00,4,0.26924795839099747
2019-04-11 15:00:00,4,-0.6825822898624688
2019-04-11 16:00:00,4,0.9851748009219652
2019-04-11 17:00:00,4,0.9974993555687108
2019-04-11 18:00:00,3,0.9999896019993334
2019-04-12 06:00:00,4,0.9996595994144787
2019-04-12 07:00:00,4,0.9998406439169811
2019-04-12 08:00:00,4,0.9966782613832663
2019-04-12 09:00:00,4,0.9842242375691906
2019-04-12 10:00:00,4,0.996986551255713
2019-04-12 11:00:00,4,0.9205520714716094
2019-04-12 12:00:00,4,-0.08677701479710419
2019-04-12 13:00:00,4,0.9860646331419405
2019-04-12 14:00:00,4,0.9992801182804449
2019-04-12 15:00:00,4,0.9921680400113252
2019-04-12 16:00:00,4,0.9997628300662573
2019-04-12 17:00:00,4,0.9998304799713845
2019-04-12 18:00:00,3,0.9999841137436506
2019-04-13 06:00:00,3,0.9988918007310604
2019-04-13 07:00:00,4,0.9986521864572556
2019-04-13 08:00:00,4,0.9257933660111906
2019-04-13 09:00:00,4,0.9184128061194873
2019-04-13 10:00:00,4,0.9642291603149105
2019-04-13 11:00:00,4,0.9971968740764049
2019-04-13 12:00:00,4,0.9582416219285905
2019-04-13 13:00:00,4,0.9992638352524628
2019-04-13 14:00:00,4,0.17745296037827288
2019-04-13 15:00:00,4,0.9991635423727926
2019-04-13 16:00:00,4,0.9981524752458024
2019-04-13 17:00:00,4,0.9973261901866284
2019-04-14 06:00:00,3,0.9981662112827847
2019-04-14 07:00:00,4,0.9999322271138961
2019-04-14 08:00:00,4,0.999820553339772
2019-04-14 09:00:00,4,0.9995193944559603
2019-04-14 10:00:00,4,0.994223993629437
2019-04-14 11:00:00,4,0.9993938268887524
2019-04-14 12:00:00,4,0.9998185555079538
2019-04-14 13:00:00,4,0.9927154450572981
2019-04-14 14:00:00,4,0.9854771797660481
2019-04-14 15:00:00,4,0.9983874293075615
2019-04-14 16:00:00,4,0.9691143557899468
2019-04-14 17:00:00,4,0.9186981303506864
2019-04-14 18:00:00,3,0.9992706144895038
2019-04-15 06:00:00,4,0.9998600445409789
2019-04-15 07:00:00,4,0.9922231415479668
2019-04-15 08:00:00,4,0.9996706494899122
2019-04-15 09:00:00,4,0.7970263496956691
2019-04-15 10:00:00,4,0.8994669401443737
2019-04-15 11:00:00,4,0.3759428865038643
2019-04-15 12:00:00,4,0.5080671229764383
2019-04-15 13:00:00,4,0.363090861287055
2019-04-15 14:00:00,4,0.9071451914608846
2019-04-15 15:00:00,4,0.9983302522438228
2019-04-15 16:00:00,4,0.9977807869865573
2019-04-15 17:00:00,4,0.9828662084386596
2019-04-15 18:00:00,3,0.9999781210167056
2019-04-16 06:00:00,4,0.9976379156982327
2019-04-16 07:00:00,4,0.9996879697314052
2019-04-16 08:00:00,4,0.9851054894569455
2019-04-16 09:00:00,4,0.9997727276524232
2019-04-16 10:00:00,4,0.9799501787318533
2019-04-16 11:00:00,4,0.9496464391693146
2019-04-16 12:00:00,4,0.9411848928265736
2019-04-16 13:00:00,4,0.9370135777890763
2019-04-16 14:00:00,4,0.9380339520537155
2019-04-16 15:00:00,4,0.9947610953414139
2019-04-16 16:00:00,4,0.9986578238412486
2019-04-16 17:00:00,4,0.9991917112998739
2019-04-16 18:00:00,3,0.9999991228276616
2019-04-17 06:00:00,4,0.999840291382405
2019-04-17 07:00:00,4,0.9966035292160812
2019-04-17 08:00:00,4,0.9994183832960141
2019-04-17 09:00:00,4,0.9991893590483497
2019-04-17 10:00:00,4,0.932562048778891
2019-04-17 11:00:00,4,0.9645425539065314
2019-04-17 12:00:00,4,-0.7758022053557222
2019-04-17 13:00:00,4,0.9419991330060157
2019-04-17 14:00:00,4,0.9995157068868482
2019-04-17 15:00:00,4,0.9992948870518552
2019-04-17 16:00:00,4,0.999647236813957
2019-04-17 17:00:00,4,0.9999129494351776
2019-04-17 18:00:00,3,0.9999225375151551
2019-04-18 06:00:00,4,0.9970027037623858
2019-04-18 07:00:00,4,0.9947703819297368
2019-04-18 08:00:00,4,0.9993252606818169
2019-04-18 09:00:00,4,0.9999006259519293
2019-04-18 10:00:00,4,0.9451375158466441
2019-04-18 11:00:00,4,0.903011616269281
2019-04-18 12:00:00,4,0.9196773978643975
2019-04-18 13:00:00,4,0.9897434961225687
2019-04-18 14:00:00,4,0.9861253245152833
2019-04-18 15:00:00,4,0.9900699915940512
2019-04-18 16:00:00,4,0.9256950853269275
2019-04-18 17:00:00,4,0.9953217707706419
2019-04-18 18:00:00,4,0.999917656078695
2019-04-19 06:00:00,4,0.9954978071594018
2019-04-19 07:00:00,4,0.9917857885063034
2019-04-19 08:00:00,4,0.9999378755831233
2019-04-19 09:00:00,4,0.9980968866929222
2019-04-19 10:00:00,4,0.9904959983644833
2019-04-19 11:00:00,4,0.9809540541085046
2019-04-19 12:00:00,4,0.8136387188348693
2019-04-19 13:00:00,4,0.8408142963122928
2019-04-19 14:00:00,4,0.999314628646494
2019-04-19 15:00:00,4,0.9976243356933985
2019-04-19 16:00:00,4,0.9892714714146128
2019-04-19 17:00:00,4,0.8183578910683271
2019-04-19 18:00:00,4,0.997710696186986
2019-04-20 06:00:00,4,0.999010920069278
2019-04-20 07:00:00,4,0.6945509783385564
2019-04-20 08:00:00,4,0.9981852601758344
2019-04-20 09:00:00,4,0.9808306677725398
2019-04-20 10:00:00,4,0.9373001885709529
2019-04-20 11:00:00,4,0.9771297725675194
2019-04-20 12:00:00,4,0.8392330153021581
2019-04-20 13:00:00,4,0.9710045651186222
2019-04-20 14:00:00,4,0.9947418851759556
2019-04-20 15:00:00,4,0.9968678702816698
2019-04-20 16:00:00,4,0.8937174823277648
2019-04-20 17:00:00,4,0.9442078445097317
2019-04-20 18:00:00,3,0.999158525796133
2019-04-21 07:00:00,3,0.989961278929183
2019-04-21 08:00:00,4,0.9982863699313268
2019-04-21 09:00:00,4,0.9739925404725841
2019-04-21 10:00:00,4,0.9963104790707987
2019-04-21 11:00:00,4,0.9959782387215022
2019-04-21 12:00:00,4,0.8819397256774753
2019-04-21 13:00:00,4,0.9843168231512943
2019-04-21 14:00:00,4,0.9456838274361524
2019-04-21 15:00:00,4,0.8799618136720997
2019-04-21 16:00:00,4,0.9573117994480017
2019-04-21 17:00:00,4,0.9971474089254119
2019-04-22 06:00:00,4,0.9928816825129997
2019-04-22 07:00:00,4,0.9963735473250565
2019-04-22 08:00:00,4,0.9999392729135124
2019-04-22 09:00:00,4,0.9811516310496212
2019-04-22 10:00:00,4,0.9991382520554776
2019-04-22 11:00:00,4,0.9018915517668858
2019-04-22 12:00:00,4,0.9999644832229507
2019-04-22 13:00:00,4,0.9040374630895948
2019-04-22 14:00:00,4,0.9984647094954856
2019-04-22 15:00:00,4,0.9985133665981449
2019-04-22 16:00:00,4,0.9734785653489303
2019-04-22 17:00:00,4,0.9965149357258527
2019-04-22 18:00:00,3,0.9986102945461018
2019-04-23 06:00:00,4,0.9984557743190866
2019-04-23 07:00:00,4,0.998747208044189
2019-04-23 08:00:00,4,0.9982999604591172
2019-04-23 09:00:00,4,0.7578884214816374
2019-04-23 10:00:00,4,0.8875671475181428
2019-04-23 11:00:00,4,0.9595839908316879
2019-04-23 12:00:00,4,0.8391500732716026
2019-04-23 13:00:00,4,0.993553982312787
2019-04-23 14:00:00,4,0.9511878528593958
2019-04-23 15:00:00,4,0.6049960749294665
2019-04-23 16:00:00,4,0.9216456884622248
2019-04-23 17:00:00,4,0.9969769774904527
2019-04-23 18:00:00,4,0.9996883886492206
2019-04-24 06:00:00,4,0.9997690455249205
2019-04-24 07:00:00,4,0.998118801497605
2019-04-24 08:00:00,4,0.9709954224902525
2019-04-24 09:00:00,4,0.9999463983479683
2019-04-24 10:00:00,4,-0.10232445337153152
2019-04-24 11:00:00,4,0.42102544805069214
2019-04-24 12:00:00,4,0.5039476974738069
2019-04-24 13:00:00,4,0.9898953963635287
2019-04-24 14:00:00,4,0.9974630309208633
2019-04-24 15:00:00,4,0.9942272210236202
2019-04-24 16:00:00,4,0.9984600143573119
2019-04-24 17:00:00,4,0.999697709153746
2019-04-24 18:00:00,3,0.9999013135849805
2019-04-25 06:00:00,4,0.9996545205174184
2019-04-25 07:00:00,4,0.998216323744214
2019-04-25 08:00:00,4,0.8249305250700785
2019-04-25 09:00:00,4,0.6898377849131395
2019-04-25 10:00:00,4,0.9246240624637165
2019-04-25 11:00:00,4,0.9835615027733442
2019-04-25 12:00:00,4,0.9389633539690877
2019-04-25 13:00:00,4,0.8629743445544819
2019-04-25 14:00:00,4,0.9905121134132779
2019-04-25 15:00:00,4,0.999768463421376
2019-04-25 16:00:00,4,0.9995683069021468
2019-04-25 17:00:00,4,0.9999512997374624
2019-04-25 18:00:00,4,0.9998803522355735
2019-04-26 06:00:00,4,0.996596818186302
2019-04-26 07:00:00,4,0.9886430099502227
2019-04-26 08:00:00,4,0.9880797377683382
2019-04-26 09:00:00,4,0.9892627684433402
2019-04-26 10:00:00,4,0.9942915592244744
2019-04-26 11:00:00,4,0.9930838999986505
2019-04-26 12:00:00,4,0.9860632275450346
2019-04-26 13:00:00,4,0.9634644137545333
2019-04-26 14:00:00,4,0.9797411733437511
2019-04-26 15:00:00,4,0.981120141524985
2019-04-26 16:00:00,4,0.9982882416378247
2019-04-26 17:00:00,4,0.9965239199458756
2019-04-26 18:00:00,4,0.9479080138021246
2019-04-27 06:00:00,4,
2019-04-27 07:00:00,4,
2019-04-27 08:00:00,4,
2019-04-27 09:00:00,4,
2019-04-27 10:00:00,4,
2019-04-27 11:00:00,4,
2019-04-27 12:00:00,4,
2019-04-27 13:00:00,4,
2019-04-27 14:00:00,4,
2019-04-27 15:00:00,4,
2019-04-27 16:00:00,4,
2019-04-27 17:00:00,4,
2019-04-27 18:00:00,3,
2019-04-28 07:00:00,4,
2019-04-28 08:00:00,4,
2019-04-28 09:00:00,4,
2019-04-28 10:00:00,4,
2019-04-28 11:00:00,4,
2019-04-28 12:00:00,4,
2019-04-28 13:00:00,4,
2019-04-28 14:00:00,4,
2019-04-28 15:00:00,4,
2019-04-28 16:00:00,4,
2019-04-28 17:00:00,4,
2019-04-28 18:00:00,3,
2019-04-29 06:00:00,4,
2019-04-29 07:00:00,4,
2019-04-29 08:00:00,4,
2019-04-29 09:00:00,4,
2019-04-29 10:00:00,4,
2019-04-29 11:00:00,4,
2019-04-29 12:00:00,4,
2019-04-29 13:00:00,4,
2019-04-29 14:00:00,4,
2019-04-29 15:00:00,4,
2019-04-29 16:00:00,4,
2019-04-29 17:00:00,4,
2019-04-29 18:00:00,4,
2019-04-30 06:00:00,4,0.9976583161664964
2019-04-30 07:00:00,4,0.9960522160593482
2019-04-30 08:00:00,4,0.9171461006755951
2019-04-30 09:00:00,4,0.281928047448328
2019-04-30 10:00:00,4,-0.13013260367043686
2019-04-30 11:00:00,4,0.8110942073758787
2019-04-30 12:00:00,4,0.6379227820602074
2019-04-30 13:00:00,4,0.9568968898701674
2019-04-30 14:00:00,4,0.9990326330525411
2019-04-30 15:00:00,4,0.9937629936415169
2019-04-30 16:00:00,4,0.9971333702788213
2019-04-30 17:00:00,4,0.9997996581092842
2019-04-30 18:00:00,3,0.9998122867353775
2019-05-01 06:00:00,4,0.9999291875770713
2019-05-01 07:00:00,4,0.9998954100285619
2019-05-01 08:00:00,4,0.9995670378497103
2019-05-01 09:00:00,4,0.9991991182016767
2019-05-01 10:00:00,4,0.9893066453341471
2019-05-01 11:00:00,4,0.9971530317813747
2019-05-01 12:00:00,4,0.7985437414949994
2019-05-01 13:00:00,4,0.9998932654094068
2019-05-01 14:00:00,4,0.9982409676947314
2019-05-01 15:00:00,4,0.9973409848943666
2019-05-01 16:00:00,4,0.9999074159045385
2019-05-01 17:00:00,4,0.9991378025762776
2019-05-01 18:00:00,4,0.9997320500535987
2019-05-02 06:00:00,4,0.9989115333368072
2019-05-02 07:00:00,4,0.9997279485222864
2019-05-02 08:00:00,4,0.999500162001798
2019-05-02 09:00:00,4,0.9116322859417284
2019-05-02 10:00:00,4,0.9810947468281463
2019-05-02 11:00:00,4,0.8193866235742333
2019-05-02 12:00:00,4,0.852253635402741
2019-05-02 13:00:00,4,0.9987962999303023
2019-05-02 14:00:00,4,0.9237367075455148
2019-05-02 15:00:00,4,0.8091746144336002
2019-05-02 16:00:00,4,0.9620002810700505
2019-05-02 17:00:00,4,0.9924661441116569
2019-05-02 18:00:00,4,0.9999920948261235
2019-05-03 06:00:00,4,0.9993820501593111
2019-05-03 07:00:00,4,0.9997524897123787
2019-05-03 08:00:00,4,0.9998143634517869
2019-05-03 09:00:00,4,0.9986225110668608
2019-05-03 10:00:00,4,0.9956374730590787
2019-05-03 11:00:00,4,0.9688524489845981
2019-05-03 12:00:00,4,0.8302607470054808
2019-05-03 13:00:00,4,0.9862208045115962
2019-05-03 14:00:00,4,0.9775968796172686
2019-05-03 15:00:00,4,0.9981017914285205
2019-05-03 16:00:00,4,0.9901672864735052
2019-05-03 17:00:00,4,0.9999775050144125
2019-05-03 18:00:00,4,0.9990928756503158
2019-05-04 06:00:00,4,0.9998604493480102
2019-05-04 07:00:00,4,0.8823979661030278
2019-05-04 08:00:00,4,0.9984631669431493
2019-05-04 09:00:00,4,0.9284537583434749
2019-05-04 10:00:00,4,0.9976709885972893
2019-05-04 11:00:00,4,0.71085843801485
2019-05-04 12:00:00,4,0.7125358452781504
2019-05-04 13:00:00,4,-0.6819695048972961
2019-05-04 14:00:00,4,0.9629971552260743
2019-05-04 15:00:00,4,0.9986455264116306
2019-05-04 16:00:00,4,0.9999872000661186
2019-05-04 17:00:00,4,0.9987145759283886
2019-05-04 18:00:00,4,0.9968170980689168
2019-05-05 06:00:00,4,0.999807484639241
2019-05-05 07:00:00,4,0.9946680846503421
2019-05-05 08:00:00,4,0.999743200037083
2019-05-05 09:00:00,4,0.9330803350227387
2019-05-05 10:00:00,4,0.6058760807960574
2019-05-05 11:00:00,4,0.985194543330512
2019-05-05 12:00:00,4,0.984260080223865
2019-05-05 13:00:00,4,0.9666637794925305
2019-05-05 14:00:00,4,0.9989121559217717
2019-05-05 15:00:00,4,0.9932840769849464
2019-05-05 16:00:00,4,0.9978126215224253
2019-05-05 17:00:00,4,0.9978801509893237
2019-05-06 06:00:00,4,0.996406664829838
2019-05-06 07:00:00,4,0.9936803237308638
2019-05-06 08:00:00,4,0.9801472911481246
2019-05-06 09:00:00,4,0.9996964876257685
2019-05-06 10:00:00,4,0.999064224150898
2019-05-06 11:00:00,4,0.9997825028146259
2019-05-06 12:00:00,4,0.9996690510325972
2019-05-06 13:00:00,4,0.9928480173317268
2019-05-06 14:00:00,4,0.9995810812700349
2019-05-06 15:00:00,4,0.9904338057581166
2019-05-06 16:00:00,4,0.9971905387322256
2019-05-06 17:00:00,4,0.9996568448731301
2019-05-06 18:00:00,4,0.9996800890702334
2019-05-07 06:00:00,4,0.9997397828203964
2019-05-07 07:00:00,4,0.9782426681627593
2019-05-07 08:00:00,4,0.9988921818060678
2019-05-07 09:00:00,4,0.9893636962252248
2019-05-07 10:00:00,4,0.9983204885373808
2019-05-07 11:00:00,4,0.9947758985349425
2019-05-07 12:00:00,4,0.9997369143728707
2019-05-07 13:00:00,4,0.997599079167709
2019-05-07 14:00:00,4,0.9914526833124067
2019-05-07 15:00:00,4,0.9995410850213443
2019-05-07 16:00:00,4,0.9996509402503885
2019-05-07 17:00:00,4,0.9962724971581237
2019-05-07 18:00:00,4,0.9992199003204753
2019-05-08 06:00:00,4,0.9936423877190925
2019-05-08 07:00:00,4,0.9867503369136119
2019-05-08 08:00:00,4,0.9928996985661576
2019-05-08 09:00:00,4,0.9978780678596001
2019-05-08 10:00:00,4,0.9147991979941292
2019-05-08 11:00:00,4,0.9138942139472476
2019-05-08 12:00:00,4,-0.9731842923039068
2019-05-08 13:00:00,4,0.9973295329040409
2019-05-08 14:00:00,4,0.9942957128713225
2019-05-08 15:00:00,4,0.9932566537698686
2019-05-08 16:00:00,4,0.9994878262796277
2019-05-08 17:00:00,4,0.9996321588297464
2019-05-08 18:00:00,4,0.9971795296633457
2019-05-09 06:00:00,4,0.9964569600613324
2019-05-09 07:00:00,4,0.9998380480057828
2019-05-09 08:00:00,4,0.9998865893673322
2019-05-09 09:00:00,4,0.9992747065230461
2019-05-09 10:00:00,4,0.8134310777307238
2019-05-09 11:00:00,4,0.6476246037638147
2019-05-09 12:00:00,4,0.4818691174673875
2019-05-09 13:00:00,4,0.933612644684193
2019-05-09 14:00:00,4,0.9927023072865439
2019-05-09 15:00:00,4,0.9942667192947013
2019-05-09 16:00:00,4,0.9890922180835817
2019-05-09 17:00:00,4,0.9961619126216218
2019-05-09 18:00:00,4,0.9991327871162746
2019-05-10 06:00:00,4,0.9959645985788064
2019-05-10 07:00:00,4,0.9995648365313741
2019-05-10 08:00:00,4,0.9993332162322998
2019-05-10 09:00:00,4,0.9978430809932799
2019-05-10 10:00:00,4,0.978042382352094
2019-05-10 11:00:00,4,0.9911455419705038
2019-05-10 12:00:00,4,0.5985638863656875
2019-05-10 13:00:00,4,0.9948588295604149
2019-05-10 14:00:00,4,0.9768291804500934
2019-05-10 15:00:00,4,0.7931363739296519
2019-05-10 16:00:00,4,0.996507814069053
2019-05-10 17:00:00,4,0.9818436133360557
2019-05-10 18:00:00,4,0.9951769852428446
2019-05-11 06:00:00,4,0.9998549776589988
2019-05-11 07:00:00,4,0.9990895748020001
2019-05-11 08:00:00,4,0.9986368291982396
2019-05-11 09:00:00,4,0.9832028286007382
2019-05-11 10:00:00,4,0.9892340716972968
2019-05-11 11:00:00,4,0.750380298562682
2019-05-11 12:00:00,4,0.008158788620792452
2019-05-11 13:00:00,4,0.9886751958142477
2019-05-11 14:00:00,4,0.9298803370542452
2019-05-11 15:00:00,4,0.9918316010529744
2019-05-11 16:00:00,4,0.9807044104423488
2019-05-11 17:00:00,4,0.9998904320109148
2019-05-11 18:00:00,4,0.9977486854807135
2019-05-12 06:00:00,4,0.9863171197687909
2019-05-12 07:00:00,4,0.9986007942616841
2019-05-12 08:00:00,4,0.9985016406947771
2019-05-12 09:00:00,4,0.9995491703745775
2019-05-12 10:00:00,4,0.9972227264741991
2019-05-12 11:00:00,4,0.9985587969437393
2019-05-12 12:00:00,4,0.9964721399545623
2019-05-12 13:00:00,4,0.9812659143014523
2019-05-12 14:00:00,4,0.9980016343958137
2019-05-12 15:00:00,4,0.9799918417589453
2019-05-12 16:00:00,4,0.9999111240495184
2019-05-12 17:00:00,4,0.9973886068428119
2019-05-12 18:00:00,3,0.9655027880506865
2019-05-13 06:00:00,4,0.9986621091646702
2019-05-13 07:00:00,4,0.9995353006114928
2019-05-13 08:00:00,4,0.9997595407005191
2019-05-13 09:00:00,4,0.9962017040786892
2019-05-13 10:00:00,4,0.9998039325542342
2019-05-13 11:00:00,4,0.9973924398675382
2019-05-13 12:00:00,4,0.9998663211580403
2019-05-13 13:00:00,4,0.9999464361612396
2019-05-13 14:00:00,4,0.933564251113833
2019-05-13 15:00:00,4,0.9932498954906851
2019-05-13 16:00:00,4,0.9705042331462516
2019-05-13 17:00:00,4,0.9957068757386379
2019-05-13 18:00:00,4,0.9978105889198626
2019-05-14 06:00:00,4,0.9967004122848082
2019-05-14 07:00:00,4,0.9753277723919961
2019-05-14 08:00:00,4,0.4478898863306477
2019-05-14 09:00:00,4,0.9969744461421766
2019-05-14 10:00:00,4,0.9962295642005855
2019-05-14 11:00:00,4,0.999470287358531
2019-05-14 12:00:00,4,0.9994509067879275
2019-05-14 13:00:00,4,0.9957737481108352
2019-05-14 14:00:00,4,0.9823408323543048
2019-05-14 15:00:00,4,0.9878551255533456
2019-05-14 16:00:00,4,0.999842353160216
2019-05-14 17:00:00,4,0.9902166912617903
2019-05-14 18:00:00,4,0.7747580051674617
2019-05-15 06:00:00,4,0.9877343762793155
2019-05-15 07:00:00,4,0.9842639962417903
2019-05-15 08:00:00,4,0.8381631198350515
2019-05-15 09:00:00,4,0.9981630414838185
2019-05-15 10:00:00,4,0.9020650405672591
2019-05-15 11:00:00,4,0.9933467291522541
2019-05-15 12:00:00,4,0.9484296566779133
2019-05-15 13:00:00,4,0.9545784675417517
2019-05-15 14:00:00,4,0.6830458399957811
2019-05-15 15:00:00,4,0.9864963482845769
2019-05-15 16:00:00,4,0.9982020205803546
2019-05-15 17:00:00,4,0.985884438334668
2019-05-15 18:00:00,4,0.9866306299725345
2019-05-16 06:00:00,4,0.9591928398593439
2019-05-16 07:00:00,4,0.9990123649409157
2019-05-16 08:00:00,4,0.9259352463501835
2019-05-16 09:00:00,4,0.9643292202404663
2019-05-16 10:00:00,4,0.8771485077979856
2019-05-16 11:00:00,4,0.9595632385701406
2019-05-16 12:00:00,4,0.9479696161435053
2019-05-16 13:00:00,4,0.9832907861731004
2019-05-16 14:00:00,4,0.974589441372146
2019-05-16 15:00:00,4,0.9850695918801122
2019-05-16 16:00:00,4,0.9995426199974181
2019-05-16 17:00:00,4,0.9952660633950765
2019-05-16 18:00:00,4,0.9855463854949231
2019-05-17 06:00:00,4,0.9581200886627708
2019-05-17 07:00:00,4,0.9997395647620649
2019-05-17 08:00:00,4,0.9995035659391235
2019-05-17 09:00:00,4,0.9664040252155922
2019-05-17 10:00:00,4,0.8028717636763727
2019-05-17 11:00:00,4,0.9511595809542203
2019-05-17 12:00:00,4,0.7319740069174756
2019-05-17 13:00:00,4,0.9690464472650018
2019-05-17 14:00:00,4,0.8511572225066979
2019-05-17 15:00:00,4,0.9330514695894309
2019-05-17 16:00:00,4,0.716932702762842
2019-05-17 17:00:00,4,0.6429702488377042
2019-05-17 18:00:00,4,0.9978902519640155
2019-05-18 06:00:00,4,0.9947405609974165
2019-05-18 07:00:00,4,0.9989763462511472
2019-05-18 08:00:00,4,0.9587573935638712
2019-05-18 09:00:00,4,0.9905724179071791
2019-05-18 10:00:00,4,0.9753564091572563
2019-05-18 11:00:00,4,0.9832890728391659
2019-05-18 12:00:00,4,0.8712435573740654
2019-05-18 13:00:00,4,0.9689371884328762
2019-05-18 14:00:00,4,0.9640334061762861
2019-05-18 15:00:00,4,0.952736565103192
2019-05-18 16:00:00,4,0.9549026343703619
2019-05-18 17:00:00,4,0.9997854393057801
2019-05-18 18:00:00,4,0.9999618978793051
2019-05-19 06:00:00,4,0.9965966198713244
2019-05-19 07:00:00,4,0.973959499315838
2019-05-19 08:00:00,4,0.9899649935437785
2019-05-19 09:00:00,4,0.8628814616307059
2019-05-19 10:00:00,4,0.6861056879154801
2019-05-19 11:00:00,4,0.9714780688845355
2019-05-19 12:00:00,4,0.9830953481412749
2019-05-19 13:00:00,4,0.9950148350926875
2019-05-19 14:00:00,4,0.9997047885501444
2019-05-19 15:00:00,4,0.9957079373894637
2019-05-19 16:00:00,4,0.99993662747179
2019-05-19 17:00:00,4,0.9946051086598535
2019-05-19 18:00:00,4,0.9991575643231071
2019-05-20 06:00:00,4,0.9824592022962901
2019-05-20 07:00:00,4,0.9680034882651024
2019-05-20 08:00:00,4,0.9997890610146202
2019-05-20 09:00:00,4,0.9987655443777952
2019-05-20 10:00:00,4,0.9798607744690564
2019-05-20 11:00:00,4,0.9951641387715855
2019-05-20 12:00:00,4,0.9918568425037912
2019-05-20 13:00:00,4,0.996358327456582
2019-05-20 14:00:00,4,0.9952347026776969
2019-05-20 15:00:00,4,0.9992209541259771
2019-05-20 16:00:00,4,0.9997834968807161
2019-05-20 17:00:00,4,0.9952523439355262
2019-05-20 18:00:00,4,0.9994676807813533
2019-05-21 06:00:00,4,0.9988437866426562
2019-05-21 07:00:00,4,0.9977204594520425
2019-05-21 08:00:00,4,0.9993995520797323
2019-05-21 09:00:00,4,0.9693321666665689
2019-05-21 10:00:00,4,0.9146192834416123
2019-05-21 11:00:00,4,0.9828488199387307
2019-05-21 12:00:00,4,0.9823109621495486
2019-05-21 13:00:00,4,0.9996003657688873
2019-05-21 14:00:00,4,0.9995544903270153
2019-05-21 15:00:00,4,0.9923634690795945
2019-05-21 16:00:00,4,0.989896802882255
2019-05-21 17:00:00,4,0.994238448855831
2019-05-21 18:00:00,3,0.9982311464657418
2019-05-22 06:00:00,4,0.9690894622757074
2019-05-22 07:00:00,4,0.9997912955604278
2019-05-22 08:00:00,4,0.9997788903748077
2019-05-22 09:00:00,4,0.9999628717094999
2019-05-22 10:00:00,4,0.987154927505431
2019-05-22 11:00:00,4,0.9113548816866031
2019-05-22 12:00:00,4,-0.23067189333797347
2019-05-22 13:00:00,4,0.9773079687884502
2019-05-22 14:00:00,4,0.9974698280778228
2019-05-22 15:00:00,4,0.9848278909629256
2019-05-22 16:00:00,4,0.9992632539309526
2019-05-22 17:00:00,4,0.9989401764442937
2019-05-22 18:00:00,4,0.9998447426237084
2019-05-23 06:00:00,4,0.9623057902589158
2019-05-23 07:00:00,4,0.9997857460076673
2019-05-23 08:00:00,4,0.999007594876531
2019-05-23 09:00:00,4,0.9986635199705205
2019-05-23 10:00:00,4,0.975561429561915
2019-05-23 11:00:00,4,0.7460449034065747
2019-05-23 12:00:00,4,0.7842136405086401
2019-05-23 13:00:00,4,0.9610129000639569
2019-05-23 14:00:00,4,0.9488748433474867
2019-05-23 15:00:00,4,0.9991075026205556
2019-05-23 16:00:00,4,0.9939336574892041
2019-05-23 17:00:00,4,0.9972403900677774
2019-05-23 18:00:00,4,0.9970047715776591
2019-05-24 06:00:00,4,0.9427973962173906
2019-05-24 07:00:00,4,0.9992371718196079
2019-05-24 08:00:00,4,0.9994420689957588
2019-05-24 09:00:00,4,0.23029902846746364
2019-05-24 10:00:00,4,0.9759054324325458
2019-05-24 11:00:00,4,0.9918185629903404
2019-05-24 12:00:00,4,0.9984816078211479
2019-05-24 13:00:00,4,0.9940325917265026
2019-05-24 14:00:00,4,0.990572536583061
2019-05-24 15:00:00,4,0.9972067705455915
2019-05-24 16:00:00,4,0.9936919344778237
2019-05-24 17:00:00,4,0.9987479768405769
2019-05-24 18:00:00,4,0.9986232434569572
2019-05-25 06:00:00,4,0.9995508002065379
2019-05-25 07:00:00,4,0.9920478525550323
2019-05-25 08:00:00,4,0.9942970483559344
2019-05-25 09:00:00,4,0.9668913599011995
2019-05-25 10:00:00,4,0.9970582015109329
2019-05-25 11:00:00,4,0.9891040465417005
2019-05-25 12:00:00,4,0.9937841133914682
2019-05-25 13:00:00,4,0.9963183763863565
2019-05-25 14:00:00,4,0.9656707385387865
2019-05-25 15:00:00,4,0.9646817131107995
2019-05-25 16:00:00,4,0.9996711557235938
2019-05-25 17:00:00,4,0.9452493851076139
2019-05-25 18:00:00,4,0.7745966692414833
2019-05-26 06:00:00,4,0.9999741243208053
2019-05-26 07:00:00,4,0.9269249279111571
2019-05-26 08:00:00,4,0.9992855456309949
2019-05-26 09:00:00,4,0.999830097632086
2019-05-26 10:00:00,4,0.9696364269791147
2019-05-26 11:00:00,4,0.94343808930792
2019-05-26 12:00:00,4,0.6300755361958593
2019-05-26 13:00:00,4,0.7691916041451428
2019-05-26 14:00:00,4,-0.5213077990932758
2019-05-26 15:00:00,4,0.34744086645194017
2019-05-26 16:00:00,4,0.9795756886756586
2019-05-26 17:00:00,4,0.9995778452962569
2019-05-26 18:00:00,4,0.9918031793552915
2019-05-27 06:00:00,4,0.9901665948845997
2019-05-27 07:00:00,4,0.9995132958026349
2019-05-27 08:00:00,4,0.999776356821783
2019-05-27 09:00:00,4,0.9995419690589906
2019-05-27 10:00:00,4,0.9951266092293387
2019-05-27 11:00:00,4,0.9925620410404733
2019-05-27 12:00:00,4,-0.5674064936418425
2019-05-27 13:00:00,4,0.9917909729218453
2019-05-27 14:00:00,4,0.997558339501924
2019-05-27 15:00:00,4,0.9964121350955814
2019-05-27 16:00:00,4,0.9998583492813373
2019-05-27 17:00:00,4,0.9994085268867499
2019-05-27 18:00:00,4,0.9972494077087171
2019-05-28 06:00:00,4,0.947901512054336
2019-05-28 07:00:00,4,0.9996984354436961
2019-05-28 08:00:00,4,0.9771416684617834
2019-05-28 09:00:00,4,0.9903416094541675
2019-05-28 10:00:00,4,0.8695177082396044
2019-05-28 11:00:00,4,-0.7574183952454622
2019-05-28 12:00:00,4,0.7114591155661915
2019-05-28 13:00:00,4,0.944342628577299
2019-05-28 14:00:00,4,0.988236205870504
2019-05-28 15:00:00,4,0.9603427218824789
2019-05-28 16:00:00,4,0.983335823247553
2019-05-28 17:00:00,4,0.9893143613432736
2019-05-28 18:00:00,4,0.9917659606723077
2019-05-29 06:00:00,4,0.9999283744714813
2019-05-29 07:00:00,4,0.9999455034642789
2019-05-29 08:00:00,4,0.9999999996599762
2019-05-29 09:00:00,4,-0.999189248433194
2019-05-29 10:00:00,4,
2019-05-29 11:00:00,4,
2019-05-29 12:00:00,4,
2019-05-29 13:00:00,4,
2019-05-29 14:00:00,4,
2019-05-29 15:00:00,4,
2019-05-29 16:00:00,4,-0.9779739468771489
2019-05-29 17:00:00,4,0.9589372205398962
2019-05-29 18:00:00,4,0.9995030570471974
2019-05-30 06:00:00,4,0.9868069936238745
2019-05-30 07:00:00,4,0.943657533985683
2019-05-30 08:00:00,4,0.9971475880848346
2019-05-30 09:00:00,4,0.9946360496390125
2019-05-30 10:00:00,4,0.9675663496379565
2019-05-30 11:00:00,4,0.9697125565999897
2019-05-30 12:00:00,4,0.9968628882782011
2019-05-30 13:00:00,4,0.9837838882015228
2019-05-30 14:00:00,4,0.9990185789276089
2019-05-30 15:00:00,4,0.94234643502037
2019-05-30 16:00:00,4,0.9855854054291289
2019-05-30 17:00:00,4,0.9116182605339055
2019-05-30 18:00:00,4,0.9364845535878218
2019-05-31 06:00:00,4,0.9987181720739715
2019-05-31 07:00:00,4,0.8992161515073408
2019-05-31 08:00:00,4,0.9875491746619716
2019-05-31 09:00:00,4,0.8332528075273525
2019-05-31 10:00:00,4,0.9661128662381838
2019-05-31 11:00:00,4,0.9725220740375318
2019-05-31 12:00:00,4,0.9569642176097023
2019-05-31 13:00:00,4,-0.3107186282125261
2019-05-31 14:00:00,4,0.9017399078327062
2019-05-31 15:00:00,4,0.9928691213236223
2019-05-31 16:00:00,4,0.9858277186419284
2019-05-31 17:00:00,4,0.9805648028289602
2019-05-31 18:00:00,4,0.9962587928697145
2019-06-01 06:00:00,4,0.9993331591307877
2019-06-01 07:00:00,4,0.8663005605900916
2019-06-01 08:00:00,4,0.966556173782479
2019-06-01 09:00:00,4,0.8847219755964416
2019-06-01 10:00:00,4,0.7028894514082469
2019-06-01 11:00:00,4,0.9316587117086416
2019-06-01 12:00:00,4,0.2514276345965198
2019-06-01 13:00:00,4,0.9872073741061415
2019-06-01 14:00:00,4,0.9399718086509641
2019-06-01 15:00:00,4,0.48940125200798984
2019-06-01 16:00:00,4,0.9995886215552567
2019-06-01 17:00:00,4,0.9980074511328405
2019-06-01 18:00:00,4,0.9986598576049824
2019-06-02 06:00:00,4,0.6450791657074728
2019-06-02 07:00:00,4,0.9887947165641595
2019-06-02 08:00:00,4,0.8027349353292754
2019-06-02 09:00:00,4,0.9599766789631357
2019-06-02 10:00:00,4,0.7382855025774513
2019-06-02 11:00:00,4,0.6446521041030407
2019-06-02 12:00:00,4,0.5542967822372545
2019-06-02 13:00:00,4,0.7469341913837202
2019-06-02 14:00:00,4,0.9975972838638079
2019-06-02 15:00:00,4,0.9257151835958884
2019-06-02 16:00:00,4,0.999962776842135
2019-06-02 17:00:00,4,0.980167436474229
2019-06-02 18:00:00,4,0.9965460410674769
2019-06-03 06:00:00,4,0.9370610112009956
2019-06-03 07:00:00,4,0.996841273205467
2019-06-03 08:00:00,4,0.9986564225419677
2019-06-03 09:00:00,4,0.9956836704003516
2019-06-03 10:00:00,4,0.9995663839512472
2019-06-03 11:00:00,4,0.9660982144143138
2019-06-03 12:00:00,4,-0.26380113508073827
2019-06-03 13:00:00,4,0.9374591746188872
2019-06-03 14:00:00,4,0.998387041101931
2019-06-03 15:00:00,4,0.9983776271078229
2019-06-03 16:00:00,4,0.9994829765740957
2019-06-03 17:00:00,4,0.9998709824658214
2019-06-03 18:00:00,4,0.9990798602336696
2019-06-04 06:00:00,4,0.9434418366269263
2019-06-04 07:00:00,4,0.9998424778904181
2019-06-04 08:00:00,4,0.9999770247193128
2019-06-04 09:00:00,4,0.9996809539615634
2019-06-04 10:00:00,4,0.9913596181912988
2019-06-04 11:00:00,4,0.9993490845216486
2019-06-04 12:00:00,4,-0.9457306988394176
2019-06-04 13:00:00,4,0.9910520473288632
2019-06-04 14:00:00,4,0.9982371626657724
2019-06-04 15:00:00,4,0.9998000150512808
2019-06-04 16:00:00,4,0.9999039088348515
2019-06-04 17:00:00,4,0.9999547520347717
2019-06-04 18:00:00,4,0.9936548837250647
2019-06-05 06:00:00,4,0.934136401761481
2019-06-05 07:00:00,4,0.9961244097350503
2019-06-05 08:00:00,4,0.9998223563038804
2019-06-05 09:00:00,4,0.9360401333633265
2019-06-05 10:00:00,4,0.9545061037090004
2019-06-05 11:00:00,4,0.8374559789424909
2019-06-05 12:00:00,4,0.9924473142727228
2019-06-05 13:00:00,4,0.977568028063641
2019-06-05 14:00:00,4,0.9947444438167181
2019-06-05 15:00:00,4,0.9996791077748748
2019-06-05 16:00:00,4,0.9990750763139898
2019-06-05 17:00:00,3,0.9707253433941512
2019-06-06 06:00:00,4,0.9675201714073705
2019-06-06 07:00:00,4,0.8340464547343026
2019-06-06 08:00:00,4,0.9120219873538501
2019-06-06 09:00:00,4,0.9818988690689965
2019-06-06 10:00:00,4,0.9674546133495302
2019-06-06 11:00:00,4,0.9200328496408234
2019-06-06 12:00:00,4,0.9664157245604221
2019-06-06 13:00:00,4,0.9363920654196805
2019-06-06 14:00:00,4,0.9077399808302237
2019-06-06 15:00:00,4,0.99724678316182
2019-06-06 16:00:00,4,0.9655644404539945
2019-06-06 17:00:00,4,0.9975024363935077
2019-06-06 18:00:00,4,0.9946230598963529
2019-06-07 06:00:00,4,0.9971480471685554
2019-06-07 07:00:00,4,0.6810811305798155
2019-06-07 08:00:00,4,0.9440974948676333
2019-06-07 09:00:00,4,0.9985086008669594
2019-06-07 10:00:00,4,0.9824191890009464
2019-06-07 11:00:00,4,0.9846359158392619
2019-06-07 12:00:00,4,0.9008725307434764
2019-06-07 13:00:00,4,0.9821982665520852
2019-06-07 14:00:00,4,0.999613133579156
2019-06-07 15:00:00,4,0.9723081404057216
2019-06-07 16:00:00,4,0.9957713648478734
2019-06-07 17:00:00,4,0.99728806465059
2019-06-07 18:00:00,4,0.9948073135122047
2019-06-08 06:00:00,4,0.9777557713183351
2019-06-08 07:00:00,4,0.9999306807521285
2019-06-08 08:00:00,4,0.88248223629802
2019-06-08 09:00:00,4,0.9370334799823622
2019-06-08 10:00:00,4,-0.27641458802948327
2019-06-08 11:00:00,4,0.9523143475467508
2019-06-08 12:00:00,4,0.9916694826862577
2019-06-08 13:00:00,4,0.45954891373821605
2019-06-08 14:00:00,4,0.21414375678923206
2019-06-08 15:00:00,4,0.9940164188219928
2019-06-08 16:00:00,4,0.9995718677482592
2019-06-08 17:00:00,4,0.9920634391390512
2019-06-08 18:00:00,4,0.9998228677053004
2019-06-09 06:00:00,4,0.9990656429898822
2019-06-09 07:00:00,4,0.9796145096200151
2019-06-09 08:00:00,4,0.981924084989122
2019-06-09 09:00:00,4,0.9356440791471983
2019-06-09 10:00:00,4,0.9383850031744825
2019-06-09 11:00:00,4,0.9841655454101998
2019-06-09 12:00:00,4,0.9586875401465805
2019-06-09 13:00:00,4,0.996628732003403
2019-06-09 14:00:00,4,0.9434262081977741
2019-06-09 15:00:00,4,0.9742992856902186
2019-06-09 16:00:00,4,0.9840322839541075
2019-06-09 17:00:00,4,0.9918530898973842
2019-06-09 18:00:00,4,0.9991272542179189
2019-06-10 06:00:00,4,0.9994447542398299
2019-06-10 07:00:00,4,0.6314231668709566
2019-06-10 08:00:00,4,0.986847901223461
2019-06-10 09:00:00,4,0.9983570668694278
2019-06-10 10:00:00,4,0.7793106239974796
2019-06-10 11:00:00,4,0.5871611249589274
2019-06-10 12:00:00,4,-0.5299981243368884
2019-06-10 13:00:00,4,0.9787061698076717
2019-06-10 14:00:00,4,0.9974970130603034
2019-06-10 15:00:00,4,0.9923080224411115
2019-06-10 16:00:00,4,0.9999690722564432
2019-06-10 17:00:00,4,0.9997941440297307
2019-06-10 18:00:00,4,0.9999611426026875
2019-06-11 06:00:00,4,0.9971493905749332
2019-06-11 07:00:00,4,0.9996622957299043
2019-06-11 08:00:00,4,0.999028832748549
2019-06-11 09:00:00,4,0.9983114886743196
2019-06-11 10:00:00,4,0.9960359137268487
2019-06-11 11:00:00,4,0.8643401674054759
2019-06-11 12:00:00,4,0.8044095462193089
2019-06-11 13:00:00,4,0.9955128634079693
2019-06-11 14:00:00,4,0.9177512165645584
2019-06-11 15:00:00,4,0.9993048189368365
2019-06-11 16:00:00,4,0.9894016749320367
2019-06-11 17:00:00,4,0.9998227738827871
2019-06-11 18:00:00,4,0.9997978661959929
2019-06-12 06:00:00,4,0.9912413955091633
2019-06-12 07:00:00,4,0.9896655600113484
2019-06-12 08:00:00,4,0.6320762920346938
2019-06-12 09:00:00,4,0.9994745981282935
2019-06-12 10:00:00,4,0.043893422013742314
2019-06-12 11:00:00,4,0.91212255453833
2019-06-12 12:00:00,4,0.9590281653944936
2019-06-12 13:00:00,4,0.9975811637799611
2019-06-12 14:00:00,4,0.9889941277847187
2019-06-12 15:00:00,4,0.6865843145235782
2019-06-12 16:00:00,4,0.9991627848172006
2019-06-12 17:00:00,4,0.9552933159340089
2019-06-12 18:00:00,4,0.9909451165262789
2019-06-13 06:00:00,4,0.9978148779401749
2019-06-13 07:00:00,4,0.9934284074231126
2019-06-13 08:00:00,4,0.9931639639697444
2019-06-13 09:00:00,4,0.9652145603728515
2019-06-13 10:00:00,4,-0.5712607858041505
2019-06-13 11:00:00,4,-0.02083644357943054
2019-06-13 12:00:00,4,0.027645094387312337
2019-06-13 13:00:00,4,0.9983450173285435
2019-06-13 14:00:00,4,0.957751844999653
2019-06-13 15:00:00,4,0.9872859890023518
2019-06-13 16:00:00,4,0.9077238047589036
2019-06-13 17:00:00,4,0.9645014039134343
2019-06-13 18:00:00,4,0.9943157921510153
2019-06-14 06:00:00,4,0.9996233032997244
2019-06-14 07:00:00,4,0.9921144023642958
2019-06-14 08:00:00,4,0.9768528398530978
2019-06-14 09:00:00,4,0.2960155531263908
2019-06-14 10:00:00,4,0.13229275339465504
2019-06-14 11:00:00,4,0.896093022019821
2019-06-14 12:00:00,4,-0.28945297055733965
2019-06-14 13:00:00,4,0.9462431792950877
2019-06-14 14:00:00,4,0.9721296301062473
2019-06-14 15:00:00,4,0.9920466125816817
2019-06-14 16:00:00,4,0.9974621015215864
2019-06-14 17:00:00,4,0.997315973823074
2019-06-14 18:00:00,4,0.9995626762831523
2019-06-15 06:00:00,4,0.9953100977663416
2019-06-15 07:00:00,4,0.6169554475746608
2019-06-15 08:00:00,4,0.9838462962910339
2019-06-15 09:00:00,4,0.9714796356973091
2019-06-15 10:00:00,4,0.9662085934006226
2019-06-15 11:00:00,4,0.9703382329962362
2019-06-15 12:00:00,4,0.37331348428382227
2019-06-15 13:00:00,4,0.9359797093635965
2019-06-15 14:00:00,4,0.9532751690197919
2019-06-15 15:00:00,4,0.8068127125137013
2019-06-15 16:00:00,4,0.9931172993779845
2019-06-15 17:00:00,4,0.9985770082363927
2019-06-15 18:00:00,4,0.9997551999945016
2019-06-16 06:00:00,4,0.9984439312260642
2019-06-16 07:00:00,4,0.9987948366353712
2019-06-16 08:00:00,4,0.999789235650561
2019-06-16 09:00:00,4,0.999837906377834
2019-06-16 10:00:00,4,0.9996592504307296
2019-06-16 11:00:00,4,0.9986197745837466
2019-06-16 12:00:00,4,0.988328590837694
2019-06-16 13:00:00,4,0.9988715656477197
2019-06-16 14:00:00,4,0.9948958796689771
2019-06-16 15:00:00,4,0.9968847920608253
2019-06-16 16:00:00,4,0.9996022320775356
2019-06-16 17:00:00,4,0.999352719933397
2019-06-16 18:00:00,4,0.9880385445827591
2019-06-16 19:00:00,3,0.9998693209329087
2019-06-17 06:00:00,4,0.9963162445599126
2019-06-17 07:00:00,4,0.999593893011894
2019-06-17 08:00:00,4,0.9907754201709561
2019-06-17 09:00:00,4,0.973418001943475
2019-06-17 10:00:00,4,0.9841503954660191
2019-06-17 11:00:00,4,0.9721609723476129
2019-06-17 12:00:00,4,0.9964102382940028
2019-06-17 13:00:00,4,0.8845013886350923
2019-06-17 14:00:00,4,0.985263476757552
2019-06-17 15:00:00,4,0.9034780257962173
2019-06-17 16:00:00,4,0.9977676918344449
2019-06-17 17:00:00,4,0.9661303113694831
2019-06-17 18:00:00,3,0.9951720300852811
2019-06-18 06:00:00,4,0.999787635696191
2019-06-18 07:00:00,4,0.9899864774558204
2019-06-18 08:00:00,4,0.9336598165270298
2019-06-18 09:00:00,4,0.9796570857954623
2019-06-18 10:00:00,4,0.8284927982980534
2019-06-18 11:00:00,4,0.9963334631264356
2019-06-18 12:00:00,4,0.9605997593561088
2019-06-18 13:00:00,4,0.9747877900944975
2019-06-18 14:00:00,4,0.09723461096791434
2019-06-18 15:00:00,4,0.999284799660061
2019-06-18 16:00:00,4,0.9519302064485762
2019-06-18 17:00:00,4,0.9922104517331906
2019-06-18 18:00:00,4,0.9996462458025598
2019-06-19 06:00:00,4,0.9989098026426214
2019-06-19 07:00:00,4,0.9984947792665919
2019-06-19 08:00:00,4,0.9973821886521689
2019-06-19 09:00:00,4,0.9684269131376151
2019-06-19 10:00:00,4,0.7591082534622849
2019-06-19 11:00:00,4,0.9826258365615497
2019-06-19 12:00:00,4,0.9867392777605931
2019-06-19 13:00:00,4,0.9999799166825228
2019-06-19 14:00:00,4,0.9932656109109417
2019-06-19 15:00:00,4,0.9997993310773386
2019-06-19 16:00:00,4,0.9854271438200424
2019-06-19 17:00:00,4,0.9844484350249013
2019-06-19 18:00:00,4,0.9998371457049888
2019-06-20 06:00:00,4,0.9655482049351721
2019-06-20 07:00:00,4,0.9881828308246722
2019-06-20 08:00:00,4,0.9987395951491911
2019-06-20 09:00:00,4,0.9945886107735133
2019-06-20 10:00:00,4,0.9625539449665327
2019-06-20 11:00:00,4,0.9998465200514098
2019-06-20 12:00:00,4,0.9903496348493613
2019-06-20 13:00:00,4,0.8443286451487386
2019-06-20 14:00:00,4,0.9948568741043298
2019-06-20 15:00:00,4,0.995463635077754
2019-06-20 16:00:00,4,0.37619639134497235
2019-06-20 17:00:00,4,0.9947589315757703
2019-06-20 18:00:00,4,0.9987434979300646
2019-06-21 06:00:00,4,0.8678236616878497
2019-06-21 07:00:00,4,0.9920079270870358
2019-06-21 08:00:00,4,0.9997779041678524
2019-06-21 09:00:00,4,0.9984304590280294
2019-06-21 10:00:00,4,0.997904983056956
2019-06-21 11:00:00,4,0.9826625211989627
2019-06-21 12:00:00,4,0.9976951734871609
2019-06-21 13:00:00,4,0.9001098713322063
2019-06-21 14:00:00,4,0.9864458086338733
2019-06-21 15:00:00,4,0.9687239927580414
2019-06-21 16:00:00,4,0.9947700641346816
2019-06-21 17:00:00,4,0.9755835269654751
2019-06-21 18:00:00,4,0.9769093077128725
2019-06-22 06:00:00,4,0.9964822490266864
2019-06-22 07:00:00,4,0.9988374516468851
2019-06-22 08:00:00,4,0.9955856280684099
2019-06-22 09:00:00,4,0.9970830265060624
2019-06-22 10:00:00,4,0.9970691368118014
2019-06-22 11:00:00,4,0.9633575794856643
2019-06-22 12:00:00,4,0.9620557181213534
2019-06-22 13:00:00,4,0.9978454862450508
2019-06-22 14:00:00,4,0.993780535973925
2019-06-22 15:00:00,4,0.9999206620408699
2019-06-22 16:00:00,4,0.9960325246131153
2019-06-22 17:00:00,4,0.9984224412642059
2019-06-22 18:00:00,4,0.9996274606657942
2019-06-23 06:00:00,4,0.9941080039519758
2019-06-23 07:00:00,4,0.9976447634307936
2019-06-23 08:00:00,4,0.9993027018348535
2019-06-23 09:00:00,4,0.9999658360794087
2019-06-23 10:00:00,4,0.9803927422609936
2019-06-23 11:00:00,4,0.9666925026173041
2019-06-23 12:00:00,4,0.6857009940457303
2019-06-23 13:00:00,4,0.9810873185693154
2019-06-23 14:00:00,4,0.9925848637442463
2019-06-23 15:00:00,4,0.903767698775105
2019-06-23 16:00:00,4,0.9986170341236037
2019-06-23 17:00:00,4,0.9969568743817071
2019-06-23 18:00:00,4,0.9784282571910833
2019-06-24 06:00:00,4,0.997845389191199
2019-06-24 07:00:00,4,0.9965382108473544
2019-06-24 08:00:00,4,0.9905838520095864
2019-06-24 09:00:00,4,0.9480768265889209
2019-06-24 10:00:00,4,0.9201667303592758
2019-06-24 11:00:00,4,0.9772425269502565
2019-06-24 12:00:00,4,0.9623202113354
2019-06-24 13:00:00,4,0.9993326596896616
2019-06-24 14:00:00,4,0.993624053048141
2019-06-24 15:00:00,4,0.8909369936025799
2019-06-24 16:00:00,4,0.938138335289918
2019-06-24 17:00:00,4,0.9817352153764956
2019-06-24 18:00:00,4,0.9870232036219927
2019-06-25 06:00:00,4,0.9993133197814171
2019-06-25 07:00:00,4,0.9986486769306899
2019-06-25 08:00:00,4,0.9762657431243256
2019-06-25 09:00:00,4,0.7943497859658568
2019-06-25 10:00:00,4,0.9936162132488441
2019-06-25 11:00:00,4,0.9917288199805232
2019-06-25 12:00:00,4,0.8579986021253657
2019-06-25 13:00:00,4,0.9985245324371683
2019-06-25 14:00:00,4,0.9717572573941311
2019-06-25 15:00:00,4,0.9990407934897653
2019-06-25 16:00:00,4,0.9695873949739471
2019-06-25 17:00:00,4,0.7913286993243349
2019-06-25 18:00:00,4,0.9983795881862044
2019-06-26 06:00:00,4,0.9991710845792227
2019-06-26 07:00:00,4,0.9997173905475264
2019-06-26 08:00:00,4,0.9993616589030039
2019-06-26 09:00:00,4,0.9945258760421981
2019-06-26 10:00:00,4,0.999813399095994
2019-06-26 11:00:00,4,-0.04834297297664134
2019-06-26 12:00:00,4,-0.5422976813382326
2019-06-26 13:00:00,4,0.10900269340212536
2019-06-26 14:00:00,4,0.9665953354940902
2019-06-26 15:00:00,4,0.66744340342707
2019-06-26 16:00:00,4,0.974034691941657
2019-06-26 17:00:00,4,0.7979746969335544
2019-06-26 18:00:00,4,0.9936089929189389
2019-06-27 06:00:00,4,0.9998980146915057
2019-06-27 07:00:00,4,0.9999915864947994
2019-06-27 08:00:00,4,0.9997487464154053
2019-06-27 09:00:00,4,0.9703234650986744
2019-06-27 10:00:00,4,0.9794511438618851
2019-06-27 11:00:00,4,0.8534131363778432
2019-06-27 12:00:00,4,0.8650947415108156
2019-06-27 13:00:00,4,0.9740450683183849
2019-06-27 14:00:00,4,0.9937088788571157
2019-06-27 15:00:00,4,0.9830482916429698
2019-06-27 16:00:00,4,0.9620560535941304
2019-06-27 17:00:00,4,0.9958948278718034
2019-06-27 18:00:00,4,0.9925246624993189
2019-06-28 06:00:00,4,0.9964021170405779
2019-06-28 07:00:00,4,0.9762851474772839
2019-06-28 08:00:00,4,0.9993204794472688
2019-06-28 09:00:00,4,0.9639684416145787
2019-06-28 10:00:00,4,0.9878785171092151
2019-06-28 11:00:00,4,0.999679539961381
2019-06-28 12:00:00,4,0.9999045115294057
2019-06-28 13:00:00,4,0.9964685804929077
2019-06-28 14:00:00,4,0.9983212103946628
2019-06-28 15:00:00,4,0.9936351163686118
2019-06-28 16:00:00,4,0.9997045640755425
2019-06-29 06:00:00,4,0.9694476889663094
2019-06-29 07:00:00,4,0.9999024425396749
2019-06-29 08:00:00,4,0.9996789929385609
2019-06-29 09:00:00,4,0.9962347731526624
2019-06-29 10:00:00,4,0.9885281352085805
2019-06-29 11:00:00,4,0.9877594146596362
2019-06-29 12:00:00,4,0.9895555261104015
2019-06-29 13:00:00,4,0.9368615788274359
2019-06-29 14:00:00,4,0.5725165764859516
2019-06-29 15:00:00,4,0.9991571638731045
2019-06-29 16:00:00,4,0.9499986592484695
2019-06-29 17:00:00,4,0.9961445907234929
2019-06-29 18:00:00,4,0.9994998641293551
2019-06-30 06:00:00,4,0.9999123330769268
2019-06-30 07:00:00,4,0.9992491409360007
2019-06-30 08:00:00,4,0.9968794235219253
2019-06-30 09:00:00,4,0.9624143737425804
2019-06-30 10:00:00,4,0.08138468843052493
2019-06-30 11:00:00,4,-0.9826688579627815
2019-06-30 12:00:00,4,0.6933579367189089
2019-06-30 13:00:00,4,0.9079418066895941
2019-06-30 14:00:00,4,0.9888204920990418
2019-06-30 15:00:00,4,0.9945298543633411
2019-06-30 16:00:00,4,0.9689615127244454
2019-06-30 17:00:00,4,0.9933150885665141
2019-06-30 18:00:00,4,0.9987714023480094
2019-07-01 06:00:00,4,0.9997534685487958
2019-07-01 07:00:00,4,0.9998057476515452
2019-07-01 08:00:00,4,0.9999189991890013
2019-07-01 09:00:00,4,0.9998806763892946
2019-07-01 10:00:00,4,0.9760165013514419
2019-07-01 11:00:00,4,0.9979020588616551
2019-07-01 12:00:00,4,0.9672613485271171
2019-07-01 13:00:00,4,0.9895895273019893
2019-07-01 14:00:00,4,0.5298642295780864
2019-07-01 15:00:00,4,0.7025808153232407
2019-07-01 16:00:00,4,0.9930084218698855
2019-07-01 17:00:00,4,0.9763525756130399
2019-07-01 18:00:00,4,0.9768793262800024
2019-07-02 06:00:00,4,0.9967908286668237
2019-07-02 07:00:00,4,0.9638072465808566
2019-07-02 08:00:00,4,0.9896946005806609
2019-07-02 09:00:00,4,0.9896194719248036
2019-07-02 10:00:00,4,0.6614640903512612
2019-07-02 11:00:00,4,0.9908070570602837
2019-07-02 12:00:00,4,0.9923155516146035
2019-07-02 13:00:00,4,0.89515500509352
2019-07-02 14:00:00,4,0.9911977772723378
2019-07-02 15:00:00,4,0.9854806116759495
2019-07-02 16:00:00,4,0.9490197133841641
2019-07-02 17:00:00,4,0.9918441557300081
2019-07-02 18:00:00,4,0.999575353458316
2019-07-03 06:00:00,4,0.9994922555585489
2019-07-03 07:00:00,4,0.9870970214559661
2019-07-03 08:00:00,4,0.8823729734390731
2019-07-03 09:00:00,4,0.9926105537100266
2019-07-03 10:00:00,4,0.7294071150351966
2019-07-03 11:00:00,4,0.9273393181368539
2019-07-03 12:00:00,4,0.1901672753746184
2019-07-03 13:00:00,4,0.9238200825856459
2019-07-03 14:00:00,4,0.44156064263066486
2019-07-03 15:00:00,4,0.8781898928807301
2019-07-03 16:00:00,4,0.3887150841759483
2019-07-03 17:00:00,4,0.9954726898547515
2019-07-03 18:00:00,4,0.9910046102517475
2019-07-04 06:00:00,4,0.9987750462980343
2019-07-04 07:00:00,4,0.9997403933182425
2019-07-04 08:00:00,4,0.9981558943793831
2019-07-04 09:00:00,4,0.9936282763655171
2019-07-04 10:00:00,4,0.9897537644179812
2019-07-04 11:00:00,4,0.9916041851604954
2019-07-04 12:00:00,4,0.9766276227331285
2019-07-04 13:00:00,4,0.9958447463478173
2019-07-04 14:00:00,4,0.9966155318229128
2019-07-04 15:00:00,4,0.99942347269267
2019-07-04 16:00:00,4,0.9786121584892872
2019-07-04 17:00:00,4,0.9992332650036126
2019-07-04 18:00:00,4,0.9991018123616808
2019-07-05 06:00:00,4,0.9999646640593379
2019-07-05 07:00:00,4,0.9950841677515366
2019-07-05 08:00:00,4,0.9871477842578499
2019-07-05 09:00:00,4,0.8472714260161789
2019-07-05 10:00:00,4,0.9681981820137547
2019-07-05 11:00:00,4,0.9678847790835494
2019-07-05 12:00:00,4,0.9290361659126287
2019-07-05 13:00:00,4,-0.1784634535148524
2019-07-05 14:00:00,4,0.9924740125503949
2019-07-05 15:00:00,4,0.995601907636923
2019-07-05 16:00:00,4,0.1587784803333668
2019-07-05 17:00:00,4,0.9976015950340839
2019-07-05 18:00:00,4,0.9997255732286237
2019-07-06 06:00:00,4,0.9986924040833758
2019-07-06 07:00:00,4,0.9949755977959105
2019-07-06 08:00:00,4,-0.18345158133771702
2019-07-06 09:00:00,4,0.7109142429496715
2019-07-06 10:00:00,4,0.925642430479401
2019-07-06 11:00:00,4,0.7065558031820341
2019-07-06 12:00:00,4,0.3372544444314344
2019-07-06 13:00:00,4,0.9798722797319007
2019-07-06 14:00:00,4,0.9921069771499681
2019-07-06 15:00:00,4,0.9857799204946782
2019-07-06 16:00:00,4,0.6832475857369319
2019-07-06 17:00:00,4,0.9967211203964275
2019-07-06 18:00:00,4,0.999834098302284
2019-07-07 06:00:00,4,0.9996294807412778
2019-07-07 07:00:00,4,0.9997350300816326
2019-07-07 08:00:00,4,0.9991374042365753
2019-07-07 09:00:00,4,0.968960713780217
2019-07-07 10:00:00,4,0.863263933645457
2019-07-07 11:00:00,4,0.998747169170368
2019-07-07 12:00:00,4,-0.33008019161228114
2019-07-07 13:00:00,4,0.9949497634097575
2019-07-07 14:00:00,4,0.9984721279441348
2019-07-07 15:00:00,4,0.9992985689909908
2019-07-07 16:00:00,4,0.9986493001471101
2019-07-07 17:00:00,4,0.999305527314389
2019-07-07 18:00:00,4,0.9984064957687102
2019-07-08 06:00:00,4,0.9999968872047107
2019-07-08 07:00:00,4,0.8740733223969935
2019-07-08 08:00:00,4,0.9966115236854508
2019-07-08 09:00:00,4,0.7942496485803364
2019-07-08 10:00:00,4,0.9894426778236445
2019-07-08 11:00:00,4,0.9941236596818691
2019-07-08 12:00:00,4,0.9958174390717756
2019-07-08 13:00:00,4,0.995419014522661
2019-07-08 14:00:00,4,0.9608684065124086
2019-07-08 15:00:00,4,0.8995850426314916
2019-07-08 16:00:00,4,0.9939845820652947
2019-07-08 17:00:00,4,0.9918109492862794
2019-07-08 18:00:00,4,0.9995837769380598
2019-07-09 06:00:00,4,0.9974183294631755
2019-07-09 07:00:00,4,0.9990336400479716
2019-07-09 08:00:00,4,0.9778181198376419
2019-07-09 09:00:00,4,0.9985953765657585
2019-07-09 10:00:00,4,0.9987522247090579
2019-07-09 11:00:00,4,0.9468828405940654
2019-07-09 12:00:00,4,0.9816984206661113
2019-07-09 13:00:00,4,0.9995421657815091
2019-07-09 14:00:00,4,0.9871139034646778
2019-07-09 15:00:00,4,0.9833265816113286
2019-07-09 16:00:00,4,0.9043165647831513
2019-07-09 17:00:00,4,0.9881528648817559
2019-07-09 18:00:00,4,0.9988768948425896
2019-07-10 06:00:00,4,0.9814076139182584
2019-07-10 07:00:00,4,0.9999461904736208
2019-07-10 08:00:00,4,0.9999231270442243
2019-07-10 09:00:00,4,0.9360093114128563
2019-07-10 10:00:00,4,-0.0034529103048629964
2019-07-10 11:00:00,4,0.1687769410704977
2019-07-10 12:00:00,4,0.8075933957761094
2019-07-10 13:00:00,4,0.8820245115324072
2019-07-10 14:00:00,4,0.4611814860593369
2019-07-10 15:00:00,4,-0.09229342760674906
2019-07-10 16:00:00,4,0.9282767695529134
2019-07-10 17:00:00,4,0.8695223261843695
2019-07-10 18:00:00,4,0.9894221333751422
2019-07-11 06:00:00,4,0.9849358568730548
2019-07-11 07:00:00,4,0.9937895636996387
2019-07-11 08:00:00,4,0.9899206913607315
2019-07-11 09:00:00,4,0.9950245038072774
2019-07-11 10:00:00,4,0.9897318813771385
2019-07-11 11:00:00,4,0.8833217672821922
2019-07-11 12:00:00,4,0.9899916661072359
2019-07-11 13:00:00,4,0.9899238342713806
2019-07-11 14:00:00,4,0.9925600496454592
2019-07-11 15:00:00,4,0.9960687801590061
2019-07-11 16:00:00,4,0.9807268066981354
2019-07-11 17:00:00,4,0.9698481829377926
2019-07-11 18:00:00,4,0.9841178897158158
2019-07-12 06:00:00,4,0.9999545329871774
2019-07-12 07:00:00,4,0.9985065820277639
2019-07-12 08:00:00,4,0.9987146744720022
2019-07-12 09:00:00,4,0.9954532363823954
2019-07-12 10:00:00,4,0.9971814763931941
2019-07-12 11:00:00,4,0.9734742428131828
2019-07-12 12:00:00,4,0.9957902635482497
2019-07-12 13:00:00,4,0.9947913204384347
2019-07-12 14:00:00,4,0.997302219914802
2019-07-12 15:00:00,4,0.972617757118678
2019-07-12 16:00:00,4,0.9995464348182951
2019-07-12 17:00:00,4,0.941220859985067
2019-07-12 18:00:00,4,0.9989543587079386
2019-07-13 06:00:00,4,0.9985222571364357
2019-07-13 07:00:00,4,0.9947736210585149
2019-07-13 08:00:00,4,0.9913977225117989
2019-07-13 09:00:00,4,0.9705030480310682
2019-07-13 10:00:00,4,0.9614119752726396
2019-07-13 11:00:00,4,0.9955531406665024
2019-07-13 12:00:00,4,0.9382608299397218
2019-07-13 13:00:00,4,0.7965163122216528
2019-07-13 14:00:00,4,0.017905261923717112
2019-07-13 15:00:00,4,-0.09196425495414136
2019-07-13 16:00:00,4,0.9988684580947791
2019-07-13 17:00:00,4,0.9999935739190875
2019-07-13 18:00:00,4,0.9791870710631747
2019-07-14 06:00:00,4,0.9764671163300167
2019-07-14 07:00:00,4,0.9870680349010997
2019-07-14 08:00:00,4,0.9382194014130308
2019-07-14 09:00:00,4,0.7178111007036438
2019-07-14 10:00:00,4,0.7081290568549772
2019-07-14 11:00:00,4,0.7116527286008111
2019-07-14 12:00:00,4,0.6321847303595547
2019-07-14 13:00:00,4,-0.19815158038668074
2019-07-14 14:00:00,4,0.8220507450016881
2019-07-14 15:00:00,4,0.8532559096833885
2019-07-14 16:00:00,4,0.982925558997996
2019-07-14 17:00:00,4,0.9991319136841763
2019-07-14 18:00:00,4,0.9998667282530636
2019-07-15 06:00:00,4,0.9824828447787392
2019-07-15 07:00:00,4,0.9957046888041778
2019-07-15 08:00:00,4,0.9984654836426983
2019-07-15 09:00:00,4,0.9934778142698456
2019-07-15 10:00:00,4,0.9722666525012349
2019-07-15 11:00:00,4,0.8822626043204777
2019-07-15 12:00:00,4,0.9589794096333626
2019-07-15 13:00:00,4,0.6825864816431446
2019-07-15 14:00:00,4,0.3943022295475684
2019-07-15 15:00:00,4,0.6350179386703881
2019-07-15 16:00:00,4,0.9984299656952313
2019-07-15 17:00:00,4,0.9995307651512716
2019-07-15 18:00:00,4,0.999932039133109
2019-07-16 06:00:00,4,0.9991562492386173
2019-07-16 07:00:00,4,0.9965027168353227
2019-07-16 08:00:00,4,0.948775896039461
2019-07-16 09:00:00,4,0.6412660741080304
2019-07-16 10:00:00,4,-0.5797877776420545
2019-07-16 11:00:00,4,-0.8143606598943056
2019-07-16 12:00:00,4,0.9078564041817426
2019-07-16 13:00:00,4,0.4655929370336255
2019-07-16 14:00:00,4,-0.10851043944654738
2019-07-16 15:00:00,4,0.9889720007498943
2019-07-16 16:00:00,4,-0.18708798732541712
2019-07-16 17:00:00,4,0.9980345864798141
2019-07-16 18:00:00,4,0.9995073843849901
2019-07-17 06:00:00,4,0.9983482872976536
2019-07-17 07:00:00,4,0.9825437968684506
2019-07-17 08:00:00,4,0.939497413485711
2019-07-17 09:00:00,4,0.98962091319351
2019-07-17 10:00:00,4,0.8196575921695262
2019-07-17 11:00:00,4,0.7135844366874723
2019-07-17 12:00:00,4,0.9270304388276511
2019-07-17 13:00:00,4,0.9966612259979429
2019-07-17 14:00:00,4,0.15069945222576533
2019-07-17 15:00:00,4,0.9945443564837424
2019-07-17 16:00:00,4,0.9996653171250456
2019-07-17 17:00:00,4,0.9995956130137202
2019-07-18 06:00:00,4,0.9924694819168689
2019-07-18 07:00:00,4,0.9998050523692695
2019-07-18 08:00:00,4,0.9545768849117415
2019-07-18 09:00:00,4,0.44923217810614546
2019-07-18 10:00:00,4,0.9929364976901984
2019-07-18 11:00:00,4,0.9878468007396508
2019-07-18 12:00:00,4,0.9688141109190754
2019-07-18 13:00:00,4,0.9923786117076349
2019-07-18 14:00:00,4,0.5334490069871023
2019-07-18 15:00:00,4,0.5474786447188372
2019-07-18 16:00:00,4,0.8700231091812578
2019-07-18 17:00:00,4,0.364800956675046
2019-07-18 18:00:00,4,0.9987974766885382
2019-07-19 06:00:00,4,0.9887844333039444
2019-07-19 07:00:00,4,0.9998642205173783
2019-07-19 08:00:00,4,0.9990159145067596
2019-07-19 09:00:00,4,0.8107656831461441
2019-07-19 10:00:00,4,0.22334038675583678
2019-07-19 11:00:00,4,0.963368995070538
2019-07-19 12:00:00,4,-0.41774220545398755
2019-07-19 13:00:00,4,0.6834707260003009
2019-07-19 14:00:00,4,-0.6603327268061094
2019-07-19 15:00:00,4,0.9977872106970908
2019-07-19 16:00:00,4,0.9998097673993486
2019-07-19 17:00:00,4,0.9991184266659549
2019-07-19 18:00:00,4,0.9974552490053117
2019-07-20 06:00:00,4,0.9985061065329045
2019-07-20 07:00:00,4,0.9619359984963518
2019-07-20 08:00:00,4,0.9979248097942119
2019-07-20 09:00:00,4,0.9150492512610169
2019-07-20 10:00:00,4,0.8150578422438273
2019-07-20 11:00:00,4,0.9730156896402284
2019-07-20 12:00:00,4,-0.13319913690754442
2019-07-20 13:00:00,4,-0.3744546735204353
2019-07-20 14:00:00,4,-0.7085845780991045
2019-07-20 15:00:00,4,0.9563948629913522
2019-07-20 16:00:00,4,0.9991925991999712
2019-07-20 17:00:00,4,0.9978464021658351
2019-07-20 18:00:00,4,0.9865777238116346
2019-07-21 06:00:00,4,0.9541595547286853
2019-07-21 07:00:00,4,0.9998021108803614
2019-07-21 08:00:00,4,0.9978171753740276
2019-07-21 09:00:00,4,0.998972332247976
2019-07-21 10:00:00,4,-0.41720544185350844
2019-07-21 11:00:00,4,-0.4439472547265974
2019-07-21 12:00:00,4,0.9799121007356847
2019-07-21 13:00:00,4,0.9875874386017779
2019-07-21 14:00:00,4,0.9969634579436927
2019-07-21 15:00:00,4,0.993269760154327
2019-07-21 16:00:00,4,0.9930204025294941
2019-07-21 17:00:00,4,0.9998906052420597
2019-07-21 18:00:00,4,0.9999990613661068
2019-07-22 06:00:00,4,0.9987970285739189
2019-07-22 07:00:00,4,0.9946585185649937
2019-07-22 08:00:00,4,0.9979611061775527
2019-07-22 09:00:00,4,0.9971256470497077
2019-07-22 10:00:00,4,0.9892469156757867
2019-07-22 11:00:00,4,0.6643140274850903
2019-07-22 12:00:00,4,0.9859942101617836
2019-07-22 13:00:00,4,0.038545884070569525
2019-07-22 14:00:00,4,0.964459052442049
2019-07-22 15:00:00,4,0.9986465657985283
2019-07-22 16:00:00,4,0.999196896487968
2019-07-22 17:00:00,4,0.9978434067521066
2019-07-22 18:00:00,4,0.9987236435555942
2019-07-23 06:00:00,4,0.9985660968907659
2019-07-23 07:00:00,4,0.884234315074356
2019-07-23 08:00:00,4,0.6783520372938489
2019-07-23 09:00:00,4,0.6702791454745256
2019-07-23 10:00:00,4,0.937471964340861
2019-07-23 11:00:00,4,0.9939859907940141
2019-07-23 12:00:00,4,0.6882303898756659
2019-07-23 13:00:00,4,0.9079664356615621
2019-07-23 14:00:00,4,0.6584124688676446
2019-07-23 15:00:00,4,0.9974777926727552
2019-07-23 16:00:00,4,0.9970647687642245
2019-07-23 17:00:00,4,0.9976266039937084
2019-07-23 18:00:00,4,0.9999455680765373
2019-07-24 06:00:00,4,0.9961690371742973
2019-07-24 07:00:00,4,0.9999954839743959
2019-07-24 08:00:00,4,0.9998484863722606
2019-07-24 09:00:00,4,0.9950070175623366
2019-07-24 10:00:00,4,0.9862737678039969
2019-07-24 11:00:00,4,0.7772781376262435
2019-07-24 12:00:00,4,-0.331270896992406
2019-07-24 13:00:00,4,0.5071417296078751
2019-07-24 14:00:00,4,0.21618801899384965
2019-07-24 15:00:00,4,0.9901742718454463
2019-07-24 16:00:00,4,0.9809439910181627
2019-07-24 17:00:00,4,0.9996100236101267
2019-07-24 18:00:00,4,0.9970656169534855
2019-07-25 06:00:00,4,0.9978864294776524
2019-07-25 07:00:00,4,0.9974448709787588
2019-07-25 08:00:00,4,0.9782768712617272
2019-07-25 09:00:00,4,0.9989675146349637
2019-07-25 10:00:00,4,0.9253672836993487
2019-07-25 11:00:00,4,0.9519827698171197
2019-07-25 12:00:00,4,0.9690587749104459
2019-07-25 13:00:00,4,0.9247017246275151
2019-07-25 14:00:00,4,0.9718600861542593
2019-07-25 15:00:00,4,0.9686129813447752
2019-07-25 16:00:00,4,0.9621314310590661
2019-07-25 17:00:00,4,0.992244545296377
2019-07-25 18:00:00,4,0.9971459552027137
2019-07-26 06:00:00,4,0.9957896090165151
2019-07-26 07:00:00,4,0.9965709859117711
2019-07-26 08:00:00,4,0.9987094479111233
2019-07-26 09:00:00,4,0.9987445715123612
2019-07-26 10:00:00,4,0.8047743393908
2019-07-26 11:00:00,4,0.6282968718350025
2019-07-26 12:00:00,4,0.97591262000198
2019-07-26 13:00:00,4,0.9206344622512311
2019-07-26 14:00:00,4,-0.18553708823175596
2019-07-26 15:00:00,4,0.9864528907436431
2019-07-26 16:00:00,4,0.9984778064483529
2019-07-26 17:00:00,4,0.9798567862115176
2019-07-26 18:00:00,4,0.9894670382057729
2019-07-27 06:00:00,4,0.9999764968355705
2019-07-27 07:00:00,4,0.99986759487645
2019-07-27 08:00:00,4,0.9999304296175106
2019-07-27 09:00:00,4,0.9827940376757764
2019-07-27 10:00:00,4,0.9322231196722356
2019-07-27 11:00:00,4,0.9812765549833747
2019-07-27 12:00:00,4,-0.603358654103883
2019-07-27 13:00:00,4,0.8196891270773796
2019-07-27 14:00:00,4,0.9893933996285222
2019-07-27 15:00:00,4,-0.6733932021560997
2019-07-27 16:00:00,4,0.9988691765718156
2019-07-27 17:00:00,4,0.9975858870475564
2019-07-27 18:00:00,4,0.9976415689819215
2019-07-28 06:00:00,4,0.9995297610826491
2019-07-28 07:00:00,4,0.9988227893317442
2019-07-28 08:00:00,4,0.9965919629319159
2019-07-28 09:00:00,4,0.9830344965893965
2019-07-28 10:00:00,4,0.9997549839459391
2019-07-28 11:00:00,4,0.8080666225764318
2019-07-28 12:00:00,4,0.4359219420835771
2019-07-28 13:00:00,4,0.878161892030711
2019-07-28 14:00:00,4,0.9813544396814008
2019-07-28 15:00:00,4,0.9970896904179756
2019-07-28 16:00:00,4,0.9996274530208338
2019-07-28 17:00:00,4,0.9989013765233085
2019-07-28 18:00:00,4,0.9985510777621123
2019-07-29 06:00:00,4,0.9993684164951564
2019-07-29 07:00:00,4,0.9997169102009292
2019-07-29 08:00:00,4,0.9998744036071358
2019-07-29 09:00:00,4,0.997474052806774
2019-07-29 10:00:00,4,0.9596910117937109
2019-07-29 11:00:00,4,0.9743017039448778
2019-07-29 12:00:00,4,-0.7675351859636704
2019-07-29 13:00:00,4,-0.23914838090214185
2019-07-29 14:00:00,4,-0.08348257247275302
2019-07-29 15:00:00,4,0.9294199855874766
2019-07-29 16:00:00,4,0.9422426982436716
2019-07-29 17:00:00,4,0.9754636249675555
2019-07-29 18:00:00,4,0.9998576781583596
2019-07-30 06:00:00,4,0.9999013713358464
2019-07-30 07:00:00,4,0.9998525610033054
2019-07-30 08:00:00,4,0.9999531494989715
2019-07-30 09:00:00,4,0.9971780867266312
2019-07-30 10:00:00,4,0.9970744972548924
2019-07-30 11:00:00,4,0.7191631808910769
2019-07-30 12:00:00,4,-0.1981140334698868
2019-07-30 13:00:00,4,0.8991845338972458
2019-07-30 14:00:00,4,0.9438066662497637
2019-07-30 15:00:00,4,0.9877518407765129
2019-07-30 16:00:00,4,0.9958840076607995
2019-07-30 17:00:00,4,0.9997313322902662
2019-07-30 18:00:00,4,0.9997538518554476
2019-07-31 06:00:00,4,0.9998369182334249
2019-07-31 07:00:00,4,0.9999340451076788
2019-07-31 08:00:00,4,0.9878086062805235
2019-07-31 09:00:00,4,0.7607177078078344
2019-07-31 10:00:00,4,0.8455069884762437
2019-07-31 11:00:00,4,0.40376525188106477
2019-07-31 12:00:00,4,-0.7942473978279205
2019-07-31 13:00:00,4,0.34623008905362695
2019-07-31 14:00:00,4,0.5520837169314985
2019-07-31 15:00:00,4,0.8326417847582805
2019-07-31 16:00:00,4,0.9995002034586715
2019-07-31 17:00:00,4,0.9955676405525608
2019-07-31 18:00:00,4,0.9924755962522768
2019-08-01 06:00:00,4,0.9604325111005708
2019-08-01 07:00:00,4,0.9997836473360799
2019-08-01 08:00:00,4,0.7064653409397958
2019-08-01 09:00:00,4,0.9933577628560517
2019-08-01 10:00:00,4,0.9722790836272892
2019-08-01 11:00:00,4,0.3008825895616255
2019-08-01 12:00:00,4,0.9638450019852576
2019-08-01 13:00:00,4,0.724932783928817
2019-08-01 14:00:00,4,0.8740619114275932
2019-08-01 15:00:00,4,0.9935887230751002
2019-08-01 16:00:00,4,0.6630314792913785
2019-08-01 17:00:00,4,0.9943849884599623
2019-08-01 18:00:00,4,0.9986137422646398
2019-08-02 06:00:00,4,0.9937850838736894
2019-08-02 07:00:00,4,0.9914451036214318
2019-08-02 08:00:00,4,0.9821494110441336
2019-08-02 09:00:00,4,0.9817990092771977
2019-08-02 10:00:00,4,0.42219799017431026
2019-08-02 11:00:00,4,0.608581642671812
2019-08-02 12:00:00,4,0.5818454572211076
2019-08-02 13:00:00,4,0.7100410592579389
2019-08-02 14:00:00,4,0.9333603373234292
2019-08-02 15:00:00,4,0.9713317222577347
2019-08-02 16:00:00,4,0.9899799219862543
2019-08-02 17:00:00,4,0.989196593753709
2019-08-02 18:00:00,4,0.9976179971766189
2019-08-03 06:00:00,4,0.9955336144868101
2019-08-03 07:00:00,4,0.9997553248262581
2019-08-03 08:00:00,4,0.9983495140447656
2019-08-03 09:00:00,4,0.999280202001833
2019-08-03 10:00:00,4,0.9847301672230393
2019-08-03 11:00:00,4,0.8909276950044673
2019-08-03 12:00:00,4,0.7804828080539451
2019-08-03 13:00:00,4,0.6914617736712021
2019-08-03 14:00:00,4,0.8939299710846951
2019-08-03 15:00:00,4,0.9908845605964722
2019-08-03 16:00:00,4,0.9999932857018305
2019-08-03 17:00:00,4,0.9131606102224215
2019-08-03 18:00:00,4,0.9936314377798124
2019-08-04 06:00:00,4,0.9989764673095551
2019-08-04 07:00:00,4,0.999491180877663
2019-08-04 08:00:00,4,0.9981531497975864
2019-08-04 09:00:00,4,0.7241262440063412
2019-08-04 10:00:00,4,0.7241768887195784
2019-08-04 11:00:00,4,0.12005865044898156
2019-08-04 12:00:00,4,0.15428481432358562
2019-08-04 13:00:00,4,0.9747066033773238
2019-08-04 14:00:00,4,0.36309758896574384
2019-08-04 15:00:00,4,0.9858572820201038
2019-08-04 16:00:00,4,0.9944089470587922
2019-08-04 17:00:00,4,0.9912205266404367
2019-08-04 18:00:00,4,0.9999688741845765
2019-08-05 06:00:00,4,0.998445446108098
2019-08-05 07:00:00,4,0.9999255422721105
2019-08-05 08:00:00,4,0.9996255990527019
2019-08-05 09:00:00,4,0.9956875441591782
2019-08-05 10:00:00,4,-0.43494436550954596
2019-08-05 11:00:00,4,0.9016749885535263
2019-08-05 12:00:00,4,0.14323464336330685
2019-08-05 13:00:00,4,0.995413162042134
2019-08-05 14:00:00,4,0.38440766704644824
2019-08-05 15:00:00,4,0.9994440466831954
2019-08-05 16:00:00,4,0.9981732418666192
2019-08-05 17:00:00,4,0.9957509178493218
2019-08-05 18:00:00,4,0.9990549471399967
2019-08-06 06:00:00,4,0.9989730659672572
2019-08-06 07:00:00,4,0.9995867598606886
2019-08-06 08:00:00,4,0.9994662084980167
2019-08-06 09:00:00,4,0.9988851044081657
2019-08-06 10:00:00,4,0.8898775307185326
2019-08-06 11:00:00,4,0.172864004463323
2019-08-06 12:00:00,4,-0.678351493953872
2019-08-06 13:00:00,4,0.9328326825451658
2019-08-06 14:00:00,4,-0.016767722481118148
2019-08-06 15:00:00,4,0.9463856125383421
2019-08-06 16:00:00,4,0.979369101115638
2019-08-06 17:00:00,4,0.9863457875387329
2019-08-06 18:00:00,4,0.9557318860925071
2019-08-07 06:00:00,4,0.9992508221927319
2019-08-07 07:00:00,4,0.9991135483948712
2019-08-07 08:00:00,4,0.9977506927623573
2019-08-07 09:00:00,4,0.9982911885059418
2019-08-07 10:00:00,4,0.9481752310644932
2019-08-07 11:00:00,4,0.873961187092715
2019-08-07 12:00:00,4,0.8650659959068003
2019-08-07 13:00:00,4,0.9613634143908477
2019-08-07 14:00:00,4,0.9193032257577247
2019-08-07 15:00:00,4,0.9788499629282321
2019-08-07 16:00:00,4,0.9835304858116295
2019-08-07 17:00:00,4,0.9739113206511183
2019-08-07 18:00:00,4,0.9995608472307945
2019-08-08 06:00:00,4,0.9998200100352249
2019-08-08 07:00:00,4,0.9906240781856871
2019-08-08 08:00:00,4,0.9998788572574898
2019-08-08 09:00:00,4,0.9972767436145299
2019-08-08 10:00:00,4,0.9961742772862324
2019-08-08 11:00:00,4,0.9996196955728592
2019-08-08 12:00:00,4,0.9836102578972
2019-08-08 13:00:00,4,0.446716102661761
2019-08-08 14:00:00,4,-0.164998883669367
2019-08-08 15:00:00,4,0.9884317112453191
2019-08-08 16:00:00,4,0.9944731458730216
2019-08-08 17:00:00,4,0.16766646856363093
2019-08-08 18:00:00,4,0.9982743149892254
2019-08-09 06:00:00,4,0.9993522434325564
2019-08-09 07:00:00,4,0.9998189054822488
2019-08-09 08:00:00,4,0.9983001251728584
2019-08-09 09:00:00,4,0.9976042716536397
2019-08-09 10:00:00,4,0.31470636114586525
2019-08-09 11:00:00,4,0.3149992229887234
2019-08-09 12:00:00,4,-0.6685333744360147
2019-08-09 13:00:00,4,0.7603345167736465
2019-08-09 14:00:00,4,0.9947771205934766
2019-08-09 15:00:00,4,0.8757137146527896
2019-08-09 16:00:00,4,0.9961895939965854
2019-08-09 17:00:00,4,0.9787063674656681
2019-08-09 18:00:00,4,0.9974412524607462
2019-08-10 06:00:00,4,0.9937555429070052
2019-08-10 07:00:00,4,0.9999276002637173
2019-08-10 08:00:00,4,0.9974331582869747
2019-08-10 09:00:00,4,0.8004512330901808
2019-08-10 10:00:00,4,0.8989256626495497
2019-08-10 11:00:00,4,0.8665210904073644
2019-08-10 12:00:00,4,0.995437561973215
2019-08-10 13:00:00,4,0.7844647333760758
2019-08-10 14:00:00,4,0.3112113505897983
2019-08-10 15:00:00,4,0.9992643199278294
2019-08-10 16:00:00,4,0.9490338604086129
2019-08-10 17:00:00,4,0.9106003145634664
2019-08-10 18:00:00,4,0.999410048289064
2019-08-11 06:00:00,4,0.9998218273237622
2019-08-11 07:00:00,4,0.44778554129585363
2019-08-11 08:00:00,4,0.8942540172798965
2019-08-11 09:00:00,4,0.1613474062806403
2019-08-11 10:00:00,4,0.7990247408494918
2019-08-11 11:00:00,4,0.9684940293823576
2019-08-11 12:00:00,4,0.2928140861692905
2019-08-11 13:00:00,4,0.9313036802520008
2019-08-11 14:00:00,4,0.8848343397050684
2019-08-11 15:00:00,4,0.7725390147789915
2019-08-11 16:00:00,4,0.9965576742741825
2019-08-11 17:00:00,4,0.9926810546943645
2019-08-11 18:00:00,4,0.9987885979584498
2019-08-12 06:00:00,4,0.9999040204279511
2019-08-12 07:00:00,4,0.9793668418260016
2019-08-12 08:00:00,4,0.9962111212196283
2019-08-12 09:00:00,4,0.9983396056970741
2019-08-12 10:00:00,4,0.9930393179130714
2019-08-12 11:00:00,4,0.9971544805661875
2019-08-12 12:00:00,4,-0.597844498966124
2019-08-12 13:00:00,4,-0.7093604624395916
2019-08-12 14:00:00,4,0.026043146152416024
2019-08-12 15:00:00,4,0.7372909048074232
2019-08-12 16:00:00,4,0.9861291085237643
2019-08-12 17:00:00,4,0.9406227977150943
2019-08-12 18:00:00,4,0.99399419204356
2019-08-13 06:00:00,4,0.999996749957612
2019-08-13 07:00:00,4,0.9995813691062541
2019-08-13 08:00:00,4,0.999689436862682
2019-08-13 09:00:00,4,0.9979170137893291
2019-08-13 10:00:00,4,0.9829008154411811
2019-08-13 11:00:00,4,0.519857325750047
2019-08-13 12:00:00,4,0.34419265785309494
2019-08-13 13:00:00,4,0.8831011715475798
2019-08-13 14:00:00,4,0.8104601803611148
2019-08-13 15:00:00,4,0.9047848358196479
2019-08-13 16:00:00,4,0.985102520747291
2019-08-13 17:00:00,4,0.9937221502547365
2019-08-13 18:00:00,4,0.9992024127248206
2019-08-14 06:00:00,4,0.9996517772976679
2019-08-14 07:00:00,4,0.997273150182626
2019-08-14 08:00:00,4,0.3370419060741306
2019-08-14 09:00:00,4,0.4267290011604658
2019-08-14 10:00:00,4,0.943995839755982
2019-08-14 11:00:00,4,0.9349179587915298
2019-08-14 12:00:00,4,0.4619876394321112
2019-08-14 13:00:00,4,0.9498377846496202
2019-08-14 14:00:00,4,0.7661592561869672
2019-08-14 15:00:00,4,0.9981566235633306
2019-08-14 16:00:00,4,0.9854414089554483
2019-08-14 17:00:00,4,0.9829142160713744
2019-08-14 18:00:00,4,0.9908111866293741
2019-08-15 06:00:00,4,0.9997699312186474
2019-08-15 07:00:00,4,0.9993640916655505
2019-08-15 08:00:00,4,0.9912973865327579
2019-08-15 09:00:00,4,0.9747552570906092
2019-08-15 10:00:00,4,0.8535108346988389
2019-08-15 11:00:00,4,0.701782101361599
2019-08-15 12:00:00,4,0.41199014963326613
2019-08-15 13:00:00,4,0.6712838701650213
2019-08-15 14:00:00,4,0.9904191707760877
2019-08-15 15:00:00,4,-0.8125521114932196
2019-08-15 16:00:00,4,0.3789895378319789
2019-08-15 17:00:00,4,0.9425596956722117
2019-08-15 18:00:00,4,0.997244897337105
2019-08-16 06:00:00,4,0.9985046423303792
2019-08-16 07:00:00,4,0.9992149760545312
2019-08-16 08:00:00,4,0.9997086105350265
2019-08-16 09:00:00,4,0.9984446729783814
2019-08-16 10:00:00,4,0.9978510480790623
2019-08-16 11:00:00,4,0.9780889654350361
2019-08-16 12:00:00,4,0.9352425971932594
2019-08-16 13:00:00,4,0.6409608858276442
2019-08-16 14:00:00,4,-0.12299333006224444
2019-08-16 15:00:00,4,0.9751615121701368
2019-08-16 16:00:00,4,0.9856343434368595
2019-08-16 17:00:00,4,0.9996734183001983
2019-08-16 18:00:00,4,0.9995107118225132
2019-08-17 06:00:00,4,0.999507054782318
2019-08-17 07:00:00,4,0.999553018993146
2019-08-17 08:00:00,4,0.9990206464146699
2019-08-17 09:00:00,4,0.8735325353489135
2019-08-17 10:00:00,4,0.9408683853355548
2019-08-17 11:00:00,4,0.9789217502627725
2019-08-17 12:00:00,4,-0.8455395300851761
2019-08-17 13:00:00,4,0.7311917058748705
2019-08-17 14:00:00,4,0.9275392843813071
2019-08-17 15:00:00,4,0.8971943583648561
2019-08-17 16:00:00,4,0.9983080706742563
2019-08-17 17:00:00,4,0.9547657637335725
2019-08-17 18:00:00,4,0.9908765733307476
2019-08-18 06:00:00,4,0.9984162957428254
2019-08-18 07:00:00,4,0.9937785320033466
2019-08-18 08:00:00,4,0.9919413267765127
2019-08-18 09:00:00,4,0.9992100394958879
2019-08-18 10:00:00,4,0.9998740071876278
2019-08-18 11:00:00,4,0.940250008195694
2019-08-18 12:00:00,4,0.8520203696125468
2019-08-18 13:00:00,4,0.4133781690647813
2019-08-18 14:00:00,4,0.9583472844872301
2019-08-18 15:00:00,4,0.9643981509692767
2019-08-18 16:00:00,4,0.9974726624311531
2019-08-18 17:00:00,4,0.9880123680701968
2019-08-18 18:00:00,4,0.9997399926489332
2019-08-19 06:00:00,4,0.9993361014323243
2019-08-19 07:00:00,4,0.9997579516829103
2019-08-19 08:00:00,4,0.9993300224950536
2019-08-19 09:00:00,4,0.9997700647927728
2019-08-19 10:00:00,4,0.9979675700607179
2019-08-19 11:00:00,4,0.98438125541552
2019-08-19 12:00:00,4,0.8303343813706547
2019-08-19 13:00:00,4,0.9907780675700217
2019-08-19 14:00:00,4,0.9989170292022137
2019-08-19 15:00:00,4,0.9993614146160252
2019-08-19 16:00:00,4,0.9965653762281157
2019-08-19 17:00:00,4,0.9660767655125457
2019-08-19 18:00:00,4,0.9932120906773527
2019-08-20 06:00:00,4,0.9999680352045859
2019-08-20 07:00:00,4,0.9997263018380094
2019-08-20 08:00:00,4,0.9999642552927909
2019-08-20 09:00:00,4,0.9992704421099529
2019-08-20 10:00:00,4,0.982795851410294
2019-08-20 11:00:00,4,0.021346457353038542
2019-08-20 12:00:00,4,0.7655332745562106
2019-08-20 13:00:00,4,-0.8478741219691712
2019-08-20 14:00:00,4,0.4008760267141915
2019-08-20 15:00:00,4,0.9711476571288996
2019-08-20 16:00:00,4,0.980254357855256
2019-08-20 17:00:00,4,0.9994374460265262
2019-08-20 18:00:00,4,0.9990511319961877
2019-08-21 06:00:00,4,0.9996692568855958
2019-08-21 07:00:00,4,0.9845162234425171
2019-08-21 08:00:00,4,0.8146688103412415
2019-08-21 09:00:00,4,0.9321190461403234
2019-08-21 10:00:00,4,0.9468273698508496
2019-08-21 11:00:00,4,-0.6359154154576218
2019-08-21 12:00:00,4,0.9876017423418797
2019-08-21 13:00:00,4,0.6688425510405377
2019-08-21 14:00:00,4,0.9757892949662885
2019-08-21 15:00:00,4,0.917384291281084
2019-08-21 16:00:00,4,0.9975668228125615
2019-08-21 17:00:00,4,0.999954615929042
2019-08-21 18:00:00,4,0.9996751179382424
2019-08-22 06:00:00,4,0.9999908976852534
2019-08-22 07:00:00,4,0.9974564329321407
2019-08-22 08:00:00,4,0.996916703455424
2019-08-22 09:00:00,4,0.9998678117218214
2019-08-22 10:00:00,4,0.9997245333498423
2019-08-22 11:00:00,4,0.5974082302636032
2019-08-22 12:00:00,4,0.9819428789475938
2019-08-22 13:00:00,4,0.8778128643129679
2019-08-22 14:00:00,4,-0.019447045686079075
2019-08-22 15:00:00,4,0.9444587227348151
2019-08-22 16:00:00,4,0.8968236474454455
2019-08-22 17:00:00,4,0.998443981627869
2019-08-22 18:00:00,4,0.9956103125316769
2019-08-23 06:00:00,3,0.9999194057816835
2019-08-23 07:00:00,4,0.6087662582397516
2019-08-23 08:00:00,4,0.9997359569287936
2019-08-23 09:00:00,4,0.9951414796516486
2019-08-23 10:00:00,4,0.863220751910412
2019-08-23 11:00:00,4,0.9995509234994208
2019-08-23 12:00:00,4,0.6458008864134804
2019-08-23 13:00:00,4,0.8695786043085211
2019-08-23 14:00:00,4,0.9996686653420502
2019-08-23 15:00:00,4,0.998439498797654
2019-08-23 16:00:00,4,0.9955996070627501
2019-08-23 17:00:00,4,0.8925107290068763
2019-08-23 18:00:00,4,0.9999257009989269
2019-08-24 06:00:00,4,0.9997492804565645
2019-08-24 07:00:00,4,0.9997826734232349
2019-08-24 08:00:00,4,0.9999449133344974
2019-08-24 09:00:00,4,0.9989655248061914
2019-08-24 10:00:00,4,0.9537655691914493
2019-08-24 11:00:00,4,0.7192722315722028
2019-08-24 12:00:00,4,0.79036202267884
2019-08-24 13:00:00,4,0.7651789702820776
2019-08-24 14:00:00,4,0.962648444847017
2019-08-24 15:00:00,4,0.8154150612994712
2019-08-24 16:00:00,4,0.9830705699819868
2019-08-24 17:00:00,4,0.9988432626317462
2019-08-24 18:00:00,4,0.9997680548076195
2019-08-25 06:00:00,4,0.9999554132477448
2019-08-25 07:00:00,4,0.9999372728623862
2019-08-25 08:00:00,4,0.9999181554988159
2019-08-25 09:00:00,4,0.9999770199266281
2019-08-25 10:00:00,4,0.9929421811245708
2019-08-25 11:00:00,4,0.9860719761491257
2019-08-25 12:00:00,4,0.012876774429331776
2019-08-25 13:00:00,4,0.9473663797700652
2019-08-25 14:00:00,4,0.9491902082737648
2019-08-25 15:00:00,4,0.8689570781064594
2019-08-25 16:00:00,4,0.9968657423566416
2019-08-25 17:00:00,4,0.9996685185980883
2019-08-25 18:00:00,4,0.9988775434387465
2019-08-26 06:00:00,4,0.9981315525094216
2019-08-26 07:00:00,4,0.9996176450462108
2019-08-26 08:00:00,4,0.8636998859898849
2019-08-26 09:00:00,4,0.9090462433043313
2019-08-26 10:00:00,4,0.9055153615083577
2019-08-26 11:00:00,4,0.07889689460877486
2019-08-26 12:00:00,4,0.7911283647718107
2019-08-26 13:00:00,4,0.7923381087538931
2019-08-26 14:00:00,4,-0.16946444441214445
2019-08-26 15:00:00,4,0.9976755405471551
2019-08-26 16:00:00,4,0.9894526544883078
2019-08-26 17:00:00,4,0.9580808278541287
2019-08-26 18:00:00,4,0.9998111799281703
2019-08-27 06:00:00,4,0.9982419215791466
2019-08-27 07:00:00,4,0.9999207573469355
2019-08-27 08:00:00,4,0.9999191518315595
2019-08-27 09:00:00,4,0.9990224873369751
2019-08-27 10:00:00,4,0.7628128994110764
2019-08-27 11:00:00,4,0.6513665039600958
2019-08-27 12:00:00,4,0.902845888548355
2019-08-27 13:00:00,4,0.9265156738510363
2019-08-27 14:00:00,4,0.7214026671184398
2019-08-27 15:00:00,4,0.9796863119149339
2019-08-27 16:00:00,4,0.9884094501749379
2019-08-27 17:00:00,4,0.9963820078569406
2019-08-27 18:00:00,3,0.9999483526400733
2019-08-28 06:00:00,3,-0.14285714285714282
2019-08-28 07:00:00,4,0.98240010354082
2019-08-28 08:00:00,4,0.9956507826904394
2019-08-28 09:00:00,4,0.965064427493646
2019-08-28 10:00:00,4,0.9919384929197379
2019-08-28 11:00:00,4,0.8722502462936347
2019-08-28 12:00:00,4,0.9961152044199929
2019-08-28 13:00:00,4,0.5464608859847493
2019-08-28 14:00:00,4,0.9329924141993136
2019-08-28 15:00:00,4,0.9397663492636095
2019-08-28 16:00:00,4,0.996984996096807
2019-08-28 17:00:00,4,0.9994842971985137
2019-08-28 18:00:00,3,0.9930364502684711
2019-08-29 06:00:00,3,0.9982941370875077
2019-08-29 07:00:00,4,0.9994891282545654
2019-08-29 08:00:00,4,0.9503263520122633
2019-08-29 09:00:00,4,0.9318470019244394
2019-08-29 10:00:00,4,0.9652535881416245
2019-08-29 11:00:00,4,0.9955144707620626
2019-08-29 12:00:00,4,0.9327189759575817
2019-08-29 13:00:00,4,0.7788109978359292
2019-08-29 14:00:00,4,0.9059441136295953
2019-08-29 15:00:00,4,0.9995593392301796
2019-08-29 16:00:00,4,0.9984238557822712
2019-08-29 17:00:00,4,0.9999318474836045
2019-08-29 18:00:00,3,0.9988403143913867
2019-08-30 06:00:00,4,0.9972387959231805
2019-08-30 07:00:00,4,0.9998614805358039
2019-08-30 08:00:00,4,0.9993550956012613
2019-08-30 09:00:00,4,0.9968660587743648
2019-08-30 10:00:00,4,0.976130111010393
2019-08-30 11:00:00,4,0.8281244907903944
2019-08-30 12:00:00,4,0.9928780746729908
2019-08-30 13:00:00,4,0.36453006303125707
2019-08-30 14:00:00,4,0.9436585075442996
2019-08-30 15:00:00,4,0.9861394421166012
2019-08-30 16:00:00,4,0.990204749531959
2019-08-30 17:00:00,4,0.8529650915635265
2019-08-30 18:00:00,4,0.9855741419807983
2019-08-31 06:00:00,4,0.9985164083454239
2019-08-31 07:00:00,4,0.9983490071078994
2019-08-31 08:00:00,4,0.9999276287126587
2019-08-31 09:00:00,4,0.9948660324909581
2019-08-31 10:00:00,4,0.9971669452107932
2019-08-31 11:00:00,4,0.9982345288704689
2019-08-31 12:00:00,4,0.9342125359380201
2019-08-31 13:00:00,4,0.9513858257880444
2019-08-31 14:00:00,4,0.999623573888334
2019-08-31 15:00:00,4,0.9650078041498703
2019-08-31 16:00:00,4,0.6426599875516864
2019-08-31 17:00:00,4,0.9999953194751947
2019-09-01 06:00:00,3,0.9988656650061858
2019-09-01 07:00:00,4,0.999012493055263
2019-09-01 08:00:00,4,0.9949735201241725
2019-09-01 09:00:00,4,0.9990182991620964
2019-09-01 10:00:00,4,0.9952836883498308
2019-09-01 11:00:00,4,0.9743239022628059
2019-09-01 12:00:00,4,0.9913219227717808
2019-09-01 13:00:00,4,0.9991898090732847
2019-09-01 14:00:00,4,0.9682198920533303
2019-09-01 15:00:00,4,0.9907454671251683
2019-09-01 16:00:00,4,0.8877412076575913
2019-09-01 17:00:00,4,0.9994655551070148
2019-09-01 18:00:00,3,0.9935422528371216
2019-09-02 06:00:00,3,0.9947872228470721
2019-09-02 07:00:00,4,0.9893196266207747
2019-09-02 08:00:00,4,0.9891564575625108
2019-09-02 09:00:00,4,0.9966350808259842
2019-09-02 10:00:00,4,0.9942408268935281
2019-09-02 11:00:00,4,0.8883652659731973
2019-09-02 12:00:00,4,0.8817175535062619
2019-09-02 13:00:00,4,0.9955041357081249
2019-09-02 14:00:00,4,0.9766254935843365
2019-09-02 15:00:00,4,0.718177911215637
2019-09-02 16:00:00,4,0.9997112899996559
2019-09-02 17:00:00,4,0.9977004325495689
2019-09-02 18:00:00,3,0.9029142304742432
2019-09-03 06:00:00,3,0.9991377903385089
2019-09-03 07:00:00,4,0.9999056967694526
2019-09-03 08:00:00,4,0.9999015979874153
2019-09-03 09:00:00,4,0.9983111397415418
2019-09-03 10:00:00,4,0.9621638606102251
2019-09-03 11:00:00,4,0.9480869798060824
2019-09-03 12:00:00,4,0.7045785786608307
2019-09-03 13:00:00,4,0.7829242019186178
2019-09-03 14:00:00,4,0.7400161176926499
2019-09-03 15:00:00,4,0.970501528271315
2019-09-03 16:00:00,4,0.9996324205776135
2019-09-03 17:00:00,4,0.5808557217422862
2019-09-03 18:00:00,3,0.9999983138379126
2019-09-04 06:00:00,4,0.9994314927758888
2019-09-04 07:00:00,4,0.9996088576052546
2019-09-04 08:00:00,4,0.999973863491407
2019-09-04 09:00:00,4,0.9995630682149813
2019-09-04 10:00:00,4,0.9834412539390699
2019-09-04 11:00:00,4,0.9814284671913467
2019-09-04 12:00:00,4,0.9840540971922169
2019-09-04 13:00:00,4,0.9092942438369803
2019-09-04 14:00:00,4,0.8878868811143648
2019-09-04 15:00:00,4,0.940007275154935
2019-09-04 16:00:00,4,0.5503536837954615
2019-09-04 17:00:00,4,0.9879389822071304
2019-09-04 18:00:00,3,0.9999362411359587
2019-09-05 06:00:00,3,0.9959416637007096
2019-09-05 07:00:00,4,0.9999034973113298
2019-09-05 08:00:00,4,0.7793129367021852
2019-09-05 09:00:00,4,0.9587448877515604
2019-09-05 10:00:00,4,0.9943341399397495
2019-09-05 11:00:00,4,0.9179115309805223
2019-09-05 12:00:00,4,0.7308246870772392
2019-09-05 13:00:00,4,0.9503240067090895
2019-09-05 14:00:00,4,0.7024125665860921
2019-09-05 15:00:00,4,0.8708364616931737
2019-09-05 16:00:00,4,0.9997233089811838
2019-09-05 17:00:00,4,0.9742404831270225
2019-09-05 18:00:00,3,0.9999764187478972
2019-09-06 06:00:00,3,0.9984053194445134
2019-09-06 07:00:00,4,0.9996897818332066
2019-09-06 08:00:00,4,0.9998580448268434
2019-09-06 09:00:00,4,0.9952203179651625
2019-09-06 10:00:00,4,0.9524684796649552
2019-09-06 11:00:00,4,0.9644488503567853
2019-09-06 12:00:00,4,-0.9260053577474768
2019-09-06 13:00:00,4,0.7913529597471329
2019-09-06 14:00:00,4,0.4587660672326827
2019-09-06 15:00:00,4,0.956450693374138
2019-09-06 16:00:00,4,0.9955391118559178
2019-09-06 17:00:00,4,0.9993205011221211
2019-09-06 18:00:00,3,0.9994233641054058
2019-09-07 06:00:00,3,0.9981927504430893
2019-09-07 07:00:00,4,0.9997772157195456
2019-09-07 08:00:00,4,0.9993734691916611
2019-09-07 09:00:00,4,0.9979469401796595
2019-09-07 10:00:00,4,0.8215596689982954
2019-09-07 11:00:00,4,0.5915505571039429
2019-09-07 12:00:00,4,0.03612082820377364
2019-09-07 13:00:00,4,0.9140869953513424
2019-09-07 14:00:00,4,0.9937076552356618
2019-09-07 15:00:00,4,0.9966684878867237
2019-09-07 16:00:00,4,0.9896779253079976
2019-09-07 17:00:00,4,0.9996800357559237
2019-09-07 18:00:00,3,0.9999424171066652
2019-09-08 06:00:00,3,0.9994319199472063
2019-09-08 07:00:00,4,0.9997479157555735
2019-09-08 08:00:00,4,0.9999852483620086
2019-09-08 09:00:00,4,0.9993946631333086
2019-09-08 10:00:00,4,0.9697436268682139
2019-09-08 11:00:00,4,0.9612410207077745
2019-09-08 12:00:00,4,0.9428197312087749
2019-09-08 13:00:00,4,0.27533230650370266
2019-09-08 14:00:00,4,0.9972388126352533
2019-09-08 15:00:00,4,0.9999985247122195
2019-09-08 16:00:00,4,0.9996431817992844
2019-09-08 17:00:00,4,0.9999669651570227
2019-09-09 06:00:00,3,0.999999977400657
2019-09-09 07:00:00,4,0.9999012124515132
2019-09-09 08:00:00,4,0.9999831514160397
2019-09-09 09:00:00,4,0.9983476207036357
2019-09-09 10:00:00,4,0.9991502918935294
2019-09-09 11:00:00,4,0.986292827764658
2019-09-09 12:00:00,4,0.6581304483192596
2019-09-09 13:00:00,4,0.9869014586860441
2019-09-09 14:00:00,4,0.9481293509557752
2019-09-09 15:00:00,4,0.9982163729492529
2019-09-09 16:00:00,4,0.999975468544173
2019-09-09 17:00:00,4,0.9997018209312767
2019-09-10 06:00:00,3,0.9999216205430844
2019-09-10 07:00:00,4,0.9999626061629634
2019-09-10 08:00:00,4,0.9996987235913033
2019-09-10 09:00:00,4,0.9988175792912495
2019-09-10 10:00:00,4,0.9639728116634096
2019-09-10 11:00:00,4,0.9942122236312493
2019-09-10 12:00:00,4,0.8214116552734104
2019-09-10 13:00:00,4,0.989338392354775
2019-09-10 14:00:00,4,0.9921425056016105
2019-09-10 15:00:00,4,0.9977487507371292
2019-09-10 16:00:00,4,0.8012895042596976
2019-09-10 17:00:00,4,0.995996638194361
2019-09-11 06:00:00,3,0.9999237818836868
2019-09-11 07:00:00,4,0.9988294575681664
2019-09-11 08:00:00,4,0.9999201787394871
2019-09-11 09:00:00,4,0.9733003447325336
2019-09-11 10:00:00,4,0.997247157119924
2019-09-11 11:00:00,4,0.9963211606124429
2019-09-11 12:00:00,4,-0.2790749173042539
2019-09-11 13:00:00,4,0.9995323761878292
2019-09-11 14:00:00,4,0.979453150986563
2019-09-11 15:00:00,4,0.9874894429208715
2019-09-11 16:00:00,4,0.735439265032484
2019-09-11 17:00:00,4,0.9855552144210201
2019-09-12 06:00:00,3,0.999997492915397
2019-09-12 07:00:00,4,0.999862525825918
2019-09-12 08:00:00,4,0.9996223742897472
2019-09-12 09:00:00,4,0.9989601209897331
2019-09-12 10:00:00,4,0.9970043176082184
2019-09-12 11:00:00,4,0.994634716676202
2019-09-12 12:00:00,4,0.5813376934930112
2019-09-12 13:00:00,4,0.693197791043068
2019-09-12 14:00:00,4,0.9951212618949326
2019-09-12 15:00:00,4,0.9969966356837164
2019-09-12 16:00:00,4,0.9995330515510494
2019-09-12 17:00:00,4,0.9998326893751548
2019-09-13 06:00:00,3,0.9999312656683189
2019-09-13 07:00:00,4,0.9998454866658568
2019-09-13 08:00:00,4,0.9999451604803999
2019-09-13 09:00:00,4,0.9991154180098549
2019-09-13 10:00:00,4,0.9974031891800637
2019-09-13 11:00:00,4,0.9991549157827229
2019-09-13 12:00:00,4,-0.8742115204904922
2019-09-13 13:00:00,4,0.9945352277913857
2019-09-13 14:00:00,4,0.9946525088416376
2019-09-13 15:00:00,4,0.9993208715335843
2019-09-13 16:00:00,4,0.9982166809835123
2019-09-13 17:00:00,4,0.9996477991514218
2019-09-13 18:00:00,3,0.9998551422225497
2019-09-14 06:00:00,3,0.9993161572644594
2019-09-14 07:00:00,4,0.9998929274132057
2019-09-14 08:00:00,4,0.9994236972347723
2019-09-14 09:00:00,4,0.9986070986369531
2019-09-14 10:00:00,4,0.9971684339886567
2019-09-14 11:00:00,4,0.7317877904223286
2019-09-14 12:00:00,4,0.3268677966592613
2019-09-14 13:00:00,4,0.6474176786831081
2019-09-14 14:00:00,4,0.6863545382939188
2019-09-14 15:00:00,4,0.6355427026320707
2019-09-14 16:00:00,4,0.9995438764982966
2019-09-14 17:00:00,4,0.9998802767661965
2019-09-15 06:00:00,3,0.999915102552157
2019-09-15 07:00:00,4,0.9997289506105883
2019-09-15 08:00:00,4,0.9993601671676053
2019-09-15 09:00:00,4,0.9534669016559434
2019-09-15 10:00:00,4,0.7691563864777443
2019-09-15 11:00:00,4,0.9927395306386515
2019-09-15 12:00:00,4,0.958956192987596
2019-09-15 13:00:00,4,0.44496024394080014
2019-09-15 14:00:00,4,0.9895908925166339
2019-09-15 15:00:00,4,0.9987160259137644
2019-09-15 16:00:00,4,0.9999550758795885
2019-09-15 17:00:00,4,0.9987340617640691
2019-09-16 07:00:00,4,0.9945218889477515
2019-09-16 08:00:00,4,0.8286080353532784
2019-09-16 09:00:00,4,0.9986291579996592
2019-09-16 10:00:00,4,0.9420699988789396
2019-09-16 11:00:00,4,0.9975754673548436
2019-09-16 12:00:00,4,0.9488104719413964
2019-09-16 13:00:00,4,0.9442115931788838
2019-09-16 14:00:00,4,0.9994961162853893
2019-09-16 15:00:00,4,0.9918534747180714
2019-09-16 16:00:00,4,0.992481582533846
2019-09-16 17:00:00,4,0.9999658143401267
2019-09-17 07:00:00,4,0.9938208791512155
2019-09-17 08:00:00,4,0.9984074047446695
2019-09-17 09:00:00,4,0.9797816736067048
2019-09-17 10:00:00,4,0.9766926316587716
2019-09-17 11:00:00,4,0.9783185336430167
2019-09-17 12:00:00,4,0.9031748934299553
2019-09-17 13:00:00,4,0.9917861800324094
2019-09-17 14:00:00,4,0.980688781350931
2019-09-17 15:00:00,4,0.9692696758116602
2019-09-17 16:00:00,4,0.9976908626664379
2019-09-17 17:00:00,4,0.9978577165274304
2019-09-18 07:00:00,4,0.9956783687063487
2019-09-18 08:00:00,4,0.9475279259113979
2019-09-18 09:00:00,4,0.9586744809842112
2019-09-18 10:00:00,4,0.9073607905941085
2019-09-18 11:00:00,4,0.9919025365003749
2019-09-18 12:00:00,4,0.999026709660377
2019-09-18 13:00:00,4,0.9975677731396154
2019-09-18 14:00:00,4,0.9987926905317326
2019-09-18 15:00:00,4,0.9988262668336638
2019-09-18 16:00:00,4,0.9999700179712512
2019-09-18 17:00:00,4,0.9966837677310754
2019-09-19 06:00:00,3,0.9997137270542319
2019-09-19 07:00:00,4,0.9838785086506375
2019-09-19 08:00:00,4,0.9829451393296712
2019-09-19 09:00:00,4,0.9903422890910926
2019-09-19 10:00:00,4,0.9983982718993759
2019-09-19 11:00:00,4,0.994961136858969
2019-09-19 12:00:00,4,-0.11056029647047608
2019-09-19 13:00:00,4,0.8711271550163107
2019-09-19 14:00:00,4,-0.6061024133733038
2019-09-19 15:00:00,4,0.7343244679938659
2019-09-19 16:00:00,4,0.9488083441697707
2019-09-19 17:00:00,4,0.9946954214063903
2019-09-20 06:00:00,3,0.9994484953530586
2019-09-20 07:00:00,4,0.9957086615000741
2019-09-20 08:00:00,4,0.9994785563523203
2019-09-20 09:00:00,4,0.9998105410495476
2019-09-20 10:00:00,4,0.9752896080509369
2019-09-20 11:00:00,4,0.9992364779406268
2019-09-20 12:00:00,4,0.9785900330753952
2019-09-20 13:00:00,4,0.8790574829282558
2019-09-20 14:00:00,4,0.9992263021665253
2019-09-20 15:00:00,4,0.9885495688545618
2019-09-20 16:00:00,4,0.9995992798060869
2019-09-20 17:00:00,4,0.999921229826462
2019-09-21 06:00:00,3,0.995781883415571
2019-09-21 07:00:00,4,0.9994276888220046
2019-09-21 08:00:00,4,0.9996510654728795
2019-09-21 09:00:00,4,0.998778005174495
2019-09-21 10:00:00,4,0.6519563550179951
2019-09-21 11:00:00,4,0.9749562029479978
2019-09-21 12:00:00,4,0.9236353608288331
2019-09-21 13:00:00,4,0.9852173465645891
2019-09-21 14:00:00,4,0.9993839203988844
2019-09-21 15:00:00,4,0.9989436535822855
2019-09-21 16:00:00,4,0.999704734685891
2019-09-21 17:00:00,4,0.9997861647059365
2019-09-22 06:00:00,3,0.9991147419445163
2019-09-22 07:00:00,4,0.9995022349425771
2019-09-22 08:00:00,4,0.9998049341165244
2019-09-22 09:00:00,4,0.9990010265986067
2019-09-22 10:00:00,4,0.9939035808772497
2019-09-22 11:00:00,4,0.9949298162396031
2019-09-22 12:00:00,4,0.9850546727449514
2019-09-22 13:00:00,4,0.9679122993813886
2019-09-22 14:00:00,4,0.9930920476766485
2019-09-22 15:00:00,4,0.9875101334012768
2019-09-22 16:00:00,4,0.9987050803761395
2019-09-22 17:00:00,4,0.999741725411406
2019-09-23 06:00:00,3,0.9991993393296568
2019-09-23 07:00:00,4,0.9996905618591025
2019-09-23 08:00:00,4,0.9996764271155415
2019-09-23 09:00:00,4,0.9994833593470396
2019-09-23 10:00:00,4,0.9717310531804837
2019-09-23 11:00:00,4,0.9476190450302164
2019-09-23 12:00:00,4,0.6660310121384895
2019-09-23 13:00:00,4,0.890896194883415
2019-09-23 14:00:00,4,0.9969661025178295
2019-09-23 15:00:00,4,0.9994963673774004
2019-09-23 16:00:00,4,0.9994948335599306
2019-09-23 17:00:00,4,0.9996137004839424
2019-09-24 06:00:00,3,0.9956257315043993
2019-09-24 07:00:00,4,0.9121228454518315
2019-09-24 08:00:00,4,0.9994623071068781
2019-09-24 09:00:00,4,0.9807250296883044
2019-09-24 10:00:00,4,0.9511966695978918
2019-09-24 11:00:00,4,0.9876937383404241
2019-09-24 12:00:00,4,0.9990210516460767
2019-09-24 13:00:00,4,0.9585601425067861
2019-09-24 14:00:00,4,0.9924212736444082
2019-09-24 15:00:00,4,0.9297324712366215
2019-09-24 16:00:00,4,0.9943998762066082
2019-09-24 17:00:00,4,0.9997067094047024
2019-09-25 07:00:00,4,0.9999694229374817
2019-09-25 08:00:00,4,0.9975277856183191
2019-09-25 09:00:00,4,0.9994726853316622
2019-09-25 10:00:00,4,0.9902755275570577
2019-09-25 11:00:00,4,0.9785042785230293
2019-09-25 12:00:00,4,0.9921467366100755
2019-09-25 13:00:00,4,0.9436523579369349
2019-09-25 14:00:00,4,0.9933505286148229
2019-09-25 15:00:00,4,0.9337948231615814
2019-09-25 16:00:00,4,0.8440994799123529
2019-09-25 17:00:00,4,0.9971669982138653
2019-09-26 07:00:00,4,0.9999749528400159
2019-09-26 08:00:00,4,0.9878278789455927
2019-09-26 09:00:00,4,0.7655622413918216
2019-09-26 10:00:00,4,0.9641228989615569
2019-09-26 11:00:00,4,0.9904036195023893
2019-09-26 12:00:00,4,0.9996053288944893
2019-09-26 13:00:00,4,0.9977515076329616
2019-09-26 14:00:00,4,0.9764132106076492
2019-09-26 15:00:00,4,0.9664400795780423
2019-09-26 16:00:00,4,0.9554706471220176
2019-09-26 17:00:00,4,0.9991227591325704
2019-09-27 07:00:00,4,0.9988841885496198
2019-09-27 08:00:00,4,0.9998480494107923
2019-09-27 09:00:00,4,0.988052776749555
2019-09-27 10:00:00,4,0.7149992674527244
2019-09-27 11:00:00,4,0.15851226819650008
2019-09-27 12:00:00,4,-0.07502297051263854
2019-09-27 13:00:00,4,0.9907389808632672
2019-09-27 14:00:00,4,0.9999086911604634
2019-09-27 15:00:00,4,0.9996423869110429
2019-09-27 16:00:00,4,0.9998988540155221
2019-09-27 17:00:00,4,0.9994431343039423
2019-09-28 06:00:00,3,0.9984449013269278
2019-09-28 07:00:00,4,0.9989605071520161
2019-09-28 08:00:00,4,0.999924066079781
2019-09-28 09:00:00,4,0.9995247516160668
2019-09-28 10:00:00,4,0.9778213924776793
2019-09-28 11:00:00,4,0.8936504691423988
2019-09-28 12:00:00,4,0.9775341828235043
2019-09-28 13:00:00,4,0.9410011647254743
2019-09-28 14:00:00,4,0.9981339112538617
2019-09-28 15:00:00,4,0.9850647890527836
2019-09-28 16:00:00,4,0.998043616099622
2019-09-28 17:00:00,4,0.9995994495897217
2019-09-29 06:00:00,3,0.9988177721277939
2019-09-29 07:00:00,4,0.9992171723294264
2019-09-29 08:00:00,4,0.9999806441285941
2019-09-29 09:00:00,4,0.9993200583028422
2019-09-29 10:00:00,4,0.9943288893416407
2019-09-29 11:00:00,4,0.9847673359685277
2019-09-29 12:00:00,4,0.6327496517524344
2019-09-29 13:00:00,4,0.9707704003802184
2019-09-29 14:00:00,4,0.9985929144986627
2019-09-29 15:00:00,4,0.9986431692665592
2019-09-29 16:00:00,4,0.9999557030384559
2019-09-29 17:00:00,4,0.9994093992067842
2019-09-30 07:00:00,4,0.9986515575988641
2019-09-30 08:00:00,4,0.9999378808879373
2019-09-30 09:00:00,4,0.9998256994768677
2019-09-30 10:00:00,4,0.9993232702865783
2019-09-30 11:00:00,4,-0.14174223666886837
2019-09-30 12:00:00,4,0.9464959999517554
2019-09-30 13:00:00,4,0.9826909596722426
2019-09-30 14:00:00,4,0.9991349812583119
2019-09-30 15:00:00,4,0.995166123164885
2019-09-30 16:00:00,4,0.9993045534331045
2019-09-30 17:00:00,4,0.9990243387829749
2019-10-01 07:00:00,4,0.9964074494266124
2019-10-01 08:00:00,4,0.9990780763965946
2019-10-01 09:00:00,4,0.9985091041847695
2019-10-01 10:00:00,4,0.9747977103896761
2019-10-01 11:00:00,4,0.9768394192237545
2019-10-01 12:00:00,4,0.7400452472290634
2019-10-01 13:00:00,4,0.9982608266364603
2019-10-01 14:00:00,4,0.999959355644158
2019-10-01 15:00:00,4,0.9997648172962444
2019-10-01 16:00:00,4,0.9998934002033368
2019-10-01 17:00:00,4,0.9993558751745213
2019-10-02 06:00:00,3,0.9973322518582445
2019-10-02 07:00:00,4,0.9837125061592482
2019-10-02 08:00:00,4,0.9976933544224286
2019-10-02 09:00:00,4,0.9961637211230118
2019-10-02 10:00:00,4,0.1944347795599258
2019-10-02 11:00:00,4,0.9643496010428695
2019-10-02 12:00:00,4,0.9024496426577289
2019-10-02 13:00:00,4,0.9483046843780173
2019-10-02 14:00:00,4,0.9514300205575247
2019-10-02 15:00:00,4,0.9862228135038026
2019-10-02 16:00:00,4,0.9993021322000556
2019-10-02 17:00:00,4,0.9993287893157569
2019-10-03 07:00:00,4,0.9968217498379348
2019-10-03 08:00:00,4,0.9995779763928893
2019-10-03 09:00:00,4,0.998313662435742
2019-10-03 10:00:00,4,0.9990626716965145
2019-10-03 11:00:00,4,0.992782890020596
2019-10-03 12:00:00,4,0.9642748822260292
2019-10-03 13:00:00,4,0.8961380878282321
2019-10-03 14:00:00,4,0.9976698013485145
2019-10-03 15:00:00,4,0.998754990357054
2019-10-03 16:00:00,4,0.999851499371379
2019-10-03 17:00:00,4,0.9999889687759144
2019-10-04 06:00:00,3,0.9999955508207952
2019-10-04 07:00:00,4,0.998385208780937
2019-10-04 08:00:00,4,0.9448689671450229
2019-10-04 09:00:00,4,0.9938468561952444
2019-10-04 10:00:00,4,0.9943983991043195
2019-10-04 11:00:00,4,0.7676801253092792
2019-10-04 12:00:00,4,0.5919174885817785
2019-10-04 13:00:00,4,0.6401980209184728
2019-10-04 14:00:00,4,0.40654594745593714
2019-10-04 15:00:00,4,0.9998906648171416
2019-10-04 16:00:00,4,0.8660026632140596
2019-10-04 17:00:00,4,0.9938839537459229
2019-10-05 07:00:00,4,0.997743429512308
2019-10-05 08:00:00,4,0.9978867344779231
2019-10-05 09:00:00,4,0.9308514480546146
2019-10-05 10:00:00,4,0.988292309466585
2019-10-05 11:00:00,4,0.9995427711444586
2019-10-05 12:00:00,4,0.9980564679796832
2019-10-05 13:00:00,4,0.9994078802884246
2019-10-05 14:00:00,4,0.9959822618896922
2019-10-05 15:00:00,4,0.9977262734109698
2019-10-05 16:00:00,4,0.9957697625178693
2019-10-05 17:00:00,4,0.9943615138288365
2019-10-06 07:00:00,4,0.9871467252519958
2019-10-06 08:00:00,4,0.9881771195549255
2019-10-06 09:00:00,4,0.9945639413114933
2019-10-06 10:00:00,4,0.9711324692965241
2019-10-06 11:00:00,4,0.9489666055771495
2019-10-06 12:00:00,4,0.9432073127777791
2019-10-06 13:00:00,4,0.9566184112412472
2019-10-06 14:00:00,4,0.9943896224614518
2019-10-06 15:00:00,4,0.9912534701165799
2019-10-06 16:00:00,4,0.9966234535686015
2019-10-06 17:00:00,4,0.9994931466988743
2019-10-07 07:00:00,4,0.9994167525648873
2019-10-07 08:00:00,4,0.9984845259806078
2019-10-07 09:00:00,4,0.987726036647444
2019-10-07 10:00:00,4,0.7473426638131998
2019-10-07 11:00:00,4,0.9137452932482537
2019-10-07 12:00:00,4,0.9835240210682639
2019-10-07 13:00:00,4,0.6187968774758961
2019-10-07 14:00:00,4,0.9985645767832091
2019-10-07 15:00:00,4,0.9841514270105346
2019-10-07 16:00:00,4,0.999125962403522
2019-10-07 17:00:00,4,0.9996017447660697
2019-10-08 07:00:00,4,0.9944286422654909
2019-10-08 08:00:00,4,0.9995113593541151
2019-10-08 09:00:00,4,0.9973358044175109
2019-10-08 10:00:00,4,0.9996466289679516
2019-10-08 11:00:00,4,0.9901702060692875
2019-10-08 12:00:00,4,0.9981432929349194
2019-10-08 13:00:00,4,0.9944528167987132
2019-10-08 14:00:00,4,0.9947100880272481
2019-10-08 15:00:00,4,0.4640712986924524
2019-10-08 16:00:00,4,0.9974144107734847
2019-10-08 17:00:00,4,0.9942993542422477
2019-10-09 07:00:00,4,0.9991958290783485
2019-10-09 08:00:00,4,0.9895330418543247
2019-10-09 09:00:00,4,0.9712351689083866
2019-10-09 10:00:00,4,0.9659430153039129
2019-10-09 11:00:00,4,0.9613090713446899
2019-10-09 12:00:00,4,0.08631186468278321
2019-10-09 13:00:00,4,0.43996711435069463
2019-10-09 14:00:00,4,0.9995694083031474
2019-10-09 15:00:00,4,0.9290326996975372
2019-10-09 16:00:00,4,0.9999796699816234
2019-10-09 17:00:00,4,0.9995675185275307
2019-10-10 07:00:00,4,0.9966619305369486
2019-10-10 08:00:00,4,0.9669750844655068
2019-10-10 09:00:00,4,0.9702064564245538
2019-10-10 10:00:00,4,0.9998008626614422
2019-10-10 11:00:00,4,0.9987621767032788
2019-10-10 12:00:00,4,0.9929315395458227
2019-10-10 13:00:00,4,0.9866838252561225
2019-10-10 14:00:00,4,0.041848590382882266
2019-10-10 15:00:00,4,0.9737412832703864
2019-10-10 16:00:00,4,0.9988924257162444
2019-10-10 17:00:00,3,0.9935624115583291
2019-10-11 07:00:00,4,0.9995373477823248
2019-10-11 08:00:00,4,0.9512748830887338
2019-10-11 09:00:00,4,0.998680069192276
2019-10-11 10:00:00,4,0.9919793685124576
2019-10-11 11:00:00,4,0.9944692829905257
2019-10-11 12:00:00,4,0.9695467834591971
2019-10-11 13:00:00,4,0.9860708126364339
2019-10-11 14:00:00,4,0.9853060992891443
2019-10-11 15:00:00,4,0.5269641136466907
2019-10-11 16:00:00,4,0.9804588262300092
2019-10-11 17:00:00,4,0.9999116663774013
2019-10-12 07:00:00,4,0.999167451163903
2019-10-12 08:00:00,4,0.9981841068827605
2019-10-12 09:00:00,4,0.9965118365121882
2019-10-12 10:00:00,4,0.9381206782023237
2019-10-12 11:00:00,4,0.978119594652134
2019-10-12 12:00:00,4,0.8724438980027045
2019-10-12 13:00:00,4,0.9831980534920896
2019-10-12 14:00:00,4,0.9771893880137665
2019-10-12 15:00:00,4,0.9989412033177834
2019-10-12 16:00:00,4,0.9966237464124789
2019-10-12 17:00:00,4,0.9998065316502072
2019-10-13 07:00:00,4,0.9868666072014526
2019-10-13 08:00:00,4,0.9967895680272156
2019-10-13 09:00:00,4,0.9912237935613333
2019-10-13 10:00:00,4,0.12812966656845087
2019-10-13 11:00:00,4,0.8730617518263336
2019-10-13 12:00:00,4,0.9828206866271847
2019-10-13 13:00:00,4,0.9742870275147661
2019-10-13 14:00:00,4,0.9513615012858778
2019-10-13 15:00:00,4,0.9218671089848723
2019-10-13 16:00:00,4,0.9961563842068121
2019-10-13 17:00:00,4,0.9966502676316088
2019-10-14 07:00:00,4,0.9999539076411615
2019-10-14 08:00:00,4,0.9497900545959633
2019-10-14 09:00:00,4,0.9934991423491109
2019-10-14 10:00:00,4,0.9987516488903684
2019-10-14 11:00:00,4,0.976256516103446
2019-10-14 12:00:00,4,0.5780084609655478
2019-10-14 13:00:00,4,0.9368504731598764
2019-10-14 14:00:00,4,0.9868908549519414
2019-10-14 15:00:00,4,0.9983661277239712
2019-10-14 16:00:00,4,0.9997304275145797
2019-10-14 17:00:00,3,0.9999644003231865
2019-10-15 07:00:00,4,0.9985452231983796
2019-10-15 08:00:00,4,0.999694856885573
2019-10-15 09:00:00,4,0.9964826759597558
2019-10-15 10:00:00,4,0.8808040496971397
2019-10-15 11:00:00,4,0.9998634917411483
2019-10-15 12:00:00,4,0.9980615451201734
2019-10-15 13:00:00,4,0.9943215892867896
2019-10-15 14:00:00,4,0.992837368302046
2019-10-15 15:00:00,4,0.9995559451184595
2019-10-15 16:00:00,4,0.9951993281280757
2019-10-15 17:00:00,3,0.9990216892806845
2019-10-16 07:00:00,3,0.9930636194077973
2019-10-16 08:00:00,4,0.9965880766399431
2019-10-16 09:00:00,4,0.9524207810605766
2019-10-16 10:00:00,4,0.993165383173537
2019-10-16 11:00:00,4,0.9954746757917837
2019-10-16 12:00:00,4,0.999363464800396
2019-10-16 13:00:00,4,0.985977664294685
2019-10-16 14:00:00,4,0.9972253048674997
2019-10-16 15:00:00,4,0.9929605745213024
2019-10-16 16:00:00,4,0.9991095896873556
2019-10-17 07:00:00,4,0.9994652620070421
2019-10-17 08:00:00,4,0.9996496937993056
2019-10-17 09:00:00,4,0.9915634085559937
2019-10-17 10:00:00,4,0.8248601985520867
2019-10-17 11:00:00,4,0.8286088000074022
2019-10-17 12:00:00,4,0.6392394498571751
2019-10-17 13:00:00,4,0.6389162812446112
2019-10-17 14:00:00,4,0.9704156932895117
2019-10-17 15:00:00,4,0.5304831198673516
2019-10-17 16:00:00,4,0.9907939784138655
2019-10-17 17:00:00,3,0.9999205654124161
2019-10-18 07:00:00,4,0.9994254606773806
2019-10-18 08:00:00,4,0.9985575469216911
2019-10-18 09:00:00,4,0.9998419557532188
2019-10-18 10:00:00,4,0.9837215745247014
2019-10-18 11:00:00,4,0.9351457404031924
2019-10-18 12:00:00,4,0.8491165274281605
2019-10-18 13:00:00,4,0.9942548754821363
2019-10-18 14:00:00,4,0.9963214332916056
2019-10-18 15:00:00,4,0.9990300091064066
2019-10-18 16:00:00,4,0.9999995836918635
2019-10-18 17:00:00,3,0.9748189829741543
2019-10-19 07:00:00,4,0.9951433200304374
2019-10-19 08:00:00,4,0.9999445316514425
2019-10-19 09:00:00,4,0.9998850076292435
2019-10-19 10:00:00,4,0.9976124976099976
2019-10-19 11:00:00,4,0.9031886033725373
2019-10-19 12:00:00,4,0.7910620231605473
2019-10-19 13:00:00,4,0.9522879687415429
2019-10-19 14:00:00,4,0.9992284577494561
2019-10-19 15:00:00,4,0.9999362255190911
2019-10-19 16:00:00,4,0.9999212820093323
2019-10-19 17:00:00,3,0.9787283029423395
2019-10-20 07:00:00,4,0.993984802534904
2019-10-20 08:00:00,4,0.99940216552579
2019-10-20 09:00:00,4,0.9992647095009775
2019-10-20 10:00:00,4,0.9988802925913239
2019-10-20 11:00:00,4,0.9884310206251783
2019-10-20 12:00:00,4,0.954154569140367
2019-10-20 13:00:00,4,0.998611994873647
2019-10-20 14:00:00,4,0.9975475611905875
2019-10-20 15:00:00,4,0.9918542137932218
2019-10-20 16:00:00,4,0.9900379837106765
2019-10-20 17:00:00,3,0.9999880752622607
2019-10-21 07:00:00,4,0.9993642188663735
2019-10-21 08:00:00,4,0.9822379277972527
2019-10-21 09:00:00,4,0.9978278671293899
2019-10-21 10:00:00,4,0.9915530141088473
2019-10-21 11:00:00,4,0.9407351930163185
2019-10-21 12:00:00,4,0.9905590044250829
2019-10-21 13:00:00,4,0.9818315111608665
2019-10-21 14:00:00,4,-0.7261764605337767
2019-10-21 15:00:00,4,0.9998528993901843
2019-10-21 16:00:00,4,0.9996299222232301
2019-10-21 17:00:00,3,0.999842236106418
2019-10-22 07:00:00,4,0.9998395741516182
2019-10-22 08:00:00,4,0.9983011332560001
2019-10-22 09:00:00,4,0.9956924128377852
2019-10-22 10:00:00,4,0.9997487035486547
2019-10-22 11:00:00,4,0.9995499442932466
2019-10-22 12:00:00,4,0.998708994686574
2019-10-22 13:00:00,4,0.9993533346944744
2019-10-22 14:00:00,4,0.9980662236474827
2019-10-22 15:00:00,4,0.9936721616372762
2019-10-22 16:00:00,4,0.7183867529676796
2019-10-23 07:00:00,4,0.9980284729769273
2019-10-23 08:00:00,4,0.9996052529861955
2019-10-23 09:00:00,4,0.9982322749690834
2019-10-23 10:00:00,4,0.9971989212750989
2019-10-23 11:00:00,4,0.978963168900784
2019-10-23 12:00:00,4,0.9559388543574411
2019-10-23 13:00:00,4,0.9388264190480017
2019-10-23 14:00:00,4,0.9896491734625836
2019-10-23 15:00:00,4,0.997971579991382
2019-10-23 16:00:00,4,0.999548741181537
2019-10-23 17:00:00,3,0.9388337841300156
2019-10-24 07:00:00,4,0.9993584277003141
2019-10-24 08:00:00,4,0.9917427716469227
2019-10-24 09:00:00,4,0.9997797342237662
2019-10-24 10:00:00,4,0.9980430025194261
2019-10-24 11:00:00,4,0.7387487647322085
2019-10-24 12:00:00,4,0.9894711009412354
2019-10-24 13:00:00,4,0.9794159919665705
2019-10-24 14:00:00,4,0.9997176183130619
2019-10-24 15:00:00,4,0.9998367466827638
2019-10-24 16:00:00,4,0.9944380236731611
2019-10-24 17:00:00,3,0.9953358534628755
2019-10-25 07:00:00,4,0.9976196419885003
2019-10-25 08:00:00,4,0.9736844715936148
2019-10-25 09:00:00,4,0.9884928444655088
2019-10-25 10:00:00,4,0.9974876601545566
2019-10-25 11:00:00,4,0.999913788350073
2019-10-25 12:00:00,4,0.9995370323169606
2019-10-25 13:00:00,4,0.9988908387666677
2019-10-25 14:00:00,4,0.9821391784899056
2019-10-25 15:00:00,4,0.9992746233650963
2019-10-25 16:00:00,4,0.9991988718641259
2019-10-26 07:00:00,4,0.9993423630529205
2019-10-26 08:00:00,4,0.9969109664104532
2019-10-26 09:00:00,4,0.9942907011193739
2019-10-26 10:00:00,4,0.9999910684099896
2019-10-26 11:00:00,4,0.9991281635990672
2019-10-26 12:00:00,4,0.9815928851376401
2019-10-26 13:00:00,4,0.9993539082757251
2019-10-26 14:00:00,4,0.9991467248502809
2019-10-26 15:00:00,4,0.9995075162250333
2019-10-26 16:00:00,4,0.9958731147947543
2019-10-27 07:00:00,4,0.9998288773343105
2019-10-27 08:00:00,4,0.999736333678922
2019-10-27 09:00:00,4,0.9988431579562549
2019-10-27 10:00:00,4,0.9988229886172899
2019-10-27 11:00:00,4,0.997811833067204
2019-10-27 12:00:00,4,0.9993518628606615
2019-10-27 13:00:00,4,0.9994457291916062
2019-10-27 14:00:00,4,0.9944889057235826
2019-10-27 15:00:00,4,0.9973637402003677
2019-10-27 16:00:00,4,0.9989155336416878
2019-10-27 17:00:00,3,0.9998366807035126
2019-10-28 07:00:00,4,0.9824008781610422
2019-10-28 08:00:00,4,0.9986568457179054
2019-10-28 09:00:00,4,0.9999792949912226
2019-10-28 10:00:00,4,0.9893934057795203
2019-10-28 11:00:00,4,0.8589199057862043
2019-10-28 12:00:00,4,0.6782293358145581
2019-10-28 13:00:00,4,0.9543404659621879
2019-10-28 14:00:00,4,0.9812974659412345
2019-10-28 15:00:00,4,0.9978202242619679
2019-10-28 16:00:00,4,0.9996139286505217
2019-10-28 17:00:00,3,0.9995262627791224
2019-10-29 07:00:00,4,0.9979849567628591
2019-10-29 08:00:00,4,0.9997154794664178
2019-10-29 09:00:00,4,0.9999040960116632
2019-10-29 10:00:00,4,0.9990558892441483
2019-10-29 11:00:00,4,0.9931596180910539
2019-10-29 12:00:00,4,0.7684781355648049
2019-10-29 13:00:00,4,0.9768272924466432
2019-10-29 14:00:00,4,0.9991096966823493
2019-10-29 15:00:00,4,0.999931239590754
2019-10-29 16:00:00,4,0.999997988117887
2019-10-30 07:00:00,4,0.9960389456594068
2019-10-30 08:00:00,4,0.9999971498352426
2019-10-30 09:00:00,4,0.999983573672152
2019-10-30 10:00:00,4,0.9428613745539336
2019-10-30 11:00:00,4,0.9925030696998898
2019-10-30 12:00:00,4,0.95138852626161
2019-10-30 13:00:00,4,0.972803570059713
2019-10-30 14:00:00,4,0.9661488203122196
2019-10-30 15:00:00,4,0.9790824947281753
2019-10-30 16:00:00,4,0.9971577144843214
2019-10-31 07:00:00,4,0.9884035290891862
2019-10-31 08:00:00,4,0.9996668549078966
2019-10-31 09:00:00,4,0.9998177851829546
2019-10-31 10:00:00,4,0.9947712000358372
2019-10-31 11:00:00,4,0.8810643189604555
2019-10-31 12:00:00,4,0.974470831075164
2019-10-31 13:00:00,4,0.9966869551405425
2019-10-31 14:00:00,4,0.993855308086197
2019-10-31 15:00:00,4,0.9808580434831227
2019-10-31 16:00:00,4,0.9989554432225127
2019-10-31 17:00:00,3,0.9950056597920924
2019-11-01 07:00:00,4,0.9996123364292914
2019-11-01 08:00:00,4,0.9996877915625885
2019-11-01 09:00:00,4,0.9847778986908994
2019-11-01 10:00:00,4,0.9108110417993893
2019-11-01 11:00:00,4,0.9942451100746915
2019-11-01 12:00:00,4,-0.28701075211098964
2019-11-01 13:00:00,4,0.7570579888887319
2019-11-01 14:00:00,4,0.9498763563671726
2019-11-01 15:00:00,4,0.9209278765785384
2019-11-01 16:00:00,4,0.9967035265859815
2019-11-02 07:00:00,4,0.9998396388932781
2019-11-02 08:00:00,4,0.9978587712348185
2019-11-02 09:00:00,4,0.9843485572680362
2019-11-02 10:00:00,4,0.4474521303750781
2019-11-02 11:00:00,4,-0.23372137023803832
2019-11-02 12:00:00,4,0.8056777148864552
2019-11-02 13:00:00,4,0.9984280227322102
2019-11-02 14:00:00,4,0.9629125565299291
2019-11-02 15:00:00,4,0.9991882818963713
2019-11-02 16:00:00,4,0.9982064871245696
2019-11-03 07:00:00,4,0.9936338243196449
2019-11-03 08:00:00,4,0.999994253383634
2019-11-03 09:00:00,4,0.9989852557145439
2019-11-03 10:00:00,4,0.9885450754057503
2019-11-03 11:00:00,4,0.9237736609659857
2019-11-03 12:00:00,4,-0.003140401411863341
2019-11-03 13:00:00,4,0.9730240998561157
2019-11-03 14:00:00,4,0.9963552028715622
2019-11-03 15:00:00,4,0.9988736522782036
2019-11-03 16:00:00,4,0.9984255400329846
2019-11-04 07:00:00,4,0.9996205533728338
2019-11-04 08:00:00,4,0.9996248727750296
2019-11-04 09:00:00,4,0.9974903794533059
2019-11-04 10:00:00,4,0.9438009704951213
2019-11-04 11:00:00,4,0.9298015501579199
2019-11-04 12:00:00,4,0.868626667712917
2019-11-04 13:00:00,4,0.9708594049701825
2019-11-04 14:00:00,4,0.9992840509271426
2019-11-04 15:00:00,4,0.9990438474830202
2019-11-04 16:00:00,4,0.9997175930320011
2019-11-05 07:00:00,4,0.994557987094605
2019-11-05 08:00:00,4,0.9982998489560048
2019-11-05 09:00:00,4,0.9998492756293917
2019-11-05 10:00:00,4,0.994706406178136
2019-11-05 11:00:00,4,0.9939456579214057
2019-11-05 12:00:00,4,0.22051849785481398
2019-11-05 13:00:00,4,0.9409080503911698
2019-11-05 14:00:00,4,0.9886186264551109
2019-11-05 15:00:00,4,0.9996981484558453
2019-11-05 16:00:00,4,0.9995060007515603
2019-11-06 07:00:00,4,0.993525467295074
2019-11-06 08:00:00,4,0.9971780299275897
2019-11-06 09:00:00,4,0.9989780488901912
2019-11-06 10:00:00,4,0.9661216135427947
2019-11-06 11:00:00,4,0.8949310441310494
2019-11-06 12:00:00,4,0.990810197730778
2019-11-06 13:00:00,4,0.9980881966982268
2019-11-06 14:00:00,4,0.9771707042342825
2019-11-06 15:00:00,4,0.9986443399048892
2019-11-06 16:00:00,4,0.9979495034851645
2019-11-07 07:00:00,4,0.9993935136280252
2019-11-07 08:00:00,4,0.999934498454432
2019-11-07 09:00:00,4,0.9949474277342711
2019-11-07 10:00:00,4,0.998299734153463
2019-11-07 11:00:00,4,0.9173112384414359
2019-11-07 12:00:00,4,0.954349291330676
2019-11-07 13:00:00,4,0.978123390049391
2019-11-07 14:00:00,4,0.05177965955365182
2019-11-07 15:00:00,4,0.7704486132277952
2019-11-07 16:00:00,4,0.9956016482920539
2019-11-08 07:00:00,4,0.9942523579814704
2019-11-08 08:00:00,4,0.9994698387630718
2019-11-08 09:00:00,4,0.9990665669404935
2019-11-08 10:00:00,4,0.994436747193086
2019-11-08 11:00:00,4,0.9423291266109564
2019-11-08 12:00:00,4,0.8347613538836149
2019-11-08 13:00:00,4,0.9847975460117281
2019-11-08 14:00:00,4,0.9974658481364275
2019-11-08 15:00:00,4,0.999079943277172
2019-11-08 16:00:00,4,0.9969327860894125
2019-11-09 07:00:00,4,0.9918600273243945
2019-11-09 08:00:00,4,0.9987565129210982
2019-11-09 09:00:00,4,0.9999861676121384
2019-11-09 10:00:00,4,0.9980425654106576
2019-11-09 11:00:00,4,0.8254669432541282
2019-11-09 12:00:00,4,0.9723174904695603
2019-11-09 13:00:00,4,0.961185315186418
2019-11-09 14:00:00,4,0.9910154166590338
2019-11-09 15:00:00,4,0.999208310165513
2019-11-09 16:00:00,4,0.9934394959944
2019-11-10 07:00:00,4,0.9996361229740607
2019-11-10 08:00:00,4,0.9852319782778891
2019-11-10 09:00:00,4,0.9998423571176969
2019-11-10 10:00:00,4,0.9979995626138747
2019-11-10 11:00:00,4,0.9436090239135893
2019-11-10 12:00:00,4,0.6181139561166024
2019-11-10 13:00:00,4,0.9596353863709056
2019-11-10 14:00:00,4,0.9960532822349034
2019-11-10 15:00:00,4,0.9970273492737176
2019-11-10 16:00:00,4,0.9842241232274853
2019-11-11 07:00:00,4,0.9896512289494851
2019-11-11 08:00:00,4,0.9994575702272858
2019-11-11 09:00:00,4,0.9998940144220353
2019-11-11 10:00:00,4,0.999806886580879
2019-11-11 11:00:00,4,0.9895269178747658
2019-11-11 12:00:00,4,0.9644533608142914
2019-11-11 13:00:00,4,0.9964497876676138
2019-11-11 14:00:00,4,0.9543933121584461
2019-11-11 15:00:00,4,0.9986555322378042
2019-11-11 16:00:00,4,0.9986770724202579
2019-11-12 07:00:00,4,0.9982511119320256
2019-11-12 08:00:00,4,0.9943420178155463
2019-11-12 09:00:00,4,0.9954031943486735
2019-11-12 10:00:00,4,0.9951776921265728
2019-11-12 11:00:00,4,0.9988778454696063
2019-11-12 12:00:00,4,0.9602161564991859
2019-11-12 13:00:00,4,0.9438155236006464
2019-11-12 14:00:00,4,0.9958161359192473
2019-11-12 15:00:00,4,0.9923770943517471
2019-11-12 16:00:00,4,0.9999606545898968
2019-11-13 07:00:00,4,0.998300387209734
2019-11-13 08:00:00,4,0.9994979781692035
2019-11-13 09:00:00,4,0.943893953523765
2019-11-13 10:00:00,4,0.9859048859501068
2019-11-13 11:00:00,4,0.9637582650334037
2019-11-13 12:00:00,4,0.7992637458181125
2019-11-13 13:00:00,4,0.9999839895716031
2019-11-13 14:00:00,4,0.9966346441710426
2019-11-13 15:00:00,4,0.9996313915492478
2019-11-13 16:00:00,4,0.9996595477184346
2019-11-14 07:00:00,4,0.9999997348134003
2019-11-14 08:00:00,4,0.9882231345125299
2019-11-14 09:00:00,4,0.999917170748741
2019-11-14 10:00:00,4,0.9970391327816747
2019-11-14 11:00:00,4,0.9612910864591034
2019-11-14 12:00:00,4,0.9983421325111635
2019-11-14 13:00:00,4,0.678288405245653
2019-11-14 14:00:00,4,0.99937606824509
2019-11-14 15:00:00,4,0.9999601092877201
2019-11-14 16:00:00,4,0.9773342643745602
2019-11-15 07:00:00,4,0.9932137406702557
2019-11-15 08:00:00,4,0.9880095181858928
2019-11-15 09:00:00,4,0.9999657040483366
2019-11-15 10:00:00,4,0.9994122328426519
2019-11-15 11:00:00,4,0.9648241663104656
2019-11-15 12:00:00,4,0.9276837822197964
2019-11-15 13:00:00,4,0.9908804819868475
2019-11-15 14:00:00,4,0.8884253913535641
2019-11-15 15:00:00,4,0.9970544226305654
2019-11-15 16:00:00,4,0.965488208209726
2019-11-16 07:00:00,4,0.9998518871426849
2019-11-16 08:00:00,4,0.9957167287600519
2019-11-16 09:00:00,4,0.978446814449463
2019-11-16 10:00:00,4,0.9807686288382635
2019-11-16 11:00:00,4,0.9837498820647634
2019-11-16 12:00:00,4,0.9575316659344163
2019-11-16 13:00:00,4,0.9971772441467475
2019-11-16 14:00:00,4,0.14046153968123604
2019-11-16 15:00:00,4,0.9999308931595862
2019-11-16 16:00:00,4,0.9998756288367825
2019-11-17 07:00:00,4,0.9980042859893127
2019-11-17 08:00:00,4,0.9892237229959203
2019-11-17 09:00:00,4,0.9973604914011241
2019-11-17 10:00:00,4,0.9999203716920712
2019-11-17 11:00:00,4,0.9633871581569277
2019-11-17 12:00:00,4,0.9941622234391164
2019-11-17 13:00:00,4,0.9735125351636201
2019-11-17 14:00:00,4,0.9959674278554381
2019-11-17 15:00:00,4,0.4587061781194165
2019-11-17 16:00:00,3,0.999015263178192
2019-11-18 07:00:00,3,0.999904705409086
2019-11-18 08:00:00,4,0.9989633812654453
2019-11-18 09:00:00,4,0.9979167508256489
2019-11-18 10:00:00,4,0.9039707565622811
2019-11-18 11:00:00,4,0.9080984171364502
2019-11-18 12:00:00,4,0.9330740882668256
2019-11-18 13:00:00,4,0.9942338602841733
2019-11-18 14:00:00,4,0.9995829594398034
2019-11-18 15:00:00,4,0.990182157750691
2019-11-18 16:00:00,4,0.9999441751628577
2019-11-19 07:00:00,4,0.9986320477768874
2019-11-19 08:00:00,4,0.9653310864915335
2019-11-19 09:00:00,4,0.9967034972372627
2019-11-19 10:00:00,4,0.9990289238862597
2019-11-19 11:00:00,4,0.9709525451746868
2019-11-19 12:00:00,4,0.8300449214123132
2019-11-19 13:00:00,4,0.8824412120563838
2019-11-19 14:00:00,4,0.9968069751531746
2019-11-19 15:00:00,4,0.8292436380562819
2019-11-19 16:00:00,4,0.9937204152719867
2019-11-20 07:00:00,4,0.9617412485928446
2019-11-20 08:00:00,4,0.9756507970331696
2019-11-20 09:00:00,4,0.9934710077968809
2019-11-20 10:00:00,4,0.9951574592557842
2019-11-20 11:00:00,4,0.17645556682822733
2019-11-20 12:00:00,4,0.9833093104599726
2019-11-20 13:00:00,4,0.9970410569326768
2019-11-20 14:00:00,4,0.876501563354288
2019-11-20 15:00:00,4,0.8226963821715186
2019-11-20 16:00:00,4,0.8227952892607681
2019-11-21 07:00:00,3,0.9990278271927654
2019-11-21 08:00:00,4,0.999744400487613
2019-11-21 09:00:00,4,0.9978126094177489
2019-11-21 10:00:00,4,0.9985046645871656
2019-11-21 11:00:00,4,0.9811789650041806
2019-11-21 12:00:00,4,0.9778330991557255
2019-11-21 13:00:00,4,0.9818817919653509
2019-11-21 14:00:00,4,0.9997510988711956
2019-11-21 15:00:00,4,0.9988546301738827
2019-11-21 16:00:00,4,0.9999586023879319
2019-11-22 07:00:00,4,0.9990175700430814
2019-11-22 08:00:00,4,0.9917079869391141
2019-11-22 09:00:00,4,0.9998710811397079
2019-11-22 10:00:00,4,0.9997990779100174
2019-11-22 11:00:00,4,0.9928178024262763
2019-11-22 12:00:00,4,0.9748044682523445
2019-11-22 13:00:00,4,0.9919783887306357
2019-11-22 14:00:00,4,0.9962953315162566
2019-11-22 15:00:00,4,0.9723378393655149
2019-11-22 16:00:00,4,0.9420018081532717
2019-11-23 07:00:00,4,0.9996814904165676
2019-11-23 08:00:00,4,0.8923570499400864
2019-11-23 09:00:00,4,0.9599088595737574
2019-11-23 10:00:00,4,0.9989245426280692
2019-11-23 11:00:00,4,0.9970456413932254
2019-11-23 12:00:00,4,0.9973064529450191
2019-11-23 13:00:00,4,0.9908113810677942
2019-11-23 14:00:00,4,0.9988010073954647
2019-11-23 15:00:00,4,0.9986972756738389
2019-11-23 16:00:00,4,0.9976987455229553
2019-11-24 07:00:00,4,
2019-11-24 08:00:00,4,
2019-11-24 09:00:00,4,
2019-11-24 10:00:00,4,
2019-11-24 11:00:00,4,
2019-11-24 12:00:00,4,0.4140303370291855
2019-11-24 13:00:00,4,0.27406720057675527
2019-11-24 14:00:00,4,0.9984092582354372
2019-11-24 15:00:00,4,0.9639723416734175
2019-11-24 16:00:00,4,0.9868047176685708
2019-11-25 08:00:00,4,0.9995909468981589
2019-11-25 09:00:00,4,0.996122332186654
2019-11-25 10:00:00,4,0.9996953716937663
2019-11-25 11:00:00,4,0.9952746336112174
2019-11-25 12:00:00,4,0.9986021458707085
2019-11-25 13:00:00,4,0.9974758942589037
2019-11-25 14:00:00,4,0.967873119815561
2019-11-25 15:00:00,4,0.9947119895414132
2019-11-25 16:00:00,4,0.9925318063625894
2019-11-26 08:00:00,4,0.9993934992708956
2019-11-26 09:00:00,4,0.9950723164790796
2019-11-26 10:00:00,4,0.9431231247005675
2019-11-26 11:00:00,4,0.9884212463149585
2019-11-26 12:00:00,4,0.9875496337875461
2019-11-26 13:00:00,4,0.9627098964441712
2019-11-26 14:00:00,4,0.8410795910726998
2019-11-26 15:00:00,4,0.9928065646908154
2019-11-26 16:00:00,4,0.9958576830103336
2019-11-27 08:00:00,4,0.9983758153170459
2019-11-27 09:00:00,4,0.9785540683009293
2019-11-27 10:00:00,4,0.991322278801247
2019-11-27 11:00:00,4,0.9968655048531943
2019-11-27 12:00:00,4,0.989797228876191
2019-11-27 13:00:00,4,0.9988535615986307
2019-11-27 14:00:00,4,0.9234121882346499
2019-11-27 15:00:00,4,0.9138752948964416
2019-11-27 16:00:00,4,0.9039348445978743
2019-11-28 07:00:00,3,0.9999939612919699
2019-11-28 08:00:00,4,0.9686276541543029
2019-11-28 09:00:00,4,0.9932296576208313
2019-11-28 10:00:00,4,0.9785236257238273
2019-11-28 11:00:00,4,0.9992585295715884
2019-11-28 12:00:00,4,0.9796904217802077
2019-11-28 13:00:00,4,0.9983363450481757
2019-11-28 14:00:00,4,0.9990070920190892
2019-11-28 15:00:00,4,0.997890507669728
2019-11-28 16:00:00,4,0.9996355351784976
2019-11-29 07:00:00,3,0.9997866333246548
2019-11-29 08:00:00,4,0.990621000088171
2019-11-29 09:00:00,4,0.9871108793215604
2019-11-29 10:00:00,4,0.3790671806034957
2019-11-29 11:00:00,4,0.9991003505815993
2019-11-29 12:00:00,4,0.9620468203998324
2019-11-29 13:00:00,4,0.9798950715128112
2019-11-29 14:00:00,4,0.9999209607762187
2019-11-29 15:00:00,4,0.9996575564834905
2019-11-29 16:00:00,4,0.9939142542979766
2019-11-30 08:00:00,4,0.9844212378354997
2019-11-30 09:00:00,4,0.9619290811269563
2019-11-30 10:00:00,4,0.9965104568167402
2019-11-30 11:00:00,4,0.9984195853808324
2019-11-30 12:00:00,4,0.9564415599698711
2019-11-30 13:00:00,4,0.9525793444156806
2019-11-30 14:00:00,4,0.9752787940643788
2019-11-30 15:00:00,4,0.9973673148414162
2019-11-30 16:00:00,4,0.9942426465043972
2019-12-01 07:00:00,3,0.9819805060619659
2019-12-01 08:00:00,4,0.9956782239451297
2019-12-01 09:00:00,4,0.9864983229431745
2019-12-01 10:00:00,4,0.823923365454869
2019-12-01 11:00:00,4,0.9603620830157632
2019-12-01 12:00:00,4,0.9921328821076194
2019-12-01 13:00:00,4,0.9676523116538231
2019-12-01 14:00:00,4,0.9368602586767093
2019-12-01 15:00:00,4,0.04905235263232004
2019-12-01 16:00:00,4,0.999548988434694
2019-12-02 07:00:00,3,0.9998354700861813
2019-12-02 08:00:00,4,0.9832761768159596
2019-12-02 09:00:00,4,0.9981445715573545
2019-12-02 10:00:00,4,0.9511993435895101
2019-12-02 11:00:00,4,0.942411450938744
2019-12-02 12:00:00,4,0.8173569708053812
2019-12-02 13:00:00,4,0.974082494720228
2019-12-02 14:00:00,4,0.9938988954298305
2019-12-02 15:00:00,4,0.9977203035818191
2019-12-02 16:00:00,4,0.9876465678085451
2019-12-03 07:00:00,3,0.9999379086479669
2019-12-03 08:00:00,4,0.9526808220089672
2019-12-03 09:00:00,4,0.9996769720539612
2019-12-03 10:00:00,4,0.9993068269709279
2019-12-03 11:00:00,4,0.907935912420646
2019-12-03 12:00:00,4,0.7401275432708281
2019-12-03 13:00:00,4,0.9519083161175972
2019-12-03 14:00:00,4,0.9568204675209834
2019-12-03 15:00:00,4,0.9978441936131452
2019-12-03 16:00:00,4,0.9874527061551941
2019-12-04 07:00:00,3,0.9988428485527561
2019-12-04 08:00:00,4,0.9584462545215893
2019-12-04 09:00:00,4,0.998775137383288
2019-12-04 10:00:00,4,0.9997197538947774
2019-12-04 11:00:00,4,0.97047960790706
2019-12-04 12:00:00,4,0.8680787756313257
2019-12-04 13:00:00,4,0.9565694358508727
2019-12-04 14:00:00,4,0.9991020031174893
2019-12-04 15:00:00,4,0.9951701252352717
2019-12-04 16:00:00,4,0.9996388082558326
2019-12-05 07:00:00,3,0.9987136596786971
2019-12-05 08:00:00,4,0.9539490551135943
2019-12-05 09:00:00,4,0.9999750900740951
2019-12-05 10:00:00,4,0.9973190489240588
2019-12-05 11:00:00,4,0.9897576915718928
2019-12-05 12:00:00,4,0.5526159672356962
2019-12-05 13:00:00,4,0.9019985819789471
2019-12-05 14:00:00,4,0.9716531052618882
2019-12-05 15:00:00,4,0.8409854930099195
2019-12-05 16:00:00,4,0.988725780198249
2019-12-06 07:00:00,3,0.9998353176997938
2019-12-06 08:00:00,4,0.9831049560785178
2019-12-06 09:00:00,4,0.9998740453376612
2019-12-06 10:00:00,4,0.9973705420677242
2019-12-06 11:00:00,4,0.9970744255041468
2019-12-06 12:00:00,4,-0.37865212848585506
2019-12-06 13:00:00,4,0.9945917683797084
2019-12-06 14:00:00,4,0.9981754860677955
2019-12-06 15:00:00,4,0.9959883152069084
2019-12-06 16:00:00,4,0.9970368472710779
2019-12-07 07:00:00,3,0.9995910811660496
2019-12-07 08:00:00,4,0.982391943221372
2019-12-07 09:00:00,4,0.9973520503446195
2019-12-07 10:00:00,4,0.9991898453831803
2019-12-07 11:00:00,4,0.9910276333647103
2019-12-07 12:00:00,4,-0.4077048787884002
2019-12-07 13:00:00,4,0.9909151745313987
2019-12-07 14:00:00,4,0.9956504625191827
2019-12-07 15:00:00,4,0.9970280641169642
2019-12-07 16:00:00,4,0.9980419826435738
2019-12-08 07:00:00,3,0.9973598651517489
2019-12-08 08:00:00,4,0.972054459220275
2019-12-08 09:00:00,4,0.9994838617969987
2019-12-08 10:00:00,4,0.9991429506096944
2019-12-08 11:00:00,4,0.9993700940667799
2019-12-08 12:00:00,4,0.9840180179590848
2019-12-08 13:00:00,4,0.9684895487371608
2019-12-08 14:00:00,4,0.9985400240226117
2019-12-08 15:00:00,4,0.9982269522605506
2019-12-08 16:00:00,4,0.9994654020897535
2019-12-09 07:00:00,3,0.9770382485305094
2019-12-09 08:00:00,4,0.960512258881621
2019-12-09 09:00:00,4,0.9984977251606751
2019-12-09 10:00:00,4,0.9578600649469035
2019-12-09 11:00:00,4,0.997688194454553
2019-12-09 12:00:00,4,0.9706849661050899
2019-12-09 13:00:00,4,0.9805558104333432
2019-12-09 14:00:00,4,0.9991924639210221
2019-12-09 15:00:00,4,0.9977943373698658
2019-12-09 16:00:00,4,0.9997600307237273
2019-12-10 07:00:00,3,0.999985355212834
2019-12-10 08:00:00,4,0.951523926732013
2019-12-10 09:00:00,4,0.999180613348503
2019-12-10 10:00:00,4,0.9999282647087163
2019-12-10 11:00:00,4,0.9677698476469967
2019-12-10 12:00:00,4,0.9929676968712935
2019-12-10 13:00:00,4,0.9791647789435927
2019-12-10 14:00:00,4,0.9860085594067615
2019-12-10 15:00:00,4,0.9997271440949538
2019-12-10 16:00:00,4,0.9999034488335281
2019-12-11 07:00:00,3,0.9994587231233705
2019-12-11 08:00:00,4,0.957272650398733
2019-12-11 09:00:00,4,0.9996893381591903
2019-12-11 10:00:00,4,0.9983399529846553
2019-12-11 11:00:00,4,0.9985234862824847
2019-12-11 12:00:00,4,0.8455234281989235
2019-12-11 13:00:00,4,0.9969239218394055
2019-12-11 14:00:00,4,0.9990245205213302
2019-12-11 15:00:00,4,0.9941153394976391
2019-12-11 16:00:00,4,0.995814000230177
2019-12-12 07:00:00,3,0.9995169248724163
2019-12-12 08:00:00,4,0.9986676946919073
2019-12-12 09:00:00,4,0.7635290229394828
2019-12-12 10:00:00,4,0.998964128330492
2019-12-12 11:00:00,4,0.3610985137250484
2019-12-12 12:00:00,4,0.245615573292929
2019-12-12 13:00:00,4,0.9624585598054055
2019-12-12 14:00:00,4,0.9953929604070284
2019-12-12 15:00:00,4,0.9918912201872702
2019-12-12 16:00:00,4,0.9944936689004927
2019-12-13 07:00:00,3,0.999877135526596
2019-12-13 08:00:00,4,0.9805480794326691
2019-12-13 09:00:00,4,0.9998345464375489
2019-12-13 10:00:00,4,0.9995838212002967
2019-12-13 11:00:00,4,0.9966745612949739
2019-12-13 12:00:00,4,0.9944730682118702
2019-12-13 13:00:00,4,0.9967387658219673
2019-12-13 14:00:00,4,0.9898547612263208
2019-12-13 15:00:00,4,0.9956378703766042
2019-12-13 16:00:00,4,0.9900012459064014
2019-12-14 08:00:00,4,0.9975962420352973
2019-12-14 09:00:00,4,0.9996094152820258
2019-12-14 10:00:00,4,0.5334450063718571
2019-12-14 11:00:00,4,0.9978527829361092
2019-12-14 12:00:00,4,0.9988502298428891
2019-12-14 13:00:00,4,0.999771445562595
2019-12-14 14:00:00,4,0.628165215598438
2019-12-14 15:00:00,4,0.9951024027203684
2019-12-14 16:00:00,4,0.9999326609628233
2019-12-15 08:00:00,4,0.9974590764554426
2019-12-15 09:00:00,4,0.9884653326981693
2019-12-15 10:00:00,4,0.9983890107289614
2019-12-15 11:00:00,4,0.9971341553053342
2019-12-15 12:00:00,4,0.9924442967147064
2019-12-15 13:00:00,4,0.9300010684853237
2019-12-15 14:00:00,4,0.9935128735141365
2019-12-15 15:00:00,4,0.9978881088210659
2019-12-15 16:00:00,4,0.9997318033350581
2019-12-16 08:00:00,4,0.9964926756678987
2019-12-16 09:00:00,4,0.9994761478437731
2019-12-16 10:00:00,4,0.9935591964996283
2019-12-16 11:00:00,4,0.993080865718986
2019-12-16 12:00:00,4,0.9936975718536263
2019-12-16 13:00:00,4,0.9963488812955589
2019-12-16 14:00:00,4,0.9977578021120449
2019-12-16 15:00:00,4,0.9997312171752212
2019-12-16 16:00:00,4,0.9924569155158234
2019-12-17 08:00:00,4,0.9952842966033203
2019-12-17 09:00:00,4,0.9133491158740302
2019-12-17 10:00:00,4,0.9999671900917212
2019-12-17 11:00:00,4,0.999554946215419
2019-12-17 12:00:00,4,0.6611169392703122
2019-12-17 13:00:00,4,0.9743481853194974
2019-12-17 14:00:00,4,0.2311681118013065
2019-12-17 15:00:00,4,0.9985335490764583
2019-12-17 16:00:00,4,0.994835917924736
2019-12-18 08:00:00,4,0.9986465229718412
2019-12-18 09:00:00,4,0.999192091512359
2019-12-18 10:00:00,4,0.9746329448032549
2019-12-18 11:00:00,4,0.9573112691727567
2019-12-18 12:00:00,4,0.8508269058412627
2019-12-18 13:00:00,4,0.861888812992513
2019-12-18 14:00:00,4,0.9829834383611378
2019-12-18 15:00:00,4,0.9994209871489043
2019-12-18 16:00:00,4,0.9997824243250557
2019-12-19 08:00:00,4,0.9996255256854366
2019-12-19 09:00:00,4,0.9981721881117275
2019-12-19 10:00:00,4,0.9085232112911665
2019-12-19 11:00:00,4,0.9967906952180492
2019-12-19 12:00:00,4,0.6085790570064671
2019-12-19 13:00:00,4,0.9223797395683133
2019-12-19 14:00:00,4,0.8174358744519241
2019-12-19 15:00:00,4,0.9500427750733424
2019-12-19 16:00:00,4,0.9917551777740328
2019-12-20 08:00:00,4,0.9984248398338872
2019-12-20 09:00:00,4,0.9998121091544148
2019-12-20 10:00:00,4,0.8749835080229287
2019-12-20 11:00:00,4,0.9428056133852388
2019-12-20 12:00:00,4,0.7751111465073518
2019-12-20 13:00:00,4,0.9981906060430646
2019-12-20 14:00:00,4,0.9993570965326734
2019-12-20 15:00:00,4,0.995329850464654
2019-12-20 16:00:00,4,0.9954215535601286
2019-12-21 08:00:00,4,0.9995239002184495
2019-12-21 09:00:00,4,0.986148537633924
2019-12-21 10:00:00,4,0.9959418773271026
2019-12-21 11:00:00,4,0.9827408859234429
2019-12-21 12:00:00,4,0.981896900444423
2019-12-21 13:00:00,4,0.9973168777163427
2019-12-21 14:00:00,4,0.9946423608988042
2019-12-21 15:00:00,4,0.9913812777116278
2019-12-21 16:00:00,4,0.9933993093977054
2019-12-22 08:00:00,4,0.9189579917190335
2019-12-22 09:00:00,4,0.9514506872436331
2019-12-22 10:00:00,4,0.8326271879072916
2019-12-22 11:00:00,4,0.8505620045224094
2019-12-22 12:00:00,4,0.572725998609067
2019-12-22 13:00:00,4,0.42168156323733874
2019-12-22 14:00:00,4,0.9809193102351057
2019-12-22 15:00:00,4,0.9018174781085694
2019-12-22 16:00:00,4,0.9269209079064616
2019-12-23 08:00:00,4,0.9970142548244025
2019-12-23 09:00:00,4,0.9990857800109542
2019-12-23 10:00:00,4,0.9827315702170236
2019-12-23 11:00:00,4,0.9773840623644047
2019-12-23 12:00:00,4,0.9995248078263743
2019-12-23 13:00:00,4,0.984744594526405
2019-12-23 14:00:00,4,0.9992066152349429
2019-12-23 15:00:00,4,0.9987685794693023
2019-12-23 16:00:00,4,0.9990009207383448
2019-12-24 08:00:00,4,0.9994018623219869
2019-12-24 09:00:00,4,0.9903668625715395
2019-12-24 10:00:00,4,0.9999150085772883
2019-12-24 11:00:00,4,0.992675764060156
2019-12-24 12:00:00,4,0.9997229283840631
2019-12-24 13:00:00,4,0.9494250157700395
2019-12-24 14:00:00,4,0.9878524739267571
2019-12-24 15:00:00,4,0.9991462591843054
2019-12-24 16:00:00,4,0.9985896113856728
2019-12-25 08:00:00,4,0.9992842090506845
2019-12-25 09:00:00,4,0.9965575830050044
2019-12-25 10:00:00,4,0.9985520234253547
2019-12-25 11:00:00,4,0.9955190587951049
2019-12-25 12:00:00,4,0.9935998798581694
2019-12-25 13:00:00,4,0.7324027213629843
2019-12-25 14:00:00,4,0.9032512419041105
2019-12-25 15:00:00,4,0.9968766246227027
2019-12-25 16:00:00,4,0.9938365946966626
2019-12-26 08:00:00,4,0.9996105976501088
2019-12-26 09:00:00,4,0.9987295913614735
2019-12-26 10:00:00,4,0.9989185773333911
2019-12-26 11:00:00,4,0.9758648212060291
2019-12-26 12:00:00,4,-0.19350038172519612
2019-12-26 13:00:00,4,0.9340235569402462
2019-12-26 14:00:00,4,0.8675722353308216
2019-12-26 15:00:00,4,0.9981958003958818
2019-12-26 16:00:00,4,0.9989252106280375
2019-12-27 08:00:00,4,0.9634157705882113
2019-12-27 09:00:00,4,0.9235601066377555
2019-12-27 10:00:00,4,0.9988437751119592
2019-12-27 11:00:00,4,0.9173182172846199
2019-12-27 12:00:00,4,0.5570526929531971
2019-12-27 13:00:00,4,0.7495632509109404
2019-12-27 14:00:00,4,0.9764065599724707
2019-12-27 15:00:00,4,0.9901627169185514
2019-12-27 16:00:00,4,0.980068602697895
2019-12-28 08:00:00,4,0.9665218762289636
2019-12-28 09:00:00,4,0.9646833146400552
2019-12-28 10:00:00,4,0.900416422142026
2019-12-28 11:00:00,4,0.9845139128842556
2019-12-28 12:00:00,4,0.9874713717107402
2019-12-28 13:00:00,4,0.9987922856637511
2019-12-28 14:00:00,4,0.9997093344250035
2019-12-28 15:00:00,4,0.8831648689432691
2019-12-28 16:00:00,4,0.998888413597021
2019-12-29 08:00:00,4,0.9673540297980953
2019-12-29 09:00:00,4,0.9345282551257965
2019-12-29 10:00:00,4,0.9777557636123831
2019-12-29 11:00:00,4,0.9113340612724444
2019-12-29 12:00:00,4,0.9062374076190631
2019-12-29 13:00:00,4,0.30409208244305774
2019-12-29 14:00:00,4,0.995003688050098
2019-12-29 15:00:00,4,0.9988323719300896
2019-12-29 16:00:00,4,0.9989609153093235
2019-12-30 08:00:00,4,0.8622794122111084
2019-12-30 09:00:00,4,0.9410883386005422
2019-12-30 10:00:00,4,0.9988798180940912
2019-12-30 11:00:00,4,0.9858369729961417
2019-12-30 12:00:00,4,0.8952787097168571
2019-12-30 13:00:00,4,0.9957469869683232
2019-12-30 14:00:00,4,0.9968538192718956
2019-12-30 15:00:00,4,0.6940966806584261
2019-12-30 16:00:00,4,0.9998098147329622
2019-12-31 08:00:00,4,0.9967388496797802
2019-12-31 09:00:00,4,0.9783699952331286
2019-12-31 10:00:00,4,0.9881911864273873
2019-12-31 11:00:00,4,0.9522776506643382
2019-12-31 12:00:00,4,0.4857400726542841
2019-12-31 13:00:00,4,0.9738173596153956
2019-12-31 14:00:00,4,0.9503475526796945
2019-12-31 15:00:00,4,0.9995434991230986
2019-12-31 16:00:00,4,0.9909312325279268
2020-01-01 08:00:00,4,0.9992268142814431
2020-01-01 09:00:00,4,0.9955648830835517
2020-01-01 10:00:00,4,0.9990162242034606
2020-01-01 11:00:00,4,0.9887541313151634
2020-01-01 12:00:00,4,0.9980993769230821
2020-01-01 13:00:00,4,0.9997340581737993
2020-01-01 14:00:00,4,0.9972224271026597
2020-01-01 15:00:00,4,0.9974436663946458
2020-01-01 16:00:00,4,0.7530712395333916
2020-01-02 08:00:00,4,0.9960419044889354
2020-01-02 09:00:00,4,0.9618399027383738
2020-01-02 10:00:00,4,0.9798817346297763
2020-01-02 11:00:00,4,0.9008639680411828
2020-01-02 12:00:00,4,0.9995250105688978
2020-01-02 13:00:00,4,0.9931059177134033
2020-01-02 14:00:00,4,0.9985265527751683
2020-01-02 15:00:00,4,0.9955098908124691
2020-01-02 16:00:00,4,0.9898922761080939
2020-01-03 08:00:00,4,0.9987798080865237
2020-01-03 09:00:00,4,0.9995352991739656
2020-01-03 10:00:00,4,0.9998326098695236
2020-01-03 11:00:00,4,0.9822545165025875
2020-01-03 12:00:00,4,0.9981675513303709
2020-01-03 13:00:00,4,0.9431273489681654
2020-01-03 14:00:00,4,0.9951834319899775
2020-01-03 15:00:00,4,0.9994573010764712
2020-01-03 16:00:00,4,0.9805246909680801
2020-01-04 08:00:00,4,0.9990222360270535
2020-01-04 09:00:00,4,0.9106153529917675
2020-01-04 10:00:00,4,0.9912513308002348
2020-01-04 11:00:00,4,0.8608428002242289
2020-01-04 12:00:00,4,0.9377627074494731
2020-01-04 13:00:00,4,0.9794880553918012
2020-01-04 14:00:00,4,0.9876671006599718
2020-01-04 15:00:00,4,0.946603882544013
2020-01-04 16:00:00,4,0.9954191046584144
2020-01-05 08:00:00,4,0.9714081910637083
2020-01-05 09:00:00,4,0.9856621291217756
2020-01-05 10:00:00,4,0.9990157661710855
2020-01-05 11:00:00,4,0.961467607713765
2020-01-05 12:00:00,4,0.9652222146870669
2020-01-05 13:00:00,4,0.9978247838308708
2020-01-05 14:00:00,4,0.9657962099976488
2020-01-05 15:00:00,4,0.9843075424993247
2020-01-05 16:00:00,4,0.9798529959038649
2020-01-06 08:00:00,3,-0.3624765733609248
2020-01-06 09:00:00,4,0.97786080774078
2020-01-06 10:00:00,4,0.9969910367727549
2020-01-06 11:00:00,4,0.995733209870201
2020-01-06 12:00:00,4,0.9943099399701829
2020-01-06 13:00:00,4,0.9987740981110083
2020-01-06 14:00:00,4,0.8228813130667906
2020-01-06 15:00:00,4,0.9886053660980623
2020-01-06 16:00:00,4,0.9990767054661465
2020-01-07 08:00:00,3,0.9421790838175261
2020-01-07 09:00:00,4,0.9910668480939683
2020-01-07 10:00:00,4,0.926895458522359
2020-01-07 11:00:00,4,0.9918052334392702
2020-01-07 12:00:00,4,0.8762991905229973
2020-01-07 13:00:00,4,0.9979300797691589
2020-01-07 14:00:00,4,0.9779879265802615
2020-01-07 15:00:00,4,0.9470256788794167
2020-01-07 16:00:00,4,0.8617071951242529
2020-01-08 08:00:00,4,0.8716855006565056
2020-01-08 09:00:00,4,0.99975424129003
2020-01-08 10:00:00,4,0.9997242506350276
2020-01-08 11:00:00,4,0.9942633437666274
2020-01-08 12:00:00,4,0.9931617893683792
2020-01-08 13:00:00,4,0.996763263462794
2020-01-08 14:00:00,4,0.998653434751624
2020-01-08 15:00:00,4,0.9978489883031076
2020-01-08 16:00:00,3,0.999869983643393
2020-01-09 08:00:00,4,0.9980415851195049
2020-01-09 09:00:00,4,0.9985361869360292
2020-01-09 10:00:00,4,0.9966496124037286
2020-01-09 11:00:00,4,0.9897846845729823
2020-01-09 12:00:00,4,0.9996908260189131
2020-01-09 13:00:00,4,0.6329128925857799
2020-01-09 14:00:00,4,0.9862775321252051
2020-01-09 15:00:00,4,0.999078378812148
2020-01-09 16:00:00,4,0.9971733662241817
2020-01-10 08:00:00,4,0.9652202549917649
2020-01-10 09:00:00,4,0.9157455076579237
2020-01-10 10:00:00,4,0.9935101750090409
2020-01-10 11:00:00,4,0.9967569636922273
2020-01-10 12:00:00,4,0.9835770077842967
2020-01-10 13:00:00,4,0.794434534360548
2020-01-10 14:00:00,4,0.992332164346344
2020-01-10 15:00:00,4,0.9151885280065224
2020-01-10 16:00:00,4,0.9850724324541428
2020-01-10 17:00:00,3,1.0
2020-01-11 08:00:00,4,0.9966089647520128
2020-01-11 09:00:00,4,0.9908151488572464
2020-01-11 10:00:00,4,0.6761236156671303
2020-01-11 11:00:00,4,0.9957091286191686
2020-01-11 12:00:00,4,0.9970613365669134
2020-01-11 13:00:00,4,0.9957473309041489
2020-01-11 14:00:00,4,0.9995111826172661
2020-01-11 15:00:00,4,0.9722363103284571
2020-01-11 16:00:00,4,0.996223185685817
2020-01-12 08:00:00,4,0.9921008699400589
2020-01-12 09:00:00,4,0.9880148508814277
2020-01-12 10:00:00,4,0.8710623485724073
2020-01-12 11:00:00,4,0.9109894359238628
2020-01-12 12:00:00,4,0.8301605934225909
2020-01-12 13:00:00,4,0.6161263267264521
2020-01-12 14:00:00,4,0.9510657801528959
2020-01-12 15:00:00,4,0.9851814407819665
2020-01-12 16:00:00,4,0.993906792596732
2020-01-12 17:00:00,3,0.9999801457369819
2020-01-13 08:00:00,4,0.9964108293043461
2020-01-13 09:00:00,4,0.9960845269900624
2020-01-13 10:00:00,4,0.998286563515275
2020-01-13 11:00:00,4,0.9880451224983812
2020-01-13 12:00:00,4,0.9944703251425815
2020-01-13 13:00:00,4,0.8911661631763164
2020-01-13 14:00:00,4,0.9775391718102755
2020-01-13 15:00:00,4,0.38186580491481764
2020-01-13 16:00:00,4,0.980923778375826
2020-01-13 17:00:00,3,0.99989216795026
2020-01-14 08:00:00,4,0.9996392195038233
2020-01-14 09:00:00,4,0.9996031888054258
2020-01-14 10:00:00,4,0.997159089685887
2020-01-14 11:00:00,4,0.9531726214015107
2020-01-14 12:00:00,4,0.8491437678179464
2020-01-14 13:00:00,4,0.9483894890816663
2020-01-14 14:00:00,4,0.9902841786699863
2020-01-14 15:00:00,4,0.9498141057720617
2020-01-14 16:00:00,4,0.9971065493174162
2020-01-14 17:00:00,3,0.9996942363871045
2020-01-15 08:00:00,4,0.8976957529057266
2020-01-15 09:00:00,4,0.9995988146905248
2020-01-15 10:00:00,4,0.9708061146449141
2020-01-15 11:00:00,4,0.9868267629795276
2020-01-15 12:00:00,4,0.9998160214586268
2020-01-15 13:00:00,4,0.9965165345073703
2020-01-15 14:00:00,4,-0.41718985347369214
2020-01-15 15:00:00,4,0.9853995450699422
2020-01-15 16:00:00,4,0.9953517962031299
2020-01-16 08:00:00,4,0.9979877604951136
2020-01-16 09:00:00,4,0.9654972193364271
2020-01-16 10:00:00,4,0.9340431846141031
2020-01-16 11:00:00,4,0.9470843998272354
2020-01-16 12:00:00,4,0.8030211435371024
2020-01-16 13:00:00,4,0.9772451018014315
2020-01-16 14:00:00,4,0.9653205834348385
2020-01-16 15:00:00,4,0.5380309240863165
2020-01-16 16:00:00,4,0.9972020960741582
2020-01-17 08:00:00,4,0.9875559622013901
2020-01-17 09:00:00,4,0.9801863081221274
2020-01-17 10:00:00,4,0.9129763510814408
2020-01-17 11:00:00,4,0.9882678621515798
2020-01-17 12:00:00,4,0.7138810748050094
2020-01-17 13:00:00,4,0.9986303859211906
2020-01-17 14:00:00,4,0.989281640561854
2020-01-17 15:00:00,4,0.9966961432401716
2020-01-17 16:00:00,4,0.9800016065552384
2020-01-17 17:00:00,3,0.849314226171959
2020-01-18 08:00:00,4,0.9944742338844113
2020-01-18 09:00:00,4,0.9638490572993803
2020-01-18 10:00:00,4,0.9985576427204269
2020-01-18 11:00:00,4,0.9991552350080692
2020-01-18 12:00:00,4,0.9143527455216588
2020-01-18 13:00:00,4,0.7131305485939381
2020-01-18 14:00:00,4,0.9997076369479322
2020-01-18 15:00:00,4,0.9871957395726947
2020-01-18 16:00:00,4,0.9982891113684446
2020-01-19 08:00:00,4,0.9965730556308067
2020-01-19 09:00:00,4,0.9902654966839216
2020-01-19 10:00:00,4,0.8940653356005369
2020-01-19 11:00:00,4,0.8872491451577825
2020-01-19 12:00:00,4,0.9826805253969744
2020-01-19 13:00:00,4,0.9163939916380367
2020-01-19 14:00:00,4,0.9912476972776667
2020-01-19 15:00:00,4,0.9983426290221988
2020-01-19 16:00:00,4,0.9957630411032312
2020-01-19 17:00:00,3,0.9997916029962943
2020-01-20 08:00:00,4,0.998799784419586
2020-01-20 09:00:00,4,0.9989829056417778
2020-01-20 10:00:00,4,0.9974044765230855
2020-01-20 11:00:00,4,0.9990479808555676
2020-01-20 12:00:00,4,-0.12520267521840023
2020-01-20 13:00:00,4,0.9907194043010065
2020-01-20 14:00:00,4,0.9663185547787903
2020-01-20 15:00:00,4,0.9900543737247205
2020-01-20 16:00:00,4,0.9967969732479496
2020-01-20 17:00:00,3,0.9987127099637304
2020-01-21 08:00:00,4,0.9968862124888833
2020-01-21 09:00:00,4,0.9998002065405615
2020-01-21 10:00:00,4,0.9987313583569043
2020-01-21 11:00:00,4,0.9969622943056708
2020-01-21 12:00:00,4,0.9973631054331726
2020-01-21 13:00:00,4,0.916107938661582
2020-01-21 14:00:00,4,0.9990219528806128
2020-01-21 15:00:00,4,0.9930668806730995
2020-01-21 16:00:00,4,0.9989539567112549
2020-01-22 08:00:00,4,0.9688503087200049
2020-01-22 09:00:00,4,0.9991233251659024
2020-01-22 10:00:00,4,0.9947386852470156
2020-01-22 11:00:00,4,0.9941113098970089
2020-01-22 12:00:00,4,0.9906602817487381
2020-01-22 13:00:00,4,0.2665633796208187
2020-01-22 14:00:00,4,0.9750694616992188
2020-01-22 15:00:00,4,0.9747530431073269
2020-01-22 16:00:00,4,0.9882286406893191
2020-01-23 08:00:00,4,0.9967281703713977
2020-01-23 09:00:00,4,0.9986069633610778
2020-01-23 10:00:00,4,0.9969569500450722
2020-01-23 11:00:00,4,0.9958035429789737
2020-01-23 12:00:00,4,0.9964771102719064
2020-01-23 13:00:00,4,0.9889694713555004
2020-01-23 14:00:00,4,0.9907086209047347
2020-01-23 15:00:00,4,0.9415086148536098
2020-01-23 16:00:00,4,0.9882141348106626
2020-01-23 17:00:00,3,0.9347195428044841
2020-01-24 08:00:00,4,0.989128109351419
2020-01-24 09:00:00,4,0.9997713158335259
2020-01-24 10:00:00,4,0.9922845008952013
2020-01-24 11:00:00,4,0.9806362455699295
2020-01-24 12:00:00,4,0.9884805155736974
2020-01-24 13:00:00,4,0.9781414278377344
2020-01-24 14:00:00,4,0.995810103522933
2020-01-24 15:00:00,4,0.9645135206710137
2020-01-24 16:00:00,4,0.9953125112476754
2020-01-25 08:00:00,4,0.9976183811506979
2020-01-25 09:00:00,4,0.9973696975505415
2020-01-25 10:00:00,4,0.9597212761166294
2020-01-25 11:00:00,4,0.9367619715769668
2020-01-25 12:00:00,4,0.9993948723936757
2020-01-25 13:00:00,4,0.9926941194907768
2020-01-25 14:00:00,4,0.9955863667609561
2020-01-25 15:00:00,4,0.9902867484575888
2020-01-25 16:00:00,4,0.9906487122314007
2020-01-25 17:00:00,3,0.9933992677987827
2020-01-26 08:00:00,4,0.9929435989178336
2020-01-26 09:00:00,4,0.9962181930862982
2020-01-26 10:00:00,4,0.9795534693956524
2020-01-26 11:00:00,4,0.9969978180090658
2020-01-26 12:00:00,4,-0.3657271666751507
2020-01-26 13:00:00,4,0.9625943313948
2020-01-26 14:00:00,4,0.9473609590320109
2020-01-26 15:00:00,4,0.9879712232570201
2020-01-26 16:00:00,4,0.9881826998579113
2020-01-26 17:00:00,3,0.9960636433935058
2020-01-27 08:00:00,4,0.9968661456602196
2020-01-27 09:00:00,4,-0.739400178584981
2020-01-27 10:00:00,4,0.9299787997138816
2020-01-27 11:00:00,4,0.997911583742889
2020-01-27 12:00:00,4,0.6652090050112535
2020-01-27 13:00:00,4,0.884642741446958
2020-01-27 14:00:00,4,0.6304314109124881
2020-01-27 15:00:00,4,0.9842776072430924
2020-01-27 16:00:00,4,0.9884492707887959
2020-01-27 17:00:00,3,0.998625428903524
2020-01-28 08:00:00,4,0.9987908537943206
2020-01-28 09:00:00,4,0.9998984672022081
2020-01-28 10:00:00,4,0.9901856580718601
2020-01-28 11:00:00,4,0.4281160044300883
2020-01-28 12:00:00,4,0.9927173634900278
2020-01-28 13:00:00,4,0.9623805279965469
2020-01-28 14:00:00,4,0.9357716058501635
2020-01-28 15:00:00,4,0.7329109210557686
2020-01-28 16:00:00,4,0.8761149708524201
2020-01-28 17:00:00,4,0.9992378594824217
2020-01-29 08:00:00,4,0.9973486618765113
2020-01-29 09:00:00,4,0.9883134745307344
2020-01-29 10:00:00,4,0.9998716575252734
2020-01-29 11:00:00,4,0.9892084195554905
2020-01-29 12:00:00,4,-0.4851468655395329
2020-01-29 13:00:00,4,0.6117252567406343
2020-01-29 14:00:00,4,0.9573226708800853
2020-01-29 15:00:00,4,0.9481562440313601
2020-01-29 16:00:00,4,0.9968987355617507
2020-01-29 17:00:00,3,0.9941282660122989
2020-01-30 08:00:00,4,0.9921064671078946
2020-01-30 09:00:00,4,0.991148212005999
2020-01-30 10:00:00,4,0.9994520732021297
2020-01-30 11:00:00,4,0.9991030965142759
2020-01-30 12:00:00,4,0.9825749544446788
2020-01-30 13:00:00,4,0.8482568114838838
2020-01-30 14:00:00,4,0.8721982522761057
2020-01-30 15:00:00,4,0.9963111128179274
2020-01-30 16:00:00,4,0.9982336888397052
2020-01-30 17:00:00,4,0.9965120545529146
2020-01-31 08:00:00,4,0.9781948000012447
2020-01-31 09:00:00,4,0.9892951571193142
2020-01-31 10:00:00,4,0.9976928851701806
2020-01-31 11:00:00,4,0.9926578071421985
2020-01-31 12:00:00,4,0.9460315193674488
2020-01-31 13:00:00,4,0.9383020709518352
2020-01-31 14:00:00,4,0.9564646571860912
2020-01-31 15:00:00,4,0.99754185728459
2020-01-31 16:00:00,4,0.9944328833047867
2020-01-31 17:00:00,4,0.9989313758034722
2020-02-01 08:00:00,4,0.99219675252414
2020-02-01 09:00:00,4,0.9557811049370328
2020-02-01 10:00:00,4,0.5816365841623129
2020-02-01 11:00:00,4,0.8275478505806932
2020-02-01 12:00:00,4,0.9423703783227471
2020-02-01 13:00:00,4,0.995270943212611
2020-02-01 14:00:00,4,0.9954572183550042
2020-02-01 15:00:00,4,0.9595755814149888
2020-02-01 16:00:00,4,0.9864575323511446
2020-02-01 17:00:00,3,0.9999891022625514
2020-02-02 08:00:00,4,0.9985532050016723
2020-02-02 09:00:00,4,0.975964470781866
2020-02-02 10:00:00,4,0.985324861617962
2020-02-02 11:00:00,4,0.9986961149025763
2020-02-02 12:00:00,4,0.9833479158338115
2020-02-02 13:00:00,4,0.9874228278066662
2020-02-02 14:00:00,4,0.9846493435053233
2020-02-02 15:00:00,4,0.999081114288523
2020-02-02 16:00:00,4,0.921371510451002
2020-02-02 17:00:00,4,0.923095078326997
2020-02-03 08:00:00,4,0.9975855175881608
2020-02-03 09:00:00,4,0.9989962300428308
2020-02-03 10:00:00,4,0.9947500024941321
2020-02-03 11:00:00,4,0.938670380680765
2020-02-03 12:00:00,4,0.9015744011220421
2020-02-03 13:00:00,4,0.13465780916725137
2020-02-03 14:00:00,4,0.993133393883716
2020-02-03 15:00:00,4,0.9985831800487519
2020-02-03 16:00:00,4,0.9825870065823609
2020-02-03 17:00:00,4,0.9978933460443963
2020-02-04 07:00:00,3,0.9485393749064934
2020-02-04 08:00:00,4,0.9984277671076539
2020-02-04 09:00:00,4,0.9992867428293104
2020-02-04 10:00:00,4,0.9992049522879155
2020-02-04 11:00:00,4,0.9546062933756758
2020-02-04 12:00:00,4,0.7418879021589315
2020-02-04 13:00:00,4,0.846224867342649
2020-02-04 14:00:00,4,0.9349921605397916
2020-02-04 15:00:00,4,0.9121347437546506
2020-02-04 16:00:00,4,0.998175056404843
2020-02-04 17:00:00,4,0.9834699654391216
2020-02-05 07:00:00,3,0.9371639871787074
2020-02-05 08:00:00,4,0.99991476259209
2020-02-05 09:00:00,4,0.9997667326990727
2020-02-05 10:00:00,4,0.9991312842657527
2020-02-05 11:00:00,4,0.9993822134158719
2020-02-05 12:00:00,4,0.9671678897986687
2020-02-05 13:00:00,4,0.953732751184521
2020-02-05 14:00:00,4,0.9968798672711616
2020-02-05 15:00:00,4,0.9983276991012009
2020-02-05 16:00:00,4,0.9992072844646754
2020-02-05 17:00:00,4,0.9992063902599582
2020-02-06 08:00:00,4,0.9990198558768202
2020-02-06 09:00:00,4,0.991881171429477
2020-02-06 10:00:00,4,0.999146327074667
2020-02-06 11:00:00,4,0.9988151805152634
2020-02-06 12:00:00,4,0.9663049258650086
2020-02-06 13:00:00,4,0.9994061058598884
2020-02-06 14:00:00,4,0.9996637093702998
2020-02-06 15:00:00,4,0.998674429679355
2020-02-06 16:00:00,4,0.9956833203733345
2020-02-06 17:00:00,3,0.9980817126587334
2020-02-07 07:00:00,3,0.9023948416377471
2020-02-07 08:00:00,4,0.9750165452630211
2020-02-07 09:00:00,4,0.9963603831515082
2020-02-07 10:00:00,4,0.999219157239386
2020-02-07 11:00:00,4,0.30360687111389445
2020-02-07 12:00:00,4,0.9949007255258926
2020-02-07 13:00:00,4,0.9841357571124439
2020-02-07 14:00:00,4,0.9949700579333087
2020-02-07 15:00:00,4,0.9193142924639244
2020-02-07 16:00:00,4,0.9990815178170397
2020-02-07 17:00:00,3,0.9305615786920911
2020-02-08 07:00:00,3,0.9567348145945694
2020-02-08 08:00:00,4,0.9981833949333219
2020-02-08 09:00:00,4,0.9838230971671308
2020-02-08 10:00:00,4,0.9033467030488173
2020-02-08 11:00:00,4,0.2914725606502365
2020-02-08 12:00:00,4,0.9121426227701277
2020-02-08 13:00:00,4,0.9857087268866691
2020-02-08 14:00:00,4,0.9972900539861194
2020-02-08 15:00:00,4,0.9858706390617894
2020-02-08 16:00:00,4,0.6234511925281409
2020-02-08 17:00:00,4,0.9507348095984413
2020-02-09 07:00:00,3,0.9996677435076662
2020-02-09 08:00:00,4,0.9828430872544082
2020-02-09 09:00:00,4,0.997627002745076
2020-02-09 10:00:00,4,0.9989205213722934
2020-02-09 11:00:00,4,0.999275339158132
2020-02-09 12:00:00,4,0.8455556687670881
2020-02-09 13:00:00,4,0.9633070373593354
2020-02-09 14:00:00,4,0.9626474511778947
2020-02-09 15:00:00,4,0.9993756141613009
2020-02-09 16:00:00,4,0.9998205172996795
2020-02-09 17:00:00,4,0.9655507175825406
2020-02-10 08:00:00,4,0.9995858003310726
2020-02-10 09:00:00,4,0.9987036475131573
2020-02-10 10:00:00,4,0.9988493063225867
2020-02-10 11:00:00,4,0.439594506626667
2020-02-10 12:00:00,4,0.9996351005541426
2020-02-10 13:00:00,4,0.999584607145846
2020-02-10 14:00:00,4,0.9734606670156895
2020-02-10 15:00:00,4,0.9978800834962226
2020-02-10 16:00:00,4,0.9983320057685561
2020-02-10 17:00:00,4,0.9622677066200244
2020-02-11 07:00:00,3,0.7465772229192379
2020-02-11 08:00:00,4,0.9911504097882182
2020-02-11 09:00:00,4,0.6153410015132568
2020-02-11 10:00:00,4,0.9830922990672828
2020-02-11 11:00:00,4,0.9979785377243992
2020-02-11 12:00:00,4,0.9676712648935243
2020-02-11 13:00:00,4,0.9460546256181492
2020-02-11 14:00:00,4,0.9729872079985045
2020-02-11 15:00:00,4,0.9691356565127002
2020-02-11 16:00:00,4,0.9928514101828381
2020-02-11 17:00:00,4,0.9728073481276825
2020-02-12 07:00:00,3,0.9706430518456095
2020-02-12 08:00:00,4,0.9987155341386649
2020-02-12 09:00:00,4,0.9486095345873561
2020-02-12 10:00:00,4,0.8467731619495358
2020-02-12 11:00:00,4,0.6485817039899272
2020-02-12 12:00:00,4,0.9948457597634347
2020-02-12 13:00:00,4,-0.11667918019078632
2020-02-12 14:00:00,4,0.9545043796052204
2020-02-12 15:00:00,4,0.9844752846058591
2020-02-12 16:00:00,4,0.9999571315244852
2020-02-12 17:00:00,4,0.9899140129629389
2020-02-13 07:00:00,3,0.9933992677987823
2020-02-13 08:00:00,4,0.9963748247457479
2020-02-13 09:00:00,4,0.9997437332745492
2020-02-13 10:00:00,4,0.7070711251872284
2020-02-13 11:00:00,4,0.9603630750873784
2020-02-13 12:00:00,4,0.9143218216065349
2020-02-13 13:00:00,4,0.9730733540895061
2020-02-13 14:00:00,4,0.983743184144914
2020-02-13 15:00:00,4,0.9057149379207813
2020-02-13 16:00:00,4,0.9506898229358937
2020-02-13 17:00:00,4,0.9290294717551097
2020-02-14 09:00:00,4,0.6760186901260349
2020-02-14 10:00:00,4,0.8360945748811034
2020-02-14 11:00:00,4,0.9415041681621237
2020-02-14 12:00:00,4,-0.32935504050718856
2020-02-14 13:00:00,4,0.9821803354963411
2020-02-14 14:00:00,4,0.9982740310923628
2020-02-14 15:00:00,4,0.9884742925089002
2020-02-14 16:00:00,4,0.9960585450038724
2020-02-14 17:00:00,4,0.9966439055502962
2020-02-15 08:00:00,4,0.98507147354464
2020-02-15 09:00:00,4,0.9955860381626378
2020-02-15 10:00:00,4,0.9998883820501411
2020-02-15 11:00:00,4,0.9064533442316179
2020-02-15 12:00:00,4,0.8691234971530201
2020-02-15 13:00:00,4,-0.8930093572777512
2020-02-15 14:00:00,4,0.883302962828501
2020-02-15 15:00:00,4,-0.9945054529214061
2020-02-15 16:00:00,4,-0.8832669137532309
2020-02-15 17:00:00,4,0.9874629669790143
2020-02-16 07:00:00,3,0.9998904409747466
2020-02-16 08:00:00,4,0.9450171022712744
2020-02-16 09:00:00,4,0.9759984727795432
2020-02-16 10:00:00,4,0.8397918632475408
2020-02-16 11:00:00,4,0.9478472626367995
2020-02-16 12:00:00,4,0.9481600956155667
2020-02-16 13:00:00,4,0.8994993309867364
2020-02-16 14:00:00,4,0.9913350048270873
2020-02-16 15:00:00,4,0.9995795915921263
2020-02-16 16:00:00,4,0.9994848930940641
2020-02-16 17:00:00,4,0.985435202614447
2020-02-17 07:00:00,3,0.9514270766306506
2020-02-17 08:00:00,4,0.9901491331873646
2020-02-17 09:00:00,4,0.9764578308332711
2020-02-17 10:00:00,4,0.9981992296093211
2020-02-17 11:00:00,4,-0.5047870985190658
2020-02-17 12:00:00,4,0.8795932074124
2020-02-17 13:00:00,4,0.7560982158730383
2020-02-17 14:00:00,4,0.9507381492066671
2020-02-17 15:00:00,4,0.9142152874843069
2020-02-17 16:00:00,4,0.999540256416
2020-02-17 17:00:00,4,0.9996321563283203
2020-02-18 07:00:00,3,0.988044963332101
2020-02-18 08:00:00,4,0.9856653619675051
2020-02-18 09:00:00,4,0.996897650646777
2020-02-18 10:00:00,4,0.5441987586291127
2020-02-18 11:00:00,4,0.9483354954103405
2020-02-18 12:00:00,4,0.7366351076087057
2020-02-18 13:00:00,4,0.636491593261873
2020-02-18 14:00:00,4,0.998356015475843
2020-02-18 15:00:00,4,0.9986446391484375
2020-02-18 16:00:00,4,0.8759203781194876
2020-02-18 17:00:00,4,0.9832546218694533
2020-02-19 07:00:00,3,0.9386522045811485
2020-02-19 08:00:00,4,0.9999043323830524
2020-02-19 09:00:00,4,0.9769116902203318
2020-02-19 10:00:00,4,0.9982457578504738
2020-02-19 11:00:00,4,0.9959533712947773
2020-02-19 12:00:00,4,0.9958145730187116
2020-02-19 13:00:00,4,0.9834514845165895
2020-02-19 14:00:00,4,0.999261770018314
2020-02-19 15:00:00,4,0.9956779584674079
2020-02-19 16:00:00,4,0.9821910461292883
2020-02-19 17:00:00,4,0.9979567486681397
2020-02-20 07:00:00,4,0.9615691642135215
2020-02-20 08:00:00,4,0.9998350361609246
2020-02-20 09:00:00,4,0.9945914915175408
2020-02-20 10:00:00,4,0.9998785245539985
2020-02-20 11:00:00,4,0.9949075125762976
2020-02-20 12:00:00,4,0.33707904160440777
2020-02-20 13:00:00,4,0.9803290104886028
2020-02-20 14:00:00,4,0.9933858742703262
2020-02-20 15:00:00,4,0.999946082800891
2020-02-20 16:00:00,4,0.9984722912718288
2020-02-20 17:00:00,4,0.9994099338429192
2020-02-21 08:00:00,4,0.9997843662003352
2020-02-21 09:00:00,4,0.9797674283808012
2020-02-21 10:00:00,4,0.9877077013288693
2020-02-21 11:00:00,4,0.9994259939691771
2020-02-21 12:00:00,4,0.9880014587573832
2020-02-21 13:00:00,4,0.9410955569182944
2020-02-21 14:00:00,4,0.9967140927534567
2020-02-21 15:00:00,4,0.9980429908559748
2020-02-21 16:00:00,4,0.9998951549704174
2020-02-21 17:00:00,4,0.9867643792931835
2020-02-22 07:00:00,4,0.9750714753457392
2020-02-22 08:00:00,4,0.9998207864019574
2020-02-22 09:00:00,4,0.9994320419149666
2020-02-22 10:00:00,4,0.9983673541367021
2020-02-22 11:00:00,4,0.9819257283542794
2020-02-22 12:00:00,4,0.9831285119727995
2020-02-22 13:00:00,4,0.9938271025731863
2020-02-22 14:00:00,4,0.9980039633339711
2020-02-22 15:00:00,4,0.9847333835804409
2020-02-22 16:00:00,4,0.9997169035773631
2020-02-22 17:00:00,4,0.9997743847363252
2020-02-23 07:00:00,3,0.9449111825230703
2020-02-23 08:00:00,4,0.9992916053747909
2020-02-23 09:00:00,4,0.9968616293708931
2020-02-23 10:00:00,4,0.9910713846116878
2020-02-23 11:00:00,4,0.9991869574502429
2020-02-23 12:00:00,4,0.9924854559798154
2020-02-23 13:00:00,4,0.8907201076903545
2020-02-23 14:00:00,4,0.9867630301147334
2020-02-23 15:00:00,4,0.91754005826477
2020-02-23 16:00:00,4,0.9580761754053765
2020-02-23 17:00:00,4,0.997851297727172
2020-02-24 07:00:00,4,0.9782657324924651
2020-02-24 08:00:00,4,0.9992162347231873
2020-02-24 09:00:00,4,0.9856518845970725
2020-02-24 10:00:00,4,0.9873797917141215
2020-02-24 11:00:00,4,0.944847379783109
2020-02-24 12:00:00,4,0.9515346945886256
2020-02-24 13:00:00,4,0.9972990737660468
2020-02-24 14:00:00,4,0.9959053232442464
2020-02-24 15:00:00,4,0.9914475115600544
2020-02-24 16:00:00,4,0.9632766857604866
2020-02-24 17:00:00,4,0.9998562773491815
2020-02-25 07:00:00,4,0.9903092097875835
2020-02-25 08:00:00,4,0.6034500286758864
2020-02-25 09:00:00,4,0.9869541749613578
2020-02-25 10:00:00,4,0.9989316287522743
2020-02-25 11:00:00,4,0.9806528005273929
2020-02-25 12:00:00,4,0.9295972813827916
2020-02-25 13:00:00,4,0.9970999278041945
2020-02-25 14:00:00,4,0.9962950005707126
2020-02-25 15:00:00,4,0.9991035371251611
2020-02-25 16:00:00,4,0.9994508488749019
2020-02-25 17:00:00,4,0.9960048461512532
2020-02-26 07:00:00,3,-0.9449111825230679
2020-02-26 08:00:00,4,0.9945062677966469
2020-02-26 09:00:00,4,0.99330819729527
2020-02-26 10:00:00,4,0.9998990539776522
2020-02-26 11:00:00,4,0.9368151525480254
2020-02-26 12:00:00,4,0.9940596993141986
2020-02-26 13:00:00,4,0.9848916933182038
2020-02-26 14:00:00,4,0.9434633034551395
2020-02-26 15:00:00,4,0.9907148085608859
2020-02-26 16:00:00,4,0.9802801883899502
2020-02-26 17:00:00,4,0.9997545108591953
2020-02-27 07:00:00,3,0.822971319558271
2020-02-27 08:00:00,4,0.997632726707846
2020-02-27 09:00:00,4,0.9998045757160225
2020-02-27 10:00:00,4,0.9896766310859637
2020-02-27 11:00:00,4,0.9997828492615777
2020-02-27 12:00:00,4,0.9854505574975493
2020-02-27 13:00:00,4,0.8552205053665175
2020-02-27 14:00:00,4,0.9968638541533921
2020-02-27 15:00:00,4,0.9920176728615901
2020-02-27 16:00:00,4,0.9999718950261609
2020-02-28 08:00:00,4,0.9746831180117645
2020-02-28 09:00:00,4,0.9982444251490937
2020-02-28 10:00:00,4,0.903609845317303
2020-02-28 11:00:00,4,0.9903037907328116
2020-02-28 12:00:00,4,0.9686466195942931
2020-02-28 13:00:00,4,0.9583324831657982
2020-02-28 14:00:00,4,0.9964468781219595
2020-02-28 15:00:00,4,0.9914219029589705
2020-02-28 16:00:00,4,0.9957688511490986
2020-02-28 17:00:00,4,0.09767637062942013
2020-02-29 07:00:00,4,0.7787695665920771
2020-02-29 08:00:00,4,0.9768935027492133
2020-02-29 09:00:00,4,0.8076610228683824
2020-02-29 10:00:00,4,0.9799736548087887
2020-02-29 11:00:00,4,0.9995485200869492
2020-02-29 12:00:00,4,0.7912148176826329
2020-02-29 13:00:00,4,0.9739795489548196
2020-02-29 14:00:00,4,0.804489532028476
2020-02-29 15:00:00,4,0.9834432143848397
2020-02-29 16:00:00,4,0.9236690360922518
2020-02-29 17:00:00,4,0.9897065565425294
2020-03-01 07:00:00,4,0.9911091225823575
2020-03-01 08:00:00,4,0.9806544825557603
2020-03-01 09:00:00,4,0.9894452389444587
2020-03-01 10:00:00,4,0.9299469504646145
2020-03-01 11:00:00,4,0.8784011698943955
2020-03-01 12:00:00,4,0.9611419195289171
2020-03-01 13:00:00,4,0.7326905192522283
2020-03-01 14:00:00,4,0.7864243382136066
2020-03-01 15:00:00,4,0.5505815607987496
2020-03-01 16:00:00,4,0.8953017138840328
2020-03-01 17:00:00,4,0.9983178228604809
2020-03-02 07:00:00,4,0.9997856570966008
2020-03-02 08:00:00,4,0.9997559043762069
2020-03-02 09:00:00,4,0.9592873131431937
2020-03-02 10:00:00,4,0.9880268833473014
2020-03-02 11:00:00,4,0.9965935618811279
2020-03-02 12:00:00,4,0.9993740495675492
2020-03-02 13:00:00,4,0.9999218819296817
2020-03-02 14:00:00,4,0.9923870301274857
2020-03-02 15:00:00,4,0.9955555855047751
2020-03-02 16:00:00,4,0.9682530385781926
2020-03-02 17:00:00,4,0.9993181207358346
2020-03-03 07:00:00,4,0.9981941993033914
2020-03-03 08:00:00,4,0.9967223322201769
2020-03-03 09:00:00,4,0.9958329846366955
2020-03-03 10:00:00,4,0.9992687119871209
2020-03-03 11:00:00,4,0.9930853955897339
2020-03-03 12:00:00,4,0.9945436920688228
2020-03-03 13:00:00,4,0.9998610883615364
2020-03-03 14:00:00,4,0.9778678642747022
2020-03-03 15:00:00,4,0.9841781197902805
2020-03-03 16:00:00,4,0.9996985668315804
2020-03-03 17:00:00,4,0.993182334518994
2020-03-04 07:00:00,4,0.9992433546894242
2020-03-04 08:00:00,4,0.9830146567629774
2020-03-04 09:00:00,4,0.9966461167128736
2020-03-04 10:00:00,4,0.9887648333675911
2020-03-04 11:00:00,4,0.9720073811814364
2020-03-04 12:00:00,4,0.9439747762459804
2020-03-04 13:00:00,4,0.9959693180925459
2020-03-04 14:00:00,4,0.9970319006992406
2020-03-04 15:00:00,4,0.9945196849856693
2020-03-04 16:00:00,4,0.9995942430644176
2020-03-04 17:00:00,4,0.9928571560504835
2020-03-05 07:00:00,4,0.9975240975271045
2020-03-05 08:00:00,4,0.9966726604972338
2020-03-05 09:00:00,4,0.7923474455503288
2020-03-05 10:00:00,4,0.9943008724460922
2020-03-05 11:00:00,4,0.8222965287919194
2020-03-05 12:00:00,4,0.540645696639936
2020-03-05 13:00:00,4,0.7752039229551112
2020-03-05 14:00:00,4,0.9973233771497686
2020-03-05 15:00:00,4,0.9807758139779409
2020-03-05 16:00:00,4,0.9930146365078428
2020-03-05 17:00:00,4,0.8859209357714039
2020-03-06 07:00:00,4,0.9997375825678981
2020-03-06 08:00:00,4,0.9695938802424211
2020-03-06 09:00:00,4,0.9959392286578099
2020-03-06 10:00:00,4,0.7556101561702551
2020-03-06 11:00:00,4,0.9925779962013227
2020-03-06 12:00:00,4,0.9982189561305544
2020-03-06 13:00:00,4,0.9952416119684361
2020-03-06 14:00:00,4,0.998518331548371
2020-03-06 15:00:00,4,0.9963376282434236
2020-03-06 16:00:00,4,0.9987010776192168
2020-03-06 17:00:00,4,0.9992257850101508
2020-03-07 07:00:00,4,0.9959356069955181
2020-03-07 08:00:00,4,0.9998954606453426
2020-03-07 09:00:00,4,0.9643189532212941
2020-03-07 10:00:00,4,0.9048673203887899
2020-03-07 11:00:00,4,0.9875086735758949
2020-03-07 12:00:00,4,0.7144933336663507
2020-03-07 13:00:00,4,0.9980599382288307
2020-03-07 14:00:00,4,0.999015185542383
2020-03-07 15:00:00,4,0.9997962070573675
2020-03-07 16:00:00,4,0.9988762224791311
2020-03-07 17:00:00,4,0.9998774780463979
2020-03-08 07:00:00,3,0.9999616578518711
2020-03-08 08:00:00,4,0.980135957096748
2020-03-08 09:00:00,4,0.9307436516542805
2020-03-08 10:00:00,4,0.9788784286717824
2020-03-08 11:00:00,4,0.9981711753741783
2020-03-08 12:00:00,4,0.9185792477891607
2020-03-08 13:00:00,4,0.9965693443847163
2020-03-08 14:00:00,4,0.985343055051995
2020-03-08 15:00:00,4,0.9182337716975012
2020-03-08 16:00:00,4,0.9945045977917047
2020-03-09 07:00:00,4,0.9978997963970934
2020-03-09 08:00:00,4,0.9150120013670834
2020-03-09 09:00:00,4,0.9900854461035433
2020-03-09 10:00:00,4,0.7455010318506494
2020-03-09 11:00:00,4,0.7203723437637859
2020-03-09 12:00:00,4,0.9139428890638637
2020-03-09 13:00:00,4,0.9650838277300303
2020-03-09 14:00:00,4,0.8949338266449892
2020-03-09 15:00:00,4,0.9854764217491517
2020-03-09 16:00:00,4,0.9995309230233349
2020-03-10 07:00:00,4,0.9991525296797893
2020-03-10 08:00:00,4,0.9996366911851892
2020-03-10 09:00:00,4,0.7042717714939312
2020-03-10 10:00:00,4,0.9992385890806784
2020-03-10 11:00:00,4,0.9974026592634099
2020-03-10 12:00:00,4,0.8086680682067684
2020-03-10 13:00:00,4,-0.5523823092205323
2020-03-10 14:00:00,4,0.4214694352917473
2020-03-10 15:00:00,4,0.9884163625861401
2020-03-10 16:00:00,4,0.9989011991141845
2020-03-10 17:00:00,4,0.9986684322991624
2020-03-11 07:00:00,4,0.999332105758085
2020-03-11 08:00:00,4,0.9918201458096519
2020-03-11 09:00:00,4,0.9984533098216308
2020-03-11 10:00:00,4,0.9993384246406742
2020-03-11 11:00:00,4,0.9995897661497866
2020-03-11 12:00:00,4,0.8547425862557637
2020-03-11 13:00:00,4,0.9930628448296094
2020-03-11 14:00:00,4,0.9997984833760808
2020-03-11 15:00:00,4,0.9993448752866255
2020-03-11 16:00:00,4,0.9981888108029232
2020-03-11 17:00:00,4,0.997787038914401
2020-03-12 07:00:00,4,0.9987064140961472
2020-03-12 08:00:00,4,0.9608923995117626
2020-03-12 09:00:00,4,0.9975393292957389
2020-03-12 10:00:00,4,0.9999084822100122
2020-03-12 11:00:00,4,0.9993856346183759
2020-03-12 12:00:00,4,0.921910199756134
2020-03-12 13:00:00,4,0.9958214273018727
2020-03-12 14:00:00,4,0.9961382068386998
2020-03-12 15:00:00,4,0.9681267768126312
2020-03-12 16:00:00,4,0.6406641619233455
2020-03-12 17:00:00,4,0.999198493948664
2020-03-13 07:00:00,4,0.9999237939317116
2020-03-13 08:00:00,4,0.9999992163280407
2020-03-13 09:00:00,4,0.9843372457660149
2020-03-13 10:00:00,4,0.987937746253618
2020-03-13 11:00:00,4,0.995830596324077
2020-03-13 12:00:00,4,0.7587743837352173
2020-03-13 13:00:00,4,0.892596010432636
2020-03-13 14:00:00,4,0.9726635630764604
2020-03-13 15:00:00,4,0.9994251670191164
2020-03-13 16:00:00,4,0.9691570804313615
2020-03-13 17:00:00,4,0.9995343863726073
2020-03-14 07:00:00,4,0.9994935573373555
2020-03-14 08:00:00,4,0.9996313853395522
2020-03-14 09:00:00,4,0.9999582165408305
2020-03-14 10:00:00,4,0.9991273455869798
2020-03-14 11:00:00,4,0.9992860005487283
2020-03-14 12:00:00,4,0.9884598164050206
2020-03-14 13:00:00,4,0.9086996480321557
2020-03-14 14:00:00,4,0.7578660767771443
2020-03-14 15:00:00,4,0.9381974547298465
2020-03-14 16:00:00,4,0.9835022340348809
2020-03-14 17:00:00,4,0.9983972951934779
2020-03-15 07:00:00,4,0.9998859997696102
2020-03-15 08:00:00,4,0.9995120640360183
2020-03-15 09:00:00,4,0.9998802315971754
2020-03-15 10:00:00,4,0.9976790270853072
2020-03-15 11:00:00,4,0.9645573863130514
2020-03-15 12:00:00,4,-0.2942150796382312
2020-03-15 13:00:00,4,0.9663324490905083
2020-03-15 14:00:00,4,0.9720334736753883
2020-03-15 15:00:00,4,0.9988706228240035
2020-03-15 16:00:00,4,0.9966616353773334
2020-03-15 17:00:00,4,0.9999772637245382
2020-03-16 07:00:00,4,0.9998256807275409
2020-03-16 08:00:00,4,0.9994133571900772
2020-03-16 09:00:00,4,0.9924789596421917
2020-03-16 10:00:00,4,0.9916450253408885
2020-03-16 11:00:00,4,0.9994487010781393
2020-03-16 12:00:00,4,0.9884183771820497
2020-03-16 13:00:00,4,0.9927448427635998
2020-03-16 14:00:00,4,0.9984675651205138
2020-03-16 15:00:00,4,0.9962171866231523
2020-03-16 16:00:00,4,0.999763691744201
2020-03-16 17:00:00,4,0.9987479502013568
2020-03-17 07:00:00,4,0.9997636493633133
2020-03-17 08:00:00,4,0.9995474433440615
2020-03-17 09:00:00,4,0.8562184966428872
2020-03-17 10:00:00,4,0.7490796265504515
2020-03-17 11:00:00,4,-0.8008846508088951
2020-03-17 12:00:00,4,0.9518453492397542
2020-03-17 13:00:00,4,0.7566933199589857
2020-03-17 14:00:00,4,0.9781588619790549
2020-03-17 15:00:00,4,0.9753179319172555
2020-03-17 16:00:00,4,0.9994638972819805
2020-03-17 17:00:00,4,0.9994978543123927
2020-03-18 07:00:00,4,0.9992426810267327
2020-03-18 08:00:00,4,0.9997739276851336
2020-03-18 09:00:00,4,0.9935557876014595
2020-03-18 10:00:00,4,0.9939640679928963
2020-03-18 11:00:00,4,0.9891397431340861
2020-03-18 12:00:00,4,-0.7888402113038352
2020-03-18 13:00:00,4,0.9478628705859821
2020-03-18 14:00:00,4,0.8721013433652642
2020-03-18 15:00:00,4,0.9955642778963595
2020-03-18 16:00:00,4,0.9999994602036324
2020-03-18 17:00:00,4,0.9998975305973106
2020-03-19 07:00:00,4,0.999612975213193
2020-03-19 08:00:00,4,0.9994559343219481
2020-03-19 09:00:00,4,0.9985835954619573
2020-03-19 10:00:00,4,0.9289622670288602
2020-03-19 11:00:00,4,0.8963577532661285
2020-03-19 12:00:00,4,0.9999478996538994
2020-03-19 13:00:00,4,0.8371900767247048
2020-03-19 14:00:00,4,0.9486422566076396
2020-03-19 15:00:00,4,0.998834794763194
2020-03-19 16:00:00,4,0.9995350131377128
2020-03-19 17:00:00,4,0.9998578362091985
2020-03-20 07:00:00,4,0.9999846254452567
2020-03-20 08:00:00,4,0.9999986060749937
2020-03-20 09:00:00,4,0.9999853089156321
2020-03-20 10:00:00,4,0.9987210387763302
2020-03-20 11:00:00,4,0.9814696635519696
2020-03-20 12:00:00,4,0.5404422941661567
2020-03-20 13:00:00,4,0.9932148121270757
2020-03-20 14:00:00,4,0.9969667855430063
2020-03-20 15:00:00,4,0.9983036141470321
2020-03-20 16:00:00,4,0.9957992464325494
2020-03-20 17:00:00,4,0.9998470137348295
2020-03-21 07:00:00,4,0.993346446232971
2020-03-21 08:00:00,4,0.8170072471211847
2020-03-21 09:00:00,4,0.21088788204542186
2020-03-21 10:00:00,4,0.9864971898859849
2020-03-21 11:00:00,4,0.8582820584577715
2020-03-21 12:00:00,4,0.9589793249831545
2020-03-21 13:00:00,4,0.9891948800001537
2020-03-21 14:00:00,4,0.9992923209357213
2020-03-21 15:00:00,4,0.9983074182849117
2020-03-21 16:00:00,4,0.9119325769096447
2020-03-21 17:00:00,4,0.9707607664562348
2020-03-22 07:00:00,4,0.9999653165418151
2020-03-22 08:00:00,4,0.9923459825641866
2020-03-22 09:00:00,4,0.9676322354476915
2020-03-22 10:00:00,4,0.9998324446343458
2020-03-22 11:00:00,4,0.997075119043641
2020-03-22 12:00:00,4,0.9991061878601514
2020-03-22 13:00:00,4,0.9939805974385892
2020-03-22 14:00:00,4,0.9905144644963088
2020-03-22 15:00:00,4,0.97005450483695
2020-03-22 16:00:00,4,0.9998841262213365
2020-03-22 17:00:00,4,0.9967330836297573
2020-03-23 07:00:00,4,0.9998666137235459
2020-03-23 08:00:00,4,0.9978721660518505
2020-03-23 09:00:00,4,0.9824735941422998
2020-03-23 10:00:00,4,0.9944328974974324
2020-03-23 11:00:00,4,0.9905361408495517
2020-03-23 12:00:00,4,0.9984322928034941
2020-03-23 13:00:00,4,0.9209213623087431
2020-03-23 14:00:00,4,0.9527691872863984
2020-03-23 15:00:00,4,0.9994548645006146
2020-03-23 16:00:00,4,0.9995648947587699
2020-03-23 17:00:00,4,0.9993407165449674
2020-03-24 07:00:00,4,0.9999432646635168
2020-03-24 08:00:00,4,0.9950589322989387
2020-03-24 09:00:00,4,0.9874850585916827
2020-03-24 10:00:00,4,0.9786510435361104
2020-03-24 11:00:00,4,0.9964606631180631
2020-03-24 12:00:00,4,0.9046202079330641
2020-03-24 13:00:00,4,0.9939136734473392
2020-03-24 14:00:00,4,0.8801333064739649
2020-03-24 15:00:00,4,0.9889490474397884
2020-03-24 16:00:00,4,0.9968854643099948
2020-03-24 17:00:00,4,0.9982803173398963
2020-03-25 07:00:00,4,0.9994548158197291
2020-03-25 08:00:00,4,0.9937686691972116
2020-03-25 09:00:00,4,0.9759344913053254
2020-03-25 10:00:00,4,0.9518013656062598
2020-03-25 11:00:00,4,0.9540475158405022
2020-03-25 12:00:00,4,0.9978545615101845
2020-03-25 13:00:00,4,0.999580430954631
2020-03-25 14:00:00,4,0.9988635936810185
2020-03-25 15:00:00,4,0.8957929836160455
2020-03-25 16:00:00,4,0.9926395631584198
2020-03-25 17:00:00,4,0.9854651473358195
2020-03-26 07:00:00,3,-0.010953533214260147
2020-03-26 08:00:00,4,0.9877363493638576
2020-03-26 09:00:00,4,0.9627866771486434
2020-03-26 10:00:00,4,0.855914251008253
2020-03-26 11:00:00,4,0.5758873829781734
2020-03-26 12:00:00,4,0.9281288172122604
2020-03-26 13:00:00,4,0.989680063653796
2020-03-26 14:00:00,4,0.925475136473277
2020-03-26 15:00:00,4,0.9959062922847404
2020-03-26 16:00:00,4,0.9932322306135754
2020-03-27 07:00:00,4,0.9485737811597101
2020-03-27 08:00:00,4,0.9980322841778747
2020-03-27 09:00:00,4,0.9763420077815422
2020-03-27 10:00:00,4,0.9915911912128283
2020-03-27 11:00:00,4,0.9948805773356129
2020-03-27 12:00:00,4,0.9759615615859057
2020-03-27 13:00:00,4,0.971297509621302
2020-03-27 14:00:00,4,0.9984501608263752
2020-03-27 15:00:00,4,0.96622364787118
2020-03-27 16:00:00,4,0.98268182935565
2020-03-27 17:00:00,4,0.9974829467787725
2020-03-28 07:00:00,4,0.9960351521661768
2020-03-28 08:00:00,4,0.9427794386719998
2020-03-28 09:00:00,4,0.20285633643193704
2020-03-28 10:00:00,4,-0.08706503784902665
2020-03-28 11:00:00,4,0.424684105506526
2020-03-28 12:00:00,4,0.5666272711155047
2020-03-28 13:00:00,4,-0.6326275016624449
2020-03-28 14:00:00,4,0.9996991773434215
2020-03-28 15:00:00,4,0.9990036882487014
2020-03-28 16:00:00,4,0.9954575600220551
2020-03-28 17:00:00,4,0.999161661971109
2020-03-29 07:00:00,4,0.9911602672131403
2020-03-29 08:00:00,4,0.9911846515922557
2020-03-29 09:00:00,4,0.9995291315128383
2020-03-29 10:00:00,4,0.9561040736429828
2020-03-29 11:00:00,4,0.9731539568450482
2020-03-29 12:00:00,4,0.7275632860217801
2020-03-29 13:00:00,4,0.84134771549281
2020-03-29 14:00:00,4,0.9619947361386553
2020-03-29 15:00:00,4,0.9916100290735319
2020-03-29 16:00:00,4,0.8953360566291791
2020-03-29 17:00:00,4,0.9830499312522404
2020-03-30 07:00:00,4,0.9992012135118398
2020-03-30 08:00:00,4,0.9967047193037204
2020-03-30 09:00:00,4,0.9632597023477334
2020-03-30 10:00:00,4,-0.010993852261830112
2020-03-30 11:00:00,4,0.9847472665302925
2020-03-30 12:00:00,4,0.9998584875661748
2020-03-30 13:00:00,4,0.9472444133809927
2020-03-30 14:00:00,4,0.9526834550558854
2020-03-30 15:00:00,4,0.7523200854536259
2020-03-30 16:00:00,4,0.9985109353435726
2020-03-30 17:00:00,4,0.6119522830317893
2020-03-31 07:00:00,4,0.999781926609964
2020-03-31 08:00:00,4,0.9983250630140975
2020-03-31 09:00:00,4,0.9939134024262393
2020-03-31 10:00:00,4,0.9162607311423158
2020-03-31 11:00:00,4,0.2697284501506526
2020-03-31 12:00:00,4,0.9728557979900059
2020-03-31 13:00:00,4,0.960087552351002
2020-03-31 14:00:00,4,0.9802866466306734
2020-03-31 15:00:00,4,0.9961506699620577
2020-03-31 16:00:00,4,0.987235787595987
2020-03-31 17:00:00,4,0.9972154135839261
2020-03-31 18:00:00,3,
2020-04-01 07:00:00,4,0.9991330274520326
2020-04-01 08:00:00,4,0.9930065171284739
2020-04-01 09:00:00,4,0.9516486597993075
2020-04-01 10:00:00,4,0.9944181153132872
2020-04-01 11:00:00,4,0.9563245846152052
2020-04-01 12:00:00,4,0.49133349013963146
2020-04-01 13:00:00,4,-0.24397126151339193
2020-04-01 14:00:00,4,0.9913346836153726
2020-04-01 15:00:00,4,0.9342512700048715
2020-04-01 16:00:00,4,0.9847104273513587
2020-04-01 17:00:00,4,0.9992006738457505
2020-04-02 07:00:00,4,0.9990676214972679
2020-04-02 08:00:00,4,0.9964924388473584
2020-04-02 09:00:00,4,0.897881367374642
2020-04-02 10:00:00,4,0.9348315825827643
2020-04-02 11:00:00,4,0.999775394082428
2020-04-02 12:00:00,4,0.9835920377401278
2020-04-02 13:00:00,4,0.9486803023373648
2020-04-02 14:00:00,4,0.9989293707015772
2020-04-02 15:00:00,4,0.883502552842404
2020-04-02 16:00:00,4,0.8314175277595776
2020-04-02 17:00:00,4,0.9761692350847492
2020-04-02 18:00:00,3,0.9596398395934842
2020-04-03 06:00:00,3,0.9995693676682534
2020-04-03 07:00:00,4,0.9884140683571476
2020-04-03 08:00:00,4,0.9708273415000716
2020-04-03 09:00:00,4,0.9994342063163554
2020-04-03 10:00:00,4,0.9963753072219704
2020-04-03 11:00:00,4,0.9761673346593851
2020-04-03 12:00:00,4,0.9774569982357831
2020-04-03 13:00:00,4,0.9905879647676322
2020-04-03 14:00:00,4,0.992985872658564
2020-04-03 15:00:00,4,0.9671870057046236
2020-04-03 16:00:00,4,0.9554245326422406
2020-04-03 17:00:00,4,0.9985673925874341
2020-04-03 18:00:00,3,0.9999080685543255
2020-04-04 07:00:00,4,0.9975071111279451
2020-04-04 08:00:00,4,0.9992878960135776
2020-04-04 09:00:00,4,0.9973419090919319
2020-04-04 10:00:00,4,0.9889321628159089
2020-04-04 11:00:00,4,0.9951202220417573
2020-04-04 12:00:00,4,0.07510124674150068
2020-04-04 13:00:00,4,0.9916592093934412
2020-04-04 14:00:00,4,0.9938274081701128
2020-04-04 15:00:00,4,0.9986821753179975
2020-04-04 16:00:00,4,0.9536606268556646
2020-04-04 17:00:00,4,0.9572288311126662
2020-04-05 07:00:00,4,0.9924211893136279
2020-04-05 08:00:00,4,0.9999253457717787
2020-04-05 09:00:00,4,0.9914327450895394
2020-04-05 10:00:00,4,0.9222675827806966
2020-04-05 11:00:00,4,0.7855452791100963
2020-04-05 12:00:00,4,0.9995012189000988
2020-04-05 13:00:00,4,0.8745099131395909
2020-04-05 14:00:00,4,0.9965869265661227
2020-04-05 15:00:00,4,0.9944371712674042
2020-04-05 16:00:00,4,0.9400932896406807
2020-04-05 17:00:00,4,0.9994695101778118
2020-04-05 18:00:00,3,0.9984187737863449
2020-04-06 07:00:00,4,0.9998757371978095
2020-04-06 08:00:00,4,0.9913255350634161
2020-04-06 09:00:00,4,0.9773140791629729
2020-04-06 10:00:00,4,0.9887542508375754
2020-04-06 11:00:00,4,0.9265516836193873
2020-04-06 12:00:00,4,0.9685266542414964
2020-04-06 13:00:00,4,0.9979063024612483
2020-04-06 14:00:00,4,0.9876685883861255
2020-04-06 15:00:00,4,0.9995041299421846
2020-04-06 16:00:00,4,0.9999215710218833
2020-04-06 17:00:00,4,0.9868474084403394
2020-04-06 18:00:00,3,0.9994446046610947
2020-04-07 06:00:00,3,0.9994314247788972
2020-04-07 07:00:00,4,0.9995340627432022
2020-04-07 08:00:00,4,0.9994478388315833
2020-04-07 09:00:00,4,0.9887599729778196
2020-04-07 10:00:00,4,0.9221197037582304
2020-04-07 11:00:00,4,0.9702095816651041
2020-04-07 12:00:00,4,0.9439062165496792
2020-04-07 13:00:00,4,0.6342063684029349
2020-04-07 14:00:00,4,0.9889127656824677
2020-04-07 15:00:00,4,0.5985270982597185
2020-04-07 16:00:00,4,0.9989797560136414
2020-04-07 17:00:00,4,0.9999595523182716
2020-04-08 06:00:00,3,0.9998628880861905
2020-04-08 07:00:00,4,0.9994763675613032
2020-04-08 08:00:00,4,0.9769921888929685
2020-04-08 09:00:00,4,0.9858054410980185
2020-04-08 10:00:00,4,0.9998570393699568
2020-04-08 11:00:00,4,0.9572049673437553
2020-04-08 12:00:00,4,0.7086912380536963
2020-04-08 13:00:00,4,0.9298085777175763
2020-04-08 14:00:00,4,0.9992364645781353
2020-04-08 15:00:00,4,0.8797603080272893
2020-04-08 16:00:00,4,0.9462136620207048
2020-04-08 17:00:00,4,0.9891951470099231
2020-04-08 18:00:00,3,0.9995534663052476
2020-04-09 06:00:00,3,0.9999960082097819
2020-04-09 07:00:00,4,0.999939627529813
2020-04-09 08:00:00,4,0.999599204719433
2020-04-09 09:00:00,4,0.9991995274884242
2020-04-09 10:00:00,4,0.9986140621544106
2020-04-09 11:00:00,4,0.995522609037692
2020-04-09 12:00:00,4,0.8789661624880337
2020-04-09 13:00:00,4,0.9766171024322676
2020-04-09 14:00:00,4,0.935154024824411
2020-04-09 15:00:00,4,0.9986206563876225
2020-04-09 16:00:00,4,0.9998915745662235
2020-04-09 17:00:00,4,0.9998965126826357
2020-04-09 18:00:00,3,0.9999939469044246
2020-04-10 06:00:00,3,0.9998089547835313
2020-04-10 07:00:00,4,0.9991731292540933
2020-04-10 08:00:00,4,0.9924271880804456
2020-04-10 09:00:00,4,0.9729617595857408
2020-04-10 10:00:00,4,0.9919536472410209
2020-04-10 11:00:00,4,0.9681393103831233
2020-04-10 12:00:00,4,0.9996421367874375
2020-04-10 13:00:00,4,0.9958151539230302
2020-04-10 14:00:00,4,0.9995310619817301
2020-04-10 15:00:00,4,0.9992524347755967
2020-04-10 16:00:00,4,0.9922823522212534
2020-04-10 17:00:00,4,0.9908638286127714
2020-04-11 07:00:00,4,0.9973383983447723
2020-04-11 08:00:00,4,0.9980337059455054
2020-04-11 09:00:00,4,0.9848691901633008
2020-04-11 10:00:00,4,0.9362093175104047
2020-04-11 11:00:00,4,0.9810163358726385
2020-04-11 12:00:00,4,0.9914721120208749
2020-04-11 13:00:00,4,0.9086198742943844
2020-04-11 14:00:00,4,0.9554485148900276
2020-04-11 15:00:00,4,0.8699743732105142
2020-04-11 16:00:00,4,0.9583134157917513
2020-04-11 17:00:00,4,0.6627799871847021
2020-04-11 18:00:00,3,0.9987216188462547
2020-04-12 06:00:00,4,0.9979381456645554
2020-04-12 07:00:00,4,0.9594020344587957
2020-04-12 08:00:00,4,0.8918742226172923
2020-04-12 09:00:00,4,0.9944859104952445
2020-04-12 10:00:00,4,0.9523158653438487
2020-04-12 11:00:00,4,0.9884996362515106
2020-04-12 12:00:00,4,0.0020301335135146006
2020-04-12 13:00:00,4,0.9016644246790305
2020-04-12 14:00:00,4,0.9744744124455418
2020-04-12 15:00:00,4,0.7062324810783638
2020-04-12 16:00:00,4,0.9288443099843422
2020-04-12 17:00:00,4,0.9999360015858743
2020-04-12 18:00:00,3,0.999452096622984
2020-04-13 06:00:00,4,0.9980336419630762
2020-04-13 07:00:00,4,0.999086381044764
2020-04-13 08:00:00,4,0.9999286799721078
2020-04-13 09:00:00,4,0.9737458307159759
2020-04-13 10:00:00,4,0.9908582245137378
2020-04-13 11:00:00,4,0.954327605073542
2020-04-13 12:00:00,4,0.9798777431077151
2020-04-13 13:00:00,4,0.9922572049711808
2020-04-13 14:00:00,4,0.9967494950530283
2020-04-13 15:00:00,4,0.9965218322958072
2020-04-13 16:00:00,4,0.9988665098609745
2020-04-13 17:00:00,4,0.9997273908995186
2020-04-13 18:00:00,3,0.9993842434163063
2020-04-14 06:00:00,4,0.9982599823430842
2020-04-14 07:00:00,4,0.9985385151160407
2020-04-14 08:00:00,4,0.9964346493865128
2020-04-14 09:00:00,4,0.9927170915882213
2020-04-14 10:00:00,4,0.995211906804091
2020-04-14 11:00:00,4,0.9949454932421627
2020-04-14 12:00:00,4,0.8902551570153348
2020-04-14 13:00:00,4,0.9899430287204465
2020-04-14 14:00:00,4,0.9983619381441827
2020-04-14 15:00:00,4,0.9996546978178827
2020-04-14 16:00:00,4,0.9978110262185851
2020-04-14 17:00:00,4,0.9973434225249361
2020-04-14 18:00:00,3,0.9999337472133297
2020-04-15 06:00:00,4,0.9979254443634474
2020-04-15 07:00:00,4,0.9997627854248491
2020-04-15 08:00:00,4,0.9994884360334144
2020-04-15 09:00:00,4,0.9990116177820796
2020-04-15 10:00:00,4,0.9978736069066456
2020-04-15 11:00:00,4,0.9958829078024286
2020-04-15 12:00:00,4,0.02617957030776002
2020-04-15 13:00:00,4,0.984901166835119
2020-04-15 14:00:00,4,0.9912965558482615
2020-04-15 15:00:00,4,0.9999360228802139
2020-04-15 16:00:00,4,0.9389944763231549
2020-04-15 17:00:00,4,0.9879383961449887
2020-04-15 18:00:00,3,0.9996860721686379
2020-04-16 06:00:00,4,0.9989869689142036
2020-04-16 07:00:00,4,0.9971964634702545
2020-04-16 08:00:00,4,0.9942219447382876
2020-04-16 09:00:00,4,0.9994531831781313
2020-04-16 10:00:00,4,0.9971571911321987
2020-04-16 11:00:00,4,0.9917812696532431
2020-04-16 12:00:00,4,0.948645264812005
2020-04-16 13:00:00,4,0.9703517997142664
2020-04-16 14:00:00,4,0.9968973654108211
2020-04-16 15:00:00,4,0.9848472120468256
2020-04-16 16:00:00,4,0.9916337906336531
2020-04-16 17:00:00,4,0.7996091048333449
2020-04-16 18:00:00,3,0.9986853388219004
2020-04-17 06:00:00,3,0.9989476244160191
2020-04-17 07:00:00,4,0.9998883497393913
2020-04-17 08:00:00,4,0.4143100627766886
2020-04-17 09:00:00,4,0.9944368473100827
2020-04-17 10:00:00,4,0.9977035427739824
2020-04-17 11:00:00,4,0.9658798668362052
2020-04-17 12:00:00,4,0.9983852109362653
2020-04-17 13:00:00,4,0.9364727672090413
2020-04-17 14:00:00,4,0.9618672814264326
2020-04-17 15:00:00,4,0.9973462938970202
2020-04-17 16:00:00,4,0.9982374135653402
2020-04-17 17:00:00,4,0.9986535128816175
2020-04-17 18:00:00,3,0.9994852537449432
2020-04-18 06:00:00,3,0.9732062334197492
2020-04-18 07:00:00,4,0.9973018786903424
2020-04-18 08:00:00,4,0.9989614640006562
2020-04-18 09:00:00,4,0.9779106169483816
2020-04-18 10:00:00,4,0.9961007994519017
2020-04-18 11:00:00,4,0.9957768150336241
2020-04-18 12:00:00,4,0.9976954125067862
2020-04-18 13:00:00,4,0.9851898256624403
2020-04-18 14:00:00,4,0.9989097294097037
2020-04-18 15:00:00,4,0.9965519737599379
2020-04-18 16:00:00,4,0.9935127984421561
2020-04-18 17:00:00,4,0.974639841512845
2020-04-19 06:00:00,3,0.9957750300504463
2020-04-19 07:00:00,4,0.6636249985338296
2020-04-19 08:00:00,4,0.9274414198307183
2020-04-19 09:00:00,4,0.9948478986450987
2020-04-19 10:00:00,4,0.9516444717828102
2020-04-19 11:00:00,4,0.8036419335100157
2020-04-19 12:00:00,4,0.8336236187234534
2020-04-19 13:00:00,4,0.49562759952649976
2020-04-19 14:00:00,4,0.9300724875435231
2020-04-19 15:00:00,4,0.892198337183518
2020-04-19 16:00:00,4,0.9389551452639667
2020-04-19 17:00:00,4,0.9948960311864913
2020-04-19 18:00:00,3,0.9999886932192859
2020-04-20 06:00:00,4,0.9868281830741437
2020-04-20 07:00:00,4,0.999883557318005
2020-04-20 08:00:00,4,0.9872516284000694
2020-04-20 09:00:00,4,0.992832326239744
2020-04-20 10:00:00,4,0.9941359993669201
2020-04-20 11:00:00,4,0.997477070420648
2020-04-20 12:00:00,4,0.9996848308717616
2020-04-20 13:00:00,4,0.9990325790931546
2020-04-20 14:00:00,4,0.9948195025472669
2020-04-20 15:00:00,4,0.9965598965577437
2020-04-20 16:00:00,4,0.9995318931034929
2020-04-20 17:00:00,4,0.9963009826665952
2020-04-21 06:00:00,4,0.9999018622283673
2020-04-21 07:00:00,4,0.9999191249699647
2020-04-21 08:00:00,4,0.9917749889441481
2020-04-21 09:00:00,4,0.997947208611039
2020-04-21 10:00:00,4,0.9995953476727406
2020-04-21 11:00:00,4,0.9979602760955417
2020-04-21 12:00:00,4,0.9895967827873351
2020-04-21 13:00:00,4,0.9612044331817908
2020-04-21 14:00:00,4,0.9976906205792669
2020-04-21 15:00:00,4,0.9933442467162247
2020-04-21 16:00:00,4,0.9995588756745925
2020-04-21 17:00:00,4,0.9987684755076045
2020-04-21 18:00:00,3,0.9999539265617358
2020-04-22 06:00:00,4,0.9993321969982901
2020-04-22 07:00:00,4,0.9982375589659533
2020-04-22 08:00:00,4,0.8923539124657954
2020-04-22 09:00:00,4,0.9901610334762271
2020-04-22 10:00:00,4,0.9979034841938738
2020-04-22 11:00:00,4,0.7109079816348454
2020-04-22 12:00:00,4,0.900751118409467
2020-04-22 13:00:00,4,0.9640413570138756
2020-04-22 14:00:00,4,0.9972043956509117
2020-04-22 15:00:00,4,0.947956323441106
2020-04-22 16:00:00,4,0.9998718735362985
2020-04-22 17:00:00,4,0.9963362095348901
2020-04-22 18:00:00,3,0.999939728325372
2020-04-23 06:00:00,4,0.7756423995030132
2020-04-23 07:00:00,4,0.9987845127748513
2020-04-23 08:00:00,4,0.98908936091414
2020-04-23 09:00:00,4,0.9935183151001467
2020-04-23 10:00:00,4,0.9992295312669243
2020-04-23 11:00:00,4,0.9950954383238709
2020-04-23 12:00:00,4,0.9529798405155867
2020-04-23 13:00:00,4,0.9384330180747689
2020-04-23 14:00:00,4,0.8639498979442395
2020-04-23 15:00:00,4,0.9995837834077905
2020-04-23 16:00:00,4,0.9970837531412715
2020-04-23 17:00:00,4,0.9997959559834549
2020-04-23 18:00:00,3,0.9994545884041056
2020-04-24 06:00:00,4,0.9986804665758366
2020-04-24 07:00:00,4,0.9988717067667069
2020-04-24 08:00:00,4,0.9996575174627143
2020-04-24 09:00:00,4,0.9998290855389204
2020-04-24 10:00:00,4,0.9814792110398555
2020-04-24 11:00:00,4,0.9725233934025433
2020-04-24 12:00:00,4,0.9930116110908023
2020-04-24 13:00:00,4,0.9872903831392142
2020-04-24 14:00:00,4,0.9854866085176095
2020-04-24 15:00:00,4,0.9956390488480831
2020-04-24 16:00:00,4,0.999743258065278
2020-04-24 17:00:00,4,0.9999395413787724
2020-04-24 18:00:00,4,0.9999790381216208
2020-04-25 06:00:00,4,0.9989944792327582
2020-04-25 07:00:00,4,0.9991114638487297
2020-04-25 08:00:00,4,0.9996450286268818
2020-04-25 09:00:00,4,0.9403203778487222
2020-04-25 10:00:00,4,0.9638878123449263
2020-04-25 11:00:00,4,0.9501499624189547
2020-04-25 12:00:00,4,0.9155258931862531
2020-04-25 13:00:00,4,0.9612677345695432
2020-04-25 14:00:00,4,0.970448768345083
2020-04-25 15:00:00,4,0.9997680356853991
2020-04-25 16:00:00,4,0.989572918331664
2020-04-25 17:00:00,4,0.9930119102024721
2020-04-25 18:00:00,3,0.9988552416869597
2020-04-26 06:00:00,4,0.9967955157038261
2020-04-26 07:00:00,4,0.9996184483080512
2020-04-26 08:00:00,4,0.9985160731331199
2020-04-26 09:00:00,4,0.9995087504340282
2020-04-26 10:00:00,4,0.974284888373745
2020-04-26 11:00:00,4,0.9593546571983556
2020-04-26 12:00:00,4,0.9459708066248216
2020-04-26 13:00:00,4,0.8958018714574085
2020-04-26 14:00:00,4,0.9967564309449409
2020-04-26 15:00:00,4,0.9874557279014229
2020-04-26 16:00:00,4,0.9999863811194322
2020-04-26 17:00:00,4,0.9999167863583036
2020-04-26 18:00:00,4,0.9997485099008726
2020-04-27 06:00:00,4,0.9990641693053731
2020-04-27 07:00:00,4,0.9998338825828149
2020-04-27 08:00:00,4,0.999643707931323
2020-04-27 09:00:00,4,0.998107526283678
2020-04-27 10:00:00,4,0.9807118809422605
2020-04-27 11:00:00,4,0.9788055667182242
2020-04-27 12:00:00,4,0.5865490740450199
2020-04-27 13:00:00,4,0.272680865880945
2020-04-27 14:00:00,4,0.9994680184640128
2020-04-27 15:00:00,4,0.9977909999114731
2020-04-27 16:00:00,4,0.9998089668500466
2020-04-27 17:00:00,4,0.9998054979020878
2020-04-27 18:00:00,4,0.9997541570608369
2020-04-28 06:00:00,4,0.9975644314809771
2020-04-28 07:00:00,4,0.9998755809104732
2020-04-28 08:00:00,4,0.9999955243444245
2020-04-28 09:00:00,4,0.9992341936308824
2020-04-28 10:00:00,4,0.9993236076431454
2020-04-28 11:00:00,4,0.9684329194461005
2020-04-28 12:00:00,4,-0.43179386090337424
2020-04-28 13:00:00,4,0.8787418173336318
2020-04-28 14:00:00,4,0.9966988006515938
2020-04-28 15:00:00,4,0.9785298612421666
2020-04-28 16:00:00,4,0.988012094031729
2020-04-28 17:00:00,4,0.999926827018419
2020-04-28 18:00:00,4,0.9995929486389159
2020-04-29 06:00:00,4,0.9993653402149438
2020-04-29 07:00:00,4,0.9999682624322589
2020-04-29 08:00:00,4,0.9992207978916958
2020-04-29 09:00:00,4,0.9999893911433168
2020-04-29 10:00:00,4,0.9905927298592084
2020-04-29 11:00:00,4,0.43517812309254134
2020-04-29 12:00:00,4,0.7410576092297594
2020-04-29 13:00:00,4,0.9991721233286939
2020-04-29 14:00:00,4,0.988091723242567
2020-04-29 15:00:00,4,0.9979098678595026
2020-04-29 16:00:00,4,0.9995729396092538
2020-04-29 17:00:00,4,0.9999602202453867
2020-04-29 18:00:00,4,0.9999145738925129
2020-04-30 06:00:00,4,0.9996650432453164
2020-04-30 07:00:00,4,0.9999593302464265
2020-04-30 08:00:00,4,0.9749346265331247
2020-04-30 09:00:00,4,0.9983016800824891
2020-04-30 10:00:00,4,0.9602984591556929
2020-04-30 11:00:00,4,0.9933479020910806
2020-04-30 12:00:00,4,0.9987437235916579
2020-04-30 13:00:00,4,0.999169999527771
2020-04-30 14:00:00,4,0.9772027942657434
2020-04-30 15:00:00,4,0.999935182768441
2020-04-30 16:00:00,4,0.9987136241816823
2020-04-30 17:00:00,4,0.9756755728321865
2020-04-30 18:00:00,4,0.9849975665018166
2020-05-01 06:00:00,4,0.9545995500251911
2020-05-01 07:00:00,4,0.921660848289359
2020-05-01 08:00:00,4,0.9665547607199455
2020-05-01 09:00:00,4,0.985715548687876
2020-05-01 10:00:00,4,0.9434674629208539
2020-05-01 11:00:00,4,0.9093708929221465
2020-05-01 12:00:00,4,0.9690456570847849
2020-05-01 13:00:00,4,0.9330527386229813
2020-05-01 14:00:00,4,-0.029528467088867215
2020-05-01 15:00:00,4,0.9825785017187231
2020-05-01 16:00:00,4,0.9932880042677321
2020-05-01 17:00:00,4,0.9960568189297029
2020-05-01 18:00:00,4,0.9999429632922485
2020-05-02 06:00:00,4,0.9997380182515186
2020-05-02 07:00:00,4,0.9991009097090459
2020-05-02 08:00:00,4,0.9997237395666635
2020-05-02 09:00:00,4,0.9984505379477204
2020-05-02 10:00:00,4,0.9848904188196874
2020-05-02 11:00:00,4,-0.23142414468194972
2020-05-02 12:00:00,4,-0.47746091337655233
2020-05-02 13:00:00,4,0.9648118017742441
2020-05-02 14:00:00,4,0.9996518605719545
2020-05-02 15:00:00,4,0.2979806911576499
2020-05-02 16:00:00,4,0.9898842349598386
2020-05-02 17:00:00,4,0.9886129457905364
2020-05-02 18:00:00,4,0.9964910405578429
2020-05-03 06:00:00,4,0.9995772584477758
2020-05-03 07:00:00,4,0.9997008274206577
2020-05-03 08:00:00,4,0.9994691336631636
2020-05-03 09:00:00,4,0.9999817549280783
2020-05-03 10:00:00,4,0.9933642290458518
2020-05-03 11:00:00,4,0.9912121719434559
2020-05-03 12:00:00,4,0.21408091291832568
2020-05-03 13:00:00,4,0.9029539167110338
2020-05-03 14:00:00,4,0.9844957146560536
2020-05-03 15:00:00,4,0.9981856629898888
2020-05-03 16:00:00,4,0.9989536021150086
2020-05-03 17:00:00,4,0.999754445867273
2020-05-03 18:00:00,4,0.9997360593000502
2020-05-04 06:00:00,4,0.9988214386474742
2020-05-04 07:00:00,4,0.9999035406014023
2020-05-04 08:00:00,4,0.9876623764099387
2020-05-04 09:00:00,4,0.9926782033509503
2020-05-04 10:00:00,4,0.9497473407596088
2020-05-04 11:00:00,4,0.9975724565140586
2020-05-04 12:00:00,4,0.7105188602634716
2020-05-04 13:00:00,4,0.9966834867118439
2020-05-04 14:00:00,4,0.9908837199527613
2020-05-04 15:00:00,4,0.9999240022135235
2020-05-04 16:00:00,4,0.9909336401260498
2020-05-04 17:00:00,4,0.9998823327211566
2020-05-04 18:00:00,4,0.9961763497073262
2020-05-05 12:00:00,4,0.946266253834655
2020-05-05 13:00:00,4,0.78025252006256
2020-05-05 14:00:00,4,0.0991851916126637
2020-05-05 15:00:00,4,0.9397896565596814
2020-05-05 16:00:00,4,0.9716923117404125
2020-05-05 17:00:00,4,0.9995518861628759
2020-05-05 18:00:00,4,0.9998736566602344
2020-05-06 06:00:00,4,0.9980208416433948
2020-05-06 07:00:00,4,0.9985741192986591
2020-05-06 08:00:00,4,0.9993378925825972
2020-05-06 09:00:00,4,0.9914594288975184
2020-05-06 10:00:00,4,0.9790441802037406
2020-05-06 11:00:00,4,0.9916795797898634
2020-05-06 12:00:00,4,0.9819491969580425
2020-05-06 13:00:00,4,0.966821398096426
2020-05-06 14:00:00,4,0.9993918293178895
2020-05-06 15:00:00,4,0.9989150677838181
2020-05-06 16:00:00,4,0.9758740937796351
2020-05-06 17:00:00,4,0.9975707599051963
2020-05-06 18:00:00,4,0.9993275747534215
2020-05-07 06:00:00,4,0.9770517134102062
2020-05-07 07:00:00,4,0.9976744683601606
2020-05-07 08:00:00,4,0.9981691827551724
2020-05-07 09:00:00,4,0.9993720798236653
2020-05-07 10:00:00,4,0.9509272491852567
2020-05-07 11:00:00,4,0.7464111086148135
2020-05-07 12:00:00,4,0.947394365176399
2020-05-07 13:00:00,4,0.9622805426361368
2020-05-07 14:00:00,4,0.9991066713004056
2020-05-07 15:00:00,4,0.9948764622713098
2020-05-07 16:00:00,4,0.9968006652192691
2020-05-07 17:00:00,4,0.8011162987151269
2020-05-07 18:00:00,3,0.5069683769562029
2020-05-08 07:00:00,3,
2020-05-08 08:00:00,4,0.9920090966068943
2020-05-08 09:00:00,4,0.9696398578524428
2020-05-08 10:00:00,4,0.9971458838589138
2020-05-08 11:00:00,4,0.9604860602523346
2020-05-08 12:00:00,4,0.956072034682041
2020-05-08 13:00:00,4,0.9665094427925133
2020-05-08 14:00:00,4,0.9753052499029828
2020-05-08 15:00:00,4,0.7659901725389826
2020-05-08 16:00:00,4,0.9979097925482534
2020-05-08 17:00:00,4,0.9889019988377412
2020-05-08 18:00:00,4,0.9956382443494621
2020-05-09 06:00:00,4,0.9880384151631895
2020-05-09 07:00:00,4,0.9982491189356195
2020-05-09 08:00:00,4,0.943553181385647
2020-05-09 09:00:00,4,0.9624419140500378
2020-05-09 10:00:00,4,0.9991811694963137
2020-05-09 11:00:00,4,0.9963168332550755
2020-05-09 12:00:00,4,0.999614476123291
2020-05-09 13:00:00,4,0.9346849316861141
2020-05-09 14:00:00,4,0.6181564363177071
2020-05-09 15:00:00,4,0.9886227297448521
2020-05-09 16:00:00,4,0.974319899884535
2020-05-09 17:00:00,4,0.9990291615288328
2020-05-09 18:00:00,4,0.9967506028328973
2020-05-10 06:00:00,4,0.9992125680469197
2020-05-10 07:00:00,4,0.999855064636934
2020-05-10 08:00:00,4,0.9818120193280426
2020-05-10 09:00:00,4,0.9903799527762793
2020-05-10 10:00:00,4,-0.7870599070708538
2020-05-10 11:00:00,4,0.8692602181492706
2020-05-10 12:00:00,4,0.9353130442983807
2020-05-10 13:00:00,4,0.8051665837777229
2020-05-10 14:00:00,4,0.9538400610155062
2020-05-10 15:00:00,4,0.6343557977295978
2020-05-10 16:00:00,4,0.9974525973028372
2020-05-10 17:00:00,4,0.9997298444680058
2020-05-10 18:00:00,4,0.9993430653008343
2020-05-11 06:00:00,4,0.9947604384271791
2020-05-11 07:00:00,4,0.9999800562249407
2020-05-11 08:00:00,4,0.9919287664888823
2020-05-11 09:00:00,4,0.9970239160738616
2020-05-11 10:00:00,4,0.9046038560311647
2020-05-11 11:00:00,4,0.725218163149327
2020-05-11 12:00:00,4,0.9371897519065534
2020-05-11 13:00:00,4,0.9974092739142023
2020-05-11 14:00:00,4,0.9927862399105403
2020-05-11 15:00:00,4,0.9975676328073065
2020-05-11 16:00:00,4,0.9981053094612842
2020-05-11 17:00:00,4,0.9908352375863362
2020-05-11 18:00:00,4,0.9991769042572446
2020-05-12 06:00:00,4,0.998505065880234
2020-05-12 07:00:00,4,0.9997876861292783
2020-05-12 08:00:00,4,0.9982522606012314
2020-05-12 09:00:00,4,0.9985266938122629
2020-05-12 10:00:00,4,0.986885381419178
2020-05-12 11:00:00,4,0.9925111469689026
2020-05-12 12:00:00,4,-0.8339474607417576
2020-05-12 13:00:00,4,0.9877037987379922
2020-05-12 14:00:00,4,0.9992763482601285
2020-05-12 15:00:00,4,0.9973633435246958
2020-05-12 16:00:00,4,0.9971482789915873
2020-05-12 17:00:00,4,0.949364994132721
2020-05-12 18:00:00,4,0.9981841119646688
2020-05-13 06:00:00,4,0.9986662207152347
2020-05-13 07:00:00,4,0.9791108131147929
2020-05-13 08:00:00,4,0.8388451035197408
2020-05-13 09:00:00,4,0.9906806348906246
2020-05-13 10:00:00,4,0.9892707295866268
2020-05-13 11:00:00,4,0.9941990775607195
2020-05-13 12:00:00,4,0.9472138502202372
2020-05-13 13:00:00,4,0.9725245557392136
2020-05-13 14:00:00,4,0.8734353264477765
2020-05-13 15:00:00,4,0.9701966706321403
2020-05-13 16:00:00,4,0.9958631487239594
2020-05-13 17:00:00,4,0.9995383768937801
2020-05-14 07:00:00,4,0.47222505471620585
2020-05-14 08:00:00,4,
2020-05-14 09:00:00,4,
2020-05-14 10:00:00,4,0.9174532030040184
2020-05-14 11:00:00,4,0.9968892904422678
2020-05-14 12:00:00,4,0.9959371211481145
2020-05-14 13:00:00,4,0.9871989340696361
2020-05-14 14:00:00,4,0.9901301454132356
2020-05-14 15:00:00,4,0.9483504361775302
2020-05-14 16:00:00,4,0.8804909788953131
2020-05-14 17:00:00,4,0.9987824288839331
2020-05-14 18:00:00,4,0.9834426245785842
2020-05-15 06:00:00,4,0.9649578031634868
2020-05-15 07:00:00,4,0.9772171709040736
2020-05-15 08:00:00,4,0.9877148452324566
2020-05-15 09:00:00,4,0.9779973215950879
2020-05-15 10:00:00,4,0.990603254852164
2020-05-15 11:00:00,4,0.9802379614701504
2020-05-15 12:00:00,4,0.991614348477212
2020-05-15 13:00:00,4,0.9945590691656366
2020-05-15 14:00:00,4,0.9997090754961929
2020-05-15 15:00:00,4,0.9847945768114487
2020-05-15 16:00:00,4,0.9790095195625385
2020-05-15 17:00:00,4,0.9989335414058471
2020-05-15 18:00:00,4,0.9978724292843679
2020-05-16 06:00:00,4,0.9980778299616556
2020-05-16 07:00:00,4,0.9788117206985396
2020-05-16 08:00:00,4,0.997109786459004
2020-05-16 09:00:00,4,0.9890194160198289
2020-05-16 10:00:00,4,0.9927339960230641
2020-05-16 11:00:00,4,0.9903242229992497
2020-05-16 12:00:00,4,0.9992349341443192
2020-05-16 13:00:00,4,0.7602146683313924
2020-05-16 14:00:00,4,0.3749220530129498
2020-05-16 15:00:00,4,0.9965158478028352
2020-05-16 16:00:00,4,0.998586927723618
2020-05-16 17:00:00,4,0.994865467993872
2020-05-16 18:00:00,4,0.9998994775999026
2020-05-17 06:00:00,4,0.9966593669453047
2020-05-17 07:00:00,4,0.9476621996270949
2020-05-17 08:00:00,4,0.9897026497398459
2020-05-17 09:00:00,4,0.42971055895389043
2020-05-17 10:00:00,4,0.9531460622522474
2020-05-17 11:00:00,4,0.5081276012531084
2020-05-17 12:00:00,4,0.9912568011507675
2020-05-17 13:00:00,4,0.98899216221467
2020-05-17 14:00:00,4,0.9863329125543203
2020-05-17 15:00:00,4,0.8974562865898918
2020-05-17 16:00:00,4,0.9143737597391601
2020-05-17 17:00:00,4,0.9998537540585931
2020-05-17 18:00:00,4,0.9950627304435501
2020-05-18 06:00:00,4,0.9997266969216834
2020-05-18 07:00:00,4,0.9996386122159365
2020-05-18 08:00:00,4,0.986886465359958
2020-05-18 09:00:00,4,0.9995434525392879
2020-05-18 10:00:00,4,0.9973680420073984
2020-05-18 11:00:00,4,0.9968046883688154
2020-05-18 12:00:00,4,-0.9622433981764174
2020-05-18 13:00:00,4,0.9954489958370824
2020-05-18 14:00:00,4,0.9717173236272539
2020-05-18 15:00:00,4,0.9979975292642195
2020-05-18 16:00:00,4,0.9999005964676686
2020-05-18 17:00:00,4,0.9998837576881698
2020-05-18 18:00:00,4,0.9972526624904406
2020-05-19 06:00:00,4,0.9620713098166942
2020-05-19 07:00:00,4,0.9956566070718286
2020-05-19 08:00:00,4,0.9874129806881969
2020-05-19 09:00:00,4,0.9725923552207927
2020-05-19 10:00:00,4,0.9861011336138883
2020-05-19 11:00:00,4,0.9840235846290313
2020-05-19 12:00:00,4,0.8284308800816443
2020-05-19 13:00:00,4,0.9960149837747336
2020-05-19 14:00:00,4,0.9958540747257024
2020-05-19 15:00:00,4,0.9979794866987843
2020-05-19 16:00:00,4,0.9997658970357192
2020-05-19 17:00:00,4,0.9994644776296235
2020-05-19 18:00:00,4,0.9985629052529069
2020-05-20 06:00:00,4,0.9999309960702358
2020-05-20 07:00:00,4,0.9893618173511097
2020-05-20 08:00:00,4,0.9980738053520692
2020-05-20 09:00:00,4,0.9992194969091879
2020-05-20 10:00:00,4,0.9911267779161229
2020-05-20 11:00:00,4,0.999910361701426
2020-05-20 12:00:00,4,0.9800309010728955
2020-05-20 13:00:00,4,0.9682768215328175
2020-05-20 14:00:00,4,0.999765938062471
2020-05-20 15:00:00,4,0.99757743845649
2020-05-20 16:00:00,4,0.9961871707802984
2020-05-20 17:00:00,4,0.9996602643876501
2020-05-20 18:00:00,3,0.9999469932745993
2020-05-21 06:00:00,4,0.9908995454454113
2020-05-21 07:00:00,4,0.9849422116371903
2020-05-21 08:00:00,4,0.9995598960873294
2020-05-21 09:00:00,4,0.999626102105614
2020-05-21 10:00:00,4,0.9963181438373799
2020-05-21 11:00:00,4,0.7718155957867254
2020-05-21 12:00:00,4,0.9706082977360971
2020-05-21 13:00:00,4,0.9006217163975786
2020-05-21 14:00:00,4,0.4475645442218899
2020-05-21 15:00:00,4,0.9922316063517617
2020-05-21 16:00:00,4,0.9997582151394657
2020-05-21 17:00:00,4,0.9926674546191552
2020-05-21 18:00:00,4,0.9741064278161411
2020-05-22 06:00:00,4,0.9995971385997583
2020-05-22 07:00:00,4,0.9963450083744789
2020-05-22 08:00:00,4,0.9959503490118605
2020-05-22 09:00:00,4,0.9902097229722504
2020-05-22 10:00:00,4,0.9915609720002024
2020-05-22 11:00:00,4,0.9422704497592724
2020-05-22 12:00:00,4,0.7795472920212522
2020-05-22 13:00:00,4,0.9093870900653851
2020-05-22 14:00:00,4,0.9987253179996665
2020-05-22 15:00:00,4,0.9366968491687635
2020-05-22 16:00:00,4,0.9914006086132262
2020-05-22 17:00:00,4,0.9854263993259835
2020-05-22 18:00:00,4,0.9991963879391969
2020-05-23 06:00:00,4,0.9895928637396232
2020-05-23 07:00:00,4,0.9922841173415067
2020-05-23 08:00:00,4,0.9979233078793898
2020-05-23 09:00:00,4,0.9998232777678864
2020-05-23 10:00:00,4,0.9968032182151876
2020-05-23 11:00:00,4,0.9577249785913776
2020-05-23 12:00:00,4,-0.7724457762424057
2020-05-23 13:00:00,4,0.8261944114206321
2020-05-23 14:00:00,4,0.9221533577556749
2020-05-23 15:00:00,4,0.9961244754304174
2020-05-23 16:00:00,4,0.9711085678014256
2020-05-23 17:00:00,4,0.9998455403812646
2020-05-23 18:00:00,4,0.9993479297613654
2020-05-24 06:00:00,4,0.9996807562812504
2020-05-24 07:00:00,4,0.9335342953960235
2020-05-24 08:00:00,4,0.9997521134510701
2020-05-24 09:00:00,4,0.9982241977590005
2020-05-24 10:00:00,4,0.9825813786478854
2020-05-24 11:00:00,4,0.9119771988030824
2020-05-24 12:00:00,4,0.991089750428784
2020-05-24 13:00:00,4,0.9940227260937159
2020-05-24 14:00:00,4,0.9807464718758737
2020-05-24 15:00:00,4,0.9895462444217361
2020-05-24 16:00:00,4,0.9981122486413487
2020-05-24 17:00:00,4,0.999861907875616
2020-05-24 18:00:00,4,0.9999650385647192
2020-05-25 06:00:00,4,0.9534181454583306
2020-05-25 07:00:00,4,0.9913411160517127
2020-05-25 08:00:00,4,0.9920845775468083
2020-05-25 09:00:00,4,0.9982711273580963
2020-05-25 10:00:00,4,0.989942517514561
2020-05-25 11:00:00,4,0.9747885066082822
2020-05-25 12:00:00,4,0.9075667276583159
2020-05-25 13:00:00,4,0.9989030541904749
2020-05-25 14:00:00,4,0.9994299741734007
2020-05-25 15:00:00,4,0.9948626386834384
2020-05-25 16:00:00,4,0.9986484078438937
2020-05-25 17:00:00,4,0.9989468284645296
2020-05-25 18:00:00,4,0.9867241971487318
2020-05-26 06:00:00,4,0.9853793363478319
2020-05-26 07:00:00,4,0.6617507040279076
2020-05-26 08:00:00,4,0.2166406241520436
2020-05-26 09:00:00,4,0.7807655062439651
2020-05-26 10:00:00,4,0.9852845813591576
2020-05-26 11:00:00,4,0.9627348480351308
2020-05-26 12:00:00,4,0.9514199171705052
2020-05-26 13:00:00,4,0.9523955578982044
2020-05-26 14:00:00,4,0.9243102320068834
2020-05-26 15:00:00,4,0.7815998096177738
2020-05-26 16:00:00,4,0.9998523855973149
2020-05-26 17:00:00,4,0.9977496745568477
2020-05-26 18:00:00,4,0.9982988402380276
2020-05-27 06:00:00,4,0.9998219480142961
2020-05-27 07:00:00,4,0.9994438734699268
2020-05-27 08:00:00,4,0.9804382956618863
2020-05-27 09:00:00,4,0.9672722843369046
2020-05-27 10:00:00,4,0.9389945068947305
2020-05-27 11:00:00,4,0.951690739792046
2020-05-27 12:00:00,4,-0.9194776496405234
2020-05-27 13:00:00,4,0.9925075500091103
2020-05-27 14:00:00,4,0.9934325184890127
2020-05-27 15:00:00,4,0.9989613639298351
2020-05-27 16:00:00,4,0.9874651115605871
2020-05-27 17:00:00,4,0.9982054975143002
2020-05-27 18:00:00,4,0.982968016505723
2020-05-28 06:00:00,4,0.9990694381025068
2020-05-28 07:00:00,4,0.9747810528232974
2020-05-28 08:00:00,4,0.993728197711575
2020-05-28 09:00:00,4,0.9742518461569643
2020-05-28 10:00:00,4,0.9678999328759478
2020-05-28 11:00:00,4,0.9474947703130616
2020-05-28 12:00:00,4,0.9808479438668792
2020-05-28 13:00:00,4,0.9994832504005785
2020-05-28 14:00:00,4,0.9654069973519682
2020-05-28 15:00:00,4,0.9990904131430328
2020-05-28 16:00:00,4,0.999962770917993
2020-05-28 17:00:00,4,0.9762076934826288
2020-05-28 18:00:00,4,0.999815154969357
2020-05-29 06:00:00,4,0.999736919194616
2020-05-29 07:00:00,4,0.9673207321816458
2020-05-29 08:00:00,4,0.9993454603441406
2020-05-29 09:00:00,4,0.9997145481186438
2020-05-29 10:00:00,4,0.9923863790221572
2020-05-29 11:00:00,4,0.9999990163897351
2020-05-29 12:00:00,4,0.9988921393349895
2020-05-29 13:00:00,4,0.9895461751836729
2020-05-29 14:00:00,4,0.9977489770412905
2020-05-29 15:00:00,4,0.9999542464804928
2020-05-29 16:00:00,4,0.9914750206115321
2020-05-29 17:00:00,4,0.9998065626766869
2020-05-29 18:00:00,4,0.999822842500717
2020-05-30 06:00:00,4,0.9990635608335944
2020-05-30 07:00:00,4,0.9049177405583969
2020-05-30 08:00:00,4,0.9898057943750335
2020-05-30 09:00:00,4,0.8752325981260473
2020-05-30 10:00:00,4,0.8848056559785359
2020-05-30 11:00:00,4,0.9990704088166604
2020-05-30 12:00:00,4,0.8015398675487042
2020-05-30 13:00:00,4,-0.52901077826638
2020-05-30 14:00:00,4,0.32962467399705553
2020-05-30 15:00:00,4,0.3975002664543842
2020-05-30 16:00:00,4,0.07822698418623594
2020-05-30 17:00:00,4,0.9095525463204444
2020-05-30 18:00:00,4,0.999975956823027
2020-05-31 06:00:00,4,0.9764406117577005
2020-05-31 07:00:00,4,0.9997427920113524
2020-05-31 08:00:00,4,0.9959120294221693
2020-05-31 09:00:00,4,0.8042438632614864
2020-05-31 10:00:00,4,0.9923429923360343
2020-05-31 11:00:00,4,0.7350936029520394
2020-05-31 12:00:00,4,0.9999195091277707
2020-05-31 13:00:00,4,0.997232558360218
2020-05-31 14:00:00,4,0.9994860908772987
2020-05-31 15:00:00,4,0.999226176851575
2020-05-31 16:00:00,4,0.9985715309602956
2020-05-31 17:00:00,4,0.5196839880859101
2020-05-31 18:00:00,4,0.9840791807117427
2020-06-01 06:00:00,4,0.9419995093522411
2020-06-01 07:00:00,4,0.998843345525264
2020-06-01 08:00:00,4,0.9999530775631176
2020-06-01 09:00:00,4,0.9967258840026808
2020-06-01 10:00:00,4,0.981446568757253
2020-06-01 11:00:00,4,0.9845027282731019
2020-06-01 12:00:00,4,-0.4109061434533821
2020-06-01 13:00:00,4,0.6157791401320074
2020-06-01 14:00:00,4,0.0017894378782982712
2020-06-01 15:00:00,4,0.9977114707187291
2020-06-01 16:00:00,4,0.6776851721913375
2020-06-01 17:00:00,4,0.9138583793275191
2020-06-01 18:00:00,4,0.9988995173460988
2020-06-02 06:00:00,4,0.9970012644939189
2020-06-02 07:00:00,4,0.9991399138648034
2020-06-02 08:00:00,4,0.9985675491918522
2020-06-02 09:00:00,4,0.12246302353975834
2020-06-02 10:00:00,4,0.21413962966789143
2020-06-02 11:00:00,4,0.4534710426509603
2020-06-02 12:00:00,4,0.9861812124991313
2020-06-02 13:00:00,4,0.8961657445359563
2020-06-02 14:00:00,4,0.9790069085598251
2020-06-02 15:00:00,4,0.9996689212014788
2020-06-02 16:00:00,4,0.9979154988710887
2020-06-02 17:00:00,4,0.9997301580022165
2020-06-02 18:00:00,4,0.8640757109841292
2020-06-03 06:00:00,4,0.999632810226941
2020-06-03 07:00:00,4,0.9963934336104244
2020-06-03 08:00:00,4,0.998664229167711
2020-06-03 09:00:00,4,0.9996886292012332
2020-06-03 10:00:00,4,0.9011901682813175
2020-06-03 11:00:00,4,0.5600667836490744
2020-06-03 12:00:00,4,0.531643473804397
2020-06-03 13:00:00,4,0.9214517704403957
2020-06-03 14:00:00,4,0.9102865020393838
2020-06-03 15:00:00,4,0.9969054249117419
2020-06-03 16:00:00,4,0.9692544934272829
2020-06-03 17:00:00,4,0.9965022936093944
2020-06-03 18:00:00,4,0.999669472879304
2020-06-04 06:00:00,4,0.9891195956078552
2020-06-04 07:00:00,4,0.9994735534023146
2020-06-04 08:00:00,4,0.8015417245764777
2020-06-04 09:00:00,4,0.889617060846468
2020-06-04 10:00:00,4,0.9921965410663619
2020-06-04 11:00:00,4,-0.4803770077774864
2020-06-04 12:00:00,4,0.6137477966436546
2020-06-04 13:00:00,4,0.9984534647131481
2020-06-04 14:00:00,4,-0.6299082537959303
2020-06-04 15:00:00,4,0.9800635626265667
2020-06-04 16:00:00,4,0.9997896081436638
2020-06-04 17:00:00,4,0.9966612438707155
2020-06-04 18:00:00,4,0.9998068260922419
2020-06-05 06:00:00,4,0.9964253425425386
2020-06-05 07:00:00,4,0.9999549630253696
2020-06-05 08:00:00,4,0.8107144284771263
2020-06-05 09:00:00,4,0.758304481841236
2020-06-05 10:00:00,4,0.910489921454044
2020-06-05 11:00:00,4,0.9052767261191764
2020-06-05 12:00:00,4,0.661489579537064
2020-06-05 13:00:00,4,0.7763152608236209
2020-06-05 14:00:00,4,-0.8020611137647506
2020-06-05 15:00:00,4,0.82678183014371
2020-06-05 16:00:00,4,0.9993129879016803
2020-06-05 17:00:00,4,0.9846581070184673
2020-06-05 18:00:00,4,0.9997514545826708
2020-06-06 06:00:00,4,0.9211759249587343
2020-06-06 07:00:00,4,0.9656145659024173
2020-06-06 08:00:00,4,0.9996163528659442
2020-06-06 09:00:00,4,0.9994710601941991
2020-06-06 10:00:00,4,0.9422458175461018
2020-06-06 11:00:00,4,0.9996660986828966
2020-06-06 12:00:00,4,0.9976507603906313
2020-06-06 13:00:00,4,0.8382495076205678
2020-06-06 14:00:00,4,0.9915771509097242
2020-06-06 15:00:00,4,0.9665588212668427
2020-06-06 16:00:00,4,0.9638313612983418
2020-06-06 17:00:00,4,0.9989655890050947
2020-06-06 18:00:00,4,0.9982666719512365
2020-06-07 06:00:00,4,0.9880721615926789
2020-06-07 07:00:00,4,0.9614460076822997
2020-06-07 08:00:00,4,0.9296809406595214
2020-06-07 09:00:00,4,0.9792147982802654
2020-06-07 10:00:00,4,0.9913171555351623
2020-06-07 11:00:00,4,0.9468777657167459
2020-06-07 12:00:00,4,0.9939240572120576
2020-06-07 13:00:00,4,0.9974653720532128
2020-06-07 14:00:00,4,0.8663612282624323
2020-06-07 15:00:00,4,0.9938558811894939
2020-06-07 16:00:00,4,0.9906745527717927
2020-06-07 17:00:00,4,0.99915106625206
2020-06-07 18:00:00,4,0.9990779981327268
2020-06-08 06:00:00,4,0.982889155907953
2020-06-08 07:00:00,4,0.996358763218618
2020-06-08 08:00:00,4,0.9981944125646498
2020-06-08 09:00:00,4,0.990276618974412
2020-06-08 10:00:00,4,0.9924817719021458
2020-06-08 11:00:00,4,-0.6705701223547594
2020-06-08 12:00:00,4,0.9079242232869936
2020-06-08 13:00:00,4,0.9517541523829316
2020-06-08 14:00:00,4,0.9760250068771397
2020-06-08 15:00:00,4,0.9385541625616659
2020-06-08 16:00:00,4,-0.9835291074565649
2020-06-08 17:00:00,4,0.9958811431314594
2020-06-08 18:00:00,4,0.9914280670943332
2020-06-09 06:00:00,4,0.998864778036298
2020-06-09 07:00:00,4,0.9986393433295531
2020-06-09 08:00:00,4,0.9883541144339745
2020-06-09 09:00:00,4,0.9701212758376904
2020-06-09 10:00:00,4,0.9633639300296458
2020-06-09 11:00:00,4,0.9685403523931148
2020-06-09 12:00:00,4,0.9582060961552183
2020-06-09 13:00:00,4,0.9945325103216323
2020-06-09 14:00:00,4,0.9864423553034566
2020-06-09 15:00:00,4,0.9955082718647841
2020-06-09 16:00:00,4,0.9968590827720557
2020-06-09 17:00:00,4,0.997443807671475
2020-06-09 18:00:00,4,0.9869465034014605
2020-06-10 06:00:00,4,0.9828836620026364
2020-06-10 07:00:00,4,-0.2984773850120837
2020-06-10 08:00:00,4,0.8245443121576719
2020-06-10 09:00:00,4,0.9994214824758688
2020-06-10 10:00:00,4,-0.005615609264904222
2020-06-10 11:00:00,4,0.9108768923695426
2020-06-10 12:00:00,4,-0.043627263094964674
2020-06-10 13:00:00,4,0.9320211483212093
2020-06-10 14:00:00,4,0.9638601874341306
2020-06-10 15:00:00,4,0.5224423876103793
2020-06-10 16:00:00,4,0.9944466154040261
2020-06-10 17:00:00,4,0.9921959937181524
2020-06-10 18:00:00,4,0.9982734094769667
2020-06-11 06:00:00,4,0.9996181790576079
2020-06-11 07:00:00,4,0.9893411555592591
2020-06-11 08:00:00,4,0.7129716300020557
2020-06-11 09:00:00,4,0.9993760925777381
2020-06-11 10:00:00,4,0.9868053333209763
2020-06-11 11:00:00,4,0.9855719952063313
2020-06-11 12:00:00,4,0.9301730052262664
2020-06-11 13:00:00,4,0.9060367367536782
2020-06-11 14:00:00,4,0.9450736946662489
2020-06-11 15:00:00,4,0.5021831301816466
2020-06-11 16:00:00,4,0.7353155046363368
2020-06-11 17:00:00,4,0.7713324980780459
2020-06-11 18:00:00,4,0.9942882502288318
2020-06-12 06:00:00,4,0.9992877288309412
2020-06-12 07:00:00,4,0.9866226287647126
2020-06-12 08:00:00,4,0.9974822322521967
2020-06-12 09:00:00,4,0.9979491076127235
2020-06-12 10:00:00,4,0.8913273337899107
2020-06-12 11:00:00,4,0.9332276576080463
2020-06-12 12:00:00,4,0.9977665997509687
2020-06-12 13:00:00,4,0.9987742006673795
2020-06-12 14:00:00,4,0.9650669905683148
2020-06-12 15:00:00,4,0.9972262731775167
2020-06-12 16:00:00,4,0.9902075665579135
2020-06-12 17:00:00,4,0.9928432842432312
2020-06-12 18:00:00,4,0.9829556375020582
2020-06-13 06:00:00,3,-0.7559289460184543
2020-06-13 07:00:00,4,0.9703355082815058
2020-06-13 08:00:00,4,0.7834004081135637
2020-06-13 09:00:00,4,0.6212291241045952
2020-06-13 10:00:00,4,0.9861953819349677
2020-06-13 11:00:00,4,0.9762838950565365
2020-06-13 12:00:00,4,0.9971028206917634
2020-06-13 13:00:00,4,0.9878430875726526
2020-06-13 14:00:00,4,0.9847297271352132
2020-06-13 15:00:00,4,0.9980398842462467
2020-06-13 16:00:00,4,0.9916132000517648
2020-06-13 17:00:00,4,0.9999468832391512
2020-06-13 18:00:00,4,0.999774879720708
2020-06-14 05:00:00,3,-0.8660254037844409
2020-06-14 06:00:00,4,0.9763607569629673
2020-06-14 07:00:00,4,0.9885402862124958
2020-06-14 08:00:00,4,0.9961467531317298
2020-06-14 09:00:00,4,0.9644460345635637
2020-06-14 10:00:00,4,0.9818614259120972
2020-06-14 11:00:00,4,0.9973622493719506
2020-06-14 12:00:00,4,0.9934242299408332
2020-06-14 13:00:00,4,0.9979649592791553
2020-06-14 14:00:00,4,0.9493354991215078
2020-06-14 15:00:00,4,0.9792108124223349
2020-06-14 16:00:00,4,0.9720698735082306
2020-06-14 17:00:00,4,0.9920078004333183
2020-06-14 18:00:00,4,0.999445666344532
2020-06-15 05:00:00,3,-0.9449111825230677
2020-06-15 06:00:00,4,0.9997734389187108
2020-06-15 07:00:00,4,0.9796815052948022
2020-06-15 08:00:00,4,0.9914929267626209
2020-06-15 09:00:00,4,0.4307318495068651
2020-06-15 10:00:00,4,0.8168266709602315
2020-06-15 11:00:00,4,0.9884310779553441
2020-06-15 12:00:00,4,0.4070093075171765
2020-06-15 13:00:00,4,0.9929230231371933
2020-06-15 14:00:00,4,0.896575799246528
2020-06-15 15:00:00,4,0.9899049289053712
2020-06-15 16:00:00,4,0.9955770005524901
2020-06-15 17:00:00,4,0.9839783612771977
2020-06-15 18:00:00,4,0.999993222790846
2020-06-16 06:00:00,4,0.9505863757867169
2020-06-16 07:00:00,4,0.9999363266347648
2020-06-16 08:00:00,4,0.9973011336192292
2020-06-16 09:00:00,4,0.9999637941329296
2020-06-16 10:00:00,4,0.9999533416135501
2020-06-16 11:00:00,4,0.9905978257075265
2020-06-16 12:00:00,4,0.984760094973986
2020-06-16 13:00:00,4,0.9932210785852027
2020-06-16 14:00:00,4,0.6892321271737047
2020-06-16 15:00:00,4,0.9710230036498778
2020-06-16 16:00:00,4,-0.5696454548067187
2020-06-16 17:00:00,4,0.993496864330483
2020-06-16 18:00:00,4,0.9988333044843382
2020-06-17 06:00:00,4,0.9953090912765519
2020-06-17 07:00:00,4,0.9897442512633868
2020-06-17 08:00:00,4,0.9995566850383016
2020-06-17 09:00:00,4,0.9987306653543424
2020-06-17 10:00:00,4,0.8851378208683423
2020-06-17 11:00:00,4,0.5454925330612626
2020-06-17 12:00:00,4,0.5601275811765485
2020-06-17 13:00:00,4,0.7027645667788813
2020-06-17 14:00:00,4,0.9543041761137467
2020-06-17 15:00:00,4,0.9718939652540377
2020-06-17 16:00:00,4,0.928395358820148
2020-06-17 17:00:00,4,0.9613309816352977
2020-06-17 18:00:00,4,0.9717928388613534
2020-06-18 06:00:00,4,0.9973105737349685
2020-06-18 07:00:00,4,0.9957990658678596
2020-06-18 08:00:00,4,0.9741482942126762
2020-06-18 09:00:00,4,0.9473738507789589
2020-06-18 10:00:00,4,0.996345701334323
2020-06-18 11:00:00,4,0.9966096951095763
2020-06-18 12:00:00,4,0.9739312454623318
2020-06-18 13:00:00,4,0.9945094703934396
2020-06-18 14:00:00,4,0.9074003434421886
2020-06-18 15:00:00,4,0.8241839114095673
2020-06-18 16:00:00,4,0.9950993577798015
2020-06-18 17:00:00,4,0.8192672824379313
2020-06-18 18:00:00,4,0.9995548347299706
2020-06-19 05:00:00,3,0.9622934044727424
2020-06-19 06:00:00,4,0.970124797516045
2020-06-19 07:00:00,4,0.9709574088548819
2020-06-19 08:00:00,4,0.9996480079695163
2020-06-19 09:00:00,4,0.9991735776068102
2020-06-19 10:00:00,4,0.9608464323092241
2020-06-19 11:00:00,4,0.9956006999093335
2020-06-19 12:00:00,4,0.9890239923205416
2020-06-19 13:00:00,4,0.9544167850465678
2020-06-19 14:00:00,4,0.9999946884629715
2020-06-19 15:00:00,4,0.9996892353004647
2020-06-19 16:00:00,4,0.980434527061476
2020-06-19 17:00:00,4,0.9823850673252991
2020-06-19 18:00:00,4,0.9997453315999639
2020-06-20 06:00:00,4,0.9919515003788186
2020-06-20 07:00:00,4,0.9953083835291575
2020-06-20 08:00:00,4,0.9964414867662414
2020-06-20 09:00:00,4,0.9969188871247961
2020-06-20 10:00:00,4,-0.6823513268956436
2020-06-20 11:00:00,4,0.6427471318354212
2020-06-20 12:00:00,4,0.990534906485662
2020-06-20 13:00:00,4,0.9822658805479447
2020-06-20 14:00:00,4,0.9396570088474897
2020-06-20 15:00:00,4,0.9647872764259001
2020-06-20 16:00:00,4,0.9059345955441234
2020-06-20 17:00:00,4,0.9894297849277772
2020-06-20 18:00:00,4,0.9991989057663924
2020-06-21 06:00:00,4,0.9692003571645063
2020-06-21 07:00:00,4,0.9863068805767115
2020-06-21 08:00:00,4,0.9814739780877069
2020-06-21 09:00:00,4,0.9979486885208764
2020-06-21 10:00:00,4,0.987183276335213
2020-06-21 11:00:00,4,0.9833436537627405
2020-06-21 12:00:00,4,0.9576769090246195
2020-06-21 13:00:00,4,0.9679499397489104
2020-06-21 14:00:00,4,0.6556336720148587
2020-06-21 15:00:00,4,0.9974126857901188
2020-06-21 16:00:00,4,0.9959769214846272
2020-06-21 17:00:00,4,0.9334133619151167
2020-06-21 18:00:00,4,0.9243760170475274
2020-06-22 06:00:00,4,0.9692902516931531
2020-06-22 07:00:00,4,0.9675985302640242
2020-06-22 08:00:00,4,0.984171300340625
2020-06-22 09:00:00,4,0.8529110807540813
2020-06-22 10:00:00,4,0.8401950898824148
2020-06-22 11:00:00,4,0.8683618358647991
2020-06-22 12:00:00,4,0.9366226282987747
2020-06-22 13:00:00,4,0.9973873511872455
2020-06-22 14:00:00,4,0.9060784183969711
2020-06-22 15:00:00,4,0.9543972204792908
2020-06-22 16:00:00,4,0.9998446093211043
2020-06-22 17:00:00,4,0.9957353590636128
2020-06-22 18:00:00,4,0.9916214204909221
2020-06-23 05:00:00,3,
2020-06-23 06:00:00,4,0.9975548797315013
2020-06-23 07:00:00,4,0.9968991202877954
2020-06-23 08:00:00,4,0.9835859304821561
2020-06-23 09:00:00,4,0.9976698102934
2020-06-23 10:00:00,4,0.9980067109764851
2020-06-23 11:00:00,4,0.9929688078950766
2020-06-23 12:00:00,4,0.9970940834372599
2020-06-23 13:00:00,4,0.9994730195700613
2020-06-23 14:00:00,4,0.995241053367292
2020-06-23 15:00:00,4,0.9999346106659683
2020-06-23 16:00:00,4,0.7572350161356008
2020-06-23 17:00:00,4,0.994873794736523
2020-06-23 18:00:00,4,0.9715851719112402
2020-06-24 06:00:00,4,0.9998053702551031
2020-06-24 07:00:00,4,0.9928141864289999
2020-06-24 08:00:00,4,0.6880852552005078
2020-06-24 09:00:00,4,0.7916124534666196
2020-06-24 10:00:00,4,0.1665289086554507
2020-06-24 11:00:00,4,0.7226833552127984
2020-06-24 12:00:00,4,-0.9691367558907324
2020-06-24 13:00:00,4,0.9792230079412741
2020-06-24 14:00:00,4,0.9868891789208386
2020-06-24 15:00:00,4,0.9992006997842898
2020-06-24 16:00:00,4,0.9999331887440741
2020-06-24 17:00:00,4,0.9966255670277793
2020-06-24 18:00:00,4,0.9990599183641196
2020-06-25 06:00:00,4,0.9996664936596107
2020-06-25 07:00:00,4,0.9997385785203436
2020-06-25 08:00:00,4,0.014268042554184852
2020-06-25 09:00:00,4,-0.555328034539808
2020-06-25 10:00:00,4,0.160320092747
2020-06-25 11:00:00,4,-0.7986526608888233
2020-06-25 12:00:00,4,0.5757602905369368
2020-06-25 13:00:00,4,0.1525937070161342
2020-06-25 14:00:00,4,0.906724721111723
2020-06-25 15:00:00,4,0.9962406235223482
2020-06-25 16:00:00,4,0.9972599245799462
2020-06-25 17:00:00,4,0.9998889391442285
2020-06-25 18:00:00,4,0.9998865411513588
2020-06-26 06:00:00,4,0.9972668221286651
2020-06-26 07:00:00,4,0.9942758839489355
2020-06-26 08:00:00,4,0.8630148082491792
2020-06-26 09:00:00,4,-0.08609110371362692
2020-06-26 10:00:00,4,0.4595526069101234
2020-06-26 11:00:00,4,0.824266897646719
2020-06-26 12:00:00,4,0.7251870360215417
2020-06-26 13:00:00,4,0.8083207820922095
2020-06-26 14:00:00,4,0.9833929261722955
2020-06-26 15:00:00,4,0.9095870800998295
2020-06-26 16:00:00,4,0.997966383911297
2020-06-26 17:00:00,4,0.9981649966854159
2020-06-26 18:00:00,4,0.9986072206953347
2020-06-27 06:00:00,4,0.9999520859931155
2020-06-27 07:00:00,4,0.9993710913100269
2020-06-27 08:00:00,4,0.9330843404300754
2020-06-27 09:00:00,4,0.9689827117111975
2020-06-27 10:00:00,4,0.8045966926552497
2020-06-27 11:00:00,4,0.48678281823525105
2020-06-27 12:00:00,4,0.7157675836484265
2020-06-27 13:00:00,4,0.9808905221919041
2020-06-27 14:00:00,4,0.9988974480835064
2020-06-27 15:00:00,4,0.9968272954196538
2020-06-27 16:00:00,4,0.9990335887992222
2020-06-27 17:00:00,4,0.9998469692749072
2020-06-27 18:00:00,4,0.9976227867552737
2020-06-28 06:00:00,4,-0.8164965809277261
2020-06-28 07:00:00,4,0.9891140723168064
2020-06-28 08:00:00,4,0.994392782555564
2020-06-28 09:00:00,4,0.9968826369088358
2020-06-28 10:00:00,4,0.9994214844584646
2020-06-28 11:00:00,4,0.9972157808343511
2020-06-28 12:00:00,4,0.9975547952328776
2020-06-28 13:00:00,4,0.9434576218584905
2020-06-28 14:00:00,4,0.9663411352207407
2020-06-28 15:00:00,4,0.9991323433184189
2020-06-28 16:00:00,4,0.9743065122947131
2020-06-28 17:00:00,4,0.9984760302096205
2020-06-28 18:00:00,4,-0.8677218312746106
2020-06-29 05:00:00,3,0.866025403784448
2020-06-29 06:00:00,4,0.9972759107892747
2020-06-29 07:00:00,4,0.9977848565026793
2020-06-29 08:00:00,4,0.998670565608655
2020-06-29 09:00:00,4,0.8976463270049738
2020-06-29 10:00:00,4,0.9992219910480631
2020-06-29 11:00:00,4,0.987506076631975
2020-06-29 12:00:00,4,0.9983496550861575
2020-06-29 13:00:00,4,0.9889390867959612
2020-06-29 14:00:00,4,0.9906273415727572
2020-06-29 15:00:00,4,0.971456755094853
2020-06-29 16:00:00,4,0.9803966482239531
2020-06-29 17:00:00,4,0.9745198617993669
2020-06-29 18:00:00,4,0.9998497124115688
2020-06-30 06:00:00,4,0.9506791961564321
2020-06-30 07:00:00,4,0.9913324602243745
2020-06-30 08:00:00,4,0.9167365645017669
2020-06-30 09:00:00,4,0.2530482647029659
2020-06-30 10:00:00,4,0.892411296175812
2020-06-30 11:00:00,4,0.24371638485892022
2020-06-30 12:00:00,4,-0.5935220817633597
2020-06-30 13:00:00,4,0.3063492134265624
2020-06-30 14:00:00,4,0.9918270608646516
2020-06-30 15:00:00,4,0.8064465665642838
2020-06-30 16:00:00,4,0.9615743033832417
2020-06-30 17:00:00,4,0.8665173443130342
2020-06-30 18:00:00,4,0.9949207231716051
2020-07-01 06:00:00,4,0.9991773576088597
2020-07-01 07:00:00,4,0.9995461067961843
2020-07-01 08:00:00,4,0.9969630784932809
2020-07-01 09:00:00,4,0.937111215292453
2020-07-01 10:00:00,4,0.9923053395641245
2020-07-01 11:00:00,4,0.9974031369829482
2020-07-01 12:00:00,4,0.8191037415013787
2020-07-01 13:00:00,4,0.7889646244236358
2020-07-01 14:00:00,4,0.9687573504103248
2020-07-01 15:00:00,4,0.9628135612447106
2020-07-01 16:00:00,4,0.9987033615466497
2020-07-01 17:00:00,4,0.9951264758366014
2020-07-01 18:00:00,4,0.9994781527760273
2020-07-02 06:00:00,4,0.9989001570173902
2020-07-02 07:00:00,4,0.8985110593349447
2020-07-02 08:00:00,4,0.9986741263294836
2020-07-02 09:00:00,4,0.9967766452515482
2020-07-02 10:00:00,4,0.9997048647008495
2020-07-02 11:00:00,4,0.8095956932207014
2020-07-02 12:00:00,4,0.9614129811739459
2020-07-02 13:00:00,4,0.9729041576317851
2020-07-02 14:00:00,4,0.9031562026879052
2020-07-02 15:00:00,4,0.9723100649900981
2020-07-02 16:00:00,4,0.9992893488919852
2020-07-02 17:00:00,4,0.9704424538825189
2020-07-02 18:00:00,4,0.9960295301977723
2020-07-02 19:00:00,3,0.8029550685469662
2020-07-03 06:00:00,4,0.9779800945105274
2020-07-03 07:00:00,4,0.9277220950662026
2020-07-03 08:00:00,4,0.6103114084169128
2020-07-03 09:00:00,4,-0.5285663757297264
2020-07-03 10:00:00,4,0.8394583068259511
2020-07-03 11:00:00,4,0.9458914195736603
2020-07-03 12:00:00,4,-0.4975982134302036
2020-07-03 13:00:00,4,0.05448898371676275
2020-07-03 14:00:00,4,0.93810767329318
2020-07-03 15:00:00,4,0.9863106064361341
2020-07-03 16:00:00,4,0.9996797353975453
2020-07-03 17:00:00,4,0.9994359373169159
2020-07-03 18:00:00,4,0.9999230698081276
2020-07-04 06:00:00,4,0.9389803140936761
2020-07-04 07:00:00,4,0.9842770543189849
2020-07-04 08:00:00,4,0.9947687252615708
2020-07-04 09:00:00,4,0.9725351185371213
2020-07-04 10:00:00,4,0.886172901869326
2020-07-04 11:00:00,4,0.9994760013116782
2020-07-04 12:00:00,4,0.9816875745692383
2020-07-04 13:00:00,4,0.9793215460993675
2020-07-04 14:00:00,4,0.9813951500856387
2020-07-04 15:00:00,4,0.9914238553404311
2020-07-04 16:00:00,4,0.9996233355221511
2020-07-04 17:00:00,4,0.973789430683604
2020-07-04 18:00:00,4,0.9994721554615545
2020-07-05 06:00:00,4,0.9152492334988813
2020-07-05 07:00:00,4,0.9822160749161097
2020-07-05 08:00:00,4,0.9998218570155096
2020-07-05 09:00:00,4,0.9987514016304976
2020-07-05 10:00:00,4,0.9584088908846938
2020-07-05 11:00:00,4,0.970386920763393
2020-07-05 12:00:00,4,0.9784189840511325
2020-07-05 13:00:00,4,0.9949442782659241
2020-07-05 14:00:00,4,0.9799845152573644
2020-07-05 15:00:00,4,0.9741998021548944
2020-07-05 16:00:00,4,0.9066099330511214
2020-07-05 17:00:00,4,0.9502894796462682
2020-07-05 18:00:00,4,0.956909771083995
2020-07-06 06:00:00,4,0.9796749226801458
2020-07-06 07:00:00,4,0.9922927043975464
2020-07-06 08:00:00,4,0.3755481208557915
2020-07-06 09:00:00,4,0.948958877751248
2020-07-06 10:00:00,4,0.526851044058186
2020-07-06 11:00:00,4,0.9957921228277163
2020-07-06 12:00:00,4,0.9834242917279589
2020-07-06 13:00:00,4,0.738037422047191
2020-07-06 14:00:00,4,0.7640005036441785
2020-07-06 15:00:00,4,0.991464726461681
2020-07-06 16:00:00,4,0.9906334888495362
2020-07-06 17:00:00,4,0.9993995470150518
2020-07-06 18:00:00,4,0.9967345910121927
2020-07-07 06:00:00,4,0.9939685950308961
2020-07-07 07:00:00,4,0.9946217027272286
2020-07-07 08:00:00,4,0.9758754878927681
2020-07-07 09:00:00,4,0.8257492378898236
2020-07-07 10:00:00,4,0.9937149984846118
2020-07-07 11:00:00,4,0.9993232702914726
2020-07-07 12:00:00,4,0.7392749173509351
2020-07-07 13:00:00,4,0.6183716823723361
2020-07-07 14:00:00,4,0.9939083316486237
2020-07-07 15:00:00,4,0.9064190953826656
2020-07-07 16:00:00,4,0.9857513592265645
2020-07-07 17:00:00,4,0.9993092396040708
2020-07-07 18:00:00,4,0.8645874867998294
2020-07-08 06:00:00,4,0.9982399552764872
2020-07-08 07:00:00,4,0.9972356445239455
2020-07-08 08:00:00,4,0.9974222859325788
2020-07-08 09:00:00,4,0.9956908559827505
2020-07-08 10:00:00,4,0.9882554993140992
2020-07-08 11:00:00,4,0.8970678197429812
2020-07-08 12:00:00,4,-0.017597085112647393
2020-07-08 13:00:00,4,0.7949719480625399
2020-07-08 14:00:00,4,0.9675850307550921
2020-07-08 15:00:00,4,0.5391025824469794
2020-07-08 16:00:00,4,0.979296596325946
2020-07-08 17:00:00,4,0.9998226905265157
2020-07-08 18:00:00,4,0.9989355593937785
2020-07-09 06:00:00,4,0.9997582214235973
2020-07-09 07:00:00,4,0.9993736326556963
2020-07-09 08:00:00,4,0.9826143578157791
2020-07-09 09:00:00,4,0.31001418278382337
2020-07-09 10:00:00,4,0.44115617201123775
2020-07-09 11:00:00,4,0.9999220594399812
2020-07-09 12:00:00,4,0.9147356819182868
2020-07-09 13:00:00,4,0.6903130124134818
2020-07-09 14:00:00,4,0.9248121443785531
2020-07-09 15:00:00,4,0.9904440002557551
2020-07-09 16:00:00,4,0.9981691862023273
2020-07-09 17:00:00,4,0.9904240899571116
2020-07-09 18:00:00,4,0.9975137154061898
2020-07-10 06:00:00,4,0.9978104779068334
2020-07-10 07:00:00,4,0.9993129341804176
2020-07-10 08:00:00,4,0.9993763147792181
2020-07-10 09:00:00,4,0.9875003069279444
2020-07-10 10:00:00,4,0.9902758197834259
2020-07-10 11:00:00,4,0.981833259970029
2020-07-10 12:00:00,4,0.9614456712909393
2020-07-10 13:00:00,4,0.9209756318106698
2020-07-10 14:00:00,4,0.7931130922998578
2020-07-10 15:00:00,4,0.9909146214744062
2020-07-10 16:00:00,4,0.9625061774728488
2020-07-10 17:00:00,4,0.997338870898951
2020-07-10 18:00:00,4,0.9968871869746896
2020-07-11 06:00:00,4,0.9857082634045145
2020-07-11 07:00:00,4,0.935792079263991
2020-07-11 08:00:00,4,0.6326290607588554
2020-07-11 09:00:00,4,0.9421534513373637
2020-07-11 10:00:00,4,0.9854063758962879
2020-07-11 11:00:00,4,0.9987571653275124
2020-07-11 12:00:00,4,0.9047613265454479
2020-07-11 13:00:00,4,0.9853001075210348
2020-07-11 14:00:00,4,0.9899959211397354
2020-07-11 15:00:00,4,0.9946255171614677
2020-07-11 16:00:00,4,0.9917755755188581
2020-07-11 17:00:00,4,0.9990501456801062
2020-07-11 18:00:00,4,0.9826254038153492
2020-07-12 06:00:00,4,0.999723266317396
2020-07-12 07:00:00,4,0.9761712083246723
2020-07-12 08:00:00,4,0.7737094374193627
2020-07-12 09:00:00,4,0.9920162451342631
2020-07-12 10:00:00,4,0.9750219200457605
2020-07-12 11:00:00,4,0.9870687768813955
2020-07-12 12:00:00,4,0.9369499660075375
2020-07-12 13:00:00,4,0.9956443803965194
2020-07-12 14:00:00,4,0.9761504055696286
2020-07-12 15:00:00,4,0.9831429360425621
2020-07-12 16:00:00,4,0.9858973537162831
2020-07-12 17:00:00,4,0.9980606437584754
2020-07-12 18:00:00,4,0.9967897472458944
2020-07-13 06:00:00,4,0.9999246800042998
2020-07-13 07:00:00,4,0.9696584108069563
2020-07-13 08:00:00,4,0.9952344762167564
2020-07-13 09:00:00,4,0.9909946774103211
2020-07-13 10:00:00,4,0.9955361401294034
2020-07-13 11:00:00,4,0.9877087842951499
2020-07-13 12:00:00,4,0.9970802454407603
2020-07-13 13:00:00,4,0.936831418136584
2020-07-13 14:00:00,4,0.876414225487484
2020-07-13 15:00:00,4,0.9385847386753557
2020-07-13 16:00:00,4,0.6313216872707901
2020-07-13 17:00:00,4,0.970726867373102
2020-07-13 18:00:00,4,0.9999459520795544
2020-07-14 06:00:00,4,0.9973380868208889
2020-07-14 07:00:00,4,0.99959302236019
2020-07-14 08:00:00,4,0.9999771299341853
2020-07-14 09:00:00,4,0.37925594363619863
2020-07-14 10:00:00,4,0.9796045055740391
2020-07-14 11:00:00,4,0.8765708819662477
2020-07-14 12:00:00,4,0.9801223263455464
2020-07-14 13:00:00,4,0.9609214522649503
2020-07-14 14:00:00,4,0.992845013904242
2020-07-14 15:00:00,4,0.9790955302114862
2020-07-14 16:00:00,4,0.9985260608456591
2020-07-14 17:00:00,4,0.9993703309709187
2020-07-14 18:00:00,4,0.9948575225125161
2020-07-15 06:00:00,4,0.9080507981544947
2020-07-15 07:00:00,4,0.9957724275121356
2020-07-15 08:00:00,4,0.9946661127580002
2020-07-15 09:00:00,4,0.9888352445373898
2020-07-15 10:00:00,4,0.9624656300624096
2020-07-15 11:00:00,4,0.8676871040999818
2020-07-15 12:00:00,4,0.9086859829691682
2020-07-15 13:00:00,4,0.9952027530497869
2020-07-15 14:00:00,4,0.9717568877649081
2020-07-15 15:00:00,4,0.9987657994361859
2020-07-15 16:00:00,4,0.999732740447543
2020-07-15 17:00:00,4,0.9603269507203172
2020-07-15 18:00:00,4,0.990642638147566
2020-07-16 06:00:00,4,0.8697531915656688
2020-07-16 07:00:00,4,0.4281733536892987
2020-07-16 08:00:00,4,0.9649659314760989
2020-07-16 09:00:00,4,0.9990588368803768
2020-07-16 10:00:00,4,0.9478693934689373
2020-07-16 11:00:00,4,0.898165082830632
2020-07-16 12:00:00,4,0.9971683201268161
2020-07-16 13:00:00,4,0.9962991215069742
2020-07-16 14:00:00,4,0.9986832904577967
2020-07-16 15:00:00,4,0.985854875356001
2020-07-16 16:00:00,4,0.998336898939911
2020-07-16 17:00:00,4,0.9984602182934756
2020-07-16 18:00:00,4,0.946335216917921
2020-07-17 06:00:00,4,0.9987922407482548
2020-07-17 07:00:00,4,0.9173082331399001
2020-07-17 08:00:00,4,0.9965597237552943
2020-07-17 09:00:00,4,0.9533726414068857
2020-07-17 10:00:00,4,0.9962963408250902
2020-07-17 11:00:00,4,0.9972366283548935
2020-07-17 12:00:00,4,0.9972265070142556
2020-07-17 13:00:00,4,0.9976807937150709
2020-07-17 14:00:00,4,0.995808852677724
2020-07-17 15:00:00,4,0.9927183125039126
2020-07-17 16:00:00,4,0.9976514621277622
2020-07-17 17:00:00,4,0.9988658579918681
2020-07-17 18:00:00,4,0.9162718794826643
2020-07-18 06:00:00,4,0.9744245580648264
2020-07-18 07:00:00,4,0.9961896854051879
2020-07-18 08:00:00,4,0.9939934429676632
2020-07-18 09:00:00,4,0.9715136744240311
2020-07-18 10:00:00,4,0.7340458640884846
2020-07-18 11:00:00,4,0.9761268206829408
2020-07-18 12:00:00,4,0.9920997221155484
2020-07-18 13:00:00,4,0.9982073175666232
2020-07-18 14:00:00,4,0.5544055975229372
2020-07-18 15:00:00,4,0.9887926754939774
2020-07-18 16:00:00,4,0.9679130214320967
2020-07-18 17:00:00,4,0.9971194248267546
2020-07-18 18:00:00,4,0.826080997742597
2020-07-19 06:00:00,4,0.9817810870894443
2020-07-19 07:00:00,4,0.9662135776698706
2020-07-19 08:00:00,4,0.9829021695770175
2020-07-19 09:00:00,4,0.9883081738964004
2020-07-19 10:00:00,4,0.9945223443370562
2020-07-19 11:00:00,4,0.995021762292191
2020-07-19 12:00:00,4,0.9980354406946327
2020-07-19 13:00:00,4,0.9990086729395007
2020-07-19 14:00:00,4,0.9648143164920905
2020-07-19 15:00:00,4,0.6851845224090554
2020-07-19 16:00:00,4,0.8482972409266297
2020-07-19 17:00:00,4,-0.6258363788892184
2020-07-19 18:00:00,4,0.99976048219549
2020-07-20 06:00:00,4,0.9984962493932182
2020-07-20 07:00:00,4,0.9832880693137425
2020-07-20 08:00:00,4,0.984936792644321
2020-07-20 09:00:00,4,0.5319475341749007
2020-07-20 10:00:00,4,0.11800628984669034
2020-07-20 11:00:00,4,0.5345604442238481
2020-07-20 12:00:00,4,0.1442524763719416
2020-07-20 13:00:00,4,0.8683680367964655
2020-07-20 14:00:00,4,0.8876126689099251
2020-07-20 15:00:00,4,0.8947504404766885
2020-07-20 16:00:00,4,0.9868518687938237
2020-07-20 17:00:00,4,0.998553106267951
2020-07-20 18:00:00,4,0.9994084666745754
2020-07-21 06:00:00,4,0.9993775198502454
2020-07-21 07:00:00,4,0.998168571200702
2020-07-21 08:00:00,4,0.9983399823382885
2020-07-21 09:00:00,4,0.9905474939445541
2020-07-21 10:00:00,4,0.9939574903888827
2020-07-21 11:00:00,4,0.9895310075943152
2020-07-21 12:00:00,4,0.9984868225371238
2020-07-21 13:00:00,4,0.9476413582877643
2020-07-21 14:00:00,4,0.3112677144749353
2020-07-21 15:00:00,4,0.993826615332669
2020-07-21 16:00:00,4,0.9746907988127793
2020-07-21 17:00:00,4,0.9998804664024639
2020-07-21 18:00:00,4,0.999889553863512
2020-07-22 06:00:00,4,0.9998488595681174
2020-07-22 07:00:00,4,0.9864502928115533
2020-07-22 08:00:00,4,0.8651494716299746
2020-07-22 09:00:00,4,0.9633998883269952
2020-07-22 10:00:00,4,0.9431944748873964
2020-07-22 11:00:00,4,0.9407676863788607
2020-07-22 12:00:00,4,0.9956011794296481
2020-07-22 13:00:00,4,0.5471108018699166
2020-07-22 14:00:00,4,-0.33933039273518034
2020-07-22 15:00:00,4,0.6240280179632384
2020-07-22 16:00:00,4,0.9997473456992939
2020-07-22 17:00:00,4,0.9387097250078618
2020-07-22 18:00:00,4,0.9998607757471537
2020-07-23 06:00:00,4,0.996336168948028
2020-07-23 07:00:00,4,0.9841902448346643
2020-07-23 08:00:00,4,0.8932269667983782
2020-07-23 09:00:00,4,0.7631634640232565
2020-07-23 10:00:00,4,0.9889443358573983
2020-07-23 11:00:00,4,0.9964396127524133
2020-07-23 12:00:00,4,0.4179824440501354
2020-07-23 13:00:00,4,-0.5982178126327312
2020-07-23 14:00:00,4,0.8652171509613542
2020-07-23 15:00:00,4,0.4530324813563967
2020-07-23 16:00:00,4,0.9972655148401849
2020-07-23 17:00:00,4,0.997252882673531
2020-07-23 18:00:00,4,0.9980409450844129
2020-07-24 06:00:00,4,0.9994484479386768
2020-07-24 07:00:00,4,0.9745228740875539
2020-07-24 08:00:00,4,0.8401284256715656
2020-07-24 09:00:00,4,0.7342543570407758
2020-07-24 10:00:00,4,0.9770956677179813
2020-07-24 11:00:00,4,0.962346449696879
2020-07-24 12:00:00,4,0.9561651450356772
2020-07-24 13:00:00,4,0.8152547702018929
2020-07-24 14:00:00,4,0.9930203903702679
2020-07-24 15:00:00,4,0.9942652714141021
2020-07-24 16:00:00,4,0.8682393948854957
2020-07-24 17:00:00,4,0.9987443913159002
2020-07-24 18:00:00,4,0.9398411767438821
2020-07-25 06:00:00,4,0.9962303547749936
2020-07-25 07:00:00,4,0.9983227831145731
2020-07-25 08:00:00,4,0.986700915202509
2020-07-25 09:00:00,4,0.9993908203558985
2020-07-25 10:00:00,4,0.988848276612137
2020-07-25 11:00:00,4,0.970109315615241
2020-07-25 12:00:00,4,0.9999048531266588
2020-07-25 13:00:00,4,0.9985247990193327
2020-07-25 14:00:00,4,0.9733344642078434
2020-07-25 15:00:00,4,0.9988361192215629
2020-07-25 16:00:00,4,0.9900310813057402
2020-07-25 17:00:00,4,0.9854926836210685
2020-07-25 18:00:00,4,0.965280209236122
2020-07-26 06:00:00,4,0.996235533828246
2020-07-26 07:00:00,4,0.9997631062366478
2020-07-26 08:00:00,4,0.9953701747889028
2020-07-26 09:00:00,4,0.9650988945260608
2020-07-26 10:00:00,4,0.9983053524222807
2020-07-26 11:00:00,4,0.9199211658228711
2020-07-26 12:00:00,4,0.9977145606181115
2020-07-26 13:00:00,4,0.9700200408501495
2020-07-26 14:00:00,4,0.9780891978949037
2020-07-26 15:00:00,4,0.7848487889158541
2020-07-26 16:00:00,4,0.9928366131457661
2020-07-26 17:00:00,4,0.9531279418851274
2020-07-26 18:00:00,4,0.9998440220342686
2020-07-27 06:00:00,4,0.9896133713346428
2020-07-27 07:00:00,4,0.9893413641577958
2020-07-27 08:00:00,4,0.9957788579278554
2020-07-27 09:00:00,4,0.9781510234693455
2020-07-27 10:00:00,4,0.9976290189910538
2020-07-27 11:00:00,4,0.9819650376831653
2020-07-27 12:00:00,4,0.9774357536714678
2020-07-27 13:00:00,4,0.9991745556724945
2020-07-27 14:00:00,4,0.9938384052221805
2020-07-27 15:00:00,4,0.9889031992343706
2020-07-27 16:00:00,4,0.9796210340131043
2020-07-27 17:00:00,4,0.9999647844257286
2020-07-27 18:00:00,4,0.9683542967348465
2020-07-28 06:00:00,4,0.680303847997993
2020-07-28 07:00:00,4,0.9969491647670974
2020-07-28 08:00:00,4,0.9940362933751559
2020-07-28 09:00:00,4,0.9577536484126715
2020-07-28 10:00:00,4,0.8844816234701741
2020-07-28 11:00:00,4,0.8674465250649093
2020-07-28 12:00:00,4,0.9734856500116131
2020-07-28 13:00:00,4,0.8785381864753534
2020-07-28 14:00:00,4,0.9958466542647542
2020-07-28 15:00:00,4,0.9855251253832673
2020-07-28 16:00:00,4,0.9545976693087127
2020-07-28 17:00:00,4,0.9982582355725995
2020-07-28 18:00:00,4,0.9926823552036823
2020-07-29 06:00:00,4,0.9995901186145084
2020-07-29 07:00:00,4,0.9973868253334806
2020-07-29 08:00:00,4,-0.7996030416765156
2020-07-29 09:00:00,4,0.8244258745515997
2020-07-29 10:00:00,4,0.6433866450807157
2020-07-29 11:00:00,4,0.7311337867622306
2020-07-29 12:00:00,4,-0.06040791858328354
2020-07-29 13:00:00,4,0.9624158901920074
2020-07-29 14:00:00,4,0.9223820264375003
2020-07-29 15:00:00,4,0.37283019392775907
2020-07-29 16:00:00,4,0.8896928436937823
2020-07-29 17:00:00,4,0.9853037206050838
2020-07-29 18:00:00,4,0.9980840211673737
2020-07-30 06:00:00,4,0.9999345979171618
2020-07-30 07:00:00,4,0.999049729713217
2020-07-30 08:00:00,4,0.99448978428079
2020-07-30 09:00:00,4,0.42699231006137844
2020-07-30 10:00:00,4,0.9921457732878752
2020-07-30 11:00:00,4,0.973031264316972
2020-07-30 12:00:00,4,0.9875226467704312
2020-07-30 13:00:00,4,0.9447305588485468
2020-07-30 14:00:00,4,0.755842340471091
2020-07-30 15:00:00,4,0.1898345578604057
2020-07-30 16:00:00,4,0.9981249991384796
2020-07-30 17:00:00,4,0.9890970360836233
2020-07-30 18:00:00,4,0.9964525579544755
2020-07-31 06:00:00,4,0.9999479354423004
2020-07-31 07:00:00,4,0.9899018713346899
2020-07-31 08:00:00,4,0.996083478518601
2020-07-31 09:00:00,4,0.998311724120233
2020-07-31 10:00:00,4,0.9795505238722526
2020-07-31 11:00:00,4,-0.24523782291216004
2020-07-31 12:00:00,4,0.012441848354567487
2020-07-31 13:00:00,4,-0.5505504180605745
2020-07-31 14:00:00,4,0.9846720088454044
2020-07-31 15:00:00,4,0.991680284162304
2020-07-31 16:00:00,4,0.990287836711028
2020-07-31 17:00:00,4,0.9728952930487169
2020-07-31 18:00:00,4,0.9998217337960803
2020-08-01 06:00:00,4,0.999640901560996
2020-08-01 07:00:00,4,0.9998853908973024
2020-08-01 08:00:00,4,0.9736638898051304
2020-08-01 09:00:00,4,0.9884500074773028
2020-08-01 10:00:00,4,0.9092200837028581
2020-08-01 11:00:00,4,0.5970329503221928
2020-08-01 12:00:00,4,-0.6210886426382861
2020-08-01 13:00:00,4,0.9752844915684
2020-08-01 14:00:00,4,0.9243516527146954
2020-08-01 15:00:00,4,0.9996861178438318
2020-08-01 16:00:00,4,0.9995502676393314
2020-08-01 17:00:00,4,0.9999586095580635
2020-08-01 18:00:00,4,0.9986266459313483
2020-08-02 06:00:00,4,0.9997567304508463
2020-08-02 07:00:00,4,0.9873842308111286
2020-08-02 08:00:00,4,0.9501076662141846
2020-08-02 09:00:00,4,0.8748093383895644
2020-08-02 10:00:00,4,0.9962025718234785
2020-08-02 11:00:00,4,0.983456368056934
2020-08-02 12:00:00,4,-0.20360288128744083
2020-08-02 13:00:00,4,0.7997778199807789
2020-08-02 14:00:00,4,0.9869658489314509
2020-08-02 15:00:00,4,0.9870269029779144
2020-08-02 16:00:00,4,0.9982564817551765
2020-08-02 17:00:00,4,0.9999126351941351
2020-08-02 18:00:00,4,0.9937082971878385
2020-08-03 06:00:00,4,0.9930467042563379
2020-08-03 07:00:00,4,0.9913636246404219
2020-08-03 08:00:00,4,0.9602911260861093
2020-08-03 09:00:00,4,0.9977810995405078
2020-08-03 10:00:00,4,0.9969030669567157
2020-08-03 11:00:00,4,0.9955890941438609
2020-08-03 12:00:00,4,0.7707275860219277
2020-08-03 13:00:00,4,0.8323613401130198
2020-08-03 14:00:00,4,0.8236623676729855
2020-08-03 15:00:00,4,0.997157772951254
2020-08-03 16:00:00,4,0.9996113295768976
2020-08-03 17:00:00,4,0.9997574405547379
2020-08-03 18:00:00,4,0.997456377357927
2020-08-04 06:00:00,4,0.9987969290731736
2020-08-04 07:00:00,4,0.9998427332634208
2020-08-04 08:00:00,4,0.9997639256809259
2020-08-04 09:00:00,4,0.9999744346647573
2020-08-04 10:00:00,4,0.9993203386929669
2020-08-04 11:00:00,4,0.12917442417282868
2020-08-04 12:00:00,4,0.8840668831726703
2020-08-04 13:00:00,4,0.9464250476312255
2020-08-04 14:00:00,4,0.9912605857583144
2020-08-04 15:00:00,4,0.9988153156298983
2020-08-04 16:00:00,4,0.9994704191549971
2020-08-04 17:00:00,4,0.9993573131323192
2020-08-04 18:00:00,4,0.9999706063400879
2020-08-05 06:00:00,4,0.9977227709040819
2020-08-05 07:00:00,4,0.9999281991590229
2020-08-05 08:00:00,4,0.9999874088689816
2020-08-05 09:00:00,4,0.9981162833832818
2020-08-05 10:00:00,4,0.9978574535435828
2020-08-05 11:00:00,4,0.9889878792164555
2020-08-05 12:00:00,4,-0.03475566266160508
2020-08-05 13:00:00,4,0.9916064347154333
2020-08-05 14:00:00,4,-0.4849540735831139
2020-08-05 15:00:00,4,0.9440184534072742
2020-08-05 16:00:00,4,0.9937710090392169
2020-08-05 17:00:00,4,0.9947102211526693
2020-08-05 18:00:00,4,0.9977587005355777
2020-08-06 06:00:00,4,0.999877527498886
2020-08-06 07:00:00,4,0.9998656151627419
2020-08-06 08:00:00,4,0.9402472462870098
2020-08-06 09:00:00,4,0.9999321845239648
2020-08-06 10:00:00,4,0.8961548257719142
2020-08-06 11:00:00,4,0.9959413232905584
2020-08-06 12:00:00,4,0.314058826274423
2020-08-06 13:00:00,4,0.9931463962526512
2020-08-06 14:00:00,4,0.7930860842437745
2020-08-06 15:00:00,4,0.7748867914358327
2020-08-06 16:00:00,4,0.8244888604519109
2020-08-06 17:00:00,4,0.9868575488093078
2020-08-06 18:00:00,4,0.971466631663846
2020-08-07 06:00:00,4,0.9995175114494566
2020-08-07 07:00:00,4,0.9806951425967745
2020-08-07 08:00:00,4,0.9815611861943143
2020-08-07 09:00:00,4,0.9995648082835322
2020-08-07 10:00:00,4,-0.3811888636073528
2020-08-07 11:00:00,4,0.5472574110945224
2020-08-07 12:00:00,4,-0.13207865978241692
2020-08-07 13:00:00,4,0.9948836255189057
2020-08-07 14:00:00,4,0.8646181793349499
2020-08-07 15:00:00,4,0.9818639231858999
2020-08-07 16:00:00,4,0.9368850577929454
2020-08-07 17:00:00,4,0.9982661188264692
2020-08-07 18:00:00,4,0.9920452883423097
2020-08-08 06:00:00,4,0.9848104398968347
2020-08-08 07:00:00,4,0.9996790937374356
2020-08-08 08:00:00,4,0.9973515540593728
2020-08-08 09:00:00,4,0.9506837193442755
2020-08-08 10:00:00,4,0.9657650569645254
2020-08-08 11:00:00,4,0.9737597278903299
2020-08-08 12:00:00,4,0.8550918249832593
2020-08-08 13:00:00,4,-0.029374252733356317
2020-08-08 14:00:00,4,0.6495079219950779
2020-08-08 15:00:00,4,0.9979078418515038
2020-08-08 16:00:00,4,0.9957810579971446
2020-08-08 17:00:00,4,0.9993886962490753
2020-08-08 18:00:00,4,0.9776518299355655
2020-08-09 06:00:00,4,0.9835839387042304
2020-08-09 07:00:00,4,0.9936540889413927
2020-08-09 08:00:00,4,0.9909237659065554
2020-08-09 09:00:00,4,0.9881825506249005
2020-08-09 10:00:00,4,0.8823386112426495
2020-08-09 11:00:00,4,0.8894719262252629
2020-08-09 12:00:00,4,0.7589957998854616
2020-08-09 13:00:00,4,0.9145116752474519
2020-08-09 14:00:00,4,0.2455340329206804
2020-08-09 15:00:00,4,0.6578314290584563
2020-08-09 16:00:00,4,0.7009304093153569
2020-08-09 17:00:00,4,0.9157942701672707
2020-08-09 18:00:00,4,0.9997007166318718
2020-08-10 07:00:00,4,0.99924246166712
2020-08-10 08:00:00,4,0.9137800318963654
2020-08-10 09:00:00,4,0.9986223927129498
2020-08-10 10:00:00,4,0.8690453317673165
2020-08-10 11:00:00,4,0.9387055945258544
2020-08-10 12:00:00,4,0.7137798363252209
2020-08-10 13:00:00,4,0.6009557423051579
2020-08-10 14:00:00,4,0.9718366540429858
2020-08-10 15:00:00,4,0.999637817026084
2020-08-10 16:00:00,4,0.9077270227289707
2020-08-10 17:00:00,4,0.8189699674934214
2020-08-10 18:00:00,4,0.9995612653570993
2020-08-11 06:00:00,4,0.9993163677889397
2020-08-11 07:00:00,4,0.6125667543462843
2020-08-11 08:00:00,4,0.9896030606204572
2020-08-11 09:00:00,4,0.7301481463705207
2020-08-11 10:00:00,4,0.6416880519989591
2020-08-11 11:00:00,4,0.9394349501999162
2020-08-11 12:00:00,4,0.8259102169584986
2020-08-11 13:00:00,4,-0.034099289293612986
2020-08-11 14:00:00,4,0.46362293011581057
2020-08-11 15:00:00,4,0.2992618991711856
2020-08-11 16:00:00,4,0.9646131203872558
2020-08-11 17:00:00,4,0.9975266309808656
2020-08-11 18:00:00,4,0.999872016208478
2020-08-12 06:00:00,4,0.9990871512071842
2020-08-12 07:00:00,4,0.9856329136984106
2020-08-12 08:00:00,4,0.9496777929458174
2020-08-12 09:00:00,4,0.9970582706873615
2020-08-12 10:00:00,4,0.9992588426057032
2020-08-12 11:00:00,4,0.9775089201642159
2020-08-12 12:00:00,4,0.9806226709838459
2020-08-12 13:00:00,4,0.9840308782402623
2020-08-12 14:00:00,4,0.9782833559349601
2020-08-12 15:00:00,4,0.993935324913602
2020-08-12 16:00:00,4,0.8719902206614768
2020-08-12 17:00:00,4,0.9987192538902895
2020-08-12 18:00:00,4,0.9998951677541447
2020-08-13 06:00:00,4,0.9869542686921037
2020-08-13 07:00:00,4,0.9999322291083018
2020-08-13 08:00:00,4,0.9999214036412618
2020-08-13 09:00:00,4,0.998568791354483
2020-08-13 10:00:00,4,0.2568485086061465
2020-08-13 11:00:00,4,-0.7134239294773038
2020-08-13 12:00:00,4,0.8472333726223801
2020-08-13 13:00:00,4,-0.462561488413043
2020-08-13 14:00:00,4,0.3530751893574207
2020-08-13 15:00:00,4,0.8094215782784162
2020-08-13 16:00:00,4,0.9971826884655862
2020-08-13 17:00:00,4,0.08738747510713364
2020-08-13 18:00:00,4,0.9996714179525953
2020-08-14 06:00:00,4,0.9990153867782247
2020-08-14 07:00:00,4,0.9997865566773131
2020-08-14 08:00:00,4,0.9998826987217755
2020-08-14 09:00:00,4,0.9961750781545845
2020-08-14 10:00:00,4,0.7982535370845578
2020-08-14 11:00:00,4,0.871563310386222
2020-08-14 12:00:00,4,0.44466291893738347
2020-08-14 13:00:00,4,0.531763225182119
2020-08-14 14:00:00,4,0.9820712082873906
2020-08-14 15:00:00,4,0.6580545449413792
2020-08-14 16:00:00,4,-0.48019547961503223
2020-08-14 17:00:00,4,0.9993451346328134
2020-08-14 18:00:00,4,0.992428249876176
2020-08-15 06:00:00,4,0.9890636085599557
2020-08-15 07:00:00,4,0.9999636392202523
2020-08-15 08:00:00,4,0.9993222065474
2020-08-15 09:00:00,4,0.9992535430073863
2020-08-15 10:00:00,4,0.9585949933332549
2020-08-15 11:00:00,4,0.9922816743969529
2020-08-15 12:00:00,4,-0.4292243536543698
2020-08-15 13:00:00,4,0.50937374602387
2020-08-15 14:00:00,4,-0.11708919827337558
2020-08-15 15:00:00,4,0.9449402743727323
2020-08-15 16:00:00,4,0.9701163277974775
2020-08-15 17:00:00,4,0.9904328474178806
2020-08-15 18:00:00,4,0.9911762316180192
2020-08-16 06:00:00,4,0.9905374899697086
2020-08-16 07:00:00,4,0.999726649248878
2020-08-16 08:00:00,4,0.9998362254705287
2020-08-16 09:00:00,4,0.9991709208974836
2020-08-16 10:00:00,4,0.9949767050538572
2020-08-16 11:00:00,4,-0.7170419962571342
2020-08-16 12:00:00,4,0.7360315887671995
2020-08-16 13:00:00,4,-0.5482365518600454
2020-08-16 14:00:00,4,0.9931221328590416
2020-08-16 15:00:00,4,0.9332765999071416
2020-08-16 16:00:00,4,0.986108999477855
2020-08-16 17:00:00,4,0.9998754873288411
2020-08-16 18:00:00,4,0.9997128057508518
2020-08-17 06:00:00,4,0.9958873282597931
2020-08-17 07:00:00,4,0.9998972263436375
2020-08-17 08:00:00,4,0.9998569122671325
2020-08-17 09:00:00,4,0.9966307235995292
2020-08-17 10:00:00,4,0.8055969963859724
2020-08-17 11:00:00,4,0.7446709475294983
2020-08-17 12:00:00,4,-0.8601230073728767
2020-08-17 13:00:00,4,0.9892141386721972
2020-08-17 14:00:00,4,0.9939667492983802
2020-08-17 15:00:00,4,0.9941702262573964
2020-08-17 16:00:00,4,0.9594018115802284
2020-08-17 17:00:00,4,0.9999298933783096
2020-08-17 18:00:00,4,0.9574717743370961
2020-08-18 06:00:00,4,0.9963464427146802
2020-08-18 07:00:00,4,0.9998727733030529
2020-08-18 08:00:00,4,0.9995543797464947
2020-08-18 09:00:00,4,0.9969983961474409
2020-08-18 10:00:00,4,0.9857772825345277
2020-08-18 11:00:00,4,-0.5801845348199186
2020-08-18 12:00:00,4,-0.7588877024993589
2020-08-18 13:00:00,4,0.9724451404801999
2020-08-18 14:00:00,4,0.9840434429607545
2020-08-18 15:00:00,4,0.9983763092876043
2020-08-18 16:00:00,4,0.9997693432221961
2020-08-18 17:00:00,4,0.9997690681731113
2020-08-18 18:00:00,4,0.9999906274143022
2020-08-19 06:00:00,4,0.9987035302679235
2020-08-19 07:00:00,4,0.9996508696399453
2020-08-19 08:00:00,4,0.9998151229785751
2020-08-19 09:00:00,4,0.9995569365785951
2020-08-19 10:00:00,4,0.9664736485510779
2020-08-19 11:00:00,4,0.7676350597641415
2020-08-19 12:00:00,4,0.8836824438917895
2020-08-19 13:00:00,4,0.9953821157321238
2020-08-19 14:00:00,4,0.998218427778372
2020-08-19 15:00:00,4,0.9993170658413172
2020-08-19 16:00:00,4,0.9289088044632389
2020-08-19 17:00:00,4,0.9998735263792026
2020-08-19 18:00:00,4,0.95438400269774
2020-08-20 06:00:00,4,0.9977887867916782
2020-08-20 07:00:00,4,0.9995490106411408
2020-08-20 08:00:00,4,0.9983953357451367
2020-08-20 09:00:00,4,0.996911918758774
2020-08-20 10:00:00,4,0.9777590145370927
2020-08-20 11:00:00,4,0.04122660726573043
2020-08-20 12:00:00,4,-0.9429577113625086
2020-08-20 13:00:00,4,0.06145273317293731
2020-08-20 14:00:00,4,0.9987973169496351
2020-08-20 15:00:00,4,0.9724084544758897
2020-08-20 16:00:00,4,0.9933760905409583
2020-08-21 06:00:00,4,0.999626301149934
2020-08-21 07:00:00,4,0.9988725942509622
2020-08-21 08:00:00,4,0.9497356726783428
2020-08-21 09:00:00,4,0.936011678179651
2020-08-21 10:00:00,4,0.9806611457445914
2020-08-21 11:00:00,4,0.9964746276796417
2020-08-21 12:00:00,4,-0.1835667747425446
2020-08-21 13:00:00,4,0.7113924949768524
2020-08-21 14:00:00,4,0.8487110746787455
2020-08-21 15:00:00,4,0.8253861823055976
2020-08-21 16:00:00,4,0.9631973535180963
2020-08-21 17:00:00,4,0.9660152535470647
2020-08-21 18:00:00,4,0.9999738558528805
2020-08-22 06:00:00,4,0.9990850104581405
2020-08-22 07:00:00,4,0.999988750249132
2020-08-22 08:00:00,4,0.9990723591249488
2020-08-22 09:00:00,4,0.7047665892130393
2020-08-22 10:00:00,4,0.818641281539249
2020-08-22 11:00:00,4,0.2902956354473277
2020-08-22 12:00:00,4,0.9871417092026739
2020-08-22 13:00:00,4,0.46962347288077516
2020-08-22 14:00:00,4,-0.45826536647438704
2020-08-22 15:00:00,4,0.959290019592781
2020-08-22 16:00:00,4,0.9699999522468713
2020-08-22 17:00:00,4,0.9967509597233537
2020-08-22 18:00:00,4,0.9045340337332907
2020-08-23 06:00:00,4,0.9997257620801872
2020-08-23 07:00:00,4,0.9990978834293593
2020-08-23 08:00:00,4,0.9992405387002437
2020-08-23 09:00:00,4,0.9956327158916722
2020-08-23 10:00:00,4,0.9948607242253571
2020-08-23 11:00:00,4,-0.4467570061875215
2020-08-23 12:00:00,4,0.5082136412753819
2020-08-23 13:00:00,4,0.28859693249662527
2020-08-23 14:00:00,4,0.9986719013149217
2020-08-23 15:00:00,4,0.9950482974102879
2020-08-23 16:00:00,4,0.46424091317846333
2020-08-23 17:00:00,4,0.9995685091813067
2020-08-23 18:00:00,4,0.9994288903421747
2020-08-24 06:00:00,4,0.9997731362824177
2020-08-24 07:00:00,4,0.9999828026700268
2020-08-24 08:00:00,4,0.9999884781177484
2020-08-24 09:00:00,4,0.998186034647087
2020-08-24 10:00:00,4,0.9884267354400464
2020-08-24 11:00:00,4,0.1697515644521726
2020-08-24 12:00:00,4,-0.5760403713419602
2020-08-24 13:00:00,4,0.9585563811737904
2020-08-24 14:00:00,4,0.6819199897470724
2020-08-24 15:00:00,4,0.8470604877212972
2020-08-24 16:00:00,4,0.9950616556350531
2020-08-24 17:00:00,4,0.8881970133009766
2020-08-24 18:00:00,3,0.9996074829300123
2020-08-25 06:00:00,4,0.9995238426087613
2020-08-25 07:00:00,4,0.9994051306714031
2020-08-25 08:00:00,4,0.9926883325939913
2020-08-25 09:00:00,4,0.9939433954023362
2020-08-25 10:00:00,4,0.9989824713324889
2020-08-25 11:00:00,4,0.9723672751218181
2020-08-25 12:00:00,4,0.9789466957171229
2020-08-25 13:00:00,4,0.9987159492083397
2020-08-25 14:00:00,4,0.8519871247242948
2020-08-25 15:00:00,4,0.9049483316055805
2020-08-25 16:00:00,4,0.9986830118370625
2020-08-25 17:00:00,4,0.9914805178321433
2020-08-25 18:00:00,3,0.999974458387743
2020-08-26 06:00:00,3,0.9999138359597194
2020-08-26 07:00:00,4,0.9962359891581112
2020-08-26 08:00:00,4,0.9998177277127893
2020-08-26 09:00:00,4,0.9997201282229892
2020-08-26 10:00:00,4,0.5973447376836158
2020-08-26 11:00:00,4,0.9796295211850118
2020-08-26 12:00:00,4,0.966638576824457
2020-08-26 13:00:00,4,0.7875485862495576
2020-08-26 14:00:00,4,-0.06802526186478391
2020-08-26 15:00:00,4,0.9893507294633463
2020-08-26 16:00:00,4,0.9984722173474213
2020-08-26 17:00:00,4,0.9997943278356616
2020-08-26 18:00:00,3,0.9988971587917855
2020-08-27 06:00:00,4,0.9995552878214025
2020-08-27 07:00:00,4,0.9998383772195788
2020-08-27 08:00:00,4,0.9996228175938691
2020-08-27 09:00:00,4,0.9971901039181801
2020-08-27 10:00:00,4,0.9154685527543008
2020-08-27 11:00:00,4,0.8930031583987522
2020-08-27 12:00:00,4,-0.1280910926455784
2020-08-27 13:00:00,4,0.9085394312367292
2020-08-27 14:00:00,4,0.9700296531781378
2020-08-27 15:00:00,4,0.9842167150799618
2020-08-27 16:00:00,4,0.9998952445952818
2020-08-27 17:00:00,4,0.9999186213494575
2020-08-27 18:00:00,3,0.9987891892321128
2020-08-28 06:00:00,3,0.9999692431420678
2020-08-28 07:00:00,4,0.9998755390282329
2020-08-28 08:00:00,4,0.9992726388265631
2020-08-28 09:00:00,4,0.9986110641340494
2020-08-28 10:00:00,4,0.9735721602292792
2020-08-28 11:00:00,4,0.94561563662004
2020-08-28 12:00:00,4,-0.042766903110042574
2020-08-28 13:00:00,4,0.9819387539840173
2020-08-28 14:00:00,4,0.9995185931102275
2020-08-28 15:00:00,4,0.9917954274450973
2020-08-28 16:00:00,4,0.9970159528489586
2020-08-28 17:00:00,4,0.9999773991034052
2020-08-28 18:00:00,3,0.9998930533072896
2020-08-29 06:00:00,4,0.997224049926098
2020-08-29 07:00:00,4,0.9999258082102322
2020-08-29 08:00:00,4,0.9994230876084585
2020-08-29 09:00:00,4,0.9985719817553312
2020-08-29 10:00:00,4,0.9148090395511161
2020-08-29 11:00:00,4,0.9938479268505039
2020-08-29 12:00:00,4,-0.879342179662318
2020-08-29 13:00:00,4,0.4733233177915505
2020-08-29 14:00:00,4,0.9776380058152614
2020-08-29 15:00:00,4,0.20313399434444468
2020-08-29 16:00:00,4,0.9822616361573197
2020-08-29 17:00:00,4,0.9995296533283027
2020-08-29 18:00:00,3,0.9993591332865635
2020-08-30 06:00:00,3,0.9999860910356613
2020-08-30 07:00:00,4,0.9998787874133547
2020-08-30 08:00:00,4,0.9999746047357794
2020-08-30 09:00:00,4,0.9934602594247535
2020-08-30 10:00:00,4,0.6493251803007025
2020-08-30 11:00:00,4,0.9805089789358029
2020-08-30 12:00:00,4,-0.8703800230863856
2020-08-30 13:00:00,4,0.502691994762406
2020-08-30 14:00:00,4,0.08144100732892885
2020-08-30 15:00:00,4,0.8999907923168138
2020-08-30 16:00:00,4,0.9988259596861969
2020-08-30 17:00:00,4,0.9997247839663967
2020-08-30 18:00:00,3,0.9993739198120364
2020-08-31 06:00:00,3,0.9991262064646741
2020-08-31 07:00:00,4,0.999550778706482
2020-08-31 08:00:00,4,0.9994937842070152
2020-08-31 09:00:00,4,0.9976501041117491
2020-08-31 10:00:00,4,0.9947742066830384
2020-08-31 11:00:00,4,0.9659080344094765
2020-08-31 12:00:00,4,-0.9166538974904973
2020-08-31 13:00:00,4,-0.1493394579608624
2020-08-31 14:00:00,4,0.7310297979252838
2020-08-31 15:00:00,4,0.46428028225738616
2020-08-31 16:00:00,4,0.9906945769873655
2020-08-31 17:00:00,4,0.9988482041506059
2020-08-31 18:00:00,3,0.9999989582853562
2020-09-01 06:00:00,3,0.9992416535616523
2020-09-01 07:00:00,4,0.9996642329028534
2020-09-01 08:00:00,4,0.9915575249968337
2020-09-01 09:00:00,4,0.9964164917380524
2020-09-01 10:00:00,4,0.9997923087568472
2020-09-01 11:00:00,4,0.9964312969357867
2020-09-01 12:00:00,4,-0.5127390332787748
2020-09-01 13:00:00,4,-0.2966191429692214
2020-09-01 14:00:00,4,-0.4465824351788946
2020-09-01 15:00:00,4,0.9460829310436638
2020-09-01 16:00:00,4,0.9999761416876737
2020-09-01 17:00:00,4,0.9998113298377675
2020-09-01 18:00:00,3,0.999890016926112
2020-09-02 06:00:00,4,0.999396320309551
2020-09-02 07:00:00,4,0.9993268967647332
2020-09-02 08:00:00,4,0.9240957735141754
2020-09-02 09:00:00,4,0.998367637644684
2020-09-02 10:00:00,4,0.9970935827059285
2020-09-02 11:00:00,4,0.999513357141469
2020-09-02 12:00:00,4,0.9949483870727392
2020-09-02 13:00:00,4,0.9465374321194088
2020-09-02 14:00:00,4,0.9819071604241396
2020-09-02 15:00:00,4,0.9932819775454985
2020-09-02 16:00:00,4,0.9985477223138672
2020-09-02 17:00:00,4,0.9992511329530054
2020-09-02 18:00:00,3,0.9998933941636775
2020-09-03 06:00:00,3,0.9987349200322045
2020-09-03 07:00:00,4,0.9997385132379182
2020-09-03 08:00:00,4,0.9999404017336593
2020-09-03 09:00:00,4,0.9999132343014705
2020-09-03 10:00:00,4,0.9893457287421892
2020-09-03 11:00:00,4,0.9966969357015938
2020-09-03 12:00:00,4,0.9654859244718935
2020-09-03 13:00:00,4,0.9482138178061464
2020-09-03 14:00:00,4,0.34270571288261836
2020-09-03 15:00:00,4,0.9873496644105376
2020-09-03 16:00:00,4,0.9985275983554048
2020-09-03 17:00:00,4,0.9974019856075449
2020-09-03 18:00:00,3,0.9999945990953484
2020-09-04 06:00:00,3,0.9989439247544606
2020-09-04 07:00:00,4,0.9996131370106297
2020-09-04 08:00:00,4,0.9984967842726046
2020-09-04 09:00:00,4,0.9988681506023906
2020-09-04 10:00:00,4,0.9984162587847507
2020-09-04 11:00:00,4,0.9991130860666141
2020-09-04 12:00:00,4,0.9258675959401572
2020-09-04 13:00:00,4,0.9155189384322117
2020-09-04 14:00:00,4,0.8094901978030582
2020-09-04 15:00:00,4,0.8010910172198598
2020-09-04 16:00:00,4,0.9993277663235207
2020-09-04 17:00:00,4,0.9932982254951148
2020-09-04 18:00:00,3,0.9981190970069564
2020-09-05 06:00:00,3,0.9996051652547014
2020-09-05 07:00:00,4,0.9996492903648015
2020-09-05 08:00:00,4,0.9998518401624766
2020-09-05 09:00:00,4,0.9989233810796776
2020-09-05 10:00:00,4,0.9911934890390063
2020-09-05 11:00:00,4,0.9991901633980964
2020-09-05 12:00:00,4,0.9876540209619523
2020-09-05 13:00:00,4,0.8462253928638424
2020-09-05 14:00:00,4,0.9975689314959507
2020-09-05 15:00:00,4,0.9902724743060426
2020-09-05 16:00:00,4,0.9960410942752294
2020-09-05 17:00:00,4,0.9959189521171271
2020-09-05 18:00:00,3,0.999787365046325
2020-09-06 06:00:00,4,0.9740054740839826
2020-09-06 07:00:00,4,0.9994422833426518
2020-09-06 08:00:00,4,0.9541515014878379
2020-09-06 09:00:00,4,0.6661164714775641
2020-09-06 10:00:00,4,0.9811587667873481
2020-09-06 11:00:00,4,0.7021443574237635
2020-09-06 12:00:00,4,0.635726512402109
2020-09-06 13:00:00,4,0.14215272099917228
2020-09-06 14:00:00,4,0.533708341299695
2020-09-06 15:00:00,4,0.9817222567943785
2020-09-06 16:00:00,4,0.9966525828447609
2020-09-06 17:00:00,4,0.9992231648770137
2020-09-07 06:00:00,3,0.9997417662114848
2020-09-07 07:00:00,4,0.9894037533038194
2020-09-07 08:00:00,4,0.8870490959784603
2020-09-07 09:00:00,4,-0.1441789331369668
2020-09-07 10:00:00,4,0.8745596737212453
2020-09-07 11:00:00,4,0.9150663853008404
2020-09-07 12:00:00,4,0.49019583532479055
2020-09-07 13:00:00,4,0.9298845939858736
2020-09-07 14:00:00,4,0.9514311340234735
2020-09-07 15:00:00,4,0.9960522666076868
2020-09-07 16:00:00,4,0.9975537749271123
2020-09-07 17:00:00,4,0.9937601297355135
2020-09-08 06:00:00,3,0.9944774213112502
2020-09-08 07:00:00,4,0.9996802560164345
2020-09-08 08:00:00,4,0.999621303958566
2020-09-08 09:00:00,4,0.9993498762535382
2020-09-08 10:00:00,4,0.9781640191696072
2020-09-08 11:00:00,4,-0.8481167838181868
2020-09-08 12:00:00,4,0.966101906150709
2020-09-08 13:00:00,4,0.9881332436734591
2020-09-08 14:00:00,4,0.9445225628312889
2020-09-08 15:00:00,4,0.993152957589388
2020-09-08 16:00:00,4,0.9998167144940446
2020-09-08 17:00:00,4,0.9970692995155842
2020-09-09 06:00:00,3,0.998987936592584
2020-09-09 07:00:00,4,0.9994213313514921
2020-09-09 08:00:00,4,0.9995511138347781
2020-09-09 09:00:00,4,0.9977944079849668
2020-09-09 10:00:00,4,0.9181503436097302
2020-09-09 11:00:00,4,0.9333381065151721
2020-09-09 12:00:00,4,0.9991209017976136
2020-09-09 13:00:00,4,0.9757003937370018
2020-09-09 14:00:00,4,0.9998539535004374
2020-09-09 15:00:00,4,0.9972212965844718
2020-09-09 16:00:00,4,0.9954057484501212
2020-09-09 17:00:00,4,0.9731406953185717
2020-09-10 07:00:00,4,0.9992617955673184
2020-09-10 08:00:00,4,0.9961813497030233
2020-09-10 09:00:00,4,0.9938807787701842
2020-09-10 10:00:00,4,0.9887281060221029
2020-09-10 11:00:00,4,0.9992149732731843
2020-09-10 12:00:00,4,0.828397227959751
2020-09-10 13:00:00,4,0.9844959849227904
2020-09-10 14:00:00,4,0.9069530774636982
2020-09-10 15:00:00,4,0.9501001750104829
2020-09-10 16:00:00,4,0.7933535025565941
2020-09-10 17:00:00,4,0.996891885778842
2020-09-10 18:00:00,3,0.9325362807737451
2020-09-11 06:00:00,3,0.9995221089761958
2020-09-11 07:00:00,4,0.999892442830428
2020-09-11 08:00:00,4,0.9753503537551166
2020-09-11 09:00:00,4,-0.4674862306604064
2020-09-11 10:00:00,4,0.7903317398419712
2020-09-11 11:00:00,4,0.03834001626375188
2020-09-11 12:00:00,4,0.964386573121004
2020-09-11 13:00:00,4,0.997191215623697
2020-09-11 14:00:00,4,0.9900510341896948
2020-09-11 15:00:00,4,0.9897510323534062
2020-09-11 16:00:00,4,0.9738371501840133
2020-09-11 17:00:00,4,0.9995576847955159
2020-09-12 06:00:00,3,0.949900639624838
2020-09-12 07:00:00,4,0.9999211665379245
2020-09-12 08:00:00,4,0.9653289068240394
2020-09-12 09:00:00,4,0.9758785779992252
2020-09-12 10:00:00,4,0.9251131900065089
2020-09-12 11:00:00,4,0.9995139186558005
2020-09-12 12:00:00,4,0.9771772152972629
2020-09-12 13:00:00,4,0.8370680591126758
2020-09-12 14:00:00,4,0.9839683256494196
2020-09-12 15:00:00,4,0.9914365275466722
2020-09-12 16:00:00,4,0.9692584265166341
2020-09-12 17:00:00,4,0.9998784794145071
2020-09-13 07:00:00,4,0.9996732127778472
2020-09-13 08:00:00,4,0.9801813893149307
2020-09-13 09:00:00,4,0.9997770462297558
2020-09-13 10:00:00,4,0.9788853292223452
2020-09-13 11:00:00,4,0.9177243213880861
2020-09-13 12:00:00,4,0.35701771057570697
2020-09-13 13:00:00,4,0.8999884417464042
2020-09-13 14:00:00,4,0.6623335978433108
2020-09-13 15:00:00,4,0.9967485385866384
2020-09-13 16:00:00,4,0.9650411954373801
2020-09-13 17:00:00,4,0.9998744897219793
2020-09-14 07:00:00,4,0.9986452784962229
2020-09-14 08:00:00,4,0.9892848406354018
2020-09-14 09:00:00,4,0.9611345577706564
2020-09-14 10:00:00,4,0.997964983621557
2020-09-14 11:00:00,4,0.9968052743146956
2020-09-14 12:00:00,4,0.976106982680268
2020-09-14 13:00:00,4,0.9115386315623979
2020-09-14 14:00:00,4,0.9966071788983047
2020-09-14 15:00:00,4,0.9976413952918017
2020-09-14 16:00:00,4,0.9998396560750177
2020-09-14 17:00:00,4,0.9987373052816295
2020-09-15 07:00:00,4,0.9697310715090293
2020-09-15 08:00:00,4,0.9989437150640245
2020-09-15 09:00:00,4,0.9999094849988764
2020-09-15 10:00:00,4,0.972078041304886
2020-09-15 11:00:00,4,0.9935390364279413
2020-09-15 12:00:00,4,-0.36051818619931864
2020-09-15 13:00:00,4,0.37690102133134573
2020-09-15 14:00:00,4,0.9718081977388162
2020-09-15 15:00:00,4,0.991978680651264
2020-09-15 16:00:00,4,0.02764333619346547
2020-09-15 17:00:00,4,0.91872452485019
2020-09-16 06:00:00,3,0.8856668643190401
2020-09-16 07:00:00,4,0.9998678132192527
2020-09-16 08:00:00,4,0.9991993090865651
2020-09-16 09:00:00,4,0.9785507092406799
2020-09-16 10:00:00,4,0.9953646131581869
2020-09-16 11:00:00,4,0.9701889051510947
2020-09-16 12:00:00,4,0.998059200995308
2020-09-16 13:00:00,4,0.9962486591664766
2020-09-16 14:00:00,4,0.9993073551838397
2020-09-16 15:00:00,4,0.9981533119501352
2020-09-16 16:00:00,4,0.9803921839710347
2020-09-16 17:00:00,4,0.9852997285207433
2020-09-17 07:00:00,4,0.993065597262682
2020-09-17 08:00:00,4,0.9954753671994292
2020-09-17 09:00:00,4,0.9963787321784289
2020-09-17 10:00:00,4,0.9996245398247549
2020-09-17 11:00:00,4,0.9989607983199945
2020-09-17 12:00:00,4,0.9939184405011744
2020-09-17 13:00:00,4,0.9997486474472757
2020-09-17 14:00:00,4,0.9898110255386235
2020-09-17 15:00:00,4,0.9899614504719139
2020-09-17 16:00:00,4,0.9999825041799828
2020-09-17 17:00:00,4,0.9971089186781272
2020-09-18 07:00:00,4,0.9955819426118863
2020-09-18 08:00:00,4,0.9456459140501682
2020-09-18 09:00:00,4,0.8793462647835373
2020-09-18 10:00:00,4,-0.5995780852834978
2020-09-18 11:00:00,4,0.7885953128934484
2020-09-18 12:00:00,4,-0.4897081088610086
2020-09-18 13:00:00,4,0.7502464705041115
2020-09-18 14:00:00,4,0.999320295820308
2020-09-18 15:00:00,4,0.9970616374702181
2020-09-18 16:00:00,4,0.999880025655696
2020-09-18 17:00:00,4,0.9995485055888905
2020-09-19 06:00:00,3,0.8886058611864934
2020-09-19 07:00:00,4,0.999996187109592
2020-09-19 08:00:00,4,0.9699750330210596
2020-09-19 09:00:00,4,0.9968954179188934
2020-09-19 10:00:00,4,0.9795443760087686
2020-09-19 11:00:00,4,0.5154059013754104
2020-09-19 12:00:00,4,0.9652157443787902
2020-09-19 13:00:00,4,0.8511883739017364
2020-09-19 14:00:00,4,0.9938589785196502
2020-09-19 15:00:00,4,0.9632493148482172
2020-09-19 16:00:00,4,0.9998723876015874
2020-09-19 17:00:00,4,0.9989918074820052
2020-09-20 07:00:00,4,0.999825819164028
2020-09-20 08:00:00,4,0.9470386432284288
2020-09-20 09:00:00,4,0.9997502461749233
2020-09-20 10:00:00,4,0.9790664972350585
2020-09-20 11:00:00,4,0.8058947366316932
2020-09-20 12:00:00,4,0.9986949084751043
2020-09-20 13:00:00,4,0.9855841184412317
2020-09-20 14:00:00,4,0.9861079638597223
2020-09-20 15:00:00,4,0.9997833393288438
2020-09-20 16:00:00,4,0.9793436291654127
2020-09-20 17:00:00,4,0.9553792215103685
2020-09-21 07:00:00,4,0.9997647822786124
2020-09-21 08:00:00,4,-0.00753877579155684
2020-09-21 09:00:00,4,0.9664193720835266
2020-09-21 10:00:00,4,0.10910029571356135
2020-09-21 11:00:00,4,0.9300740677276702
2020-09-21 12:00:00,4,0.9733908711520034
2020-09-21 13:00:00,4,0.7311000860892076
2020-09-21 14:00:00,4,0.9974795772946159
2020-09-21 15:00:00,4,0.99501742542236
2020-09-21 16:00:00,4,0.940923106310906
2020-09-21 17:00:00,4,0.9831614459240937
2020-09-22 06:00:00,3,0.6954483564087616
2020-09-22 07:00:00,4,0.9977427963150044
2020-09-22 08:00:00,4,0.9940419665272939
2020-09-22 09:00:00,4,0.9957404463297831
2020-09-22 10:00:00,4,0.9709688651715302
2020-09-22 11:00:00,4,0.9909476804420095
2020-09-22 12:00:00,4,0.9973794142909655
2020-09-22 13:00:00,4,0.9735712134538085
2020-09-22 14:00:00,4,0.9984314758730854
2020-09-22 15:00:00,4,0.9995091465511854
2020-09-22 16:00:00,4,0.9991374451571333
2020-09-22 17:00:00,4,0.9968929099733703
2020-09-23 07:00:00,4,0.9909243695477782
2020-09-23 08:00:00,4,0.9983958938020119
2020-09-23 09:00:00,4,0.9962365175862874
2020-09-23 10:00:00,4,0.9243548222673401
2020-09-23 11:00:00,4,0.8918639461510826
2020-09-23 12:00:00,4,0.9800159696708189
2020-09-23 13:00:00,4,0.9977854955032526
2020-09-23 14:00:00,4,0.9643979068351335
2020-09-23 15:00:00,4,0.993440331513252
2020-09-23 16:00:00,4,0.9847362664044494
2020-09-23 17:00:00,4,0.9011024385477431
2020-09-24 07:00:00,4,0.9813795689127903
2020-09-24 08:00:00,4,0.9863514962930948
2020-09-24 09:00:00,4,0.5417221460386386
2020-09-24 10:00:00,4,0.8029670238334672
2020-09-24 11:00:00,4,0.8973826572107843
2020-09-24 12:00:00,4,0.501176021559451
2020-09-24 13:00:00,4,0.954469506478465
2020-09-24 14:00:00,4,0.994401363464161
2020-09-24 15:00:00,4,0.9998690957829427
2020-09-24 16:00:00,4,0.9991486013048099
2020-09-24 17:00:00,4,0.9999796280396103
2020-09-25 07:00:00,4,0.9975462300901772
2020-09-25 08:00:00,4,0.9991781570577294
2020-09-25 09:00:00,4,0.9901132836920188
2020-09-25 10:00:00,4,0.9993871802273501
2020-09-25 11:00:00,4,0.9617246766878387
2020-09-25 12:00:00,4,0.9898569977605144
2020-09-25 13:00:00,4,0.9999392713547761
2020-09-25 14:00:00,4,0.9974911057139653
2020-09-25 15:00:00,4,0.9997476839838929
2020-09-25 16:00:00,4,0.9995892484529626
2020-09-25 17:00:00,4,0.9998400170433916
2020-09-26 07:00:00,4,0.9998576111615171
2020-09-26 08:00:00,4,0.998907439122004
2020-09-26 09:00:00,4,0.9989770426791011
2020-09-26 10:00:00,4,0.9990375607763439
2020-09-26 11:00:00,4,0.9612800657837974
2020-09-26 12:00:00,4,0.8743093723785401
2020-09-26 13:00:00,4,0.9607671876467514
2020-09-26 14:00:00,4,0.9892883291712585
2020-09-26 15:00:00,4,0.9497051074800594
2020-09-26 16:00:00,4,0.9113955029691602
2020-09-26 17:00:00,4,0.9943865876977932
2020-09-27 07:00:00,4,
2020-09-27 08:00:00,4,
2020-09-27 09:00:00,4,
2020-09-27 10:00:00,4,
2020-09-27 11:00:00,4,
2020-09-27 12:00:00,4,
2020-09-27 13:00:00,4,
2020-09-27 14:00:00,4,
2020-09-27 15:00:00,4,
2020-09-27 16:00:00,4,
2020-09-27 17:00:00,4,-0.7618216657610966
2020-09-28 07:00:00,4,0.9972226776416725
2020-09-28 08:00:00,4,0.9962819690801133
2020-09-28 09:00:00,4,0.9858425987748239
2020-09-28 10:00:00,4,0.9792892575379485
2020-09-28 11:00:00,4,0.9427923564219913
2020-09-28 12:00:00,4,0.9309155645458597
2020-09-28 13:00:00,4,0.9370723803890012
2020-09-28 14:00:00,4,0.9788892017049684
2020-09-28 15:00:00,4,0.9867211624901121
2020-09-28 16:00:00,4,0.9982178415738999
2020-09-28 17:00:00,4,0.9995937980949505
2020-09-29 07:00:00,4,0.9996152944778297
2020-09-29 08:00:00,4,0.9944974947157831
2020-09-29 09:00:00,4,0.9884503797132699
2020-09-29 10:00:00,4,0.9974303929684583
2020-09-29 11:00:00,4,0.9983193440529186
2020-09-29 12:00:00,4,0.9999082299950945
2020-09-29 13:00:00,4,0.7003030722849701
2020-09-29 14:00:00,4,0.9995265241123774
2020-09-29 15:00:00,4,0.9986255064626619
2020-09-29 16:00:00,4,0.9888225924920857
2020-09-29 17:00:00,4,0.9246835341724395
2020-09-30 06:00:00,3,0.9576287532784935
2020-09-30 07:00:00,4,0.9998067285501214
2020-09-30 08:00:00,4,0.998265314731934
2020-09-30 09:00:00,4,0.9983097061547205
2020-09-30 10:00:00,4,0.9854935079508211
2020-09-30 11:00:00,4,0.7766652619659974
2020-09-30 12:00:00,4,0.6915844301344336
2020-09-30 13:00:00,4,0.9371999769430966
2020-09-30 14:00:00,4,0.9985950503066074
2020-09-30 15:00:00,4,0.8998648797965538
2020-09-30 16:00:00,4,0.9754531944440484
2020-09-30 17:00:00,4,0.9993269125514275
2020-10-01 07:00:00,4,0.9998111096903723
2020-10-01 08:00:00,4,0.9891590693629456
2020-10-01 09:00:00,4,0.9536590291505814
2020-10-01 10:00:00,4,0.9996919382276287
2020-10-01 11:00:00,4,0.9968697611752255
2020-10-01 12:00:00,4,0.567866181248819
2020-10-01 13:00:00,4,0.248320361712584
2020-10-01 14:00:00,4,0.9572678082973458
2020-10-01 15:00:00,4,0.9065350724194344
2020-10-01 16:00:00,4,0.9936407689548643
2020-10-01 17:00:00,4,0.9927835644298141
2020-10-02 07:00:00,4,0.9925720773228445
2020-10-02 08:00:00,4,0.9988037311847788
2020-10-02 09:00:00,4,0.9992597669527381
2020-10-02 10:00:00,4,0.9982413826265281
2020-10-02 11:00:00,4,0.9999810542825089
2020-10-02 12:00:00,4,0.9905595000315106
2020-10-02 13:00:00,4,0.9954441717240837
2020-10-02 14:00:00,4,0.999861285868288
2020-10-02 15:00:00,4,0.9989317719202077
2020-10-02 16:00:00,4,0.9992909506921894
2020-10-02 17:00:00,3,0.8498581745072235
2020-10-03 07:00:00,4,0.8942226190867005
2020-10-03 08:00:00,4,0.9991857412732429
2020-10-03 09:00:00,4,0.9807543545150912
2020-10-03 10:00:00,4,0.9949852824884138
2020-10-03 11:00:00,4,0.9910705174463881
2020-10-03 12:00:00,4,0.9893702496313279
2020-10-03 13:00:00,4,0.9960135144698866
2020-10-03 14:00:00,4,0.9961927622019445
2020-10-03 15:00:00,4,0.9964855360023535
2020-10-03 16:00:00,4,0.9731778574838407
2020-10-03 17:00:00,3,0.9962993249097015
2020-10-04 07:00:00,4,0.9993811700887145
2020-10-04 08:00:00,4,0.993647174604708
2020-10-04 09:00:00,4,0.9939900421869903
2020-10-04 10:00:00,4,0.991884194311655
2020-10-04 11:00:00,4,0.9937642650402183
2020-10-04 12:00:00,4,0.9901367016586538
2020-10-04 13:00:00,4,0.9994985852971633
2020-10-04 14:00:00,4,0.9991113817047039
2020-10-04 15:00:00,4,0.9987775409089262
2020-10-04 16:00:00,4,0.9996750090995838
2020-10-04 17:00:00,3,0.99908170067453
2020-10-05 07:00:00,4,0.9970341343198632
2020-10-05 08:00:00,4,0.9958782976867271
2020-10-05 09:00:00,4,0.9970299101817267
2020-10-05 10:00:00,4,0.9997011572673532
2020-10-05 11:00:00,4,0.9992734972620397
2020-10-05 12:00:00,4,0.9991624806266431
2020-10-05 13:00:00,4,0.9999493720291629
2020-10-05 14:00:00,4,0.999846308673821
2020-10-05 15:00:00,4,0.9999000574924551
2020-10-05 16:00:00,4,0.99787614298569
2020-10-05 17:00:00,4,0.995474268323369
2020-10-06 07:00:00,4,0.9999510980488802
2020-10-06 08:00:00,4,0.9768710204632459
2020-10-06 09:00:00,4,0.9940430884544784
2020-10-06 10:00:00,4,0.9993933249705625
2020-10-06 11:00:00,4,0.9939489298161476
2020-10-06 12:00:00,4,0.9018143299974621
2020-10-06 13:00:00,4,0.9856849964921095
2020-10-06 14:00:00,4,0.9987713942541786
2020-10-06 15:00:00,4,0.8326270337060209
2020-10-06 16:00:00,4,0.9981825002697741
2020-10-06 17:00:00,4,0.9666295348553248
2020-10-07 07:00:00,4,0.9974750155633886
2020-10-07 08:00:00,4,0.9952192516072574
2020-10-07 09:00:00,4,0.9967363404478282
2020-10-07 10:00:00,4,0.9979864073394302
2020-10-07 11:00:00,4,0.9991089971502054
2020-10-07 12:00:00,4,0.9997083311551408
2020-10-07 13:00:00,4,0.9977924688450681
2020-10-07 14:00:00,4,0.9824984598958733
2020-10-07 15:00:00,4,0.9233502492369409
2020-10-07 16:00:00,4,0.9945926339033428
2020-10-07 17:00:00,4,0.9994116557630802
2020-10-08 07:00:00,4,0.9993670088940887
2020-10-08 08:00:00,4,0.9999803093037277
2020-10-08 09:00:00,4,0.9988274533361924
2020-10-08 10:00:00,4,0.997963998077741
2020-10-08 11:00:00,4,0.9166573314967245
2020-10-08 12:00:00,4,-0.010860107947847392
2020-10-08 13:00:00,4,0.9366017093365732
2020-10-08 14:00:00,4,0.9825994338076776
2020-10-08 15:00:00,4,0.9959521352770365
2020-10-08 16:00:00,4,0.9880192293416246
2020-10-08 17:00:00,4,0.9989104776269585
2020-10-09 07:00:00,4,0.9322291066319224
2020-10-09 08:00:00,4,0.9997085097844085
2020-10-09 09:00:00,4,0.9983477295267221
2020-10-09 10:00:00,4,0.8634062344109539
2020-10-09 11:00:00,4,-0.5404614464079609
2020-10-09 12:00:00,4,0.38718180501431626
2020-10-09 13:00:00,4,0.17525539140419336
2020-10-09 14:00:00,4,0.8059218878842598
2020-10-09 15:00:00,4,0.9178196252100809
2020-10-09 16:00:00,4,0.9995417638297825
2020-10-09 17:00:00,4,0.9990148777691246
2020-10-10 07:00:00,4,0.979591154312397
2020-10-10 08:00:00,4,0.9739633628378443
2020-10-10 09:00:00,4,0.9858802446606929
2020-10-10 10:00:00,4,0.8499848456642877
2020-10-10 11:00:00,4,0.7960205110622202
2020-10-10 12:00:00,4,0.3342116413508239
2020-10-10 13:00:00,4,0.9908373196379097
2020-10-10 14:00:00,4,0.9879840382959277
2020-10-10 15:00:00,4,0.9988768181428143
2020-10-10 16:00:00,4,0.9989911124345996
2020-10-10 17:00:00,4,0.9976303171646873
2020-10-11 07:00:00,4,0.9991681193822239
2020-10-11 08:00:00,4,0.9997290504627334
2020-10-11 09:00:00,4,0.999938029273062
2020-10-11 10:00:00,4,0.9821815297863999
2020-10-11 11:00:00,4,0.9424540209297299
2020-10-11 12:00:00,4,-0.45266859040610263
2020-10-11 13:00:00,4,-0.18856997417090854
2020-10-11 14:00:00,4,0.7133629454920891
2020-10-11 15:00:00,4,0.9926652427658631
2020-10-11 16:00:00,4,0.9964097390804438
2020-10-11 17:00:00,4,0.9952918087217897
2020-10-12 07:00:00,4,0.9706667664221885
2020-10-12 08:00:00,4,0.8249639987094147
2020-10-12 09:00:00,4,0.9520847271182066
2020-10-12 10:00:00,4,0.9824045668992029
2020-10-12 11:00:00,4,0.5893316797800177
2020-10-12 12:00:00,4,0.840679467965864
2020-10-12 13:00:00,4,0.9846765938329856
2020-10-12 14:00:00,4,0.7168236539640255
2020-10-12 15:00:00,4,0.8454896086567398
2020-10-12 16:00:00,4,0.9967855068885689
2020-10-12 17:00:00,4,0.9990058082345948
2020-10-13 07:00:00,4,0.9998358233751752
2020-10-13 08:00:00,4,0.9986631021494553
2020-10-13 09:00:00,4,0.9863747875076703
2020-10-13 10:00:00,4,0.9992638749160756
2020-10-13 11:00:00,4,0.8474313499425438
2020-10-13 12:00:00,4,-0.08724867255962049
2020-10-13 13:00:00,4,0.9544237918861851
2020-10-13 14:00:00,4,0.9791130968862757
2020-10-13 15:00:00,4,0.9993731487986288
2020-10-13 16:00:00,4,0.9987809523295149
2020-10-13 17:00:00,3,0.9998871018117274
2020-10-14 07:00:00,4,0.9985455348325566
2020-10-14 08:00:00,4,0.9933598458190983
2020-10-14 09:00:00,4,0.9885346191897755
2020-10-14 10:00:00,4,0.9674422844058136
2020-10-14 11:00:00,4,0.4946893133469167
2020-10-14 12:00:00,4,0.9724832409942172
2020-10-14 13:00:00,4,0.9934530754100319
2020-10-14 14:00:00,4,0.9297763725489097
2020-10-14 15:00:00,4,0.9965431331428474
2020-10-14 16:00:00,4,0.8473694179160298
2020-10-15 07:00:00,4,0.9968756972598856
2020-10-15 08:00:00,4,0.9947959821525092
2020-10-15 09:00:00,4,0.9998746966998923
2020-10-15 10:00:00,4,0.9272039050146323
2020-10-15 11:00:00,4,0.9949010589175963
2020-10-15 12:00:00,4,0.9959559641501332
2020-10-15 13:00:00,4,0.9991487464224089
2020-10-15 14:00:00,4,0.9857721227559442
2020-10-15 15:00:00,4,0.9969776581231435
2020-10-15 16:00:00,4,0.9976646780052061
2020-10-15 17:00:00,3,-0.981980506061963
2020-10-16 07:00:00,4,0.9737442384385632
2020-10-16 08:00:00,4,0.9993043586550693
2020-10-16 09:00:00,4,0.9989595498560739
2020-10-16 10:00:00,4,0.9988038642064238
2020-10-16 11:00:00,4,0.9894073750058171
2020-10-16 12:00:00,4,0.8858292489657582
2020-10-16 13:00:00,4,0.9710427015000535
2020-10-16 14:00:00,4,0.9876128326233605
2020-10-16 15:00:00,4,0.9991844175031728
2020-10-16 16:00:00,4,0.9980708088359601
2020-10-16 17:00:00,4,0.9398795879179387
2020-10-17 07:00:00,4,0.9987986288041425
2020-10-17 08:00:00,4,0.8987955835005949
2020-10-17 09:00:00,4,-0.3286337921852993
2020-10-17 10:00:00,4,0.9821235172860528
2020-10-17 11:00:00,4,0.998731028328143
2020-10-17 12:00:00,4,0.9997686350780143
2020-10-17 13:00:00,4,0.9981121024619585
2020-10-17 14:00:00,4,0.9992173358052556
2020-10-17 15:00:00,4,0.9827113874528415
2020-10-17 16:00:00,4,0.9995103440464166
2020-10-17 17:00:00,3,0.999485993283954
2020-10-18 07:00:00,4,0.9994654075665815
2020-10-18 08:00:00,4,0.999815603241379
2020-10-18 09:00:00,4,0.9989087741034286
2020-10-18 10:00:00,4,0.9974620783530874
2020-10-18 11:00:00,4,0.9977277459127937
2020-10-18 12:00:00,4,0.9991049221051612
2020-10-18 13:00:00,4,-0.15126544025096353
2020-10-18 14:00:00,4,0.9285562047020279
2020-10-18 15:00:00,4,0.9999784982152572
2020-10-18 16:00:00,4,0.9997189024726206
2020-10-19 07:00:00,4,0.9971873668238083
2020-10-19 08:00:00,4,0.9991827410504236
2020-10-19 09:00:00,4,0.7874717203883784
2020-10-19 10:00:00,4,0.9928222688734172
2020-10-19 11:00:00,4,0.9866664494309533
2020-10-19 12:00:00,4,0.554415282867245
2020-10-19 13:00:00,4,0.8583080923174327
2020-10-19 14:00:00,4,0.781258971607104
2020-10-19 15:00:00,4,0.9937203402188198
2020-10-19 16:00:00,4,0.9746713593471247
2020-10-19 17:00:00,3,0.9991978142226362
2020-10-20 07:00:00,4,0.9995455654392157
2020-10-20 08:00:00,4,0.984644906387437
2020-10-20 09:00:00,4,0.9999296879842767
2020-10-20 10:00:00,4,0.9941190250101872
2020-10-20 11:00:00,4,0.9738548784938472
2020-10-20 12:00:00,4,0.9913247266630896
2020-10-20 13:00:00,4,0.9519472045240355
2020-10-20 14:00:00,4,0.9967748613925927
2020-10-20 15:00:00,4,0.9993763528789301
2020-10-20 16:00:00,4,0.9999282352043534
2020-10-21 07:00:00,4,0.9980564975110819
2020-10-21 08:00:00,4,0.989144386015713
2020-10-21 09:00:00,4,0.998827899475049
2020-10-21 10:00:00,4,0.9793237380074945
2020-10-21 11:00:00,4,0.8524963670637349
2020-10-21 12:00:00,4,0.9819208597496832
2020-10-21 13:00:00,4,0.996619499342344
2020-10-21 14:00:00,4,0.7739778826181238
2020-10-21 15:00:00,4,0.9996797545446486
2020-10-21 16:00:00,4,0.9999954890135682
2020-10-21 17:00:00,3,0.9986852160267047
2020-10-22 07:00:00,4,0.9997843168803573
2020-10-22 08:00:00,4,0.9967009568447859
2020-10-22 09:00:00,4,0.9996453674275555
2020-10-22 10:00:00,4,0.9926537378411777
2020-10-22 11:00:00,4,0.9662681662470713
2020-10-22 12:00:00,4,0.9097666120496023
2020-10-22 13:00:00,4,0.9821402324373038
2020-10-22 14:00:00,4,0.9978653243085334
2020-10-22 15:00:00,4,0.9993663949865397
2020-10-22 16:00:00,4,0.999694112295248
2020-10-22 17:00:00,3,0.9999534675047782
2020-10-23 07:00:00,4,0.9998165896607999
2020-10-23 08:00:00,4,0.9991766476319222
2020-10-23 09:00:00,4,0.9979078653003041
2020-10-23 10:00:00,4,0.9981898787815967
2020-10-23 11:00:00,4,0.947644781938785
2020-10-23 12:00:00,4,0.9764543617288307
2020-10-23 13:00:00,4,0.9966615666256138
2020-10-23 14:00:00,4,0.9963910786424403
2020-10-23 15:00:00,4,0.9984662376298943
2020-10-23 16:00:00,4,0.9990430375997804
2020-10-23 17:00:00,3,0.999992317628259
2020-10-24 07:00:00,4,0.9996735740679967
2020-10-24 08:00:00,4,0.9948882478769907
2020-10-24 09:00:00,4,0.8406349764465859
2020-10-24 10:00:00,4,0.9999505922958056
2020-10-24 11:00:00,4,0.9956145538446672
2020-10-24 12:00:00,4,0.49947978674411747
2020-10-24 13:00:00,4,0.9817958084148282
2020-10-24 14:00:00,4,0.9128218010589786
2020-10-24 15:00:00,4,0.9994805376841039
2020-10-24 16:00:00,4,0.9976899807316381
2020-10-24 17:00:00,3,0.9994937375244891
2020-10-25 07:00:00,4,0.9996101046893402
2020-10-25 08:00:00,4,0.9912950215830907
2020-10-25 09:00:00,4,0.9980129521463446
2020-10-25 10:00:00,4,0.9978735304932624
2020-10-25 11:00:00,4,0.8199824704096146
2020-10-25 12:00:00,4,0.8043599845908352
2020-10-25 13:00:00,4,0.5652123236434912
2020-10-25 14:00:00,4,0.9579002399342312
2020-10-25 15:00:00,4,0.9999455020088733
2020-10-25 16:00:00,4,0.9817690181132264
2020-10-26 07:00:00,4,0.9969040994352362
2020-10-26 08:00:00,4,0.998196632672256
2020-10-26 09:00:00,4,0.9988880055080798
2020-10-26 10:00:00,4,0.9981171989201187
2020-10-26 11:00:00,4,0.9974833034002216
2020-10-26 12:00:00,4,0.9987046127815973
2020-10-26 13:00:00,4,0.9938626332186618
2020-10-26 14:00:00,4,0.9282817061847425
2020-10-26 15:00:00,4,0.43253569384293294
2020-10-26 16:00:00,4,0.9998756338784397
2020-10-26 17:00:00,3,0.9998090833853219
2020-10-27 07:00:00,4,0.9995708587761084
2020-10-27 08:00:00,4,0.9999620191488575
2020-10-27 09:00:00,4,0.9964955776837954
2020-10-27 10:00:00,4,0.9998293368332339
2020-10-27 11:00:00,4,0.22092774268020973
2020-10-27 12:00:00,4,0.6611388092159969
2020-10-27 13:00:00,4,0.9989570557247498
2020-10-27 14:00:00,4,0.9975799295714591
2020-10-27 15:00:00,4,0.9991756795938435
2020-10-27 16:00:00,4,0.9994858409500179
2020-10-28 07:00:00,4,0.9980422389378113
2020-10-28 08:00:00,4,0.9998355370979257
2020-10-28 09:00:00,4,0.9999751470131549
2020-10-28 10:00:00,4,0.9902924349952361
2020-10-28 11:00:00,4,0.9816635972760084
2020-10-28 12:00:00,4,0.9995395417269826
2020-10-28 13:00:00,4,0.9876281029558456
2020-10-28 14:00:00,4,0.9969898321514208
2020-10-28 15:00:00,4,0.9972250733335623
2020-10-28 16:00:00,4,0.9933435787261191
2020-10-29 07:00:00,4,0.988278603712184
2020-10-29 08:00:00,4,0.8840272214898882
2020-10-29 09:00:00,4,0.7975096655585571
2020-10-29 10:00:00,4,0.5784596176051677
2020-10-29 11:00:00,4,0.8614518056086262
2020-10-29 12:00:00,4,0.9053661002945085
2020-10-29 13:00:00,4,0.3954589905062981
2020-10-29 14:00:00,4,-0.7421059344295754
2020-10-29 15:00:00,4,0.9993854442203312
2020-10-29 16:00:00,4,0.9980020836935889
2020-10-30 07:00:00,4,0.9969358442295196
2020-10-30 08:00:00,4,0.7608364382471717
2020-10-30 09:00:00,4,0.9994173121488727
2020-10-30 10:00:00,4,0.9991771182052063
2020-10-30 11:00:00,4,0.9956547016628834
2020-10-30 12:00:00,4,0.6235624038504278
2020-10-30 13:00:00,4,0.9980847013083992
2020-10-30 14:00:00,4,0.9877489556212735
2020-10-30 15:00:00,4,0.996751889838726
2020-10-30 16:00:00,4,0.9999432174940798
2020-10-31 07:00:00,4,0.9923414957555289
2020-10-31 08:00:00,4,0.994961169384366
2020-10-31 09:00:00,4,0.9614540176866816
2020-10-31 10:00:00,4,0.9977194346500581
2020-10-31 11:00:00,4,0.9929661088431531
2020-10-31 12:00:00,4,0.975979243475217
2020-10-31 13:00:00,4,0.9846492185234924
2020-10-31 14:00:00,4,0.9522318592995869
2020-10-31 15:00:00,4,0.9817660844322749
2020-10-31 16:00:00,4,0.9944308553179962
2020-11-01 07:00:00,4,0.9300701465183422
2020-11-01 08:00:00,4,0.9990523414975845
2020-11-01 09:00:00,4,0.9593358322681875
2020-11-01 10:00:00,4,0.9997359144773341
2020-11-01 11:00:00,4,0.9999235769907442
2020-11-01 12:00:00,4,0.9902190922787502
2020-11-01 13:00:00,4,0.9948910519364378
2020-11-01 14:00:00,4,0.99178091327563
2020-11-01 15:00:00,4,0.9994871850767136
2020-11-01 16:00:00,4,0.999661135827286
2020-11-02 07:00:00,4,0.9999926134228142
2020-11-02 08:00:00,4,0.9998175287469174
2020-11-02 09:00:00,4,0.9952201424981699
2020-11-02 10:00:00,4,0.9994646168111464
2020-11-02 11:00:00,4,0.9977148955716502
2020-11-02 12:00:00,4,0.9349284953337479
2020-11-02 13:00:00,4,0.9174693589630905
2020-11-02 14:00:00,4,0.9929687845271996
2020-11-02 15:00:00,4,0.9991617152370051
2020-11-02 16:00:00,4,0.9946064713543065
2020-11-03 07:00:00,4,0.9731125062766471
2020-11-03 08:00:00,4,0.9997501426632852
2020-11-03 09:00:00,4,0.999812707325219
2020-11-03 10:00:00,4,0.7521487849748333
2020-11-03 11:00:00,4,0.809118567092106
2020-11-03 12:00:00,4,0.9531492399929528
2020-11-03 13:00:00,4,0.9934724853923874
2020-11-03 14:00:00,4,0.9998437244552285
2020-11-03 15:00:00,4,0.9979104620192276
2020-11-03 16:00:00,4,0.9486068231086652
2020-11-04 07:00:00,4,0.9685231737504046
2020-11-04 08:00:00,4,0.9984971669078173
2020-11-04 09:00:00,4,0.9998892380985067
2020-11-04 10:00:00,4,0.9980873944571251
2020-11-04 11:00:00,4,0.9929991006592311
2020-11-04 12:00:00,4,0.9057031960198105
2020-11-04 13:00:00,4,0.999299345377763
2020-11-04 14:00:00,4,0.9995415275173732
2020-11-04 15:00:00,4,0.99414293453711
2020-11-04 16:00:00,4,0.9996047777644903
2020-11-05 07:00:00,4,0.9708335097343673
2020-11-05 08:00:00,4,0.9935715122194978
2020-11-05 09:00:00,4,0.9962817755087784
2020-11-05 10:00:00,4,0.9491530985293974
2020-11-05 11:00:00,4,0.9522068001293005
2020-11-05 12:00:00,4,0.9992693814747801
2020-11-05 13:00:00,4,0.9984147897741477
2020-11-05 14:00:00,4,0.9981821383480526
2020-11-05 15:00:00,4,0.9996948452864899
2020-11-05 16:00:00,4,0.9986430321965526
2020-11-06 07:00:00,4,0.9983577641443864
2020-11-06 08:00:00,4,0.9774021697299855
2020-11-06 09:00:00,4,0.9999765740199916
2020-11-06 10:00:00,4,0.9783361144753175
2020-11-06 11:00:00,4,0.1274104572001485
2020-11-06 12:00:00,4,0.9647772494494278
2020-11-06 13:00:00,4,0.9314844562374189
2020-11-06 14:00:00,4,0.9966743276310318
2020-11-06 15:00:00,4,0.9615583169765914
2020-11-06 16:00:00,4,0.9979248240264634
2020-11-07 07:00:00,4,0.9820802753166811
2020-11-07 08:00:00,4,0.9982791747919347
2020-11-07 09:00:00,4,0.9999817872834255
2020-11-07 10:00:00,4,0.9985182060336819
2020-11-07 11:00:00,4,0.9870651483821931
2020-11-07 12:00:00,4,0.8908266016744121
2020-11-07 13:00:00,4,0.997415384241684
2020-11-07 14:00:00,4,0.9996314543617175
2020-11-07 15:00:00,4,0.9993047836421961
2020-11-07 16:00:00,4,0.9906619450059203
2020-11-08 07:00:00,4,0.9632917715386837
2020-11-08 08:00:00,4,0.9996948299257787
2020-11-08 09:00:00,4,0.9988991739113094
2020-11-08 10:00:00,4,0.9982297454853681
2020-11-08 11:00:00,4,0.9895752714789613
2020-11-08 12:00:00,4,0.9314764604167305
2020-11-08 13:00:00,4,0.9832462800560721
2020-11-08 14:00:00,4,0.999677218308214
2020-11-08 15:00:00,4,0.9999858357598986
2020-11-08 16:00:00,4,0.9867283628916594
2020-11-09 07:00:00,4,0.9942323169092365
2020-11-09 08:00:00,4,0.9989408087134259
2020-11-09 09:00:00,4,0.99948922192466
2020-11-09 10:00:00,4,0.9982122035830683
2020-11-09 11:00:00,4,0.9964091194131567
2020-11-09 12:00:00,4,0.9942011212961042
2020-11-09 13:00:00,4,0.9416941081068403
2020-11-09 14:00:00,4,0.9535851308044181
2020-11-09 15:00:00,4,0.8396460491727158
2020-11-09 16:00:00,4,0.9914271674422354
2020-11-10 07:00:00,4,0.9905363212730621
2020-11-10 08:00:00,4,0.9991737874894735
2020-11-10 09:00:00,4,0.9998477435799817
2020-11-10 10:00:00,4,0.9989669710894499
2020-11-10 11:00:00,4,0.9951035833169766
2020-11-10 12:00:00,4,0.8874253508111888
2020-11-10 13:00:00,4,0.9628109813121447
2020-11-10 14:00:00,4,0.9978325663814008
2020-11-10 15:00:00,4,0.9998332853311538
2020-11-10 16:00:00,4,0.9861107695633865
2020-11-11 07:00:00,4,0.9940074311771269
2020-11-11 08:00:00,4,0.992797702240998
2020-11-11 09:00:00,4,0.9999816215847451
2020-11-11 10:00:00,4,0.9963015977304177
2020-11-11 11:00:00,4,0.9886872663974708
2020-11-11 12:00:00,4,0.9285889339907314
2020-11-11 13:00:00,4,0.9921048561748904
2020-11-11 14:00:00,4,0.9994953176298896
2020-11-11 15:00:00,4,0.9999926197421303
2020-11-11 16:00:00,4,0.9760642169494979
2020-11-12 07:00:00,4,0.9905867783454028
2020-11-12 08:00:00,4,0.9975427902443426
2020-11-12 09:00:00,4,0.9997773993610907
2020-11-12 10:00:00,4,0.9995275134651148
2020-11-12 11:00:00,4,0.966595542508087
2020-11-12 12:00:00,4,-0.2148082873204132
2020-11-12 13:00:00,4,0.9994565541834604
2020-11-12 14:00:00,4,0.999568552019278
2020-11-12 15:00:00,4,0.9998985865518412
2020-11-12 16:00:00,4,0.975455424551194
2020-11-13 07:00:00,4,0.9924654857948728
2020-11-13 08:00:00,4,0.9977671980078515
2020-11-13 09:00:00,4,0.9981264775796533
2020-11-13 10:00:00,4,0.9968804277347182
2020-11-13 11:00:00,4,0.9716929245761828
2020-11-13 12:00:00,4,0.8486926780131094
2020-11-13 13:00:00,4,0.9680166066959587
2020-11-13 14:00:00,4,0.9977099473884683
2020-11-13 15:00:00,4,0.9998313340063874
2020-11-13 16:00:00,4,0.9725714715589155
2020-11-14 07:00:00,4,0.9988153935151995
2020-11-14 08:00:00,4,0.9995919973002778
2020-11-14 09:00:00,4,0.9999954966209845
2020-11-14 10:00:00,4,0.9998190080827382
2020-11-14 11:00:00,4,0.989777248989948
2020-11-14 12:00:00,4,0.8118219021049677
2020-11-14 13:00:00,4,0.9995387592193642
2020-11-14 14:00:00,4,0.9986749726008207
2020-11-14 15:00:00,4,0.9999750044101301
2020-11-14 16:00:00,4,0.9653101815164358
2020-11-15 07:00:00,4,0.998594680571435
2020-11-15 08:00:00,4,0.9868290698611999
2020-11-15 09:00:00,4,0.9999776347345449
2020-11-15 10:00:00,4,0.9987550561551342
2020-11-15 11:00:00,4,0.9859541873677006
2020-11-15 12:00:00,4,0.9756701180729321
2020-11-15 13:00:00,4,0.9609390326335009
2020-11-15 14:00:00,4,0.9946253615982484
2020-11-15 15:00:00,4,0.9998684143587228
2020-11-15 16:00:00,4,0.9557199661129385
2020-11-16 07:00:00,4,0.9269311097947333
2020-11-16 08:00:00,4,0.6847979623424563
2020-11-16 09:00:00,4,0.7593285257920523
2020-11-16 10:00:00,4,0.8485961030235135
2020-11-16 11:00:00,4,0.8719026606424859
2020-11-16 12:00:00,4,-0.42250814264013425
2020-11-16 13:00:00,4,0.9563201636618702
2020-11-16 14:00:00,4,0.9981789279956318
2020-11-16 15:00:00,4,0.9983041715691822
2020-11-16 16:00:00,4,0.9998681164221543
2020-11-17 07:00:00,3,0.990588533663706
2020-11-17 08:00:00,4,0.9917885069578516
2020-11-17 09:00:00,4,0.9935936328189323
2020-11-17 10:00:00,4,0.9737788082424799
2020-11-17 11:00:00,4,0.9666556596089084
2020-11-17 12:00:00,4,0.9479989442752659
2020-11-17 13:00:00,4,0.9587101497232617
2020-11-17 14:00:00,4,0.9997582394390312
2020-11-17 15:00:00,4,0.9887937033535338
2020-11-17 16:00:00,4,0.9978388566188675
2020-11-18 07:00:00,4,0.9453782828451233
2020-11-18 08:00:00,4,0.9981787865187236
2020-11-18 09:00:00,4,0.996368382015012
2020-11-18 10:00:00,4,0.8739074557540726
2020-11-18 11:00:00,4,0.9954829772342505
2020-11-18 12:00:00,4,0.9983216806168492
2020-11-18 13:00:00,4,0.9945343870803273
2020-11-18 14:00:00,4,0.9978531454100469
2020-11-18 15:00:00,4,0.9988016219529882
2020-11-18 16:00:00,4,0.9986327619451738
2020-11-19 07:00:00,4,0.9651133736842776
2020-11-19 08:00:00,4,0.9199239790830769
2020-11-19 09:00:00,4,0.4121460960915722
2020-11-19 10:00:00,4,0.9993145178745759
2020-11-19 11:00:00,4,0.9977303543098325
2020-11-19 12:00:00,4,0.9742514425313237
2020-11-19 13:00:00,4,0.9991377190037701
2020-11-19 14:00:00,4,0.9946213639792639
2020-11-19 15:00:00,4,0.9950962084300775
2020-11-19 16:00:00,4,0.9968517824755119
2020-11-20 07:00:00,4,0.9860933237392865
2020-11-20 08:00:00,4,0.9733737592580411
2020-11-20 09:00:00,4,0.8011464562867342
2020-11-20 10:00:00,4,0.9303996661315082
2020-11-20 11:00:00,4,0.9988363745227229
2020-11-20 12:00:00,4,0.9961894627130651
2020-11-20 13:00:00,4,0.6152297196599874
2020-11-20 14:00:00,4,0.9893363151257265
2020-11-20 15:00:00,4,0.984903987043422
2020-11-20 16:00:00,4,0.9679866916154486
2020-11-21 08:00:00,4,0.9965117767752473
2020-11-21 09:00:00,4,0.9785980896629493
2020-11-21 10:00:00,4,0.9974775740512418
2020-11-21 11:00:00,4,0.9922431523812476
2020-11-21 12:00:00,4,0.9983002529554036
2020-11-21 13:00:00,4,0.9863745604864176
2020-11-21 14:00:00,4,0.9912674909345632
2020-11-21 15:00:00,4,0.9969926932735665
2020-11-21 16:00:00,4,0.887227972133969
2020-11-22 08:00:00,4,0.9992232248438038
2020-11-22 09:00:00,4,0.9239708178693601
2020-11-22 10:00:00,4,0.998023614899165
2020-11-22 11:00:00,4,0.9855337118017622
2020-11-22 12:00:00,4,0.9966010355185478
2020-11-22 13:00:00,4,0.9925237080553715
2020-11-22 14:00:00,4,0.9982923680584027
2020-11-22 15:00:00,4,0.990057600406821
2020-11-22 16:00:00,4,0.9776748777871103
2020-11-23 08:00:00,4,0.9968597351406897
2020-11-23 09:00:00,4,0.9990438839732864
2020-11-23 10:00:00,4,0.9654102083412103
2020-11-23 11:00:00,4,0.9997885471480435
2020-11-23 12:00:00,4,0.9996165462612777
2020-11-23 13:00:00,4,0.9985099491777009
2020-11-23 14:00:00,4,0.9958066164081679
2020-11-23 15:00:00,4,0.9785805232410222
2020-11-23 16:00:00,4,0.9796863572056203
2020-11-24 07:00:00,4,0.9305505814323333
2020-11-24 08:00:00,4,0.9942440327113393
2020-11-24 09:00:00,4,0.9970800319196694
2020-11-24 10:00:00,4,0.988464883937312
2020-11-24 11:00:00,4,0.9943132771692925
2020-11-24 12:00:00,4,0.8485842974017042
2020-11-24 13:00:00,4,0.9427220969460482
2020-11-24 14:00:00,4,0.9975599330441463
2020-11-24 15:00:00,4,0.9995161761566229
2020-11-24 16:00:00,4,0.8028826931636107
2020-11-25 08:00:00,4,0.9996537411021652
2020-11-25 09:00:00,4,0.9999504300195496
2020-11-25 10:00:00,4,0.999180657379674
2020-11-25 11:00:00,4,0.9826127584243611
2020-11-25 12:00:00,4,0.9638860035839609
2020-11-25 13:00:00,4,0.9647086744849865
2020-11-25 14:00:00,4,0.9930118466197169
2020-11-25 15:00:00,4,0.99531428868827
2020-11-25 16:00:00,4,0.8018666650315692
2020-11-26 07:00:00,4,0.9929971267984293
2020-11-26 08:00:00,4,0.9982365316665562
2020-11-26 09:00:00,4,0.9973454563744821
2020-11-26 10:00:00,4,0.9927072605341938
2020-11-26 11:00:00,4,0.9714859095261946
2020-11-26 12:00:00,4,0.9424818916385012
2020-11-26 13:00:00,4,0.9992059033111648
2020-11-26 14:00:00,4,0.9999809411265707
2020-11-26 15:00:00,4,0.9996558503675541
2020-11-26 16:00:00,4,0.9746208976441947
2020-11-27 07:00:00,3,0.9998700121174101
2020-11-27 08:00:00,4,0.9996151227629765
2020-11-27 09:00:00,4,0.9999421904833851
2020-11-27 10:00:00,4,0.9997055046352447
2020-11-27 11:00:00,4,0.9858147405696667
2020-11-27 12:00:00,4,0.9981329342028655
2020-11-27 13:00:00,4,0.9991093300104967
2020-11-27 14:00:00,4,0.9993864318896301
2020-11-27 15:00:00,4,0.9981623822345395
2020-11-27 16:00:00,4,0.9998727774793997
2020-11-28 08:00:00,4,0.9992565500952261
2020-11-28 09:00:00,4,0.9866532262944744
2020-11-28 10:00:00,4,0.9995550410155064
2020-11-28 11:00:00,4,0.9984113925750863
2020-11-28 12:00:00,4,0.9913077769376345
2020-11-28 13:00:00,4,0.9915174102705709
2020-11-28 14:00:00,4,0.9917502417536378
2020-11-28 15:00:00,4,0.9987473517907537
2020-11-28 16:00:00,4,0.9704532247019781
2020-11-29 07:00:00,4,0.9963934133473126
2020-11-29 08:00:00,4,0.9977443231404111
2020-11-29 09:00:00,4,0.9968372370509351
2020-11-29 10:00:00,4,0.9942613139533231
2020-11-29 11:00:00,4,0.3962582638260422
2020-11-29 12:00:00,4,0.9610221992867632
2020-11-29 13:00:00,4,0.9283020208049534
2020-11-29 14:00:00,4,0.9850054363216992
2020-11-29 15:00:00,4,0.9788325999931636
2020-11-29 16:00:00,4,0.9319757973643237
2020-11-30 07:00:00,3,0.9994510916229956
2020-11-30 08:00:00,4,0.9850073571338788
2020-11-30 09:00:00,4,0.994458044891686
2020-11-30 10:00:00,4,0.9935623675756452
2020-11-30 11:00:00,4,0.8900379110736862
2020-11-30 12:00:00,4,-0.32280947848183866
2020-11-30 13:00:00,4,0.9262180783217336
2020-11-30 14:00:00,4,0.9928421046834911
2020-11-30 15:00:00,4,0.9967094465717531
2020-11-30 16:00:00,4,0.9756845902906307
2020-12-01 07:00:00,3,0.9999894392235427
2020-12-01 08:00:00,4,0.993251913518794
2020-12-01 09:00:00,4,0.9980262762593742
2020-12-01 10:00:00,4,0.9996276159432299
2020-12-01 11:00:00,4,0.9919650748427343
2020-12-01 12:00:00,4,0.9992848755500693
2020-12-01 13:00:00,4,0.9851329888022377
2020-12-01 14:00:00,4,0.9993950381005002
2020-12-01 15:00:00,4,0.9907576350268922
2020-12-01 16:00:00,4,0.999270264215565
2020-12-02 08:00:00,4,0.9965492877725345
2020-12-02 09:00:00,4,0.995991760097253
2020-12-02 10:00:00,4,0.9929945376081436
2020-12-02 11:00:00,4,-0.2641397812824081
2020-12-02 12:00:00,4,0.9702750313276313
2020-12-02 13:00:00,4,0.9983485522851814
2020-12-02 14:00:00,4,0.8974599511179651
2020-12-02 15:00:00,4,0.9573289086216437
2020-12-02 16:00:00,4,0.9998887013296743
2020-12-03 07:00:00,3,0.9300403379066221
2020-12-03 08:00:00,4,0.9999989727225453
2020-12-03 09:00:00,4,0.9998944648273701
2020-12-03 10:00:00,4,0.8948222076557837
2020-12-03 11:00:00,4,0.9933630171119774
2020-12-03 12:00:00,4,0.9981242954691371
2020-12-03 13:00:00,4,0.9998806063173781
2020-12-03 14:00:00,4,0.9943686018415696
2020-12-03 15:00:00,4,0.9891990551633759
2020-12-03 16:00:00,4,0.9950447825801856
2020-12-04 07:00:00,3,0.9999741503717894
2020-12-04 08:00:00,4,0.9763323489024383
2020-12-04 09:00:00,4,0.9996750527302253
2020-12-04 10:00:00,4,0.9833859981202171
2020-12-04 11:00:00,4,0.8981933500898729
2020-12-04 12:00:00,4,0.7031452950469469
2020-12-04 13:00:00,4,0.9752183202232074
2020-12-04 14:00:00,4,0.9999917626284045
2020-12-04 15:00:00,4,0.9953746932081494
2020-12-04 16:00:00,4,0.9897713948732525
2020-12-05 07:00:00,3,0.9218877611258959
2020-12-05 08:00:00,4,0.99995256635993
2020-12-05 09:00:00,4,0.9898460172670873
2020-12-05 10:00:00,4,0.9977070107665864
2020-12-05 11:00:00,4,0.9311304197879117
2020-12-05 12:00:00,4,-0.04652098592436391
2020-12-05 13:00:00,4,0.9928481651586163
2020-12-05 14:00:00,4,0.9900184838170413
2020-12-05 15:00:00,4,0.9987109809490977
2020-12-05 16:00:00,4,0.9981560069530412
2020-12-06 07:00:00,3,0.9999148399441635
2020-12-06 08:00:00,4,0.98529999489266
2020-12-06 09:00:00,4,0.9962477110303777
2020-12-06 10:00:00,4,0.9996792953977192
2020-12-06 11:00:00,4,0.9971446063983551
2020-12-06 12:00:00,4,0.9995377440352526
2020-12-06 13:00:00,4,0.9963963240119003
2020-12-06 14:00:00,4,0.9948880510246827
2020-12-06 15:00:00,4,0.9866389876700913
2020-12-06 16:00:00,4,0.9988822201559593
2020-12-07 08:00:00,4,0.9956602320261915
2020-12-07 09:00:00,4,0.9988306690763581
2020-12-07 10:00:00,4,0.9984464081430119
2020-12-07 11:00:00,4,0.9922692783792127
2020-12-07 12:00:00,4,0.9857655701532381
2020-12-07 13:00:00,4,0.998764013123907
2020-12-07 14:00:00,4,0.9900470398813653
2020-12-07 15:00:00,4,0.9968028054587469
2020-12-07 16:00:00,4,0.997154052394065
2020-12-08 08:00:00,4,0.9999999999999999
2020-12-08 09:00:00,4,0.9996842400422247
2020-12-08 10:00:00,4,0.989302210726109
2020-12-08 11:00:00,4,0.9812675820454485
2020-12-08 12:00:00,4,0.9879313279967463
2020-12-08 13:00:00,4,0.988906574063577
2020-12-08 14:00:00,4,0.9959854694561225
2020-12-08 15:00:00,4,0.9908229994970603
2020-12-08 16:00:00,4,0.9972577075203847
2020-12-09 08:00:00,4,0.9986094364875828
2020-12-09 09:00:00,4,0.9991469209461279
2020-12-09 10:00:00,4,0.9926969714719075
2020-12-09 11:00:00,4,0.8359391389866702
2020-12-09 12:00:00,4,0.9100984989768478
2020-12-09 13:00:00,4,0.9226165835505866
2020-12-09 14:00:00,4,0.9777336376971859
2020-12-09 15:00:00,4,0.9995724855737519
2020-12-09 16:00:00,4,0.9999603929765888
2020-12-10 08:00:00,4,0.9987609448204121
2020-12-10 09:00:00,4,0.9979183187347687
2020-12-10 10:00:00,4,0.9811697939736362
2020-12-10 11:00:00,4,0.9995341781384981
2020-12-10 12:00:00,4,0.999833220883856
2020-12-10 13:00:00,4,0.9999730372832191
2020-12-10 14:00:00,4,0.9944424720753505
2020-12-10 15:00:00,4,0.9990786832361092
2020-12-10 16:00:00,4,0.9999010450827692
2020-12-11 08:00:00,4,0.9965015487416259
2020-12-11 09:00:00,4,0.9968709211891307
2020-12-11 10:00:00,4,0.9905960131185231
2020-12-11 11:00:00,4,0.9993662797788192
2020-12-11 12:00:00,4,0.9277859412274297
2020-12-11 13:00:00,4,-0.05683668369587989
2020-12-11 14:00:00,4,0.997492403766484
2020-12-11 15:00:00,4,0.9997911282527409
2020-12-11 16:00:00,4,0.9998344945166526
2020-12-12 07:00:00,3,0.9998090587608727
2020-12-12 08:00:00,4,0.9423906843866957
2020-12-12 09:00:00,4,0.9999931349786543
2020-12-12 10:00:00,4,0.995028174554538
2020-12-12 11:00:00,4,0.9900848007035589
2020-12-12 12:00:00,4,0.05610823101216672
2020-12-12 13:00:00,4,0.9903605191726187
2020-12-12 14:00:00,4,0.998368025798601
2020-12-12 15:00:00,4,0.9940760508682939
2020-12-12 16:00:00,4,0.9946152068981695
2020-12-13 07:00:00,3,0.9987077903035602
2020-12-13 08:00:00,4,0.9517767807552713
2020-12-13 09:00:00,4,0.922566835020946
2020-12-13 10:00:00,4,0.9998456813328642
2020-12-13 11:00:00,4,0.9567026742362665
2020-12-13 12:00:00,4,0.9914698694446762
2020-12-13 13:00:00,4,0.9995792864276563
2020-12-13 14:00:00,4,0.9973414756226208
2020-12-13 15:00:00,4,0.9935747467899877
2020-12-13 16:00:00,4,0.9658910804191553
2020-12-14 08:00:00,4,0.9998195285048522
2020-12-14 09:00:00,4,0.9997286616394891
2020-12-14 10:00:00,4,0.9998359093507354
2020-12-14 11:00:00,4,0.9360596558203723
2020-12-14 12:00:00,4,0.9917461216120038
2020-12-14 13:00:00,4,0.9998518067373661
2020-12-14 14:00:00,4,0.9987903860427347
2020-12-14 15:00:00,4,0.9700119207526335
2020-12-14 16:00:00,4,0.9964515144917336
2020-12-15 07:00:00,3,0.9984572484410815
2020-12-15 08:00:00,4,0.9645149492917756
2020-12-15 09:00:00,4,0.9978978535824298
2020-12-15 10:00:00,4,0.998113222595263
2020-12-15 11:00:00,4,0.9991182445097332
2020-12-15 12:00:00,4,0.6111243173832646
2020-12-15 13:00:00,4,0.9948026241303314
2020-12-15 14:00:00,4,0.9999737916644421
2020-12-15 15:00:00,4,0.9994009968397067
2020-12-15 16:00:00,4,0.9984778323797665
2020-12-16 07:00:00,3,0.9991958389579497
2020-12-16 08:00:00,4,0.9705991260234801
2020-12-16 09:00:00,4,0.9969880781848983
2020-12-16 10:00:00,4,0.9992919114015153
2020-12-16 11:00:00,4,0.9986287894776922
2020-12-16 12:00:00,4,0.41969253245177524
2020-12-16 13:00:00,4,0.9721944779642906
2020-12-16 14:00:00,4,0.8807760805519143
2020-12-16 15:00:00,4,0.9999321008079609
2020-12-16 16:00:00,4,0.9999671243364361
2020-12-17 08:00:00,4,0.9999116951499829
2020-12-17 09:00:00,4,0.9994886356830854
2020-12-17 10:00:00,4,0.9780642721602509
2020-12-17 11:00:00,4,0.9992635443764304
2020-12-17 12:00:00,4,0.9952975012369311
2020-12-17 13:00:00,4,0.9981603810318541
2020-12-17 14:00:00,4,0.9958221597165328
2020-12-17 15:00:00,4,0.9991435910960114
2020-12-17 16:00:00,4,0.9985041519276908
2020-12-18 08:00:00,4,0.9999004493905048
2020-12-18 09:00:00,4,0.999529206388265
2020-12-18 10:00:00,4,0.9986330998333552
2020-12-18 11:00:00,4,0.9899125975041128
2020-12-18 12:00:00,4,0.9979602024457919
2020-12-18 13:00:00,4,0.997331183303352
2020-12-18 14:00:00,4,0.9779623192734594
2020-12-18 15:00:00,4,0.9997080692220555
2020-12-18 16:00:00,4,0.999902645796838
2020-12-19 08:00:00,4,0.9820316146797431
2020-12-19 09:00:00,4,0.999547578831541
2020-12-19 10:00:00,4,0.9967494309179158
2020-12-19 11:00:00,4,0.999244646549296
2020-12-19 12:00:00,4,0.9337003694391978
2020-12-19 13:00:00,4,0.9938592571538489
2020-12-19 14:00:00,4,0.9998062900293325
2020-12-19 15:00:00,4,0.9992029748757763
2020-12-19 16:00:00,4,0.9993901112071096
2020-12-20 08:00:00,4,0.960938708797708
2020-12-20 09:00:00,4,0.9538950395340079
2020-12-20 10:00:00,4,0.9997048371703661
2020-12-20 11:00:00,4,0.9810437976501606
2020-12-20 12:00:00,4,0.8673024738659381
2020-12-20 13:00:00,4,0.5846040847843922
2020-12-20 14:00:00,4,0.9934670029607033
2020-12-20 15:00:00,4,0.9982937030357965
2020-12-20 16:00:00,4,0.9970430472746274
2020-12-21 08:00:00,4,0.9897182216285593
2020-12-21 09:00:00,4,0.9770217156998496
2020-12-21 10:00:00,4,0.9991857375327622
2020-12-21 11:00:00,4,0.9988936008747866
2020-12-21 12:00:00,4,0.9963711865407104
2020-12-21 13:00:00,4,0.9999258072749377
2020-12-21 14:00:00,4,0.9585338678879366
2020-12-21 15:00:00,4,0.9961036213509071
2020-12-21 16:00:00,4,0.9925757309412013
2020-12-22 08:00:00,4,0.8900428558226382
2020-12-22 09:00:00,4,0.9669038137940772
2020-12-22 10:00:00,4,0.9136567331681342
2020-12-22 11:00:00,4,0.9457356374657262
2020-12-22 12:00:00,4,0.7858084305043063
2020-12-22 13:00:00,4,0.9913663146923306
2020-12-22 14:00:00,4,0.9865511194746339
2020-12-22 15:00:00,4,0.9983817561308118
2020-12-22 16:00:00,4,0.9518020653720357
2020-12-23 08:00:00,4,0.9794101067016219
2020-12-23 09:00:00,4,0.997353620044335
2020-12-23 10:00:00,4,0.9998007921570745
2020-12-23 11:00:00,4,0.9658507213228295
2020-12-23 12:00:00,4,0.9732464809577244
2020-12-23 13:00:00,4,0.9830356231043689
2020-12-23 14:00:00,4,0.9999109749045413
2020-12-23 15:00:00,4,0.9974048990742461
2020-12-23 16:00:00,4,0.9995398578791143
2020-12-24 08:00:00,4,0.9764841382053646
2020-12-24 09:00:00,4,0.9963768066375681
2020-12-24 10:00:00,4,0.9975335323152944
2020-12-24 11:00:00,4,0.9765570364921229
2020-12-24 12:00:00,4,0.18221483418208587
2020-12-24 13:00:00,4,0.9096232397150368
2020-12-24 14:00:00,4,0.9989170115883477
2020-12-24 15:00:00,4,0.9981034981780171
2020-12-24 16:00:00,4,0.9890184334334401
2020-12-25 07:00:00,3,0.9485491910532838
2020-12-25 08:00:00,4,0.9950852665624007
2020-12-25 09:00:00,4,0.9973631840015467
2020-12-25 10:00:00,4,0.9715792396943049
2020-12-25 11:00:00,4,0.9985324479732987
2020-12-25 12:00:00,4,0.9906384413338074
2020-12-25 13:00:00,4,0.9819647757474871
2020-12-25 14:00:00,4,0.9780919724009296
2020-12-25 15:00:00,4,0.9944669239158636
2020-12-25 16:00:00,4,0.9939052449656872
2020-12-26 08:00:00,4,0.9991548340377802
2020-12-26 09:00:00,4,0.999702525095226
2020-12-26 10:00:00,4,0.9846436546125015
2020-12-26 11:00:00,4,0.9996844878861512
2020-12-26 12:00:00,4,0.9566855740596363
2020-12-26 13:00:00,4,0.9995179653687305
2020-12-26 14:00:00,4,0.9987442477075656
2020-12-26 15:00:00,4,0.9995614946009604
2020-12-26 16:00:00,4,0.9994518646265769
2020-12-27 08:00:00,4,0.9986830421887477
2020-12-27 09:00:00,4,0.9562705303840939
2020-12-27 10:00:00,4,0.9874554742839189
2020-12-27 11:00:00,4,0.9587516641668123
2020-12-27 12:00:00,4,-0.6696085588985583
2020-12-27 13:00:00,4,0.9748565857169428
2020-12-27 14:00:00,4,0.9019367786814665
2020-12-27 15:00:00,4,0.9944796834207624
2020-12-27 16:00:00,4,0.9978397939649609
2020-12-28 08:00:00,4,0.9955465160724143
2020-12-28 09:00:00,4,0.9997369624980065
2020-12-28 10:00:00,4,0.9613775236513864
2020-12-28 11:00:00,4,0.9879698500315919
2020-12-28 12:00:00,4,0.9867946801573707
2020-12-28 13:00:00,4,0.9584234867861482
2020-12-28 14:00:00,4,0.9986499499547112
2020-12-28 15:00:00,4,0.9998315713754384
2020-12-28 16:00:00,4,0.9953178547653291
2020-12-29 08:00:00,4,8.688869536365444e-16
2020-12-29 09:00:00,4,0.9023750760128473
2020-12-29 10:00:00,4,0.5823282246280533
2020-12-29 11:00:00,4,0.9956369986519152
2020-12-29 12:00:00,4,0.8243354499293063
2020-12-29 13:00:00,4,0.5885032672980071
2020-12-29 14:00:00,4,0.9849076707051313
2020-12-29 15:00:00,4,0.9271807063559765
2020-12-29 16:00:00,4,0.9988617877014706
2020-12-30 08:00:00,4,0.992486052071438
2020-12-30 09:00:00,4,0.9951198539106778
2020-12-30 10:00:00,4,0.9909732816405795
2020-12-30 11:00:00,4,0.9885549945241063
2020-12-30 12:00:00,4,0.9131251830726606
2020-12-30 13:00:00,4,0.9943711672396001
2020-12-30 14:00:00,4,0.9731607766438609
2020-12-30 15:00:00,4,0.9891854206297538
2020-12-30 16:00:00,4,0.9559436301270926
2020-12-31 08:00:00,4,0.9849049956096603
2020-12-31 09:00:00,4,0.997607595232065
2020-12-31 10:00:00,4,0.9995694245703427
2020-12-31 11:00:00,4,0.9997801437434204
2020-12-31 12:00:00,4,0.6916606853843809
2020-12-31 13:00:00,4,0.9929912061350668
2020-12-31 14:00:00,4,0.999012598241929
2020-12-31 15:00:00,4,0.9974436289506635
2020-12-31 16:00:00,4,0.9384152215474855
