timestamp,y_true,y_pred
2026-08-04 10:30:00,0.7549232,0.72120774
2026-08-04 10:30:00,0.76481843,0.7221391
2026-08-04 10:30:00,0.7419807,0.7261883
2026-08-04 10:30:00,0.7849839,0.7287959
2026-08-04 10:45:00,0.76482064,0.7299606
2026-08-04 10:45:00,0.7419826,0.7275217
2026-08-04 10:45:00,0.78498507,0.72963715
2026-08-04 10:45:00,0.8279886,0.72969496
2026-08-04 11:00:00,0.741985,0.7396209
2026-08-04 11:00:00,0.7849865,0.7338511
2026-08-04 11:00:00,0.82798946,0.7342862
2026-08-04 11:00:00,0.8152771,0.7320947
2026-08-04 11:15:00,0.7849885,0.74711645
2026-08-04 11:15:00,0.8279905,0.73867476
2026-08-04 11:15:00,0.81527805,0.737683
2026-08-04 11:15:00,0.84007,0.73358005
2026-08-04 11:30:00,0.82799196,0.7538022
2026-08-04 11:30:00,0.81527925,0.7430675
2026-08-04 11:30:00,0.8400707,0.7408377
2026-08-04 11:30:00,0.8097763,0.7350284
2026-08-04 11:45:00,0.8152809,0.7586696
2026-08-04 11:45:00,0.8400716,0.74617827
2026-08-04 11:45:00,0.8097774,0.7429222
2026-08-04 11:45:00,0.8058963,0.73566747
2026-08-04 12:00:00,0.840073,0.7637043
2026-08-04 12:00:00,0.8097786,0.7495707
2026-08-04 12:00:00,0.80589724,0.74552405
2026-08-04 12:00:00,0.80201614,0.7370486
2026-08-04 12:15:00,0.80978024,0.7689967
2026-08-04 12:15:00,0.8058985,0.7534386
2026-08-04 12:15:00,0.8020171,0.7488444
2026-08-04 12:15:00,0.80401754,0.7393613
2026-08-04 12:30:00,0.8059003,0.76764613
2026-08-04 12:30:00,0.80201846,0.7518076
2026-08-04 12:30:00,0.8040186,0.74649733
2026-08-04 12:30:00,0.78018963,0.736202
2026-08-04 12:45:00,0.80202025,0.7636763
2026-08-04 12:45:00,0.80401987,0.7478555
2026-08-04 12:45:00,0.7801908,0.7418072
2026-08-04 12:45:00,0.78219163,0.730698
2026-08-04 13:00:00,0.80402166,0.7608049
2026-08-04 13:00:00,0.7801924,0.7447835
2026-08-04 13:00:00,0.7821928,0.73803234
2026-08-04 13:00:00,0.74717575,0.72607374
2026-08-04 13:15:00,0.7801944,0.75906503
2026-08-04 13:15:00,0.7821943,0.7426466
2026-08-04 13:15:00,0.74717724,0.735196
2026-08-04 13:15:00,0.7646145,0.7223929
2026-08-04 13:30:00,0.7821963,0.7535006
2026-08-04 13:30:00,0.74717903,0.73711395
2026-08-04 13:30:00,0.7646159,0.728708
2026-08-04 13:30:00,0.7576624,0.71501184
2026-08-04 13:45:00,0.7471815,0.7456306
2026-08-04 13:45:00,0.76461756,0.7293872
2026-08-04 13:45:00,0.75766385,0.7198136
2026-08-04 13:45:00,0.748014,0.7050878
2026-08-04 14:00:00,0.7646197,0.7356546
2026-08-04 14:00:00,0.7576655,0.71968055
2026-08-04 14:00:00,0.7480154,0.70889133
2026-08-04 14:00:00,0.7534216,0.69311154
2026-08-04 14:15:00,0.75766784,0.72856706
2026-08-04 14:15:00,0.74801725,0.7122394
2026-08-04 14:15:00,0.7534231,0.7004056
2026-08-04 14:15:00,0.7111988,0.68356836
2026-08-04 14:30:00,0.74801964,0.7192112
2026-08-04 14:30:00,0.7534248,0.7026191
2026-08-04 14:30:00,0.7112006,0.6897261
2026-08-04 14:30:00,0.6699201,0.67166203
2026-08-04 14:45:00,0.75342715,0.7055503
2026-08-04 14:45:00,0.71120274,0.6887172
2026-08-04 14:45:00,0.66992223,0.67413247
2026-08-04 14:45:00,0.64865434,0.65410346
2026-08-04 15:00:00,0.71120554,0.6941147
2026-08-04 15:00:00,0.6699248,0.67622674
2026-08-04 15:00:00,0.6486566,0.65981776
2026-08-04 15:00:00,0.6273885,0.6378071
2026-08-04 15:15:00,0.6699281,0.6781286
2026-08-04 15:15:00,0.64865935,0.6594174
2026-08-04 15:15:00,0.627391,0.6408373
2026-08-04 15:15:00,0.60612273,0.6168115
2026-08-04 15:30:00,0.64866287,0.65428126
2026-08-04 15:30:00,0.62739396,0.6352025
2026-08-04 15:30:00,0.60612535,0.61403465
2026-08-04 15:30:00,0.5701598,0.58779836
2026-08-04 15:45:00,0.62739766,0.62577236
2026-08-04 15:45:00,0.6061286,0.6053487
2026-08-04 15:45:00,0.5701627,0.5811324
2026-08-04 15:45:00,0.5351471,0.55263865
2026-08-04 16:00:00,0.6061325,0.5984727
2026-08-04 16:00:00,0.57016623,0.5754316
2026-08-04 16:00:00,0.53515023,0.5481206
2026-08-04 16:00:00,0.5123735,0.5181114
2026-08-04 16:15:00,0.57017064,0.5706388
2026-08-04 16:15:00,0.5351541,0.54476297
2026-08-04 16:15:00,0.5123769,0.51477796
2026-08-04 16:15:00,0.48063827,0.48406884
2026-08-04 16:30:00,0.5351589,0.5391667
2026-08-04 16:30:00,0.512381,0.51073676
2026-08-04 16:30:00,0.4806419,0.47833595
2026-08-04 16:30:00,0.4459567,0.44721818
2026-08-04 16:45:00,0.512386,0.5061817
2026-08-04 16:45:00,0.4806463,0.47662628
2026-08-04 16:45:00,0.44596064,0.4428612
2026-08-04 16:45:00,0.412494,0.41180265
2026-08-04 17:00:00,0.48065168,0.47566995
2026-08-04 17:00:00,0.44596538,0.4461661
2026-08-04 17:00:00,0.41249824,0.41246766
2026-08-04 17:00:00,0.37822282,0.3820221
2026-08-04 17:15:00,0.44597113,0.44561443
2026-08-04 17:15:00,0.41250324,0.41752213
2026-08-04 17:15:00,0.3782273,0.38592345
2026-08-04 17:15:00,0.33288544,0.3572439
2026-08-04 17:30:00,0.41250938,0.41762847
2026-08-04 17:30:00,0.37823266,0.39158195
2026-08-04 17:30:00,0.33289027,0.36368603
2026-08-04 17:30:00,0.31941748,0.33800384
2026-08-04 17:45:00,0.37823918,0.39114502
2026-08-04 17:45:00,0.33289608,0.36781415
2026-08-04 17:45:00,0.31942242,0.34465176
2026-08-04 17:45:00,0.2964478,0.322761
2026-08-04 18:00:00,0.33290312,0.3671797
2026-08-04 18:00:00,0.31942838,0.346936
2026-08-04 18:00:00,0.29645297,0.32872993
2026-08-04 18:00:00,0.2897607,0.31105685
2026-08-04 18:15:00,0.31943554,0.34284815
2026-08-04 18:15:00,0.29645914,0.32635078
2026-08-04 18:15:00,0.2897659,0.31376767
2026-08-04 18:15:00,0.28299245,0.30083606
2026-08-04 18:30:00,0.29646653,0.32323867
2026-08-04 18:30:00,0.28977212,0.31041825
2026-08-04 18:30:00,0.2829977,0.30290914
2026-08-04 18:30:00,0.28299245,0.294338
2026-08-04 18:45:00,0.2897796,0.3103844
2026-08-04 18:45:00,0.283004,0.30077887
2026-08-04 18:45:00,0.2829977,0.29700112
2026-08-04 18:45:00,0.28299245,0.29185116
2026-08-04 19:00:00,0.28301156,0.30067387
2026-08-04 19:00:00,0.283004,0.29434124
2026-08-04 19:00:00,0.2829977,0.2938008
2026-08-04 19:00:00,0.28299245,0.2915095
2026-08-04 19:15:00,0.28301156,0.29349273
2026-08-04 19:15:00,0.283004,0.2902762
2026-08-04 19:15:00,0.2829977,0.29240012
2026-08-04 19:15:00,0.28299245,0.29238778
2026-08-04 19:30:00,0.28301156,0.28872815
2026-08-04 19:30:00,0.283004,0.28754064
2026-08-04 19:30:00,0.2829977,0.2913903
2026-08-04 19:30:00,0.28299245,0.29256687
2026-08-04 19:45:00,0.28301156,0.28615987
2026-08-04 19:45:00,0.283004,0.2858989
2026-08-04 19:45:00,0.2829977,0.29048738
2026-08-04 19:45:00,0.28299245,0.29208896
2026-08-04 20:00:00,0.28301156,0.28467298
2026-08-04 20:00:00,0.283004,0.28476363
2026-08-04 20:00:00,0.2829977,0.28969353
2026-08-04 20:00:00,0.28299245,0.29133868
2026-08-04 20:15:00,0.28301156,0.2838068
2026-08-04 20:15:00,0.283004,0.28407207
2026-08-04 20:15:00,0.2829977,0.28925046
2026-08-04 20:15:00,0.28299245,0.29099312
2026-08-04 20:30:00,0.28301156,0.28330657
2026-08-04 20:30:00,0.283004,0.28365514
2026-08-04 20:30:00,0.2829977,0.2889404
2026-08-04 20:30:00,0.28299245,0.29081294
2026-08-04 20:45:00,0.28301156,0.28305048
2026-08-04 20:45:00,0.283004,0.28342468
2026-08-04 20:45:00,0.2829977,0.28875354
2026-08-04 20:45:00,0.28299245,0.29077408
2026-08-04 21:00:00,0.28301156,0.28270462
2026-08-04 21:00:00,0.283004,0.28329936
2026-08-04 21:00:00,0.2829977,0.288775
2026-08-04 21:00:00,0.28299245,0.29099447
2026-08-04 21:15:00,0.28301156,0.28232408
2026-08-04 21:15:00,0.283004,0.28303653
2026-08-04 21:15:00,0.2829977,0.2886174
2026-08-04 21:15:00,0.28299245,0.29095292
2026-08-04 21:30:00,0.28301156,0.2821759
2026-08-04 21:30:00,0.283004,0.2828281
2026-08-04 21:30:00,0.2829977,0.28842062
2026-08-04 21:30:00,0.28299245,0.29080474
2026-08-04 21:45:00,0.28301156,0.28222123
2026-08-04 21:45:00,0.283004,0.28280866
2026-08-04 21:45:00,0.2829977,0.2884067
2026-08-04 21:45:00,0.28299245,0.29083705
2026-08-04 22:00:00,0.28301156,0.28206792
2026-08-04 22:00:00,0.283004,0.28287545
2026-08-04 22:00:00,0.2829977,0.2885851
2026-08-04 22:00:00,0.28299245,0.2911109
2026-08-04 22:15:00,0.28301156,0.28182903
2026-08-04 22:15:00,0.283004,0.28269067
2026-08-04 22:15:00,0.2829977,0.28844348
2026-08-04 22:15:00,0.28299245,0.29100615
2026-08-04 22:30:00,0.28301156,0.28181377
2026-08-04 22:30:00,0.283004,0.2825104
2026-08-04 22:30:00,0.2829977,0.2882298
2026-08-04 22:30:00,0.28299245,0.29080823
2026-08-04 22:45:00,0.28301156,0.2818663
2026-08-04 22:45:00,0.283004,0.28238118
2026-08-04 22:45:00,0.2829977,0.2880906
2026-08-04 22:45:00,0.28299245,0.29067707
2026-08-04 23:00:00,0.28301156,0.2819681
2026-08-04 23:00:00,0.283004,0.2823997
2026-08-04 23:00:00,0.2829977,0.2881001
2026-08-04 23:00:00,0.28299245,0.29072917
2026-08-04 23:15:00,0.28301156,0.2819618
2026-08-04 23:15:00,0.283004,0.28245434
2026-08-04 23:15:00,0.2829977,0.28817493
2026-08-04 23:15:00,0.28299245,0.29086939
2026-08-04 23:30:00,0.28301156,0.28198108
2026-08-04 23:30:00,0.283004,0.28251094
2026-08-04 23:30:00,0.2829977,0.28823116
2026-08-04 23:30:00,0.28299245,0.2909717
2026-08-04 23:45:00,0.28301156,0.28198165
2026-08-04 23:45:00,0.283004,0.28253573
2026-08-04 23:45:00,0.2829977,0.28826043
2026-08-04 23:45:00,0.28299245,0.29101855
2026-08-05 00:00:00,0.28301156,0.28199792
2026-08-05 00:00:00,0.283004,0.28250566
2026-08-05 00:00:00,0.2829977,0.28823635
2026-08-05 00:00:00,0.28299245,0.29101703
2026-08-05 00:15:00,0.28301156,0.28206456
2026-08-05 00:15:00,0.283004,0.28249532
2026-08-05 00:15:00,0.2829977,0.2882292
2026-08-05 00:15:00,0.28299245,0.29106277
2026-08-05 00:30:00,0.28301156,0.28213808
2026-08-05 00:30:00,0.283004,0.28249714
2026-08-05 00:30:00,0.2829977,0.28824866
2026-08-05 00:30:00,0.28299245,0.29115015
2026-08-05 00:45:00,0.28301156,0.2822526
2026-08-05 00:45:00,0.283004,0.28256813
2026-08-05 00:45:00,0.2829977,0.2883217
2026-08-05 00:45:00,0.28299245,0.29129255
2026-08-05 01:00:00,0.28301156,0.28228092
2026-08-05 01:00:00,0.283004,0.28262475
2026-08-05 01:00:00,0.2829977,0.2883864
2026-08-05 01:00:00,0.28299245,0.29138702
2026-08-05 01:15:00,0.28301156,0.2823101
2026-08-05 01:15:00,0.283004,0.282683
2026-08-05 01:15:00,0.2829977,0.2884753
2026-08-05 01:15:00,0.28299245,0.29156816
2026-08-05 01:30:00,0.28301156,0.28242293
2026-08-05 01:30:00,0.283004,0.2827803
2026-08-05 01:30:00,0.2829977,0.28860143
2026-08-05 01:30:00,0.28299245,0.29180372
2026-08-05 01:45:00,0.28301156,0.28255367
2026-08-05 01:45:00,0.283004,0.28289038
2026-08-05 01:45:00,0.2829977,0.28873578
2026-08-05 01:45:00,0.28299245,0.2920257
2026-08-05 02:00:00,0.28301156,0.28264034
2026-08-05 02:00:00,0.283004,0.28299165
2026-08-05 02:00:00,0.2829977,0.28884175
2026-08-05 02:00:00,0.28299245,0.2921754
2026-08-05 02:15:00,0.28301156,0.28271946
2026-08-05 02:15:00,0.283004,0.2831306
2026-08-05 02:15:00,0.2829977,0.28902864
2026-08-05 02:15:00,0.28299245,0.2924799
2026-08-05 02:30:00,0.28301156,0.2828638
2026-08-05 02:30:00,0.283004,0.28331864
2026-08-05 02:30:00,0.2829977,0.28926706
2026-08-05 02:30:00,0.28299245,0.2928542
2026-08-05 02:45:00,0.28301156,0.28301612
2026-08-05 02:45:00,0.283004,0.2835077
2026-08-05 02:45:00,0.2829977,0.28950018
2026-08-05 02:45:00,0.28299245,0.29321048
2026-08-05 03:00:00,0.28301156,0.2831828
2026-08-05 03:00:00,0.283004,0.28369072
2026-08-05 03:00:00,0.2829977,0.2896734
2026-08-05 03:00:00,0.28299245,0.2934286
2026-08-05 03:15:00,0.28301156,0.2833018
2026-08-05 03:15:00,0.283004,0.28385377
2026-08-05 03:15:00,0.2829977,0.28985456
2026-08-05 03:15:00,0.28299245,0.2936767
2026-08-05 03:30:00,0.28301156,0.2834546
2026-08-05 03:30:00,0.283004,0.28406757
2026-08-05 03:30:00,0.2829977,0.2901203
2026-08-05 03:30:00,0.28299245,0.29406118
2026-08-05 03:45:00,0.28301156,0.2836705
2026-08-05 03:45:00,0.283004,0.28432813
2026-08-05 03:45:00,0.2829977,0.29042062
2026-08-05 03:45:00,0.28299245,0.29447612
2026-08-05 04:00:00,0.28301156,0.2838198
2026-08-05 04:00:00,0.283004,0.2844915
2026-08-05 04:00:00,0.2829977,0.29058915
2026-08-05 04:00:00,0.28299245,0.29468262
2026-08-05 04:15:00,0.28301156,0.284007
2026-08-05 04:15:00,0.283004,0.28477022
2026-08-05 04:15:00,0.2829977,0.29095635
2026-08-05 04:15:00,0.28299245,0.29521704
2026-08-05 04:30:00,0.28301156,0.28427383
2026-08-05 04:30:00,0.283004,0.28515574
2026-08-05 04:30:00,0.2829977,0.291443
2026-08-05 04:30:00,0.28299245,0.29589742
2026-08-05 04:45:00,0.28301156,0.28453302
2026-08-05 04:45:00,0.283004,0.2855256
2026-08-05 04:45:00,0.2829977,0.291893
2026-08-05 04:45:00,0.2897851,0.29650542
2026-08-05 05:00:00,0.28301156,0.2847377
2026-08-05 05:00:00,0.283004,0.28572455
2026-08-05 05:00:00,0.28979027,0.29202473
2026-08-05 05:00:00,0.29654947,0.29659116
2026-08-05 05:15:00,0.28301156,0.28487703
2026-08-05 05:15:00,0.2897965,0.28581634
2026-08-05 05:15:00,0.2965546,0.29200512
2026-08-05 05:15:00,0.30331382,0.296456
2026-08-05 05:30:00,0.28980398,0.28584325
2026-08-05 05:30:00,0.29656076,0.28766233
2026-08-05 05:30:00,0.30331892,0.29467666
2026-08-05 05:30:00,0.3100782,0.30036476
2026-08-05 05:45:00,0.29656819,0.28763843
2026-08-05 05:45:00,0.303325,0.28924578
2026-08-05 05:45:00,0.31008324,0.29497313
2026-08-05 05:45:00,0.33464497,0.29937083
2026-08-05 06:00:00,0.30333236,0.28871977
2026-08-05 06:00:00,0.31008926,0.29020497
2026-08-05 06:00:00,0.3346498,0.29553938
2026-08-05 06:00:00,0.36054543,0.29975957
2026-08-05 06:15:00,0.31009653,0.29126894
2026-08-05 06:15:00,0.3346556,0.29229283
2026-08-05 06:15:00,0.36055005,0.29807663
2026-08-05 06:15:00,0.38872862,0.30256963
2026-08-05 06:30:00,0.3346626,0.30189332
2026-08-05 06:30:00,0.3605556,0.30795196
2026-08-05 06:30:00,0.388733,0.31995195
2026-08-05 06:30:00,0.4196142,0.33083385
2026-08-05 06:45:00,0.3605623,0.31837
2026-08-05 06:45:00,0.38873827,0.33176875
2026-08-05 06:45:00,0.41961834,0.35119137
2026-08-05 06:45:00,0.4504633,0.36880797
2026-08-05 07:00:00,0.38874468,0.3359128
2026-08-05 07:00:00,0.41962332,0.35417816
2026-08-05 07:00:00,0.45046717,0.3776261
2026-08-05 07:00:00,0.46087548,0.39844778
2026-08-05 07:15:00,0.41962934,0.35785553
2026-08-05 07:15:00,0.45047188,0.38032597
2026-08-05 07:15:00,0.46087927,0.4065137
2026-08-05 07:15:00,0.47128767,0.429439
2026-08-05 07:30:00,0.45047757,0.3793251
2026-08-05 07:30:00,0.46088386,0.40423614
2026-08-05 07:30:00,0.4712914,0.43123245
2026-08-05 07:30:00,0.5038584,0.4548909
2026-08-05 07:45:00,0.46088946,0.40174982
2026-08-05 07:45:00,0.4712959,0.4277989
2026-08-05 07:45:00,0.50386184,0.4546055
2026-08-05 07:45:00,0.5882207,0.4784491
2026-08-05 08:00:00,0.47130138,0.43929917
2026-08-05 08:00:00,0.503866,0.46448314
2026-08-05 08:00:00,0.5882235,0.4872033
2026-08-05 08:00:00,0.6725831,0.508612
2026-08-05 08:15:00,0.50387114,0.46737295
2026-08-05 08:15:00,0.5882269,0.49186304
2026-08-05 08:15:00,0.6725852,0.5127207
2026-08-05 08:15:00,0.6717523,0.53210706
2026-08-05 08:30:00,0.5882311,0.48098677
2026-08-05 08:30:00,0.67258775,0.5045756
2026-08-05 08:30:00,0.67175436,0.52395207
2026-08-05 08:30:00,0.67092144,0.541471
2026-08-05 08:45:00,0.672591,0.51948553
2026-08-05 08:45:00,0.6717569,0.5415596
2026-08-05 08:45:00,0.67092353,0.5604523
2026-08-05 08:45:00,0.664935,0.57697314
2026-08-05 09:00:00,0.6717602,0.56500554
2026-08-05 09:00:00,0.6709261,0.5851326
2026-08-05 09:00:00,0.66493714,0.6024362
2026-08-05 09:00:00,0.6930555,0.61629593
2026-08-05 09:15:00,0.6709293,0.613727
2026-08-05 09:15:00,0.66493976,0.63078415
2026-08-05 09:15:00,0.6930575,0.6458893
2026-08-05 09:15:00,0.6047828,0.6572651
2026-08-05 09:30:00,0.6649431,0.6430929
2026-08-05 09:30:00,0.6930598,0.657918
2026-08-05 09:30:00,0.60478544,0.67015696
2026-08-05 09:30:00,0.51651,0.67882186
2026-08-05 09:45:00,0.6930628,0.6574934
2026-08-05 09:45:00,0.60478866,0.6705421
2026-08-05 09:45:00,0.51651335,0.6806476
2026-08-05 09:45:00,0.43406674,0.68737113
2026-08-05 10:00:00,0.6047926,0.67180604
2026-08-05 10:00:00,0.5165174,0.68171996
2026-08-05 10:00:00,0.43407077,0.6895536
2026-08-05 10:00:00,0.55567455,0.6941127
2026-08-05 10:15:00,0.5165224,0.6724685
2026-08-05 10:15:00,0.4340756,0.6810303
2026-08-05 10:15:00,0.55567753,0.6870099
2026-08-05 10:15:00,0.67728233,0.6891194
2026-08-05 10:30:00,0.4340815,0.65566427
2026-08-05 10:30:00,0.5556812,0.6658451
2026-08-05 10:30:00,0.6772844,0.6705049
2026-08-05 10:30:00,0.82129896,0.6698243
2026-08-05 10:45:00,0.55568576,0.62500083
2026-08-05 10:45:00,0.6772869,0.6383989
2026-08-05 10:45:00,0.8212999,0.64254
2026-08-05 10:45:00,0.65937674,0.6391475
2026-08-05 11:00:00,0.6772901,0.60914236
2026-08-05 11:00:00,0.821301,0.622568
2026-08-05 11:00:00,0.6593789,0.6262328
2026-08-05 11:00:00,0.49745446,0.62174654
2026-08-05 11:15:00,0.8213026,0.6297978
2026-08-05 11:15:00,0.6593816,0.6373998
2026-08-05 11:15:00,0.49745798,0.63883495
2026-08-05 11:15:00,0.5338242,0.63517034
2026-08-05 11:30:00,0.65938497,0.68380404
2026-08-05 11:30:00,0.4974622,0.6807678
2026-08-05 11:30:00,0.5338274,0.6782154
2026-08-05 11:30:00,0.570194,0.6721966
2026-08-05 11:45:00,0.4974674,0.69725156
2026-08-05 11:45:00,0.53383136,0.69122803
2026-08-05 11:45:00,0.57019687,0.68736625
2026-08-05 11:45:00,0.70613503,0.6801455
2026-08-05 12:00:00,0.5338361,0.6857647
2026-08-05 12:00:00,0.57020044,0.6811138
2026-08-05 12:00:00,0.7061369,0.67677414
2026-08-05 12:00:00,0.6487074,0.6695982
2026-08-05 12:15:00,0.5702048,0.6783905
2026-08-05 12:15:00,0.7061391,0.67440933
2026-08-05 12:15:00,0.64870965,0.66976774
2026-08-05 12:15:00,0.5912797,0.6626267
2026-08-05 12:30:00,0.70614195,0.66267407
2026-08-05 12:30:00,0.64871246,0.66063756
2026-08-05 12:30:00,0.5912824,0.65618247
2026-08-05 12:30:00,0.5003432,0.6493994
2026-08-05 12:45:00,0.648716,0.6773732
2026-08-05 12:45:00,0.59128577,0.67168534
2026-08-05 12:45:00,0.50034666,0.6658745
2026-08-05 12:45:00,0.6517114,0.6577554
2026-08-05 13:00:00,0.5912899,0.6890405
2026-08-05 13:00:00,0.50035083,0.6805567
2026-08-05 13:00:00,0.65171367,0.6737313
2026-08-05 13:00:00,0.8030796,0.6643585
2026-08-05 13:15:00,0.500356,0.6871911
2026-08-05 13:15:00,0.6517164,0.67805946
2026-08-05 13:15:00,0.8030807,0.6705394
2026-08-05 13:15:00,0.77862084,0.66045153
2026-08-05 13:30:00,0.65171987,0.65832055
2026-08-05 13:30:00,0.803082,0.65263945
2026-08-05 13:30:00,0.7786221,0.64547336
2026-08-05 13:30:00,0.7541621,0.6358202
2026-08-05 13:45:00,0.8030837,0.6458036
2026-08-05 13:45:00,0.77862364,0.640412
2026-08-05 13:45:00,0.7541635,0.63282704
2026-08-05 13:45:00,0.6088787,0.62268126
2026-08-05 14:00:00,0.77862567,0.6634435
2026-08-05 14:00:00,0.7541653,0.6537361
2026-08-05 14:00:00,0.6088813,0.64440054
2026-08-05 14:00:00,0.46359527,0.63260806
2026-08-05 14:15:00,0.7541676,0.68187714
2026-08-05 14:15:00,0.60888445,0.6680913
2026-08-05 14:15:00,0.46359906,0.65716696
2026-08-05 14:15:00,0.4310313,0.6435262
2026-08-05 14:30:00,0.6088884,0.6918076
2026-08-05 14:30:00,0.46360362,0.67572534
2026-08-05 14:30:00,0.43103534,0.66357136
2026-08-05 14:30:00,0.39846733,0.6483923
2026-08-05 14:45:00,0.46360916,0.66696966
2026-08-05 14:45:00,0.43104023,0.6533733
2026-08-05 14:45:00,0.39847162,0.6397555
2026-08-05 14:45:00,0.37212515,0.6228404
2026-08-05 15:00:00,0.43104613,0.62240326
2026-08-05 15:00:00,0.3984768,0.61275697
2026-08-05 15:00:00,0.37212968,0.5977737
2026-08-05 15:00:00,0.3426885,0.5786621
2026-08-05 15:15:00,0.3984831,0.58517885
2026-08-05 15:15:00,0.3721351,0.5772153
2026-08-05 15:15:00,0.34269327,0.5621517
2026-08-05 15:15:00,0.3424444,0.54322624
2026-08-05 15:30:00,0.3721417,0.5393678
2026-08-05 15:30:00,0.34269896,0.5320271
2026-08-05 15:30:00,0.34244916,0.51704836
2026-08-05 15:30:00,0.32790744,0.4993366
2026-08-05 15:45:00,0.34270588,0.49680576
2026-08-05 15:45:00,0.34245488,0.48752838
2026-08-05 15:45:00,0.32791233,0.46929646
2026-08-05 15:45:00,0.31524798,0.45011044
2026-08-05 16:00:00,0.3424618,0.45887476
2026-08-05 16:00:00,0.32791817,0.44932395
2026-08-05 16:00:00,0.31525296,0.43038636
2026-08-05 16:00:00,0.30258852,0.41192782
2026-08-05 16:15:00,0.32792526,0.4202447
2026-08-05 16:15:00,0.31525895,0.41210163
2026-08-05 16:15:00,0.3025936,0.39553678
2026-08-05 16:15:00,0.30476296,0.379355
2026-08-05 16:30:00,0.31526616,0.38947544
2026-08-05 16:30:00,0.3025997,0.38200772
2026-08-05 16:30:00,0.30476803,0.3686239
2026-08-05 16:30:00,0.3131428,0.3548761
2026-08-05 16:45:00,0.30260706,0.36805722
2026-08-05 16:45:00,0.3047741,0.35995618
2026-08-05 16:45:00,0.3131478,0.34833264
2026-08-05 16:45:00,0.32242867,0.3356104
2026-08-05 17:00:00,0.30478144,0.3522698
2026-08-05 17:00:00,0.3131538,0.34348106
2026-08-05 17:00:00,0.3224336,0.33332357
2026-08-05 17:00:00,0.32429212,0.32216075
2026-08-05 17:15:00,0.31316105,0.33952177
2026-08-05 17:15:00,0.32243952,0.33047014
2026-08-05 17:15:00,0.32429704,0.32174197
2026-08-05 17:15:00,0.318372,0.31234238
2026-08-05 17:30:00,0.32244664,0.32936797
2026-08-05 17:30:00,0.32430294,0.32060254
2026-08-05 17:30:00,0.31837696,0.31345809
2026-08-05 17:30:00,0.31314754,0.30584538
2026-08-05 17:45:00,0.32431003,0.31903005
2026-08-05 17:45:00,0.31838292,0.31082472
2026-08-05 17:45:00,0.31315255,0.3053082
2026-08-05 17:45:00,0.30530968,0.29936436
2026-08-05 18:00:00,0.3183901,0.30978796
2026-08-05 18:00:00,0.31315854,0.30264384
2026-08-05 18:00:00,0.30531475,0.29906875
2026-08-05 18:00:00,0.29556698,0.29486728
2026-08-05 18:15:00,0.31316578,0.3019539
2026-08-05 18:15:00,0.3053208,0.29630792
2026-08-05 18:15:00,0.2955721,0.29492953
2026-08-05 18:15:00,0.28299245,0.29253837
2026-08-05 18:30:00,0.30532813,0.29610097
2026-08-05 18:30:00,0.29557827,0.2922568
2026-08-05 18:30:00,0.2829977,0.29288477
2026-08-05 18:30:00,0.28299245,0.29211697
2026-08-05 18:45:00,0.29558572,0.29156604
2026-08-05 18:45:00,0.283004,0.2895826
2026-08-05 18:45:00,0.2829977,0.29186025
2026-08-05 18:45:00,0.28299245,0.2924717
2026-08-05 19:00:00,0.28301156,0.2880516
2026-08-05 19:00:00,0.283004,0.28769848
2026-08-05 19:00:00,0.2829977,0.2913049
2026-08-05 19:00:00,0.28299245,0.2929374
2026-08-05 19:15:00,0.28301156,0.28530064
2026-08-05 19:15:00,0.283004,0.2864707
2026-08-05 19:15:00,0.2829977,0.29122338
2026-08-05 19:15:00,0.28299245,0.29363945
2026-08-05 19:30:00,0.28301156,0.28354007
2026-08-05 19:30:00,0.283004,0.28533232
2026-08-05 19:30:00,0.2829977,0.29075465
2026-08-05 19:30:00,0.28299245,0.29321775
2026-08-05 19:45:00,0.28301156,0.28314406
2026-08-05 19:45:00,0.283004,0.28474194
2026-08-05 19:45:00,0.2829977,0.29014868
2026-08-05 19:45:00,0.28299245,0.2919063
2026-08-05 20:00:00,0.28301156,0.28381684
2026-08-05 20:00:00,0.283004,0.2845005
2026-08-05 20:00:00,0.2829977,0.2893528
2026-08-05 20:00:00,0.28299245,0.29033172
2026-08-05 20:15:00,0.28301156,0.2837309
2026-08-05 20:15:00,0.283004,0.2839391
2026-08-05 20:15:00,0.2829977,0.28879857
2026-08-05 20:15:00,0.28299245,0.28995985
2026-08-05 20:30:00,0.28301156,0.28306094
2026-08-05 20:30:00,0.283004,0.28338888
2026-08-05 20:30:00,0.2829977,0.28862485
2026-08-05 20:30:00,0.28299245,0.29019377
2026-08-05 20:45:00,0.28301156,0.28288057
2026-08-05 20:45:00,0.283004,0.28359208
2026-08-05 20:45:00,0.2829977,0.2890005
2026-08-05 20:45:00,0.28299245,0.2910114
2026-08-05 21:00:00,0.28301156,0.28262797
2026-08-05 21:00:00,0.283004,0.2835292
2026-08-05 21:00:00,0.2829977,0.28909063
2026-08-05 21:00:00,0.28299245,0.29121006
2026-08-05 21:15:00,0.28301156,0.2824364
2026-08-05 21:15:00,0.283004,0.28313035
2026-08-05 21:15:00,0.2829977,0.2886777
2026-08-05 21:15:00,0.28299245,0.29059732
2026-08-05 21:30:00,0.28301156,0.2825716
2026-08-05 21:30:00,0.283004,0.2827731
2026-08-05 21:30:00,0.2829977,0.28809646
2026-08-05 21:30:00,0.28299245,0.289688
2026-08-05 21:45:00,0.28301156,0.28291118
2026-08-05 21:45:00,0.283004,0.28263935
2026-08-05 21:45:00,0.2829977,0.2878678
2026-08-05 21:45:00,0.28299245,0.28965068
2026-08-05 22:00:00,0.28301156,0.28295383
2026-08-05 22:00:00,0.283004,0.28364006
2026-08-05 22:00:00,0.2829977,0.2893604
2026-08-05 22:00:00,0.28299245,0.29228097
2026-08-05 22:15:00,0.28301156,0.28218505
2026-08-05 22:15:00,0.283004,0.28381756
2026-08-05 22:15:00,0.2829977,0.28974825
2026-08-05 22:15:00,0.28299245,0.29272842
2026-08-05 22:30:00,0.28301156,0.2829571
2026-08-05 22:30:00,0.283004,0.28520718
2026-08-05 22:30:00,0.2829977,0.29100516
2026-08-05 22:30:00,0.28299245,0.2942955
2026-08-05 22:45:00,0.28301156,0.28259584
2026-08-05 22:45:00,0.283004,0.28511143
2026-08-05 22:45:00,0.2829977,0.29113114
2026-08-05 22:45:00,0.28299245,0.29444155
2026-08-05 23:00:00,0.28301156,0.28188673
2026-08-05 23:00:00,0.283004,0.284378
2026-08-05 23:00:00,0.2829977,0.29063603
2026-08-05 23:00:00,0.28299245,0.29345366
2026-08-05 23:15:00,0.28301156,0.28215984
2026-08-05 23:15:00,0.283004,0.28426006
2026-08-05 23:15:00,0.2829977,0.29031625
2026-08-05 23:15:00,0.28299245,0.29292616
2026-08-05 23:30:00,0.28301156,0.28186524
2026-08-05 23:30:00,0.283004,0.28372988
2026-08-05 23:30:00,0.2829977,0.2897871
2026-08-05 23:30:00,0.28299245,0.29210204
2026-08-05 23:45:00,0.28301156,0.28179005
2026-08-05 23:45:00,0.283004,0.28364953
2026-08-05 23:45:00,0.2829977,0.289588
2026-08-05 23:45:00,0.28299245,0.29179612
2026-08-06 00:00:00,0.28301156,0.28250194
2026-08-06 00:00:00,0.283004,0.28390282
2026-08-06 00:00:00,0.2829977,0.2893291
2026-08-06 00:00:00,0.28299245,0.29054105
2026-08-06 00:15:00,0.28301156,0.28457657
2026-08-06 00:15:00,0.283004,0.28479028
2026-08-06 00:15:00,0.2829977,0.2891736
2026-08-06 00:15:00,0.28299245,0.28953022
2026-08-06 00:30:00,0.28301156,0.28535163
2026-08-06 00:30:00,0.283004,0.28496277
2026-08-06 00:30:00,0.2829977,0.28897822
2026-08-06 00:30:00,0.28299245,0.28972322
2026-08-06 00:45:00,0.28301156,0.28447405
2026-08-06 00:45:00,0.283004,0.2842233
2026-08-06 00:45:00,0.2829977,0.28910664
2026-08-06 00:45:00,0.28299245,0.29122967
2026-08-06 01:00:00,0.28301156,0.2837043
2026-08-06 01:00:00,0.283004,0.28376764
2026-08-06 01:00:00,0.2829977,0.28901082
2026-08-06 01:00:00,0.28299245,0.29182994
2026-08-06 01:15:00,0.28301156,0.28354836
2026-08-06 01:15:00,0.283004,0.28379443
2026-08-06 01:15:00,0.2829977,0.28906456
2026-08-06 01:15:00,0.28299245,0.2919575
2026-08-06 01:30:00,0.28301156,0.2834935
2026-08-06 01:30:00,0.283004,0.2838289
2026-08-06 01:30:00,0.2829977,0.28919253
2026-08-06 01:30:00,0.28299245,0.2921888
2026-08-06 01:45:00,0.28301156,0.2835312
2026-08-06 01:45:00,0.283004,0.28374296
2026-08-06 01:45:00,0.2829977,0.28919026
2026-08-06 01:45:00,0.28299245,0.29224464
2026-08-06 02:00:00,0.28301156,0.2835145
2026-08-06 02:00:00,0.283004,0.28361142
2026-08-06 02:00:00,0.2829977,0.2891363
2026-08-06 02:00:00,0.28299245,0.2922487
2026-08-06 02:15:00,0.28301156,0.28347138
2026-08-06 02:15:00,0.283004,0.28360417
2026-08-06 02:15:00,0.2829977,0.28927365
2026-08-06 02:15:00,0.28299245,0.29257533
2026-08-06 02:30:00,0.28301156,0.28348908
2026-08-06 02:30:00,0.283004,0.28371447
2026-08-06 02:30:00,0.2829977,0.28952488
2026-08-06 02:30:00,0.28299245,0.29304507
2026-08-06 02:45:00,0.28301156,0.28352776
2026-08-06 02:45:00,0.283004,0.2838533
2026-08-06 02:45:00,0.2829977,0.28977877
2026-08-06 02:45:00,0.28299245,0.29348752
2026-08-06 03:00:00,0.28301156,0.2843632
2026-08-06 03:00:00,0.283004,0.28495628
2026-08-06 03:00:00,0.2829977,0.29042527
2026-08-06 03:00:00,0.28299245,0.29370865
2026-08-06 03:15:00,0.28301156,0.28399077
2026-08-06 03:15:00,0.283004,0.28493345
2026-08-06 03:15:00,0.2829977,0.29026097
2026-08-06 03:15:00,0.28299245,0.29316208
2026-08-06 03:30:00,0.28301156,0.28419638
2026-08-06 03:30:00,0.283004,0.28476578
2026-08-06 03:30:00,0.2829977,0.28984952
2026-08-06 03:30:00,0.28299245,0.29216403
2026-08-06 03:45:00,0.28301156,0.28438407
2026-08-06 03:45:00,0.283004,0.2842814
2026-08-06 03:45:00,0.2829977,0.28924936
2026-08-06 03:45:00,0.28299245,0.29124987
2026-08-06 04:00:00,0.28301156,0.28394705
2026-08-06 04:00:00,0.283004,0.28361818
2026-08-06 04:00:00,0.2829977,0.2888272
2026-08-06 04:00:00,0.28299245,0.290803
2026-08-06 04:15:00,0.28301156,0.28381473
2026-08-06 04:15:00,0.283004,0.28344852
2026-08-06 04:15:00,0.2829977,0.28874296
2026-08-06 04:15:00,0.28299245,0.2908199
2026-08-06 04:30:00,0.28301156,0.28364345
2026-08-06 04:30:00,0.283004,0.2833629
2026-08-06 04:30:00,0.2829977,0.28878263
2026-08-06 04:30:00,0.28299245,0.2910165
2026-08-06 04:45:00,0.28301156,0.28343254
2026-08-06 04:45:00,0.283004,0.2833895
2026-08-06 04:45:00,0.2829977,0.28893778
2026-08-06 04:45:00,0.28412744,0.29137233
2026-08-06 05:00:00,0.28301156,0.28339574
2026-08-06 05:00:00,0.283004,0.28341523
2026-08-06 05:00:00,0.28413266,0.28897372
2026-08-06 05:00:00,0.2927295,0.29135492
2026-08-06 05:15:00,0.28301156,0.28422374
2026-08-06 05:15:00,0.28413895,0.28400683
2026-08-06 05:15:00,0.29273468,0.28930357
2026-08-06 05:15:00,0.30725843,0.29133612
2026-08-06 05:30:00,0.28414652,0.28658172
2026-08-06 05:30:00,0.29274088,0.28678134
2026-08-06 05:30:00,0.3072635,0.29255408
2026-08-06 05:30:00,0.30839908,0.29559267
2026-08-06 05:45:00,0.29274833,0.29101342
2026-08-06 05:45:00,0.30726954,0.2944129
2026-08-06 05:45:00,0.30840412,0.30326498
2026-08-06 05:45:00,0.30574918,0.31036764
2026-08-06 06:00:00,0.30727684,0.29799068
2026-08-06 06:00:00,0.30841014,0.30731985
2026-08-06 06:00:00,0.30575424,0.32151726
2026-08-06 06:00:00,0.31997114,0.33438942
2026-08-06 06:15:00,0.30841744,0.30778992
2026-08-06 06:15:00,0.30576032,0.32213047
2026-08-06 06:15:00,0.31997606,0.3405819
2026-08-06 06:15:00,0.3548554,0.3573966
2026-08-06 06:30:00,0.30576763,0.3292495
2026-08-06 06:30:00,0.319982,0.34902263
2026-08-06 06:30:00,0.35486007,0.37302217
2026-08-06 06:30:00,0.38973963,0.3943814
2026-08-06 06:45:00,0.31998917,0.34456885
2026-08-06 06:45:00,0.35486564,0.3666906
2026-08-06 06:45:00,0.38974404,0.39256257
2026-08-06 06:45:00,0.40959048,0.41525128
2026-08-06 07:00:00,0.3548724,0.35893014
2026-08-06 07:00:00,0.3897493,0.38309383
2026-08-06 07:00:00,0.40959468,0.41121203
2026-08-06 07:00:00,0.4294413,0.43567243
2026-08-06 07:15:00,0.38975567,0.37105
2026-08-06 07:15:00,0.40959978,0.39605117
2026-08-06 07:15:00,0.42944536,0.42449033
2026-08-06 07:15:00,0.4644189,0.44903466
2026-08-06 07:30:00,0.40960592,0.38606846
2026-08-06 07:30:00,0.42945024,0.4120127
2026-08-06 07:30:00,0.46442267,0.44051635
2026-08-06 07:30:00,0.5166358,0.46522647
2026-08-06 07:45:00,0.42945617,0.40053344
2026-08-06 07:45:00,0.46442723,0.42666775
2026-08-06 07:45:00,0.5166392,0.45460927
2026-08-06 07:45:00,0.60036683,0.4790151
2026-08-06 08:00:00,0.46443278,0.41663504
2026-08-06 08:00:00,0.5166432,0.44308823
2026-08-06 08:00:00,0.6003696,0.47062373
2026-08-06 08:00:00,0.6384543,0.49499717
2026-08-06 08:15:00,0.5166482,0.43835637
2026-08-06 08:15:00,0.6003728,0.46485332
2026-08-06 08:15:00,0.63845664,0.49171022
2026-08-06 08:15:00,0.6809558,0.5159113
2026-08-06 08:30:00,0.60037684,0.4679696
2026-08-06 08:30:00,0.63845956,0.49379462
2026-08-06 08:30:00,0.68095785,0.51873213
2026-08-06 08:30:00,0.7250051,0.5416445
2026-08-06 08:45:00,0.63846314,0.5090264
2026-08-06 08:45:00,0.6809603,0.5333759
2026-08-06 08:45:00,0.72500676,0.5560441
2026-08-06 08:45:00,0.67925984,0.57698375
2026-08-06 09:00:00,0.68096346,0.5547764
2026-08-06 09:00:00,0.72500885,0.5770296
2026-08-06 09:00:00,0.67926186,0.59757566
2026-08-06 09:00:00,0.6335145,0.6156508
2026-08-06 09:15:00,0.72501147,0.61028
2026-08-06 09:15:00,0.67926437,0.6283275
2026-08-06 09:15:00,0.63351697,0.64563537
2026-08-06 09:15:00,0.6095058,0.66010755
2026-08-06 09:30:00,0.6792675,0.65289307
2026-08-06 09:30:00,0.6335199,0.666885
2026-08-06 09:30:00,0.6095084,0.680389
2026-08-06 09:30:00,0.5713473,0.69152343
2026-08-06 09:45:00,0.6335236,0.6716667
2026-08-06 09:45:00,0.60951155,0.68309546
2026-08-06 09:45:00,0.5713502,0.69363266
2026-08-06 09:45:00,0.5331888,0.7021399
2026-08-06 10:00:00,0.6095155,0.6807809
2026-08-06 10:00:00,0.57135373,0.6901686
2026-08-06 10:00:00,0.53319204,0.69858134
2026-08-06 10:00:00,0.5477785,0.7049528
2026-08-06 10:15:00,0.5713581,0.68326867
2026-08-06 10:15:00,0.53319585,0.6912259
2026-08-06 10:15:00,0.5477816,0.69797647
2026-08-06 10:15:00,0.5623683,0.70233357
2026-08-06 10:30:00,0.5332007,0.66918194
2026-08-06 10:30:00,0.5477854,0.6780108
2026-08-06 10:30:00,0.56237125,0.6832396
2026-08-06 10:30:00,0.6139471,0.68492544
2026-08-06 10:45:00,0.54779,0.65096503
2026-08-06 10:45:00,0.56237483,0.66130006
2026-08-06 10:45:00,0.61394966,0.66516256
2026-08-06 10:45:00,0.6460703,0.66432023
2026-08-06 11:00:00,0.56237924,0.6380495
2026-08-06 11:00:00,0.61395276,0.6487484
2026-08-06 11:00:00,0.6460726,0.6515493
2026-08-06 11:00:00,0.63813126,0.6489766
2026-08-06 11:15:00,0.6139567,0.63671273
2026-08-06 11:15:00,0.64607537,0.64534676
2026-08-06 11:15:00,0.6381336,0.6467513
2026-08-06 11:15:00,0.72639036,0.64301103
2026-08-06 11:30:00,0.64607894,0.64117146
2026-08-06 11:30:00,0.6381365,0.6468114
2026-08-06 11:30:00,0.72639203,0.64641833
2026-08-06 11:30:00,0.81464946,0.641649
2026-08-06 11:45:00,0.6381401,0.65300757
2026-08-06 11:45:00,0.72639406,0.65473056
2026-08-06 11:45:00,0.8146504,0.6527444
2026-08-06 11:45:00,0.81469595,0.64752567
2026-08-06 12:00:00,0.7263967,0.6597967
2026-08-06 12:00:00,0.8146516,0.6589092
2026-08-06 12:00:00,0.8146969,0.6552999
2026-08-06 12:00:00,0.81474245,0.6486881
2026-08-06 12:15:00,0.8146533,0.68299127
2026-08-06 12:15:00,0.8146981,0.6770324
2026-08-06 12:15:00,0.8147434,0.6714177
2026-08-06 12:15:00,0.7385875,0.66316664
2026-08-06 12:30:00,0.81469977,0.7126993
2026-08-06 12:30:00,0.81474465,0.7014655
2026-08-06 12:30:00,0.73858905,0.69446784
2026-08-06 12:30:00,0.6699111,0.68434477
2026-08-06 12:45:00,0.81474626,0.73216164
2026-08-06 12:45:00,0.73859096,0.7174974
2026-08-06 12:45:00,0.6699132,0.7097187
2026-08-06 12:45:00,0.6813209,0.6979212
2026-08-06 13:00:00,0.73859346,0.74368477
2026-08-06 13:00:00,0.6699158,0.72712225
2026-08-06 13:00:00,0.6813229,0.71901286
2026-08-06 13:00:00,0.6997553,0.7061788
2026-08-06 13:15:00,0.669919,0.7446453
2026-08-06 13:15:00,0.6813253,0.72784424
2026-08-06 13:15:00,0.6997572,0.7193339
2026-08-06 13:15:00,0.71818984,0.7060152
2026-08-06 13:30:00,0.6813285,0.73366886
2026-08-06 13:30:00,0.6997595,0.7181062
2026-08-06 13:30:00,0.7181915,0.70876336
2026-08-06 13:30:00,0.743649,0.69514775
2026-08-06 13:45:00,0.6997624,0.7191929
2026-08-06 13:45:00,0.71819365,0.70507956
2026-08-06 13:45:00,0.74365056,0.694762
2026-08-06 13:45:00,0.75317496,0.68060684
2026-08-06 14:00:00,0.7181964,0.70904136
2026-08-06 14:00:00,0.74365246,0.69546616
2026-08-06 14:00:00,0.75317645,0.6844193
2026-08-06 14:00:00,0.7184028,0.6696324
2026-08-06 14:15:00,0.74365485,0.7037131
2026-08-06 14:15:00,0.7531782,0.689636
2026-08-06 14:15:00,0.71840453,0.67793345
2026-08-06 14:15:00,0.68381155,0.6624117
2026-08-06 14:30:00,0.7531805,0.69768786
2026-08-06 14:30:00,0.7184067,0.68300784
2026-08-06 14:30:00,0.6838135,0.67050004
2026-08-06 14:30:00,0.67489207,0.6541071
2026-08-06 14:45:00,0.71840936,0.68720925
2026-08-06 14:45:00,0.68381596,0.6719773
2026-08-06 14:45:00,0.67489415,0.6579424
2026-08-06 14:45:00,0.6456171,0.63997865
2026-08-06 15:00:00,0.68381906,0.6703756
2026-08-06 15:00:00,0.6748967,0.6550088
2026-08-06 15:00:00,0.6456194,0.6390891
2026-08-06 15:00:00,0.6296786,0.619122
2026-08-06 15:15:00,0.6748999,0.6538745
2026-08-06 15:15:00,0.64562225,0.6380304
2026-08-06 15:15:00,0.6296811,0.62033975
2026-08-06 15:15:00,0.591429,0.5985445
2026-08-06 15:30:00,0.64562577,0.6354002
2026-08-06 15:30:00,0.6296841,0.618582
2026-08-06 15:30:00,0.59143174,0.5986395
2026-08-06 15:30:00,0.5656361,0.57474005
2026-08-06 15:45:00,0.6296878,0.61171633
2026-08-06 15:45:00,0.5914351,0.59325075
2026-08-06 15:45:00,0.565639,0.5703659
2026-08-06 15:45:00,0.5352307,0.5442453
2026-08-06 16:00:00,0.5914392,0.58776945
2026-08-06 16:00:00,0.5656426,0.56669354
2026-08-06 16:00:00,0.5352339,0.54064953
2026-08-06 16:00:00,0.50102806,0.51283085
2026-08-06 16:15:00,0.56564707,0.55982584
2026-08-06 16:15:00,0.5352378,0.53604484
2026-08-06 16:15:00,0.5010315,0.50722957
2026-08-06 16:15:00,0.46314755,0.47833353
2026-08-06 16:30:00,0.53524256,0.5275141
2026-08-06 16:30:00,0.50103575,0.50095046
2026-08-06 16:30:00,0.46315134,0.46957734
2026-08-06 16:30:00,0.4374416,0.43977284
2026-08-06 16:45:00,0.5010409,0.49546713
2026-08-06 16:45:00,0.4631559,0.4677496
2026-08-06 16:45:00,0.43744558,0.4353429
2026-08-06 16:45:00,0.40489823,0.40558633
2026-08-06 17:00:00,0.46316147,0.4668036
2026-08-06 17:00:00,0.4374504,0.43883532
2026-08-06 17:00:00,0.4049025,0.406869
2026-08-06 17:00:00,0.37311137,0.37776357
2026-08-06 17:15:00,0.43745625,0.43844023
2026-08-06 17:15:00,0.4049076,0.41145307
2026-08-06 17:15:00,0.3731159,0.38160214
2026-08-06 17:15:00,0.33347827,0.35441396
2026-08-06 17:30:00,0.4049138,0.41129813
2026-08-06 17:30:00,0.37312132,0.3861697
2026-08-06 17:30:00,0.3334831,0.35991794
2026-08-06 17:30:00,0.31909865,0.33573437
2026-08-06 17:45:00,0.37312788,0.38526717
2026-08-06 17:45:00,0.3334889,0.3628526
2026-08-06 17:45:00,0.3191036,0.3411014
2026-08-06 17:45:00,0.30727738,0.32056546
2026-08-06 18:00:00,0.33349591,0.36009467
2026-08-06 18:00:00,0.31910956,0.34074306
2026-08-06 18:00:00,0.30728245,0.32409173
2026-08-06 18:00:00,0.29545614,0.30776188
2026-08-06 18:15:00,0.3191167,0.33679673
2026-08-06 18:15:00,0.3072885,0.3210572
2026-08-06 18:15:00,0.29546127,0.30983558
2026-08-06 18:15:00,0.28299245,0.29806218
2026-08-06 18:30:00,0.3072958,0.32002982
2026-08-06 18:30:00,0.29546744,0.30759192
2026-08-06 18:30:00,0.2829977,0.3008164
2026-08-06 18:30:00,0.28299245,0.29293305
2026-08-06 18:45:00,0.2954749,0.30870467
2026-08-06 18:45:00,0.283004,0.29932714
2026-08-06 18:45:00,0.2829977,0.29597032
2026-08-06 18:45:00,0.28299245,0.29120246
2026-08-06 19:00:00,0.28301156,0.29973486
2026-08-06 19:00:00,0.283004,0.29359305
2026-08-06 19:00:00,0.2829977,0.2933336
2026-08-06 19:00:00,0.28299245,0.29129493
2026-08-06 19:15:00,0.28301156,0.2929526
2026-08-06 19:15:00,0.283004,0.2898619
2026-08-06 19:15:00,0.2829977,0.29216036
2026-08-06 19:15:00,0.28299245,0.29228386
2026-08-06 19:30:00,0.28301156,0.28839782
2026-08-06 19:30:00,0.283004,0.28726277
2026-08-06 19:30:00,0.2829977,0.2912128
2026-08-06 19:30:00,0.28299245,0.2924333
2026-08-06 19:45:00,0.28301156,0.2859491
2026-08-06 19:45:00,0.283004,0.2856757
2026-08-06 19:45:00,0.2829977,0.29031384
2026-08-06 19:45:00,0.28299245,0.29191524
2026-08-06 20:00:00,0.28301156,0.28447077
2026-08-06 20:00:00,0.283004,0.28459454
2026-08-06 20:00:00,0.2829977,0.2896031
2026-08-06 20:00:00,0.28299245,0.29130223
2026-08-06 20:15:00,0.28301156,0.28364015
2026-08-06 20:15:00,0.283004,0.28386602
2026-08-06 20:15:00,0.2829977,0.28909546
2026-08-06 20:15:00,0.28299245,0.2908746
2026-08-06 20:30:00,0.28301156,0.28316364
2026-08-06 20:30:00,0.283004,0.28342497
2026-08-06 20:30:00,0.2829977,0.28874755
2026-08-06 20:30:00,0.28299245,0.2906585
2026-08-06 20:45:00,0.28301156,0.28288418
2026-08-06 20:45:00,0.283004,0.2831744
2026-08-06 20:45:00,0.2829977,0.288546
2026-08-06 20:45:00,0.28299245,0.29061705
2026-08-06 21:00:00,0.28301156,0.28261033
2026-08-06 21:00:00,0.283004,0.2830562
2026-08-06 21:00:00,0.2829977,0.28853515
2026-08-06 21:00:00,0.28299245,0.29078126
2026-08-06 21:15:00,0.28301156,0.28232104
2026-08-06 21:15:00,0.283004,0.28287455
2026-08-06 21:15:00,0.2829977,0.28844377
2026-08-06 21:15:00,0.28299245,0.29081178
2026-08-06 21:30:00,0.28301156,0.2822031
2026-08-06 21:30:00,0.283004,0.28274775
2026-08-06 21:30:00,0.2829977,0.28834015
2026-08-06 21:30:00,0.28299245,0.29078984
2026-08-06 21:45:00,0.28301156,0.28220117
2026-08-06 21:45:00,0.283004,0.28272527
2026-08-06 21:45:00,0.2829977,0.28833643
2026-08-06 21:45:00,0.28299245,0.2908373
2026-08-06 22:00:00,0.28301156,0.28209776
2026-08-06 22:00:00,0.283004,0.28276032
2026-08-06 22:00:00,0.2829977,0.28844032
2026-08-06 22:00:00,0.28299245,0.29100126
2026-08-06 22:15:00,0.28301156,0.28193676
2026-08-06 22:15:00,0.283004,0.28264198
2026-08-06 22:15:00,0.2829977,0.28835773
2026-08-06 22:15:00,0.28299245,0.29096133
2026-08-06 22:30:00,0.28301156,0.2819247
2026-08-06 22:30:00,0.283004,0.2825277
2026-08-06 22:30:00,0.2829977,0.28823027
2026-08-06 22:30:00,0.28299245,0.29086176
2026-08-06 22:45:00,0.28301156,0.28196645
2026-08-06 22:45:00,0.283004,0.28245622
2026-08-06 22:45:00,0.2829977,0.28815898
2026-08-06 22:45:00,0.28299245,0.29080623
2026-08-06 23:00:00,0.28301156,0.28201142
2026-08-06 23:00:00,0.283004,0.28248006
2026-08-06 23:00:00,0.2829977,0.2881856
2026-08-06 23:00:00,0.28299245,0.2908545
2026-08-06 23:15:00,0.28301156,0.28198817
2026-08-06 23:15:00,0.283004,0.28250894
2026-08-06 23:15:00,0.2829977,0.28823537
2026-08-06 23:15:00,0.28299245,0.29095176
2026-08-06 23:30:00,0.28301156,0.28197896
2026-08-06 23:30:00,0.283004,0.2825119
2026-08-06 23:30:00,0.2829977,0.28824392
2026-08-06 23:30:00,0.28299245,0.29099774
2026-08-06 23:45:00,0.28301156,0.28201026
2026-08-06 23:45:00,0.283004,0.28249177
2026-08-06 23:45:00,0.2829977,0.28822485
2026-08-06 23:45:00,0.28299245,0.2910155
2026-08-07 00:00:00,0.28301156,0.28208014
2026-08-07 00:00:00,0.283004,0.28249297
2026-08-07 00:00:00,0.2829977,0.28822583
2026-08-07 00:00:00,0.28299245,0.29105482
2026-08-07 00:15:00,0.28301156,0.28213525
2026-08-07 00:15:00,0.283004,0.2825046
2026-08-07 00:15:00,0.2829977,0.28825158
2026-08-07 00:15:00,0.28299245,0.29114473
2026-08-07 00:30:00,0.28301156,0.28220677
2026-08-07 00:30:00,0.283004,0.28255078
2026-08-07 00:30:00,0.2829977,0.28830722
2026-08-07 00:30:00,0.28299245,0.29127005
2026-08-07 00:45:00,0.28301156,0.28229332
2026-08-07 00:45:00,0.283004,0.28262973
2026-08-07 00:45:00,0.2829977,0.2883896
2026-08-07 00:45:00,0.28299245,0.29141638
2026-08-07 01:00:00,0.28301156,0.28234112
2026-08-07 01:00:00,0.283004,0.28269553
2026-08-07 01:00:00,0.2829977,0.28845733
2026-08-07 01:00:00,0.28299245,0.29151517
2026-08-07 01:15:00,0.28301156,0.28239197
2026-08-07 01:15:00,0.283004,0.28276095
2026-08-07 01:15:00,0.2829977,0.28854293
2026-08-07 01:15:00,0.28299245,0.29167795
2026-08-07 01:30:00,0.28301156,0.2824977
2026-08-07 01:30:00,0.283004,0.28285328
2026-08-07 01:30:00,0.2829977,0.28865376
2026-08-07 01:30:00,0.28299245,0.29187474
2026-08-07 01:45:00,0.28301156,0.2826305
2026-08-07 01:45:00,0.283004,0.2829709
2026-08-07 01:45:00,0.2829977,0.28877315
2026-08-07 01:45:00,0.28299245,0.292051
2026-08-07 02:00:00,0.28301156,0.28268218
2026-08-07 02:00:00,0.283004,0.2830406
2026-08-07 02:00:00,0.2829977,0.2888326
2026-08-07 02:00:00,0.28299245,0.29210854
2026-08-07 02:15:00,0.28301156,0.2827296
2026-08-07 02:15:00,0.283004,0.28313088
2026-08-07 02:15:00,0.2829977,0.28896806
2026-08-07 02:15:00,0.28299245,0.29234746
2026-08-07 02:30:00,0.28301156,0.28286842
2026-08-07 02:30:00,0.283004,0.2832877
2026-08-07 02:30:00,0.2829977,0.28918692
2026-08-07 02:30:00,0.28299245,0.29271463
2026-08-07 02:45:00,0.28301156,0.28301266
2026-08-07 02:45:00,0.283004,0.28344998
2026-08-07 02:45:00,0.2829977,0.28941056
2026-08-07 02:45:00,0.28299245,0.29308
2026-08-07 03:00:00,0.28301156,0.28317088
2026-08-07 03:00:00,0.283004,0.2836274
2026-08-07 03:00:00,0.2829977,0.28959268
2026-08-07 03:00:00,0.28299245,0.29332706
2026-08-07 03:15:00,0.28301156,0.2832778
2026-08-07 03:15:00,0.283004,0.2837937
2026-08-07 03:15:00,0.2829977,0.28978536
2026-08-07 03:15:00,0.28299245,0.29359907
2026-08-07 03:30:00,0.28301156,0.28342378
2026-08-07 03:30:00,0.283004,0.2840105
2026-08-07 03:30:00,0.2829977,0.29005352
2026-08-07 03:30:00,0.28299245,0.29398754
2026-08-07 03:45:00,0.28301156,0.2836531
2026-08-07 03:45:00,0.283004,0.2842651
2026-08-07 03:45:00,0.2829977,0.2903169
2026-08-07 03:45:00,0.28299245,0.29432604
2026-08-07 04:00:00,0.28301156,0.28375283
2026-08-07 04:00:00,0.283004,0.2843449
2026-08-07 04:00:00,0.2829977,0.29036573
2026-08-07 04:00:00,0.28299245,0.29434195
2026-08-07 04:15:00,0.28301156,0.28391096
2026-08-07 04:15:00,0.283004,0.28459033
2026-08-07 04:15:00,0.2829977,0.2907105
2026-08-07 04:15:00,0.28299245,0.29485905
2026-08-07 04:30:00,0.28301156,0.28420475
2026-08-07 04:30:00,0.283004,0.28501478
2026-08-07 04:30:00,0.2829977,0.2912752
2026-08-07 04:30:00,0.28299245,0.2956739
2026-08-07 04:45:00,0.28301156,0.2844945
2026-08-07 04:45:00,0.283004,0.28549874
2026-08-07 04:45:00,0.2829977,0.2919482
2026-08-07 04:45:00,0.28884214,0.2966486
2026-08-07 05:00:00,0.28301156,0.28482938
2026-08-07 05:00:00,0.283004,0.28607255
2026-08-07 05:00:00,0.28884733,0.2926978
2026-08-07 05:00:00,0.29464313,0.29769343
2026-08-07 05:15:00,0.28301156,0.28512353
2026-08-07 05:15:00,0.28885356,0.2865081
2026-08-07 05:15:00,0.2946483,0.29315168
2026-08-07 05:15:00,0.30044416,0.29823732
2026-08-07 05:30:00,0.28886107,0.28676334
2026-08-07 05:30:00,0.29465446,0.28817567
2026-08-07 05:30:00,0.30044925,0.29349127
2026-08-07 05:30:00,0.31465533,0.29720896
2026-08-07 05:45:00,0.2946619,0.28730193
2026-08-07 05:45:00,0.3004554,0.2884238
2026-08-07 05:45:00,0.3146603,0.29307738
2026-08-07 05:45:00,0.33289638,0.29626188
2026-08-07 06:00:00,0.30046275,0.28838086
2026-08-07 06:00:00,0.3146663,0.28852886
2026-08-07 06:00:00,0.33290124,0.2932794
2026-08-07 06:00:00,0.35292304,0.2962902
2026-08-07 06:15:00,0.3146735,0.29079562
2026-08-07 06:15:00,0.33290702,0.28986794
2026-08-07 06:15:00,0.3529277,0.294496
2026-08-07 06:15:00,0.37670574,0.29756206
2026-08-07 06:30:00,0.33291405,0.2991098
2026-08-07 06:30:00,0.35293335,0.3050818
2026-08-07 06:30:00,0.37671024,0.31755078
2026-08-07 06:30:00,0.40294272,0.32877737
2026-08-07 06:45:00,0.3529401,0.32164177
2026-08-07 06:45:00,0.3767156,0.33651516
2026-08-07 06:45:00,0.402947,0.35791194
2026-08-07 06:45:00,0.433479,0.37733966
2026-08-07 07:00:00,0.37672216,0.34680864
2026-08-07 07:00:00,0.40295213,0.3671577
2026-08-07 07:00:00,0.43348303,0.39273226
2026-08-07 07:00:00,0.45964855,0.41537058
2026-08-07 07:15:00,0.40295836,0.37056503
2026-08-07 07:15:00,0.4334879,0.39417386
2026-08-07 07:15:00,0.45965236,0.42192444
2026-08-07 07:15:00,0.48809096,0.44640976
2026-08-07 07:30:00,0.43349376,0.39277238
2026-08-07 07:30:00,0.45965695,0.41860074
2026-08-07 07:30:00,0.48809454,0.44725528
2026-08-07 07:30:00,0.51871586,0.47287536
2026-08-07 07:45:00,0.45966256,0.41207737
2026-08-07 07:45:00,0.48809886,0.43847597
2026-08-07 07:45:00,0.5187192,0.4649154
2026-08-07 07:45:00,0.5436251,0.48875272
2026-08-07 08:00:00,0.48810416,0.43582752
2026-08-07 08:00:00,0.5187232,0.46307445
2026-08-07 08:00:00,0.5436282,0.4893015
2026-08-07 08:00:00,0.577834,0.5131827
2026-08-07 08:15:00,0.51872814,0.45370492
2026-08-07 08:15:00,0.54363203,0.4806022
2026-08-07 08:15:00,0.5778369,0.50591004
2026-08-07 08:15:00,0.60678613,0.52903867
2026-08-07 08:30:00,0.5436367,0.4784884
2026-08-07 08:30:00,0.5778403,0.5044368
2026-08-07 08:30:00,0.60678875,0.52812696
2026-08-07 08:30:00,0.6250675,0.54955614
2026-08-07 08:45:00,0.5778446,0.50555396
2026-08-07 08:45:00,0.60679185,0.5296991
2026-08-07 08:45:00,0.6250699,0.55115086
2026-08-07 08:45:00,0.6513194,0.5702847
2026-08-07 09:00:00,0.60679585,0.5337039
2026-08-07 09:00:00,0.62507296,0.55630624
2026-08-07 09:00:00,0.65132165,0.57562137
2026-08-07 09:00:00,0.6760787,0.591867
2026-08-07 09:15:00,0.62507665,0.5610007
2026-08-07 09:15:00,0.6513244,0.5824108
2026-08-07 09:15:00,0.6760807,0.5994687
2026-08-07 09:15:00,0.6987322,0.6124519
2026-08-07 09:30:00,0.65132785,0.5853549
2026-08-07 09:30:00,0.6760832,0.60542494
2026-08-07 09:30:00,0.69873405,0.6197931
2026-08-07 09:30:00,0.71697557,0.62946546
2026-08-07 09:45:00,0.6760864,0.6070405
2026-08-07 09:45:00,0.69873637,0.6250518
2026-08-07 09:45:00,0.71697736,0.6365724
2026-08-07 09:45:00,0.7443582,0.6432366
2026-08-07 10:00:00,0.6987393,0.63117146
2026-08-07 10:00:00,0.71697944,0.6456634
2026-08-07 10:00:00,0.7443597,0.65411055
2026-08-07 10:00:00,0.74914396,0.65803134
2026-08-07 10:15:00,0.7169822,0.6571065
2026-08-07 10:15:00,0.7443615,0.6665869
2026-08-07 10:15:00,0.7491454,0.67190385
2026-08-07 10:15:00,0.75392973,0.6731997
2026-08-07 10:30:00,0.74436396,0.6857567
2026-08-07 10:30:00,0.7491472,0.68973327
2026-08-07 10:30:00,0.75393116,0.6933849
2026-08-07 10:30:00,0.7726358,0.69379914
2026-08-07 10:45:00,0.74914956,0.70847774
2026-08-07 10:45:00,0.7539329,0.7070919
2026-08-07 10:45:00,0.77263707,0.7084327
2026-08-07 10:45:00,0.7913419,0.70617765
2026-08-07 11:00:00,0.7539352,0.72132635
2026-08-07 11:00:00,0.7726387,0.71630645
2026-08-07 11:00:00,0.791343,0.7159656
2026-08-07 11:00:00,0.7830107,0.71154374
2026-08-07 11:15:00,0.77264076,0.73001325
2026-08-07 11:15:00,0.7913444,0.72253585
2026-08-07 11:15:00,0.7830119,0.72094417
2026-08-07 11:15:00,0.8182001,0.714934
2026-08-07 11:30:00,0.7913463,0.7401042
2026-08-07 11:30:00,0.78301334,0.7301029
2026-08-07 11:30:00,0.81820107,0.72752416
2026-08-07 11:30:00,0.81488574,0.72023785
2026-08-07 11:45:00,0.7830154,0.74443835
2026-08-07 11:45:00,0.8182022,0.7329974
2026-08-07 11:45:00,0.8148867,0.7295612
2026-08-07 11:45:00,0.81157136,0.7212366
2026-08-07 12:00:00,0.8182038,0.74652886
2026-08-07 12:00:00,0.8148879,0.73408926
2026-08-07 12:00:00,0.8115723,0.7298758
2026-08-07 12:00:00,0.7837833,0.72064674
2026-08-07 12:15:00,0.81488955,0.7510899
2026-08-07 12:15:00,0.81157357,0.73739296
2026-08-07 12:15:00,0.7837845,0.7325376
2026-08-07 12:15:00,0.73691857,0.72249055
2026-08-07 12:30:00,0.81157523,0.7516953
2026-08-07 12:30:00,0.78378594,0.73742193
2026-08-07 12:30:00,0.7369201,0.731954
2026-08-07 12:30:00,0.6777771,0.72123075
2026-08-07 12:45:00,0.78378797,0.749632
2026-08-07 12:45:00,0.7369221,0.7351515
2026-08-07 12:45:00,0.6777792,0.7290293
2026-08-07 12:45:00,0.60085785,0.7176265
2026-08-07 13:00:00,0.7369246,0.74648666
2026-08-07 13:00:00,0.6777817,0.73187065
2026-08-07 13:00:00,0.6008605,0.7250242
2026-08-07 13:00:00,0.52393854,0.71291566
2026-08-07 13:15:00,0.6777848,0.7391342
2026-08-07 13:15:00,0.60086375,0.7250681
2026-08-07 13:15:00,0.5239419,0.71739364
2026-08-07 13:15:00,0.4292415,0.7046459
2026-08-07 13:30:00,0.60086775,0.72244984
2026-08-07 13:30:00,0.5239458,0.7104535
2026-08-07 13:30:00,0.42924556,0.7018527
2026-08-07 13:30:00,0.42405516,0.68855494
2026-08-07 13:45:00,0.5239507,0.6967186
2026-08-07 13:45:00,0.42925045,0.688053
2026-08-07 13:45:00,0.42405927,0.6786753
2026-08-07 13:45:00,0.41886884,0.6645325
2026-08-07 14:00:00,0.42925638,0.6680817
2026-08-07 14:00:00,0.42406422,0.66290116
2026-08-07 14:00:00,0.41887295,0.6535928
2026-08-07 14:00:00,0.40436336,0.638613
2026-08-07 14:15:00,0.42407018,0.6305556
2026-08-07 14:15:00,0.41887796,0.6286708
2026-08-07 14:15:00,0.40436763,0.6198932
2026-08-07 14:15:00,0.48859745,0.6047429
2026-08-07 14:30:00,0.418884,0.59202665
2026-08-07 14:30:00,0.40437275,0.5911784
2026-08-07 14:30:00,0.48860106,0.5831278
2026-08-07 14:30:00,0.5728316,0.56957316
2026-08-07 14:45:00,0.40437898,0.5523659
2026-08-07 14:45:00,0.48860538,0.55137825
2026-08-07 14:45:00,0.5728345,0.5434613
2026-08-07 14:45:00,0.6320024,0.5319575
2026-08-07 15:00:00,0.48861063,0.5143143
2026-08-07 15:00:00,0.57283795,0.5132027
2026-08-07 15:00:00,0.63200486,0.50579023
2026-08-07 15:00:00,0.51648283,0.49578285
2026-08-07 15:15:00,0.5728423,0.50307775
2026-08-07 15:15:00,0.6320077,0.5008443
2026-08-07 15:15:00,0.5164862,0.4934246
2026-08-07 15:15:00,0.40096334,0.48413324
2026-08-07 15:30:00,0.6320114,0.507537
2026-08-07 15:30:00,0.5164903,0.5033251
2026-08-07 15:30:00,0.40096763,0.494401
2026-08-07 15:30:00,0.4418388,0.48437762
2026-08-07 15:45:00,0.5164952,0.5212321
2026-08-07 15:45:00,0.40097278,0.51232445
2026-08-07 15:45:00,0.44184276,0.49857652
2026-08-07 15:45:00,0.4827143,0.48480222
2026-08-07 16:00:00,0.40097904,0.5134062
2026-08-07 16:00:00,0.44184753,0.49997848
2026-08-07 16:00:00,0.4827179,0.48131645
2026-08-07 16:00:00,0.4428059,0.4636166
2026-08-07 16:15:00,0.44185334,0.4859531
2026-08-07 16:15:00,0.48272228,0.46899605
2026-08-07 16:15:00,0.44280985,0.4468337
2026-08-07 16:15:00,0.4375614,0.42636925
2026-08-07 16:30:00,0.48272762,0.46183008
2026-08-07 16:30:00,0.4428146,0.44241875
2026-08-07 16:30:00,0.4375654,0.41831684
2026-08-07 16:30:00,0.41905838,0.39638907
2026-08-07 16:45:00,0.44282037,0.4425599
2026-08-07 16:45:00,0.43757018,0.4213312
2026-08-07 16:45:00,0.4190625,0.39647478
2026-08-07 16:45:00,0.37968665,0.37385103
2026-08-07 17:00:00,0.43757603,0.42631835
2026-08-07 17:00:00,0.4190675,0.4036888
2026-08-07 17:00:00,0.37969112,0.37881473
2026-08-07 17:00:00,0.34428668,0.35613304
2026-08-07 17:15:00,0.41907352,0.4121949
2026-08-07 17:15:00,0.3796965,0.3889449
2026-08-07 17:15:00,0.34429145,0.36455315
2026-08-07 17:15:00,0.33853793,0.3425208
2026-08-07 17:30:00,0.379703,0.39200678
2026-08-07 17:30:00,0.34429714,0.37012297
2026-08-07 17:30:00,0.33854273,0.34829283
2026-08-07 17:30:00,0.3227982,0.32854116
2026-08-07 17:45:00,0.34430403,0.3671739
2026-08-07 17:45:00,0.33854848,0.34753108
2026-08-07 17:45:00,0.3228031,0.3297631
2026-08-07 17:45:00,0.30816954,0.3131286
2026-08-07 18:00:00,0.33855546,0.34516558
2026-08-07 18:00:00,0.32280904,0.3279873
2026-08-07 18:00:00,0.3081746,0.3146188
2026-08-07 18:00:00,0.29354092,0.30156106
2026-08-07 18:15:00,0.32281616,0.32891774
2026-08-07 18:15:00,0.30818063,0.31431195
2026-08-07 18:15:00,0.29354608,0.3048436
2026-08-07 18:15:00,0.28299245,0.29512912
2026-08-07 18:30:00,0.30818793,0.31668627
2026-08-07 18:30:00,0.29355225,0.30477375
2026-08-07 18:30:00,0.2829977,0.2987418
2026-08-07 18:30:00,0.28299245,0.29199585
2026-08-07 18:45:00,0.2935597,0.3074802
2026-08-07 18:45:00,0.283004,0.29827595
2026-08-07 18:45:00,0.2829977,0.29519215
2026-08-07 18:45:00,0.28299245,0.2909912
2026-08-07 19:00:00,0.28301156,0.29958883
2026-08-07 19:00:00,0.283004,0.2933232
2026-08-07 19:00:00,0.2829977,0.29302385
2026-08-07 19:00:00,0.28299245,0.29114965
2026-08-07 19:15:00,0.28301156,0.292912
2026-08-07 19:15:00,0.283004,0.28977305
2026-08-07 19:15:00,0.2829977,0.29204458
2026-08-07 19:15:00,0.28299245,0.29231554
2026-08-07 19:30:00,0.28301156,0.2883295
2026-08-07 19:30:00,0.283004,0.2871945
2026-08-07 19:30:00,0.2829977,0.2911735
2026-08-07 19:30:00,0.28299245,0.29250324
2026-08-07 19:45:00,0.28301156,0.28582513
2026-08-07 19:45:00,0.283004,0.28560567
2026-08-07 19:45:00,0.2829977,0.29029617
2026-08-07 19:45:00,0.28299245,0.29200476
2026-08-07 20:00:00,0.28301156,0.2843769
2026-08-07 20:00:00,0.283004,0.28447104
2026-08-07 20:00:00,0.2829977,0.28949693
2026-08-07 20:00:00,0.28299245,0.29122257
2026-08-07 20:15:00,0.28301156,0.28361583
2026-08-07 20:15:00,0.283004,0.28378868
2026-08-07 20:15:00,0.2829977,0.28901425
2026-08-07 20:15:00,0.28299245,0.2908062
2026-08-07 20:30:00,0.28301156,0.28315783
2026-08-07 20:30:00,0.283004,0.2833938
2026-08-07 20:30:00,0.2829977,0.28871885
2026-08-07 20:30:00,0.28299245,0.29064754
2026-08-07 20:45:00,0.28301156,0.28288978
2026-08-07 20:45:00,0.283004,0.28319183
2026-08-07 20:45:00,0.2829977,0.2885675
2026-08-07 20:45:00,0.28299245,0.29066965
2026-08-07 21:00:00,0.28301156,0.28259122
2026-08-07 21:00:00,0.283004,0.28307396
2026-08-07 21:00:00,0.2829977,0.28856254
2026-08-07 21:00:00,0.28299245,0.2908402
2026-08-07 21:15:00,0.28301156,0.28229898
2026-08-07 21:15:00,0.283004,0.28288895
2026-08-07 21:15:00,0.2829977,0.28846502
2026-08-07 21:15:00,0.28299245,0.29085064
2026-08-07 21:30:00,0.28301156,0.28218263
2026-08-07 21:30:00,0.283004,0.28275427
2026-08-07 21:30:00,0.2829977,0.28835192
2026-08-07 21:30:00,0.28299245,0.29080567
2026-08-07 21:45:00,0.28301156,0.2821476
2026-08-07 21:45:00,0.283004,0.282682
2026-08-07 21:45:00,0.2829977,0.28829882
2026-08-07 21:45:00,0.28299245,0.29079518
2026-08-07 22:00:00,0.28301156,0.28210342
2026-08-07 22:00:00,0.283004,0.2826843
2026-08-07 22:00:00,0.2829977,0.28833553
2026-08-07 22:00:00,0.28299245,0.29088515
2026-08-07 22:15:00,0.28301156,0.2820225
2026-08-07 22:15:00,0.283004,0.28263897
2026-08-07 22:15:00,0.2829977,0.28831235
2026-08-07 22:15:00,0.28299245,0.2909114
2026-08-07 22:30:00,0.28301156,0.28201708
2026-08-07 22:30:00,0.283004,0.28259963
2026-08-07 22:30:00,0.2829977,0.28826734
2026-08-07 22:30:00,0.28299245,0.29090017
2026-08-07 22:45:00,0.28301156,0.28203768
2026-08-07 22:45:00,0.283004,0.28257683
2026-08-07 22:45:00,0.2829977,0.28824523
2026-08-07 22:45:00,0.28299245,0.2909017
2026-08-07 23:00:00,0.28301156,0.28206
2026-08-07 23:00:00,0.283004,0.28259537
2026-08-07 23:00:00,0.2829977,0.2882679
2026-08-07 23:00:00,0.28299245,0.29094863
2026-08-07 23:15:00,0.28301156,0.2820429
2026-08-07 23:15:00,0.283004,0.28259775
2026-08-07 23:15:00,0.2829977,0.28828293
2026-08-07 23:15:00,0.28299245,0.29100066
2026-08-07 23:30:00,0.28301156,0.28204226
2026-08-07 23:30:00,0.283004,0.28259212
2026-08-07 23:30:00,0.2829977,0.28828168
2026-08-07 23:30:00,0.28299245,0.29102564
2026-08-07 23:45:00,0.28301156,0.28296092
2026-08-07 23:45:00,0.283004,0.2847433
2026-08-07 23:45:00,0.2829977,0.2907282
2026-08-07 23:45:00,0.28299245,0.29434296
2026-08-08 00:00:00,0.28301156,0.28246742
2026-08-08 00:00:00,0.283004,0.28514832
2026-08-08 00:00:00,0.2829977,0.29133946
2026-08-08 00:00:00,0.28299245,0.29501724
2026-08-08 00:15:00,0.28301156,0.28223273
2026-08-08 00:15:00,0.283004,0.28481498
2026-08-08 00:15:00,0.2829977,0.2909365
2026-08-08 00:15:00,0.28299245,0.29403624
2026-08-08 00:30:00,0.28301156,0.2824683
2026-08-08 00:30:00,0.283004,0.2844231
2026-08-08 00:30:00,0.2829977,0.29037908
2026-08-08 00:30:00,0.28299245,0.29303366
2026-08-08 00:45:00,0.28301156,0.2822972
2026-08-08 00:45:00,0.283004,0.2835363
2026-08-08 00:45:00,0.2829977,0.28938213
2026-08-08 00:45:00,0.28299245,0.2912768
2026-08-08 01:00:00,0.28301156,0.28270826
2026-08-08 01:00:00,0.283004,0.28336024
2026-08-08 01:00:00,0.2829977,0.2889168
2026-08-08 01:00:00,0.28299245,0.29060292
2026-08-08 01:15:00,0.28301156,0.28274235
2026-08-08 01:15:00,0.283004,0.2831485
2026-08-08 01:15:00,0.2829977,0.2886904
2026-08-08 01:15:00,0.28299245,0.29053226
2026-08-08 01:30:00,0.28301156,0.28258836
2026-08-08 01:30:00,0.283004,0.28306124
2026-08-08 01:30:00,0.2829977,0.2886707
2026-08-08 01:30:00,0.28299245,0.29067868
2026-08-08 01:45:00,0.28301156,0.28294623
2026-08-08 01:45:00,0.283004,0.28315893
2026-08-08 01:45:00,0.2829977,0.28854492
2026-08-08 01:45:00,0.28299245,0.29019707
2026-08-08 02:00:00,0.28301156,0.2839005
2026-08-08 02:00:00,0.283004,0.2836493
2026-08-08 02:00:00,0.2829977,0.28885102
2026-08-08 02:00:00,0.28299245,0.29080644
2026-08-08 02:15:00,0.28301156,0.28348607
2026-08-08 02:15:00,0.283004,0.28367972
2026-08-08 02:15:00,0.2829977,0.28944507
2026-08-08 02:15:00,0.28299245,0.2926298
2026-08-08 02:30:00,0.28301156,0.28303322
2026-08-08 02:30:00,0.283004,0.2842558
2026-08-08 02:30:00,0.2829977,0.29064527
2026-08-08 02:30:00,0.28299245,0.29497838
2026-08-08 02:45:00,0.28301156,0.28357223
2026-08-08 02:45:00,0.283004,0.28471908
2026-08-08 02:45:00,0.2829977,0.29056084
2026-08-08 02:45:00,0.28299245,0.2944493
2026-08-08 03:00:00,0.28301156,0.28389934
2026-08-08 03:00:00,0.283004,0.28477815
2026-08-08 03:00:00,0.2829977,0.2903205
2026-08-08 03:00:00,0.28299245,0.293858
2026-08-08 03:15:00,0.28301156,0.2840213
2026-08-08 03:15:00,0.283004,0.28461668
2026-08-08 03:15:00,0.2829977,0.2900354
2026-08-08 03:15:00,0.28299245,0.29336655
2026-08-08 03:30:00,0.28301156,0.2840118
2026-08-08 03:30:00,0.283004,0.28439894
2026-08-08 03:30:00,0.2829977,0.28989488
2026-08-08 03:30:00,0.28299245,0.29327813
2026-08-08 03:45:00,0.28301156,0.28407937
2026-08-08 03:45:00,0.283004,0.28438678
2026-08-08 03:45:00,0.2829977,0.2900358
2026-08-08 03:45:00,0.28299245,0.29362252
2026-08-08 04:00:00,0.28301156,0.28404555
2026-08-08 04:00:00,0.283004,0.28436306
2026-08-08 04:00:00,0.2829977,0.29014963
2026-08-08 04:00:00,0.28299245,0.29389656
2026-08-08 04:15:00,0.28301156,0.28404447
2026-08-08 04:15:00,0.283004,0.28450668
2026-08-08 04:15:00,0.2829977,0.29047546
2026-08-08 04:15:00,0.28299245,0.29448006
2026-08-08 04:30:00,0.28301156,0.28414953
2026-08-08 04:30:00,0.283004,0.28480357
2026-08-08 04:30:00,0.2829977,0.29094312
2026-08-08 04:30:00,0.28299245,0.2952161
2026-08-08 04:45:00,0.28301156,0.28430456
2026-08-08 04:45:00,0.283004,0.28513378
2026-08-08 04:45:00,0.2829977,0.29139465
2026-08-08 04:45:00,0.28299245,0.29587278
2026-08-08 05:00:00,0.28301156,0.28448144
2026-08-08 05:00:00,0.283004,0.28543243
2026-08-08 05:00:00,0.2829977,0.29173747
2026-08-08 05:00:00,0.29280296,0.296318
2026-08-08 05:15:00,0.28301156,0.2847358
2026-08-08 05:15:00,0.283004,0.28582317
2026-08-08 05:15:00,0.29280815,0.29219133
2026-08-08 05:15:00,0.30561647,0.2969098
2026-08-08 05:30:00,0.28301156,0.28565052
2026-08-08 05:30:00,0.29281434,0.28761724
2026-08-08 05:30:00,0.30562153,0.29476038
2026-08-08 05:30:00,0.31833845,0.30066115
2026-08-08 05:45:00,0.2928218,0.28792378
2026-08-08 05:45:00,0.3056276,0.29193348
2026-08-08 05:45:00,0.31834343,0.30093783
2026-08-08 05:45:00,0.33312333,0.30924132
2026-08-08 06:00:00,0.30563492,0.2930113
2026-08-08 06:00:00,0.3183494,0.30055425
2026-08-08 06:00:00,0.33312818,0.3126983
2026-08-08 06:00:00,0.32684192,0.32444188
2026-08-08 06:15:00,0.31835654,0.30232745
2026-08-08 06:15:00,0.333134,0.3139192
2026-08-08 06:15:00,0.3268468,0.32950658
2026-08-08 06:15:00,0.3766207,0.34437555
2026-08-08 06:30:00,0.333141,0.3239845
2026-08-08 06:30:00,0.32685268,0.34312338
2026-08-08 06:30:00,0.37662518,0.36705026
2026-08-08 06:30:00,0.42639947,0.38892
2026-08-08 06:45:00,0.32685977,0.3495398
2026-08-08 06:45:00,0.37663057,0.37402588
2026-08-08 06:45:00,0.42640358,0.4036327
2026-08-08 06:45:00,0.43147463,0.43013728
2026-08-08 07:00:00,0.3766371,0.3745004
2026-08-08 07:00:00,0.42640847,0.4009552
2026-08-08 07:00:00,0.43147868,0.43124914
2026-08-08 07:00:00,0.47363204,0.4583381
2026-08-08 07:15:00,0.42641443,0.39780968
2026-08-08 07:15:00,0.43148357,0.42502278
2026-08-08 07:15:00,0.47363573,0.4545364
2026-08-08 07:15:00,0.50085545,0.48110333
2026-08-08 07:30:00,0.43148947,0.41920185
2026-08-08 07:30:00,0.4736402,0.44686854
2026-08-08 07:30:00,0.5008589,0.4757069
2026-08-08 07:30:00,0.52309537,0.5019367
2026-08-08 07:45:00,0.47364563,0.4388141
2026-08-08 07:45:00,0.5008631,0.4668606
2026-08-08 07:45:00,0.52309865,0.49544698
2026-08-08 07:45:00,0.570341,0.5215409
2026-08-08 08:00:00,0.50086826,0.4668978
2026-08-08 08:00:00,0.52310264,0.49472705
2026-08-08 08:00:00,0.5703439,0.5224241
2026-08-08 08:00:00,0.5714009,0.54802895
2026-08-08 08:15:00,0.5231075,0.49824482
2026-08-08 08:15:00,0.5703474,0.5250574
2026-08-08 08:15:00,0.57140374,0.5512612
2026-08-08 08:15:00,0.57246065,0.57564867
2026-08-08 08:30:00,0.57035184,0.52302384
2026-08-08 08:30:00,0.57140726,0.548696
2026-08-08 08:30:00,0.5724636,0.57336986
2026-08-08 08:30:00,0.57352054,0.5960653
2026-08-08 08:45:00,0.5714116,0.54998803
2026-08-08 08:45:00,0.5724671,0.5739849
2026-08-08 08:45:00,0.5735234,0.59693545
2026-08-08 08:45:00,0.5745803,0.617558
2026-08-08 09:00:00,0.57247144,0.5770531
2026-08-08 09:00:00,0.5735269,0.5987674
2026-08-08 09:00:00,0.5745832,0.61954284
2026-08-08 09:00:00,0.67632073,0.6374984
2026-08-08 09:15:00,0.57353127,0.5979613
2026-08-08 09:15:00,0.57458675,0.61777055
2026-08-08 09:15:00,0.6763228,0.6362808
2026-08-08 09:15:00,0.71870875,0.651767
2026-08-08 09:30:00,0.57459104,0.61175174
2026-08-08 09:30:00,0.6763253,0.6300317
2026-08-08 09:30:00,0.7187104,0.64632976
2026-08-08 09:30:00,0.7204201,0.6594956
2026-08-08 09:45:00,0.67632854,0.62129366
2026-08-08 09:45:00,0.71871257,0.63826394
2026-08-08 09:45:00,0.7204218,0.6524979
2026-08-08 09:45:00,0.7437068,0.66345876
2026-08-08 10:00:00,0.7187153,0.6457803
2026-08-08 10:00:00,0.72042394,0.6594513
2026-08-08 10:00:00,0.7437084,0.67076373
2026-08-08 10:00:00,0.7669935,0.67919314
2026-08-08 10:15:00,0.7204266,0.67437434
2026-08-08 10:15:00,0.7437102,0.68353426
2026-08-08 10:15:00,0.7669949,0.6917293
2026-08-08 10:15:00,0.79028034,0.6976514
2026-08-08 10:30:00,0.74371266,0.6969124
2026-08-08 10:30:00,0.7669965,0.7013595
2026-08-08 10:30:00,0.7902814,0.70671797
2026-08-08 10:30:00,0.81356704,0.70997155
2026-08-08 10:45:00,0.7669987,0.715153
2026-08-08 10:45:00,0.79028285,0.7149704
2026-08-08 10:45:00,0.813568,0.71786535
2026-08-08 10:45:00,0.81084216,0.7183851
2026-08-08 11:00:00,0.79028475,0.7310616
2026-08-08 11:00:00,0.8135691,0.7264575
2026-08-08 11:00:00,0.8108432,0.7272637
2026-08-08 11:00:00,0.81373453,0.7251518
2026-08-08 11:15:00,0.8135708,0.7437062
2026-08-08 11:15:00,0.8108444,0.7354227
2026-08-08 11:15:00,0.8137355,0.7345904
2026-08-08 11:15:00,0.8166269,0.7302011
2026-08-08 11:30:00,0.8108461,0.7521162
2026-08-08 11:30:00,0.8137367,0.7411537
2026-08-08 11:30:00,0.81662786,0.73902535
2026-08-08 11:30:00,0.8256208,0.7327983
2026-08-08 11:45:00,0.81373835,0.75602394
2026-08-08 11:45:00,0.816629,0.74341345
2026-08-08 11:45:00,0.8256216,0.74028254
2026-08-08 11:45:00,0.84901,0.7326479
2026-08-08 12:00:00,0.8166306,0.75819963
2026-08-08 12:00:00,0.8256227,0.7444644
2026-08-08 12:00:00,0.8490107,0.74053323
2026-08-08 12:00:00,0.8317765,0.7318262
2026-08-08 12:15:00,0.82562417,0.76003397
2026-08-08 12:15:00,0.84901154,0.74544966
2026-08-08 12:15:00,0.83177733,0.7408763
2026-08-08 12:15:00,0.61727583,0.7313261
2026-08-08 12:30:00,0.8490128,0.7601758
2026-08-08 12:30:00,0.83177835,0.74507344
2026-08-08 12:30:00,0.6172784,0.7398683
2026-08-08 12:30:00,0.4027752,0.72956765
2026-08-08 12:45:00,0.8317798,0.7591113
2026-08-08 12:45:00,0.61728144,0.7436607
2026-08-08 12:45:00,0.40277946,0.7378042
2026-08-08 12:45:00,0.46427053,0.7267623
2026-08-08 13:00:00,0.6172853,0.7566563
2026-08-08 13:00:00,0.40278462,0.7410023
2026-08-08 13:00:00,0.46427435,0.7345188
2026-08-08 13:00:00,0.5257659,0.7227335
2026-08-08 13:15:00,0.40279084,0.7375188
2026-08-08 13:15:00,0.46427888,0.7242382
2026-08-08 13:15:00,0.52576923,0.7166613
2026-08-08 13:15:00,0.48804605,0.7040987
2026-08-08 13:30:00,0.46428442,0.6930256
2026-08-08 13:30:00,0.52577317,0.6866771
2026-08-08 13:30:00,0.48804963,0.67818844
2026-08-08 13:30:00,0.4503262,0.6645791
2026-08-08 13:45:00,0.52577806,0.6511699
2026-08-08 13:45:00,0.48805398,0.65096414
2026-08-08 13:45:00,0.45033008,0.64267397
2026-08-08 13:45:00,0.461214,0.62655705
2026-08-08 14:00:00,0.48805925,0.6193253
2026-08-08 14:00:00,0.4503348,0.62169325
2026-08-08 14:00:00,0.46121782,0.61383235
2026-08-08 14:00:00,0.48243138,0.59628445
2026-08-08 14:15:00,0.45034048,0.5878234
2026-08-08 14:15:00,0.4612224,0.59152114
2026-08-08 14:15:00,0.48243502,0.58413523
2026-08-08 14:15:00,0.50364876,0.5656543
2026-08-08 14:30:00,0.46122795,0.56387734
2026-08-08 14:30:00,0.4824394,0.5665367
2026-08-08 14:30:00,0.5036522,0.5586257
2026-08-08 14:30:00,0.4343966,0.5406455
2026-08-08 14:45:00,0.48244473,0.5369674
2026-08-08 14:45:00,0.5036564,0.5387857
2026-08-08 14:45:00,0.43440062,0.5313723
2026-08-08 14:45:00,0.36514443,0.51567024
2026-08-08 15:00:00,0.5036615,0.5015699
2026-08-08 15:00:00,0.43440545,0.50280863
2026-08-08 15:00:00,0.36514902,0.49557486
2026-08-08 15:00:00,0.35848713,0.48214984
2026-08-08 15:15:00,0.43441135,0.47231835
2026-08-08 15:15:00,0.3651545,0.47268707
2026-08-08 15:15:00,0.35849175,0.4649279
2026-08-08 15:15:00,0.4222378,0.45239997
2026-08-08 15:30:00,0.36516118,0.4471037
2026-08-08 15:30:00,0.35849732,0.44665474
2026-08-08 15:30:00,0.42224193,0.43849412
2026-08-08 15:30:00,0.41875666,0.42644876
2026-08-08 15:45:00,0.35850406,0.42154324
2026-08-08 15:45:00,0.42224687,0.42010525
2026-08-08 15:45:00,0.4187608,0.41161814
2026-08-08 15:45:00,0.35687578,0.39977247
2026-08-08 16:00:00,0.4222529,0.3960708
2026-08-08 16:00:00,0.41876578,0.39335433
2026-08-08 16:00:00,0.35688043,0.3845078
2026-08-08 16:00:00,0.4261553,0.37287468
2026-08-08 16:15:00,0.41877186,0.38014022
2026-08-08 16:15:00,0.35688603,0.3763015
2026-08-08 16:15:00,0.42615938,0.36781555
2026-08-08 16:15:00,0.4954348,0.35698053
2026-08-08 16:30:00,0.35689276,0.36914554
2026-08-08 16:30:00,0.4261643,0.36386743
2026-08-08 16:30:00,0.49543834,0.35527644
2026-08-08 16:30:00,0.5070317,0.34482908
2026-08-08 16:45:00,0.4261703,0.36028996
2026-08-08 16:45:00,0.49544257,0.35380474
2026-08-08 16:45:00,0.5070351,0.34504235
2026-08-08 16:45:00,0.48512423,0.3348963
2026-08-08 17:00:00,0.49544775,0.35386336
2026-08-08 17:00:00,0.50703925,0.34653252
2026-08-08 17:00:00,0.48512787,0.33777404
2026-08-08 17:00:00,0.42984182,0.32815826
2026-08-08 17:15:00,0.5070443,0.35143167
2026-08-08 17:15:00,0.48513222,0.34293595
2026-08-08 17:15:00,0.42984587,0.33368647
2026-08-08 17:15:00,0.34260756,0.32410628
2026-08-08 17:30:00,0.48513752,0.35556114
2026-08-08 17:30:00,0.42985076,0.34538874
2026-08-08 17:30:00,0.34261233,0.33455074
2026-08-08 17:30:00,0.3342431,0.32407063
2026-08-08 17:45:00,0.42985666,0.36033103
2026-08-08 17:45:00,0.34261802,0.34787667
2026-08-08 17:45:00,0.33424795,0.33441252
2026-08-08 17:45:00,0.32587865,0.32202417
2026-08-08 18:00:00,0.34262493,0.35217112
2026-08-08 18:00:00,0.33425373,0.34099707
2026-08-08 18:00:00,0.32588357,0.32806858
2026-08-08 18:00:00,0.3031901,0.316705
2026-08-08 18:15:00,0.33426073,0.33827782
2026-08-08 18:15:00,0.32588944,0.3294973
2026-08-08 18:15:00,0.30319518,0.31872097
2026-08-08 18:15:00,0.28299245,0.30943483
2026-08-08 18:30:00,0.32589653,0.32263732
2026-08-08 18:30:00,0.3032013,0.3155105
2026-08-08 18:30:00,0.2829977,0.30793014
2026-08-08 18:30:00,0.28299245,0.3009262
2026-08-08 18:45:00,0.30320862,0.309568
2026-08-08 18:45:00,0.283004,0.30373648
2026-08-08 18:45:00,0.2829977,0.2994046
2026-08-08 18:45:00,0.28299245,0.2946844
2026-08-08 19:00:00,0.28301156,0.2987561
2026-08-08 19:00:00,0.283004,0.29480132
2026-08-08 19:00:00,0.2829977,0.29383302
2026-08-08 19:00:00,0.28299245,0.29168388
2026-08-08 19:15:00,0.28301156,0.29127708
2026-08-08 19:15:00,0.283004,0.28967974
2026-08-08 19:15:00,0.2829977,0.2916029
2026-08-08 19:15:00,0.28299245,0.29164276
2026-08-08 19:30:00,0.28301156,0.286842
2026-08-08 19:30:00,0.283004,0.28680614
2026-08-08 19:30:00,0.2829977,0.29055518
2026-08-08 19:30:00,0.28299245,0.29162294
2026-08-08 19:45:00,0.28301156,0.28479815
2026-08-08 19:45:00,0.283004,0.28542897
2026-08-08 19:45:00,0.2829977,0.28989884
2026-08-08 19:45:00,0.28299245,0.29087523
2026-08-08 20:00:00,0.28301156,0.2846063
2026-08-08 20:00:00,0.283004,0.2847173
2026-08-08 20:00:00,0.2829977,0.2890773
2026-08-08 20:00:00,0.28299245,0.2895477
2026-08-08 20:15:00,0.28301156,0.28416988
2026-08-08 20:15:00,0.283004,0.28397313
2026-08-08 20:15:00,0.2829977,0.28855228
2026-08-08 20:15:00,0.28299245,0.28942397
2026-08-08 20:30:00,0.28301156,0.2833524
2026-08-08 20:30:00,0.283004,0.28344727
2026-08-08 20:30:00,0.2829977,0.28849992
2026-08-08 20:30:00,0.28299245,0.28980878
2026-08-08 20:45:00,0.28301156,0.2833862
2026-08-08 20:45:00,0.283004,0.28334412
2026-08-08 20:45:00,0.2829977,0.2881611
2026-08-08 20:45:00,0.28299245,0.2890754
2026-08-08 21:00:00,0.28301156,0.28395984
2026-08-08 21:00:00,0.283004,0.28333333
2026-08-08 21:00:00,0.2829977,0.28789577
2026-08-08 21:00:00,0.28299245,0.2888621
2026-08-08 21:15:00,0.28301156,0.2834301
2026-08-08 21:15:00,0.283004,0.28296536
2026-08-08 21:15:00,0.2829977,0.2879476
2026-08-08 21:15:00,0.28299245,0.289796
2026-08-08 21:30:00,0.28301156,0.28281423
2026-08-08 21:30:00,0.283004,0.28296852
2026-08-08 21:30:00,0.2829977,0.28840828
2026-08-08 21:30:00,0.28299245,0.29104185
2026-08-08 21:45:00,0.28301156,0.28273973
2026-08-08 21:45:00,0.283004,0.28310424
2026-08-08 21:45:00,0.2829977,0.28843972
2026-08-08 21:45:00,0.28299245,0.2910518
2026-08-08 22:00:00,0.28301156,0.28268865
2026-08-08 22:00:00,0.283004,0.28303617
2026-08-08 22:00:00,0.2829977,0.28839892
2026-08-08 22:00:00,0.28299245,0.29100084
2026-08-08 22:15:00,0.28301156,0.28269193
2026-08-08 22:15:00,0.283004,0.28294763
2026-08-08 22:15:00,0.2829977,0.2883383
2026-08-08 22:15:00,0.28299245,0.29093257
2026-08-08 22:30:00,0.28301156,0.28260773
2026-08-08 22:30:00,0.283004,0.2828555
2026-08-08 22:30:00,0.2829977,0.28830224
2026-08-08 22:30:00,0.28299245,0.2908923
2026-08-08 22:45:00,0.28301156,0.28251553
2026-08-08 22:45:00,0.283004,0.28282756
2026-08-08 22:45:00,0.2829977,0.28832522
2026-08-08 22:45:00,0.28299245,0.2909591
2026-08-08 23:00:00,0.28301156,0.28236106
2026-08-08 23:00:00,0.283004,0.28270605
2026-08-08 23:00:00,0.2829977,0.28825757
2026-08-08 23:00:00,0.28299245,0.29095417
2026-08-08 23:15:00,0.28301156,0.28244534
2026-08-08 23:15:00,0.283004,0.28267536
2026-08-08 23:15:00,0.2829977,0.28824964
2026-08-08 23:15:00,0.28299245,0.2910776
2026-08-08 23:30:00,0.28301156,0.2825479
2026-08-08 23:30:00,0.283004,0.28273767
2026-08-08 23:30:00,0.2829977,0.28830266
2026-08-08 23:30:00,0.28299245,0.29114693
2026-08-08 23:45:00,0.28301156,0.28248742
2026-08-08 23:45:00,0.283004,0.2828272
2026-08-08 23:45:00,0.2829977,0.2884064
2026-08-08 23:45:00,0.28299245,0.29125127
2026-08-09 00:00:00,0.28301156,0.2824103
2026-08-09 00:00:00,0.283004,0.28292283
2026-08-09 00:00:00,0.2829977,0.28849778
2026-08-09 00:00:00,0.28299245,0.29133797
2026-08-09 00:15:00,0.28301156,0.28233507
2026-08-09 00:15:00,0.283004,0.28288466
2026-08-09 00:15:00,0.2829977,0.28846267
2026-08-09 00:15:00,0.28299245,0.2912833
2026-08-09 00:30:00,0.28301156,0.28233254
2026-08-09 00:30:00,0.283004,0.2828088
2026-08-09 00:30:00,0.2829977,0.2883877
2026-08-09 00:30:00,0.28299245,0.2911962
2026-08-09 00:45:00,0.28301156,0.28234094
2026-08-09 00:45:00,0.283004,0.28275868
2026-08-09 00:45:00,0.2829977,0.2883566
2026-08-09 00:45:00,0.28299245,0.29119065
2026-08-09 01:00:00,0.28301156,0.28234237
2026-08-09 01:00:00,0.283004,0.2827479
2026-08-09 01:00:00,0.2829977,0.28836823
2026-08-09 01:00:00,0.28299245,0.2912355
2026-08-09 01:15:00,0.28301156,0.2823417
2026-08-09 01:15:00,0.283004,0.28274968
2026-08-09 01:15:00,0.2829977,0.28839552
2026-08-09 01:15:00,0.28299245,0.29132113
2026-08-09 01:30:00,0.28301156,0.28237665
2026-08-09 01:30:00,0.283004,0.28278062
2026-08-09 01:30:00,0.2829977,0.28844702
2026-08-09 01:30:00,0.28299245,0.2914424
2026-08-09 01:45:00,0.28301156,0.2824217
2026-08-09 01:45:00,0.283004,0.28284138
2026-08-09 01:45:00,0.2829977,0.28853232
2026-08-09 01:45:00,0.28299245,0.29160866
2026-08-09 02:00:00,0.28301156,0.282482
2026-08-09 02:00:00,0.283004,0.282925
2026-08-09 02:00:00,0.2829977,0.28862303
2026-08-09 02:00:00,0.28299245,0.29174516
2026-08-09 02:15:00,0.28301156,0.28251436
2026-08-09 02:15:00,0.283004,0.28298765
2026-08-09 02:15:00,0.2829977,0.28870144
2026-08-09 02:15:00,0.28299245,0.2918744
2026-08-09 02:30:00,0.28301156,0.28257006
2026-08-09 02:30:00,0.283004,0.28305456
2026-08-09 02:30:00,0.2829977,0.2887891
2026-08-09 02:30:00,0.28299245,0.29203224
2026-08-09 02:45:00,0.28301156,0.28266546
2026-08-09 02:45:00,0.283004,0.28315228
2026-08-09 02:45:00,0.2829977,0.28891993
2026-08-09 02:45:00,0.28299245,0.29226455
2026-08-09 03:00:00,0.28301156,0.28275913
2026-08-09 03:00:00,0.283004,0.2832662
2026-08-09 03:00:00,0.2829977,0.28906724
2026-08-09 03:00:00,0.28299245,0.29249662
2026-08-09 03:15:00,0.28301156,0.28286025
2026-08-09 03:15:00,0.283004,0.283414
2026-08-09 03:15:00,0.2829977,0.2892572
2026-08-09 03:15:00,0.28299245,0.29280496
2026-08-09 03:30:00,0.28301156,0.2829967
2026-08-09 03:30:00,0.283004,0.28361022
2026-08-09 03:30:00,0.2829977,0.28949252
2026-08-09 03:30:00,0.28299245,0.29316527
2026-08-09 03:45:00,0.28301156,0.28314736
2026-08-09 03:45:00,0.283004,0.2838213
2026-08-09 03:45:00,0.2829977,0.28973162
2026-08-09 03:45:00,0.28299245,0.2935114
2026-08-09 04:00:00,0.28301156,0.28329286
2026-08-09 04:00:00,0.283004,0.2840072
2026-08-09 04:00:00,0.2829977,0.28991735
2026-08-09 04:00:00,0.28299245,0.29374942
2026-08-09 04:15:00,0.28301156,0.2834431
2026-08-09 04:15:00,0.283004,0.28421193
2026-08-09 04:15:00,0.2829977,0.29015726
2026-08-09 04:15:00,0.28299245,0.29408976
2026-08-09 04:30:00,0.28301156,0.2836281
2026-08-09 04:30:00,0.283004,0.2844536
2026-08-09 04:30:00,0.2829977,0.29044116
2026-08-09 04:30:00,0.28299245,0.2944899
2026-08-09 04:45:00,0.28301156,0.28381705
2026-08-09 04:45:00,0.283004,0.28470093
2026-08-09 04:45:00,0.2829977,0.29072282
2026-08-09 04:45:00,0.28299245,0.29487398
2026-08-09 05:00:00,0.28301156,0.28398803
2026-08-09 05:00:00,0.283004,0.2849126
2026-08-09 05:00:00,0.2829977,0.2909376
2026-08-09 05:00:00,0.28883728,0.29513553
2026-08-09 05:15:00,0.28301156,0.28416237
2026-08-09 05:15:00,0.283004,0.28516728
2026-08-09 05:15:00,0.28884247,0.29124933
2026-08-09 05:15:00,0.30038765,0.2955662
2026-08-09 05:30:00,0.28301156,0.28468344
2026-08-09 05:30:00,0.2888487,0.28642848
2026-08-09 05:30:00,0.30039275,0.29325622
2026-08-09 05:30:00,0.31450456,0.2987359
2026-08-09 05:45:00,0.2888562,0.28638625
2026-08-09 05:45:00,0.30039886,0.28978258
2026-08-09 05:45:00,0.31450957,0.29807174
2026-08-09 05:45:00,0.3286215,0.3056064
2026-08-09 06:00:00,0.30040625,0.29052827
2026-08-09 06:00:00,0.31451556,0.2969529
2026-08-09 06:00:00,0.3286264,0.30786243
2026-08-09 06:00:00,0.3586368,0.318451
2026-08-09 06:15:00,0.31452277,0.29815757
2026-08-09 06:15:00,0.32863224,0.3083862
2026-08-09 06:15:00,0.35864142,0.32242683
2026-08-09 06:15:00,0.38844025,0.33603948
2026-08-09 06:30:00,0.3286393,0.3195432
2026-08-09 06:30:00,0.358647,0.3380848
2026-08-09 06:30:00,0.38844463,0.3613584
2026-08-09 06:30:00,0.42019844,0.38285515
2026-08-09 06:45:00,0.35865372,0.3499654
2026-08-09 06:45:00,0.3884499,0.37493518
2026-08-09 06:45:00,0.42020258,0.40482476
2026-08-09 06:45:00,0.4630617,0.4317025
2026-08-09 07:00:00,0.38845628,0.37894124
2026-08-09 07:00:00,0.42020756,0.40620548
2026-08-09 07:00:00,0.46306548,0.4370401
2026-08-09 07:00:00,0.4939839,0.46491513
2026-08-09 07:15:00,0.42021358,0.40469396
2026-08-09 07:15:00,0.46307003,0.43268037
2026-08-09 07:15:00,0.49398744,0.46265942
2026-08-09 07:15:00,0.5247843,0.48994842
2026-08-09 07:30:00,0.46307558,0.42994568
2026-08-09 07:30:00,0.4939917,0.45815942
2026-08-09 07:30:00,0.5247876,0.4871051
2026-08-09 07:30:00,0.5561116,0.51374257
2026-08-09 07:45:00,0.49399692,0.45847362
2026-08-09 07:45:00,0.5247916,0.48648584
2026-08-09 07:45:00,0.5561147,0.5145407
2026-08-09 07:45:00,0.58659375,0.5407326
2026-08-09 08:00:00,0.5247965,0.4897666
2026-08-09 08:00:00,0.5561183,0.5170224
2026-08-09 08:00:00,0.5865965,0.5438354
2026-08-09 08:00:00,0.6157624,0.5690607
2026-08-09 08:15:00,0.55612284,0.5216827
2026-08-09 08:15:00,0.58659995,0.54772604
2026-08-09 08:15:00,0.615765,0.57314324
2026-08-09 08:15:00,0.6420361,0.59683
2026-08-09 08:30:00,0.5866041,0.54976344
2026-08-09 08:30:00,0.6157681,0.574401
2026-08-09 08:30:00,0.64203835,0.59836584
2026-08-09 08:30:00,0.66401565,0.6202323
2026-08-09 08:45:00,0.61577195,0.5805254
2026-08-09 08:45:00,0.6420412,0.6027483
2026-08-09 08:45:00,0.6640178,0.6246207
2026-08-09 08:45:00,0.6910923,0.6438746
2026-08-09 09:00:00,0.6420448,0.6138468
2026-08-09 09:00:00,0.6640204,0.6330849
2026-08-09 09:00:00,0.6910943,0.6522449
2026-08-09 09:00:00,0.7129341,0.6687032
2026-08-09 09:15:00,0.66402376,0.64339054
2026-08-09 09:15:00,0.6910966,0.6598315
2026-08-09 09:15:00,0.7129358,0.6761714
2026-08-09 09:15:00,0.7286616,0.69017756
2026-08-09 09:30:00,0.69109964,0.6669984
2026-08-09 09:30:00,0.712938,0.6807713
2026-08-09 09:30:00,0.7286632,0.6941513
2026-08-09 09:30:00,0.7480501,0.7058766
2026-08-09 09:45:00,0.7129408,0.6891234
2026-08-09 09:45:00,0.72866523,0.6996008
2026-08-09 09:45:00,0.7480515,0.7099973
2026-08-09 09:45:00,0.76743853,0.7195791
2026-08-09 10:00:00,0.72866786,0.71080124
2026-08-09 10:00:00,0.74805343,0.7170745
2026-08-09 10:00:00,0.7674399,0.72467124
2026-08-09 10:00:00,0.7868271,0.7320272
2026-08-09 10:15:00,0.7480558,0.7281791
2026-08-09 10:15:00,0.7674415,0.73006463
2026-08-09 10:15:00,0.7868283,0.73532224
2026-08-09 10:15:00,0.7965734,0.7401452
2026-08-09 10:30:00,0.7674437,0.7401817
2026-08-09 10:30:00,0.7868297,0.7381463
2026-08-09 10:30:00,0.7965745,0.7414324
2026-08-09 10:30:00,0.7946476,0.7436103
2026-08-09 10:45:00,0.7868317,0.7487061
2026-08-09 10:45:00,0.7965759,0.7433291
2026-08-09 10:45:00,0.79464877,0.74491835
2026-08-09 10:45:00,0.80439687,0.7446401
2026-08-09 11:00:00,0.79657775,0.7580261
2026-08-09 11:00:00,0.79465014,0.7494648
2026-08-09 11:00:00,0.80439794,0.7496283
2026-08-09 11:00:00,0.8062755,0.74725485
2026-08-09 11:15:00,0.794652,0.76724744
2026-08-09 11:15:00,0.80439925,0.75587344
2026-08-09 11:15:00,0.80627656,0.75488436
2026-08-09 11:15:00,0.8081541,0.7506988
2026-08-09 11:30:00,0.804401,0.7715618
2026-08-09 11:30:00,0.80627775,0.75853634
2026-08-09 11:30:00,0.80815506,0.7565531
2026-08-09 11:30:00,0.8078077,0.7509179
2026-08-09 11:45:00,0.80627954,0.7717761
2026-08-09 11:45:00,0.8081563,0.75791955
2026-08-09 11:45:00,0.80780864,0.7549708
2026-08-09 11:45:00,0.80799985,0.7481133
2026-08-09 12:00:00,0.80815804,0.77197623
2026-08-09 12:00:00,0.80780995,0.757339
2026-08-09 12:00:00,0.8080008,0.7536206
2026-08-09 12:00:00,0.81982815,0.74570894
2026-08-09 12:15:00,0.8078117,0.77195215
2026-08-09 12:15:00,0.8080021,0.7566883
2026-08-09 12:15:00,0.819829,0.7522938
2026-08-09 12:15:00,0.83165646,0.74341816
2026-08-09 12:30:00,0.8080038,0.77011174
2026-08-09 12:30:00,0.8198302,0.75451607
2026-08-09 12:30:00,0.8316572,0.7493843
2026-08-09 12:30:00,0.7984073,0.73955804
2026-08-09 12:45:00,0.8198317,0.7669922
2026-08-09 12:45:00,0.83165824,0.75115126
2026-08-09 12:45:00,0.7984084,0.74525636
2026-08-09 12:45:00,0.78432655,0.73443437
2026-08-09 13:00:00,0.8316597,0.7650668
2026-08-09 13:00:00,0.79840976,0.7487638
2026-08-09 13:00:00,0.78432775,0.74215305
2026-08-09 13:00:00,0.78046584,0.73034275
2026-08-09 13:15:00,0.7984116,0.7645484
2026-08-09 13:15:00,0.7843292,0.74761105
2026-08-09 13:15:00,0.78046703,0.740336
2026-08-09 13:15:00,0.7663449,0.7276131
2026-08-09 13:30:00,0.7843312,0.75984097
2026-08-09 13:30:00,0.7804686,0.7428087
2026-08-09 13:30:00,0.7663462,0.7345915
2026-08-09 13:30:00,0.76121867,0.7209554
2026-08-09 13:45:00,0.7804706,0.7526653
2026-08-09 13:45:00,0.7663479,0.73565626
2026-08-09 13:45:00,0.76122004,0.72628504
2026-08-09 13:45:00,0.75377166,0.711608
2026-08-09 14:00:00,0.76635003,0.74548054
2026-08-09 14:00:00,0.76122177,0.7283263
2026-08-09 14:00:00,0.7537731,0.7177746
2026-08-09 14:00:00,0.7398349,0.70201635
2026-08-09 14:15:00,0.761224,0.73823285
2026-08-09 14:15:00,0.7537749,0.72076976
2026-08-09 14:15:00,0.73983645,0.70906526
2026-08-09 14:15:00,0.72589815,0.69220436
2026-08-09 14:30:00,0.75377715,0.7284167
2026-08-09 14:30:00,0.73983836,0.7106147
2026-08-09 14:30:00,0.7258998,0.69755864
2026-08-09 14:30:00,0.7228203,0.6792904
2026-08-09 14:45:00,0.73984087,0.71488285
2026-08-09 14:45:00,0.72590184,0.69664246
2026-08-09 14:45:00,0.72282195,0.681502
2026-08-09 14:45:00,0.6838794,0.66096604
2026-08-09 15:00:00,0.72590446,0.6993966
2026-08-09 15:00:00,0.722824,0.68070525
2026-08-09 15:00:00,0.68388134,0.66373
2026-08-09 15:00:00,0.6421522,0.6409308
2026-08-09 15:15:00,0.72282666,0.68325144
2026-08-09 15:15:00,0.6838838,0.66376686
2026-08-09 15:15:00,0.6421545,0.6447514
2026-08-09 15:15:00,0.6713375,0.6198719
2026-08-09 15:30:00,0.6838869,0.66487026
2026-08-09 15:30:00,0.6421573,0.6445048
2026-08-09 15:30:00,0.6713395,0.62306887
2026-08-09 15:30:00,0.6320138,0.59629893
2026-08-09 15:45:00,0.6421609,0.63811797
2026-08-09 15:45:00,0.67134213,0.6167337
2026-08-09 15:45:00,0.6320162,0.59226227
2026-08-09 15:45:00,0.5926901,0.5631383
2026-08-09 16:00:00,0.67134535,0.6036029
2026-08-09 16:00:00,0.63201916,0.5809413
2026-08-09 16:00:00,0.59269285,0.5533918
2026-08-09 16:00:00,0.53636587,0.52188706
2026-08-09 16:15:00,0.63202286,0.57655144
2026-08-09 16:15:00,0.5926962,0.55198807
2026-08-09 16:15:00,0.5363691,0.5224647
2026-08-09 16:15:00,0.49654317,0.4902382
2026-08-09 16:30:00,0.5927003,0.5484101
2026-08-09 16:30:00,0.5363729,0.52126205
2026-08-09 16:30:00,0.4965467,0.48976028
2026-08-09 16:30:00,0.4747045,0.45727038
2026-08-09 16:45:00,0.53637767,0.51890886
2026-08-09 16:45:00,0.49655092,0.49031365
2026-08-09 16:45:00,0.4747082,0.45740396
2026-08-09 16:45:00,0.4223534,0.42540014
2026-08-09 17:00:00,0.49655613,0.4871922
2026-08-09 17:00:00,0.4747126,0.45829332
2026-08-09 17:00:00,0.4223575,0.42490137
2026-08-09 17:00:00,0.39698032,0.39365694
2026-08-09 17:15:00,0.47471806,0.44939077
2026-08-09 17:15:00,0.42236245,0.4225248
2026-08-09 17:15:00,0.39698464,0.3908555
2026-08-09 17:15:00,0.3542569,0.36144558
2026-08-09 17:30:00,0.42236847,0.41439956
2026-08-09 17:30:00,0.39698982,0.39093292
2026-08-09 17:30:00,0.35426158,0.36315152
2026-08-09 17:30:00,0.32963836,0.3371393
2026-08-09 17:45:00,0.39699614,0.38177237
2026-08-09 17:45:00,0.35426718,0.3615069
2026-08-09 17:45:00,0.32964322,0.3394521
2026-08-09 17:45:00,0.31501192,0.31769454
2026-08-09 18:00:00,0.35427395,0.35504222
2026-08-09 18:00:00,0.32964906,0.3386522
2026-08-09 18:00:00,0.3150169,0.32290787
2026-08-09 18:00:00,0.30038545,0.30644214
2026-08-09 18:15:00,0.32965612,0.32891628
2026-08-09 18:15:00,0.3150229,0.31560394
2026-08-09 18:15:00,0.30039057,0.30634642
2026-08-09 18:15:00,0.28299245,0.29496866
2026-08-09 18:30:00,0.3150301,0.31384546
2026-08-09 18:30:00,0.30039668,0.30299205
2026-08-09 18:30:00,0.2829977,0.29779172
2026-08-09 18:30:00,0.28299245,0.29034442
2026-08-09 18:45:00,0.30040404,0.3049456
2026-08-09 18:45:00,0.283004,0.29642135
2026-08-09 18:45:00,0.2829977,0.29392433
2026-08-09 18:45:00,0.28299245,0.28948495
2026-08-09 19:00:00,0.28301156,0.29784653
2026-08-09 19:00:00,0.283004,0.29222086
2026-08-09 19:00:00,0.2829977,0.29249352
2026-08-09 19:00:00,0.28299245,0.29074794
2026-08-09 19:15:00,0.28301156,0.2918204
2026-08-09 19:15:00,0.283004,0.28938958
2026-08-09 19:15:00,0.2829977,0.29205143
2026-08-09 19:15:00,0.28299245,0.2925086
2026-08-09 19:30:00,0.28301156,0.28729323
2026-08-09 19:30:00,0.283004,0.28689945
2026-08-09 19:30:00,0.2829977,0.29115513
2026-08-09 19:30:00,0.28299245,0.29253542
2026-08-09 19:45:00,0.28301156,0.28531516
2026-08-09 19:45:00,0.283004,0.28553808
2026-08-09 19:45:00,0.2829977,0.29029927
2026-08-09 19:45:00,0.28299245,0.29190826
2026-08-09 20:00:00,0.28301156,0.28410372
2026-08-09 20:00:00,0.283004,0.28444925
2026-08-09 20:00:00,0.2829977,0.2894623
2026-08-09 20:00:00,0.28299245,0.29106107
2026-08-09 20:15:00,0.28301156,0.28336775
2026-08-09 20:15:00,0.283004,0.28366563
2026-08-09 20:15:00,0.2829977,0.2888651
2026-08-09 20:15:00,0.28299245,0.290529
2026-08-09 20:30:00,0.28301156,0.283036
2026-08-09 20:30:00,0.283004,0.28333783
2026-08-09 20:30:00,0.2829977,0.28861436
2026-08-09 20:30:00,0.28299245,0.29043588
2026-08-09 20:45:00,0.28301156,0.2830143
2026-08-09 20:45:00,0.283004,0.28376642
2026-08-09 20:45:00,0.2829977,0.28930184
2026-08-09 20:45:00,0.28299245,0.29166853
2026-08-09 21:00:00,0.28301156,0.28236625
2026-08-09 21:00:00,0.283004,0.28378722
2026-08-09 21:00:00,0.2829977,0.28964078
2026-08-09 21:00:00,0.28299245,0.29226714
2026-08-09 21:15:00,0.28301156,0.2820685
2026-08-09 21:15:00,0.283004,0.28355393
2026-08-09 21:15:00,0.2829977,0.2894467
2026-08-09 21:15:00,0.28299245,0.29194576
2026-08-09 21:30:00,0.28301156,0.2821507
2026-08-09 21:30:00,0.283004,0.28337547
2026-08-09 21:30:00,0.2829977,0.28918874
2026-08-09 21:30:00,0.28299245,0.29154405
2026-08-09 21:45:00,0.28301156,0.2820455
2026-08-09 21:45:00,0.283004,0.28298342
2026-08-09 21:45:00,0.2829977,0.28879791
2026-08-09 21:45:00,0.28299245,0.29096892
2026-08-09 22:00:00,0.28301156,0.2820789
2026-08-09 22:00:00,0.283004,0.28297195
2026-08-09 22:00:00,0.2829977,0.28878322
2026-08-09 22:00:00,0.28299245,0.29099873
2026-08-09 22:15:00,0.28301156,0.28196123
2026-08-09 22:15:00,0.283004,0.28286004
2026-08-09 22:15:00,0.2829977,0.28868788
2026-08-09 22:15:00,0.28299245,0.29095706
2026-08-09 22:30:00,0.28301156,0.28200033
2026-08-09 22:30:00,0.283004,0.28293005
2026-08-09 22:30:00,0.2829977,0.28878206
2026-08-09 22:30:00,0.28299245,0.2911862
2026-08-09 22:45:00,0.28301156,0.28188148
2026-08-09 22:45:00,0.283004,0.28277385
2026-08-09 22:45:00,0.2829977,0.28859964
2026-08-09 22:45:00,0.28299245,0.29091913
2026-08-09 23:00:00,0.28301156,0.28214008
2026-08-09 23:00:00,0.283004,0.28308752
2026-08-09 23:00:00,0.2829977,0.2889433
2026-08-09 23:00:00,0.28299245,0.2914231
2026-08-09 23:15:00,0.28301156,0.2820038
2026-08-09 23:15:00,0.283004,0.28318948
2026-08-09 23:15:00,0.2829977,0.28915426
2026-08-09 23:15:00,0.28299245,0.29170424
2026-08-09 23:30:00,0.28301156,0.28191483
2026-08-09 23:30:00,0.283004,0.28276524
2026-08-09 23:30:00,0.2829977,0.288536
2026-08-09 23:30:00,0.28299245,0.29064316
2026-08-09 23:45:00,0.28301156,0.2824579
2026-08-09 23:45:00,0.283004,0.28311065
2026-08-09 23:45:00,0.2829977,0.28883895
2026-08-09 23:45:00,0.28299245,0.29120067
2026-08-10 00:00:00,0.28301156,0.28199264
2026-08-10 00:00:00,0.283004,0.2825886
2026-08-10 00:00:00,0.2829977,0.2883214
2026-08-10 00:00:00,0.28299245,0.29044697
2026-08-10 00:15:00,0.28301156,0.2823547
2026-08-10 00:15:00,0.283004,0.28255317
2026-08-10 00:15:00,0.2829977,0.28809837
2026-08-10 00:15:00,0.28299245,0.2901269
2026-08-10 00:30:00,0.28301156,0.28252143
2026-08-10 00:30:00,0.283004,0.28260085
2026-08-10 00:30:00,0.2829977,0.28811276
2026-08-10 00:30:00,0.28299245,0.29037073
2026-08-10 00:45:00,0.28301156,0.2823037
2026-08-10 00:45:00,0.283004,0.2827164
2026-08-10 00:45:00,0.2829977,0.28845745
2026-08-10 00:45:00,0.28299245,0.29110396
2026-08-10 01:00:00,0.28301156,0.28231797
2026-08-10 01:00:00,0.283004,0.28298202
2026-08-10 01:00:00,0.2829977,0.2886792
2026-08-10 01:00:00,0.28299245,0.2913338
2026-08-10 01:15:00,0.28301156,0.28242552
2026-08-10 01:15:00,0.283004,0.2829476
2026-08-10 01:15:00,0.2829977,0.2885699
2026-08-10 01:15:00,0.28299245,0.29105455
2026-08-10 01:30:00,0.28301156,0.28262663
2026-08-10 01:30:00,0.283004,0.28288713
2026-08-10 01:30:00,0.2829977,0.28844103
2026-08-10 01:30:00,0.28299245,0.29082143
2026-08-10 01:45:00,0.28301156,0.2827155
2026-08-10 01:45:00,0.283004,0.2828579
2026-08-10 01:45:00,0.2829977,0.28843787
2026-08-10 01:45:00,0.28299245,0.2908605
2026-08-10 02:00:00,0.28301156,0.28270987
2026-08-10 02:00:00,0.283004,0.2828937
2026-08-10 02:00:00,0.2829977,0.2884961
2026-08-10 02:00:00,0.28299245,0.29094347
2026-08-10 02:15:00,0.28301156,0.28276372
2026-08-10 02:15:00,0.283004,0.28289124
2026-08-10 02:15:00,0.2829977,0.28846967
2026-08-10 02:15:00,0.28299245,0.2908879
2026-08-10 02:30:00,0.28301156,0.28289565
2026-08-10 02:30:00,0.283004,0.2829075
2026-08-10 02:30:00,0.2829977,0.28845426
2026-08-10 02:30:00,0.28299245,0.29087555
2026-08-10 02:45:00,0.28301156,0.2829765
2026-08-10 02:45:00,0.283004,0.28291088
2026-08-10 02:45:00,0.2829977,0.28847036
2026-08-10 02:45:00,0.28299245,0.29094183
2026-08-10 03:00:00,0.28301156,0.28307524
2026-08-10 03:00:00,0.283004,0.28298977
2026-08-10 03:00:00,0.2829977,0.28854743
2026-08-10 03:00:00,0.28299245,0.29107398
2026-08-10 03:15:00,0.28301156,0.28313857
2026-08-10 03:15:00,0.283004,0.2830672
2026-08-10 03:15:00,0.2829977,0.28863305
2026-08-10 03:15:00,0.28299245,0.29121563
2026-08-10 03:30:00,0.28301156,0.2832354
2026-08-10 03:30:00,0.283004,0.283166
2026-08-10 03:30:00,0.2829977,0.28873622
2026-08-10 03:30:00,0.28299245,0.291376
2026-08-10 03:45:00,0.28301156,0.283365
2026-08-10 03:45:00,0.283004,0.28327957
2026-08-10 03:45:00,0.2829977,0.28885433
2026-08-10 03:45:00,0.28299245,0.29155713
2026-08-10 04:00:00,0.28301156,0.28353637
2026-08-10 04:00:00,0.283004,0.28350496
2026-08-10 04:00:00,0.2829977,0.2890546
2026-08-10 04:00:00,0.28299245,0.29181892
2026-08-10 04:15:00,0.28301156,0.28354558
2026-08-10 04:15:00,0.283004,0.28355747
2026-08-10 04:15:00,0.2829977,0.28907752
2026-08-10 04:15:00,0.28299245,0.29176825
2026-08-10 04:30:00,0.28301156,0.28375986
2026-08-10 04:30:00,0.283004,0.28364152
2026-08-10 04:30:00,0.2829977,0.28908002
2026-08-10 04:30:00,0.28299245,0.29163915
2026-08-10 04:45:00,0.28301156,0.28395703
2026-08-10 04:45:00,0.283004,0.283644
2026-08-10 04:45:00,0.2829977,0.2890781
2026-08-10 04:45:00,0.28299245,0.29157436
2026-08-10 05:00:00,0.28301156,0.2841937
2026-08-10 05:00:00,0.283004,0.28381318
2026-08-10 05:00:00,0.2829977,0.28931105
2026-08-10 05:00:00,0.29408422,0.29202327
2026-08-10 05:15:00,0.28301156,0.28437442
2026-08-10 05:15:00,0.283004,0.28594482
2026-08-10 05:15:00,0.29408938,0.29191843
2026-08-10 05:15:00,0.305176,0.29588142
2026-08-10 05:30:00,0.28301156,0.28311527
2026-08-10 05:30:00,0.29409555,0.28427008
2026-08-10 05:30:00,0.30518106,0.29024523
2026-08-10 05:30:00,0.31626776,0.29328114
2026-08-10 05:45:00,0.294103,0.28532764
2026-08-10 05:45:00,0.30518714,0.28537208
2026-08-10 05:45:00,0.31627274,0.2906503
2026-08-10 05:45:00,0.32186794,0.29330894
2026-08-10 06:00:00,0.30519444,0.28604388
2026-08-10 06:00:00,0.3162787,0.28588927
2026-08-10 06:00:00,0.32187286,0.29144338
2026-08-10 06:00:00,0.34062362,0.2948115
2026-08-10 06:15:00,0.3162859,0.28994694
2026-08-10 06:15:00,0.3218788,0.29220647
2026-08-10 06:15:00,0.3406284,0.3006482
2026-08-10 06:15:00,0.37222522,0.3070581
2026-08-10 06:30:00,0.3218859,0.3080185
2026-08-10 06:30:00,0.3406341,0.31916833
2026-08-10 06:30:00,0.37222975,0.33619672
2026-08-10 06:30:00,0.37286162,0.3512951
2026-08-10 06:45:00,0.34064105,0.32747045
2026-08-10 06:45:00,0.37223518,0.34492323
2026-08-10 06:45:00,0.37286615,0.36733025
2026-08-10 06:45:00,0.39600757,0.38725728
2026-08-10 07:00:00,0.37224177,0.3461836
2026-08-10 07:00:00,0.37287158,0.368184
2026-08-10 07:00:00,0.39601192,0.39520332
2026-08-10 07:00:00,0.41549355,0.41894543
2026-08-10 07:15:00,0.37287813,0.36287212
2026-08-10 07:15:00,0.3960171,0.38731137
2026-08-10 07:15:00,0.41549772,0.4158256
2026-08-10 07:15:00,0.41891217,0.4406416
2026-08-10 07:30:00,0.39602342,0.3834383
2026-08-10 07:30:00,0.41550273,0.40928257
2026-08-10 07:30:00,0.41891629,0.43677264
2026-08-10 07:30:00,0.4223308,0.4607026
2026-08-10 07:45:00,0.4155088,0.39944962
2026-08-10 07:45:00,0.4189213,0.42610452
2026-08-10 07:45:00,0.4223349,0.45340908
2026-08-10 07:45:00,0.42330015,0.47714698
2026-08-10 08:00:00,0.41892734,0.4133755
2026-08-10 08:00:00,0.42233986,0.43980968
2026-08-10 08:00:00,0.42330426,0.46629137
2026-08-10 08:00:00,0.4242695,0.4894739
2026-08-10 08:15:00,0.42234588,0.4311431
2026-08-10 08:15:00,0.4233092,0.45715258
2026-08-10 08:15:00,0.4242736,0.4824831
2026-08-10 08:15:00,0.41293937,0.50506073
2026-08-10 08:30:00,0.42331523,0.44360015
2026-08-10 08:30:00,0.42427856,0.46847934
2026-08-10 08:30:00,0.41294354,0.49164844
2026-08-10 08:30:00,0.45131844,0.51242834
2026-08-10 08:45:00,0.42428455,0.4524376
2026-08-10 08:45:00,0.4129486,0.47605416
2026-08-10 08:45:00,0.45132232,0.49783918
2026-08-10 08:45:00,0.4582722,0.517133
2026-08-10 09:00:00,0.41295472,0.45549244
2026-08-10 09:00:00,0.45132703,0.47739625
2026-08-10 09:00:00,0.45827603,0.49649394
2026-08-10 09:00:00,0.47784966,0.5132966
2026-08-10 09:15:00,0.4513327,0.45611766
2026-08-10 09:15:00,0.45828062,0.47648972
2026-08-10 09:15:00,0.47785333,0.4934951
2026-08-10 09:15:00,0.5117127,0.50807774
2026-08-10 09:30:00,0.45828623,0.45980096
2026-08-10 09:30:00,0.47785777,0.4781946
2026-08-10 09:30:00,0.5117161,0.49256903
2026-08-10 09:30:00,0.5613164,0.50443864
2026-08-10 09:45:00,0.47786313,0.4643137
2026-08-10 09:45:00,0.5117202,0.48131734
2026-08-10 09:45:00,0.56131935,0.49373937
2026-08-10 09:45:00,0.49954918,0.50369227
2026-08-10 10:00:00,0.5117252,0.47368532
2026-08-10 10:00:00,0.561323,0.4894076
2026-08-10 10:00:00,0.49955267,0.50026804
2026-08-10 10:00:00,0.43778196,0.50832677
2026-08-10 10:15:00,0.56132746,0.4913149
2026-08-10 10:15:00,0.4995569,0.50578123
2026-08-10 10:15:00,0.43778595,0.5150238
2026-08-10 10:15:00,0.4563905,0.5210742
2026-08-10 10:30:00,0.49956203,0.5164994
2026-08-10 10:30:00,0.43779075,0.5297196
2026-08-10 10:30:00,0.45639437,0.5370836
2026-08-10 10:30:00,0.44381237,0.54074264
2026-08-10 10:45:00,0.4377966,0.5252757
2026-08-10 10:45:00,0.45639896,0.5377271
2026-08-10 10:45:00,0.4438163,0.5434997
2026-08-10 10:45:00,0.47528,0.54493356
2026-08-10 11:00:00,0.45640463,0.5190985
2026-08-10 11:00:00,0.44382104,0.5315258
2026-08-10 11:00:00,0.47528368,0.536759
2026-08-10 11:00:00,0.4747846,0.53714967
2026-08-10 11:15:00,0.44382682,0.51529086
2026-08-10 11:15:00,0.47528812,0.5276825
2026-08-10 11:15:00,0.4747883,0.53242755
2026-08-10 11:15:00,0.46491724,0.5319968
2026-08-10 11:30:00,0.47529355,0.5097861
2026-08-10 11:30:00,0.47479275,0.52183044
2026-08-10 11:30:00,0.46492103,0.5261086
2026-08-10 11:30:00,0.4550499,0.52517056
2026-08-10 11:45:00,0.47479817,0.5014827
2026-08-10 11:45:00,0.4649256,0.5133478
2026-08-10 11:45:00,0.45505375,0.5174238
2026-08-10 11:45:00,0.3946564,0.5162998
2026-08-10 12:00:00,0.46493113,0.4943873
2026-08-10 12:00:00,0.4550584,0.50618684
2026-08-10 12:00:00,0.3946607,0.51032823
2026-08-10 12:00:00,0.33426288,0.50938994
2026-08-10 12:15:00,0.45506406,0.4882475
2026-08-10 12:15:00,0.39466596,0.49974537
2026-08-10 12:15:00,0.3342677,0.5037193
2026-08-10 12:15:00,0.34939313,0.5027927
2026-08-10 12:30:00,0.39467227,0.47800875
2026-08-10 12:30:00,0.33427352,0.489282
2026-08-10 12:30:00,0.34939784,0.49314126
2026-08-10 12:30:00,0.36452335,0.4922337
2026-08-10 12:45:00,0.33428052,0.4583629
2026-08-10 12:45:00,0.34940347,0.46956387
2026-08-10 12:45:00,0.36452794,0.47362834
2026-08-10 12:45:00,0.34257337,0.4729185
2026-08-10 13:00:00,0.3494103,0.43475983
2026-08-10 13:00:00,0.36453342,0.44525987
2026-08-10 13:00:00,0.34257814,0.44949052
2026-08-10 13:00:00,0.35156542,0.44875258
2026-08-10 13:15:00,0.3645401,0.4172089
2026-08-10 13:15:00,0.34258384,0.4261378
2026-08-10 13:15:00,0.3515701,0.43010613
2026-08-10 13:15:00,0.36055747,0.42896354
2026-08-10 13:30:00,0.34259075,0.40460002
2026-08-10 13:30:00,0.35157573,0.41176635
2026-08-10 13:30:00,0.3605621,0.41533113
2026-08-10 13:30:00,0.3752408,0.41371518
2026-08-10 13:45:00,0.35158256,0.3939622
2026-08-10 13:45:00,0.36056763,0.3995124
2026-08-10 13:45:00,0.3752453,0.4024685
2026-08-10 13:45:00,0.40965873,0.40022808
2026-08-10 14:00:00,0.36057433,0.38756746
2026-08-10 14:00:00,0.3752507,0.39180326
2026-08-10 14:00:00,0.40966296,0.39407432
2026-08-10 14:00:00,0.37680638,0.3912869
2026-08-10 14:15:00,0.37525725,0.38274962
2026-08-10 14:15:00,0.40966803,0.38588414
2026-08-10 14:15:00,0.37681085,0.38747942
2026-08-10 14:15:00,0.34150755,0.38420457
2026-08-10 14:30:00,0.4096742,0.3770185
2026-08-10 14:30:00,0.37681624,0.37901282
2026-08-10 14:30:00,0.34151235,0.37965468
2026-08-10 14:30:00,0.33641875,0.37568837
2026-08-10 14:45:00,0.37682277,0.37554407
2026-08-10 14:45:00,0.34151807,0.3768633
2026-08-10 14:45:00,0.33642355,0.37675193
2026-08-10 14:45:00,0.33898458,0.37233794
2026-08-10 15:00:00,0.341525,0.3736478
2026-08-10 15:00:00,0.33642933,0.3740803
2026-08-10 15:00:00,0.33898938,0.37295073
2026-08-10 15:00:00,0.33542222,0.36784202
2026-08-10 15:15:00,0.3364363,0.36982018
2026-08-10 15:15:00,0.3389951,0.3693071
2026-08-10 15:15:00,0.33542702,0.36725765
2026-08-10 15:15:00,0.33185983,0.36157453
2026-08-10 15:30:00,0.33900207,0.36420032
2026-08-10 15:30:00,0.33543283,0.36262584
2026-08-10 15:30:00,0.33186468,0.3595902
2026-08-10 15:30:00,0.32301512,0.35330778
2026-08-10 15:45:00,0.3354398,0.35788628
2026-08-10 15:45:00,0.3318705,0.3549465
2026-08-10 15:45:00,0.32302004,0.35048446
2026-08-10 15:45:00,0.3187357,0.34335363
2026-08-10 16:00:00,0.33187753,0.3526221
2026-08-10 16:00:00,0.32302594,0.34848505
2026-08-10 16:00:00,0.31874067,0.3428788
2026-08-10 16:00:00,0.31385314,0.3350866
2026-08-10 16:15:00,0.3230331,0.34711465
2026-08-10 16:15:00,0.3187466,0.34220803
2026-08-10 16:15:00,0.31385812,0.33622935
2026-08-10 16:15:00,0.30897057,0.32846272
2026-08-10 16:30:00,0.31875378,0.34120196
2026-08-10 16:30:00,0.3138641,0.33571061
2026-08-10 16:30:00,0.3089756,0.3296834
2026-08-10 16:30:00,0.304088,0.32226655
2026-08-10 16:45:00,0.31387135,0.33520204
2026-08-10 16:45:00,0.30898166,0.3292885
2026-08-10 16:45:00,0.3040931,0.3233697
2026-08-10 16:45:00,0.29920545,0.31641263
2026-08-10 17:00:00,0.30898893,0.32877627
2026-08-10 17:00:00,0.30409917,0.32260525
2026-08-10 17:00:00,0.29921055,0.3170087
2026-08-10 17:00:00,0.29174274,0.3106889
2026-08-10 17:15:00,0.3041065,0.3222272
2026-08-10 17:15:00,0.2992167,0.31603104
2026-08-10 17:15:00,0.2917479,0.31116924
2026-08-10 17:15:00,0.28766912,0.3057813
2026-08-10 17:30:00,0.29922408,0.31556427
2026-08-10 17:30:00,0.2917541,0.30948773
2026-08-10 17:30:00,0.2876743,0.30559865
2026-08-10 17:30:00,0.2855318,0.3012501
2026-08-10 17:45:00,0.29176158,0.30851457
2026-08-10 17:45:00,0.28768057,0.30277866
2026-08-10 17:45:00,0.28553703,0.30004132
2026-08-10 17:45:00,0.2833945,0.29670712
2026-08-10 18:00:00,0.28768808,0.30206725
2026-08-10 18:00:00,0.2855433,0.29711175
2026-08-10 18:00:00,0.28339973,0.2958166
2026-08-10 18:00:00,0.28319347,0.29360113
2026-08-10 18:15:00,0.28555083,0.29678658
2026-08-10 18:15:00,0.28340602,0.2929047
2026-08-10 18:15:00,0.2831987,0.29321665
2026-08-10 18:15:00,0.28299245,0.29220697
2026-08-10 18:30:00,0.28341356,0.29250357
2026-08-10 18:30:00,0.283205,0.28982
2026-08-10 18:30:00,0.2829977,0.29171193
2026-08-10 18:30:00,0.28299245,0.2918358
2026-08-10 18:45:00,0.28321257,0.28895178
2026-08-10 18:45:00,0.283004,0.28758532
2026-08-10 18:45:00,0.2829977,0.2909422
2026-08-10 18:45:00,0.28299245,0.2921383
2026-08-10 19:00:00,0.28301156,0.28619224
2026-08-10 19:00:00,0.283004,0.28612664
2026-08-10 19:00:00,0.2829977,0.29064274
2026-08-10 19:00:00,0.28299245,0.29262793
2026-08-10 19:15:00,0.28301156,0.28391072
2026-08-10 19:15:00,0.283004,0.2853215
2026-08-10 19:15:00,0.2829977,0.2908526
2026-08-10 19:15:00,0.28299245,0.29346043
2026-08-10 19:30:00,0.28301156,0.28254732
2026-08-10 19:30:00,0.283004,0.28458774
2026-08-10 19:30:00,0.2829977,0.29057556
2026-08-10 19:30:00,0.28299245,0.2931305
2026-08-10 19:45:00,0.28301156,0.28201288
2026-08-10 19:45:00,0.283004,0.28407365
2026-08-10 19:45:00,0.2829977,0.29005963
2026-08-10 19:45:00,0.28299245,0.2923331
2026-08-10 20:00:00,0.28301156,0.28183645
2026-08-10 20:00:00,0.283004,0.28377613
2026-08-10 20:00:00,0.2829977,0.2897282
2026-08-10 20:00:00,0.28299245,0.2917858
2026-08-10 20:15:00,0.28301156,0.28166085
2026-08-10 20:15:00,0.283004,0.28369027
2026-08-10 20:15:00,0.2829977,0.28966963
2026-08-10 20:15:00,0.28299245,0.29183596
2026-08-10 20:30:00,0.28301156,0.2814514
2026-08-10 20:30:00,0.283004,0.2836024
2026-08-10 20:30:00,0.2829977,0.28964633
2026-08-10 20:30:00,0.28299245,0.2918941
2026-08-10 20:45:00,0.28301156,0.28131995
2026-08-10 20:45:00,0.283004,0.28352514
2026-08-10 20:45:00,0.2829977,0.28959256
2026-08-10 20:45:00,0.28299245,0.29188973
2026-08-10 21:00:00,0.28301156,0.2812606
2026-08-10 21:00:00,0.283004,0.28348616
2026-08-10 21:00:00,0.2829977,0.2895805
2026-08-10 21:00:00,0.28299245,0.2919146
2026-08-10 21:15:00,0.28301156,0.2811862
2026-08-10 21:15:00,0.283004,0.28345838
2026-08-10 21:15:00,0.2829977,0.2896007
2026-08-10 21:15:00,0.28299245,0.29197693
2026-08-10 21:30:00,0.28301156,0.2811408
2026-08-10 21:30:00,0.283004,0.2834287
2026-08-10 21:30:00,0.2829977,0.2895909
2026-08-10 21:30:00,0.28299245,0.29197186
2026-08-10 21:45:00,0.28301156,0.2811401
2026-08-10 21:45:00,0.283004,0.2834129
2026-08-10 21:45:00,0.2829977,0.28957745
2026-08-10 21:45:00,0.28299245,0.2919563
2026-08-10 22:00:00,0.28301156,0.28112528
2026-08-10 22:00:00,0.283004,0.28339276
2026-08-10 22:00:00,0.2829977,0.28957185
2026-08-10 22:00:00,0.28299245,0.29195032
2026-08-10 22:15:00,0.28301156,0.28111917
2026-08-10 22:15:00,0.283004,0.2833602
2026-08-10 22:15:00,0.2829977,0.28953996
2026-08-10 22:15:00,0.28299245,0.29190314
2026-08-10 22:30:00,0.28301156,0.28113216
2026-08-10 22:30:00,0.283004,0.28333032
2026-08-10 22:30:00,0.2829977,0.28950274
2026-08-10 22:30:00,0.28299245,0.29184777
2026-08-10 22:45:00,0.28301156,0.28112966
2026-08-10 22:45:00,0.283004,0.28339395
2026-08-10 22:45:00,0.2829977,0.28958872
2026-08-10 22:45:00,0.28299245,0.29190618
2026-08-10 23:00:00,0.28301156,0.2811107
2026-08-10 23:00:00,0.283004,0.2835832
2026-08-10 23:00:00,0.2829977,0.28984472
2026-08-10 23:00:00,0.28299245,0.29213765
2026-08-10 23:15:00,0.28301156,0.2811387
2026-08-10 23:15:00,0.283004,0.2837705
2026-08-10 23:15:00,0.2829977,0.29007497
2026-08-10 23:15:00,0.28299245,0.29231095
2026-08-10 23:30:00,0.28301156,0.2812306
2026-08-10 23:30:00,0.283004,0.28397486
2026-08-10 23:30:00,0.2829977,0.29026946
2026-08-10 23:30:00,0.28299245,0.29247418
2026-08-10 23:45:00,0.28301156,0.2812467
2026-08-10 23:45:00,0.283004,0.28407
2026-08-10 23:45:00,0.2829977,0.29037517
2026-08-10 23:45:00,0.28299245,0.29260314
2026-08-11 00:00:00,0.28301156,0.2811992
2026-08-11 00:00:00,0.283004,0.28404456
2026-08-11 00:00:00,0.2829977,0.29034585
2026-08-11 00:00:00,0.28299245,0.2925394
2026-08-11 00:15:00,0.28301156,0.2811909
2026-08-11 00:15:00,0.283004,0.28394413
2026-08-11 00:15:00,0.2829977,0.29020178
2026-08-11 00:15:00,0.28299245,0.29228336
2026-08-11 00:30:00,0.28301156,0.28126183
2026-08-11 00:30:00,0.283004,0.28385037
2026-08-11 00:30:00,0.2829977,0.29005137
2026-08-11 00:30:00,0.28299245,0.29200995
2026-08-11 00:45:00,0.28301156,0.2813148
2026-08-11 00:45:00,0.283004,0.2836483
2026-08-11 00:45:00,0.2829977,0.28980654
2026-08-11 00:45:00,0.28299245,0.29171556
2026-08-11 01:00:00,0.28301156,0.28132102
2026-08-11 01:00:00,0.283004,0.2837797
2026-08-11 01:00:00,0.2829977,0.2899454
2026-08-11 01:00:00,0.28299245,0.29186368
2026-08-11 01:15:00,0.28301156,0.2812262
2026-08-11 01:15:00,0.283004,0.28394502
2026-08-11 01:15:00,0.2829977,0.29023147
2026-08-11 01:15:00,0.28299245,0.29219845
2026-08-11 01:30:00,0.28301156,0.28135076
2026-08-11 01:30:00,0.283004,0.28424272
2026-08-11 01:30:00,0.2829977,0.29051548
2026-08-11 01:30:00,0.28299245,0.29250765
2026-08-11 01:45:00,0.28301156,0.28143936
2026-08-11 01:45:00,0.283004,0.28444737
2026-08-11 01:45:00,0.2829977,0.29069006
2026-08-11 01:45:00,0.28299245,0.29269505
2026-08-11 02:00:00,0.28301156,0.28152564
2026-08-11 02:00:00,0.283004,0.28455785
2026-08-11 02:00:00,0.2829977,0.29078022
2026-08-11 02:00:00,0.28299245,0.2927999
2026-08-11 02:15:00,0.28301156,0.28152338
2026-08-11 02:15:00,0.283004,0.2845482
2026-08-11 02:15:00,0.2829977,0.29072887
2026-08-11 02:15:00,0.28299245,0.29268077
2026-08-11 02:30:00,0.28301156,0.28155538
2026-08-11 02:30:00,0.283004,0.2845246
2026-08-11 02:30:00,0.2829977,0.2906514
2026-08-11 02:30:00,0.28299245,0.29252535
2026-08-11 02:45:00,0.28301156,0.2815973
2026-08-11 02:45:00,0.283004,0.28448808
2026-08-11 02:45:00,0.2829977,0.29057297
2026-08-11 02:45:00,0.28299245,0.29237607
2026-08-11 03:00:00,0.28301156,0.28162903
2026-08-11 03:00:00,0.283004,0.2844589
2026-08-11 03:00:00,0.2829977,0.29051906
2026-08-11 03:00:00,0.28299245,0.29228473
2026-08-11 03:15:00,0.28301156,0.28166607
2026-08-11 03:15:00,0.283004,0.2844187
2026-08-11 03:15:00,0.2829977,0.29045093
2026-08-11 03:15:00,0.28299245,0.2921902
2026-08-11 03:30:00,0.28301156,0.28169718
2026-08-11 03:30:00,0.283004,0.2843813
2026-08-11 03:30:00,0.2829977,0.29039276
2026-08-11 03:30:00,0.28299245,0.2921252
2026-08-11 03:45:00,0.28301156,0.28171146
2026-08-11 03:45:00,0.283004,0.28434378
2026-08-11 03:45:00,0.2829977,0.29034626
2026-08-11 03:45:00,0.28299245,0.29208568
2026-08-11 04:00:00,0.28301156,0.28170893
2026-08-11 04:00:00,0.283004,0.28431192
2026-08-11 04:00:00,0.2829977,0.29031798
2026-08-11 04:00:00,0.28299245,0.29207587
2026-08-11 04:15:00,0.28301156,0.28173605
2026-08-11 04:15:00,0.283004,0.28392294
2026-08-11 04:15:00,0.2829977,0.2898682
2026-08-11 04:15:00,0.28299245,0.29158965
2026-08-11 04:30:00,0.28301156,0.2818083
2026-08-11 04:30:00,0.283004,0.28351372
2026-08-11 04:30:00,0.2829977,0.28936434
2026-08-11 04:30:00,0.28299245,0.29113728
2026-08-11 04:45:00,0.28301156,0.2815929
2026-08-11 04:45:00,0.283004,0.2833595
2026-08-11 04:45:00,0.2829977,0.28929764
2026-08-11 04:45:00,0.28299245,0.29117408
2026-08-11 05:00:00,0.28301156,0.28145063
2026-08-11 05:00:00,0.283004,0.28343835
2026-08-11 05:00:00,0.2829977,0.28950158
2026-08-11 05:00:00,0.28331167,0.29141447
2026-08-11 05:15:00,0.28301156,0.28152052
2026-08-11 05:15:00,0.283004,0.28367752
2026-08-11 05:15:00,0.2833169,0.28976026
2026-08-11 05:15:00,0.28360423,0.2916771
2026-08-11 05:30:00,0.28301156,0.2816977
2026-08-11 05:30:00,0.28332317,0.28378972
2026-08-11 05:30:00,0.28360948,0.2897782
2026-08-11 05:30:00,0.2864479,0.2916918
2026-08-11 05:45:00,0.28333074,0.28196144
2026-08-11 05:45:00,0.28361577,0.2838168
2026-08-11 05:45:00,0.28645313,0.28965315
2026-08-11 05:45:00,0.2871948,0.29155844
2026-08-11 06:00:00,0.28362334,0.28228268
2026-08-11 06:00:00,0.2864594,0.28382888
2026-08-11 06:00:00,0.28719997,0.28948063
2026-08-11 06:00:00,0.2887802,0.29133207
2026-08-11 06:15:00,0.2864669,0.282659
2026-08-11 06:15:00,0.28720623,0.28390485
2026-08-11 06:15:00,0.2887854,0.28941643
2026-08-11 06:15:00,0.29476094,0.2913015
2026-08-11 06:30:00,0.28721374,0.2840568
2026-08-11 06:30:00,0.28879166,0.28442597
2026-08-11 06:30:00,0.2947661,0.28945434
2026-08-11 06:30:00,0.30074167,0.2913596
2026-08-11 06:45:00,0.28879914,0.28827477
2026-08-11 06:45:00,0.29477227,0.28905988
2026-08-11 06:45:00,0.30074677,0.29447803
2026-08-11 06:45:00,0.30773205,0.29828146
2026-08-11 07:00:00,0.2947797,0.29698613
2026-08-11 07:00:00,0.30075288,0.30173007
2026-08-11 07:00:00,0.30773708,0.3102162
2026-08-11 07:00:00,0.31472242,0.31838572
2026-08-11 07:15:00,0.30076027,0.31284785
2026-08-11 07:15:00,0.30774313,0.32439822
2026-08-11 07:15:00,0.3147274,0.33779934
2026-08-11 07:15:00,0.33571815,0.3506905
2026-08-11 07:30:00,0.30775043,0.32318708
2026-08-11 07:30:00,0.3147334,0.33575755
2026-08-11 07:30:00,0.33572298,0.34904158
2026-08-11 07:30:00,0.34285566,0.3612395
2026-08-11 07:45:00,0.3147406,0.33232105
2026-08-11 07:45:00,0.33572876,0.34597877
2026-08-11 07:45:00,0.3428604,0.3598656
2026-08-11 07:45:00,0.3122995,0.3721969
2026-08-11 08:00:00,0.33573574,0.34291452
2026-08-11 08:00:00,0.34286612,0.35657087
2026-08-11 08:00:00,0.3123045,0.36989516
2026-08-11 08:00:00,0.3220063,0.3813187
2026-08-11 08:15:00,0.34287304,0.35084805
2026-08-11 08:15:00,0.31231052,0.36441702
2026-08-11 08:15:00,0.32201123,0.37741125
2026-08-11 08:15:00,0.40864444,0.3884015
2026-08-11 08:30:00,0.31231776,0.36077183
2026-08-11 08:30:00,0.32201713,0.37480333
2026-08-11 08:30:00,0.40864867,0.38808286
2026-08-11 08:30:00,0.41054344,0.39937353
2026-08-11 08:45:00,0.3220243,0.36413008
2026-08-11 08:45:00,0.40865374,0.3768373
2026-08-11 08:45:00,0.41054764,0.38854724
2026-08-11 08:45:00,0.41244242,0.39799514
2026-08-11 09:00:00,0.40865993,0.36483717
2026-08-11 09:00:00,0.4105527,0.37562454
2026-08-11 09:00:00,0.41244662,0.38537177
2026-08-11 09:00:00,0.34595215,0.39264652
2026-08-11 09:15:00,0.41055888,0.37245885
2026-08-11 09:15:00,0.41245168,0.3827282
2026-08-11 09:15:00,0.3459569,0.3921299
2026-08-11 09:15:00,0.34998202,0.3988862
2026-08-11 09:30:00,0.4124578,0.38115346
2026-08-11 09:30:00,0.34596258,0.39103115
2026-08-11 09:30:00,0.34998673,0.39987445
2026-08-11 09:30:00,0.340564,0.40589136
2026-08-11 09:45:00,0.34596944,0.39390808
2026-08-11 09:45:00,0.3499924,0.40408984
2026-08-11 09:45:00,0.34056878,0.412895
2026-08-11 09:45:00,0.3684422,0.4188532
2026-08-11 10:00:00,0.3499992,0.39861345
2026-08-11 10:00:00,0.3405745,0.40840858
2026-08-11 10:00:00,0.36844677,0.41633466
2026-08-11 10:00:00,0.3694329,0.42097515
2026-08-11 10:15:00,0.34058145,0.39820886
2026-08-11 10:15:00,0.36845222,0.4079545
2026-08-11 10:15:00,0.36943746,0.41563815
2026-08-11 10:15:00,0.3704236,0.41944915
2026-08-11 10:30:00,0.36845884,0.39334634
2026-08-11 10:30:00,0.3694429,0.40300068
2026-08-11 10:30:00,0.37042814,0.41064295
2026-08-11 10:30:00,0.36363775,0.41377455
2026-08-11 10:45:00,0.3694495,0.38939458
2026-08-11 10:45:00,0.37043357,0.39830732
2026-08-11 10:45:00,0.36364233,0.4054191
2026-08-11 10:45:00,0.34352085,0.40762472
2026-08-11 11:00:00,0.37044019,0.3895098
2026-08-11 11:00:00,0.36364785,0.39740887
2026-08-11 11:00:00,0.34352562,0.40376267
2026-08-11 11:00:00,0.40427715,0.40520093
2026-08-11 11:15:00,0.36365452,0.39148977
2026-08-11 11:15:00,0.3435313,0.39864135
2026-08-11 11:15:00,0.4042814,0.404509
2026-08-11 11:15:00,0.41506183,0.40556023
2026-08-11 11:30:00,0.34353822,0.39113873
2026-08-11 11:30:00,0.40428653,0.3974499
2026-08-11 11:30:00,0.41506603,0.40254125
2026-08-11 11:30:00,0.33705658,0.40287718
2026-08-11 11:45:00,0.40429273,0.3881728
2026-08-11 11:45:00,0.41507107,0.3938281
2026-08-11 11:45:00,0.3370614,0.3983357
2026-08-11 11:45:00,0.3447254,0.39807752
2026-08-11 12:00:00,0.41507715,0.39082146
2026-08-11 12:00:00,0.33706716,0.3963257
2026-08-11 12:00:00,0.34473014,0.40066463
2026-08-11 12:00:00,0.3634173,0.4003092
2026-08-11 12:15:00,0.33707413,0.39452815
2026-08-11 12:15:00,0.34473583,0.4000216
2026-08-11 12:15:00,0.36342192,0.4043126
2026-08-11 12:15:00,0.36292857,0.40397024
2026-08-11 12:30:00,0.34474272,0.39129755
2026-08-11 12:30:00,0.3634274,0.39596373
2026-08-11 12:30:00,0.3629332,0.39936507
2026-08-11 12:30:00,0.36243987,0.3981454
2026-08-11 12:45:00,0.36343408,0.38577926
2026-08-11 12:45:00,0.3629387,0.38928127
2026-08-11 12:45:00,0.36244446,0.39152312
2026-08-11 12:45:00,0.42872322,0.38921386
2026-08-11 13:00:00,0.36294538,0.3811412
2026-08-11 13:00:00,0.36245,0.38357568
2026-08-11 13:00:00,0.42872727,0.38489828
2026-08-11 13:00:00,0.4950066,0.38182914
2026-08-11 13:15:00,0.36245668,0.38148916
2026-08-11 13:15:00,0.4287322,0.38368285
2026-08-11 13:15:00,0.4950101,0.3848872
2026-08-11 13:15:00,0.43496838,0.3818577
2026-08-11 13:30:00,0.42873812,0.38120982
2026-08-11 13:30:00,0.49501437,0.38302043
2026-08-11 13:30:00,0.4349724,0.38377047
2026-08-11 13:30:00,0.37493017,0.38036913
2026-08-11 13:45:00,0.49501956,0.38830844
2026-08-11 13:45:00,0.43497723,0.3908704
2026-08-11 13:45:00,0.37493467,0.3920319
2026-08-11 13:45:00,0.35572731,0.3890488
2026-08-11 14:00:00,0.4349831,0.4006257
2026-08-11 14:00:00,0.37494007,0.40424752
2026-08-11 14:00:00,0.35573196,0.4058513
2026-08-11 14:00:00,0.34187147,0.40329728
2026-08-11 14:15:00,0.37494662,0.40518537
2026-08-11 14:15:00,0.35573757,0.4093073
2026-08-11 14:15:00,0.34187624,0.41096333
2026-08-11 14:15:00,0.32801563,0.4084037
2026-08-11 14:30:00,0.35574433,0.4014299
2026-08-11 14:30:00,0.34188196,0.40551984
2026-08-11 14:30:00,0.3280205,0.40684843
2026-08-11 14:30:00,0.31950682,0.4038478
2026-08-11 14:45:00,0.34188887,0.39127994
2026-08-11 14:45:00,0.32802638,0.39443505
2026-08-11 14:45:00,0.31951177,0.39475822
2026-08-11 14:45:00,0.31176665,0.39071462
2026-08-11 15:00:00,0.32803345,0.37414256
2026-08-11 15:00:00,0.3195177,0.37474272
2026-08-11 15:00:00,0.31177166,0.37293828
2026-08-11 15:00:00,0.31340313,0.36714074
2026-08-11 15:15:00,0.31952485,0.3610258
2026-08-11 15:15:00,0.31177768,0.3588538
2026-08-11 15:15:00,0.31340814,0.35468456
2026-08-11 15:15:00,0.30230787,0.34733817
2026-08-11 15:30:00,0.31178492,0.35024208
2026-08-11 15:30:00,0.31341413,0.34578872
2026-08-11 15:30:00,0.30231297,0.33969754
2026-08-11 15:30:00,0.29925662,0.33133832
2026-08-11 15:45:00,0.31342137,0.34348935
2026-08-11 15:45:00,0.30231905,0.33809152
2026-08-11 15:45:00,0.29926175,0.33159962
2026-08-11 15:45:00,0.29760695,0.32344806
2026-08-11 16:00:00,0.3023264,0.33732843
2026-08-11 16:00:00,0.29926786,0.33154088
2026-08-11 16:00:00,0.29761207,0.3252882
2026-08-11 16:00:00,0.29657838,0.31780002
2026-08-11 16:15:00,0.29927525,0.33195528
2026-08-11 16:15:00,0.2976182,0.32617477
2026-08-11 16:15:00,0.29658353,0.32043636
2026-08-11 16:15:00,0.29440147,0.3136813
2026-08-11 16:30:00,0.29762563,0.3269259
2026-08-11 16:30:00,0.29658967,0.32126594
2026-08-11 16:30:00,0.29440662,0.31607255
2026-08-11 16:30:00,0.29296216,0.3100387
2026-08-11 16:45:00,0.2965971,0.31862634
2026-08-11 16:45:00,0.2944128,0.31328332
2026-08-11 16:45:00,0.29296735,0.3090178
2026-08-11 16:45:00,0.29042938,0.3039903
2026-08-11 17:00:00,0.29442024,0.31077543
2026-08-11 17:00:00,0.29297352,0.30601993
2026-08-11 17:00:00,0.29043457,0.30298305
2026-08-11 17:00:00,0.2887439,0.29916582
2026-08-11 17:15:00,0.292981,0.30323356
2026-08-11 17:15:00,0.2904408,0.29944345
2026-08-11 17:15:00,0.2887491,0.29811943
2026-08-11 17:15:00,0.28676772,0.29574493
2026-08-11 17:30:00,0.29044828,0.29789934
2026-08-11 17:30:00,0.28875533,0.29510692
2026-08-11 17:30:00,0.28677294,0.29541355
2026-08-11 17:30:00,0.28547978,0.2943033
2026-08-11 17:45:00,0.28876284,0.29433358
2026-08-11 17:45:00,0.2867792,0.29234198
2026-08-11 17:45:00,0.285485,0.2938736
2026-08-11 17:45:00,0.28419185,0.29370496
2026-08-11 18:00:00,0.2867867,0.29159218
2026-08-11 18:00:00,0.2854913,0.2904623
2026-08-11 18:00:00,0.2841971,0.293102
2026-08-11 18:00:00,0.28359216,0.2937163
2026-08-11 18:15:00,0.28549883,0.2892368
2026-08-11 18:15:00,0.28420335,0.28899714
2026-08-11 18:15:00,0.28359738,0.2926347
2026-08-11 18:15:00,0.28299245,0.293972
2026-08-11 18:30:00,0.28421092,0.28744686
2026-08-11 18:30:00,0.28360367,0.2875768
2026-08-11 18:30:00,0.2829977,0.29177833
2026-08-11 18:30:00,0.28299245,0.29341853
2026-08-11 18:45:00,0.28361124,0.2861415
2026-08-11 18:45:00,0.283004,0.28640956
2026-08-11 18:45:00,0.2829977,0.29094464
2026-08-11 18:45:00,0.28299245,0.29273903
2026-08-11 19:00:00,0.28301156,0.2845313
2026-08-11 19:00:00,0.283004,0.28564468
2026-08-11 19:00:00,0.2829977,0.29084092
2026-08-11 19:00:00,0.28299245,0.2929791
2026-08-11 19:15:00,0.28301156,0.28295237
2026-08-11 19:15:00,0.283004,0.28541678
2026-08-11 19:15:00,0.2829977,0.29145774
2026-08-11 19:15:00,0.28299245,0.29400623
2026-08-11 19:30:00,0.28301156,0.2822344
2026-08-11 19:30:00,0.283004,0.2853949
2026-08-11 19:30:00,0.2829977,0.29175812
2026-08-11 19:30:00,0.28299245,0.29428586
2026-08-11 19:45:00,0.28301156,0.28210798
2026-08-11 19:45:00,0.283004,0.28550437
2026-08-11 19:45:00,0.2829977,0.29181913
2026-08-11 19:45:00,0.28299245,0.2942512
2026-08-11 20:00:00,0.28301156,0.28194493
2026-08-11 20:00:00,0.283004,0.2854166
2026-08-11 20:00:00,0.2829977,0.29164863
2026-08-11 20:00:00,0.28299245,0.29386905
2026-08-11 20:15:00,0.28301156,0.281777
2026-08-11 20:15:00,0.283004,0.28534278
2026-08-11 20:15:00,0.2829977,0.2915332
2026-08-11 20:15:00,0.28299245,0.29357108
2026-08-11 20:30:00,0.28301156,0.2817761
2026-08-11 20:30:00,0.283004,0.28538454
2026-08-11 20:30:00,0.2829977,0.29150224
2026-08-11 20:30:00,0.28299245,0.29343262
2026-08-11 20:45:00,0.28301156,0.28175122
2026-08-11 20:45:00,0.283004,0.28540602
2026-08-11 20:45:00,0.2829977,0.29148313
2026-08-11 20:45:00,0.28299245,0.29335737
2026-08-11 21:00:00,0.28301156,0.2817131
2026-08-11 21:00:00,0.283004,0.285405
2026-08-11 21:00:00,0.2829977,0.2914809
2026-08-11 21:00:00,0.28299245,0.29332313
2026-08-11 21:15:00,0.28301156,0.2816925
2026-08-11 21:15:00,0.283004,0.28508475
2026-08-11 21:15:00,0.2829977,0.29108405
2026-08-11 21:15:00,0.28299245,0.29278934
2026-08-11 21:30:00,0.28301156,0.28173962
2026-08-11 21:30:00,0.283004,0.28467822
2026-08-11 21:30:00,0.2829977,0.29053503
2026-08-11 21:30:00,0.28299245,0.2920842
2026-08-11 21:45:00,0.28301156,0.2815626
2026-08-11 21:45:00,0.283004,0.2845237
2026-08-11 21:45:00,0.2829977,0.29047698
2026-08-11 21:45:00,0.28299245,0.2920739
2026-08-11 22:00:00,0.28301156,0.28137332
2026-08-11 22:00:00,0.283004,0.28454477
2026-08-11 22:00:00,0.2829977,0.29070336
2026-08-11 22:00:00,0.28299245,0.29237834
2026-08-11 22:15:00,0.28301156,0.2814801
2026-08-11 22:15:00,0.283004,0.28480592
2026-08-11 22:15:00,0.2829977,0.2909655
2026-08-11 22:15:00,0.28299245,0.29268676
2026-08-11 22:30:00,0.28301156,0.28166014
2026-08-11 22:30:00,0.283004,0.28508484
2026-08-11 22:30:00,0.2829977,0.2912264
2026-08-11 22:30:00,0.28299245,0.2930651
2026-08-11 22:45:00,0.28301156,0.28168017
2026-08-11 22:45:00,0.283004,0.2851893
2026-08-11 22:45:00,0.2829977,0.29136926
2026-08-11 22:45:00,0.28299245,0.29329684
2026-08-11 23:00:00,0.28301156,0.2815989
2026-08-11 23:00:00,0.283004,0.28519544
2026-08-11 23:00:00,0.2829977,0.29139307
2026-08-11 23:00:00,0.28299245,0.29332983
2026-08-11 23:15:00,0.28301156,0.28157
2026-08-11 23:15:00,0.283004,0.28485945
2026-08-11 23:15:00,0.2829977,0.2909633
2026-08-11 23:15:00,0.28299245,0.29275656
2026-08-11 23:30:00,0.28301156,0.28163072
2026-08-11 23:30:00,0.283004,0.28442574
2026-08-11 23:30:00,0.2829977,0.2903727
2026-08-11 23:30:00,0.28299245,0.29198864
2026-08-11 23:45:00,0.28301156,0.2814683
2026-08-11 23:45:00,0.283004,0.2841616
2026-08-11 23:45:00,0.2829977,0.29018483
2026-08-11 23:45:00,0.28299245,0.2918182
2026-08-12 00:00:00,0.28301156,0.28130135
2026-08-12 00:00:00,0.283004,0.28409898
2026-08-12 00:00:00,0.2829977,0.2902727
2026-08-12 00:00:00,0.28299245,0.29196668
2026-08-12 00:15:00,0.28301156,0.28134713
2026-08-12 00:15:00,0.283004,0.28417885
2026-08-12 00:15:00,0.2829977,0.2903623
2026-08-12 00:15:00,0.28299245,0.29202962
2026-08-12 00:30:00,0.28301156,0.2815258
2026-08-12 00:30:00,0.283004,0.2843718
2026-08-12 00:30:00,0.2829977,0.29052186
2026-08-12 00:30:00,0.28299245,0.29228544
2026-08-12 00:45:00,0.28301156,0.28155628
2026-08-12 00:45:00,0.283004,0.28445962
2026-08-12 00:45:00,0.2829977,0.29063818
2026-08-12 00:45:00,0.28299245,0.2925086
2026-08-12 01:00:00,0.28301156,0.28148085
2026-08-12 01:00:00,0.283004,0.28449973
2026-08-12 01:00:00,0.2829977,0.2907079
2026-08-12 01:00:00,0.28299245,0.29261473
2026-08-12 01:15:00,0.28301156,0.28148302
2026-08-12 01:15:00,0.283004,0.28456137
2026-08-12 01:15:00,0.2829977,0.29075822
2026-08-12 01:15:00,0.28299245,0.29264024
2026-08-12 01:30:00,0.28301156,0.2815461
2026-08-12 01:30:00,0.283004,0.28428182
2026-08-12 01:30:00,0.2829977,0.2903903
2026-08-12 01:30:00,0.28299245,0.2921738
2026-08-12 01:45:00,0.28301156,0.28163502
2026-08-12 01:45:00,0.283004,0.2843489
2026-08-12 01:45:00,0.2829977,0.29037145
2026-08-12 01:45:00,0.28299245,0.29211715
2026-08-12 02:00:00,0.28301156,0.281433
2026-08-12 02:00:00,0.283004,0.28435966
2026-08-12 02:00:00,0.2829977,0.29056513
2026-08-12 02:00:00,0.28299245,0.2923721
2026-08-12 02:15:00,0.28301156,0.2815241
2026-08-12 02:15:00,0.283004,0.28460804
2026-08-12 02:15:00,0.2829977,0.29080552
2026-08-12 02:15:00,0.28299245,0.29265618
2026-08-12 02:30:00,0.28301156,0.2815977
2026-08-12 02:30:00,0.283004,0.2847946
2026-08-12 02:30:00,0.2829977,0.29095605
2026-08-12 02:30:00,0.28299245,0.2928314
2026-08-12 02:45:00,0.28301156,0.28170326
2026-08-12 02:45:00,0.283004,0.28489962
2026-08-12 02:45:00,0.2829977,0.29103822
2026-08-12 02:45:00,0.28299245,0.2929354
2026-08-12 03:00:00,0.28301156,0.28167737
2026-08-12 03:00:00,0.283004,0.28491822
2026-08-12 03:00:00,0.2829977,0.29104942
2026-08-12 03:00:00,0.28299245,0.2929261
2026-08-12 03:15:00,0.28301156,0.2817335
2026-08-12 03:15:00,0.283004,0.28453287
2026-08-12 03:15:00,0.2829977,0.29053372
2026-08-12 03:15:00,0.28299245,0.29225108
2026-08-12 03:30:00,0.28301156,0.28188592
2026-08-12 03:30:00,0.283004,0.28404912
2026-08-12 03:30:00,0.2829977,0.28985026
2026-08-12 03:30:00,0.28299245,0.29142535
2026-08-12 03:45:00,0.28301156,0.28166023
2026-08-12 03:45:00,0.283004,0.28381523
2026-08-12 03:45:00,0.2829977,0.28972104
2026-08-12 03:45:00,0.28299245,0.2913524
2026-08-12 04:00:00,0.28301156,0.28144968
2026-08-12 04:00:00,0.283004,0.28389567
2026-08-12 04:00:00,0.2829977,0.2899974
2026-08-12 04:00:00,0.28299245,0.2917048
2026-08-12 04:15:00,0.28301156,0.28153545
2026-08-12 04:15:00,0.283004,0.28423098
2026-08-12 04:15:00,0.2829977,0.2903624
2026-08-12 04:15:00,0.28299245,0.29214633
2026-08-12 04:30:00,0.28301156,0.2823181
2026-08-12 04:30:00,0.283004,0.28513148
2026-08-12 04:30:00,0.2829977,0.29087824
2026-08-12 04:30:00,0.28299245,0.29219073
2026-08-12 04:45:00,0.28301156,0.2835337
2026-08-12 04:45:00,0.283004,0.28561848
2026-08-12 04:45:00,0.2829977,0.29054406
2026-08-12 04:45:00,0.28299245,0.29123494
2026-08-12 05:00:00,0.28301156,0.2837087
2026-08-12 05:00:00,0.283004,0.2849904
2026-08-12 05:00:00,0.2829977,0.2893508
2026-08-12 05:00:00,0.28299245,0.28972438
2026-08-12 05:15:00,0.28301156,0.28327072
2026-08-12 05:15:00,0.283004,0.28389347
2026-08-12 05:15:00,0.2829977,0.28842488
2026-08-12 05:15:00,0.28362575,0.28897825
2026-08-12 05:30:00,0.28301156,0.28345233
2026-08-12 05:30:00,0.283004,0.28354087
2026-08-12 05:30:00,0.283631,0.28804776
2026-08-12 05:30:00,0.28472027,0.2888208
2026-08-12 05:45:00,0.28301156,0.2841462
2026-08-12 05:45:00,0.2836373,0.28373942
2026-08-12 05:45:00,0.2847255,0.28823727
2026-08-12 05:45:00,0.28723451,0.28949237
2026-08-12 06:00:00,0.28364483,0.28536564
2026-08-12 06:00:00,0.28473178,0.28502336
2026-08-12 06:00:00,0.28723973,0.2900083
2026-08-12 06:00:00,0.2881818,0.29241884
2026-08-12 06:15:00,0.28473932,0.28727365
2026-08-12 06:15:00,0.28724596,0.2878967
2026-08-12 06:15:00,0.28818703,0.2939942
2026-08-12 06:15:00,0.2950542,0.29809046
2026-08-12 06:30:00,0.2872535,0.2962423
2026-08-12 06:30:00,0.28819326,0.3029355
2026-08-12 06:30:00,0.29505935,0.31520754
2026-08-12 06:30:00,0.30192658,0.32629243
2026-08-12 06:45:00,0.28820077,0.31896234
2026-08-12 06:45:00,0.29506552,0.33397862
2026-08-12 06:45:00,0.30193168,0.35419998
2026-08-12 06:45:00,0.3040728,0.37254968
2026-08-12 07:00:00,0.29507297,0.33835253
2026-08-12 07:00:00,0.3019378,0.35739803
2026-08-12 07:00:00,0.30407786,0.3810179
2026-08-12 07:00:00,0.30216932,0.40166014
2026-08-12 07:15:00,0.30194515,0.35379332
2026-08-12 07:15:00,0.30408394,0.37495935
2026-08-12 07:15:00,0.30217442,0.39999697
2026-08-12 07:15:00,0.30189392,0.42127502
2026-08-12 07:30:00,0.30409127,0.36379394
2026-08-12 07:30:00,0.30218053,0.38572025
2026-08-12 07:30:00,0.30189902,0.41078287
2026-08-12 07:30:00,0.29997972,0.4318277
2026-08-12 07:45:00,0.30218786,0.37327003
2026-08-12 07:45:00,0.30190513,0.39572835
2026-08-12 07:45:00,0.29998484,0.42097104
2026-08-12 07:45:00,0.30193356,0.44225684
2026-08-12 08:00:00,0.3019125,0.3751752
2026-08-12 08:00:00,0.29999095,0.39581096
2026-08-12 08:00:00,0.30193865,0.41614777
2026-08-12 08:00:00,0.31273723,0.43312234
2026-08-12 08:15:00,0.29999834,0.37811187
2026-08-12 08:15:00,0.30194476,0.39783725
2026-08-12 08:15:00,0.31274223,0.41619098
2026-08-12 08:15:00,0.32354087,0.43190312
2026-08-12 08:30:00,0.30195212,0.37110883
2026-08-12 08:30:00,0.31274822,0.38880777
2026-08-12 08:30:00,0.32354578,0.4053904
2026-08-12 08:30:00,0.32879204,0.41869733
2026-08-12 08:45:00,0.31275547,0.3700168
2026-08-12 08:45:00,0.32355168,0.3854731
2026-08-12 08:45:00,0.32879692,0.3995818
2026-08-12 08:45:00,0.3340432,0.41032147
2026-08-12 09:00:00,0.3235588,0.36487758
2026-08-12 09:00:00,0.32880276,0.3762039
2026-08-12 09:00:00,0.33404803,0.38595915
2026-08-12 09:00:00,0.3460384,0.39238176
2026-08-12 09:15:00,0.32880983,0.3624182
2026-08-12 09:15:00,0.33405384,0.3712662
2026-08-12 09:15:00,0.3460431,0.37911028
2026-08-12 09:15:00,0.36169374,0.38363093
2026-08-12 09:30:00,0.33406085,0.3641601
2026-08-12 09:30:00,0.3460488,0.37199306
2026-08-12 09:30:00,0.36169833,0.3792714
2026-08-12 09:30:00,0.3565728,0.38291335
2026-08-12 09:45:00,0.3460557,0.3674826
2026-08-12 09:45:00,0.36170387,0.3748489
2026-08-12 09:45:00,0.35657746,0.38182268
2026-08-12 09:45:00,0.32929036,0.3848523
2026-08-12 10:00:00,0.36171055,0.37251678
2026-08-12 10:00:00,0.35658306,0.37967357
2026-08-12 10:00:00,0.32929522,0.38644254
2026-08-12 10:00:00,0.34330028,0.3890161
2026-08-12 10:15:00,0.3565898,0.3782897
2026-08-12 10:15:00,0.32930106,0.38557598
2026-08-12 10:15:00,0.34330505,0.39241695
2026-08-12 10:15:00,0.36579305,0.39486364
2026-08-12 10:30:00,0.32930812,0.38085863
2026-08-12 10:30:00,0.34331074,0.38806486
2026-08-12 10:30:00,0.36579764,0.39474398
2026-08-12 10:30:00,0.36680752,0.39681217
2026-08-12 10:45:00,0.34331763,0.38270453
2026-08-12 10:45:00,0.36580312,0.3898962
2026-08-12 10:45:00,0.3668121,0.39645392
2026-08-12 10:45:00,0.33698586,0.39825884
2026-08-12 11:00:00,0.36580977,0.38503864
2026-08-12 11:00:00,0.3668176,0.39236027
2026-08-12 11:00:00,0.33699065,0.39896187
2026-08-12 11:00:00,0.32761687,0.40064135
2026-08-12 11:15:00,0.3668242,0.38841376
2026-08-12 11:15:00,0.33699644,0.39593494
2026-08-12 11:15:00,0.32762176,0.4026707
2026-08-12 11:15:00,0.33113903,0.40442935
2026-08-12 11:30:00,0.3370034,0.39032677
2026-08-12 11:30:00,0.3276276,0.39792144
2026-08-12 11:30:00,0.3311439,0.40458122
2026-08-12 11:30:00,0.3490175,0.40618688
2026-08-12 11:45:00,0.3276347,0.38921058
2026-08-12 11:45:00,0.33114973,0.39647585
2026-08-12 11:45:00,0.3490222,0.40274936
2026-08-12 11:45:00,0.36689594,0.40390795
2026-08-12 12:00:00,0.33115676,0.38428158
2026-08-12 12:00:00,0.34902787,0.39053583
2026-08-12 12:00:00,0.3669005,0.39597195
2026-08-12 12:00:00,0.3329454,0.3962123
2026-08-12 12:15:00,0.3490347,0.37979603
2026-08-12 12:15:00,0.366906,0.38493612
2026-08-12 12:15:00,0.33295026,0.38952425
2026-08-12 12:15:00,0.33972397,0.38898215
2026-08-12 12:30:00,0.36691263,0.37696332
2026-08-12 12:30:00,0.33295608,0.3809374
2026-08-12 12:30:00,0.33972874,0.38446355
2026-08-12 12:30:00,0.33072868,0.38303152
2026-08-12 12:45:00,0.33296308,0.3805123
2026-08-12 12:45:00,0.3397345,0.38449457
2026-08-12 12:45:00,0.33073354,0.38792858
2026-08-12 12:45:00,0.33102265,0.38658917
2026-08-12 13:00:00,0.33974144,0.3824542
2026-08-12 13:00:00,0.33073938,0.38653815
2026-08-12 13:00:00,0.3310275,0.38999438
2026-08-12 13:00:00,0.3313166,0.38871408
2026-08-12 13:15:00,0.3307464,0.38162392
2026-08-12 13:15:00,0.33103332,0.38575846
2026-08-12 13:15:00,0.33132145,0.38931957
2026-08-12 13:15:00,0.33078137,0.38805166
2026-08-12 13:30:00,0.33104035,0.37734884
2026-08-12 13:30:00,0.33132726,0.38112187
2026-08-12 13:30:00,0.33078623,0.38438466
2026-08-12 13:30:00,0.3470806,0.38269383
2026-08-12 13:45:00,0.3313343,0.36855745
2026-08-12 13:45:00,0.33079207,0.3708042
2026-08-12 13:45:00,0.3470853,0.3726042
2026-08-12 13:45:00,0.38529852,0.36962897
2026-08-12 14:00:00,0.3307991,0.3625018
2026-08-12 14:00:00,0.347091,0.36311123
2026-08-12 14:00:00,0.38530293,0.36323252
2026-08-12 14:00:00,0.36897987,0.35910583
2026-08-12 14:15:00,0.34709784,0.35740075
2026-08-12 14:15:00,0.38530824,0.35668504
2026-08-12 14:15:00,0.36898443,0.3555248
2026-08-12 14:15:00,0.35266125,0.35069275
2026-08-12 14:30:00,0.38531467,0.35348785
2026-08-12 14:30:00,0.36898988,0.35165474
2026-08-12 14:30:00,0.35266593,0.3492884
2026-08-12 14:30:00,0.34267026,0.34376365
2026-08-12 14:45:00,0.3689965,0.352318
2026-08-12 14:45:00,0.35267156,0.34981897
2026-08-12 14:45:00,0.34267503,0.34662378
2026-08-12 14:45:00,0.33599672,0.3406442
2026-08-12 15:00:00,0.35267836,0.35223687
2026-08-12 15:00:00,0.34268075,0.3493337
2026-08-12 15:00:00,0.33600152,0.34556884
2026-08-12 15:00:00,0.32820278,0.3392926
2026-08-12 15:15:00,0.34268764,0.35094646
2026-08-12 15:15:00,0.3360073,0.34766817
2026-08-12 15:15:00,0.32820764,0.34348163
2026-08-12 15:15:00,0.3273922,0.3370305
2026-08-12 15:30:00,0.3360143,0.34777838
2026-08-12 15:30:00,0.3282135,0.3439191
2026-08-12 15:30:00,0.32739708,0.33911473
2026-08-12 15:30:00,0.3265816,0.33234537
2026-08-12 15:45:00,0.32822058,0.34573886
2026-08-12 15:45:00,0.32740292,0.34146142
2026-08-12 15:45:00,0.32658648,0.33616823
2026-08-12 15:45:00,0.33251774,0.32914522
2026-08-12 16:00:00,0.32741,0.34242338
2026-08-12 16:00:00,0.32659236,0.3375672
2026-08-12 16:00:00,0.3325226,0.33183888
2026-08-12 16:00:00,0.3061067,0.32461286
2026-08-12 16:15:00,0.32659945,0.33818108
2026-08-12 16:15:00,0.3325284,0.33285192
2026-08-12 16:15:00,0.30611172,0.326961
2026-08-12 16:15:00,0.29977402,0.3198569
2026-08-12 16:30:00,0.33253542,0.3339435
2026-08-12 16:30:00,0.3061178,0.32830018
2026-08-12 16:30:00,0.29977915,0.32246634
2026-08-12 16:30:00,0.29610428,0.3156929
2026-08-12 16:45:00,0.3061251,0.32706037
2026-08-12 16:45:00,0.29978526,0.3211293
2026-08-12 16:45:00,0.29610944,0.315549
2026-08-12 16:45:00,0.29143423,0.30925256
2026-08-12 17:00:00,0.29979265,0.3196435
2026-08-12 17:00:00,0.29611558,0.31366086
2026-08-12 17:00:00,0.2914394,0.30869764
2026-08-12 17:00:00,0.287973,0.30321646
2026-08-12 17:15:00,0.29612303,0.3104903
2026-08-12 17:15:00,0.2914456,0.30494243
2026-08-12 17:15:00,0.28797817,0.30139333
2026-08-12 17:15:00,0.287326,0.2972299
2026-08-12 17:30:00,0.2914531,0.30359164
2026-08-12 17:30:00,0.28798443,0.29883352
2026-08-12 17:30:00,0.28733122,0.29696643
2026-08-12 17:30:00,0.28515923,0.29420945
2026-08-12 17:45:00,0.28799194,0.29878548
2026-08-12 17:45:00,0.28733748,0.29484954
2026-08-12 17:45:00,0.28516448,0.29442948
2026-08-12 17:45:00,0.28299245,0.29282084
2026-08-12 18:00:00,0.287345,0.29518434
2026-08-12 18:00:00,0.28517073,0.29204664
2026-08-12 18:00:00,0.2829977,0.29287177
2026-08-12 18:00:00,0.28299245,0.29219282
2026-08-12 18:15:00,0.28517827,0.29218692
2026-08-12 18:15:00,0.283004,0.28987342
2026-08-12 18:15:00,0.2829977,0.29182777
2026-08-12 18:15:00,0.28299245,0.29200724
2026-08-12 18:30:00,0.28301156,0.2895948
2026-08-12 18:30:00,0.283004,0.28795558
2026-08-12 18:30:00,0.2829977,0.29091015
2026-08-12 18:30:00,0.28299245,0.29177064
2026-08-12 18:45:00,0.28301156,0.2873203
2026-08-12 18:45:00,0.283004,0.28645355
2026-08-12 18:45:00,0.2829977,0.29036188
2026-08-12 18:45:00,0.28299245,0.29183364
2026-08-12 19:00:00,0.28301156,0.28517592
2026-08-12 19:00:00,0.283004,0.28532234
2026-08-12 19:00:00,0.2829977,0.29016125
2026-08-12 19:00:00,0.28299245,0.29217824
2026-08-12 19:15:00,0.28301156,0.28324127
2026-08-12 19:15:00,0.283004,0.28472307
2026-08-12 19:15:00,0.2829977,0.29043293
2026-08-12 19:15:00,0.28299245,0.29292613
2026-08-12 19:30:00,0.28301156,0.28211838
2026-08-12 19:30:00,0.283004,0.284124
2026-08-12 19:30:00,0.2829977,0.29021817
2026-08-12 19:30:00,0.28299245,0.29260895
2026-08-12 19:45:00,0.28301156,0.28178373
2026-08-12 19:45:00,0.283004,0.28371647
2026-08-12 19:45:00,0.2829977,0.28975034
2026-08-12 19:45:00,0.28299245,0.2918789
2026-08-12 20:00:00,0.28301156,0.2817585
2026-08-12 20:00:00,0.283004,0.28348702
2026-08-12 20:00:00,0.2829977,0.2894531
2026-08-12 20:00:00,0.28299245,0.29142067
2026-08-12 20:15:00,0.28301156,0.2816109
2026-08-12 20:15:00,0.283004,0.28344548
2026-08-12 20:15:00,0.2829977,0.28946742
2026-08-12 20:15:00,0.28299245,0.2915886
2026-08-12 20:30:00,0.28301156,0.2813747
2026-08-12 20:30:00,0.283004,0.2833989
2026-08-12 20:30:00,0.2829977,0.2895188
2026-08-12 20:30:00,0.28299245,0.29177314
2026-08-12 20:45:00,0.28301156,0.2812164
2026-08-12 20:45:00,0.283004,0.2833533
2026-08-12 20:45:00,0.2829977,0.2895118
2026-08-12 20:45:00,0.28299245,0.29183033
2026-08-12 21:00:00,0.28301156,0.28115818
2026-08-12 21:00:00,0.283004,0.2833086
2026-08-12 21:00:00,0.2829977,0.28948608
2026-08-12 21:00:00,0.28299245,0.2918053
2026-08-12 21:15:00,0.28301156,0.2811316
2026-08-12 21:15:00,0.283004,0.28327307
2026-08-12 21:15:00,0.2829977,0.28947052
2026-08-12 21:15:00,0.28299245,0.2917875
2026-08-12 21:30:00,0.28301156,0.28111756
2026-08-12 21:30:00,0.283004,0.28325194
2026-08-12 21:30:00,0.2829977,0.28946316
2026-08-12 21:30:00,0.28299245,0.2917765
2026-08-12 21:45:00,0.28301156,0.281108
2026-08-12 21:45:00,0.283004,0.28316903
2026-08-12 21:45:00,0.2829977,0.28937155
2026-08-12 21:45:00,0.28299245,0.29159594
2026-08-12 22:00:00,0.28301156,0.28123716
2026-08-12 22:00:00,0.283004,0.28312138
2026-08-12 22:00:00,0.2829977,0.28924292
2026-08-12 22:00:00,0.28299245,0.2913783
2026-08-12 22:15:00,0.28301156,0.2812835
2026-08-12 22:15:00,0.283004,0.2831846
2026-08-12 22:15:00,0.2829977,0.28933012
2026-08-12 22:15:00,0.28299245,0.29156274
2026-08-12 22:30:00,0.28301156,0.28114983
2026-08-12 22:30:00,0.283004,0.28325245
2026-08-12 22:30:00,0.2829977,0.28948042
2026-08-12 22:30:00,0.28299245,0.29186952
2026-08-12 22:45:00,0.28301156,0.28103712
2026-08-12 22:45:00,0.283004,0.28331843
2026-08-12 22:45:00,0.2829977,0.28957212
2026-08-12 22:45:00,0.28299245,0.29207253
2026-08-12 23:00:00,0.28301156,0.2809915
2026-08-12 23:00:00,0.283004,0.28331035
2026-08-12 23:00:00,0.2829977,0.28955287
2026-08-12 23:00:00,0.28299245,0.29204497
2026-08-12 23:15:00,0.28301156,0.28100532
2026-08-12 23:15:00,0.283004,0.28326336
2026-08-12 23:15:00,0.2829977,0.28948987
2026-08-12 23:15:00,0.28299245,0.29192895
2026-08-12 23:30:00,0.28301156,0.2810422
2026-08-12 23:30:00,0.283004,0.28321725
2026-08-12 23:30:00,0.2829977,0.28943428
2026-08-12 23:30:00,0.28299245,0.2918201
2026-08-12 23:45:00,0.28301156,0.28107744
2026-08-12 23:45:00,0.283004,0.2831946
2026-08-12 23:45:00,0.2829977,0.28940454
2026-08-12 23:45:00,0.28299245,0.29176515
2026-08-13 00:00:00,0.28301156,0.2810851
2026-08-13 00:00:00,0.283004,0.2831902
2026-08-13 00:00:00,0.2829977,0.28940773
2026-08-13 00:00:00,0.28299245,0.29175943
2026-08-13 00:15:00,0.28301156,0.28110796
2026-08-13 00:15:00,0.283004,0.28314334
2026-08-13 00:15:00,0.2829977,0.28934538
2026-08-13 00:15:00,0.28299245,0.29166958
2026-08-13 00:30:00,0.28301156,0.28115112
2026-08-13 00:30:00,0.283004,0.28309998
2026-08-13 00:30:00,0.2829977,0.28927916
2026-08-13 00:30:00,0.28299245,0.29159352
2026-08-13 00:45:00,0.28301156,0.28121778
2026-08-13 00:45:00,0.283004,0.2830571
2026-08-13 00:45:00,0.2829977,0.28918746
2026-08-13 00:45:00,0.28299245,0.29142946
2026-08-13 01:00:00,0.28301156,0.28128704
2026-08-13 01:00:00,0.283004,0.28307924
2026-08-13 01:00:00,0.2829977,0.2891839
2026-08-13 01:00:00,0.28299245,0.29139477
2026-08-13 01:15:00,0.28301156,0.28127125
2026-08-13 01:15:00,0.283004,0.28306425
2026-08-13 01:15:00,0.2829977,0.28919804
2026-08-13 01:15:00,0.28299245,0.29143584
2026-08-13 01:30:00,0.28301156,0.28127196
2026-08-13 01:30:00,0.283004,0.28305995
2026-08-13 01:30:00,0.2829977,0.2891984
2026-08-13 01:30:00,0.28299245,0.29142776
2026-08-13 01:45:00,0.28301156,0.28143495
2026-08-13 01:45:00,0.283004,0.28304017
2026-08-13 01:45:00,0.2829977,0.28905895
2026-08-13 01:45:00,0.28299245,0.29108468
2026-08-13 02:00:00,0.28301156,0.2816689
2026-08-13 02:00:00,0.283004,0.28300747
2026-08-13 02:00:00,0.2829977,0.288919
2026-08-13 02:00:00,0.28299245,0.29092592
2026-08-13 02:15:00,0.28301156,0.28164855
2026-08-13 02:15:00,0.283004,0.28288367
2026-08-13 02:15:00,0.2829977,0.28883272
2026-08-13 02:15:00,0.28299245,0.2910209
2026-08-13 02:30:00,0.28301156,0.28160915
2026-08-13 02:30:00,0.283004,0.28279933
2026-08-13 02:30:00,0.2829977,0.28875723
2026-08-13 02:30:00,0.28299245,0.29099965
2026-08-13 02:45:00,0.28301156,0.2817046
2026-08-13 02:45:00,0.283004,0.2828364
2026-08-13 02:45:00,0.2829977,0.28874448
2026-08-13 02:45:00,0.28299245,0.29098985
2026-08-13 03:00:00,0.28301156,0.28179982
2026-08-13 03:00:00,0.283004,0.28285494
2026-08-13 03:00:00,0.2829977,0.28874022
2026-08-13 03:00:00,0.28299245,0.2910085
2026-08-13 03:15:00,0.28301156,0.28188166
2026-08-13 03:15:00,0.283004,0.28287077
2026-08-13 03:15:00,0.2829977,0.28873885
2026-08-13 03:15:00,0.28299245,0.29104388
2026-08-13 03:30:00,0.28301156,0.28195238
2026-08-13 03:30:00,0.283004,0.28289908
2026-08-13 03:30:00,0.2829977,0.28876334
2026-08-13 03:30:00,0.28299245,0.29111868
2026-08-13 03:45:00,0.28301156,0.28203654
2026-08-13 03:45:00,0.283004,0.28293067
2026-08-13 03:45:00,0.2829977,0.28877664
2026-08-13 03:45:00,0.28299245,0.29114
2026-08-13 04:00:00,0.28301156,0.28213224
2026-08-13 04:00:00,0.283004,0.28298253
2026-08-13 04:00:00,0.2829977,0.28881896
2026-08-13 04:00:00,0.28299245,0.29122457
2026-08-13 04:15:00,0.28301156,0.2820217
2026-08-13 04:15:00,0.283004,0.28316787
2026-08-13 04:15:00,0.2829977,0.28916937
2026-08-13 04:15:00,0.28299245,0.29204646
2026-08-13 04:30:00,0.28301156,0.28168225
2026-08-13 04:30:00,0.283004,0.28314453
2026-08-13 04:30:00,0.2829977,0.28922564
2026-08-13 04:30:00,0.28299245,0.29215705
2026-08-13 04:45:00,0.28301156,0.28172132
2026-08-13 04:45:00,0.283004,0.2831627
2026-08-13 04:45:00,0.2829977,0.2891469
2026-08-13 04:45:00,0.28299245,0.2918686
2026-08-13 05:00:00,0.28301156,0.2819244
2026-08-13 05:00:00,0.283004,0.28321642
2026-08-13 05:00:00,0.2829977,0.2891424
2026-08-13 05:00:00,0.28299245,0.29184806
2026-08-13 05:15:00,0.28301156,0.28189
2026-08-13 05:15:00,0.283004,0.2831053
2026-08-13 05:15:00,0.2829977,0.28911653
2026-08-13 05:15:00,0.284311,0.2918756
2026-08-13 05:30:00,0.28301156,0.28206253
2026-08-13 05:30:00,0.283004,0.28322
2026-08-13 05:30:00,0.28431624,0.289236
2026-08-13 05:30:00,0.28615293,0.29211965
2026-08-13 05:45:00,0.28301156,0.2824439
2026-08-13 05:45:00,0.28432253,0.2835311
2026-08-13 05:45:00,0.28615817,0.28954977
2026-08-13 05:45:00,0.28887993,0.2926321
2026-08-13 06:00:00,0.28433007,0.2831996
2026-08-13 06:00:00,0.28616443,0.2843591
2026-08-13 06:00:00,0.28888512,0.29044393
2026-08-13 06:00:00,0.29461884,0.29396355
2026-08-13 06:15:00,0.28617194,0.28436655
2026-08-13 06:15:00,0.28889138,0.28585237
2026-08-13 06:15:00,0.294624,0.292074
2026-08-13 06:15:00,0.30032492,0.29615822
2026-08-13 06:30:00,0.28889886,0.2892088
2026-08-13 06:30:00,0.29463017,0.29293138
2026-08-13 06:30:00,0.30033004,0.3009157
2026-08-13 06:30:00,0.32276356,0.30775264
2026-08-13 06:45:00,0.29463762,0.29942712
2026-08-13 06:45:00,0.30033615,0.30694863
2026-08-13 06:45:00,0.32276848,0.318022
2026-08-13 06:45:00,0.3558533,0.32830548
2026-08-13 07:00:00,0.30034354,0.31111518
2026-08-13 07:00:00,0.32277438,0.3214089
2026-08-13 07:00:00,0.35585794,0.33442143
2026-08-13 07:00:00,0.35969156,0.34651387
2026-08-13 07:15:00,0.3227815,0.32124865
2026-08-13 07:15:00,0.3558635,0.3331765
2026-08-13 07:15:00,0.35969618,0.34667322
2026-08-13 07:15:00,0.351078,0.3588816
2026-08-13 07:30:00,0.35587028,0.3329951
2026-08-13 07:30:00,0.35970172,0.3463022
2026-08-13 07:30:00,0.35108268,0.36015463
2026-08-13 07:30:00,0.38467762,0.37257835
2026-08-13 07:45:00,0.35970846,0.34651706
2026-08-13 07:45:00,0.35108835,0.3612969
2026-08-13 07:45:00,0.38468203,0.37591842
2026-08-13 07:45:00,0.3897564,0.38918206
2026-08-13 08:00:00,0.35109514,0.36281002
2026-08-13 08:00:00,0.38468733,0.37916872
2026-08-13 08:00:00,0.3897608,0.3947562
2026-08-13 08:00:00,0.35932788,0.4091401
2026-08-13 08:15:00,0.38469377,0.375773
2026-08-13 08:15:00,0.38976607,0.39268196
2026-08-13 08:15:00,0.3593325,0.40808082
2026-08-13 08:15:00,0.35585183,0.4223561
2026-08-13 08:30:00,0.38977244,0.38779455
2026-08-13 08:30:00,0.35933805,0.40465605
2026-08-13 08:30:00,0.35585648,0.4193325
2026-08-13 08:30:00,0.38628054,0.43298072
2026-08-13 08:45:00,0.35934478,0.39717835
2026-08-13 08:45:00,0.35586208,0.4133231
2026-08-13 08:45:00,0.38628495,0.42668682
2026-08-13 08:45:00,0.40158933,0.43899533
2026-08-13 09:00:00,0.35586882,0.3990726
2026-08-13 09:00:00,0.38629025,0.41352636
2026-08-13 09:00:00,0.40159363,0.42483437
2026-08-13 09:00:00,0.40817302,0.43487954
2026-08-13 09:15:00,0.3862967,0.39653957
2026-08-13 09:15:00,0.40159878,0.409325
2026-08-13 09:15:00,0.40817726,0.4190161
2026-08-13 09:15:00,0.42537642,0.42682153
2026-08-13 09:30:00,0.40160504,0.39463016
2026-08-13 09:30:00,0.40818232,0.40594536
2026-08-13 09:30:00,0.42538053,0.41435993
2026-08-13 09:30:00,0.44712943,0.42026627
2026-08-13 09:45:00,0.40818852,0.39414495
2026-08-13 09:45:00,0.42538545,0.4043345
2026-08-13 09:45:00,0.44713336,0.41231376
2026-08-13 09:45:00,0.47050983,0.41684157
2026-08-13 10:00:00,0.42539144,0.39556873
2026-08-13 10:00:00,0.44713807,0.4053398
2026-08-13 10:00:00,0.47051355,0.41339922
2026-08-13 10:00:00,0.47763693,0.41725025
2026-08-13 10:15:00,0.4471438,0.40369466
2026-08-13 10:15:00,0.47051805,0.41363263
2026-08-13 10:15:00,0.47764057,0.42184258
2026-08-13 10:15:00,0.47145376,0.42577758
2026-08-13 10:30:00,0.47052354,0.4130749
2026-08-13 10:30:00,0.477645,0.42307562
2026-08-13 10:30:00,0.47145748,0.43092316
2026-08-13 10:30:00,0.4091226,0.4346335
2026-08-13 10:45:00,0.4776504,0.41299617
2026-08-13 10:45:00,0.47146195,0.42382333
2026-08-13 10:45:00,0.40912682,0.43308336
2026-08-13 10:45:00,0.3735859,0.4374716
2026-08-13 11:00:00,0.47146744,0.42532223
2026-08-13 11:00:00,0.4091319,0.43598843
2026-08-13 11:00:00,0.3735904,0.44540554
2026-08-13 11:00:00,0.41441983,0.45024675
2026-08-13 11:15:00,0.40913808,0.44565538
2026-08-13 11:15:00,0.37359583,0.4574768
2026-08-13 11:15:00,0.414424,0.46778727
2026-08-13 11:15:00,0.45525372,0.47428927
2026-08-13 11:30:00,0.3736024,0.45725077
2026-08-13 11:30:00,0.414429,0.4693453
2026-08-13 11:30:00,0.45525753,0.47962233
2026-08-13 11:30:00,0.48728228,0.48645088
2026-08-13 11:45:00,0.41443512,0.4482088
2026-08-13 11:45:00,0.45526218,0.45957464
2026-08-13 11:45:00,0.48728585,0.469149
2026-08-13 11:45:00,0.5898753,0.47499433
2026-08-13 12:00:00,0.45526785,0.44298762
2026-08-13 12:00:00,0.4872902,0.45394957
2026-08-13 12:00:00,0.5898781,0.46305624
2026-08-13 12:00:00,0.5411294,0.4682576
2026-08-13 12:15:00,0.4872955,0.44522178
2026-08-13 12:15:00,0.5898814,0.45581442
2026-08-13 12:15:00,0.54113257,0.46461228
2026-08-13 12:15:00,0.49238348,0.46952787
2026-08-13 12:30:00,0.58988553,0.4536438
2026-08-13 12:30:00,0.5411364,0.46408582
2026-08-13 12:30:00,0.49238706,0.47266272
2026-08-13 12:30:00,0.4766091,0.47752076
2026-08-13 12:45:00,0.54114103,0.48122418
2026-08-13 12:45:00,0.49239135,0.49136353
2026-08-13 12:45:00,0.4766128,0.49935693
2026-08-13 12:45:00,0.47897917,0.5042002
2026-08-13 13:00:00,0.49239656,0.49660897
2026-08-13 13:00:00,0.47661725,0.50630945
2026-08-13 13:00:00,0.47898284,0.51346517
2026-08-13 13:00:00,0.4845283,0.5177195
2026-08-13 13:15:00,0.47662264,0.5015119
2026-08-13 13:15:00,0.47898725,0.510906
2026-08-13 13:15:00,0.48453194,0.5173991
2026-08-13 13:15:00,0.6109755,0.52099395
2026-08-13 13:30:00,0.47899264,0.49618158
2026-08-13 13:30:00,0.4845363,0.5052902
2026-08-13 13:30:00,0.61097807,0.51097566
2026-08-13 13:30:00,0.5368738,0.51356065
2026-08-13 13:45:00,0.4845416,0.4802612
2026-08-13 13:45:00,0.6109812,0.488739
2026-08-13 13:45:00,0.53687704,0.49363458
2026-08-13 13:45:00,0.4627722,0.49520978
2026-08-13 14:00:00,0.61098516,0.46933585
2026-08-13 14:00:00,0.53688085,0.47685134
2026-08-13 14:00:00,0.462776,0.48092306
2026-08-13 14:00:00,0.42938352,0.48155767
2026-08-13 14:15:00,0.5368856,0.4891045
2026-08-13 14:15:00,0.46278054,0.49537498
2026-08-13 14:15:00,0.42938757,0.4982165
2026-08-13 14:15:00,0.40259653,0.49808398
2026-08-13 14:30:00,0.46278614,0.49537635
2026-08-13 14:30:00,0.42939246,0.5007447
2026-08-13 14:30:00,0.40260082,0.50207144
2026-08-13 14:30:00,0.40246382,0.5006553
2026-08-13 14:45:00,0.4293984,0.47416827
2026-08-13 14:45:00,0.40260595,0.47841042
2026-08-13 14:45:00,0.40246812,0.4781411
2026-08-13 14:45:00,0.38895485,0.4749065
2026-08-13 15:00:00,0.4026122,0.4475124
2026-08-13 15:00:00,0.40247327,0.4505737
2026-08-13 15:00:00,0.38895923,0.44939226
2026-08-13 15:00:00,0.3754459,0.4447806
2026-08-13 15:15:00,0.4024795,0.42041388
2026-08-13 15:15:00,0.3889645,0.4212669
2026-08-13 15:15:00,0.37545037,0.41872108
2026-08-13 15:15:00,0.36193693,0.41247755
2026-08-13 15:30:00,0.3889709,0.40234765
2026-08-13 15:30:00,0.3754558,0.40049148
2026-08-13 15:30:00,0.36194152,0.39571238
2026-08-13 15:30:00,0.35020715,0.38743794
2026-08-13 15:45:00,0.37546232,0.3870813
2026-08-13 15:45:00,0.36194706,0.38326278
2026-08-13 15:45:00,0.35021186,0.37709022
2026-08-13 15:45:00,0.3184865,0.36793816
2026-08-13 16:00:00,0.36195374,0.37421647
2026-08-13 16:00:00,0.35021752,0.36900207
2026-08-13 16:00:00,0.31849146,0.36198628
2026-08-13 16:00:00,0.31781965,0.3526241
2026-08-13 16:15:00,0.35022432,0.3607605
2026-08-13 16:15:00,0.31849742,0.3545325
2026-08-13 16:15:00,0.3178246,0.34716603
2026-08-13 16:15:00,0.31410697,0.33801225
2026-08-13 16:30:00,0.31850457,0.35028836
2026-08-13 16:30:00,0.31783056,0.3434422
2026-08-13 16:30:00,0.31411198,0.33595884
2026-08-13 16:30:00,0.31039432,0.32715535
2026-08-13 16:45:00,0.31783774,0.3398503
2026-08-13 16:45:00,0.31411797,0.3325238
2026-08-13 16:45:00,0.31039932,0.3251771
2026-08-13 16:45:00,0.31006837,0.31694797
2026-08-13 17:00:00,0.31412518,0.33061028
2026-08-13 17:00:00,0.31040537,0.32314974
2026-08-13 17:00:00,0.31007338,0.3165682
2026-08-13 17:00:00,0.3032325,0.30944365
2026-08-13 17:15:00,0.31041262,0.3224552
2026-08-13 17:15:00,0.31007943,0.31523687
2026-08-13 17:15:00,0.30323756,0.30975404
2026-08-13 17:15:00,0.2963966,0.3039167
2026-08-13 17:30:00,0.3100867,0.31476742
2026-08-13 17:30:00,0.30324367,0.30808648
2026-08-13 17:30:00,0.29640174,0.30397075
2026-08-13 17:30:00,0.290806,0.29941723
2026-08-13 17:45:00,0.303251,0.3084307
2026-08-13 17:45:00,0.2964079,0.30231237
2026-08-13 17:45:00,0.29081118,0.29951805
2026-08-13 17:45:00,0.28521538,0.29603326
2026-08-13 18:00:00,0.29641533,0.30336735
2026-08-13 18:00:00,0.29081738,0.29787648
2026-08-13 18:00:00,0.28522062,0.29631546
2026-08-13 18:00:00,0.28363815,0.2936989
2026-08-13 18:15:00,0.29082486,0.29893628
2026-08-13 18:15:00,0.28522688,0.29412803
2026-08-13 18:15:00,0.2836434,0.29370037
2026-08-13 18:15:00,0.28299245,0.29184142
2026-08-13 18:30:00,0.28523442,0.29518256
2026-08-13 18:30:00,0.28364968,0.29107445
2026-08-13 18:30:00,0.2829977,0.29176578
2026-08-13 18:30:00,0.28299245,0.29068965
2026-08-13 18:45:00,0.28365722,0.29224423
2026-08-13 18:45:00,0.283004,0.2887851
2026-08-13 18:45:00,0.2829977,0.29052132
2026-08-13 18:45:00,0.28299245,0.29014263
2026-08-13 19:00:00,0.28301156,0.2894802
2026-08-13 19:00:00,0.283004,0.2868768
2026-08-13 19:00:00,0.2829977,0.2897226
2026-08-13 19:00:00,0.28299245,0.2901042
2026-08-13 19:15:00,0.28301156,0.2866804
2026-08-13 19:15:00,0.283004,0.28555095
2026-08-13 19:15:00,0.2829977,0.28972706
2026-08-13 19:15:00,0.28299245,0.29102814
2026-08-13 19:30:00,0.28301156,0.28480548
2026-08-13 19:30:00,0.283004,0.28445244
2026-08-13 19:30:00,0.2829977,0.2893597
2026-08-13 19:30:00,0.28299245,0.2908788
2026-08-13 19:45:00,0.28301156,0.28387496
2026-08-13 19:45:00,0.283004,0.28374028
2026-08-13 19:45:00,0.2829977,0.28886837
2026-08-13 19:45:00,0.28299245,0.2904219
2026-08-13 20:00:00,0.28301156,0.28356522
2026-08-13 20:00:00,0.283004,0.2833946
2026-08-13 20:00:00,0.2829977,0.28854293
2026-08-13 20:00:00,0.28299245,0.2900796
2026-08-13 20:15:00,0.28301156,0.28335974
2026-08-13 20:15:00,0.283004,0.28317896
2026-08-13 20:15:00,0.2829977,0.2883748
2026-08-13 20:15:00,0.28299245,0.29002014
2026-08-13 20:30:00,0.28301156,0.2831768
2026-08-13 20:30:00,0.283004,0.28308675
2026-08-13 20:30:00,0.2829977,0.28837526
2026-08-13 20:30:00,0.28299245,0.29015398
2026-08-13 20:45:00,0.28301156,0.2829676
2026-08-13 20:45:00,0.283004,0.28302753
2026-08-13 20:45:00,0.2829977,0.28841165
2026-08-13 20:45:00,0.28299245,0.29033458
2026-08-13 21:00:00,0.28301156,0.28283522
2026-08-13 21:00:00,0.283004,0.28297538
2026-08-13 21:00:00,0.2829977,0.2884211
2026-08-13 21:00:00,0.28299245,0.29040512
2026-08-13 21:15:00,0.28301156,0.2827721
2026-08-13 21:15:00,0.283004,0.2829382
2026-08-13 21:15:00,0.2829977,0.28841683
2026-08-13 21:15:00,0.28299245,0.29042643
2026-08-13 21:30:00,0.28301156,0.2827384
2026-08-13 21:30:00,0.283004,0.28290954
2026-08-13 21:30:00,0.2829977,0.28840944
2026-08-13 21:30:00,0.28299245,0.29043242
2026-08-13 21:45:00,0.28301156,0.28271684
2026-08-13 21:45:00,0.283004,0.2828929
2026-08-13 21:45:00,0.2829977,0.288406
2026-08-13 21:45:00,0.28299245,0.29044482
2026-08-13 22:00:00,0.28301156,0.2825783
2026-08-13 22:00:00,0.283004,0.28416678
2026-08-13 22:00:00,0.2829977,0.29029772
2026-08-13 22:00:00,0.28299245,0.2937351
2026-08-13 22:15:00,0.28301156,0.2817971
2026-08-13 22:15:00,0.283004,0.28457665
2026-08-13 22:15:00,0.2829977,0.29098237
2026-08-13 22:15:00,0.28299245,0.2946679
2026-08-13 22:30:00,0.28301156,0.2816085
2026-08-13 22:30:00,0.283004,0.284437
2026-08-13 22:30:00,0.2829977,0.2907478
2026-08-13 22:30:00,0.28299245,0.29380125
2026-08-13 22:45:00,0.28301156,0.28196585
2026-08-13 22:45:00,0.283004,0.28418612
2026-08-13 22:45:00,0.2829977,0.29017657
2026-08-13 22:45:00,0.28299245,0.2926691
2026-08-13 23:00:00,0.28301156,0.28186703
2026-08-13 23:00:00,0.283004,0.28356525
2026-08-13 23:00:00,0.2829977,0.28950927
2026-08-13 23:00:00,0.28299245,0.29161674
2026-08-13 23:15:00,0.28301156,0.28172824
2026-08-13 23:15:00,0.283004,0.28343934
2026-08-13 23:15:00,0.2829977,0.28939745
2026-08-13 23:15:00,0.28299245,0.29156843
2026-08-13 23:30:00,0.28301156,0.28147408
2026-08-13 23:30:00,0.283004,0.2833159
2026-08-13 23:30:00,0.2829977,0.28937653
2026-08-13 23:30:00,0.28299245,0.291659
2026-08-13 23:45:00,0.28301156,0.281268
2026-08-13 23:45:00,0.283004,0.2832237
2026-08-13 23:45:00,0.2829977,0.28936
2026-08-13 23:45:00,0.28299245,0.29172936
2026-08-14 00:00:00,0.28301156,0.28114638
2026-08-14 00:00:00,0.283004,0.28315574
2026-08-14 00:00:00,0.2829977,0.28933725
2026-08-14 00:00:00,0.28299245,0.2917419
2026-08-14 00:15:00,0.28301156,0.281107
2026-08-14 00:15:00,0.283004,0.28309685
2026-08-14 00:15:00,0.2829977,0.2892899
2026-08-14 00:15:00,0.28299245,0.29169104
2026-08-14 00:30:00,0.28301156,0.28111348
2026-08-14 00:30:00,0.283004,0.2830602
2026-08-14 00:30:00,0.2829977,0.28925356
2026-08-14 00:30:00,0.28299245,0.29165098
2026-08-14 00:45:00,0.28301156,0.28112817
2026-08-14 00:45:00,0.283004,0.2830364
2026-08-14 00:45:00,0.2829977,0.28922924
2026-08-14 00:45:00,0.28299245,0.29163295
2026-08-14 01:00:00,0.28301156,0.28114048
2026-08-14 01:00:00,0.283004,0.28302383
2026-08-14 01:00:00,0.2829977,0.28921446
2026-08-14 01:00:00,0.28299245,0.29162794
2026-08-14 01:15:00,0.28301156,0.28116652
2026-08-14 01:15:00,0.283004,0.28299576
2026-08-14 01:15:00,0.2829977,0.28917077
2026-08-14 01:15:00,0.28299245,0.2915785
2026-08-14 01:30:00,0.28301156,0.28120157
2026-08-14 01:30:00,0.283004,0.28297502
2026-08-14 01:30:00,0.2829977,0.28913692
2026-08-14 01:30:00,0.28299245,0.2915497
2026-08-14 01:45:00,0.28301156,0.28125176
2026-08-14 01:45:00,0.283004,0.2829525
2026-08-14 01:45:00,0.2829977,0.28908756
2026-08-14 01:45:00,0.28299245,0.29147062
2026-08-14 02:00:00,0.28301156,0.28131098
2026-08-14 02:00:00,0.283004,0.28294683
2026-08-14 02:00:00,0.2829977,0.28906244
2026-08-14 02:00:00,0.28299245,0.29145452
2026-08-14 02:15:00,0.28301156,0.2813427
2026-08-14 02:15:00,0.283004,0.28292027
2026-08-14 02:15:00,0.2829977,0.2890302
2026-08-14 02:15:00,0.28299245,0.29145288
2026-08-14 02:30:00,0.28301156,0.28136533
2026-08-14 02:30:00,0.283004,0.28290322
2026-08-14 02:30:00,0.2829977,0.28900865
2026-08-14 02:30:00,0.28299245,0.29145485
2026-08-14 02:45:00,0.28301156,0.28218976
2026-08-14 02:45:00,0.283004,0.2833217
2026-08-14 02:45:00,0.2829977,0.28886905
2026-08-14 02:45:00,0.28299245,0.29018095
2026-08-14 03:00:00,0.28301156,0.284181
2026-08-14 03:00:00,0.283004,0.28420696
2026-08-14 03:00:00,0.2829977,0.28891653
2026-08-14 03:00:00,0.28299245,0.28964776
2026-08-14 03:15:00,0.28301156,0.28460592
2026-08-14 03:15:00,0.283004,0.28408527
2026-08-14 03:15:00,0.2829977,0.2886517
2026-08-14 03:15:00,0.28299245,0.2899491
2026-08-14 03:30:00,0.28301156,0.28379825
2026-08-14 03:30:00,0.283004,0.2836401
2026-08-14 03:30:00,0.2829977,0.2890302
2026-08-14 03:30:00,0.28299245,0.29128855
2026-08-14 03:45:00,0.28301156,0.28409377
2026-08-14 03:45:00,0.283004,0.283933
2026-08-14 03:45:00,0.2829977,0.2891765
2026-08-14 03:45:00,0.28299245,0.29155388
2026-08-14 04:00:00,0.28301156,0.2842766
2026-08-14 04:00:00,0.283004,0.28398907
2026-08-14 04:00:00,0.2829977,0.28917202
2026-08-14 04:00:00,0.28299245,0.2915507
2026-08-14 04:15:00,0.28301156,0.28436995
2026-08-14 04:15:00,0.283004,0.28406966
2026-08-14 04:15:00,0.2829977,0.28933287
2026-08-14 04:15:00,0.28299245,0.29180002
2026-08-14 04:30:00,0.28301156,0.28450918
2026-08-14 04:30:00,0.283004,0.2841655
2026-08-14 04:30:00,0.2829977,0.2894813
2026-08-14 04:30:00,0.28299245,0.2920257
2026-08-14 04:45:00,0.28301156,0.28459895
2026-08-14 04:45:00,0.283004,0.28424898
2026-08-14 04:45:00,0.2829977,0.2896326
2026-08-14 04:45:00,0.28299245,0.29227978
2026-08-14 05:00:00,0.28301156,0.2846481
2026-08-14 05:00:00,0.283004,0.28433928
2026-08-14 05:00:00,0.2829977,0.28977376
2026-08-14 05:00:00,0.28440163,0.29250306
2026-08-14 05:15:00,0.28301156,0.2846994
2026-08-14 05:15:00,0.283004,0.2844523
2026-08-14 05:15:00,0.28440684,0.28993142
2026-08-14 05:15:00,0.29629433,0.29273543
2026-08-14 05:30:00,0.28301156,0.28498212
2026-08-14 05:30:00,0.28441313,0.28501117
2026-08-14 05:30:00,0.29629946,0.29083523
2026-08-14 05:30:00,0.3070251,0.294158
2026-08-14 05:45:00,0.28442067,0.2858912
2026-08-14 05:45:00,0.29630563,0.28648895
2026-08-14 05:45:00,0.30703014,0.292929
2026-08-14 05:45:00,0.30725753,0.29718512
2026-08-14 06:00:00,0.29631305,0.28787372
2026-08-14 06:00:00,0.3070362,0.28965396
2026-08-14 06:00:00,0.30726257,0.29721054
2026-08-14 06:00:00,0.31491512,0.3029269
2026-08-14 06:15:00,0.3070435,0.2905389
2026-08-14 06:15:00,0.30726862,0.2941023
2026-08-14 06:15:00,0.3149201,0.30048996
2026-08-14 06:15:00,0.32518482,0.30557537
2026-08-14 06:30:00,0.30727592,0.29330173
2026-08-14 06:30:00,0.3149261,0.29773378
2026-08-14 06:30:00,0.32518974,0.30450964
2026-08-14 06:30:00,0.3455243,0.31050965
2026-08-14 06:45:00,0.3149333,0.30202708
2026-08-14 06:45:00,0.3251956,0.30961314
2026-08-14 06:45:00,0.34552905,0.32192445
2026-08-14 06:45:00,0.3527738,0.33302042
2026-08-14 07:00:00,0.32520273,0.31554577
2026-08-14 07:00:00,0.34553474,0.32679814
2026-08-14 07:00:00,0.35277846,0.3425738
2026-08-14 07:00:00,0.36002326,0.35677356
2026-08-14 07:15:00,0.3455416,0.3309294
2026-08-14 07:15:00,0.3527841,0.345595
2026-08-14 07:15:00,0.3600279,0.3622013
2026-08-14 07:15:00,0.36727276,0.37717745
2026-08-14 07:30:00,0.3527909,0.35060593
2026-08-14 07:30:00,0.36003345,0.36687735
2026-08-14 07:30:00,0.36727732,0.3826777
2026-08-14 07:30:00,0.38939473,0.39722234
2026-08-14 07:45:00,0.36004016,0.3652508
2026-08-14 07:45:00,0.3672828,0.38199705
2026-08-14 07:45:00,0.3893991,0.39732155
2026-08-14 07:45:00,0.4292982,0.411601
2026-08-14 08:00:00,0.36728942,0.37991557
2026-08-14 08:00:00,0.3894044,0.3973828
2026-08-14 08:00:00,0.42930225,0.41295993
2026-08-14 08:00:00,0.5172713,0.42771208
2026-08-14 08:15:00,0.38941076,0.39085677
2026-08-14 08:15:00,0.42930713,0.40866536
2026-08-14 08:15:00,0.5172747,0.42420065
2026-08-14 08:15:00,0.6052444,0.43900988
2026-08-14 08:30:00,0.42931306,0.4009936
2026-08-14 08:30:00,0.5172787,0.4186081
2026-08-14 08:30:00,0.605247,0.43346453
2026-08-14 08:30:00,0.55665755,0.44760334
2026-08-14 08:45:00,0.5172837,0.41332397
2026-08-14 08:45:00,0.60525024,0.43054947
2026-08-14 08:45:00,0.55666065,0.44459718
2026-08-14 08:45:00,0.50807077,0.458079
2026-08-14 09:00:00,0.6052542,0.44114882
2026-08-14 09:00:00,0.5566643,0.4573014
2026-08-14 09:00:00,0.50807416,0.4693882
2026-08-14 09:00:00,0.4931404,0.48166925
2026-08-14 09:15:00,0.55666876,0.4931481
2026-08-14 09:15:00,0.50807834,0.507104
2026-08-14 09:15:00,0.49314398,0.5164123
2026-08-14 09:15:00,0.52203107,0.5260668
2026-08-14 09:30:00,0.50808334,0.53125983
2026-08-14 09:30:00,0.49314824,0.5440581
2026-08-14 09:30:00,0.5220344,0.5511106
2026-08-14 09:30:00,0.5737325,0.55676734
2026-08-14 09:45:00,0.49315345,0.5487343
2026-08-14 09:45:00,0.5220384,0.5609812
2026-08-14 09:45:00,0.57373536,0.56554973
2026-08-14 09:45:00,0.58899987,0.5668448
2026-08-14 10:00:00,0.5220433,0.5555702
2026-08-14 10:00:00,0.5737389,0.5671162
2026-08-14 10:00:00,0.58900267,0.5696727
2026-08-14 10:00:00,0.62296784,0.56715286
2026-08-14 10:15:00,0.5737432,0.5583133
2026-08-14 10:15:00,0.589006,0.56929666
2026-08-14 10:15:00,0.62297034,0.57058835
2026-08-14 10:15:00,0.6569358,0.56530035
2026-08-14 10:30:00,0.5890102,0.56708586
2026-08-14 10:30:00,0.6229733,0.57677
2026-08-14 10:30:00,0.65693796,0.57634425
2026-08-14 10:30:00,0.8233298,0.5683158
2026-08-14 10:45:00,0.62297714,0.5794104
2026-08-14 10:45:00,0.6569407,0.58745944
2026-08-14 10:45:00,0.82333064,0.5852251
2026-08-14 10:45:00,0.93797576,0.57491267
2026-08-14 11:00:00,0.6569441,0.5969944
2026-08-14 11:00:00,0.8233318,0.60268605
2026-08-14 11:00:00,0.93797565,0.59825516
2026-08-14 11:00:00,0.79618335,0.58591026
2026-08-14 11:15:00,0.8233333,0.61444473
2026-08-14 11:15:00,0.9379757,0.617676
2026-08-14 11:15:00,0.7961844,0.61128354
2026-08-14 11:15:00,0.65439093,0.5975166
2026-08-14 11:30:00,0.93797594,0.6577281
2026-08-14 11:30:00,0.7961858,0.6534294
2026-08-14 11:30:00,0.65439314,0.6438688
2026-08-14 11:30:00,0.6745066,0.6292262
2026-08-14 11:45:00,0.79618764,0.7027747
2026-08-14 11:45:00,0.6543959,0.6902668
2026-08-14 11:45:00,0.6745087,0.67928433
2026-08-14 11:45:00,0.62462056,0.6642698
2026-08-14 12:00:00,0.6543993,0.7186502
2026-08-14 12:00:00,0.6745112,0.70362604
2026-08-14 12:00:00,0.62462306,0.69252694
2026-08-14 12:00:00,0.57473457,0.67713726
2026-08-14 12:15:00,0.6745144,0.71490407
2026-08-14 12:15:00,0.62462604,0.70069516
2026-08-14 12:15:00,0.5747374,0.689339
2026-08-14 12:15:00,0.538198,0.6732681
2026-08-14 12:30:00,0.62462986,0.70374966
2026-08-14 12:30:00,0.57474095,0.69157255
2026-08-14 12:30:00,0.53820115,0.6798706
2026-08-14 12:30:00,0.57923156,0.6628513
2026-08-14 12:45:00,0.5747453,0.6797632
2026-08-14 12:45:00,0.538205,0.67205286
2026-08-14 12:45:00,0.5792344,0.66033006
2026-08-14 12:45:00,0.6202651,0.6418036
2026-08-14 13:00:00,0.5382097,0.6594887
2026-08-14 13:00:00,0.5792378,0.65517217
2026-08-14 13:00:00,0.6202677,0.64398074
2026-08-14 13:00:00,0.6511763,0.62484825
2026-08-14 13:15:00,0.5792421,0.6442809
2026-08-14 13:15:00,0.6202707,0.6421089
2026-08-14 13:15:00,0.65117854,0.63197565
2026-08-14 13:15:00,0.68208736,0.61307454
2026-08-14 13:30:00,0.62027454,0.62780756
2026-08-14 13:30:00,0.6511813,0.62760127
2026-08-14 13:30:00,0.6820893,0.6189729
2026-08-14 13:30:00,0.83631337,0.6019132
2026-08-14 13:45:00,0.6511848,0.6096271
2026-08-14 13:45:00,0.68209183,0.6101986
2026-08-14 13:45:00,0.8363142,0.60260856
2026-08-14 13:45:00,0.7886102,0.5880014
2026-08-14 14:00:00,0.68209493,0.6091415
2026-08-14 14:00:00,0.83631516,0.6068569
2026-08-14 14:00:00,0.7886114,0.5983835
2026-08-14 14:00:00,0.7409071,0.58526456
2026-08-14 14:15:00,0.8363165,0.61827433
2026-08-14 14:15:00,0.7886128,0.61306286
2026-08-14 14:15:00,0.7409086,0.60359037
2026-08-14 14:15:00,0.65244126,0.5909195
2026-08-14 14:30:00,0.78861475,0.64640474
2026-08-14 14:30:00,0.74091053,0.6358121
2026-08-14 14:30:00,0.6524435,0.6245854
2026-08-14 14:30:00,0.5639756,0.61110926
2026-08-14 14:45:00,0.740913,0.65974605
2026-08-14 14:45:00,0.65244627,0.6459248
2026-08-14 14:45:00,0.56397855,0.63325363
2026-08-14 14:45:00,0.4032479,0.6182115
2026-08-14 15:00:00,0.6524497,0.64571595
2026-08-14 15:00:00,0.5639821,0.6319567
2026-08-14 15:00:00,0.40325215,0.61487174
2026-08-14 15:00:00,0.40306962,0.5941695
2026-08-14 15:15:00,0.56398654,0.6228603
2026-08-14 15:15:00,0.40325728,0.6129463
2026-08-14 15:15:00,0.40307388,0.59606814
2026-08-14 15:15:00,0.42294514,0.57337594
2026-08-14 15:30:00,0.4032635,0.59514046
2026-08-14 15:30:00,0.403079,0.58720446
2026-08-14 15:30:00,0.42294925,0.56996477
2026-08-14 15:30:00,0.42727762,0.5448274
2026-08-14 15:45:00,0.40308523,0.55898297
2026-08-14 15:45:00,0.4229542,0.5505073
2026-08-14 15:45:00,0.42728168,0.5318992
2026-08-14 15:45:00,0.47373557,0.5054554
2026-08-14 16:00:00,0.42296022,0.5174068
2026-08-14 16:00:00,0.4272866,0.5092288
2026-08-14 16:00:00,0.47373927,0.49173033
2026-08-14 16:00:00,0.5504203,0.4675879
2026-08-14 16:15:00,0.42729256,0.4810369
2026-08-14 16:15:00,0.47374374,0.47262445
2026-08-14 16:15:00,0.5504234,0.45576066
2026-08-14 16:15:00,0.4727242,0.434376
2026-08-14 16:30:00,0.47374916,0.4267833
2026-08-14 16:30:00,0.5504271,0.41994137
2026-08-14 16:30:00,0.4727279,0.4053905
2026-08-14 16:30:00,0.39502808,0.3883471
2026-08-14 16:45:00,0.55043167,0.39577165
2026-08-14 16:45:00,0.47273237,0.38630912
2026-08-14 16:45:00,0.39503244,0.37050295
2026-08-14 16:45:00,0.3754056,0.35281688
2026-08-14 17:00:00,0.47273782,0.39051968
2026-08-14 17:00:00,0.39503765,0.3788616
2026-08-14 17:00:00,0.37541008,0.3625589
2026-08-14 17:00:00,0.34935,0.3453644
2026-08-14 17:15:00,0.39504397,0.37454852
2026-08-14 17:15:00,0.3754155,0.3620714
2026-08-14 17:15:00,0.3493547,0.34715688
2026-08-14 17:15:00,0.3232944,0.3319996
2026-08-14 17:30:00,0.37542203,0.35939515
2026-08-14 17:30:00,0.34936035,0.3460167
2026-08-14 17:30:00,0.32329932,0.33264193
2026-08-14 17:30:00,0.31141973,0.31946367
2026-08-14 17:45:00,0.3493672,0.3454604
2026-08-14 17:45:00,0.32330522,0.33194664
2026-08-14 17:45:00,0.31142476,0.320299
2026-08-14 17:45:00,0.2980803,0.30880752
2026-08-14 18:00:00,0.32331234,0.32692298
2026-08-14 18:00:00,0.31143075,0.3147723
2026-08-14 18:00:00,0.29808542,0.3060279
2026-08-14 18:00:00,0.28657368,0.29696715
2026-08-14 18:15:00,0.31143802,0.318851
2026-08-14 18:15:00,0.29809156,0.31048396
2026-08-14 18:15:00,0.2865789,0.30468255
2026-08-14 18:15:00,0.28299245,0.2987012
2026-08-14 18:30:00,0.29809898,0.30644912
2026-08-14 18:30:00,0.28658515,0.30086055
2026-08-14 18:30:00,0.2829977,0.29833418
2026-08-14 18:30:00,0.28299245,0.2948303
2026-08-14 18:45:00,0.2865927,0.29732904
2026-08-14 18:45:00,0.283004,0.29355913
2026-08-14 18:45:00,0.2829977,0.2937357
2026-08-14 18:45:00,0.28299245,0.2921602
2026-08-14 19:00:00,0.28301156,0.29134536
2026-08-14 19:00:00,0.283004,0.28927568
2026-08-14 19:00:00,0.2829977,0.29163328
2026-08-14 19:00:00,0.28299245,0.29168105
2026-08-14 19:15:00,0.28301156,0.28708053
2026-08-14 19:15:00,0.283004,0.28670022
2026-08-14 19:15:00,0.2829977,0.29087803
2026-08-14 19:15:00,0.28299245,0.2920254
2026-08-14 19:30:00,0.28301156,0.2847393
2026-08-14 19:30:00,0.283004,0.28530002
2026-08-14 19:30:00,0.2829977,0.29033926
2026-08-14 19:30:00,0.28299245,0.29180375
2026-08-14 19:45:00,0.28301156,0.28373966
2026-08-14 19:45:00,0.283004,0.284479
2026-08-14 19:45:00,0.2829977,0.28968185
2026-08-14 19:45:00,0.28299245,0.2910748
2026-08-14 20:00:00,0.28301156,0.28337482
2026-08-14 20:00:00,0.283004,0.28412253
2026-08-14 20:00:00,0.2829977,0.2893215
2026-08-14 20:00:00,0.28299245,0.29065385
2026-08-14 20:15:00,0.28301156,0.2830969
2026-08-14 20:15:00,0.283004,0.28393102
2026-08-14 20:15:00,0.2829977,0.2892583
2026-08-14 20:15:00,0.28299245,0.29085675
2026-08-14 20:30:00,0.28301156,0.28267488
2026-08-14 20:30:00,0.283004,0.2837522
2026-08-14 20:30:00,0.2829977,0.28929296
2026-08-14 20:30:00,0.28299245,0.29115844
2026-08-14 20:45:00,0.28301156,0.2824515
2026-08-14 20:45:00,0.283004,0.28363556
2026-08-14 20:45:00,0.2829977,0.28923336
2026-08-14 20:45:00,0.28299245,0.29109555
2026-08-14 21:00:00,0.28301156,0.28273094
2026-08-14 21:00:00,0.283004,0.283558
2026-08-14 21:00:00,0.2829977,0.28886673
2026-08-14 21:00:00,0.28299245,0.29014394
2026-08-14 21:15:00,0.28301156,0.28313816
2026-08-14 21:15:00,0.283004,0.28341144
2026-08-14 21:15:00,0.2829977,0.28852138
2026-08-14 21:15:00,0.28299245,0.28983065
2026-08-14 21:30:00,0.28301156,0.28284577
2026-08-14 21:30:00,0.283004,0.28315896
2026-08-14 21:30:00,0.2829977,0.28850386
2026-08-14 21:30:00,0.28299245,0.29024732
2026-08-14 21:45:00,0.28301156,0.2826415
2026-08-14 21:45:00,0.283004,0.2830466
2026-08-14 21:45:00,0.2829977,0.2884625
2026-08-14 21:45:00,0.28299245,0.2902375
2026-08-14 22:00:00,0.28301156,0.2827094
2026-08-14 22:00:00,0.283004,0.28326437
2026-08-14 22:00:00,0.2829977,0.28873992
2026-08-14 22:00:00,0.28299245,0.29072735
2026-08-14 22:15:00,0.28301156,0.28247246
2026-08-14 22:15:00,0.283004,0.2831189
2026-08-14 22:15:00,0.2829977,0.28873977
2026-08-14 22:15:00,0.28299245,0.29079908
2026-08-14 22:30:00,0.28301156,0.2824562
2026-08-14 22:30:00,0.283004,0.28298047
2026-08-14 22:30:00,0.2829977,0.28856137
2026-08-14 22:30:00,0.28299245,0.29052034
2026-08-14 22:45:00,0.28301156,0.2826156
2026-08-14 22:45:00,0.283004,0.28294498
2026-08-14 22:45:00,0.2829977,0.28845808
2026-08-14 22:45:00,0.28299245,0.2903685
2026-08-14 23:00:00,0.28301156,0.28261206
2026-08-14 23:00:00,0.283004,0.2828664
2026-08-14 23:00:00,0.2829977,0.28838497
2026-08-14 23:00:00,0.28299245,0.29029775
2026-08-14 23:15:00,0.28301156,0.28262147
2026-08-14 23:15:00,0.283004,0.2828338
2026-08-14 23:15:00,0.2829977,0.28834796
2026-08-14 23:15:00,0.28299245,0.29031697
2026-08-14 23:30:00,0.28301156,0.28262374
2026-08-14 23:30:00,0.283004,0.28295943
2026-08-14 23:30:00,0.2829977,0.28855494
2026-08-14 23:30:00,0.28299245,0.29075125
2026-08-14 23:45:00,0.28301156,0.28251666
2026-08-14 23:45:00,0.283004,0.28291625
2026-08-14 23:45:00,0.2829977,0.28853095
2026-08-14 23:45:00,0.28299245,0.29066536
2026-08-15 00:00:00,0.28301156,0.28266236
2026-08-15 00:00:00,0.283004,0.28298384
2026-08-15 00:00:00,0.2829977,0.28854913
2026-08-15 00:00:00,0.28299245,0.29062632
2026-08-15 00:15:00,0.28301156,0.2825405
2026-08-15 00:15:00,0.283004,0.28394768
2026-08-15 00:15:00,0.2829977,0.2900559
2026-08-15 00:15:00,0.28299245,0.29340842
2026-08-15 00:30:00,0.28301156,0.2815779
2026-08-15 00:30:00,0.283004,0.28411886
2026-08-15 00:30:00,0.2829977,0.29058218
2026-08-15 00:30:00,0.28299245,0.29414806
2026-08-15 00:45:00,0.28301156,0.28157192
2026-08-15 00:45:00,0.283004,0.2840982
2026-08-15 00:45:00,0.2829977,0.29035577
2026-08-15 00:45:00,0.28299245,0.29326966
2026-08-15 01:00:00,0.28301156,0.2820139
2026-08-15 01:00:00,0.283004,0.28392518
2026-08-15 01:00:00,0.2829977,0.28983608
2026-08-15 01:00:00,0.28299245,0.29224586
2026-08-15 01:15:00,0.28301156,0.28192222
2026-08-15 01:15:00,0.283004,0.28334588
2026-08-15 01:15:00,0.2829977,0.28922862
2026-08-15 01:15:00,0.28299245,0.29136485
2026-08-15 01:30:00,0.28301156,0.2817437
2026-08-15 01:30:00,0.283004,0.28323126
2026-08-15 01:30:00,0.2829977,0.2891733
2026-08-15 01:30:00,0.28299245,0.29145813
2026-08-15 01:45:00,0.28301156,0.28149456
2026-08-15 01:45:00,0.283004,0.2831293
2026-08-15 01:45:00,0.2829977,0.28917843
2026-08-15 01:45:00,0.28299245,0.29160932
2026-08-15 02:00:00,0.28301156,0.28131303
2026-08-15 02:00:00,0.283004,0.28306136
2026-08-15 02:00:00,0.2829977,0.2891761
2026-08-15 02:00:00,0.28299245,0.2916911
2026-08-15 02:15:00,0.28301156,0.28123692
2026-08-15 02:15:00,0.283004,0.2829909
2026-08-15 02:15:00,0.2829977,0.28912887
2026-08-15 02:15:00,0.28299245,0.29165792
2026-08-15 02:30:00,0.28301156,0.28124046
2026-08-15 02:30:00,0.283004,0.28295165
2026-08-15 02:30:00,0.2829977,0.28909454
2026-08-15 02:30:00,0.28299245,0.29163316
2026-08-15 02:45:00,0.28301156,0.28126532
2026-08-15 02:45:00,0.283004,0.2829455
2026-08-15 02:45:00,0.2829977,0.2890914
2026-08-15 02:45:00,0.28299245,0.2916601
2026-08-15 03:00:00,0.28301156,0.2812656
2026-08-15 03:00:00,0.283004,0.28294662
2026-08-15 03:00:00,0.2829977,0.28910175
2026-08-15 03:00:00,0.28299245,0.291696
2026-08-15 03:15:00,0.28301156,0.28130063
2026-08-15 03:15:00,0.283004,0.2829183
2026-08-15 03:15:00,0.2829977,0.2890554
2026-08-15 03:15:00,0.28299245,0.29163316
2026-08-15 03:30:00,0.28301156,0.28138077
2026-08-15 03:30:00,0.283004,0.28290725
2026-08-15 03:30:00,0.2829977,0.28902182
2026-08-15 03:30:00,0.28299245,0.29159677
2026-08-15 03:45:00,0.28301156,0.28145167
2026-08-15 03:45:00,0.283004,0.28292274
2026-08-15 03:45:00,0.2829977,0.2890296
2026-08-15 03:45:00,0.28299245,0.2916374
2026-08-15 04:00:00,0.28301156,0.28146994
2026-08-15 04:00:00,0.283004,0.28294614
2026-08-15 04:00:00,0.2829977,0.28906044
2026-08-15 04:00:00,0.28299245,0.29170793
2026-08-15 04:15:00,0.28301156,0.281511
2026-08-15 04:15:00,0.283004,0.28294376
2026-08-15 04:15:00,0.2829977,0.2890428
2026-08-15 04:15:00,0.28299245,0.2916917
2026-08-15 04:30:00,0.28301156,0.28159937
2026-08-15 04:30:00,0.283004,0.2829632
2026-08-15 04:30:00,0.2829977,0.28904438
2026-08-15 04:30:00,0.28299245,0.29170978
2026-08-15 04:45:00,0.28301156,0.28167742
2026-08-15 04:45:00,0.283004,0.28299403
2026-08-15 04:45:00,0.2829977,0.28907034
2026-08-15 04:45:00,0.28299245,0.29177216
2026-08-15 05:00:00,0.28301156,0.28172746
2026-08-15 05:00:00,0.283004,0.2830422
2026-08-15 05:00:00,0.2829977,0.28911984
2026-08-15 05:00:00,0.2838139,0.29186583
2026-08-15 05:15:00,0.28301156,0.28177866
2026-08-15 05:15:00,0.283004,0.28307408
2026-08-15 05:15:00,0.2838191,0.28914338
2026-08-15 05:15:00,0.29023167,0.29190317
2026-08-15 05:30:00,0.28301156,0.28232864
2026-08-15 05:30:00,0.2838254,0.283227
2026-08-15 05:30:00,0.29023686,0.28895533
2026-08-15 05:30:00,0.3099258,0.29100996
2026-08-15 05:45:00,0.28383297,0.28516495
2026-08-15 05:45:00,0.29024306,0.28544736
2026-08-15 05:45:00,0.30993083,0.29037744
2026-08-15 05:45:00,0.34218827,0.29171905
2026-08-15 06:00:00,0.29025057,0.29022384
2026-08-15 06:00:00,0.30993688,0.29067072
2026-08-15 06:00:00,0.34219304,0.29553324
2026-08-15 06:00:00,0.3283927,0.29775485
2026-08-15 06:15:00,0.30994412,0.2934909
2026-08-15 06:15:00,0.34219876,0.29631838
2026-08-15 06:15:00,0.3283976,0.30367056
2026-08-15 06:15:00,0.3481906,0.3093042
2026-08-15 06:30:00,0.34220567,0.3078956
2026-08-15 06:30:00,0.32840344,0.3199564
2026-08-15 06:30:00,0.3481953,0.33731738
2026-08-15 06:30:00,0.4352396,0.35322714
2026-08-15 06:45:00,0.3284105,0.337875
2026-08-15 06:45:00,0.34820098,0.35905248
2026-08-15 06:45:00,0.43524367,0.38560382
2026-08-15 06:45:00,0.44053018,0.40984
2026-08-15 07:00:00,0.3482078,0.363007
2026-08-15 07:00:00,0.4352485,0.38770506
2026-08-15 07:00:00,0.44053414,0.41677785
2026-08-15 07:00:00,0.44582075,0.44288212
2026-08-15 07:15:00,0.43525434,0.3868548
2026-08-15 07:15:00,0.44053894,0.41302326
2026-08-15 07:15:00,0.44582465,0.44210666
2026-08-15 07:15:00,0.40742815,0.4680872
2026-08-15 07:30:00,0.44054472,0.40721172
2026-08-15 07:30:00,0.4458294,0.43435952
2026-08-15 07:30:00,0.40743238,0.46338946
2026-08-15 07:30:00,0.51341903,0.48960406
2026-08-15 07:45:00,0.44583514,0.42623812
2026-08-15 07:45:00,0.40743747,0.45410624
2026-08-15 07:45:00,0.51342237,0.48314446
2026-08-15 07:45:00,0.6194098,0.50948304
2026-08-15 08:00:00,0.40744367,0.4498611
2026-08-15 08:00:00,0.5134264,0.47796798
2026-08-15 08:00:00,0.61941236,0.50641954
2026-08-15 08:00:00,0.5765897,0.5324409
2026-08-15 08:15:00,0.51343143,0.46973884
2026-08-15 08:15:00,0.6194154,0.49724847
2026-08-15 08:15:00,0.57659256,0.52440023
2026-08-15 08:15:00,0.5337696,0.54932314
2026-08-15 08:30:00,0.6194192,0.49397236
2026-08-15 08:30:00,0.576596,0.52037215
2026-08-15 08:30:00,0.5337728,0.545892
2026-08-15 08:30:00,0.5091412,0.5693158
2026-08-15 08:45:00,0.5766003,0.5323929
2026-08-15 08:45:00,0.5337767,0.55691874
2026-08-15 08:45:00,0.5091446,0.58062637
2026-08-15 08:45:00,0.49657527,0.6021224
2026-08-15 09:00:00,0.53378147,0.56822765
2026-08-15 09:00:00,0.5091487,0.59025764
2026-08-15 09:00:00,0.49657878,0.6115526
2026-08-15 09:00:00,0.628116,0.6302676
2026-08-15 09:15:00,0.5091538,0.59340775
2026-08-15 09:15:00,0.496583,0.61328924
2026-08-15 09:15:00,0.62811846,0.63211006
2026-08-15 09:15:00,0.7596567,0.6480629
2026-08-15 09:30:00,0.4965882,0.60040873
2026-08-15 09:30:00,0.62812144,0.6195198
2026-08-15 09:30:00,0.7596581,0.63639516
2026-08-15 09:30:00,0.7251775,0.650126
2026-08-15 09:45:00,0.6281252,0.5933565
2026-08-15 09:45:00,0.7596598,0.61266124
2026-08-15 09:45:00,0.7251792,0.62826276
2026-08-15 09:45:00,0.6906984,0.64014715
2026-08-15 10:00:00,0.7596621,0.60993993
2026-08-15 10:00:00,0.7251812,0.62689006
2026-08-15 10:00:00,0.6907003,0.640097
2026-08-15 10:00:00,0.7644406,0.6497593
2026-08-15 10:15:00,0.7251839,0.6602347
2026-08-15 10:15:00,0.6907027,0.67036396
2026-08-15 10:15:00,0.76444197,0.6793158
2026-08-15 10:15:00,0.8381828,0.6856786
2026-08-15 10:30:00,0.69070566,0.6925659
2026-08-15 10:30:00,0.76444364,0.69687617
2026-08-15 10:30:00,0.8381835,0.7025488
2026-08-15 10:30:00,0.82294714,0.7058009
2026-08-15 10:45:00,0.7644458,0.7066319
2026-08-15 10:45:00,0.83818454,0.70716035
2026-08-15 10:45:00,0.822948,0.7103623
2026-08-15 10:45:00,0.82453763,0.7109158
2026-08-15 11:00:00,0.8381859,0.7228799
2026-08-15 11:00:00,0.8229491,0.7190599
2026-08-15 11:00:00,0.8245386,0.7200613
2026-08-15 11:00:00,0.82612824,0.7179574
2026-08-15 11:15:00,0.82295066,0.7415894
2026-08-15 11:15:00,0.82453966,0.7329937
2026-08-15 11:15:00,0.8261291,0.7322227
2026-08-15 11:15:00,0.86245704,0.7275907
2026-08-15 11:30:00,0.82454115,0.75345755
2026-08-15 11:30:00,0.82613015,0.74153906
2026-08-15 11:30:00,0.8624575,0.73945236
2026-08-15 11:30:00,0.8590541,0.73281634
2026-08-15 11:45:00,0.82613164,0.76225317
2026-08-15 11:45:00,0.8624583,0.74790704
2026-08-15 11:45:00,0.8590547,0.7448694
2026-08-15 11:45:00,0.8494606,0.7367016
2026-08-15 12:00:00,0.8624594,0.7657875
2026-08-15 12:00:00,0.8590554,0.7502386
2026-08-15 12:00:00,0.8494613,0.7465023
2026-08-15 12:00:00,0.6531733,0.73736817
2026-08-15 12:15:00,0.8590566,0.76779795
2026-08-15 12:15:00,0.84946215,0.75153095
2026-08-15 12:15:00,0.6531756,0.7472339
2026-08-15 12:15:00,0.72069883,0.7374176
2026-08-15 12:30:00,0.8494634,0.76779735
2026-08-15 12:30:00,0.65317833,0.75119185
2026-08-15 12:30:00,0.7207005,0.7463651
2026-08-15 12:30:00,0.7882242,0.7359984
2026-08-15 12:45:00,0.6531818,0.76606435
2026-08-15 12:45:00,0.7207026,0.74935627
2026-08-15 12:45:00,0.7882254,0.7439425
2026-08-15 12:45:00,0.8309181,0.7330054
2026-08-15 13:00:00,0.7207053,0.7494621
2026-08-15 13:00:00,0.78822684,0.73482907
2026-08-15 13:00:00,0.8309189,0.7284476
2026-08-15 13:00:00,0.83117867,0.7167181
2026-08-15 13:15:00,0.78822875,0.7394217
2026-08-15 13:15:00,0.8309199,0.72561616
2026-08-15 13:15:00,0.8311794,0.7181733
2026-08-15 13:15:00,0.80662,0.70546603
2026-08-15 13:30:00,0.8309214,0.7331643
2026-08-15 13:30:00,0.83118045,0.71946037
2026-08-15 13:30:00,0.8066211,0.71103466
2026-08-15 13:30:00,0.6198695,0.69743717
2026-08-15 13:45:00,0.8311819,0.7295282
2026-08-15 13:45:00,0.80662227,0.7153268
2026-08-15 13:45:00,0.619872,0.70590496
2026-08-15 13:45:00,0.43311897,0.69140935
2026-08-15 14:00:00,0.806624,0.7232345
2026-08-15 14:00:00,0.6198751,0.70895076
2026-08-15 14:00:00,0.433123,0.6981142
2026-08-15 14:00:00,0.4185977,0.6822846
2026-08-15 14:15:00,0.6198789,0.7141932
2026-08-15 14:15:00,0.43312785,0.700688
2026-08-15 14:15:00,0.41860187,0.6890856
2026-08-15 14:15:00,0.40731305,0.6725233
2026-08-15 14:30:00,0.43313372,0.68039787
2026-08-15 14:30:00,0.41860682,0.67212707
2026-08-15 14:30:00,0.40731728,0.65974367
2026-08-15 14:30:00,0.47013444,0.6409248
2026-08-15 14:45:00,0.4186129,0.6363731
2026-08-15 14:45:00,0.40732238,0.63312024
2026-08-15 14:45:00,0.47013813,0.6207204
2026-08-15 14:45:00,0.5329558,0.598739
2026-08-15 15:00:00,0.40732855,0.5876292
2026-08-15 15:00:00,0.47014266,0.5867417
2026-08-15 15:00:00,0.53295904,0.5754719
2026-08-15 15:00:00,0.6458484,0.55343497
2026-08-15 15:15:00,0.47014815,0.5350667
2026-08-15 15:15:00,0.5329629,0.53227675
2026-08-15 15:15:00,0.6458508,0.5217241
2026-08-15 15:15:00,0.65622866,0.5037455
2026-08-15 15:30:00,0.5329677,0.503766
2026-08-15 15:30:00,0.6458535,0.4980206
2026-08-15 15:30:00,0.65623087,0.48598936
2026-08-15 15:30:00,0.5623014,0.46967256
2026-08-15 15:45:00,0.6458571,0.4900158
2026-08-15 15:45:00,0.65623355,0.48095074
2026-08-15 15:45:00,0.5623044,0.46634942
2026-08-15 15:45:00,0.4683742,0.449561
2026-08-15 16:00:00,0.656237,0.49497172
2026-08-15 16:00:00,0.562308,0.48089343
2026-08-15 16:00:00,0.46837795,0.4611054
2026-08-15 16:00:00,0.45872128,0.4413308
2026-08-15 16:15:00,0.5623125,0.4899001
2026-08-15 16:15:00,0.46838245,0.47384685
2026-08-15 16:15:00,0.4587251,0.45139757
2026-08-15 16:15:00,0.44906837,0.4302162
2026-08-15 16:30:00,0.46838796,0.47571826
2026-08-15 16:30:00,0.45872968,0.45781547
2026-08-15 16:30:00,0.44907224,0.43342453
2026-08-15 16:30:00,0.412758,0.4106916
2026-08-15 16:45:00,0.45873532,0.45313734
2026-08-15 16:45:00,0.44907695,0.43396732
2026-08-15 16:45:00,0.41276217,0.408638
2026-08-15 16:45:00,0.33161083,0.38523686
2026-08-15 17:00:00,0.44908267,0.42903325
2026-08-15 17:00:00,0.41276723,0.40939766
2026-08-15 17:00:00,0.3316157,0.3847764
2026-08-15 17:00:00,0.3309096,0.3617916
2026-08-15 17:15:00,0.41277337,0.40233505
2026-08-15 17:15:00,0.3316215,0.38363153
2026-08-15 17:15:00,0.33091447,0.3630783
2026-08-15 17:15:00,0.33020842,0.3429041
2026-08-15 17:30:00,0.33162853,0.38785043
2026-08-15 17:30:00,0.3309203,0.36924148
2026-08-15 17:30:00,0.33021328,0.35037386
2026-08-15 17:30:00,0.3092482,0.33145377
2026-08-15 17:45:00,0.33092734,0.36748123
2026-08-15 17:45:00,0.3302191,0.35008594
2026-08-15 17:45:00,0.30925325,0.3333044
2026-08-15 17:45:00,0.29749915,0.31689727
2026-08-15 18:00:00,0.33022615,0.3437485
2026-08-15 18:00:00,0.30925927,0.3282301
2026-08-15 18:00:00,0.29750428,0.3151177
2026-08-15 18:00:00,0.2877475,0.30219626
2026-08-15 18:15:00,0.30926657,0.32217413
2026-08-15 18:15:00,0.29751042,0.30996293
2026-08-15 18:15:00,0.28775272,0.30200535
2026-08-15 18:15:00,0.28299245,0.29364857
2026-08-15 18:30:00,0.29751784,0.3084914
2026-08-15 18:30:00,0.28775895,0.2992158
2026-08-15 18:30:00,0.2829977,0.29533952
2026-08-15 18:30:00,0.28299245,0.2902925
2026-08-15 18:45:00,0.28776646,0.30135575
2026-08-15 18:45:00,0.283004,0.29396725
2026-08-15 18:45:00,0.2829977,0.29250532
2026-08-15 18:45:00,0.28299245,0.289436
2026-08-15 19:00:00,0.28301156,0.2956155
2026-08-15 19:00:00,0.283004,0.29047573
2026-08-15 19:00:00,0.2829977,0.2912712
2026-08-15 19:00:00,0.28299245,0.29015902
2026-08-15 19:15:00,0.28301156,0.2902658
2026-08-15 19:15:00,0.283004,0.28809586
2026-08-15 19:15:00,0.2829977,0.29125023
2026-08-15 19:15:00,0.28299245,0.29215306
2026-08-15 19:30:00,0.28301156,0.28665736
2026-08-15 19:30:00,0.283004,0.28625217
2026-08-15 19:30:00,0.2829977,0.2908204
2026-08-15 19:30:00,0.28299245,0.292499
2026-08-15 19:45:00,0.28301156,0.28470182
2026-08-15 19:45:00,0.283004,0.28480744
2026-08-15 19:45:00,0.2829977,0.28978464
2026-08-15 19:45:00,0.28299245,0.29151002
2026-08-15 20:00:00,0.28301156,0.28376448
2026-08-15 20:00:00,0.283004,0.28379658
2026-08-15 20:00:00,0.2829977,0.2889018
2026-08-15 20:00:00,0.28299245,0.29057688
2026-08-15 20:15:00,0.28301156,0.28322923
2026-08-15 20:15:00,0.283004,0.28335014
2026-08-15 20:15:00,0.2829977,0.28862694
2026-08-15 20:15:00,0.28299245,0.29039875
2026-08-15 20:30:00,0.28301156,0.2827252
2026-08-15 20:30:00,0.283004,0.28301427
2026-08-15 20:30:00,0.2829977,0.2884238
2026-08-15 20:30:00,0.28299245,0.29037613
2026-08-15 20:45:00,0.28301156,0.28248996
2026-08-15 20:45:00,0.283004,0.28281823
2026-08-15 20:45:00,0.2829977,0.28826213
2026-08-15 20:45:00,0.28299245,0.29039276
2026-08-15 21:00:00,0.28301156,0.28222063
2026-08-15 21:00:00,0.283004,0.28264993
2026-08-15 21:00:00,0.2829977,0.28819877
2026-08-15 21:00:00,0.28299245,0.2904243
2026-08-15 21:15:00,0.28301156,0.28203642
2026-08-15 21:15:00,0.283004,0.28248852
2026-08-15 21:15:00,0.2829977,0.28810042
2026-08-15 21:15:00,0.28299245,0.29041645
2026-08-15 21:30:00,0.28301156,0.28202054
2026-08-15 21:30:00,0.283004,0.28242043
2026-08-15 21:30:00,0.2829977,0.2880382
2026-08-15 21:30:00,0.28299245,0.29043803
2026-08-15 21:45:00,0.28301156,0.28206098
2026-08-15 21:45:00,0.283004,0.2824071
2026-08-15 21:45:00,0.2829977,0.28803065
2026-08-15 21:45:00,0.28299245,0.29048076
2026-08-15 22:00:00,0.28301156,0.2820391
2026-08-15 22:00:00,0.283004,0.28243423
2026-08-15 22:00:00,0.2829977,0.28807795
2026-08-15 22:00:00,0.28299245,0.29056782
2026-08-15 22:15:00,0.28301156,0.28198317
2026-08-15 22:15:00,0.283004,0.28241885
2026-08-15 22:15:00,0.2829977,0.28808433
2026-08-15 22:15:00,0.28299245,0.2906301
2026-08-15 22:30:00,0.28301156,0.2820264
2026-08-15 22:30:00,0.283004,0.28242022
2026-08-15 22:30:00,0.2829977,0.28807947
2026-08-15 22:30:00,0.28299245,0.29067186
2026-08-15 22:45:00,0.28301156,0.28207815
2026-08-15 22:45:00,0.283004,0.28240815
2026-08-15 22:45:00,0.2829977,0.28807074
2026-08-15 22:45:00,0.28299245,0.29069668
2026-08-15 23:00:00,0.28301156,0.28216514
2026-08-15 23:00:00,0.283004,0.28246117
2026-08-15 23:00:00,0.2829977,0.28811127
2026-08-15 23:00:00,0.28299245,0.29075947
2026-08-15 23:15:00,0.28301156,0.28215882
2026-08-15 23:15:00,0.283004,0.2825233
2026-08-15 23:15:00,0.2829977,0.28818598
2026-08-15 23:15:00,0.28299245,0.29085052
2026-08-15 23:30:00,0.28301156,0.28210595
2026-08-15 23:30:00,0.283004,0.28252026
2026-08-15 23:30:00,0.2829977,0.2881995
2026-08-15 23:30:00,0.28299245,0.2908798
2026-08-15 23:45:00,0.28301156,0.28217638
2026-08-15 23:45:00,0.283004,0.2825307
2026-08-15 23:45:00,0.2829977,0.28820518
2026-08-15 23:45:00,0.28299245,0.2909184
2026-08-16 00:00:00,0.28301156,0.2822403
2026-08-16 00:00:00,0.283004,0.28251576
2026-08-16 00:00:00,0.2829977,0.2882001
2026-08-16 00:00:00,0.28299245,0.29093435
2026-08-16 00:15:00,0.28301156,0.2822845
2026-08-16 00:15:00,0.283004,0.28250635
2026-08-16 00:15:00,0.2829977,0.2882408
2026-08-16 00:15:00,0.28299245,0.291072
2026-08-16 00:30:00,0.28301156,0.28238264
2026-08-16 00:30:00,0.283004,0.2825812
2026-08-16 00:30:00,0.2829977,0.28836533
2026-08-16 00:30:00,0.28299245,0.29133743
2026-08-16 00:45:00,0.28301156,0.28249317
2026-08-16 00:45:00,0.283004,0.28268775
2026-08-16 00:45:00,0.2829977,0.28849
2026-08-16 00:45:00,0.28299245,0.29154766
2026-08-16 01:00:00,0.28301156,0.2825368
2026-08-16 01:00:00,0.283004,0.28276396
2026-08-16 01:00:00,0.2829977,0.2885589
2026-08-16 01:00:00,0.28299245,0.2916421
2026-08-16 01:15:00,0.28301156,0.282571
2026-08-16 01:15:00,0.283004,0.28286925
2026-08-16 01:15:00,0.2829977,0.2887251
2026-08-16 01:15:00,0.28299245,0.2919276
2026-08-16 01:30:00,0.28301156,0.28269923
2026-08-16 01:30:00,0.283004,0.28303528
2026-08-16 01:30:00,0.2829977,0.28896093
2026-08-16 01:30:00,0.28299245,0.2923133
2026-08-16 01:45:00,0.28301156,0.28283906
2026-08-16 01:45:00,0.283004,0.2832028
2026-08-16 01:45:00,0.2829977,0.28919968
2026-08-16 01:45:00,0.28299245,0.29269305
2026-08-16 02:00:00,0.28301156,0.28299132
2026-08-16 02:00:00,0.283004,0.28335685
2026-08-16 02:00:00,0.2829977,0.28933296
2026-08-16 02:00:00,0.28299245,0.29285377
2026-08-16 02:15:00,0.28301156,0.28308645
2026-08-16 02:15:00,0.283004,0.28350803
2026-08-16 02:15:00,0.2829977,0.28948277
2026-08-16 02:15:00,0.28299245,0.29304343
2026-08-16 02:30:00,0.28301156,0.2832282
2026-08-16 02:30:00,0.283004,0.2837313
2026-08-16 02:30:00,0.2829977,0.28976837
2026-08-16 02:30:00,0.28299245,0.29345945
2026-08-16 02:45:00,0.28301156,0.28345695
2026-08-16 02:45:00,0.283004,0.2840098
2026-08-16 02:45:00,0.2829977,0.29010797
2026-08-16 02:45:00,0.28299245,0.29393807
2026-08-16 03:00:00,0.28301156,0.28361797
2026-08-16 03:00:00,0.283004,0.2841904
2026-08-16 03:00:00,0.2829977,0.29032072
2026-08-16 03:00:00,0.28299245,0.29421705
2026-08-16 03:15:00,0.28301156,0.2838407
2026-08-16 03:15:00,0.283004,0.28452697
2026-08-16 03:15:00,0.2829977,0.29075736
2026-08-16 03:15:00,0.28299245,0.29483742
2026-08-16 03:30:00,0.28301156,0.28412306
2026-08-16 03:30:00,0.283004,0.28495374
2026-08-16 03:30:00,0.2829977,0.2912942
2026-08-16 03:30:00,0.28299245,0.2955817
2026-08-16 03:45:00,0.28301156,0.28467986
2026-08-16 03:45:00,0.283004,0.2853311
2026-08-16 03:45:00,0.2829977,0.29097196
2026-08-16 03:45:00,0.28299245,0.29462335
2026-08-16 04:00:00,0.28301156,0.2845733
2026-08-16 04:00:00,0.283004,0.28513074
2026-08-16 04:00:00,0.2829977,0.29038107
2026-08-16 04:00:00,0.28299245,0.29341033
2026-08-16 04:15:00,0.28301156,0.2848859
2026-08-16 04:15:00,0.283004,0.28494853
2026-08-16 04:15:00,0.2829977,0.2899698
2026-08-16 04:15:00,0.28299245,0.2924456
2026-08-16 04:30:00,0.28301156,0.28536803
2026-08-16 04:30:00,0.283004,0.2846667
2026-08-16 04:30:00,0.2829977,0.28946334
2026-08-16 04:30:00,0.28299245,0.29155275
2026-08-16 04:45:00,0.28301156,0.2851436
2026-08-16 04:45:00,0.283004,0.2843265
2026-08-16 04:45:00,0.2829977,0.28939515
2026-08-16 04:45:00,0.28299245,0.2917233
2026-08-16 05:00:00,0.28301156,0.28493786
2026-08-16 05:00:00,0.283004,0.2842511
2026-08-16 05:00:00,0.2829977,0.2894607
2026-08-16 05:00:00,0.28828016,0.29191628
2026-08-16 05:15:00,0.28301156,0.28499514
2026-08-16 05:15:00,0.283004,0.2844171
2026-08-16 05:15:00,0.28828537,0.28973752
2026-08-16 05:15:00,0.30826324,0.2922462
2026-08-16 05:30:00,0.28301156,0.28542042
2026-08-16 05:30:00,0.2882916,0.28506085
2026-08-16 05:30:00,0.3082683,0.2906507
2026-08-16 05:30:00,0.3335771,0.29360318
2026-08-16 05:45:00,0.2882991,0.28573057
2026-08-16 05:45:00,0.30827433,0.28585368
2026-08-16 05:45:00,0.33358192,0.29178545
2026-08-16 05:45:00,0.34576166,0.29544106
2026-08-16 06:00:00,0.30828163,0.28638563
2026-08-16 06:00:00,0.3335877,0.28726178
2026-08-16 06:00:00,0.3457664,0.2938246
2026-08-16 06:00:00,0.3456839,0.2982866
2026-08-16 06:15:00,0.33359474,0.28870896
2026-08-16 06:15:00,0.3457721,0.2903105
2026-08-16 06:15:00,0.34568864,0.29746485
2026-08-16 06:15:00,0.34560615,0.3027065
2026-08-16 06:30:00,0.34577894,0.2987599
2026-08-16 06:30:00,0.34569433,0.30632374
2026-08-16 06:30:00,0.34561092,0.3197333
2026-08-16 06:30:00,0.3819384,0.33155188
2026-08-16 06:45:00,0.34570122,0.31841895
2026-08-16 06:45:00,0.34561658,0.33331287
2026-08-16 06:45:00,0.38194287,0.35375097
2026-08-16 06:45:00,0.44493896,0.37218952
2026-08-16 07:00:00,0.34562346,0.33941668
2026-08-16 07:00:00,0.3819482,0.35882103
2026-08-16 07:00:00,0.4449429,0.38322732
2026-08-16 07:00:00,0.52770585,0.40492684
2026-08-16 07:15:00,0.38195467,0.35773483
2026-08-16 07:15:00,0.44494763,0.37999082
2026-08-16 07:15:00,0.5277091,0.40623063
2026-08-16 07:15:00,0.54772353,0.42906004
2026-08-16 07:30:00,0.44495338,0.37104467
2026-08-16 07:30:00,0.52771306,0.39489022
2026-08-16 07:30:00,0.54772663,0.422009
2026-08-16 07:30:00,0.55950546,0.44551867
2026-08-16 07:45:00,0.5277179,0.38383964
2026-08-16 07:45:00,0.5477304,0.40887287
2026-08-16 07:45:00,0.55950844,0.43666443
2026-08-16 07:45:00,0.59198356,0.46087268
2026-08-16 08:00:00,0.547735,0.4165817
2026-08-16 08:00:00,0.5595121,0.4436754
2026-08-16 08:00:00,0.5919863,0.4727379
2026-08-16 08:00:00,0.61463034,0.49917018
2026-08-16 08:15:00,0.55951655,0.47166616
2026-08-16 08:15:00,0.59198964,0.498476
2026-08-16 08:15:00,0.61463296,0.52539814
2026-08-16 08:15:00,0.60019255,0.5511846
2026-08-16 08:30:00,0.59199375,0.51477593
2026-08-16 08:30:00,0.61463606,0.53991
2026-08-16 08:30:00,0.6001953,0.5642445
2026-08-16 08:30:00,0.5612037,0.58749354
2026-08-16 08:45:00,0.6146399,0.5484657
2026-08-16 08:45:00,0.6001985,0.5722161
2026-08-16 08:45:00,0.5612067,0.5947503
2026-08-16 08:45:00,0.52221483,0.615601
2026-08-16 09:00:00,0.60020256,0.58141005
2026-08-16 09:00:00,0.56121033,0.6032578
2026-08-16 09:00:00,0.52221817,0.6236837
2026-08-16 09:00:00,0.6473906,0.6418068
2026-08-16 09:15:00,0.5612148,0.6048445
2026-08-16 09:15:00,0.52222216,0.62501967
2026-08-16 09:15:00,0.64739287,0.6431524
2026-08-16 09:15:00,0.7725663,0.65864533
2026-08-16 09:30:00,0.52222705,0.61456716
2026-08-16 09:30:00,0.6473957,0.63390195
2026-08-16 09:30:00,0.77256763,0.64992034
2026-08-16 09:30:00,0.7735133,0.6630553
2026-08-16 09:45:00,0.6473992,0.615662
2026-08-16 09:45:00,0.7725692,0.63452387
2026-08-16 09:45:00,0.77351457,0.64887154
2026-08-16 09:45:00,0.77446026,0.659932
2026-08-16 10:00:00,0.7725713,0.63736236
2026-08-16 10:00:00,0.7735162,0.65303826
2026-08-16 10:00:00,0.7744615,0.6646949
2026-08-16 10:00:00,0.81491053,0.6734727
2026-08-16 10:15:00,0.7735182,0.6783521
2026-08-16 10:15:00,0.77446306,0.6874796
2026-08-16 10:15:00,0.8149115,0.69548
2026-08-16 10:15:00,0.83015823,0.7017589
2026-08-16 10:30:00,0.7744652,0.707102
2026-08-16 10:30:00,0.8149127,0.710293
2026-08-16 10:30:00,0.83015907,0.7152604
2026-08-16 10:30:00,0.8617761,0.71868795
2026-08-16 10:45:00,0.8149143,0.72674286
2026-08-16 10:45:00,0.83016014,0.7247436
2026-08-16 10:45:00,0.8617767,0.727173
2026-08-16 10:45:00,0.7167548,0.7275437
2026-08-16 11:00:00,0.8301616,0.7430186
2026-08-16 11:00:00,0.8617774,0.7363565
2026-08-16 11:00:00,0.71675646,0.7368295
2026-08-16 11:00:00,0.5717335,0.73445904
2026-08-16 11:15:00,0.86177856,0.7507263
2026-08-16 11:15:00,0.7167586,0.7407966
2026-08-16 11:15:00,0.57173634,0.73948586
2026-08-16 11:15:00,0.477768,0.73445463
2026-08-16 11:30:00,0.71676135,0.75737834
2026-08-16 11:30:00,0.5717399,0.74506485
2026-08-16 11:30:00,0.47777167,0.74262583
2026-08-16 11:30:00,0.5974592,0.7359524
2026-08-16 11:45:00,0.5717442,0.75196093
2026-08-16 11:45:00,0.47777608,0.7397419
2026-08-16 11:45:00,0.59746194,0.736269
2026-08-16 11:45:00,0.71715045,0.7284907
2026-08-16 12:00:00,0.47778147,0.73251784
2026-08-16 12:00:00,0.59746516,0.7226869
2026-08-16 12:00:00,0.7171522,0.71814156
2026-08-16 12:00:00,0.8780227,0.70905125
2026-08-16 12:15:00,0.5974692,0.6956885
2026-08-16 12:15:00,0.71715426,0.69172835
2026-08-16 12:15:00,0.878023,0.68600357
2026-08-16 12:15:00,0.7294167,0.6749679
2026-08-16 12:30:00,0.717157,0.67546415
2026-08-16 12:30:00,0.8780237,0.67360497
2026-08-16 12:30:00,0.72941834,0.66670036
2026-08-16 12:30:00,0.5808107,0.653746
2026-08-16 12:45:00,0.8780246,0.673882
2026-08-16 12:45:00,0.7294203,0.67014205
2026-08-16 12:45:00,0.5808135,0.66230893
2026-08-16 12:45:00,0.3682785,0.6484655
2026-08-16 13:00:00,0.7294229,0.7042204
2026-08-16 13:00:00,0.580817,0.6931808
2026-08-16 13:00:00,0.36828303,0.683742
2026-08-16 13:00:00,0.4411561,0.6693634
2026-08-16 13:15:00,0.5808212,0.7174146
2026-08-16 13:15:00,0.36828852,0.70324016
2026-08-16 13:15:00,0.44116008,0.6933348
2026-08-16 13:15:00,0.5140337,0.67864
2026-08-16 13:30:00,0.36829513,0.701657
2026-08-16 13:30:00,0.44116485,0.68945956
2026-08-16 13:30:00,0.5140371,0.6792398
2026-08-16 13:30:00,0.6238483,0.664522
2026-08-16 13:45:00,0.44117063,0.653478
2026-08-16 13:45:00,0.5140412,0.6475413
2026-08-16 13:45:00,0.6238508,0.6378515
2026-08-16 13:45:00,0.73366296,0.62349164
2026-08-16 14:00:00,0.51404613,0.61546475
2026-08-16 14:00:00,0.6238538,0.61227655
2026-08-16 14:00:00,0.7336645,0.60339206
2026-08-16 14:00:00,0.71961164,0.5904001
2026-08-16 14:15:00,0.6238576,0.60093755
2026-08-16 14:15:00,0.73366654,0.5969604
2026-08-16 14:15:00,0.7196134,0.58824575
2026-08-16 14:15:00,0.7055603,0.57657814
2026-08-16 14:30:00,0.73366904,0.60704195
2026-08-16 14:30:00,0.71961546,0.6003169
2026-08-16 14:30:00,0.7055621,0.5906311
2026-08-16 14:30:00,0.6816687,0.57888335
2026-08-16 14:45:00,0.7196182,0.62871563
2026-08-16 14:45:00,0.7055644,0.61746556
2026-08-16 14:45:00,0.6816707,0.60569656
2026-08-16 14:45:00,0.6577771,0.59228075
2026-08-16 15:00:00,0.70556724,0.62999487
2026-08-16 15:00:00,0.68167317,0.61662513
2026-08-16 15:00:00,0.6577793,0.60267484
2026-08-16 15:00:00,0.6176808,0.58705485
2026-08-16 15:15:00,0.6816763,0.6251832
2026-08-16 15:15:00,0.65778196,0.60976905
2026-08-16 15:15:00,0.6176833,0.59281015
2026-08-16 15:15:00,0.5745756,0.57415694
2026-08-16 15:30:00,0.6577854,0.6118405
2026-08-16 15:30:00,0.6176864,0.5948113
2026-08-16 15:30:00,0.5745785,0.57460797
2026-08-16 15:30:00,0.50684935,0.5526718
2026-08-16 15:45:00,0.6176902,0.5945034
2026-08-16 15:45:00,0.574582,0.5753764
2026-08-16 15:45:00,0.5068528,0.5517694
2026-08-16 15:45:00,0.3593213,0.5268742
2026-08-16 16:00:00,0.5745863,0.5715449
2026-08-16 16:00:00,0.5068569,0.54990506
2026-08-16 16:00:00,0.35932595,0.5229802
2026-08-16 16:00:00,0.34732577,0.495877
2026-08-16 16:15:00,0.50686204,0.54471517
2026-08-16 16:15:00,0.3593315,0.52055085
2026-08-16 16:15:00,0.3473305,0.49101514
2026-08-16 16:15:00,0.32437086,0.46264076
2026-08-16 16:30:00,0.35933822,0.5064765
2026-08-16 16:30:00,0.34733617,0.48054498
2026-08-16 16:30:00,0.32437578,0.44945017
2026-08-16 16:30:00,0.3169233,0.4207607
2026-08-16 16:45:00,0.34734303,0.46042222
2026-08-16 16:45:00,0.32438168,0.4353497
2026-08-16 16:45:00,0.31692827,0.4056884
2026-08-16 16:45:00,0.305988,0.37864318
2026-08-16 17:00:00,0.3243888,0.42104524
2026-08-16 17:00:00,0.31693423,0.39782315
2026-08-16 17:00:00,0.30599305,0.3718047
2026-08-16 17:00:00,0.3001605,0.34738073
2026-08-16 17:15:00,0.3169414,0.38728154
2026-08-16 17:15:00,0.30599913,0.36629283
2026-08-16 17:15:00,0.3001656,0.34485877
2026-08-16 17:15:00,0.29541492,0.32399768
2026-08-16 17:30:00,0.30600643,0.3624323
2026-08-16 17:30:00,0.30017173,0.3434544
2026-08-16 17:30:00,0.29542008,0.32622212
2026-08-16 17:30:00,0.29233155,0.30911368
2026-08-16 17:45:00,0.3001791,0.34361777
2026-08-16 17:45:00,0.29542625,0.32683316
2026-08-16 17:45:00,0.29233673,0.31344897
2026-08-16 17:45:00,0.28924817,0.30004337
2026-08-16 18:00:00,0.29543367,0.32831636
2026-08-16 18:00:00,0.29234293,0.31408313
2026-08-16 18:00:00,0.28925335,0.3043474
2026-08-16 18:00:00,0.2861648,0.2945074
2026-08-16 18:15:00,0.29235038,0.31489858
2026-08-16 18:15:00,0.28925958,0.30366728
2026-08-16 18:15:00,0.28617,0.29768884
2026-08-16 18:15:00,0.28299245,0.29124793
2026-08-16 18:30:00,0.2892671,0.30504274
2026-08-16 18:30:00,0.28617626,0.29648748
2026-08-16 18:30:00,0.2829977,0.2937054
2026-08-16 18:30:00,0.28299245,0.28986612
2026-08-16 18:45:00,0.2861838,0.2989422
2026-08-16 18:45:00,0.283004,0.29247588
2026-08-16 18:45:00,0.2829977,0.29193902
2026-08-16 18:45:00,0.28299245,0.28996527
2026-08-16 19:00:00,0.28301156,0.29374635
2026-08-16 19:00:00,0.283004,0.28964233
2026-08-16 19:00:00,0.2829977,0.291263
2026-08-16 19:00:00,0.28299245,0.29100186
2026-08-16 19:15:00,0.28301156,0.2892483
2026-08-16 19:15:00,0.283004,0.28759724
2026-08-16 19:15:00,0.2829977,0.29117697
2026-08-16 19:15:00,0.28299245,0.29239342
2026-08-16 19:30:00,0.28301156,0.28617537
2026-08-16 19:30:00,0.283004,0.28589863
2026-08-16 19:30:00,0.2829977,0.29062122
2026-08-16 19:30:00,0.28299245,0.29238382
2026-08-16 19:45:00,0.28301156,0.2845
2026-08-16 19:45:00,0.283004,0.28463542
2026-08-16 19:45:00,0.2829977,0.28972065
2026-08-16 19:45:00,0.28299245,0.29151273
2026-08-16 20:00:00,0.28301156,0.28352448
2026-08-16 20:00:00,0.283004,0.28376377
2026-08-16 20:00:00,0.2829977,0.28903872
2026-08-16 20:00:00,0.28299245,0.29083213
2026-08-16 20:15:00,0.28301156,0.28301215
2026-08-16 20:15:00,0.283004,0.2832067
2026-08-16 20:15:00,0.2829977,0.28856778
2026-08-16 20:15:00,0.28299245,0.29041272
2026-08-16 20:30:00,0.28301156,0.28271422
2026-08-16 20:30:00,0.283004,0.2828954
2026-08-16 20:30:00,0.2829977,0.28829673
2026-08-16 20:30:00,0.28299245,0.29030496
2026-08-16 20:45:00,0.28301156,0.28252786
2026-08-16 20:45:00,0.283004,0.28272465
2026-08-16 20:45:00,0.2829977,0.2881724
2026-08-16 20:45:00,0.28299245,0.29033142
2026-08-16 21:00:00,0.28301156,0.28229305
2026-08-16 21:00:00,0.283004,0.28267717
2026-08-16 21:00:00,0.2829977,0.2882291
2026-08-16 21:00:00,0.28299245,0.29052255
2026-08-16 21:15:00,0.28301156,0.28202453
2026-08-16 21:15:00,0.283004,0.28253594
2026-08-16 21:15:00,0.2829977,0.2881772
2026-08-16 21:15:00,0.28299245,0.29058775
2026-08-16 21:30:00,0.28301156,0.28199267
2026-08-16 21:30:00,0.283004,0.28246403
2026-08-16 21:30:00,0.2829977,0.2881059
2026-08-16 21:30:00,0.28299245,0.29058054
2026-08-16 21:45:00,0.28301156,0.28213593
2026-08-16 21:45:00,0.283004,0.2826851
2026-08-16 21:45:00,0.2829977,0.28839582
2026-08-16 21:45:00,0.28299245,0.29100132
2026-08-16 22:00:00,0.28301156,0.28193477
2026-08-16 22:00:00,0.283004,0.28279883
2026-08-16 22:00:00,0.2829977,0.288621
2026-08-16 22:00:00,0.28299245,0.29127818
2026-08-16 22:15:00,0.28301156,0.2818839
2026-08-16 22:15:00,0.283004,0.28272596
2026-08-16 22:15:00,0.2829977,0.28851157
2026-08-16 22:15:00,0.28299245,0.29103836
2026-08-16 22:30:00,0.28301156,0.28206268
2026-08-16 22:30:00,0.283004,0.28265694
2026-08-16 22:30:00,0.2829977,0.28833592
2026-08-16 22:30:00,0.28299245,0.29072362
2026-08-16 22:45:00,0.28301156,0.2821274
2026-08-16 22:45:00,0.283004,0.28253132
2026-08-16 22:45:00,0.2829977,0.28820023
2026-08-16 22:45:00,0.28299245,0.29054528
2026-08-16 23:00:00,0.28301156,0.28216246
2026-08-16 23:00:00,0.283004,0.28254706
2026-08-16 23:00:00,0.2829977,0.28821814
2026-08-16 23:00:00,0.28299245,0.29059607
2026-08-16 23:15:00,0.28301156,0.2821478
2026-08-16 23:15:00,0.283004,0.28253093
2026-08-16 23:15:00,0.2829977,0.28820685
2026-08-16 23:15:00,0.28299245,0.29063177
2026-08-16 23:30:00,0.28301156,0.28219602
2026-08-16 23:30:00,0.283004,0.2824658
2026-08-16 23:30:00,0.2829977,0.28810233
2026-08-16 23:30:00,0.28299245,0.29050735
2026-08-16 23:45:00,0.28301156,0.28240445
2026-08-16 23:45:00,0.283004,0.28246948
2026-08-16 23:45:00,0.2829977,0.28805926
2026-08-16 23:45:00,0.28299245,0.29052126
2026-08-17 00:00:00,0.28301156,0.28236213
2026-08-17 00:00:00,0.283004,0.2824632
2026-08-17 00:00:00,0.2829977,0.28813744
2026-08-17 00:00:00,0.28299245,0.29086593
2026-08-17 00:15:00,0.28301156,0.2822477
2026-08-17 00:15:00,0.283004,0.28255028
2026-08-17 00:15:00,0.2829977,0.28835905
2026-08-17 00:15:00,0.28299245,0.291362
2026-08-17 00:30:00,0.28301156,0.2823613
2026-08-17 00:30:00,0.283004,0.2826899
2026-08-17 00:30:00,0.2829977,0.28846097
2026-08-17 00:30:00,0.28299245,0.2915068
2026-08-17 00:45:00,0.28301156,0.28249457
2026-08-17 00:45:00,0.283004,0.28279647
2026-08-17 00:45:00,0.2829977,0.28855035
2026-08-17 00:45:00,0.28299245,0.29161856
2026-08-17 01:00:00,0.28301156,0.28256488
2026-08-17 01:00:00,0.283004,0.2828482
2026-08-17 01:00:00,0.2829977,0.28859064
2026-08-17 01:00:00,0.28299245,0.29165062
2026-08-17 01:15:00,0.28301156,0.2826226
2026-08-17 01:15:00,0.283004,0.282909
2026-08-17 01:15:00,0.2829977,0.28869683
2026-08-17 01:15:00,0.28299245,0.29184505
2026-08-17 01:30:00,0.28301156,0.28274238
2026-08-17 01:30:00,0.283004,0.2830251
2026-08-17 01:30:00,0.2829977,0.2888838
2026-08-17 01:30:00,0.28299245,0.2921766
2026-08-17 01:45:00,0.28301156,0.28335875
2026-08-17 01:45:00,0.283004,0.28381327
2026-08-17 01:45:00,0.2829977,0.28945166
2026-08-17 01:45:00,0.28299245,0.2926457
2026-08-17 02:00:00,0.28301156,0.28311455
2026-08-17 02:00:00,0.283004,0.28391904
2026-08-17 02:00:00,0.2829977,0.2894864
2026-08-17 02:00:00,0.28299245,0.29238662
2026-08-17 02:15:00,0.28301156,0.28332376
2026-08-17 02:15:00,0.283004,0.28381526
2026-08-17 02:15:00,0.2829977,0.28918815
2026-08-17 02:15:00,0.28299245,0.29160848
2026-08-17 02:30:00,0.28301156,0.28375134
2026-08-17 02:30:00,0.283004,0.28355944
2026-08-17 02:30:00,0.2829977,0.28872404
2026-08-17 02:30:00,0.28299245,0.29079723
2026-08-17 02:45:00,0.28301156,0.28370228
2026-08-17 02:45:00,0.283004,0.28323978
2026-08-17 02:45:00,0.2829977,0.28851807
2026-08-17 02:45:00,0.28299245,0.29061112
2026-08-17 03:00:00,0.28301156,0.28371346
2026-08-17 03:00:00,0.283004,0.28340936
2026-08-17 03:00:00,0.2829977,0.28880608
2026-08-17 03:00:00,0.28299245,0.29122803
2026-08-17 03:15:00,0.28301156,0.28326508
2026-08-17 03:15:00,0.283004,0.2833203
2026-08-17 03:15:00,0.2829977,0.28888765
2026-08-17 03:15:00,0.28299245,0.29135332
2026-08-17 03:30:00,0.28301156,0.28336862
2026-08-17 03:30:00,0.283004,0.28339973
2026-08-17 03:30:00,0.2829977,0.28889495
2026-08-17 03:30:00,0.28299245,0.29114044
2026-08-17 03:45:00,0.28301156,0.2843679
2026-08-17 03:45:00,0.283004,0.28427386
2026-08-17 03:45:00,0.2829977,0.28971493
2026-08-17 03:45:00,0.28299245,0.2916873
2026-08-17 04:00:00,0.28301156,0.2862506
2026-08-17 04:00:00,0.283004,0.2861364
2026-08-17 04:00:00,0.2829977,0.29164517
2026-08-17 04:00:00,0.28299245,0.29424766
2026-08-17 04:15:00,0.28301156,0.2862986
2026-08-17 04:15:00,0.283004,0.2868873
2026-08-17 04:15:00,0.2829977,0.29296747
2026-08-17 04:15:00,0.28299245,0.2968421
2026-08-17 04:30:00,0.28301156,0.28517026
2026-08-17 04:30:00,0.283004,0.28678355
2026-08-17 04:30:00,0.2829977,0.29375404
2026-08-17 04:30:00,0.28299245,0.29890805
2026-08-17 04:45:00,0.28301156,0.28623065
2026-08-17 04:45:00,0.283004,0.28820238
2026-08-17 04:45:00,0.2829977,0.2936988
2026-08-17 04:45:00,0.28299245,0.29751754
2026-08-17 05:00:00,0.28301156,0.2860085
2026-08-17 05:00:00,0.283004,0.28766158
2026-08-17 05:00:00,0.2829977,0.29244265
2026-08-17 05:00:00,0.28299245,0.29529542
2026-08-17 05:15:00,0.28301156,0.2859738
2026-08-17 05:15:00,0.283004,0.28640762
2026-08-17 05:15:00,0.2829977,0.2909301
2026-08-17 05:15:00,0.29674917,0.29281342
2026-08-17 05:30:00,0.28301156,0.28693372
2026-08-17 05:30:00,0.283004,0.28593078
2026-08-17 05:30:00,0.2967543,0.29011953
2026-08-17 05:30:00,0.3090803,0.2915891
2026-08-17 05:45:00,0.28301156,0.28702176
2026-08-17 05:45:00,0.29676047,0.28608835
2026-08-17 05:45:00,0.30908534,0.29117936
2026-08-17 05:45:00,0.3289542,0.2938426
2026-08-17 06:00:00,0.29676786,0.2872329
2026-08-17 06:00:00,0.3090914,0.287221
2026-08-17 06:00:00,0.32895908,0.29320583
2026-08-17 06:00:00,0.35495985,0.29707497
2026-08-17 06:15:00,0.30909866,0.28873655
2026-08-17 06:15:00,0.32896492,0.2896395
2026-08-17 06:15:00,0.3549645,0.29626456
2026-08-17 06:15:00,0.371198,0.30101204
2026-08-17 06:30:00,0.32897198,0.29811716
2026-08-17 06:30:00,0.3549701,0.30522963
2026-08-17 06:30:00,0.37120253,0.31827888
2026-08-17 06:30:00,0.40592676,0.32984358
2026-08-17 06:45:00,0.3549769,0.32048684
2026-08-17 06:45:00,0.37120795,0.33599615
2026-08-17 06:45:00,0.405931,0.3573142
2026-08-17 06:45:00,0.4362862,0.3765861
2026-08-17 07:00:00,0.37121457,0.34406275
2026-08-17 07:00:00,0.40593612,0.36462352
2026-08-17 07:00:00,0.4362902,0.3904028
2026-08-17 07:00:00,0.4669426,0.41321477
2026-08-17 07:15:00,0.40594232,0.36602125
2026-08-17 07:15:00,0.43629503,0.38961366
2026-08-17 07:15:00,0.46694636,0.417337
2026-08-17 07:15:00,0.50173753,0.44178393
2026-08-17 07:30:00,0.43630087,0.3795409
2026-08-17 07:30:00,0.4669509,0.40458566
2026-08-17 07:30:00,0.50174105,0.43291932
2026-08-17 07:30:00,0.53362465,0.45778507
2026-08-17 07:45:00,0.46695644,0.39822373
2026-08-17 07:45:00,0.5017452,0.424841
2026-08-17 07:45:00,0.53362787,0.4529094
2026-08-17 07:45:00,0.5641998,0.4776892
2026-08-17 08:00:00,0.50175035,0.42425287
2026-08-17 08:00:00,0.5336318,0.4517604
2026-08-17 08:00:00,0.5642028,0.47950184
2026-08-17 08:00:00,0.6041734,0.5045307
2026-08-17 08:15:00,0.53363657,0.45066577
2026-08-17 08:15:00,0.56420636,0.47798562
2026-08-17 08:15:00,0.60417604,0.5042918
2026-08-17 08:15:00,0.63188446,0.5283533
2026-08-17 08:30:00,0.5642108,0.48758203
2026-08-17 08:30:00,0.60417926,0.5135185
2026-08-17 08:30:00,0.63188684,0.53737533
2026-08-17 08:30:00,0.64902425,0.5593499
2026-08-17 08:45:00,0.60418326,0.5205272
2026-08-17 08:45:00,0.6318898,0.54487544
2026-08-17 08:45:00,0.6490265,0.56759423
2026-08-17 08:45:00,0.66063184,0.5879957
2026-08-17 09:00:00,0.6318935,0.56013143
2026-08-17 09:00:00,0.6490293,0.58224237
2026-08-17 09:00:00,0.66063404,0.602893
2026-08-17 09:00:00,0.66429514,0.62057483
2026-08-17 09:15:00,0.64903283,0.59812164
2026-08-17 09:15:00,0.66063666,0.6171551
2026-08-17 09:15:00,0.6642973,0.63525176
2026-08-17 09:15:00,0.6928503,0.64996433
2026-08-17 09:30:00,0.66064006,0.62477416
2026-08-17 09:30:00,0.6642999,0.6419542
2026-08-17 09:30:00,0.69285226,0.6573254
2026-08-17 09:30:00,0.7214054,0.66938615
2026-08-17 09:45:00,0.66430324,0.6480573
2026-08-17 09:45:00,0.6928546,0.66305995
2026-08-17 09:45:00,0.7214071,0.67592466
2026-08-17 09:45:00,0.76703215,0.6861235
2026-08-17 10:00:00,0.6928576,0.66839296
2026-08-17 10:00:00,0.7214092,0.6805234
2026-08-17 10:00:00,0.76703346,0.6907642
2026-08-17 10:00:00,0.76815856,0.69893765
2026-08-17 10:15:00,0.7214119,0.6869898
2026-08-17 10:15:00,0.7670351,0.6955119
2026-08-17 10:15:00,0.76815987,0.7032303
2026-08-17 10:15:00,0.7149993,0.70930177
2026-08-17 10:30:00,0.7670373,0.70146644
2026-08-17 10:30:00,0.7681615,0.7062447
2026-08-17 10:30:00,0.7150011,0.71161985
2026-08-17 10:30:00,0.7358527,0.71532565
2026-08-17 10:45:00,0.7681637,0.7112851
2026-08-17 10:45:00,0.71500325,0.7121023
2026-08-17 10:45:00,0.73585427,0.71482694
2026-08-17 10:45:00,0.7012492,0.7152097
2026-08-17 11:00:00,0.715006,0.7196982
2026-08-17 11:00:00,0.73585624,0.7170616
2026-08-17 11:00:00,0.70125103,0.7177206
2026-08-17 11:00:00,0.74917436,0.7155165
2026-08-17 11:15:00,0.7358588,0.7232837
2026-08-17 11:15:00,0.7012533,0.7185756
2026-08-17 11:15:00,0.74917585,0.71767545
2026-08-17 11:15:00,0.7841623,0.71346855
2026-08-17 11:30:00,0.7012562,0.7260394
2026-08-17 11:30:00,0.7491777,0.71939135
2026-08-17 11:30:00,0.7841635,0.7170124
2026-08-17 11:30:00,0.8191502,0.71087885
2026-08-17 11:45:00,0.7491801,0.7161598
2026-08-17 11:45:00,0.78416497,0.7100291
2026-08-17 11:45:00,0.81915116,0.7063583
2026-08-17 11:45:00,0.793185,0.69838095
2026-08-17 12:00:00,0.78416693,0.7146703
2026-08-17 12:00:00,0.8191523,0.7076732
2026-08-17 12:00:00,0.79318607,0.7027391
2026-08-17 12:00:00,0.76721966,0.6931846
2026-08-17 12:15:00,0.8191539,0.7224526
2026-08-17 12:15:00,0.7931875,0.71303666
2026-08-17 12:15:00,0.76722103,0.7069905
2026-08-17 12:15:00,0.6407224,0.69616485
2026-08-17 12:30:00,0.7931894,0.7311394
2026-08-17 12:30:00,0.76722264,0.719374
2026-08-17 12:30:00,0.6407248,0.7124506
2026-08-17 12:30:00,0.5142251,0.7006191
2026-08-17 12:45:00,0.76722485,0.7279774
2026-08-17 12:45:00,0.64072764,0.71591353
2026-08-17 12:45:00,0.51422846,0.7079643
2026-08-17 12:45:00,0.4264704,0.6949532
2026-08-17 13:00:00,0.6407312,0.7216593
2026-08-17 13:00:00,0.5142326,0.71001935
2026-08-17 13:00:00,0.42647448,0.7013182
2026-08-17 13:00:00,0.45010343,0.68744457
2026-08-17 13:15:00,0.5142375,0.7015787
2026-08-17 13:15:00,0.4264794,0.69288623
2026-08-17 13:15:00,0.45010734,0.6832448
2026-08-17 13:15:00,0.47373646,0.66803944
2026-08-17 13:30:00,0.42648536,0.66454685
2026-08-17 13:30:00,0.45011202,0.662233
2026-08-17 13:30:00,0.47374016,0.6527859
2026-08-17 13:30:00,0.46775842,0.6354286
2026-08-17 13:45:00,0.4501177,0.62408984
2026-08-17 13:45:00,0.47374463,0.6269078
2026-08-17 13:45:00,0.46776217,0.61832553
2026-08-17 13:45:00,0.41073376,0.59760606
2026-08-17 14:00:00,0.47375008,0.591757
2026-08-17 14:00:00,0.46776667,0.5958584
2026-08-17 14:00:00,0.41073796,0.5882665
2026-08-17 14:00:00,0.39745384,0.56698
2026-08-17 14:15:00,0.4677722,0.5598395
2026-08-17 14:15:00,0.41074303,0.5625736
2026-08-17 14:15:00,0.39745817,0.5559069
2026-08-17 14:15:00,0.38582748,0.53795016
2026-08-17 14:30:00,0.41074917,0.52306575
2026-08-17 14:30:00,0.39746335,0.52473617
2026-08-17 14:30:00,0.3858319,0.5191695
2026-08-17 14:30:00,0.37420115,0.5061221
2026-08-17 14:45:00,0.39746964,0.48292404
2026-08-17 14:45:00,0.3858372,0.48359144
2026-08-17 14:45:00,0.37420565,0.47792855
2026-08-17 14:45:00,0.38464755,0.46700335
2026-08-17 15:00:00,0.38584363,0.45754817
2026-08-17 15:00:00,0.37421107,0.4575421
2026-08-17 15:00:00,0.38465196,0.45162088
2026-08-17 15:00:00,0.39193708,0.44166946
2026-08-17 15:15:00,0.37421763,0.4367704
2026-08-17 15:15:00,0.38465726,0.43603346
2026-08-17 15:15:00,0.39194143,0.42977428
2026-08-17 15:15:00,0.45415008,0.42042744
2026-08-17 15:30:00,0.3846637,0.41157374
2026-08-17 15:30:00,0.39194667,0.4094023
2026-08-17 15:30:00,0.45415395,0.40283573
2026-08-17 15:30:00,0.5163631,0.3934606
2026-08-17 15:45:00,0.39195302,0.39607465
2026-08-17 15:45:00,0.45415857,0.392454
2026-08-17 15:45:00,0.5163665,0.38576376
2026-08-17 15:45:00,0.47526306,0.37620562
2026-08-17 16:00:00,0.45416424,0.3914122
2026-08-17 16:00:00,0.51637053,0.3858043
2026-08-17 16:00:00,0.47526675,0.37704462
2026-08-17 16:00:00,0.43416297,0.36588553
2026-08-17 16:15:00,0.5163755,0.38890135
2026-08-17 16:15:00,0.47527117,0.38167095
2026-08-17 16:15:00,0.43416703,0.37119454
2026-08-17 16:15:00,0.40399915,0.35924298
2026-08-17 16:30:00,0.4752766,0.39336374
2026-08-17 16:30:00,0.43417186,0.38398725
2026-08-17 16:30:00,0.4040034,0.3712182
2026-08-17 16:30:00,0.39734071,0.35788894
2026-08-17 16:45:00,0.43417776,0.39710492
2026-08-17 16:45:00,0.40400854,0.38544512
2026-08-17 16:45:00,0.39734504,0.36984622
2026-08-17 16:45:00,0.33727625,0.3544951
2026-08-17 17:00:00,0.40401477,0.39253318
2026-08-17 17:00:00,0.39735022,0.3790344
2026-08-17 17:00:00,0.33728108,0.36148995
2026-08-17 17:00:00,0.3206819,0.344823
2026-08-17 17:15:00,0.3973565,0.380839
2026-08-17 17:15:00,0.33728683,0.36640894
2026-08-17 17:15:00,0.32068685,0.34866756
2026-08-17 17:15:00,0.31691173,0.3320462
2026-08-17 17:30:00,0.3372938,0.36661464
2026-08-17 17:30:00,0.32069278,0.3523269
2026-08-17 17:30:00,0.3169167,0.33596218
2026-08-17 17:30:00,0.31314152,0.32048208
2026-08-17 17:45:00,0.32069993,0.34786344
2026-08-17 17:45:00,0.31692266,0.33497036
2026-08-17 17:45:00,0.31314653,0.32171416
2026-08-17 17:45:00,0.30047458,0.30875364
2026-08-17 18:00:00,0.31692985,0.32656053
2026-08-17 18:00:00,0.31315255,0.31555608
2026-08-17 18:00:00,0.3004797,0.3066986
2026-08-17 18:00:00,0.28571033,0.2972643
2026-08-17 18:15:00,0.31315976,0.31183612
2026-08-17 18:15:00,0.30048582,0.3033139
2026-08-17 18:15:00,0.28571555,0.29834792
2026-08-17 18:15:00,0.28299245,0.29227537
2026-08-17 18:30:00,0.30049318,0.30175465
2026-08-17 18:30:00,0.2857218,0.29558578
2026-08-17 18:30:00,0.2829977,0.29381678
2026-08-17 18:30:00,0.28299245,0.2904815
2026-08-17 18:45:00,0.28572935,0.29427376
2026-08-17 18:45:00,0.283004,0.29026395
2026-08-17 18:45:00,0.2829977,0.2911181
2026-08-17 18:45:00,0.28299245,0.28990257
2026-08-17 19:00:00,0.28301156,0.28949776
2026-08-17 19:00:00,0.283004,0.2876191
2026-08-17 19:00:00,0.2829977,0.29046962
2026-08-17 19:00:00,0.28299245,0.2909036
2026-08-17 19:15:00,0.28301156,0.28619373
2026-08-17 19:15:00,0.283004,0.28625745
2026-08-17 19:15:00,0.2829977,0.29065418
2026-08-17 19:15:00,0.28299245,0.29228133
2026-08-17 19:30:00,0.28301156,0.28415722
2026-08-17 19:30:00,0.283004,0.28514272
2026-08-17 19:30:00,0.2829977,0.29034525
2026-08-17 19:30:00,0.28299245,0.2922019
2026-08-17 19:45:00,0.28301156,0.28329983
2026-08-17 19:45:00,0.283004,0.28435045
2026-08-17 19:45:00,0.2829977,0.28971598
2026-08-17 19:45:00,0.28299245,0.29134986
2026-08-17 20:00:00,0.28301156,0.2829785
2026-08-17 20:00:00,0.283004,0.2840528
2026-08-17 20:00:00,0.2829977,0.2894722
2026-08-17 20:00:00,0.28299245,0.29109612
2026-08-17 20:15:00,0.28301156,0.28273717
2026-08-17 20:15:00,0.283004,0.28389505
2026-08-17 20:15:00,0.2829977,0.28942814
2026-08-17 20:15:00,0.28299245,0.29125348
2026-08-17 20:30:00,0.28301156,0.28250945
2026-08-17 20:30:00,0.283004,0.2837544
2026-08-17 20:30:00,0.2829977,0.28937942
2026-08-17 20:30:00,0.28299245,0.29128614
2026-08-17 20:45:00,0.28301156,0.28239706
2026-08-17 20:45:00,0.283004,0.2836318
2026-08-17 20:45:00,0.2829977,0.2892802
2026-08-17 20:45:00,0.28299245,0.29119647
2026-08-17 21:00:00,0.28301156,0.28241313
2026-08-17 21:00:00,0.283004,0.283638
2026-08-17 21:00:00,0.2829977,0.2893025
2026-08-17 21:00:00,0.28299245,0.29128864
2026-08-17 21:15:00,0.28301156,0.28231654
2026-08-17 21:15:00,0.283004,0.2836709
2026-08-17 21:15:00,0.2829977,0.28942302
2026-08-17 21:15:00,0.28299245,0.2915247
2026-08-17 21:30:00,0.28301156,0.2822688
2026-08-17 21:30:00,0.283004,0.2836036
2026-08-17 21:30:00,0.2829977,0.2893414
2026-08-17 21:30:00,0.28299245,0.29135463
2026-08-17 21:45:00,0.28301156,0.28237993
2026-08-17 21:45:00,0.283004,0.28353488
2026-08-17 21:45:00,0.2829977,0.28920233
2026-08-17 21:45:00,0.28299245,0.2911681
2026-08-17 22:00:00,0.28301156,0.28236294
2026-08-17 22:00:00,0.283004,0.2834376
2026-08-17 22:00:00,0.2829977,0.28911227
2026-08-17 22:00:00,0.28299245,0.29106686
2026-08-17 22:15:00,0.28301156,0.28233266
2026-08-17 22:15:00,0.283004,0.28337267
2026-08-17 22:15:00,0.2829977,0.28904083
2026-08-17 22:15:00,0.28299245,0.2909736
2026-08-17 22:30:00,0.28301156,0.2823645
2026-08-17 22:30:00,0.283004,0.2833426
2026-08-17 22:30:00,0.2829977,0.28898704
2026-08-17 22:30:00,0.28299245,0.2909062
2026-08-17 22:45:00,0.28301156,0.28247187
2026-08-17 22:45:00,0.283004,0.28330702
2026-08-17 22:45:00,0.2829977,0.28885004
2026-08-17 22:45:00,0.28299245,0.29058754
2026-08-17 23:00:00,0.28301156,0.2826991
2026-08-17 23:00:00,0.283004,0.28331155
2026-08-17 23:00:00,0.2829977,0.28874847
2026-08-17 23:00:00,0.28299245,0.29042602
2026-08-17 23:15:00,0.28301156,0.28268927
2026-08-17 23:15:00,0.283004,0.2831678
2026-08-17 23:15:00,0.2829977,0.28861126
2026-08-17 23:15:00,0.28299245,0.29033548
2026-08-17 23:30:00,0.28301156,0.28218418
2026-08-17 23:30:00,0.283004,0.28318956
2026-08-17 23:30:00,0.2829977,0.28912035
2026-08-17 23:30:00,0.28299245,0.29175368
2026-08-17 23:45:00,0.28301156,0.28140166
2026-08-17 23:45:00,0.283004,0.28348243
2026-08-17 23:45:00,0.2829977,0.28975093
2026-08-17 23:45:00,0.28299245,0.29280838
2026-08-18 00:00:00,0.28301156,0.28152335
2026-08-18 00:00:00,0.283004,0.28360936
2026-08-18 00:00:00,0.2829977,0.28966156
2026-08-18 00:00:00,0.28299245,0.29201132
2026-08-18 00:15:00,0.28301156,0.28208035
2026-08-18 00:15:00,0.283004,0.2836516
2026-08-18 00:15:00,0.2829977,0.28944048
2026-08-18 00:15:00,0.28299245,0.2917435
2026-08-18 00:30:00,0.28301156,0.28149727
2026-08-18 00:30:00,0.283004,0.2832122
2026-08-18 00:30:00,0.2829977,0.28938535
2026-08-18 00:30:00,0.28299245,0.29207096
2026-08-18 00:45:00,0.28301156,0.28109533
2026-08-18 00:45:00,0.283004,0.2831507
2026-08-18 00:45:00,0.2829977,0.28936833
2026-08-18 00:45:00,0.28299245,0.29198447
2026-08-18 01:00:00,0.28301156,0.2813801
2026-08-18 01:00:00,0.283004,0.2833954
2026-08-18 01:00:00,0.2829977,0.28943616
2026-08-18 01:00:00,0.28299245,0.29192537
2026-08-18 01:15:00,0.28301156,0.28138778
2026-08-18 01:15:00,0.283004,0.28323
2026-08-18 01:15:00,0.2829977,0.2892724
2026-08-18 01:15:00,0.28299245,0.29170042
2026-08-18 01:30:00,0.28301156,0.281313
2026-08-18 01:30:00,0.283004,0.28315267
2026-08-18 01:30:00,0.2829977,0.289241
2026-08-18 01:30:00,0.28299245,0.29173067
2026-08-18 01:45:00,0.28301156,0.28164536
2026-08-18 01:45:00,0.283004,0.28312126
2026-08-18 01:45:00,0.2829977,0.28894845
2026-08-18 01:45:00,0.28299245,0.2908043
2026-08-18 02:00:00,0.28301156,0.28270194
2026-08-18 02:00:00,0.283004,0.28346834
2026-08-18 02:00:00,0.2829977,0.28875208
2026-08-18 02:00:00,0.28299245,0.28995195
2026-08-18 02:15:00,0.28301156,0.28319347
2026-08-18 02:15:00,0.283004,0.2833271
2026-08-18 02:15:00,0.2829977,0.28856102
2026-08-18 02:15:00,0.28299245,0.2902482
2026-08-18 02:30:00,0.28301156,0.28339383
2026-08-18 02:30:00,0.283004,0.2834543
2026-08-18 02:30:00,0.2829977,0.28855747
2026-08-18 02:30:00,0.28299245,0.2898689
2026-08-18 02:45:00,0.28301156,0.2849642
2026-08-18 02:45:00,0.283004,0.28483045
2026-08-18 02:45:00,0.2829977,0.2899077
2026-08-18 02:45:00,0.28299245,0.29170635
2026-08-18 03:00:00,0.28301156,0.2843653
2026-08-18 03:00:00,0.283004,0.2850023
2026-08-18 03:00:00,0.2829977,0.29056755
2026-08-18 03:00:00,0.28299245,0.2937749
2026-08-18 03:15:00,0.28301156,0.28298262
2026-08-18 03:15:00,0.283004,0.2838838
2026-08-18 03:15:00,0.2829977,0.28961855
2026-08-18 03:15:00,0.28299245,0.29271978
2026-08-18 03:30:00,0.28301156,0.2839737
2026-08-18 03:30:00,0.283004,0.28445512
2026-08-18 03:30:00,0.2829977,0.2895483
2026-08-18 03:30:00,0.28299245,0.29196578
2026-08-18 03:45:00,0.28301156,0.28448677
2026-08-18 03:45:00,0.283004,0.28433472
2026-08-18 03:45:00,0.2829977,0.2891957
2026-08-18 03:45:00,0.28299245,0.2912614
2026-08-18 04:00:00,0.28301156,0.28425902
2026-08-18 04:00:00,0.283004,0.28386447
2026-08-18 04:00:00,0.2829977,0.28892976
2026-08-18 04:00:00,0.28299245,0.29098925
2026-08-18 04:15:00,0.28301156,0.2843134
2026-08-18 04:15:00,0.283004,0.28373465
2026-08-18 04:15:00,0.2829977,0.2888364
2026-08-18 04:15:00,0.28299245,0.29094225
2026-08-18 04:30:00,0.28301156,0.28394416
2026-08-18 04:30:00,0.283004,0.28459585
2026-08-18 04:30:00,0.2829977,0.2903354
2026-08-18 04:30:00,0.28299245,0.29363522
2026-08-18 04:45:00,0.28301156,0.2827104
2026-08-18 04:45:00,0.283004,0.2842312
2026-08-18 04:45:00,0.2829977,0.29021144
2026-08-18 04:45:00,0.28299245,0.29339468
2026-08-18 05:00:00,0.28301156,0.2832097
2026-08-18 05:00:00,0.283004,0.28411698
2026-08-18 05:00:00,0.2829977,0.28970355
2026-08-18 05:00:00,0.28299245,0.29184425
2026-08-18 05:15:00,0.28301156,0.2840492
2026-08-18 05:15:00,0.283004,0.28423116
2026-08-18 05:15:00,0.2829977,0.28958297
2026-08-18 05:15:00,0.29018536,0.29227346
2026-08-18 05:30:00,0.28301156,0.28244433
2026-08-18 05:30:00,0.283004,0.28347147
2026-08-18 05:30:00,0.29019055,0.28957152
2026-08-18 05:30:00,0.29763186,0.29289815
2026-08-18 05:45:00,0.28301156,0.28215894
2026-08-18 05:45:00,0.29019678,0.283502
2026-08-18 05:45:00,0.297637,0.28950042
2026-08-18 05:45:00,0.30238527,0.29251873
2026-08-18 06:00:00,0.29020426,0.2830483
2026-08-18 06:00:00,0.29764313,0.28388393
2026-08-18 06:00:00,0.30239034,0.28953454
2026-08-18 06:00:00,0.3164524,0.29243156
2026-08-18 06:15:00,0.29765052,0.28346467
2026-08-18 06:15:00,0.30239645,0.28429815
2026-08-18 06:15:00,0.3164574,0.29031646
2026-08-18 06:15:00,0.37829483,0.29383275
2026-08-18 06:30:00,0.3024038,0.28756398
2026-08-18 06:30:00,0.31646335,0.28946966
2026-08-18 06:30:00,0.3782993,0.29659504
2026-08-18 06:30:00,0.40420055,0.30156827
2026-08-18 06:45:00,0.31647056,0.30639568
2026-08-18 06:45:00,0.3783047,0.3155254
2026-08-18 06:45:00,0.40420485,0.33036426
2026-08-18 06:45:00,0.38619378,0.34334576
2026-08-18 07:00:00,0.3783112,0.33094895
2026-08-18 07:00:00,0.40420997,0.34717387
2026-08-18 07:00:00,0.3861982,0.3679762
2026-08-18 07:00:00,0.44907302,0.38685837
2026-08-18 07:15:00,0.40421617,0.34757486
2026-08-18 07:15:00,0.38620347,0.3675631
2026-08-18 07:15:00,0.4490769,0.39125067
2026-08-18 07:15:00,0.5119522,0.41208205
2026-08-18 07:30:00,0.3862099,0.36126423
2026-08-18 07:30:00,0.4490816,0.384412
2026-08-18 07:30:00,0.5119556,0.4113257
2026-08-18 07:30:00,0.5098815,0.43487233
2026-08-18 07:45:00,0.44908732,0.3763398
2026-08-18 07:45:00,0.51195973,0.40141478
2026-08-18 07:45:00,0.5098849,0.4295643
2026-08-18 07:45:00,0.45998177,0.45414466
2026-08-18 08:00:00,0.51196474,0.40402076
2026-08-18 08:00:00,0.509889,0.4308768
2026-08-18 08:00:00,0.45998558,0.45937172
2026-08-18 08:00:00,0.5096036,0.48483902
2026-08-18 08:15:00,0.5098941,0.44157678
2026-08-18 08:15:00,0.45999017,0.46883985
2026-08-18 08:15:00,0.509607,0.49601862
2026-08-18 08:15:00,0.52834773,0.5210513
2026-08-18 08:30:00,0.45999578,0.47515363
2026-08-18 08:30:00,0.5096111,0.5015081
2026-08-18 08:30:00,0.528351,0.52639484
2026-08-18 08:30:00,0.54709184,0.54951644
2026-08-18 08:45:00,0.50961614,0.4925439
2026-08-18 08:45:00,0.52835494,0.5178844
2026-08-18 08:45:00,0.547095,0.5409312
2026-08-18 08:45:00,0.51636875,0.56197226
2026-08-18 09:00:00,0.5283598,0.5129053
2026-08-18 09:00:00,0.54709876,0.53695947
2026-08-18 09:00:00,0.5163721,0.5582662
2026-08-18 09:00:00,0.6279253,0.57708824
2026-08-18 09:15:00,0.5471034,0.52762985
2026-08-18 09:15:00,0.51637614,0.5505527
2026-08-18 09:15:00,0.6279278,0.5700103
2026-08-18 09:15:00,0.73948187,0.5863378
2026-08-18 09:30:00,0.51638114,0.54068434
2026-08-18 09:30:00,0.62793076,0.56226194
2026-08-18 09:30:00,0.7394834,0.57958597
2026-08-18 09:30:00,0.7946725,0.5930832
2026-08-18 09:45:00,0.62793446,0.5512211
2026-08-18 09:45:00,0.7394853,0.57130533
2026-08-18 09:45:00,0.7946737,0.5869553
2026-08-18 09:45:00,0.7493673,0.59841025
2026-08-18 10:00:00,0.7394878,0.58298373
2026-08-18 10:00:00,0.794675,0.6000595
2026-08-18 10:00:00,0.7493688,0.6129667
2026-08-18 10:00:00,0.74679446,0.6217259
2026-08-18 10:15:00,0.7946769,0.6348463
2026-08-18 10:15:00,0.7493706,0.6459921
2026-08-18 10:15:00,0.74679595,0.65498435
2026-08-18 10:15:00,0.74422157,0.6607982
2026-08-18 10:30:00,0.74937296,0.6787709
2026-08-18 10:30:00,0.7467978,0.6831358
2026-08-18 10:30:00,0.7442231,0.6879885
2026-08-18 10:30:00,0.78438115,0.6899538
2026-08-18 10:45:00,0.7468002,0.70332414
2026-08-18 10:45:00,0.744225,0.70225
2026-08-18 10:45:00,0.78438234,0.7040659
2026-08-18 10:45:00,0.8484057,0.70264757
2026-08-18 11:00:00,0.7442274,0.72279584
2026-08-18 11:00:00,0.78438383,0.71721923
2026-08-18 11:00:00,0.84840643,0.7170685
2026-08-18 11:00:00,0.7796876,0.71319294
2026-08-18 11:15:00,0.7843858,0.7383574
2026-08-18 11:15:00,0.84840727,0.7290503
2026-08-18 11:15:00,0.77968884,0.7274349
2026-08-18 11:15:00,0.71096945,0.7215339
2026-08-18 11:30:00,0.8484085,0.7319768
2026-08-18 11:30:00,0.7796903,0.7220937
2026-08-18 11:30:00,0.71097124,0.71845543
2026-08-18 11:30:00,0.7658869,0.7097435
2026-08-18 11:45:00,0.7796924,0.7411637
2026-08-18 11:45:00,0.7109734,0.7292009
2026-08-18 11:45:00,0.7658882,0.72518915
2026-08-18 11:45:00,0.80066216,0.7159972
2026-08-18 12:00:00,0.71097624,0.7482362
2026-08-18 12:00:00,0.7658899,0.7346873
2026-08-18 12:00:00,0.80066323,0.7296699
2026-08-18 12:00:00,0.8354374,0.7194433
2026-08-18 12:15:00,0.765892,0.7470726
2026-08-18 12:15:00,0.80066454,0.7328241
2026-08-18 12:15:00,0.83543825,0.72684276
2026-08-18 12:15:00,0.79332125,0.7154615
2026-08-18 12:30:00,0.80066633,0.74197775
2026-08-18 12:30:00,0.8354392,0.72814137
2026-08-18 12:30:00,0.7933223,0.72128356
2026-08-18 12:30:00,0.79201436,0.709035
2026-08-18 12:45:00,0.8354406,0.74376744
2026-08-18 12:45:00,0.79332376,0.7287946
2026-08-18 12:45:00,0.79201555,0.72109795
2026-08-18 12:45:00,0.6833676,0.70769644
2026-08-18 13:00:00,0.79332566,0.74739873
2026-08-18 13:00:00,0.7920169,0.73103714
2026-08-18 13:00:00,0.68336964,0.7228657
2026-08-18 13:00:00,0.57472086,0.7087031
2026-08-18 13:15:00,0.79201883,0.7488643
2026-08-18 13:15:00,0.683372,0.7318859
2026-08-18 13:15:00,0.5747238,0.7233115
2026-08-18 13:15:00,0.48481107,0.708778
2026-08-18 13:30:00,0.6833752,0.7438952
2026-08-18 13:30:00,0.5747273,0.7271498
2026-08-18 13:30:00,0.48481467,0.7177943
2026-08-18 13:30:00,0.469854,0.7027627
2026-08-18 13:45:00,0.5747316,0.72373515
2026-08-18 13:45:00,0.48481902,0.7093495
2026-08-18 13:45:00,0.46985775,0.6988135
2026-08-18 13:45:00,0.52558935,0.68314284
2026-08-18 14:00:00,0.48482436,0.69807464
2026-08-18 14:00:00,0.46986222,0.6866808
2026-08-18 14:00:00,0.52559257,0.6750754
2026-08-18 14:00:00,0.48916733,0.6583381
2026-08-18 14:15:00,0.4698677,0.6657895
2026-08-18 14:15:00,0.52559656,0.65800667
2026-08-18 14:15:00,0.4891709,0.64623296
2026-08-18 14:15:00,0.51843613,0.6281998
2026-08-18 14:30:00,0.5256014,0.6266209
2026-08-18 14:30:00,0.4891752,0.62194085
2026-08-18 14:30:00,0.5184395,0.610338
2026-08-18 14:30:00,0.5639583,0.5919155
2026-08-18 14:45:00,0.48918048,0.5923227
2026-08-18 14:45:00,0.5184435,0.5878178
2026-08-18 14:45:00,0.56396127,0.57491255
2026-08-18 14:45:00,0.6094805,0.5549601
2026-08-18 15:00:00,0.5184485,0.5646657
2026-08-18 15:00:00,0.56396484,0.5587287
2026-08-18 15:00:00,0.60948306,0.5445489
2026-08-18 15:00:00,0.5696045,0.5246719
2026-08-18 15:15:00,0.5639693,0.5423169
2026-08-18 15:15:00,0.6094862,0.535486
2026-08-18 15:15:00,0.56960744,0.52050287
2026-08-18 15:15:00,0.5297286,0.5005681
2026-08-18 15:30:00,0.60949016,0.5309832
2026-08-18 15:30:00,0.56961095,0.5231925
2026-08-18 15:30:00,0.52973187,0.5075182
2026-08-18 15:30:00,0.3877874,0.48773175
2026-08-18 15:45:00,0.56961536,0.5225729
2026-08-18 15:45:00,0.5297358,0.51270264
2026-08-18 15:45:00,0.3877918,0.49562943
2026-08-18 15:45:00,0.38469675,0.47507066
2026-08-18 16:00:00,0.5297406,0.5137481
2026-08-18 16:00:00,0.38779712,0.5012668
2026-08-18 16:00:00,0.3847012,0.48202768
2026-08-18 16:00:00,0.3406154,0.46023476
2026-08-18 16:15:00,0.3878035,0.50024354
2026-08-18 16:15:00,0.3847065,0.48518166
2026-08-18 16:15:00,0.3406202,0.4636103
2026-08-18 16:15:00,0.3435606,0.44057342
2026-08-18 16:30:00,0.38471293,0.46637928
2026-08-18 16:30:00,0.3406259,0.45035332
2026-08-18 16:30:00,0.34356534,0.42710316
2026-08-18 16:30:00,0.3513323,0.40402234
2026-08-18 16:45:00,0.34063286,0.4247247
2026-08-18 16:45:00,0.34357107,0.41027832
2026-08-18 16:45:00,0.35133702,0.3899491
2026-08-18 16:45:00,0.3492565,0.36955237
2026-08-18 17:00:00,0.34357795,0.39537463
2026-08-18 17:00:00,0.35134262,0.38171127
2026-08-18 17:00:00,0.3492612,0.36397105
2026-08-18 17:00:00,0.33052853,0.345465
2026-08-18 17:15:00,0.35134944,0.37370628
2026-08-18 17:15:00,0.34926686,0.3603689
2026-08-18 17:15:00,0.3305334,0.34475815
2026-08-18 17:15:00,0.29811403,0.32851657
2026-08-18 17:30:00,0.34927368,0.35931557
2026-08-18 17:30:00,0.33053923,0.34541124
2026-08-18 17:30:00,0.29811916,0.3310093
2026-08-18 17:30:00,0.29153565,0.31680954
2026-08-18 17:45:00,0.33054626,0.34200397
2026-08-18 17:45:00,0.2981253,0.32813984
2026-08-18 17:45:00,0.29154083,0.31566066
2026-08-18 17:45:00,0.29123303,0.30365726
2026-08-18 18:00:00,0.2981327,0.3259588
2026-08-18 18:00:00,0.29154703,0.3137273
2026-08-18 18:00:00,0.29123822,0.3045317
2026-08-18 18:00:00,0.28711274,0.29554418
2026-08-18 18:15:00,0.2915545,0.31226197
2026-08-18 18:15:00,0.29124442,0.30265275
2026-08-18 18:15:00,0.28711796,0.2972985
2026-08-18 18:15:00,0.28299245,0.29154885
2026-08-18 18:30:00,0.2912519,0.30320853
2026-08-18 18:30:00,0.2871242,0.29561433
2026-08-18 18:30:00,0.2829977,0.2933054
2026-08-18 18:30:00,0.28299245,0.28978196
2026-08-18 18:45:00,0.28713173,0.29920015
2026-08-18 18:45:00,0.283004,0.29348153
2026-08-18 18:45:00,0.2829977,0.29306746
2026-08-18 18:45:00,0.28299245,0.29140818
2026-08-18 19:00:00,0.28301156,0.29344252
2026-08-18 19:00:00,0.283004,0.2902988
2026-08-18 19:00:00,0.2829977,0.29228824
2026-08-18 19:00:00,0.28299245,0.2923912
2026-08-18 19:15:00,0.28301156,0.2889326
2026-08-18 19:15:00,0.283004,0.28807557
2026-08-18 19:15:00,0.2829977,0.2918748
2026-08-18 19:15:00,0.28299245,0.29330662
2026-08-18 19:30:00,0.28301156,0.28601998
2026-08-18 19:30:00,0.283004,0.28635657
2026-08-18 19:30:00,0.2829977,0.2912243
2026-08-18 19:30:00,0.28299245,0.2931579
2026-08-18 19:45:00,0.28301156,0.2840964
2026-08-18 19:45:00,0.283004,0.28475386
2026-08-18 19:45:00,0.2829977,0.29004213
2026-08-18 19:45:00,0.28299245,0.2916508
2026-08-18 20:00:00,0.28301156,0.28352505
2026-08-18 20:00:00,0.283004,0.284103
2026-08-18 20:00:00,0.2829977,0.28943294
2026-08-18 20:00:00,0.28299245,0.29106015
2026-08-18 20:15:00,0.28301156,0.28310505
2026-08-18 20:15:00,0.283004,0.28392813
2026-08-18 20:15:00,0.2829977,0.2895336
2026-08-18 20:15:00,0.28299245,0.2915997
2026-08-18 20:30:00,0.28301156,0.28236523
2026-08-18 20:30:00,0.283004,0.28338963
2026-08-18 20:30:00,0.2829977,0.28913778
2026-08-18 20:30:00,0.28299245,0.2911291
2026-08-18 20:45:00,0.28301156,0.28255987
2026-08-18 20:45:00,0.283004,0.2836249
2026-08-18 20:45:00,0.2829977,0.28933463
2026-08-18 20:45:00,0.28299245,0.29154855
2026-08-18 21:00:00,0.28301156,0.28224632
2026-08-18 21:00:00,0.283004,0.28338376
2026-08-18 21:00:00,0.2829977,0.2892257
2026-08-18 21:00:00,0.28299245,0.29144764
2026-08-18 21:15:00,0.28301156,0.28212768
2026-08-18 21:15:00,0.283004,0.28313828
2026-08-18 21:15:00,0.2829977,0.28896883
2026-08-18 21:15:00,0.28299245,0.29109278
2026-08-18 21:30:00,0.28301156,0.28214797
2026-08-18 21:30:00,0.283004,0.28267497
2026-08-18 21:30:00,0.2829977,0.28814933
2026-08-18 21:30:00,0.28299245,0.2897636
2026-08-18 21:45:00,0.28301156,0.28265485
2026-08-18 21:45:00,0.283004,0.28257048
2026-08-18 21:45:00,0.2829977,0.2878016
2026-08-18 21:45:00,0.28299245,0.28942397
2026-08-18 22:00:00,0.28301156,0.2825483
2026-08-18 22:00:00,0.283004,0.28254223
2026-08-18 22:00:00,0.2829977,0.28794912
2026-08-18 22:00:00,0.28299245,0.2901361
2026-08-18 22:15:00,0.28301156,0.28218305
2026-08-18 22:15:00,0.283004,0.2826512
2026-08-18 22:15:00,0.2829977,0.2882702
2026-08-18 22:15:00,0.28299245,0.2909089
2026-08-18 22:30:00,0.28301156,0.28214872
2026-08-18 22:30:00,0.283004,0.28280237
2026-08-18 22:30:00,0.2829977,0.28835663
2026-08-18 22:30:00,0.28299245,0.29100877
2026-08-18 22:45:00,0.28301156,0.28220245
2026-08-18 22:45:00,0.283004,0.2828258
2026-08-18 22:45:00,0.2829977,0.2883709
2026-08-18 22:45:00,0.28299245,0.2909861
2026-08-18 23:00:00,0.28301156,0.28213495
2026-08-18 23:00:00,0.283004,0.28274304
2026-08-18 23:00:00,0.2829977,0.28834304
2026-08-18 23:00:00,0.28299245,0.29092386
2026-08-18 23:15:00,0.28301156,0.28206542
2026-08-18 23:15:00,0.283004,0.28258514
2026-08-18 23:15:00,0.2829977,0.28821895
2026-08-18 23:15:00,0.28299245,0.29080892
2026-08-18 23:30:00,0.28301156,0.2821224
2026-08-18 23:30:00,0.283004,0.28250158
2026-08-18 23:30:00,0.2829977,0.28814524
2026-08-18 23:30:00,0.28299245,0.29078463
2026-08-18 23:45:00,0.28301156,0.282791
2026-08-18 23:45:00,0.283004,0.28375217
2026-08-18 23:45:00,0.2829977,0.28955802
2026-08-18 23:45:00,0.28299245,0.2926471
2026-08-19 00:00:00,0.28301156,0.28233922
2026-08-19 00:00:00,0.283004,0.28414604
2026-08-19 00:00:00,0.2829977,0.29019728
2026-08-19 00:00:00,0.28299245,0.29337057
2026-08-19 00:15:00,0.28301156,0.2821707
2026-08-19 00:15:00,0.283004,0.2834801
2026-08-19 00:15:00,0.2829977,0.28929055
2026-08-19 00:15:00,0.28299245,0.29168862
2026-08-19 00:30:00,0.28301156,0.2829555
2026-08-19 00:30:00,0.283004,0.28351396
2026-08-19 00:30:00,0.2829977,0.2890549
2026-08-19 00:30:00,0.28299245,0.29128277
2026-08-19 00:45:00,0.28301156,0.28250217
2026-08-19 00:45:00,0.283004,0.28299645
2026-08-19 00:45:00,0.2829977,0.28874537
2026-08-19 00:45:00,0.28299245,0.291003
2026-08-19 01:00:00,0.28301156,0.2826339
2026-08-19 01:00:00,0.283004,0.28296876
2026-08-19 01:00:00,0.2829977,0.2885711
2026-08-19 01:00:00,0.28299245,0.29056278
2026-08-19 01:15:00,0.28301156,0.2830254
2026-08-19 01:15:00,0.283004,0.28310302
2026-08-19 01:15:00,0.2829977,0.28849828
2026-08-19 01:15:00,0.28299245,0.29040828
2026-08-19 01:30:00,0.28301156,0.28287148
2026-08-19 01:30:00,0.283004,0.2828381
2026-08-19 01:30:00,0.2829977,0.28830722
2026-08-19 01:30:00,0.28299245,0.29030776
2026-08-19 01:45:00,0.28301156,0.28291944
2026-08-19 01:45:00,0.283004,0.2829771
2026-08-19 01:45:00,0.2829977,0.2885075
2026-08-19 01:45:00,0.28299245,0.2907924
2026-08-19 02:00:00,0.28301156,0.28293014
2026-08-19 02:00:00,0.283004,0.28303784
2026-08-19 02:00:00,0.2829977,0.28856793
2026-08-19 02:00:00,0.28299245,0.29084715
2026-08-19 02:15:00,0.28301156,0.28305024
2026-08-19 02:15:00,0.283004,0.28307208
2026-08-19 02:15:00,0.2829977,0.28856897
2026-08-19 02:15:00,0.28299245,0.29076037
2026-08-19 02:30:00,0.28301156,0.28325477
2026-08-19 02:30:00,0.283004,0.28313124
2026-08-19 02:30:00,0.2829977,0.28856498
2026-08-19 02:30:00,0.28299245,0.29071307
2026-08-19 02:45:00,0.28301156,0.28289115
2026-08-19 02:45:00,0.283004,0.28356752
2026-08-19 02:45:00,0.2829977,0.2895176
2026-08-19 02:45:00,0.28299245,0.29259327
2026-08-19 03:00:00,0.28301156,0.28201428
2026-08-19 03:00:00,0.283004,0.2836258
2026-08-19 03:00:00,0.2829977,0.28988338
2026-08-19 03:00:00,0.28299245,0.29313707
2026-08-19 03:15:00,0.28301156,0.2820954
2026-08-19 03:15:00,0.283004,0.28364244
2026-08-19 03:15:00,0.2829977,0.28963926
2026-08-19 03:15:00,0.28299245,0.29230195
2026-08-19 03:30:00,0.28301156,0.2825636
2026-08-19 03:30:00,0.283004,0.28347957
2026-08-19 03:30:00,0.2829977,0.28917256
2026-08-19 03:30:00,0.28299245,0.29144862
2026-08-19 03:45:00,0.28301156,0.28343895
2026-08-19 03:45:00,0.283004,0.28383034
2026-08-19 03:45:00,0.2829977,0.28906912
2026-08-19 03:45:00,0.28299245,0.2904814
2026-08-19 04:00:00,0.28301156,0.28490537
2026-08-19 04:00:00,0.283004,0.28448254
2026-08-19 04:00:00,0.2829977,0.28923988
2026-08-19 04:00:00,0.28299245,0.29059857
2026-08-19 04:15:00,0.28301156,0.2846114
2026-08-19 04:15:00,0.283004,0.28414378
2026-08-19 04:15:00,0.2829977,0.2891407
2026-08-19 04:15:00,0.28299245,0.2912234
2026-08-19 04:30:00,0.28301156,0.28424704
2026-08-19 04:30:00,0.283004,0.28424206
2026-08-19 04:30:00,0.2829977,0.2898644
2026-08-19 04:30:00,0.28299245,0.29259732
2026-08-19 04:45:00,0.28301156,0.28458792
2026-08-19 04:45:00,0.283004,0.28461766
2026-08-19 04:45:00,0.2829977,0.28994086
2026-08-19 04:45:00,0.28299245,0.2926518
2026-08-19 05:00:00,0.28301156,0.284322
2026-08-19 05:00:00,0.283004,0.28476304
2026-08-19 05:00:00,0.2829977,0.29019126
2026-08-19 05:00:00,0.28299245,0.29307815
2026-08-19 05:15:00,0.28301156,0.28414127
2026-08-19 05:15:00,0.283004,0.2843247
2026-08-19 05:15:00,0.2829977,0.28966105
2026-08-19 05:15:00,0.29556233,0.29210857
2026-08-19 05:30:00,0.28301156,0.28506762
2026-08-19 05:30:00,0.283004,0.28467867
2026-08-19 05:30:00,0.29556745,0.28981978
2026-08-19 05:30:00,0.3069261,0.2920161
2026-08-19 05:45:00,0.28301156,0.28581014
2026-08-19 05:45:00,0.29557362,0.2852651
2026-08-19 05:45:00,0.30693117,0.29057336
2026-08-19 05:45:00,0.31935623,0.29325724
2026-08-19 06:00:00,0.29558107,0.2860297
2026-08-19 06:00:00,0.30693722,0.28618175
2026-08-19 06:00:00,0.31936118,0.2922653
2026-08-19 06:00:00,0.32680473,0.29601586
2026-08-19 06:15:00,0.30694452,0.2882968
2026-08-19 06:15:00,0.3193671,0.28968748
2026-08-19 06:15:00,0.3268096,0.29698312
2026-08-19 06:15:00,0.38645375,0.30220753
2026-08-19 06:30:00,0.3193743,0.30139178
2026-08-19 06:30:00,0.3268155,0.31074536
2026-08-19 06:30:00,0.38645816,0.32613438
2026-08-19 06:30:00,0.39212492,0.33978218
2026-08-19 06:45:00,0.32682258,0.31585607
2026-08-19 06:45:00,0.38646343,0.33051035
2026-08-19 06:45:00,0.39212927,0.34948155
2026-08-19 06:45:00,0.3977961,0.3663179
2026-08-19 07:00:00,0.38646987,0.3304726
2026-08-19 07:00:00,0.39213452,0.34923714
2026-08-19 07:00:00,0.39780042,0.3719948
2026-08-19 07:00:00,0.42616186,0.3920858
2026-08-19 07:15:00,0.39214087,0.34668773
2026-08-19 07:15:00,0.3978056,0.3685857
2026-08-19 07:15:00,0.42616594,0.3942339
2026-08-19 07:15:00,0.45452762,0.41639486
2026-08-19 07:30:00,0.3978119,0.36931857
2026-08-19 07:30:00,0.42617086,0.39355695
2026-08-19 07:30:00,0.4545315,0.4198907
2026-08-19 07:30:00,0.5406785,0.44263813
2026-08-19 07:45:00,0.42617685,0.38904664
2026-08-19 07:45:00,0.4545361,0.41394746
2026-08-19 07:45:00,0.54068166,0.43961495
2026-08-19 07:45:00,0.5702311,0.46202415
2026-08-19 08:00:00,0.45454177,0.41144368
2026-08-19 08:00:00,0.5406855,0.43647465
2026-08-19 08:00:00,0.570234,0.461198
2026-08-19 08:00:00,0.5609722,0.48331684
2026-08-19 08:15:00,0.5406902,0.43434054
2026-08-19 08:15:00,0.5702375,0.4591987
2026-08-19 08:15:00,0.5609752,0.48278666
2026-08-19 08:15:00,0.60495466,0.5043696
2026-08-19 08:30:00,0.5702419,0.4630249
2026-08-19 08:30:00,0.5609788,0.4874995
2026-08-19 08:30:00,0.6049573,0.5099231
2026-08-19 08:30:00,0.60910195,0.5307909
2026-08-19 08:45:00,0.5609833,0.49927986
2026-08-19 08:45:00,0.6049605,0.52281755
2026-08-19 08:45:00,0.6091045,0.54359347
2026-08-19 08:45:00,0.6132493,0.5627533
2026-08-19 09:00:00,0.6049645,0.5310677
2026-08-19 09:00:00,0.60910773,0.5536669
2026-08-19 09:00:00,0.6132518,0.5726284
2026-08-19 09:00:00,0.5945143,0.588904
2026-08-19 09:15:00,0.60911167,0.5621442
2026-08-19 09:15:00,0.61325496,0.5838677
2026-08-19 09:15:00,0.594517,0.60048723
2026-08-19 09:15:00,0.63184494,0.61315477
2026-08-19 09:30:00,0.61325884,0.58404684
2026-08-19 09:30:00,0.59452033,0.6046298
2026-08-19 09:30:00,0.6318474,0.61863595
2026-08-19 09:30:00,0.62367284,0.62786436
2026-08-19 09:45:00,0.5945244,0.5973542
2026-08-19 09:45:00,0.6318503,0.61631393
2026-08-19 09:45:00,0.62367535,0.62727845
2026-08-19 09:45:00,0.6385964,0.6326072
2026-08-19 10:00:00,0.631854,0.6052722
2026-08-19 10:00:00,0.6236784,0.62260413
2026-08-19 10:00:00,0.6385988,0.63101673
2026-08-19 10:00:00,0.71110815,0.6331147
2026-08-19 10:15:00,0.62368214,0.6186453
2026-08-19 10:15:00,0.63860166,0.6330045
2026-08-19 10:15:00,0.7111099,0.63860416
2026-08-19 10:15:00,0.7836199,0.63771623
2026-08-19 10:30:00,0.63860524,0.6238799
2026-08-19 10:30:00,0.71111214,0.63589
2026-08-19 10:30:00,0.7836211,0.6389384
2026-08-19 10:30:00,0.78844655,0.6349059
2026-08-19 10:45:00,0.7111149,0.6299331
2026-08-19 10:45:00,0.78362256,0.63932383
2026-08-19 10:45:00,0.78844774,0.64093864
2026-08-19 10:45:00,0.7482484,0.6360625
2026-08-19 11:00:00,0.7836246,0.654027
2026-08-19 11:00:00,0.78844917,0.65782964
2026-08-19 11:00:00,0.7482499,0.65678203
2026-08-19 11:00:00,0.6858587,0.6503279
2026-08-19 11:15:00,0.78845114,0.68828535
2026-08-19 11:15:00,0.7482517,0.6851531
2026-08-19 11:15:00,0.6858607,0.68185794
2026-08-19 11:15:00,0.62346905,0.67417186
2026-08-19 11:30:00,0.74825406,0.70342445
2026-08-19 11:30:00,0.68586314,0.6968449
2026-08-19 11:30:00,0.62347156,0.6916424
2026-08-19 11:30:00,0.6015407,0.6816931
2026-08-19 11:45:00,0.6858662,0.70403045
2026-08-19 11:45:00,0.6234746,0.6968249
2026-08-19 11:45:00,0.6015433,0.69067705
2026-08-19 11:45:00,0.54928553,0.6795168
2026-08-19 12:00:00,0.62347835,0.7047988
2026-08-19 12:00:00,0.6015466,0.69687474
2026-08-19 12:00:00,0.54928863,0.6899057
2026-08-19 12:00:00,0.49703044,0.6780634
2026-08-19 12:15:00,0.6015506,0.6978457
2026-08-19 12:15:00,0.5492924,0.6902841
2026-08-19 12:15:00,0.49703395,0.68228084
2026-08-19 12:15:00,0.5440951,0.6689976
2026-08-19 12:30:00,0.549297,0.6786971
2026-08-19 12:30:00,0.4970382,0.6742201
2026-08-19 12:30:00,0.54409826,0.66612285
2026-08-19 12:30:00,0.59115976,0.65189445
2026-08-19 12:45:00,0.49704337,0.64976144
2026-08-19 12:45:00,0.544102,0.64977807
2026-08-19 12:45:00,0.5911625,0.6423781
2026-08-19 12:45:00,0.5173758,0.62722206
2026-08-19 13:00:00,0.54410666,0.62341887
2026-08-19 13:00:00,0.59116584,0.62606907
2026-08-19 13:00:00,0.51737916,0.6194383
2026-08-19 13:00:00,0.44359195,0.6037108
2026-08-19 13:15:00,0.59116995,0.60283625
2026-08-19 13:15:00,0.5173832,0.6065029
2026-08-19 13:15:00,0.4435959,0.60048985
2026-08-19 13:15:00,0.45409375,0.5849829
2026-08-19 13:30:00,0.5173882,0.5879457
2026-08-19 13:30:00,0.44360065,0.59192973
2026-08-19 13:30:00,0.45409763,0.5858808
2026-08-19 13:30:00,0.41953123,0.57021004
2026-08-19 13:45:00,0.44360644,0.56127584
2026-08-19 13:45:00,0.45410228,0.5641662
2026-08-19 13:45:00,0.4195354,0.5581951
2026-08-19 13:45:00,0.3949787,0.5446461
2026-08-19 14:00:00,0.45410794,0.51893544
2026-08-19 14:00:00,0.41954035,0.522697
2026-08-19 14:00:00,0.39498302,0.5186229
2026-08-19 14:00:00,0.38588515,0.50896
2026-08-19 14:15:00,0.41954643,0.47953385
2026-08-19 14:15:00,0.39498824,0.48394614
2026-08-19 14:15:00,0.38588956,0.48160857
2026-08-19 14:15:00,0.40362835,0.47464606
2026-08-19 14:30:00,0.39499456,0.45958772
2026-08-19 14:30:00,0.38589486,0.4628921
2026-08-19 14:30:00,0.4036326,0.45907575
2026-08-19 14:30:00,0.47939825,0.45152867
2026-08-19 14:45:00,0.3859013,0.44389594
2026-08-19 14:45:00,0.40363774,0.44602522
2026-08-19 14:45:00,0.47940195,0.44113114
2026-08-19 14:45:00,0.48600256,0.4334352
2026-08-19 15:00:00,0.40364397,0.4275604
2026-08-19 15:00:00,0.47940633,0.42941755
2026-08-19 15:00:00,0.48600614,0.4251729
2026-08-19 15:00:00,0.41378284,0.41789353
2026-08-19 15:15:00,0.47941172,0.40994442
2026-08-19 15:15:00,0.4860105,0.41114607
2026-08-19 15:15:00,0.41378704,0.4075078
2026-08-19 15:15:00,0.41783714,0.40037954
2026-08-19 15:30:00,0.4860158,0.3999615
2026-08-19 15:30:00,0.41379207,0.39972004
2026-08-19 15:30:00,0.41784132,0.39520404
2026-08-19 15:30:00,0.42189145,0.38719055
2026-08-19 15:45:00,0.41379818,0.39444217
2026-08-19 15:45:00,0.41784632,0.39290726
2026-08-19 15:45:00,0.42189556,0.38741893
2026-08-19 15:45:00,0.38148248,0.37891656
2026-08-19 16:00:00,0.41785237,0.38863683
2026-08-19 16:00:00,0.4219005,0.38553274
2026-08-19 16:00:00,0.38148692,0.37857163
2026-08-19 16:00:00,0.42458236,0.36919487
2026-08-19 16:15:00,0.42190653,0.37856546
2026-08-19 16:15:00,0.38149226,0.37438864
2026-08-19 16:15:00,0.42458645,0.36713994
2026-08-19 16:15:00,0.3956666,0.35772103
2026-08-19 16:30:00,0.38149875,0.3762889
2026-08-19 16:30:00,0.42459136,0.37022123
2026-08-19 16:30:00,0.39567092,0.3611791
2026-08-19 16:30:00,0.36675084,0.35053378
2026-08-19 16:45:00,0.42459738,0.3663963
2026-08-19 16:45:00,0.39567614,0.35922542
2026-08-19 16:45:00,0.36675543,0.34944406
2026-08-19 16:45:00,0.3417956,0.33868784
2026-08-19 17:00:00,0.39568245,0.34874153
2026-08-19 17:00:00,0.3667609,0.3409062
2026-08-19 17:00:00,0.34180036,0.3325383
2026-08-19 17:00:00,0.31163248,0.32309604
2026-08-19 17:15:00,0.36676753,0.33684942
2026-08-19 17:15:00,0.34180608,0.3283196
2026-08-19 17:15:00,0.3116375,0.32074946
2026-08-19 17:15:00,0.30547738,0.31235695
2026-08-19 17:30:00,0.341813,0.32992816
2026-08-19 17:30:00,0.3116435,0.32157642
2026-08-19 17:30:00,0.30548245,0.31503582
2026-08-19 17:30:00,0.3005774,0.3081882
2026-08-19 17:45:00,0.31165075,0.3202507
2026-08-19 17:45:00,0.30548853,0.31177694
2026-08-19 17:45:00,0.30058253,0.30622905
2026-08-19 17:45:00,0.29471576,0.30053142
2026-08-19 18:00:00,0.30549583,0.309668
2026-08-19 18:00:00,0.30058864,0.3019354
2026-08-19 18:00:00,0.29472092,0.29806805
2026-08-19 18:00:00,0.2888541,0.29374138
2026-08-19 18:15:00,0.300596,0.30176777
2026-08-19 18:15:00,0.2947271,0.29614407
2026-08-19 18:15:00,0.2888593,0.29481494
2026-08-19 18:15:00,0.28299245,0.2926402
2026-08-19 18:30:00,0.29473454,0.29546672
2026-08-19 18:30:00,0.28886554,0.29162565
2026-08-19 18:30:00,0.2829977,0.29250327
2026-08-19 18:30:00,0.28299245,0.29163152
2026-08-19 18:45:00,0.28887305,0.2913037
2026-08-19 18:45:00,0.283004,0.2887967
2026-08-19 18:45:00,0.2829977,0.29121283
2026-08-19 18:45:00,0.28299245,0.2914388
2026-08-19 19:00:00,0.28301156,0.28786483
2026-08-19 19:00:00,0.283004,0.2867624
2026-08-19 19:00:00,0.2829977,0.29061526
2026-08-19 19:00:00,0.28299245,0.29183263
2026-08-19 19:15:00,0.28301156,0.28516766
2026-08-19 19:15:00,0.283004,0.28558025
2026-08-19 19:15:00,0.2829977,0.2906612
2026-08-19 19:15:00,0.28299245,0.29258946
2026-08-19 19:30:00,0.28301156,0.28367513
2026-08-19 19:30:00,0.283004,0.28473547
2026-08-19 19:30:00,0.2829977,0.2903113
2026-08-19 19:30:00,0.28299245,0.29227132
2026-08-19 19:45:00,0.28301156,0.2831233
2026-08-19 19:45:00,0.283004,0.28407386
2026-08-19 19:45:00,0.2829977,0.28958386
2026-08-19 19:45:00,0.28299245,0.29112792
2026-08-19 20:00:00,0.28301156,0.28310353
2026-08-19 20:00:00,0.283004,0.28374115
2026-08-19 20:00:00,0.2829977,0.28905216
2026-08-19 20:00:00,0.28299245,0.2903793
2026-08-19 20:15:00,0.28301156,0.28294918
2026-08-19 20:15:00,0.283004,0.2835714
2026-08-19 20:15:00,0.2829977,0.2889973
2026-08-19 20:15:00,0.28299245,0.29071048
2026-08-19 20:30:00,0.28301156,0.28287473
2026-08-19 20:30:00,0.283004,0.28328767
2026-08-19 20:30:00,0.2829977,0.28856346
2026-08-19 20:30:00,0.28299245,0.28985733
2026-08-19 20:45:00,0.28301156,0.2829085
2026-08-19 20:45:00,0.283004,0.28394383
2026-08-19 20:45:00,0.2829977,0.28968355
2026-08-19 20:45:00,0.28299245,0.29246676
2026-08-19 21:00:00,0.28301156,0.28181332
2026-08-19 21:00:00,0.283004,0.28333348
2026-08-19 21:00:00,0.2829977,0.2893166
2026-08-19 21:00:00,0.28299245,0.29157725
2026-08-19 21:15:00,0.28301156,0.28266823
2026-08-19 21:15:00,0.283004,0.28340468
2026-08-19 21:15:00,0.2829977,0.28886795
2026-08-19 21:15:00,0.28299245,0.29035214
2026-08-19 21:30:00,0.28301156,0.28315187
2026-08-19 21:30:00,0.283004,0.28349346
2026-08-19 21:30:00,0.2829977,0.28875363
2026-08-19 21:30:00,0.28299245,0.29059055
2026-08-19 21:45:00,0.28301156,0.28237298
2026-08-19 21:45:00,0.283004,0.283119
2026-08-19 21:45:00,0.2829977,0.28890628
2026-08-19 21:45:00,0.28299245,0.29118207
2026-08-19 22:00:00,0.28301156,0.28235936
2026-08-19 22:00:00,0.283004,0.28450823
2026-08-19 22:00:00,0.2829977,0.2905607
2026-08-19 22:00:00,0.28299245,0.29397407
2026-08-19 22:15:00,0.28301156,0.2817552
2026-08-19 22:15:00,0.283004,0.28461477
2026-08-19 22:15:00,0.2829977,0.29089198
2026-08-19 22:15:00,0.28299245,0.2942739
2026-08-19 22:30:00,0.28301156,0.2820816
2026-08-19 22:30:00,0.283004,0.2841945
2026-08-19 22:30:00,0.2829977,0.29010782
2026-08-19 22:30:00,0.28299245,0.29212523
2026-08-19 22:45:00,0.28301156,0.28335622
2026-08-19 22:45:00,0.283004,0.28413692
2026-08-19 22:45:00,0.2829977,0.28926486
2026-08-19 22:45:00,0.28299245,0.29047102
2026-08-19 23:00:00,0.28301156,0.28323188
2026-08-19 23:00:00,0.283004,0.28344822
2026-08-19 23:00:00,0.2829977,0.28871992
2026-08-19 23:00:00,0.28299245,0.29051402
2026-08-19 23:15:00,0.28301156,0.28223538
2026-08-19 23:15:00,0.283004,0.28305393
2026-08-19 23:15:00,0.2829977,0.2887911
2026-08-19 23:15:00,0.28299245,0.2909366
2026-08-19 23:30:00,0.28301156,0.28238794
2026-08-19 23:30:00,0.283004,0.2837934
2026-08-19 23:30:00,0.2829977,0.2895631
2026-08-19 23:30:00,0.28299245,0.29211143
2026-08-19 23:45:00,0.28301156,0.28215986
2026-08-19 23:45:00,0.283004,0.28363067
2026-08-19 23:45:00,0.2829977,0.2894566
2026-08-19 23:45:00,0.28299245,0.29174364
2026-08-20 00:00:00,0.28301156,0.28270352
2026-08-20 00:00:00,0.283004,0.28354192
2026-08-20 00:00:00,0.2829977,0.28898266
2026-08-20 00:00:00,0.28299245,0.2904651
2026-08-20 00:15:00,0.28301156,0.2835643
2026-08-20 00:15:00,0.283004,0.28355038
2026-08-20 00:15:00,0.2829977,0.28855664
2026-08-20 00:15:00,0.28299245,0.28980625
2026-08-20 00:30:00,0.28301156,0.28351054
2026-08-20 00:30:00,0.283004,0.28321394
2026-08-20 00:30:00,0.2829977,0.2882864
2026-08-20 00:30:00,0.28299245,0.2898633
2026-08-20 00:45:00,0.28301156,0.28333375
2026-08-20 00:45:00,0.283004,0.2831282
2026-08-20 00:45:00,0.2829977,0.28835884
2026-08-20 00:45:00,0.28299245,0.29026207
2026-08-20 01:00:00,0.28301156,0.28330627
2026-08-20 01:00:00,0.283004,0.28323364
2026-08-20 01:00:00,0.2829977,0.28850704
2026-08-20 01:00:00,0.28299245,0.29060358
2026-08-20 01:15:00,0.28301156,0.28312325
2026-08-20 01:15:00,0.283004,0.2831625
2026-08-20 01:15:00,0.2829977,0.28855348
2026-08-20 01:15:00,0.28299245,0.29074186
2026-08-20 01:30:00,0.28301156,0.2831509
2026-08-20 01:30:00,0.283004,0.2831808
2026-08-20 01:30:00,0.2829977,0.2885842
2026-08-20 01:30:00,0.28299245,0.29079822
2026-08-20 01:45:00,0.28301156,0.28320217
2026-08-20 01:45:00,0.283004,0.28314075
2026-08-20 01:45:00,0.2829977,0.28854722
2026-08-20 01:45:00,0.28299245,0.29075977
2026-08-20 02:00:00,0.28301156,0.28322464
2026-08-20 02:00:00,0.283004,0.2831066
2026-08-20 02:00:00,0.2829977,0.28853294
2026-08-20 02:00:00,0.28299245,0.2907562
2026-08-20 02:15:00,0.28301156,0.283285
2026-08-20 02:15:00,0.283004,0.28310165
2026-08-20 02:15:00,0.2829977,0.28853095
2026-08-20 02:15:00,0.28299245,0.29077888
2026-08-20 02:30:00,0.28301156,0.28336766
2026-08-20 02:30:00,0.283004,0.28313506
2026-08-20 02:30:00,0.2829977,0.28857508
2026-08-20 02:30:00,0.28299245,0.29090586
2026-08-20 02:45:00,0.28301156,0.2833934
2026-08-20 02:45:00,0.283004,0.28317472
2026-08-20 02:45:00,0.2829977,0.2886507
2026-08-20 02:45:00,0.28299245,0.29108474
2026-08-20 03:00:00,0.28301156,0.28344384
2026-08-20 03:00:00,0.283004,0.28334236
2026-08-20 03:00:00,0.2829977,0.28884786
2026-08-20 03:00:00,0.28299245,0.29141927
2026-08-20 03:15:00,0.28301156,0.28340542
2026-08-20 03:15:00,0.283004,0.2833901
2026-08-20 03:15:00,0.2829977,0.2888955
2026-08-20 03:15:00,0.28299245,0.29143748
2026-08-20 03:30:00,0.28301156,0.283564
2026-08-20 03:30:00,0.283004,0.28344086
2026-08-20 03:30:00,0.2829977,0.2888863
2026-08-20 03:30:00,0.28299245,0.29130623
2026-08-20 03:45:00,0.28301156,0.28377038
2026-08-20 03:45:00,0.283004,0.28347936
2026-08-20 03:45:00,0.2829977,0.28885174
2026-08-20 03:45:00,0.28299245,0.29121312
2026-08-20 04:00:00,0.28301156,0.2837686
2026-08-20 04:00:00,0.283004,0.28345525
2026-08-20 04:00:00,0.2829977,0.28886458
2026-08-20 04:00:00,0.28299245,0.29125634
2026-08-20 04:15:00,0.28301156,0.28385216
2026-08-20 04:15:00,0.283004,0.28356516
2026-08-20 04:15:00,0.2829977,0.28898922
2026-08-20 04:15:00,0.28299245,0.29146057
2026-08-20 04:30:00,0.28301156,0.28391707
2026-08-20 04:30:00,0.283004,0.28364477
2026-08-20 04:30:00,0.2829977,0.28906548
2026-08-20 04:30:00,0.28299245,0.29155272
2026-08-20 04:45:00,0.28301156,0.2840212
2026-08-20 04:45:00,0.283004,0.28369474
2026-08-20 04:45:00,0.2829977,0.28909686
2026-08-20 04:45:00,0.28299245,0.29152438
2026-08-20 05:00:00,0.28301156,0.28423053
2026-08-20 05:00:00,0.283004,0.28380018
2026-08-20 05:00:00,0.2829977,0.28916436
2026-08-20 05:00:00,0.28299245,0.29153913
2026-08-20 05:15:00,0.28301156,0.2843712
2026-08-20 05:15:00,0.283004,0.28393668
2026-08-20 05:15:00,0.2829977,0.28933084
2026-08-20 05:15:00,0.28634837,0.29188228
2026-08-20 05:30:00,0.28301156,0.28436425
2026-08-20 05:30:00,0.283004,0.28409094
2026-08-20 05:30:00,0.2863536,0.28964514
2026-08-20 05:30:00,0.29672566,0.29244417
2026-08-20 05:45:00,0.28301156,0.28485593
2026-08-20 05:45:00,0.28635985,0.2847452
2026-08-20 05:45:00,0.2967308,0.2904606
2026-08-20 05:45:00,0.30468148,0.29360396
2026-08-20 06:00:00,0.2863674,0.28539988
2026-08-20 06:00:00,0.29673693,0.28533748
2026-08-20 06:00:00,0.30468655,0.291082
2026-08-20 06:00:00,0.3192485,0.29442468
2026-08-20 06:15:00,0.29674435,0.28633854
2026-08-20 06:15:00,0.30469263,0.2868003
2026-08-20 06:15:00,0.31925344,0.2930916
2026-08-20 06:15:00,0.3383693,0.29715222
2026-08-20 06:30:00,0.30469996,0.2940575
2026-08-20 06:30:00,0.3192594,0.29934958
2026-08-20 06:30:00,0.3383741,0.31075588
2026-08-20 06:30:00,0.32239294,0.3207118
2026-08-20 06:45:00,0.31926656,0.3143509
2026-08-20 06:45:00,0.33837986,0.3282368
2026-08-20 06:45:00,0.3223979,0.34812695
2026-08-20 06:45:00,0.3176474,0.3661077
2026-08-20 07:00:00,0.33838683,0.33458742
2026-08-20 07:00:00,0.3224038,0.35301262
2026-08-20 07:00:00,0.31765234,0.37664172
2026-08-20 07:00:00,0.34594834,0.39752543
2026-08-20 07:15:00,0.3224109,0.35407346
2026-08-20 07:15:00,0.3176583,0.37582457
2026-08-20 07:15:00,0.34595308,0.4023846
2026-08-20 07:15:00,0.35853362,0.4256044
2026-08-20 07:30:00,0.3176655,0.36494544
2026-08-20 07:30:00,0.34595877,0.38763535
2026-08-20 07:30:00,0.35853824,0.41422293
2026-08-20 07:30:00,0.35840434,0.43692935
2026-08-20 07:45:00,0.34596562,0.3733855
2026-08-20 07:45:00,0.3585438,0.39590287
2026-08-20 07:45:00,0.358409,0.4202348
2026-08-20 07:45:00,0.36140513,0.44082826
2026-08-20 08:00:00,0.35855055,0.37370726
2026-08-20 08:00:00,0.35841456,0.39615208
2026-08-20 08:00:00,0.36140975,0.4202962
2026-08-20 08:00:00,0.3374172,0.44068605
2026-08-20 08:15:00,0.35842127,0.3753703
2026-08-20 08:15:00,0.3614153,0.3983477
2026-08-20 08:15:00,0.33742198,0.4233253
2026-08-20 08:15:00,0.388632,0.44426337
2026-08-20 08:30:00,0.361422,0.38696587
2026-08-20 08:30:00,0.33742774,0.41023207
2026-08-20 08:30:00,0.3886364,0.43546835
2026-08-20 08:30:00,0.43781048,0.45666155
2026-08-20 08:45:00,0.3374347,0.38522616
2026-08-20 08:45:00,0.38864166,0.40543976
2026-08-20 08:45:00,0.43781447,0.42633024
2026-08-20 08:45:00,0.48698896,0.44299775
2026-08-20 09:00:00,0.38864806,0.38218808
2026-08-20 09:00:00,0.43781927,0.39968717
2026-08-20 09:00:00,0.48699257,0.41689935
2026-08-20 09:00:00,0.4878237,0.43002453
2026-08-20 09:15:00,0.4378251,0.3841439
2026-08-20 09:15:00,0.4869969,0.4003212
2026-08-20 09:15:00,0.4878273,0.41632497
2026-08-20 09:15:00,0.44968197,0.4281671
2026-08-20 09:30:00,0.4870022,0.3863214
2026-08-20 09:30:00,0.4878316,0.40032107
2026-08-20 09:30:00,0.44968587,0.4155783
2026-08-20 09:30:00,0.45554483,0.42657083
2026-08-20 09:45:00,0.4878369,0.39865443
2026-08-20 09:45:00,0.44969058,0.411743
2026-08-20 09:45:00,0.4555487,0.42550737
2026-08-20 09:45:00,0.53526187,0.4351217
2026-08-20 10:00:00,0.44969627,0.42784345
2026-08-20 10:00:00,0.45555332,0.4427754
2026-08-20 10:00:00,0.5352651,0.45700827
2026-08-20 10:00:00,0.51090014,0.46786183
2026-08-20 10:15:00,0.45555896,0.4649899
2026-08-20 10:15:00,0.5352689,0.48061723
2026-08-20 10:15:00,0.5109035,0.49427062
2026-08-20 10:15:00,0.48653832,0.50563484
2026-08-20 10:30:00,0.5352737,0.4898362
2026-08-20 10:30:00,0.5109076,0.5053685
2026-08-20 10:30:00,0.48654193,0.5182202
2026-08-20 10:30:00,0.54468364,0.52914697
2026-08-20 10:45:00,0.51091266,0.5017851
2026-08-20 10:45:00,0.48654625,0.5175339
2026-08-20 10:45:00,0.5446868,0.5296949
2026-08-20 10:45:00,0.602829,0.53965735
2026-08-20 11:00:00,0.48655155,0.5068553
2026-08-20 11:00:00,0.54469055,0.5225558
2026-08-20 11:00:00,0.6028316,0.53417873
2026-08-20 11:00:00,0.54448247,0.5432985
2026-08-20 11:15:00,0.5446952,0.5146811
2026-08-20 11:15:00,0.6028348,0.5296314
2026-08-20 11:15:00,0.5444856,0.5404227
2026-08-20 11:15:00,0.48613596,0.5485545
2026-08-20 11:30:00,0.6028389,0.528199
2026-08-20 11:30:00,0.5444894,0.5418056
2026-08-20 11:30:00,0.4861396,0.5511831
2026-08-20 11:30:00,0.4720351,0.5578476
2026-08-20 11:45:00,0.54449403,0.5440327
2026-08-20 11:45:00,0.48614392,0.55605364
2026-08-20 11:45:00,0.4720388,0.5638145
2026-08-20 11:45:00,0.38756502,0.5688225
2026-08-20 12:00:00,0.48614922,0.5471798
2026-08-20 12:00:00,0.47204328,0.5586107
2026-08-20 12:00:00,0.38756943,0.5654633
2026-08-20 12:00:00,0.3473101,0.56943685
2026-08-20 12:15:00,0.47204876,0.5443117
2026-08-20 12:15:00,0.3875747,0.5556764
2026-08-20 12:15:00,0.34731483,0.56157726
2026-08-20 12:15:00,0.34821647,0.5642458
2026-08-20 12:30:00,0.3875811,0.5328726
2026-08-20 12:30:00,0.3473205,0.54442793
2026-08-20 12:30:00,0.34822118,0.54982936
2026-08-20 12:30:00,0.38208354,0.5516957
2026-08-20 12:45:00,0.34732735,0.49339262
2026-08-20 12:45:00,0.34822685,0.50562495
2026-08-20 12:45:00,0.38208795,0.51125157
2026-08-20 12:45:00,0.37362328,0.5131241
2026-08-20 13:00:00,0.3482337,0.46785727
2026-08-20 13:00:00,0.3820933,0.47982255
2026-08-20 13:00:00,0.37362778,0.4846464
2026-08-20 13:00:00,0.39427394,0.4853997
2026-08-20 13:15:00,0.38209975,0.44928652
2026-08-20 13:15:00,0.3736332,0.4602148
2026-08-20 13:15:00,0.3942783,0.46421307
2026-08-20 13:15:00,0.5469973,0.46418452
2026-08-20 13:30:00,0.37363976,0.42692316
2026-08-20 13:30:00,0.3942835,0.43608314
2026-08-20 13:30:00,0.5470004,0.43933135
2026-08-20 13:30:00,0.5300168,0.4380843
2026-08-20 13:45:00,0.39428982,0.40608126
2026-08-20 13:45:00,0.5470041,0.41338637
2026-08-20 13:45:00,0.53002,0.4163736
2026-08-20 13:45:00,0.51303625,0.4143824
2026-08-20 14:00:00,0.54700875,0.39429137
2026-08-20 14:00:00,0.53002393,0.3995327
2026-08-20 14:00:00,0.51303965,0.40154693
2026-08-20 14:00:00,0.49133545,0.3985144
2026-08-20 14:15:00,0.53002876,0.40265527
2026-08-20 14:15:00,0.5130437,0.40741414
2026-08-20 14:15:00,0.49133903,0.40913272
2026-08-20 14:15:00,0.4889649,0.40626538
2026-08-20 14:30:00,0.5130487,0.41493243
2026-08-20 14:30:00,0.49134332,0.41939875
2026-08-20 14:30:00,0.48896846,0.4203328
2026-08-20 14:30:00,0.4878897,0.41714835
2026-08-20 14:45:00,0.49134856,0.42864114
2026-08-20 14:45:00,0.48897278,0.43279928
2026-08-20 14:45:00,0.48789328,0.43257928
2026-08-20 14:45:00,0.42582178,0.4287941
2026-08-20 15:00:00,0.48897806,0.4366777
2026-08-20 15:00:00,0.4878976,0.44005585
2026-08-20 15:00:00,0.42582586,0.43814462
2026-08-20 15:00:00,0.3832661,0.4331149
2026-08-20 15:15:00,0.48790288,0.4375074
2026-08-20 15:15:00,0.42583078,0.4400472
2026-08-20 15:15:00,0.3832705,0.4367166
2026-08-20 15:15:00,0.36318582,0.43056685
2026-08-20 15:30:00,0.42583674,0.43288618
2026-08-20 15:30:00,0.38327584,0.4338503
2026-08-20 15:30:00,0.3631904,0.4285758
2026-08-20 15:30:00,0.38733897,0.42080182
2026-08-20 15:45:00,0.3832823,0.41944483
2026-08-20 15:45:00,0.36319596,0.4188873
2026-08-20 15:45:00,0.38734338,0.41212577
2026-08-20 15:45:00,0.4061643,0.4031028
2026-08-20 16:00:00,0.36320263,0.40265954
2026-08-20 16:00:00,0.38734865,0.40076137
2026-08-20 16:00:00,0.40616852,0.39302963
2026-08-20 16:00:00,0.3709579,0.3832801
2026-08-20 16:15:00,0.38735506,0.3835311
2026-08-20 16:15:00,0.40617365,0.38047397
2026-08-20 16:15:00,0.37096244,0.37234876
2026-08-20 16:15:00,0.35701013,0.36246127
2026-08-20 16:30:00,0.40617985,0.36785886
2026-08-20 16:30:00,0.37096786,0.36305365
2026-08-20 16:30:00,0.35701478,0.35428157
2026-08-20 16:30:00,0.33153263,0.34414983
2026-08-20 16:45:00,0.37097448,0.3571399
2026-08-20 16:45:00,0.35702038,0.35085887
2026-08-20 16:45:00,0.33153746,0.34196416
2026-08-20 16:45:00,0.3268472,0.33204412
2026-08-20 17:00:00,0.3570271,0.34707695
2026-08-20 17:00:00,0.3315433,0.3396129
2026-08-20 17:00:00,0.32685208,0.3309072
2026-08-20 17:00:00,0.33532676,0.32153082
2026-08-20 17:15:00,0.33155033,0.3381666
2026-08-20 17:15:00,0.32685795,0.32995713
2026-08-20 17:15:00,0.3353316,0.32171166
2026-08-20 17:15:00,0.307965,0.31307966
2026-08-20 17:30:00,0.32686505,0.3257852
2026-08-20 17:30:00,0.33533737,0.31752542
2026-08-20 17:30:00,0.30797005,0.31057146
2026-08-20 17:30:00,0.29600558,0.3033211
2026-08-20 17:45:00,0.33534437,0.31362274
2026-08-20 17:45:00,0.3079761,0.30611748
2026-08-20 17:45:00,0.2960107,0.30137625
2026-08-20 17:45:00,0.28404614,0.29611263
2026-08-20 18:00:00,0.3079834,0.3050201
2026-08-20 18:00:00,0.29601687,0.2986541
2026-08-20 18:00:00,0.28405136,0.2961532
2026-08-20 18:00:00,0.28354245,0.29277432
2026-08-20 18:15:00,0.2960243,0.29784063
2026-08-20 18:15:00,0.28405765,0.29335937
2026-08-20 18:15:00,0.2835477,0.29318035
2026-08-20 18:15:00,0.28299245,0.29172343
2026-08-20 18:30:00,0.28406522,0.29273972
2026-08-20 18:30:00,0.28355396,0.2900468
2026-08-20 18:30:00,0.2829977,0.29175076
2026-08-20 18:30:00,0.28299245,0.2917026
2026-08-20 18:45:00,0.28356153,0.28891772
2026-08-20 18:45:00,0.283004,0.2876203
2026-08-20 18:45:00,0.2829977,0.2907611
2026-08-20 18:45:00,0.28299245,0.29173282
2026-08-20 19:00:00,0.28301156,0.2859452
2026-08-20 19:00:00,0.283004,0.28594816
2026-08-20 19:00:00,0.2829977,0.290318
2026-08-20 19:00:00,0.28299245,0.29207206
2026-08-20 19:15:00,0.28301156,0.2836898
2026-08-20 19:15:00,0.283004,0.2849974
2026-08-20 19:15:00,0.2829977,0.29039395
2026-08-20 19:15:00,0.28299245,0.29272538
2026-08-20 19:30:00,0.28301156,0.28245482
2026-08-20 19:30:00,0.283004,0.28427413
2026-08-20 19:30:00,0.2829977,0.29015073
2026-08-20 19:30:00,0.28299245,0.29244056
2026-08-20 19:45:00,0.28301156,0.28200018
2026-08-20 19:45:00,0.283004,0.2838286
2026-08-20 19:45:00,0.2829977,0.28973645
2026-08-20 19:45:00,0.28299245,0.29183733
2026-08-20 20:00:00,0.28301156,0.2818713
2026-08-20 20:00:00,0.283004,0.28361118
2026-08-20 20:00:00,0.2829977,0.2895128
2026-08-20 20:00:00,0.28299245,0.29149845
2026-08-20 20:15:00,0.28301156,0.28170353
2026-08-20 20:15:00,0.283004,0.28354937
2026-08-20 20:15:00,0.2829977,0.2895077
2026-08-20 20:15:00,0.28299245,0.29164088
2026-08-20 20:30:00,0.28301156,0.28149265
2026-08-20 20:30:00,0.283004,0.28348753
2026-08-20 20:30:00,0.2829977,0.28953177
2026-08-20 20:30:00,0.28299245,0.29177716
2026-08-20 20:45:00,0.28301156,0.28134802
2026-08-20 20:45:00,0.283004,0.28343853
2026-08-20 20:45:00,0.2829977,0.2895194
2026-08-20 20:45:00,0.28299245,0.2918248
2026-08-20 21:00:00,0.28301156,0.28129655
2026-08-20 21:00:00,0.283004,0.28341177
2026-08-20 21:00:00,0.2829977,0.28951302
2026-08-20 21:00:00,0.28299245,0.2918358
2026-08-20 21:15:00,0.28301156,0.28124982
2026-08-20 21:15:00,0.283004,0.28339332
2026-08-20 21:15:00,0.2829977,0.28952566
2026-08-20 21:15:00,0.28299245,0.29186454
2026-08-20 21:30:00,0.28301156,0.28122637
2026-08-20 21:30:00,0.283004,0.2833699
2026-08-20 21:30:00,0.2829977,0.28951123
2026-08-20 21:30:00,0.28299245,0.29183736
2026-08-20 21:45:00,0.28301156,0.28123757
2026-08-20 21:45:00,0.283004,0.28335905
2026-08-20 21:45:00,0.2829977,0.2894984
2026-08-20 21:45:00,0.28299245,0.29181862
2026-08-20 22:00:00,0.28301156,0.2812223
2026-08-20 22:00:00,0.283004,0.28334105
2026-08-20 22:00:00,0.2829977,0.28949597
2026-08-20 22:00:00,0.28299245,0.29181734
2026-08-20 22:15:00,0.28301156,0.28121424
2026-08-20 22:15:00,0.283004,0.28330758
2026-08-20 22:15:00,0.2829977,0.28946358
2026-08-20 22:15:00,0.28299245,0.29176927
2026-08-20 22:30:00,0.28301156,0.28188285
2026-08-20 22:30:00,0.283004,0.28351653
2026-08-20 22:30:00,0.2829977,0.2891763
2026-08-20 22:30:00,0.28299245,0.29040122
2026-08-20 22:45:00,0.28301156,0.2835502
2026-08-20 22:45:00,0.283004,0.28398797
2026-08-20 22:45:00,0.2829977,0.28874338
2026-08-20 22:45:00,0.28299245,0.28921396
2026-08-20 23:00:00,0.28301156,0.28387564
2026-08-20 23:00:00,0.283004,0.2836171
2026-08-20 23:00:00,0.2829977,0.28820646
2026-08-20 23:00:00,0.28299245,0.28904134
2026-08-20 23:15:00,0.28301156,0.28325954
2026-08-20 23:15:00,0.283004,0.28307918
2026-08-20 23:15:00,0.2829977,0.2881743
2026-08-20 23:15:00,0.28299245,0.28958678
2026-08-20 23:30:00,0.28301156,0.2833286
2026-08-20 23:30:00,0.283004,0.28322405
2026-08-20 23:30:00,0.2829977,0.2883268
2026-08-20 23:30:00,0.28299245,0.29005232
2026-08-20 23:45:00,0.28301156,0.28327492
2026-08-20 23:45:00,0.283004,0.28319448
2026-08-20 23:45:00,0.2829977,0.28836718
2026-08-20 23:45:00,0.28299245,0.29018494
2026-08-21 00:00:00,0.28301156,0.28326854
2026-08-21 00:00:00,0.283004,0.28316483
2026-08-21 00:00:00,0.2829977,0.2883882
2026-08-21 00:00:00,0.28299245,0.2902385
2026-08-21 00:15:00,0.28301156,0.28328034
2026-08-21 00:15:00,0.283004,0.28310892
2026-08-21 00:15:00,0.2829977,0.28836957
2026-08-21 00:15:00,0.28299245,0.29026127
2026-08-21 00:30:00,0.28301156,0.28327802
2026-08-21 00:30:00,0.283004,0.28302616
2026-08-21 00:30:00,0.2829977,0.28831735
2026-08-21 00:30:00,0.28299245,0.29023004
2026-08-21 00:45:00,0.28301156,0.28334728
2026-08-21 00:45:00,0.283004,0.2830252
2026-08-21 00:45:00,0.2829977,0.28833646
2026-08-21 00:45:00,0.28299245,0.29033923
2026-08-21 01:00:00,0.28301156,0.28335923
2026-08-21 01:00:00,0.283004,0.28302452
2026-08-21 01:00:00,0.2829977,0.28837752
2026-08-21 01:00:00,0.28299245,0.29051152
2026-08-21 01:15:00,0.28301156,0.2835292
2026-08-21 01:15:00,0.283004,0.28335708
2026-08-21 01:15:00,0.2829977,0.28891176
2026-08-21 01:15:00,0.28299245,0.29127598
2026-08-21 01:30:00,0.28301156,0.2837636
2026-08-21 01:30:00,0.283004,0.28353405
2026-08-21 01:30:00,0.2829977,0.2891027
2026-08-21 01:30:00,0.28299245,0.29185137
2026-08-21 01:45:00,0.28301156,0.2833485
2026-08-21 01:45:00,0.283004,0.28361306
2026-08-21 01:45:00,0.2829977,0.2893392
2026-08-21 01:45:00,0.28299245,0.29251748
2026-08-21 02:00:00,0.28301156,0.28309426
2026-08-21 02:00:00,0.283004,0.28359997
2026-08-21 02:00:00,0.2829977,0.28925437
2026-08-21 02:00:00,0.28299245,0.2921871
2026-08-21 02:15:00,0.28301156,0.28366444
2026-08-21 02:15:00,0.283004,0.28374684
2026-08-21 02:15:00,0.2829977,0.2890742
2026-08-21 02:15:00,0.28299245,0.29156077
2026-08-21 02:30:00,0.28301156,0.28394458
2026-08-21 02:30:00,0.283004,0.28363153
2026-08-21 02:30:00,0.2829977,0.28891978
2026-08-21 02:30:00,0.28299245,0.29129553
2026-08-21 02:45:00,0.28301156,0.2839236
2026-08-21 02:45:00,0.283004,0.28356537
2026-08-21 02:45:00,0.2829977,0.28900278
2026-08-21 02:45:00,0.28299245,0.29160112
2026-08-21 03:00:00,0.28301156,0.28412318
2026-08-21 03:00:00,0.283004,0.28409708
2026-08-21 03:00:00,0.2829977,0.28995386
2026-08-21 03:00:00,0.28299245,0.29299998
2026-08-21 03:15:00,0.28301156,0.2843801
2026-08-21 03:15:00,0.283004,0.28440225
2026-08-21 03:15:00,0.2829977,0.29021573
2026-08-21 03:15:00,0.28299245,0.29356372
2026-08-21 03:30:00,0.28301156,0.28396153
2026-08-21 03:30:00,0.283004,0.2845833
2026-08-21 03:30:00,0.2829977,0.2909405
2026-08-21 03:30:00,0.28299245,0.29498112
2026-08-21 03:45:00,0.28301156,0.28424713
2026-08-21 03:45:00,0.283004,0.28481668
2026-08-21 03:45:00,0.2829977,0.29071286
2026-08-21 03:45:00,0.28299245,0.2943937
2026-08-21 04:00:00,0.28301156,0.28463608
2026-08-21 04:00:00,0.283004,0.2851428
2026-08-21 04:00:00,0.2829977,0.29058743
2026-08-21 04:00:00,0.28299245,0.29387748
2026-08-21 04:15:00,0.28301156,0.2847748
2026-08-21 04:15:00,0.283004,0.2853234
2026-08-21 04:15:00,0.2829977,0.29124516
2026-08-21 04:15:00,0.28299245,0.29467028
2026-08-21 04:30:00,0.28301156,0.28614664
2026-08-21 04:30:00,0.283004,0.28650656
2026-08-21 04:30:00,0.2829977,0.2924381
2026-08-21 04:30:00,0.28299245,0.29607514
2026-08-21 04:45:00,0.28301156,0.28597128
2026-08-21 04:45:00,0.283004,0.28704637
2026-08-21 04:45:00,0.2829977,0.29387778
2026-08-21 04:45:00,0.28299245,0.29873064
2026-08-21 05:00:00,0.28301156,0.28554183
2026-08-21 05:00:00,0.283004,0.2873273
2026-08-21 05:00:00,0.2829977,0.29452512
2026-08-21 05:00:00,0.28299245,0.30000734
2026-08-21 05:15:00,0.28301156,0.28831977
2026-08-21 05:15:00,0.283004,0.29139495
2026-08-21 05:15:00,0.2829977,0.29658815
2026-08-21 05:15:00,0.28299245,0.3006685
2026-08-21 05:30:00,0.28301156,0.28859243
2026-08-21 05:30:00,0.283004,0.2914236
2026-08-21 05:30:00,0.2829977,0.29556206
2026-08-21 05:30:00,0.2963585,0.29861706
2026-08-21 05:45:00,0.28301156,0.28701627
2026-08-21 05:45:00,0.283004,0.28862926
2026-08-21 05:45:00,0.29636365,0.29261747
2026-08-21 05:45:00,0.30937672,0.29458684
2026-08-21 06:00:00,0.28301156,0.2863751
2026-08-21 06:00:00,0.2963698,0.2861518
2026-08-21 06:00:00,0.30938175,0.2901262
2026-08-21 06:00:00,0.31715864,0.29160413
2026-08-21 06:15:00,0.2963772,0.2856759
2026-08-21 06:15:00,0.3093878,0.2847843
2026-08-21 06:15:00,0.31716362,0.28940952
2026-08-21 06:15:00,0.32825053,0.29143792
2026-08-21 06:30:00,0.30939507,0.28770033
2026-08-21 06:30:00,0.31716958,0.28863773
2026-08-21 06:30:00,0.32825541,0.29520476
2026-08-21 06:30:00,0.33934242,0.3003751
2026-08-21 06:45:00,0.31717676,0.29727477
2026-08-21 06:45:00,0.32826126,0.3039865
2026-08-21 06:45:00,0.3393472,0.31512445
2026-08-21 06:45:00,0.3662592,0.3257835
2026-08-21 07:00:00,0.32826832,0.31206617
2026-08-21 07:00:00,0.33935297,0.32330427
2026-08-21 07:00:00,0.36626375,0.33738056
2026-08-21 07:00:00,0.43483877,0.3510695
2026-08-21 07:15:00,0.3393599,0.3263585
2026-08-21 07:15:00,0.36626923,0.34036717
2026-08-21 07:15:00,0.43484277,0.35547283
2026-08-21 07:15:00,0.5037884,0.3698275
2026-08-21 07:30:00,0.3662759,0.34362617
2026-08-21 07:30:00,0.4348476,0.3593754
2026-08-21 07:30:00,0.50379187,0.3747591
2026-08-21 07:30:00,0.5486823,0.3893239
2026-08-21 07:45:00,0.4348535,0.36039588
2026-08-21 07:45:00,0.50379604,0.37745762
2026-08-21 07:45:00,0.5486853,0.3933323
2026-08-21 07:45:00,0.57448137,0.40846825
2026-08-21 08:00:00,0.50380117,0.38792482
2026-08-21 08:00:00,0.5486891,0.4071689
2026-08-21 08:00:00,0.5744842,0.4245615
2026-08-21 08:00:00,0.60089916,0.44166562
2026-08-21 08:15:00,0.5486937,0.42982158
2026-08-21 08:15:00,0.5744877,0.45037687
2026-08-21 08:15:00,0.60090184,0.46808767
2026-08-21 08:15:00,0.6521997,0.4865036
2026-08-21 08:30:00,0.57449204,0.47201946
2026-08-21 08:30:00,0.60090506,0.49172774
2026-08-21 08:30:00,0.6522019,0.50766253
2026-08-21 08:30:00,0.69527054,0.52457833
2026-08-21 08:45:00,0.6009091,0.5116375
2026-08-21 08:45:00,0.6522047,0.5305223
2026-08-21 08:45:00,0.69527245,0.54483956
2026-08-21 08:45:00,0.7159385,0.55888367
2026-08-21 09:00:00,0.65220815,0.54946476
2026-08-21 09:00:00,0.69527483,0.56804764
2026-08-21 09:00:00,0.71594024,0.58058417
2026-08-21 09:00:00,0.7853303,0.59089744
2026-08-21 09:15:00,0.6952778,0.58550376
2026-08-21 09:15:00,0.7159424,0.60279787
2026-08-21 09:15:00,0.78533137,0.61272025
2026-08-21 09:15:00,0.8121903,0.61899006
2026-08-21 09:30:00,0.7159451,0.6170269
2026-08-21 09:30:00,0.7853329,0.63105357
2026-08-21 09:30:00,0.81219125,0.63759387
2026-08-21 09:30:00,0.77138007,0.63985837
2026-08-21 09:45:00,0.7853349,0.64388925
2026-08-21 09:45:00,0.81219244,0.6530688
2026-08-21 09:45:00,0.7713814,0.65598214
2026-08-21 09:45:00,0.6876166,0.6543378
2026-08-21 10:00:00,0.8121941,0.67635554
2026-08-21 10:00:00,0.771383,0.67867434
2026-08-21 10:00:00,0.6876186,0.6786988
2026-08-21 10:00:00,0.7055367,0.6744338
2026-08-21 10:15:00,0.7713851,0.7022351
2026-08-21 10:15:00,0.687621,0.6990496
2026-08-21 10:15:00,0.7055385,0.69753575
2026-08-21 10:15:00,0.66085017,0.691864
2026-08-21 10:30:00,0.68762404,0.711349
2026-08-21 10:30:00,0.7055408,0.70570874
2026-08-21 10:30:00,0.6608523,0.70288223
2026-08-21 10:30:00,0.6093042,0.69562304
2026-08-21 10:45:00,0.70554364,0.7039212
2026-08-21 10:45:00,0.66085505,0.6987048
2026-08-21 10:45:00,0.60930675,0.69449675
2026-08-21 10:45:00,0.5577582,0.68510425
2026-08-21 11:00:00,0.6608584,0.69757426
2026-08-21 11:00:00,0.6093099,0.6928146
2026-08-21 11:00:00,0.5577612,0.6876513
2026-08-21 11:00:00,0.49935275,0.6765809
2026-08-21 11:15:00,0.60931385,0.6866106
2026-08-21 11:15:00,0.5577649,0.6833373
2026-08-21 11:15:00,0.49935624,0.6772954
2026-08-21 11:15:00,0.5200398,0.6644389
2026-08-21 11:30:00,0.55776936,0.67059124
2026-08-21 11:30:00,0.49936044,0.6696513
2026-08-21 11:30:00,0.5200431,0.6627433
2026-08-21 11:30:00,0.5407268,0.6474762
2026-08-21 11:45:00,0.49936563,0.65074015
2026-08-21 11:45:00,0.52004707,0.65286636
2026-08-21 11:45:00,0.54073,0.6455349
2026-08-21 11:45:00,0.5271088,0.62757707
2026-08-21 12:00:00,0.520052,0.6250439
2026-08-21 12:00:00,0.5407338,0.6308644
2026-08-21 12:00:00,0.52711207,0.62421274
2026-08-21 12:00:00,0.3894115,0.6035671
2026-08-21 12:15:00,0.54073846,0.6031538
2026-08-21 12:15:00,0.52711606,0.6109549
2026-08-21 12:15:00,0.3894159,0.6053772
2026-08-21 12:15:00,0.40358257,0.5837717
2026-08-21 12:30:00,0.5271209,0.5819312
2026-08-21 12:30:00,0.38942116,0.5902961
2026-08-21 12:30:00,0.40358686,0.58599365
2026-08-21 12:30:00,0.41775367,0.5655089
2026-08-21 12:45:00,0.38942754,0.56121695
2026-08-21 12:45:00,0.403592,0.5691439
2026-08-21 12:45:00,0.4177578,0.5660393
2026-08-21 12:45:00,0.39090925,0.54843366
2026-08-21 13:00:00,0.40359822,0.5317852
2026-08-21 13:00:00,0.41776282,0.53901875
2026-08-21 13:00:00,0.39091364,0.53702843
2026-08-21 13:00:00,0.40862274,0.52340597
2026-08-21 13:15:00,0.4177689,0.5021073
2026-08-21 13:15:00,0.39091888,0.50890815
2026-08-21 13:15:00,0.40862697,0.5072341
2026-08-21 13:15:00,0.5448197,0.4967933
2026-08-21 13:30:00,0.39092526,0.46850502
2026-08-21 13:30:00,0.40863204,0.47542757
2026-08-21 13:30:00,0.5448229,0.47397494
2026-08-21 13:30:00,0.6810167,0.46559048
2026-08-21 13:45:00,0.40863824,0.43503535
2026-08-21 13:45:00,0.5448266,0.4415525
2026-08-21 13:45:00,0.6810187,0.4402922
2026-08-21 13:45:00,0.5847536,0.43306267
2026-08-21 14:00:00,0.5448313,0.41575545
2026-08-21 14:00:00,0.6810212,0.4214428
2026-08-21 14:00:00,0.5847564,0.42062402
2026-08-21 14:00:00,0.48849046,0.41445076
2026-08-21 14:15:00,0.6810243,0.41748556
2026-08-21 14:15:00,0.5847598,0.42268556
2026-08-21 14:15:00,0.48849404,0.42253798
2026-08-21 14:15:00,0.37613517,0.4176826
2026-08-21 14:30:00,0.584764,0.45293498
2026-08-21 14:30:00,0.48849833,0.4572244
2026-08-21 14:30:00,0.37613964,0.45597258
2026-08-21 14:30:00,0.3485858,0.4512257
2026-08-21 14:45:00,0.48850363,0.4844867
2026-08-21 14:45:00,0.37614504,0.48637384
2026-08-21 14:45:00,0.34859052,0.481777
2026-08-21 14:45:00,0.33364215,0.47468084
2026-08-21 15:00:00,0.37615156,0.4989354
2026-08-21 15:00:00,0.3485962,0.49827924
2026-08-21 15:00:00,0.333647,0.4904409
2026-08-21 15:00:00,0.3618605,0.48042786
2026-08-21 15:15:00,0.348603,0.4742751
2026-08-21 15:15:00,0.3336528,0.47464564
2026-08-21 15:15:00,0.36186513,0.4673373
2026-08-21 15:15:00,0.3853029,0.45767525
2026-08-21 15:30:00,0.3336598,0.43683746
2026-08-21 15:30:00,0.36187068,0.4379056
2026-08-21 15:30:00,0.3853073,0.43129608
2026-08-21 15:30:00,0.38860264,0.42213547
2026-08-21 15:45:00,0.36187735,0.4060501
2026-08-21 15:45:00,0.38531262,0.40629447
2026-08-21 15:45:00,0.38860703,0.39952594
2026-08-21 15:45:00,0.3763302,0.39037985
2026-08-21 16:00:00,0.38531905,0.38563204
2026-08-21 16:00:00,0.38861233,0.3841518
2026-08-21 16:00:00,0.3763347,0.37690097
2026-08-21 16:00:00,0.38251993,0.36750555
2026-08-21 16:15:00,0.3886187,0.3718308
2026-08-21 16:15:00,0.3763401,0.36830834
2026-08-21 16:15:00,0.38252437,0.36053982
2026-08-21 16:15:00,0.39092276,0.35095137
2026-08-21 16:30:00,0.37634662,0.36101413
2026-08-21 16:30:00,0.3825297,0.3556216
2026-08-21 16:30:00,0.39092714,0.3473449
2026-08-21 16:30:00,0.37628993,0.3376621
2026-08-21 16:45:00,0.38253617,0.3517748
2026-08-21 16:45:00,0.39093238,0.34521258
2026-08-21 16:45:00,0.3762944,0.33700013
2026-08-21 16:45:00,0.34402144,0.3277907
2026-08-21 17:00:00,0.39093876,0.3431768
2026-08-21 17:00:00,0.3762998,0.33582062
2026-08-21 17:00:00,0.3440262,0.3279091
2026-08-21 17:00:00,0.32659364,0.3193281
2026-08-21 17:15:00,0.37630635,0.33509606
2026-08-21 17:15:00,0.3440319,0.32737964
2026-08-21 17:15:00,0.32659853,0.32015398
2026-08-21 17:15:00,0.34320933,0.31250373
2026-08-21 17:30:00,0.34403878,0.3255543
2026-08-21 17:30:00,0.3266044,0.31771293
2026-08-21 17:30:00,0.34321406,0.3113259
2026-08-21 17:30:00,0.3268155,0.30465594
2026-08-21 17:45:00,0.32661146,0.31557468
2026-08-21 17:45:00,0.3432198,0.30817297
2026-08-21 17:45:00,0.32682037,0.30328137
2026-08-21 17:45:00,0.31274778,0.29801944
2026-08-21 18:00:00,0.34322667,0.306792
2026-08-21 18:00:00,0.32682624,0.30064717
2026-08-21 18:00:00,0.31275278,0.29783466
2026-08-21 18:00:00,0.29389384,0.2943263
2026-08-21 18:15:00,0.32683334,0.29971573
2026-08-21 18:15:00,0.31275877,0.2954918
2026-08-21 18:15:00,0.293899,0.29477417
2026-08-21 18:15:00,0.28299245,0.29304138
2026-08-21 18:30:00,0.31276602,0.29410186
2026-08-21 18:30:00,0.29390517,0.29145125
2026-08-21 18:30:00,0.2829977,0.29257062
2026-08-21 18:30:00,0.28299245,0.29221055
2026-08-21 18:45:00,0.29391262,0.2898888
2026-08-21 18:45:00,0.283004,0.28844514
2026-08-21 18:45:00,0.2829977,0.29106095
2026-08-21 18:45:00,0.28299245,0.29176155
2026-08-21 19:00:00,0.28301156,0.28646672
2026-08-21 19:00:00,0.283004,0.28629303
2026-08-21 19:00:00,0.2829977,0.29029423
2026-08-21 19:00:00,0.28299245,0.29189083
2026-08-21 19:15:00,0.28301156,0.2847129
2026-08-21 19:15:00,0.283004,0.28557524
2026-08-21 19:15:00,0.2829977,0.29039142
2026-08-21 19:15:00,0.28299245,0.29176223
2026-08-21 19:30:00,0.28301156,0.28529176
2026-08-21 19:30:00,0.283004,0.28560007
2026-08-21 19:30:00,0.2829977,0.28993377
2026-08-21 19:30:00,0.28299245,0.29054123
2026-08-21 19:45:00,0.28301156,0.2850778
2026-08-21 19:45:00,0.283004,0.28480506
2026-08-21 19:45:00,0.2829977,0.28882277
2026-08-21 19:45:00,0.28299245,0.2894981
2026-08-21 20:00:00,0.28301156,0.2841552
2026-08-21 20:00:00,0.283004,0.28362992
2026-08-21 20:00:00,0.2829977,0.28817847
2026-08-21 20:00:00,0.28299245,0.28947932
2026-08-21 20:15:00,0.28301156,0.28375834
2026-08-21 20:15:00,0.283004,0.28323734
2026-08-21 20:15:00,0.2829977,0.2879683
2026-08-21 20:15:00,0.28299245,0.2896685
2026-08-21 20:30:00,0.28301156,0.28340682
2026-08-21 20:30:00,0.283004,0.28316024
2026-08-21 20:30:00,0.2829977,0.28816152
2026-08-21 20:30:00,0.28299245,0.29014793
2026-08-21 20:45:00,0.28301156,0.2830828
2026-08-21 20:45:00,0.283004,0.28297427
2026-08-21 20:45:00,0.2829977,0.2881609
2026-08-21 20:45:00,0.28299245,0.29032135
2026-08-21 21:00:00,0.28301156,0.2829344
2026-08-21 21:00:00,0.283004,0.28281385
2026-08-21 21:00:00,0.2829977,0.2881147
2026-08-21 21:00:00,0.28299245,0.29039085
2026-08-21 21:15:00,0.28301156,0.2827504
2026-08-21 21:15:00,0.283004,0.2826798
2026-08-21 21:15:00,0.2829977,0.2881169
2026-08-21 21:15:00,0.28299245,0.29055443
2026-08-21 21:30:00,0.28301156,0.28261775
2026-08-21 21:30:00,0.283004,0.2826353
2026-08-21 21:30:00,0.2829977,0.28817362
2026-08-21 21:30:00,0.28299245,0.2907508
2026-08-21 21:45:00,0.28301156,0.282571
2026-08-21 21:45:00,0.283004,0.28263408
2026-08-21 21:45:00,0.2829977,0.28820407
2026-08-21 21:45:00,0.28299245,0.2908399
2026-08-21 22:00:00,0.28301156,0.28255928
2026-08-21 22:00:00,0.283004,0.28265065
2026-08-21 22:00:00,0.2829977,0.28823444
2026-08-21 22:00:00,0.28299245,0.2908955
2026-08-21 22:15:00,0.28301156,0.28250578
2026-08-21 22:15:00,0.283004,0.2826493
2026-08-21 22:15:00,0.2829977,0.28824928
2026-08-21 22:15:00,0.28299245,0.29092076
2026-08-21 22:30:00,0.28301156,0.28247464
2026-08-21 22:30:00,0.283004,0.28263512
2026-08-21 22:30:00,0.2829977,0.28825623
2026-08-21 22:30:00,0.28299245,0.29095548
2026-08-21 22:45:00,0.28301156,0.2824889
2026-08-21 22:45:00,0.283004,0.28262833
2026-08-21 22:45:00,0.2829977,0.28827623
2026-08-21 22:45:00,0.28299245,0.29102996
2026-08-21 23:00:00,0.28301156,0.28253213
2026-08-21 23:00:00,0.283004,0.28263214
2026-08-21 23:00:00,0.2829977,0.28831092
2026-08-21 23:00:00,0.28299245,0.2911268
2026-08-21 23:15:00,0.28301156,0.2825371
2026-08-21 23:15:00,0.283004,0.2826488
2026-08-21 23:15:00,0.2829977,0.28839186
2026-08-21 23:15:00,0.28299245,0.291336
2026-08-21 23:30:00,0.28301156,0.28260478
2026-08-21 23:30:00,0.283004,0.28273362
2026-08-21 23:30:00,0.2829977,0.28852645
2026-08-21 23:30:00,0.28299245,0.2916066
2026-08-21 23:45:00,0.28301156,0.28268754
2026-08-21 23:45:00,0.283004,0.28282392
2026-08-21 23:45:00,0.2829977,0.28857896
2026-08-21 23:45:00,0.28299245,0.29166785
2026-08-22 00:00:00,0.28301156,0.28266573
2026-08-22 00:00:00,0.283004,0.28285995
2026-08-22 00:00:00,0.2829977,0.28856954
2026-08-22 00:00:00,0.28299245,0.29160184
2026-08-22 00:15:00,0.28301156,0.2826663
2026-08-22 00:15:00,0.283004,0.2829211
2026-08-22 00:15:00,0.2829977,0.28862432
2026-08-22 00:15:00,0.28299245,0.29167452
2026-08-22 00:30:00,0.28301156,0.2827245
2026-08-22 00:30:00,0.283004,0.28296614
2026-08-22 00:30:00,0.2829977,0.28867954
2026-08-22 00:30:00,0.28299245,0.2917602
2026-08-22 00:45:00,0.28301156,0.28280926
2026-08-22 00:45:00,0.283004,0.28299552
2026-08-22 00:45:00,0.2829977,0.28871056
2026-08-22 00:45:00,0.28299245,0.29180813
2026-08-22 01:00:00,0.28301156,0.28284773
2026-08-22 01:00:00,0.283004,0.28301325
2026-08-22 01:00:00,0.2829977,0.28873402
2026-08-22 01:00:00,0.28299245,0.2918459
2026-08-22 01:15:00,0.28301156,0.28286535
2026-08-22 01:15:00,0.283004,0.28307056
2026-08-22 01:15:00,0.2829977,0.28885618
2026-08-22 01:15:00,0.28299245,0.29207468
2026-08-22 01:30:00,0.28301156,0.2829394
2026-08-22 01:30:00,0.283004,0.28317887
2026-08-22 01:30:00,0.2829977,0.28902996
2026-08-22 01:30:00,0.28299245,0.2923775
2026-08-22 01:45:00,0.28301156,0.2830378
2026-08-22 01:45:00,0.283004,0.28330305
2026-08-22 01:45:00,0.2829977,0.28919148
2026-08-22 01:45:00,0.28299245,0.2926319
2026-08-22 02:00:00,0.28301156,0.28310624
2026-08-22 02:00:00,0.283004,0.28340846
2026-08-22 02:00:00,0.2829977,0.2893052
2026-08-22 02:00:00,0.28299245,0.2927888
2026-08-22 02:15:00,0.28301156,0.28317815
2026-08-22 02:15:00,0.283004,0.28358054
2026-08-22 02:15:00,0.2829977,0.28956062
2026-08-22 02:15:00,0.28299245,0.29319257
2026-08-22 02:30:00,0.28301156,0.283346
2026-08-22 02:30:00,0.283004,0.28382772
2026-08-22 02:30:00,0.2829977,0.28988475
2026-08-22 02:30:00,0.28299245,0.29367808
2026-08-22 02:45:00,0.28301156,0.28402063
2026-08-22 02:45:00,0.283004,0.28444788
2026-08-22 02:45:00,0.2829977,0.2900454
2026-08-22 02:45:00,0.28299245,0.29348314
2026-08-22 03:00:00,0.28301156,0.28382063
2026-08-22 03:00:00,0.283004,0.28428045
2026-08-22 03:00:00,0.2829977,0.28967345
2026-08-22 03:00:00,0.28299245,0.29267433
2026-08-22 03:15:00,0.28301156,0.28406128
2026-08-22 03:15:00,0.283004,0.2841763
2026-08-22 03:15:00,0.2829977,0.28943363
2026-08-22 03:15:00,0.28299245,0.2920722
2026-08-22 03:30:00,0.28301156,0.28457388
2026-08-22 03:30:00,0.283004,0.2844343
2026-08-22 03:30:00,0.2829977,0.28992125
2026-08-22 03:30:00,0.28299245,0.29266933
2026-08-22 03:45:00,0.28301156,0.28516412
2026-08-22 03:45:00,0.283004,0.2853035
2026-08-22 03:45:00,0.2829977,0.2914523
2026-08-22 03:45:00,0.28299245,0.29514194
2026-08-22 04:00:00,0.28301156,0.28494442
2026-08-22 04:00:00,0.283004,0.28589955
2026-08-22 04:00:00,0.2829977,0.2917946
2026-08-22 04:00:00,0.28299245,0.2956538
2026-08-22 04:15:00,0.28301156,0.28376994
2026-08-22 04:15:00,0.283004,0.28519958
2026-08-22 04:15:00,0.2829977,0.2908847
2026-08-22 04:15:00,0.28299245,0.29421392
2026-08-22 04:30:00,0.28301156,0.28422588
2026-08-22 04:30:00,0.283004,0.2850215
2026-08-22 04:30:00,0.2829977,0.29018775
2026-08-22 04:30:00,0.28299245,0.29254937
2026-08-22 04:45:00,0.28301156,0.2848691
2026-08-22 04:45:00,0.283004,0.28455433
2026-08-22 04:45:00,0.2829977,0.2893465
2026-08-22 04:45:00,0.28299245,0.29116538
2026-08-22 05:00:00,0.28301156,0.28465182
2026-08-22 05:00:00,0.283004,0.28394574
2026-08-22 05:00:00,0.2829977,0.28898847
2026-08-22 05:00:00,0.28299245,0.2908575
2026-08-22 05:15:00,0.28301156,0.28475168
2026-08-22 05:15:00,0.283004,0.28403905
2026-08-22 05:15:00,0.2829977,0.2891882
2026-08-22 05:15:00,0.28299245,0.29133892
2026-08-22 05:30:00,0.28301156,0.28481898
2026-08-22 05:30:00,0.283004,0.2842623
2026-08-22 05:30:00,0.2829977,0.28960964
2026-08-22 05:30:00,0.31557566,0.2921168
2026-08-22 05:45:00,0.28301156,0.2849795
2026-08-22 05:45:00,0.283004,0.2847834
2026-08-22 05:45:00,0.31558064,0.29037297
2026-08-22 05:45:00,0.3383569,0.29336116
2026-08-22 06:00:00,0.28301156,0.28522453
2026-08-22 06:00:00,0.31558663,0.28534314
2026-08-22 06:00:00,0.3383617,0.291138
2026-08-22 06:00:00,0.34763986,0.2944607
2026-08-22 06:15:00,0.31559384,0.28580877
2026-08-22 06:15:00,0.33836746,0.28620026
2026-08-22 06:15:00,0.3476446,0.29215035
2026-08-22 06:15:00,0.36293134,0.2957537
2026-08-22 06:30:00,0.33837444,0.29150215
2026-08-22 06:30:00,0.34765026,0.29560852
2026-08-22 06:30:00,0.36293596,0.3054307
2026-08-22 06:30:00,0.36225483,0.3137943
2026-08-22 06:45:00,0.3476571,0.30861753
2026-08-22 06:45:00,0.36294147,0.32124808
2026-08-22 06:45:00,0.36225945,0.33954462
2026-08-22 06:45:00,0.41964838,0.35614187
2026-08-22 07:00:00,0.36294815,0.3282121
2026-08-22 07:00:00,0.36226496,0.34621072
2026-08-22 07:00:00,0.41965252,0.36887923
2026-08-22 07:00:00,0.4770419,0.3894003
2026-08-22 07:15:00,0.36227167,0.34929568
2026-08-22 07:15:00,0.4196575,0.37118402
2026-08-22 07:15:00,0.4770456,0.39614734
2026-08-22 07:15:00,0.5024764,0.41811517
2026-08-22 07:30:00,0.41966355,0.36843193
2026-08-22 07:30:00,0.47705,0.3916093
2026-08-22 07:30:00,0.50247985,0.4161375
2026-08-22 07:30:00,0.4723903,0.4375176
2026-08-22 07:45:00,0.47705543,0.3878973
2026-08-22 07:45:00,0.5024841,0.412117
2026-08-22 07:45:00,0.47239402,0.43672198
2026-08-22 07:45:00,0.41980946,0.4583616
2026-08-22 08:00:00,0.5024892,0.40470153
2026-08-22 08:00:00,0.4723985,0.43009982
2026-08-22 08:00:00,0.41981363,0.45714313
2026-08-22 08:00:00,0.36722863,0.4810391
2026-08-22 08:15:00,0.47240394,0.43712142
2026-08-22 08:15:00,0.41981858,0.4629097
2026-08-22 08:15:00,0.36723322,0.48935515
2026-08-22 08:15:00,0.37030363,0.5138422
2026-08-22 08:30:00,0.41982466,0.45849097
2026-08-22 08:30:00,0.3672387,0.48398957
2026-08-22 08:30:00,0.37030816,0.50939757
2026-08-22 08:30:00,0.39575455,0.5330503
2026-08-22 08:45:00,0.36724532,0.473465
2026-08-22 08:45:00,0.37031364,0.4983065
2026-08-22 08:45:00,0.39575887,0.5218879
2026-08-22 08:45:00,0.44858015,0.54387784
2026-08-22 09:00:00,0.37032023,0.48057503
2026-08-22 09:00:00,0.39576408,0.50540304
2026-08-22 09:00:00,0.44858408,0.5285355
2026-08-22 09:00:00,0.56625926,0.5499263
2026-08-22 09:15:00,0.3957704,0.47822702
2026-08-22 09:15:00,0.44858876,0.50237244
2026-08-22 09:15:00,0.56626225,0.52445215
2026-08-22 09:15:00,0.6839384,0.5442107
2026-08-22 09:30:00,0.44859448,0.47040433
2026-08-22 09:30:00,0.5662658,0.49321452
2026-08-22 09:30:00,0.6839404,0.51367337
2026-08-22 09:30:00,0.7282436,0.53121734
2026-08-22 09:45:00,0.56627023,0.47002083
2026-08-22 09:45:00,0.68394285,0.4914059
2026-08-22 09:45:00,0.72824526,0.510273
2026-08-22 09:45:00,0.6869018,0.526063
2026-08-22 10:00:00,0.68394595,0.5080588
2026-08-22 10:00:00,0.7282473,0.5275014
2026-08-22 10:00:00,0.6869038,0.54479426
2026-08-22 10:00:00,0.64556,0.5598619
2026-08-22 10:15:00,0.7282499,0.57371825
2026-08-22 10:15:00,0.6869062,0.5879293
2026-08-22 10:15:00,0.64556235,0.6018415
2026-08-22 10:15:00,0.64570165,0.6137049
2026-08-22 10:30:00,0.68690926,0.62704116
2026-08-22 10:30:00,0.64556515,0.63535655
2026-08-22 10:30:00,0.64570403,0.6455859
2026-08-22 10:30:00,0.5822669,0.6533556
2026-08-22 10:45:00,0.6455687,0.65634954
2026-08-22 10:45:00,0.6457068,0.6612189
2026-08-22 10:45:00,0.5822697,0.66868013
2026-08-22 10:45:00,0.51883215,0.6733118
2026-08-22 11:00:00,0.64571035,0.6700679
2026-08-22 11:00:00,0.5822731,0.67318434
2026-08-22 11:00:00,0.5188355,0.67834425
2026-08-22 11:00:00,0.44659328,0.6805881
2026-08-22 11:15:00,0.5822774,0.67376566
2026-08-22 11:15:00,0.5188395,0.67613554
2026-08-22 11:15:00,0.44659722,0.67917496
2026-08-22 11:15:00,0.54309946,0.67947006
2026-08-22 11:30:00,0.5188444,0.6635251
2026-08-22 11:30:00,0.44660193,0.6671274
2026-08-22 11:30:00,0.5431026,0.6686907
2026-08-22 11:30:00,0.63960564,0.66770923
2026-08-22 11:45:00,0.4466077,0.6438712
2026-08-22 11:45:00,0.54310644,0.65019697
2026-08-22 11:45:00,0.639608,0.65104306
2026-08-22 11:45:00,0.6944792,0.6490655
2026-08-22 12:00:00,0.5431111,0.6085784
2026-08-22 12:00:00,0.6396109,0.61985856
2026-08-22 12:00:00,0.69448113,0.6219168
2026-08-22 12:00:00,0.6723788,0.6197527
2026-08-22 12:15:00,0.63961446,0.588164
2026-08-22 12:15:00,0.69448346,0.6003943
2026-08-22 12:15:00,0.6723808,0.6035868
2026-08-22 12:15:00,0.6502783,0.60222256
2026-08-22 12:30:00,0.69448644,0.58541286
2026-08-22 12:30:00,0.6723834,0.59563303
2026-08-22 12:30:00,0.65028054,0.5983479
2026-08-22 12:30:00,0.5842656,0.5971122
2026-08-22 12:45:00,0.67238665,0.59756196
2026-08-22 12:45:00,0.65028334,0.6041225
2026-08-22 12:45:00,0.58426845,0.60484993
2026-08-22 12:45:00,0.5034283,0.60240406
2026-08-22 13:00:00,0.6502868,0.61341643
2026-08-22 13:00:00,0.5842718,0.61612207
2026-08-22 13:00:00,0.50343174,0.6146774
2026-08-22 13:00:00,0.52571136,0.61057305
2026-08-22 13:15:00,0.584276,0.6224951
2026-08-22 13:15:00,0.5034359,0.62281907
2026-08-22 13:15:00,0.52571464,0.6199019
2026-08-22 13:15:00,0.5479945,0.61449385
2026-08-22 13:30:00,0.503441,0.6118621
2026-08-22 13:30:00,0.5257186,0.6130024
2026-08-22 13:30:00,0.5479976,0.6099136
2026-08-22 13:30:00,0.69373363,0.6039963
2026-08-22 13:45:00,0.52572346,0.5859173
2026-08-22 13:45:00,0.5480013,0.58946615
2026-08-22 13:45:00,0.69373554,0.5873157
2026-08-22 13:45:00,0.8394728,0.5819956
2026-08-22 14:00:00,0.54800594,0.57414055
2026-08-22 14:00:00,0.69373786,0.5773827
2026-08-22 14:00:00,0.8394735,0.5753622
2026-08-22 14:00:00,0.76378286,0.5704943
2026-08-22 14:15:00,0.69374084,0.56806785
2026-08-22 14:15:00,0.83947444,0.57037944
2026-08-22 14:15:00,0.7637842,0.56811535
2026-08-22 14:15:00,0.68809295,0.5632914
2026-08-22 14:30:00,0.8394758,0.5806328
2026-08-22 14:30:00,0.7637859,0.5801369
2026-08-22 14:30:00,0.688095,0.576275
2026-08-22 14:30:00,0.659011,0.5702499
2026-08-22 14:45:00,0.7637881,0.6147579
2026-08-22 14:45:00,0.68809736,0.6081164
2026-08-22 14:45:00,0.6590133,0.600368
2026-08-22 14:45:00,0.6276938,0.59078515
2026-08-22 15:00:00,0.6881004,0.6328904
2026-08-22 15:00:00,0.6590159,0.6216004
2026-08-22 15:00:00,0.6276963,0.6102364
2026-08-22 15:00:00,0.6005087,0.5968843
2026-08-22 15:15:00,0.6590193,0.63108754
2026-08-22 15:15:00,0.62769926,0.6173154
2026-08-22 15:15:00,0.6005114,0.60216475
2026-08-22 15:15:00,0.5642257,0.58477354
2026-08-22 15:30:00,0.62770295,0.613148
2026-08-22 15:30:00,0.60051465,0.5986413
2026-08-22 15:30:00,0.56422865,0.58022606
2026-08-22 15:30:00,0.537623,0.55904245
2026-08-22 15:45:00,0.60051864,0.58249956
2026-08-22 15:45:00,0.56423223,0.56670606
2026-08-22 15:45:00,0.53762615,0.54488146
2026-08-22 15:45:00,0.5124763,0.52058196
2026-08-22 16:00:00,0.56423664,0.5509319
2026-08-22 16:00:00,0.53763,0.53246784
2026-08-22 16:00:00,0.5124797,0.507668
2026-08-22 16:00:00,0.4746551,0.48168832
2026-08-22 16:15:00,0.53763473,0.5214414
2026-08-22 16:15:00,0.51248384,0.5000181
2026-08-22 16:15:00,0.4746588,0.47285712
2026-08-22 16:15:00,0.44340235,0.4460716
2026-08-22 16:30:00,0.51248884,0.4891144
2026-08-22 16:30:00,0.4746632,0.46609682
2026-08-22 16:30:00,0.4434063,0.43775845
2026-08-22 16:30:00,0.40969867,0.4111172
2026-08-22 16:45:00,0.47466865,0.4539518
2026-08-22 16:45:00,0.44341105,0.43095955
2026-08-22 16:45:00,0.4097029,0.4032903
2026-08-22 16:45:00,0.3158977,0.37776247
2026-08-22 17:00:00,0.44341683,0.42292398
2026-08-22 17:00:00,0.40970796,0.40055728
2026-08-22 17:00:00,0.31590268,0.3752311
2026-08-22 17:00:00,0.31256747,0.3515291
2026-08-22 17:15:00,0.4097141,0.3958243
2026-08-22 17:15:00,0.31590864,0.37449402
2026-08-22 17:15:00,0.31257248,0.3524039
2026-08-22 17:15:00,0.32125816,0.33120817
2026-08-22 17:30:00,0.31591585,0.37058413
2026-08-22 17:30:00,0.3125785,0.3508582
2026-08-22 17:30:00,0.32126307,0.33263096
2026-08-22 17:30:00,0.30409375,0.3146283
2026-08-22 17:45:00,0.31258574,0.34433416
2026-08-22 17:45:00,0.321269,0.32751545
2026-08-22 17:45:00,0.3040988,0.31433865
2026-08-22 17:45:00,0.29152724,0.30063012
2026-08-22 18:00:00,0.32127616,0.32278308
2026-08-22 18:00:00,0.30410492,0.30949646
2026-08-22 18:00:00,0.29153243,0.3015138
2026-08-22 18:00:00,0.2841639,0.29237354
2026-08-22 18:15:00,0.30411226,0.30958825
2026-08-22 18:15:00,0.29153863,0.29944885
2026-08-22 18:15:00,0.28416914,0.2953463
2026-08-22 18:15:00,0.28299245,0.28968927
2026-08-22 18:30:00,0.2915461,0.30093822
2026-08-22 18:30:00,0.2841754,0.29326865
2026-08-22 18:30:00,0.2829977,0.29199192
2026-08-22 18:30:00,0.28299245,0.2887481
2026-08-22 18:45:00,0.28418297,0.29582158
2026-08-22 18:45:00,0.283004,0.2897967
2026-08-22 18:45:00,0.2829977,0.29035038
2026-08-22 18:45:00,0.28299245,0.28864756
2026-08-22 19:00:00,0.28301156,0.29176286
2026-08-22 19:00:00,0.283004,0.287504
2026-08-22 19:00:00,0.2829977,0.2896824
2026-08-22 19:00:00,0.28299245,0.28935173
2026-08-22 19:15:00,0.28301156,0.2880336
2026-08-22 19:15:00,0.283004,0.28620505
2026-08-22 19:15:00,0.2829977,0.29009062
2026-08-22 19:15:00,0.28299245,0.29125494
2026-08-22 19:30:00,0.28301156,0.28547454
2026-08-22 19:30:00,0.283004,0.2850449
2026-08-22 19:30:00,0.2829977,0.28989604
2026-08-22 19:30:00,0.28299245,0.29157743
2026-08-22 19:45:00,0.28301156,0.28406683
2026-08-22 19:45:00,0.283004,0.2839065
2026-08-22 19:45:00,0.2829977,0.2889983
2026-08-22 19:45:00,0.28299245,0.29070175
2026-08-22 20:00:00,0.28301156,0.2834674
2026-08-22 20:00:00,0.283004,0.2832645
2026-08-22 20:00:00,0.2829977,0.2884459
2026-08-22 20:00:00,0.28299245,0.29028666
2026-08-22 20:15:00,0.28301156,0.28313372
2026-08-22 20:15:00,0.283004,0.2828683
2026-08-22 20:15:00,0.2829977,0.28812474
2026-08-22 20:15:00,0.28299245,0.2901118
2026-08-22 20:30:00,0.28301156,0.28286907
2026-08-22 20:30:00,0.283004,0.28274485
2026-08-22 20:30:00,0.2829977,0.28810963
2026-08-22 20:30:00,0.28299245,0.29030347
2026-08-22 20:45:00,0.28301156,0.28261155
2026-08-22 20:45:00,0.283004,0.28267497
2026-08-22 20:45:00,0.2829977,0.2881295
2026-08-22 20:45:00,0.28299245,0.2904997
2026-08-22 21:00:00,0.28301156,0.2824658
2026-08-22 21:00:00,0.283004,0.28264382
2026-08-22 21:00:00,0.2829977,0.2881582
2026-08-22 21:00:00,0.28299245,0.29062688
2026-08-22 21:15:00,0.28301156,0.28231904
2026-08-22 21:15:00,0.283004,0.2826106
2026-08-22 21:15:00,0.2829977,0.2881888
2026-08-22 21:15:00,0.28299245,0.29071504
2026-08-22 21:30:00,0.28301156,0.28222066
2026-08-22 21:30:00,0.283004,0.2825589
2026-08-22 21:30:00,0.2829977,0.288175
2026-08-22 21:30:00,0.28299245,0.2907408
2026-08-22 21:45:00,0.28301156,0.28224012
2026-08-22 21:45:00,0.283004,0.28256553
2026-08-22 21:45:00,0.2829977,0.28818768
2026-08-22 21:45:00,0.28299245,0.29078418
2026-08-22 22:00:00,0.28301156,0.28219593
2026-08-22 22:00:00,0.283004,0.28255388
2026-08-22 22:00:00,0.2829977,0.2882021
2026-08-22 22:00:00,0.28299245,0.29080316
2026-08-22 22:15:00,0.28301156,0.28214598
2026-08-22 22:15:00,0.283004,0.2825064
2026-08-22 22:15:00,0.2829977,0.28817555
2026-08-22 22:15:00,0.28299245,0.2908106
2026-08-22 22:30:00,0.28301156,0.28218016
2026-08-22 22:30:00,0.283004,0.28249463
2026-08-22 22:30:00,0.2829977,0.28816792
2026-08-22 22:30:00,0.28299245,0.29084602
2026-08-22 22:45:00,0.28301156,0.2822192
2026-08-22 22:45:00,0.283004,0.28247926
2026-08-22 22:45:00,0.2829977,0.2881608
2026-08-22 22:45:00,0.28299245,0.29086867
2026-08-22 23:00:00,0.28301156,0.2822533
2026-08-22 23:00:00,0.283004,0.28249457
2026-08-22 23:00:00,0.2829977,0.28818002
2026-08-22 23:00:00,0.28299245,0.29091835
2026-08-22 23:15:00,0.28301156,0.28225714
2026-08-22 23:15:00,0.283004,0.28251952
2026-08-22 23:15:00,0.2829977,0.28822094
2026-08-22 23:15:00,0.28299245,0.29100958
2026-08-22 23:30:00,0.28301156,0.2822895
2026-08-22 23:30:00,0.283004,0.28255862
2026-08-22 23:30:00,0.2829977,0.28826547
2026-08-22 23:30:00,0.28299245,0.29110172
2026-08-22 23:45:00,0.28301156,0.28233474
2026-08-22 23:45:00,0.283004,0.28260022
2026-08-22 23:45:00,0.2829977,0.28831345
2026-08-22 23:45:00,0.28299245,0.29119933
2026-08-23 00:00:00,0.28301156,0.28237593
2026-08-23 00:00:00,0.283004,0.28263676
2026-08-23 00:00:00,0.2829977,0.28835684
2026-08-23 00:00:00,0.28299245,0.2912769
2026-08-23 00:15:00,0.28301156,0.28242335
2026-08-23 00:15:00,0.283004,0.28267354
2026-08-23 00:15:00,0.2829977,0.28841436
2026-08-23 00:15:00,0.28299245,0.29139814
2026-08-23 00:30:00,0.28301156,0.28249788
2026-08-23 00:30:00,0.283004,0.28272596
2026-08-23 00:30:00,0.2829977,0.28848645
2026-08-23 00:30:00,0.28299245,0.29153734
2026-08-23 00:45:00,0.28301156,0.28258115
2026-08-23 00:45:00,0.283004,0.28279778
2026-08-23 00:45:00,0.2829977,0.28856733
2026-08-23 00:45:00,0.28299245,0.2916704
2026-08-23 01:00:00,0.28301156,0.28263283
2026-08-23 01:00:00,0.283004,0.2828644
2026-08-23 01:00:00,0.2829977,0.2886344
2026-08-23 01:00:00,0.28299245,0.2917655
2026-08-23 01:15:00,0.28301156,0.2826816
2026-08-23 01:15:00,0.283004,0.2829477
2026-08-23 01:15:00,0.2829977,0.28875846
2026-08-23 01:15:00,0.28299245,0.29198605
2026-08-23 01:30:00,0.28301156,0.2827854
2026-08-23 01:30:00,0.283004,0.2830665
2026-08-23 01:30:00,0.2829977,0.28892154
2026-08-23 01:30:00,0.28299245,0.29226235
2026-08-23 01:45:00,0.28301156,0.28290823
2026-08-23 01:45:00,0.283004,0.28319442
2026-08-23 01:45:00,0.2829977,0.28906974
2026-08-23 01:45:00,0.28299245,0.2924864
2026-08-23 02:00:00,0.28301156,0.28299266
2026-08-23 02:00:00,0.283004,0.2833012
2026-08-23 02:00:00,0.2829977,0.28917566
2026-08-23 02:00:00,0.28299245,0.29262453
2026-08-23 02:15:00,0.28301156,0.28307045
2026-08-23 02:15:00,0.283004,0.28345317
2026-08-23 02:15:00,0.2829977,0.28939405
2026-08-23 02:15:00,0.28299245,0.29297277
2026-08-23 02:30:00,0.28301156,0.2832157
2026-08-23 02:30:00,0.283004,0.28366393
2026-08-23 02:30:00,0.2829977,0.2896787
2026-08-23 02:30:00,0.28299245,0.29341114
2026-08-23 02:45:00,0.28301156,0.2833845
2026-08-23 02:45:00,0.283004,0.2838604
2026-08-23 02:45:00,0.2829977,0.28990358
2026-08-23 02:45:00,0.28299245,0.29372764
2026-08-23 03:00:00,0.28301156,0.28350177
2026-08-23 03:00:00,0.283004,0.28399596
2026-08-23 03:00:00,0.2829977,0.29002857
2026-08-23 03:00:00,0.28299245,0.29387552
2026-08-23 03:15:00,0.28301156,0.2836478
2026-08-23 03:15:00,0.283004,0.28423554
2026-08-23 03:15:00,0.2829977,0.2903508
2026-08-23 03:15:00,0.28299245,0.29435194
2026-08-23 03:30:00,0.28301156,0.28390297
2026-08-23 03:30:00,0.283004,0.28458735
2026-08-23 03:30:00,0.2829977,0.2907846
2026-08-23 03:30:00,0.28299245,0.2949591
2026-08-23 03:45:00,0.28301156,0.2841372
2026-08-23 03:45:00,0.283004,0.2849135
2026-08-23 03:45:00,0.2829977,0.29118642
2026-08-23 03:45:00,0.28299245,0.2955155
2026-08-23 04:00:00,0.28301156,0.28433812
2026-08-23 04:00:00,0.283004,0.28519082
2026-08-23 04:00:00,0.2829977,0.2914968
2026-08-23 04:00:00,0.28299245,0.29591623
2026-08-23 04:15:00,0.28301156,0.28459585
2026-08-23 04:15:00,0.283004,0.2855723
2026-08-23 04:15:00,0.2829977,0.29194686
2026-08-23 04:15:00,0.28299245,0.2965092
2026-08-23 04:30:00,0.28301156,0.2848781
2026-08-23 04:30:00,0.283004,0.28596672
2026-08-23 04:30:00,0.2829977,0.2923981
2026-08-23 04:30:00,0.28299245,0.29708526
2026-08-23 04:45:00,0.28301156,0.28514352
2026-08-23 04:45:00,0.283004,0.28628877
2026-08-23 04:45:00,0.2829977,0.29272145
2026-08-23 04:45:00,0.28299245,0.2974594
2026-08-23 05:00:00,0.28301156,0.285338
2026-08-23 05:00:00,0.283004,0.28648153
2026-08-23 05:00:00,0.2829977,0.29285917
2026-08-23 05:00:00,0.28299245,0.29755968
2026-08-23 05:15:00,0.28301156,0.28565457
2026-08-23 05:15:00,0.283004,0.2868997
2026-08-23 05:15:00,0.2829977,0.29334185
2026-08-23 05:15:00,0.28299245,0.29816625
2026-08-23 05:30:00,0.28301156,0.28632548
2026-08-23 05:30:00,0.283004,0.2880178
2026-08-23 05:30:00,0.2829977,0.29487035
2026-08-23 05:30:00,0.30267146,0.30029663
2026-08-23 05:45:00,0.28301156,0.28743857
2026-08-23 05:45:00,0.283004,0.2899943
2026-08-23 05:45:00,0.30267656,0.2976482
2026-08-23 05:45:00,0.32039934,0.30414265
2026-08-23 06:00:00,0.28301156,0.28871712
2026-08-23 06:00:00,0.30268264,0.29216382
2026-08-23 06:00:00,0.3204043,0.30055144
2026-08-23 06:00:00,0.3456304,0.30794802
2026-08-23 06:15:00,0.30269,0.29022262
2026-08-23 06:15:00,0.32041022,0.2944777
2026-08-23 06:15:00,0.34563515,0.30340812
2026-08-23 06:15:00,0.3759944,0.3114145
2026-08-23 06:30:00,0.32041737,0.30442935
2026-08-23 06:30:00,0.34564084,0.31748474
2026-08-23 06:30:00,0.3759989,0.3358344
2026-08-23 06:30:00,0.40958983,0.35307178
2026-08-23 06:45:00,0.3456477,0.33531362
2026-08-23 06:45:00,0.3760043,0.35722378
2026-08-23 06:45:00,0.40959406,0.38470024
2026-08-23 06:45:00,0.44863838,0.40968692
2026-08-23 07:00:00,0.37601084,0.35973856
2026-08-23 07:00:00,0.40959913,0.38504127
2026-08-23 07:00:00,0.4486423,0.41511485
2026-08-23 07:00:00,0.487687,0.4420244
2026-08-23 07:15:00,0.4096053,0.384987
2026-08-23 07:15:00,0.44864702,0.4117188
2026-08-23 07:15:00,0.48769057,0.44167164
2026-08-23 07:15:00,0.48460704,0.468446
2026-08-23 07:30:00,0.44865274,0.40465578
2026-08-23 07:30:00,0.48769492,0.43204188
2026-08-23 07:30:00,0.48461068,0.46142134
2026-08-23 07:30:00,0.40872318,0.48787928
2026-08-23 07:45:00,0.4877002,0.424632
2026-08-23 07:45:00,0.48461503,0.45264274
2026-08-23 07:45:00,0.4087274,0.48186696
2026-08-23 07:45:00,0.5663568,0.5083615
2026-08-23 08:00:00,0.48462033,0.4514162
2026-08-23 08:00:00,0.4087325,0.4797638
2026-08-23 08:00:00,0.56635976,0.5085132
2026-08-23 08:00:00,0.72399044,0.53487986
2026-08-23 08:15:00,0.40873867,0.48006904
2026-08-23 08:15:00,0.56636333,0.50766873
2026-08-23 08:15:00,0.7239921,0.53491795
2026-08-23 08:15:00,0.6917908,0.5601976
2026-08-23 08:30:00,0.56636775,0.4921232
2026-08-23 08:30:00,0.72399414,0.5189185
2026-08-23 08:30:00,0.6917927,0.5447179
2026-08-23 08:30:00,0.6595912,0.5684694
2026-08-23 08:45:00,0.7239968,0.51773155
2026-08-23 08:45:00,0.6917951,0.54333746
2026-08-23 08:45:00,0.6595934,0.56787455
2026-08-23 08:45:00,0.5328674,0.59015214
2026-08-23 09:00:00,0.6917981,0.5739285
2026-08-23 09:00:00,0.6595961,0.5959226
2026-08-23 09:00:00,0.5328706,0.61766934
2026-08-23 09:00:00,0.5199764,0.6368917
2026-08-23 09:15:00,0.6595994,0.6206326
2026-08-23 09:15:00,0.53287446,0.6386107
2026-08-23 09:15:00,0.5199797,0.6569538
2026-08-23 09:15:00,0.50708544,0.6727639
2026-08-23 09:30:00,0.53287923,0.6523511
2026-08-23 09:30:00,0.51998377,0.6673657
2026-08-23 09:30:00,0.5070889,0.6824074
2026-08-23 09:30:00,0.45813274,0.69540113
2026-08-23 09:45:00,0.51998866,0.6507653
2026-08-23 09:45:00,0.507093,0.6663351
2026-08-23 09:45:00,0.45813656,0.67961836
2026-08-23 09:45:00,0.47069266,0.69071627
2026-08-23 10:00:00,0.5070981,0.64250416
2026-08-23 10:00:00,0.45814115,0.6589058
2026-08-23 10:00:00,0.4706964,0.6708568
2026-08-23 10:00:00,0.40803885,0.6799745
2026-08-23 10:15:00,0.45814678,0.63296413
2026-08-23 10:15:00,0.47070086,0.6497441
2026-08-23 10:15:00,0.4080431,0.6605808
2026-08-23 10:15:00,0.56903875,0.667765
2026-08-23 10:30:00,0.47070634,0.6170968
2026-08-23 10:30:00,0.40804815,0.63426507
2026-08-23 10:30:00,0.5690417,0.64432746
2026-08-23 10:30:00,0.7300387,0.6499408
2026-08-23 10:45:00,0.40805435,0.60079783
2026-08-23 10:45:00,0.56904525,0.6175401
2026-08-23 10:45:00,0.7300403,0.6268305
2026-08-23 10:45:00,0.9417262,0.6313415
2026-08-23 11:00:00,0.5690496,0.5677594
2026-08-23 11:00:00,0.73004234,0.5853028
2026-08-23 11:00:00,0.9417261,0.5954148
2026-08-23 11:00:00,0.90632534,0.6003845
2026-08-23 11:15:00,0.73004496,0.57271194
2026-08-23 11:15:00,0.941726,0.58742094
2026-08-23 11:15:00,0.9063256,0.59601116
2026-08-23 11:15:00,0.778367,0.6008004
2026-08-23 11:30:00,0.94172627,0.6027163
2026-08-23 11:30:00,0.9063259,0.61271274
2026-08-23 11:30:00,0.77836823,0.61622036
2026-08-23 11:30:00,0.670678,0.61635
2026-08-23 11:45:00,0.9063265,0.66905075
2026-08-23 11:45:00,0.7783698,0.6676148
2026-08-23 11:45:00,0.6706801,0.66500163
2026-08-23 11:45:00,0.562989,0.66027236
2026-08-23 12:00:00,0.7783718,0.721802
2026-08-23 12:00:00,0.67068267,0.7104039
2026-08-23 12:00:00,0.562992,0.7041788
2026-08-23 12:00:00,0.4755695,0.6945424
2026-08-23 12:15:00,0.67068595,0.7401186
2026-08-23 12:15:00,0.5629956,0.724913
2026-08-23 12:15:00,0.47557318,0.71749616
2026-08-23 12:15:00,0.4300418,0.7056761
2026-08-23 12:30:00,0.5630001,0.72881913
2026-08-23 12:30:00,0.4755776,0.7147589
2026-08-23 12:30:00,0.43004584,0.7060698
2026-08-23 12:30:00,0.47502068,0.69307715
2026-08-23 12:45:00,0.47558302,0.7066992
2026-08-23 12:45:00,0.43005073,0.6963941
2026-08-23 12:45:00,0.47502434,0.6874816
2026-08-23 12:45:00,0.51999956,0.67425466
2026-08-23 13:00:00,0.43005663,0.6709653
2026-08-23 13:00:00,0.4750288,0.6665766
2026-08-23 13:00:00,0.5200029,0.6575062
2026-08-23 13:00:00,0.50466406,0.6430762
2026-08-23 13:15:00,0.47503424,0.6334791
2026-08-23 13:15:00,0.5200069,0.6344359
2026-08-23 13:15:00,0.5046675,0.62715876
2026-08-23 13:15:00,0.51339173,0.61307
2026-08-23 13:30:00,0.52001184,0.60338855
2026-08-23 13:30:00,0.5046717,0.60585237
2026-08-23 13:30:00,0.5133951,0.60016644
2026-08-23 13:30:00,0.52211934,0.5883862
2026-08-23 13:45:00,0.50467676,0.5791875
2026-08-23 13:45:00,0.5133991,0.5812187
2026-08-23 13:45:00,0.5221226,0.57638156
2026-08-23 13:45:00,0.50832015,0.56723154
2026-08-23 14:00:00,0.51340413,0.55572283
2026-08-23 14:00:00,0.5221266,0.5579994
2026-08-23 14:00:00,0.50832355,0.5540066
2026-08-23 14:00:00,0.56875396,0.5469324
2026-08-23 14:15:00,0.52213156,0.5411235
2026-08-23 14:15:00,0.5083277,0.54336905
2026-08-23 14:15:00,0.5687568,0.53982544
2026-08-23 14:15:00,0.50116533,0.5339335
2026-08-23 14:30:00,0.5083327,0.5218826
2026-08-23 14:30:00,0.5687604,0.5242077
2026-08-23 14:30:00,0.5011688,0.5208814
2026-08-23 14:30:00,0.4335767,0.5153613
2026-08-23 14:45:00,0.5687648,0.49519408
2026-08-23 14:45:00,0.501173,0.49731046
2026-08-23 14:45:00,0.43358076,0.4939898
2026-08-23 14:45:00,0.3954328,0.48843294
2026-08-23 15:00:00,0.50117815,0.48886418
2026-08-23 15:00:00,0.43358558,0.489271
2026-08-23 15:00:00,0.39543712,0.48464867
2026-08-23 15:00:00,0.39839202,0.47798935
2026-08-23 15:15:00,0.43359149,0.47788227
2026-08-23 15:15:00,0.39544234,0.47640792
2026-08-23 15:15:00,0.39839634,0.47018945
2026-08-23 15:15:00,0.499795,0.46203095
2026-08-23 15:30:00,0.39544865,0.45609194
2026-08-23 15:30:00,0.39840153,0.45260572
2026-08-23 15:30:00,0.49979848,0.44497365
2026-08-23 15:30:00,0.5720484,0.4353438
2026-08-23 15:45:00,0.39840782,0.42973268
2026-08-23 15:45:00,0.49980268,0.4239362
2026-08-23 15:45:00,0.5720513,0.41435784
2026-08-23 15:45:00,0.5234237,0.40285254
2026-08-23 16:00:00,0.49980783,0.40306988
2026-08-23 16:00:00,0.57205486,0.3944682
2026-08-23 16:00:00,0.52342695,0.38235494
2026-08-23 16:00:00,0.47479892,0.3690762
2026-08-23 16:15:00,0.57205915,0.39565676
2026-08-23 16:15:00,0.52343094,0.38576502
2026-08-23 16:15:00,0.4748026,0.37267646
2026-08-23 16:15:00,0.45688748,0.359306
2026-08-23 16:30:00,0.52343583,0.3987785
2026-08-23 16:30:00,0.47480705,0.38633353
2026-08-23 16:30:00,0.4568913,0.37129605
2026-08-23 16:30:00,0.31644368,0.35678232
2026-08-23 16:45:00,0.47481248,0.3979388
2026-08-23 16:45:00,0.45689592,0.3830644
2026-08-23 16:45:00,0.31644866,0.366066
2026-08-23 16:45:00,0.33100495,0.35013768
2026-08-23 17:00:00,0.45690155,0.39007342
2026-08-23 17:00:00,0.31645462,0.37446952
2026-08-23 17:00:00,0.3310098,0.35784033
2026-08-23 17:00:00,0.33459443,0.3420546
2026-08-23 17:15:00,0.3164618,0.3780433
2026-08-23 17:15:00,0.33101565,0.36179215
2026-08-23 17:15:00,0.33459926,0.34530112
2026-08-23 17:15:00,0.3381839,0.32974574
2026-08-23 17:30:00,0.33102268,0.3544453
2026-08-23 17:30:00,0.33460507,0.33922935
2026-08-23 17:30:00,0.3381887,0.32516268
2026-08-23 17:30:00,0.3060992,0.31182063
2026-08-23 17:45:00,0.33461204,0.3335576
2026-08-23 17:45:00,0.3381945,0.31980515
2026-08-23 17:45:00,0.30610427,0.3093058
2026-08-23 17:45:00,0.29597804,0.2989151
2026-08-23 18:00:00,0.33820143,0.31794417
2026-08-23 18:00:00,0.30611032,0.30648717
2026-08-23 18:00:00,0.2959832,0.29978245
2026-08-23 18:00:00,0.28637242,0.29260802
2026-08-23 18:15:00,0.30611765,0.30731165
2026-08-23 18:15:00,0.29598936,0.2982188
2026-08-23 18:15:00,0.28637764,0.29479003
2026-08-23 18:15:00,0.28299245,0.29025957
2026-08-23 18:30:00,0.2959968,0.29996035
2026-08-23 18:30:00,0.2863839,0.2928244
2026-08-23 18:30:00,0.2829977,0.29191542
2026-08-23 18:30:00,0.28299245,0.2892646
2026-08-23 18:45:00,0.28639144,0.29518017
2026-08-23 18:45:00,0.283004,0.289548
2026-08-23 18:45:00,0.2829977,0.29042387
2026-08-23 18:45:00,0.28299245,0.28911445
2026-08-23 19:00:00,0.28301156,0.29108495
2026-08-23 19:00:00,0.283004,0.2872536
2026-08-23 19:00:00,0.2829977,0.28977105
2026-08-23 19:00:00,0.28299245,0.2897254
2026-08-23 19:15:00,0.28301156,0.287653
2026-08-23 19:15:00,0.283004,0.2859884
2026-08-23 19:15:00,0.2829977,0.29004252
2026-08-23 19:15:00,0.28299245,0.29128557
2026-08-23 19:30:00,0.28301156,0.2853309
2026-08-23 19:30:00,0.283004,0.2848273
2026-08-23 19:30:00,0.2829977,0.28969866
2026-08-23 19:30:00,0.28299245,0.29134318
2026-08-23 19:45:00,0.28301156,0.28401312
2026-08-23 19:45:00,0.283004,0.28379136
2026-08-23 19:45:00,0.2829977,0.28889406
2026-08-23 19:45:00,0.28299245,0.29062533
2026-08-23 20:00:00,0.28301156,0.2834666
2026-08-23 20:00:00,0.283004,0.2832276
2026-08-23 20:00:00,0.2829977,0.2884134
2026-08-23 20:00:00,0.28299245,0.29030827
2026-08-23 20:15:00,0.28301156,0.28303847
2026-08-23 20:15:00,0.283004,0.28294855
2026-08-23 20:15:00,0.2829977,0.28827927
2026-08-23 20:15:00,0.28299245,0.2903392
2026-08-23 20:30:00,0.28301156,0.28262976
2026-08-23 20:30:00,0.283004,0.28278473
2026-08-23 20:30:00,0.2829977,0.2882548
2026-08-23 20:30:00,0.28299245,0.29050156
2026-08-23 20:45:00,0.28301156,0.2824384
2026-08-23 20:45:00,0.283004,0.28267846
2026-08-23 20:45:00,0.2829977,0.28819698
2026-08-23 20:45:00,0.28299245,0.29057124
2026-08-23 21:00:00,0.28301156,0.2822933
2026-08-23 21:00:00,0.283004,0.28254768
2026-08-23 21:00:00,0.2829977,0.28812343
2026-08-23 21:00:00,0.28299245,0.29054508
2026-08-23 21:15:00,0.28301156,0.28221327
2026-08-23 21:15:00,0.283004,0.28246352
2026-08-23 21:15:00,0.2829977,0.28808185
2026-08-23 21:15:00,0.28299245,0.2905742
2026-08-23 21:30:00,0.28301156,0.28220275
2026-08-23 21:30:00,0.283004,0.28245443
2026-08-23 21:30:00,0.2829977,0.28809795
2026-08-23 21:30:00,0.28299245,0.29067823
2026-08-23 21:45:00,0.28301156,0.28221592
2026-08-23 21:45:00,0.283004,0.28247163
2026-08-23 21:45:00,0.2829977,0.28812894
2026-08-23 21:45:00,0.28299245,0.29076302
2026-08-23 22:00:00,0.28301156,0.28221026
2026-08-23 22:00:00,0.283004,0.28249907
2026-08-23 22:00:00,0.2829977,0.2881663
2026-08-23 22:00:00,0.28299245,0.29083282
2026-08-23 22:15:00,0.28301156,0.2821944
2026-08-23 22:15:00,0.283004,0.28250945
2026-08-23 22:15:00,0.2829977,0.2881876
2026-08-23 22:15:00,0.28299245,0.29089123
2026-08-23 22:30:00,0.28301156,0.28221893
2026-08-23 22:30:00,0.283004,0.28252
2026-08-23 22:30:00,0.2829977,0.28819877
2026-08-23 22:30:00,0.28299245,0.2909307
2026-08-23 22:45:00,0.28301156,0.2822643
2026-08-23 22:45:00,0.283004,0.28253707
2026-08-23 22:45:00,0.2829977,0.28821284
2026-08-23 22:45:00,0.28299245,0.29096258
2026-08-23 23:00:00,0.28301156,0.28227794
2026-08-23 23:00:00,0.283004,0.28255332
2026-08-23 23:00:00,0.2829977,0.2882321
2026-08-23 23:00:00,0.28299245,0.2909943
2026-08-23 23:15:00,0.28301156,0.28227898
2026-08-23 23:15:00,0.283004,0.28255948
2026-08-23 23:15:00,0.2829977,0.28825438
2026-08-23 23:15:00,0.28299245,0.29105973
2026-08-23 23:30:00,0.28301156,0.28236723
2026-08-23 23:30:00,0.283004,0.28261712
2026-08-23 23:30:00,0.2829977,0.2882966
2026-08-23 23:30:00,0.28299245,0.2911178
2026-08-23 23:45:00,0.28301156,0.28236428
2026-08-23 23:45:00,0.283004,0.28263146
2026-08-23 23:45:00,0.2829977,0.28831232
2026-08-23 23:45:00,0.28299245,0.29112884
2026-08-24 00:00:00,0.28301156,0.28237408
2026-08-24 00:00:00,0.283004,0.28264183
2026-08-24 00:00:00,0.2829977,0.28833553
2026-08-24 00:00:00,0.28299245,0.29118806
2026-08-24 00:15:00,0.28301156,0.2824304
2026-08-24 00:15:00,0.283004,0.28266746
2026-08-24 00:15:00,0.2829977,0.28838375
2026-08-24 00:15:00,0.28299245,0.2913087
2026-08-24 00:30:00,0.28301156,0.28249276
2026-08-24 00:30:00,0.283004,0.28268638
2026-08-24 00:30:00,0.2829977,0.2884471
2026-08-24 00:30:00,0.28299245,0.29145956
2026-08-24 00:45:00,0.28301156,0.28357437
2026-08-24 00:45:00,0.283004,0.2856233
2026-08-24 00:45:00,0.2829977,0.2916213
2026-08-24 00:45:00,0.28299245,0.29564515
2026-08-24 01:00:00,0.28301156,0.28376487
2026-08-24 01:00:00,0.283004,0.28691414
2026-08-24 01:00:00,0.2829977,0.29267174
2026-08-24 01:00:00,0.28299245,0.29659978
2026-08-24 01:15:00,0.28301156,0.2831448
2026-08-24 01:15:00,0.283004,0.2861304
2026-08-24 01:15:00,0.2829977,0.2918856
2026-08-24 01:15:00,0.28299245,0.2950762
2026-08-24 01:30:00,0.28301156,0.2830151
2026-08-24 01:30:00,0.283004,0.2849801
2026-08-24 01:30:00,0.2829977,0.29057452
2026-08-24 01:30:00,0.28299245,0.29309142
2026-08-24 01:45:00,0.28301156,0.28258792
2026-08-24 01:45:00,0.283004,0.2836686
2026-08-24 01:45:00,0.2829977,0.2893009
2026-08-24 01:45:00,0.28299245,0.2912566
2026-08-24 02:00:00,0.28301156,0.28239214
2026-08-24 02:00:00,0.283004,0.28339782
2026-08-24 02:00:00,0.2829977,0.28908154
2026-08-24 02:00:00,0.28299245,0.291165
2026-08-24 02:15:00,0.28301156,0.28201523
2026-08-24 02:15:00,0.283004,0.28322473
2026-08-24 02:15:00,0.2829977,0.28908098
2026-08-24 02:15:00,0.28299245,0.2913817
2026-08-24 02:30:00,0.28301156,0.2817089
2026-08-24 02:30:00,0.283004,0.28314313
2026-08-24 02:30:00,0.2829977,0.289111
2026-08-24 02:30:00,0.28299245,0.2915942
2026-08-24 02:45:00,0.28301156,0.28151974
2026-08-24 02:45:00,0.283004,0.283086
2026-08-24 02:45:00,0.2829977,0.28912413
2026-08-24 02:45:00,0.28299245,0.2917175
2026-08-24 03:00:00,0.28301156,0.28141162
2026-08-24 03:00:00,0.283004,0.28304935
2026-08-24 03:00:00,0.2829977,0.28913376
2026-08-24 03:00:00,0.28299245,0.29178333
2026-08-24 03:15:00,0.28301156,0.2813957
2026-08-24 03:15:00,0.283004,0.28299755
2026-08-24 03:15:00,0.2829977,0.28908494
2026-08-24 03:15:00,0.28299245,0.29173118
2026-08-24 03:30:00,0.28301156,0.28145295
2026-08-24 03:30:00,0.283004,0.28297538
2026-08-24 03:30:00,0.2829977,0.2890515
2026-08-24 03:30:00,0.28299245,0.29169512
2026-08-24 03:45:00,0.28301156,0.28152305
2026-08-24 03:45:00,0.283004,0.28299186
2026-08-24 03:45:00,0.2829977,0.28906095
2026-08-24 03:45:00,0.28299245,0.29173094
2026-08-24 04:00:00,0.28301156,0.28154913
2026-08-24 04:00:00,0.283004,0.28301743
2026-08-24 04:00:00,0.2829977,0.2890912
2026-08-24 04:00:00,0.28299245,0.29179594
2026-08-24 04:15:00,0.28301156,0.28159606
2026-08-24 04:15:00,0.283004,0.28301537
2026-08-24 04:15:00,0.2829977,0.2890729
2026-08-24 04:15:00,0.28299245,0.29178157
2026-08-24 04:30:00,0.28301156,0.2816824
2026-08-24 04:30:00,0.283004,0.28303197
2026-08-24 04:30:00,0.2829977,0.2890703
2026-08-24 04:30:00,0.28299245,0.29179013
2026-08-24 04:45:00,0.28301156,0.28176668
2026-08-24 04:45:00,0.283004,0.2830653
2026-08-24 04:45:00,0.2829977,0.28909376
2026-08-24 04:45:00,0.28299245,0.29184064
2026-08-24 05:00:00,0.28301156,0.28182846
2026-08-24 05:00:00,0.283004,0.28311753
2026-08-24 05:00:00,0.2829977,0.28914154
2026-08-24 05:00:00,0.28299245,0.29192573
2026-08-24 05:15:00,0.28301156,0.28189385
2026-08-24 05:15:00,0.283004,0.28316313
2026-08-24 05:15:00,0.2829977,0.28917778
2026-08-24 05:15:00,0.28299245,0.29199234
2026-08-24 05:30:00,0.28301156,0.28203788
2026-08-24 05:30:00,0.283004,0.28322905
2026-08-24 05:30:00,0.2829977,0.2892245
2026-08-24 05:30:00,0.30013442,0.2920898
2026-08-24 05:45:00,0.28301156,0.28229043
2026-08-24 05:45:00,0.283004,0.28340253
2026-08-24 05:45:00,0.30013955,0.28938
2026-08-24 05:45:00,0.31407765,0.29234922
2026-08-24 06:00:00,0.28301156,0.2826088
2026-08-24 06:00:00,0.30014566,0.2836984
2026-08-24 06:00:00,0.31408262,0.28966257
2026-08-24 06:00:00,0.32439622,0.292782
2026-08-24 06:15:00,0.30015305,0.2829618
2026-08-24 06:15:00,0.3140886,0.28409994
2026-08-24 06:15:00,0.32440114,0.29006097
2026-08-24 06:15:00,0.36224407,0.2933537
2026-08-24 06:30:00,0.31409585,0.285593
2026-08-24 06:30:00,0.324407,0.28782967
2026-08-24 06:30:00,0.3622487,0.2948882
2026-08-24 06:30:00,0.35760117,0.30027914
2026-08-24 06:45:00,0.32441413,0.29529235
2026-08-24 06:45:00,0.3622542,0.3023415
2026-08-24 06:45:00,0.3576058,0.3133793
2026-08-24 06:45:00,0.3836409,0.32377663
2026-08-24 07:00:00,0.3622609,0.3108438
2026-08-24 07:00:00,0.35761136,0.3223712
2026-08-24 07:00:00,0.38364533,0.33662176
2026-08-24 07:00:00,0.35770267,0.3504532
2026-08-24 07:15:00,0.3576181,0.3289078
2026-08-24 07:15:00,0.38365063,0.3439681
2026-08-24 07:15:00,0.35770732,0.35989416
2026-08-24 07:15:00,0.41901115,0.3752724
2026-08-24 07:30:00,0.3836571,0.35017064
2026-08-24 07:30:00,0.3577129,0.36736056
2026-08-24 07:30:00,0.4190153,0.38381553
2026-08-24 07:30:00,0.39560097,0.39977056
2026-08-24 07:45:00,0.35771963,0.3715529
2026-08-24 07:45:00,0.4190203,0.39050108
2026-08-24 07:45:00,0.3956053,0.40788513
2026-08-24 07:45:00,0.37219077,0.42487627
2026-08-24 08:00:00,0.41902632,0.3904572
2026-08-24 08:00:00,0.3956105,0.41012967
2026-08-24 08:00:00,0.3721953,0.42751202
2026-08-24 08:00:00,0.40164405,0.44458187
2026-08-24 08:15:00,0.39561683,0.40844363
2026-08-24 08:15:00,0.37220073,0.42861235
2026-08-24 08:15:00,0.4016483,0.44601095
2026-08-24 08:15:00,0.44678745,0.463328
2026-08-24 08:30:00,0.3722073,0.4194672
2026-08-24 08:30:00,0.40165347,0.43907595
2026-08-24 08:30:00,0.44679135,0.45541483
2026-08-24 08:30:00,0.47188014,0.47165555
2026-08-24 08:45:00,0.40165973,0.42060104
2026-08-24 08:45:00,0.4467961,0.43896654
2026-08-24 08:45:00,0.47188386,0.45367008
2026-08-24 08:45:00,0.49697286,0.46802187
2026-08-24 09:00:00,0.44680184,0.41134882
2026-08-24 09:00:00,0.47188833,0.42790446
2026-08-24 09:00:00,0.49697638,0.44260356
2026-08-24 09:00:00,0.51364726,0.4557097
2026-08-24 09:15:00,0.4718938,0.39992517
2026-08-24 09:15:00,0.4969806,0.41487592
2026-08-24 09:15:00,0.5136506,0.42930663
2026-08-24 09:15:00,0.515958,0.44089758
2026-08-24 09:30:00,0.4969858,0.40195066
2026-08-24 09:30:00,0.5136547,0.41695058
2026-08-24 09:30:00,0.5159614,0.4319071
2026-08-24 09:30:00,0.4850072,0.44337007
2026-08-24 09:45:00,0.5136597,0.4298678
2026-08-24 09:45:00,0.51596546,0.44620436
2026-08-24 09:45:00,0.4850108,0.46145433
2026-08-24 09:45:00,0.5069578,0.4737539
2026-08-24 10:00:00,0.5159704,0.4805079
2026-08-24 10:00:00,0.48501515,0.49692085
2026-08-24 10:00:00,0.5069612,0.51111686
2026-08-24 10:00:00,0.6186074,0.52386874
2026-08-24 10:15:00,0.48502046,0.51317513
2026-08-24 10:15:00,0.5069654,0.5293291
2026-08-24 10:15:00,0.6186099,0.5427387
2026-08-24 10:15:00,0.5499923,0.5546609
2026-08-24 10:30:00,0.50697047,0.52308506
2026-08-24 10:30:00,0.618613,0.53921866
2026-08-24 10:30:00,0.5499954,0.5519069
2026-08-24 10:30:00,0.4813773,0.5626551
2026-08-24 10:45:00,0.6186168,0.52758586
2026-08-24 10:45:00,0.5499991,0.5434794
2026-08-24 10:45:00,0.48138094,0.55591655
2026-08-24 10:45:00,0.486881,0.56610066
2026-08-24 11:00:00,0.55000377,0.5607953
2026-08-24 11:00:00,0.48138532,0.57396483
2026-08-24 11:00:00,0.4868846,0.58477867
2026-08-24 11:00:00,0.47331744,0.59333426
2026-08-24 11:15:00,0.48139068,0.5802287
2026-08-24 11:15:00,0.48688892,0.59135336
2026-08-24 11:15:00,0.47332114,0.6007385
2026-08-24 11:15:00,0.45975387,0.6077897
2026-08-24 11:30:00,0.48689422,0.58525455
2026-08-24 11:30:00,0.4733256,0.5956525
2026-08-24 11:30:00,0.4597577,0.60411894
2026-08-24 11:30:00,0.427123,0.61024225
2026-08-24 11:45:00,0.47333103,0.5821813
2026-08-24 11:45:00,0.45976228,0.5926963
2026-08-24 11:45:00,0.4271271,0.6006448
2026-08-24 11:45:00,0.47197378,0.6062446
2026-08-24 12:00:00,0.45976788,0.5687512
2026-08-24 12:00:00,0.427132,0.5803565
2026-08-24 12:00:00,0.47197747,0.5886868
2026-08-24 12:00:00,0.5168245,0.59459805
2026-08-24 12:15:00,0.42713797,0.5594162
2026-08-24 12:15:00,0.47198194,0.5710248
2026-08-24 12:15:00,0.5168278,0.57939565
2026-08-24 12:15:00,0.47062868,0.5853641
2026-08-24 12:30:00,0.47198743,0.5469022
2026-08-24 12:30:00,0.5168319,0.55833864
2026-08-24 12:30:00,0.4706324,0.5666739
2026-08-24 12:30:00,0.5154899,0.5725329
2026-08-24 12:45:00,0.5168369,0.53907603
2026-08-24 12:45:00,0.4706369,0.5496416
2026-08-24 12:45:00,0.5154933,0.5574744
2026-08-24 12:45:00,0.6042363,0.56280553
2026-08-24 13:00:00,0.4706424,0.5392754
2026-08-24 13:00:00,0.5154973,0.548436
2026-08-24 13:00:00,0.604239,0.55537736
2026-08-24 13:00:00,0.5675665,0.5598707
2026-08-24 13:15:00,0.5155023,0.54029423
2026-08-24 13:15:00,0.6042422,0.5482763
2026-08-24 13:15:00,0.5675695,0.55429125
2026-08-24 13:15:00,0.5308968,0.55793786
2026-08-24 13:30:00,0.60424614,0.54921246
2026-08-24 13:30:00,0.567573,0.5555311
2026-08-24 13:30:00,0.5309,0.5599569
2026-08-24 13:30:00,0.5709868,0.5621394
2026-08-24 13:45:00,0.5675774,0.56683505
2026-08-24 13:45:00,0.53090394,0.5704271
2026-08-24 13:45:00,0.5709897,0.572387
2026-08-24 13:45:00,0.61107683,0.57225394
2026-08-24 14:00:00,0.5309087,0.57804203
2026-08-24 14:00:00,0.57099324,0.5792879
2026-08-24 14:00:00,0.61107945,0.57897663
2026-08-24 14:00:00,0.64797807,0.5766437
2026-08-24 14:15:00,0.5709976,0.58359617
2026-08-24 14:15:00,0.61108255,0.58303154
2026-08-24 14:15:00,0.64798033,0.580714
2026-08-24 14:15:00,0.69248617,0.5764345
2026-08-24 14:30:00,0.6110865,0.5849283
2026-08-24 14:30:00,0.6479831,0.5826372
2026-08-24 14:30:00,0.6924881,0.57808137
2026-08-24 14:30:00,0.5822201,0.5716053
2026-08-24 14:45:00,0.64798665,0.58132225
2026-08-24 14:45:00,0.69249046,0.5769633
2026-08-24 14:45:00,0.5822229,0.5696097
2026-08-24 14:45:00,0.471954,0.5604967
2026-08-24 15:00:00,0.69249344,0.58486795
2026-08-24 15:00:00,0.5822263,0.57721645
2026-08-24 15:00:00,0.47195768,0.56638587
2026-08-24 15:00:00,0.51822144,0.55408055
2026-08-24 15:15:00,0.58223057,0.59623754
2026-08-24 15:15:00,0.47196215,0.58410996
2026-08-24 15:15:00,0.5182248,0.5692053
2026-08-24 15:15:00,0.5644889,0.5530979
2026-08-24 15:30:00,0.47196764,0.58196497
2026-08-24 15:30:00,0.51822877,0.56676054
2026-08-24 15:30:00,0.56449187,0.54723567
2026-08-24 15:30:00,0.5122949,0.5270118
2026-08-24 15:45:00,0.5182338,0.5395913
2026-08-24 15:45:00,0.56449544,0.5226596
2026-08-24 15:45:00,0.5122982,0.49977067
2026-08-24 15:45:00,0.46010083,0.4773548
2026-08-24 16:00:00,0.56449986,0.506036
2026-08-24 16:00:00,0.51230234,0.4864431
2026-08-24 16:00:00,0.46010464,0.46133113
2026-08-24 16:00:00,0.44500268,0.4376055
2026-08-24 16:15:00,0.51230735,0.48378408
2026-08-24 16:15:00,0.46010923,0.46219635
2026-08-24 16:15:00,0.4450066,0.43582523
2026-08-24 16:15:00,0.42990452,0.41144028
2026-08-24 16:30:00,0.4601148,0.46227622
2026-08-24 16:30:00,0.44501132,0.43903002
2026-08-24 16:30:00,0.42990857,0.41183573
2026-08-24 16:30:00,0.40220076,0.38704872
2026-08-24 16:45:00,0.4450171,0.4408608
2026-08-24 16:45:00,0.42991346,0.41692716
2026-08-24 16:45:00,0.40220505,0.38998264
2026-08-24 16:45:00,0.36681136,0.36554125
2026-08-24 17:00:00,0.4299194,0.4167519
2026-08-24 17:00:00,0.4022102,0.39316824
2026-08-24 17:00:00,0.36681592,0.36803535
2026-08-24 17:00:00,0.33566785,0.34509334
2026-08-24 17:15:00,0.40221643,0.39248547
2026-08-24 17:15:00,0.3668214,0.37031817
2026-08-24 17:15:00,0.33567268,0.34826213
2026-08-24 17:15:00,0.32072604,0.32776007
2026-08-24 17:30:00,0.36682805,0.36810806
2026-08-24 17:30:00,0.33567846,0.34805763
2026-08-24 17:30:00,0.32073095,0.33010557
2026-08-24 17:30:00,0.32006627,0.3128345
2026-08-24 17:45:00,0.33568543,0.34781182
2026-08-24 17:45:00,0.32073689,0.33006898
2026-08-24 17:45:00,0.32007122,0.31621724
2026-08-24 17:45:00,0.30770835,0.30239135
2026-08-24 18:00:00,0.32074404,0.329735
2026-08-24 18:00:00,0.32007718,0.31505686
2026-08-24 18:00:00,0.3077134,0.30551443
2026-08-24 18:00:00,0.2953504,0.29542398
2026-08-24 18:15:00,0.32008433,0.314221
2026-08-24 18:15:00,0.30771944,0.30324844
2026-08-24 18:15:00,0.29535553,0.2980915
2026-08-24 18:15:00,0.28299245,0.29179013
2026-08-24 18:30:00,0.30772674,0.3039251
2026-08-24 18:30:00,0.2953617,0.29574943
2026-08-24 18:30:00,0.2829977,0.29381144
2026-08-24 18:30:00,0.28299245,0.29010588
2026-08-24 18:45:00,0.29536915,0.2981113
2026-08-24 18:45:00,0.283004,0.29173666
2026-08-24 18:45:00,0.2829977,0.29174346
2026-08-24 18:45:00,0.28299245,0.28972885
2026-08-24 19:00:00,0.28301156,0.2927948
2026-08-24 19:00:00,0.283004,0.28868085
2026-08-24 19:00:00,0.2829977,0.29073456
2026-08-24 19:00:00,0.28299245,0.29042962
2026-08-24 19:15:00,0.28301156,0.28869492
2026-08-24 19:15:00,0.283004,0.28688717
2026-08-24 19:15:00,0.2829977,0.2906868
2026-08-24 19:15:00,0.28299245,0.29183978
2026-08-24 19:30:00,0.28301156,0.28582823
2026-08-24 19:30:00,0.283004,0.2854313
2026-08-24 19:30:00,0.2829977,0.29025665
2026-08-24 19:30:00,0.28299245,0.2919829
2026-08-24 19:45:00,0.28301156,0.28422037
2026-08-24 19:45:00,0.283004,0.2842079
2026-08-24 19:45:00,0.2829977,0.28933424
2026-08-24 19:45:00,0.28299245,0.29111362
2026-08-24 20:00:00,0.28301156,0.28356442
2026-08-24 20:00:00,0.283004,0.2834962
2026-08-24 20:00:00,0.2829977,0.2886903
2026-08-24 20:00:00,0.28299245,0.29051393
2026-08-24 20:15:00,0.28301156,0.28315473
2026-08-24 20:15:00,0.283004,0.28321117
2026-08-24 20:15:00,0.2829977,0.2885375
2026-08-24 20:15:00,0.28299245,0.29051062
2026-08-24 20:30:00,0.28301156,0.28269136
2026-08-24 20:30:00,0.283004,0.28296986
2026-08-24 20:30:00,0.2829977,0.2884294
2026-08-24 20:30:00,0.28299245,0.29060468
2026-08-24 20:45:00,0.28301156,0.2824546
2026-08-24 20:45:00,0.283004,0.28280714
2026-08-24 20:45:00,0.2829977,0.28831017
2026-08-24 20:45:00,0.28299245,0.2906362
2026-08-24 21:00:00,0.28301156,0.28223595
2026-08-24 21:00:00,0.283004,0.28264624
2026-08-24 21:00:00,0.2829977,0.2882324
2026-08-24 21:00:00,0.28299245,0.29062423
2026-08-24 21:15:00,0.28301156,0.2820798
2026-08-24 21:15:00,0.283004,0.28250423
2026-08-24 21:15:00,0.2829977,0.28815144
2026-08-24 21:15:00,0.28299245,0.29062125
2026-08-24 21:30:00,0.28301156,0.28205833
2026-08-24 21:30:00,0.283004,0.2824601
2026-08-24 21:30:00,0.2829977,0.28812262
2026-08-24 21:30:00,0.28299245,0.29066545
2026-08-24 21:45:00,0.28301156,0.2820762
2026-08-24 21:45:00,0.283004,0.2824623
2026-08-24 21:45:00,0.2829977,0.28813505
2026-08-24 21:45:00,0.28299245,0.29072568
2026-08-24 22:00:00,0.28301156,0.28205517
2026-08-24 22:00:00,0.283004,0.2824891
2026-08-24 22:00:00,0.2829977,0.28817874
2026-08-24 22:00:00,0.28299245,0.29080415
2026-08-24 22:15:00,0.28301156,0.2820178
2026-08-24 22:15:00,0.283004,0.2824772
2026-08-24 22:15:00,0.2829977,0.28817993
2026-08-24 22:15:00,0.28299245,0.29084492
2026-08-24 22:30:00,0.28301156,0.28205132
2026-08-24 22:30:00,0.283004,0.2824706
2026-08-24 22:30:00,0.2829977,0.2881649
2026-08-24 22:30:00,0.28299245,0.2908601
2026-08-24 22:45:00,0.28301156,0.28211528
2026-08-24 22:45:00,0.283004,0.28248915
2026-08-24 22:45:00,0.2829977,0.28817856
2026-08-24 22:45:00,0.28299245,0.29089236
2026-08-24 23:00:00,0.28301156,0.28212047
2026-08-24 23:00:00,0.283004,0.28251442
2026-08-24 23:00:00,0.2829977,0.28821176
2026-08-24 23:00:00,0.28299245,0.2909386
2026-08-24 23:15:00,0.28301156,0.2821147
2026-08-24 23:15:00,0.283004,0.28251833
2026-08-24 23:15:00,0.2829977,0.28822723
2026-08-24 23:15:00,0.28299245,0.29099458
2026-08-24 23:30:00,0.28301156,0.28214824
2026-08-24 23:30:00,0.283004,0.28252512
2026-08-24 23:30:00,0.2829977,0.28823382
2026-08-24 23:30:00,0.28299245,0.29103094
2026-08-24 23:45:00,0.28301156,0.2822103
2026-08-24 23:45:00,0.283004,0.28253877
2026-08-24 23:45:00,0.2829977,0.2882474
2026-08-24 23:45:00,0.28299245,0.29106876
2026-08-25 00:00:00,0.28301156,0.28223708
2026-08-25 00:00:00,0.283004,0.28255862
2026-08-25 00:00:00,0.2829977,0.28827226
2026-08-25 00:00:00,0.28299245,0.2911101
2026-08-25 00:15:00,0.28301156,0.28224292
2026-08-25 00:15:00,0.283004,0.2825577
2026-08-25 00:15:00,0.2829977,0.28830168
2026-08-25 00:15:00,0.28299245,0.29121193
2026-08-25 00:30:00,0.28301156,0.2823221
2026-08-25 00:30:00,0.283004,0.28260162
2026-08-25 00:30:00,0.2829977,0.28836805
2026-08-25 00:30:00,0.28299245,0.29136607
2026-08-25 00:45:00,0.28301156,0.2824175
2026-08-25 00:45:00,0.283004,0.28266782
2026-08-25 00:45:00,0.2829977,0.28845108
2026-08-25 00:45:00,0.28299245,0.29151982
2026-08-25 01:00:00,0.28301156,0.28247446
2026-08-25 01:00:00,0.283004,0.28273582
2026-08-25 01:00:00,0.2829977,0.28852507
2026-08-25 01:00:00,0.28299245,0.29163307
2026-08-25 01:15:00,0.28301156,0.2825253
2026-08-25 01:15:00,0.283004,0.28282255
2026-08-25 01:15:00,0.2829977,0.28864682
2026-08-25 01:15:00,0.28299245,0.29185113
2026-08-25 01:30:00,0.28301156,0.2826408
2026-08-25 01:30:00,0.283004,0.28294885
2026-08-25 01:30:00,0.2829977,0.28880468
2026-08-25 01:30:00,0.28299245,0.29211548
2026-08-25 01:45:00,0.28301156,0.28275856
2026-08-25 01:45:00,0.283004,0.28308135
2026-08-25 01:45:00,0.2829977,0.28897297
2026-08-25 01:45:00,0.28299245,0.29238772
2026-08-25 02:00:00,0.28301156,0.28288856
2026-08-25 02:00:00,0.283004,0.2832248
2026-08-25 02:00:00,0.2829977,0.28911552
2026-08-25 02:00:00,0.28299245,0.29257804
2026-08-25 02:15:00,0.28301156,0.28298122
2026-08-25 02:15:00,0.283004,0.28336138
2026-08-25 02:15:00,0.2829977,0.28927112
2026-08-25 02:15:00,0.28299245,0.29280475
2026-08-25 02:30:00,0.28301156,0.28310296
2026-08-25 02:30:00,0.283004,0.28353015
2026-08-25 02:30:00,0.2829977,0.28948152
2026-08-25 02:30:00,0.28299245,0.29312074
2026-08-25 02:45:00,0.28301156,0.2832779
2026-08-25 02:45:00,0.283004,0.283729
2026-08-25 02:45:00,0.2829977,0.2897086
2026-08-25 02:45:00,0.28299245,0.29344577
2026-08-25 03:00:00,0.28301156,0.2833926
2026-08-25 03:00:00,0.283004,0.28385106
2026-08-25 03:00:00,0.2829977,0.28983596
2026-08-25 03:00:00,0.28299245,0.29360917
2026-08-25 03:15:00,0.28301156,0.28352234
2026-08-25 03:15:00,0.283004,0.2840644
2026-08-25 03:15:00,0.2829977,0.29013863
2026-08-25 03:15:00,0.28299245,0.2940728
2026-08-25 03:30:00,0.28301156,0.2837367
2026-08-25 03:30:00,0.283004,0.28437227
2026-08-25 03:30:00,0.2829977,0.29054183
2026-08-25 03:30:00,0.28299245,0.29466555
2026-08-25 03:45:00,0.28301156,0.28395757
2026-08-25 03:45:00,0.283004,0.28468463
2026-08-25 03:45:00,0.2829977,0.29092684
2026-08-25 03:45:00,0.28299245,0.2952039
2026-08-25 04:00:00,0.28301156,0.28414643
2026-08-25 04:00:00,0.283004,0.28494993
2026-08-25 04:00:00,0.2829977,0.29122314
2026-08-25 04:00:00,0.28299245,0.29558852
2026-08-25 04:15:00,0.28301156,0.28439316
2026-08-25 04:15:00,0.283004,0.28531542
2026-08-25 04:15:00,0.2829977,0.29165348
2026-08-25 04:15:00,0.28299245,0.29615834
2026-08-25 04:30:00,0.28301156,0.28467226
2026-08-25 04:30:00,0.283004,0.28570393
2026-08-25 04:30:00,0.2829977,0.2920985
2026-08-25 04:30:00,0.28299245,0.2967335
2026-08-25 04:45:00,0.28301156,0.28495115
2026-08-25 04:45:00,0.283004,0.28607816
2026-08-25 04:45:00,0.2829977,0.2925135
2026-08-25 04:45:00,0.28299245,0.29725683
2026-08-25 05:00:00,0.28301156,0.285199
2026-08-25 05:00:00,0.283004,0.2863874
2026-08-25 05:00:00,0.2829977,0.29282856
2026-08-25 05:00:00,0.28299245,0.2976226
2026-08-25 05:15:00,0.28301156,0.28550857
2026-08-25 05:15:00,0.283004,0.28680018
2026-08-25 05:15:00,0.2829977,0.29329568
2026-08-25 05:15:00,0.28299245,0.29820424
2026-08-25 05:30:00,0.28301156,0.28610012
2026-08-25 05:30:00,0.283004,0.28779888
2026-08-25 05:30:00,0.2829977,0.29464158
2026-08-25 05:30:00,0.30518305,0.30007553
2026-08-25 05:45:00,0.28301156,0.28696275
2026-08-25 05:45:00,0.283004,0.28926137
2026-08-25 05:45:00,0.30518812,0.2966167
2026-08-25 05:45:00,0.3190952,0.3027655
2026-08-25 06:00:00,0.28301156,0.28795922
2026-08-25 06:00:00,0.3051942,0.29090962
2026-08-25 06:00:00,0.31910014,0.29879057
2026-08-25 06:00:00,0.34306693,0.3056145
2026-08-25 06:15:00,0.30520153,0.28933445
2026-08-25 06:15:00,0.31910607,0.2930698
2026-08-25 06:15:00,0.3430717,0.30150282
2026-08-25 06:15:00,0.372205,0.3090044
2026-08-25 06:30:00,0.31911325,0.3022375
2026-08-25 06:30:00,0.34307742,0.31455007
2026-08-25 06:30:00,0.37220952,0.33215043
2026-08-25 06:30:00,0.4054329,0.34892148
2026-08-25 06:45:00,0.3430843,0.33299467
2026-08-25 06:45:00,0.37221497,0.35477653
2026-08-25 06:45:00,0.40543717,0.3822193
2026-08-25 06:45:00,0.43767875,0.40732232
2026-08-25 07:00:00,0.37222153,0.35917783
2026-08-25 07:00:00,0.40544227,0.38460928
2026-08-25 07:00:00,0.43768275,0.4148141
2026-08-25 07:00:00,0.47458854,0.44190747
2026-08-25 07:15:00,0.4054485,0.38465622
2026-08-25 07:15:00,0.43768758,0.4114584
2026-08-25 07:15:00,0.4745922,0.44138762
2026-08-25 07:15:00,0.44650906,0.46812797
2026-08-25 07:30:00,0.43769342,0.40354156
2026-08-25 07:30:00,0.47459668,0.43091172
2026-08-25 07:30:00,0.446513,0.4602645
2026-08-25 07:30:00,0.4184296,0.48666394
2026-08-25 07:45:00,0.4746021,0.42183036
2026-08-25 07:45:00,0.4465177,0.4497351
2026-08-25 07:45:00,0.4184338,0.47889504
2026-08-25 07:45:00,0.41682082,0.50528365
2026-08-25 08:00:00,0.4465235,0.4437295
2026-08-25 08:00:00,0.41843876,0.47210366
2026-08-25 08:00:00,0.416825,0.5010884
2026-08-25 08:00:00,0.4913435,0.527519
2026-08-25 08:15:00,0.4184448,0.46710598
2026-08-25 08:15:00,0.41683,0.4951127
2026-08-25 08:15:00,0.49134707,0.5230102
2026-08-25 08:15:00,0.5901028,0.54864645
2026-08-25 08:30:00,0.41683608,0.48190415
2026-08-25 08:30:00,0.49135137,0.5089989
2026-08-25 08:30:00,0.59010553,0.5353552
2026-08-25 08:30:00,0.60250974,0.5595087
2026-08-25 08:45:00,0.4913566,0.48975706
2026-08-25 08:45:00,0.5901089,0.5159718
2026-08-25 08:45:00,0.60251236,0.5410167
2026-08-25 08:45:00,0.662577,0.5636577
2026-08-25 09:00:00,0.59011304,0.5064673
2026-08-25 09:00:00,0.6025156,0.53147197
2026-08-25 09:00:00,0.6625792,0.5550512
2026-08-25 09:00:00,0.72264427,0.5760115
2026-08-25 09:15:00,0.60251963,0.5432565
2026-08-25 09:15:00,0.6625818,0.5658338
2026-08-25 09:15:00,0.72264594,0.5872222
2026-08-25 09:15:00,0.7395034,0.605876
2026-08-25 09:30:00,0.66258514,0.5775756
2026-08-25 09:30:00,0.722648,0.5971342
2026-08-25 09:30:00,0.73950493,0.6158365
2026-08-25 09:30:00,0.78126776,0.63150287
2026-08-25 09:45:00,0.72265065,0.6146983
2026-08-25 09:45:00,0.73950684,0.63069236
2026-08-25 09:45:00,0.78126895,0.646343
2026-08-25 09:45:00,0.7721199,0.658967
2026-08-25 10:00:00,0.73950934,0.6522141
2026-08-25 10:00:00,0.78127044,0.6643125
2026-08-25 10:00:00,0.7721212,0.6768043
2026-08-25 10:00:00,0.7895031,0.6865052
2026-08-25 10:15:00,0.7812725,0.6834239
2026-08-25 10:15:00,0.77212274,0.69137233
2026-08-25 10:15:00,0.7895042,0.7006633
2026-08-25 10:15:00,0.81455696,0.70752627
2026-08-25 10:30:00,0.7721249,0.7107105
2026-08-25 10:30:00,0.7895056,0.7134641
2026-08-25 10:30:00,0.8145578,0.7195027
2026-08-25 10:30:00,0.81061614,0.72330546
2026-08-25 10:45:00,0.78950757,0.72771883
2026-08-25 10:45:00,0.81455904,0.7258729
2026-08-25 10:45:00,0.8106171,0.7294277
2026-08-25 10:45:00,0.8286879,0.73028064
2026-08-25 11:00:00,0.81456065,0.7418981
2026-08-25 11:00:00,0.81061834,0.73570216
2026-08-25 11:00:00,0.82868874,0.73716277
2026-08-25 11:00:00,0.8101101,0.735194
2026-08-25 11:15:00,0.81062007,0.7529106
2026-08-25 11:15:00,0.82868975,0.74330807
2026-08-25 11:15:00,0.81011105,0.74316907
2026-08-25 11:15:00,0.82508445,0.7389916
2026-08-25 11:30:00,0.82869124,0.7574595
2026-08-25 11:30:00,0.8101123,0.7459564
2026-08-25 11:30:00,0.8250853,0.74457383
2026-08-25 11:30:00,0.83996916,0.73882836
2026-08-25 11:45:00,0.810114,0.76031834
2026-08-25 11:45:00,0.82508636,0.7474607
2026-08-25 11:45:00,0.8399699,0.7450944
2026-08-25 11:45:00,0.862692,0.7381345
2026-08-25 12:00:00,0.82508785,0.76090634
2026-08-25 12:00:00,0.8399709,0.7472414
2026-08-25 12:00:00,0.8626926,0.7439882
2026-08-25 12:00:00,0.88541484,0.7360214
2026-08-25 12:15:00,0.8399722,0.7624192
2026-08-25 12:15:00,0.86269325,0.7479727
2026-08-25 12:15:00,0.8854152,0.7439594
2026-08-25 12:15:00,0.8283771,0.7351208
2026-08-25 12:30:00,0.8626944,0.76162845
2026-08-25 12:30:00,0.88541573,0.74678516
2026-08-25 12:30:00,0.82837784,0.74204624
2026-08-25 12:30:00,0.8266505,0.73241144
2026-08-25 12:45:00,0.88541657,0.76118374
2026-08-25 12:45:00,0.828379,0.7458459
2026-08-25 12:45:00,0.82665133,0.740461
2026-08-25 12:45:00,0.6321976,0.73002386
2026-08-25 13:00:00,0.82838047,0.7640965
2026-08-25 13:00:00,0.82665247,0.74775946
2026-08-25 13:00:00,0.6322,0.7418701
2026-08-25 13:00:00,0.5144403,0.7307031
2026-08-25 13:15:00,0.82665396,0.762223
2026-08-25 13:15:00,0.632203,0.74563444
2026-08-25 13:15:00,0.5144437,0.73902124
2026-08-25 13:15:00,0.39668298,0.72710216
2026-08-25 13:30:00,0.6322067,0.7567515
2026-08-25 13:30:00,0.51444775,0.74039054
2026-08-25 13:30:00,0.39668733,0.7329085
2026-08-25 13:30:00,0.5822145,0.72016585
2026-08-25 13:45:00,0.51445276,0.72995365
2026-08-25 13:45:00,0.3966925,0.7168112
2026-08-25 13:45:00,0.58221734,0.7078165
2026-08-25 13:45:00,0.767746,0.6936033
2026-08-25 14:00:00,0.39669883,0.69200194
2026-08-25 14:00:00,0.58222073,0.6839582
2026-08-25 14:00:00,0.7677473,0.6735543
2026-08-25 14:00:00,0.74658346,0.6572183
2026-08-25 14:15:00,0.58222497,0.64959973
2026-08-25 14:15:00,0.76774895,0.6465454
2026-08-25 14:15:00,0.7465849,0.6361355
2026-08-25 14:15:00,0.7254209,0.61727273
2026-08-25 14:30:00,0.7677511,0.62104434
2026-08-25 14:30:00,0.7465868,0.61849546
2026-08-25 14:30:00,0.72542256,0.6079943
2026-08-25 14:30:00,0.72792006,0.5887624
2026-08-25 14:45:00,0.7465892,0.62168896
2026-08-25 14:45:00,0.7254246,0.6144651
2026-08-25 14:45:00,0.72792166,0.6021754
2026-08-25 14:45:00,0.6552756,0.5838621
2026-08-25 15:00:00,0.72542727,0.6255122
2026-08-25 15:00:00,0.7279237,0.6135925
2026-08-25 15:00:00,0.65527785,0.5986793
2026-08-25 15:00:00,0.5085355,0.5798318
2026-08-25 15:15:00,0.7279263,0.62936074
2026-08-25 15:15:00,0.65528053,0.612948
2026-08-25 15:15:00,0.50853896,0.5945986
2026-08-25 15:15:00,0.36179546,0.57349885
2026-08-25 15:30:00,0.6552839,0.6163222
2026-08-25 15:30:00,0.5085431,0.5973605
2026-08-25 15:30:00,0.36180007,0.57531774
2026-08-25 15:30:00,0.44994372,0.55108386
2026-08-25 15:45:00,0.50854814,0.5859815
2026-08-25 15:45:00,0.3618056,0.5648278
2026-08-25 15:45:00,0.44994766,0.5386673
2026-08-25 15:45:00,0.538092,0.51134145
2026-08-25 16:00:00,0.3618123,0.543159
2026-08-25 16:00:00,0.4499523,0.51949275
2026-08-25 16:00:00,0.53809524,0.49022466
2026-08-25 16:00:00,0.49075687,0.46147776
2026-08-25 16:15:00,0.44995803,0.49921238
2026-08-25 16:15:00,0.53809905,0.47427607
2026-08-25 16:15:00,0.49076042,0.44405752
2026-08-25 16:15:00,0.4434217,0.4155553
2026-08-25 16:30:00,0.5381038,0.46556675
2026-08-25 16:30:00,0.49076474,0.4403088
2026-08-25 16:30:00,0.44342566,0.41066235
2026-08-25 16:30:00,0.40275368,0.3830132
2026-08-25 16:45:00,0.49076998,0.440391
2026-08-25 16:45:00,0.44343036,0.41514814
2026-08-25 16:45:00,0.40275794,0.38689685
2026-08-25 16:45:00,0.37064856,0.36058596
2026-08-25 17:00:00,0.44343615,0.41808778
2026-08-25 17:00:00,0.4027631,0.39335433
2026-08-25 17:00:00,0.3706531,0.36724707
2026-08-25 17:00:00,0.3426615,0.34289065
2026-08-25 17:15:00,0.40276933,0.40053117
2026-08-25 17:15:00,0.37065852,0.3769296
2026-08-25 17:15:00,0.34266627,0.35333452
2026-08-25 17:15:00,0.31725562,0.33135685
2026-08-25 17:30:00,0.37066513,0.37600884
2026-08-25 17:30:00,0.342672,0.35509396
2026-08-25 17:30:00,0.3172606,0.33561158
2026-08-25 17:30:00,0.30868983,0.31707022
2026-08-25 17:45:00,0.3426789,0.34957993
2026-08-25 17:45:00,0.31726655,0.3318764
2026-08-25 17:45:00,0.30869487,0.3176886
2026-08-25 17:45:00,0.30012405,0.30342993
2026-08-25 18:00:00,0.31727374,0.3290044
2026-08-25 18:00:00,0.30870092,0.3146626
2026-08-25 18:00:00,0.30012915,0.30537206
2026-08-25 18:00:00,0.29155824,0.295294
2026-08-25 18:15:00,0.3087082,0.3142668
2026-08-25 18:15:00,0.30013525,0.3033266
2026-08-25 18:15:00,0.29156342,0.2982017
2026-08-25 18:15:00,0.28299245,0.29181665
2026-08-25 18:30:00,0.30014265,0.30457944
2026-08-25 18:30:00,0.29156962,0.29620904
2026-08-25 18:30:00,0.2829977,0.29410008
2026-08-25 18:30:00,0.28299245,0.29023063
2026-08-25 18:45:00,0.2915771,0.29835415
2026-08-25 18:45:00,0.283004,0.2920288
2026-08-25 18:45:00,0.2829977,0.29203042
2026-08-25 18:45:00,0.28299245,0.29004118
2026-08-25 19:00:00,0.28301156,0.2926364
2026-08-25 19:00:00,0.283004,0.28876114
2026-08-25 19:00:00,0.2829977,0.29094332
2026-08-25 19:00:00,0.28299245,0.2907503
2026-08-25 19:15:00,0.28301156,0.28849697
2026-08-25 19:15:00,0.283004,0.2868843
2026-08-25 19:15:00,0.2829977,0.29078242
2026-08-25 19:15:00,0.28299245,0.29198423
2026-08-25 19:30:00,0.28301156,0.28567544
2026-08-25 19:30:00,0.283004,0.28538543
2026-08-25 19:30:00,0.2829977,0.29026663
2026-08-25 19:30:00,0.28299245,0.29197735
2026-08-25 19:45:00,0.28301156,0.28416398
2026-08-25 19:45:00,0.283004,0.28419587
2026-08-25 19:45:00,0.2829977,0.28933865
2026-08-25 19:45:00,0.28299245,0.29107967
2026-08-25 20:00:00,0.28301156,0.28354374
2026-08-25 20:00:00,0.283004,0.2834928
2026-08-25 20:00:00,0.2829977,0.28868738
2026-08-25 20:00:00,0.28299245,0.29047504
2026-08-25 20:15:00,0.28301156,0.2831413
2026-08-25 20:15:00,0.283004,0.28319967
2026-08-25 20:15:00,0.2829977,0.28851894
2026-08-25 20:15:00,0.28299245,0.29046005
2026-08-25 20:30:00,0.28301156,0.28269798
2026-08-25 20:30:00,0.283004,0.28296146
2026-08-25 20:30:00,0.2829977,0.28840628
2026-08-25 20:30:00,0.28299245,0.2905559
2026-08-25 20:45:00,0.28301156,0.28247005
2026-08-25 20:45:00,0.283004,0.28281718
2026-08-25 20:45:00,0.2829977,0.2883078
2026-08-25 20:45:00,0.28299245,0.29061407
2026-08-25 21:00:00,0.28301156,0.28223938
2026-08-25 21:00:00,0.283004,0.28266194
2026-08-25 21:00:00,0.2829977,0.28823975
2026-08-25 21:00:00,0.28299245,0.29061568
2026-08-25 21:15:00,0.28301156,0.2820658
2026-08-25 21:15:00,0.283004,0.28250965
2026-08-25 21:15:00,0.2829977,0.28815076
2026-08-25 21:15:00,0.28299245,0.29059985
2026-08-25 21:30:00,0.28301156,0.28204328
2026-08-25 21:30:00,0.283004,0.28245634
2026-08-25 21:30:00,0.2829977,0.28811002
2026-08-25 21:30:00,0.28299245,0.29062623
2026-08-25 21:45:00,0.28301156,0.28205663
2026-08-25 21:45:00,0.283004,0.28244182
2026-08-25 21:45:00,0.2829977,0.28810507
2026-08-25 21:45:00,0.28299245,0.2906704
2026-08-25 22:00:00,0.28301156,0.2820531
2026-08-25 22:00:00,0.283004,0.28245908
2026-08-25 22:00:00,0.2829977,0.2881331
2026-08-25 22:00:00,0.28299245,0.29073852
2026-08-25 22:15:00,0.28301156,0.282037
2026-08-25 22:15:00,0.283004,0.28246734
2026-08-25 22:15:00,0.2829977,0.28815094
2026-08-25 22:15:00,0.28299245,0.29079932
2026-08-25 22:30:00,0.28301156,0.28206402
2026-08-25 22:30:00,0.283004,0.282478
2026-08-25 22:30:00,0.2829977,0.28815633
2026-08-25 22:30:00,0.28299245,0.29083663
2026-08-25 22:45:00,0.28301156,0.28209624
2026-08-25 22:45:00,0.283004,0.2824858
2026-08-25 22:45:00,0.2829977,0.28816462
2026-08-25 22:45:00,0.28299245,0.29087332
2026-08-25 23:00:00,0.28301156,0.28213814
2026-08-25 23:00:00,0.283004,0.2825165
2026-08-25 23:00:00,0.2829977,0.28819326
2026-08-25 23:00:00,0.28299245,0.29092467
2026-08-25 23:15:00,0.28301156,0.2821495
2026-08-25 23:15:00,0.283004,0.28254575
2026-08-25 23:15:00,0.2829977,0.28822848
2026-08-25 23:15:00,0.28299245,0.29098278
2026-08-25 23:30:00,0.28301156,0.28214514
2026-08-25 23:30:00,0.283004,0.28255117
2026-08-25 23:30:00,0.2829977,0.2882396
2026-08-25 23:30:00,0.28299245,0.2910106
2026-08-25 23:45:00,0.28301156,0.28218514
2026-08-25 23:45:00,0.283004,0.2825662
2026-08-25 23:45:00,0.2829977,0.28825238
2026-08-25 23:45:00,0.28299245,0.2910434
2026-08-26 00:00:00,0.28301156,0.2821939
2026-08-26 00:00:00,0.283004,0.28256276
2026-08-26 00:00:00,0.2829977,0.288256
2026-08-26 00:00:00,0.28299245,0.29104796
2026-08-26 00:15:00,0.28301156,0.28219548
2026-08-26 00:15:00,0.283004,0.28253475
2026-08-26 00:15:00,0.2829977,0.28825596
2026-08-26 00:15:00,0.28299245,0.2911074
2026-08-26 00:30:00,0.28301156,0.28227377
2026-08-26 00:30:00,0.283004,0.28256503
2026-08-26 00:30:00,0.2829977,0.28830877
2026-08-26 00:30:00,0.28299245,0.29124743
2026-08-26 00:45:00,0.28301156,0.2823651
2026-08-26 00:45:00,0.283004,0.28262407
2026-08-26 00:45:00,0.2829977,0.28838018
2026-08-26 00:45:00,0.28299245,0.2913813
2026-08-26 01:00:00,0.28301156,0.2823931
2026-08-26 01:00:00,0.283004,0.28267848
2026-08-26 01:00:00,0.2829977,0.2884367
2026-08-26 01:00:00,0.28299245,0.2914584
2026-08-26 01:15:00,0.28301156,0.28241074
2026-08-26 01:15:00,0.283004,0.28273538
2026-08-26 01:15:00,0.2829977,0.28853217
2026-08-26 01:15:00,0.28299245,0.29164612
2026-08-26 01:30:00,0.28301156,0.28252384
2026-08-26 01:30:00,0.283004,0.28284508
2026-08-26 01:30:00,0.2829977,0.2886824
2026-08-26 01:30:00,0.28299245,0.2919171
2026-08-26 01:45:00,0.28301156,0.2826396
2026-08-26 01:45:00,0.283004,0.2829611
2026-08-26 01:45:00,0.2829977,0.28884888
2026-08-26 01:45:00,0.28299245,0.2922044
2026-08-26 02:00:00,0.28301156,0.28278223
2026-08-26 02:00:00,0.283004,0.2831047
2026-08-26 02:00:00,0.2829977,0.2889835
2026-08-26 02:00:00,0.28299245,0.2923794
2026-08-26 02:15:00,0.28301156,0.28285268
2026-08-26 02:15:00,0.283004,0.28322178
2026-08-26 02:15:00,0.2829977,0.28910246
2026-08-26 02:15:00,0.28299245,0.29253986
2026-08-26 02:30:00,0.28301156,0.28295583
2026-08-26 02:30:00,0.283004,0.2833835
2026-08-26 02:30:00,0.2829977,0.28931135
2026-08-26 02:30:00,0.28299245,0.2928598
2026-08-26 02:45:00,0.28301156,0.28314337
2026-08-26 02:45:00,0.283004,0.28360552
2026-08-26 02:45:00,0.2829977,0.28959155
2026-08-26 02:45:00,0.28299245,0.29328284
2026-08-26 03:00:00,0.28301156,0.28326988
2026-08-26 03:00:00,0.283004,0.2837439
2026-08-26 03:00:00,0.2829977,0.28976476
2026-08-26 03:00:00,0.28299245,0.29352936
2026-08-26 03:15:00,0.28301156,0.28342196
2026-08-26 03:15:00,0.283004,0.28398272
2026-08-26 03:15:00,0.2829977,0.29010105
2026-08-26 03:15:00,0.28299245,0.29404813
2026-08-26 03:30:00,0.28301156,0.28363693
2026-08-26 03:30:00,0.283004,0.28431246
2026-08-26 03:30:00,0.2829977,0.29053438
2026-08-26 03:30:00,0.28299245,0.29468706
2026-08-26 03:45:00,0.28301156,0.28386837
2026-08-26 03:45:00,0.283004,0.28465188
2026-08-26 03:45:00,0.2829977,0.2909457
2026-08-26 03:45:00,0.28299245,0.29525638
2026-08-26 04:00:00,0.28301156,0.28407192
2026-08-26 04:00:00,0.283004,0.2849372
2026-08-26 04:00:00,0.2829977,0.2912568
2026-08-26 04:00:00,0.28299245,0.2956534
2026-08-26 04:15:00,0.28301156,0.28433347
2026-08-26 04:15:00,0.283004,0.2853169
2026-08-26 04:15:00,0.2829977,0.29169643
2026-08-26 04:15:00,0.28299245,0.29622936
2026-08-26 04:30:00,0.28301156,0.28462338
2026-08-26 04:30:00,0.283004,0.28571406
2026-08-26 04:30:00,0.2829977,0.2921455
2026-08-26 04:30:00,0.28299245,0.2968038
2026-08-26 04:45:00,0.28301156,0.2849097
2026-08-26 04:45:00,0.283004,0.2860926
2026-08-26 04:45:00,0.2829977,0.29256168
2026-08-26 04:45:00,0.28299245,0.29732427
2026-08-26 05:00:00,0.28301156,0.28514585
2026-08-26 05:00:00,0.283004,0.28634566
2026-08-26 05:00:00,0.2829977,0.2927768
2026-08-26 05:00:00,0.28299245,0.29753387
2026-08-26 05:15:00,0.28301156,0.28540045
2026-08-26 05:15:00,0.283004,0.28663453
2026-08-26 05:15:00,0.2829977,0.2930537
2026-08-26 05:15:00,0.28299245,0.29783443
2026-08-26 05:30:00,0.28301156,0.2859107
2026-08-26 05:30:00,0.283004,0.28745258
2026-08-26 05:30:00,0.2829977,0.29414082
2026-08-26 05:30:00,0.30506477,0.29933798
2026-08-26 05:45:00,0.28301156,0.28678194
2026-08-26 05:45:00,0.283004,0.28891098
2026-08-26 05:45:00,0.30506983,0.29613426
2026-08-26 05:45:00,0.31876558,0.30208468
2026-08-26 06:00:00,0.28301156,0.28763512
2026-08-26 06:00:00,0.30507588,0.2903054
2026-08-26 06:00:00,0.31877056,0.29798332
2026-08-26 06:00:00,0.34152105,0.30451488
2026-08-26 06:15:00,0.30508322,0.28873548
2026-08-26 06:15:00,0.3187765,0.29202598
2026-08-26 06:15:00,0.34152582,0.30014595
2026-08-26 06:15:00,0.37080586,0.30721956
2026-08-26 06:30:00,0.31878367,0.30139917
2026-08-26 06:30:00,0.34153154,0.31340373
2026-08-26 06:30:00,0.3708104,0.3308103
2026-08-26 06:30:00,0.40170312,0.34736967
2026-08-26 06:45:00,0.3415385,0.33232498
2026-08-26 06:45:00,0.37081584,0.35390544
2026-08-26 06:45:00,0.40170738,0.38114703
2026-08-26 06:45:00,0.43741024,0.406096
2026-08-26 07:00:00,0.37082243,0.35830688
2026-08-26 07:00:00,0.40171254,0.38359573
2026-08-26 07:00:00,0.43741423,0.41370022
2026-08-26 07:00:00,0.47273332,0.4406869
2026-08-26 07:15:00,0.4017188,0.38279468
2026-08-26 07:15:00,0.43741906,0.40948245
2026-08-26 07:15:00,0.472737,0.43941045
2026-08-26 07:15:00,0.5077052,0.46610934
2026-08-26 07:30:00,0.4374249,0.4014199
2026-08-26 07:30:00,0.47274148,0.42868394
2026-08-26 07:30:00,0.50770867,0.4580512
2026-08-26 07:30:00,0.5361161,0.48439565
2026-08-26 07:45:00,0.47274694,0.41994637
2026-08-26 07:45:00,0.50771284,0.4478332
2026-08-26 07:45:00,0.53611934,0.47709897
2026-08-26 07:45:00,0.57256615,0.503549
2026-08-26 08:00:00,0.50771785,0.44400805
2026-08-26 08:00:00,0.53612316,0.47235447
2026-08-26 08:00:00,0.572569,0.50131494
2026-08-26 08:00:00,0.59749275,0.5277492
2026-08-26 08:15:00,0.5361279,0.47417015
2026-08-26 08:15:00,0.5725726,0.501981
2026-08-26 08:15:00,0.59749544,0.5296087
2026-08-26 08:15:00,0.6332141,0.5551983
2026-08-26 08:30:00,0.5725769,0.502399
2026-08-26 08:30:00,0.5974987,0.52905583
2026-08-26 08:30:00,0.6332165,0.55497575
2026-08-26 08:30:00,0.6700437,0.5790219
2026-08-26 08:45:00,0.5975028,0.53060776
2026-08-26 08:45:00,0.6332195,0.5557865
2026-08-26 08:45:00,0.6700458,0.58006907
2026-08-26 08:45:00,0.68705225,0.6022825
2026-08-26 09:00:00,0.6332232,0.56286025
2026-08-26 09:00:00,0.67004836,0.586028
2026-08-26 09:00:00,0.68705416,0.60812116
2026-08-26 09:00:00,0.7342565,0.62782407
2026-08-26 09:15:00,0.67005163,0.5963392
2026-08-26 09:15:00,0.6870566,0.61679167
2026-08-26 09:15:00,0.73425806,0.6361619
2026-08-26 09:15:00,0.6339343,0.6528338
2026-08-26 09:30:00,0.68705964,0.6241455
2026-08-26 09:30:00,0.7342601,0.64212596
2026-08-26 09:30:00,0.6339367,0.65868354
2026-08-26 09:30:00,0.53361213,0.67262685
2026-08-26 09:45:00,0.7342626,0.6481478
2026-08-26 09:45:00,0.6339396,0.6636709
2026-08-26 09:45:00,0.5336153,0.6774324
2026-08-26 09:45:00,0.6145251,0.6890008
2026-08-26 10:00:00,0.6339433,0.6789722
2026-08-26 10:00:00,0.53361917,0.69004965
2026-08-26 10:00:00,0.6145277,0.7003648
2026-08-26 10:00:00,0.69543815,0.70940375
2026-08-26 10:15:00,0.53362393,0.6880595
2026-08-26 10:15:00,0.6145308,0.6969316
2026-08-26 10:15:00,0.69544005,0.705099
2026-08-26 10:15:00,0.78415394,0.7120283
2026-08-26 10:30:00,0.6145347,0.6775943
2026-08-26 10:30:00,0.69544244,0.68702173
2026-08-26 10:30:00,0.78415513,0.6940222
2026-08-26 10:30:00,0.8135675,0.6990416
2026-08-26 10:45:00,0.6954454,0.67527086
2026-08-26 10:45:00,0.78415656,0.6835948
2026-08-26 10:45:00,0.8135685,0.6889729
2026-08-26 10:45:00,0.8429811,0.6919751
2026-08-26 11:00:00,0.7841585,0.6837722
2026-08-26 11:00:00,0.8135696,0.6888881
2026-08-26 11:00:00,0.8429818,0.69213223
2026-08-26 11:00:00,0.853904,0.69292384
2026-08-26 11:15:00,0.8135713,0.7083336
2026-08-26 11:15:00,0.8429827,0.7072141
2026-08-26 11:15:00,0.8539046,0.70779777
2026-08-26 11:15:00,0.8702853,0.705816
2026-08-26 11:30:00,0.842984,0.72922814
2026-08-26 11:30:00,0.85390544,0.7227783
2026-08-26 11:30:00,0.87028575,0.72119576
2026-08-26 11:30:00,0.8722912,0.7165233
2026-08-26 11:45:00,0.85390663,0.7429923
2026-08-26 11:45:00,0.87028635,0.7327771
2026-08-26 11:45:00,0.8722917,0.729674
2026-08-26 11:45:00,0.8151506,0.7228327
2026-08-26 12:00:00,0.8702874,0.75168717
2026-08-26 12:00:00,0.87229234,0.7390046
2026-08-26 12:00:00,0.8151516,0.73500633
2026-08-26 12:00:00,0.84779847,0.72669005
2026-08-26 12:15:00,0.87229335,0.76117575
2026-08-26 12:15:00,0.81515276,0.7463404
2026-08-26 12:15:00,0.8477992,0.7418374
2026-08-26 12:15:00,0.8804463,0.7324609
2026-08-26 12:30:00,0.81515443,0.76707196
2026-08-26 12:30:00,0.8478,0.750898
2026-08-26 12:30:00,0.8804467,0.7460104
2026-08-26 12:30:00,0.6681235,0.73586935
2026-08-26 12:45:00,0.8478013,0.76420057
2026-08-26 12:45:00,0.88044727,0.7480837
2026-08-26 12:45:00,0.6681256,0.742545
2026-08-26 12:45:00,0.4558006,0.73181874
2026-08-26 13:00:00,0.88044816,0.7632159
2026-08-26 13:00:00,0.6681282,0.7467948
2026-08-26 13:00:00,0.45580444,0.74068594
2026-08-26 13:00:00,0.44696155,0.72930676
2026-08-26 13:15:00,0.6681315,0.76410395
2026-08-26 13:15:00,0.45580906,0.7471318
2026-08-26 13:15:00,0.44696546,0.7404563
2026-08-26 13:15:00,0.6133992,0.7284634
2026-08-26 13:30:00,0.45581472,0.7448573
2026-08-26 13:30:00,0.44697016,0.73019385
2026-08-26 13:30:00,0.6134018,0.72226727
2026-08-26 13:30:00,0.7798369,0.7093024
2026-08-26 13:45:00,0.44697592,0.69681466
2026-08-26 13:45:00,0.61340487,0.68909955
2026-08-26 13:45:00,0.7798381,0.67948747
2026-08-26 13:45:00,0.73851395,0.6642409
2026-08-26 14:00:00,0.6134088,0.6556047
2026-08-26 14:00:00,0.77983963,0.6534363
2026-08-26 14:00:00,0.7385155,0.64351463
2026-08-26 14:00:00,0.69719106,0.6256479
2026-08-26 14:15:00,0.77984166,0.6316408
2026-08-26 14:15:00,0.73851746,0.62993336
2026-08-26 14:15:00,0.6971929,0.6199093
2026-08-26 14:15:00,0.54134667,0.60100114
2026-08-26 14:30:00,0.7385199,0.633589
2026-08-26 14:30:00,0.6971953,0.62752557
2026-08-26 14:30:00,0.5413499,0.61607516
2026-08-26 14:30:00,0.38550234,0.59782684
2026-08-26 14:45:00,0.6971982,0.63890696
2026-08-26 14:45:00,0.5413537,0.6284964
2026-08-26 14:45:00,0.38550675,0.615147
2026-08-26 14:45:00,0.37658077,0.59675467
2026-08-26 15:00:00,0.54135835,0.63407886
2026-08-26 15:00:00,0.38551205,0.62046635
2026-08-26 15:00:00,0.37658527,0.6041125
2026-08-26 15:00:00,0.36765924,0.5836109
2026-08-26 15:15:00,0.38551846,0.60192585
2026-08-26 15:15:00,0.37659067,0.5878129
2026-08-26 15:15:00,0.3676638,0.56843424
2026-08-26 15:15:00,0.36788982,0.54542255
2026-08-26 15:30:00,0.3765972,0.54572546
2026-08-26 15:30:00,0.36766928,0.5309279
2026-08-26 15:30:00,0.3678944,0.50936276
2026-08-26 15:30:00,0.44702142,0.48545396
2026-08-26 15:45:00,0.3676759,0.49685323
2026-08-26 15:45:00,0.36789986,0.4819901
2026-08-26 15:45:00,0.44702536,0.46091694
2026-08-26 15:45:00,0.526153,0.4384622
2026-08-26 16:00:00,0.36790648,0.45655614
2026-08-26 16:00:00,0.44703007,0.4425801
2026-08-26 16:00:00,0.5261563,0.4231269
2026-08-26 16:00:00,0.4804216,0.40249974
2026-08-26 16:15:00,0.4470358,0.42564064
2026-08-26 16:15:00,0.52616024,0.4114633
2026-08-26 16:15:00,0.48042524,0.39287567
2026-08-26 16:15:00,0.43469018,0.373604
2026-08-26 16:30:00,0.5261651,0.41142884
2026-08-26 16:30:00,0.48042965,0.39579415
2026-08-26 16:30:00,0.4346942,0.3768564
2026-08-26 16:30:00,0.3988722,0.35806632
2026-08-26 16:45:00,0.480435,0.40740874
2026-08-26 16:45:00,0.43469903,0.38929442
2026-08-26 16:45:00,0.3988765,0.3688503
2026-08-26 16:45:00,0.32867765,0.3495289
2026-08-26 17:00:00,0.4347049,0.3956269
2026-08-26 17:00:00,0.39888167,0.37630355
2026-08-26 17:00:00,0.32868254,0.35573006
2026-08-26 17:00:00,0.3283023,0.33678976
2026-08-26 17:15:00,0.39888796,0.38106874
2026-08-26 17:15:00,0.32868838,0.36171514
2026-08-26 17:15:00,0.32830718,0.3424135
2026-08-26 17:15:00,0.31471148,0.3248386
2026-08-26 17:30:00,0.32869545,0.36496004
2026-08-26 17:30:00,0.32831305,0.3465355
2026-08-26 17:30:00,0.31471646,0.3296128
2026-08-26 17:30:00,0.2970939,0.3140142
2026-08-26 17:45:00,0.3283201,0.3436172
2026-08-26 17:45:00,0.31472245,0.3276698
2026-08-26 17:45:00,0.29709902,0.31492236
2026-08-26 17:45:00,0.29239342,0.30267408
2026-08-26 18:00:00,0.31472966,0.32476014
2026-08-26 18:00:00,0.29710516,0.3118788
2026-08-26 18:00:00,0.29239857,0.30366468
2026-08-26 18:00:00,0.28769293,0.29508075
2026-08-26 18:15:00,0.29711258,0.3110385
2026-08-26 18:15:00,0.29240477,0.3012736
2026-08-26 18:15:00,0.28769815,0.29704657
2026-08-26 18:15:00,0.28299245,0.29173058
2026-08-26 18:30:00,0.29241225,0.30195275
2026-08-26 18:30:00,0.28770438,0.29456857
2026-08-26 18:30:00,0.2829977,0.29325953
2026-08-26 18:30:00,0.28299245,0.2902109
2026-08-26 18:45:00,0.2877119,0.29639822
2026-08-26 18:45:00,0.283004,0.2907193
2026-08-26 18:45:00,0.2829977,0.29134238
2026-08-26 18:45:00,0.28299245,0.28985503
2026-08-26 19:00:00,0.28301156,0.29148123
2026-08-26 19:00:00,0.283004,0.28795916
2026-08-26 19:00:00,0.2829977,0.29051626
2026-08-26 19:00:00,0.28299245,0.29061085
2026-08-26 19:15:00,0.28301156,0.28785533
2026-08-26 19:15:00,0.283004,0.28639588
2026-08-26 19:15:00,0.2829977,0.2905091
2026-08-26 19:15:00,0.28299245,0.29185045
2026-08-26 19:30:00,0.28301156,0.28536597
2026-08-26 19:30:00,0.283004,0.2850913
2026-08-26 19:30:00,0.2829977,0.290064
2026-08-26 19:30:00,0.28299245,0.29183152
2026-08-26 19:45:00,0.28301156,0.28405273
2026-08-26 19:45:00,0.283004,0.2840402
2026-08-26 19:45:00,0.2829977,0.2892237
2026-08-26 19:45:00,0.28299245,0.29103443
2026-08-26 20:00:00,0.28301156,0.28338522
2026-08-26 20:00:00,0.283004,0.2834245
2026-08-26 20:00:00,0.2829977,0.2887103
2026-08-26 20:00:00,0.28299245,0.29059857
2026-08-26 20:15:00,0.28301156,0.28297842
2026-08-26 20:15:00,0.283004,0.28303477
2026-08-26 20:15:00,0.2829977,0.28839964
2026-08-26 20:15:00,0.28299245,0.2904174
2026-08-26 20:30:00,0.28301156,0.28267995
2026-08-26 20:30:00,0.283004,0.2828256
2026-08-26 20:30:00,0.2829977,0.2882666
2026-08-26 20:30:00,0.28299245,0.2904735
2026-08-26 20:45:00,0.28301156,0.28244728
2026-08-26 20:45:00,0.283004,0.28267598
2026-08-26 20:45:00,0.2829977,0.28818375
2026-08-26 20:45:00,0.28299245,0.2905267
2026-08-26 21:00:00,0.28301156,0.28233156
2026-08-26 21:00:00,0.283004,0.28263336
2026-08-26 21:00:00,0.2829977,0.28819162
2026-08-26 21:00:00,0.28299245,0.29062992
2026-08-26 21:15:00,0.28301156,0.28216606
2026-08-26 21:15:00,0.283004,0.28262243
2026-08-26 21:15:00,0.2829977,0.28825715
2026-08-26 21:15:00,0.28299245,0.2907737
2026-08-26 21:30:00,0.28301156,0.28202507
2026-08-26 21:30:00,0.283004,0.28254968
2026-08-26 21:30:00,0.2829977,0.2882272
2026-08-26 21:30:00,0.28299245,0.29079857
2026-08-26 21:45:00,0.28301156,0.2820487
2026-08-26 21:45:00,0.283004,0.28253987
2026-08-26 21:45:00,0.2829977,0.28821385
2026-08-26 21:45:00,0.28299245,0.2908163
2026-08-26 22:00:00,0.28301156,0.28201732
2026-08-26 22:00:00,0.283004,0.28252202
2026-08-26 22:00:00,0.2829977,0.28822014
2026-08-26 22:00:00,0.28299245,0.2908239
2026-08-26 22:15:00,0.28301156,0.28197965
2026-08-26 22:15:00,0.283004,0.2824682
2026-08-26 22:15:00,0.2829977,0.2881776
2026-08-26 22:15:00,0.28299245,0.2908066
2026-08-26 22:30:00,0.28301156,0.28202403
2026-08-26 22:30:00,0.283004,0.28244552
2026-08-26 22:30:00,0.2829977,0.28814355
2026-08-26 22:30:00,0.28299245,0.29080942
2026-08-26 22:45:00,0.28301156,0.28207424
2026-08-26 22:45:00,0.283004,0.2824352
2026-08-26 22:45:00,0.2829977,0.28813425
2026-08-26 22:45:00,0.28299245,0.29083252
2026-08-26 23:00:00,0.28301156,0.28211716
2026-08-26 23:00:00,0.283004,0.28246126
2026-08-26 23:00:00,0.2829977,0.2881596
2026-08-26 23:00:00,0.28299245,0.2908914
2026-08-26 23:15:00,0.28301156,0.28212884
2026-08-26 23:15:00,0.283004,0.2824919
2026-08-26 23:15:00,0.2829977,0.28819945
2026-08-26 23:15:00,0.28299245,0.29097906
2026-08-26 23:30:00,0.28301156,0.2821568
2026-08-26 23:30:00,0.283004,0.2825228
2026-08-26 23:30:00,0.2829977,0.28823063
2026-08-26 23:30:00,0.28299245,0.2910438
2026-08-26 23:45:00,0.28301156,0.28219202
2026-08-26 23:45:00,0.283004,0.28254625
2026-08-26 23:45:00,0.2829977,0.28825566
2026-08-26 23:45:00,0.28299245,0.29109868
2026-08-27 00:00:00,0.28301156,0.28222662
2026-08-27 00:00:00,0.283004,0.28256482
2026-08-27 00:00:00,0.2829977,0.28827977
2026-08-27 00:00:00,0.28299245,0.2911511
2026-08-27 00:15:00,0.28301156,0.28227034
2026-08-27 00:15:00,0.283004,0.28258932
2026-08-27 00:15:00,0.2829977,0.28832307
2026-08-27 00:15:00,0.28299245,0.29125878
2026-08-27 00:30:00,0.28301156,0.28234115
2026-08-27 00:30:00,0.283004,0.28263506
2026-08-27 00:30:00,0.2829977,0.28838313
2026-08-27 00:30:00,0.28299245,0.29138434
2026-08-27 00:45:00,0.28301156,0.28241965
2026-08-27 00:45:00,0.283004,0.28270388
2026-08-27 00:45:00,0.2829977,0.28845865
2026-08-27 00:45:00,0.28299245,0.2915147
2026-08-27 01:00:00,0.28301156,0.28245696
2026-08-27 01:00:00,0.283004,0.28276053
2026-08-27 01:00:00,0.2829977,0.2885178
2026-08-27 01:00:00,0.28299245,0.291598
2026-08-27 01:15:00,0.28301156,0.2825007
2026-08-27 01:15:00,0.283004,0.28282535
2026-08-27 01:15:00,0.2829977,0.28861
2026-08-27 01:15:00,0.28299245,0.29176652
2026-08-27 01:30:00,0.28301156,0.28260016
2026-08-27 01:30:00,0.283004,0.28291777
2026-08-27 01:30:00,0.2829977,0.28873068
2026-08-27 01:30:00,0.28299245,0.2919792
2026-08-27 01:45:00,0.28301156,0.28270295
2026-08-27 01:45:00,0.283004,0.28302482
2026-08-27 01:45:00,0.2829977,0.28887284
2026-08-27 01:45:00,0.28299245,0.29221982
2026-08-27 02:00:00,0.28301156,0.28283897
2026-08-27 02:00:00,0.283004,0.2831652
2026-08-27 02:00:00,0.2829977,0.28899893
2026-08-27 02:00:00,0.28299245,0.292377
2026-08-27 02:15:00,0.28301156,0.28288746
2026-08-27 02:15:00,0.283004,0.2832482
2026-08-27 02:15:00,0.2829977,0.28908288
2026-08-27 02:15:00,0.28299245,0.29248598
2026-08-27 02:30:00,0.28301156,0.28297037
2026-08-27 02:30:00,0.283004,0.28337118
2026-08-27 02:30:00,0.2829977,0.28925073
2026-08-27 02:30:00,0.28299245,0.29275483
2026-08-27 02:45:00,0.28301156,0.28314245
2026-08-27 02:45:00,0.283004,0.28356808
2026-08-27 02:45:00,0.2829977,0.28950268
2026-08-27 02:45:00,0.28299245,0.2931485
2026-08-27 03:00:00,0.28301156,0.2832632
2026-08-27 03:00:00,0.283004,0.28370932
2026-08-27 03:00:00,0.2829977,0.28969362
2026-08-27 03:00:00,0.28299245,0.2934362
2026-08-27 03:15:00,0.28301156,0.28341004
2026-08-27 03:15:00,0.283004,0.28391674
2026-08-27 03:15:00,0.2829977,0.28997597
2026-08-27 03:15:00,0.28299245,0.29386297
2026-08-27 03:30:00,0.28301156,0.2835946
2026-08-27 03:30:00,0.283004,0.28417343
2026-08-27 03:30:00,0.2829977,0.2902895
2026-08-27 03:30:00,0.28299245,0.29431108
2026-08-27 03:45:00,0.28301156,0.2837773
2026-08-27 03:45:00,0.283004,0.28444985
2026-08-27 03:45:00,0.2829977,0.29062256
2026-08-27 03:45:00,0.28299245,0.29477924
2026-08-27 04:00:00,0.28301156,0.28424957
2026-08-27 04:00:00,0.283004,0.28480884
2026-08-27 04:00:00,0.2829977,0.29058823
2026-08-27 04:00:00,0.28299245,0.29438305
2026-08-27 04:15:00,0.28301156,0.28427243
2026-08-27 04:15:00,0.283004,0.284734
2026-08-27 04:15:00,0.2829977,0.29029274
2026-08-27 04:15:00,0.28299245,0.29376817
2026-08-27 04:30:00,0.28301156,0.28445467
2026-08-27 04:30:00,0.283004,0.28465948
2026-08-27 04:30:00,0.2829977,0.29012746
2026-08-27 04:30:00,0.28299245,0.29338872
2026-08-27 04:45:00,0.28301156,0.2848769
2026-08-27 04:45:00,0.283004,0.28472283
2026-08-27 04:45:00,0.2829977,0.29004765
2026-08-27 04:45:00,0.28299245,0.2931545
2026-08-27 05:00:00,0.28301156,0.28467306
2026-08-27 05:00:00,0.283004,0.2844984
2026-08-27 05:00:00,0.2829977,0.28998694
2026-08-27 05:00:00,0.28299245,0.29318902
2026-08-27 05:15:00,0.28301156,0.28472033
2026-08-27 05:15:00,0.283004,0.28461266
2026-08-27 05:15:00,0.2829977,0.29024622
2026-08-27 05:15:00,0.28299245,0.29361212
2026-08-27 05:30:00,0.28301156,0.28495118
2026-08-27 05:30:00,0.283004,0.2850583
2026-08-27 05:30:00,0.2829977,0.290981
2026-08-27 05:30:00,0.2968845,0.2947608
2026-08-27 05:45:00,0.28301156,0.28528455
2026-08-27 05:45:00,0.283004,0.28570855
2026-08-27 05:45:00,0.29688966,0.29189298
2026-08-27 05:45:00,0.30604726,0.29609665
2026-08-27 06:00:00,0.28301156,0.28567973
2026-08-27 06:00:00,0.2968958,0.286379
2026-08-27 06:00:00,0.3060523,0.29271334
2026-08-27 06:00:00,0.31390482,0.29715714
2026-08-27 06:15:00,0.29690322,0.28638977
2026-08-27 06:15:00,0.30605838,0.28729206
2026-08-27 06:15:00,0.3139098,0.29374582
2026-08-27 06:15:00,0.32218277,0.29835373
2026-08-27 06:30:00,0.30606568,0.29430586
2026-08-27 06:30:00,0.3139158,0.3012501
2026-08-27 06:30:00,0.3221877,0.3141366
2026-08-27 06:30:00,0.329638,0.32603067
2026-08-27 06:45:00,0.31392303,0.3180383
2026-08-27 06:45:00,0.3221936,0.3350135
2026-08-27 06:45:00,0.32964286,0.35792905
2026-08-27 06:45:00,0.37553704,0.37887585
2026-08-27 07:00:00,0.32220075,0.34283832
2026-08-27 07:00:00,0.3296487,0.36483198
2026-08-27 07:00:00,0.37554154,0.39225754
2026-08-27 07:00:00,0.4036373,0.41657364
2026-08-27 07:15:00,0.32965577,0.36167353
2026-08-27 07:15:00,0.37554693,0.38555172
2026-08-27 07:15:00,0.40364155,0.41359776
2026-08-27 07:15:00,0.37874693,0.4380174
2026-08-27 07:30:00,0.37555346,0.37478846
2026-08-27 07:30:00,0.40364668,0.39950773
2026-08-27 07:30:00,0.3787514,0.4274467
2026-08-27 07:30:00,0.39963675,0.4516309
2026-08-27 07:45:00,0.4036529,0.38607377
2026-08-27 07:45:00,0.37875676,0.41134316
2026-08-27 07:45:00,0.39964104,0.4391883
2026-08-27 07:45:00,0.46463418,0.46334434
2026-08-27 08:00:00,0.37876326,0.40107664
2026-08-27 08:00:00,0.39964622,0.42707884
2026-08-27 08:00:00,0.46463796,0.45501
2026-08-27 08:00:00,0.44788232,0.47958967
2026-08-27 08:15:00,0.39965248,0.41355425
2026-08-27 08:15:00,0.46464252,0.43990472
2026-08-27 08:15:00,0.44788623,0.46750635
2026-08-27 08:15:00,0.4859876,0.4919176
2026-08-27 08:30:00,0.46464807,0.42393702
2026-08-27 08:30:00,0.44789094,0.44996816
2026-08-27 08:30:00,0.4859912,0.47658747
2026-08-27 08:30:00,0.4977024,0.50011694
2026-08-27 08:45:00,0.44789666,0.44353434
2026-08-27 08:45:00,0.48599553,0.46918023
2026-08-27 08:45:00,0.49770588,0.49486825
2026-08-27 08:45:00,0.6466547,0.5177329
2026-08-27 09:00:00,0.48600084,0.46255714
2026-08-27 09:00:00,0.4977101,0.48700035
2026-08-27 09:00:00,0.64665705,0.51067185
2026-08-27 09:00:00,0.6750057,0.5318831
2026-08-27 09:15:00,0.4977153,0.48638582
2026-08-27 09:15:00,0.64665985,0.50968444
2026-08-27 09:15:00,0.6750077,0.5316262
2026-08-27 09:15:00,0.650087,0.55132854
2026-08-27 09:30:00,0.64666337,0.50954443
2026-08-27 09:30:00,0.67501026,0.53123224
2026-08-27 09:30:00,0.65008926,0.5509944
2026-08-27 09:30:00,0.7213794,0.5686598
2026-08-27 09:45:00,0.6750134,0.5538354
2026-08-27 09:45:00,0.65009207,0.57239354
2026-08-27 09:45:00,0.72138107,0.58973813
2026-08-27 09:45:00,0.7926717,0.6048144
2026-08-27 10:00:00,0.6500956,0.598814
2026-08-27 10:00:00,0.72138315,0.61338687
2026-08-27 10:00:00,0.7926729,0.62790537
2026-08-27 10:00:00,0.77572775,0.63985384
2026-08-27 10:15:00,0.72138584,0.6367682
2026-08-27 10:15:00,0.79267424,0.6474544
2026-08-27 10:15:00,0.77572894,0.6590302
2026-08-27 10:15:00,0.7587837,0.667848
2026-08-27 10:30:00,0.7926761,0.6738386
2026-08-27 10:30:00,0.77573055,0.6798974
2026-08-27 10:30:00,0.7587851,0.6882405
2026-08-27 10:30:00,0.7924174,0.69360554
2026-08-27 10:45:00,0.77573264,0.70077896
2026-08-27 10:45:00,0.75878686,0.70223665
2026-08-27 10:45:00,0.7924185,0.7075168
2026-08-27 10:45:00,0.80323803,0.7096251
2026-08-27 11:00:00,0.7587891,0.7208812
2026-08-27 11:00:00,0.7924199,0.71761215
2026-08-27 11:00:00,0.8032391,0.7202556
2026-08-27 11:00:00,0.71607715,0.7192465
2026-08-27 11:15:00,0.7924218,0.7357325
2026-08-27 11:15:00,0.8032404,0.7282405
2026-08-27 11:15:00,0.7160789,0.72873807
2026-08-27 11:15:00,0.62891626,0.7249792
2026-08-27 11:30:00,0.80324215,0.74565727
2026-08-27 11:30:00,0.716081,0.7349941
2026-08-27 11:30:00,0.62891865,0.7337991
2026-08-27 11:30:00,0.55612004,0.7278376
2026-08-27 11:45:00,0.71608377,0.74783266
2026-08-27 11:45:00,0.6289216,0.7357134
2026-08-27 11:45:00,0.556123,0.73325425
2026-08-27 11:45:00,0.66479516,0.7258162
2026-08-27 12:00:00,0.6289253,0.7430185
2026-08-27 12:00:00,0.5561267,0.73087895
2026-08-27 12:00:00,0.6647973,0.7273388
2026-08-27 12:00:00,0.77347034,0.71885484
2026-08-27 12:15:00,0.55613124,0.73224324
2026-08-27 12:15:00,0.6647999,0.72120655
2026-08-27 12:15:00,0.7734716,0.71667004
2026-08-27 12:15:00,0.7365718,0.7073635
2026-08-27 12:30:00,0.66480327,0.7079068
2026-08-27 12:30:00,0.7734732,0.7002481
2026-08-27 12:30:00,0.7365734,0.69466805
2026-08-27 12:30:00,0.7084375,0.6846751
2026-08-27 12:45:00,0.7734753,0.6901176
2026-08-27 12:45:00,0.73657537,0.6844895
2026-08-27 12:45:00,0.7084393,0.6780135
2026-08-27 12:45:00,0.68468523,0.6672126
2026-08-27 13:00:00,0.73657787,0.69374955
2026-08-27 13:00:00,0.7084415,0.6860174
2026-08-27 13:00:00,0.68468726,0.67862093
2026-08-27 13:00:00,0.660933,0.6670861
2026-08-27 13:15:00,0.70844436,0.7005165
2026-08-27 13:15:00,0.6846897,0.6905054
2026-08-27 13:15:00,0.66093516,0.68239653
2026-08-27 13:15:00,0.5608692,0.6702899
2026-08-27 13:30:00,0.6846928,0.69993967
2026-08-27 13:30:00,0.66093785,0.6890856
2026-08-27 13:30:00,0.5608722,0.68028456
2026-08-27 13:30:00,0.6443452,0.66766256
2026-08-27 13:45:00,0.66094124,0.6848618
2026-08-27 13:45:00,0.5608758,0.6753299
2026-08-27 13:45:00,0.64434755,0.66570246
2026-08-27 13:45:00,0.72782123,0.6524718
2026-08-27 14:00:00,0.5608803,0.66615796
2026-08-27 14:00:00,0.64435035,0.65816796
2026-08-27 14:00:00,0.72782284,0.6479789
2026-08-27 14:00:00,0.69846916,0.63413703
2026-08-27 14:15:00,0.64435387,0.6438995
2026-08-27 14:15:00,0.72782487,0.6374438
2026-08-27 14:15:00,0.69847107,0.62695205
2026-08-27 14:15:00,0.61071277,0.61257625
2026-08-27 14:30:00,0.7278275,0.63439447
2026-08-27 14:30:00,0.6984734,0.6269828
2026-08-27 14:30:00,0.6107154,0.61572933
2026-08-27 14:30:00,0.5807437,0.6008643
2026-08-27 14:45:00,0.6984763,0.6297575
2026-08-27 14:45:00,0.61071855,0.6202893
2026-08-27 14:45:00,0.58074653,0.6074673
2026-08-27 14:45:00,0.5604785,0.59139097
2026-08-27 15:00:00,0.6107224,0.618809
2026-08-27 15:00:00,0.58075,0.6075313
2026-08-27 15:00:00,0.56048155,0.59241873
2026-08-27 15:00:00,0.54021335,0.5743476
2026-08-27 15:15:00,0.5807542,0.6025427
2026-08-27 15:15:00,0.5604851,0.5895488
2026-08-27 15:15:00,0.54021645,0.57174456
2026-08-27 15:15:00,0.529652,0.55145746
2026-08-27 15:30:00,0.56048965,0.57546663
2026-08-27 15:30:00,0.5402203,0.5601928
2026-08-27 15:30:00,0.5296553,0.5389844
2026-08-27 15:30:00,0.5096035,0.51619303
2026-08-27 15:45:00,0.540225,0.53870124
2026-08-27 15:45:00,0.5296592,0.5209491
2026-08-27 15:45:00,0.50960696,0.4969246
2026-08-27 15:45:00,0.4711796,0.4726674
2026-08-27 16:00:00,0.52966404,0.50555193
2026-08-27 16:00:00,0.509611,0.4854229
2026-08-27 16:00:00,0.4711833,0.4596707
2026-08-27 16:00:00,0.43473393,0.43469507
2026-08-27 16:15:00,0.5096161,0.48311484
2026-08-27 16:15:00,0.47118777,0.4612164
2026-08-27 16:15:00,0.43473798,0.434407
2026-08-27 16:15:00,0.39709717,0.40912896
2026-08-27 16:30:00,0.47119325,0.46165693
2026-08-27 16:30:00,0.4347428,0.43821478
2026-08-27 16:30:00,0.3971015,0.4106749
2026-08-27 16:30:00,0.38161266,0.38521928
2026-08-27 16:45:00,0.43474865,0.43643767
2026-08-27 16:45:00,0.39710668,0.41265345
2026-08-27 16:45:00,0.3816171,0.38584325
2026-08-27 16:45:00,0.33122927,0.36119175
2026-08-27 17:00:00,0.39711297,0.409361
2026-08-27 17:00:00,0.38162243,0.38645273
2026-08-27 17:00:00,0.33123413,0.36216736
2026-08-27 17:00:00,0.3252902,0.33956337
2026-08-27 17:15:00,0.3816289,0.38406548
2026-08-27 17:15:00,0.33123994,0.36274904
2026-08-27 17:15:00,0.3252951,0.3419238
2026-08-27 17:15:00,0.30524898,0.32213926
2026-08-27 17:30:00,0.33124697,0.35920608
2026-08-27 17:30:00,0.325301,0.34021348
2026-08-27 17:30:00,0.30525404,0.32380885
2026-08-27 17:30:00,0.29967922,0.30769792
2026-08-27 17:45:00,0.32530808,0.3383839
2026-08-27 17:45:00,0.30526012,0.32219985
2026-08-27 17:45:00,0.29968435,0.31028605
2026-08-27 17:45:00,0.29133585,0.2980447
2026-08-27 18:00:00,0.30526742,0.32008517
2026-08-27 18:00:00,0.29969049,0.30744553
2026-08-27 18:00:00,0.291341,0.30029967
2026-08-27 18:00:00,0.28299245,0.2922514
2026-08-27 18:15:00,0.29969785,0.30730528
2026-08-27 18:15:00,0.29134724,0.29806507
2026-08-27 18:15:00,0.2829977,0.29486808
2026-08-27 18:15:00,0.28299245,0.29019007
2026-08-27 18:30:00,0.29135472,0.29948288
2026-08-27 18:30:00,0.283004,0.29254496
2026-08-27 18:30:00,0.2829977,0.29196376
2026-08-27 18:30:00,0.28299245,0.28934985
2026-08-27 18:45:00,0.28301156,0.2949461
2026-08-27 18:45:00,0.283004,0.28944924
2026-08-27 18:45:00,0.2829977,0.2904604
2026-08-27 18:45:00,0.28299245,0.28915408
2026-08-27 19:00:00,0.28301156,0.29112542
2026-08-27 19:00:00,0.283004,0.28740603
2026-08-27 19:00:00,0.2829977,0.28995442
2026-08-27 19:00:00,0.28299245,0.29001856
2026-08-27 19:15:00,0.28301156,0.28770575
2026-08-27 19:15:00,0.283004,0.28620875
2026-08-27 19:15:00,0.2829977,0.29033804
2026-08-27 19:15:00,0.28299245,0.2917756
2026-08-27 19:30:00,0.28301156,0.28523672
2026-08-27 19:30:00,0.283004,0.2850573
2026-08-27 19:30:00,0.2829977,0.29009387
2026-08-27 19:30:00,0.28299245,0.29198858
2026-08-27 19:45:00,0.28301156,0.28390145
2026-08-27 19:45:00,0.283004,0.28401294
2026-08-27 19:45:00,0.2829977,0.28925848
2026-08-27 19:45:00,0.28299245,0.29116055
2026-08-27 20:00:00,0.28301156,0.2832358
2026-08-27 20:00:00,0.283004,0.2833022
2026-08-27 20:00:00,0.2829977,0.28862864
2026-08-27 20:00:00,0.28299245,0.2905425
2026-08-27 20:15:00,0.28301156,0.28287154
2026-08-27 20:15:00,0.283004,0.28286424
2026-08-27 20:15:00,0.2829977,0.28824052
2026-08-27 20:15:00,0.28299245,0.29024452
2026-08-27 20:30:00,0.28301156,0.28265926
2026-08-27 20:30:00,0.283004,0.28270596
2026-08-27 20:30:00,0.2829977,0.28814104
2026-08-27 20:30:00,0.28299245,0.2903148
2026-08-27 20:45:00,0.28301156,0.28248668
2026-08-27 20:45:00,0.283004,0.28263545
2026-08-27 20:45:00,0.2829977,0.28813186
2026-08-27 20:45:00,0.28299245,0.2904528
2026-08-27 21:00:00,0.28301156,0.2822894
2026-08-27 21:00:00,0.283004,0.28259555
2026-08-27 21:00:00,0.2829977,0.2881696
2026-08-27 21:00:00,0.28299245,0.29059657
2026-08-27 21:15:00,0.28301156,0.28213376
2026-08-27 21:15:00,0.283004,0.28252742
2026-08-27 21:15:00,0.2829977,0.28815776
2026-08-27 21:15:00,0.28299245,0.29066584
2026-08-27 21:30:00,0.28301156,0.2821082
2026-08-27 21:30:00,0.283004,0.28248602
2026-08-27 21:30:00,0.2829977,0.28812784
2026-08-27 21:30:00,0.28299245,0.2906882
2026-08-27 21:45:00,0.28301156,0.28213826
2026-08-27 21:45:00,0.283004,0.28247634
2026-08-27 21:45:00,0.2829977,0.2881244
2026-08-27 21:45:00,0.28299245,0.29071203
2026-08-27 22:00:00,0.28301156,0.28212294
2026-08-27 22:00:00,0.283004,0.28249064
2026-08-27 22:00:00,0.2829977,0.28815475
2026-08-27 22:00:00,0.28299245,0.29076347
2026-08-27 22:15:00,0.28301156,0.28208378
2026-08-27 22:15:00,0.283004,0.28247678
2026-08-27 22:15:00,0.2829977,0.28815806
2026-08-27 22:15:00,0.28299245,0.29080686
2026-08-27 22:30:00,0.28301156,0.2821144
2026-08-27 22:30:00,0.283004,0.28247592
2026-08-27 22:30:00,0.2829977,0.28815413
2026-08-27 22:30:00,0.28299245,0.2908387
2026-08-27 22:45:00,0.28301156,0.28214973
2026-08-27 22:45:00,0.283004,0.2824684
2026-08-27 22:45:00,0.2829977,0.2881514
2026-08-27 22:45:00,0.28299245,0.29086605
2026-08-27 23:00:00,0.28301156,0.28221387
2026-08-27 23:00:00,0.283004,0.28251275
2026-08-27 23:00:00,0.2829977,0.28818977
2026-08-27 23:00:00,0.28299245,0.29092634
2026-08-27 23:15:00,0.28301156,0.28223857
2026-08-27 23:15:00,0.283004,0.2825798
2026-08-27 23:15:00,0.2829977,0.28825504
2026-08-27 23:15:00,0.28299245,0.29099378
2026-08-27 23:30:00,0.28301156,0.28218427
2026-08-27 23:30:00,0.283004,0.2825823
2026-08-27 23:30:00,0.2829977,0.2882686
2026-08-27 23:30:00,0.28299245,0.29099786
2026-08-27 23:45:00,0.28301156,0.28220367
2026-08-27 23:45:00,0.283004,0.28255978
2026-08-27 23:45:00,0.2829977,0.28825027
2026-08-27 23:45:00,0.28299245,0.29101014
2026-08-28 00:00:00,0.28301156,0.28227952
2026-08-28 00:00:00,0.283004,0.28254825
2026-08-28 00:00:00,0.2829977,0.28825274
2026-08-28 00:00:00,0.28299245,0.29105622
2026-08-28 00:15:00,0.28301156,0.28233835
2026-08-28 00:15:00,0.283004,0.28254154
2026-08-28 00:15:00,0.2829977,0.28829345
2026-08-28 00:15:00,0.28299245,0.29119205
2026-08-28 00:30:00,0.28301156,0.2824305
2026-08-28 00:30:00,0.283004,0.2826076
2026-08-28 00:30:00,0.2829977,0.28839904
2026-08-28 00:30:00,0.28299245,0.29142052
2026-08-28 00:45:00,0.28301156,0.28250167
2026-08-28 00:45:00,0.283004,0.28270796
2026-08-28 00:45:00,0.2829977,0.28853992
2026-08-28 00:45:00,0.28299245,0.29168043
2026-08-28 01:00:00,0.28301156,0.2825732
2026-08-28 01:00:00,0.283004,0.28282285
2026-08-28 01:00:00,0.2829977,0.28867346
2026-08-28 01:00:00,0.28299245,0.2918931
2026-08-28 01:15:00,0.28301156,0.28264576
2026-08-28 01:15:00,0.283004,0.28295067
2026-08-28 01:15:00,0.2829977,0.2888405
2026-08-28 01:15:00,0.28299245,0.29216242
2026-08-28 01:30:00,0.28301156,0.28275695
2026-08-28 01:30:00,0.283004,0.2830928
2026-08-28 01:30:00,0.2829977,0.2890112
2026-08-28 01:30:00,0.28299245,0.29242525
2026-08-28 01:45:00,0.28301156,0.2828761
2026-08-28 01:45:00,0.283004,0.28324175
2026-08-28 01:45:00,0.2829977,0.28918472
2026-08-28 01:45:00,0.28299245,0.2926851
2026-08-28 02:00:00,0.28301156,0.28299248
2026-08-28 02:00:00,0.283004,0.28338876
2026-08-28 02:00:00,0.2829977,0.2893435
2026-08-28 02:00:00,0.28299245,0.29290143
2026-08-28 02:15:00,0.28301156,0.28310773
2026-08-28 02:15:00,0.283004,0.28356954
2026-08-28 02:15:00,0.2829977,0.28958112
2026-08-28 02:15:00,0.28299245,0.29325745
2026-08-28 02:30:00,0.28301156,0.2832633
2026-08-28 02:30:00,0.283004,0.2837773
2026-08-28 02:30:00,0.2829977,0.2898343
2026-08-28 02:30:00,0.28299245,0.2936252
2026-08-28 02:45:00,0.28301156,0.28343698
2026-08-28 02:45:00,0.283004,0.28397483
2026-08-28 02:45:00,0.2829977,0.29003114
2026-08-28 02:45:00,0.28299245,0.29388043
2026-08-28 03:00:00,0.28301156,0.2835582
2026-08-28 03:00:00,0.283004,0.28410426
2026-08-28 03:00:00,0.2829977,0.2901341
2026-08-28 03:00:00,0.28299245,0.29398057
2026-08-28 03:15:00,0.28301156,0.28370374
2026-08-28 03:15:00,0.283004,0.28432512
2026-08-28 03:15:00,0.2829977,0.2904329
2026-08-28 03:15:00,0.28299245,0.29441783
2026-08-28 03:30:00,0.28301156,0.28394607
2026-08-28 03:30:00,0.283004,0.28465566
2026-08-28 03:30:00,0.2829977,0.29085666
2026-08-28 03:30:00,0.28299245,0.29502088
2026-08-28 03:45:00,0.28301156,0.2841596
2026-08-28 03:45:00,0.283004,0.28492633
2026-08-28 03:45:00,0.2829977,0.29117823
2026-08-28 03:45:00,0.28299245,0.29545632
2026-08-28 04:00:00,0.28301156,0.2842985
2026-08-28 04:00:00,0.283004,0.2850995
2026-08-28 04:00:00,0.2829977,0.2913445
2026-08-28 04:00:00,0.28299245,0.2956454
2026-08-28 04:15:00,0.28301156,0.2845427
2026-08-28 04:15:00,0.283004,0.2854772
2026-08-28 04:15:00,0.2829977,0.2918082
2026-08-28 04:15:00,0.28299245,0.29626507
2026-08-28 04:30:00,0.28301156,0.28486866
2026-08-28 04:30:00,0.283004,0.28595537
2026-08-28 04:30:00,0.2829977,0.29239994
2026-08-28 04:30:00,0.28299245,0.29705602
2026-08-28 04:45:00,0.28301156,0.28516462
2026-08-28 04:45:00,0.283004,0.28638804
2026-08-28 04:45:00,0.2829977,0.29293305
2026-08-28 04:45:00,0.28299245,0.29776046
2026-08-28 05:00:00,0.28301156,0.28634855
2026-08-28 05:00:00,0.283004,0.28745028
2026-08-28 05:00:00,0.2829977,0.2927321
2026-08-28 05:00:00,0.28299245,0.29621977
2026-08-28 05:15:00,0.28301156,0.28593862
2026-08-28 05:15:00,0.283004,0.2871086
2026-08-28 05:15:00,0.2829977,0.291938
2026-08-28 05:15:00,0.28299245,0.29475686
2026-08-28 05:30:00,0.28301156,0.28574774
2026-08-28 05:30:00,0.283004,0.2860662
2026-08-28 05:30:00,0.2829977,0.29062116
2026-08-28 05:30:00,0.284997,0.2925814
2026-08-28 05:45:00,0.28301156,0.28605005
2026-08-28 05:45:00,0.283004,0.28526655
2026-08-28 05:45:00,0.28500223,0.28963363
2026-08-28 05:45:00,0.2893818,0.29132247
2026-08-28 06:00:00,0.28301156,0.285226
2026-08-28 06:00:00,0.2850085,0.2842961
2026-08-28 06:00:00,0.289387,0.28921157
2026-08-28 06:00:00,0.29367545,0.2912106
2026-08-28 06:15:00,0.28501603,0.28521633
2026-08-28 06:15:00,0.28939322,0.28451636
2026-08-28 06:15:00,0.2936806,0.28970382
2026-08-28 06:15:00,0.30785984,0.29210952
2026-08-28 06:30:00,0.28940073,0.28792444
2026-08-28 06:30:00,0.2936868,0.28887382
2026-08-28 06:30:00,0.30786487,0.2959181
2026-08-28 06:30:00,0.3061129,0.3011016
2026-08-28 06:45:00,0.29369426,0.2968912
2026-08-28 06:45:00,0.30787092,0.3045086
2026-08-28 06:45:00,0.30611792,0.31723493
2026-08-28 06:45:00,0.32141218,0.32879373
2026-08-28 07:00:00,0.30787823,0.30812815
2026-08-28 07:00:00,0.306124,0.31989324
2026-08-28 07:00:00,0.32141712,0.3357605
2026-08-28 07:00:00,0.33906716,0.3503291
2026-08-28 07:15:00,0.3061313,0.31756103
2026-08-28 07:15:00,0.32142305,0.33065438
2026-08-28 07:15:00,0.33907193,0.34659302
2026-08-28 07:15:00,0.3407131,0.3606701
2026-08-28 07:30:00,0.32143018,0.33017308
2026-08-28 07:30:00,0.33907768,0.34443426
2026-08-28 07:30:00,0.34071788,0.36010405
2026-08-28 07:30:00,0.33433634,0.37373105
2026-08-28 07:45:00,0.33908463,0.34176284
2026-08-28 07:45:00,0.34072363,0.35650384
2026-08-28 07:45:00,0.33434117,0.37145832
2026-08-28 07:45:00,0.35118592,0.3845834
2026-08-28 08:00:00,0.34073055,0.35301915
2026-08-28 08:00:00,0.33434698,0.36858436
2026-08-28 08:00:00,0.35119063,0.3838279
2026-08-28 08:00:00,0.34431386,0.39740625
2026-08-28 08:15:00,0.33435398,0.36413738
2026-08-28 08:15:00,0.35119623,0.38020545
2026-08-28 08:15:00,0.3443186,0.39547724
2026-08-28 08:15:00,0.38347226,0.40920374
2026-08-28 08:30:00,0.35120305,0.37121835
2026-08-28 08:30:00,0.3443243,0.3868645
2026-08-28 08:30:00,0.38347667,0.4011494
2026-08-28 08:30:00,0.34316993,0.41394395
2026-08-28 08:45:00,0.3443312,0.37681556
2026-08-28 08:45:00,0.383482,0.39166275
2026-08-28 08:45:00,0.3431747,0.4047241
2026-08-28 08:45:00,0.35479122,0.41628987
2026-08-28 09:00:00,0.38348848,0.372612
2026-08-28 09:00:00,0.34318042,0.38564026
2026-08-28 09:00:00,0.35479587,0.39798012
2026-08-28 09:00:00,0.3618698,0.40819544
2026-08-28 09:15:00,0.3431873,0.37334237
2026-08-28 09:15:00,0.35480148,0.38524115
2026-08-28 09:15:00,0.36187443,0.3972346
2026-08-28 09:15:00,0.3668451,0.4060455
2026-08-28 09:30:00,0.35480824,0.37390786
2026-08-28 09:30:00,0.36187997,0.3843668
2026-08-28 09:30:00,0.36684966,0.39486337
2026-08-28 09:30:00,0.3946719,0.40159038
2026-08-28 09:45:00,0.36188665,0.37463266
2026-08-28 09:45:00,0.36685514,0.38422418
2026-08-28 09:45:00,0.39467624,0.39393026
2026-08-28 09:45:00,0.44774798,0.399476
2026-08-28 10:00:00,0.36686176,0.38182697
2026-08-28 10:00:00,0.39468145,0.39134815
2026-08-28 10:00:00,0.44775188,0.4004636
2026-08-28 10:00:00,0.5045885,0.40567505
2026-08-28 10:15:00,0.39468777,0.39342207
2026-08-28 10:15:00,0.4477566,0.40316126
2026-08-28 10:15:00,0.50459194,0.41166565
2026-08-28 10:15:00,0.5219289,0.4164852
2026-08-28 10:30:00,0.4477623,0.4027977
2026-08-28 10:30:00,0.5045961,0.41261798
2026-08-28 10:30:00,0.52193224,0.42044103
2026-08-28 10:30:00,0.5517047,0.42445725
2026-08-28 10:45:00,0.50460124,0.4161148
2026-08-28 10:45:00,0.5219362,0.4262355
2026-08-28 10:45:00,0.55170774,0.43339947
2026-08-28 10:45:00,0.5814805,0.4368324
2026-08-28 11:00:00,0.5219411,0.43923557
2026-08-28 11:00:00,0.55171144,0.44934183
2026-08-28 11:00:00,0.5814833,0.4554965
2026-08-28 11:00:00,0.60807097,0.45816308
2026-08-28 11:15:00,0.5517161,0.44799197
2026-08-28 11:15:00,0.5814867,0.45852244
2026-08-28 11:15:00,0.6080736,0.46635717
2026-08-28 11:15:00,0.5574776,0.46976233
2026-08-28 11:30:00,0.581491,0.49078113
2026-08-28 11:30:00,0.6080767,0.49997288
2026-08-28 11:30:00,0.5574806,0.50706816
2026-08-28 11:30:00,0.5820559,0.5113688
2026-08-28 11:45:00,0.6080807,0.520118
2026-08-28 11:45:00,0.55748427,0.5297678
2026-08-28 11:45:00,0.5820587,0.5380415
2026-08-28 11:45:00,0.60663426,0.5446054
2026-08-28 12:00:00,0.5574888,0.57033855
2026-08-28 12:00:00,0.5820621,0.5766908
2026-08-28 12:00:00,0.6066369,0.58247674
2026-08-28 12:00:00,0.5868442,0.5868888
2026-08-28 12:15:00,0.5820664,0.5999403
2026-08-28 12:15:00,0.6066401,0.6035897
2026-08-28 12:15:00,0.586847,0.6078336
2026-08-28 12:15:00,0.55809796,0.61037475
2026-08-28 12:30:00,0.60664403,0.6089301
2026-08-28 12:30:00,0.5868504,0.6121559
2026-08-28 12:30:00,0.55810094,0.6153618
2026-08-28 12:30:00,0.6079061,0.61634886
2026-08-28 12:45:00,0.5868546,0.60892975
2026-08-28 12:45:00,0.5581046,0.61249167
2026-08-28 12:45:00,0.6079087,0.61504054
2026-08-28 12:45:00,0.5651354,0.6150689
2026-08-28 13:00:00,0.55810905,0.6068642
2026-08-28 13:00:00,0.60791194,0.61042905
2026-08-28 13:00:00,0.56513834,0.6123302
2026-08-28 13:00:00,0.5213079,0.61149734
2026-08-28 13:15:00,0.6079159,0.604178
2026-08-28 13:15:00,0.5651419,0.6073525
2026-08-28 13:15:00,0.52131116,0.60850763
2026-08-28 13:15:00,0.47748032,0.606887
2026-08-28 13:30:00,0.5651464,0.6023218
2026-08-28 13:30:00,0.5213152,0.6047023
2026-08-28 13:30:00,0.477484,0.6048565
2026-08-28 13:30:00,0.4747827,0.6022684
2026-08-28 13:45:00,0.5213201,0.58802867
2026-08-28 13:45:00,0.4774884,0.5910795
2026-08-28 13:45:00,0.4747864,0.5910183
2026-08-28 13:45:00,0.4812827,0.58825594
2026-08-28 14:00:00,0.47749382,0.5703665
2026-08-28 14:00:00,0.4747908,0.57398057
2026-08-28 14:00:00,0.48128635,0.57386374
2026-08-28 14:00:00,0.45848438,0.57112604
2026-08-28 14:15:00,0.47479627,0.5522456
2026-08-28 14:15:00,0.4812907,0.5559892
2026-08-28 14:15:00,0.4584882,0.55575407
2026-08-28 14:15:00,0.4359608,0.55302083
2026-08-28 14:30:00,0.48129606,0.5292943
2026-08-28 14:30:00,0.45849282,0.53299725
2026-08-28 14:30:00,0.43596482,0.532444
2026-08-28 14:30:00,0.39089978,0.5296017
2026-08-28 14:45:00,0.45849842,0.5028848
2026-08-28 14:45:00,0.43596965,0.50539654
2026-08-28 14:45:00,0.39090416,0.5033336
2026-08-28 14:45:00,0.41352144,0.49918276
2026-08-28 15:00:00,0.4359755,0.47731763
2026-08-28 15:00:00,0.3909094,0.47779986
2026-08-28 15:00:00,0.41352564,0.47379148
2026-08-28 15:00:00,0.40438718,0.46778035
2026-08-28 15:15:00,0.39091578,0.4564823
2026-08-28 15:15:00,0.41353065,0.45465255
2026-08-28 15:15:00,0.4043914,0.44865856
2026-08-28 15:15:00,0.39525288,0.44066906
2026-08-28 15:30:00,0.4135368,0.43057716
2026-08-28 15:30:00,0.40439653,0.42603344
2026-08-28 15:30:00,0.3952572,0.417512
2026-08-28 15:30:00,0.3861186,0.4073162
2026-08-28 15:45:00,0.40440276,0.409713
2026-08-28 15:45:00,0.39526242,0.40281063
2026-08-28 15:45:00,0.386123,0.39233658
2026-08-28 15:45:00,0.3769843,0.380644
2026-08-28 16:00:00,0.39526874,0.39080524
2026-08-28 16:00:00,0.3861283,0.38240212
2026-08-28 16:00:00,0.37698877,0.37102205
2026-08-28 16:00:00,0.36242038,0.3588584
2026-08-28 16:15:00,0.3861347,0.37895465
2026-08-28 16:15:00,0.37699416,0.36960906
2026-08-28 16:15:00,0.36242497,0.3578118
2026-08-28 16:15:00,0.35284483,0.34568375
2026-08-28 16:30:00,0.3770007,0.3674733
2026-08-28 16:30:00,0.3624305,0.3571003
2026-08-28 16:30:00,0.3528495,0.34495175
2026-08-28 16:30:00,0.35202268,0.3329539
2026-08-28 16:45:00,0.3624372,0.3556736
2026-08-28 16:45:00,0.35285515,0.34457278
2026-08-28 16:45:00,0.35202736,0.33256277
2026-08-28 16:45:00,0.3332876,0.3210967
2026-08-28 17:00:00,0.3528619,0.3448062
2026-08-28 17:00:00,0.352033,0.33324996
2026-08-28 17:00:00,0.33329242,0.32183203
2026-08-28 17:00:00,0.31888226,0.31134933
2026-08-28 17:15:00,0.35203978,0.33235958
2026-08-28 17:15:00,0.33329824,0.32084852
2026-08-28 17:15:00,0.31888723,0.31108633
2026-08-28 17:15:00,0.30239967,0.30225882
2026-08-28 17:30:00,0.33330524,0.31917807
2026-08-28 17:30:00,0.31889316,0.30877703
2026-08-28 17:30:00,0.30240476,0.3017684
2026-08-28 17:30:00,0.2935028,0.2951353
2026-08-28 17:45:00,0.31890035,0.30891111
2026-08-28 17:45:00,0.30241084,0.30019167
2026-08-28 17:45:00,0.29350796,0.2960808
2026-08-28 17:45:00,0.28460598,0.2915744
2026-08-28 18:00:00,0.3024182,0.3019024
2026-08-28 18:00:00,0.29351416,0.2947713
2026-08-28 18:00:00,0.2846112,0.29297182
2026-08-28 18:00:00,0.28305116,0.29011777
2026-08-28 18:15:00,0.2935216,0.29618284
2026-08-28 18:15:00,0.28461748,0.29080373
2026-08-28 18:15:00,0.2830564,0.29107204
2026-08-28 18:15:00,0.28299245,0.2895884
2026-08-28 18:30:00,0.28462502,0.29284197
2026-08-28 18:30:00,0.2830627,0.28855926
2026-08-28 18:30:00,0.2829977,0.29005668
2026-08-28 18:30:00,0.28299245,0.2894252
2026-08-28 18:45:00,0.28307027,0.2904641
2026-08-28 18:45:00,0.283004,0.28694573
2026-08-28 18:45:00,0.2829977,0.2893622
2026-08-28 18:45:00,0.28299245,0.28940958
2026-08-28 19:00:00,0.28301156,0.28813964
2026-08-28 19:00:00,0.283004,0.28559712
2026-08-28 19:00:00,0.2829977,0.2890478
2026-08-28 19:00:00,0.28299245,0.28981635
2026-08-28 19:15:00,0.28301156,0.28602207
2026-08-28 19:15:00,0.283004,0.28494743
2026-08-28 19:15:00,0.2829977,0.28943127
2026-08-28 19:15:00,0.28299245,0.29101315
2026-08-28 19:30:00,0.28301156,0.2843772
2026-08-28 19:30:00,0.283004,0.2841999
2026-08-28 19:30:00,0.2829977,0.28927138
2026-08-28 19:30:00,0.28299245,0.29106927
2026-08-28 19:45:00,0.28301156,0.28342673
2026-08-28 19:45:00,0.283004,0.28345382
2026-08-28 19:45:00,0.2829977,0.28869805
2026-08-28 19:45:00,0.28299245,0.29053062
2026-08-28 20:00:00,0.28301156,0.2830582
2026-08-28 20:00:00,0.283004,0.2830574
2026-08-28 20:00:00,0.2829977,0.28835952
2026-08-28 20:00:00,0.28299245,0.2902856
2026-08-28 20:15:00,0.28301156,0.28278142
2026-08-28 20:15:00,0.283004,0.28273726
2026-08-28 20:15:00,0.2829977,0.28809676
2026-08-28 20:15:00,0.28299245,0.2901295
2026-08-28 20:30:00,0.28301156,0.28262672
2026-08-28 20:30:00,0.283004,0.28263253
2026-08-28 20:30:00,0.2829977,0.28804898
2026-08-28 20:30:00,0.28299245,0.29022577
2026-08-28 20:45:00,0.28301156,0.2824835
2026-08-28 20:45:00,0.283004,0.28256664
2026-08-28 20:45:00,0.2829977,0.28803432
2026-08-28 20:45:00,0.28299245,0.29032853
2026-08-28 21:00:00,0.28301156,0.28235713
2026-08-28 21:00:00,0.283004,0.2825161
2026-08-28 21:00:00,0.2829977,0.28802875
2026-08-28 21:00:00,0.28299245,0.29039478
2026-08-28 21:15:00,0.28301156,0.28225937
2026-08-28 21:15:00,0.283004,0.28248295
2026-08-28 21:15:00,0.2829977,0.28803626
2026-08-28 21:15:00,0.28299245,0.2904616
2026-08-28 21:30:00,0.28301156,0.2822331
2026-08-28 21:30:00,0.283004,0.28247342
2026-08-28 21:30:00,0.2829977,0.28804293
2026-08-28 21:30:00,0.28299245,0.29051027
2026-08-28 21:45:00,0.28301156,0.2822346
2026-08-28 21:45:00,0.283004,0.28247264
2026-08-28 21:45:00,0.2829977,0.28804982
2026-08-28 21:45:00,0.28299245,0.2905382
2026-08-28 22:00:00,0.28301156,0.28222552
2026-08-28 22:00:00,0.283004,0.28247723
2026-08-28 22:00:00,0.2829977,0.2880592
2026-08-28 22:00:00,0.28299245,0.29055607
2026-08-28 22:15:00,0.28301156,0.28220817
2026-08-28 22:15:00,0.283004,0.2824719
2026-08-28 22:15:00,0.2829977,0.28806734
2026-08-28 22:15:00,0.28299245,0.2905896
2026-08-28 22:30:00,0.28301156,0.28223473
2026-08-28 22:30:00,0.283004,0.28247377
2026-08-28 22:30:00,0.2829977,0.28807315
2026-08-28 22:30:00,0.28299245,0.29062608
2026-08-28 22:45:00,0.28301156,0.28226554
2026-08-28 22:45:00,0.283004,0.28247893
2026-08-28 22:45:00,0.2829977,0.28808096
2026-08-28 22:45:00,0.28299245,0.29065692
2026-08-28 23:00:00,0.28301156,0.28227428
2026-08-28 23:00:00,0.283004,0.28249234
2026-08-28 23:00:00,0.2829977,0.28809708
2026-08-28 23:00:00,0.28299245,0.2906908
2026-08-28 23:15:00,0.28301156,0.28227878
2026-08-28 23:15:00,0.283004,0.2825103
2026-08-28 23:15:00,0.2829977,0.28813025
2026-08-28 23:15:00,0.28299245,0.29076448
2026-08-28 23:30:00,0.28301156,0.28229854
2026-08-28 23:30:00,0.283004,0.2825242
2026-08-28 23:30:00,0.2829977,0.2881543
2026-08-28 23:30:00,0.28299245,0.29081842
2026-08-28 23:45:00,0.28301156,0.2823183
2026-08-28 23:45:00,0.283004,0.2825283
2026-08-28 23:45:00,0.2829977,0.28818193
2026-08-28 23:45:00,0.28299245,0.29089427
2026-08-29 00:00:00,0.28301156,0.28236645
2026-08-29 00:00:00,0.283004,0.28255582
2026-08-29 00:00:00,0.2829977,0.28822917
2026-08-29 00:00:00,0.28299245,0.29099643
2026-08-29 00:15:00,0.28301156,0.28240368
2026-08-29 00:15:00,0.283004,0.28259486
2026-08-29 00:15:00,0.2829977,0.28830904
2026-08-29 00:15:00,0.28299245,0.29116225
2026-08-29 00:30:00,0.28301156,0.28245765
2026-08-29 00:30:00,0.283004,0.28265244
2026-08-29 00:30:00,0.2829977,0.28839466
2026-08-29 00:30:00,0.28299245,0.29132843
2026-08-29 00:45:00,0.28301156,0.28251663
2026-08-29 00:45:00,0.283004,0.2827247
2026-08-29 00:45:00,0.2829977,0.28847963
2026-08-29 00:45:00,0.28299245,0.29147476
2026-08-29 01:00:00,0.28301156,0.2825467
2026-08-29 01:00:00,0.283004,0.2827842
2026-08-29 01:00:00,0.2829977,0.28854442
2026-08-29 01:00:00,0.28299245,0.2915679
2026-08-29 01:15:00,0.28301156,0.2825885
2026-08-29 01:15:00,0.283004,0.28287902
2026-08-29 01:15:00,0.2829977,0.2886947
2026-08-29 01:15:00,0.28299245,0.2918223
2026-08-29 01:30:00,0.28301156,0.28270313
2026-08-29 01:30:00,0.283004,0.28301474
2026-08-29 01:30:00,0.2829977,0.28888443
2026-08-29 01:30:00,0.28299245,0.29213288
2026-08-29 01:45:00,0.28301156,0.28281894
2026-08-29 01:45:00,0.283004,0.2831389
2026-08-29 01:45:00,0.2829977,0.2890424
2026-08-29 01:45:00,0.28299245,0.2923771
2026-08-29 02:00:00,0.28301156,0.28289145
2026-08-29 02:00:00,0.283004,0.28323656
2026-08-29 02:00:00,0.2829977,0.28914824
2026-08-29 02:00:00,0.28299245,0.29252303
2026-08-29 02:15:00,0.28301156,0.28298432
2026-08-29 02:15:00,0.283004,0.28342164
2026-08-29 02:15:00,0.2829977,0.2894152
2026-08-29 02:15:00,0.28299245,0.29293895
2026-08-29 02:30:00,0.28301156,0.283144
2026-08-29 02:30:00,0.283004,0.28366375
2026-08-29 02:30:00,0.2829977,0.2897474
2026-08-29 02:30:00,0.28299245,0.29344112
2026-08-29 02:45:00,0.28301156,0.28330073
2026-08-29 02:45:00,0.283004,0.28390282
2026-08-29 02:45:00,0.2829977,0.29007086
2026-08-29 02:45:00,0.28299245,0.29392302
2026-08-29 03:00:00,0.28301156,0.2834511
2026-08-29 03:00:00,0.283004,0.28411248
2026-08-29 03:00:00,0.2829977,0.29029948
2026-08-29 03:00:00,0.28299245,0.29422146
2026-08-29 03:15:00,0.28301156,0.28359205
2026-08-29 03:15:00,0.283004,0.2843504
2026-08-29 03:15:00,0.2829977,0.29058254
2026-08-29 03:15:00,0.28299245,0.29460508
2026-08-29 03:30:00,0.28301156,0.28378293
2026-08-29 03:30:00,0.283004,0.2846492
2026-08-29 03:30:00,0.2829977,0.29096225
2026-08-29 03:30:00,0.28299245,0.29513612
2026-08-29 03:45:00,0.28301156,0.28405756
2026-08-29 03:45:00,0.283004,0.2850225
2026-08-29 03:45:00,0.2829977,0.2914158
2026-08-29 03:45:00,0.28299245,0.2957496
2026-08-29 04:00:00,0.28301156,0.28427672
2026-08-29 04:00:00,0.283004,0.28531078
2026-08-29 04:00:00,0.2829977,0.29175904
2026-08-29 04:00:00,0.28299245,0.29619777
2026-08-29 04:15:00,0.28301156,0.28453958
2026-08-29 04:15:00,0.283004,0.28569615
2026-08-29 04:15:00,0.2829977,0.29223683
2026-08-29 04:15:00,0.28299245,0.29683933
2026-08-29 04:30:00,0.28301156,0.28480962
2026-08-29 04:30:00,0.283004,0.28608963
2026-08-29 04:30:00,0.2829977,0.2927091
2026-08-29 04:30:00,0.28299245,0.29745668
2026-08-29 04:45:00,0.28301156,0.28612253
2026-08-29 04:45:00,0.283004,0.28782046
2026-08-29 04:45:00,0.2829977,0.29328796
2026-08-29 04:45:00,0.28299245,0.29694363
2026-08-29 05:00:00,0.28301156,0.28564692
2026-08-29 05:00:00,0.283004,0.28748405
2026-08-29 05:00:00,0.2829977,0.29250133
2026-08-29 05:00:00,0.28299245,0.29549968
2026-08-29 05:15:00,0.28301156,0.2852298
2026-08-29 05:15:00,0.283004,0.28620297
2026-08-29 05:15:00,0.2829977,0.2909758
2026-08-29 05:15:00,0.28299245,0.29299405
2026-08-29 05:30:00,0.28301156,0.28535298
2026-08-29 05:30:00,0.283004,0.28508505
2026-08-29 05:30:00,0.2829977,0.28962818
2026-08-29 05:30:00,0.28811628,0.29114926
2026-08-29 05:45:00,0.28301156,0.2850933
2026-08-29 05:45:00,0.283004,0.28422874
2026-08-29 05:45:00,0.2881215,0.2890488
2026-08-29 05:45:00,0.30063793,0.29074883
2026-08-29 06:00:00,0.28301156,0.28498188
2026-08-29 06:00:00,0.28812772,0.2843381
2026-08-29 06:00:00,0.30064303,0.28948167
2026-08-29 06:00:00,0.31328937,0.29175904
2026-08-29 06:15:00,0.28813523,0.284769
2026-08-29 06:15:00,0.30064917,0.28458554
2026-08-29 06:15:00,0.31329438,0.2900685
2026-08-29 06:15:00,0.31690633,0.29282907
2026-08-29 06:30:00,0.30065653,0.28693143
2026-08-29 06:30:00,0.31330037,0.28846097
2026-08-29 06:30:00,0.3169113,0.29558367
2026-08-29 06:30:00,0.30586824,0.30078036
2026-08-29 06:45:00,0.3133076,0.29875237
2026-08-29 06:45:00,0.31691727,0.30692017
2026-08-29 06:45:00,0.3058733,0.32028344
2026-08-29 06:45:00,0.30364403,0.33234558
2026-08-29 07:00:00,0.31692445,0.31372902
2026-08-29 07:00:00,0.30587935,0.32665226
2026-08-29 07:00:00,0.3036491,0.34381977
2026-08-29 07:00:00,0.3164145,0.35941362
2026-08-29 07:15:00,0.3058867,0.32597035
2026-08-29 07:15:00,0.30365518,0.34146538
2026-08-29 07:15:00,0.31641948,0.3598114
2026-08-29 07:15:00,0.33065212,0.37588137
2026-08-29 07:30:00,0.30366254,0.33998173
2026-08-29 07:30:00,0.31642544,0.35695982
2026-08-29 07:30:00,0.33065698,0.37538382
2026-08-29 07:30:00,0.36034828,0.39130852
2026-08-29 07:45:00,0.31643265,0.349511
2026-08-29 07:45:00,0.33066282,0.3666626
2026-08-29 07:45:00,0.3603529,0.3847691
2026-08-29 07:45:00,0.39004445,0.40020058
2026-08-29 08:00:00,0.33066985,0.35749808
2026-08-29 08:00:00,0.36035845,0.3746114
2026-08-29 08:00:00,0.39004883,0.3923876
2026-08-29 08:00:00,0.3912343,0.40733212
2026-08-29 08:15:00,0.36036515,0.3652175
2026-08-29 08:15:00,0.3900541,0.3823916
2026-08-29 08:15:00,0.39123866,0.3998651
2026-08-29 08:15:00,0.43267745,0.4145487
2026-08-29 08:30:00,0.39006048,0.3721609
2026-08-29 08:30:00,0.39124393,0.38912535
2026-08-29 08:30:00,0.43268147,0.4060092
2026-08-29 08:30:00,0.47412056,0.4201568
2026-08-29 08:45:00,0.39125028,0.3846539
2026-08-29 08:45:00,0.43268633,0.40207696
2026-08-29 08:45:00,0.47412428,0.4188826
2026-08-29 08:45:00,0.5273551,0.43316025
2026-08-29 09:00:00,0.43269223,0.39770186
2026-08-29 09:00:00,0.47412872,0.41502818
2026-08-29 09:00:00,0.52735835,0.4311021
2026-08-29 09:00:00,0.6234906,0.44477654
2026-08-29 09:15:00,0.47413418,0.4111932
2026-08-29 09:15:00,0.5273623,0.42786318
2026-08-29 09:15:00,0.6234931,0.44231158
2026-08-29 09:15:00,0.71962607,0.45474446
2026-08-29 09:30:00,0.5273671,0.42914397
2026-08-29 09:30:00,0.62349606,0.44468433
2026-08-29 09:30:00,0.71962774,0.4567061
2026-08-29 09:30:00,0.7363436,0.46726996
2026-08-29 09:45:00,0.6234999,0.4520949
2026-08-29 09:45:00,0.7196299,0.46649766
2026-08-29 09:45:00,0.7363452,0.47622508
2026-08-29 09:45:00,0.7434124,0.4848921
2026-08-29 10:00:00,0.71963257,0.50816345
2026-08-29 10:00:00,0.73634714,0.52044183
2026-08-29 10:00:00,0.7434139,0.5275466
2026-08-29 10:00:00,0.75777197,0.5330007
2026-08-29 10:15:00,0.73634964,0.5828551
2026-08-29 10:15:00,0.7434158,0.5912163
2026-08-29 10:15:00,0.7577734,0.5947294
2026-08-29 10:15:00,0.77805585,0.59563076
2026-08-29 10:30:00,0.7434182,0.6376423
2026-08-29 10:30:00,0.7577751,0.6405269
2026-08-29 10:30:00,0.7780571,0.63997304
2026-08-29 10:30:00,0.7508981,0.63660276
2026-08-29 10:45:00,0.7577774,0.66925776
2026-08-29 10:45:00,0.77805865,0.66731596
2026-08-29 10:45:00,0.75089955,0.66372055
2026-08-29 10:45:00,0.7741895,0.6568525
2026-08-29 11:00:00,0.7780607,0.68953836
2026-08-29 11:00:00,0.75090134,0.6837746
2026-08-29 11:00:00,0.7741908,0.6785606
2026-08-29 11:00:00,0.7934725,0.6695194
2026-08-29 11:15:00,0.7509037,0.704321
2026-08-29 11:15:00,0.77419233,0.69565415
2026-08-29 11:15:00,0.7934737,0.6895721
2026-08-29 11:15:00,0.8026525,0.6791835
2026-08-29 11:30:00,0.7741945,0.70774543
2026-08-29 11:30:00,0.7934751,0.6981002
2026-08-29 11:30:00,0.80265355,0.69123244
2026-08-29 11:30:00,0.80388415,0.6796379
2026-08-29 11:45:00,0.79347694,0.7127881
2026-08-29 11:45:00,0.80265486,0.7019739
2026-08-29 11:45:00,0.8038851,0.69460475
2026-08-29 11:45:00,0.8079672,0.6824
2026-08-29 12:00:00,0.80265665,0.7177738
2026-08-29 12:00:00,0.8038864,0.7057005
2026-08-29 12:00:00,0.80796814,0.69775003
2026-08-29 12:00:00,0.7746886,0.6847115
2026-08-29 12:15:00,0.8038882,0.7217219
2026-08-29 12:15:00,0.80796945,0.70867217
2026-08-29 12:15:00,0.7746899,0.7004165
2026-08-29 12:15:00,0.79716265,0.68684083
2026-08-29 12:30:00,0.8079712,0.72085667
2026-08-29 12:30:00,0.77469146,0.70765495
2026-08-29 12:30:00,0.7971637,0.6989425
2026-08-29 12:30:00,0.7818345,0.68476033
2026-08-29 12:45:00,0.77469355,0.7160746
2026-08-29 12:45:00,0.7971651,0.70326674
2026-08-29 12:45:00,0.7818357,0.6938407
2026-08-29 12:45:00,0.75848967,0.6788155
2026-08-29 13:00:00,0.79716694,0.70763135
2026-08-29 13:00:00,0.7818372,0.6958834
2026-08-29 13:00:00,0.75849104,0.68578506
2026-08-29 13:00:00,0.60797393,0.66994953
2026-08-29 13:15:00,0.78183925,0.703867
2026-08-29 13:15:00,0.75849277,0.69210017
2026-08-29 13:15:00,0.60797656,0.68110394
2026-08-29 13:15:00,0.6766629,0.66435194
2026-08-29 13:30:00,0.7584951,0.697318
2026-08-29 13:30:00,0.6079798,0.6858478
2026-08-29 13:30:00,0.67666495,0.6737089
2026-08-29 13:30:00,0.7453519,0.65565014
2026-08-29 13:45:00,0.6079837,0.6928344
2026-08-29 13:45:00,0.67666745,0.680634
2026-08-29 13:45:00,0.74535334,0.6679101
2026-08-29 13:45:00,0.71904635,0.64911723
2026-08-29 14:00:00,0.6766707,0.66864645
2026-08-29 14:00:00,0.74535525,0.66033864
2026-08-29 14:00:00,0.719048,0.6481378
2026-08-29 14:00:00,0.6927408,0.62843585
2026-08-29 14:15:00,0.74535763,0.6538763
2026-08-29 14:15:00,0.71905017,0.6469518
2026-08-29 14:15:00,0.6927427,0.6349777
2026-08-29 14:15:00,0.6258888,0.615326
2026-08-29 14:30:00,0.71905285,0.6411313
2026-08-29 14:30:00,0.6927451,0.6355579
2026-08-29 14:30:00,0.6258913,0.623987
2026-08-29 14:30:00,0.62606025,0.60496783
2026-08-29 14:45:00,0.69274807,0.62582624
2026-08-29 14:45:00,0.6258943,0.62097204
2026-08-29 14:45:00,0.6260627,0.6089693
2026-08-29 14:45:00,0.59112585,0.5894333
2026-08-29 15:00:00,0.6258981,0.61698556
2026-08-29 15:00:00,0.62606573,0.6102747
2026-08-29 15:00:00,0.5911286,0.596894
2026-08-29 15:00:00,0.5694622,0.577106
2026-08-29 15:15:00,0.6260694,0.5960648
2026-08-29 15:15:00,0.5911319,0.58787215
2026-08-29 15:15:00,0.56946504,0.5727087
2026-08-29 15:15:00,0.5331153,0.5516922
2026-08-29 15:30:00,0.59113604,0.56721056
2026-08-29 15:30:00,0.5694686,0.5565296
2026-08-29 15:30:00,0.53311855,0.53896475
2026-08-29 15:30:00,0.4994592,0.5170015
2026-08-29 15:45:00,0.569473,0.5282705
2026-08-29 15:45:00,0.5331224,0.5150547
2026-08-29 15:45:00,0.4994627,0.4952622
2026-08-29 15:45:00,0.4725045,0.4728254
2026-08-29 16:00:00,0.5331272,0.49745852
2026-08-29 16:00:00,0.4994669,0.48140457
2026-08-29 16:00:00,0.47250822,0.4591722
2026-08-29 16:00:00,0.44450927,0.4359606
2026-08-29 16:15:00,0.49947205,0.47038853
2026-08-29 16:15:00,0.4725127,0.45280796
2026-08-29 16:15:00,0.4445132,0.4294482
2026-08-29 16:15:00,0.4156791,0.40613097
2026-08-29 16:30:00,0.47251815,0.4411956
2026-08-29 16:30:00,0.44451797,0.4229496
2026-08-29 16:30:00,0.41568327,0.399649
2026-08-29 16:30:00,0.38684896,0.37696165
2026-08-29 16:45:00,0.44452372,0.41436422
2026-08-29 16:45:00,0.4156883,0.39594826
2026-08-29 16:45:00,0.38685337,0.37403786
2026-08-29 16:45:00,0.3580188,0.3527409
2026-08-29 17:00:00,0.41569442,0.39094096
2026-08-29 17:00:00,0.38685864,0.3727495
2026-08-29 17:00:00,0.35802343,0.35295045
2026-08-29 17:00:00,0.32835844,0.33353496
2026-08-29 17:15:00,0.38686508,0.36973915
2026-08-29 17:15:00,0.358029,0.35200357
2026-08-29 17:15:00,0.32836333,0.33481497
2026-08-29 17:15:00,0.32263356,0.31790733
2026-08-29 17:30:00,0.35803574,0.34808803
2026-08-29 17:30:00,0.32836917,0.33165717
2026-08-29 17:30:00,0.3226385,0.31776467
2026-08-29 17:30:00,0.30218947,0.3038926
2026-08-29 17:45:00,0.32837623,0.32896507
2026-08-29 17:45:00,0.3226444,0.31484702
2026-08-29 17:45:00,0.30219457,0.30500084
2026-08-29 17:45:00,0.29259098,0.2947539
2026-08-29 18:00:00,0.32265154,0.31407964
2026-08-29 18:00:00,0.30220068,0.30292943
2026-08-29 18:00:00,0.29259613,0.29713503
2026-08-29 18:00:00,0.28299245,0.2904738
2026-08-29 18:15:00,0.302208,0.3035691
2026-08-29 18:15:00,0.29260233,0.295382
2026-08-29 18:15:00,0.2829977,0.29306528
2026-08-29 18:15:00,0.28299245,0.28932673
2026-08-29 18:30:00,0.29260978,0.29668474
2026-08-29 18:30:00,0.283004,0.29065806
2026-08-29 18:30:00,0.2829977,0.2908118
2026-08-29 18:30:00,0.28299245,0.28888604
2026-08-29 18:45:00,0.28301156,0.29262492
2026-08-29 18:45:00,0.283004,0.28799215
2026-08-29 18:45:00,0.2829977,0.28969276
2026-08-29 18:45:00,0.28299245,0.28895202
2026-08-29 19:00:00,0.28301156,0.28932303
2026-08-29 19:00:00,0.283004,0.28619155
2026-08-29 19:00:00,0.2829977,0.28926286
2026-08-29 19:00:00,0.28299245,0.28956723
2026-08-29 19:15:00,0.28301156,0.28663385
2026-08-29 19:15:00,0.283004,0.28524247
2026-08-29 19:15:00,0.2829977,0.2895564
2026-08-29 19:15:00,0.28299245,0.29086256
2026-08-29 19:30:00,0.28301156,0.28472224
2026-08-29 19:30:00,0.283004,0.28428867
2026-08-29 19:30:00,0.2829977,0.28925037
2026-08-29 19:30:00,0.28299245,0.29084748
2026-08-29 19:45:00,0.28301156,0.2836783
2026-08-29 19:45:00,0.283004,0.28353566
2026-08-29 19:45:00,0.2829977,0.28872868
2026-08-29 19:45:00,0.28299245,0.29048517
2026-08-29 20:00:00,0.28301156,0.28314826
2026-08-29 20:00:00,0.283004,0.2831216
2026-08-29 20:00:00,0.2829977,0.28843567
2026-08-29 20:00:00,0.28299245,0.2903295
2026-08-29 20:15:00,0.28301156,0.2828858
2026-08-29 20:15:00,0.283004,0.282835
2026-08-29 20:15:00,0.2829977,0.2881908
2026-08-29 20:15:00,0.28299245,0.29016128
2026-08-29 20:30:00,0.28301156,0.28275365
2026-08-29 20:30:00,0.283004,0.28272226
2026-08-29 20:30:00,0.2829977,0.2881118
2026-08-29 20:30:00,0.28299245,0.290193
2026-08-29 20:45:00,0.28301156,0.28258544
2026-08-29 20:45:00,0.283004,0.28262618
2026-08-29 20:45:00,0.2829977,0.28808653
2026-08-29 20:45:00,0.28299245,0.29029688
2026-08-29 21:00:00,0.28301156,0.282518
2026-08-29 21:00:00,0.283004,0.28264207
2026-08-29 21:00:00,0.2829977,0.28815815
2026-08-29 21:00:00,0.28299245,0.29049286
2026-08-29 21:15:00,0.28301156,0.2823572
2026-08-29 21:15:00,0.283004,0.28265688
2026-08-29 21:15:00,0.2829977,0.28824505
2026-08-29 21:15:00,0.28299245,0.29064548
2026-08-29 21:30:00,0.28301156,0.28230613
2026-08-29 21:30:00,0.283004,0.28264305
2026-08-29 21:30:00,0.2829977,0.28823516
2026-08-29 21:30:00,0.28299245,0.29061547
2026-08-29 21:45:00,0.28301156,0.2823701
2026-08-29 21:45:00,0.283004,0.2826347
2026-08-29 21:45:00,0.2829977,0.2881963
2026-08-29 21:45:00,0.28299245,0.29054677
2026-08-29 22:00:00,0.28301156,0.28236356
2026-08-29 22:00:00,0.283004,0.28258073
2026-08-29 22:00:00,0.2829977,0.2881575
2026-08-29 22:00:00,0.28299245,0.2905064
2026-08-29 22:15:00,0.28301156,0.28238037
2026-08-29 22:15:00,0.283004,0.28256646
2026-08-29 22:15:00,0.2829977,0.28814447
2026-08-29 22:15:00,0.28299245,0.29052383
2026-08-29 22:30:00,0.28301156,0.28240886
2026-08-29 22:30:00,0.283004,0.2825724
2026-08-29 22:30:00,0.2829977,0.28814948
2026-08-29 22:30:00,0.28299245,0.29056436
2026-08-29 22:45:00,0.28301156,0.28240636
2026-08-29 22:45:00,0.283004,0.28253987
2026-08-29 22:45:00,0.2829977,0.28813392
2026-08-29 22:45:00,0.28299245,0.290567
2026-08-29 23:00:00,0.28301156,0.28254858
2026-08-29 23:00:00,0.283004,0.28255287
2026-08-29 23:00:00,0.2829977,0.28812435
2026-08-29 23:00:00,0.28299245,0.29062957
2026-08-29 23:15:00,0.28301156,0.2824914
2026-08-29 23:15:00,0.283004,0.2825542
2026-08-29 23:15:00,0.2829977,0.2882023
2026-08-29 23:15:00,0.28299245,0.29093367
2026-08-29 23:30:00,0.28301156,0.2823984
2026-08-29 23:30:00,0.283004,0.2826111
2026-08-29 23:30:00,0.2829977,0.28834456
2026-08-29 23:30:00,0.28299245,0.29125458
2026-08-29 23:45:00,0.28301156,0.28246182
2026-08-29 23:45:00,0.283004,0.28271216
2026-08-29 23:45:00,0.2829977,0.28839725
2026-08-29 23:45:00,0.28299245,0.29130644
2026-08-30 00:00:00,0.28301156,0.28249353
2026-08-30 00:00:00,0.283004,0.28275183
2026-08-30 00:00:00,0.2829977,0.28842902
2026-08-30 00:00:00,0.28299245,0.29133144
2026-08-30 00:15:00,0.28301156,0.2825324
2026-08-30 00:15:00,0.283004,0.2827768
2026-08-30 00:15:00,0.2829977,0.2884765
2026-08-30 00:15:00,0.28299245,0.29142168
2026-08-30 00:30:00,0.28301156,0.28259844
2026-08-30 00:30:00,0.283004,0.28281063
2026-08-30 00:30:00,0.2829977,0.28853786
2026-08-30 00:30:00,0.28299245,0.29154417
2026-08-30 00:45:00,0.28301156,0.28266174
2026-08-30 00:45:00,0.283004,0.2828605
2026-08-30 00:45:00,0.2829977,0.28862408
2026-08-30 00:45:00,0.28299245,0.29171252
2026-08-30 01:00:00,0.28301156,0.28271177
2026-08-30 01:00:00,0.283004,0.28292596
2026-08-30 01:00:00,0.2829977,0.28872094
2026-08-30 01:00:00,0.28299245,0.29188
2026-08-30 01:15:00,0.28301156,0.28275767
2026-08-30 01:15:00,0.283004,0.28302157
2026-08-30 01:15:00,0.2829977,0.2888724
2026-08-30 01:15:00,0.28299245,0.29214397
2026-08-30 01:30:00,0.28301156,0.28283608
2026-08-30 01:30:00,0.283004,0.28314346
2026-08-30 01:30:00,0.2829977,0.2890384
2026-08-30 01:30:00,0.28299245,0.29241362
2026-08-30 01:45:00,0.28301156,0.28294268
2026-08-30 01:45:00,0.283004,0.28328028
2026-08-30 01:45:00,0.2829977,0.2891899
2026-08-30 01:45:00,0.28299245,0.29263353
2026-08-30 02:00:00,0.28301156,0.28301597
2026-08-30 02:00:00,0.283004,0.28338194
2026-08-30 02:00:00,0.2829977,0.28928635
2026-08-30 02:00:00,0.28299245,0.2927497
2026-08-30 02:15:00,0.28301156,0.28310642
2026-08-30 02:15:00,0.283004,0.28354535
2026-08-30 02:15:00,0.2829977,0.28951967
2026-08-30 02:15:00,0.28299245,0.29311037
2026-08-30 02:30:00,0.28301156,0.2832744
2026-08-30 02:30:00,0.283004,0.28377327
2026-08-30 02:30:00,0.2829977,0.28982383
2026-08-30 02:30:00,0.28299245,0.29356992
2026-08-30 02:45:00,0.28301156,0.28343576
2026-08-30 02:45:00,0.283004,0.28400293
2026-08-30 02:45:00,0.2829977,0.2901298
2026-08-30 02:45:00,0.28299245,0.29402646
2026-08-30 03:00:00,0.28301156,0.28358376
2026-08-30 03:00:00,0.283004,0.28421447
2026-08-30 03:00:00,0.2829977,0.29037642
2026-08-30 03:00:00,0.28299245,0.29436728
2026-08-30 03:15:00,0.28301156,0.28375083
2026-08-30 03:15:00,0.283004,0.28449395
2026-08-30 03:15:00,0.2829977,0.29073635
2026-08-30 03:15:00,0.28299245,0.2948821
2026-08-30 03:30:00,0.28301156,0.28397104
2026-08-30 03:30:00,0.283004,0.28480884
2026-08-30 03:30:00,0.2829977,0.2911045
2026-08-30 03:30:00,0.28299245,0.29537472
2026-08-30 03:45:00,0.28301156,0.2841659
2026-08-30 03:45:00,0.283004,0.28502053
2026-08-30 03:45:00,0.2829977,0.29129303
2026-08-30 03:45:00,0.28299245,0.2955821
2026-08-30 04:00:00,0.28301156,0.2842824
2026-08-30 04:00:00,0.283004,0.28510046
2026-08-30 04:00:00,0.2829977,0.29128885
2026-08-30 04:00:00,0.28299245,0.29549062
2026-08-30 04:15:00,0.28301156,0.28453454
2026-08-30 04:15:00,0.283004,0.2854537
2026-08-30 04:15:00,0.2829977,0.2917208
2026-08-30 04:15:00,0.28299245,0.2960645
2026-08-30 04:30:00,0.28301156,0.2848951
2026-08-30 04:30:00,0.283004,0.28596207
2026-08-30 04:30:00,0.2829977,0.29238123
2026-08-30 04:30:00,0.28299245,0.2969676
2026-08-30 04:45:00,0.28301156,0.28518298
2026-08-30 04:45:00,0.283004,0.28636926
2026-08-30 04:45:00,0.2829977,0.29291266
2026-08-30 04:45:00,0.28299245,0.29768747
2026-08-30 05:00:00,0.28301156,0.28536853
2026-08-30 05:00:00,0.283004,0.28662407
2026-08-30 05:00:00,0.2829977,0.29318497
2026-08-30 05:00:00,0.28299245,0.29801285
2026-08-30 05:15:00,0.28301156,0.28563783
2026-08-30 05:15:00,0.283004,0.28702423
2026-08-30 05:15:00,0.2829977,0.2936459
2026-08-30 05:15:00,0.28299245,0.2985893
2026-08-30 05:30:00,0.28301156,0.2861848
2026-08-30 05:30:00,0.283004,0.28792194
2026-08-30 05:30:00,0.2829977,0.2948375
2026-08-30 05:30:00,0.28747022,0.30021092
2026-08-30 05:45:00,0.28301156,0.28697494
2026-08-30 05:45:00,0.283004,0.28923213
2026-08-30 05:45:00,0.28747544,0.29659116
2026-08-30 05:45:00,0.29055598,0.30257916
2026-08-30 06:00:00,0.28301156,0.2880869
2026-08-30 06:00:00,0.28748167,0.28976342
2026-08-30 06:00:00,0.29056117,0.2951106
2026-08-30 06:00:00,0.3031631,0.29895082
2026-08-30 06:15:00,0.2874892,0.28764617
2026-08-30 06:15:00,0.29056737,0.2887656
2026-08-30 06:15:00,0.3031682,0.2932415
2026-08-30 06:15:00,0.31290236,0.2960171
2026-08-30 06:30:00,0.29057485,0.29040867
2026-08-30 06:30:00,0.3031743,0.29138434
2026-08-30 06:30:00,0.31290737,0.2969921
2026-08-30 06:30:00,0.31865638,0.3011912
2026-08-30 06:45:00,0.30318165,0.30450407
2026-08-30 06:45:00,0.31291336,0.31219292
2026-08-30 06:45:00,0.31866136,0.32632595
2026-08-30 06:45:00,0.3109999,0.339132
2026-08-30 07:00:00,0.3129206,0.32175034
2026-08-30 07:00:00,0.3186673,0.33497748
2026-08-30 07:00:00,0.31100494,0.35427934
2026-08-30 07:00:00,0.33876127,0.37141377
2026-08-30 07:15:00,0.31867447,0.33956417
2026-08-30 07:15:00,0.31101096,0.35652277
2026-08-30 07:15:00,0.33876604,0.3785063
2026-08-30 07:15:00,0.36423296,0.39731795
2026-08-30 07:30:00,0.3110182,0.35512283
2026-08-30 07:30:00,0.33877182,0.37446406
2026-08-30 07:30:00,0.36423755,0.39794323
2026-08-30 07:30:00,0.4335368,0.41797966
2026-08-30 07:45:00,0.33877876,0.3604083
2026-08-30 07:45:00,0.36424306,0.3803935
2026-08-30 07:45:00,0.43354082,0.40397188
2026-08-30 07:45:00,0.45650992,0.42385897
2026-08-30 08:00:00,0.3642497,0.36685288
2026-08-30 08:00:00,0.43354565,0.38807496
2026-08-30 08:00:00,0.45651376,0.41260195
2026-08-30 08:00:00,0.42076194,0.43337083
2026-08-30 08:15:00,0.43355155,0.38007367
2026-08-30 08:15:00,0.45651838,0.40120175
2026-08-30 08:15:00,0.42076606,0.4220162
2026-08-30 08:15:00,0.40647858,0.43985617
2026-08-30 08:30:00,0.456524,0.3958826
2026-08-30 08:30:00,0.42077103,0.4174474
2026-08-30 08:30:00,0.40648282,0.43738496
2026-08-30 08:30:00,0.41007903,0.45504603
2026-08-30 08:45:00,0.42077708,0.4151009
2026-08-30 08:45:00,0.4064879,0.43690088
2026-08-30 08:45:00,0.41008323,0.45633024
2026-08-30 08:45:00,0.41367948,0.47375005
2026-08-30 09:00:00,0.4064941,0.44467813
2026-08-30 09:00:00,0.4100883,0.46508873
2026-08-30 09:00:00,0.41368368,0.48186845
2026-08-30 09:00:00,0.4372812,0.49773082
2026-08-30 09:15:00,0.41009447,0.4548397
2026-08-30 09:15:00,0.41368872,0.47293416
2026-08-30 09:15:00,0.43728518,0.48656303
2026-08-30 09:15:00,0.43072885,0.49929303
2026-08-30 09:30:00,0.41369483,0.4503427
2026-08-30 09:30:00,0.43728998,0.466208
2026-08-30 09:30:00,0.4307329,0.4772272
2026-08-30 09:30:00,0.39936203,0.48705775
2026-08-30 09:45:00,0.43729585,0.44081008
2026-08-30 09:45:00,0.4307378,0.45488143
2026-08-30 09:45:00,0.39936632,0.46393296
2026-08-30 09:45:00,0.42845833,0.47136283
2026-08-30 10:00:00,0.4307437,0.43572316
2026-08-30 10:00:00,0.3993715,0.44844562
2026-08-30 10:00:00,0.42846242,0.45609635
2026-08-30 10:00:00,0.4376826,0.46160102
2026-08-30 10:15:00,0.39937776,0.43348628
2026-08-30 10:15:00,0.4284673,0.44535434
2026-08-30 10:15:00,0.4376866,0.45214874
2026-08-30 10:15:00,0.43606472,0.45635748
2026-08-30 10:30:00,0.42847326,0.42858654
2026-08-30 10:30:00,0.4376914,0.44000265
2026-08-30 10:30:00,0.4360687,0.44649285
2026-08-30 10:30:00,0.44200778,0.44988203
2026-08-30 10:45:00,0.43769723,0.42619497
2026-08-30 10:45:00,0.43607354,0.4376881
2026-08-30 10:45:00,0.44201177,0.44432366
2026-08-30 10:45:00,0.44795087,0.44750264
2026-08-30 11:00:00,0.4360794,0.4283602
2026-08-30 11:00:00,0.4420165,0.43983692
2026-08-30 11:00:00,0.44795477,0.44651306
2026-08-30 11:00:00,0.46266776,0.4494812
2026-08-30 11:15:00,0.44202232,0.43378532
2026-08-30 11:15:00,0.44795948,0.44507882
2026-08-30 11:15:00,0.46267155,0.45161593
2026-08-30 11:15:00,0.47738463,0.45434546
2026-08-30 11:30:00,0.4479652,0.43951833
2026-08-30 11:30:00,0.4626761,0.45054847
2026-08-30 11:30:00,0.4773883,0.45672238
2026-08-30 11:30:00,0.4818372,0.45906097
2026-08-30 11:45:00,0.46268168,0.44383037
2026-08-30 11:45:00,0.47739273,0.4546409
2026-08-30 11:45:00,0.48184085,0.46049485
2026-08-30 11:45:00,0.5609983,0.46250212
2026-08-30 12:00:00,0.47739813,0.45263386
2026-08-30 12:00:00,0.48184526,0.46334025
2026-08-30 12:00:00,0.5610013,0.46892726
2026-08-30 12:00:00,0.5451592,0.47066373
2026-08-30 12:15:00,0.48185062,0.4633124
2026-08-30 12:15:00,0.5610049,0.4737372
2026-08-30 12:15:00,0.5451624,0.47878242
2026-08-30 12:15:00,0.52932024,0.48003444
2026-08-30 12:30:00,0.5610094,0.47190344
2026-08-30 12:30:00,0.54516613,0.4819421
2026-08-30 12:30:00,0.5293235,0.48620605
2026-08-30 12:30:00,0.53565454,0.48666686
2026-08-30 12:45:00,0.5451708,0.48818368
2026-08-30 12:45:00,0.52932745,0.49719334
2026-08-30 12:45:00,0.53565776,0.4999246
2026-08-30 12:45:00,0.48015392,0.49890575
2026-08-30 13:00:00,0.5293323,0.50668436
2026-08-30 13:00:00,0.5356616,0.51446295
2026-08-30 13:00:00,0.48015755,0.51551104
2026-08-30 13:00:00,0.46639252,0.5127244
2026-08-30 13:15:00,0.53566635,0.52010494
2026-08-30 13:15:00,0.48016196,0.5268352
2026-08-30 13:15:00,0.46639627,0.52639157
2026-08-30 13:15:00,0.48378915,0.5218693
2026-08-30 13:30:00,0.48016733,0.52559406
2026-08-30 13:30:00,0.4664008,0.5316437
2026-08-30 13:30:00,0.48379275,0.52998513
2026-08-30 13:30:00,0.5142394,0.5239686
2026-08-30 13:45:00,0.46640635,0.5154943
2026-08-30 13:45:00,0.48379713,0.5218268
2026-08-30 13:45:00,0.5142427,0.519979
2026-08-30 13:45:00,0.54468954,0.51376486
2026-08-30 14:00:00,0.48380244,0.49413466
2026-08-30 14:00:00,0.5142468,0.50037956
2026-08-30 14:00:00,0.5446927,0.49918377
2026-08-30 14:00:00,0.53057754,0.49391043
2026-08-30 14:15:00,0.5142518,0.48059756
2026-08-30 14:15:00,0.54469645,0.48596603
2026-08-30 14:15:00,0.53058076,0.48471713
2026-08-30 14:15:00,0.44719487,0.47958535
2026-08-30 14:30:00,0.5447011,0.47398603
2026-08-30 14:30:00,0.5305847,0.478208
2026-08-30 14:30:00,0.4471988,0.47648227
2026-08-30 14:30:00,0.42037982,0.47123772
2026-08-30 14:45:00,0.5305895,0.47229797
2026-08-30 14:45:00,0.44720352,0.4746817
2026-08-30 14:45:00,0.420384,0.47161943
2026-08-30 14:45:00,0.43640652,0.46550593
2026-08-30 15:00:00,0.44720924,0.476895
2026-08-30 15:00:00,0.42038894,0.4768089
2026-08-30 15:00:00,0.43641052,0.47159338
2026-08-30 15:00:00,0.45380592,0.46383584
2026-08-30 15:15:00,0.42039496,0.4682457
2026-08-30 15:15:00,0.43641534,0.4665906
2026-08-30 15:15:00,0.45380977,0.45997083
2026-08-30 15:15:00,0.44303358,0.45118338
2026-08-30 15:30:00,0.43642122,0.44762862
2026-08-30 15:30:00,0.45381442,0.44410288
2026-08-30 15:30:00,0.44303754,0.4355581
2026-08-30 15:30:00,0.4394602,0.42507294
2026-08-30 15:45:00,0.45382008,0.42638052
2026-08-30 15:45:00,0.44304228,0.42076087
2026-08-30 15:45:00,0.43946415,0.4103225
2026-08-30 15:45:00,0.42143643,0.39822215
2026-08-30 16:00:00,0.44304806,0.41252387
2026-08-30 16:00:00,0.43946895,0.40520096
2026-08-30 16:00:00,0.42144054,0.39378363
2026-08-30 16:00:00,0.4235139,0.38086778
2026-08-30 16:15:00,0.43947476,0.40167576
2026-08-30 16:15:00,0.42144552,0.3927809
2026-08-30 16:15:00,0.423518,0.3806397
2026-08-30 16:15:00,0.3690724,0.36726317
2026-08-30 16:30:00,0.42145157,0.39252055
2026-08-30 16:30:00,0.42352295,0.38176778
2026-08-30 16:30:00,0.36907697,0.36847484
2026-08-30 16:30:00,0.3879597,0.35442093
2026-08-30 16:45:00,0.42352897,0.38283995
2026-08-30 16:45:00,0.36908242,0.370338
2026-08-30 16:45:00,0.38796407,0.35575497
2026-08-30 16:45:00,0.35237706,0.3410303
2026-08-30 17:00:00,0.369089,0.37028536
2026-08-30 17:00:00,0.38796937,0.35671005
2026-08-30 17:00:00,0.35238174,0.34217098
2026-08-30 17:00:00,0.33179712,0.32781312
2026-08-30 17:15:00,0.38797575,0.35434198
2026-08-30 17:15:00,0.35238737,0.34039485
2026-08-30 17:15:00,0.33180198,0.3271923
2026-08-30 17:15:00,0.3055554,0.31426623
2026-08-30 17:30:00,0.35239416,0.33800286
2026-08-30 17:30:00,0.3318078,0.3244163
2026-08-30 17:30:00,0.30556047,0.31344905
2026-08-30 17:30:00,0.29606938,0.30257607
2026-08-30 17:45:00,0.33181483,0.32302225
2026-08-30 17:45:00,0.30556655,0.3110227
2026-08-30 17:45:00,0.2960745,0.30300876
2026-08-30 17:45:00,0.2917104,0.2947093
2026-08-30 18:00:00,0.30557385,0.31089425
2026-08-30 18:00:00,0.29608068,0.30139616
2026-08-30 18:00:00,0.29171556,0.2967487
2026-08-30 18:00:00,0.28735143,0.29124767
2026-08-30 18:15:00,0.2960881,0.30152074
2026-08-30 18:15:00,0.2917218,0.2947783
2026-08-30 18:15:00,0.28735664,0.29330286
2026-08-30 18:15:00,0.28299245,0.29035226
2026-08-30 18:30:00,0.29172924,0.29533798
2026-08-30 18:30:00,0.28736287,0.29047528
2026-08-30 18:30:00,0.2829977,0.29120845
2026-08-30 18:30:00,0.28299245,0.2898438
2026-08-30 18:45:00,0.2873704,0.29126608
2026-08-30 18:45:00,0.283004,0.2877574
2026-08-30 18:45:00,0.2829977,0.2900066
2026-08-30 18:45:00,0.28299245,0.28972661
2026-08-30 19:00:00,0.28301156,0.28871104
2026-08-30 19:00:00,0.283004,0.2870381
2026-08-30 19:00:00,0.2829977,0.29078922
2026-08-30 19:00:00,0.28299245,0.29216006
2026-08-30 19:15:00,0.28301156,0.2856651
2026-08-30 19:15:00,0.283004,0.28622144
2026-08-30 19:15:00,0.2829977,0.2913608
2026-08-30 19:15:00,0.28299245,0.29389128
2026-08-30 19:30:00,0.28301156,0.2837095
2026-08-30 19:30:00,0.283004,0.28543785
2026-08-30 19:30:00,0.2829977,0.2912413
2026-08-30 19:30:00,0.28299245,0.29388157
2026-08-30 19:45:00,0.28301156,0.28325456
2026-08-30 19:45:00,0.283004,0.2846371
2026-08-30 19:45:00,0.2829977,0.29018062
2026-08-30 19:45:00,0.28299245,0.29169393
2026-08-30 20:00:00,0.28301156,0.28435144
2026-08-30 20:00:00,0.283004,0.28448433
2026-08-30 20:00:00,0.2829977,0.2891245
2026-08-30 20:00:00,0.28299245,0.28972974
2026-08-30 20:15:00,0.28301156,0.28413996
2026-08-30 20:15:00,0.283004,0.2838452
2026-08-30 20:15:00,0.2829977,0.2883605
2026-08-30 20:15:00,0.28299245,0.2894705
2026-08-30 20:30:00,0.28301156,0.2834547
2026-08-30 20:30:00,0.283004,0.28316727
2026-08-30 20:30:00,0.2829977,0.28816548
2026-08-30 20:30:00,0.28299245,0.29001495
2026-08-30 20:45:00,0.28301156,0.283594
2026-08-30 20:45:00,0.283004,0.28432614
2026-08-30 20:45:00,0.2829977,0.28957647
2026-08-30 20:45:00,0.28299245,0.2921625
2026-08-30 21:00:00,0.28301156,0.28292888
2026-08-30 21:00:00,0.283004,0.28460124
2026-08-30 21:00:00,0.2829977,0.29015216
2026-08-30 21:00:00,0.28299245,0.29284373
2026-08-30 21:15:00,0.28301156,0.28274584
2026-08-30 21:15:00,0.283004,0.28430513
2026-08-30 21:15:00,0.2829977,0.28984126
2026-08-30 21:15:00,0.28299245,0.29221702
2026-08-30 21:30:00,0.28301156,0.2827677
2026-08-30 21:30:00,0.283004,0.2838575
2026-08-30 21:30:00,0.2829977,0.28936177
2026-08-30 21:30:00,0.28299245,0.2914857
2026-08-30 21:45:00,0.28301156,0.28256676
2026-08-30 21:45:00,0.283004,0.28302532
2026-08-30 21:45:00,0.2829977,0.28839594
2026-08-30 21:45:00,0.28299245,0.28986245
2026-08-30 22:00:00,0.28301156,0.28307196
2026-08-30 22:00:00,0.283004,0.2828178
2026-08-30 22:00:00,0.2829977,0.28789213
2026-08-30 22:00:00,0.28299245,0.28929338
2026-08-30 22:15:00,0.28301156,0.28284827
2026-08-30 22:15:00,0.283004,0.28259182
2026-08-30 22:15:00,0.2829977,0.2878291
2026-08-30 22:15:00,0.28299245,0.28977436
2026-08-30 22:30:00,0.28301156,0.28241974
2026-08-30 22:30:00,0.283004,0.28259286
2026-08-30 22:30:00,0.2829977,0.2881059
2026-08-30 22:30:00,0.28299245,0.29061043
2026-08-30 22:45:00,0.28301156,0.2823683
2026-08-30 22:45:00,0.283004,0.28272668
2026-08-30 22:45:00,0.2829977,0.28819647
2026-08-30 22:45:00,0.28299245,0.29076514
2026-08-30 23:00:00,0.28301156,0.28230533
2026-08-30 23:00:00,0.283004,0.2826949
2026-08-30 23:00:00,0.2829977,0.28820106
2026-08-30 23:00:00,0.28299245,0.29077888
2026-08-30 23:15:00,0.28301156,0.2822968
2026-08-30 23:15:00,0.283004,0.28262502
2026-08-30 23:15:00,0.2829977,0.2881665
2026-08-30 23:15:00,0.28299245,0.29076877
2026-08-30 23:30:00,0.28301156,0.2823207
2026-08-30 23:30:00,0.283004,0.28257737
2026-08-30 23:30:00,0.2829977,0.2881378
2026-08-30 23:30:00,0.28299245,0.29075715
2026-08-30 23:45:00,0.28301156,0.28232643
2026-08-30 23:45:00,0.283004,0.28255406
2026-08-30 23:45:00,0.2829977,0.28814152
2026-08-30 23:45:00,0.28299245,0.29079977
2026-08-31 00:00:00,0.28301156,0.28232476
2026-08-31 00:00:00,0.283004,0.28255707
2026-08-31 00:00:00,0.2829977,0.28816894
2026-08-31 00:00:00,0.28299245,0.29087302
2026-08-31 00:15:00,0.28301156,0.28232637
2026-08-31 00:15:00,0.283004,0.2825741
2026-08-31 00:15:00,0.2829977,0.28821868
2026-08-31 00:15:00,0.28299245,0.29099742
2026-08-31 00:30:00,0.28301156,0.28236786
2026-08-31 00:30:00,0.283004,0.2826173
2026-08-31 00:30:00,0.2829977,0.28827354
2026-08-31 00:30:00,0.28299245,0.29110387
2026-08-31 00:45:00,0.28301156,0.2823858
2026-08-31 00:45:00,0.283004,0.2826601
2026-08-31 00:45:00,0.2829977,0.28831783
2026-08-31 00:45:00,0.28299245,0.29116583
2026-08-31 01:00:00,0.28301156,0.2823693
2026-08-31 01:00:00,0.283004,0.2826826
2026-08-31 01:00:00,0.2829977,0.2883544
2026-08-31 01:00:00,0.28299245,0.29122207
2026-08-31 01:15:00,0.28301156,0.28240302
2026-08-31 01:15:00,0.283004,0.28272167
2026-08-31 01:15:00,0.2829977,0.28844735
2026-08-31 01:15:00,0.28299245,0.29142296
2026-08-31 01:30:00,0.28301156,0.28249547
2026-08-31 01:30:00,0.283004,0.28279027
2026-08-31 01:30:00,0.2829977,0.28858653
2026-08-31 01:30:00,0.28299245,0.29169825
2026-08-31 01:45:00,0.28301156,0.2825854
2026-08-31 01:45:00,0.283004,0.2828856
2026-08-31 01:45:00,0.2829977,0.28874943
2026-08-31 01:45:00,0.28299245,0.29200107
2026-08-31 02:00:00,0.28301156,0.2826825
2026-08-31 02:00:00,0.283004,0.28300616
2026-08-31 02:00:00,0.2829977,0.28887647
2026-08-31 02:00:00,0.28299245,0.2921847
2026-08-31 02:15:00,0.28301156,0.2827199
2026-08-31 02:15:00,0.283004,0.2831184
2026-08-31 02:15:00,0.2829977,0.28900728
2026-08-31 02:15:00,0.28299245,0.2923729
2026-08-31 02:30:00,0.28301156,0.2828114
2026-08-31 02:30:00,0.283004,0.28328055
2026-08-31 02:30:00,0.2829977,0.28922623
2026-08-31 02:30:00,0.28299245,0.2927124
2026-08-31 02:45:00,0.28301156,0.28362167
2026-08-31 02:45:00,0.283004,0.28430364
2026-08-31 02:45:00,0.2829977,0.28994703
2026-08-31 02:45:00,0.28299245,0.29329023
2026-08-31 03:00:00,0.28301156,0.2834406
2026-08-31 03:00:00,0.283004,0.28430173
2026-08-31 03:00:00,0.2829977,0.28975323
2026-08-31 03:00:00,0.28299245,0.29263896
2026-08-31 03:15:00,0.28301156,0.28365692
2026-08-31 03:15:00,0.283004,0.2840825
2026-08-31 03:15:00,0.2829977,0.2893255
2026-08-31 03:15:00,0.28299245,0.29163593
2026-08-31 03:30:00,0.28301156,0.284045
2026-08-31 03:30:00,0.283004,0.28376314
2026-08-31 03:30:00,0.2829977,0.2888062
2026-08-31 03:30:00,0.28299245,0.2907436
2026-08-31 03:45:00,0.28301156,0.2839668
2026-08-31 03:45:00,0.283004,0.2834143
2026-08-31 03:45:00,0.2829977,0.2886024
2026-08-31 03:45:00,0.28299245,0.29056755
2026-08-31 04:00:00,0.28301156,0.28402925
2026-08-31 04:00:00,0.283004,0.2834507
2026-08-31 04:00:00,0.2829977,0.28869388
2026-08-31 04:00:00,0.28299245,0.2908184
2026-08-31 04:15:00,0.28301156,0.28402036
2026-08-31 04:15:00,0.283004,0.28350833
2026-08-31 04:15:00,0.2829977,0.28883228
2026-08-31 04:15:00,0.28299245,0.29111138
2026-08-31 04:30:00,0.28301156,0.28400615
2026-08-31 04:30:00,0.283004,0.28362584
2026-08-31 04:30:00,0.2829977,0.2890305
2026-08-31 04:30:00,0.28299245,0.29145646
2026-08-31 04:45:00,0.28301156,0.28468361
2026-08-31 04:45:00,0.283004,0.2847542
2026-08-31 04:45:00,0.2829977,0.29062706
2026-08-31 04:45:00,0.28299245,0.29352188
2026-08-31 05:00:00,0.28301156,0.28591534
2026-08-31 05:00:00,0.283004,0.28641024
2026-08-31 05:00:00,0.2829977,0.29263094
2026-08-31 05:00:00,0.28299245,0.29630694
2026-08-31 05:15:00,0.28301156,0.28576508
2026-08-31 05:15:00,0.283004,0.28704256
2026-08-31 05:15:00,0.2829977,0.2937949
2026-08-31 05:15:00,0.28299245,0.29846433
2026-08-31 05:30:00,0.28301156,0.28503606
2026-08-31 05:30:00,0.283004,0.2872228
2026-08-31 05:30:00,0.2829977,0.29458004
2026-08-31 05:30:00,0.30227387,0.3001616
2026-08-31 05:45:00,0.28301156,0.28573474
2026-08-31 05:45:00,0.283004,0.2882988
2026-08-31 05:45:00,0.30227897,0.2955829
2026-08-31 05:45:00,0.31582934,0.30132845
2026-08-31 06:00:00,0.28301156,0.28699094
2026-08-31 06:00:00,0.30228508,0.2899869
2026-08-31 06:00:00,0.3158343,0.29767707
2026-08-31 06:00:00,0.3400964,0.3039818
2026-08-31 06:15:00,0.3022924,0.28806606
2026-08-31 06:15:00,0.31584027,0.29134393
2026-08-31 06:15:00,0.34010118,0.29934916
2026-08-31 06:15:00,0.371509,0.3060371
2026-08-31 06:30:00,0.3158475,0.29992044
2026-08-31 06:30:00,0.34010693,0.3115327
2026-08-31 06:30:00,0.37151352,0.32844323
2026-08-31 06:30:00,0.40643227,0.344452
2026-08-31 06:45:00,0.34011385,0.32929325
2026-08-31 06:45:00,0.37151897,0.35023755
2026-08-31 06:45:00,0.4064365,0.37678567
2026-08-31 06:45:00,0.4423281,0.4011839
2026-08-31 07:00:00,0.37152553,0.35738134
2026-08-31 07:00:00,0.40644163,0.382528
2026-08-31 07:00:00,0.44233203,0.41254747
2026-08-31 07:00:00,0.47917515,0.4395221
2026-08-31 07:15:00,0.40644783,0.38234204
2026-08-31 07:15:00,0.4423368,0.40894592
2026-08-31 07:15:00,0.4791788,0.4388308
2026-08-31 07:15:00,0.5149288,0.46557495
2026-08-31 07:30:00,0.44234258,0.4036316
2026-08-31 07:30:00,0.4791832,0.43093926
2026-08-31 07:30:00,0.51493216,0.4602673
2026-08-31 07:30:00,0.5489371,0.48676386
2026-08-31 07:45:00,0.4791886,0.41711888
2026-08-31 07:45:00,0.5149362,0.4447366
2026-08-31 07:45:00,0.5489402,0.4731864
2026-08-31 07:45:00,0.58176434,0.49872085
2026-08-31 08:00:00,0.5149412,0.4443825
2026-08-31 08:00:00,0.54894394,0.47255135
2026-08-31 08:00:00,0.58176714,0.5008982
2026-08-31 08:00:00,0.6125535,0.526741
2026-08-31 08:15:00,0.5489485,0.47454792
2026-08-31 08:15:00,0.58177054,0.50226957
2026-08-31 08:15:00,0.612556,0.5292421
2026-08-31 08:15:00,0.64267427,0.55408263
2026-08-31 08:30:00,0.58177483,0.5077206
2026-08-31 08:30:00,0.61255914,0.5340979
2026-08-31 08:30:00,0.6426766,0.55893576
2026-08-31 08:30:00,0.67004824,0.58169615
2026-08-31 08:45:00,0.612563,0.5398021
2026-08-31 08:45:00,0.64267945,0.564639
2026-08-31 08:45:00,0.6700504,0.587173
2026-08-31 08:45:00,0.6925657,0.6072309
2026-08-31 09:00:00,0.642683,0.57269466
2026-08-31 09:00:00,0.67005295,0.5959687
2026-08-31 09:00:00,0.6925676,0.61615884
2026-08-31 09:00:00,0.71934366,0.6331031
2026-08-31 09:15:00,0.6700562,0.60535157
2026-08-31 09:15:00,0.69257,0.6266762
2026-08-31 09:15:00,0.71934533,0.64413244
2026-08-31 09:15:00,0.74355936,0.65812254
2026-08-31 09:30:00,0.69257295,0.63363284
2026-08-31 09:30:00,0.7193475,0.65230024
2026-08-31 09:30:00,0.74356085,0.6666908
2026-08-31 09:30:00,0.7602601,0.67804277
2026-08-31 09:45:00,0.71935016,0.65706754
2026-08-31 09:45:00,0.7435627,0.6722132
2026-08-31 09:45:00,0.76026154,0.6837498
2026-08-31 09:45:00,0.77442974,0.69289285
2026-08-31 10:00:00,0.7435652,0.6808642
2026-08-31 10:00:00,0.7602632,0.6910932
2026-08-31 10:00:00,0.774431,0.6997911
2026-08-31 10:00:00,0.7838837,0.70670915
2026-08-31 10:15:00,0.76026547,0.70271254
2026-08-31 10:15:00,0.7744326,0.7076074
2026-08-31 10:15:00,0.7838849,0.71365535
2026-08-31 10:15:00,0.7894193,0.7180605
2026-08-31 10:30:00,0.7744347,0.71816045
2026-08-31 10:30:00,0.7838864,0.71848273
2026-08-31 10:30:00,0.7894205,0.72212875
2026-08-31 10:30:00,0.7952032,0.7237364
2026-08-31 10:45:00,0.7838884,0.73577225
2026-08-31 10:45:00,0.7894219,0.7319986
2026-08-31 10:45:00,0.7952044,0.7340658
2026-08-31 10:45:00,0.80098724,0.73417485
2026-08-31 11:00:00,0.7894238,0.75279737
2026-08-31 11:00:00,0.7952058,0.74497986
2026-08-31 11:00:00,0.8009882,0.74536157
2026-08-31 11:00:00,0.8052553,0.7433622
2026-08-31 11:15:00,0.7952076,0.7607602
2026-08-31 11:15:00,0.80098957,0.75068164
2026-08-31 11:15:00,0.80525637,0.74999845
2026-08-31 11:15:00,0.8059412,0.7464366
2026-08-31 11:30:00,0.80099136,0.76287663
2026-08-31 11:30:00,0.8052576,0.7517419
2026-08-31 11:30:00,0.8059422,0.750162
2026-08-31 11:30:00,0.80868304,0.74540263
2026-08-31 11:45:00,0.8052594,0.7631941
2026-08-31 11:45:00,0.8059434,0.7513278
2026-08-31 11:45:00,0.8086841,0.74902976
2026-08-31 11:45:00,0.7980982,0.74323297
2026-08-31 12:00:00,0.8059452,0.76356506
2026-08-31 12:00:00,0.8086853,0.75094664
2026-08-31 12:00:00,0.7980993,0.7480173
2026-08-31 12:00:00,0.79889774,0.7412883
2026-08-31 12:15:00,0.80868703,0.76690954
2026-08-31 12:15:00,0.7981006,0.7531544
2026-08-31 12:15:00,0.7988988,0.74959373
2026-08-31 12:15:00,0.790496,0.74195874
2026-08-31 12:30:00,0.79810244,0.76695776
2026-08-31 12:30:00,0.7989001,0.75257456
2026-08-31 12:30:00,0.7904972,0.74826026
2026-08-31 12:30:00,0.78906655,0.7395849
2026-08-31 12:45:00,0.798902,0.76216435
2026-08-31 12:45:00,0.79049855,0.74776304
2026-08-31 12:45:00,0.78906775,0.7425332
2026-08-31 12:45:00,0.78093505,0.73268586
2026-08-31 13:00:00,0.79050046,0.7599271
2026-08-31 13:00:00,0.7890692,0.7449746
2026-08-31 13:00:00,0.78093624,0.7389052
2026-08-31 13:00:00,0.7687937,0.7278955
2026-08-31 13:15:00,0.7890711,0.7573391
2026-08-31 13:15:00,0.7809378,0.74185866
2026-08-31 13:15:00,0.768795,0.73477423
2026-08-31 13:15:00,0.75735617,0.72254056
2026-08-31 13:30:00,0.7809398,0.7514135
2026-08-31 13:30:00,0.7687966,0.7357427
2026-08-31 13:30:00,0.75735754,0.72742814
2026-08-31 13:30:00,0.74422693,0.713961
2026-08-31 13:45:00,0.76879877,0.74266016
2026-08-31 13:45:00,0.75735927,0.7268896
2026-08-31 13:45:00,0.7442284,0.7170948
2026-08-31 13:45:00,0.72017604,0.70220816
2026-08-31 14:00:00,0.75736153,0.7334599
2026-08-31 14:00:00,0.7442303,0.7173859
2026-08-31 14:00:00,0.72017777,0.7061031
2026-08-31 14:00:00,0.7008603,0.6897565
2026-08-31 14:15:00,0.7442327,0.725253
2026-08-31 14:15:00,0.72017986,0.7084743
2026-08-31 14:15:00,0.70086217,0.6957965
2026-08-31 14:15:00,0.6782163,0.6779115
2026-08-31 14:30:00,0.72018254,0.71201074
2026-08-31 14:30:00,0.70086443,0.69467795
2026-08-31 14:30:00,0.6782183,0.68004864
2026-08-31 14:30:00,0.65363145,0.6599084
2026-08-31 14:45:00,0.7008674,0.6922076
2026-08-31 14:45:00,0.6782208,0.674495
2026-08-31 14:45:00,0.6536337,0.65736526
2026-08-31 14:45:00,0.6267872,0.6341516
2026-08-31 15:00:00,0.67822397,0.67076707
2026-08-31 15:00:00,0.65363646,0.6524788
2026-08-31 15:00:00,0.6267897,0.6329337
2026-08-31 15:00:00,0.5974778,0.6072064
2026-08-31 15:15:00,0.65363985,0.6500349
2026-08-31 15:15:00,0.62679267,0.63066745
2026-08-31 15:15:00,0.59748054,0.6087742
2026-08-31 15:15:00,0.5691292,0.58147156
2026-08-31 15:30:00,0.6267964,0.6248158
2026-08-31 15:30:00,0.59748375,0.6035495
2026-08-31 15:30:00,0.5691322,0.5787609
2026-08-31 15:30:00,0.53057647,0.5496837
2026-08-31 15:45:00,0.5974878,0.5964075
2026-08-31 15:45:00,0.5691358,0.5719888
2026-08-31 15:45:00,0.5305797,0.54362524
2026-08-31 15:45:00,0.4974627,0.5127224
2026-08-31 16:00:00,0.56914014,0.5643777
2026-08-31 16:00:00,0.5305836,0.5369487
2026-08-31 16:00:00,0.49746618,0.50570756
2026-08-31 16:00:00,0.45882583,0.47404003
2026-08-31 16:15:00,0.53058845,0.53197503
2026-08-31 16:15:00,0.49747044,0.5021405
2026-08-31 16:15:00,0.45882964,0.4686861
2026-08-31 16:15:00,0.42622286,0.43683755
2026-08-31 16:30:00,0.4974756,0.49881867
2026-08-31 16:30:00,0.45883423,0.46837443
2026-08-31 16:30:00,0.4262269,0.43406922
2026-08-31 16:30:00,0.39298564,0.40267724
2026-08-31 16:45:00,0.45883986,0.46920288
2026-08-31 16:45:00,0.42623186,0.4391986
2026-08-31 16:45:00,0.39299,0.40548503
2026-08-31 16:45:00,0.36035985,0.37509897
2026-08-31 17:00:00,0.42623782,0.43772745
2026-08-31 17:00:00,0.39299524,0.40986001
2026-08-31 17:00:00,0.36036447,0.37894216
2026-08-31 17:00:00,0.3318418,0.35098517
2026-08-31 17:15:00,0.39300156,0.40543914
2026-08-31 17:15:00,0.36037004,0.38100362
2026-08-31 17:15:00,0.33184665,0.35504678
2026-08-31 17:15:00,0.30985415,0.33107203
2026-08-31 17:30:00,0.36037672,0.37535423
2026-08-31 17:30:00,0.33185247,0.3544827
2026-08-31 17:30:00,0.3098592,0.3343725
2026-08-31 17:30:00,0.2951537,0.3150236
2026-08-31 17:45:00,0.33185947,0.34927425
2026-08-31 17:45:00,0.30986524,0.331858
2026-08-31 17:45:00,0.29515883,0.3176282
2026-08-31 17:45:00,0.28670293,0.3030875
2026-08-31 18:00:00,0.3098725,0.32653838
2026-08-31 18:00:00,0.295165,0.31318834
2026-08-31 18:00:00,0.28670815,0.30478954
2026-08-31 18:00:00,0.28299245,0.29525125
2026-08-31 18:15:00,0.29517245,0.31112188
2026-08-31 18:15:00,0.2867144,0.3015358
2026-08-31 18:15:00,0.2829977,0.29759783
2026-08-31 18:15:00,0.28299245,0.29206496
2026-08-31 18:30:00,0.28672194,0.3016075
2026-08-31 18:30:00,0.283004,0.29460594
2026-08-31 18:30:00,0.2829977,0.29360092
2026-08-31 18:30:00,0.28299245,0.29057783
2026-08-31 18:45:00,0.28301156,0.29547468
2026-08-31 18:45:00,0.283004,0.29048193
2026-08-31 18:45:00,0.2829977,0.2914879
2026-08-31 18:45:00,0.28299245,0.29026842
2026-08-31 19:00:00,0.28301156,0.2910433
2026-08-31 19:00:00,0.283004,0.28799462
2026-08-31 19:00:00,0.2829977,0.2906869
2026-08-31 19:00:00,0.28299245,0.29093024
2026-08-31 19:15:00,0.28301156,0.2874923
2026-08-31 19:15:00,0.283004,0.28651458
2026-08-31 19:15:00,0.2829977,0.2907282
2026-08-31 19:15:00,0.28299245,0.29221678
2026-08-31 19:30:00,0.28301156,0.28507787
2026-08-31 19:30:00,0.283004,0.28527772
2026-08-31 19:30:00,0.2829977,0.29034698
2026-08-31 19:30:00,0.28299245,0.29222265
2026-08-31 19:45:00,0.28301156,0.28391668
2026-08-31 19:45:00,0.283004,0.28442544
2026-08-31 19:45:00,0.2829977,0.28967166
2026-08-31 19:45:00,0.28299245,0.29156655
2026-08-31 20:00:00,0.28301156,0.28322646
2026-08-31 20:00:00,0.283004,0.28377473
2026-08-31 20:00:00,0.2829977,0.28912678
2026-08-31 20:00:00,0.28299245,0.29095644
2026-08-31 20:15:00,0.28301156,0.28277937
2026-08-31 20:15:00,0.283004,0.2832929
2026-08-31 20:15:00,0.2829977,0.28871596
2026-08-31 20:15:00,0.28299245,0.29056013
2026-08-31 20:30:00,0.28301156,0.2825547
2026-08-31 20:30:00,0.283004,0.28299192
2026-08-31 20:30:00,0.2829977,0.2884143
2026-08-31 20:30:00,0.28299245,0.29033855
2026-08-31 20:45:00,0.28301156,0.28238052
2026-08-31 20:45:00,0.283004,0.28278893
2026-08-31 20:45:00,0.2829977,0.28823316
2026-08-31 20:45:00,0.28299245,0.29026875
2026-08-31 21:00:00,0.28301156,0.28224468
2026-08-31 21:00:00,0.283004,0.28270766
2026-08-31 21:00:00,0.2829977,0.28819892
2026-08-31 21:00:00,0.28299245,0.29035372
2026-08-31 21:15:00,0.28301156,0.28209344
2026-08-31 21:15:00,0.283004,0.28265363
2026-08-31 21:15:00,0.2829977,0.28819722
2026-08-31 21:15:00,0.28299245,0.2904661
2026-08-31 21:30:00,0.28301156,0.2820165
2026-08-31 21:30:00,0.283004,0.28262392
2026-08-31 21:30:00,0.2829977,0.28818688
2026-08-31 21:30:00,0.28299245,0.2905355
2026-08-31 21:45:00,0.28301156,0.28197885
2026-08-31 21:45:00,0.283004,0.28260362
2026-08-31 21:45:00,0.2829977,0.28818023
2026-08-31 21:45:00,0.28299245,0.29057768
2026-08-31 22:00:00,0.28301156,0.28195924
2026-08-31 22:00:00,0.283004,0.2826097
2026-08-31 22:00:00,0.2829977,0.28819922
2026-08-31 22:00:00,0.28299245,0.29062426
2026-08-31 22:15:00,0.28301156,0.28191572
2026-08-31 22:15:00,0.283004,0.2825949
2026-08-31 22:15:00,0.2829977,0.28819957
2026-08-31 22:15:00,0.28299245,0.29064593
2026-08-31 22:30:00,0.28301156,0.2818902
2026-08-31 22:30:00,0.283004,0.28256017
2026-08-31 22:30:00,0.2829977,0.28816843
2026-08-31 22:30:00,0.28299245,0.2906302
2026-08-31 22:45:00,0.28301156,0.2818938
2026-08-31 22:45:00,0.283004,0.28252056
2026-08-31 22:45:00,0.2829977,0.28812507
2026-08-31 22:45:00,0.28299245,0.29060337
2026-08-31 23:00:00,0.28301156,0.2819408
2026-08-31 23:00:00,0.283004,0.28253603
2026-08-31 23:00:00,0.2829977,0.28813845
2026-08-31 23:00:00,0.28299245,0.290635
