timestamp,power_kw,temperature_c,apparent_temperature_c,relative_humidity_pct,wind_gust_ms,solar_altitude_deg,ghi,dhi,uv,weather_description,weather_icon,hour_of_day
2026-06-09 00:00:00,0.0,23.3,23.6,74,8.0,-43.1,0,0,0.0,Overcast clouds,c04n,0
2026-06-09 00:15:00,0.0,23.2,23.5,74,8.0,-43.4,0,0,0.0,Overcast clouds,c04n,0
2026-06-09 00:30:00,0.0,23.2,23.5,74,8.0,-43.7,0,0,0.0,Overcast clouds,c04n,0
2026-06-09 00:45:00,0.0,23.1,23.3,73,8.0,-44.0,0,0,0.0,Overcast clouds,c04n,0
2026-06-09 01:00:00,0.0,23.0,23.3,73,8.0,-44.4,0,0,0.0,Drizzle,d02n,1
2026-06-09 01:15:00,0.0,23.0,23.3,73,7.8,-43.5,0,0,0.0,Overcast clouds,c04n,1
2026-06-09 01:30:00,0.0,23.0,23.3,73,7.6,-42.7,0,0,0.0,Overcast clouds,c04n,1
2026-06-09 01:45:00,0.0,23.0,23.3,73,7.4,-41.9,0,0,0.0,Overcast clouds,c04n,1
2026-06-09 02:00:00,0.0,23.0,23.3,73,7.2,-41.1,0,0,0.0,Overcast clouds,c04n,2
2026-06-09 02:15:00,0.0,23.1,23.3,72,7.1,-39.3,0,0,0.0,Overcast clouds,c04n,2
2026-06-09 02:30:00,0.0,23.2,23.4,72,7.0,-37.6,0,0,0.0,Overcast clouds,c04n,2
2026-06-09 02:45:00,0.0,23.2,23.5,72,6.9,-35.8,0,0,0.0,Overcast clouds,c04n,2
2026-06-09 03:00:00,0.0,23.3,23.5,71,6.8,-34.1,0,0,0.0,Overcast clouds,c04n,3
2026-06-09 03:15:00,0.0,23.1,23.4,72,6.7,-31.7,0,0,0.0,Overcast clouds,c04n,3
2026-06-09 03:30:00,0.0,23.0,23.2,72,6.6,-29.3,0,0,0.0,Overcast clouds,c04n,3
2026-06-09 03:45:00,0.0,22.8,23.0,72,6.5,-26.9,0,0,0.0,Overcast clouds,c04n,3
2026-06-09 04:00:00,0.0,22.6,22.8,73,6.4,-24.5,0,0,0.0,Overcast clouds,c04n,4
2026-06-09 04:15:00,0.0,22.6,22.8,73,6.5,-21.7,0,0,0.0,Overcast clouds,c04n,4
2026-06-09 04:30:00,0.0,22.6,22.8,73,6.6,-18.9,0,0,0.0,Overcast clouds,c04n,4
2026-06-09 04:45:00,0.0,22.6,22.8,73,6.7,-16.2,0,0,0.0,Overcast clouds,c04n,4
2026-06-09 05:00:00,0.0,22.6,22.8,73,6.8,-13.4,0,0,0.0,Overcast clouds,c04n,5
2026-06-09 05:15:00,0.0,22.7,22.9,73,6.8,-10.3,0,0,0.0,Overcast clouds,c04n,5
2026-06-09 05:30:00,0.0,22.8,23.0,73,6.8,-7.3,0,0,0.0,Overcast clouds,c04n,5
2026-06-09 05:45:00,0.0,22.9,23.2,73,6.8,-4.3,0,0,0.0,Overcast clouds,c04n,5
2026-06-09 06:00:00,0.54,23.0,23.3,73,6.8,-1.2,0,0,0.0,Overcast clouds,c04n,6
2026-06-09 06:15:00,3.25,23.0,23.3,73,6.9,2.0,37,14,0.8,Overcast clouds,c04n,6
2026-06-09 06:30:00,9.25,23.0,23.3,74,7.0,5.1,74,28,0.9,Overcast clouds,c04d,6
2026-06-09 06:45:00,23.63,23.0,23.3,74,7.1,8.3,111,42,0.9,Overcast clouds,c04d,6
2026-06-09 07:00:00,35.49,23.0,23.3,74,7.2,11.5,148,56,1.0,Overcast clouds,c04d,7
2026-06-09 07:15:00,49.12,23.1,23.4,74,7.5,14.8,204,62,1.0,Overcast clouds,c04d,7
2026-06-09 07:30:00,59.82,23.2,23.5,74,7.8,18.1,260,69,1.1,Overcast clouds,c04d,7
2026-06-09 07:45:00,78.71,23.2,23.5,73,8.1,21.4,317,76,1.1,Overcast clouds,c04d,7
2026-06-09 08:00:00,106.39,23.3,23.6,73,8.4,24.7,373,83,1.2,Overcast clouds,c04d,8
2026-06-09 08:15:00,0.0,23.4,23.7,73,8.6,28.0,429,87,1.4,Overcast clouds,c04d,8
2026-06-09 08:30:00,0.0,23.5,23.8,73,8.8,31.4,485,92,1.6,Overcast clouds,c04d,8
2026-06-09 08:45:00,0.0,23.6,23.9,73,9.0,34.8,541,96,1.8,Overcast clouds,c04d,8
2026-06-09 09:00:00,0.0,23.7,24.0,73,9.2,38.1,598,101,2.0,Overcast clouds,c04d,9
2026-06-09 09:15:00,0.0,24.3,24.6,71,9.2,41.5,647,104,2.5,Overcast clouds,c04d,9
2026-06-09 09:30:00,0.0,24.8,25.1,69,9.2,44.9,696,107,3.0,Broken clouds,c03d,9
2026-06-09 09:45:00,0.0,25.4,25.7,67,9.2,48.3,745,110,3.6,Broken clouds,c03d,9
2026-06-09 10:00:00,0.03,25.9,26.2,65,9.2,51.7,794,113,4.3,Broken clouds,c03d,10
2026-06-09 10:15:00,0.0,26.0,26.4,65,9.2,55.2,831,115,4.7,Broken clouds,c03d,10
2026-06-09 10:30:00,0.02,26.1,26.5,65,9.2,58.6,869,117,5.1,Broken clouds,c03d,10
2026-06-09 10:45:00,0.01,26.2,26.6,65,9.2,62.0,906,119,5.5,Broken clouds,c03d,10
2026-06-09 11:00:00,0.02,26.3,26.7,65,9.2,65.5,943,121,5.9,Broken clouds,c03d,11
2026-06-09 11:15:00,0.0,26.5,26.8,64,9.4,68.9,965,122,6.3,Broken clouds,c03d,11
2026-06-09 11:30:00,0.0,26.7,27.0,64,9.6,72.4,987,123,6.8,Broken clouds,c03d,11
2026-06-09 11:45:00,3.93,26.8,28.1,63,9.8,75.8,1009,124,7.1,Broken clouds,c03d,11
2026-06-09 12:00:00,3.86,27.0,28.2,62,10.0,79.3,1032,125,7.5,Broken clouds,c03d,12
2026-06-09 12:15:00,3.88,27.2,28.5,62,10.0,81.2,1036,125,7.0,Broken clouds,c03d,12
2026-06-09 12:30:00,3.96,27.4,28.7,61,10.0,83.1,1041,125,6.5,Broken clouds,c03d,12
2026-06-09 12:45:00,3.88,27.6,28.9,60,10.0,85.0,1046,125,5.9,Overcast clouds,c04d,12
2026-06-09 13:00:00,3.91,27.8,29.2,60,10.0,86.9,1051,126,5.3,Overcast clouds,c04d,13
2026-06-09 13:15:00,3.91,27.7,29.0,60,9.7,83.4,1038,125,4.8,Overcast clouds,c04d,13
2026-06-09 13:30:00,3.91,27.6,28.9,60,9.4,80.0,1026,125,4.4,Overcast clouds,c04d,13
2026-06-09 13:45:00,3.89,27.5,28.8,61,9.1,76.5,1013,124,3.9,Overcast clouds,c04d,13
2026-06-09 14:00:00,3.87,27.4,28.7,61,8.8,73.1,1000,123,3.4,Overcast clouds,c04d,14
2026-06-09 14:15:00,3.81,27.4,28.7,61,8.6,69.6,971,122,3.2,Overcast clouds,c04d,14
2026-06-09 14:30:00,3.87,27.4,28.7,61,8.4,66.2,942,120,3.0,Overcast clouds,c04d,14
2026-06-09 14:45:00,3.89,27.4,28.7,61,8.2,62.8,913,119,2.9,Overcast clouds,c04d,14
2026-06-09 15:00:00,3.92,27.4,28.7,61,8.0,59.3,883,118,2.7,Overcast clouds,c04d,15
2026-06-09 15:15:00,3.87,27.4,28.8,62,7.6,55.9,840,115,2.5,Overcast clouds,c04d,15
2026-06-09 15:30:00,23.59,27.4,28.8,62,7.2,52.5,797,113,2.3,Overcast clouds,c04d,15
2026-06-09 15:45:00,17.12,27.4,28.8,62,6.8,49.1,754,110,2.1,Overcast clouds,c04d,15
2026-06-09 16:00:00,13.06,27.4,28.9,63,6.4,45.6,711,108,1.9,Overcast clouds,c04d,16
2026-06-09 16:15:00,3.9,27.4,28.9,63,6.1,42.3,658,104,1.7,Overcast clouds,c04d,16
2026-06-09 16:30:00,3.88,27.4,29.0,64,5.8,38.9,605,101,1.5,Overcast clouds,c04d,16
2026-06-09 16:45:00,3.87,27.4,29.0,64,5.5,35.5,552,97,1.3,Overcast clouds,c04d,16
2026-06-09 17:00:00,9.74,27.4,29.0,64,5.2,32.1,499,94,1.2,Overcast clouds,c04d,17
2026-06-09 17:15:00,9.82,27.1,28.7,66,4.9,28.8,442,88,1.0,Overcast clouds,c04d,17
2026-06-09 17:30:00,3.87,26.9,28.5,68,4.6,25.4,385,83,0.9,Overcast clouds,c04d,17
2026-06-09 17:45:00,3.89,26.6,27.1,70,4.3,22.1,328,78,0.8,Overcast clouds,c04d,17
2026-06-09 18:00:00,3.86,26.3,26.9,72,4.0,18.8,270,72,0.8,Overcast clouds,c04d,18
2026-06-09 18:15:00,3.86,26.3,26.9,72,3.9,15.5,218,64,0.7,Overcast clouds,c04d,18
2026-06-09 18:30:00,14.86,26.3,26.9,72,3.8,12.3,165,55,0.7,Overcast clouds,c04d,18
2026-06-09 18:45:00,7.08,26.3,26.9,72,3.7,9.0,113,46,0.6,Overcast clouds,c04d,18
2026-06-09 19:00:00,3.22,26.3,26.9,72,3.6,5.8,60,37,0.6,Overcast clouds,c04d,19
2026-06-09 19:15:00,1.86,26.3,26.9,72,3.6,2.6,45,28,0.6,Overcast clouds,c04n,19
2026-06-09 19:30:00,0.64,26.3,26.9,72,3.6,-0.5,30,18,0.0,Overcast clouds,c04n,19
2026-06-09 19:45:00,0.08,26.3,26.9,72,3.6,-3.6,15,9,0.0,Overcast clouds,c04n,19
2026-06-09 20:00:00,0.0,26.3,26.9,72,3.6,-6.7,0,0,0.0,Overcast clouds,c04n,20
2026-06-09 20:15:00,0.0,26.2,26.8,72,3.7,-9.7,0,0,0.0,Overcast clouds,c04n,20
2026-06-09 20:30:00,0.0,26.1,26.6,72,3.8,-12.6,0,0,0.0,Overcast clouds,c04n,20
2026-06-09 20:45:00,0.0,26.0,26.6,73,3.9,-15.5,0,0,0.0,Overcast clouds,c04n,20
2026-06-09 21:00:00,0.0,25.9,26.5,73,4.0,-18.5,0,0,0.0,Overcast clouds,c04n,21
2026-06-09 21:15:00,0.0,25.7,26.3,74,4.1,-21.1,0,0,0.0,Overcast clouds,c04n,21
2026-06-09 21:30:00,0.0,25.6,26.1,74,4.2,-23.7,0,0,0.0,Overcast clouds,c04n,21
2026-06-09 21:45:00,0.0,25.4,25.9,75,4.3,-26.4,0,0,0.0,Overcast clouds,c04n,21
2026-06-09 22:00:00,0.0,25.2,25.8,76,4.4,-29.0,0,0,0.0,Overcast clouds,c04n,22
2026-06-09 22:15:00,0.0,25.0,25.5,76,4.3,-31.1,0,0,0.0,Overcast clouds,c04n,22
2026-06-09 22:30:00,0.0,24.8,25.3,77,4.2,-33.3,0,0,0.0,Overcast clouds,c04n,22
2026-06-09 22:45:00,0.0,24.6,25.2,78,4.1,-35.4,0,0,0.0,Overcast clouds,c04n,22
2026-06-09 23:00:00,0.0,24.4,24.9,78,4.0,-37.5,0,0,0.0,Overcast clouds,c04n,23
2026-06-09 23:15:00,0.0,24.3,24.8,78,3.9,-38.9,0,0,0.0,Overcast clouds,c04n,23
2026-06-09 23:30:00,0.0,24.3,24.8,78,3.8,-40.3,0,0,0.0,Overcast clouds,c04n,23
2026-06-09 23:45:00,0.0,24.2,24.7,78,3.7,-41.6,0,0,0.0,Overcast clouds,c04n,23
2026-06-10 00:00:00,0.0,24.1,24.6,78,3.6,-43.0,0,0,0.0,Overcast clouds,c04n,0
2026-06-10 00:15:00,0.0,24.0,24.5,78,3.5,-43.3,0,0,0.0,Overcast clouds,c04n,0
2026-06-10 00:30:00,0.0,23.9,24.4,79,3.4,-43.6,0,0,0.0,Overcast clouds,c04n,0
2026-06-10 00:45:00,0.0,23.8,24.3,80,3.3,-44.0,0,0,0.0,Overcast clouds,c04n,0
2026-06-10 01:00:00,0.0,23.7,24.2,80,3.2,-44.3,0,0,0.0,Overcast clouds,c04n,1
2026-06-10 01:15:00,0.0,23.6,24.1,80,3.1,-43.5,0,0,0.0,Overcast clouds,c04n,1
2026-06-10 01:30:00,0.0,23.5,24.0,80,3.0,-42.7,0,0,0.0,Overcast clouds,c04n,1
2026-06-10 01:45:00,0.0,23.4,23.9,80,2.9,-41.8,0,0,0.0,Overcast clouds,c04n,1
2026-06-10 02:00:00,0.0,23.3,23.8,80,2.8,-41.0,0,0,0.0,Overcast clouds,c04n,2
2026-06-10 02:15:00,0.0,23.2,23.7,80,2.7,-39.3,0,0,0.0,Overcast clouds,c04n,2
2026-06-10 02:30:00,0.0,23.2,23.6,81,2.6,-37.5,0,0,0.0,Overcast clouds,c04n,2
2026-06-10 02:45:00,0.0,23.1,23.6,82,2.5,-35.8,0,0,0.0,Overcast clouds,c04n,2
2026-06-10 03:00:00,0.0,23.0,23.5,82,2.4,-34.0,0,0,0.0,Overcast clouds,c04n,3
2026-06-10 03:15:00,0.0,22.9,23.4,82,2.4,-31.7,0,0,0.0,Overcast clouds,c04n,3
2026-06-10 03:30:00,0.0,22.8,23.3,82,2.4,-29.3,0,0,0.0,Overcast clouds,c04n,3
2026-06-10 03:45:00,0.0,22.7,23.2,83,2.4,-26.9,0,0,0.0,Overcast clouds,c04n,3
2026-06-10 04:00:00,0.0,22.6,23.1,83,2.4,-24.5,0,0,0.0,Overcast clouds,c04n,4
2026-06-10 04:15:00,0.0,22.5,23.0,84,2.4,-21.7,0,0,0.0,Overcast clouds,c04n,4
2026-06-10 04:30:00,0.0,22.4,22.9,84,2.4,-18.9,0,0,0.0,Overcast clouds,c04n,4
2026-06-10 04:45:00,0.0,22.3,22.8,84,2.4,-16.2,0,0,0.0,Overcast clouds,c04n,4
2026-06-10 05:00:00,0.0,22.2,22.7,85,2.4,-13.4,0,0,0.0,Overcast clouds,c04n,5
2026-06-10 05:15:00,0.0,22.6,23.1,84,2.5,-10.3,0,0,0.0,Overcast clouds,c04n,5
2026-06-10 05:30:00,0.0,23.0,23.5,84,2.6,-7.3,0,0,0.0,Overcast clouds,c04n,5
2026-06-10 05:45:00,0.01,23.3,23.9,84,2.7,-4.3,0,0,0.0,Overcast clouds,c04n,5
2026-06-10 06:00:00,0.79,23.7,24.3,83,2.8,-1.3,0,0,0.0,Overcast clouds,c04n,6
2026-06-10 06:15:00,3.52,23.9,24.5,82,3.0,1.9,37,14,0.6,Overcast clouds,c04n,6
2026-06-10 06:30:00,6.6,24.1,24.6,80,3.2,5.1,74,28,0.6,Overcast clouds,c04d,6
2026-06-10 06:45:00,11.21,24.2,24.8,79,3.4,8.3,111,42,0.6,Overcast clouds,c04d,6
2026-06-10 07:00:00,14.01,24.4,24.9,78,3.6,11.5,148,56,0.7,Overcast clouds,c04d,7
2026-06-10 07:15:00,27.18,24.6,25.1,77,3.7,14.8,204,62,0.7,Overcast clouds,c04d,7
2026-06-10 07:30:00,31.57,24.8,25.3,76,3.8,18.1,260,69,0.7,Overcast clouds,c04d,7
2026-06-10 07:45:00,34.99,25.0,25.5,76,3.9,21.4,316,76,0.8,Overcast clouds,c04d,7
2026-06-10 08:00:00,36.25,25.2,25.7,75,4.0,24.7,372,83,0.9,Overcast clouds,c04d,8
2026-06-10 08:15:00,42.79,25.3,25.8,74,4.1,28.0,429,87,1.0,Overcast clouds,c04d,8
2026-06-10 08:30:00,49.82,25.4,25.9,73,4.2,31.4,485,92,1.1,Overcast clouds,c04d,8
2026-06-10 08:45:00,39.62,25.5,26.0,72,4.3,34.7,541,96,1.3,Overcast clouds,c04d,8
2026-06-10 09:00:00,37.45,25.6,26.1,71,4.4,38.1,597,101,1.4,Overcast clouds,c04d,9
2026-06-10 09:15:00,46.1,26.2,26.7,68,4.5,41.5,646,104,1.6,Overcast clouds,c04d,9
2026-06-10 09:30:00,63.1,26.9,28.2,64,4.6,44.9,695,107,1.8,Overcast clouds,c04d,9
2026-06-10 09:45:00,94.76,27.5,28.7,60,4.7,48.3,744,110,2.0,Overcast clouds,c04d,9
2026-06-10 10:00:00,111.02,28.1,29.3,57,4.8,51.7,794,113,2.2,Overcast clouds,c04d,10
2026-06-10 10:15:00,117.72,28.1,29.4,58,4.8,55.1,831,115,2.5,Overcast clouds,c04d,10
2026-06-10 10:30:00,127.72,28.1,29.4,58,4.8,58.6,868,117,2.7,Overcast clouds,c04d,10
2026-06-10 10:45:00,93.5,28.1,29.4,58,4.8,62.0,905,119,2.9,Overcast clouds,c04d,10
2026-06-10 11:00:00,90.82,28.1,29.5,59,4.8,65.4,943,121,3.2,Overcast clouds,c04d,11
2026-06-10 11:15:00,27.41,28.1,29.5,59,4.9,68.9,965,122,3.5,Overcast clouds,c04d,11
2026-06-10 11:30:00,3.9,28.1,29.5,59,5.0,72.3,987,123,3.7,Overcast clouds,c04d,11
2026-06-10 11:45:00,3.9,28.1,29.5,59,5.1,75.8,1009,124,3.9,Overcast clouds,c04d,11
2026-06-10 12:00:00,3.9,28.1,29.5,59,5.2,79.2,1031,125,4.2,Overcast clouds,c04d,12
2026-06-10 12:15:00,3.96,28.6,30.1,58,5.3,81.1,1036,125,4.2,Overcast clouds,c04d,12
2026-06-10 12:30:00,3.93,29.1,30.5,56,5.4,83.1,1041,125,4.3,Overcast clouds,c04d,12
2026-06-10 12:45:00,3.91,29.5,31.0,54,5.5,85.0,1046,125,4.3,Overcast clouds,c04d,12
2026-06-10 13:00:00,3.88,30.0,31.5,53,5.6,86.9,1051,126,4.3,Overcast clouds,c04d,13
2026-06-10 13:15:00,3.89,30.2,31.6,52,5.6,83.5,1038,125,4.2,Overcast clouds,c04d,13
2026-06-10 13:30:00,3.87,30.4,31.6,50,5.6,80.0,1026,125,4.1,Overcast clouds,c04d,13
2026-06-10 13:45:00,3.92,30.5,31.5,48,5.6,76.6,1013,124,3.9,Overcast clouds,c04d,13
2026-06-10 14:00:00,3.93,30.7,31.6,47,5.6,73.1,1000,123,3.7,Overcast clouds,c04d,14
2026-06-10 14:15:00,3.91,30.7,31.6,47,5.5,69.7,971,122,3.5,Overcast clouds,c04d,14
2026-06-10 14:30:00,3.98,30.7,31.6,47,5.4,66.3,942,120,3.3,Overcast clouds,c04d,14
2026-06-10 14:45:00,3.88,30.7,31.6,47,5.3,62.8,913,119,3.2,Overcast clouds,c04d,14
2026-06-10 15:00:00,14.69,30.7,31.6,47,5.2,59.4,884,118,3.0,Overcast clouds,c04d,15
2026-06-10 15:15:00,3.92,30.9,31.9,47,5.2,56.0,841,115,2.8,Overcast clouds,c04d,15
2026-06-10 15:30:00,3.95,31.1,32.0,46,5.2,52.5,798,113,2.6,Overcast clouds,c04d,15
2026-06-10 15:45:00,3.87,31.3,32.3,46,5.2,49.1,755,110,2.3,Overcast clouds,c04d,15
2026-06-10 16:00:00,7.64,31.5,32.6,46,5.2,45.7,712,108,2.1,Overcast clouds,c04d,16
2026-06-10 16:15:00,42.75,31.5,32.6,46,5.1,42.3,659,104,1.9,Overcast clouds,c04d,16
2026-06-10 16:30:00,20.39,31.5,32.6,46,5.0,38.9,606,101,1.7,Overcast clouds,c04d,16
2026-06-10 16:45:00,7.04,31.5,32.6,46,4.9,35.5,553,97,1.5,Overcast clouds,c04d,16
2026-06-10 17:00:00,4.54,31.5,32.6,46,4.8,32.2,500,94,1.3,Overcast clouds,c04d,17
2026-06-10 17:15:00,3.95,30.8,32.0,49,4.4,28.8,443,88,1.2,Overcast clouds,c04d,17
2026-06-10 17:30:00,4.52,30.0,31.4,52,4.0,25.5,386,83,1.0,Overcast clouds,c04d,17
2026-06-10 17:45:00,4.54,29.3,30.5,54,3.6,22.2,329,78,0.9,Overcast clouds,c04d,17
2026-06-10 18:00:00,4.57,28.5,29.8,57,3.2,18.8,271,73,0.9,Overcast clouds,c04d,18
2026-06-10 18:15:00,4.61,28.5,30.0,58,2.8,15.6,219,64,0.8,Overcast clouds,c04d,18
2026-06-10 18:30:00,4.47,28.5,30.0,58,2.4,12.3,166,55,0.8,Overcast clouds,c04d,18
2026-06-10 18:45:00,4.24,28.5,30.0,58,2.0,9.1,114,46,0.7,Overcast clouds,c04d,18
2026-06-10 19:00:00,4.72,28.5,30.1,59,1.6,5.8,61,37,0.7,Overcast clouds,c04d,19
2026-06-10 19:15:00,3.15,28.2,29.9,61,1.7,2.7,46,28,0.7,Overcast clouds,c04n,19
2026-06-10 19:30:00,1.09,28.0,29.7,63,1.8,-0.4,30,18,0.0,Overcast clouds,c04n,19
2026-06-10 19:45:00,0.11,27.7,29.5,65,1.9,-3.5,15,9,0.0,Overcast clouds,c04n,19
2026-06-10 20:00:00,0.0,27.4,29.2,67,2.0,-6.7,0,0,0.0,Overcast clouds,c04n,20
2026-06-10 20:15:00,0.0,27.3,29.2,68,2.1,-9.6,0,0,0.0,Overcast clouds,c04n,20
2026-06-10 20:30:00,0.0,27.2,29.0,68,2.2,-12.5,0,0,0.0,Overcast clouds,c04n,20
2026-06-10 20:45:00,0.0,27.1,28.9,69,2.3,-15.5,0,0,0.0,Overcast clouds,c04n,20
2026-06-10 21:00:00,0.0,27.0,28.9,70,2.4,-18.4,0,0,0.0,Overcast clouds,c04n,21
2026-06-10 21:15:00,0.0,26.7,28.5,71,2.4,-21.0,0,0,0.0,Overcast clouds,c04n,21
2026-06-10 21:30:00,0.0,26.5,27.0,72,2.4,-23.7,0,0,0.0,Overcast clouds,c04n,21
2026-06-10 21:45:00,0.0,26.2,26.8,74,2.4,-26.3,0,0,0.0,Overcast clouds,c04n,21
2026-06-10 22:00:00,0.0,25.9,26.5,75,2.4,-28.9,0,0,0.0,Overcast clouds,c04n,22
2026-06-10 22:15:00,0.0,25.7,26.3,76,2.3,-31.0,0,0,0.0,Overcast clouds,c04n,22
2026-06-10 22:30:00,0.0,25.6,26.2,78,2.2,-33.2,0,0,0.0,Overcast clouds,c04n,22
2026-06-10 22:45:00,0.0,25.4,26.0,79,2.1,-35.3,0,0,0.0,Overcast clouds,c04n,22
2026-06-10 23:00:00,0.0,25.2,25.9,80,2.0,-37.5,0,0,0.0,Overcast clouds,c04n,23
2026-06-10 23:15:00,0.0,25.4,26.0,79,1.8,-38.8,0,0,0.0,Overcast clouds,c04n,23
2026-06-10 23:30:00,0.0,25.6,26.2,78,1.6,-40.2,0,0,0.0,Overcast clouds,c04n,23
2026-06-10 23:45:00,0.0,25.7,26.3,76,1.6,-41.6,0,0,0.0,Overcast clouds,c04n,23
2026-06-11 00:00:00,0.0,25.9,26.5,75,1.6,-42.9,0,0,0.0,Overcast clouds,c04n,0
2026-06-11 00:15:00,0.0,25.9,26.5,74,1.6,-43.2,0,0,0.0,Overcast clouds,c04n,0
2026-06-11 00:30:00,0.0,25.9,26.5,74,1.6,-43.6,0,0,0.0,Overcast clouds,c04n,0
2026-06-11 00:45:00,0.0,25.9,26.5,74,1.6,-43.9,0,0,0.0,Overcast clouds,c04n,0
2026-06-11 01:00:00,0.0,25.9,26.5,73,1.6,-44.2,0,0,0.0,Overcast clouds,c04n,1
2026-06-11 01:15:00,0.0,25.7,26.3,75,1.5,-43.4,0,0,0.0,Overcast clouds,c04n,1
2026-06-11 01:30:00,0.0,25.6,26.1,76,1.4,-42.6,0,0,0.0,Overcast clouds,c04n,1
2026-06-11 01:45:00,0.0,25.4,26.0,78,1.3,-41.8,0,0,0.0,Overcast clouds,c04n,1
2026-06-11 02:00:00,0.0,25.2,25.9,80,1.2,-41.0,0,0,0.0,Overcast clouds,c04n,2
2026-06-11 02:15:00,0.0,25.0,25.7,81,1.1,-39.2,0,0,0.0,Overcast clouds,c04n,2
2026-06-11 02:30:00,0.0,24.8,25.5,82,1.2,-37.5,0,0,0.0,Overcast clouds,c04n,2
2026-06-11 02:45:00,0.0,24.6,25.3,83,1.4,-35.8,0,0,0.0,Overcast clouds,c04n,2
2026-06-11 03:00:00,0.0,24.4,25.1,84,1.6,-34.0,0,0,0.0,Overcast clouds,c04n,3
2026-06-11 03:15:00,0.0,24.2,24.9,85,1.5,-31.6,0,0,0.0,Overcast clouds,c04n,3
2026-06-11 03:30:00,0.0,24.1,24.8,86,1.4,-29.3,0,0,0.0,Overcast clouds,c04n,3
2026-06-11 03:45:00,0.0,23.9,24.6,88,1.3,-26.9,0,0,0.0,Overcast clouds,c04n,3
2026-06-11 04:00:00,0.0,23.7,24.4,89,1.2,-24.5,0,0,0.0,Overcast clouds,c04n,4
2026-06-11 04:15:00,0.0,23.7,24.4,89,1.2,-21.7,0,0,0.0,Overcast clouds,c04n,4
2026-06-11 04:30:00,0.0,23.7,24.4,89,1.2,-18.9,0,0,0.0,Overcast clouds,c04n,4
2026-06-11 04:45:00,0.0,23.7,24.4,89,1.2,-16.2,0,0,0.0,Overcast clouds,c04n,4
2026-06-11 05:00:00,0.0,23.7,24.4,89,1.2,-13.4,0,0,0.0,Overcast clouds,c04n,5
2026-06-11 05:15:00,0.0,23.8,24.5,88,1.4,-10.3,0,0,0.0,Overcast clouds,c04n,5
2026-06-11 05:30:00,0.0,23.9,24.6,87,1.6,-7.3,0,0,0.0,Overcast clouds,c04n,5
2026-06-11 05:45:00,0.0,24.0,24.7,86,1.8,-4.3,0,0,0.0,Overcast clouds,c04n,5
2026-06-11 06:00:00,0.66,24.1,24.8,85,2.0,-1.3,0,0,0.0,Overcast clouds,c04n,6
2026-06-11 06:15:00,2.46,24.3,25.0,85,2.2,1.9,37,14,0.9,Overcast clouds,c04n,6
2026-06-11 06:30:00,5.56,24.5,25.1,84,2.4,5.1,74,28,1.0,Overcast clouds,c04d,6
2026-06-11 06:45:00,6.29,24.6,25.3,84,2.6,8.3,110,42,1.0,Overcast clouds,c04d,6
2026-06-11 07:00:00,8.46,24.8,25.5,84,2.8,11.5,147,55,1.1,Overcast clouds,c04d,7
2026-06-11 07:15:00,28.8,25.3,26.0,82,2.8,14.8,203,62,1.1,Overcast clouds,c04d,7
2026-06-11 07:30:00,63.5,25.8,26.5,80,2.8,18.1,260,69,1.1,Overcast clouds,c04d,7
2026-06-11 07:45:00,92.51,26.2,26.9,77,2.8,21.4,316,76,1.2,Overcast clouds,c04d,7
2026-06-11 08:00:00,87.36,26.7,28.7,75,2.8,24.6,372,83,1.3,Overcast clouds,c04d,8
2026-06-11 08:15:00,86.51,26.9,29.0,74,2.9,28.0,428,87,1.5,Overcast clouds,c04d,8
2026-06-11 08:30:00,101.05,27.1,29.3,74,3.0,31.4,484,92,1.7,Overcast clouds,c04d,8
2026-06-11 08:45:00,91.95,27.2,29.5,73,3.1,34.7,540,96,2.0,Overcast clouds,c04d,8
2026-06-11 09:00:00,93.87,27.4,29.8,72,3.2,38.1,596,101,2.4,Overcast clouds,c04d,9
2026-06-11 09:15:00,98.87,28.3,31.0,68,3.4,41.5,645,104,2.7,Broken clouds,c03d,9
2026-06-11 09:30:00,97.56,29.3,32.1,64,3.6,44.9,695,107,3.1,Broken clouds,c03d,9
2026-06-11 09:45:00,95.92,30.2,33.0,59,3.8,48.3,744,110,3.5,Broken clouds,c03d,9
2026-06-11 10:00:00,3.82,31.1,33.9,55,4.0,51.7,793,113,3.9,Broken clouds,c03d,10
2026-06-11 10:15:00,3.83,31.0,33.9,56,4.2,55.1,830,115,4.5,Broken clouds,c03d,10
2026-06-11 10:30:00,3.89,30.9,33.7,56,4.4,58.5,868,117,5.0,Broken clouds,c03d,10
2026-06-11 10:45:00,3.91,30.8,33.7,57,4.6,62.0,905,119,5.6,Broken clouds,c03d,10
2026-06-11 11:00:00,3.88,30.7,33.8,58,4.8,65.4,942,121,6.3,Broken clouds,c03d,11
2026-06-11 11:15:00,3.92,30.7,33.8,58,5.0,68.8,964,122,6.5,Broken clouds,c03d,11
2026-06-11 11:30:00,3.96,30.7,33.8,58,5.2,72.3,986,123,6.7,Broken clouds,c03d,11
2026-06-11 11:45:00,3.92,30.7,33.8,58,5.4,75.7,1009,124,6.9,Broken clouds,c03d,11
2026-06-11 12:00:00,3.9,30.7,33.8,58,5.6,79.2,1031,125,7.1,Broken clouds,c03d,12
2026-06-11 12:15:00,3.95,31.0,34.1,57,5.5,81.1,1036,125,7.0,Broken clouds,c03d,12
2026-06-11 12:30:00,3.94,31.3,34.5,56,5.4,83.1,1041,125,7.0,Broken clouds,c03d,12
2026-06-11 12:45:00,3.91,31.6,34.6,54,5.3,85.0,1046,125,6.9,Broken clouds,c03d,12
2026-06-11 13:00:00,3.96,31.9,34.9,53,5.2,87.0,1051,126,6.8,Broken clouds,c03d,13
2026-06-11 13:15:00,3.92,31.9,34.9,53,5.0,83.5,1038,125,6.9,Broken clouds,c03d,13
2026-06-11 13:30:00,3.93,31.9,34.9,53,4.8,80.1,1026,124,7.0,Broken clouds,c03d,13
2026-06-11 13:45:00,3.84,31.9,34.9,53,4.6,76.6,1013,124,6.9,Broken clouds,c03d,13
2026-06-11 14:00:00,3.92,31.9,34.9,53,4.4,73.2,1000,123,6.9,Broken clouds,c03d,14
2026-06-11 14:15:00,3.9,31.9,34.9,53,4.4,69.7,971,122,6.2,Broken clouds,c03d,14
2026-06-11 14:30:00,3.88,31.9,35.2,54,4.4,66.3,942,120,5.6,Broken clouds,c03d,14
2026-06-11 14:45:00,3.85,31.9,35.2,54,4.4,62.9,913,119,5.0,Broken clouds,c03d,14
2026-06-11 15:00:00,4.02,31.9,35.2,54,4.4,59.4,884,118,4.4,Overcast clouds,c04d,15
2026-06-11 15:15:00,3.88,31.9,35.2,54,4.3,56.0,841,115,4.0,Overcast clouds,c04d,15
2026-06-11 15:30:00,3.89,31.9,35.2,54,4.2,52.6,798,113,3.5,Overcast clouds,c04d,15
2026-06-11 15:45:00,85.99,31.9,35.2,54,4.1,49.2,755,110,3.1,Overcast clouds,c04d,15
2026-06-11 16:00:00,0.0,31.9,35.2,54,4.0,45.8,712,108,2.7,Overcast clouds,c04d,16
2026-06-11 16:15:00,3.86,31.9,35.2,54,4.0,42.4,660,105,2.3,Overcast clouds,c04d,16
2026-06-11 16:30:00,3.83,31.9,35.2,54,4.0,39.0,607,101,1.9,Overcast clouds,c04d,16
2026-06-11 16:45:00,3.91,31.9,34.9,53,4.0,35.6,554,97,1.6,Overcast clouds,c04d,16
2026-06-11 17:00:00,3.87,31.9,34.9,53,4.0,32.2,501,94,1.3,Overcast clouds,c04d,17
2026-06-11 17:15:00,3.87,31.4,34.7,56,3.9,28.9,444,89,1.2,Overcast clouds,c04d,17
2026-06-11 17:30:00,3.87,31.0,34.3,58,3.8,25.6,387,83,1.1,Overcast clouds,c04d,17
2026-06-11 17:45:00,27.64,30.5,33.8,60,3.7,22.2,330,78,1.0,Overcast clouds,c04d,17
2026-06-11 18:00:00,29.17,30.0,33.4,63,3.6,18.9,272,73,0.9,Overcast clouds,c04d,18
2026-06-11 18:15:00,19.03,30.0,33.4,63,3.5,15.7,220,64,0.8,Overcast clouds,c04d,18
2026-06-11 18:30:00,15.28,30.0,33.2,62,3.4,12.4,167,55,0.8,Overcast clouds,c04d,18
2026-06-11 18:45:00,14.06,30.0,33.2,62,3.3,9.2,114,46,0.7,Overcast clouds,c04d,18
2026-06-11 19:00:00,6.93,30.0,33.2,62,3.2,5.9,62,37,0.7,Overcast clouds,c04d,19
2026-06-11 19:15:00,3.74,29.9,33.0,62,3.3,2.8,46,28,0.7,Overcast clouds,c04n,19
2026-06-11 19:30:00,0.93,29.8,32.8,62,3.4,-0.3,31,19,0.0,Overcast clouds,c04n,19
2026-06-11 19:45:00,0.19,29.7,32.8,63,3.5,-3.5,15,9,0.0,Overcast clouds,c04n,19
2026-06-11 20:00:00,0.0,29.6,32.6,63,3.6,-6.6,0,0,0.0,Overcast clouds,c04n,20
2026-06-11 20:15:00,0.0,29.5,32.7,64,3.6,-9.5,0,0,0.0,Overcast clouds,c04n,20
2026-06-11 20:30:00,0.0,29.5,32.5,64,3.6,-12.5,0,0,0.0,Overcast clouds,c04n,20
2026-06-11 20:45:00,0.0,29.4,32.6,65,3.6,-15.4,0,0,0.0,Overcast clouds,c04n,20
2026-06-11 21:00:00,0.0,29.3,32.6,66,3.6,-18.3,0,0,0.0,Overcast clouds,c04n,21
2026-06-11 21:15:00,0.0,29.1,32.4,67,3.7,-20.9,0,0,0.0,Overcast clouds,c04n,21
2026-06-11 21:30:00,0.0,28.9,32.2,68,3.8,-23.6,0,0,0.0,Overcast clouds,c04n,21
2026-06-11 21:45:00,0.0,28.7,31.9,69,3.9,-26.2,0,0,0.0,Overcast clouds,c04n,21
2026-06-11 22:00:00,0.0,28.5,31.7,70,4.0,-28.8,0,0,0.0,Overcast clouds,c04n,22
2026-06-11 22:15:00,0.0,28.3,31.5,71,4.1,-31.0,0,0,0.0,Overcast clouds,c04n,22
2026-06-11 22:30:00,0.0,28.2,31.2,72,4.2,-33.1,0,0,0.0,Overcast clouds,c04n,22
2026-06-11 22:45:00,0.0,28.0,30.9,72,4.3,-35.2,0,0,0.0,Overcast clouds,c04n,22
2026-06-11 23:00:00,0.0,27.8,30.7,73,4.4,-37.4,0,0,0.0,Overcast clouds,c04n,23
2026-06-11 23:15:00,0.0,27.8,30.7,73,4.4,-38.7,0,0,0.0,Overcast clouds,c04n,23
2026-06-11 23:30:00,0.0,27.8,30.7,73,4.4,-40.1,0,0,0.0,Overcast clouds,c04n,23
2026-06-11 23:45:00,0.0,27.8,30.7,73,4.4,-41.5,0,0,0.0,Overcast clouds,c04n,23
2026-06-12 00:00:00,0.0,27.8,30.7,73,4.4,-42.8,0,0,0.0,Overcast clouds,c04n,0
2026-06-12 00:15:00,0.0,27.5,30.3,75,4.2,-43.2,0,0,0.0,Overcast clouds,c04n,0
2026-06-12 00:30:00,0.0,27.3,29.9,76,4.0,-43.5,0,0,0.0,Overcast clouds,c04n,0
2026-06-12 00:45:00,0.0,27.0,29.5,78,3.8,-43.8,0,0,0.0,Overcast clouds,c04n,0
2026-06-12 01:00:00,0.0,26.7,29.1,80,3.6,-44.1,0,0,0.0,Overcast clouds,c04n,1
2026-06-12 01:15:00,0.0,26.7,29.1,80,3.4,-43.3,0,0,0.0,Overcast clouds,c04n,1
2026-06-12 01:30:00,0.0,26.7,29.1,80,3.2,-42.5,0,0,0.0,Overcast clouds,c04n,1
2026-06-12 01:45:00,0.0,26.7,29.1,80,3.0,-41.7,0,0,0.0,Overcast clouds,c04n,1
2026-06-12 02:00:00,0.0,26.7,29.1,80,2.8,-40.9,0,0,0.0,Overcast clouds,c04n,2
2026-06-12 02:15:00,0.0,26.6,27.4,80,3.2,-39.2,0,0,0.0,Overcast clouds,c04n,2
2026-06-12 02:30:00,0.0,26.5,27.3,81,3.6,-37.5,0,0,0.0,Overcast clouds,c04n,2
2026-06-12 02:45:00,0.0,26.4,27.2,82,4.0,-35.7,0,0,0.0,Overcast clouds,c04n,2
2026-06-12 03:00:00,0.0,26.3,27.1,82,4.4,-34.0,0,0,0.0,Overcast clouds,c04n,3
2026-06-12 03:15:00,0.0,26.2,27.0,83,4.4,-31.6,0,0,0.0,Overcast clouds,c04n,3
2026-06-12 03:30:00,0.0,26.1,27.0,84,4.4,-29.2,0,0,0.0,Overcast clouds,c04n,3
2026-06-12 03:45:00,0.0,26.0,26.9,85,4.4,-26.9,0,0,0.0,Overcast clouds,c04n,3
2026-06-12 04:00:00,0.0,25.9,26.8,86,4.4,-24.5,0,0,0.0,Overcast clouds,c04n,4
2026-06-12 04:15:00,0.0,25.9,26.8,86,4.4,-21.7,0,0,0.0,Overcast clouds,c04n,4
2026-06-12 04:30:00,0.0,25.9,26.8,86,4.4,-18.9,0,0,0.0,Overcast clouds,c04n,4
2026-06-12 04:45:00,0.0,25.9,26.8,86,4.4,-16.2,0,0,0.0,Overcast clouds,c04n,4
2026-06-12 05:00:00,0.0,25.9,26.8,86,4.4,-13.4,0,0,0.0,Overcast clouds,c04n,5
2026-06-12 05:15:00,0.0,26.1,27.0,86,4.3,-10.4,0,0,0.0,Overcast clouds,c04n,5
2026-06-12 05:30:00,0.0,26.3,27.2,86,4.2,-7.3,0,0,0.0,Overcast clouds,c04n,5
2026-06-12 05:45:00,0.0,26.5,27.5,86,4.1,-4.3,0,0,0.0,Overcast clouds,c04n,5
2026-06-12 06:00:00,0.39,26.7,29.6,86,4.0,-1.3,0,0,0.0,Overcast clouds,c04n,6
2026-06-12 06:15:00,2.64,26.7,29.6,86,4.0,1.9,37,14,0.8,Overcast clouds,c04n,6
2026-06-12 06:30:00,7.95,26.7,29.6,86,4.0,5.1,73,28,0.8,Overcast clouds,c04d,6
2026-06-12 06:45:00,13.4,26.7,29.6,86,4.0,8.3,110,42,0.8,Overcast clouds,c04d,6
2026-06-12 07:00:00,19.0,26.7,29.6,86,4.0,11.5,147,55,0.8,Overcast clouds,c04d,7
2026-06-12 07:15:00,24.83,26.7,29.6,86,4.1,14.7,203,62,0.8,Overcast clouds,c04d,7
2026-06-12 07:30:00,29.46,26.7,29.6,86,4.2,18.0,259,69,0.9,Overcast clouds,c04d,7
2026-06-12 07:45:00,38.64,26.7,29.6,86,4.3,21.3,315,76,1.0,Overcast clouds,c04d,7
2026-06-12 08:00:00,46.87,26.7,29.6,86,4.4,24.6,371,83,1.1,Overcast clouds,c04d,8
2026-06-12 08:15:00,62.56,26.9,29.8,84,4.7,28.0,427,87,1.2,Overcast clouds,c04d,8
2026-06-12 08:30:00,99.81,27.1,30.1,83,5.0,31.3,483,92,1.3,Overcast clouds,c04d,8
2026-06-12 08:45:00,99.07,27.2,30.5,82,5.3,34.7,540,96,1.4,Overcast clouds,c04d,8
2026-06-12 09:00:00,93.37,27.4,30.6,80,5.6,38.0,596,101,1.6,Overcast clouds,c04d,9
2026-06-12 09:15:00,124.03,28.2,32.0,77,5.8,41.4,645,104,1.8,Overcast clouds,c04d,9
2026-06-12 09:30:00,84.56,28.9,33.3,74,6.0,44.8,694,107,2.0,Overcast clouds,c04d,9
2026-06-12 09:45:00,7.07,29.7,34.4,71,6.2,48.2,743,110,2.3,Overcast clouds,c04d,9
2026-06-12 10:00:00,4.55,30.4,35.5,68,6.4,51.6,792,113,2.5,Overcast clouds,c04d,10
2026-06-12 10:15:00,4.58,30.6,35.4,66,6.5,55.1,830,115,2.7,Overcast clouds,c04d,10
2026-06-12 10:30:00,4.42,30.8,35.6,65,6.6,58.5,867,117,3.0,Overcast clouds,c04d,10
2026-06-12 10:45:00,0.0,30.9,35.7,64,6.7,61.9,904,119,3.2,Overcast clouds,c04d,10
2026-06-12 11:00:00,0.0,31.1,35.6,62,6.8,65.3,942,120,3.4,Overcast clouds,c04d,11
2026-06-12 11:15:00,0.0,31.2,35.5,61,7.1,68.8,964,122,3.6,Overcast clouds,c04d,11
2026-06-12 11:30:00,0.0,31.3,35.5,60,7.4,72.2,986,123,3.8,Overcast clouds,c04d,11
2026-06-12 11:45:00,0.0,31.4,35.7,60,7.7,75.7,1008,124,4.1,Overcast clouds,c04d,11
2026-06-12 12:00:00,0.0,31.5,35.7,59,8.0,79.1,1030,125,4.2,Overcast clouds,c04d,12
2026-06-12 12:15:00,0.0,31.8,36.0,58,7.9,81.1,1035,125,4.2,Overcast clouds,c04d,12
2026-06-12 12:30:00,0.0,32.1,36.6,58,7.8,83.1,1040,125,4.2,Overcast clouds,c04d,12
2026-06-12 12:45:00,0.0,32.3,37.2,58,7.7,85.0,1045,125,4.2,Overcast clouds,c04d,12
2026-06-12 13:00:00,0.0,32.6,37.5,57,7.6,87.0,1051,126,4.2,Overcast clouds,c04d,13
2026-06-12 13:15:00,0.0,32.7,37.8,57,7.8,83.6,1038,125,4.0,Overcast clouds,c04d,13
2026-06-12 13:30:00,0.0,32.8,38.3,58,8.0,80.1,1026,124,3.9,Overcast clouds,c04d,13
2026-06-12 13:45:00,0.0,32.9,38.6,58,8.2,76.7,1013,124,3.7,Overcast clouds,c04d,13
2026-06-12 14:00:00,0.0,33.0,38.8,58,8.4,73.2,1001,123,3.5,Overcast clouds,c04d,14
2026-06-12 14:15:00,0.0,33.0,38.8,58,8.4,69.8,972,122,3.4,Overcast clouds,c04d,14
2026-06-12 14:30:00,0.0,33.0,39.2,59,8.4,66.4,943,120,3.2,Overcast clouds,c04d,14
2026-06-12 14:45:00,0.0,33.0,39.5,60,8.4,62.9,914,119,3.1,Overcast clouds,c04d,14
2026-06-12 15:00:00,0.0,33.0,39.5,60,8.4,59.5,885,118,2.9,Overcast clouds,c04d,15
2026-06-12 15:15:00,0.0,32.7,39.5,62,8.4,56.1,842,115,2.6,Overcast clouds,c04d,15
2026-06-12 15:30:00,0.0,32.5,39.2,63,8.4,52.6,799,113,2.4,Overcast clouds,c04d,15
2026-06-12 15:45:00,0.0,32.2,38.8,64,8.4,49.2,756,110,2.1,Overcast clouds,c04d,15
2026-06-12 16:00:00,0.0,31.9,38.7,66,8.4,45.8,713,108,1.9,Overcast clouds,c04d,16
2026-06-12 16:15:00,42.54,31.5,38.4,68,8.4,42.4,660,105,1.7,Overcast clouds,c04d,16
2026-06-12 16:30:00,17.62,31.2,38.3,71,8.4,39.0,608,101,1.5,Overcast clouds,c04d,16
2026-06-12 16:45:00,15.03,30.8,38.2,74,8.4,35.7,555,97,1.4,Overcast clouds,c04d,16
2026-06-12 17:00:00,35.74,30.4,37.7,76,8.4,32.3,502,94,1.2,Overcast clouds,c04d,17
2026-06-12 17:15:00,0.0,30.2,37.1,76,8.0,29.0,445,89,1.1,Overcast clouds,c04d,17
2026-06-12 17:30:00,0.02,30.0,36.6,76,7.6,25.6,388,83,1.0,Overcast clouds,c04d,17
2026-06-12 17:45:00,41.25,29.8,35.8,75,7.2,22.3,331,78,0.9,Overcast clouds,c04d,17
2026-06-12 18:00:00,72.84,29.6,35.2,75,6.8,19.0,274,73,0.8,Overcast clouds,c04d,18
2026-06-12 18:15:00,40.42,29.6,35.2,75,6.4,15.7,221,64,0.7,Overcast clouds,c04d,18
2026-06-12 18:30:00,13.29,29.6,35.2,75,6.0,12.5,168,55,0.7,Overcast clouds,c04d,18
2026-06-12 18:45:00,12.55,29.6,35.2,75,5.6,9.2,115,46,0.7,Overcast clouds,c04d,18
2026-06-12 19:00:00,10.77,29.6,35.2,75,5.2,6.0,63,38,0.7,Overcast clouds,c04d,19
2026-06-12 19:15:00,2.68,29.6,35.2,75,5.2,2.9,47,28,0.7,Overcast clouds,c04n,19
2026-06-12 19:30:00,0.61,29.6,35.2,75,5.2,-0.3,31,19,0.0,Overcast clouds,c04n,19
2026-06-12 19:45:00,0.11,29.6,35.2,75,5.2,-3.4,16,9,0.0,Overcast clouds,c04n,19
2026-06-12 20:00:00,0.01,29.6,35.2,75,5.2,-6.5,0,0,0.0,Overcast clouds,c04n,20
2026-06-12 20:15:00,0.0,29.6,35.2,75,5.2,-9.5,0,0,0.0,Overcast clouds,c04n,20
2026-06-12 20:30:00,0.0,29.6,35.2,75,5.2,-12.4,0,0,0.0,Overcast clouds,c04n,20
2026-06-12 20:45:00,0.0,29.6,35.2,75,5.2,-15.3,0,0,0.0,Overcast clouds,c04n,20
2026-06-12 21:00:00,0.0,29.6,35.2,75,5.2,-18.3,0,0,0.0,Overcast clouds,c04n,21
2026-06-12 21:15:00,0.0,29.4,35.0,76,5.3,-20.9,0,0,0.0,Overcast clouds,c04n,21
2026-06-12 21:30:00,0.0,29.3,35.0,78,5.4,-23.5,0,0,0.0,Overcast clouds,c04n,21
2026-06-12 21:45:00,0.0,29.1,34.7,79,5.5,-26.1,0,0,0.0,Overcast clouds,c04n,21
2026-06-12 22:00:00,0.0,28.9,34.5,80,5.6,-28.8,0,0,0.0,Overcast clouds,c04n,22
2026-06-12 22:15:00,0.0,28.7,34.1,81,5.8,-30.9,0,0,0.0,Overcast clouds,c04n,22
2026-06-12 22:30:00,0.0,28.5,33.8,82,6.0,-33.0,0,0,0.0,Overcast clouds,c04n,22
2026-06-12 22:45:00,0.0,28.3,33.4,83,6.2,-35.2,0,0,0.0,Overcast clouds,c04n,22
2026-06-12 23:00:00,0.0,28.1,33.0,84,6.4,-37.3,0,0,0.0,Overcast clouds,c04n,23
2026-06-12 23:15:00,0.0,28.1,33.0,84,6.4,-38.7,0,0,0.0,Overcast clouds,c04n,23
2026-06-12 23:30:00,0.0,28.1,33.0,84,6.4,-40.0,0,0,0.0,Overcast clouds,c04n,23
2026-06-12 23:45:00,0.01,28.1,33.0,84,6.4,-41.4,0,0,0.0,Overcast clouds,c04n,23
2026-06-13 00:00:00,0.0,28.1,33.0,84,6.4,-42.8,0,0,0.0,Overcast clouds,c04n,0
2026-06-13 00:15:00,0.0,28.0,33.0,85,6.2,-43.1,0,0,0.0,Overcast clouds,c04n,0
2026-06-13 00:30:00,0.0,28.0,32.9,86,6.0,-43.4,0,0,0.0,Overcast clouds,c04n,0
2026-06-13 00:45:00,0.0,27.9,32.9,87,5.8,-43.8,0,0,0.0,Overcast clouds,c04n,0
2026-06-13 01:00:00,0.0,27.8,32.8,88,5.6,-44.1,0,0,0.0,Overcast clouds,c04n,1
2026-06-13 01:15:00,0.0,27.8,32.8,88,5.5,-43.3,0,0,0.0,Overcast clouds,c04n,1
2026-06-13 01:30:00,0.0,27.8,32.6,87,5.4,-42.5,0,0,0.0,Overcast clouds,c04n,1
2026-06-13 01:45:00,0.0,27.8,32.5,86,5.3,-41.7,0,0,0.0,Overcast clouds,c04n,1
2026-06-13 02:00:00,0.0,27.8,32.5,86,5.2,-40.9,0,0,0.0,Overcast clouds,c04n,2
2026-06-13 02:15:00,0.0,27.8,32.5,86,5.4,-39.2,0,0,0.0,Overcast clouds,c04n,2
2026-06-13 02:30:00,0.0,27.8,32.6,87,5.6,-37.4,0,0,0.0,Overcast clouds,c04n,2
2026-06-13 02:45:00,0.0,27.8,32.8,88,5.8,-35.7,0,0,0.0,Overcast clouds,c04n,2
2026-06-13 03:00:00,0.0,27.8,32.8,88,6.0,-34.0,0,0,0.0,Overcast clouds,c04n,3
2026-06-13 03:15:00,0.0,27.6,32.2,88,5.9,-31.6,0,0,0.0,Overcast clouds,c04n,3
2026-06-13 03:30:00,0.0,27.4,31.8,89,5.8,-29.2,0,0,0.0,Overcast clouds,c04n,3
2026-06-13 03:45:00,0.0,27.2,31.3,90,5.7,-26.9,0,0,0.0,Overcast clouds,c04n,3
2026-06-13 04:00:00,0.0,27.0,30.7,90,5.6,-24.5,0,0,0.0,Overcast clouds,c04n,4
2026-06-13 04:15:00,0.0,27.1,31.0,90,5.4,-21.7,0,0,0.0,Overcast clouds,c04n,4
2026-06-13 04:30:00,0.0,27.2,31.2,89,5.2,-18.9,0,0,0.0,Overcast clouds,c04n,4
2026-06-13 04:45:00,0.0,27.3,31.4,88,5.0,-16.2,0,0,0.0,Overcast clouds,c04n,4
2026-06-13 05:00:00,0.0,27.4,31.6,88,4.8,-13.4,0,0,0.0,Overcast clouds,c04n,5
2026-06-13 05:15:00,0.0,27.5,31.9,88,4.8,-10.4,0,0,0.0,Overcast clouds,c04n,5
2026-06-13 05:30:00,0.0,27.6,32.2,88,4.8,-7.3,0,0,0.0,Overcast clouds,c04n,5
2026-06-13 05:45:00,0.0,27.7,32.5,88,4.8,-4.3,0,0,0.0,Overcast clouds,c04n,5
2026-06-13 06:00:00,0.13,27.8,32.8,88,4.8,-1.3,0,0,0.0,Overcast clouds,c04n,6
2026-06-13 06:15:00,2.76,27.9,33.0,88,5.1,1.9,37,14,0.6,Overcast clouds,c04n,6
2026-06-13 06:30:00,8.15,28.0,33.2,88,5.4,5.1,73,28,0.6,Overcast clouds,c04d,6
2026-06-13 06:45:00,23.63,28.0,33.5,88,5.7,8.3,110,41,0.7,Overcast clouds,c04d,6
2026-06-13 07:00:00,33.22,28.1,33.7,88,6.0,11.4,146,55,0.7,Overcast clouds,c04d,7
2026-06-13 07:15:00,52.84,28.2,33.8,87,6.2,14.7,202,62,0.7,Overcast clouds,c04d,7
2026-06-13 07:30:00,60.12,28.3,33.9,86,6.4,18.0,259,69,0.7,Overcast clouds,c04d,7
2026-06-13 07:45:00,43.01,28.4,34.0,85,6.6,21.3,315,76,0.8,Overcast clouds,c04d,7
2026-06-13 08:00:00,45.81,28.5,34.1,84,6.8,24.6,371,83,0.9,Overcast clouds,c04d,8
2026-06-13 08:15:00,64.78,28.6,34.4,84,7.4,27.9,427,87,1.0,Overcast clouds,c04d,8
2026-06-13 08:30:00,123.98,28.7,34.5,83,8.0,31.3,483,92,1.2,Overcast clouds,c04d,8
2026-06-13 08:45:00,96.61,28.8,34.6,82,8.6,34.6,539,96,1.3,Overcast clouds,c04d,8
2026-06-13 09:00:00,72.3,28.9,34.9,82,9.2,38.0,595,101,1.5,Overcast clouds,c04d,9
2026-06-13 09:15:00,82.95,29.7,36.3,78,9.4,41.4,644,104,1.8,Overcast clouds,c04d,9
2026-06-13 09:30:00,108.41,30.6,37.6,74,9.6,44.8,693,107,2.0,Overcast clouds,c04d,9
2026-06-13 09:45:00,113.14,31.4,38.6,70,9.8,48.2,742,110,2.3,Overcast clouds,c04d,9
2026-06-13 10:00:00,56.5,32.2,39.5,66,10.0,51.6,792,113,2.7,Overcast clouds,c04d,10
2026-06-13 10:15:00,3.95,32.2,39.5,66,10.3,55.0,829,115,3.2,Overcast clouds,c04d,10
2026-06-13 10:30:00,4.01,32.2,39.5,66,10.6,58.4,866,117,3.7,Overcast clouds,c04d,10
2026-06-13 10:45:00,4.0,32.2,39.2,65,10.9,61.9,904,118,4.3,Overcast clouds,c04d,10
2026-06-13 11:00:00,3.98,32.2,39.2,65,11.2,65.3,941,120,4.9,Overcast clouds,c04d,11
2026-06-13 11:15:00,4.01,32.2,39.2,65,11.3,68.7,963,122,5.2,Overcast clouds,c04d,11
2026-06-13 11:30:00,3.95,32.2,39.5,66,11.4,72.2,985,123,5.5,Drizzle,d02d,11
2026-06-13 11:45:00,3.97,32.2,39.5,66,11.5,75.6,1008,124,5.9,Broken clouds,c03d,11
2026-06-13 12:00:00,3.99,32.2,39.5,66,11.6,79.1,1030,125,6.2,Broken clouds,c03d,12
2026-06-13 12:15:00,3.98,32.5,40.3,66,11.6,81.1,1035,125,6.1,Broken clouds,c03d,12
2026-06-13 12:30:00,4.03,32.8,40.7,65,11.6,83.1,1040,125,6.0,Overcast clouds,c04d,12
2026-06-13 12:45:00,127.77,33.0,41.1,64,11.6,85.0,1045,125,5.9,Overcast clouds,c04d,12
2026-06-13 13:00:00,50.87,33.3,41.9,64,11.6,87.0,1050,126,5.7,Overcast clouds,c04d,13
2026-06-13 13:15:00,0.0,33.2,42.1,65,11.5,83.6,1038,125,5.3,Overcast clouds,c04d,13
2026-06-13 13:30:00,0.0,33.2,42.2,66,11.4,80.2,1025,124,5.0,Overcast clouds,c04d,13
2026-06-13 13:45:00,0.02,33.1,42.0,66,11.3,76.7,1013,124,4.6,Overcast clouds,c04d,13
2026-06-13 14:00:00,0.0,33.0,42.2,67,11.2,73.3,1001,123,4.2,Overcast clouds,c04d,14
2026-06-13 14:15:00,0.0,33.1,42.0,66,11.1,69.8,972,122,3.8,Overcast clouds,c04d,14
2026-06-13 14:30:00,0.01,33.2,42.2,66,11.0,66.4,943,120,3.5,Overcast clouds,c04d,14
2026-06-13 14:45:00,0.01,33.2,42.5,66,10.9,63.0,914,119,3.1,Overcast clouds,c04d,14
2026-06-13 15:00:00,0.0,33.3,42.3,65,10.8,59.5,885,118,2.8,Drizzle,d02d,15
2026-06-13 15:15:00,0.03,33.1,42.2,66,9.8,56.1,842,115,2.6,Overcast clouds,c04d,15
2026-06-13 15:30:00,0.0,33.0,41.7,66,8.8,52.7,799,113,2.3,Overcast clouds,c04d,15
2026-06-13 15:45:00,0.0,32.8,41.2,66,7.8,49.3,757,111,2.1,Overcast clouds,c04d,15
2026-06-13 16:00:00,0.0,32.6,41.0,67,6.8,45.9,714,108,1.9,Overcast clouds,c04d,16
2026-06-13 16:15:00,0.0,32.6,41.4,68,6.4,42.5,661,105,1.7,Overcast clouds,c04d,16
2026-06-13 16:30:00,0.0,32.6,41.4,68,6.0,39.1,608,101,1.5,Overcast clouds,c04d,16
2026-06-13 16:45:00,0.02,32.6,41.8,69,5.6,35.7,556,97,1.3,Overcast clouds,c04d,16
2026-06-13 17:00:00,0.0,32.6,42.2,70,5.2,32.3,503,94,1.2,Overcast clouds,c04d,17
2026-06-13 17:15:00,0.0,32.1,41.9,73,5.0,29.0,446,89,1.0,Light rain,r01d,17
2026-06-13 17:30:00,0.02,31.7,41.6,76,4.8,25.7,389,83,0.9,Light rain,r01d,17
2026-06-13 17:45:00,0.02,31.2,40.7,78,4.6,22.4,332,78,0.8,Light rain,r01d,17
2026-06-13 18:00:00,0.02,30.7,40.2,81,4.4,19.0,275,73,0.8,Light rain,r01d,18
2026-06-13 18:15:00,0.0,30.6,40.0,81,4.6,15.8,222,64,0.7,Light rain,r01d,18
2026-06-13 18:30:00,0.0,30.6,39.7,81,4.8,12.5,169,55,0.7,Light rain,r01d,18
2026-06-13 18:45:00,0.01,30.5,39.5,81,5.0,9.3,116,47,0.6,Light rain,r01d,18
2026-06-13 19:00:00,0.0,30.4,39.2,81,5.2,6.0,64,38,0.6,Drizzle,d02d,19
2026-06-13 19:15:00,0.02,30.2,38.9,82,5.1,2.9,48,28,0.6,Drizzle,d02n,19
2026-06-13 19:30:00,0.0,30.0,38.2,82,5.0,-0.2,32,19,0.0,Drizzle,d02n,19
2026-06-13 19:45:00,0.0,29.8,37.9,83,4.9,-3.3,16,9,0.0,Drizzle,d02n,19
2026-06-13 20:00:00,0.0,29.6,37.5,84,4.8,-6.5,0,0,0.0,Drizzle,d02n,20
2026-06-13 20:15:00,0.0,29.6,37.5,84,4.6,-9.4,0,0,0.0,Drizzle,d02n,20
2026-06-13 20:30:00,0.0,29.6,37.5,84,4.4,-12.3,0,0,0.0,Drizzle,d02n,20
2026-06-13 20:45:00,0.0,29.6,37.5,84,4.2,-15.2,0,0,0.0,Light rain,r01n,20
2026-06-13 21:00:00,0.0,29.6,37.5,84,4.0,-18.2,0,0,0.0,Moderate rain,r02n,21
2026-06-13 21:15:00,0.0,29.4,37.2,85,4.0,-20.8,0,0,0.0,Moderate rain,r02n,21
2026-06-13 21:30:00,0.01,29.3,36.9,86,4.0,-23.4,0,0,0.0,Heavy rain,r03n,21
2026-06-13 21:45:00,0.0,29.1,36.6,87,4.0,-26.1,0,0,0.0,Moderate rain,r02n,21
2026-06-13 22:00:00,0.0,28.9,36.3,88,4.0,-28.7,0,0,0.0,Moderate rain,r02n,22
2026-06-13 22:15:00,0.0,28.7,35.8,89,3.8,-30.8,0,0,0.0,Light rain,r01n,22
2026-06-13 22:30:00,0.0,28.5,35.4,90,3.6,-33.0,0,0,0.0,Light rain,r01n,22
2026-06-13 22:45:00,0.0,28.3,34.9,91,3.4,-35.1,0,0,0.0,Light rain,r01n,22
2026-06-13 23:00:00,0.0,28.1,34.4,92,3.2,-37.2,0,0,0.0,Light rain,r01n,23
2026-06-13 23:15:00,0.0,28.1,34.4,92,3.0,-38.6,0,0,0.0,Light rain,r01n,23
2026-06-13 23:30:00,0.0,28.1,34.4,92,2.8,-40.0,0,0,0.0,Light rain,r01n,23
2026-06-13 23:45:00,0.0,28.1,34.4,92,2.6,-41.3,0,0,0.0,Light rain,r01n,23
2026-06-14 00:00:00,0.0,28.1,34.4,92,2.4,-42.7,0,0,0.0,Light rain,r01n,0
2026-06-14 00:15:00,0.0,28.0,34.2,92,2.4,-43.0,0,0,0.0,Light rain,r01n,0
2026-06-14 00:30:00,0.0,28.0,34.1,93,2.4,-43.4,0,0,0.0,Light rain,r01n,0
2026-06-14 00:45:00,0.0,27.9,34.0,94,2.4,-43.7,0,0,0.0,Light rain,r01n,0
2026-06-14 01:00:00,0.0,27.8,33.8,94,2.4,-44.0,0,0,0.0,Light rain,r01n,1
2026-06-14 01:15:00,0.0,27.6,33.3,95,2.4,-43.2,0,0,0.0,Thunderstorm with light rain,t01n,1
2026-06-14 01:30:00,0.0,27.4,32.7,96,2.4,-42.5,0,0,0.0,Thunderstorm with light rain,t01n,1
2026-06-14 01:45:00,0.0,27.2,32.2,97,2.4,-41.7,0,0,0.0,Thunderstorm with light rain,t01n,1
2026-06-14 02:00:00,0.0,27.0,31.6,98,2.4,-40.9,0,0,0.0,Light rain,r01n,2
2026-06-14 02:15:00,0.0,27.0,31.6,98,3.5,-39.1,0,0,0.0,Light rain,r01n,2
2026-06-14 02:30:00,0.0,27.0,31.5,97,4.6,-37.4,0,0,0.0,Light rain,r01n,2
2026-06-14 02:45:00,0.0,27.0,31.4,96,5.7,-35.7,0,0,0.0,Light rain,r01n,2
2026-06-14 03:00:00,0.0,27.0,31.4,96,6.8,-34.0,0,0,0.0,Thunderstorm with light rain,t01n,3
2026-06-14 03:15:00,0.0,26.9,31.1,96,7.4,-31.6,0,0,0.0,Thunderstorm with light rain,t01n,3
2026-06-14 03:30:00,0.0,26.9,30.9,96,8.0,-29.2,0,0,0.0,Thunderstorm with light rain,t01n,3
2026-06-14 03:45:00,0.0,26.8,30.7,96,8.6,-26.9,0,0,0.0,Thunderstorm with light rain,t01n,3
2026-06-14 04:00:00,0.0,26.7,30.4,96,9.2,-24.5,0,0,0.0,Thunderstorm with light rain,t01n,4
2026-06-14 04:15:00,0.0,26.6,27.8,96,9.3,-21.7,0,0,0.0,Thunderstorm with light rain,t01n,4
2026-06-14 04:30:00,0.0,26.5,27.7,96,9.4,-18.9,0,0,0.0,Thunderstorm with light rain,t01n,4
2026-06-14 04:45:00,0.0,26.4,27.6,96,9.5,-16.2,0,0,0.0,Thunderstorm with light rain,t01n,4
2026-06-14 05:00:00,0.0,26.3,27.5,96,9.6,-13.4,0,0,0.0,Thunderstorm with light rain,t01n,5
2026-06-14 05:15:00,0.0,26.1,27.3,96,9.3,-10.4,0,0,0.0,Thunderstorm with light rain,t01n,5
2026-06-14 05:30:00,0.0,26.0,27.1,96,9.0,-7.4,0,0,0.0,Thunderstorm with light rain,t01n,5
2026-06-14 05:45:00,0.0,25.8,26.9,96,8.7,-4.3,0,0,0.0,Light rain,r01n,5
2026-06-14 06:00:00,0.0,25.6,26.7,96,8.4,-1.3,0,0,0.0,Moderate rain,r02n,6
2026-06-14 06:15:00,0.0,25.6,26.7,96,7.4,1.9,36,14,0.6,Moderate rain,r02n,6
2026-06-14 06:30:00,0.07,25.6,26.7,96,6.4,5.1,73,28,0.6,Moderate rain,r02d,6
2026-06-14 06:45:00,0.0,25.6,26.7,96,5.4,8.2,109,41,0.6,Moderate rain,r02d,6
2026-06-14 07:00:00,0.94,25.6,26.7,96,4.4,11.4,146,55,0.7,Moderate rain,r02d,7
2026-06-14 07:15:00,0.67,25.5,26.6,96,4.3,14.7,202,62,0.7,Light rain,r01d,7
2026-06-14 07:30:00,3.09,25.4,26.5,97,4.2,18.0,258,69,0.7,Light rain,r01d,7
2026-06-14 07:45:00,3.84,25.3,26.4,98,4.1,21.3,314,76,0.8,Light rain,r01d,7
2026-06-14 08:00:00,5.46,25.2,26.3,98,4.0,24.6,370,83,0.9,Light rain,r01d,8
2026-06-14 08:15:00,6.85,25.3,26.4,98,4.1,27.9,426,87,1.0,Light rain,r01d,8
2026-06-14 08:30:00,15.58,25.4,26.5,97,4.2,31.3,482,92,1.1,Drizzle,d02d,8
2026-06-14 08:45:00,12.23,25.5,26.6,96,4.3,34.6,538,96,1.3,Drizzle,d02d,8
2026-06-14 09:00:00,8.1,25.6,26.7,96,4.4,38.0,594,100,1.4,Drizzle,d02d,9
2026-06-14 09:15:00,0.0,26.0,27.1,94,4.3,41.4,643,104,1.6,Drizzle,d02d,9
2026-06-14 09:30:00,13.54,26.3,27.4,92,4.2,44.8,693,107,1.8,Drizzle,d02d,9
2026-06-14 09:45:00,20.3,26.7,27.7,90,4.1,48.2,742,110,2.0,Light rain,r01d,9
2026-06-14 10:00:00,24.4,27.0,30.5,88,4.0,51.6,791,113,2.2,Light rain,r01d,10
2026-06-14 10:15:00,37.35,27.1,30.8,88,4.1,55.0,828,115,2.4,Light rain,r01d,10
2026-06-14 10:30:00,35.36,27.2,31.0,87,4.2,58.4,866,116,2.6,Drizzle,d02d,10
2026-06-14 10:45:00,40.46,27.3,31.1,86,4.3,61.8,903,118,2.8,Drizzle,d02d,10
2026-06-14 11:00:00,63.2,27.4,31.4,86,4.4,65.3,940,120,3.0,Drizzle,d02d,11
2026-06-14 11:15:00,104.43,27.5,31.7,86,4.3,68.7,963,121,3.2,Drizzle,d02d,11
2026-06-14 11:30:00,123.47,27.6,31.8,85,4.2,72.1,985,123,3.3,Light rain,r01d,11
2026-06-14 11:45:00,124.67,27.7,31.9,84,4.1,75.6,1007,124,3.5,Drizzle,d02d,11
2026-06-14 12:00:00,122.86,27.8,32.2,84,4.0,79.0,1030,125,3.6,Drizzle,d02d,12
2026-06-14 12:15:00,51.18,28.3,33.1,82,3.8,81.0,1035,125,3.6,Overcast clouds,c04d,12
2026-06-14 12:30:00,3.89,28.7,33.9,80,3.6,83.0,1040,125,3.7,Overcast clouds,c04d,12
2026-06-14 12:45:00,3.97,29.2,34.5,77,3.4,85.1,1045,125,3.7,Overcast clouds,c04d,12
2026-06-14 13:00:00,33.46,29.6,35.2,75,3.2,87.1,1050,126,3.7,Overcast clouds,c04d,13
2026-06-14 13:15:00,24.11,29.7,35.5,75,3.2,83.6,1038,125,3.7,Overcast clouds,c04d,13
2026-06-14 13:30:00,4.02,29.8,35.8,75,3.2,80.2,1025,124,3.6,Overcast clouds,c04d,13
2026-06-14 13:45:00,64.26,29.9,36.0,75,3.2,76.8,1013,124,3.5,Overcast clouds,c04d,13
2026-06-14 14:00:00,53.69,30.0,36.3,75,3.2,73.3,1001,123,3.4,Overcast clouds,c04d,14
2026-06-14 14:15:00,28.22,30.2,36.8,75,3.1,69.9,972,122,3.2,Overcast clouds,c04d,14
2026-06-14 14:30:00,18.8,30.4,37.0,74,3.0,66.5,943,120,3.1,Overcast clouds,c04d,14
2026-06-14 14:45:00,12.15,30.5,37.5,74,2.9,63.0,914,119,2.9,Overcast clouds,c04d,14
2026-06-14 15:00:00,6.37,30.7,38.0,74,2.8,59.6,885,118,2.7,Overcast clouds,c04d,15
2026-06-14 15:15:00,4.0,30.8,38.3,74,2.9,56.2,843,115,2.5,Overcast clouds,c04d,15
2026-06-14 15:30:00,3.93,30.9,38.2,73,3.0,52.8,800,113,2.3,Overcast clouds,c04d,15
2026-06-14 15:45:00,3.95,31.0,38.2,72,3.1,49.3,757,111,2.1,Overcast clouds,c04d,15
2026-06-14 16:00:00,3.98,31.1,38.5,72,3.2,45.9,714,108,1.9,Overcast clouds,c04d,16
2026-06-14 16:15:00,3.89,31.3,38.7,71,3.2,42.5,662,105,1.7,Overcast clouds,c04d,16
2026-06-14 16:30:00,3.92,31.5,39.0,70,3.2,39.2,609,101,1.5,Overcast clouds,c04d,16
2026-06-14 16:45:00,3.96,31.7,39.5,70,3.2,35.8,556,98,1.3,Overcast clouds,c04d,16
2026-06-14 17:00:00,3.96,31.9,39.8,69,3.2,32.4,504,94,1.2,Overcast clouds,c04d,17
2026-06-14 17:15:00,4.0,31.2,38.6,72,3.2,29.1,447,89,1.0,Overcast clouds,c04d,17
2026-06-14 17:30:00,3.98,30.4,37.1,74,3.2,25.7,390,83,0.9,Overcast clouds,c04d,17
2026-06-14 17:45:00,3.93,29.7,35.8,77,3.2,22.4,333,78,0.8,Overcast clouds,c04d,17
2026-06-14 18:00:00,3.96,28.9,34.5,80,3.2,19.1,276,73,0.8,Overcast clouds,c04d,18
2026-06-14 18:15:00,3.97,28.9,34.5,80,2.9,15.8,223,64,0.7,Overcast clouds,c04d,18
2026-06-14 18:30:00,12.99,28.9,34.7,81,2.6,12.6,170,56,0.7,Overcast clouds,c04d,18
2026-06-14 18:45:00,8.97,28.9,34.9,82,2.3,9.3,117,47,0.7,Overcast clouds,c04d,18
2026-06-14 19:00:00,4.16,28.9,34.9,82,2.0,6.1,65,38,0.7,Overcast clouds,c04d,19
2026-06-14 19:15:00,1.77,28.9,34.9,82,2.0,3.0,48,29,0.6,Overcast clouds,c04n,19
2026-06-14 19:30:00,0.37,28.9,34.9,82,2.0,-0.1,32,19,0.0,Overcast clouds,c04n,19
2026-06-14 19:45:00,0.02,28.9,34.9,82,2.0,-3.3,16,10,0.0,Overcast clouds,c04n,19
2026-06-14 20:00:00,0.0,28.9,34.9,82,2.0,-6.4,0,0,0.0,Overcast clouds,c04n,20
2026-06-14 20:15:00,0.0,28.8,34.6,82,2.2,-9.3,0,0,0.0,Overcast clouds,c04n,20
2026-06-14 20:30:00,0.0,28.7,34.5,83,2.4,-12.2,0,0,0.0,Overcast clouds,c04n,20
2026-06-14 20:45:00,0.0,28.6,34.4,84,2.6,-15.2,0,0,0.0,Overcast clouds,c04n,20
2026-06-14 21:00:00,0.0,28.5,34.1,84,2.8,-18.1,0,0,0.0,Overcast clouds,c04n,21
2026-06-14 21:15:00,0.0,28.2,33.7,86,2.6,-20.7,0,0,0.0,Overcast clouds,c04n,21
2026-06-14 21:30:00,0.0,28.0,33.1,87,2.4,-23.4,0,0,0.0,Overcast clouds,c04n,21
2026-06-14 21:45:00,0.0,27.7,32.4,88,2.2,-26.0,0,0,0.0,Overcast clouds,c04n,21
2026-06-14 22:00:00,0.0,27.4,31.9,90,2.0,-28.6,0,0,0.0,Overcast clouds,c04n,22
2026-06-14 22:15:00,0.0,27.4,31.9,90,2.2,-30.7,0,0,0.0,Overcast clouds,c04n,22
2026-06-14 22:30:00,0.0,27.4,31.9,90,2.4,-32.9,0,0,0.0,Drizzle,d02n,22
2026-06-14 22:45:00,0.0,27.4,31.9,90,2.6,-35.0,0,0,0.0,Overcast clouds,c04n,22
2026-06-14 23:00:00,0.0,27.4,31.9,90,2.8,-37.2,0,0,0.0,Overcast clouds,c04n,23
2026-06-14 23:15:00,0.0,27.3,31.7,91,2.9,-38.5,0,0,0.0,Overcast clouds,c04n,23
2026-06-14 23:30:00,0.0,27.2,31.6,92,3.0,-39.9,0,0,0.0,Overcast clouds,c04n,23
2026-06-14 23:45:00,0.0,27.1,31.4,93,3.1,-41.3,0,0,0.0,Overcast clouds,c04n,23
2026-06-15 00:00:00,0.0,27.0,31.2,94,3.2,-42.7,0,0,0.0,Drizzle,d02n,0
2026-06-15 00:15:00,0.0,26.9,30.9,94,3.6,-43.0,0,0,0.0,Overcast clouds,c04n,0
2026-06-15 00:30:00,0.0,26.9,30.8,95,4.0,-43.3,0,0,0.0,Overcast clouds,c04n,0
2026-06-15 00:45:00,0.0,26.8,30.7,96,4.4,-43.7,0,0,0.0,Overcast clouds,c04n,0
2026-06-15 01:00:00,0.0,26.7,30.4,96,4.8,-44.0,0,0,0.0,Overcast clouds,c04n,1
2026-06-15 01:15:00,0.0,26.7,30.4,96,5.1,-43.2,0,0,0.0,Overcast clouds,c04n,1
2026-06-15 01:30:00,0.0,26.7,30.4,96,5.4,-42.4,0,0,0.0,Overcast clouds,c04n,1
2026-06-15 01:45:00,0.0,26.7,30.4,96,5.7,-41.6,0,0,0.0,Overcast clouds,c04n,1
2026-06-15 02:00:00,0.0,26.7,30.4,96,6.0,-40.8,0,0,0.0,Overcast clouds,c04n,2
2026-06-15 02:15:00,0.0,26.7,30.4,96,5.9,-39.1,0,0,0.0,Overcast clouds,c04n,2
2026-06-15 02:30:00,0.0,26.7,30.3,95,5.8,-37.4,0,0,0.0,Overcast clouds,c04n,2
2026-06-15 02:45:00,0.0,26.7,30.2,94,5.7,-35.7,0,0,0.0,Overcast clouds,c04n,2
2026-06-15 03:00:00,0.0,26.7,30.2,94,5.6,-34.0,0,0,0.0,Overcast clouds,c04n,3
2026-06-15 03:15:00,0.0,26.6,27.8,94,5.5,-31.6,0,0,0.0,Overcast clouds,c04n,3
2026-06-15 03:30:00,0.0,26.5,27.7,95,5.4,-29.2,0,0,0.0,Overcast clouds,c04n,3
2026-06-15 03:45:00,0.0,26.4,27.6,96,5.3,-26.9,0,0,0.0,Overcast clouds,c04n,3
2026-06-15 04:00:00,0.0,26.3,27.5,96,5.2,-24.5,0,0,0.0,Overcast clouds,c04n,4
2026-06-15 04:15:00,0.0,26.2,27.4,96,4.7,-21.7,0,0,0.0,Overcast clouds,c04n,4
2026-06-15 04:30:00,0.0,26.1,27.3,97,4.2,-19.0,0,0,0.0,Fog,a05n,4
2026-06-15 04:45:00,0.0,26.0,27.2,98,3.7,-16.2,0,0,0.0,Fog,a05n,4
2026-06-15 05:00:00,0.0,25.9,27.1,98,3.2,-13.4,0,0,0.0,Fog,a05n,5
2026-06-15 05:15:00,0.0,25.9,27.1,98,3.8,-10.4,0,0,0.0,Fog,a05n,5
2026-06-15 05:30:00,0.0,25.9,27.1,98,4.4,-7.4,0,0,0.0,Fog,a05n,5
2026-06-15 05:45:00,0.0,25.9,27.1,98,5.0,-4.4,0,0,0.0,Fog,a05n,5
2026-06-15 06:00:00,0.0,25.9,27.1,98,5.6,-1.3,0,0,0.0,Fog,a05n,6
2026-06-15 06:15:00,0.64,26.0,27.2,98,6.2,1.8,36,14,0.6,Fog,a05n,6
2026-06-15 06:30:00,1.59,26.1,27.3,97,6.8,5.0,73,28,0.6,Fog,a05d,6
2026-06-15 06:45:00,1.89,26.2,27.4,96,7.4,8.2,109,41,0.7,Overcast clouds,c04d,6
2026-06-15 07:00:00,3.62,26.3,27.5,96,8.0,11.4,145,55,0.7,Overcast clouds,c04d,7
2026-06-15 07:15:00,7.74,26.4,27.6,96,7.6,14.7,201,62,0.7,Overcast clouds,c04d,7
2026-06-15 07:30:00,7.59,26.5,27.7,95,7.2,17.9,257,69,0.7,Overcast clouds,c04d,7
2026-06-15 07:45:00,11.19,26.6,27.8,94,6.8,21.2,313,76,0.8,Overcast clouds,c04d,7
2026-06-15 08:00:00,7.81,26.7,30.2,94,6.4,24.5,369,83,0.9,Overcast clouds,c04d,8
2026-06-15 08:15:00,10.22,26.6,27.8,94,6.0,27.9,425,87,1.0,Overcast clouds,c04d,8
2026-06-15 08:30:00,0.0,26.5,27.7,95,5.6,31.2,481,92,1.1,Overcast clouds,c04d,8
2026-06-15 08:45:00,0.0,26.4,27.6,96,5.2,34.6,537,96,1.3,Overcast clouds,c04d,8
2026-06-15 09:00:00,0.0,26.3,27.5,96,4.8,37.9,594,100,1.4,Overcast clouds,c04d,9
2026-06-15 09:15:00,9.01,26.6,27.7,94,4.7,41.3,643,103,1.6,Overcast clouds,c04d,9
2026-06-15 09:30:00,8.15,26.9,30.5,92,4.6,44.7,692,106,1.8,Drizzle,d02d,9
2026-06-15 09:45:00,3.52,27.1,31.1,90,4.5,48.1,741,109,2.0,Drizzle,d02d,9
2026-06-15 10:00:00,4.52,27.4,31.6,88,4.4,51.5,790,113,2.2,Light rain,r01d,10
2026-06-15 10:15:00,5.53,27.5,31.9,88,4.2,54.9,828,114,2.4,Light rain,r01d,10
2026-06-15 10:30:00,5.61,27.6,32.1,87,4.0,58.4,865,116,2.6,Light rain,r01d,10
2026-06-15 10:45:00,13.59,27.7,32.2,86,3.8,61.8,902,118,2.8,Light rain,r01d,10
2026-06-15 11:00:00,18.64,27.8,32.5,86,3.6,65.2,940,120,3.0,Drizzle,d02d,11
2026-06-15 11:15:00,25.29,27.8,32.5,86,3.6,68.7,962,121,3.2,Drizzle,d02d,11
2026-06-15 11:30:00,27.82,27.8,32.5,86,3.6,72.1,985,122,3.3,Drizzle,d02d,11
2026-06-15 11:45:00,34.93,27.8,32.5,86,3.6,75.5,1007,124,3.5,Thunderstorm with drizzle,t04d,11
2026-06-15 12:00:00,46.56,27.8,32.5,86,3.6,79.0,1029,125,3.6,Thunderstorm with light rain,t01d,12
2026-06-15 12:15:00,50.86,27.7,32.2,86,3.8,81.0,1034,125,3.6,Thunderstorm with light rain,t01d,12
2026-06-15 12:30:00,57.85,27.6,31.9,86,4.0,83.0,1040,125,3.7,Light rain,r01d,12
2026-06-15 12:45:00,53.58,27.5,31.7,86,4.2,85.1,1045,125,3.7,Drizzle,d02d,12
2026-06-15 13:00:00,36.85,27.4,31.4,86,4.4,87.1,1050,126,3.7,Drizzle,d02d,13
2026-06-15 13:15:00,38.53,27.2,31.0,87,4.4,83.7,1038,125,3.7,Overcast clouds,c04d,13
2026-06-15 13:30:00,82.13,27.1,30.7,88,4.4,80.2,1025,124,3.6,Overcast clouds,c04d,13
2026-06-15 13:45:00,35.09,26.9,30.3,89,4.4,76.8,1013,124,3.5,Overcast clouds,c04d,13
2026-06-15 14:00:00,39.35,26.7,29.9,90,4.4,73.4,1001,123,3.4,Overcast clouds,c04d,14
2026-06-15 14:15:00,41.31,26.7,29.9,90,4.3,69.9,972,122,3.2,Overcast clouds,c04d,14
2026-06-15 14:30:00,34.22,26.7,30.0,91,4.2,66.5,943,120,3.1,Overcast clouds,c04d,14
2026-06-15 14:45:00,57.83,26.7,30.1,92,4.1,63.1,915,119,2.9,Overcast clouds,c04d,14
2026-06-15 15:00:00,69.87,26.7,30.1,92,4.0,59.6,886,118,2.7,Overcast clouds,c04d,15
2026-06-15 15:15:00,61.67,26.9,30.5,91,3.8,56.2,843,115,2.5,Overcast clouds,c04d,15
2026-06-15 15:30:00,68.33,27.1,30.9,90,3.6,52.8,800,113,2.3,Overcast clouds,c04d,15
2026-06-15 15:45:00,71.32,27.2,31.3,89,3.4,49.4,758,111,2.1,Overcast clouds,c04d,15
2026-06-15 16:00:00,54.4,27.4,31.6,88,3.2,46.0,715,108,1.9,Overcast clouds,c04d,16
2026-06-15 16:15:00,49.44,27.5,31.9,88,3.2,42.6,662,105,1.7,Overcast clouds,c04d,16
2026-06-15 16:30:00,52.59,27.6,32.1,87,3.2,39.2,610,101,1.5,Overcast clouds,c04d,16
2026-06-15 16:45:00,0.01,27.7,32.2,86,3.2,35.8,557,98,1.3,Overcast clouds,c04d,16
2026-06-15 17:00:00,0.0,27.8,32.5,86,3.2,32.5,505,94,1.2,Overcast clouds,c04d,17
2026-06-15 17:15:00,0.0,27.4,31.7,88,3.5,29.1,448,89,1.0,Overcast clouds,c04d,17
2026-06-15 17:30:00,0.02,27.1,31.0,91,3.8,25.8,391,84,0.9,Overcast clouds,c04d,17
2026-06-15 17:45:00,0.04,26.7,30.2,94,4.1,22.5,334,78,0.8,Overcast clouds,c04d,17
2026-06-15 18:00:00,0.02,26.3,27.5,96,4.4,19.2,276,73,0.8,Overcast clouds,c04d,18
2026-06-15 18:15:00,31.89,26.3,27.5,95,4.3,15.9,224,64,0.7,Overcast clouds,c04d,18
2026-06-15 18:30:00,21.19,26.3,27.4,94,4.2,12.7,171,56,0.7,Overcast clouds,c04d,18
2026-06-15 18:45:00,9.4,26.3,27.4,93,4.1,9.4,118,47,0.6,Overcast clouds,c04d,18
2026-06-15 19:00:00,4.86,26.3,27.4,92,4.0,6.2,65,38,0.6,Overcast clouds,c04d,19
2026-06-15 19:15:00,1.87,26.3,27.4,92,3.9,3.0,49,29,0.6,Overcast clouds,c04n,19
2026-06-15 19:30:00,0.32,26.3,27.4,92,3.8,-0.1,33,19,0.0,Overcast clouds,c04n,19
2026-06-15 19:45:00,0.03,26.3,27.4,92,3.7,-3.2,16,10,0.0,Overcast clouds,c04n,19
2026-06-15 20:00:00,0.0,26.3,27.4,92,3.6,-6.3,0,0,0.0,Overcast clouds,c04n,20
2026-06-15 20:15:00,0.0,26.3,27.4,92,3.7,-9.3,0,0,0.0,Overcast clouds,c04n,20
2026-06-15 20:30:00,0.0,26.3,27.4,92,3.8,-12.2,0,0,0.0,Overcast clouds,c04n,20
2026-06-15 20:45:00,0.0,26.3,27.4,92,3.9,-15.1,0,0,0.0,Overcast clouds,c04n,20
2026-06-15 21:00:00,0.0,26.3,27.4,92,4.0,-18.0,0,0,0.0,Overcast clouds,c04n,21
2026-06-15 21:15:00,0.0,26.2,27.3,92,4.1,-20.7,0,0,0.0,Overcast clouds,c04n,21
2026-06-15 21:30:00,0.0,26.1,27.2,93,4.2,-23.3,0,0,0.0,Overcast clouds,c04n,21
2026-06-15 21:45:00,0.0,26.0,27.1,94,4.3,-25.9,0,0,0.0,Overcast clouds,c04n,21
2026-06-15 22:00:00,0.0,25.9,27.0,94,4.4,-28.6,0,0,0.0,Overcast clouds,c04n,22
2026-06-15 22:15:00,0.0,25.9,27.0,94,4.1,-30.7,0,0,0.0,Overcast clouds,c04n,22
2026-06-15 22:30:00,0.0,25.9,27.0,94,3.8,-32.8,0,0,0.0,Overcast clouds,c04n,22
2026-06-15 22:45:00,0.0,25.9,27.0,94,3.5,-35.0,0,0,0.0,Overcast clouds,c04n,22
2026-06-15 23:00:00,0.0,25.9,27.0,94,3.2,-37.1,0,0,0.0,Overcast clouds,c04n,23
2026-06-15 23:15:00,0.0,25.8,26.9,94,2.8,-38.5,0,0,0.0,Overcast clouds,c04n,23
2026-06-15 23:30:00,0.0,25.8,26.9,95,2.4,-39.8,0,0,0.0,Overcast clouds,c04n,23
2026-06-15 23:45:00,0.0,25.7,26.8,96,2.0,-41.2,0,0,0.0,Overcast clouds,c04n,23
2026-06-16 00:00:00,0.0,25.6,26.7,96,1.6,-42.6,0,0,0.0,Overcast clouds,c04n,0
2026-06-16 00:15:00,0.0,25.5,26.6,96,1.8,-42.9,0,0,0.0,Overcast clouds,c04n,0
2026-06-16 00:30:00,0.0,25.4,26.5,97,2.0,-43.3,0,0,0.0,Fog,a05n,0
2026-06-16 00:45:00,0.0,25.3,26.4,98,2.2,-43.6,0,0,0.0,Fog,a05n,0
2026-06-16 01:00:00,0.0,25.2,26.3,98,2.4,-44.0,0,0,0.0,Drizzle,d02n,1
2026-06-16 01:15:00,0.0,25.2,26.3,98,2.7,-43.2,0,0,0.0,Drizzle,d02n,1
2026-06-16 01:30:00,0.0,25.2,26.3,98,3.0,-42.4,0,0,0.0,Light rain,r01n,1
2026-06-16 01:45:00,0.0,25.2,26.3,98,3.3,-41.6,0,0,0.0,Light rain,r01n,1
2026-06-16 02:00:00,0.0,25.2,26.3,98,3.6,-40.8,0,0,0.0,Light rain,r01n,2
2026-06-16 02:15:00,0.0,25.2,26.3,98,3.8,-39.1,0,0,0.0,Light rain,r01n,2
2026-06-16 02:30:00,0.0,25.2,26.3,98,4.0,-37.4,0,0,0.0,Light rain,r01n,2
2026-06-16 02:45:00,0.0,25.2,26.3,98,4.2,-35.7,0,0,0.0,Light rain,r01n,2
2026-06-16 03:00:00,0.0,25.2,26.3,98,4.4,-34.0,0,0,0.0,Light rain,r01n,3
2026-06-16 03:15:00,0.0,25.2,26.3,98,4.1,-31.6,0,0,0.0,Light rain,r01n,3
2026-06-16 03:30:00,0.0,25.2,26.3,98,3.8,-29.2,0,0,0.0,Light rain,r01n,3
2026-06-16 03:45:00,0.0,25.2,26.3,98,3.5,-26.9,0,0,0.0,Light rain,r01n,3
2026-06-16 04:00:00,0.0,25.2,26.3,98,3.2,-24.5,0,0,0.0,Drizzle,d02n,4
2026-06-16 04:15:00,0.0,25.2,26.3,98,3.3,-21.7,0,0,0.0,Drizzle,d02n,4
2026-06-16 04:30:00,0.0,25.2,26.3,98,3.4,-19.0,0,0,0.0,Drizzle,d02n,4
2026-06-16 04:45:00,0.0,25.2,26.3,98,3.5,-16.2,0,0,0.0,Drizzle,d02n,4
2026-06-16 05:00:00,0.0,25.2,26.3,98,3.6,-13.4,0,0,0.0,Drizzle,d02n,5
2026-06-16 05:15:00,0.0,25.3,26.4,98,3.7,-10.4,0,0,0.0,Drizzle,d02n,5
2026-06-16 05:30:00,0.0,25.4,26.5,97,3.8,-7.4,0,0,0.0,Drizzle,d02n,5
2026-06-16 05:45:00,0.0,25.5,26.6,96,3.9,-4.4,0,0,0.0,Drizzle,d02n,5
2026-06-16 06:00:00,0.0,25.6,26.7,96,4.0,-1.4,0,0,0.0,Drizzle,d02n,6
2026-06-16 06:15:00,0.88,25.5,26.6,96,4.2,1.8,36,14,0.6,Overcast clouds,c04n,6
2026-06-16 06:30:00,0.92,25.4,26.5,97,4.4,5.0,72,28,0.6,Fog,a05d,6
2026-06-16 06:45:00,2.35,25.3,26.4,98,4.6,8.2,109,41,0.6,Fog,a05d,6
2026-06-16 07:00:00,6.77,25.2,26.3,98,4.8,11.4,145,55,0.7,Fog,a05d,7
2026-06-16 07:15:00,16.15,25.2,26.3,98,4.8,14.6,201,62,0.7,Fog,a05d,7
2026-06-16 07:30:00,23.95,25.2,26.3,98,4.8,17.9,257,69,0.7,Fog,a05d,7
2026-06-16 07:45:00,50.73,25.2,26.3,98,4.8,21.2,313,76,0.8,Fog,a05d,7
2026-06-16 08:00:00,69.11,25.2,26.3,98,4.8,24.5,369,83,0.9,Fog,a05d,8
2026-06-16 08:15:00,59.84,25.3,26.4,98,5.0,27.8,425,87,1.0,Fog,a05d,8
2026-06-16 08:30:00,37.69,25.4,26.5,97,5.2,31.2,481,91,1.1,Fog,a05d,8
2026-06-16 08:45:00,77.9,25.5,26.6,96,5.4,34.5,537,96,1.3,Overcast clouds,c04d,8
2026-06-16 09:00:00,47.65,25.6,26.7,96,5.6,37.9,593,100,1.4,Overcast clouds,c04d,9
2026-06-16 09:15:00,67.15,26.0,27.1,94,5.1,41.3,642,103,1.6,Overcast clouds,c04d,9
2026-06-16 09:30:00,98.36,26.3,27.4,93,4.6,44.7,691,106,1.8,Overcast clouds,c04d,9
2026-06-16 09:45:00,53.97,26.7,27.8,92,4.1,48.1,740,109,2.0,Overcast clouds,c04d,9
2026-06-16 10:00:00,39.71,27.0,30.7,90,3.6,51.5,789,112,2.2,Overcast clouds,c04d,10
2026-06-16 10:15:00,48.95,27.1,31.0,90,3.7,54.9,827,114,2.4,Overcast clouds,c04d,10
2026-06-16 10:30:00,61.72,27.2,31.3,90,3.8,58.3,864,116,2.6,Overcast clouds,c04d,10
2026-06-16 10:45:00,92.71,27.3,31.6,90,3.9,61.7,902,118,2.8,Overcast clouds,c04d,10
2026-06-16 11:00:00,3.91,27.4,31.9,90,4.0,65.2,939,120,3.0,Overcast clouds,c04d,11
2026-06-16 11:15:00,3.94,27.3,31.6,90,3.9,68.6,962,121,3.2,Overcast clouds,c04d,11
2026-06-16 11:30:00,3.94,27.2,31.4,91,3.8,72.0,984,122,3.3,Drizzle,d02d,11
2026-06-16 11:45:00,4.01,27.1,31.2,92,3.7,75.5,1006,124,3.5,Overcast clouds,c04d,11
2026-06-16 12:00:00,3.98,27.0,30.9,92,3.6,78.9,1029,125,3.6,Overcast clouds,c04d,12
2026-06-16 12:15:00,3.89,27.2,31.4,91,3.4,81.0,1034,125,3.6,Overcast clouds,c04d,12
2026-06-16 12:30:00,3.96,27.4,31.9,90,3.2,83.0,1039,125,3.7,Overcast clouds,c04d,12
2026-06-16 12:45:00,3.99,27.6,32.4,89,3.0,85.1,1045,125,3.7,Overcast clouds,c04d,12
2026-06-16 13:00:00,3.96,27.8,32.8,88,2.8,87.2,1050,126,3.7,Overcast clouds,c04d,13
2026-06-16 13:15:00,3.98,27.8,32.8,88,2.7,83.7,1038,125,3.7,Overcast clouds,c04d,13
2026-06-16 13:30:00,3.97,27.8,32.6,87,2.6,80.3,1025,124,3.6,Drizzle,d02d,13
2026-06-16 13:45:00,3.94,27.8,32.5,86,2.5,76.9,1013,124,3.5,Overcast clouds,c04d,13
2026-06-16 14:00:00,3.98,27.8,32.5,86,2.4,73.4,1001,123,3.4,Overcast clouds,c04d,14
2026-06-16 14:15:00,3.95,27.9,32.7,86,2.7,70.0,972,122,3.2,Overcast clouds,c04d,14
2026-06-16 14:30:00,3.92,28.0,32.8,85,3.0,66.6,944,120,3.1,Overcast clouds,c04d,14
2026-06-16 14:45:00,3.96,28.0,32.8,84,3.3,63.1,915,119,2.9,Overcast clouds,c04d,14
2026-06-16 15:00:00,3.9,28.1,33.0,84,3.6,59.7,886,118,2.7,Overcast clouds,c04d,15
2026-06-16 15:15:00,3.94,28.2,33.3,84,3.5,56.3,844,115,2.5,Overcast clouds,c04d,15
2026-06-16 15:30:00,61.24,28.3,33.6,84,3.4,52.9,801,113,2.4,Overcast clouds,c04d,15
2026-06-16 15:45:00,5.7,28.4,33.9,84,3.3,49.4,758,111,2.2,Overcast clouds,c04d,15
2026-06-16 16:00:00,3.92,28.5,34.1,84,3.2,46.0,716,108,2.0,Overcast clouds,c04d,16
2026-06-16 16:15:00,3.95,28.6,34.2,83,3.4,42.7,663,105,1.9,Overcast clouds,c04d,16
2026-06-16 16:30:00,3.96,28.7,34.3,82,3.6,39.3,611,101,1.9,Thunderstorm with drizzle,t04d,16
2026-06-16 16:45:00,53.11,28.8,34.4,81,3.8,35.9,558,98,1.8,Thunderstorm with drizzle,t04d,16
2026-06-16 17:00:00,40.62,28.9,34.5,80,4.0,32.5,505,94,1.7,Drizzle,d02d,17
2026-06-16 17:15:00,48.42,28.5,33.8,82,3.6,29.2,448,89,1.4,Drizzle,d02d,17
2026-06-16 17:30:00,54.97,28.2,33.3,85,3.2,25.9,391,84,1.2,Drizzle,d02d,17
2026-06-16 17:45:00,3.96,27.8,32.7,88,2.8,22.5,334,78,1.0,Drizzle,d02d,17
2026-06-16 18:00:00,4.01,27.4,31.9,90,2.4,19.2,277,73,0.9,Drizzle,d02d,18
2026-06-16 18:15:00,3.92,27.5,32.2,90,2.3,16.0,225,65,0.8,Overcast clouds,c04d,18
2026-06-16 18:30:00,3.95,27.6,32.4,89,2.2,12.7,172,56,0.7,Overcast clouds,c04d,18
2026-06-16 18:45:00,4.02,27.7,32.5,88,2.1,9.5,119,47,0.7,Overcast clouds,c04d,18
2026-06-16 19:00:00,4.21,27.8,32.8,88,2.0,6.2,66,38,0.7,Overcast clouds,c04d,19
2026-06-16 19:15:00,2.67,27.7,32.5,88,2.3,3.1,50,29,0.6,Overcast clouds,c04n,19
2026-06-16 19:30:00,0.31,27.6,32.4,89,2.6,0.0,33,19,0.6,Overcast clouds,c04n,19
2026-06-16 19:45:00,0.08,27.5,32.2,90,2.9,-3.1,17,10,0.0,Overcast clouds,c04n,19
2026-06-16 20:00:00,0.0,27.4,31.9,90,3.2,-6.3,0,0,0.0,Drizzle,d02n,20
2026-06-16 20:15:00,0.0,27.3,31.6,90,3.3,-9.2,0,0,0.0,Drizzle,d02n,20
2026-06-16 20:30:00,0.0,27.2,31.4,91,3.4,-12.1,0,0,0.0,Drizzle,d02n,20
2026-06-16 20:45:00,0.0,27.1,31.2,92,3.5,-15.1,0,0,0.0,Overcast clouds,c04n,20
2026-06-16 21:00:00,0.0,27.0,30.9,92,3.6,-18.0,0,0,0.0,Overcast clouds,c04n,21
2026-06-16 21:15:00,0.0,26.9,30.7,92,3.6,-20.6,0,0,0.0,Overcast clouds,c04n,21
2026-06-16 21:30:00,0.0,26.9,30.6,93,3.6,-23.2,0,0,0.0,Overcast clouds,c04n,21
2026-06-16 21:45:00,0.0,26.8,30.5,94,3.6,-25.9,0,0,0.0,Overcast clouds,c04n,21
2026-06-16 22:00:00,0.0,26.7,30.2,94,3.6,-28.5,0,0,0.0,Overcast clouds,c04n,22
2026-06-16 22:15:00,0.0,26.6,27.8,94,3.5,-30.6,0,0,0.0,Overcast clouds,c04n,22
2026-06-16 22:30:00,0.0,26.5,27.7,95,3.4,-32.8,0,0,0.0,Overcast clouds,c04n,22
2026-06-16 22:45:00,0.0,26.4,27.6,96,3.3,-34.9,0,0,0.0,Overcast clouds,c04n,22
2026-06-16 23:00:00,0.0,26.3,27.5,96,3.2,-37.0,0,0,0.0,Overcast clouds,c04n,23
2026-06-16 23:15:00,0.0,26.3,27.5,96,3.0,-38.4,0,0,0.0,Overcast clouds,c04n,23
2026-06-16 23:30:00,0.0,26.3,27.5,96,2.8,-39.8,0,0,0.0,Overcast clouds,c04n,23
2026-06-16 23:45:00,0.0,26.3,27.5,96,2.6,-41.2,0,0,0.0,Overcast clouds,c04n,23
2026-06-17 00:00:00,0.0,26.3,27.5,96,2.4,-42.6,0,0,0.0,Overcast clouds,c04n,0
2026-06-17 00:15:00,0.0,26.2,27.4,96,2.4,-42.9,0,0,0.0,Overcast clouds,c04n,0
2026-06-17 00:30:00,0.0,26.1,27.3,97,2.4,-43.2,0,0,0.0,Fog,a05n,0
2026-06-17 00:45:00,0.0,26.0,27.2,98,2.4,-43.6,0,0,0.0,Fog,a05n,0
2026-06-17 01:00:00,0.0,25.9,27.1,98,2.4,-43.9,0,0,0.0,Drizzle,d02n,1
2026-06-17 01:15:00,0.0,25.9,27.1,98,2.8,-43.2,0,0,0.0,Drizzle,d02n,1
2026-06-17 01:30:00,0.0,25.9,27.1,97,3.2,-42.4,0,0,0.0,Light rain,r01n,1
2026-06-17 01:45:00,0.0,25.9,27.1,96,3.6,-41.6,0,0,0.0,Drizzle,d02n,1
2026-06-17 02:00:00,0.0,25.9,27.1,96,4.0,-40.8,0,0,0.0,Drizzle,d02n,2
2026-06-17 02:15:00,0.0,25.9,27.1,96,3.6,-39.1,0,0,0.0,Drizzle,d02n,2
2026-06-17 02:30:00,0.0,25.9,27.1,96,3.2,-37.4,0,0,0.0,Light rain,r01n,2
2026-06-17 02:45:00,0.0,25.9,27.1,96,2.8,-35.7,0,0,0.0,Light rain,r01n,2
2026-06-17 03:00:00,0.0,25.9,27.1,96,2.4,-34.0,0,0,0.0,Light rain,r01n,3
2026-06-17 03:15:00,0.0,25.9,27.1,96,2.5,-31.6,0,0,0.0,Drizzle,d02n,3
2026-06-17 03:30:00,0.0,25.9,27.1,96,2.6,-29.2,0,0,0.0,Drizzle,d02n,3
2026-06-17 03:45:00,0.0,25.9,27.1,96,2.7,-26.9,0,0,0.0,Drizzle,d02n,3
2026-06-17 04:00:00,0.0,25.9,27.1,96,2.8,-24.5,0,0,0.0,Drizzle,d02n,4
2026-06-17 04:15:00,0.0,25.8,27.0,96,2.8,-21.8,0,0,0.0,Overcast clouds,c04n,4
2026-06-17 04:30:00,0.0,25.8,26.9,97,2.8,-19.0,0,0,0.0,Fog,a05n,4
2026-06-17 04:45:00,0.0,25.7,26.9,98,2.8,-16.2,0,0,0.0,Fog,a05n,4
2026-06-17 05:00:00,0.0,25.6,26.8,98,2.8,-13.5,0,0,0.0,Fog,a05n,5
2026-06-17 05:15:00,0.0,25.8,27.0,98,3.4,-10.4,0,0,0.0,Fog,a05n,5
2026-06-17 05:30:00,0.0,26.0,27.2,98,4.0,-7.4,0,0,0.0,Fog,a05n,5
2026-06-17 05:45:00,0.0,26.1,27.4,98,4.6,-4.4,0,0,0.0,Fog,a05n,5
2026-06-17 06:00:00,0.02,26.3,27.5,98,5.2,-1.4,0,0,0.0,Fog,a05n,6
2026-06-17 06:15:00,1.53,26.3,27.5,98,4.9,1.8,36,14,0.7,Fog,a05n,6
2026-06-17 06:30:00,2.23,26.3,27.5,98,4.6,5.0,72,27,0.7,Fog,a05d,6
2026-06-17 06:45:00,4.93,26.3,27.5,98,4.3,8.1,108,41,0.7,Fog,a05d,6
2026-06-17 07:00:00,11.34,26.3,27.5,98,4.0,11.3,144,55,0.7,Fog,a05d,7
2026-06-17 07:15:00,28.65,26.5,27.7,96,4.5,14.6,200,62,0.7,Overcast clouds,c04d,7
2026-06-17 07:30:00,38.08,26.7,27.9,95,5.0,17.9,256,69,0.8,Overcast clouds,c04d,7
2026-06-17 07:45:00,50.84,26.8,30.6,94,5.5,21.2,312,76,0.8,Overcast clouds,c04d,7
2026-06-17 08:00:00,22.96,27.0,30.9,92,6.0,24.4,368,83,0.9,Overcast clouds,c04d,8
2026-06-17 08:15:00,33.94,26.9,30.8,93,5.7,27.8,424,87,1.0,Overcast clouds,c04d,8
2026-06-17 08:30:00,29.66,26.9,30.7,94,5.4,31.1,480,91,1.1,Overcast clouds,c04d,8
2026-06-17 08:45:00,30.48,26.8,30.6,95,5.1,34.5,536,96,1.3,Overcast clouds,c04d,8
2026-06-17 09:00:00,38.17,26.7,30.4,96,4.8,37.8,592,100,1.5,Overcast clouds,c04d,9
2026-06-17 09:15:00,85.97,27.1,31.3,94,5.0,41.2,641,103,1.7,Overcast clouds,c04d,9
2026-06-17 09:30:00,64.96,27.4,32.2,92,5.2,44.6,690,106,1.9,Overcast clouds,c04d,9
2026-06-17 09:45:00,78.33,27.8,33.0,90,5.4,48.0,740,109,2.1,Overcast clouds,c04d,9
2026-06-17 10:00:00,110.78,28.1,33.7,88,5.6,51.4,789,112,2.4,Overcast clouds,c04d,10
2026-06-17 10:15:00,92.85,28.4,34.6,88,5.6,54.8,826,114,2.6,Overcast clouds,c04d,10
2026-06-17 10:30:00,118.57,28.7,35.4,87,5.6,58.3,864,116,2.8,Overcast clouds,c04d,10
2026-06-17 10:45:00,4.27,29.0,36.1,86,5.6,61.7,901,118,3.1,Overcast clouds,c04d,10
2026-06-17 11:00:00,3.9,29.3,37.1,86,5.6,65.1,939,120,3.3,Overcast clouds,c04d,11
2026-06-17 11:15:00,3.9,29.5,37.7,86,5.6,68.6,961,121,3.4,Overcast clouds,c04d,11
2026-06-17 11:30:00,3.85,29.7,38.0,85,5.6,72.0,984,122,3.5,Overcast clouds,c04d,11
2026-06-17 11:45:00,3.89,29.8,38.3,84,5.6,75.4,1006,123,3.6,Overcast clouds,c04d,11
2026-06-17 12:00:00,4.41,30.0,38.8,84,5.6,78.9,1028,125,3.7,Overcast clouds,c04d,12
2026-06-17 12:15:00,3.86,30.3,39.1,82,5.8,81.0,1034,125,3.7,Overcast clouds,c04d,12
2026-06-17 12:30:00,3.93,30.6,39.4,80,6.0,83.0,1039,125,3.7,Overcast clouds,c04d,12
2026-06-17 12:45:00,3.85,30.8,39.6,78,6.2,85.1,1044,125,3.7,Light rain,r01d,12
2026-06-17 13:00:00,3.89,31.1,39.8,76,6.4,87.2,1050,126,3.7,Light rain,r01d,13
2026-06-17 13:15:00,3.94,31.1,39.5,75,6.3,83.8,1038,125,3.7,Thunderstorm with light rain,t01d,13
2026-06-17 13:30:00,3.94,31.1,39.1,74,6.2,80.3,1025,124,3.6,Thunderstorm with light rain,t01d,13
2026-06-17 13:45:00,3.93,31.1,38.8,73,6.1,76.9,1013,124,3.5,Thunderstorm with light rain,t01d,13
2026-06-17 14:00:00,3.93,31.1,38.5,72,6.0,73.5,1001,123,3.4,Thunderstorm with light rain,t01d,14
2026-06-17 14:15:00,3.92,30.7,37.8,74,6.1,70.0,972,122,3.2,Thunderstorm with light rain,t01d,14
2026-06-17 14:30:00,4.45,30.2,37.4,77,6.2,66.6,944,120,3.1,Light rain,r01d,14
2026-06-17 14:45:00,3.99,29.8,36.9,80,6.3,63.2,915,119,2.9,Light rain,r01d,14
2026-06-17 15:00:00,4.0,29.3,36.1,82,6.4,59.7,887,118,2.7,Light rain,r01d,15
2026-06-17 15:15:00,4.13,29.3,36.1,82,6.5,56.3,844,115,2.5,Light rain,r01d,15
2026-06-17 15:30:00,41.01,29.3,36.1,82,6.6,52.9,801,113,2.3,Light rain,r01d,15
2026-06-17 15:45:00,33.27,29.3,36.1,82,6.7,49.5,759,111,2.1,Light rain,r01d,15
2026-06-17 16:00:00,26.03,29.3,36.1,82,6.8,46.1,716,108,1.9,Light rain,r01d,16
2026-06-17 16:15:00,39.52,29.2,35.8,82,6.8,42.7,664,105,1.7,Light rain,r01d,16
2026-06-17 16:30:00,41.14,29.1,35.5,82,6.8,39.3,611,101,1.5,Light rain,r01d,16
2026-06-17 16:45:00,44.79,29.0,35.2,82,6.8,35.9,559,98,1.3,Light rain,r01d,16
2026-06-17 17:00:00,31.58,28.9,34.9,82,6.8,32.6,506,94,1.2,Light rain,r01d,17
2026-06-17 17:15:00,3.93,28.8,34.8,83,6.5,29.2,449,89,1.0,Light rain,r01d,17
2026-06-17 17:30:00,3.94,28.7,34.7,84,6.2,25.9,392,84,0.9,Light rain,r01d,17
2026-06-17 17:45:00,3.89,28.6,34.6,85,5.9,22.6,335,79,0.8,Drizzle,d02d,17
2026-06-17 18:00:00,3.92,28.5,34.5,86,5.6,19.3,278,73,0.8,Overcast clouds,c04d,18
2026-06-17 18:15:00,3.94,28.4,34.2,86,5.4,16.0,225,65,0.7,Overcast clouds,c04d,18
2026-06-17 18:30:00,3.83,28.3,34.1,87,5.2,12.8,173,56,0.7,Overcast clouds,c04d,18
2026-06-17 18:45:00,10.95,28.2,34.0,88,5.0,9.5,120,47,0.7,Overcast clouds,c04d,18
2026-06-17 19:00:00,6.95,28.1,33.7,88,4.8,6.3,67,39,0.7,Overcast clouds,c04d,19
2026-06-17 19:15:00,0.89,28.0,33.5,88,4.6,3.2,50,29,0.6,Overcast clouds,c04n,19
2026-06-17 19:30:00,0.23,28.0,33.4,89,4.4,0.0,33,19,0.6,Overcast clouds,c04n,19
2026-06-17 19:45:00,0.0,27.9,33.4,90,4.2,-3.1,17,10,0.0,Overcast clouds,c04n,19
2026-06-17 20:00:00,0.0,27.8,33.1,90,4.0,-6.2,0,0,0.0,Overcast clouds,c04n,20
2026-06-17 20:15:00,0.0,27.8,33.1,90,4.2,-9.1,0,0,0.0,Overcast clouds,c04n,20
2026-06-17 20:30:00,0.0,27.8,33.3,91,4.4,-12.1,0,0,0.0,Overcast clouds,c04n,20
2026-06-17 20:45:00,0.0,27.8,33.4,92,4.6,-15.0,0,0,0.0,Overcast clouds,c04n,20
2026-06-17 21:00:00,0.0,27.8,33.4,92,4.8,-17.9,0,0,0.0,Overcast clouds,c04n,21
2026-06-17 21:15:00,0.0,27.8,33.4,92,4.8,-20.6,0,0,0.0,Overcast clouds,c04n,21
2026-06-17 21:30:00,0.0,27.8,33.4,92,4.8,-23.2,0,0,0.0,Overcast clouds,c04n,21
2026-06-17 21:45:00,0.0,27.8,33.4,92,4.8,-25.8,0,0,0.0,Overcast clouds,c04n,21
2026-06-17 22:00:00,0.0,27.8,33.4,92,4.8,-28.4,0,0,0.0,Overcast clouds,c04n,22
2026-06-17 22:15:00,0.0,27.7,33.1,92,4.8,-30.6,0,0,0.0,Overcast clouds,c04n,22
2026-06-17 22:30:00,0.0,27.6,33.0,93,4.8,-32.7,0,0,0.0,Overcast clouds,c04n,22
2026-06-17 22:45:00,0.0,27.5,32.8,94,4.8,-34.9,0,0,0.0,Overcast clouds,c04n,22
2026-06-17 23:00:00,0.0,27.4,32.4,94,4.8,-37.0,0,0,0.0,Overcast clouds,c04n,23
2026-06-17 23:15:00,0.0,27.4,32.4,94,4.8,-38.4,0,0,0.0,Overcast clouds,c04n,23
2026-06-17 23:30:00,0.0,27.4,32.4,94,4.8,-39.8,0,0,0.0,Overcast clouds,c04n,23
2026-06-17 23:45:00,0.0,27.4,32.4,94,4.8,-41.1,0,0,0.0,Overcast clouds,c04n,23
2026-06-18 00:00:00,0.0,27.4,32.4,94,4.8,-42.5,0,0,0.0,Overcast clouds,c04n,0
2026-06-18 00:15:00,0.0,27.3,32.1,94,5.0,-42.9,0,0,0.0,Overcast clouds,c04n,0
2026-06-18 00:30:00,0.0,27.2,31.9,95,5.2,-43.2,0,0,0.0,Overcast clouds,c04n,0
2026-06-18 00:45:00,0.0,27.1,31.7,96,5.4,-43.6,0,0,0.0,Overcast clouds,c04n,0
2026-06-18 01:00:00,0.0,27.0,31.4,96,5.6,-43.9,0,0,0.0,Overcast clouds,c04n,1
2026-06-18 01:15:00,0.0,27.0,31.4,96,5.6,-43.1,0,0,0.0,Overcast clouds,c04n,1
2026-06-18 01:30:00,0.0,27.0,31.4,96,5.6,-42.4,0,0,0.0,Overcast clouds,c04n,1
2026-06-18 01:45:00,0.0,27.0,31.4,96,5.6,-41.6,0,0,0.0,Overcast clouds,c04n,1
2026-06-18 02:00:00,0.0,27.0,31.4,96,5.6,-40.8,0,0,0.0,Overcast clouds,c04n,2
2026-06-18 02:15:00,0.0,27.0,31.4,96,5.6,-39.1,0,0,0.0,Overcast clouds,c04n,2
2026-06-18 02:30:00,0.0,27.0,31.4,96,5.6,-37.4,0,0,0.0,Overcast clouds,c04n,2
2026-06-18 02:45:00,0.0,27.0,31.4,96,5.6,-35.7,0,0,0.0,Overcast clouds,c04n,2
2026-06-18 03:00:00,0.0,27.0,31.4,96,5.6,-34.0,0,0,0.0,Overcast clouds,c04n,3
2026-06-18 03:15:00,0.0,27.1,31.7,96,5.6,-31.6,0,0,0.0,Overcast clouds,c04n,3
2026-06-18 03:30:00,0.0,27.2,31.9,95,5.6,-29.3,0,0,0.0,Overcast clouds,c04n,3
2026-06-18 03:45:00,0.0,27.3,32.1,94,5.6,-26.9,0,0,0.0,Overcast clouds,c04n,3
2026-06-18 04:00:00,0.0,27.4,32.4,94,5.6,-24.5,0,0,0.0,Overcast clouds,c04n,4
2026-06-18 04:15:00,0.0,27.4,32.4,94,5.6,-21.8,0,0,0.0,Overcast clouds,c04n,4
2026-06-18 04:30:00,0.0,27.4,32.4,94,5.6,-19.0,0,0,0.0,Overcast clouds,c04n,4
2026-06-18 04:45:00,0.0,27.4,32.4,94,5.6,-16.3,0,0,0.0,Overcast clouds,c04n,4
2026-06-18 05:00:00,0.0,27.4,32.4,94,5.6,-13.5,0,0,0.0,Overcast clouds,c04n,5
2026-06-18 05:15:00,0.0,27.2,31.9,94,5.7,-10.5,0,0,0.0,Overcast clouds,c04n,5
2026-06-18 05:30:00,0.0,27.1,31.4,95,5.8,-7.5,0,0,0.0,Overcast clouds,c04n,5
2026-06-18 05:45:00,0.0,26.9,31.0,96,5.9,-4.4,0,0,0.0,Overcast clouds,c04n,5
2026-06-18 06:00:00,0.02,26.7,30.4,96,6.0,-1.4,0,0,0.0,Overcast clouds,c04n,6
2026-06-18 06:15:00,1.98,26.8,30.7,96,5.8,1.7,36,14,0.6,Overcast clouds,c04n,6
2026-06-18 06:30:00,3.8,26.9,30.8,95,5.6,4.9,72,27,0.6,Overcast clouds,c04d,6
2026-06-18 06:45:00,4.73,26.9,30.9,94,5.4,8.1,108,41,0.7,Overcast clouds,c04d,6
2026-06-18 07:00:00,8.24,27.0,31.2,94,5.2,11.3,144,55,0.7,Overcast clouds,c04d,7
2026-06-18 07:15:00,12.9,27.1,31.5,94,5.4,14.6,199,62,0.7,Overcast clouds,c04d,7
2026-06-18 07:30:00,15.46,27.2,31.8,94,5.6,17.8,255,69,0.7,Overcast clouds,c04d,7
2026-06-18 07:45:00,17.63,27.3,32.1,94,5.8,21.1,311,76,0.8,Overcast clouds,c04d,7
2026-06-18 08:00:00,36.79,27.4,32.4,94,6.0,24.4,367,82,0.9,Overcast clouds,c04d,8
2026-06-18 08:15:00,51.85,27.5,32.8,94,6.4,27.7,423,87,1.0,Overcast clouds,c04d,8
2026-06-18 08:30:00,66.96,27.6,33.0,93,6.8,31.1,479,91,1.1,Overcast clouds,c04d,8
2026-06-18 08:45:00,89.76,27.7,33.1,92,7.2,34.4,535,96,1.3,Overcast clouds,c04d,8
2026-06-18 09:00:00,46.28,27.8,33.4,92,7.6,37.8,591,100,1.5,Overcast clouds,c04d,9
2026-06-18 09:15:00,32.21,28.0,34.0,92,7.8,41.2,640,103,1.7,Overcast clouds,c04d,9
2026-06-18 09:30:00,63.93,28.2,34.4,91,8.0,44.6,690,106,1.9,Overcast clouds,c04d,9
2026-06-18 09:45:00,56.34,28.3,34.8,90,8.2,48.0,739,109,2.1,Overcast clouds,c04d,9
2026-06-18 10:00:00,48.44,28.5,35.4,90,8.4,51.4,788,112,2.3,Overcast clouds,c04d,10
2026-06-18 10:15:00,59.98,28.7,35.8,89,8.7,54.8,826,114,2.5,Overcast clouds,c04d,10
2026-06-18 10:30:00,45.1,28.9,36.3,88,9.0,58.2,863,116,2.7,Overcast clouds,c04d,10
2026-06-18 10:45:00,52.91,29.1,36.7,87,9.3,61.6,901,118,2.8,Overcast clouds,c04d,10
2026-06-18 11:00:00,34.71,29.3,37.1,86,9.6,65.1,938,120,3.0,Drizzle,d02d,11
2026-06-18 11:15:00,29.18,29.3,37.1,86,9.7,68.5,961,121,3.2,Overcast clouds,c04d,11
2026-06-18 11:30:00,34.24,29.3,37.1,86,9.8,71.9,983,122,3.3,Overcast clouds,c04d,11
2026-06-18 11:45:00,47.19,29.3,37.1,86,9.9,75.4,1006,123,3.5,Overcast clouds,c04d,11
2026-06-18 12:00:00,11.54,29.3,37.1,86,10.0,78.8,1028,125,3.7,Overcast clouds,c04d,12
2026-06-18 12:15:00,4.0,29.5,37.4,85,10.0,80.9,1033,125,3.7,Overcast clouds,c04d,12
2026-06-18 12:30:00,4.0,29.7,37.7,84,10.0,83.0,1039,125,3.7,Overcast clouds,c04d,12
2026-06-18 12:45:00,4.0,29.8,38.0,83,10.0,85.1,1044,125,3.7,Overcast clouds,c04d,12
2026-06-18 13:00:00,3.95,30.0,38.2,82,10.0,87.2,1050,126,3.7,Overcast clouds,c04d,13
2026-06-18 13:15:00,63.78,29.7,37.9,84,9.9,83.8,1038,125,3.7,Overcast clouds,c04d,13
2026-06-18 13:30:00,47.65,29.5,37.3,85,9.8,80.4,1025,124,3.6,Overcast clouds,c04d,13
2026-06-18 13:45:00,27.84,29.2,36.7,86,9.7,77.0,1013,124,3.5,Overcast clouds,c04d,13
2026-06-18 14:00:00,13.54,28.9,36.3,88,9.6,73.5,1001,123,3.4,Overcast clouds,c04d,14
2026-06-18 14:15:00,4.05,28.8,35.9,88,9.2,70.1,973,122,3.2,Overcast clouds,c04d,14
2026-06-18 14:30:00,3.96,28.7,35.8,89,8.8,66.7,944,120,3.1,Overcast clouds,c04d,14
2026-06-18 14:45:00,45.34,28.6,35.7,90,8.4,63.2,916,119,2.9,Overcast clouds,c04d,14
2026-06-18 15:00:00,25.15,28.5,35.4,90,8.0,59.8,887,118,2.7,Overcast clouds,c04d,15
2026-06-18 15:15:00,19.08,28.7,35.8,89,8.1,56.4,844,115,2.5,Overcast clouds,c04d,15
2026-06-18 15:30:00,3.93,28.9,36.3,88,8.2,53.0,802,113,2.3,Overcast clouds,c04d,15
2026-06-18 15:45:00,4.02,29.1,36.7,87,8.3,49.5,759,111,2.1,Overcast clouds,c04d,15
2026-06-18 16:00:00,3.96,29.3,37.1,86,8.4,46.1,717,108,1.9,Overcast clouds,c04d,16
2026-06-18 16:15:00,3.97,29.3,37.1,86,8.2,42.8,665,105,1.7,Overcast clouds,c04d,16
2026-06-18 16:30:00,46.85,29.3,37.1,86,8.0,39.4,612,101,1.5,Overcast clouds,c04d,16
2026-06-18 16:45:00,24.76,29.3,37.1,86,7.8,36.0,560,98,1.3,Overcast clouds,c04d,16
2026-06-18 17:00:00,14.42,29.3,37.1,86,7.6,32.6,507,94,1.2,Overcast clouds,c04d,17
2026-06-18 17:15:00,21.71,29.2,37.0,87,7.6,29.3,450,89,1.0,Overcast clouds,c04d,17
2026-06-18 17:30:00,0.0,29.1,36.9,88,7.6,26.0,393,84,0.9,Overcast clouds,c04d,17
2026-06-18 17:45:00,3.94,29.0,36.8,89,7.6,22.6,336,79,0.8,Overcast clouds,c04d,17
2026-06-18 18:00:00,3.94,28.9,36.7,90,7.6,19.3,279,73,0.8,Overcast clouds,c04d,18
2026-06-18 18:15:00,3.92,28.9,36.7,90,7.6,16.1,226,65,0.7,Overcast clouds,c04d,18
2026-06-18 18:30:00,3.95,28.9,36.5,89,7.6,12.8,173,56,0.7,Overcast clouds,c04d,18
2026-06-18 18:45:00,3.95,28.9,36.3,88,7.6,9.6,121,47,0.7,Overcast clouds,c04d,18
2026-06-18 19:00:00,3.88,28.9,36.3,88,7.6,6.3,68,39,0.6,Overcast clouds,c04d,19
2026-06-18 19:15:00,3.83,28.9,36.3,88,7.5,3.2,51,29,0.6,Overcast clouds,c04d,19
2026-06-18 19:30:00,0.78,28.9,36.3,88,7.4,0.1,34,19,0.6,Drizzle,d02n,19
2026-06-18 19:45:00,0.03,28.9,36.3,88,7.3,-3.0,17,10,0.0,Overcast clouds,c04n,19
2026-06-18 20:00:00,0.0,28.9,36.3,88,7.2,-6.2,0,0,0.0,Overcast clouds,c04n,20
2026-06-18 20:15:00,0.0,28.9,36.3,88,7.2,-9.1,0,0,0.0,Overcast clouds,c04n,20
2026-06-18 20:30:00,0.0,28.9,36.3,88,7.2,-12.0,0,0,0.0,Overcast clouds,c04n,20
2026-06-18 20:45:00,0.0,28.9,36.3,88,7.2,-14.9,0,0,0.0,Overcast clouds,c04n,20
2026-06-18 21:00:00,0.0,28.9,36.3,88,7.2,-17.9,0,0,0.0,Overcast clouds,c04n,21
2026-06-18 21:15:00,0.0,28.8,35.9,88,7.2,-20.5,0,0,0.0,Overcast clouds,c04n,21
2026-06-18 21:30:00,0.0,28.7,35.6,88,7.2,-23.1,0,0,0.0,Overcast clouds,c04n,21
2026-06-18 21:45:00,0.0,28.6,35.3,88,7.2,-25.8,0,0,0.0,Overcast clouds,c04n,21
2026-06-18 22:00:00,0.0,28.5,35.0,88,7.2,-28.4,0,0,0.0,Overcast clouds,c04n,22
2026-06-18 22:15:00,0.0,28.5,35.0,88,7.4,-30.5,0,0,0.0,Overcast clouds,c04n,22
2026-06-18 22:30:00,0.0,28.5,35.0,88,7.6,-32.7,0,0,0.0,Overcast clouds,c04n,22
2026-06-18 22:45:00,0.0,28.5,35.0,88,7.8,-34.8,0,0,0.0,Overcast clouds,c04n,22
2026-06-18 23:00:00,0.0,28.5,35.0,88,8.0,-37.0,0,0,0.0,Overcast clouds,c04n,23
2026-06-18 23:15:00,0.01,28.5,35.0,88,8.1,-38.3,0,0,0.0,Overcast clouds,c04n,23
2026-06-18 23:30:00,0.0,28.5,35.2,89,8.2,-39.7,0,0,0.0,Overcast clouds,c04n,23
2026-06-18 23:45:00,0.0,28.5,35.4,90,8.3,-41.1,0,0,0.0,Overcast clouds,c04n,23
2026-06-19 00:00:00,0.0,28.5,35.4,90,8.4,-42.5,0,0,0.0,Overcast clouds,c04n,0
2026-06-19 00:15:00,0.0,28.4,35.0,90,8.4,-42.8,0,0,0.0,Overcast clouds,c04n,0
2026-06-19 00:30:00,0.0,28.3,34.9,91,8.4,-43.2,0,0,0.0,Overcast clouds,c04n,0
2026-06-19 00:45:00,0.0,28.2,34.8,92,8.4,-43.5,0,0,0.0,Overcast clouds,c04n,0
2026-06-19 01:00:00,0.0,28.1,34.4,92,8.4,-43.9,0,0,0.0,Overcast clouds,c04n,1
2026-06-19 01:15:00,0.0,28.1,34.4,92,8.4,-43.1,0,0,0.0,Overcast clouds,c04n,1
2026-06-19 01:30:00,0.0,28.1,34.4,92,8.4,-42.4,0,0,0.0,Overcast clouds,c04n,1
2026-06-19 01:45:00,0.0,28.1,34.4,92,8.4,-41.6,0,0,0.0,Overcast clouds,c04n,1
2026-06-19 02:00:00,0.0,28.1,34.4,92,8.4,-40.8,0,0,0.0,Overcast clouds,c04n,2
2026-06-19 02:15:00,0.0,28.1,34.4,92,8.4,-39.1,0,0,0.0,Overcast clouds,c04n,2
2026-06-19 02:30:00,0.0,28.1,34.4,92,8.4,-37.4,0,0,0.0,Overcast clouds,c04n,2
2026-06-19 02:45:00,0.01,28.1,34.4,92,8.4,-35.7,0,0,0.0,Overcast clouds,c04n,2
2026-06-19 03:00:00,0.01,28.1,34.4,92,8.4,-34.0,0,0,0.0,Overcast clouds,c04n,3
2026-06-19 03:15:00,0.0,28.1,34.4,92,8.3,-31.6,0,0,0.0,Overcast clouds,c04n,3
2026-06-19 03:30:00,0.0,28.1,34.4,92,8.2,-29.3,0,0,0.0,Overcast clouds,c04n,3
2026-06-19 03:45:00,0.0,28.1,34.4,92,8.1,-26.9,0,0,0.0,Overcast clouds,c04n,3
2026-06-19 04:00:00,0.0,28.1,34.4,92,8.0,-24.6,0,0,0.0,Overcast clouds,c04n,4
2026-06-19 04:15:00,0.0,28.1,34.4,92,7.9,-21.8,0,0,0.0,Overcast clouds,c04n,4
2026-06-19 04:30:00,0.0,28.1,34.4,92,7.8,-19.0,0,0,0.0,Overcast clouds,c04n,4
2026-06-19 04:45:00,0.0,28.1,34.4,92,7.7,-16.3,0,0,0.0,Overcast clouds,c04n,4
2026-06-19 05:00:00,0.0,28.1,34.4,92,7.6,-13.5,0,0,0.0,Overcast clouds,c04n,5
2026-06-19 05:15:00,0.0,28.0,34.2,92,7.6,-10.5,0,0,0.0,Overcast clouds,c04n,5
2026-06-19 05:30:00,0.0,28.0,34.1,93,7.6,-7.5,0,0,0.0,Overcast clouds,c04n,5
2026-06-19 05:45:00,0.01,27.9,34.0,94,7.6,-4.5,0,0,0.0,Overcast clouds,c04n,5
2026-06-19 06:00:00,0.12,27.8,33.8,94,7.6,-1.5,0,0,0.0,Overcast clouds,c04n,6
2026-06-19 06:15:00,1.11,27.8,33.8,94,7.6,1.7,36,14,0.6,Overcast clouds,c04n,6
2026-06-19 06:30:00,2.65,27.8,33.8,94,7.6,4.9,71,27,0.6,Overcast clouds,c04d,6
2026-06-19 06:45:00,5.22,27.8,33.8,94,7.6,8.1,107,41,0.6,Overcast clouds,c04d,6
2026-06-19 07:00:00,8.63,27.8,33.8,94,7.6,11.2,143,55,0.7,Overcast clouds,c04d,7
2026-06-19 07:15:00,7.34,27.9,34.0,94,7.7,14.5,199,62,0.7,Overcast clouds,c04d,7
2026-06-19 07:30:00,11.26,28.0,34.1,93,7.8,17.8,255,69,0.7,Overcast clouds,c04d,7
2026-06-19 07:45:00,19.13,28.0,34.2,92,7.9,21.1,310,75,0.8,Overcast clouds,c04d,7
2026-06-19 08:00:00,19.8,28.1,34.4,92,8.0,24.4,366,82,0.9,Overcast clouds,c04d,8
2026-06-19 08:15:00,27.2,28.0,34.2,92,8.0,27.7,422,87,1.0,Overcast clouds,c04d,8
2026-06-19 08:30:00,18.09,28.0,34.1,93,8.0,31.0,478,91,1.1,Overcast clouds,c04d,8
2026-06-19 08:45:00,23.43,27.9,34.0,94,8.0,34.4,534,96,1.3,Overcast clouds,c04d,8
2026-06-19 09:00:00,36.64,27.8,33.8,94,8.0,37.7,590,100,1.4,Overcast clouds,c04d,9
2026-06-19 09:15:00,34.97,28.0,34.2,93,8.0,41.1,640,103,1.6,Overcast clouds,c04d,9
2026-06-19 09:30:00,41.9,28.2,34.6,92,8.0,44.5,689,106,1.8,Overcast clouds,c04d,9
2026-06-19 09:45:00,42.51,28.3,35.0,91,8.0,47.9,738,109,2.0,Overcast clouds,c04d,9
2026-06-19 10:00:00,35.32,28.5,35.4,90,8.0,51.3,787,112,2.2,Overcast clouds,c04d,10
2026-06-19 10:15:00,36.5,28.6,35.7,90,8.1,54.7,825,114,2.4,Overcast clouds,c04d,10
2026-06-19 10:30:00,49.71,28.7,36.0,90,8.2,58.2,862,116,2.6,Drizzle,d02d,10
2026-06-19 10:45:00,51.16,28.8,36.4,90,8.3,61.6,900,118,2.8,Overcast clouds,c04d,10
2026-06-19 11:00:00,36.62,28.9,36.7,90,8.4,65.0,938,120,3.0,Overcast clouds,c04d,11
2026-06-19 11:15:00,26.39,28.9,36.7,90,8.4,68.5,960,121,3.2,Drizzle,d02d,11
2026-06-19 11:30:00,46.65,28.9,36.7,90,8.4,71.9,983,122,3.3,Light rain,r01d,11
2026-06-19 11:45:00,72.82,28.9,36.7,90,8.4,75.3,1005,123,3.5,Light rain,r01d,11
2026-06-19 12:00:00,57.04,28.9,36.7,90,8.4,78.8,1028,124,3.6,Light rain,r01d,12
2026-06-19 12:15:00,41.58,29.2,37.4,89,8.4,80.9,1033,125,3.6,Drizzle,d02d,12
2026-06-19 12:30:00,60.6,29.5,38.1,88,8.4,83.0,1039,125,3.7,Drizzle,d02d,12
2026-06-19 12:45:00,78.93,29.7,38.8,87,8.4,85.1,1044,125,3.7,Drizzle,d02d,12
2026-06-19 13:00:00,85.7,30.0,39.4,86,8.4,87.3,1050,126,3.7,Drizzle,d02d,13
2026-06-19 13:15:00,55.83,30.1,39.8,86,8.5,83.8,1038,125,3.7,Drizzle,d02d,13
2026-06-19 13:30:00,61.74,30.2,39.8,85,8.6,80.4,1025,124,3.6,Drizzle,d02d,13
2026-06-19 13:45:00,34.75,30.3,39.9,84,8.7,77.0,1013,124,3.5,Drizzle,d02d,13
2026-06-19 14:00:00,70.03,30.4,40.2,84,8.8,73.6,1001,123,3.4,Drizzle,d02d,14
2026-06-19 14:15:00,51.5,30.5,40.5,84,8.3,70.1,973,122,3.2,Drizzle,d02d,14
2026-06-19 14:30:00,24.22,30.6,40.4,83,7.8,66.7,944,120,3.1,Drizzle,d02d,14
2026-06-19 14:45:00,15.32,30.6,40.3,82,7.3,63.3,916,119,2.9,Overcast clouds,c04d,14
2026-06-19 15:00:00,3.98,30.7,40.6,82,6.8,59.8,887,118,2.7,Overcast clouds,c04d,15
2026-06-19 15:15:00,3.97,30.5,40.3,83,6.8,56.4,845,115,2.5,Overcast clouds,c04d,15
2026-06-19 15:30:00,3.88,30.4,40.0,84,6.8,53.0,803,113,2.3,Overcast clouds,c04d,15
2026-06-19 15:45:00,3.95,30.2,39.7,85,6.8,49.6,760,111,2.1,Overcast clouds,c04d,15
2026-06-19 16:00:00,33.04,30.0,39.4,86,6.8,46.2,718,108,1.9,Drizzle,d02d,16
2026-06-19 16:15:00,0.04,30.0,39.4,86,6.8,42.8,665,105,1.7,Thunderstorm with drizzle,t04d,16
2026-06-19 16:30:00,0.02,30.0,39.4,86,6.8,39.4,613,101,1.5,Thunderstorm with drizzle,t04d,16
2026-06-19 16:45:00,26.92,30.0,39.4,86,6.8,36.0,560,98,1.3,Thunderstorm with drizzle,t04d,16
2026-06-19 17:00:00,3.9,30.0,39.4,86,6.8,32.7,508,94,1.2,Thunderstorm with light rain,t01d,17
2026-06-19 17:15:00,3.92,29.6,38.7,88,6.7,29.3,451,89,1.1,Light rain,r01d,17
2026-06-19 17:30:00,3.89,29.3,37.7,89,6.6,26.0,394,84,0.9,Light rain,r01d,17
2026-06-19 17:45:00,3.93,28.9,36.6,90,6.5,22.7,337,79,0.8,Light rain,r01d,17
2026-06-19 18:00:00,3.9,28.5,35.8,92,6.4,19.4,280,73,0.8,Drizzle,d02d,18
2026-06-19 18:15:00,3.93,28.5,35.8,92,6.4,16.1,227,65,0.7,Overcast clouds,c04d,18
2026-06-19 18:30:00,3.86,28.5,35.8,92,6.4,12.9,174,56,0.7,Overcast clouds,c04d,18
2026-06-19 18:45:00,3.91,28.5,35.8,92,6.4,9.6,121,48,0.7,Overcast clouds,c04d,18
2026-06-19 19:00:00,4.4,28.5,35.8,92,6.4,6.4,68,39,0.6,Overcast clouds,c04d,19
2026-06-19 19:15:00,3.0,28.4,35.5,92,6.4,3.3,51,29,0.6,Overcast clouds,c04d,19
2026-06-19 19:30:00,0.42,28.3,35.1,92,6.4,0.1,34,20,0.6,Overcast clouds,c04n,19
2026-06-19 19:45:00,0.04,28.2,34.8,92,6.4,-3.0,17,10,0.0,Overcast clouds,c04n,19
2026-06-19 20:00:00,0.0,28.1,34.4,92,6.4,-6.1,0,0,0.0,Overcast clouds,c04n,20
2026-06-19 20:15:00,0.0,28.1,34.4,92,6.6,-9.0,0,0,0.0,Overcast clouds,c04n,20
2026-06-19 20:30:00,0.0,28.1,34.4,92,6.8,-12.0,0,0,0.0,Overcast clouds,c04n,20
2026-06-19 20:45:00,0.0,28.1,34.4,92,7.0,-14.9,0,0,0.0,Overcast clouds,c04n,20
2026-06-19 21:00:00,0.0,28.1,34.4,92,7.2,-17.8,0,0,0.0,Overcast clouds,c04n,21
2026-06-19 21:15:00,0.0,28.0,34.2,92,7.4,-20.5,0,0,0.0,Overcast clouds,c04n,21
2026-06-19 21:30:00,0.0,28.0,34.1,93,7.6,-23.1,0,0,0.0,Overcast clouds,c04n,21
2026-06-19 21:45:00,0.0,27.9,34.0,94,7.8,-25.7,0,0,0.0,Overcast clouds,c04n,21
2026-06-19 22:00:00,0.0,27.8,33.8,94,8.0,-28.3,0,0,0.0,Overcast clouds,c04n,22
2026-06-19 22:15:00,0.0,27.8,33.8,94,8.0,-30.5,0,0,0.0,Overcast clouds,c04n,22
2026-06-19 22:30:00,0.0,27.8,33.8,94,8.0,-32.6,0,0,0.0,Overcast clouds,c04n,22
2026-06-19 22:45:00,0.0,27.8,33.8,94,8.0,-34.8,0,0,0.0,Overcast clouds,c04n,22
2026-06-19 23:00:00,0.0,27.8,33.8,94,8.0,-36.9,0,0,0.0,Overcast clouds,c04n,23
2026-06-19 23:15:00,0.0,27.8,33.8,94,7.9,-38.3,0,0,0.0,Overcast clouds,c04n,23
2026-06-19 23:30:00,0.0,27.8,33.8,94,7.8,-39.7,0,0,0.0,Overcast clouds,c04n,23
2026-06-19 23:45:00,0.0,27.8,33.8,94,7.7,-41.1,0,0,0.0,Overcast clouds,c04n,23
2026-06-20 00:00:00,0.0,27.8,33.8,94,7.6,-42.5,0,0,0.0,Overcast clouds,c04n,0
2026-06-20 00:15:00,0.0,27.7,33.4,94,7.6,-42.8,0,0,0.0,Overcast clouds,c04n,0
2026-06-20 00:30:00,0.0,27.6,33.1,94,7.6,-43.2,0,0,0.0,Overcast clouds,c04n,0
2026-06-20 00:45:00,0.0,27.5,32.8,94,7.6,-43.5,0,0,0.0,Overcast clouds,c04n,0
2026-06-20 01:00:00,0.0,27.4,32.4,94,7.6,-43.9,0,0,0.0,Overcast clouds,c04n,1
2026-06-20 01:15:00,0.0,27.4,32.4,94,7.5,-43.1,0,0,0.0,Overcast clouds,c04n,1
2026-06-20 01:30:00,0.0,27.4,32.3,93,7.4,-42.4,0,0,0.0,Overcast clouds,c04n,1
2026-06-20 01:45:00,0.0,27.4,32.2,92,7.3,-41.6,0,0,0.0,Overcast clouds,c04n,1
2026-06-20 02:00:00,0.0,27.4,32.2,92,7.2,-40.8,0,0,0.0,Overcast clouds,c04n,2
2026-06-20 02:15:00,0.0,27.4,32.2,92,7.1,-39.1,0,0,0.0,Overcast clouds,c04n,2
2026-06-20 02:30:00,0.0,27.4,32.2,92,7.0,-37.4,0,0,0.0,Overcast clouds,c04n,2
2026-06-20 02:45:00,0.0,27.4,32.2,92,6.9,-35.7,0,0,0.0,Overcast clouds,c04n,2
2026-06-20 03:00:00,0.0,27.4,32.2,92,6.8,-34.0,0,0,0.0,Overcast clouds,c04n,3
2026-06-20 03:15:00,0.0,27.4,32.2,92,6.7,-31.7,0,0,0.0,Overcast clouds,c04n,3
2026-06-20 03:30:00,0.0,27.4,32.2,92,6.6,-29.3,0,0,0.0,Overcast clouds,c04n,3
2026-06-20 03:45:00,0.0,27.4,32.2,92,6.5,-27.0,0,0,0.0,Overcast clouds,c04n,3
2026-06-20 04:00:00,0.0,27.4,32.2,92,6.4,-24.6,0,0,0.0,Overcast clouds,c04n,4
2026-06-20 04:15:00,0.0,27.4,32.2,92,6.5,-21.8,0,0,0.0,Overcast clouds,c04n,4
2026-06-20 04:30:00,0.01,27.4,32.2,92,6.6,-19.1,0,0,0.0,Overcast clouds,c04n,4
2026-06-20 04:45:00,0.0,27.4,32.2,92,6.7,-16.3,0,0,0.0,Overcast clouds,c04n,4
2026-06-20 05:00:00,0.0,27.4,32.2,92,6.8,-13.6,0,0,0.0,Overcast clouds,c04n,5
2026-06-20 05:15:00,0.0,27.6,32.7,92,6.6,-10.5,0,0,0.0,Overcast clouds,c04n,5
2026-06-20 05:30:00,0.0,27.8,33.1,91,6.4,-7.5,0,0,0.0,Overcast clouds,c04n,5
2026-06-20 05:45:00,0.0,27.9,33.5,90,6.2,-4.5,0,0,0.0,Overcast clouds,c04n,5
2026-06-20 06:00:00,0.02,28.1,34.1,90,6.0,-1.5,0,0,0.0,Overcast clouds,c04n,6
2026-06-20 06:15:00,1.41,28.1,34.1,90,6.1,1.7,36,14,0.6,Overcast clouds,c04n,6
2026-06-20 06:30:00,2.67,28.1,34.3,91,6.2,4.8,71,27,0.6,Overcast clouds,c04d,6
2026-06-20 06:45:00,5.26,28.1,34.4,92,6.3,8.0,107,41,0.6,Overcast clouds,c04d,6
2026-06-20 07:00:00,8.36,28.1,34.4,92,6.4,11.2,142,55,0.7,Drizzle,d02d,7
2026-06-20 07:15:00,13.08,28.2,34.8,92,6.7,14.5,198,61,0.7,Drizzle,d02d,7
2026-06-20 07:30:00,21.66,28.3,34.9,91,7.0,17.7,254,68,0.7,Drizzle,d02d,7
2026-06-20 07:45:00,33.4,28.4,35.0,90,7.3,21.0,310,75,0.8,Overcast clouds,c04d,7
2026-06-20 08:00:00,43.89,28.5,35.4,90,7.6,24.3,366,82,0.9,Overcast clouds,c04d,8
2026-06-20 08:15:00,53.39,28.5,35.4,90,7.8,27.7,422,87,1.0,Overcast clouds,c04d,8
2026-06-20 08:30:00,80.09,28.5,35.6,91,8.0,31.0,478,91,1.1,Overcast clouds,c04d,8
2026-06-20 08:45:00,77.22,28.5,35.8,92,8.2,34.4,534,96,1.3,Overcast clouds,c04d,8
2026-06-20 09:00:00,72.22,28.5,35.8,92,8.4,37.7,590,100,1.4,Overcast clouds,c04d,9
2026-06-20 09:15:00,48.09,28.8,36.3,90,8.6,41.1,639,103,1.6,Overcast clouds,c04d,9
2026-06-20 09:30:00,78.64,29.1,37.0,89,8.8,44.5,688,106,1.8,Overcast clouds,c04d,9
2026-06-20 09:45:00,78.11,29.3,37.7,88,9.0,47.9,737,109,2.0,Overcast clouds,c04d,9
2026-06-20 10:00:00,53.51,29.6,38.1,86,9.2,51.3,787,112,2.2,Overcast clouds,c04d,10
2026-06-20 10:15:00,148.17,29.9,38.4,84,9.3,54.7,824,114,2.4,Overcast clouds,c04d,10
2026-06-20 10:30:00,144.04,30.2,38.7,82,9.4,58.1,862,116,2.6,Overcast clouds,c04d,10
2026-06-20 10:45:00,139.92,30.4,39.3,81,9.5,61.5,899,118,2.8,Overcast clouds,c04d,10
2026-06-20 11:00:00,99.27,30.7,39.6,79,9.6,65.0,937,120,3.0,Overcast clouds,c04d,11
2026-06-20 11:15:00,3.96,30.8,39.5,78,9.7,68.4,960,121,3.2,Overcast clouds,c04d,11
2026-06-20 11:30:00,3.9,30.9,39.9,78,9.8,71.8,982,122,3.3,Overcast clouds,c04d,11
2026-06-20 11:45:00,3.85,31.0,40.2,78,9.9,75.3,1005,123,3.5,Overcast clouds,c04d,11
2026-06-20 12:00:00,3.88,31.1,40.2,77,10.0,78.7,1027,124,3.6,Overcast clouds,c04d,12
2026-06-20 12:15:00,3.84,31.4,40.7,76,9.9,80.9,1033,125,3.6,Overcast clouds,c04d,12
2026-06-20 12:30:00,3.86,31.7,41.2,75,9.8,83.0,1038,125,3.7,Overcast clouds,c04d,12
2026-06-20 12:45:00,3.86,31.9,41.7,74,9.7,85.2,1044,125,3.7,Overcast clouds,c04d,12
2026-06-20 13:00:00,3.89,32.2,42.2,73,9.6,87.3,1049,125,3.7,Overcast clouds,c04d,13
2026-06-20 13:15:00,3.94,32.2,42.2,73,9.5,83.9,1037,125,3.7,Overcast clouds,c04d,13
2026-06-20 13:30:00,3.94,32.2,42.2,73,9.4,80.5,1026,124,3.6,Drizzle,d02d,13
2026-06-20 13:45:00,68.2,32.2,42.2,73,9.3,77.1,1014,124,3.5,Overcast clouds,c04d,13
2026-06-20 14:00:00,50.46,32.2,42.2,73,9.2,73.6,1002,123,3.4,Overcast clouds,c04d,14
2026-06-20 14:15:00,26.4,32.1,42.3,74,9.2,70.2,973,122,3.2,Overcast clouds,c04d,14
2026-06-20 14:30:00,21.7,32.1,42.1,74,9.2,66.8,945,120,3.1,Overcast clouds,c04d,14
2026-06-20 14:45:00,13.36,32.0,42.2,75,9.2,63.3,916,119,2.9,Overcast clouds,c04d,14
2026-06-20 15:00:00,110.19,31.9,42.4,76,9.2,59.9,888,118,2.7,Overcast clouds,c04d,15
2026-06-20 15:15:00,3.98,31.4,41.6,78,8.8,56.5,845,115,2.5,Overcast clouds,c04d,15
2026-06-20 15:30:00,3.99,31.0,40.4,79,8.4,53.1,803,113,2.3,Overcast clouds,c04d,15
2026-06-20 15:45:00,41.62,30.5,39.2,80,8.0,49.6,761,111,2.1,Overcast clouds,c04d,15
2026-06-20 16:00:00,34.89,30.0,38.2,82,7.6,46.2,718,108,1.9,Overcast clouds,c04d,16
2026-06-20 16:15:00,3.95,30.1,38.6,82,7.4,42.9,666,105,1.7,Overcast clouds,c04d,16
2026-06-20 16:30:00,4.05,30.2,38.9,82,7.2,39.5,613,101,1.5,Overcast clouds,c04d,16
2026-06-20 16:45:00,3.99,30.3,39.2,82,7.0,36.1,561,98,1.3,Overcast clouds,c04d,16
2026-06-20 17:00:00,3.99,30.4,39.5,82,6.8,32.7,509,94,1.2,Overcast clouds,c04d,17
2026-06-20 17:15:00,3.98,30.1,38.6,82,6.8,29.4,452,89,1.1,Overcast clouds,c04d,17
2026-06-20 17:30:00,44.02,29.9,38.1,83,6.8,26.1,395,84,0.9,Overcast clouds,c04d,17
2026-06-20 17:45:00,42.07,29.6,37.4,84,6.8,22.7,338,79,0.8,Overcast clouds,c04d,17
2026-06-20 18:00:00,36.71,29.3,36.6,84,6.8,19.4,281,74,0.8,Drizzle,d02d,18
2026-06-20 18:15:00,0.02,29.3,36.6,84,6.8,16.2,228,65,0.7,Overcast clouds,c04d,18
2026-06-20 18:30:00,0.0,29.3,36.6,84,6.8,12.9,175,56,0.7,Overcast clouds,c04d,18
2026-06-20 18:45:00,12.83,29.3,36.6,84,6.8,9.7,122,48,0.7,Overcast clouds,c04d,18
2026-06-20 19:00:00,7.89,29.3,36.6,84,6.8,6.4,69,39,0.6,Overcast clouds,c04d,19
2026-06-20 19:15:00,3.43,29.3,36.6,84,6.9,3.3,52,29,0.6,Overcast clouds,c04d,19
2026-06-20 19:30:00,0.49,29.3,36.6,84,7.0,0.2,35,20,0.6,Overcast clouds,c04n,19
2026-06-20 19:45:00,0.04,29.3,36.6,84,7.1,-2.9,17,10,0.0,Overcast clouds,c04n,19
2026-06-20 20:00:00,0.01,29.3,36.6,84,7.2,-6.1,0,0,0.0,Overcast clouds,c04n,20
2026-06-20 20:15:00,0.0,29.2,36.3,84,7.1,-9.0,0,0,0.0,Overcast clouds,c04n,20
2026-06-20 20:30:00,0.0,29.1,36.2,85,7.0,-11.9,0,0,0.0,Overcast clouds,c04n,20
2026-06-20 20:45:00,0.0,29.0,36.1,86,6.9,-14.9,0,0,0.0,Overcast clouds,c04n,20
2026-06-20 21:00:00,0.0,28.9,35.8,86,6.8,-17.8,0,0,0.0,Overcast clouds,c04n,21
2026-06-20 21:15:00,0.0,28.6,35.1,87,6.7,-20.4,0,0,0.0,Overcast clouds,c04n,21
2026-06-20 21:30:00,0.0,28.4,34.5,88,6.6,-23.0,0,0,0.0,Overcast clouds,c04n,21
2026-06-20 21:45:00,0.0,28.1,33.8,89,6.5,-25.7,0,0,0.0,Overcast clouds,c04n,21
2026-06-20 22:00:00,0.0,27.8,33.1,90,6.4,-28.3,0,0,0.0,Overcast clouds,c04n,22
2026-06-20 22:15:00,0.0,27.7,32.8,90,6.4,-30.4,0,0,0.0,Overcast clouds,c04n,22
2026-06-20 22:30:00,0.0,27.6,32.7,91,6.4,-32.6,0,0,0.0,Overcast clouds,c04n,22
2026-06-20 22:45:00,0.0,27.5,32.5,92,6.4,-34.7,0,0,0.0,Overcast clouds,c04n,22
2026-06-20 23:00:00,0.0,27.4,32.2,92,6.4,-36.9,0,0,0.0,Overcast clouds,c04n,23
2026-06-20 23:15:00,0.0,27.4,32.2,92,6.5,-38.3,0,0,0.0,Overcast clouds,c04n,23
2026-06-20 23:30:00,0.0,27.4,32.2,92,6.6,-39.7,0,0,0.0,Overcast clouds,c04n,23
2026-06-20 23:45:00,0.0,27.4,32.2,92,6.7,-41.1,0,0,0.0,Overcast clouds,c04n,23
2026-06-21 00:00:00,0.0,27.4,32.2,92,6.8,-42.4,0,0,0.0,Overcast clouds,c04n,0
2026-06-21 00:15:00,0.0,27.3,31.9,92,6.8,-42.8,0,0,0.0,Overcast clouds,c04n,0
2026-06-21 00:30:00,0.0,27.2,31.6,92,6.8,-43.2,0,0,0.0,Overcast clouds,c04n,0
2026-06-21 00:45:00,0.0,27.1,31.2,92,6.8,-43.5,0,0,0.0,Overcast clouds,c04n,0
2026-06-21 01:00:00,0.0,27.0,30.9,92,6.8,-43.9,0,0,0.0,Overcast clouds,c04n,1
2026-06-21 01:15:00,0.0,27.0,30.9,92,6.8,-43.1,0,0,0.0,Overcast clouds,c04n,1
2026-06-21 01:30:00,0.0,27.0,30.9,92,6.8,-42.4,0,0,0.0,Overcast clouds,c04n,1
2026-06-21 01:45:00,0.0,27.0,30.9,92,6.8,-41.6,0,0,0.0,Overcast clouds,c04n,1
2026-06-21 02:00:00,0.0,27.0,30.9,92,6.8,-40.8,0,0,0.0,Overcast clouds,c04n,2
2026-06-21 02:15:00,0.0,27.0,30.9,92,6.6,-39.1,0,0,0.0,Overcast clouds,c04n,2
2026-06-21 02:30:00,0.0,27.0,30.9,92,6.4,-37.4,0,0,0.0,Overcast clouds,c04n,2
2026-06-21 02:45:00,0.0,27.0,30.9,92,6.2,-35.7,0,0,0.0,Overcast clouds,c04n,2
2026-06-21 03:00:00,0.0,27.0,30.9,92,6.0,-34.0,0,0,0.0,Overcast clouds,c04n,3
2026-06-21 03:15:00,0.0,26.9,30.7,92,6.1,-31.7,0,0,0.0,Overcast clouds,c04n,3
2026-06-21 03:30:00,0.0,26.9,30.6,93,6.2,-29.3,0,0,0.0,Overcast clouds,c04n,3
2026-06-21 03:45:00,0.0,26.8,30.5,94,6.3,-27.0,0,0,0.0,Overcast clouds,c04n,3
2026-06-21 04:00:00,0.0,26.7,30.2,94,6.4,-24.6,0,0,0.0,Overcast clouds,c04n,4
2026-06-21 04:15:00,0.0,26.8,30.5,94,6.4,-21.9,0,0,0.0,Overcast clouds,c04n,4
2026-06-21 04:30:00,0.0,26.9,30.6,93,6.4,-19.1,0,0,0.0,Overcast clouds,c04n,4
2026-06-21 04:45:00,0.0,26.9,30.7,92,6.4,-16.4,0,0,0.0,Overcast clouds,c04n,4
2026-06-21 05:00:00,0.0,27.0,30.9,92,6.4,-13.6,0,0,0.0,Overcast clouds,c04n,5
2026-06-21 05:15:00,0.0,27.3,31.7,91,6.5,-10.6,0,0,0.0,Overcast clouds,c04n,5
2026-06-21 05:30:00,0.0,27.6,32.4,90,6.6,-7.6,0,0,0.0,Overcast clouds,c04n,5
2026-06-21 05:45:00,0.0,27.8,33.0,89,6.7,-4.6,0,0,0.0,Overcast clouds,c04n,5
2026-06-21 06:00:00,1.73,28.1,33.7,88,6.8,-1.6,0,0,0.0,Overcast clouds,c04n,6
2026-06-21 06:15:00,6.72,28.1,33.7,88,7.0,1.6,35,14,0.6,Overcast clouds,c04n,6
2026-06-21 06:30:00,16.52,28.1,33.7,88,7.2,4.8,71,27,0.6,Overcast clouds,c04d,6
2026-06-21 06:45:00,24.3,28.1,33.7,88,7.4,8.0,106,41,0.6,Overcast clouds,c04d,6
2026-06-21 07:00:00,33.74,28.1,33.7,88,7.6,11.1,141,54,0.7,Drizzle,d02d,7
2026-06-21 07:15:00,35.02,28.2,34.0,88,7.5,14.4,197,61,0.7,Overcast clouds,c04d,7
2026-06-21 07:30:00,48.4,28.3,34.1,87,7.4,17.7,253,68,0.7,Overcast clouds,c04d,7
2026-06-21 07:45:00,53.18,28.4,34.2,86,7.3,21.0,309,75,0.8,Overcast clouds,c04d,7
2026-06-21 08:00:00,57.29,28.5,34.5,86,7.2,24.3,365,82,0.9,Overcast clouds,c04d,8
2026-06-21 08:15:00,51.09,28.7,34.9,85,7.7,27.6,421,87,1.0,Overcast clouds,c04d,8
2026-06-21 08:30:00,114.43,28.9,35.3,84,8.2,31.0,477,91,1.1,Overcast clouds,c04d,8
2026-06-21 08:45:00,115.71,29.1,35.7,83,8.7,34.3,533,96,1.3,Overcast clouds,c04d,8
2026-06-21 09:00:00,102.27,29.3,36.1,82,9.2,37.7,589,100,1.4,Overcast clouds,c04d,9
2026-06-21 09:15:00,101.09,29.9,37.2,80,10.0,41.0,638,103,1.6,Overcast clouds,c04d,9
2026-06-21 09:30:00,120.71,30.4,38.0,77,10.8,44.4,687,106,1.8,Overcast clouds,c04d,9
2026-06-21 09:45:00,125.18,31.0,38.7,74,11.6,47.8,737,109,2.0,Overcast clouds,c04d,9
2026-06-21 10:00:00,11.94,31.5,39.6,72,12.4,51.2,786,112,2.2,Overcast clouds,c04d,10
2026-06-21 10:15:00,3.96,31.5,39.6,72,12.3,54.7,824,114,2.4,Overcast clouds,c04d,10
2026-06-21 10:30:00,3.91,31.5,39.6,72,12.2,58.1,861,116,2.6,Overcast clouds,c04d,10
2026-06-21 10:45:00,3.97,31.5,39.6,72,12.1,61.5,899,118,2.8,Overcast clouds,c04d,10
2026-06-21 11:00:00,3.93,31.5,39.6,72,12.0,64.9,936,120,3.0,Overcast clouds,c04d,11
2026-06-21 11:15:00,3.93,31.5,40.0,73,12.1,68.4,959,121,3.2,Overcast clouds,c04d,11
2026-06-21 11:30:00,3.97,31.5,40.3,74,12.2,71.8,982,122,3.3,Overcast clouds,c04d,11
2026-06-21 11:45:00,3.96,31.5,40.7,75,12.3,75.2,1004,123,3.4,Overcast clouds,c04d,11
2026-06-21 12:00:00,4.01,31.5,41.1,76,12.4,78.7,1027,124,3.6,Overcast clouds,c04d,12
2026-06-21 12:15:00,3.93,31.8,42.0,76,12.4,80.8,1033,125,3.6,Overcast clouds,c04d,12
2026-06-21 12:30:00,3.95,32.1,42.5,75,12.4,83.0,1038,125,3.7,Overcast clouds,c04d,12
2026-06-21 12:45:00,3.95,32.3,43.0,74,12.4,85.2,1044,125,3.7,Overcast clouds,c04d,12
2026-06-21 13:00:00,3.95,32.6,43.9,74,12.4,87.4,1049,125,3.7,Overcast clouds,c04d,13
2026-06-21 13:15:00,3.96,32.6,43.9,74,12.5,83.9,1037,125,3.7,Overcast clouds,c04d,13
2026-06-21 13:30:00,3.92,32.6,43.9,74,12.6,80.5,1026,124,3.6,Drizzle,d02d,13
2026-06-21 13:45:00,3.88,32.6,43.9,74,12.7,77.1,1014,124,3.5,Overcast clouds,c04d,13
2026-06-21 14:00:00,20.39,32.6,43.9,74,12.8,73.7,1002,123,3.4,Overcast clouds,c04d,14
2026-06-21 14:15:00,70.53,32.6,43.9,74,11.9,70.2,973,122,3.2,Overcast clouds,c04d,14
2026-06-21 14:30:00,112.0,32.6,43.9,74,11.0,66.8,945,120,3.1,Overcast clouds,c04d,14
2026-06-21 14:45:00,3.98,32.6,43.5,73,10.1,63.4,917,119,2.9,Overcast clouds,c04d,14
2026-06-21 15:00:00,54.97,32.6,43.5,73,9.2,59.9,888,118,2.7,Overcast clouds,c04d,15
2026-06-21 15:15:00,42.53,32.3,43.0,74,8.8,56.5,846,115,2.5,Overcast clouds,c04d,15
2026-06-21 15:30:00,2.67,32.1,42.1,74,8.4,53.1,804,113,2.3,Overcast clouds,c04d,15
2026-06-21 15:45:00,2.66,31.8,41.6,75,8.0,49.7,761,111,2.1,Overcast clouds,c04d,15
2026-06-21 16:00:00,2.66,31.5,41.1,76,7.6,46.3,719,108,1.9,Overcast clouds,c04d,16
2026-06-21 16:15:00,2.67,31.5,41.1,76,7.5,42.9,666,105,1.7,Overcast clouds,c04d,16
2026-06-21 16:30:00,0.02,31.5,41.1,76,7.4,39.5,614,101,1.5,Overcast clouds,c04d,16
2026-06-21 16:45:00,0.02,31.5,41.1,76,7.3,36.1,562,98,1.3,Drizzle,d02d,16
2026-06-21 17:00:00,0.0,31.5,41.1,76,7.2,32.8,509,94,1.2,Thunderstorm with light rain,t01d,17
2026-06-21 17:15:00,0.93,31.0,40.3,78,7.3,29.4,452,89,1.1,Thunderstorm with light rain,t01d,17
2026-06-21 17:30:00,0.99,30.6,39.1,79,7.4,26.1,396,84,0.9,Thunderstorm with light rain,t01d,17
2026-06-21 17:45:00,1.22,30.1,37.9,80,7.5,22.8,339,79,0.8,Thunderstorm with light rain,t01d,17
2026-06-21 18:00:00,1.53,29.6,37.0,82,7.6,19.5,282,74,0.8,Thunderstorm with light rain,t01d,18
2026-06-21 18:15:00,1.61,29.6,37.0,82,7.7,16.2,229,65,0.7,Thunderstorm with light rain,t01d,18
2026-06-21 18:30:00,1.3,29.6,37.0,82,7.8,13.0,176,57,0.7,Thunderstorm with light rain,t01d,18
2026-06-21 18:45:00,1.12,29.6,36.7,81,7.9,9.7,123,48,0.7,Thunderstorm with light rain,t01d,18
2026-06-21 19:00:00,0.74,29.6,36.7,81,8.0,6.5,70,39,0.6,Thunderstorm with light rain,t01d,19
2026-06-21 19:15:00,0.31,29.5,36.5,81,7.7,3.4,52,30,0.6,Thunderstorm with light rain,t01d,19
2026-06-21 19:30:00,0.09,29.5,36.5,82,7.4,0.2,35,20,0.6,Drizzle,d02n,19
2026-06-21 19:45:00,0.0,29.4,36.3,82,7.1,-2.9,17,10,0.0,Overcast clouds,c04n,19
2026-06-21 20:00:00,0.0,29.3,36.1,82,6.8,-6.0,0,0,0.0,Overcast clouds,c04n,20
2026-06-21 20:15:00,0.0,29.3,36.1,82,6.8,-8.9,0,0,0.0,Overcast clouds,c04n,20
2026-06-21 20:30:00,0.0,29.3,36.3,83,6.8,-11.9,0,0,0.0,Overcast clouds,c04n,20
2026-06-21 20:45:00,0.0,29.3,36.6,84,6.8,-14.8,0,0,0.0,Overcast clouds,c04n,20
2026-06-21 21:00:00,0.0,29.3,36.6,84,6.8,-17.7,0,0,0.0,Overcast clouds,c04n,21
2026-06-21 21:15:00,0.0,29.1,35.9,84,6.8,-20.4,0,0,0.0,Overcast clouds,c04n,21
2026-06-21 21:30:00,0.0,28.9,35.6,85,6.8,-23.0,0,0,0.0,Overcast clouds,c04n,21
2026-06-21 21:45:00,0.0,28.7,35.2,86,6.8,-25.6,0,0,0.0,Overcast clouds,c04n,21
2026-06-21 22:00:00,0.0,28.5,34.5,86,6.8,-28.3,0,0,0.0,Overcast clouds,c04n,22
2026-06-21 22:15:00,0.0,28.4,34.2,86,6.8,-30.4,0,0,0.0,Overcast clouds,c04n,22
2026-06-21 22:30:00,0.0,28.3,33.9,86,6.8,-32.6,0,0,0.0,Overcast clouds,c04n,22
2026-06-21 22:45:00,0.0,28.2,33.6,86,6.8,-34.7,0,0,0.0,Overcast clouds,c04n,22
2026-06-21 23:00:00,0.0,28.1,33.4,86,6.8,-36.9,0,0,0.0,Overcast clouds,c04n,23
2026-06-21 23:15:00,0.0,28.0,33.1,86,6.8,-38.3,0,0,0.0,Overcast clouds,c04n,23
2026-06-21 23:30:00,0.0,28.0,33.1,87,6.8,-39.6,0,0,0.0,Overcast clouds,c04n,23
2026-06-21 23:45:00,0.0,27.9,33.0,88,6.8,-41.0,0,0,0.0,Overcast clouds,c04n,23
2026-06-22 00:00:00,0.0,27.8,32.8,88,6.8,-42.4,0,0,0.0,Overcast clouds,c04n,0
2026-06-22 00:15:00,0.0,27.7,32.5,88,6.8,-42.8,0,0,0.0,Overcast clouds,c04n,0
2026-06-22 00:30:00,0.01,27.6,32.2,88,6.8,-43.2,0,0,0.0,Overcast clouds,c04n,0
2026-06-22 00:45:00,0.0,27.5,31.9,88,6.8,-43.5,0,0,0.0,Overcast clouds,c04n,0
2026-06-22 01:00:00,0.0,27.4,31.6,88,6.8,-43.9,0,0,0.0,Overcast clouds,c04n,1
2026-06-22 01:15:00,0.0,27.4,31.6,88,6.8,-43.1,0,0,0.0,Overcast clouds,c04n,1
2026-06-22 01:30:00,0.0,27.4,31.6,88,6.8,-42.4,0,0,0.0,Overcast clouds,c04n,1
2026-06-22 01:45:00,0.01,27.4,31.6,88,6.8,-41.6,0,0,0.0,Overcast clouds,c04n,1
2026-06-22 02:00:00,0.01,27.4,31.6,88,6.8,-40.9,0,0,0.0,Overcast clouds,c04n,2
2026-06-22 02:15:00,0.0,27.4,31.6,88,6.6,-39.2,0,0,0.0,Overcast clouds,c04n,2
2026-06-22 02:30:00,0.01,27.4,31.6,88,6.4,-37.5,0,0,0.0,Overcast clouds,c04n,2
2026-06-22 02:45:00,0.0,27.4,31.6,88,6.2,-35.8,0,0,0.0,Overcast clouds,c04n,2
2026-06-22 03:00:00,0.0,27.4,31.6,88,6.0,-34.1,0,0,0.0,Overcast clouds,c04n,3
2026-06-22 03:15:00,0.0,27.4,31.6,88,6.1,-31.7,0,0,0.0,Overcast clouds,c04n,3
2026-06-22 03:30:00,0.0,27.4,31.6,88,6.2,-29.4,0,0,0.0,Overcast clouds,c04n,3
2026-06-22 03:45:00,0.0,27.4,31.6,88,6.3,-27.0,0,0,0.0,Overcast clouds,c04n,3
2026-06-22 04:00:00,0.0,27.4,31.6,88,6.4,-24.7,0,0,0.0,Overcast clouds,c04n,4
2026-06-22 04:15:00,0.0,27.4,31.6,88,6.5,-21.9,0,0,0.0,Overcast clouds,c04n,4
2026-06-22 04:30:00,0.0,27.4,31.6,88,6.6,-19.2,0,0,0.0,Overcast clouds,c04n,4
2026-06-22 04:45:00,0.01,27.4,31.6,88,6.7,-16.4,0,0,0.0,Overcast clouds,c04n,4
2026-06-22 05:00:00,0.01,27.4,31.6,88,6.8,-13.6,0,0,0.0,Overcast clouds,c04n,5
2026-06-22 05:15:00,0.0,27.4,31.6,88,6.8,-10.6,0,0,0.0,Overcast clouds,c04n,5
2026-06-22 05:30:00,0.01,27.4,31.8,89,6.8,-7.6,0,0,0.0,Overcast clouds,c04n,5
2026-06-22 05:45:00,0.01,27.4,31.9,90,6.8,-4.6,0,0,0.0,Overcast clouds,c04n,5
2026-06-22 06:00:00,0.0,27.4,31.9,90,6.8,-1.6,0,0,0.0,Overcast clouds,c04n,6
2026-06-22 06:15:00,2.83,27.4,31.9,90,6.8,1.6,35,14,1.0,Overcast clouds,c04n,6
2026-06-22 06:30:00,5.84,27.4,31.9,90,6.8,4.7,70,27,1.1,Broken clouds,c03d,6
2026-06-22 06:45:00,9.38,27.4,31.9,90,6.8,7.9,105,41,1.2,Broken clouds,c03d,6
2026-06-22 07:00:00,12.7,27.4,31.9,90,6.8,11.1,141,54,1.2,Broken clouds,c03d,7
2026-06-22 07:15:00,16.81,27.5,32.2,90,6.8,14.4,196,61,1.3,Broken clouds,c03d,7
2026-06-22 07:30:00,43.64,27.6,32.7,91,6.8,17.7,252,68,1.3,Broken clouds,c03d,7
2026-06-22 07:45:00,53.14,27.7,33.1,92,6.8,20.9,308,75,1.4,Broken clouds,c03d,7
2026-06-22 08:00:00,119.88,27.8,33.4,92,6.8,24.2,364,82,1.5,Broken clouds,c03d,8
2026-06-22 08:15:00,54.07,27.9,33.5,91,7.3,27.6,420,87,1.6,Overcast clouds,c04d,8
2026-06-22 08:30:00,47.31,28.0,33.6,90,7.8,30.9,476,91,1.8,Overcast clouds,c04d,8
2026-06-22 08:45:00,45.17,28.0,33.7,89,8.3,34.3,532,96,2.0,Overcast clouds,c04d,8
2026-06-22 09:00:00,43.24,28.1,33.7,88,8.8,37.6,588,100,2.1,Overcast clouds,c04d,9
2026-06-22 09:15:00,55.45,28.8,35.1,85,9.0,41.0,637,103,2.3,Overcast clouds,c04d,9
2026-06-22 09:30:00,46.54,29.4,36.4,82,9.2,44.4,687,106,2.5,Overcast clouds,c04d,9
2026-06-22 09:45:00,77.24,30.1,37.8,80,9.4,47.8,736,109,2.6,Overcast clouds,c04d,9
2026-06-22 10:00:00,108.09,30.7,38.9,77,9.6,51.2,785,112,2.8,Overcast clouds,c04d,10
2026-06-22 10:15:00,141.34,31.0,39.5,76,9.7,54.6,823,114,3.0,Overcast clouds,c04d,10
2026-06-22 10:30:00,80.02,31.3,39.7,74,9.8,58.0,861,116,3.2,Overcast clouds,c04d,10
2026-06-22 10:45:00,97.16,31.6,39.9,72,9.9,61.4,898,118,3.4,Overcast clouds,c04d,10
2026-06-22 11:00:00,55.91,31.9,40.5,71,10.0,64.9,936,120,3.6,Overcast clouds,c04d,11
2026-06-22 11:15:00,32.37,32.0,40.3,70,10.7,68.3,959,121,3.8,Overcast clouds,c04d,11
2026-06-22 11:30:00,30.38,32.1,40.6,70,11.4,71.7,981,122,4.0,Overcast clouds,c04d,11
2026-06-22 11:45:00,74.22,32.1,40.8,70,12.1,75.2,1004,123,4.2,Overcast clouds,c04d,11
2026-06-22 12:00:00,32.83,32.2,40.6,69,12.8,78.6,1027,124,4.4,Overcast clouds,c04d,12
2026-06-22 12:15:00,3.94,32.7,41.6,68,12.7,80.8,1032,125,4.4,Overcast clouds,c04d,12
2026-06-22 12:30:00,90.86,33.2,42.2,66,12.6,83.0,1038,125,4.4,Overcast clouds,c04d,12
2026-06-22 12:45:00,100.12,33.6,43.2,65,12.5,85.2,1044,125,4.4,Overcast clouds,c04d,12
2026-06-22 13:00:00,40.79,34.1,44.2,64,12.4,87.4,1049,125,4.4,Overcast clouds,c04d,13
2026-06-22 13:15:00,22.53,34.1,44.2,64,12.3,84.0,1037,125,4.2,Overcast clouds,c04d,13
2026-06-22 13:30:00,3.92,34.1,44.2,64,12.2,80.6,1026,124,4.1,Overcast clouds,c04d,13
2026-06-22 13:45:00,3.84,34.1,44.7,65,12.1,77.2,1014,124,3.8,Overcast clouds,c04d,13
2026-06-22 14:00:00,3.92,34.1,44.7,65,12.0,73.7,1002,123,3.6,Overcast clouds,c04d,14
2026-06-22 14:15:00,4.52,34.1,44.7,65,11.6,70.3,974,122,3.4,Overcast clouds,c04d,14
2026-06-22 14:30:00,4.43,34.1,44.7,65,11.2,66.9,945,120,3.2,Overcast clouds,c04d,14
2026-06-22 14:45:00,3.89,34.1,44.7,65,10.8,63.4,917,119,3.0,Overcast clouds,c04d,14
2026-06-22 15:00:00,3.86,34.1,44.7,65,10.4,60.0,889,118,2.8,Overcast clouds,c04d,15
2026-06-22 15:15:00,40.42,34.2,44.5,64,10.1,56.6,846,115,2.6,Overcast clouds,c04d,15
2026-06-22 15:30:00,7.38,34.3,44.2,63,9.8,53.2,804,113,2.5,Overcast clouds,c04d,15
2026-06-22 15:45:00,6.92,34.3,44.0,62,9.5,49.7,762,111,2.3,Overcast clouds,c04d,15
2026-06-22 16:00:00,8.83,34.4,43.7,61,9.2,46.3,719,108,2.1,Overcast clouds,c04d,16
2026-06-22 16:15:00,9.29,34.3,44.0,62,9.0,43.0,667,105,1.9,Overcast clouds,c04d,16
2026-06-22 16:30:00,3.89,34.3,43.8,62,8.8,39.6,615,101,1.6,Overcast clouds,c04d,16
2026-06-22 16:45:00,13.55,34.2,43.5,62,8.6,36.2,562,98,1.5,Overcast clouds,c04d,16
2026-06-22 17:00:00,16.57,34.1,43.8,63,8.4,32.8,510,94,1.3,Overcast clouds,c04d,17
2026-06-22 17:15:00,67.69,33.6,43.4,66,8.2,29.5,453,89,1.1,Overcast clouds,c04d,17
2026-06-22 17:30:00,5.27,33.0,42.6,68,8.0,26.2,396,84,1.0,Overcast clouds,c04d,17
2026-06-22 17:45:00,0.02,32.5,41.8,70,7.8,22.8,339,79,0.9,Overcast clouds,c04d,17
2026-06-22 18:00:00,53.57,31.9,41.2,73,7.6,19.5,282,74,0.8,Overcast clouds,c04d,18
2026-06-22 18:15:00,24.83,31.9,41.2,73,7.2,16.3,229,65,0.8,Overcast clouds,c04d,18
2026-06-22 18:30:00,3.95,31.9,41.2,73,6.8,13.0,176,57,0.7,Overcast clouds,c04d,18
2026-06-22 18:45:00,3.91,31.9,41.2,73,6.4,9.8,123,48,0.7,Overcast clouds,c04d,18
2026-06-22 19:00:00,4.08,31.9,41.2,73,6.0,6.5,70,40,0.7,Overcast clouds,c04d,19
2026-06-22 19:15:00,2.94,31.8,41.3,74,5.9,3.4,53,30,0.6,Overcast clouds,c04d,19
2026-06-22 19:30:00,1.31,31.7,41.0,74,5.8,0.3,35,20,0.6,Overcast clouds,c04n,19
2026-06-22 19:45:00,0.18,31.6,41.0,75,5.7,-2.8,18,10,0.0,Overcast clouds,c04n,19
2026-06-22 20:00:00,0.0,31.5,41.1,76,5.6,-6.0,0,0,0.0,Overcast clouds,c04n,20
2026-06-22 20:15:00,0.0,31.4,40.8,76,5.6,-8.9,0,0,0.0,Overcast clouds,c04n,20
2026-06-22 20:30:00,0.0,31.3,40.4,76,5.6,-11.8,0,0,0.0,Overcast clouds,c04n,20
2026-06-22 20:45:00,0.0,31.2,40.1,76,5.6,-14.8,0,0,0.0,Overcast clouds,c04n,20
2026-06-22 21:00:00,0.0,31.1,39.8,76,5.6,-17.7,0,0,0.0,Overcast clouds,c04n,21
2026-06-22 21:15:00,0.0,30.8,39.6,78,5.6,-20.3,0,0,0.0,Overcast clouds,c04n,21
2026-06-22 21:30:00,0.0,30.6,39.1,79,5.6,-23.0,0,0,0.0,Overcast clouds,c04n,21
2026-06-22 21:45:00,0.0,30.3,38.5,80,5.6,-25.6,0,0,0.0,Overcast clouds,c04n,21
2026-06-22 22:00:00,0.0,30.0,38.2,82,5.6,-28.2,0,0,0.0,Overcast clouds,c04n,22
2026-06-22 22:15:00,0.0,29.7,37.6,83,5.7,-30.4,0,0,0.0,Overcast clouds,c04n,22
2026-06-22 22:30:00,0.0,29.5,37.0,84,5.8,-32.5,0,0,0.0,Overcast clouds,c04n,22
2026-06-22 22:45:00,0.0,29.2,36.4,85,5.9,-34.7,0,0,0.0,Overcast clouds,c04n,22
2026-06-22 23:00:00,0.0,28.9,35.8,86,6.0,-36.8,0,0,0.0,Overcast clouds,c04n,23
2026-06-22 23:15:00,0.0,28.8,35.5,86,6.1,-38.2,0,0,0.0,Overcast clouds,c04n,23
2026-06-22 23:30:00,0.0,28.7,35.4,87,6.2,-39.6,0,0,0.0,Overcast clouds,c04n,23
2026-06-22 23:45:00,0.0,28.6,35.3,88,6.3,-41.0,0,0,0.0,Overcast clouds,c04n,23
2026-06-23 00:00:00,0.0,28.5,35.0,88,6.4,-42.4,0,0,0.0,Overcast clouds,c04n,0
2026-06-23 00:15:00,0.0,28.4,34.6,88,6.4,-42.8,0,0,0.0,Overcast clouds,c04n,0
2026-06-23 00:30:00,0.0,28.3,34.3,88,6.4,-43.2,0,0,0.0,Overcast clouds,c04n,0
2026-06-23 00:45:00,0.0,28.2,34.0,88,6.4,-43.5,0,0,0.0,Overcast clouds,c04n,0
2026-06-23 01:00:00,0.01,28.1,33.7,88,6.4,-43.9,0,0,0.0,Overcast clouds,c04n,1
2026-06-23 01:15:00,0.0,28.2,34.0,88,6.4,-43.1,0,0,0.0,Overcast clouds,c04n,1
2026-06-23 01:30:00,0.0,28.3,34.3,88,6.4,-42.4,0,0,0.0,Overcast clouds,c04n,1
2026-06-23 01:45:00,0.0,28.4,34.6,88,6.4,-41.6,0,0,0.0,Overcast clouds,c04n,1
2026-06-23 02:00:00,0.0,28.5,35.0,88,6.4,-40.9,0,0,0.0,Overcast clouds,c04n,2
2026-06-23 02:15:00,0.0,28.5,35.0,88,6.4,-39.2,0,0,0.0,Overcast clouds,c04n,2
2026-06-23 02:30:00,0.0,28.5,35.0,88,6.4,-37.5,0,0,0.0,Overcast clouds,c04n,2
2026-06-23 02:45:00,0.0,28.5,35.0,88,6.4,-35.8,0,0,0.0,Overcast clouds,c04n,2
2026-06-23 03:00:00,0.0,28.5,35.0,88,6.4,-34.1,0,0,0.0,Overcast clouds,c04n,3
2026-06-23 03:15:00,0.0,28.4,34.6,88,6.4,-31.7,0,0,0.0,Overcast clouds,c04n,3
2026-06-23 03:30:00,0.0,28.3,34.5,89,6.4,-29.4,0,0,0.0,Overcast clouds,c04n,3
2026-06-23 03:45:00,0.0,28.2,34.4,90,6.4,-27.1,0,0,0.0,Overcast clouds,c04n,3
2026-06-23 04:00:00,0.01,28.1,34.1,90,6.4,-24.7,0,0,0.0,Overcast clouds,c04n,4
2026-06-23 04:15:00,0.0,28.2,34.4,90,6.2,-22.0,0,0,0.0,Overcast clouds,c04n,4
2026-06-23 04:30:00,0.0,28.3,34.5,89,6.0,-19.2,0,0,0.0,Overcast clouds,c04n,4
2026-06-23 04:45:00,0.0,28.4,34.6,88,5.8,-16.4,0,0,0.0,Overcast clouds,c04n,4
2026-06-23 05:00:00,0.0,28.5,35.0,88,5.6,-13.7,0,0,0.0,Overcast clouds,c04n,5
2026-06-23 05:15:00,0.0,28.6,35.3,88,5.7,-10.7,0,0,0.0,Overcast clouds,c04n,5
2026-06-23 05:30:00,0.0,28.7,35.6,88,5.8,-7.7,0,0,0.0,Overcast clouds,c04n,5
2026-06-23 05:45:00,0.0,28.8,35.9,88,5.9,-4.7,0,0,0.0,Overcast clouds,c04n,5
2026-06-23 06:00:00,1.26,28.9,36.3,88,6.0,-1.7,0,0,0.0,Overcast clouds,c04n,6
2026-06-23 06:15:00,3.44,28.9,36.3,88,6.1,1.5,35,14,0.6,Drizzle,d02n,6
2026-06-23 06:30:00,8.59,28.9,36.3,88,6.2,4.7,70,27,0.6,Light rain,r01d,6
2026-06-23 06:45:00,19.5,28.9,36.3,88,6.3,7.9,105,41,0.6,Drizzle,d02d,6
2026-06-23 07:00:00,0.01,28.9,36.3,88,6.4,11.0,140,54,0.7,Overcast clouds,c04d,7
2026-06-23 07:15:00,0.0,29.0,36.6,88,6.4,14.3,196,61,0.7,Overcast clouds,c04d,7
2026-06-23 07:30:00,51.77,29.1,36.9,88,6.4,17.6,251,68,0.7,Overcast clouds,c04d,7
2026-06-23 07:45:00,60.68,29.2,37.3,88,6.4,20.9,307,75,0.8,Overcast clouds,c04d,7
2026-06-23 08:00:00,82.16,29.3,37.6,88,6.4,24.2,363,82,0.9,Overcast clouds,c04d,8
2026-06-23 08:15:00,64.26,29.3,37.6,88,6.7,27.5,419,86,1.0,Overcast clouds,c04d,8
2026-06-23 08:30:00,46.57,29.3,37.6,88,7.0,30.9,475,91,1.1,Overcast clouds,c04d,8
2026-06-23 08:45:00,68.19,29.3,37.6,88,7.3,34.2,531,95,1.3,Overcast clouds,c04d,8
2026-06-23 09:00:00,81.92,29.3,37.6,88,7.6,37.6,587,100,1.4,Overcast clouds,c04d,9
2026-06-23 09:15:00,105.03,30.0,38.9,84,7.7,40.9,636,103,1.6,Overcast clouds,c04d,9
2026-06-23 09:30:00,96.19,30.8,40.4,81,7.8,44.3,686,106,1.8,Overcast clouds,c04d,9
2026-06-23 09:45:00,103.58,31.5,41.7,78,7.9,47.7,735,109,2.0,Overcast clouds,c04d,9
2026-06-23 10:00:00,124.55,32.2,42.6,74,8.0,51.1,784,112,2.2,Overcast clouds,c04d,10
2026-06-23 10:15:00,5.74,32.2,42.6,74,8.5,54.6,822,114,2.4,Overcast clouds,c04d,10
2026-06-23 10:30:00,3.89,32.2,42.6,74,9.0,58.0,860,116,2.6,Overcast clouds,c04d,10
2026-06-23 10:45:00,3.92,32.2,42.2,73,9.5,61.4,898,118,2.8,Overcast clouds,c04d,10
2026-06-23 11:00:00,3.88,32.2,42.2,73,10.0,64.8,935,120,3.0,Overcast clouds,c04d,11
2026-06-23 11:15:00,3.95,32.2,42.2,73,9.8,68.3,958,121,3.2,Overcast clouds,c04d,11
2026-06-23 11:30:00,3.91,32.2,42.2,73,9.6,71.7,981,122,3.3,Overcast clouds,c04d,11
2026-06-23 11:45:00,3.88,32.2,42.2,73,9.4,75.1,1004,123,3.5,Overcast clouds,c04d,11
2026-06-23 12:00:00,96.57,32.2,42.2,73,9.2,78.6,1026,124,3.7,Overcast clouds,c04d,12
2026-06-23 12:15:00,62.02,32.7,42.9,71,8.8,80.8,1032,125,3.7,Overcast clouds,c04d,12
2026-06-23 12:30:00,69.51,33.2,43.1,68,8.4,83.0,1038,125,3.7,Overcast clouds,c04d,12
2026-06-23 12:45:00,3.92,33.6,43.7,66,8.0,85.2,1044,125,3.7,Overcast clouds,c04d,12
2026-06-23 13:00:00,3.94,34.1,44.2,64,7.6,87.5,1049,125,3.7,Overcast clouds,c04d,13
2026-06-23 13:15:00,33.0,34.0,43.9,64,7.6,84.0,1037,125,3.7,Overcast clouds,c04d,13
2026-06-23 13:30:00,28.96,33.9,43.6,64,7.6,80.6,1026,124,3.6,Overcast clouds,c04d,13
2026-06-23 13:45:00,3.96,33.8,43.8,65,7.6,77.2,1014,124,3.5,Overcast clouds,c04d,13
2026-06-23 14:00:00,3.89,33.7,43.5,65,7.6,73.8,1002,123,3.4,Overcast clouds,c04d,14
2026-06-23 14:15:00,3.88,33.7,43.5,65,7.5,70.3,974,122,3.2,Overcast clouds,c04d,14
2026-06-23 14:30:00,3.92,33.7,43.5,65,7.4,66.9,946,120,3.1,Overcast clouds,c04d,14
2026-06-23 14:45:00,3.88,33.7,43.5,65,7.3,63.5,917,119,3.0,Overcast clouds,c04d,14
2026-06-23 15:00:00,3.95,33.7,43.5,65,7.2,60.0,889,118,2.8,Overcast clouds,c04d,15
2026-06-23 15:15:00,3.96,33.6,43.6,66,7.1,56.6,847,115,2.6,Overcast clouds,c04d,15
2026-06-23 15:30:00,3.97,33.5,43.3,66,7.0,53.2,805,113,2.3,Drizzle,d02d,15
2026-06-23 15:45:00,3.92,33.4,43.4,67,6.9,49.8,762,111,2.1,Overcast clouds,c04d,15
2026-06-23 16:00:00,3.92,33.3,43.5,68,6.8,46.4,720,108,1.9,Overcast clouds,c04d,16
2026-06-23 16:15:00,3.96,33.2,43.3,68,6.7,43.0,668,105,1.7,Overcast clouds,c04d,16
2026-06-23 16:30:00,3.93,33.2,43.5,69,6.6,39.6,615,101,1.5,Overcast clouds,c04d,16
2026-06-23 16:45:00,3.89,33.1,43.7,70,6.5,36.2,563,98,1.3,Overcast clouds,c04d,16
2026-06-23 17:00:00,3.92,33.0,43.5,70,6.4,32.9,511,94,1.2,Overcast clouds,c04d,17
2026-06-23 17:15:00,3.93,32.6,43.1,72,5.9,29.5,454,89,1.1,Drizzle,d02d,17
2026-06-23 17:30:00,3.91,32.3,42.7,74,5.4,26.2,397,84,1.0,Light rain,r01d,17
2026-06-23 17:45:00,3.91,31.9,41.9,75,4.9,22.9,340,79,0.9,Drizzle,d02d,17
2026-06-23 18:00:00,3.88,31.5,41.4,77,4.4,19.6,283,74,0.8,Drizzle,d02d,18
2026-06-23 18:15:00,3.88,31.4,41.5,78,4.3,16.3,230,65,0.8,Overcast clouds,c04d,18
2026-06-23 18:30:00,3.94,31.3,41.2,78,4.2,13.1,177,57,0.7,Overcast clouds,c04d,18
2026-06-23 18:45:00,3.88,31.2,40.8,78,4.1,9.8,124,48,0.7,Overcast clouds,c04d,18
2026-06-23 19:00:00,3.95,31.1,40.9,79,4.0,6.6,71,40,0.7,Thunderstorm with drizzle,t04d,19
2026-06-23 19:15:00,3.9,31.1,40.9,79,4.2,3.4,53,30,0.7,Thunderstorm with drizzle,t04d,19
2026-06-23 19:30:00,0.74,31.1,40.9,79,4.4,0.3,35,20,0.6,Thunderstorm with drizzle,t04n,19
2026-06-23 19:45:00,0.06,31.1,40.9,79,4.6,-2.8,18,10,0.0,Overcast clouds,c04n,19
2026-06-23 20:00:00,0.0,31.1,40.9,79,4.8,-5.9,0,0,0.0,Overcast clouds,c04n,20
2026-06-23 20:15:00,0.0,31.0,40.9,80,4.9,-8.9,0,0,0.0,Overcast clouds,c04n,20
2026-06-23 20:30:00,0.0,30.9,40.5,80,5.0,-11.8,0,0,0.0,Overcast clouds,c04n,20
2026-06-23 20:45:00,0.0,30.8,40.2,80,5.1,-14.7,0,0,0.0,Overcast clouds,c04n,20
2026-06-23 21:00:00,0.0,30.7,40.2,81,5.2,-17.7,0,0,0.0,Overcast clouds,c04n,21
2026-06-23 21:15:00,0.0,30.4,39.6,82,5.4,-20.3,0,0,0.0,Overcast clouds,c04n,21
2026-06-23 21:30:00,0.0,30.2,39.3,84,5.6,-23.0,0,0,0.0,Overcast clouds,c04n,21
2026-06-23 21:45:00,0.0,29.9,38.7,85,5.8,-25.6,0,0,0.0,Overcast clouds,c04n,21
2026-06-23 22:00:00,0.0,29.6,38.1,86,6.0,-28.2,0,0,0.0,Overcast clouds,c04n,22
2026-06-23 22:15:00,0.0,29.6,38.1,86,6.0,-30.4,0,0,0.0,Overcast clouds,c04n,22
2026-06-23 22:30:00,0.0,29.6,38.1,86,6.0,-32.5,0,0,0.0,Overcast clouds,c04n,22
2026-06-23 22:45:00,0.0,29.6,38.1,86,6.0,-34.7,0,0,0.0,Overcast clouds,c04n,22
2026-06-23 23:00:00,0.0,29.6,38.1,86,6.0,-36.8,0,0,0.0,Overcast clouds,c04n,23
2026-06-23 23:15:00,0.01,29.6,38.1,86,6.0,-38.2,0,0,0.0,Overcast clouds,c04n,23
2026-06-23 23:30:00,0.0,29.6,38.1,86,6.0,-39.6,0,0,0.0,Overcast clouds,c04n,23
2026-06-23 23:45:00,0.0,29.6,38.1,86,6.0,-41.0,0,0,0.0,Overcast clouds,c04n,23
2026-06-24 00:00:00,0.01,29.6,38.1,86,6.0,-42.4,0,0,0.0,Overcast clouds,c04n,0
2026-06-24 00:15:00,0.01,29.4,37.8,87,5.9,-42.8,0,0,0.0,Overcast clouds,c04n,0
2026-06-24 00:30:00,0.0,29.3,37.4,88,5.8,-43.2,0,0,0.0,Overcast clouds,c04n,0
2026-06-24 00:45:00,0.0,29.1,37.1,89,5.7,-43.5,0,0,0.0,Overcast clouds,c04n,0
2026-06-24 01:00:00,0.01,28.9,36.7,90,5.6,-43.9,0,0,0.0,Overcast clouds,c04n,1
2026-06-24 01:15:00,0.0,28.7,36.3,91,5.5,-43.2,0,0,0.0,Overcast clouds,c04n,1
2026-06-24 01:30:00,0.0,28.5,35.8,92,5.4,-42.4,0,0,0.0,Overcast clouds,c04n,1
2026-06-24 01:45:00,0.0,28.3,35.3,93,5.3,-41.7,0,0,0.0,Overcast clouds,c04n,1
2026-06-24 02:00:00,0.0,28.1,34.8,94,5.2,-40.9,0,0,0.0,Overcast clouds,c04n,2
2026-06-24 02:15:00,0.0,28.1,34.8,94,4.9,-39.2,0,0,0.0,Overcast clouds,c04n,2
2026-06-24 02:30:00,0.0,28.1,34.8,94,4.6,-37.5,0,0,0.0,Overcast clouds,c04n,2
2026-06-24 02:45:00,0.0,28.1,34.8,94,4.3,-35.8,0,0,0.0,Overcast clouds,c04n,2
2026-06-24 03:00:00,0.0,28.1,34.8,94,4.0,-34.1,0,0,0.0,Overcast clouds,c04n,3
2026-06-24 03:15:00,0.01,28.0,34.6,94,3.9,-31.8,0,0,0.0,Overcast clouds,c04n,3
2026-06-24 03:30:00,0.01,28.0,34.5,95,3.8,-29.5,0,0,0.0,Overcast clouds,c04n,3
2026-06-24 03:45:00,0.0,27.9,34.4,96,3.7,-27.1,0,0,0.0,Overcast clouds,c04n,3
2026-06-24 04:00:00,0.0,27.8,34.1,96,3.6,-24.8,0,0,0.0,Overcast clouds,c04n,4
2026-06-24 04:15:00,0.0,27.8,34.1,96,3.6,-22.0,0,0,0.0,Overcast clouds,c04n,4
2026-06-24 04:30:00,0.0,27.8,34.1,96,3.6,-19.3,0,0,0.0,Overcast clouds,c04n,4
2026-06-24 04:45:00,0.0,27.8,34.1,96,3.6,-16.5,0,0,0.0,Overcast clouds,c04n,4
2026-06-24 05:00:00,0.0,27.8,34.1,96,3.6,-13.7,0,0,0.0,Overcast clouds,c04n,5
2026-06-24 05:15:00,0.0,27.9,34.4,96,3.6,-10.7,0,0,0.0,Overcast clouds,c04n,5
2026-06-24 05:30:00,0.01,28.0,34.5,95,3.6,-7.7,0,0,0.0,Overcast clouds,c04n,5
2026-06-24 05:45:00,0.0,28.0,34.6,94,3.6,-4.7,0,0,0.0,Overcast clouds,c04n,5
2026-06-24 06:00:00,0.03,28.1,34.8,94,3.6,-1.7,0,0,0.0,Overcast clouds,c04n,6
2026-06-24 06:15:00,1.83,28.1,34.8,94,3.8,1.5,35,13,0.8,Overcast clouds,c04n,6
2026-06-24 06:30:00,5.66,28.1,34.8,94,4.0,4.6,69,27,0.8,Overcast clouds,c04d,6
2026-06-24 06:45:00,9.47,28.1,34.8,94,4.2,7.8,104,40,0.8,Overcast clouds,c04d,6
2026-06-24 07:00:00,15.64,28.1,34.8,94,4.4,11.0,139,54,0.8,Overcast clouds,c04d,7
2026-06-24 07:15:00,28.73,28.4,35.7,93,4.7,14.3,195,61,0.8,Overcast clouds,c04d,7
2026-06-24 07:30:00,32.18,28.7,36.5,92,5.0,17.6,250,68,0.9,Overcast clouds,c04d,7
2026-06-24 07:45:00,37.96,29.0,37.3,91,5.3,20.8,306,75,0.9,Overcast clouds,c04d,7
2026-06-24 08:00:00,50.58,29.3,38.1,90,5.6,24.1,362,82,1.0,Overcast clouds,c04d,8
2026-06-24 08:15:00,78.3,29.4,38.4,90,5.9,27.5,418,86,1.1,Overcast clouds,c04d,8
2026-06-24 08:30:00,87.57,29.5,38.4,89,6.2,30.8,474,91,1.2,Overcast clouds,c04d,8
2026-06-24 08:45:00,77.91,29.5,38.4,88,6.5,34.2,530,95,1.3,Overcast clouds,c04d,8
2026-06-24 09:00:00,69.88,29.6,38.6,88,6.8,37.5,586,100,1.4,Overcast clouds,c04d,9
2026-06-24 09:15:00,69.84,30.2,40.1,86,6.6,40.9,636,103,1.6,Overcast clouds,c04d,9
2026-06-24 09:30:00,76.75,30.8,41.4,84,6.4,44.3,685,106,1.8,Drizzle,d02d,9
2026-06-24 09:45:00,119.98,31.3,42.4,81,6.2,47.7,734,109,2.0,Overcast clouds,c04d,9
2026-06-24 10:00:00,17.19,31.9,43.6,79,6.0,51.1,784,112,2.2,Overcast clouds,c04d,10
2026-06-24 10:15:00,130.82,32.0,43.4,78,5.9,54.5,821,114,2.4,Overcast clouds,c04d,10
2026-06-24 10:30:00,122.11,32.1,43.7,78,5.8,57.9,859,116,2.6,Overcast clouds,c04d,10
2026-06-24 10:45:00,127.51,32.1,44.0,78,5.7,61.3,897,118,2.8,Overcast clouds,c04d,10
2026-06-24 11:00:00,157.35,32.2,43.8,77,5.6,64.8,935,120,3.0,Overcast clouds,c04d,11
2026-06-24 11:15:00,29.08,32.1,44.0,78,5.6,68.2,958,121,3.1,Overcast clouds,c04d,11
2026-06-24 11:30:00,150.18,32.1,43.7,78,5.6,71.7,980,122,3.3,Overcast clouds,c04d,11
2026-06-24 11:45:00,0.0,32.0,43.4,78,5.6,75.1,1003,123,3.4,Overcast clouds,c04d,11
2026-06-24 12:00:00,92.44,31.9,43.6,79,5.6,78.5,1026,124,3.6,Drizzle,d02d,12
2026-06-24 12:15:00,3.95,32.2,44.1,78,5.8,80.8,1032,125,3.6,Overcast clouds,c04d,12
2026-06-24 12:30:00,3.96,32.5,45.1,78,6.0,83.0,1038,125,3.7,Overcast clouds,c04d,12
2026-06-24 12:45:00,3.94,32.7,45.7,77,6.2,85.3,1043,125,3.8,Overcast clouds,c04d,12
2026-06-24 13:00:00,68.91,33.0,46.2,76,6.4,87.5,1049,125,3.8,Overcast clouds,c04d,13
2026-06-24 13:15:00,104.81,32.8,45.9,77,5.8,84.1,1037,125,3.8,Overcast clouds,c04d,13
2026-06-24 13:30:00,91.69,32.6,45.7,78,5.2,80.7,1026,124,3.6,Overcast clouds,c04d,13
2026-06-24 13:45:00,84.9,32.4,44.9,78,4.6,77.3,1014,124,3.5,Overcast clouds,c04d,13
2026-06-24 14:00:00,53.08,32.2,44.7,79,4.0,73.8,1002,123,3.4,Drizzle,d02d,14
2026-06-24 14:15:00,122.63,32.2,44.7,79,4.1,70.4,974,122,3.3,Drizzle,d02d,14
2026-06-24 14:30:00,9.59,32.2,44.7,79,4.2,67.0,946,121,3.1,Drizzle,d02d,14
2026-06-24 14:45:00,3.96,32.2,44.7,79,4.3,63.5,918,119,2.9,Drizzle,d02d,14
2026-06-24 15:00:00,60.25,32.2,44.7,79,4.4,60.1,889,118,2.7,Drizzle,d02d,15
2026-06-24 15:15:00,136.3,32.3,44.6,78,4.8,56.7,847,115,2.5,Overcast clouds,c04d,15
2026-06-24 15:30:00,64.71,32.4,44.9,78,5.2,53.3,805,113,2.3,Overcast clouds,c04d,15
2026-06-24 15:45:00,11.75,32.5,44.9,77,5.6,49.8,763,111,2.1,Drizzle,d02d,15
2026-06-24 16:00:00,3.95,32.6,44.8,76,6.0,46.4,721,108,1.9,Light rain,r01d,16
2026-06-24 16:15:00,3.97,32.6,44.8,76,6.0,43.0,668,105,1.7,Light rain,r01d,16
2026-06-24 16:30:00,3.98,32.6,44.3,75,6.0,39.7,616,101,1.5,Light rain,r01d,16
2026-06-24 16:45:00,3.96,32.6,43.9,74,6.0,36.3,564,98,1.3,Light rain,r01d,16
2026-06-24 17:00:00,4.2,32.6,43.9,74,6.0,32.9,511,94,1.2,Light rain,r01d,17
2026-06-24 17:15:00,4.49,31.7,42.4,78,5.8,29.6,455,89,1.1,Light rain,r01d,17
2026-06-24 17:30:00,2.25,30.8,40.7,82,5.6,26.2,398,84,0.9,Light rain,r01d,17
2026-06-24 17:45:00,1.9,29.8,38.8,86,5.4,22.9,341,79,0.9,Light rain,r01d,17
2026-06-24 18:00:00,0.86,28.9,36.7,90,5.2,19.6,284,74,0.8,Moderate rain,r02d,18
2026-06-24 18:15:00,0.39,28.7,36.0,90,5.4,16.3,231,65,0.7,Moderate rain,r02d,18
2026-06-24 18:30:00,0.1,28.5,35.4,90,5.6,13.1,178,57,0.7,Moderate rain,r02d,18
2026-06-24 18:45:00,0.02,28.3,34.7,90,5.8,9.8,125,48,0.7,Moderate rain,r02d,18
2026-06-24 19:00:00,0.03,28.1,34.1,90,6.0,6.6,71,40,0.6,Moderate rain,r02d,19
2026-06-24 19:15:00,0.0,28.1,34.1,90,5.9,3.5,54,30,0.6,Thunderstorm with rain,t02d,19
2026-06-24 19:30:00,0.0,28.1,33.9,89,5.8,0.4,36,20,0.6,Thunderstorm with light rain,t01n,19
2026-06-24 19:45:00,0.0,28.1,33.7,88,5.7,-2.8,18,10,0.0,Thunderstorm with light rain,t01n,19
2026-06-24 20:00:00,0.0,28.1,33.7,88,5.6,-5.9,0,0,0.0,Thunderstorm with light rain,t01n,20
2026-06-24 20:15:00,0.0,28.0,33.5,88,5.5,-8.8,0,0,0.0,Thunderstorm with light rain,t01n,20
2026-06-24 20:30:00,0.0,28.0,33.2,88,5.4,-11.8,0,0,0.0,Thunderstorm with drizzle,t04n,20
2026-06-24 20:45:00,0.0,27.9,33.0,88,5.3,-14.7,0,0,0.0,Overcast clouds,c04n,20
2026-06-24 21:00:00,0.0,27.8,32.8,88,5.2,-17.7,0,0,0.0,Overcast clouds,c04n,21
2026-06-24 21:15:00,0.0,27.5,32.1,89,5.0,-20.3,0,0,0.0,Overcast clouds,c04n,21
2026-06-24 21:30:00,0.0,27.3,31.5,90,4.8,-22.9,0,0,0.0,Overcast clouds,c04n,21
2026-06-24 21:45:00,0.0,27.0,30.8,91,4.6,-25.6,0,0,0.0,Overcast clouds,c04n,21
2026-06-24 22:00:00,0.0,26.7,30.1,92,4.4,-28.2,0,0,0.0,Overcast clouds,c04n,22
2026-06-24 22:15:00,0.0,26.8,30.3,92,4.5,-30.4,0,0,0.0,Overcast clouds,c04n,22
2026-06-24 22:30:00,0.0,26.9,30.5,92,4.6,-32.5,0,0,0.0,Overcast clouds,c04n,22
2026-06-24 22:45:00,0.0,26.9,30.7,92,4.7,-34.7,0,0,0.0,Overcast clouds,c04n,22
2026-06-24 23:00:00,0.0,27.0,30.9,92,4.8,-36.8,0,0,0.0,Overcast clouds,c04n,23
2026-06-24 23:15:00,0.0,27.0,30.9,92,5.1,-38.2,0,0,0.0,Overcast clouds,c04n,23
2026-06-24 23:30:00,0.0,27.0,30.9,92,5.4,-39.6,0,0,0.0,Overcast clouds,c04n,23
2026-06-24 23:45:00,0.0,27.0,30.9,92,5.7,-41.0,0,0,0.0,Overcast clouds,c04n,23
2026-06-25 00:00:00,0.0,27.0,30.9,92,6.0,-42.4,0,0,0.0,Overcast clouds,c04n,0
2026-06-25 00:15:00,0.0,26.8,30.4,92,5.9,-42.8,0,0,0.0,Overcast clouds,c04n,0
2026-06-25 00:30:00,0.0,26.7,27.8,93,5.8,-43.2,0,0,0.0,Overcast clouds,c04n,0
2026-06-25 00:45:00,0.0,26.5,27.6,94,5.7,-43.6,0,0,0.0,Overcast clouds,c04n,0
2026-06-25 01:00:00,0.0,26.3,27.4,94,5.6,-43.9,0,0,0.0,Overcast clouds,c04n,1
2026-06-25 01:15:00,0.0,26.3,27.4,94,5.7,-43.2,0,0,0.0,Overcast clouds,c04n,1
2026-06-25 01:30:00,0.0,26.3,27.4,94,5.8,-42.4,0,0,0.0,Overcast clouds,c04n,1
2026-06-25 01:45:00,0.0,26.3,27.4,94,5.9,-41.7,0,0,0.0,Overcast clouds,c04n,1
2026-06-25 02:00:00,0.0,26.3,27.4,94,6.0,-41.0,0,0,0.0,Drizzle,d02n,2
2026-06-25 02:15:00,0.0,26.3,27.4,94,5.7,-39.3,0,0,0.0,Drizzle,d02n,2
2026-06-25 02:30:00,0.0,26.3,27.4,94,5.4,-37.6,0,0,0.0,Drizzle,d02n,2
2026-06-25 02:45:00,0.0,26.3,27.4,94,5.1,-35.9,0,0,0.0,Drizzle,d02n,2
2026-06-25 03:00:00,0.0,26.3,27.4,94,4.8,-34.2,0,0,0.0,Drizzle,d02n,3
2026-06-25 03:15:00,0.0,26.2,27.3,94,4.8,-31.8,0,0,0.0,Drizzle,d02n,3
2026-06-25 03:30:00,0.01,26.1,27.2,95,4.8,-29.5,0,0,0.0,Light rain,r01n,3
2026-06-25 03:45:00,0.01,26.0,27.2,96,4.8,-27.2,0,0,0.0,Light rain,r01n,3
2026-06-25 04:00:00,0.01,25.9,27.1,96,4.8,-24.8,0,0,0.0,Light rain,r01n,4
2026-06-25 04:15:00,0.0,26.0,27.2,96,4.9,-22.1,0,0,0.0,Light rain,r01n,4
2026-06-25 04:30:00,0.0,26.1,27.2,95,5.0,-19.3,0,0,0.0,Light rain,r01n,4
2026-06-25 04:45:00,0.0,26.2,27.3,94,5.1,-16.5,0,0,0.0,Moderate rain,r02n,4
2026-06-25 05:00:00,0.0,26.3,27.4,94,5.2,-13.8,0,0,0.0,Moderate rain,r02n,5
2026-06-25 05:15:00,0.01,26.4,27.5,94,5.1,-10.8,0,0,0.0,Moderate rain,r02n,5
2026-06-25 05:30:00,0.0,26.5,27.7,95,5.0,-7.8,0,0,0.0,Moderate rain,r02n,5
2026-06-25 05:45:00,0.01,26.6,27.8,96,4.9,-4.8,0,0,0.0,Moderate rain,r02n,5
2026-06-25 06:00:00,0.0,26.7,30.4,96,4.8,-1.8,0,0,0.0,Moderate rain,r02n,6
2026-06-25 06:15:00,1.23,26.7,30.4,96,4.8,1.4,35,13,0.6,Moderate rain,r02n,6
2026-06-25 06:30:00,2.8,26.7,30.4,96,4.8,4.6,69,27,0.6,Moderate rain,r02d,6
2026-06-25 06:45:00,2.69,26.7,30.4,96,4.8,7.8,104,40,0.6,Moderate rain,r02d,6
2026-06-25 07:00:00,2.12,26.7,30.4,96,4.8,10.9,138,54,0.7,Moderate rain,r02d,7
2026-06-25 07:15:00,1.45,26.6,27.8,96,4.9,14.2,194,61,0.7,Moderate rain,r02d,7
2026-06-25 07:30:00,2.54,26.5,27.7,97,5.0,17.5,250,68,0.7,Moderate rain,r02d,7
2026-06-25 07:45:00,3.49,26.4,27.7,98,5.1,20.8,305,75,0.8,Moderate rain,r02d,7
2026-06-25 08:00:00,5.47,26.3,27.5,98,5.2,24.1,361,82,0.9,Moderate rain,r02d,8
2026-06-25 08:15:00,3.75,26.3,27.5,98,5.3,27.4,417,86,1.0,Light rain,r01d,8
2026-06-25 08:30:00,0.01,26.3,27.5,98,5.4,30.7,473,91,1.1,Light rain,r01d,8
2026-06-25 08:45:00,4.85,26.3,27.5,98,5.5,34.1,529,95,1.2,Light rain,r01d,8
2026-06-25 09:00:00,5.84,26.3,27.5,98,5.6,37.4,585,100,1.4,Thunderstorm with rain,t02d,9
2026-06-25 09:15:00,4.41,26.5,27.7,97,5.8,40.8,635,103,1.6,Thunderstorm with rain,t02d,9
2026-06-25 09:30:00,4.26,26.7,27.9,96,6.0,44.2,684,106,1.8,Thunderstorm with rain,t02d,9
2026-06-25 09:45:00,3.93,26.8,30.7,95,6.2,47.6,734,109,2.0,Moderate rain,r02d,9
2026-06-25 10:00:00,4.47,27.0,31.2,94,6.4,51.0,783,112,2.2,Moderate rain,r02d,10
2026-06-25 10:15:00,7.54,27.1,31.5,94,6.4,54.4,821,114,2.4,Moderate rain,r02d,10
2026-06-25 10:30:00,7.91,27.2,31.8,94,6.4,57.9,859,116,2.6,Thunderstorm with light rain,t01d,10
2026-06-25 10:45:00,12.74,27.3,32.1,94,6.4,61.3,896,118,2.8,Thunderstorm with rain,t02d,10
2026-06-25 11:00:00,20.71,27.4,32.4,94,6.4,64.7,934,120,3.0,Thunderstorm with rain,t02d,11
2026-06-25 11:15:00,30.6,27.4,32.4,94,6.1,68.2,957,121,3.1,Light rain,r01d,11
2026-06-25 11:30:00,39.33,27.4,32.6,95,5.8,71.6,980,122,3.3,Thunderstorm with light rain,t01d,11
2026-06-25 11:45:00,34.12,27.4,32.7,96,5.5,75.0,1003,123,3.4,Thunderstorm with light rain,t01d,11
2026-06-25 12:00:00,34.46,27.4,32.7,96,5.2,78.5,1026,124,3.6,Thunderstorm with drizzle,t04d,12
2026-06-25 12:15:00,34.33,27.7,33.4,94,4.9,80.8,1032,125,3.6,Overcast clouds,c04d,12
2026-06-25 12:30:00,57.52,28.0,34.1,93,4.6,83.0,1037,125,3.7,Overcast clouds,c04d,12
2026-06-25 12:45:00,111.45,28.2,34.9,92,4.3,85.3,1043,125,3.7,Overcast clouds,c04d,12
2026-06-25 13:00:00,124.01,28.5,35.4,90,4.0,87.6,1049,125,3.7,Overcast clouds,c04d,13
2026-06-25 13:15:00,120.34,28.7,36.0,90,4.3,84.1,1037,125,3.7,Overcast clouds,c04d,13
2026-06-25 13:30:00,106.02,28.9,36.5,89,4.6,80.7,1026,124,3.6,Overcast clouds,c04d,13
2026-06-25 13:45:00,110.15,29.1,36.9,88,4.9,77.3,1014,124,3.5,Overcast clouds,c04d,13
2026-06-25 14:00:00,25.21,29.3,37.6,88,5.2,73.9,1002,123,3.4,Overcast clouds,c04d,14
2026-06-25 14:15:00,3.92,29.4,37.9,88,5.3,70.4,974,122,3.3,Overcast clouds,c04d,14
2026-06-25 14:30:00,4.37,29.5,37.8,87,5.4,67.0,946,121,3.1,Overcast clouds,c04d,14
2026-06-25 14:45:00,3.93,29.5,37.8,86,5.5,63.6,918,119,2.9,Overcast clouds,c04d,14
2026-06-25 15:00:00,3.91,29.6,38.1,86,5.6,60.1,890,118,2.7,Overcast clouds,c04d,15
2026-06-25 15:15:00,3.91,29.4,37.5,86,5.7,56.7,848,115,2.5,Overcast clouds,c04d,15
2026-06-25 15:30:00,3.95,29.3,36.7,85,5.8,53.3,805,113,2.3,Drizzle,d02d,15
2026-06-25 15:45:00,3.96,29.1,35.9,84,5.9,49.9,763,111,2.1,Overcast clouds,c04d,15
2026-06-25 16:00:00,3.9,28.9,35.3,84,6.0,46.5,721,108,1.9,Overcast clouds,c04d,16
2026-06-25 16:15:00,3.95,28.9,35.3,84,5.5,43.1,669,105,1.7,Overcast clouds,c04d,16
2026-06-25 16:30:00,56.95,28.9,35.6,85,5.0,39.7,617,101,1.5,Overcast clouds,c04d,16
2026-06-25 16:45:00,0.02,28.9,35.8,86,4.5,36.3,564,98,1.3,Overcast clouds,c04d,16
2026-06-25 17:00:00,0.0,28.9,35.8,86,4.0,32.9,512,95,1.2,Overcast clouds,c04d,17
2026-06-25 17:15:00,0.02,28.4,34.7,88,4.1,29.6,455,89,1.1,Overcast clouds,c04d,17
2026-06-25 17:30:00,0.02,28.0,33.6,90,4.2,26.3,398,84,0.9,Overcast clouds,c04d,17
2026-06-25 17:45:00,41.13,27.5,32.4,92,4.3,23.0,341,79,0.9,Overcast clouds,c04d,17
2026-06-25 18:00:00,3.91,27.0,31.2,94,4.4,19.6,284,74,0.8,Overcast clouds,c04d,18
2026-06-25 18:15:00,3.87,27.0,31.2,94,4.3,16.4,231,65,0.7,Overcast clouds,c04d,18
2026-06-25 18:30:00,3.97,27.0,31.2,94,4.2,13.1,178,57,0.7,Overcast clouds,c04d,18
2026-06-25 18:45:00,3.91,27.0,31.2,94,4.1,9.9,125,48,0.7,Overcast clouds,c04d,18
2026-06-25 19:00:00,4.25,27.0,31.2,94,4.0,6.6,72,40,0.6,Overcast clouds,c04d,19
2026-06-25 19:15:00,4.33,27.1,31.5,94,3.8,3.5,54,30,0.6,Overcast clouds,c04d,19
2026-06-25 19:30:00,2.98,27.2,31.8,94,3.6,0.4,36,20,0.6,Overcast clouds,c04n,19
2026-06-25 19:45:00,0.13,27.3,32.1,94,3.4,-2.7,18,10,0.0,Overcast clouds,c04n,19
2026-06-25 20:00:00,0.01,27.4,32.4,94,3.2,-5.9,0,0,0.0,Overcast clouds,c04n,20
2026-06-25 20:15:00,0.0,27.5,32.8,94,3.1,-8.8,0,0,0.0,Overcast clouds,c04n,20
2026-06-25 20:30:00,0.0,27.6,33.0,93,3.0,-11.8,0,0,0.0,Overcast clouds,c04n,20
2026-06-25 20:45:00,0.0,27.7,33.1,92,2.9,-14.7,0,0,0.0,Overcast clouds,c04n,20
2026-06-25 21:00:00,0.0,27.8,33.4,92,2.8,-17.6,0,0,0.0,Overcast clouds,c04n,21
2026-06-25 21:15:00,0.0,27.7,33.1,92,2.7,-20.3,0,0,0.0,Overcast clouds,c04n,21
2026-06-25 21:30:00,0.0,27.6,32.8,92,2.6,-22.9,0,0,0.0,Overcast clouds,c04n,21
2026-06-25 21:45:00,0.0,27.5,32.5,92,2.5,-25.5,0,0,0.0,Overcast clouds,c04n,21
2026-06-25 22:00:00,0.0,27.4,32.2,92,2.4,-28.2,0,0,0.0,Overcast clouds,c04n,22
2026-06-25 22:15:00,0.0,27.3,31.9,92,2.4,-30.3,0,0,0.0,Overcast clouds,c04n,22
2026-06-25 22:30:00,0.0,27.2,31.7,93,2.4,-32.5,0,0,0.0,Overcast clouds,c04n,22
2026-06-25 22:45:00,0.0,27.1,31.5,94,2.4,-34.7,0,0,0.0,Overcast clouds,c04n,22
2026-06-25 23:00:00,0.0,27.0,31.2,94,2.4,-36.8,0,0,0.0,Overcast clouds,c04n,23
2026-06-25 23:15:00,0.0,27.0,31.2,94,2.5,-38.2,0,0,0.0,Overcast clouds,c04n,23
2026-06-25 23:30:00,0.0,27.0,31.2,94,2.6,-39.6,0,0,0.0,Overcast clouds,c04n,23
2026-06-25 23:45:00,0.0,27.0,31.2,94,2.7,-41.0,0,0,0.0,Overcast clouds,c04n,23
2026-06-26 00:00:00,0.0,27.0,31.2,94,2.8,-42.5,0,0,0.0,Overcast clouds,c04n,0
2026-06-26 00:15:00,0.0,27.0,31.2,94,3.0,-42.8,0,0,0.0,Overcast clouds,c04n,0
2026-06-26 00:30:00,0.0,27.0,31.1,93,3.2,-43.2,0,0,0.0,Overcast clouds,c04n,0
2026-06-26 00:45:00,0.0,27.0,30.9,92,3.4,-43.6,0,0,0.0,Overcast clouds,c04n,0
2026-06-26 01:00:00,0.0,27.0,30.9,92,3.6,-44.0,0,0,0.0,Overcast clouds,c04n,1
2026-06-26 01:15:00,0.0,26.7,30.2,93,3.9,-43.2,0,0,0.0,Overcast clouds,c04n,1
2026-06-26 01:30:00,0.01,26.5,27.6,94,4.2,-42.5,0,0,0.0,Overcast clouds,c04n,1
2026-06-26 01:45:00,0.0,26.2,27.3,95,4.5,-41.7,0,0,0.0,Overcast clouds,c04n,1
2026-06-26 02:00:00,0.0,25.9,27.1,96,4.8,-41.0,0,0,0.0,Overcast clouds,c04n,2
2026-06-26 02:15:00,0.0,25.8,27.0,96,4.4,-39.3,0,0,0.0,Overcast clouds,c04n,2
2026-06-26 02:30:00,0.01,25.8,26.9,96,4.0,-37.6,0,0,0.0,Overcast clouds,c04n,2
2026-06-26 02:45:00,0.0,25.7,26.8,96,3.6,-35.9,0,0,0.0,Overcast clouds,c04n,2
2026-06-26 03:00:00,0.0,25.6,26.7,96,3.2,-34.2,0,0,0.0,Overcast clouds,c04n,3
2026-06-26 03:15:00,0.01,25.6,26.7,96,3.4,-31.9,0,0,0.0,Overcast clouds,c04n,3
2026-06-26 03:30:00,0.01,25.6,26.7,95,3.6,-29.6,0,0,0.0,Overcast clouds,c04n,3
2026-06-26 03:45:00,0.01,25.6,26.7,94,3.8,-27.2,0,0,0.0,Overcast clouds,c04n,3
2026-06-26 04:00:00,0.01,25.6,26.7,94,4.0,-24.9,0,0,0.0,Drizzle,d02n,4
2026-06-26 04:15:00,0.01,25.5,26.6,94,4.2,-22.1,0,0,0.0,Drizzle,d02n,4
2026-06-26 04:30:00,0.0,25.4,26.5,95,4.4,-19.4,0,0,0.0,Drizzle,d02n,4
2026-06-26 04:45:00,0.0,25.3,26.4,96,4.6,-16.6,0,0,0.0,Drizzle,d02n,4
2026-06-26 05:00:00,0.0,25.2,26.3,96,4.8,-13.9,0,0,0.0,Light rain,r01n,5
2026-06-26 05:15:00,0.0,25.4,26.5,96,4.6,-10.8,0,0,0.0,Light rain,r01n,5
2026-06-26 05:30:00,0.0,25.6,26.6,95,4.4,-7.8,0,0,0.0,Light rain,r01n,5
2026-06-26 05:45:00,0.0,25.7,26.8,94,4.2,-4.8,0,0,0.0,Drizzle,d02n,5
2026-06-26 06:00:00,0.1,25.9,27.0,94,4.0,-1.8,0,0,0.0,Drizzle,d02n,6
2026-06-26 06:15:00,0.77,25.9,27.0,94,4.1,1.4,34,13,0.6,Overcast clouds,c04n,6
2026-06-26 06:30:00,1.73,25.9,27.0,94,4.2,4.5,69,27,0.6,Overcast clouds,c04d,6
2026-06-26 06:45:00,3.23,25.9,27.0,94,4.3,7.7,103,40,0.6,Overcast clouds,c04d,6
2026-06-26 07:00:00,4.07,25.9,27.0,94,4.4,10.9,137,54,0.7,Drizzle,d02d,7
2026-06-26 07:15:00,7.7,25.8,26.9,94,4.0,14.2,193,61,0.7,Drizzle,d02d,7
2026-06-26 07:30:00,11.2,25.8,26.9,95,3.6,17.4,249,68,0.7,Drizzle,d02d,7
2026-06-26 07:45:00,18.27,25.7,26.8,96,3.2,20.7,304,75,0.8,Drizzle,d02d,7
2026-06-26 08:00:00,16.74,25.6,26.7,96,2.8,24.0,360,82,0.9,Drizzle,d02d,8
2026-06-26 08:15:00,10.54,25.4,26.5,97,2.9,27.3,416,86,1.0,Drizzle,d02d,8
2026-06-26 08:30:00,5.31,25.2,26.3,98,3.0,30.7,472,91,1.1,Drizzle,d02d,8
2026-06-26 08:45:00,6.67,25.0,26.1,99,3.1,34.0,528,95,1.2,Drizzle,d02d,8
2026-06-26 09:00:00,19.32,24.8,25.9,100,3.2,37.4,584,100,1.4,Drizzle,d02d,9
2026-06-26 09:15:00,23.8,25.3,26.4,98,3.7,40.8,634,103,1.6,Drizzle,d02d,9
2026-06-26 09:30:00,28.44,25.8,26.9,96,4.2,44.2,683,106,1.8,Drizzle,d02d,9
2026-06-26 09:45:00,48.69,26.2,27.4,94,4.7,47.6,733,109,2.0,Drizzle,d02d,9
2026-06-26 10:00:00,48.91,26.7,30.1,92,5.2,51.0,782,112,2.2,Light rain,r01d,10
2026-06-26 10:15:00,46.62,26.7,30.1,92,5.2,54.4,820,114,2.4,Light rain,r01d,10
2026-06-26 10:30:00,63.08,26.7,30.0,91,5.2,57.8,858,116,2.6,Light rain,r01d,10
2026-06-26 10:45:00,87.28,26.7,29.9,90,5.2,61.2,896,118,2.8,Light rain,r01d,10
2026-06-26 11:00:00,97.6,26.7,29.9,90,5.2,64.7,934,120,3.0,Light rain,r01d,11
2026-06-26 11:15:00,64.01,26.7,29.9,90,5.0,68.1,957,121,3.2,Drizzle,d02d,11
2026-06-26 11:30:00,71.22,26.7,29.9,90,4.8,71.6,980,122,3.4,Drizzle,d02d,11
2026-06-26 11:45:00,69.84,26.7,29.9,90,4.6,75.0,1003,123,3.6,Drizzle,d02d,11
2026-06-26 12:00:00,30.31,26.7,29.9,90,4.4,78.4,1025,124,3.8,Drizzle,d02d,12
2026-06-26 12:15:00,0.0,26.9,30.3,89,4.2,80.7,1031,125,3.9,Drizzle,d02d,12
2026-06-26 12:30:00,29.53,27.1,30.7,88,4.0,83.0,1037,125,4.0,Drizzle,d02d,12
2026-06-26 12:45:00,27.87,27.2,31.0,87,3.8,85.3,1043,125,4.0,Overcast clouds,c04d,12
2026-06-26 13:00:00,39.85,27.4,31.4,86,3.6,87.6,1049,125,4.1,Overcast clouds,c04d,13
2026-06-26 13:15:00,66.57,27.5,31.5,85,3.5,84.2,1037,125,4.0,Overcast clouds,c04d,13
2026-06-26 13:30:00,126.2,27.6,31.7,84,3.4,80.8,1026,124,3.8,Overcast clouds,c04d,13
2026-06-26 13:45:00,99.61,27.7,31.8,83,3.3,77.3,1014,124,3.7,Overcast clouds,c04d,13
2026-06-26 14:00:00,52.94,27.8,31.9,82,3.2,73.9,1003,123,3.5,Drizzle,d02d,14
2026-06-26 14:15:00,66.39,27.9,32.1,82,3.6,70.5,975,122,3.4,Drizzle,d02d,14
2026-06-26 14:30:00,69.0,28.0,32.1,81,4.0,67.1,946,121,3.3,Drizzle,d02d,14
2026-06-26 14:45:00,44.2,28.0,32.2,80,4.4,63.6,918,119,3.2,Drizzle,d02d,14
2026-06-26 15:00:00,3.98,28.1,32.4,80,4.8,60.2,890,118,3.0,Drizzle,d02d,15
2026-06-26 15:15:00,3.96,28.0,32.2,80,4.6,56.8,848,115,2.7,Drizzle,d02d,15
2026-06-26 15:30:00,3.96,28.0,32.1,81,4.4,53.3,806,113,2.5,Drizzle,d02d,15
2026-06-26 15:45:00,4.01,27.9,32.1,82,4.2,49.9,764,111,2.2,Drizzle,d02d,15
2026-06-26 16:00:00,4.04,27.8,31.9,82,4.0,46.5,722,108,1.9,Drizzle,d02d,16
2026-06-26 16:15:00,3.98,27.8,31.9,82,3.6,43.1,669,105,1.7,Drizzle,d02d,16
2026-06-26 16:30:00,3.95,27.8,32.0,83,3.2,39.7,617,102,1.5,Drizzle,d02d,16
2026-06-26 16:45:00,3.98,27.8,32.2,84,2.8,36.4,565,98,1.4,Drizzle,d02d,16
2026-06-26 17:00:00,3.93,27.8,32.2,84,2.4,33.0,513,95,1.2,Drizzle,d02d,17
2026-06-26 17:15:00,4.0,27.5,31.7,86,2.4,29.7,456,89,1.1,Overcast clouds,c04d,17
2026-06-26 17:30:00,3.96,27.3,31.2,88,2.4,26.3,399,84,0.9,Overcast clouds,c04d,17
2026-06-26 17:45:00,3.98,27.0,30.7,90,2.4,23.0,342,79,0.9,Overcast clouds,c04d,17
2026-06-26 18:00:00,4.0,26.7,30.1,92,2.4,19.7,285,74,0.8,Overcast clouds,c04d,18
2026-06-26 18:15:00,4.05,26.8,30.3,92,2.2,16.4,232,66,0.7,Overcast clouds,c04d,18
2026-06-26 18:30:00,4.05,26.9,30.4,91,2.0,13.2,179,57,0.7,Overcast clouds,c04d,18
2026-06-26 18:45:00,4.29,26.9,30.5,90,1.8,9.9,126,49,0.7,Overcast clouds,c04d,18
2026-06-26 19:00:00,3.85,27.0,30.7,90,1.6,6.7,72,40,0.6,Overcast clouds,c04d,19
2026-06-26 19:15:00,2.62,26.9,30.6,91,1.8,3.5,54,30,0.6,Overcast clouds,c04d,19
2026-06-26 19:30:00,1.32,26.9,30.5,92,2.0,0.4,36,20,0.6,Overcast clouds,c04n,19
2026-06-26 19:45:00,0.13,26.8,30.4,93,2.2,-2.7,18,10,0.0,Overcast clouds,c04n,19
2026-06-26 20:00:00,0.02,26.7,30.2,94,2.4,-5.9,0,0,0.0,Overcast clouds,c04n,20
2026-06-26 20:15:00,0.0,26.6,27.8,94,2.4,-8.8,0,0,0.0,Overcast clouds,c04n,20
2026-06-26 20:30:00,0.0,26.5,27.7,94,2.4,-11.7,0,0,0.0,Overcast clouds,c04n,20
2026-06-26 20:45:00,0.0,26.4,27.5,94,2.4,-14.7,0,0,0.0,Overcast clouds,c04n,20
2026-06-26 21:00:00,0.0,26.3,27.4,94,2.4,-17.6,0,0,0.0,Overcast clouds,c04n,21
2026-06-26 21:15:00,0.0,26.2,27.3,94,2.1,-20.3,0,0,0.0,Overcast clouds,c04n,21
2026-06-26 21:30:00,0.0,26.1,27.2,95,1.8,-22.9,0,0,0.0,Overcast clouds,c04n,21
2026-06-26 21:45:00,0.0,26.0,27.2,96,1.5,-25.5,0,0,0.0,Overcast clouds,c04n,21
2026-06-26 22:00:00,0.0,25.9,27.1,96,1.2,-28.2,0,0,0.0,Overcast clouds,c04n,22
2026-06-26 22:15:00,0.0,25.9,27.1,96,1.6,-30.3,0,0,0.0,Overcast clouds,c04n,22
2026-06-26 22:30:00,0.0,25.9,27.1,96,2.0,-32.5,0,0,0.0,Overcast clouds,c04n,22
2026-06-26 22:45:00,0.0,25.9,27.1,96,2.4,-34.7,0,0,0.0,Overcast clouds,c04n,22
2026-06-26 23:00:00,0.0,25.9,27.1,96,2.8,-36.8,0,0,0.0,Overcast clouds,c04n,23
2026-06-26 23:15:00,0.01,25.8,27.0,96,2.7,-38.2,0,0,0.0,Overcast clouds,c04n,23
2026-06-26 23:30:00,0.01,25.8,26.9,97,2.6,-39.6,0,0,0.0,Drizzle,d02n,23
2026-06-26 23:45:00,0.01,25.7,26.9,98,2.5,-41.1,0,0,0.0,Fog,a05n,23
2026-06-27 00:00:00,0.01,25.6,26.8,98,2.4,-42.5,0,0,0.0,Fog,a05n,0
2026-06-27 00:15:00,0.0,25.5,26.7,98,2.5,-42.9,0,0,0.0,Fog,a05n,0
2026-06-27 00:30:00,0.01,25.4,26.6,98,2.6,-43.2,0,0,0.0,Fog,a05n,0
2026-06-27 00:45:00,0.0,25.3,26.4,98,2.7,-43.6,0,0,0.0,Thunderstorm with drizzle,t04n,0
2026-06-27 01:00:00,0.0,25.2,26.3,98,2.8,-44.0,0,0,0.0,Light rain,r01n,1
2026-06-27 01:15:00,0.0,25.3,26.4,98,2.8,-43.3,0,0,0.0,Thunderstorm with light rain,t01n,1
2026-06-27 01:30:00,0.0,25.4,26.6,98,2.8,-42.5,0,0,0.0,Thunderstorm with light rain,t01n,1
2026-06-27 01:45:00,0.01,25.5,26.7,98,2.8,-41.8,0,0,0.0,Thunderstorm with drizzle,t04n,1
2026-06-27 02:00:00,0.01,25.6,26.8,98,2.8,-41.1,0,0,0.0,Thunderstorm with drizzle,t04n,2
2026-06-27 02:15:00,0.0,25.6,26.8,98,2.5,-39.4,0,0,0.0,Thunderstorm with drizzle,t04n,2
2026-06-27 02:30:00,0.01,25.6,26.8,98,2.2,-37.7,0,0,0.0,Thunderstorm with drizzle,t04n,2
2026-06-27 02:45:00,0.01,25.6,26.8,98,1.9,-36.0,0,0,0.0,Drizzle,d02n,2
2026-06-27 03:00:00,0.0,25.6,26.8,98,1.6,-34.3,0,0,0.0,Drizzle,d02n,3
2026-06-27 03:15:00,0.01,25.5,26.7,98,1.7,-32.0,0,0,0.0,Drizzle,d02n,3
2026-06-27 03:30:00,0.0,25.4,26.6,98,1.8,-29.6,0,0,0.0,Drizzle,d02n,3
2026-06-27 03:45:00,0.01,25.3,26.4,98,1.9,-27.3,0,0,0.0,Fog,a05n,3
2026-06-27 04:00:00,0.0,25.2,26.3,98,2.0,-24.9,0,0,0.0,Fog,a05n,4
2026-06-27 04:15:00,0.0,25.2,26.3,98,2.1,-22.2,0,0,0.0,Fog,a05n,4
2026-06-27 04:30:00,0.0,25.2,26.3,98,2.2,-19.4,0,0,0.0,Fog,a05n,4
2026-06-27 04:45:00,0.01,25.2,26.3,98,2.3,-16.7,0,0,0.0,Fog,a05n,4
2026-06-27 05:00:00,0.01,25.2,26.3,98,2.4,-13.9,0,0,0.0,Fog,a05n,5
2026-06-27 05:15:00,0.01,25.4,26.5,98,2.5,-10.9,0,0,0.0,Fog,a05n,5
2026-06-27 05:30:00,0.0,25.6,26.7,98,2.6,-7.9,0,0,0.0,Fog,a05n,5
2026-06-27 05:45:00,0.0,25.7,26.9,98,2.7,-4.9,0,0,0.0,Fog,a05n,5
2026-06-27 06:00:00,0.04,25.9,27.1,98,2.8,-1.9,0,0,0.0,Fog,a05n,6
2026-06-27 06:15:00,1.17,25.9,27.1,98,3.0,1.3,34,13,0.6,Fog,a05n,6
2026-06-27 06:30:00,2.13,25.9,27.1,98,3.2,4.5,68,27,0.6,Fog,a05d,6
2026-06-27 06:45:00,5.7,25.9,27.1,98,3.4,7.6,102,40,0.7,Fog,a05d,6
2026-06-27 07:00:00,12.79,25.9,27.1,98,3.6,10.8,136,54,0.7,Fog,a05d,7
2026-06-27 07:15:00,12.3,26.2,27.4,96,3.7,14.1,192,61,0.7,Overcast clouds,c04d,7
2026-06-27 07:30:00,22.8,26.5,27.6,95,3.8,17.4,248,68,0.7,Overcast clouds,c04d,7
2026-06-27 07:45:00,42.17,26.7,30.3,94,3.9,20.7,303,75,0.8,Overcast clouds,c04d,7
2026-06-27 08:00:00,57.53,27.0,30.9,92,4.0,23.9,359,82,0.9,Overcast clouds,c04d,8
2026-06-27 08:15:00,100.11,27.2,31.4,91,4.1,27.3,415,86,1.0,Overcast clouds,c04d,8
2026-06-27 08:30:00,107.37,27.4,31.9,90,4.2,30.6,471,91,1.1,Overcast clouds,c04d,8
2026-06-27 08:45:00,89.84,27.6,32.4,89,4.3,34.0,527,95,1.2,Overcast clouds,c04d,8
2026-06-27 09:00:00,81.93,27.8,32.8,88,4.4,37.3,583,100,1.4,Overcast clouds,c04d,9
2026-06-27 09:15:00,84.73,28.4,33.9,85,4.4,40.7,633,103,1.6,Overcast clouds,c04d,9
2026-06-27 09:30:00,106.27,28.9,34.9,82,4.4,44.1,682,106,1.8,Overcast clouds,c04d,9
2026-06-27 09:45:00,88.15,29.5,35.5,78,4.4,47.5,732,109,2.0,Overcast clouds,c04d,9
2026-06-27 10:00:00,45.93,30.0,36.3,75,4.4,50.9,781,112,2.2,Overcast clouds,c04d,10
2026-06-27 10:15:00,83.43,29.9,36.0,75,4.4,54.3,819,114,2.4,Overcast clouds,c04d,10
2026-06-27 10:30:00,84.26,29.8,35.5,74,4.4,57.8,857,116,2.6,Overcast clouds,c04d,10
2026-06-27 10:45:00,77.7,29.7,35.2,74,4.4,61.2,895,118,2.8,Overcast clouds,c04d,10
2026-06-27 11:00:00,147.3,29.6,35.0,74,4.4,64.6,933,120,3.0,Overcast clouds,c04d,11
2026-06-27 11:15:00,47.6,29.6,35.0,74,4.5,68.1,956,121,3.1,Overcast clouds,c04d,11
2026-06-27 11:30:00,3.91,29.6,35.0,74,4.6,71.5,979,122,3.3,Overcast clouds,c04d,11
2026-06-27 11:45:00,3.97,29.6,35.0,74,4.7,74.9,1002,123,3.5,Overcast clouds,c04d,11
2026-06-27 12:00:00,3.9,29.6,35.0,74,4.8,78.4,1025,124,3.6,Overcast clouds,c04d,12
2026-06-27 12:15:00,3.99,30.0,35.5,72,4.8,80.7,1031,125,3.7,Overcast clouds,c04d,12
2026-06-27 12:30:00,3.9,30.4,36.2,71,4.8,83.0,1037,125,3.7,Overcast clouds,c04d,12
2026-06-27 12:45:00,3.94,30.7,36.9,70,4.8,85.4,1043,125,3.7,Overcast clouds,c04d,12
2026-06-27 13:00:00,3.92,31.1,37.3,68,4.8,87.7,1049,125,3.7,Overcast clouds,c04d,13
2026-06-27 13:15:00,3.91,31.1,37.3,68,4.7,84.3,1038,125,3.7,Overcast clouds,c04d,13
2026-06-27 13:30:00,27.18,31.1,37.3,68,4.6,80.8,1026,124,3.7,Overcast clouds,c04d,13
2026-06-27 13:45:00,16.81,31.1,37.6,69,4.5,77.4,1014,124,3.7,Overcast clouds,c04d,13
2026-06-27 14:00:00,128.31,31.1,37.6,69,4.4,74.0,1003,123,3.6,Overcast clouds,c04d,14
2026-06-27 14:15:00,3.89,31.3,38.1,69,4.5,70.5,975,122,3.9,Overcast clouds,c04d,14
2026-06-27 14:30:00,3.96,31.5,38.3,68,4.6,67.1,947,121,4.2,Overcast clouds,c04d,14
2026-06-27 14:45:00,3.94,31.7,38.9,68,4.7,63.7,919,119,4.5,Overcast clouds,c04d,14
2026-06-27 15:00:00,3.98,31.9,39.4,68,4.8,60.2,891,118,4.6,Broken clouds,c03d,15
2026-06-27 15:15:00,3.96,31.8,39.5,69,4.7,56.8,849,115,4.4,Broken clouds,c03d,15
2026-06-27 15:30:00,3.92,31.7,39.5,70,4.6,53.4,806,113,4.1,Broken clouds,c03d,15
2026-06-27 15:45:00,20.77,31.6,39.3,70,4.5,50.0,764,111,3.9,Broken clouds,c03d,15
2026-06-27 16:00:00,20.9,31.5,39.3,71,4.4,46.6,722,109,3.6,Broken clouds,c03d,16
2026-06-27 16:15:00,118.28,31.5,39.0,70,4.2,43.2,670,105,3.3,Broken clouds,c03d,16
2026-06-27 16:30:00,64.88,31.5,39.0,70,4.0,39.8,618,102,3.0,Broken clouds,c03d,16
2026-06-27 16:45:00,28.26,31.5,39.0,70,3.8,36.4,566,98,2.7,Broken clouds,c03d,16
2026-06-27 17:00:00,3.96,31.5,38.6,69,3.6,33.0,513,95,2.4,Broken clouds,c03d,17
2026-06-27 17:15:00,4.01,31.0,37.7,70,3.5,29.7,456,89,2.1,Broken clouds,c03d,17
2026-06-27 17:30:00,3.93,30.6,37.0,72,3.4,26.4,399,84,1.8,Broken clouds,c03d,17
2026-06-27 17:45:00,4.0,30.1,36.2,74,3.3,23.0,343,79,1.6,Broken clouds,c03d,17
2026-06-27 18:00:00,3.95,29.6,35.2,75,3.2,19.7,286,74,1.4,Broken clouds,c03d,18
2026-06-27 18:15:00,3.91,29.6,35.2,75,2.7,16.5,232,66,1.2,Broken clouds,c03d,18
2026-06-27 18:30:00,3.89,29.6,35.2,75,2.2,13.2,179,57,1.1,Overcast clouds,c04d,18
2026-06-27 18:45:00,3.94,29.6,35.2,75,1.7,10.0,126,49,1.0,Overcast clouds,c04d,18
2026-06-27 19:00:00,3.92,29.6,35.2,75,1.2,6.7,73,40,0.9,Overcast clouds,c04d,19
2026-06-27 19:15:00,3.84,29.5,35.3,76,1.3,3.6,55,30,0.9,Overcast clouds,c04d,19
2026-06-27 19:30:00,1.11,29.5,35.3,77,1.4,0.4,36,20,0.9,Overcast clouds,c04n,19
2026-06-27 19:45:00,0.18,29.4,35.3,78,1.5,-2.7,18,10,0.0,Overcast clouds,c04n,19
2026-06-27 20:00:00,0.0,29.3,35.4,79,1.6,-5.8,0,0,0.0,Overcast clouds,c04n,20
2026-06-27 20:15:00,0.0,29.3,35.4,79,1.6,-8.8,0,0,0.0,Overcast clouds,c04n,20
2026-06-27 20:30:00,0.0,29.3,35.4,79,1.6,-11.7,0,0,0.0,Overcast clouds,c04n,20
2026-06-27 20:45:00,0.0,29.3,35.4,79,1.6,-14.6,0,0,0.0,Overcast clouds,c04n,20
2026-06-27 21:00:00,0.01,29.3,35.4,79,1.6,-17.6,0,0,0.0,Overcast clouds,c04n,21
2026-06-27 21:15:00,0.01,29.0,34.7,80,1.6,-20.2,0,0,0.0,Overcast clouds,c04n,21
2026-06-27 21:30:00,0.01,28.7,34.3,82,1.6,-22.9,0,0,0.0,Overcast clouds,c04n,21
2026-06-27 21:45:00,0.01,28.4,33.7,83,1.6,-25.5,0,0,0.0,Overcast clouds,c04n,21
2026-06-27 22:00:00,0.01,28.1,33.0,84,1.6,-28.2,0,0,0.0,Overcast clouds,c04n,22
2026-06-27 22:15:00,0.01,27.9,32.7,85,1.6,-30.3,0,0,0.0,Overcast clouds,c04n,22
2026-06-27 22:30:00,0.0,27.8,32.3,86,1.6,-32.5,0,0,0.0,Overcast clouds,c04n,22
2026-06-27 22:45:00,0.01,27.6,32.0,87,1.6,-34.7,0,0,0.0,Overcast clouds,c04n,22
2026-06-27 23:00:00,0.01,27.4,31.6,88,1.6,-36.8,0,0,0.0,Overcast clouds,c04n,23
2026-06-27 23:15:00,0.01,27.3,31.5,89,1.7,-38.2,0,0,0.0,Overcast clouds,c04n,23
2026-06-27 23:30:00,0.01,27.2,31.3,90,1.8,-39.7,0,0,0.0,Overcast clouds,c04n,23
2026-06-27 23:45:00,0.01,27.1,31.1,91,1.9,-41.1,0,0,0.0,Overcast clouds,c04n,23
2026-06-28 00:00:00,0.0,27.0,30.9,92,2.0,-42.5,0,0,0.0,Overcast clouds,c04n,0
2026-06-28 00:15:00,0.01,26.8,30.4,92,2.0,-42.9,0,0,0.0,Overcast clouds,c04n,0
2026-06-28 00:30:00,0.01,26.7,27.8,93,2.0,-43.3,0,0,0.0,Overcast clouds,c04n,0
2026-06-28 00:45:00,0.01,26.5,27.6,94,2.0,-43.7,0,0,0.0,Overcast clouds,c04n,0
2026-06-28 01:00:00,0.01,26.3,27.4,94,2.0,-44.1,0,0,0.0,Overcast clouds,c04n,1
2026-06-28 01:15:00,0.0,26.4,27.5,94,2.1,-43.3,0,0,0.0,Overcast clouds,c04n,1
2026-06-28 01:30:00,0.01,26.5,27.6,93,2.2,-42.6,0,0,0.0,Overcast clouds,c04n,1
2026-06-28 01:45:00,0.01,26.6,27.7,92,2.3,-41.8,0,0,0.0,Overcast clouds,c04n,1
2026-06-28 02:00:00,0.01,26.7,30.1,92,2.4,-41.1,0,0,0.0,Overcast clouds,c04n,2
2026-06-28 02:15:00,0.0,26.7,30.1,92,2.4,-39.4,0,0,0.0,Overcast clouds,c04n,2
2026-06-28 02:30:00,0.01,26.7,30.1,92,2.4,-37.7,0,0,0.0,Overcast clouds,c04n,2
2026-06-28 02:45:00,0.01,26.7,30.1,92,2.4,-36.0,0,0,0.0,Overcast clouds,c04n,2
2026-06-28 03:00:00,0.0,26.7,30.1,92,2.4,-34.4,0,0,0.0,Overcast clouds,c04n,3
2026-06-28 03:15:00,0.0,26.6,27.7,92,2.3,-32.0,0,0,0.0,Overcast clouds,c04n,3
2026-06-28 03:30:00,0.01,26.5,27.6,93,2.2,-29.7,0,0,0.0,Overcast clouds,c04n,3
2026-06-28 03:45:00,0.0,26.4,27.5,94,2.1,-27.3,0,0,0.0,Overcast clouds,c04n,3
2026-06-28 04:00:00,0.0,26.3,27.4,94,2.0,-25.0,0,0,0.0,Overcast clouds,c04n,4
2026-06-28 04:15:00,0.01,26.3,27.4,94,1.9,-22.2,0,0,0.0,Overcast clouds,c04n,4
2026-06-28 04:30:00,0.0,26.3,27.4,94,1.8,-19.5,0,0,0.0,Overcast clouds,c04n,4
2026-06-28 04:45:00,0.0,26.3,27.4,94,1.7,-16.7,0,0,0.0,Overcast clouds,c04n,4
2026-06-28 05:00:00,0.0,26.3,27.4,94,1.6,-14.0,0,0,0.0,Overcast clouds,c04n,5
2026-06-28 05:15:00,0.01,26.5,27.6,94,1.6,-11.0,0,0,0.0,Overcast clouds,c04n,5
2026-06-28 05:30:00,0.0,26.7,27.8,93,1.6,-8.0,0,0,0.0,Overcast clouds,c04n,5
2026-06-28 05:45:00,0.01,26.8,30.4,92,1.6,-4.9,0,0,0.0,Overcast clouds,c04n,5
2026-06-28 06:00:00,0.11,27.0,30.9,92,1.6,-1.9,0,0,0.0,Overcast clouds,c04n,6
2026-06-28 06:15:00,2.42,27.1,31.2,92,1.7,1.2,34,13,0.6,Overcast clouds,c04n,6
2026-06-28 06:30:00,7.48,27.2,31.6,92,1.8,4.4,68,27,0.6,Overcast clouds,c04d,6
2026-06-28 06:45:00,15.89,27.3,31.9,92,1.9,7.6,101,40,0.7,Overcast clouds,c04d,6
2026-06-28 07:00:00,19.2,27.4,32.2,92,2.0,10.8,135,53,0.7,Overcast clouds,c04d,7
2026-06-28 07:15:00,31.89,27.5,32.5,92,2.0,14.0,191,60,0.7,Overcast clouds,c04d,7
2026-06-28 07:30:00,45.21,27.6,32.7,91,2.0,17.3,247,67,0.8,Overcast clouds,c04d,7
2026-06-28 07:45:00,55.41,27.7,32.8,90,2.0,20.6,302,74,0.8,Overcast clouds,c04d,7
2026-06-28 08:00:00,57.0,27.8,33.1,90,2.0,23.9,358,82,0.9,Overcast clouds,c04d,8
2026-06-28 08:15:00,86.89,27.8,33.1,90,2.2,27.2,414,86,1.0,Overcast clouds,c04d,8
2026-06-28 08:30:00,75.2,27.8,33.1,90,2.4,30.6,470,91,1.1,Overcast clouds,c04d,8
2026-06-28 08:45:00,61.68,27.8,33.1,90,2.6,33.9,526,95,1.3,Overcast clouds,c04d,8
2026-06-28 09:00:00,84.18,27.8,33.1,90,2.8,37.3,583,100,1.4,Overcast clouds,c04d,9
2026-06-28 09:15:00,76.53,28.5,34.6,87,3.0,40.7,632,103,1.6,Overcast clouds,c04d,9
2026-06-28 09:30:00,163.88,29.1,35.9,84,3.2,44.1,682,106,1.8,Overcast clouds,c04d,9
2026-06-28 09:45:00,123.34,29.8,36.9,80,3.4,47.5,731,109,2.0,Overcast clouds,c04d,9
2026-06-28 10:00:00,118.75,30.4,38.0,77,3.6,50.9,781,112,2.2,Overcast clouds,c04d,10
2026-06-28 10:15:00,128.63,30.7,38.5,76,3.7,54.3,819,114,2.4,Overcast clouds,c04d,10
2026-06-28 10:30:00,18.87,31.0,38.7,74,3.8,57.7,857,116,2.6,Overcast clouds,c04d,10
2026-06-28 10:45:00,4.0,31.2,39.2,73,3.9,61.1,895,118,2.8,Overcast clouds,c04d,10
2026-06-28 11:00:00,22.79,31.5,39.6,72,4.0,64.6,933,120,3.0,Overcast clouds,c04d,11
2026-06-28 11:15:00,4.25,31.4,39.4,72,4.0,68.0,956,121,3.2,Overcast clouds,c04d,11
2026-06-28 11:30:00,67.49,31.3,39.1,72,4.0,71.5,979,122,3.4,Overcast clouds,c04d,11
2026-06-28 11:45:00,31.96,31.2,38.8,72,4.0,74.9,1002,123,3.7,Overcast clouds,c04d,11
2026-06-28 12:00:00,14.23,31.1,38.5,72,4.0,78.3,1025,124,3.9,Overcast clouds,c04d,12
2026-06-28 12:15:00,3.96,31.3,38.7,71,4.0,80.7,1031,125,3.9,Overcast clouds,c04d,12
2026-06-28 12:30:00,55.29,31.5,39.0,70,4.0,83.0,1037,125,4.0,Overcast clouds,c04d,12
2026-06-28 12:45:00,104.99,31.7,39.2,69,4.0,85.4,1043,125,4.0,Overcast clouds,c04d,12
2026-06-28 13:00:00,259.37,31.9,39.4,68,4.0,87.7,1049,125,4.1,Overcast clouds,c04d,13
2026-06-28 13:15:00,55.41,32.0,39.6,68,4.3,84.3,1038,125,4.0,Overcast clouds,c04d,13
2026-06-28 13:30:00,4.0,32.1,39.8,68,4.6,80.9,1026,124,4.0,Overcast clouds,c04d,13
2026-06-28 13:45:00,3.95,32.1,40.0,68,4.9,77.5,1015,124,4.0,Overcast clouds,c04d,13
2026-06-28 14:00:00,4.04,32.2,40.3,68,5.2,74.0,1003,123,3.9,Overcast clouds,c04d,14
2026-06-28 14:15:00,3.98,32.4,40.5,67,5.2,70.6,975,122,3.7,Overcast clouds,c04d,14
2026-06-28 14:30:00,3.98,32.6,40.7,66,5.2,67.1,947,121,3.5,Overcast clouds,c04d,14
2026-06-28 14:45:00,70.96,32.8,41.2,66,5.2,63.7,919,119,3.2,Overcast clouds,c04d,14
2026-06-28 15:00:00,35.84,33.0,41.4,65,5.2,60.3,891,118,3.0,Overcast clouds,c04d,15
2026-06-28 15:15:00,14.64,33.1,42.0,66,5.5,56.8,849,115,2.7,Overcast clouds,c04d,15
2026-06-28 15:30:00,4.01,33.2,42.2,66,5.8,53.4,807,113,2.5,Overcast clouds,c04d,15
2026-06-28 15:45:00,4.02,33.2,42.5,66,6.1,50.0,765,111,2.2,Overcast clouds,c04d,15
2026-06-28 16:00:00,4.06,33.3,43.1,67,6.4,46.6,723,109,2.0,Overcast clouds,c04d,16
2026-06-28 16:15:00,4.02,33.2,42.9,67,6.6,43.2,670,105,1.8,Overcast clouds,c04d,16
2026-06-28 16:30:00,4.01,33.2,43.1,68,6.8,39.8,618,102,1.6,Overcast clouds,c04d,16
2026-06-28 16:45:00,3.98,33.1,42.9,68,7.0,36.4,566,98,1.4,Overcast clouds,c04d,16
2026-06-28 17:00:00,4.03,33.0,42.6,68,7.2,33.1,514,95,1.2,Drizzle,d02d,17
2026-06-28 17:15:00,3.97,32.1,41.4,72,6.6,29.7,457,90,1.1,Drizzle,d02d,17
2026-06-28 17:30:00,4.01,31.2,40.0,76,6.0,26.4,400,84,1.0,Drizzle,d02d,17
2026-06-28 17:45:00,3.95,30.2,38.4,80,5.4,23.1,343,79,0.9,Drizzle,d02d,17
2026-06-28 18:00:00,4.0,29.3,36.6,84,4.8,19.7,286,74,0.8,Light rain,r01d,18
2026-06-28 18:15:00,4.0,29.3,36.6,84,4.4,16.5,233,66,0.8,Light rain,r01d,18
2026-06-28 18:30:00,3.96,29.3,36.6,84,4.0,13.2,180,57,0.7,Light rain,r01d,18
2026-06-28 18:45:00,3.91,29.3,36.6,84,3.6,10.0,126,49,0.7,Light rain,r01d,18
2026-06-28 19:00:00,4.3,29.3,36.6,84,3.2,6.7,73,40,0.6,Light rain,r01d,19
2026-06-28 19:15:00,3.09,29.3,36.6,84,3.1,3.6,55,30,0.6,Light rain,r01d,19
2026-06-28 19:30:00,0.6,29.3,36.6,84,3.0,0.5,37,20,0.6,Light rain,r01n,19
2026-06-28 19:45:00,0.04,29.3,36.6,84,2.9,-2.7,18,10,0.0,Light rain,r01n,19
2026-06-28 20:00:00,0.0,29.3,36.6,84,2.8,-5.8,0,0,0.0,Light rain,r01n,20
2026-06-28 20:15:00,0.0,29.3,36.6,84,2.6,-8.7,0,0,0.0,Drizzle,d02n,20
2026-06-28 20:30:00,0.0,29.3,36.6,84,2.4,-11.7,0,0,0.0,Drizzle,d02n,20
2026-06-28 20:45:00,0.0,29.3,36.6,84,2.2,-14.6,0,0,0.0,Drizzle,d02n,20
2026-06-28 21:00:00,0.0,29.3,36.6,84,2.0,-17.6,0,0,0.0,Drizzle,d02n,21
2026-06-28 21:15:00,0.0,29.2,36.5,85,2.2,-20.2,0,0,0.0,Drizzle,d02n,21
2026-06-28 21:30:00,0.0,29.1,36.4,86,2.4,-22.9,0,0,0.0,Drizzle,d02n,21
2026-06-28 21:45:00,0.0,29.0,36.3,87,2.6,-25.5,0,0,0.0,Drizzle,d02n,21
2026-06-28 22:00:00,0.0,28.9,36.3,88,2.8,-28.2,0,0,0.0,Drizzle,d02n,22
2026-06-28 22:15:00,0.0,28.6,35.8,90,3.0,-30.3,0,0,0.0,Drizzle,d02n,22
2026-06-28 22:30:00,0.0,28.4,35.1,91,3.2,-32.5,0,0,0.0,Drizzle,d02n,22
2026-06-28 22:45:00,0.0,28.1,34.4,92,3.4,-34.7,0,0,0.0,Drizzle,d02n,22
2026-06-28 23:00:00,0.0,27.8,33.8,94,3.6,-36.9,0,0,0.0,Drizzle,d02n,23
2026-06-28 23:15:00,0.0,27.8,33.8,94,3.7,-38.3,0,0,0.0,Drizzle,d02n,23
2026-06-28 23:30:00,0.0,27.8,33.8,94,3.8,-39.7,0,0,0.0,Drizzle,d02n,23
2026-06-28 23:45:00,0.0,27.8,33.8,94,3.9,-41.1,0,0,0.0,Overcast clouds,c04n,23
2026-06-29 00:00:00,0.0,27.8,33.8,94,4.0,-42.5,0,0,0.0,Overcast clouds,c04n,0
2026-06-29 00:15:00,0.0,27.7,33.4,94,3.9,-42.9,0,0,0.0,Drizzle,d02n,0
2026-06-29 00:30:00,0.0,27.6,33.1,94,3.8,-43.3,0,0,0.0,Light rain,r01n,0
2026-06-29 00:45:00,0.0,27.5,32.8,94,3.7,-43.7,0,0,0.0,Drizzle,d02n,0
2026-06-29 01:00:00,0.0,27.4,32.4,94,3.6,-44.1,0,0,0.0,Drizzle,d02n,1
2026-06-29 01:15:00,0.0,27.3,32.1,94,3.6,-43.4,0,0,0.0,Drizzle,d02n,1
2026-06-29 01:30:00,0.0,27.2,31.8,94,3.6,-42.6,0,0,0.0,Light rain,r01n,1
2026-06-29 01:45:00,0.0,27.1,31.5,94,3.6,-41.9,0,0,0.0,Drizzle,d02n,1
2026-06-29 02:00:00,0.0,27.0,31.2,94,3.6,-41.2,0,0,0.0,Overcast clouds,c04n,2
2026-06-29 02:15:00,0.0,27.0,31.2,94,3.5,-39.5,0,0,0.0,Overcast clouds,c04n,2
2026-06-29 02:30:00,0.01,27.0,31.2,94,3.4,-37.8,0,0,0.0,Overcast clouds,c04n,2
2026-06-29 02:45:00,0.0,27.0,31.2,94,3.3,-36.1,0,0,0.0,Overcast clouds,c04n,2
2026-06-29 03:00:00,0.0,27.0,31.2,94,3.2,-34.4,0,0,0.0,Overcast clouds,c04n,3
2026-06-29 03:15:00,0.01,26.9,30.9,94,3.4,-32.1,0,0,0.0,Overcast clouds,c04n,3
2026-06-29 03:30:00,0.0,26.9,30.7,94,3.6,-29.7,0,0,0.0,Overcast clouds,c04n,3
2026-06-29 03:45:00,0.01,26.8,30.5,94,3.8,-27.4,0,0,0.0,Overcast clouds,c04n,3
2026-06-29 04:00:00,0.01,26.7,30.2,94,4.0,-25.1,0,0,0.0,Overcast clouds,c04n,4
2026-06-29 04:15:00,0.01,26.6,27.8,94,4.3,-22.3,0,0,0.0,Overcast clouds,c04n,4
2026-06-29 04:30:00,0.01,26.5,27.7,95,4.6,-19.6,0,0,0.0,Overcast clouds,c04n,4
2026-06-29 04:45:00,0.0,26.4,27.6,96,4.9,-16.8,0,0,0.0,Overcast clouds,c04n,4
2026-06-29 05:00:00,0.01,26.3,27.5,96,5.2,-14.0,0,0,0.0,Overcast clouds,c04n,5
2026-06-29 05:15:00,0.01,26.3,27.5,96,5.1,-11.0,0,0,0.0,Overcast clouds,c04n,5
2026-06-29 05:30:00,0.0,26.3,27.5,97,5.0,-8.0,0,0,0.0,Fog,a05n,5
2026-06-29 05:45:00,0.01,26.3,27.5,98,4.9,-5.0,0,0,0.0,Fog,a05n,5
2026-06-29 06:00:00,0.02,26.3,27.5,98,4.8,-2.0,0,0,0.0,Fog,a05n,6
2026-06-29 06:15:00,0.52,26.3,27.5,98,4.7,1.2,34,13,0.6,Fog,a05n,6
2026-06-29 06:30:00,1.24,26.3,27.5,98,4.6,4.4,67,27,0.6,Fog,a05d,6
2026-06-29 06:45:00,4.44,26.3,27.5,98,4.5,7.5,101,40,0.6,Fog,a05d,6
2026-06-29 07:00:00,5.17,26.3,27.5,98,4.4,10.7,134,53,0.7,Fog,a05d,7
2026-06-29 07:15:00,6.46,26.3,27.5,98,4.3,14.0,190,60,0.7,Fog,a05d,7
2026-06-29 07:30:00,12.48,26.3,27.5,97,4.2,17.3,246,67,0.8,Drizzle,d02d,7
2026-06-29 07:45:00,25.5,26.3,27.5,96,4.1,20.5,301,74,0.8,Light rain,r01d,7
2026-06-29 08:00:00,38.22,26.3,27.5,96,4.0,23.8,357,81,1.0,Light rain,r01d,8
2026-06-29 08:15:00,91.93,26.3,27.5,96,4.3,27.2,413,86,1.1,Light rain,r01d,8
2026-06-29 08:30:00,61.99,26.3,27.5,95,4.6,30.5,469,90,1.2,Light rain,r01d,8
2026-06-29 08:45:00,49.35,26.3,27.4,94,4.9,33.9,525,95,1.3,Light rain,r01d,8
2026-06-29 09:00:00,2.56,26.3,27.4,94,5.2,37.2,582,100,1.5,Light rain,r01d,9
2026-06-29 09:15:00,55.89,26.9,30.5,92,5.5,40.6,631,103,1.6,Drizzle,d02d,9
2026-06-29 09:30:00,52.85,27.4,31.9,90,5.8,44.0,681,106,1.8,Drizzle,d02d,9
2026-06-29 09:45:00,51.83,28.0,33.2,88,6.1,47.4,730,109,2.1,Drizzle,d02d,9
2026-06-29 10:00:00,82.76,28.5,34.5,86,6.4,50.8,780,112,2.3,Drizzle,d02d,10
2026-06-29 10:15:00,123.08,28.6,34.9,86,6.2,54.2,818,114,2.5,Overcast clouds,c04d,10
2026-06-29 10:30:00,123.56,28.7,35.2,86,6.0,57.7,856,116,2.7,Overcast clouds,c04d,10
2026-06-29 10:45:00,124.15,28.8,35.5,86,5.8,61.1,894,118,2.9,Overcast clouds,c04d,10
2026-06-29 11:00:00,124.15,28.9,35.8,86,5.6,64.5,932,120,3.1,Overcast clouds,c04d,11
2026-06-29 11:15:00,124.15,29.0,36.1,86,5.6,68.0,955,121,3.3,Overcast clouds,c04d,11
2026-06-29 11:30:00,124.15,29.1,36.7,87,5.6,71.4,978,122,3.4,Overcast clouds,c04d,11
2026-06-29 11:45:00,0.0,29.2,37.3,88,5.6,74.8,1002,123,3.6,Overcast clouds,c04d,11
2026-06-29 12:00:00,0.0,29.3,37.6,88,5.6,78.3,1025,124,3.7,Overcast clouds,c04d,12
2026-06-29 12:15:00,0.0,29.7,38.2,86,5.9,80.7,1031,125,3.8,Overcast clouds,c04d,12
2026-06-29 12:30:00,0.0,30.0,38.8,84,6.2,83.0,1037,125,3.7,Overcast clouds,c04d,12
2026-06-29 12:45:00,0.0,30.4,39.7,83,6.5,85.4,1043,125,3.7,Overcast clouds,c04d,12
2026-06-29 13:00:00,0.0,30.7,40.2,81,6.8,87.8,1049,125,3.7,Overcast clouds,c04d,13
2026-06-29 13:15:00,0.0,30.6,40.0,81,6.9,84.4,1038,125,3.7,Overcast clouds,c04d,13
2026-06-29 13:30:00,0.0,30.6,39.7,81,7.0,80.9,1026,124,3.6,Overcast clouds,c04d,13
2026-06-29 13:45:00,0.0,30.5,39.5,81,7.1,77.5,1015,124,3.5,Overcast clouds,c04d,13
2026-06-29 14:00:00,0.0,30.4,39.2,81,7.2,74.1,1003,123,3.4,Overcast clouds,c04d,14
2026-06-29 14:15:00,0.0,30.1,38.3,81,6.9,70.6,975,122,3.3,Overcast clouds,c04d,14
2026-06-29 14:30:00,0.0,29.9,37.8,82,6.6,67.2,947,121,3.1,Overcast clouds,c04d,14
2026-06-29 14:45:00,0.0,29.6,36.9,82,6.3,63.7,919,119,2.9,Overcast clouds,c04d,14
2026-06-29 15:00:00,0.0,29.3,36.1,82,6.0,60.3,891,118,2.7,Overcast clouds,c04d,15
2026-06-29 15:15:00,0.0,29.2,35.8,82,5.9,56.9,849,115,2.5,Overcast clouds,c04d,15
2026-06-29 15:30:00,0.0,29.1,35.7,83,5.8,53.5,807,113,2.3,Drizzle,d02d,15
2026-06-29 15:45:00,0.0,29.0,35.6,84,5.7,50.0,765,111,2.1,Overcast clouds,c04d,15
2026-06-29 16:00:00,0.0,28.9,35.3,84,5.6,46.6,723,109,2.0,Overcast clouds,c04d,16
2026-06-29 16:15:00,0.0,28.8,35.3,85,5.8,43.2,671,105,1.7,Overcast clouds,c04d,16
2026-06-29 16:30:00,0.0,28.7,35.2,86,6.0,39.9,619,102,1.5,Overcast clouds,c04d,16
2026-06-29 16:45:00,0.0,28.6,35.1,87,6.2,36.5,567,98,1.4,Overcast clouds,c04d,16
2026-06-29 17:00:00,0.0,28.5,35.0,88,6.4,33.1,514,95,1.2,Overcast clouds,c04d,17
2026-06-29 17:15:00,0.0,28.3,34.6,89,6.2,29.8,457,90,1.1,Drizzle,d02d,17
2026-06-29 17:30:00,0.0,28.2,34.2,90,6.0,26.4,400,84,0.9,Light rain,r01d,17
2026-06-29 17:45:00,0.0,28.0,33.8,91,5.8,23.1,344,79,0.9,Light rain,r01d,17
2026-06-29 18:00:00,0.0,27.8,33.4,92,5.6,19.8,287,74,0.8,Light rain,r01d,18
2026-06-29 18:15:00,0.0,27.8,33.4,92,5.6,16.5,233,66,0.7,Drizzle,d02d,18
2026-06-29 18:30:00,0.0,27.8,33.4,92,5.6,13.3,180,57,0.7,Overcast clouds,c04d,18
2026-06-29 18:45:00,0.0,27.8,33.4,92,5.6,10.0,127,49,0.7,Overcast clouds,c04d,18
2026-06-29 19:00:00,0.0,27.8,33.4,92,5.6,6.7,74,40,0.6,Overcast clouds,c04d,19
2026-06-29 19:15:00,0.0,27.8,33.4,92,5.5,3.6,55,30,0.6,Overcast clouds,c04d,19
2026-06-29 19:30:00,0.0,27.8,33.4,92,5.4,0.5,37,20,0.6,Overcast clouds,c04n,19
2026-06-29 19:45:00,0.0,27.8,33.4,92,5.3,-2.7,18,10,0.0,Overcast clouds,c04n,19
2026-06-29 20:00:00,0.0,27.8,33.4,92,5.2,-5.8,0,0,0.0,Overcast clouds,c04n,20
2026-06-29 20:15:00,0.0,27.8,33.4,92,5.4,-8.7,0,0,0.0,Overcast clouds,c04n,20
2026-06-29 20:30:00,0.0,27.8,33.4,92,5.6,-11.7,0,0,0.0,Overcast clouds,c04n,20
2026-06-29 20:45:00,0.0,27.8,33.4,92,5.8,-14.6,0,0,0.0,Overcast clouds,c04n,20
2026-06-29 21:00:00,0.0,27.8,33.4,92,6.0,-17.6,0,0,0.0,Overcast clouds,c04n,21
2026-06-29 21:15:00,0.0,27.8,33.4,92,6.1,-20.2,0,0,0.0,Overcast clouds,c04n,21
2026-06-29 21:30:00,0.0,27.8,33.4,92,6.2,-22.9,0,0,0.0,Overcast clouds,c04n,21
2026-06-29 21:45:00,0.0,27.8,33.4,92,6.3,-25.5,0,0,0.0,Overcast clouds,c04n,21
2026-06-29 22:00:00,0.0,27.8,33.4,92,6.4,-28.2,0,0,0.0,Overcast clouds,c04n,22
2026-06-29 22:15:00,0.0,27.7,33.1,92,6.4,-30.4,0,0,0.0,Overcast clouds,c04n,22
2026-06-29 22:30:00,0.0,27.6,32.8,92,6.4,-32.5,0,0,0.0,Overcast clouds,c04n,22
2026-06-29 22:45:00,0.0,27.5,32.5,92,6.4,-34.7,0,0,0.0,Overcast clouds,c04n,22
2026-06-29 23:00:00,0.0,27.4,32.2,92,6.4,-36.9,0,0,0.0,Overcast clouds,c04n,23
2026-06-29 23:15:00,0.0,27.4,32.2,92,6.4,-38.3,0,0,0.0,Overcast clouds,c04n,23
2026-06-29 23:30:00,0.0,27.4,32.2,92,6.4,-39.7,0,0,0.0,Overcast clouds,c04n,23
2026-06-29 23:45:00,0.0,27.4,32.2,92,6.4,-41.2,0,0,0.0,Overcast clouds,c04n,23
2026-06-30 00:00:00,0.0,27.4,32.2,92,6.4,-42.6,0,0,0.0,Overcast clouds,c04n,0
2026-06-30 00:15:00,0.0,27.3,31.9,92,6.4,-43.0,0,0,0.0,Overcast clouds,c04n,0
2026-06-30 00:30:00,0.0,27.2,31.7,93,6.4,-43.4,0,0,0.0,Overcast clouds,c04n,0
2026-06-30 00:45:00,0.0,27.1,31.5,94,6.4,-43.8,0,0,0.0,Overcast clouds,c04n,0
2026-06-30 01:00:00,0.0,27.0,31.2,94,6.4,-44.2,0,0,0.0,Overcast clouds,c04n,1
2026-06-30 01:15:00,0.0,26.9,30.9,94,6.4,-43.4,0,0,0.0,Overcast clouds,c04n,1
2026-06-30 01:30:00,0.0,26.9,30.8,95,6.4,-42.7,0,0,0.0,Overcast clouds,c04n,1
2026-06-30 01:45:00,0.0,26.8,30.7,96,6.4,-42.0,0,0,0.0,Overcast clouds,c04n,1
2026-06-30 02:00:00,0.0,26.7,30.4,96,6.4,-41.2,0,0,0.0,Overcast clouds,c04n,2
2026-06-30 02:15:00,0.0,26.8,30.6,95,6.4,-39.6,0,0,0.0,Overcast clouds,c04n,2
2026-06-30 02:30:00,0.0,26.9,30.7,94,6.4,-37.9,0,0,0.0,Overcast clouds,c04n,2
2026-06-30 02:45:00,0.0,26.9,30.8,93,6.4,-36.2,0,0,0.0,Overcast clouds,c04n,2
2026-06-30 03:00:00,0.0,27.0,30.9,92,6.4,-34.5,0,0,0.0,Overcast clouds,c04n,3
2026-06-30 03:15:00,0.0,26.9,30.7,92,6.3,-32.2,0,0,0.0,Overcast clouds,c04n,3
2026-06-30 03:30:00,0.0,26.9,30.6,93,6.2,-29.8,0,0,0.0,Overcast clouds,c04n,3
2026-06-30 03:45:00,0.0,26.8,30.5,94,6.1,-27.5,0,0,0.0,Overcast clouds,c04n,3
2026-06-30 04:00:00,0.0,26.7,30.2,94,6.0,-25.1,0,0,0.0,Overcast clouds,c04n,4
2026-06-30 04:15:00,0.0,26.7,30.2,94,6.1,-22.4,0,0,0.0,Overcast clouds,c04n,4
2026-06-30 04:30:00,0.0,26.7,30.2,94,6.2,-19.6,0,0,0.0,Overcast clouds,c04n,4
2026-06-30 04:45:00,0.0,26.7,30.2,94,6.3,-16.9,0,0,0.0,Overcast clouds,c04n,4
2026-06-30 05:00:00,0.0,26.7,30.2,94,6.4,-14.1,0,0,0.0,Overcast clouds,c04n,5
2026-06-30 05:15:00,0.0,26.8,30.5,94,6.4,-11.1,0,0,0.0,Overcast clouds,c04n,5
2026-06-30 05:30:00,0.0,26.9,30.6,93,6.4,-8.1,0,0,0.0,Overcast clouds,c04n,5
2026-06-30 05:45:00,0.0,26.9,30.7,92,6.4,-5.1,0,0,0.0,Overcast clouds,c04n,5
2026-06-30 06:00:00,0.0,27.0,30.9,92,6.4,-2.1,0,0,0.0,Overcast clouds,c04n,6
2026-06-30 06:15:00,0.0,26.9,30.7,92,6.3,1.1,33,13,0.6,Overcast clouds,c04n,6
2026-06-30 06:30:00,0.0,26.9,30.6,93,6.2,4.3,67,26,0.6,Overcast clouds,c04d,6
2026-06-30 06:45:00,0.0,26.8,30.5,94,6.1,7.5,100,40,0.6,Overcast clouds,c04d,6
2026-06-30 07:00:00,0.0,26.7,30.2,94,6.0,10.6,133,53,0.7,Overcast clouds,c04d,7
2026-06-30 07:15:00,0.0,26.7,30.2,94,5.9,13.9,189,60,0.7,Overcast clouds,c04d,7
2026-06-30 07:30:00,0.0,26.7,30.2,94,5.8,17.2,245,67,0.7,Overcast clouds,c04d,7
2026-06-30 07:45:00,0.0,26.7,30.2,94,5.7,20.5,300,74,0.8,Overcast clouds,c04d,7
2026-06-30 08:00:00,0.0,26.7,30.2,94,5.6,23.8,356,81,0.9,Overcast clouds,c04d,8
2026-06-30 08:15:00,0.0,26.7,30.2,94,5.9,27.1,412,86,1.0,Overcast clouds,c04d,8
2026-06-30 08:30:00,0.0,26.7,30.1,93,6.2,30.5,468,90,1.1,Drizzle,d02d,8
2026-06-30 08:45:00,0.0,26.7,30.1,92,6.5,33.8,525,95,1.2,Overcast clouds,c04d,8
2026-06-30 09:00:00,0.0,26.7,30.1,92,6.8,37.2,581,99,1.4,Overcast clouds,c04d,9
2026-06-30 09:15:00,0.0,27.1,30.9,90,6.8,40.6,630,103,1.6,Overcast clouds,c04d,9
2026-06-30 09:30:00,0.0,27.4,31.6,88,6.8,44.0,680,106,1.7,Overcast clouds,c04d,9
2026-06-30 09:45:00,0.0,27.8,32.3,86,6.8,47.4,730,109,1.9,Overcast clouds,c04d,9
2026-06-30 10:00:00,0.0,28.1,33.0,84,6.8,50.8,779,112,2.2,Overcast clouds,c04d,10
2026-06-30 10:15:00,0.0,28.1,33.0,84,6.7,54.2,817,114,2.4,Overcast clouds,c04d,10
2026-06-30 10:30:00,0.0,28.1,33.2,85,6.6,57.6,856,116,2.6,Overcast clouds,c04d,10
2026-06-30 10:45:00,0.0,28.1,33.4,86,6.5,61.0,894,118,2.8,Overcast clouds,c04d,10
2026-06-30 11:00:00,0.0,28.1,33.4,86,6.4,64.5,932,120,3.0,Overcast clouds,c04d,11
2026-06-30 11:15:00,0.0,28.3,33.6,84,6.1,67.9,955,121,3.1,Overcast clouds,c04d,11
2026-06-30 11:30:00,0.0,28.5,34.0,83,5.8,71.4,978,122,3.3,Drizzle,d02d,11
2026-06-30 11:45:00,0.0,28.7,34.3,82,5.5,74.8,1001,123,3.4,Overcast clouds,c04d,11
2026-06-30 12:00:00,0.0,28.9,34.5,80,5.2,78.3,1024,124,3.6,Overcast clouds,c04d,12
2026-06-30 12:15:00,0.0,28.9,34.5,80,5.4,80.7,1031,125,3.6,Overcast clouds,c04d,12
2026-06-30 12:30:00,0.0,28.9,34.5,80,5.6,83.1,1037,125,3.7,Overcast clouds,c04d,12
2026-06-30 12:45:00,0.0,28.9,34.5,80,5.8,85.5,1043,125,3.7,Overcast clouds,c04d,12
2026-06-30 13:00:00,0.0,28.9,34.5,80,6.0,87.9,1049,125,3.7,Overcast clouds,c04d,13
2026-06-30 13:15:00,0.0,28.4,33.6,82,6.0,84.4,1038,125,3.7,Overcast clouds,c04d,13
2026-06-30 13:30:00,0.0,28.0,32.6,84,6.0,81.0,1026,124,3.6,Overcast clouds,c04d,13
2026-06-30 13:45:00,0.0,27.5,31.6,86,6.0,77.5,1015,124,3.6,Overcast clouds,c04d,13
2026-06-30 14:00:00,0.0,27.0,30.5,88,6.0,74.1,1004,123,3.5,Drizzle,d02d,14
2026-06-30 14:15:00,0.0,27.3,31.2,87,5.7,70.7,976,122,3.3,Overcast clouds,c04d,14
2026-06-30 14:30:00,0.0,27.6,31.8,86,5.4,67.2,948,121,3.1,Overcast clouds,c04d,14
2026-06-30 14:45:00,0.0,27.8,32.4,85,5.1,63.8,920,119,2.9,Overcast clouds,c04d,14
2026-06-30 15:00:00,0.0,28.1,33.0,84,4.8,60.3,892,118,2.7,Overcast clouds,c04d,15
2026-06-30 15:15:00,0.0,28.3,33.4,83,4.8,56.9,850,116,2.5,Overcast clouds,c04d,15
2026-06-30 15:30:00,0.0,28.5,33.8,82,4.8,53.5,808,113,2.3,Overcast clouds,c04d,15
2026-06-30 15:45:00,0.0,28.7,34.1,81,4.8,50.1,766,111,2.2,Overcast clouds,c04d,15
2026-06-30 16:00:00,0.0,28.9,34.5,80,4.8,46.7,724,109,2.0,Overcast clouds,c04d,16
2026-06-30 16:15:00,0.0,29.0,34.7,80,5.0,43.3,671,105,1.7,Overcast clouds,c04d,16
2026-06-30 16:30:00,0.0,29.1,35.0,80,5.2,39.9,619,102,1.6,Overcast clouds,c04d,16
2026-06-30 16:45:00,0.0,29.2,35.3,80,5.4,36.5,567,98,1.4,Overcast clouds,c04d,16
2026-06-30 17:00:00,0.0,29.3,35.6,80,5.6,33.1,515,95,1.3,Overcast clouds,c04d,17
2026-06-30 17:15:00,0.0,29.0,35.2,82,5.5,29.8,458,90,1.1,Overcast clouds,c04d,17
2026-06-30 17:30:00,0.0,28.7,34.7,84,5.4,26.5,401,84,1.0,Overcast clouds,c04d,17
2026-06-30 17:45:00,0.0,28.4,34.2,86,5.3,23.1,344,79,0.9,Overcast clouds,c04d,17
2026-06-30 18:00:00,0.0,28.1,33.7,88,5.2,19.8,287,74,0.8,Overcast clouds,c04d,18
2026-06-30 18:15:00,0.0,28.1,33.7,88,4.9,16.5,234,66,0.7,Overcast clouds,c04d,18
2026-06-30 18:30:00,0.0,28.1,33.5,87,4.6,13.3,180,57,0.7,Drizzle,d02d,18
2026-06-30 18:45:00,0.0,28.1,33.4,86,4.3,10.0,127,49,0.7,Drizzle,d02d,18
2026-06-30 19:00:00,0.0,28.1,33.4,86,4.0,6.8,74,40,0.6,Light rain,r01d,19
2026-06-30 19:15:00,0.0,28.0,33.1,86,4.0,3.6,55,30,0.6,Drizzle,d02d,19
2026-06-30 19:30:00,0.0,28.0,33.1,87,4.0,0.5,37,20,0.6,Drizzle,d02n,19
2026-06-30 19:45:00,0.0,27.9,33.0,88,4.0,-2.6,18,10,0.0,Drizzle,d02n,19
2026-06-30 20:00:00,0.0,27.8,32.8,88,4.0,-5.8,0,0,0.0,Drizzle,d02n,20
2026-06-30 20:15:00,0.0,27.7,32.5,88,4.1,-8.7,0,0,0.0,Overcast clouds,c04n,20
2026-06-30 20:30:00,0.0,27.6,32.4,89,4.2,-11.7,0,0,0.0,Overcast clouds,c04n,20
2026-06-30 20:45:00,0.0,27.5,32.2,90,4.3,-14.6,0,0,0.0,Overcast clouds,c04n,20
2026-06-30 21:00:00,0.0,27.4,31.9,90,4.4,-17.6,0,0,0.0,Overcast clouds,c04n,21
2026-06-30 21:15:00,0.0,27.2,31.5,91,4.4,-20.2,0,0,0.0,Overcast clouds,c04n,21
2026-06-30 21:30:00,0.0,27.1,31.1,92,4.4,-22.9,0,0,0.0,Overcast clouds,c04n,21
2026-06-30 21:45:00,0.0,26.9,30.7,93,4.4,-25.5,0,0,0.0,Overcast clouds,c04n,21
2026-06-30 22:00:00,0.0,26.7,30.2,94,4.4,-28.2,0,0,0.0,Overcast clouds,c04n,22
2026-06-30 22:15:00,0.0,26.7,30.2,94,4.5,-30.4,0,0,0.0,Overcast clouds,c04n,22
2026-06-30 22:30:00,0.0,26.7,30.2,94,4.6,-32.5,0,0,0.0,Overcast clouds,c04n,22
2026-06-30 22:45:00,0.0,26.7,30.2,94,4.7,-34.7,0,0,0.0,Overcast clouds,c04n,22
2026-06-30 23:00:00,0.0,26.7,30.2,94,4.8,-36.9,0,0,0.0,Overcast clouds,c04n,23
2026-06-30 23:15:00,0.0,26.7,30.2,94,4.8,-38.3,0,0,0.0,Overcast clouds,c04n,23
2026-06-30 23:30:00,0.0,26.7,30.3,95,4.8,-39.8,0,0,0.0,Overcast clouds,c04n,23
2026-06-30 23:45:00,0.0,26.7,30.4,96,4.8,-41.2,0,0,0.0,Overcast clouds,c04n,23
2026-07-01 00:00:00,0.0,26.7,30.4,96,4.8,-42.6,0,0,0.0,Overcast clouds,c04n,0
2026-07-01 00:15:00,0.0,26.7,30.4,96,4.8,-43.0,0,0,0.0,Overcast clouds,c04n,0
2026-07-01 00:30:00,0.0,26.7,30.3,95,4.8,-43.4,0,0,0.0,Overcast clouds,c04n,0
2026-07-01 00:45:00,0.0,26.7,30.2,94,4.8,-43.8,0,0,0.0,Overcast clouds,c04n,0
2026-07-01 01:00:00,0.0,26.7,30.2,94,4.8,-44.2,0,0,0.0,Overcast clouds,c04n,1
2026-07-01 01:15:00,0.0,26.7,30.2,94,5.1,-43.5,0,0,0.0,Overcast clouds,c04n,1
2026-07-01 01:30:00,0.0,26.7,30.2,94,5.4,-42.8,0,0,0.0,Overcast clouds,c04n,1
2026-07-01 01:45:00,0.0,26.7,30.2,94,5.7,-42.1,0,0,0.0,Overcast clouds,c04n,1
2026-07-01 02:00:00,0.0,26.7,30.2,94,6.0,-41.3,0,0,0.0,Overcast clouds,c04n,2
2026-07-01 02:15:00,0.0,26.6,27.8,94,5.5,-39.6,0,0,0.0,Overcast clouds,c04n,2
2026-07-01 02:30:00,0.0,26.5,27.7,95,5.0,-38.0,0,0,0.0,Overcast clouds,c04n,2
2026-07-01 02:45:00,0.0,26.4,27.6,96,4.5,-36.3,0,0,0.0,Overcast clouds,c04n,2
2026-07-01 03:00:00,0.0,26.3,27.5,96,4.0,-34.6,0,0,0.0,Overcast clouds,c04n,3
2026-07-01 03:15:00,0.0,26.2,27.4,96,3.7,-32.2,0,0,0.0,Overcast clouds,c04n,3
2026-07-01 03:30:00,0.0,26.1,27.3,96,3.4,-29.9,0,0,0.0,Overcast clouds,c04n,3
2026-07-01 03:45:00,0.0,26.0,27.2,96,3.1,-27.6,0,0,0.0,Overcast clouds,c04n,3
2026-07-01 04:00:00,0.0,25.9,27.1,96,2.8,-25.2,0,0,0.0,Overcast clouds,c04n,4
2026-07-01 04:15:00,0.0,25.9,27.1,96,2.6,-22.5,0,0,0.0,Overcast clouds,c04n,4
2026-07-01 04:30:00,0.0,25.9,27.1,96,2.4,-19.7,0,0,0.0,Overcast clouds,c04n,4
2026-07-01 04:45:00,0.0,25.9,27.1,96,2.2,-16.9,0,0,0.0,Overcast clouds,c04n,4
2026-07-01 05:00:00,0.0,25.9,27.1,96,2.0,-14.2,0,0,0.0,Overcast clouds,c04n,5
2026-07-01 05:15:00,0.0,26.1,27.3,96,2.2,-11.2,0,0,0.0,Overcast clouds,c04n,5
2026-07-01 05:30:00,0.0,26.3,27.5,96,2.4,-8.2,0,0,0.0,Overcast clouds,c04n,5
2026-07-01 05:45:00,0.0,26.5,27.7,96,2.6,-5.1,0,0,0.0,Overcast clouds,c04n,5
2026-07-01 06:00:00,0.0,26.7,30.4,96,2.8,-2.1,0,0,0.0,Broken clouds,c03n,6
2026-07-01 06:15:00,0.0,26.7,30.4,96,3.2,1.0,33,13,1.0,Overcast clouds,c04n,6
2026-07-01 06:30:00,0.0,26.7,30.3,95,3.6,4.2,66,26,1.0,Overcast clouds,c04d,6
2026-07-01 06:45:00,0.0,26.7,30.2,94,4.0,7.4,99,40,1.0,Overcast clouds,c04d,6
2026-07-01 07:00:00,0.0,26.7,30.2,94,4.4,10.6,132,53,1.0,Overcast clouds,c04d,7
2026-07-01 07:15:00,0.0,26.7,30.2,94,4.7,13.9,188,60,1.0,Overcast clouds,c04d,7
2026-07-01 07:30:00,0.0,26.7,30.3,95,5.0,17.1,244,67,1.0,Overcast clouds,c04d,7
2026-07-01 07:45:00,0.0,26.7,30.4,96,5.3,20.4,299,74,1.0,Overcast clouds,c04d,7
2026-07-01 08:00:00,0.0,26.7,30.4,96,5.6,23.7,355,81,1.0,Overcast clouds,c04d,8
2026-07-01 08:15:00,0.0,26.7,30.4,96,5.6,27.1,411,86,1.1,Overcast clouds,c04d,8
2026-07-01 08:30:00,0.0,26.7,30.4,96,5.6,30.4,467,90,1.2,Overcast clouds,c04d,8
2026-07-01 08:45:00,0.0,26.7,30.4,96,5.6,33.8,524,95,1.3,Overcast clouds,c04d,8
2026-07-01 09:00:00,0.0,26.7,30.4,96,5.6,37.1,580,99,1.4,Overcast clouds,c04d,9
2026-07-01 09:15:00,0.0,27.4,32.3,94,5.7,40.5,629,102,1.6,Overcast clouds,c04d,9
2026-07-01 09:30:00,0.0,28.0,33.9,91,5.8,43.9,679,106,1.9,Overcast clouds,c04d,9
2026-07-01 09:45:00,0.0,28.7,35.4,88,5.9,47.3,729,109,2.2,Light rain,r01d,9
2026-07-01 10:00:00,0.0,29.3,37.1,86,6.0,50.7,779,112,2.5,Light rain,r01d,10
2026-07-01 10:15:00,0.0,29.2,36.7,86,5.8,54.1,817,114,2.7,Light rain,r01d,10
2026-07-01 10:30:00,0.0,29.1,36.7,87,5.6,57.6,855,116,2.8,Light rain,r01d,10
2026-07-01 10:45:00,0.0,29.0,36.6,88,5.4,61.0,893,118,3.0,Light rain,r01d,10
2026-07-01 11:00:00,0.0,28.9,36.3,88,5.2,64.4,931,120,3.1,Light rain,r01d,11
2026-07-01 11:15:00,0.0,29.2,36.7,86,5.4,67.9,955,121,3.3,Light rain,r01d,11
2026-07-01 11:30:00,0.0,29.5,37.3,85,5.6,71.3,978,122,3.4,Drizzle,d02d,11
2026-07-01 11:45:00,0.0,29.7,37.9,84,5.8,74.8,1001,123,3.4,Overcast clouds,c04d,11
2026-07-01 12:00:00,0.0,30.0,38.2,82,6.0,78.2,1024,124,3.6,Overcast clouds,c04d,12
2026-07-01 12:15:00,0.0,30.2,38.5,81,6.1,80.6,1030,125,3.7,Overcast clouds,c04d,12
2026-07-01 12:30:00,0.0,30.4,38.8,80,6.2,83.1,1037,125,3.8,Overcast clouds,c04d,12
2026-07-01 12:45:00,0.0,30.5,38.7,78,6.3,85.5,1043,125,4.0,Overcast clouds,c04d,12
2026-07-01 13:00:00,0.0,30.7,38.9,77,6.4,87.9,1049,125,4.1,Drizzle,d02d,13
2026-07-01 13:15:00,0.0,30.5,38.7,78,6.5,84.5,1038,125,3.9,Drizzle,d02d,13
2026-07-01 13:30:00,0.0,30.4,38.2,78,6.6,81.0,1026,124,3.8,Light rain,r01d,13
2026-07-01 13:45:00,0.0,30.2,37.6,78,6.7,77.6,1015,124,3.7,Light rain,r01d,13
2026-07-01 14:00:00,0.0,30.0,37.4,79,6.8,74.2,1004,123,3.5,Light rain,r01d,14
2026-07-01 14:15:00,0.0,29.8,36.9,79,6.8,70.7,976,122,3.3,Thunderstorm with light rain,t01d,14
2026-07-01 14:30:00,0.0,29.7,36.6,80,6.8,67.3,948,121,3.1,Thunderstorm with light rain,t01d,14
2026-07-01 14:45:00,0.0,29.5,36.1,80,6.8,63.8,920,119,2.9,Thunderstorm with light rain,t01d,14
2026-07-01 15:00:00,0.0,29.3,35.6,80,6.8,60.4,892,118,2.7,Thunderstorm with light rain,t01d,15
2026-07-01 15:15:00,0.0,29.4,35.8,80,6.8,57.0,850,116,2.5,Thunderstorm with light rain,t01d,15
2026-07-01 15:30:00,0.0,29.5,36.0,80,6.8,53.5,808,113,2.3,Thunderstorm with light rain,t01d,15
2026-07-01 15:45:00,0.0,29.5,36.5,81,6.8,50.1,766,111,2.2,Thunderstorm with light rain,t01d,15
2026-07-01 16:00:00,0.0,29.6,36.7,81,6.8,46.7,724,109,2.0,Light rain,r01d,16
2026-07-01 16:15:00,0.0,29.8,37.1,80,6.6,43.3,672,105,1.7,Drizzle,d02d,16
2026-07-01 16:30:00,0.0,30.0,37.7,80,6.4,39.9,620,102,1.6,Drizzle,d02d,16
2026-07-01 16:45:00,0.0,30.2,38.3,80,6.2,36.5,568,98,1.4,Drizzle,d02d,16
2026-07-01 17:00:00,0.0,30.4,38.6,79,6.0,33.2,515,95,1.2,Drizzle,d02d,17
2026-07-01 17:15:00,0.0,29.8,37.4,81,5.6,29.8,458,90,1.1,Overcast clouds,c04d,17
2026-07-01 17:30:00,0.0,29.3,36.4,84,5.2,26.5,401,85,1.0,Overcast clouds,c04d,17
2026-07-01 17:45:00,0.0,28.7,35.1,86,4.8,23.1,344,79,0.9,Overcast clouds,c04d,17
2026-07-01 18:00:00,0.0,28.1,33.7,88,4.4,19.8,287,74,0.8,Overcast clouds,c04d,18
2026-07-01 18:15:00,0.0,28.0,33.5,88,4.0,16.6,234,66,0.7,Overcast clouds,c04d,18
2026-07-01 18:30:00,0.0,28.0,33.4,89,3.6,13.3,181,57,0.7,Drizzle,d02d,18
2026-07-01 18:45:00,0.0,27.9,33.4,90,3.2,10.0,127,49,0.7,Overcast clouds,c04d,18
2026-07-01 19:00:00,0.0,27.8,33.1,90,2.8,6.8,74,40,0.7,Overcast clouds,c04d,19
2026-07-01 19:15:00,0.0,27.8,33.1,90,3.0,3.6,56,30,0.7,Overcast clouds,c04d,19
2026-07-01 19:30:00,0.0,27.8,33.1,90,3.2,0.5,37,20,0.6,Overcast clouds,c04n,19
2026-07-01 19:45:00,0.0,27.8,33.1,90,3.4,-2.6,19,10,0.0,Overcast clouds,c04n,19
2026-07-01 20:00:00,0.0,27.8,33.1,90,3.6,-5.8,0,0,0.0,Overcast clouds,c04n,20
2026-07-01 20:15:00,0.0,27.7,32.8,90,3.5,-8.7,0,0,0.0,Overcast clouds,c04n,20
2026-07-01 20:30:00,0.0,27.6,32.7,91,3.4,-11.7,0,0,0.0,Overcast clouds,c04n,20
2026-07-01 20:45:00,0.0,27.5,32.5,92,3.3,-14.6,0,0,0.0,Overcast clouds,c04n,20
2026-07-01 21:00:00,0.0,27.4,32.2,92,3.2,-17.6,0,0,0.0,Overcast clouds,c04n,21
2026-07-01 21:15:00,0.0,27.4,32.2,92,3.0,-20.2,0,0,0.0,Overcast clouds,c04n,21
2026-07-01 21:30:00,0.0,27.4,32.2,92,2.8,-22.9,0,0,0.0,Overcast clouds,c04n,21
2026-07-01 21:45:00,0.0,27.4,32.2,92,2.6,-25.6,0,0,0.0,Overcast clouds,c04n,21
2026-07-01 22:00:00,0.0,27.4,32.2,92,2.4,-28.2,0,0,0.0,Overcast clouds,c04n,22
2026-07-01 22:15:00,0.0,27.2,31.8,93,2.4,-30.4,0,0,0.0,Overcast clouds,c04n,22
2026-07-01 22:30:00,0.0,27.1,31.3,94,2.4,-32.6,0,0,0.0,Overcast clouds,c04n,22
2026-07-01 22:45:00,0.0,26.9,30.9,95,2.4,-34.8,0,0,0.0,Overcast clouds,c04n,22
2026-07-01 23:00:00,0.0,26.7,30.4,96,2.4,-36.9,0,0,0.0,Overcast clouds,c04n,23
2026-07-01 23:15:00,0.0,26.7,30.4,96,2.3,-38.4,0,0,0.0,Overcast clouds,c04n,23
2026-07-01 23:30:00,0.0,26.7,30.4,96,2.2,-39.8,0,0,0.0,Overcast clouds,c04n,23
2026-07-01 23:45:00,0.0,26.7,30.4,96,2.1,-41.2,0,0,0.0,Overcast clouds,c04n,23
2026-07-02 00:00:00,0.0,26.7,30.4,96,2.0,-42.7,0,0,0.0,Overcast clouds,c04n,0
2026-07-02 00:15:00,0.0,26.7,30.4,96,2.2,-43.1,0,0,0.0,Overcast clouds,c04n,0
2026-07-02 00:30:00,0.0,26.7,30.4,96,2.4,-43.5,0,0,0.0,Overcast clouds,c04n,0
2026-07-02 00:45:00,0.0,26.7,30.4,96,2.6,-43.9,0,0,0.0,Overcast clouds,c04n,0
2026-07-02 01:00:00,0.0,26.7,30.4,96,2.8,-44.3,0,0,0.0,Overcast clouds,c04n,1
2026-07-02 01:15:00,0.0,26.7,30.4,96,2.7,-43.6,0,0,0.0,Overcast clouds,c04n,1
2026-07-02 01:30:00,0.0,26.7,30.4,96,2.6,-42.9,0,0,0.0,Overcast clouds,c04n,1
2026-07-02 01:45:00,0.0,26.7,30.4,96,2.5,-42.1,0,0,0.0,Overcast clouds,c04n,1
2026-07-02 02:00:00,0.0,26.7,30.4,96,2.4,-41.4,0,0,0.0,Overcast clouds,c04n,2
2026-07-02 02:15:00,0.0,26.7,30.4,96,2.4,-39.7,0,0,0.0,Overcast clouds,c04n,2
2026-07-02 02:30:00,0.0,26.7,30.4,96,2.4,-38.0,0,0,0.0,Overcast clouds,c04n,2
2026-07-02 02:45:00,0.0,26.7,30.4,96,2.4,-36.3,0,0,0.0,Overcast clouds,c04n,2
2026-07-02 03:00:00,0.0,26.7,30.4,96,2.4,-34.7,0,0,0.0,Overcast clouds,c04n,3
2026-07-02 03:15:00,0.0,26.6,27.8,96,2.5,-32.3,0,0,0.0,Overcast clouds,c04n,3
2026-07-02 03:30:00,0.0,26.5,27.7,97,2.6,-30.0,0,0,0.0,Fog,a05n,3
2026-07-02 03:45:00,0.0,26.4,27.7,98,2.7,-27.6,0,0,0.0,Fog,a05n,3
2026-07-02 04:00:00,0.0,26.3,27.5,98,2.8,-25.3,0,0,0.0,Fog,a05n,4
2026-07-02 04:15:00,0.0,26.3,27.5,98,2.8,-22.5,0,0,0.0,Fog,a05n,4
2026-07-02 04:30:00,0.0,26.3,27.5,98,2.8,-19.8,0,0,0.0,Fog,a05n,4
2026-07-02 04:45:00,0.0,26.3,27.5,98,2.8,-17.0,0,0,0.0,Fog,a05n,4
2026-07-02 05:00:00,0.0,26.3,27.5,98,2.8,-14.3,0,0,0.0,Fog,a05n,5
2026-07-02 05:15:00,0.0,26.6,27.8,97,2.8,-11.2,0,0,0.0,Fog,a05n,5
2026-07-02 05:30:00,0.0,26.9,30.9,96,2.8,-8.2,0,0,0.0,Overcast clouds,c04n,5
2026-07-02 05:45:00,0.0,27.1,31.7,95,2.8,-5.2,0,0,0.0,Overcast clouds,c04n,5
2026-07-02 06:00:00,0.0,27.4,32.4,94,2.8,-2.2,0,0,0.0,Overcast clouds,c04n,6
2026-07-02 06:15:00,0.0,27.4,32.4,94,3.0,1.0,33,13,0.7,Overcast clouds,c04n,6
2026-07-02 06:30:00,0.0,27.4,32.4,94,3.2,4.2,66,26,0.7,Overcast clouds,c04d,6
2026-07-02 06:45:00,0.0,27.4,32.4,94,3.4,7.3,98,39,0.7,Overcast clouds,c04d,6
2026-07-02 07:00:00,0.0,27.4,32.4,94,3.6,10.5,131,53,0.7,Overcast clouds,c04d,7
2026-07-02 07:15:00,0.0,27.5,32.8,94,3.9,13.8,187,60,0.7,Overcast clouds,c04d,7
2026-07-02 07:30:00,0.0,27.6,33.0,93,4.2,17.1,242,67,0.8,Overcast clouds,c04d,7
2026-07-02 07:45:00,0.0,27.7,33.1,92,4.5,20.4,298,74,0.9,Overcast clouds,c04d,7
2026-07-02 08:00:00,0.0,27.8,33.4,92,4.8,23.6,354,81,0.9,Overcast clouds,c04d,8
2026-07-02 08:15:00,0.0,27.9,33.4,90,5.1,27.0,410,86,1.1,Overcast clouds,c04d,8
2026-07-02 08:30:00,0.0,28.0,33.4,89,5.4,30.3,466,90,1.3,Overcast clouds,c04d,8
2026-07-02 08:45:00,0.0,28.0,33.5,88,5.7,33.7,523,95,1.5,Overcast clouds,c04d,8
2026-07-02 09:00:00,0.0,28.1,33.4,86,6.0,37.1,579,99,1.8,Overcast clouds,c04d,9
2026-07-02 09:15:00,0.0,29.1,35.1,81,6.2,40.5,629,102,2.0,Overcast clouds,c04d,9
2026-07-02 09:30:00,0.0,30.0,36.6,76,6.4,43.9,678,106,2.2,Overcast clouds,c04d,9
2026-07-02 09:45:00,0.0,31.0,37.8,71,6.6,47.3,728,109,2.5,Overcast clouds,c04d,9
2026-07-02 10:00:00,0.0,31.9,38.7,66,6.8,50.7,778,112,2.7,Overcast clouds,c04d,10
2026-07-02 10:15:00,0.0,31.8,38.5,66,6.9,54.1,816,114,3.0,Overcast clouds,c04d,10
2026-07-02 10:30:00,0.0,31.7,38.2,66,7.0,57.5,854,116,3.2,Overcast clouds,c04d,10
2026-07-02 10:45:00,0.0,31.6,37.9,66,7.1,60.9,893,118,3.4,Overcast clouds,c04d,10
2026-07-02 11:00:00,0.0,31.5,37.7,66,7.2,64.4,931,120,3.6,Overcast clouds,c04d,11
2026-07-02 11:15:00,0.0,31.5,37.7,66,7.1,67.8,954,121,4.2,Overcast clouds,c04d,11
2026-07-02 11:30:00,0.0,31.5,37.7,66,7.0,71.3,977,122,4.7,Overcast clouds,c04d,11
2026-07-02 11:45:00,0.0,31.5,37.7,66,6.9,74.7,1001,123,5.4,Overcast clouds,c04d,11
2026-07-02 12:00:00,0.0,31.5,37.7,66,6.8,78.2,1024,124,6.0,Broken clouds,c03d,12
2026-07-02 12:15:00,0.0,31.9,38.0,64,6.9,80.6,1030,125,6.5,Broken clouds,c03d,12
2026-07-02 12:30:00,0.0,32.3,38.6,63,7.0,83.1,1037,125,7.1,Broken clouds,c03d,12
2026-07-02 12:45:00,0.0,32.6,39.3,62,7.1,85.5,1043,125,7.6,Broken clouds,c03d,12
2026-07-02 13:00:00,0.05,33.0,39.5,60,7.2,88.0,1049,125,8.1,Broken clouds,c03d,13
2026-07-02 13:15:00,0.02,33.0,39.5,60,7.0,84.5,1038,125,8.2,Broken clouds,c03d,13
2026-07-02 13:30:00,0.02,33.0,39.5,60,6.8,81.1,1027,124,8.3,Broken clouds,c03d,13
2026-07-02 13:45:00,0.0,33.0,39.5,60,6.6,77.6,1015,124,8.2,Scattered clouds,c02d,13
2026-07-02 14:00:00,0.04,33.0,39.5,60,6.4,74.2,1004,123,8.2,Scattered clouds,c02d,14
2026-07-02 14:15:00,0.0,33.2,39.6,59,6.8,70.7,976,122,7.9,Scattered clouds,c02d,14
2026-07-02 14:30:00,0.0,33.4,39.7,58,7.2,67.3,948,121,7.6,Scattered clouds,c02d,14
2026-07-02 14:45:00,177.58,33.5,40.1,58,7.6,63.9,920,119,7.2,Scattered clouds,c02d,14
2026-07-02 15:00:00,57.38,33.7,40.2,57,8.0,60.4,892,118,6.8,Scattered clouds,c02d,15
2026-07-02 15:15:00,0.02,33.5,40.1,58,7.9,57.0,851,116,6.3,Scattered clouds,c02d,15
2026-07-02 15:30:00,0.04,33.4,40.0,59,7.8,53.6,809,113,5.7,Scattered clouds,c02d,15
2026-07-02 15:45:00,0.02,33.2,40.0,60,7.7,50.2,767,111,5.2,Scattered clouds,c02d,15
2026-07-02 16:00:00,0.0,33.0,39.9,61,7.6,46.7,725,109,4.7,Scattered clouds,c02d,16
2026-07-02 16:15:00,0.02,33.1,40.1,61,6.7,43.3,672,105,4.1,Scattered clouds,c02d,16
2026-07-02 16:30:00,0.0,33.2,40.7,62,5.8,40.0,620,102,3.6,Scattered clouds,c02d,16
2026-07-02 16:45:00,0.0,33.2,40.9,62,4.9,36.6,568,98,3.1,Broken clouds,c03d,16
2026-07-02 17:00:00,0.0,33.3,41.1,62,4.0,33.2,516,95,2.7,Broken clouds,c03d,17
2026-07-02 17:15:00,0.0,32.7,40.4,65,4.1,29.8,459,90,2.4,Broken clouds,c03d,17
2026-07-02 17:30:00,0.01,32.0,39.7,68,4.2,26.5,402,85,2.2,Scattered clouds,c02d,17
2026-07-02 17:45:00,0.01,31.4,38.9,71,4.3,23.2,345,79,2.1,Scattered clouds,c02d,17
2026-07-02 18:00:00,0.0,30.7,38.0,74,4.4,19.8,288,74,1.9,Scattered clouds,c02d,18
2026-07-02 18:15:00,0.02,30.4,37.8,76,4.6,16.6,234,66,1.7,Scattered clouds,c02d,18
2026-07-02 18:30:00,0.0,30.2,37.6,78,4.8,13.3,181,57,1.6,Scattered clouds,c02d,18
2026-07-02 18:45:00,0.01,29.9,37.0,79,5.0,10.1,128,49,1.5,Broken clouds,c03d,18
2026-07-02 19:00:00,0.0,29.6,36.7,81,5.2,6.8,74,41,1.4,Broken clouds,c03d,19
2026-07-02 19:15:00,0.0,29.6,36.7,81,5.0,3.7,56,30,1.4,Broken clouds,c03d,19
2026-07-02 19:30:00,0.0,29.6,36.7,81,4.8,0.5,37,20,1.4,Broken clouds,c03n,19
2026-07-02 19:45:00,0.0,29.6,36.7,81,4.6,-2.6,19,10,0.0,Broken clouds,c03n,19
2026-07-02 20:00:00,0.0,29.6,36.7,81,4.4,-5.8,0,0,0.0,Broken clouds,c03n,20
2026-07-02 20:15:00,0.0,29.5,36.5,81,4.2,-8.7,0,0,0.0,Scattered clouds,c02n,20
2026-07-02 20:30:00,0.0,29.5,36.5,82,4.0,-11.7,0,0,0.0,Scattered clouds,c02n,20
2026-07-02 20:45:00,0.0,29.4,36.3,82,3.8,-14.6,0,0,0.0,Scattered clouds,c02n,20
2026-07-02 21:00:00,0.0,29.3,36.1,82,3.6,-17.6,0,0,0.0,Scattered clouds,c02n,21
2026-07-02 21:15:00,0.0,29.0,35.6,84,3.6,-20.3,0,0,0.0,Light rain,r01n,21
2026-07-02 21:30:00,0.0,28.7,34.9,85,3.6,-22.9,0,0,0.0,Moderate rain,r02n,21
2026-07-02 21:45:00,0.0,28.4,34.2,86,3.6,-25.6,0,0,0.0,Moderate rain,r02n,21
2026-07-02 22:00:00,0.0,28.1,33.7,88,3.6,-28.2,0,0,0.0,Moderate rain,r02n,22
2026-07-02 22:15:00,0.0,28.0,33.5,88,3.5,-30.4,0,0,0.0,Moderate rain,r02n,22
2026-07-02 22:30:00,0.0,28.0,33.4,89,3.4,-32.6,0,0,0.0,Light rain,r01n,22
2026-07-02 22:45:00,0.0,27.9,33.4,90,3.3,-34.8,0,0,0.0,Light rain,r01n,22
2026-07-02 23:00:00,0.0,27.8,33.1,90,3.2,-37.0,0,0,0.0,Light rain,r01n,23
2026-07-02 23:15:00,0.0,27.7,32.8,90,2.9,-38.4,0,0,0.0,Light rain,r01n,23
2026-07-02 23:30:00,0.0,27.6,32.7,91,2.6,-39.9,0,0,0.0,Overcast clouds,c04n,23
2026-07-02 23:45:00,0.0,27.5,32.5,92,2.5,-41.3,0,0,0.0,Overcast clouds,c04n,23
2026-07-03 00:00:00,0.01,27.4,32.2,92,2.4,-42.7,0,0,0.0,Overcast clouds,c04n,0
2026-07-03 00:15:00,0.01,27.4,32.2,92,2.3,-43.2,0,0,0.0,Overcast clouds,c04n,0
2026-07-03 00:30:00,0.01,27.4,32.2,92,2.6,-43.6,0,0,0.0,Overcast clouds,c04n,0
2026-07-03 00:45:00,0.0,27.4,32.2,92,2.9,-44.0,0,0,0.0,Overcast clouds,c04n,0
2026-07-03 01:00:00,0.0,27.4,32.2,92,3.2,-44.4,0,0,0.0,Overcast clouds,c04n,1
2026-07-03 01:15:00,0.0,27.4,32.2,92,3.2,-43.7,0,0,0.0,Overcast clouds,c04n,1
2026-07-03 01:30:00,0.0,27.4,32.2,92,3.2,-42.9,0,0,0.0,Overcast clouds,c04n,1
2026-07-03 01:45:00,0.0,27.4,32.2,92,3.2,-42.2,0,0,0.0,Overcast clouds,c04n,1
2026-07-03 02:00:00,0.0,27.4,32.2,92,3.2,-41.5,0,0,0.0,Broken clouds,c03n,2
2026-07-03 02:15:00,0.0,27.3,31.9,92,3.4,-39.8,0,0,0.0,Overcast clouds,c04n,2
2026-07-03 02:30:00,0.0,27.2,31.7,93,3.6,-38.1,0,0,0.0,Overcast clouds,c04n,2
2026-07-03 02:45:00,0.0,27.1,31.5,94,3.8,-36.4,0,0,0.0,Overcast clouds,c04n,2
2026-07-03 03:00:00,0.01,27.0,31.2,94,4.0,-34.8,0,0,0.0,Overcast clouds,c04n,3
2026-07-03 03:15:00,0.01,26.9,30.9,94,4.2,-32.4,0,0,0.0,Overcast clouds,c04n,3
2026-07-03 03:30:00,0.01,26.9,30.7,94,4.4,-30.1,0,0,0.0,Broken clouds,c03n,3
2026-07-03 03:45:00,0.01,26.8,30.5,94,4.6,-27.7,0,0,0.0,Broken clouds,c03n,3
2026-07-03 04:00:00,0.01,26.7,30.2,94,4.8,-25.4,0,0,0.0,Broken clouds,c03n,4
2026-07-03 04:15:00,0.01,26.7,30.2,94,5.0,-22.6,0,0,0.0,Broken clouds,c03n,4
2026-07-03 04:30:00,0.01,26.7,30.2,94,5.2,-19.9,0,0,0.0,Broken clouds,c03n,4
2026-07-03 04:45:00,0.0,26.7,30.2,94,5.4,-17.1,0,0,0.0,Broken clouds,c03n,4
2026-07-03 05:00:00,0.0,26.7,30.2,94,5.6,-14.3,0,0,0.0,Broken clouds,c03n,5
2026-07-03 05:15:00,0.01,26.9,30.7,93,5.5,-11.3,0,0,0.0,Broken clouds,c03n,5
2026-07-03 05:30:00,0.0,27.1,31.1,92,5.4,-8.3,0,0,0.0,Overcast clouds,c04n,5
2026-07-03 05:45:00,0.01,27.2,31.5,91,5.3,-5.3,0,0,0.0,Overcast clouds,c04n,5
2026-07-03 06:00:00,0.43,27.4,31.9,90,5.2,-2.3,0,0,0.0,Overcast clouds,c04n,6
2026-07-03 06:15:00,2.69,27.5,32.2,90,5.3,0.9,33,13,0.9,Overcast clouds,c04n,6
2026-07-03 06:30:00,6.45,27.6,32.4,89,5.4,4.1,65,26,0.9,Overcast clouds,c04d,6
2026-07-03 06:45:00,13.67,27.7,32.5,88,5.5,7.3,98,39,0.9,Overcast clouds,c04d,6
2026-07-03 07:00:00,14.6,27.8,32.8,88,5.6,10.4,130,52,1.0,Overcast clouds,c04d,7
2026-07-03 07:15:00,42.39,28.1,33.6,88,5.8,13.7,186,60,1.2,Broken clouds,c03d,7
2026-07-03 07:30:00,55.41,28.4,34.3,87,6.0,17.0,241,67,1.5,Broken clouds,c03d,7
2026-07-03 07:45:00,73.85,28.6,34.9,86,6.2,20.3,297,74,1.9,Scattered clouds,c02d,7
2026-07-03 08:00:00,89.38,28.9,35.8,86,6.4,23.6,353,81,2.3,Scattered clouds,c02d,8
2026-07-03 08:15:00,106.72,29.0,36.1,86,6.7,26.9,409,86,2.5,Scattered clouds,c02d,8
2026-07-03 08:30:00,121.96,29.1,36.2,85,7.0,30.3,465,90,2.8,Scattered clouds,c02d,8
2026-07-03 08:45:00,85.77,29.2,36.3,84,7.3,33.6,522,95,3.1,Scattered clouds,c02d,8
2026-07-03 09:00:00,145.05,29.3,36.6,84,7.6,37.0,578,99,3.5,Scattered clouds,c02d,9
2026-07-03 09:15:00,6.8,29.8,37.2,81,8.0,40.4,628,102,3.4,Broken clouds,c03d,9
2026-07-03 09:30:00,92.59,30.2,37.7,78,8.4,43.8,678,105,3.2,Broken clouds,c03d,9
2026-07-03 09:45:00,61.1,30.7,37.8,74,8.8,47.2,727,109,2.9,Overcast clouds,c04d,9
2026-07-03 10:00:00,114.08,31.1,38.2,71,9.2,50.6,777,112,2.4,Overcast clouds,c04d,10
2026-07-03 10:15:00,4.2,30.9,37.7,71,8.9,54.0,815,114,2.7,Overcast clouds,c04d,10
2026-07-03 10:30:00,3.95,30.8,37.5,72,8.6,57.5,854,116,3.0,Overcast clouds,c04d,10
2026-07-03 10:45:00,4.02,30.6,37.0,72,8.3,60.9,892,118,3.3,Overcast clouds,c04d,10
2026-07-03 11:00:00,3.97,30.4,36.6,72,8.0,64.3,930,120,3.6,Drizzle,d02d,11
2026-07-03 11:15:00,4.7,30.2,36.3,73,8.2,67.8,954,121,3.8,Overcast clouds,c04d,11
2026-07-03 11:30:00,4.71,30.0,36.0,74,8.4,71.2,977,122,4.0,Overcast clouds,c04d,11
2026-07-03 11:45:00,4.69,29.8,36.0,76,8.6,74.7,1000,123,4.1,Overcast clouds,c04d,11
2026-07-03 12:00:00,4.76,29.6,35.7,77,8.8,78.1,1024,124,4.3,Overcast clouds,c04d,12
2026-07-03 12:15:00,4.72,29.8,36.0,76,9.0,80.6,1030,125,4.9,Overcast clouds,c04d,12
2026-07-03 12:30:00,4.72,30.0,36.6,76,9.2,83.1,1036,125,5.6,Overcast clouds,c04d,12
2026-07-03 12:45:00,4.23,30.2,36.9,75,9.4,85.6,1043,125,6.3,Broken clouds,c03d,12
2026-07-03 13:00:00,4.72,30.4,37.1,74,9.6,88.0,1049,125,6.9,Broken clouds,c03d,13
2026-07-03 13:15:00,4.63,30.8,37.9,73,9.6,84.6,1038,125,7.4,Broken clouds,c03d,13
2026-07-03 13:30:00,4.71,31.2,38.6,72,9.6,81.1,1027,124,7.8,Broken clouds,c03d,13
2026-07-03 13:45:00,4.77,31.5,39.0,70,9.6,77.7,1015,124,8.2,Scattered clouds,c02d,13
2026-07-03 14:00:00,4.75,31.9,39.8,69,9.6,74.2,1004,123,8.5,Scattered clouds,c02d,14
2026-07-03 14:15:00,4.7,31.9,40.1,70,10.0,70.8,976,122,7.8,Scattered clouds,c02d,14
2026-07-03 14:30:00,4.65,31.9,40.1,70,10.4,67.3,949,121,7.1,Drizzle,d02d,14
2026-07-03 14:45:00,4.67,31.9,40.1,70,10.8,63.9,921,119,6.4,Drizzle,d02d,14
2026-07-03 15:00:00,5.08,31.9,40.5,71,11.2,60.5,893,118,5.8,Drizzle,d02d,15
2026-07-03 15:15:00,4.04,30.9,38.8,75,10.8,57.0,851,116,5.1,Drizzle,d02d,15
2026-07-03 15:30:00,3.97,29.9,36.7,78,10.4,53.6,809,113,4.4,Light rain,r01d,15
2026-07-03 15:45:00,3.93,28.8,34.7,82,10.0,50.2,767,111,3.8,Thunderstorm with drizzle,t04d,15
2026-07-03 16:00:00,3.93,27.8,32.5,86,9.6,46.8,725,109,3.2,Thunderstorm with drizzle,t04d,16
2026-07-03 16:15:00,3.93,27.9,32.7,86,9.5,43.4,673,105,2.8,Thunderstorm with drizzle,t04d,16
2026-07-03 16:30:00,3.93,28.0,32.9,86,9.4,40.0,621,102,2.4,Thunderstorm with light rain,t01d,16
2026-07-03 16:45:00,3.93,28.0,33.1,86,9.3,36.6,568,98,2.1,Light rain,r01d,16
2026-07-03 17:00:00,2.69,28.1,33.4,86,9.2,33.2,516,95,1.8,Light rain,r01d,17
2026-07-03 17:15:00,2.68,28.1,33.4,86,9.0,29.9,459,90,1.6,Drizzle,d02d,17
2026-07-03 17:30:00,2.68,28.1,33.2,85,8.8,26.5,402,85,1.4,Overcast clouds,c04d,17
2026-07-03 17:45:00,49.46,28.1,33.0,84,8.6,23.2,345,79,1.3,Overcast clouds,c04d,17
2026-07-03 18:00:00,49.46,28.1,33.0,84,8.4,19.8,288,74,1.2,Overcast clouds,c04d,18
2026-07-03 18:15:00,0.0,27.9,32.5,84,8.4,16.6,235,66,1.0,Overcast clouds,c04d,18
2026-07-03 18:30:00,0.01,27.8,32.2,85,8.4,13.3,181,57,1.0,Overcast clouds,c04d,18
2026-07-03 18:45:00,0.01,27.6,31.9,86,8.4,10.1,128,49,0.9,Overcast clouds,c04d,18
2026-07-03 19:00:00,0.01,27.4,31.4,86,8.4,6.8,74,41,0.8,Overcast clouds,c04d,19
2026-07-03 19:15:00,0.01,27.4,31.4,86,8.3,3.7,56,30,0.8,Overcast clouds,c04d,19
2026-07-03 19:30:00,0.01,27.4,31.3,85,8.2,0.5,37,20,0.8,Overcast clouds,c04n,19
2026-07-03 19:45:00,0.01,27.4,31.1,84,8.1,-2.6,19,10,0.0,Overcast clouds,c04n,19
2026-07-03 20:00:00,0.01,27.4,31.1,84,8.0,-5.8,0,0,0.0,Overcast clouds,c04n,20
2026-07-03 20:15:00,0.0,27.4,31.1,84,7.9,-8.7,0,0,0.0,Overcast clouds,c04n,20
2026-07-03 20:30:00,0.0,27.4,31.3,85,7.8,-11.7,0,0,0.0,Drizzle,d02n,20
2026-07-03 20:45:00,0.0,27.4,31.4,86,7.7,-14.6,0,0,0.0,Drizzle,d02n,20
2026-07-03 21:00:00,0.0,27.4,31.4,86,7.6,-17.6,0,0,0.0,Drizzle,d02n,21
2026-07-03 21:15:00,0.0,27.3,31.1,86,7.5,-20.3,0,0,0.0,Overcast clouds,c04n,21
2026-07-03 21:30:00,0.0,27.2,30.8,86,7.4,-22.9,0,0,0.0,Overcast clouds,c04n,21
2026-07-03 21:45:00,0.0,27.1,30.6,86,7.3,-25.6,0,0,0.0,Overcast clouds,c04n,21
2026-07-03 22:00:00,0.0,27.0,30.3,86,7.2,-28.3,0,0,0.0,Overcast clouds,c04n,22
2026-07-03 22:15:00,0.0,26.9,30.1,86,7.3,-30.5,0,0,0.0,Overcast clouds,c04n,22
2026-07-03 22:30:00,0.0,26.9,30.0,87,7.4,-32.6,0,0,0.0,Overcast clouds,c04n,22
2026-07-03 22:45:00,0.0,26.8,29.9,88,7.5,-34.8,0,0,0.0,Overcast clouds,c04n,22
2026-07-03 23:00:00,0.0,26.7,29.7,88,7.6,-37.0,0,0,0.0,Overcast clouds,c04n,23
2026-07-03 23:15:00,0.01,26.7,29.7,88,7.7,-38.5,0,0,0.0,Overcast clouds,c04n,23
2026-07-03 23:30:00,0.0,26.7,29.7,88,7.8,-39.9,0,0,0.0,Overcast clouds,c04n,23
2026-07-03 23:45:00,0.0,26.7,29.7,88,7.9,-41.4,0,0,0.0,Overcast clouds,c04n,23
2026-07-04 00:00:00,0.0,26.7,29.7,88,8.0,-42.8,0,0,0.0,Overcast clouds,c04n,0
2026-07-04 00:15:00,0.01,26.7,29.7,88,8.0,-43.2,0,0,0.0,Overcast clouds,c04n,0
2026-07-04 00:30:00,0.01,26.7,29.6,87,8.0,-43.6,0,0,0.0,Overcast clouds,c04n,0
2026-07-04 00:45:00,0.0,26.7,29.6,86,8.0,-44.1,0,0,0.0,Overcast clouds,c04n,0
2026-07-04 01:00:00,0.0,26.7,29.6,86,8.0,-44.5,0,0,0.0,Overcast clouds,c04n,1
2026-07-04 01:15:00,0.01,26.6,27.6,86,7.9,-43.7,0,0,0.0,Overcast clouds,c04n,1
2026-07-04 01:30:00,0.01,26.5,27.5,87,7.8,-43.0,0,0,0.0,Overcast clouds,c04n,1
2026-07-04 01:45:00,0.0,26.4,27.4,88,7.7,-42.3,0,0,0.0,Overcast clouds,c04n,1
2026-07-04 02:00:00,0.01,26.3,27.3,88,7.6,-41.6,0,0,0.0,Overcast clouds,c04n,2
2026-07-04 02:15:00,0.0,26.4,27.4,88,7.7,-39.9,0,0,0.0,Overcast clouds,c04n,2
2026-07-04 02:30:00,0.0,26.5,27.5,87,7.8,-38.2,0,0,0.0,Overcast clouds,c04n,2
2026-07-04 02:45:00,0.01,26.6,27.6,86,7.9,-36.5,0,0,0.0,Overcast clouds,c04n,2
2026-07-04 03:00:00,0.0,26.7,29.6,86,8.0,-34.8,0,0,0.0,Overcast clouds,c04n,3
2026-07-04 03:15:00,0.0,26.6,27.6,86,8.0,-32.5,0,0,0.0,Overcast clouds,c04n,3
2026-07-04 03:30:00,0.0,26.5,27.5,87,8.0,-30.2,0,0,0.0,Overcast clouds,c04n,3
2026-07-04 03:45:00,0.01,26.4,27.4,88,8.0,-27.8,0,0,0.0,Overcast clouds,c04n,3
2026-07-04 04:00:00,0.0,26.3,27.3,88,8.0,-25.5,0,0,0.0,Overcast clouds,c04n,4
2026-07-04 04:15:00,0.01,26.3,27.3,88,8.1,-22.7,0,0,0.0,Overcast clouds,c04n,4
2026-07-04 04:30:00,0.0,26.3,27.3,88,8.2,-19.9,0,0,0.0,Overcast clouds,c04n,4
2026-07-04 04:45:00,0.0,26.3,27.3,88,8.3,-17.2,0,0,0.0,Overcast clouds,c04n,4
2026-07-04 05:00:00,0.0,26.3,27.3,88,8.4,-14.4,0,0,0.0,Drizzle,d02n,5
2026-07-04 05:15:00,0.0,26.4,27.4,88,8.7,-11.4,0,0,0.0,Drizzle,d02n,5
2026-07-04 05:30:00,0.0,26.5,27.5,88,9.0,-8.4,0,0,0.0,Drizzle,d02n,5
2026-07-04 05:45:00,0.01,26.6,27.6,88,9.3,-5.4,0,0,0.0,Overcast clouds,c04n,5
2026-07-04 06:00:00,0.11,26.7,29.7,88,9.6,-2.4,0,0,0.0,Overcast clouds,c04n,6
2026-07-04 06:15:00,0.89,26.7,29.7,88,9.7,0.8,32,13,0.7,Overcast clouds,c04n,6
2026-07-04 06:30:00,3.46,26.7,29.7,88,9.8,4.0,64,26,0.7,Overcast clouds,c04d,6
2026-07-04 06:45:00,19.55,26.7,29.7,88,9.9,7.2,97,39,0.7,Overcast clouds,c04d,6
2026-07-04 07:00:00,12.33,26.7,29.7,88,10.0,10.4,129,52,0.7,Overcast clouds,c04d,7
2026-07-04 07:15:00,6.76,26.7,29.7,88,10.2,13.7,185,59,0.8,Overcast clouds,c04d,7
2026-07-04 07:30:00,14.57,26.7,29.7,88,10.4,16.9,240,67,1.0,Drizzle,d02d,7
2026-07-04 07:45:00,15.08,26.7,29.7,88,10.6,20.2,296,74,1.1,Overcast clouds,c04d,7
2026-07-04 08:00:00,53.74,26.7,29.7,88,10.8,23.5,352,81,1.3,Overcast clouds,c04d,8
2026-07-04 08:15:00,73.19,26.6,27.6,88,10.9,26.9,408,85,1.3,Overcast clouds,c04d,8
2026-07-04 08:30:00,59.1,26.5,27.5,88,11.0,30.2,464,90,1.4,Overcast clouds,c04d,8
2026-07-04 08:45:00,67.41,26.4,27.4,88,11.1,33.6,521,95,1.5,Overcast clouds,c04d,8
2026-07-04 09:00:00,29.18,26.3,27.3,88,11.2,36.9,577,99,1.5,Drizzle,d02d,9
2026-07-04 09:15:00,39.12,26.8,29.7,86,11.7,40.3,627,102,1.7,Drizzle,d02d,9
2026-07-04 09:30:00,36.77,27.2,30.6,84,12.2,43.7,677,105,1.8,Drizzle,d02d,9
2026-07-04 09:45:00,35.98,27.7,31.5,82,12.7,47.1,727,109,2.0,Drizzle,d02d,9
2026-07-04 10:00:00,59.47,28.1,32.4,80,13.2,50.5,776,112,2.1,Drizzle,d02d,10
2026-07-04 10:15:00,118.21,28.1,32.4,80,13.0,54.0,815,114,2.3,Drizzle,d02d,10
2026-07-04 10:30:00,160.38,28.1,32.5,81,12.8,57.4,853,116,2.5,Drizzle,d02d,10
2026-07-04 10:45:00,131.07,28.1,32.7,82,12.6,60.8,892,118,2.8,Overcast clouds,c04d,10
2026-07-04 11:00:00,111.94,28.1,32.7,82,12.4,64.3,930,120,3.0,Overcast clouds,c04d,11
2026-07-04 11:15:00,101.04,28.0,32.5,82,12.2,67.7,953,121,3.1,Overcast clouds,c04d,11
2026-07-04 11:30:00,3.94,28.0,32.4,83,12.0,71.2,977,122,3.3,Overcast clouds,c04d,11
2026-07-04 11:45:00,4.02,27.9,32.4,84,11.8,74.6,1000,123,3.4,Overcast clouds,c04d,11
2026-07-04 12:00:00,4.01,27.8,32.2,84,11.6,78.1,1024,124,3.6,Drizzle,d02d,12
2026-07-04 12:15:00,3.95,27.6,31.8,85,11.6,80.6,1030,125,3.6,Light rain,r01d,12
2026-07-04 12:30:00,3.92,27.4,31.4,86,11.6,83.1,1036,125,3.7,Light rain,r01d,12
2026-07-04 12:45:00,79.84,27.2,31.0,87,11.6,85.6,1043,125,3.7,Light rain,r01d,12
2026-07-04 13:00:00,145.34,27.0,30.5,88,11.6,88.1,1049,125,3.7,Moderate rain,r02d,13
2026-07-04 13:15:00,36.35,26.8,30.1,89,11.6,84.6,1038,125,3.7,Moderate rain,r02d,13
2026-07-04 13:30:00,22.43,26.7,27.7,90,11.6,81.2,1027,124,3.6,Moderate rain,r02d,13
2026-07-04 13:45:00,47.12,26.5,27.6,91,11.6,77.7,1016,124,3.5,Thunderstorm with rain,t02d,13
2026-07-04 14:00:00,27.14,26.3,27.4,92,11.6,74.3,1004,123,3.4,Thunderstorm with rain,t02d,14
2026-07-04 14:15:00,20.16,26.3,27.4,92,11.2,70.8,977,122,3.3,Moderate rain,r02d,14
2026-07-04 14:30:00,24.07,26.3,27.4,92,10.8,67.4,949,121,3.1,Light rain,r01d,14
2026-07-04 14:45:00,52.94,26.3,27.4,92,10.4,63.9,921,119,2.9,Light rain,r01d,14
2026-07-04 15:00:00,86.38,26.3,27.4,92,10.0,60.5,893,118,2.7,Drizzle,d02d,15
2026-07-04 15:15:00,5.56,26.6,27.7,92,10.7,57.1,851,116,2.5,Light rain,r01d,15
2026-07-04 15:30:00,3.92,26.9,30.4,91,11.4,53.6,809,113,2.3,Light rain,r01d,15
2026-07-04 15:45:00,4.0,27.1,31.1,90,12.1,50.2,767,111,2.1,Thunderstorm with light rain,t01d,15
2026-07-04 16:00:00,3.87,27.4,31.9,90,12.8,46.8,725,109,1.9,Thunderstorm with drizzle,t04d,16
2026-07-04 16:15:00,3.92,27.5,31.9,88,12.8,43.4,673,105,1.7,Thunderstorm with drizzle,t04d,16
2026-07-04 16:30:00,3.95,27.6,32.1,87,12.8,40.0,621,102,1.5,Thunderstorm with drizzle,t04d,16
2026-07-04 16:45:00,3.88,27.7,32.2,86,12.8,36.6,569,98,1.4,Thunderstorm with light rain,t01d,16
2026-07-04 17:00:00,3.92,27.8,32.2,84,12.8,33.2,516,95,1.2,Thunderstorm with light rain,t01d,17
2026-07-04 17:15:00,3.93,27.4,31.5,86,13.0,29.9,459,90,1.1,Thunderstorm with light rain,t01d,17
2026-07-04 17:30:00,3.89,27.1,30.6,87,13.2,26.5,402,85,1.0,Thunderstorm with light rain,t01d,17
2026-07-04 17:45:00,3.92,26.7,29.7,88,13.4,23.2,345,79,0.9,Light rain,r01d,17
2026-07-04 18:00:00,17.08,26.3,27.3,90,13.6,19.9,288,74,0.8,Light rain,r01d,18
2026-07-04 18:15:00,11.26,26.4,27.4,90,14.3,16.6,235,66,0.7,Drizzle,d02d,18
2026-07-04 18:30:00,3.92,26.5,27.5,89,15.0,13.3,181,57,0.7,Drizzle,d02d,18
2026-07-04 18:45:00,6.31,26.6,27.6,88,15.7,10.1,128,49,0.7,Overcast clouds,c04d,18
2026-07-04 19:00:00,3.16,26.7,29.7,88,16.4,6.8,74,41,0.6,Overcast clouds,c04d,19
2026-07-04 19:15:00,1.86,26.7,29.7,88,15.8,3.7,56,30,0.6,Overcast clouds,c04d,19
2026-07-04 19:30:00,0.24,26.7,29.7,88,15.2,0.5,37,20,0.6,Overcast clouds,c04n,19
2026-07-04 19:45:00,0.04,26.7,29.7,88,14.6,-2.6,19,10,0.0,Overcast clouds,c04n,19
2026-07-04 20:00:00,0.0,26.7,29.7,88,14.0,-5.8,0,0,0.0,Overcast clouds,c04n,20
2026-07-04 20:15:00,0.0,26.6,27.6,88,14.1,-8.7,0,0,0.0,Overcast clouds,c04n,20
2026-07-04 20:30:00,0.0,26.5,27.5,89,14.2,-11.7,0,0,0.0,Overcast clouds,c04n,20
2026-07-04 20:45:00,0.0,26.4,27.4,90,14.3,-14.7,0,0,0.0,Overcast clouds,c04n,20
2026-07-04 21:00:00,0.0,26.3,27.3,90,14.4,-17.6,0,0,0.0,Overcast clouds,c04n,21
2026-07-04 21:15:00,0.0,26.2,27.2,90,14.6,-20.3,0,0,0.0,Overcast clouds,c04n,21
2026-07-04 21:30:00,0.0,26.1,27.1,91,14.8,-23.0,0,0,0.0,Overcast clouds,c04n,21
2026-07-04 21:45:00,0.0,26.0,27.1,92,15.0,-25.6,0,0,0.0,Overcast clouds,c04n,21
2026-07-04 22:00:00,0.0,25.9,26.9,92,15.2,-28.3,0,0,0.0,Overcast clouds,c04n,22
2026-07-04 22:15:00,0.0,25.9,26.9,92,15.4,-30.5,0,0,0.0,Overcast clouds,c04n,22
2026-07-04 22:30:00,0.0,25.9,26.9,92,15.6,-32.7,0,0,0.0,Drizzle,d02n,22
2026-07-04 22:45:00,0.0,25.9,26.9,92,15.8,-34.9,0,0,0.0,Drizzle,d02n,22
2026-07-04 23:00:00,0.0,25.9,26.9,92,16.0,-37.1,0,0,0.0,Light rain,r01n,23
2026-07-04 23:15:00,0.0,25.8,26.9,92,15.8,-38.5,0,0,0.0,Drizzle,d02n,23
2026-07-04 23:30:00,0.0,25.8,26.8,93,15.6,-40.0,0,0,0.0,Drizzle,d02n,23
2026-07-04 23:45:00,0.0,25.7,26.8,94,15.4,-41.4,0,0,0.0,Drizzle,d02n,23
2026-07-05 00:00:00,0.0,25.6,26.7,94,15.2,-42.9,0,0,0.0,Drizzle,d02n,0
2026-07-05 00:15:00,0.0,25.6,26.7,94,15.0,-43.3,0,0,0.0,Light rain,r01n,0
2026-07-05 00:30:00,0.01,25.6,26.7,94,14.8,-43.7,0,0,0.0,Light rain,r01n,0
2026-07-05 00:45:00,0.01,25.6,26.7,94,14.6,-44.1,0,0,0.0,Light rain,r01n,0
2026-07-05 01:00:00,0.0,25.6,26.7,94,14.4,-44.6,0,0,0.0,Light rain,r01n,1
2026-07-05 01:15:00,0.0,25.6,26.7,94,14.0,-43.8,0,0,0.0,Light rain,r01n,1
2026-07-05 01:30:00,0.0,25.6,26.7,94,13.6,-43.1,0,0,0.0,Light rain,r01n,1
2026-07-05 01:45:00,0.0,25.6,26.7,94,13.2,-42.4,0,0,0.0,Light rain,r01n,1
2026-07-05 02:00:00,0.01,25.6,26.7,94,12.8,-41.7,0,0,0.0,Light rain,r01n,2
2026-07-05 02:15:00,0.0,25.6,26.7,94,14.2,-40.0,0,0,0.0,Light rain,r01n,2
2026-07-05 02:30:00,0.0,25.6,26.7,95,15.6,-38.3,0,0,0.0,Light rain,r01n,2
2026-07-05 02:45:00,0.01,25.6,26.7,96,17.0,-36.6,0,0,0.0,Light rain,r01n,2
2026-07-05 03:00:00,0.0,25.6,26.7,96,18.4,-34.9,0,0,0.0,Light rain,r01n,3
2026-07-05 03:15:00,0.0,25.6,26.7,96,18.9,-32.6,0,0,0.0,Light rain,r01n,3
2026-07-05 03:30:00,0.0,25.6,26.7,96,19.4,-30.2,0,0,0.0,Light rain,r01n,3
2026-07-05 03:45:00,0.01,25.6,26.7,96,19.9,-27.9,0,0,0.0,Light rain,r01n,3
2026-07-05 04:00:00,0.0,25.6,26.7,96,20.4,-25.6,0,0,0.0,Light rain,r01n,4
2026-07-05 04:15:00,0.0,25.6,26.7,96,20.5,-22.8,0,0,0.0,Light rain,r01n,4
2026-07-05 04:30:00,0.0,25.6,26.7,96,20.6,-20.0,0,0,0.0,Moderate rain,r02n,4
2026-07-05 04:45:00,0.0,25.6,26.7,96,20.7,-17.3,0,0,0.0,Light rain,r01n,4
2026-07-05 05:00:00,0.0,25.6,26.7,96,20.8,-14.5,0,0,0.0,Light rain,r01n,5
2026-07-05 05:15:00,0.0,25.6,26.7,95,20.4,-11.5,0,0,0.0,Light rain,r01n,5
2026-07-05 05:30:00,0.0,25.6,26.7,94,20.0,-8.5,0,0,0.0,Moderate rain,r02n,5
2026-07-05 05:45:00,0.01,25.6,26.6,93,19.6,-5.4,0,0,0.0,Light rain,r01n,5
2026-07-05 06:00:00,0.01,25.6,26.6,92,19.2,-2.4,0,0,0.0,Light rain,r01n,6
2026-07-05 06:15:00,0.0,25.6,26.6,92,18.0,0.8,32,13,0.6,Light rain,r01n,6
2026-07-05 06:30:00,0.84,25.6,26.6,92,16.8,3.9,64,26,0.6,Moderate rain,r02d,6
2026-07-05 06:45:00,0.72,25.6,26.6,92,15.6,7.1,96,39,0.6,Moderate rain,r02d,6
2026-07-05 07:00:00,1.42,25.6,26.6,92,14.4,10.3,128,52,0.7,Moderate rain,r02d,7
2026-07-05 07:15:00,2.24,25.6,26.6,92,13.2,13.6,183,59,0.7,Thunderstorm with rain,t02d,7
2026-07-05 07:30:00,3.47,25.6,26.6,93,12.0,16.9,239,66,0.7,Moderate rain,r02d,7
2026-07-05 07:45:00,9.24,25.6,26.7,94,10.8,20.2,295,74,0.8,Moderate rain,r02d,7
2026-07-05 08:00:00,10.68,25.6,26.7,94,9.6,23.5,350,81,0.9,Light rain,r01d,8
2026-07-05 08:15:00,5.56,25.5,26.6,94,9.4,26.8,407,85,1.0,Light rain,r01d,8
2026-07-05 08:30:00,1.66,25.4,26.5,95,9.2,30.2,463,90,1.1,Light rain,r01d,8
2026-07-05 08:45:00,3.0,25.3,26.4,96,9.0,33.5,520,95,1.2,Light rain,r01d,8
2026-07-05 09:00:00,3.79,25.2,26.3,96,8.8,36.9,576,99,1.4,Light rain,r01d,9
2026-07-05 09:15:00,5.64,25.5,26.6,95,8.9,40.3,626,102,1.5,Moderate rain,r02d,9
2026-07-05 09:30:00,3.86,25.8,26.8,94,9.0,43.7,676,105,1.7,Moderate rain,r02d,9
2026-07-05 09:45:00,8.49,26.0,27.1,93,9.1,47.1,726,108,1.9,Moderate rain,r02d,9
2026-07-05 10:00:00,22.23,26.3,27.4,92,9.2,50.5,776,112,2.1,Moderate rain,r02d,10
2026-07-05 10:15:00,26.79,26.1,27.2,93,9.4,53.9,814,114,2.3,Moderate rain,r02d,10
2026-07-05 10:30:00,34.04,26.0,27.1,94,9.6,57.4,853,116,2.5,Light rain,r01d,10
2026-07-05 10:45:00,36.86,25.8,26.9,95,9.8,60.8,891,118,2.7,Light rain,r01d,10
2026-07-05 11:00:00,37.96,25.6,26.7,96,10.0,64.2,930,120,3.0,Light rain,r01d,11
2026-07-05 11:15:00,25.72,25.5,26.6,96,10.3,67.7,953,121,3.1,Light rain,r01d,11
2026-07-05 11:30:00,55.22,25.4,26.5,96,10.6,71.1,976,122,3.3,Drizzle,d02d,11
2026-07-05 11:45:00,57.48,25.3,26.4,96,10.9,74.6,1000,123,3.4,Light rain,r01d,11
2026-07-05 12:00:00,88.54,25.2,26.3,96,11.2,78.0,1023,124,3.6,Light rain,r01d,12
2026-07-05 12:15:00,41.06,25.3,26.4,96,11.5,80.6,1030,125,3.6,Light rain,r01d,12
2026-07-05 12:30:00,65.77,25.4,26.5,95,11.8,83.1,1036,125,3.7,Light rain,r01d,12
2026-07-05 12:45:00,39.89,25.5,26.6,94,12.1,85.6,1043,125,3.7,Light rain,r01d,12
2026-07-05 13:00:00,77.34,25.6,26.7,94,12.4,88.1,1049,125,3.7,Light rain,r01d,13
2026-07-05 13:15:00,44.66,25.6,26.7,94,12.4,84.7,1038,125,3.7,Light rain,r01d,13
2026-07-05 13:30:00,44.83,25.6,26.7,94,12.4,81.2,1027,124,3.6,Light rain,r01d,13
2026-07-05 13:45:00,60.77,25.6,26.7,94,12.4,77.8,1016,124,3.5,Light rain,r01d,13
2026-07-05 14:00:00,49.44,25.6,26.7,94,12.4,74.3,1005,123,3.4,Light rain,r01d,14
2026-07-05 14:15:00,36.73,25.6,26.7,94,12.7,70.9,977,122,3.3,Light rain,r01d,14
2026-07-05 14:30:00,25.24,25.6,26.7,94,13.0,67.4,949,121,3.1,Light rain,r01d,14
2026-07-05 14:45:00,16.37,25.6,26.7,94,13.3,64.0,921,119,2.9,Light rain,r01d,14
2026-07-05 15:00:00,25.13,25.6,26.7,94,13.6,60.5,893,118,2.7,Light rain,r01d,15
2026-07-05 15:15:00,26.26,25.8,26.9,94,13.5,57.1,852,116,2.5,Light rain,r01d,15
2026-07-05 15:30:00,14.94,26.0,27.0,93,13.4,53.7,810,113,2.3,Light rain,r01d,15
2026-07-05 15:45:00,30.04,26.1,27.2,92,13.3,50.2,768,111,2.1,Light rain,r01d,15
2026-07-05 16:00:00,29.19,26.3,27.4,92,13.2,46.8,726,109,1.9,Light rain,r01d,16
2026-07-05 16:15:00,21.74,26.3,27.4,92,13.2,43.4,673,105,1.7,Light rain,r01d,16
2026-07-05 16:30:00,9.57,26.3,27.4,93,13.2,40.0,621,102,1.5,Drizzle,d02d,16
2026-07-05 16:45:00,8.69,26.3,27.4,94,13.2,36.6,569,98,1.4,Drizzle,d02d,16
2026-07-05 17:00:00,16.21,26.3,27.4,94,13.2,33.2,517,95,1.2,Drizzle,d02d,17
2026-07-05 17:15:00,15.93,26.1,27.2,94,13.2,29.9,460,90,1.1,Light rain,r01d,17
2026-07-05 17:30:00,26.67,26.0,27.1,94,13.2,26.6,403,85,1.0,Light rain,r01d,17
2026-07-05 17:45:00,18.4,25.8,26.9,94,13.2,23.2,346,79,0.9,Light rain,r01d,17
2026-07-05 18:00:00,19.85,25.6,26.7,94,13.2,19.9,288,74,0.8,Light rain,r01d,18
2026-07-05 18:15:00,21.19,25.7,26.8,94,13.0,16.6,235,66,0.7,Light rain,r01d,18
2026-07-05 18:30:00,20.93,25.8,26.8,93,12.8,13.3,181,57,0.7,Light rain,r01d,18
2026-07-05 18:45:00,14.78,25.8,26.9,92,12.6,10.1,128,49,0.7,Thunderstorm with light rain,t01d,18
2026-07-05 19:00:00,6.98,25.9,26.9,92,12.4,6.8,74,41,0.6,Thunderstorm with light rain,t01d,19
2026-07-05 19:15:00,4.69,25.9,26.9,92,12.1,3.7,56,30,0.6,Thunderstorm with light rain,t01d,19
2026-07-05 19:30:00,1.41,25.9,27.0,93,11.8,0.5,37,20,0.6,Thunderstorm with drizzle,t04n,19
2026-07-05 19:45:00,0.05,25.9,27.0,94,11.5,-2.6,19,10,0.0,Thunderstorm with drizzle,t04n,19
2026-07-05 20:00:00,0.0,25.9,27.0,94,11.2,-5.8,0,0,0.0,Thunderstorm with drizzle,t04n,20
2026-07-05 20:15:00,0.0,26.0,27.1,94,11.0,-8.7,0,0,0.0,Thunderstorm with drizzle,t04n,20
2026-07-05 20:30:00,0.0,26.1,27.2,94,10.8,-11.7,0,0,0.0,Thunderstorm with drizzle,t04n,20
2026-07-05 20:45:00,0.0,26.2,27.3,94,10.6,-14.7,0,0,0.0,Thunderstorm with drizzle,t04n,20
2026-07-05 21:00:00,0.0,26.3,27.4,94,10.4,-17.6,0,0,0.0,Light rain,r01n,21
2026-07-05 21:15:00,0.0,26.2,27.3,94,10.3,-20.3,0,0,0.0,Light rain,r01n,21
2026-07-05 21:30:00,0.0,26.1,27.2,95,10.2,-23.0,0,0,0.0,Thunderstorm with light rain,t01n,21
2026-07-05 21:45:00,0.0,26.0,27.2,96,10.1,-25.7,0,0,0.0,Thunderstorm with light rain,t01n,21
2026-07-05 22:00:00,0.0,25.9,27.1,96,10.0,-28.3,0,0,0.0,Thunderstorm with light rain,t01n,22
2026-07-05 22:15:00,0.0,25.8,27.0,96,9.8,-30.5,0,0,0.0,Thunderstorm with light rain,t01n,22
2026-07-05 22:30:00,0.0,25.8,26.9,97,9.6,-32.7,0,0,0.0,Thunderstorm with light rain,t01n,22
2026-07-05 22:45:00,0.0,25.7,26.9,98,9.4,-34.9,0,0,0.0,Thunderstorm with light rain,t01n,22
2026-07-05 23:00:00,0.0,25.6,26.8,98,9.2,-37.1,0,0,0.0,Thunderstorm with light rain,t01n,23
2026-07-05 23:15:00,0.0,25.6,26.8,98,8.6,-38.6,0,0,0.0,Thunderstorm with light rain,t01n,23
2026-07-05 23:30:00,0.0,25.6,26.8,98,8.0,-40.1,0,0,0.0,Thunderstorm with light rain,t01n,23
2026-07-05 23:45:00,0.0,25.6,26.8,98,7.4,-41.5,0,0,0.0,Thunderstorm with light rain,t01n,23
2026-07-06 00:00:00,0.0,25.6,26.8,98,6.8,-43.0,0,0,0.0,Thunderstorm with light rain,t01n,0
2026-07-06 00:15:00,0.0,25.6,26.8,98,6.1,-43.4,0,0,0.0,Light rain,r01n,0
2026-07-06 00:30:00,0.0,25.6,26.8,98,5.4,-43.8,0,0,0.0,Light rain,r01n,0
2026-07-06 00:45:00,0.0,25.6,26.8,98,4.7,-44.2,0,0,0.0,Moderate rain,r02n,0
2026-07-06 01:00:00,0.0,25.6,26.8,98,4.0,-44.7,0,0,0.0,Heavy rain,r03n,1
2026-07-06 01:15:00,0.0,25.6,26.8,98,3.7,-43.9,0,0,0.0,Heavy rain,r03n,1
2026-07-06 01:30:00,0.01,25.6,26.8,98,3.4,-43.2,0,0,0.0,Thunderstorm with rain,t02n,1
2026-07-06 01:45:00,0.0,25.6,26.8,98,3.1,-42.5,0,0,0.0,Thunderstorm with heavy rain,t03n,1
2026-07-06 02:00:00,0.01,25.6,26.8,98,2.8,-41.8,0,0,0.0,Thunderstorm with heavy rain,t03n,2
2026-07-06 02:15:00,0.01,25.6,26.8,98,3.6,-40.1,0,0,0.0,Thunderstorm with heavy rain,t03n,2
2026-07-06 02:30:00,0.01,25.6,26.8,98,4.4,-38.4,0,0,0.0,Thunderstorm with heavy rain,t03n,2
2026-07-06 02:45:00,0.0,25.6,26.8,98,5.2,-36.7,0,0,0.0,Heavy rain,r03n,2
2026-07-06 03:00:00,0.0,25.6,26.8,98,6.0,-35.0,0,0,0.0,Thunderstorm with heavy rain,t03n,3
2026-07-06 03:15:00,0.01,25.6,26.8,98,6.0,-32.7,0,0,0.0,Thunderstorm with rain,t02n,3
2026-07-06 03:30:00,0.01,25.6,26.8,98,6.0,-30.3,0,0,0.0,Thunderstorm with rain,t02n,3
2026-07-06 03:45:00,0.01,25.6,26.8,98,6.0,-28.0,0,0,0.0,Moderate rain,r02n,3
2026-07-06 04:00:00,0.01,25.6,26.8,98,6.0,-25.7,0,0,0.0,Light rain,r01n,4
2026-07-06 04:15:00,0.01,25.6,26.8,98,5.8,-22.9,0,0,0.0,Light rain,r01n,4
2026-07-06 04:30:00,0.01,25.6,26.8,98,5.6,-20.1,0,0,0.0,Light rain,r01n,4
2026-07-06 04:45:00,0.0,25.6,26.8,98,5.4,-17.4,0,0,0.0,Light rain,r01n,4
2026-07-06 05:00:00,0.0,25.6,26.8,98,5.2,-14.6,0,0,0.0,Light rain,r01n,5
2026-07-06 05:15:00,0.01,25.9,27.1,98,5.2,-11.6,0,0,0.0,Drizzle,d02n,5
2026-07-06 05:30:00,0.01,26.2,27.4,97,5.2,-8.5,0,0,0.0,Drizzle,d02n,5
2026-07-06 05:45:00,0.01,26.4,27.6,96,5.2,-5.5,0,0,0.0,Drizzle,d02n,5
2026-07-06 06:00:00,0.01,26.7,30.4,96,5.2,-2.5,0,0,0.0,Drizzle,d02n,6
2026-07-06 06:15:00,0.08,26.7,30.4,96,5.3,0.7,32,13,0.6,Overcast clouds,c04n,6
2026-07-06 06:30:00,1.16,26.7,30.4,96,5.4,3.9,63,26,0.6,Overcast clouds,c04d,6
2026-07-06 06:45:00,1.85,26.7,30.4,96,5.5,7.0,95,39,0.6,Overcast clouds,c04d,6
2026-07-06 07:00:00,6.14,26.7,30.4,96,5.6,10.2,127,52,0.7,Overcast clouds,c04d,7
2026-07-06 07:15:00,12.09,26.8,30.7,96,5.7,13.5,182,59,0.7,Overcast clouds,c04d,7
2026-07-06 07:30:00,15.2,26.9,30.8,95,5.8,16.8,238,66,0.7,Overcast clouds,c04d,7
2026-07-06 07:45:00,20.42,26.9,30.9,94,5.9,20.1,294,73,0.8,Drizzle,d02d,7
2026-07-06 08:00:00,22.5,27.0,31.2,94,6.0,23.4,349,81,0.9,Light rain,r01d,8
2026-07-06 08:15:00,13.02,27.0,31.2,94,6.1,26.7,406,85,1.0,Light rain,r01d,8
2026-07-06 08:30:00,11.08,27.0,31.1,93,6.2,30.1,462,90,1.1,Light rain,r01d,8
2026-07-06 08:45:00,5.06,27.0,30.9,92,6.3,33.5,519,94,1.2,Light rain,r01d,8
2026-07-06 09:00:00,24.15,27.0,30.9,92,6.4,36.8,575,99,1.4,Light rain,r01d,9
2026-07-06 09:15:00,18.11,27.4,31.8,90,6.7,40.2,625,102,1.6,Light rain,r01d,9
2026-07-06 09:30:00,16.1,27.8,32.7,88,7.0,43.6,675,105,1.8,Drizzle,d02d,9
2026-07-06 09:45:00,35.94,28.1,33.4,86,7.3,47.0,725,108,2.0,Overcast clouds,c04d,9
2026-07-06 10:00:00,31.7,28.5,34.1,84,7.6,50.4,775,112,2.2,Overcast clouds,c04d,10
2026-07-06 10:15:00,44.19,28.6,34.4,84,7.5,53.9,814,114,2.4,Overcast clouds,c04d,10
2026-07-06 10:30:00,60.87,28.7,34.5,83,7.4,57.3,852,116,2.7,Overcast clouds,c04d,10
2026-07-06 10:45:00,34.76,28.8,34.6,82,7.3,60.7,891,118,2.9,Overcast clouds,c04d,10
2026-07-06 11:00:00,29.43,28.9,34.9,82,7.2,64.2,929,120,3.1,Drizzle,d02d,11
2026-07-06 11:15:00,17.39,29.0,35.2,82,7.2,67.6,953,121,3.3,Overcast clouds,c04d,11
2026-07-06 11:30:00,24.84,29.1,35.2,81,7.2,71.1,976,122,3.3,Overcast clouds,c04d,11
2026-07-06 11:45:00,59.17,29.2,35.3,80,7.2,74.5,1000,123,3.4,Overcast clouds,c04d,11
2026-07-06 12:00:00,96.72,29.3,35.6,80,7.2,78.0,1023,124,3.6,Drizzle,d02d,12
2026-07-06 12:15:00,120.28,29.5,36.1,80,7.2,80.5,1030,125,3.6,Drizzle,d02d,12
2026-07-06 12:30:00,91.0,29.7,36.6,80,7.2,83.1,1036,125,3.7,Drizzle,d02d,12
2026-07-06 12:45:00,82.39,29.8,36.9,79,7.2,85.6,1043,125,3.8,Overcast clouds,c04d,12
2026-07-06 13:00:00,75.73,30.0,37.4,79,7.2,88.2,1049,125,3.8,Overcast clouds,c04d,13
2026-07-06 13:15:00,95.38,29.6,36.5,80,7.6,84.7,1038,125,3.8,Overcast clouds,c04d,13
2026-07-06 13:30:00,96.47,29.3,35.4,80,8.0,81.3,1027,124,3.6,Overcast clouds,c04d,13
2026-07-06 13:45:00,86.13,28.9,34.6,81,8.4,77.8,1016,124,3.5,Overcast clouds,c04d,13
2026-07-06 14:00:00,5.07,28.5,33.8,82,8.8,74.3,1005,123,3.4,Drizzle,d02d,14
2026-07-06 14:15:00,3.95,28.3,33.6,84,8.4,70.9,977,122,3.3,Overcast clouds,c04d,14
2026-07-06 14:30:00,3.85,28.2,33.3,85,8.0,67.4,949,121,3.1,Overcast clouds,c04d,14
2026-07-06 14:45:00,3.91,28.0,33.0,86,7.6,64.0,922,119,2.9,Overcast clouds,c04d,14
2026-07-06 15:00:00,3.86,27.8,32.8,88,7.2,60.5,894,118,2.7,Overcast clouds,c04d,15
2026-07-06 15:15:00,3.83,27.7,32.7,89,7.5,57.1,852,116,2.5,Overcast clouds,c04d,15
2026-07-06 15:30:00,3.94,27.6,32.5,90,7.8,53.7,810,113,2.3,Overcast clouds,c04d,15
2026-07-06 15:45:00,3.86,27.5,32.3,91,8.1,50.3,768,111,2.1,Overcast clouds,c04d,15
2026-07-06 16:00:00,3.97,27.4,32.2,92,8.4,46.8,726,109,1.9,Overcast clouds,c04d,16
2026-07-06 16:15:00,3.88,27.5,32.5,92,8.2,43.4,674,105,1.7,Thunderstorm with light rain,t01d,16
2026-07-06 16:30:00,3.9,27.6,32.8,92,8.0,40.0,622,102,1.5,Thunderstorm with light rain,t01d,16
2026-07-06 16:45:00,3.85,27.7,33.1,92,7.8,36.6,569,98,1.4,Thunderstorm with light rain,t01d,16
2026-07-06 17:00:00,4.25,27.8,33.4,92,7.6,33.3,517,95,1.2,Thunderstorm with light rain,t01d,17
2026-07-06 17:15:00,3.86,27.7,33.0,91,7.5,29.9,460,90,1.1,Thunderstorm with light rain,t01d,17
2026-07-06 17:30:00,3.85,27.6,32.5,90,7.4,26.6,403,85,1.0,Thunderstorm with light rain,t01d,17
2026-07-06 17:45:00,3.88,27.5,32.1,89,7.3,23.2,346,80,0.9,Thunderstorm with light rain,t01d,17
2026-07-06 18:00:00,3.87,27.4,31.6,88,7.2,19.9,289,74,0.8,Thunderstorm with rain,t02d,18
2026-07-06 18:15:00,3.96,27.3,31.4,88,7.1,16.6,235,66,0.7,Thunderstorm with light rain,t01d,18
2026-07-06 18:30:00,3.83,27.2,31.2,89,7.0,13.3,182,57,0.7,Thunderstorm with light rain,t01d,18
2026-07-06 18:45:00,3.89,27.1,31.0,90,6.9,10.1,128,49,0.7,Light rain,r01d,18
2026-07-06 19:00:00,3.9,27.0,30.7,90,6.8,6.8,74,41,0.6,Light rain,r01d,19
2026-07-06 19:15:00,3.89,27.0,30.7,90,6.9,3.7,56,30,0.6,Light rain,r01d,19
2026-07-06 19:30:00,1.99,27.0,30.7,90,7.0,0.5,37,20,0.6,Light rain,r01n,19
2026-07-06 19:45:00,0.17,27.0,30.7,90,7.1,-2.6,19,10,0.0,Light rain,r01n,19
2026-07-06 20:00:00,0.02,27.0,30.7,90,7.2,-5.8,0,0,0.0,Light rain,r01n,20
2026-07-06 20:15:00,0.0,27.0,30.7,90,7.1,-8.8,0,0,0.0,Drizzle,d02n,20
2026-07-06 20:30:00,0.0,27.0,30.7,90,7.0,-11.7,0,0,0.0,Drizzle,d02n,20
2026-07-06 20:45:00,0.0,27.0,30.7,90,6.9,-14.7,0,0,0.0,Drizzle,d02n,20
2026-07-06 21:00:00,0.0,27.0,30.7,90,6.8,-17.7,0,0,0.0,Drizzle,d02n,21
2026-07-06 21:15:00,0.0,26.9,30.5,90,6.6,-20.3,0,0,0.0,Overcast clouds,c04n,21
2026-07-06 21:30:00,0.0,26.9,30.4,91,6.4,-23.0,0,0,0.0,Overcast clouds,c04n,21
2026-07-06 21:45:00,0.0,26.8,30.3,92,6.2,-25.7,0,0,0.0,Overcast clouds,c04n,21
2026-07-06 22:00:00,0.0,26.7,30.1,92,6.0,-28.4,0,0,0.0,Overcast clouds,c04n,22
2026-07-06 22:15:00,0.0,26.7,30.1,92,6.0,-30.6,0,0,0.0,Overcast clouds,c04n,22
2026-07-06 22:30:00,0.0,26.7,30.1,92,6.0,-32.8,0,0,0.0,Overcast clouds,c04n,22
2026-07-06 22:45:00,0.0,26.7,30.1,92,6.0,-35.0,0,0,0.0,Overcast clouds,c04n,22
2026-07-06 23:00:00,0.0,26.7,30.1,92,6.0,-37.2,0,0,0.0,Overcast clouds,c04n,23
2026-07-06 23:15:00,0.0,26.6,27.7,92,6.1,-38.7,0,0,0.0,Overcast clouds,c04n,23
2026-07-06 23:30:00,0.0,26.5,27.6,92,6.2,-40.1,0,0,0.0,Overcast clouds,c04n,23
2026-07-06 23:45:00,0.0,26.4,27.5,92,6.3,-41.6,0,0,0.0,Overcast clouds,c04n,23
2026-07-07 00:00:00,0.0,26.3,27.4,92,6.4,-43.1,0,0,0.0,Overcast clouds,c04n,0
2026-07-07 00:15:00,0.0,26.2,27.3,92,6.3,-43.5,0,0,0.0,Overcast clouds,c04n,0
2026-07-07 00:30:00,0.0,26.1,27.2,93,6.2,-43.9,0,0,0.0,Overcast clouds,c04n,0
2026-07-07 00:45:00,0.0,26.0,27.1,94,6.1,-44.3,0,0,0.0,Overcast clouds,c04n,0
2026-07-07 01:00:00,0.0,25.9,27.0,94,6.0,-44.8,0,0,0.0,Overcast clouds,c04n,1
2026-07-07 01:15:00,0.0,25.8,26.9,94,6.0,-44.1,0,0,0.0,Overcast clouds,c04n,1
2026-07-07 01:30:00,0.0,25.8,26.9,95,6.0,-43.3,0,0,0.0,Overcast clouds,c04n,1
2026-07-07 01:45:00,0.0,25.7,26.8,96,6.0,-42.6,0,0,0.0,Overcast clouds,c04n,1
2026-07-07 02:00:00,0.0,25.6,26.7,96,6.0,-41.9,0,0,0.0,Overcast clouds,c04n,2
2026-07-07 02:15:00,0.0,25.5,26.6,96,5.9,-40.2,0,0,0.0,Overcast clouds,c04n,2
2026-07-07 02:30:00,0.0,25.4,26.5,97,5.8,-38.5,0,0,0.0,Fog,a05n,2
2026-07-07 02:45:00,0.0,25.3,26.4,98,5.7,-36.8,0,0,0.0,Fog,a05n,2
2026-07-07 03:00:00,0.0,25.2,26.3,98,5.6,-35.2,0,0,0.0,Fog,a05n,3
2026-07-07 03:15:00,0.0,25.2,26.3,98,5.5,-32.8,0,0,0.0,Fog,a05n,3
2026-07-07 03:30:00,0.0,25.2,26.3,97,5.4,-30.4,0,0,0.0,Fog,a05n,3
2026-07-07 03:45:00,0.0,25.2,26.3,96,5.3,-28.1,0,0,0.0,Overcast clouds,c04n,3
2026-07-07 04:00:00,0.0,25.2,26.3,96,5.2,-25.7,0,0,0.0,Overcast clouds,c04n,4
2026-07-07 04:15:00,0.0,25.2,26.3,96,5.3,-23.0,0,0,0.0,Overcast clouds,c04n,4
2026-07-07 04:30:00,0.0,25.2,26.3,96,5.4,-20.2,0,0,0.0,Overcast clouds,c04n,4
2026-07-07 04:45:00,0.0,25.2,26.3,96,5.5,-17.4,0,0,0.0,Overcast clouds,c04n,4
2026-07-07 05:00:00,0.0,25.2,26.3,96,5.6,-14.7,0,0,0.0,Overcast clouds,c04n,5
2026-07-07 05:15:00,0.0,25.2,26.3,96,5.4,-11.7,0,0,0.0,Overcast clouds,c04n,5
2026-07-07 05:30:00,0.0,25.2,26.3,97,5.2,-8.6,0,0,0.0,Fog,a05n,5
2026-07-07 05:45:00,0.0,25.2,26.3,98,5.0,-5.6,0,0,0.0,Fog,a05n,5
2026-07-07 06:00:00,0.0,25.2,26.3,98,4.8,-2.6,0,0,0.0,Fog,a05n,6
2026-07-07 06:15:00,0.0,25.2,26.3,98,4.7,0.6,31,13,0.7,Fog,a05n,6
2026-07-07 06:30:00,0.0,25.2,26.3,98,4.6,3.8,63,26,0.7,Fog,a05d,6
2026-07-07 06:45:00,0.0,25.2,26.3,98,4.5,7.0,94,39,0.7,Fog,a05d,6
2026-07-07 07:00:00,0.0,25.2,26.3,98,4.4,10.2,126,52,0.7,Fog,a05d,7
2026-07-07 07:15:00,0.0,25.2,26.3,98,4.4,13.5,181,59,0.7,Fog,a05d,7
2026-07-07 07:30:00,0.0,25.2,26.3,98,4.4,16.7,237,66,0.7,Fog,a05d,7
2026-07-07 07:45:00,0.0,25.2,26.3,98,4.4,20.0,293,73,0.8,Fog,a05d,7
2026-07-07 08:00:00,0.0,25.2,26.3,98,4.4,23.3,348,81,0.9,Fog,a05d,8
2026-07-07 08:15:00,0.0,25.2,26.3,98,4.6,26.7,405,85,1.0,Fog,a05d,8
2026-07-07 08:30:00,0.0,25.2,26.3,98,4.8,30.0,461,90,1.1,Fog,a05d,8
2026-07-07 08:45:00,0.0,25.2,26.3,98,5.0,33.4,518,94,1.2,Fog,a05d,8
2026-07-07 09:00:00,0.0,25.2,26.3,98,5.2,36.8,574,99,1.4,Fog,a05d,9
2026-07-07 09:15:00,0.0,25.8,26.9,95,5.4,40.2,624,102,1.5,Overcast clouds,c04d,9
2026-07-07 09:30:00,0.0,26.3,27.4,92,5.6,43.6,674,105,1.7,Overcast clouds,c04d,9
2026-07-07 09:45:00,0.0,26.9,30.2,89,5.8,47.0,724,108,1.9,Overcast clouds,c04d,9
2026-07-07 10:00:00,0.0,27.4,31.4,86,6.0,50.4,774,112,2.1,Overcast clouds,c04d,10
2026-07-07 10:15:00,0.0,27.5,31.7,86,5.9,53.8,813,114,2.3,Overcast clouds,c04d,10
2026-07-07 10:30:00,0.0,27.6,31.8,85,5.8,57.3,852,116,2.5,Overcast clouds,c04d,10
2026-07-07 10:45:00,0.0,27.7,31.9,84,5.7,60.7,890,118,2.7,Overcast clouds,c04d,10
2026-07-07 11:00:00,0.0,27.8,32.2,84,5.6,64.1,929,120,2.9,Overcast clouds,c04d,11
2026-07-07 11:15:00,0.0,27.8,32.2,84,5.8,67.6,952,121,3.1,Overcast clouds,c04d,11
2026-07-07 11:30:00,0.0,27.8,32.3,85,6.0,71.0,976,122,3.3,Drizzle,d02d,11
2026-07-07 11:45:00,0.0,27.8,32.5,86,6.2,74.5,1000,123,3.4,Drizzle,d02d,11
2026-07-07 12:00:00,3.94,27.8,32.5,86,6.4,77.9,1023,124,3.6,Drizzle,d02d,12
2026-07-07 12:15:00,3.92,28.1,32.9,84,6.3,80.5,1030,125,3.6,Drizzle,d02d,12
2026-07-07 12:30:00,3.92,28.4,33.3,82,6.2,83.1,1036,125,3.7,Drizzle,d02d,12
2026-07-07 12:45:00,3.96,28.6,33.9,81,6.1,85.6,1043,125,3.7,Overcast clouds,c04d,12
2026-07-07 13:00:00,155.61,28.9,34.3,79,6.0,88.2,1049,125,3.7,Overcast clouds,c04d,13
2026-07-07 13:15:00,74.57,28.5,33.5,80,6.0,84.8,1038,125,3.7,Overcast clouds,c04d,13
2026-07-07 13:30:00,63.76,28.2,32.8,82,6.0,81.3,1027,124,3.6,Overcast clouds,c04d,13
2026-07-07 13:45:00,21.08,27.8,32.0,83,6.0,77.8,1016,124,3.5,Overcast clouds,c04d,13
2026-07-07 14:00:00,3.93,27.4,31.1,84,6.0,74.4,1005,123,3.4,Drizzle,d02d,14
2026-07-07 14:15:00,3.96,27.6,31.6,84,6.3,70.9,977,122,3.3,Drizzle,d02d,14
2026-07-07 14:30:00,3.9,27.8,32.1,84,6.6,67.5,950,121,3.1,Drizzle,d02d,14
2026-07-07 14:45:00,3.97,27.9,32.5,84,6.9,64.0,922,119,3.0,Drizzle,d02d,14
2026-07-07 15:00:00,4.5,28.1,33.0,84,7.2,60.6,894,118,2.8,Drizzle,d02d,15
2026-07-07 15:15:00,3.92,28.3,33.4,83,7.0,57.1,852,116,2.6,Drizzle,d02d,15
2026-07-07 15:30:00,69.07,28.5,33.8,82,6.8,53.7,810,113,2.3,Drizzle,d02d,15
2026-07-07 15:45:00,54.33,28.7,34.1,81,6.6,50.3,768,111,2.1,Overcast clouds,c04d,15
2026-07-07 16:00:00,35.43,28.9,34.5,80,6.4,46.9,726,109,1.9,Overcast clouds,c04d,16
2026-07-07 16:15:00,0.0,28.9,34.5,80,6.6,43.5,674,105,1.7,Overcast clouds,c04d,16
2026-07-07 16:30:00,0.0,28.9,34.7,81,6.8,40.1,622,102,1.5,Overcast clouds,c04d,16
2026-07-07 16:45:00,0.02,28.9,34.9,82,7.0,36.7,570,98,1.4,Overcast clouds,c04d,16
2026-07-07 17:00:00,0.02,28.9,34.9,82,7.2,33.3,517,95,1.2,Overcast clouds,c04d,17
2026-07-07 17:15:00,0.03,28.4,33.7,84,7.1,29.9,460,90,1.1,Overcast clouds,c04d,17
2026-07-07 17:30:00,15.53,27.8,32.6,87,7.0,26.6,403,85,1.0,Overcast clouds,c04d,17
2026-07-07 17:45:00,20.29,27.3,31.5,90,6.9,23.2,346,80,0.9,Overcast clouds,c04d,17
2026-07-07 18:00:00,0.0,26.7,30.1,92,6.8,19.9,289,74,0.8,Overcast clouds,c04d,18
2026-07-07 18:15:00,5.34,26.7,30.1,92,6.6,16.6,235,66,0.7,Overcast clouds,c04d,18
2026-07-07 18:30:00,13.36,26.7,30.1,92,6.4,13.3,182,57,0.7,Overcast clouds,c04d,18
2026-07-07 18:45:00,4.03,26.7,30.1,92,6.2,10.1,128,49,0.7,Overcast clouds,c04d,18
2026-07-07 19:00:00,4.28,26.7,30.1,92,6.0,6.8,74,41,0.6,Overcast clouds,c04d,19
2026-07-07 19:15:00,2.63,26.8,30.3,92,5.8,3.6,56,30,0.6,Overcast clouds,c04d,19
2026-07-07 19:30:00,0.68,26.9,30.5,92,5.6,0.5,37,20,0.6,Overcast clouds,c04n,19
2026-07-07 19:45:00,0.02,26.9,30.7,92,5.4,-2.7,19,10,0.0,Overcast clouds,c04n,19
2026-07-07 20:00:00,0.0,27.0,30.9,92,5.2,-5.8,0,0,0.0,Overcast clouds,c04n,20
2026-07-07 20:15:00,0.0,27.0,30.9,92,5.1,-8.8,0,0,0.0,Overcast clouds,c04n,20
2026-07-07 20:30:00,0.0,27.0,30.9,92,5.0,-11.8,0,0,0.0,Overcast clouds,c04n,20
2026-07-07 20:45:00,0.0,27.0,30.9,92,4.9,-14.7,0,0,0.0,Overcast clouds,c04n,20
2026-07-07 21:00:00,0.01,27.0,30.9,92,4.8,-17.7,0,0,0.0,Overcast clouds,c04n,21
2026-07-07 21:15:00,0.01,26.9,30.7,92,4.8,-20.4,0,0,0.0,Overcast clouds,c04n,21
2026-07-07 21:30:00,0.0,26.9,30.5,92,4.8,-23.1,0,0,0.0,Overcast clouds,c04n,21
2026-07-07 21:45:00,0.0,26.8,30.3,92,4.8,-25.7,0,0,0.0,Overcast clouds,c04n,21
2026-07-07 22:00:00,0.0,26.7,30.1,92,4.8,-28.4,0,0,0.0,Overcast clouds,c04n,22
2026-07-07 22:15:00,0.01,26.7,30.1,92,5.0,-30.6,0,0,0.0,Overcast clouds,c04n,22
2026-07-07 22:30:00,0.0,26.7,30.1,93,5.2,-32.8,0,0,0.0,Overcast clouds,c04n,22
2026-07-07 22:45:00,0.01,26.7,30.2,94,5.4,-35.1,0,0,0.0,Overcast clouds,c04n,22
2026-07-07 23:00:00,0.0,26.7,30.2,94,5.6,-37.3,0,0,0.0,Overcast clouds,c04n,23
2026-07-07 23:15:00,0.0,26.6,27.8,94,5.4,-38.7,0,0,0.0,Overcast clouds,c04n,23
2026-07-07 23:30:00,0.0,26.5,27.7,95,5.2,-40.2,0,0,0.0,Overcast clouds,c04n,23
2026-07-07 23:45:00,0.0,26.4,27.6,96,5.0,-41.7,0,0,0.0,Overcast clouds,c04n,23
2026-07-08 00:00:00,0.0,26.3,27.5,96,4.8,-43.2,0,0,0.0,Overcast clouds,c04n,0
2026-07-08 00:15:00,0.0,26.2,27.4,96,4.8,-43.6,0,0,0.0,Overcast clouds,c04n,0
2026-07-08 00:30:00,0.01,26.1,27.3,96,4.8,-44.0,0,0,0.0,Overcast clouds,c04n,0
2026-07-08 00:45:00,0.01,26.0,27.2,96,4.8,-44.4,0,0,0.0,Overcast clouds,c04n,0
2026-07-08 01:00:00,0.0,25.9,27.1,96,4.8,-44.9,0,0,0.0,Overcast clouds,c04n,1
2026-07-08 01:15:00,0.0,25.9,27.1,96,4.8,-44.2,0,0,0.0,Overcast clouds,c04n,1
2026-07-08 01:30:00,0.0,25.9,27.1,96,4.8,-43.4,0,0,0.0,Overcast clouds,c04n,1
2026-07-08 01:45:00,0.01,25.9,27.1,96,4.8,-42.7,0,0,0.0,Overcast clouds,c04n,1
2026-07-08 02:00:00,0.0,25.9,27.1,96,4.8,-42.0,0,0,0.0,Overcast clouds,c04n,2
2026-07-08 02:15:00,0.0,25.9,27.1,96,4.8,-40.3,0,0,0.0,Overcast clouds,c04n,2
2026-07-08 02:30:00,0.0,25.9,27.1,96,4.8,-38.6,0,0,0.0,Overcast clouds,c04n,2
2026-07-08 02:45:00,0.0,25.9,27.1,96,4.8,-36.9,0,0,0.0,Overcast clouds,c04n,2
2026-07-08 03:00:00,0.0,25.9,27.1,96,4.8,-35.3,0,0,0.0,Overcast clouds,c04n,3
2026-07-08 03:15:00,0.0,25.8,27.0,96,4.6,-32.9,0,0,0.0,Overcast clouds,c04n,3
2026-07-08 03:30:00,0.0,25.8,26.9,96,4.4,-30.6,0,0,0.0,Overcast clouds,c04n,3
2026-07-08 03:45:00,0.0,25.7,26.8,96,4.2,-28.2,0,0,0.0,Overcast clouds,c04n,3
2026-07-08 04:00:00,0.0,25.6,26.7,96,4.0,-25.9,0,0,0.0,Overcast clouds,c04n,4
2026-07-08 04:15:00,0.0,25.6,26.7,96,4.1,-23.1,0,0,0.0,Overcast clouds,c04n,4
2026-07-08 04:30:00,0.0,25.6,26.7,96,4.2,-20.3,0,0,0.0,Overcast clouds,c04n,4
2026-07-08 04:45:00,0.0,25.6,26.7,96,4.3,-17.5,0,0,0.0,Overcast clouds,c04n,4
2026-07-08 05:00:00,0.0,25.6,26.7,96,4.4,-14.8,0,0,0.0,Overcast clouds,c04n,5
2026-07-08 05:15:00,0.0,25.6,26.7,96,4.4,-11.7,0,0,0.0,Overcast clouds,c04n,5
2026-07-08 05:30:00,0.0,25.6,26.7,97,4.4,-8.7,0,0,0.0,Fog,a05n,5
2026-07-08 05:45:00,0.0,25.6,26.8,98,4.4,-5.7,0,0,0.0,Fog,a05n,5
2026-07-08 06:00:00,0.01,25.6,26.8,98,4.4,-2.7,0,0,0.0,Fog,a05n,6
2026-07-08 06:15:00,0.72,25.6,26.8,98,4.4,0.5,31,13,0.7,Drizzle,d02n,6
2026-07-08 06:30:00,2.16,25.6,26.8,98,4.4,3.7,62,26,0.7,Light rain,r01d,6
2026-07-08 06:45:00,3.47,25.6,26.8,98,4.4,6.9,93,39,0.7,Drizzle,d02d,6
2026-07-08 07:00:00,5.71,25.6,26.8,98,4.4,10.1,124,51,0.8,Drizzle,d02d,7
2026-07-08 07:15:00,5.56,25.6,26.8,98,4.3,13.4,180,59,0.8,Fog,a05d,7
2026-07-08 07:30:00,8.73,25.6,26.8,98,4.2,16.7,236,66,0.9,Fog,a05d,7
2026-07-08 07:45:00,12.1,25.6,26.8,98,4.1,20.0,291,73,0.9,Fog,a05d,7
2026-07-08 08:00:00,30.8,25.6,26.8,98,4.0,23.3,347,80,1.0,Drizzle,d02d,8
2026-07-08 08:15:00,36.39,25.7,26.9,98,4.0,26.6,404,85,1.1,Fog,a05d,8
2026-07-08 08:30:00,25.73,25.8,26.9,98,4.0,30.0,460,90,1.2,Fog,a05d,8
2026-07-08 08:45:00,24.88,25.8,27.0,98,4.0,33.3,517,94,1.4,Fog,a05d,8
2026-07-08 09:00:00,30.28,25.9,27.1,98,4.0,36.7,573,99,1.5,Fog,a05d,9
2026-07-08 09:15:00,85.23,26.2,27.4,96,4.3,40.1,623,102,1.7,Overcast clouds,c04d,9
2026-07-08 09:30:00,55.46,26.5,27.6,94,4.6,43.5,673,105,1.8,Overcast clouds,c04d,9
2026-07-08 09:45:00,27.23,26.7,30.1,92,4.9,46.9,724,108,2.0,Overcast clouds,c04d,9
2026-07-08 10:00:00,20.77,27.0,30.7,90,5.2,50.3,774,111,2.2,Overcast clouds,c04d,10
2026-07-08 10:15:00,30.46,27.3,31.5,90,5.2,53.8,812,114,2.4,Overcast clouds,c04d,10
2026-07-08 10:30:00,13.15,27.6,32.4,90,5.2,57.2,851,116,2.6,Drizzle,d02d,10
2026-07-08 10:45:00,16.49,27.8,33.2,90,5.2,60.6,890,118,2.8,Overcast clouds,c04d,10
2026-07-08 11:00:00,60.13,28.1,34.1,90,5.2,64.1,928,120,3.0,Overcast clouds,c04d,11
2026-07-08 11:15:00,57.82,28.4,34.6,88,5.1,67.5,952,121,3.2,Overcast clouds,c04d,11
2026-07-08 11:30:00,88.98,28.7,34.9,85,5.0,71.0,976,122,3.3,Overcast clouds,c04d,11
2026-07-08 11:45:00,48.85,29.0,35.2,82,4.9,74.4,999,123,3.4,Overcast clouds,c04d,11
2026-07-08 12:00:00,58.52,29.3,35.6,80,4.8,77.9,1023,124,3.6,Overcast clouds,c04d,12
2026-07-08 12:15:00,27.05,29.9,36.7,78,4.8,80.5,1030,125,3.6,Overcast clouds,c04d,12
2026-07-08 12:30:00,33.45,30.4,37.7,76,4.8,83.1,1036,125,3.7,Overcast clouds,c04d,12
2026-07-08 12:45:00,85.39,31.0,38.4,73,4.8,85.7,1043,125,3.7,Overcast clouds,c04d,12
2026-07-08 13:00:00,109.43,31.5,39.3,71,4.8,88.2,1049,125,3.7,Overcast clouds,c04d,13
2026-07-08 13:15:00,57.95,31.4,39.0,71,4.8,84.8,1038,125,3.7,Overcast clouds,c04d,13
2026-07-08 13:30:00,63.42,31.3,39.1,72,4.8,81.3,1027,124,3.6,Overcast clouds,c04d,13
2026-07-08 13:45:00,72.84,31.2,38.8,72,4.8,77.9,1016,124,3.5,Overcast clouds,c04d,13
2026-07-08 14:00:00,4.0,31.1,38.5,72,4.8,74.4,1005,123,3.4,Overcast clouds,c04d,14
2026-07-08 14:15:00,3.98,30.9,38.3,73,5.2,70.9,978,122,3.3,Overcast clouds,c04d,14
2026-07-08 14:30:00,3.96,30.8,38.1,74,5.6,67.5,950,121,3.1,Overcast clouds,c04d,14
2026-07-08 14:45:00,37.52,30.6,37.9,75,6.0,64.0,922,119,2.9,Overcast clouds,c04d,14
2026-07-08 15:00:00,16.95,30.4,37.7,76,6.4,60.6,894,118,2.7,Overcast clouds,c04d,15
2026-07-08 15:15:00,8.17,30.2,37.4,77,6.4,57.2,852,116,2.5,Overcast clouds,c04d,15
2026-07-08 15:30:00,61.17,30.0,37.1,78,6.4,53.7,810,113,2.3,Overcast clouds,c04d,15
2026-07-08 15:45:00,72.67,29.8,36.5,78,6.4,50.3,769,111,2.1,Overcast clouds,c04d,15
2026-07-08 16:00:00,56.0,29.6,36.2,79,6.4,46.9,727,109,1.9,Overcast clouds,c04d,16
2026-07-08 16:15:00,34.24,29.5,36.0,79,6.5,43.5,674,105,1.7,Overcast clouds,c04d,16
2026-07-08 16:30:00,7.31,29.5,36.0,80,6.6,40.1,622,102,1.5,Overcast clouds,c04d,16
2026-07-08 16:45:00,3.93,29.4,35.8,80,6.7,36.7,570,98,1.4,Overcast clouds,c04d,16
2026-07-08 17:00:00,3.97,29.3,35.6,80,6.8,33.3,517,95,1.2,Overcast clouds,c04d,17
2026-07-08 17:15:00,21.72,28.7,34.6,83,6.6,29.9,460,90,1.1,Overcast clouds,c04d,17
2026-07-08 17:30:00,3.99,28.2,33.5,86,6.4,26.6,403,85,1.0,Overcast clouds,c04d,17
2026-07-08 17:45:00,3.96,27.6,32.3,89,6.2,23.2,346,80,0.9,Overcast clouds,c04d,17
2026-07-08 18:00:00,3.93,27.0,30.9,92,6.0,19.9,289,74,0.8,Overcast clouds,c04d,18
2026-07-08 18:15:00,4.0,27.1,31.2,92,5.8,16.6,235,66,0.7,Overcast clouds,c04d,18
2026-07-08 18:30:00,3.97,27.2,31.4,91,5.6,13.3,181,57,0.7,Overcast clouds,c04d,18
2026-07-08 18:45:00,3.98,27.3,31.6,90,5.4,10.1,128,49,0.7,Overcast clouds,c04d,18
2026-07-08 19:00:00,4.23,27.4,31.9,90,5.2,6.8,74,41,0.7,Overcast clouds,c04d,19
2026-07-08 19:15:00,3.6,27.4,31.9,90,4.8,3.6,56,30,0.6,Overcast clouds,c04d,19
2026-07-08 19:30:00,1.29,27.4,31.9,90,4.4,0.5,37,20,0.6,Overcast clouds,c04n,19
2026-07-08 19:45:00,0.23,27.4,31.9,90,4.0,-2.7,19,10,0.0,Overcast clouds,c04n,19
2026-07-08 20:00:00,0.02,27.4,31.9,90,3.6,-5.8,0,0,0.0,Overcast clouds,c04n,20
2026-07-08 20:15:00,0.0,27.4,31.9,90,3.8,-8.8,0,0,0.0,Overcast clouds,c04n,20
2026-07-08 20:30:00,0.0,27.4,31.9,90,4.0,-11.8,0,0,0.0,Overcast clouds,c04n,20
2026-07-08 20:45:00,0.0,27.4,31.9,90,4.2,-14.8,0,0,0.0,Overcast clouds,c04n,20
2026-07-08 21:00:00,0.0,27.4,31.9,90,4.4,-17.7,0,0,0.0,Overcast clouds,c04n,21
2026-07-08 21:15:00,0.0,27.2,31.4,90,4.4,-20.4,0,0,0.0,Overcast clouds,c04n,21
2026-07-08 21:30:00,0.01,27.1,31.0,91,4.4,-23.1,0,0,0.0,Overcast clouds,c04n,21
2026-07-08 21:45:00,0.01,26.9,30.6,92,4.4,-25.8,0,0,0.0,Overcast clouds,c04n,21
2026-07-08 22:00:00,0.01,26.7,30.1,92,4.4,-28.5,0,0,0.0,Overcast clouds,c04n,22
2026-07-08 22:15:00,0.01,26.6,27.7,92,4.4,-30.7,0,0,0.0,Overcast clouds,c04n,22
2026-07-08 22:30:00,0.0,26.5,27.6,93,4.4,-32.9,0,0,0.0,Overcast clouds,c04n,22
2026-07-08 22:45:00,0.01,26.4,27.5,94,4.4,-35.1,0,0,0.0,Overcast clouds,c04n,22
2026-07-08 23:00:00,0.01,26.3,27.4,94,4.4,-37.4,0,0,0.0,Overcast clouds,c04n,23
2026-07-08 23:15:00,0.01,26.3,27.4,94,4.5,-38.8,0,0,0.0,Overcast clouds,c04n,23
2026-07-08 23:30:00,0.01,26.3,27.4,94,4.6,-40.3,0,0,0.0,Overcast clouds,c04n,23
2026-07-08 23:45:00,0.01,26.3,27.4,94,4.7,-41.8,0,0,0.0,Overcast clouds,c04n,23
2026-07-09 00:00:00,0.0,26.3,27.4,94,4.8,-43.3,0,0,0.0,Overcast clouds,c04n,0
2026-07-09 00:15:00,0.0,26.2,27.3,94,4.9,-43.7,0,0,0.0,Overcast clouds,c04n,0
2026-07-09 00:30:00,0.0,26.1,27.2,94,5.0,-44.1,0,0,0.0,Overcast clouds,c04n,0
2026-07-09 00:45:00,0.01,26.0,27.1,94,5.1,-44.6,0,0,0.0,Overcast clouds,c04n,0
2026-07-09 01:00:00,0.0,25.9,27.0,94,5.2,-45.0,0,0,0.0,Overcast clouds,c04n,1
2026-07-09 01:15:00,0.0,25.8,26.9,94,5.1,-44.3,0,0,0.0,Overcast clouds,c04n,1
2026-07-09 01:30:00,0.0,25.8,26.9,95,5.0,-43.6,0,0,0.0,Overcast clouds,c04n,1
2026-07-09 01:45:00,0.01,25.7,26.8,96,4.9,-42.8,0,0,0.0,Broken clouds,c03n,1
2026-07-09 02:00:00,0.0,25.6,26.7,96,4.8,-42.1,0,0,0.0,Broken clouds,c03n,2
2026-07-09 02:15:00,0.0,25.6,26.7,96,4.5,-40.4,0,0,0.0,Broken clouds,c03n,2
2026-07-09 02:30:00,0.0,25.6,26.7,96,4.2,-38.8,0,0,0.0,Broken clouds,c03n,2
2026-07-09 02:45:00,0.01,25.6,26.7,96,3.9,-37.1,0,0,0.0,Broken clouds,c03n,2
2026-07-09 03:00:00,0.0,25.6,26.7,96,3.6,-35.4,0,0,0.0,Scattered clouds,c02n,3
2026-07-09 03:15:00,0.0,25.5,26.6,96,3.8,-33.0,0,0,0.0,Broken clouds,c03n,3
2026-07-09 03:30:00,0.0,25.4,26.5,97,4.0,-30.7,0,0,0.0,Fog,a05n,3
2026-07-09 03:45:00,0.0,25.3,26.4,98,4.2,-28.3,0,0,0.0,Fog,a05n,3
2026-07-09 04:00:00,0.0,25.2,26.3,98,4.4,-26.0,0,0,0.0,Fog,a05n,4
2026-07-09 04:15:00,0.0,25.2,26.3,98,4.2,-23.2,0,0,0.0,Fog,a05n,4
2026-07-09 04:30:00,0.0,25.2,26.3,98,4.0,-20.4,0,0,0.0,Fog,a05n,4
2026-07-09 04:45:00,0.01,25.2,26.3,98,3.8,-17.6,0,0,0.0,Fog,a05n,4
2026-07-09 05:00:00,0.0,25.2,26.3,98,3.6,-14.9,0,0,0.0,Fog,a05n,5
2026-07-09 05:15:00,0.0,25.4,26.5,97,3.5,-11.8,0,0,0.0,Fog,a05n,5
2026-07-09 05:30:00,0.01,25.6,26.7,96,3.4,-8.8,0,0,0.0,Overcast clouds,c04n,5
2026-07-09 05:45:00,0.0,25.7,26.8,95,3.3,-5.8,0,0,0.0,Overcast clouds,c04n,5
2026-07-09 06:00:00,0.1,25.9,27.0,94,3.2,-2.8,0,0,0.0,Overcast clouds,c04n,6
2026-07-09 06:15:00,0.54,25.9,27.0,94,3.3,0.4,31,13,0.7,Overcast clouds,c04n,6
2026-07-09 06:30:00,2.74,25.9,27.0,95,3.4,3.6,62,26,0.7,Overcast clouds,c04d,6
2026-07-09 06:45:00,7.95,25.9,27.1,96,3.5,6.8,92,38,0.7,Overcast clouds,c04d,6
2026-07-09 07:00:00,8.54,25.9,27.1,96,3.6,10.0,123,51,0.7,Overcast clouds,c04d,7
2026-07-09 07:15:00,10.86,25.9,27.1,96,3.8,13.3,179,58,0.8,Overcast clouds,c04d,7
2026-07-09 07:30:00,21.09,25.9,27.1,97,4.0,16.6,235,66,0.8,Fog,a05d,7
2026-07-09 07:45:00,36.89,25.9,27.1,98,4.2,19.9,290,73,0.9,Fog,a05d,7
2026-07-09 08:00:00,38.08,25.9,27.1,98,4.4,23.2,346,80,1.0,Fog,a05d,8
2026-07-09 08:15:00,82.55,26.1,27.3,98,4.4,26.6,403,85,1.1,Fog,a05d,8
2026-07-09 08:30:00,75.41,26.3,27.5,97,4.4,29.9,459,90,1.2,Fog,a05d,8
2026-07-09 08:45:00,71.78,26.5,27.7,96,4.4,33.3,516,94,1.4,Overcast clouds,c04d,8
2026-07-09 09:00:00,66.3,26.7,30.4,96,4.4,36.6,572,99,1.5,Overcast clouds,c04d,9
2026-07-09 09:15:00,120.72,27.3,31.8,93,4.5,40.1,623,102,1.8,Overcast clouds,c04d,9
2026-07-09 09:30:00,67.51,27.8,33.1,90,4.6,43.5,673,105,2.1,Overcast clouds,c04d,9
2026-07-09 09:45:00,74.15,28.4,34.3,87,4.7,46.9,723,108,2.4,Overcast clouds,c04d,9
2026-07-09 10:00:00,97.9,28.9,35.3,84,4.8,50.3,773,111,2.7,Overcast clouds,c04d,10
2026-07-09 10:15:00,63.01,29.0,35.4,83,5.2,53.7,812,114,2.9,Overcast clouds,c04d,10
2026-07-09 10:30:00,36.51,29.1,35.5,82,5.6,57.2,850,116,3.0,Overcast clouds,c04d,10
2026-07-09 10:45:00,76.93,29.2,35.5,81,6.0,60.6,889,118,3.1,Drizzle,d02d,10
2026-07-09 11:00:00,32.68,29.3,35.6,80,6.4,64.0,928,120,3.2,Light rain,r01d,11
2026-07-09 11:15:00,12.95,29.2,35.3,80,6.4,67.5,952,121,3.3,Drizzle,d02d,11
2026-07-09 11:30:00,3.94,29.1,35.2,81,6.4,70.9,975,122,3.4,Drizzle,d02d,11
2026-07-09 11:45:00,3.95,29.0,35.2,82,6.4,74.4,999,123,3.5,Drizzle,d02d,11
2026-07-09 12:00:00,3.95,28.9,34.9,82,6.4,77.9,1023,124,3.6,Light rain,r01d,12
2026-07-09 12:15:00,3.99,29.0,35.2,82,6.5,80.5,1029,125,3.9,Drizzle,d02d,12
2026-07-09 12:30:00,3.98,29.1,35.5,82,6.6,83.1,1036,125,4.2,Drizzle,d02d,12
2026-07-09 12:45:00,4.0,29.2,35.8,82,6.7,85.7,1043,125,4.4,Drizzle,d02d,12
2026-07-09 13:00:00,3.97,29.3,36.1,82,6.8,88.3,1049,125,4.7,Drizzle,d02d,13
2026-07-09 13:15:00,3.95,29.1,35.9,84,6.4,84.8,1038,125,4.4,Overcast clouds,c04d,13
2026-07-09 13:30:00,3.91,28.9,35.6,85,6.0,81.3,1027,124,4.1,Overcast clouds,c04d,13
2026-07-09 13:45:00,9.77,28.7,35.2,86,5.6,77.9,1016,124,3.8,Overcast clouds,c04d,13
2026-07-09 14:00:00,86.42,28.5,35.0,88,5.2,74.4,1005,123,3.6,Overcast clouds,c04d,14
2026-07-09 14:15:00,47.85,28.7,35.2,86,5.4,71.0,978,122,3.4,Overcast clouds,c04d,14
2026-07-09 14:30:00,32.75,28.9,35.6,85,5.6,67.5,950,121,3.2,Overcast clouds,c04d,14
2026-07-09 14:45:00,5.15,29.1,35.9,84,5.8,64.1,922,119,2.9,Overcast clouds,c04d,14
2026-07-09 15:00:00,3.87,29.3,36.1,82,6.0,60.6,895,118,2.8,Overcast clouds,c04d,15
2026-07-09 15:15:00,3.93,29.2,35.8,82,5.7,57.2,853,116,2.5,Overcast clouds,c04d,15
2026-07-09 15:30:00,3.91,29.1,35.7,83,5.4,53.7,811,113,2.3,Overcast clouds,c04d,15
2026-07-09 15:45:00,3.88,29.0,35.6,84,5.1,50.3,769,111,2.1,Overcast clouds,c04d,15
2026-07-09 16:00:00,3.87,28.9,35.3,84,4.8,46.9,727,109,1.9,Overcast clouds,c04d,16
2026-07-09 16:15:00,3.91,29.0,35.6,84,4.9,43.5,674,105,1.7,Overcast clouds,c04d,16
2026-07-09 16:30:00,3.9,29.1,35.9,84,5.0,40.1,622,102,1.5,Overcast clouds,c04d,16
2026-07-09 16:45:00,3.95,29.2,36.3,84,5.1,36.7,570,98,1.4,Overcast clouds,c04d,16
2026-07-09 17:00:00,3.93,29.3,36.6,84,5.2,33.3,518,95,1.2,Overcast clouds,c04d,17
2026-07-09 17:15:00,3.9,28.7,35.2,86,5.5,29.9,460,90,1.1,Overcast clouds,c04d,17
2026-07-09 17:30:00,31.93,28.2,34.0,89,5.8,26.6,403,85,1.0,Overcast clouds,c04d,17
2026-07-09 17:45:00,21.72,27.6,32.7,92,6.1,23.2,346,80,0.9,Overcast clouds,c04d,17
2026-07-09 18:00:00,17.47,27.0,31.2,94,6.4,19.9,289,74,0.8,Overcast clouds,c04d,18
2026-07-09 18:15:00,3.88,27.0,31.2,94,6.2,16.6,235,66,0.7,Overcast clouds,c04d,18
2026-07-09 18:30:00,4.26,27.0,31.2,94,6.0,13.3,181,57,0.7,Overcast clouds,c04d,18
2026-07-09 18:45:00,4.12,27.0,31.2,94,5.8,10.1,128,49,0.7,Overcast clouds,c04d,18
2026-07-09 19:00:00,4.34,27.0,31.2,94,5.6,6.8,74,40,0.6,Overcast clouds,c04d,19
2026-07-09 19:15:00,3.85,27.0,31.2,94,5.7,3.6,56,30,0.6,Overcast clouds,c04d,19
2026-07-09 19:30:00,0.92,27.0,31.2,94,5.8,0.5,37,20,0.6,Overcast clouds,c04n,19
2026-07-09 19:45:00,0.1,27.0,31.2,94,5.9,-2.7,19,10,0.0,Overcast clouds,c04n,19
2026-07-09 20:00:00,0.01,27.0,31.2,94,6.0,-5.9,0,0,0.0,Overcast clouds,c04n,20
2026-07-09 20:15:00,0.0,27.0,31.2,94,5.9,-8.8,0,0,0.0,Overcast clouds,c04n,20
2026-07-09 20:30:00,0.0,27.0,31.2,94,5.8,-11.8,0,0,0.0,Overcast clouds,c04n,20
2026-07-09 20:45:00,0.0,27.0,31.2,94,5.7,-14.8,0,0,0.0,Overcast clouds,c04n,20
2026-07-09 21:00:00,0.0,27.0,31.2,94,5.6,-17.8,0,0,0.0,Overcast clouds,c04n,21
2026-07-09 21:15:00,0.0,26.9,30.9,94,5.5,-20.5,0,0,0.0,Overcast clouds,c04n,21
2026-07-09 21:30:00,0.0,26.9,30.8,95,5.4,-23.2,0,0,0.0,Overcast clouds,c04n,21
2026-07-09 21:45:00,0.0,26.8,30.7,96,5.3,-25.8,0,0,0.0,Overcast clouds,c04n,21
2026-07-09 22:00:00,0.0,26.7,30.4,96,5.2,-28.5,0,0,0.0,Overcast clouds,c04n,22
2026-07-09 22:15:00,0.0,26.7,30.4,96,5.0,-30.8,0,0,0.0,Overcast clouds,c04n,22
2026-07-09 22:30:00,0.0,26.7,30.4,96,4.8,-33.0,0,0,0.0,Overcast clouds,c04n,22
2026-07-09 22:45:00,0.0,26.7,30.4,96,4.6,-35.2,0,0,0.0,Overcast clouds,c04n,22
2026-07-09 23:00:00,0.0,26.7,30.4,96,4.4,-37.4,0,0,0.0,Overcast clouds,c04n,23
2026-07-09 23:15:00,0.0,26.7,30.4,96,4.4,-38.9,0,0,0.0,Overcast clouds,c04n,23
2026-07-09 23:30:00,0.0,26.7,30.4,96,4.4,-40.4,0,0,0.0,Overcast clouds,c04n,23
2026-07-09 23:45:00,0.01,26.7,30.4,96,4.4,-41.9,0,0,0.0,Overcast clouds,c04n,23
2026-07-10 00:00:00,0.01,26.7,30.4,96,4.4,-43.4,0,0,0.0,Overcast clouds,c04n,0
2026-07-10 00:15:00,0.01,26.6,27.8,96,4.6,-43.8,0,0,0.0,Overcast clouds,c04n,0
2026-07-10 00:30:00,0.01,26.5,27.7,97,4.8,-44.2,0,0,0.0,Fog,a05n,0
2026-07-10 00:45:00,0.01,26.4,27.7,98,5.0,-44.7,0,0,0.0,Fog,a05n,0
2026-07-10 01:00:00,0.01,26.3,27.5,98,5.2,-45.1,0,0,0.0,Fog,a05n,1
2026-07-10 01:15:00,0.0,26.4,27.7,98,5.1,-44.4,0,0,0.0,Fog,a05n,1
2026-07-10 01:30:00,0.0,26.5,27.7,97,5.0,-43.7,0,0,0.0,Fog,a05n,1
2026-07-10 01:45:00,0.0,26.6,27.8,96,4.9,-43.0,0,0,0.0,Overcast clouds,c04n,1
2026-07-10 02:00:00,0.0,26.7,30.4,96,4.8,-42.3,0,0,0.0,Overcast clouds,c04n,2
2026-07-10 02:15:00,0.0,26.7,30.4,96,4.8,-40.6,0,0,0.0,Overcast clouds,c04n,2
2026-07-10 02:30:00,0.01,26.7,30.5,97,4.8,-38.9,0,0,0.0,Fog,a05n,2
2026-07-10 02:45:00,0.0,26.7,30.6,98,4.8,-37.2,0,0,0.0,Fog,a05n,2
2026-07-10 03:00:00,0.01,26.7,30.6,98,4.8,-35.5,0,0,0.0,Fog,a05n,3
2026-07-10 03:15:00,0.0,26.6,27.9,98,4.7,-33.1,0,0,0.0,Fog,a05n,3
2026-07-10 03:30:00,0.0,26.5,27.8,98,4.6,-30.8,0,0,0.0,Fog,a05n,3
2026-07-10 03:45:00,0.0,26.4,27.7,98,4.5,-28.4,0,0,0.0,Fog,a05n,3
2026-07-10 04:00:00,0.0,26.3,27.5,98,4.4,-26.1,0,0,0.0,Fog,a05n,4
2026-07-10 04:15:00,0.0,26.3,27.5,98,4.3,-23.3,0,0,0.0,Fog,a05n,4
2026-07-10 04:30:00,0.0,26.3,27.5,98,4.2,-20.5,0,0,0.0,Fog,a05n,4
2026-07-10 04:45:00,0.0,26.3,27.5,98,4.1,-17.7,0,0,0.0,Fog,a05n,4
2026-07-10 05:00:00,0.0,26.3,27.5,98,4.0,-15.0,0,0,0.0,Fog,a05n,5
2026-07-10 05:15:00,0.0,26.4,27.7,98,4.0,-11.9,0,0,0.0,Fog,a05n,5
2026-07-10 05:30:00,0.01,26.5,27.7,97,4.0,-8.9,0,0,0.0,Fog,a05n,5
2026-07-10 05:45:00,0.0,26.6,27.8,96,4.0,-5.9,0,0,0.0,Overcast clouds,c04n,5
2026-07-10 06:00:00,0.04,26.7,30.4,96,4.0,-2.8,0,0,0.0,Overcast clouds,c04n,6
2026-07-10 06:15:00,0.95,26.7,30.4,96,4.3,0.4,31,13,1.0,Overcast clouds,c04n,6
2026-07-10 06:30:00,3.31,26.7,30.4,96,4.6,3.6,61,25,1.1,Broken clouds,c03d,6
2026-07-10 06:45:00,6.79,26.7,30.4,96,4.9,6.7,92,38,1.2,Broken clouds,c03d,6
2026-07-10 07:00:00,12.16,26.7,30.4,96,5.2,9.9,122,51,1.2,Broken clouds,c03d,7
2026-07-10 07:15:00,22.12,26.7,30.4,96,5.4,13.2,178,58,1.2,Broken clouds,c03d,7
2026-07-10 07:30:00,20.73,26.7,30.3,95,5.6,16.5,233,66,1.3,Broken clouds,c03d,7
2026-07-10 07:45:00,64.91,26.7,30.2,94,5.8,19.8,289,73,1.3,Broken clouds,c03d,7
2026-07-10 08:00:00,31.76,26.7,30.2,94,6.0,23.1,345,80,1.4,Overcast clouds,c04d,8
2026-07-10 08:15:00,45.9,26.8,30.5,94,6.1,26.5,402,85,1.7,Broken clouds,c03d,8
2026-07-10 08:30:00,72.57,26.9,30.6,93,6.2,29.9,458,90,2.0,Broken clouds,c03d,8
2026-07-10 08:45:00,50.89,26.9,30.7,92,6.3,33.2,515,94,2.4,Broken clouds,c03d,8
2026-07-10 09:00:00,43.76,27.0,30.9,92,6.4,36.6,571,99,2.9,Broken clouds,c03d,9
2026-07-10 09:15:00,156.6,27.7,32.5,89,6.5,40.0,622,102,3.0,Broken clouds,c03d,9
2026-07-10 09:30:00,49.79,28.3,33.9,86,6.6,43.4,672,105,3.1,Broken clouds,c03d,9
2026-07-10 09:45:00,122.36,29.0,35.5,84,6.7,46.8,722,108,3.1,Overcast clouds,c04d,9
2026-07-10 10:00:00,120.1,29.6,36.7,81,6.8,50.2,772,111,3.2,Overcast clouds,c04d,10
2026-07-10 10:15:00,120.97,29.5,36.5,81,6.9,53.7,811,113,3.5,Overcast clouds,c04d,10
2026-07-10 10:30:00,94.37,29.5,36.5,82,7.0,57.1,850,116,3.8,Overcast clouds,c04d,10
2026-07-10 10:45:00,170.7,29.4,36.3,82,7.1,60.6,889,118,4.0,Overcast clouds,c04d,10
2026-07-10 11:00:00,179.82,29.3,36.1,82,7.2,64.0,928,120,4.3,Overcast clouds,c04d,11
2026-07-10 11:15:00,138.17,29.4,36.3,82,7.2,67.4,951,121,4.4,Overcast clouds,c04d,11
2026-07-10 11:30:00,3.88,29.5,36.5,82,7.2,70.9,975,122,4.4,Overcast clouds,c04d,11
2026-07-10 11:45:00,3.9,29.5,36.5,81,7.2,74.4,999,123,4.3,Overcast clouds,c04d,11
2026-07-10 12:00:00,3.93,29.6,36.7,81,7.2,77.8,1023,124,4.3,Overcast clouds,c04d,12
2026-07-10 12:15:00,3.9,30.0,37.3,79,7.2,80.4,1029,125,4.4,Overcast clouds,c04d,12
2026-07-10 12:30:00,3.9,30.4,38.2,78,7.2,83.0,1036,125,4.6,Overcast clouds,c04d,12
2026-07-10 12:45:00,9.54,30.7,38.7,76,7.2,85.6,1043,125,4.8,Drizzle,d02d,12
2026-07-10 13:00:00,58.89,31.1,39.1,74,7.2,88.3,1050,125,4.9,Light rain,r01d,13
2026-07-10 13:15:00,29.52,31.0,38.8,74,7.4,84.8,1039,125,5.2,Thunderstorm with drizzle,t04d,13
2026-07-10 13:30:00,87.13,30.9,38.6,74,7.6,81.4,1028,124,5.6,Thunderstorm with drizzle,t04d,13
2026-07-10 13:45:00,156.8,30.8,38.3,74,7.8,77.9,1017,124,5.9,Thunderstorm with light rain,t01d,13
2026-07-10 14:00:00,109.22,30.7,38.0,74,8.0,74.5,1006,123,6.1,Thunderstorm with light rain,t01d,14
2026-07-10 14:15:00,3.87,30.4,37.5,75,8.1,71.0,978,122,5.7,Thunderstorm with light rain,t01d,14
2026-07-10 14:30:00,3.85,30.2,37.0,76,8.2,67.5,950,121,5.2,Thunderstorm with light rain,t01d,14
2026-07-10 14:45:00,3.94,29.9,36.2,76,8.3,64.1,923,119,4.8,Thunderstorm with light rain,t01d,14
2026-07-10 15:00:00,3.95,29.6,35.7,77,8.4,60.6,895,118,4.3,Thunderstorm with light rain,t01d,15
2026-07-10 15:15:00,91.84,29.4,35.5,78,8.5,57.2,853,116,4.0,Thunderstorm with light rain,t01d,15
2026-07-10 15:30:00,63.25,29.3,35.4,80,8.6,53.8,811,113,3.6,Thunderstorm with light rain,t01d,15
2026-07-10 15:45:00,3.9,29.1,35.2,81,8.7,50.3,769,111,3.3,Light rain,r01d,15
2026-07-10 16:00:00,19.07,28.9,34.9,82,8.8,46.9,727,109,2.9,Light rain,r01d,16
2026-07-10 16:15:00,103.9,29.1,35.2,81,8.7,43.5,675,105,2.8,Light rain,r01d,16
2026-07-10 16:30:00,57.69,29.3,35.4,80,8.6,40.1,622,102,2.7,Light rain,r01d,16
2026-07-10 16:45:00,73.36,29.4,36.0,80,8.5,36.7,570,98,2.5,Drizzle,d02d,16
2026-07-10 17:00:00,151.44,29.6,36.2,79,8.4,33.3,518,95,2.4,Drizzle,d02d,17
2026-07-10 17:15:00,27.05,29.4,36.0,80,8.0,29.9,460,90,2.2,Broken clouds,c03d,17
2026-07-10 17:30:00,3.94,29.3,35.9,82,7.6,26.6,403,85,2.0,Broken clouds,c03d,17
2026-07-10 17:45:00,3.92,29.1,35.6,83,7.2,23.2,346,80,1.9,Broken clouds,c03d,17
2026-07-10 18:00:00,3.93,28.9,35.3,84,6.8,19.9,289,74,1.8,Broken clouds,c03d,18
2026-07-10 18:15:00,3.88,28.8,35.0,84,6.5,16.6,235,66,1.7,Broken clouds,c03d,18
2026-07-10 18:30:00,3.97,28.7,34.7,84,6.2,13.3,181,57,1.6,Scattered clouds,c02d,18
2026-07-10 18:45:00,3.94,28.6,34.4,84,5.9,10.0,127,49,1.5,Scattered clouds,c02d,18
2026-07-10 19:00:00,4.13,28.5,34.1,84,5.6,6.8,74,40,1.5,Scattered clouds,c02d,19
2026-07-10 19:15:00,4.0,28.5,34.1,84,5.2,3.6,55,30,1.4,Broken clouds,c03d,19
2026-07-10 19:30:00,1.51,28.5,34.1,84,4.8,0.4,37,20,1.3,Broken clouds,c03n,19
2026-07-10 19:45:00,0.19,28.5,34.1,84,4.4,-2.7,18,10,0.0,Broken clouds,c03n,19
2026-07-10 20:00:00,0.01,28.5,34.1,84,4.0,-5.9,0,0,0.0,Overcast clouds,c04n,20
2026-07-10 20:15:00,0.0,28.4,34.0,85,3.9,-8.9,0,0,0.0,Overcast clouds,c04n,20
2026-07-10 20:30:00,0.0,28.3,33.9,86,3.8,-11.9,0,0,0.0,Broken clouds,c03n,20
2026-07-10 20:45:00,0.0,28.2,33.8,87,3.7,-14.8,0,0,0.0,Broken clouds,c03n,20
2026-07-10 21:00:00,0.0,28.1,33.7,88,3.6,-17.8,0,0,0.0,Broken clouds,c03n,21
2026-07-10 21:15:00,0.0,27.9,33.3,89,3.6,-20.5,0,0,0.0,Broken clouds,c03n,21
2026-07-10 21:30:00,0.0,27.8,33.0,90,3.6,-23.2,0,0,0.0,Broken clouds,c03n,21
2026-07-10 21:45:00,0.0,27.6,32.6,91,3.6,-25.9,0,0,0.0,Broken clouds,c03n,21
2026-07-10 22:00:00,0.0,27.4,32.2,92,3.6,-28.6,0,0,0.0,Broken clouds,c03n,22
2026-07-10 22:15:00,0.0,27.3,31.9,92,3.6,-30.8,0,0,0.0,Broken clouds,c03n,22
2026-07-10 22:30:00,0.0,27.2,31.7,93,3.6,-33.1,0,0,0.0,Broken clouds,c03n,22
2026-07-10 22:45:00,0.0,27.1,31.5,94,3.6,-35.3,0,0,0.0,Broken clouds,c03n,22
2026-07-10 23:00:00,0.0,27.0,31.2,94,3.6,-37.5,0,0,0.0,Broken clouds,c03n,23
2026-07-10 23:15:00,0.0,27.0,31.2,94,3.6,-39.0,0,0,0.0,Broken clouds,c03n,23
2026-07-10 23:30:00,0.0,27.0,31.2,94,3.6,-40.5,0,0,0.0,Scattered clouds,c02n,23
2026-07-10 23:45:00,0.0,27.0,31.2,94,3.6,-42.0,0,0,0.0,Scattered clouds,c02n,23
2026-07-11 00:00:00,0.0,27.0,31.2,94,3.6,-43.5,0,0,0.0,Scattered clouds,c02n,0
2026-07-11 00:15:00,0.0,26.9,30.9,94,3.6,-43.9,0,0,0.0,Scattered clouds,c02n,0
2026-07-11 00:30:00,0.01,26.9,30.8,95,3.6,-44.4,0,0,0.0,Scattered clouds,c02n,0
2026-07-11 00:45:00,0.0,26.8,30.7,96,3.6,-44.8,0,0,0.0,Scattered clouds,c02n,0
2026-07-11 01:00:00,0.0,26.7,30.4,96,3.6,-45.3,0,0,0.0,Scattered clouds,c02n,1
2026-07-11 01:15:00,0.0,26.7,30.4,96,3.7,-44.5,0,0,0.0,Scattered clouds,c02n,1
2026-07-11 01:30:00,0.0,26.7,30.4,96,3.8,-43.8,0,0,0.0,Scattered clouds,c02n,1
2026-07-11 01:45:00,0.0,26.7,30.4,96,3.9,-43.1,0,0,0.0,Scattered clouds,c02n,1
2026-07-11 02:00:00,0.0,26.7,30.4,96,4.0,-42.4,0,0,0.0,Broken clouds,c03n,2
2026-07-11 02:15:00,0.0,26.7,30.4,96,4.2,-40.7,0,0,0.0,Broken clouds,c03n,2
2026-07-11 02:30:00,0.0,26.7,30.4,96,4.4,-39.0,0,0,0.0,Broken clouds,c03n,2
2026-07-11 02:45:00,0.0,26.7,30.4,96,4.6,-37.3,0,0,0.0,Broken clouds,c03n,2
2026-07-11 03:00:00,0.0,26.7,30.4,96,4.8,-35.6,0,0,0.0,Broken clouds,c03n,3
2026-07-11 03:15:00,0.0,26.7,30.4,96,4.8,-33.3,0,0,0.0,Broken clouds,c03n,3
2026-07-11 03:30:00,0.0,26.7,30.4,96,4.8,-30.9,0,0,0.0,Overcast clouds,c04n,3
2026-07-11 03:45:00,0.0,26.7,30.4,96,4.8,-28.5,0,0,0.0,Overcast clouds,c04n,3
2026-07-11 04:00:00,0.0,26.7,30.4,96,4.8,-26.2,0,0,0.0,Drizzle,d02n,4
2026-07-11 04:15:00,0.0,26.6,27.8,96,4.8,-23.4,0,0,0.0,Drizzle,d02n,4
2026-07-11 04:30:00,0.0,26.5,27.7,97,4.8,-20.6,0,0,0.0,Light rain,r01n,4
2026-07-11 04:45:00,0.0,26.4,27.7,98,4.8,-17.8,0,0,0.0,Drizzle,d02n,4
2026-07-11 05:00:00,0.0,26.3,27.5,98,4.8,-15.1,0,0,0.0,Fog,a05n,5
2026-07-11 05:15:00,0.0,26.5,27.7,97,4.8,-12.0,0,0,0.0,Fog,a05n,5
2026-07-11 05:30:00,0.0,26.7,27.9,96,4.8,-9.0,0,0,0.0,Broken clouds,c03n,5
2026-07-11 05:45:00,0.01,26.8,30.7,95,4.8,-6.0,0,0,0.0,Overcast clouds,c04n,5
2026-07-11 06:00:00,0.01,27.0,31.2,94,4.8,-2.9,0,0,0.0,Overcast clouds,c04n,6
2026-07-11 06:15:00,0.98,27.0,31.2,94,4.8,0.3,30,13,1.0,Overcast clouds,c04n,6
2026-07-11 06:30:00,5.03,27.0,31.2,94,4.8,3.5,60,25,1.1,Broken clouds,c03d,6
2026-07-11 06:45:00,18.54,27.0,31.2,94,4.8,6.7,91,38,1.1,Broken clouds,c03d,6
2026-07-11 07:00:00,53.74,27.0,31.2,94,4.8,9.9,121,51,1.1,Broken clouds,c03d,7
2026-07-11 07:15:00,30.26,27.0,31.2,94,5.0,13.2,177,58,1.1,Overcast clouds,c04d,7
2026-07-11 07:30:00,29.81,27.0,31.1,93,5.2,16.5,232,65,1.1,Overcast clouds,c04d,7
2026-07-11 07:45:00,21.22,27.0,30.9,92,5.4,19.8,288,73,1.1,Overcast clouds,c04d,7
2026-07-11 08:00:00,70.31,27.0,30.9,92,5.6,23.1,344,80,1.1,Overcast clouds,c04d,8
2026-07-11 08:15:00,39.77,27.0,30.9,92,5.4,26.4,400,85,1.2,Overcast clouds,c04d,8
2026-07-11 08:30:00,112.15,27.0,31.1,93,5.2,29.8,457,89,1.5,Overcast clouds,c04d,8
2026-07-11 08:45:00,152.63,27.0,31.2,94,5.0,33.2,514,94,1.8,Overcast clouds,c04d,8
2026-07-11 09:00:00,78.08,27.0,31.2,94,4.8,36.5,571,99,2.1,Overcast clouds,c04d,9
2026-07-11 09:15:00,115.52,27.9,33.3,89,4.8,39.9,621,102,2.7,Broken clouds,c03d,9
2026-07-11 09:30:00,73.3,28.9,35.2,84,4.8,43.3,671,105,3.3,Broken clouds,c03d,9
2026-07-11 09:45:00,65.15,29.8,36.7,79,4.8,46.8,721,108,4.1,Broken clouds,c03d,9
2026-07-11 10:00:00,31.35,30.7,38.0,74,4.8,50.2,772,111,5.1,Scattered clouds,c02d,10
2026-07-11 10:15:00,79.18,30.7,38.0,74,4.6,53.6,811,113,5.6,Scattered clouds,c02d,10
2026-07-11 10:30:00,3.85,30.7,37.7,73,4.4,57.1,849,116,6.1,Scattered clouds,c02d,10
2026-07-11 10:45:00,3.93,30.7,37.4,72,4.2,60.5,888,118,6.7,Scattered clouds,c02d,10
2026-07-11 11:00:00,3.86,30.7,37.4,72,4.0,63.9,927,120,7.3,Scattered clouds,c02d,11
2026-07-11 11:15:00,3.87,30.8,37.7,72,3.9,67.4,951,121,7.6,Scattered clouds,c02d,11
2026-07-11 11:30:00,3.87,30.9,37.9,72,3.8,70.9,975,122,7.9,Scattered clouds,c02d,11
2026-07-11 11:45:00,3.86,31.0,37.9,71,3.7,74.3,999,123,8.1,Scattered clouds,c02d,11
2026-07-11 12:00:00,75.31,31.1,38.2,71,3.6,77.8,1023,124,8.4,Scattered clouds,c02d,12
2026-07-11 12:15:00,29.4,31.4,38.6,70,3.7,80.4,1029,125,8.6,Scattered clouds,c02d,12
2026-07-11 12:30:00,3.9,31.7,38.7,68,3.8,83.0,1036,125,8.9,Scattered clouds,c02d,12
2026-07-11 12:45:00,3.86,31.9,39.1,67,3.9,85.6,1043,125,9.1,Scattered clouds,c02d,12
2026-07-11 13:00:00,3.96,32.2,39.5,66,4.0,88.3,1050,125,9.2,Scattered clouds,c02d,13
2026-07-11 13:15:00,3.93,32.4,39.7,65,4.2,84.8,1039,125,9.3,Scattered clouds,c02d,13
2026-07-11 13:30:00,6.81,32.6,39.9,64,4.4,81.4,1028,124,9.3,Scattered clouds,c02d,13
2026-07-11 13:45:00,3.89,32.8,40.1,63,4.6,77.9,1017,124,9.3,Scattered clouds,c02d,13
2026-07-11 14:00:00,3.87,33.0,40.3,62,4.8,74.5,1006,123,9.2,Scattered clouds,c02d,14
2026-07-11 14:15:00,3.89,33.0,40.6,63,4.8,71.0,978,122,8.8,Scattered clouds,c02d,14
2026-07-11 14:30:00,3.89,33.0,41.0,64,4.8,67.6,950,121,8.5,Scattered clouds,c02d,14
2026-07-11 14:45:00,3.96,33.0,41.0,64,4.8,64.1,923,119,8.1,Scattered clouds,c02d,14
2026-07-11 15:00:00,79.69,33.0,41.4,65,4.8,60.6,895,118,7.7,Few clouds,c02d,15
2026-07-11 15:15:00,20.79,33.2,41.9,65,4.9,57.2,853,116,6.9,Scattered clouds,c02d,15
2026-07-11 15:30:00,3.9,33.4,42.0,64,5.0,53.8,811,113,6.3,Scattered clouds,c02d,15
2026-07-11 15:45:00,3.85,33.5,42.5,64,5.1,50.3,769,111,5.7,Scattered clouds,c02d,15
2026-07-11 16:00:00,3.85,33.7,43.0,64,5.2,46.9,727,109,5.1,Scattered clouds,c02d,16
2026-07-11 16:15:00,3.84,33.7,43.0,64,5.0,43.5,675,105,4.3,Scattered clouds,c02d,16
2026-07-11 16:30:00,3.87,33.7,43.0,64,4.8,40.1,622,102,3.7,Scattered clouds,c02d,16
2026-07-11 16:45:00,23.56,33.7,43.0,64,4.6,36.7,570,98,3.1,Broken clouds,c03d,16
2026-07-11 17:00:00,61.48,33.7,43.0,64,4.4,33.3,518,95,2.6,Broken clouds,c03d,17
2026-07-11 17:15:00,3.91,32.9,42.2,68,4.3,29.9,460,90,2.2,Broken clouds,c03d,17
2026-07-11 17:30:00,3.88,32.1,41.3,72,4.2,26.6,403,85,1.8,Broken clouds,c03d,17
2026-07-11 17:45:00,3.87,31.2,39.9,75,4.1,23.2,346,80,1.6,Broken clouds,c03d,17
2026-07-11 18:00:00,3.9,30.4,38.6,79,4.0,19.9,288,74,1.4,Broken clouds,c03d,18
2026-07-11 18:15:00,3.92,30.4,38.6,79,3.8,16.6,235,66,1.3,Broken clouds,c03d,18
2026-07-11 18:30:00,3.96,30.4,38.6,79,3.6,13.3,181,57,1.2,Broken clouds,c03d,18
2026-07-11 18:45:00,3.89,30.4,38.6,79,3.4,10.0,127,49,1.1,Broken clouds,c03d,18
2026-07-11 19:00:00,3.95,30.4,38.6,79,3.2,6.7,74,40,1.0,Overcast clouds,c04d,19
2026-07-11 19:15:00,3.93,30.3,38.6,80,3.1,3.6,55,30,1.1,Broken clouds,c03d,19
2026-07-11 19:30:00,1.71,30.2,38.3,80,3.0,0.4,37,20,1.2,Broken clouds,c03n,19
2026-07-11 19:45:00,0.17,30.1,38.0,80,2.9,-2.8,18,10,0.0,Broken clouds,c03n,19
2026-07-11 20:00:00,0.0,30.0,38.0,81,2.8,-5.9,0,0,0.0,Broken clouds,c03n,20
2026-07-11 20:15:00,0.0,30.0,38.0,81,2.9,-8.9,0,0,0.0,Scattered clouds,c02n,20
2026-07-11 20:30:00,0.0,30.0,38.0,81,3.0,-11.9,0,0,0.0,Scattered clouds,c02n,20
2026-07-11 20:45:00,0.0,30.0,38.0,81,3.1,-14.9,0,0,0.0,Scattered clouds,c02n,20
2026-07-11 21:00:00,0.0,30.0,38.0,81,3.2,-17.9,0,0,0.0,Few clouds,c02n,21
2026-07-11 21:15:00,0.0,29.7,37.4,82,3.1,-20.6,0,0,0.0,Few clouds,c02n,21
2026-07-11 21:30:00,0.0,29.5,37.0,84,3.0,-23.3,0,0,0.0,Few clouds,c02n,21
2026-07-11 21:45:00,0.0,29.2,36.4,85,2.9,-26.0,0,0,0.0,Few clouds,c02n,21
2026-07-11 22:00:00,0.0,28.9,35.8,86,2.8,-28.7,0,0,0.0,Few clouds,c02n,22
2026-07-11 22:15:00,0.0,28.8,35.7,87,2.6,-30.9,0,0,0.0,Few clouds,c02n,22
2026-07-11 22:30:00,0.0,28.7,35.6,88,2.4,-33.2,0,0,0.0,Few clouds,c02n,22
2026-07-11 22:45:00,0.0,28.6,35.5,89,2.2,-35.4,0,0,0.0,Few clouds,c02n,22
2026-07-11 23:00:00,0.0,28.5,35.4,90,2.0,-37.6,0,0,0.0,Few clouds,c02n,23
2026-07-11 23:15:00,0.0,28.5,35.4,90,2.0,-39.1,0,0,0.0,Few clouds,c02n,23
2026-07-11 23:30:00,0.0,28.5,35.4,90,2.0,-40.6,0,0,0.0,Few clouds,c02n,23
2026-07-11 23:45:00,0.0,28.5,35.4,90,2.0,-42.1,0,0,0.0,Few clouds,c02n,23
2026-07-12 00:00:00,0.0,28.5,35.4,90,2.0,-43.6,0,0,0.0,Few clouds,c02n,0
2026-07-12 00:15:00,0.01,28.2,34.7,91,2.0,-44.0,0,0,0.0,Few clouds,c02n,0
2026-07-12 00:30:00,0.0,28.0,33.9,92,2.0,-44.5,0,0,0.0,Few clouds,c02n,0
2026-07-12 00:45:00,0.0,27.7,33.2,93,2.0,-44.9,0,0,0.0,Few clouds,c02n,0
2026-07-12 01:00:00,0.0,27.4,32.4,94,2.0,-45.4,0,0,0.0,Few clouds,c02n,1
2026-07-12 01:15:00,0.01,27.4,32.4,94,2.0,-44.7,0,0,0.0,Few clouds,c02n,1
2026-07-12 01:30:00,0.0,27.4,32.4,94,2.0,-44.0,0,0,0.0,Few clouds,c02n,1
2026-07-12 01:45:00,0.0,27.4,32.4,94,2.0,-43.2,0,0,0.0,Few clouds,c02n,1
2026-07-12 02:00:00,0.0,27.4,32.4,94,2.0,-42.5,0,0,0.0,Few clouds,c02n,2
2026-07-12 02:15:00,0.0,27.4,32.4,94,1.9,-40.8,0,0,0.0,Few clouds,c02n,2
2026-07-12 02:30:00,0.0,27.4,32.4,94,1.8,-39.1,0,0,0.0,Few clouds,c02n,2
2026-07-12 02:45:00,0.0,27.4,32.4,94,1.7,-37.4,0,0,0.0,Few clouds,c02n,2
2026-07-12 03:00:00,0.0,27.4,32.4,94,1.6,-35.7,0,0,0.0,Few clouds,c02n,3
2026-07-12 03:15:00,0.0,27.2,32.0,95,1.6,-33.4,0,0,0.0,Few clouds,c02n,3
2026-07-12 03:30:00,0.0,27.1,31.5,96,1.6,-31.0,0,0,0.0,Few clouds,c02n,3
2026-07-12 03:45:00,0.0,26.9,31.1,97,1.6,-28.6,0,0,0.0,Fog,a05n,3
2026-07-12 04:00:00,0.0,26.7,30.6,98,1.6,-26.3,0,0,0.0,Fog,a05n,4
2026-07-12 04:15:00,0.0,26.8,30.8,98,1.5,-23.5,0,0,0.0,Fog,a05n,4
2026-07-12 04:30:00,0.01,26.9,31.0,97,1.4,-20.7,0,0,0.0,Fog,a05n,4
2026-07-12 04:45:00,0.01,26.9,31.1,96,1.3,-17.9,0,0,0.0,Few clouds,c02n,4
2026-07-12 05:00:00,0.0,27.0,31.4,96,1.2,-15.2,0,0,0.0,Few clouds,c02n,5
2026-07-12 05:15:00,0.0,27.0,31.4,96,1.2,-12.1,0,0,0.0,Few clouds,c02n,5
2026-07-12 05:30:00,0.0,27.0,31.4,96,1.2,-9.1,0,0,0.0,Few clouds,c02n,5
2026-07-12 05:45:00,0.01,27.0,31.4,96,1.2,-6.0,0,0,0.0,Few clouds,c02n,5
2026-07-12 06:00:00,0.03,27.0,31.4,96,1.2,-3.0,0,0,0.0,Few clouds,c02n,6
2026-07-12 06:15:00,1.84,27.0,31.4,96,1.4,0.2,30,13,2.0,Few clouds,c02n,6
2026-07-12 06:30:00,5.05,27.0,31.4,96,1.6,3.4,60,25,2.0,Few clouds,c02d,6
2026-07-12 06:45:00,9.78,27.0,31.4,96,1.8,6.6,90,38,2.0,Few clouds,c02d,6
2026-07-12 07:00:00,11.76,27.0,31.4,96,2.0,9.8,120,50,2.0,Few clouds,c02d,7
2026-07-12 07:15:00,19.86,27.4,32.4,94,2.1,13.1,175,58,2.0,Few clouds,c02d,7
2026-07-12 07:30:00,25.31,27.8,33.4,93,2.2,16.4,231,65,2.0,Few clouds,c02d,7
2026-07-12 07:45:00,62.59,28.1,34.5,92,2.3,19.7,287,73,2.1,Scattered clouds,c02d,7
2026-07-12 08:00:00,61.65,28.5,35.4,90,2.4,23.0,343,80,2.1,Scattered clouds,c02d,8
2026-07-12 08:15:00,96.9,28.6,35.7,90,2.5,26.4,399,85,2.3,Scattered clouds,c02d,8
2026-07-12 08:30:00,112.94,28.7,35.8,89,2.6,29.7,456,89,2.6,Scattered clouds,c02d,8
2026-07-12 08:45:00,119.58,28.8,35.9,88,2.7,33.1,513,94,2.9,Scattered clouds,c02d,8
2026-07-12 09:00:00,126.39,28.9,36.3,88,2.8,36.5,570,99,3.2,Scattered clouds,c02d,9
2026-07-12 09:15:00,126.62,29.7,37.9,84,3.1,39.9,620,102,3.4,Broken clouds,c03d,9
2026-07-12 09:30:00,54.94,30.6,39.4,80,3.4,43.3,670,105,3.5,Broken clouds,c03d,9
2026-07-12 09:45:00,86.7,31.4,41.0,77,3.7,46.7,721,108,3.7,Broken clouds,c03d,9
2026-07-12 10:00:00,16.02,32.2,42.2,73,4.0,50.1,771,111,3.8,Broken clouds,c03d,10
2026-07-12 10:15:00,3.84,32.3,42.1,72,3.9,53.6,810,113,4.1,Broken clouds,c03d,10
2026-07-12 10:30:00,3.97,32.4,41.6,70,3.8,57.0,849,115,4.3,Broken clouds,c03d,10
2026-07-12 10:45:00,3.99,32.5,41.5,69,3.7,60.4,888,118,4.5,Overcast clouds,c04d,10
2026-07-12 11:00:00,3.85,32.6,41.4,68,3.6,63.9,927,120,4.7,Overcast clouds,c04d,11
2026-07-12 11:15:00,3.85,32.7,41.7,68,4.1,67.4,951,121,4.8,Overcast clouds,c04d,11
2026-07-12 11:30:00,3.94,32.8,42.0,68,4.6,70.8,975,122,4.9,Overcast clouds,c04d,11
2026-07-12 11:45:00,46.2,32.9,41.9,67,5.1,74.3,999,123,4.9,Overcast clouds,c04d,11
2026-07-12 12:00:00,38.44,33.0,42.2,67,5.6,77.7,1022,124,4.9,Overcast clouds,c04d,12
2026-07-12 12:15:00,116.58,33.5,42.7,65,5.5,80.4,1029,125,5.1,Overcast clouds,c04d,12
2026-07-12 12:30:00,35.49,33.9,43.2,63,5.4,83.0,1036,125,5.1,Overcast clouds,c04d,12
2026-07-12 12:45:00,3.9,34.4,43.6,61,5.3,85.6,1043,125,5.2,Overcast clouds,c04d,12
2026-07-12 13:00:00,3.85,34.8,44.0,59,5.2,88.2,1050,125,5.3,Overcast clouds,c04d,13
2026-07-12 13:15:00,3.9,35.0,44.6,59,5.2,84.8,1039,125,5.5,Overcast clouds,c04d,13
2026-07-12 13:30:00,49.08,35.2,44.7,58,5.2,81.4,1028,124,5.6,Overcast clouds,c04d,13
2026-07-12 13:45:00,35.85,35.4,45.3,58,5.2,77.9,1017,124,5.6,Overcast clouds,c04d,13
2026-07-12 14:00:00,26.55,35.6,45.9,58,5.2,74.5,1006,123,5.7,Overcast clouds,c04d,14
2026-07-12 14:15:00,13.68,35.6,45.9,58,5.0,71.0,978,122,5.8,Broken clouds,c03d,14
2026-07-12 14:30:00,5.53,35.6,45.9,58,4.8,67.6,951,121,5.7,Broken clouds,c03d,14
2026-07-12 14:45:00,3.86,35.6,46.4,59,4.6,64.1,923,119,5.7,Broken clouds,c03d,14
2026-07-12 15:00:00,3.95,35.6,46.4,59,4.4,60.7,895,118,5.7,Broken clouds,c03d,15
2026-07-12 15:15:00,3.91,35.6,46.4,59,4.4,57.2,853,116,5.5,Broken clouds,c03d,15
2026-07-12 15:30:00,3.94,35.6,45.9,58,4.4,53.8,811,113,5.2,Broken clouds,c03d,15
2026-07-12 15:45:00,3.91,35.6,45.9,58,4.4,50.3,769,111,4.9,Broken clouds,c03d,15
2026-07-12 16:00:00,3.91,35.6,45.9,58,4.4,46.9,727,109,4.6,Scattered clouds,c02d,16
2026-07-12 16:15:00,119.24,35.5,45.6,58,4.3,43.5,675,105,4.0,Scattered clouds,c02d,16
2026-07-12 16:30:00,73.83,35.4,45.3,58,4.2,40.1,622,102,3.5,Broken clouds,c03d,16
2026-07-12 16:45:00,38.31,35.3,45.0,58,4.1,36.7,570,98,3.0,Broken clouds,c03d,16
2026-07-12 17:00:00,13.76,35.2,44.7,58,4.0,33.3,518,95,2.6,Broken clouds,c03d,17
2026-07-12 17:15:00,5.3,34.4,43.7,61,3.9,29.9,460,90,2.2,Broken clouds,c03d,17
2026-07-12 17:30:00,3.84,33.6,42.6,64,3.8,26.6,403,85,1.8,Broken clouds,c03d,17
2026-07-12 17:45:00,3.85,32.7,41.8,68,3.7,23.2,346,80,1.5,Broken clouds,c03d,17
2026-07-12 18:00:00,3.88,31.9,40.5,71,3.6,19.9,288,74,1.2,Overcast clouds,c04d,18
2026-07-12 18:15:00,3.91,32.0,40.3,70,3.0,16.6,234,66,1.1,Overcast clouds,c04d,18
2026-07-12 18:30:00,3.91,32.1,40.6,70,2.4,13.3,181,57,1.1,Overcast clouds,c04d,18
2026-07-12 18:45:00,3.89,32.1,40.8,70,1.8,10.0,127,49,1.1,Overcast clouds,c04d,18
2026-07-12 19:00:00,3.86,32.2,40.6,69,1.2,6.7,73,40,1.0,Overcast clouds,c04d,19
2026-07-12 19:15:00,4.11,32.1,40.8,70,1.2,3.6,55,30,1.0,Overcast clouds,c04d,19
2026-07-12 19:30:00,1.98,32.1,40.9,71,1.2,0.4,37,20,1.0,Overcast clouds,c04n,19
2026-07-12 19:45:00,0.48,32.0,41.1,72,1.4,-2.8,18,10,0.0,Broken clouds,c03n,19
2026-07-12 20:00:00,0.0,31.9,41.2,73,1.6,-6.0,0,0,0.0,Broken clouds,c03n,20
2026-07-12 20:15:00,0.0,31.8,40.9,73,1.6,-9.0,0,0,0.0,Broken clouds,c03n,20
2026-07-12 20:30:00,0.0,31.7,41.0,74,2.0,-11.9,0,0,0.0,Broken clouds,c03n,20
2026-07-12 20:45:00,0.0,31.6,40.7,74,2.4,-14.9,0,0,0.0,Broken clouds,c03n,20
2026-07-12 21:00:00,0.0,31.5,40.3,74,2.8,-17.9,0,0,0.0,Broken clouds,c03n,21
2026-07-12 21:15:00,0.0,31.1,39.9,76,3.1,-20.6,0,0,0.0,Broken clouds,c03n,21
2026-07-12 21:30:00,0.0,30.8,39.4,78,3.4,-23.3,0,0,0.0,Broken clouds,c03n,21
2026-07-12 21:45:00,0.0,30.4,38.5,79,3.7,-26.0,0,0,0.0,Broken clouds,c03n,21
2026-07-12 22:00:00,0.0,30.0,38.0,81,4.0,-28.8,0,0,0.0,Broken clouds,c03n,22
2026-07-12 22:15:00,0.0,29.9,37.6,81,4.1,-31.0,0,0,0.0,Broken clouds,c03n,22
2026-07-12 22:30:00,0.0,29.8,37.6,82,4.2,-33.2,0,0,0.0,Broken clouds,c03n,22
2026-07-12 22:45:00,0.0,29.7,37.3,82,4.3,-35.5,0,0,0.0,Broken clouds,c03n,22
2026-07-12 23:00:00,0.0,29.6,37.0,82,4.4,-37.7,0,0,0.0,Broken clouds,c03n,23
2026-07-12 23:15:00,0.0,29.6,37.0,82,4.2,-39.2,0,0,0.0,Broken clouds,c03n,23
2026-07-12 23:30:00,0.0,29.6,37.0,82,4.0,-40.7,0,0,0.0,Broken clouds,c03n,23
2026-07-12 23:45:00,0.0,29.6,37.0,82,3.8,-42.2,0,0,0.0,Broken clouds,c03n,23
2026-07-13 00:00:00,0.0,29.6,37.0,82,3.6,-43.7,0,0,0.0,Broken clouds,c03n,0
2026-07-13 00:15:00,0.0,29.3,36.6,84,3.4,-44.2,0,0,0.0,Overcast clouds,c04n,0
2026-07-13 00:30:00,0.0,29.1,36.0,85,3.2,-44.6,0,0,0.0,Overcast clouds,c04n,0
2026-07-13 00:45:00,0.0,28.8,35.4,86,3.0,-45.1,0,0,0.0,Overcast clouds,c04n,0
2026-07-13 01:00:00,0.0,28.5,35.0,88,2.8,-45.5,0,0,0.0,Overcast clouds,c04n,1
2026-07-13 01:15:00,0.0,28.4,34.6,88,2.7,-44.8,0,0,0.0,Overcast clouds,c04n,1
2026-07-13 01:30:00,0.0,28.3,34.5,89,2.6,-44.1,0,0,0.0,Broken clouds,c03n,1
2026-07-13 01:45:00,0.0,28.2,34.4,90,2.5,-43.4,0,0,0.0,Broken clouds,c03n,1
2026-07-13 02:00:00,0.0,28.1,34.1,90,2.4,-42.7,0,0,0.0,Broken clouds,c03n,2
2026-07-13 02:15:00,0.0,28.1,34.1,90,2.5,-41.0,0,0,0.0,Broken clouds,c03n,2
2026-07-13 02:30:00,0.0,28.1,34.1,90,2.6,-39.3,0,0,0.0,Broken clouds,c03n,2
2026-07-13 02:45:00,0.0,28.1,34.1,90,2.7,-37.6,0,0,0.0,Broken clouds,c03n,2
2026-07-13 03:00:00,0.0,28.1,34.1,90,2.8,-35.9,0,0,0.0,Broken clouds,c03n,3
2026-07-13 03:15:00,0.0,27.8,33.5,92,2.7,-33.5,0,0,0.0,Broken clouds,c03n,3
2026-07-13 03:30:00,0.0,27.6,32.8,93,2.6,-31.1,0,0,0.0,Broken clouds,c03n,3
2026-07-13 03:45:00,0.0,27.3,32.0,94,2.5,-28.8,0,0,0.0,Broken clouds,c03n,3
2026-07-13 04:00:00,0.0,27.0,31.4,96,2.4,-26.4,0,0,0.0,Scattered clouds,c02n,4
2026-07-13 04:15:00,0.0,27.0,31.4,96,2.3,-23.6,0,0,0.0,Scattered clouds,c02n,4
2026-07-13 04:30:00,0.0,27.0,31.4,96,2.2,-20.8,0,0,0.0,Scattered clouds,c02n,4
2026-07-13 04:45:00,0.0,27.0,31.4,96,2.1,-18.0,0,0,0.0,Scattered clouds,c02n,4
2026-07-13 05:00:00,0.0,27.0,31.4,96,2.0,-15.3,0,0,0.0,Scattered clouds,c02n,5
2026-07-13 05:15:00,0.0,27.3,32.0,94,2.0,-12.2,0,0,0.0,Scattered clouds,c02n,5
2026-07-13 05:30:00,0.0,27.6,32.8,93,2.0,-9.2,0,0,0.0,Scattered clouds,c02n,5
2026-07-13 05:45:00,0.0,27.8,33.5,92,2.0,-6.1,0,0,0.0,Scattered clouds,c02n,5
2026-07-13 06:00:00,0.05,28.1,34.1,90,2.0,-3.1,0,0,0.0,Scattered clouds,c02n,6
2026-07-13 06:15:00,1.99,28.1,34.1,90,2.3,0.1,30,13,1.5,Scattered clouds,c02n,6
2026-07-13 06:30:00,5.44,28.1,34.1,90,2.6,3.3,59,25,1.5,Broken clouds,c03d,6
2026-07-13 06:45:00,10.76,28.1,34.1,90,2.9,6.5,89,38,1.5,Broken clouds,c03d,6
2026-07-13 07:00:00,20.48,28.1,34.1,90,3.2,9.7,118,50,1.5,Broken clouds,c03d,7
2026-07-13 07:15:00,31.13,28.2,34.4,90,3.4,13.0,174,58,1.6,Scattered clouds,c02d,7
2026-07-13 07:30:00,47.18,28.3,34.7,90,3.6,16.3,230,65,1.8,Scattered clouds,c02d,7
2026-07-13 07:45:00,65.22,28.4,35.0,90,3.8,19.6,286,72,2.0,Scattered clouds,c02d,7
2026-07-13 08:00:00,76.89,28.5,35.4,90,4.0,22.9,341,80,2.3,Scattered clouds,c02d,8
2026-07-13 08:15:00,81.52,28.6,35.7,90,4.0,26.3,398,85,2.4,Scattered clouds,c02d,8
2026-07-13 08:30:00,108.77,28.7,35.8,89,4.0,29.7,455,89,2.6,Scattered clouds,c02d,8
2026-07-13 08:45:00,130.02,28.8,35.9,88,4.0,33.0,512,94,2.8,Broken clouds,c03d,8
2026-07-13 09:00:00,54.68,28.9,36.3,88,4.0,36.4,569,99,3.0,Broken clouds,c03d,9
2026-07-13 09:15:00,121.92,29.7,37.9,84,4.2,39.8,619,102,3.2,Broken clouds,c03d,9
2026-07-13 09:30:00,114.17,30.6,39.7,81,4.4,43.2,670,105,3.5,Broken clouds,c03d,9
2026-07-13 09:45:00,116.67,31.4,41.4,78,4.6,46.7,720,108,3.8,Broken clouds,c03d,9
2026-07-13 10:00:00,30.55,32.2,42.6,74,4.8,50.1,770,111,4.0,Broken clouds,c03d,10
2026-07-13 10:15:00,120.0,32.5,42.6,72,4.8,53.5,809,113,4.6,Broken clouds,c03d,10
2026-07-13 10:30:00,124.75,32.8,43.1,71,4.8,57.0,848,115,5.2,Broken clouds,c03d,10
2026-07-13 10:45:00,6.3,33.0,43.5,70,4.8,60.4,887,118,5.9,Broken clouds,c03d,10
2026-07-13 11:00:00,97.12,33.3,43.5,68,4.8,63.9,926,120,6.5,Broken clouds,c03d,11
2026-07-13 11:15:00,41.74,33.4,43.9,68,4.9,67.3,950,121,7.1,Broken clouds,c03d,11
2026-07-13 11:30:00,3.97,33.5,44.2,68,5.0,70.8,974,122,7.8,Scattered clouds,c02d,11
2026-07-13 11:45:00,3.97,33.6,44.0,67,5.1,74.2,998,123,8.3,Scattered clouds,c02d,11
2026-07-13 12:00:00,3.98,33.7,44.4,67,5.2,77.7,1022,124,8.9,Scattered clouds,c02d,12
2026-07-13 12:15:00,3.94,34.1,44.6,65,5.2,80.3,1029,125,9.2,Scattered clouds,c02d,12
2026-07-13 12:30:00,31.56,34.5,45.3,64,5.2,82.9,1036,125,9.5,Scattered clouds,c02d,12
2026-07-13 12:45:00,30.25,34.8,45.5,62,5.2,85.6,1043,125,9.8,Scattered clouds,c02d,12
2026-07-13 13:00:00,104.55,35.2,45.7,60,5.2,88.2,1050,125,10.1,Scattered clouds,c02d,13
2026-07-13 13:15:00,107.57,35.2,45.7,60,5.2,84.8,1039,125,10.0,Scattered clouds,c02d,13
2026-07-13 13:30:00,74.0,35.2,45.2,59,5.2,81.3,1028,124,9.9,Scattered clouds,c02d,13
2026-07-13 13:45:00,25.44,35.2,44.7,58,5.2,77.9,1017,124,9.7,Scattered clouds,c02d,13
2026-07-13 14:00:00,10.71,35.2,44.7,58,5.2,74.5,1006,123,9.5,Scattered clouds,c02d,14
2026-07-13 14:15:00,7.72,35.3,45.0,58,5.1,71.0,978,122,8.7,Scattered clouds,c02d,14
2026-07-13 14:30:00,3.94,35.4,44.8,57,5.0,67.6,951,121,8.1,Scattered clouds,c02d,14
2026-07-13 14:45:00,50.98,35.5,44.6,56,4.9,64.1,923,119,7.4,Scattered clouds,c02d,14
2026-07-13 15:00:00,27.32,35.6,44.9,56,4.8,60.7,895,118,6.7,Scattered clouds,c02d,15
2026-07-13 15:15:00,12.14,35.7,45.1,56,4.8,57.2,853,116,5.4,Broken clouds,c03d,15
2026-07-13 15:30:00,5.45,35.8,44.8,55,4.8,53.8,811,113,4.2,Broken clouds,c03d,15
2026-07-13 15:45:00,205.64,35.8,44.5,54,4.8,50.3,769,111,3.3,Overcast clouds,c04d,15
2026-07-13 16:00:00,196.14,35.9,44.7,54,4.8,46.9,727,109,2.4,Overcast clouds,c04d,16
2026-07-13 16:15:00,50.34,35.9,44.7,54,4.8,43.5,675,105,2.0,Overcast clouds,c04d,16
2026-07-13 16:30:00,39.98,35.9,44.7,54,4.8,40.1,622,102,1.7,Overcast clouds,c04d,16
2026-07-13 16:45:00,11.11,35.9,44.3,53,4.8,36.7,570,98,1.5,Overcast clouds,c04d,16
2026-07-13 17:00:00,136.06,35.9,44.3,53,4.8,33.3,518,95,1.3,Overcast clouds,c04d,17
2026-07-13 17:15:00,73.92,35.3,43.9,56,4.7,29.9,460,90,1.1,Overcast clouds,c04d,17
2026-07-13 17:30:00,90.71,34.6,43.4,59,4.6,26.6,403,85,1.0,Overcast clouds,c04d,17
2026-07-13 17:45:00,41.01,34.0,42.9,62,4.5,23.2,345,79,0.9,Overcast clouds,c04d,17
2026-07-13 18:00:00,61.92,33.3,42.3,65,4.4,19.8,288,74,0.8,Overcast clouds,c04d,18
2026-07-13 18:15:00,43.58,33.2,42.5,66,4.3,16.5,234,66,0.8,Overcast clouds,c04d,18
2026-07-13 18:30:00,30.38,33.2,42.2,66,4.2,13.3,180,57,0.8,Overcast clouds,c04d,18
2026-07-13 18:45:00,15.61,33.1,42.0,66,4.1,10.0,127,49,0.8,Overcast clouds,c04d,18
2026-07-13 19:00:00,10.14,33.0,42.2,67,4.0,6.7,73,40,0.8,Overcast clouds,c04d,19
2026-07-13 19:15:00,6.01,32.9,41.9,67,4.3,3.5,55,30,0.8,Overcast clouds,c04d,19
2026-07-13 19:30:00,2.42,32.8,41.6,67,4.6,0.3,36,20,0.8,Overcast clouds,c04n,19
2026-07-13 19:45:00,0.69,32.7,41.3,67,4.9,-2.8,18,10,0.0,Overcast clouds,c04n,19
2026-07-13 20:00:00,0.02,32.6,41.0,67,5.2,-6.0,0,0,0.0,Overcast clouds,c04n,20
2026-07-13 20:15:00,0.0,32.5,40.7,67,5.4,-9.0,0,0,0.0,Overcast clouds,c04n,20
2026-07-13 20:30:00,0.0,32.4,40.8,68,5.6,-12.0,0,0,0.0,Overcast clouds,c04n,20
2026-07-13 20:45:00,0.0,32.3,40.5,68,5.8,-15.0,0,0,0.0,Overcast clouds,c04n,20
2026-07-13 21:00:00,0.0,32.2,40.3,68,6.0,-18.0,0,0,0.0,Overcast clouds,c04n,21
2026-07-13 21:15:00,0.0,31.8,39.9,70,5.9,-20.7,0,0,0.0,Overcast clouds,c04n,21
2026-07-13 21:30:00,0.0,31.5,39.5,72,5.8,-23.4,0,0,0.0,Overcast clouds,c04n,21
2026-07-13 21:45:00,0.0,31.1,39.1,74,5.7,-26.1,0,0,0.0,Overcast clouds,c04n,21
2026-07-13 22:00:00,0.0,30.7,38.6,76,5.6,-28.8,0,0,0.0,Overcast clouds,c04n,22
2026-07-13 22:15:00,0.0,30.4,38.1,77,5.4,-31.1,0,0,0.0,Overcast clouds,c04n,22
2026-07-13 22:30:00,0.0,30.2,37.6,78,5.2,-33.3,0,0,0.0,Overcast clouds,c04n,22
2026-07-13 22:45:00,0.0,29.9,37.3,80,5.0,-35.6,0,0,0.0,Overcast clouds,c04n,22
2026-07-13 23:00:00,0.0,29.6,36.7,81,4.8,-37.8,0,0,0.0,Overcast clouds,c04n,23
2026-07-13 23:15:00,0.0,29.5,36.5,81,4.6,-39.3,0,0,0.0,Overcast clouds,c04n,23
2026-07-13 23:30:00,0.0,29.5,36.5,82,4.4,-40.8,0,0,0.0,Overcast clouds,c04n,23
2026-07-13 23:45:00,0.0,29.4,36.3,82,4.2,-42.3,0,0,0.0,Overcast clouds,c04n,23
2026-07-14 00:00:00,0.0,29.3,36.1,82,4.0,-43.9,0,0,0.0,Overcast clouds,c04n,0
2026-07-14 00:15:00,0.0,29.1,35.5,82,3.8,-44.3,0,0,0.0,Overcast clouds,c04n,0
2026-07-14 00:30:00,0.0,28.9,35.1,83,3.6,-44.8,0,0,0.0,Overcast clouds,c04n,0
2026-07-14 00:45:00,0.0,28.7,34.7,84,3.4,-45.2,0,0,0.0,Overcast clouds,c04n,0
2026-07-14 01:00:00,0.0,28.5,34.1,84,3.2,-45.7,0,0,0.0,Drizzle,d02n,1
2026-07-14 01:15:00,0.0,28.5,34.1,84,3.1,-45.0,0,0,0.0,Drizzle,d02n,1
2026-07-14 01:30:00,0.0,28.5,34.1,84,3.0,-44.3,0,0,0.0,Light rain,r01n,1
2026-07-14 01:45:00,0.0,28.5,34.1,84,2.9,-43.5,0,0,0.0,Drizzle,d02n,1
2026-07-14 02:00:00,0.0,28.5,34.1,84,2.8,-42.8,0,0,0.0,Overcast clouds,c04n,2
2026-07-14 02:15:00,0.0,28.4,33.9,84,3.0,-41.1,0,0,0.0,Overcast clouds,c04n,2
2026-07-14 02:30:00,0.0,28.3,33.8,85,3.2,-39.4,0,0,0.0,Overcast clouds,c04n,2
2026-07-14 02:45:00,0.0,28.2,33.6,86,3.4,-37.7,0,0,0.0,Overcast clouds,c04n,2
2026-07-14 03:00:00,0.0,28.1,33.4,86,3.6,-36.0,0,0,0.0,Overcast clouds,c04n,3
2026-07-14 03:15:00,0.0,28.0,33.3,87,3.4,-33.6,0,0,0.0,Overcast clouds,c04n,3
2026-07-14 03:30:00,0.0,28.0,33.2,88,3.2,-31.3,0,0,0.0,Overcast clouds,c04n,3
2026-07-14 03:45:00,0.0,27.9,33.2,89,3.0,-28.9,0,0,0.0,Overcast clouds,c04n,3
2026-07-14 04:00:00,0.0,27.8,33.1,90,2.8,-26.5,0,0,0.0,Overcast clouds,c04n,4
2026-07-14 04:15:00,0.0,27.7,32.8,90,2.7,-23.7,0,0,0.0,Overcast clouds,c04n,4
2026-07-14 04:30:00,0.0,27.6,32.7,91,2.6,-20.9,0,0,0.0,Overcast clouds,c04n,4
2026-07-14 04:45:00,0.0,27.5,32.5,92,2.5,-18.1,0,0,0.0,Overcast clouds,c04n,4
2026-07-14 05:00:00,0.0,27.4,32.2,92,2.4,-15.4,0,0,0.0,Overcast clouds,c04n,5
2026-07-14 05:15:00,0.0,27.6,32.4,90,2.3,-12.3,0,0,0.0,Overcast clouds,c04n,5
2026-07-14 05:30:00,0.0,27.8,32.8,89,2.2,-9.3,0,0,0.0,Overcast clouds,c04n,5
2026-07-14 05:45:00,0.0,27.9,33.2,88,2.1,-6.2,0,0,0.0,Overcast clouds,c04n,5
2026-07-14 06:00:00,0.03,28.1,33.4,86,2.0,-3.2,0,0,0.0,Drizzle,d02n,6
2026-07-14 06:15:00,0.85,28.2,33.6,86,2.1,0.0,29,13,0.7,Drizzle,d02n,6
2026-07-14 06:30:00,4.39,28.3,33.8,85,2.2,3.2,59,25,0.7,Drizzle,d02d,6
2026-07-14 06:45:00,11.5,28.4,33.9,84,2.3,6.4,88,38,0.8,Overcast clouds,c04d,6
2026-07-14 07:00:00,18.67,28.5,34.1,84,2.4,9.6,117,50,0.8,Overcast clouds,c04d,7
2026-07-14 07:15:00,18.93,28.6,34.4,84,2.5,12.9,173,57,0.9,Overcast clouds,c04d,7
2026-07-14 07:30:00,17.82,28.7,34.7,84,2.6,16.2,229,65,1.0,Overcast clouds,c04d,7
2026-07-14 07:45:00,27.6,28.8,35.0,84,2.7,19.6,285,72,1.1,Overcast clouds,c04d,7
2026-07-14 08:00:00,34.01,28.9,35.3,84,2.8,22.9,340,80,1.2,Overcast clouds,c04d,8
2026-07-14 08:15:00,46.15,29.0,35.6,84,3.0,26.2,397,84,1.4,Overcast clouds,c04d,8
2026-07-14 08:30:00,66.41,29.1,35.9,84,3.2,29.6,454,89,1.5,Overcast clouds,c04d,8
2026-07-14 08:45:00,72.69,29.2,36.3,84,3.4,33.0,511,94,1.7,Overcast clouds,c04d,8
2026-07-14 09:00:00,96.71,29.3,36.6,84,3.6,36.4,568,99,1.9,Overcast clouds,c04d,9
2026-07-14 09:15:00,92.07,30.0,38.0,81,3.8,39.8,618,102,2.0,Overcast clouds,c04d,9
2026-07-14 09:30:00,64.71,30.8,39.4,78,4.0,43.2,669,105,2.2,Overcast clouds,c04d,9
2026-07-14 09:45:00,42.87,31.5,40.3,74,4.2,46.6,719,108,2.3,Overcast clouds,c04d,9
2026-07-14 10:00:00,22.23,32.2,41.4,71,4.4,50.0,770,111,2.4,Overcast clouds,c04d,10
2026-07-14 10:15:00,107.37,32.3,41.3,70,4.6,53.5,809,113,2.6,Light rain,r01d,10
2026-07-14 10:30:00,116.38,32.4,41.6,70,4.8,56.9,848,115,2.7,Moderate rain,r02d,10
2026-07-14 10:45:00,107.25,32.5,41.5,69,5.0,60.4,887,118,2.9,Light rain,r01d,10
2026-07-14 11:00:00,61.97,32.6,41.4,68,5.2,63.8,926,120,3.1,Light rain,r01d,11
2026-07-14 11:15:00,3.97,32.7,41.3,67,5.2,67.3,950,121,3.2,Drizzle,d02d,11
2026-07-14 11:30:00,3.87,32.8,41.2,66,5.2,70.7,974,122,3.4,Overcast clouds,c04d,11
2026-07-14 11:45:00,26.96,32.9,41.5,66,5.2,74.2,998,123,3.5,Overcast clouds,c04d,11
2026-07-14 12:00:00,23.98,33.0,41.4,65,5.2,77.6,1022,124,3.6,Overcast clouds,c04d,12
2026-07-14 12:15:00,15.67,33.4,41.6,63,5.1,80.3,1029,125,3.7,Overcast clouds,c04d,12
2026-07-14 12:30:00,144.09,33.7,41.8,61,5.0,82.9,1036,125,3.7,Overcast clouds,c04d,12
2026-07-14 12:45:00,58.11,34.1,41.9,59,4.9,85.5,1043,125,3.8,Overcast clouds,c04d,12
2026-07-14 13:00:00,28.09,34.4,42.0,57,4.8,88.1,1050,125,3.8,Overcast clouds,c04d,13
2026-07-14 13:15:00,6.22,34.4,42.0,57,4.9,84.7,1039,125,3.8,Overcast clouds,c04d,13
2026-07-14 13:30:00,131.44,34.4,42.0,57,5.0,81.3,1028,124,3.8,Overcast clouds,c04d,13
2026-07-14 13:45:00,83.06,34.4,42.0,57,5.1,77.9,1017,124,3.7,Overcast clouds,c04d,13
2026-07-14 14:00:00,0.0,34.4,42.0,57,5.2,74.5,1006,123,3.6,Overcast clouds,c04d,14
2026-07-14 14:15:00,0.0,34.5,42.3,57,5.3,71.0,979,122,3.4,Overcast clouds,c04d,14
2026-07-14 14:30:00,43.53,34.6,42.1,56,5.4,67.6,951,121,3.3,Overcast clouds,c04d,14
2026-07-14 14:45:00,22.24,34.7,42.4,56,5.5,64.1,923,119,3.0,Overcast clouds,c04d,14
2026-07-14 15:00:00,11.51,34.8,42.6,56,5.6,60.7,896,118,2.8,Overcast clouds,c04d,15
2026-07-14 15:15:00,9.9,34.6,42.6,57,6.4,57.2,853,116,2.6,Overcast clouds,c04d,15
2026-07-14 15:30:00,79.65,34.5,42.6,58,7.2,53.8,811,113,2.3,Overcast clouds,c04d,15
2026-07-14 15:45:00,71.68,34.3,42.5,59,8.0,50.3,769,111,2.1,Overcast clouds,c04d,15
2026-07-14 16:00:00,7.71,34.1,42.5,60,8.8,46.9,727,109,1.9,Overcast clouds,c04d,16
2026-07-14 16:15:00,3.95,33.7,42.2,62,8.2,43.5,675,105,1.7,Overcast clouds,c04d,16
2026-07-14 16:30:00,3.98,33.4,42.0,64,7.6,40.1,622,102,1.5,Overcast clouds,c04d,16
2026-07-14 16:45:00,57.73,33.0,41.3,65,7.0,36.7,570,98,1.4,Overcast clouds,c04d,16
2026-07-14 17:00:00,0.0,32.6,41.0,67,6.4,33.3,517,95,1.2,Overcast clouds,c04d,17
2026-07-14 17:15:00,49.21,31.8,40.1,71,6.3,29.9,460,90,1.1,Overcast clouds,c04d,17
2026-07-14 17:30:00,41.38,31.0,38.7,74,6.2,26.5,403,85,1.0,Overcast clouds,c04d,17
2026-07-14 17:45:00,35.11,30.1,37.5,78,6.1,23.2,345,79,0.9,Overcast clouds,c04d,17
2026-07-14 18:00:00,30.22,29.3,36.1,82,6.0,19.8,288,74,0.8,Overcast clouds,c04d,18
2026-07-14 18:15:00,25.12,29.3,36.1,82,5.5,16.5,234,66,0.7,Overcast clouds,c04d,18
2026-07-14 18:30:00,17.78,29.3,36.1,82,5.0,13.2,180,57,0.7,Overcast clouds,c04d,18
2026-07-14 18:45:00,10.1,29.3,36.1,82,4.5,9.9,126,49,0.7,Overcast clouds,c04d,18
2026-07-14 19:00:00,6.08,29.3,36.1,82,4.0,6.7,72,40,0.6,Overcast clouds,c04d,19
2026-07-14 19:15:00,2.57,29.4,36.3,82,3.9,3.5,54,30,0.6,Overcast clouds,c04d,19
2026-07-14 19:30:00,0.59,29.5,36.5,82,3.8,0.3,36,20,0.6,Overcast clouds,c04n,19
2026-07-14 19:45:00,0.13,29.5,36.8,82,3.7,-2.9,18,10,0.0,Overcast clouds,c04n,19
2026-07-14 20:00:00,0.0,29.6,37.0,82,3.6,-6.1,0,0,0.0,Overcast clouds,c04n,20
2026-07-14 20:15:00,0.0,29.6,37.0,82,3.9,-9.1,0,0,0.0,Overcast clouds,c04n,20
2026-07-14 20:30:00,0.0,29.6,37.3,83,4.2,-12.1,0,0,0.0,Overcast clouds,c04n,20
2026-07-14 20:45:00,0.0,29.6,37.5,84,4.5,-15.1,0,0,0.0,Overcast clouds,c04n,20
2026-07-14 21:00:00,0.0,29.6,37.5,84,4.8,-18.1,0,0,0.0,Overcast clouds,c04n,21
2026-07-14 21:15:00,0.0,29.4,37.0,84,4.7,-20.8,0,0,0.0,Overcast clouds,c04n,21
2026-07-14 21:30:00,0.0,29.3,36.7,85,4.6,-23.5,0,0,0.0,Overcast clouds,c04n,21
2026-07-14 21:45:00,0.0,29.1,36.3,86,4.5,-26.2,0,0,0.0,Overcast clouds,c04n,21
2026-07-14 22:00:00,0.0,28.9,35.8,86,4.4,-28.9,0,0,0.0,Overcast clouds,c04n,22
2026-07-14 22:15:00,0.0,28.8,35.5,86,4.2,-31.2,0,0,0.0,Overcast clouds,c04n,22
2026-07-14 22:30:00,0.0,28.7,35.4,87,4.0,-33.4,0,0,0.0,Overcast clouds,c04n,22
2026-07-14 22:45:00,0.0,28.6,35.3,88,3.8,-35.7,0,0,0.0,Overcast clouds,c04n,22
2026-07-14 23:00:00,0.0,28.5,35.0,88,3.6,-37.9,0,0,0.0,Overcast clouds,c04n,23
2026-07-14 23:15:00,0.0,28.5,35.0,88,3.5,-39.5,0,0,0.0,Overcast clouds,c04n,23
2026-07-14 23:30:00,0.0,28.5,35.0,88,3.4,-41.0,0,0,0.0,Drizzle,d02n,23
2026-07-14 23:45:00,0.0,28.5,35.0,88,3.3,-42.5,0,0,0.0,Drizzle,d02n,23
2026-07-15 00:00:00,0.0,28.5,35.0,88,3.2,-44.0,0,0,0.0,Light rain,r01n,0
2026-07-15 00:15:00,0.0,28.4,34.6,88,3.2,-44.5,0,0,0.0,Drizzle,d02n,0
2026-07-15 00:30:00,0.0,28.3,34.5,89,3.2,-44.9,0,0,0.0,Overcast clouds,c04n,0
2026-07-15 00:45:00,0.0,28.2,34.4,90,3.2,-45.4,0,0,0.0,Overcast clouds,c04n,0
2026-07-15 01:00:00,0.0,28.1,34.1,90,3.2,-45.8,0,0,0.0,Overcast clouds,c04n,1
2026-07-15 01:15:00,0.0,28.0,33.8,90,3.2,-45.1,0,0,0.0,Overcast clouds,c04n,1
2026-07-15 01:30:00,0.0,28.0,33.8,91,3.2,-44.4,0,0,0.0,Overcast clouds,c04n,1
2026-07-15 01:45:00,0.0,27.9,33.7,92,3.2,-43.7,0,0,0.0,Overcast clouds,c04n,1
2026-07-15 02:00:00,0.0,27.8,33.4,92,3.2,-43.0,0,0,0.0,Overcast clouds,c04n,2
2026-07-15 02:15:00,0.0,27.8,33.4,92,3.4,-41.3,0,0,0.0,Overcast clouds,c04n,2
2026-07-15 02:30:00,0.0,27.8,33.4,92,3.6,-39.6,0,0,0.0,Overcast clouds,c04n,2
2026-07-15 02:45:00,0.0,27.8,33.4,92,3.8,-37.9,0,0,0.0,Overcast clouds,c04n,2
2026-07-15 03:00:00,0.0,27.8,33.4,92,4.0,-36.2,0,0,0.0,Overcast clouds,c04n,3
2026-07-15 03:15:00,0.0,27.7,33.1,92,3.9,-33.8,0,0,0.0,Overcast clouds,c04n,3
2026-07-15 03:30:00,0.0,27.6,33.0,93,3.8,-31.4,0,0,0.0,Overcast clouds,c04n,3
2026-07-15 03:45:00,0.0,27.5,32.8,94,3.7,-29.0,0,0,0.0,Overcast clouds,c04n,3
2026-07-15 04:00:00,0.0,27.4,32.4,94,3.6,-26.6,0,0,0.0,Overcast clouds,c04n,4
2026-07-15 04:15:00,0.0,27.4,32.4,94,3.5,-23.8,0,0,0.0,Overcast clouds,c04n,4
2026-07-15 04:30:00,0.0,27.4,32.4,94,3.4,-21.0,0,0,0.0,Overcast clouds,c04n,4
2026-07-15 04:45:00,0.0,27.4,32.4,94,3.3,-18.3,0,0,0.0,Overcast clouds,c04n,4
2026-07-15 05:00:00,0.0,27.4,32.4,94,3.2,-15.5,0,0,0.0,Overcast clouds,c04n,5
2026-07-15 05:15:00,0.01,27.5,32.8,94,3.1,-12.4,0,0,0.0,Light rain,r01n,5
2026-07-15 05:30:00,0.01,27.6,33.0,93,3.0,-9.4,0,0,0.0,Light rain,r01n,5
2026-07-15 05:45:00,0.01,27.7,33.1,92,2.9,-6.3,0,0,0.0,Light rain,r01n,5
2026-07-15 06:00:00,0.01,27.8,33.4,92,2.8,-3.3,0,0,0.0,Drizzle,d02n,6
2026-07-15 06:15:00,0.08,27.7,33.1,92,2.9,-0.1,29,12,0.0,Drizzle,d02n,6
2026-07-15 06:30:00,1.18,27.6,33.0,93,3.0,3.1,58,25,0.6,Drizzle,d02d,6
2026-07-15 06:45:00,1.62,27.5,32.8,94,3.1,6.4,87,37,0.6,Drizzle,d02d,6
2026-07-15 07:00:00,3.8,27.4,32.4,94,3.2,9.6,116,50,0.6,Drizzle,d02d,7
2026-07-15 07:15:00,6.07,27.5,32.8,94,3.4,12.9,172,57,0.7,Drizzle,d02d,7
2026-07-15 07:30:00,9.44,27.6,33.0,93,3.6,16.2,228,65,0.7,Drizzle,d02d,7
2026-07-15 07:45:00,14.32,27.7,33.1,92,3.8,19.5,283,72,0.8,Drizzle,d02d,7
2026-07-15 08:00:00,22.56,27.8,33.4,92,4.0,22.8,339,80,0.8,Drizzle,d02d,8
2026-07-15 08:15:00,27.35,27.8,33.4,92,4.3,26.2,396,84,0.9,Light rain,r01d,8
2026-07-15 08:30:00,31.83,27.8,33.4,92,4.6,29.5,453,89,1.1,Light rain,r01d,8
2026-07-15 08:45:00,38.5,27.8,33.4,92,4.9,32.9,510,94,1.2,Light rain,r01d,8
2026-07-15 09:00:00,35.31,27.8,33.4,92,5.2,36.3,567,99,1.3,Drizzle,d02d,9
2026-07-15 09:15:00,31.3,28.0,33.8,91,5.4,39.7,618,102,1.5,Drizzle,d02d,9
2026-07-15 09:30:00,33.21,28.2,34.2,90,5.6,43.1,668,105,1.7,Drizzle,d02d,9
2026-07-15 09:45:00,36.6,28.3,34.6,89,5.8,46.6,719,108,1.9,Drizzle,d02d,9
2026-07-15 10:00:00,46.56,28.5,35.0,88,6.0,50.0,769,111,2.1,Drizzle,d02d,10
2026-07-15 10:15:00,51.3,28.6,35.3,88,6.2,53.4,808,113,2.3,Drizzle,d02d,10
2026-07-15 10:30:00,65.36,28.7,35.6,88,6.4,56.9,848,115,2.5,Drizzle,d02d,10
2026-07-15 10:45:00,73.96,28.8,35.9,88,6.6,60.3,887,118,2.7,Drizzle,d02d,10
2026-07-15 11:00:00,71.7,28.9,36.3,88,6.8,63.8,926,120,2.9,Drizzle,d02d,11
2026-07-15 11:15:00,72.46,28.8,35.9,88,6.5,67.2,950,121,3.1,Drizzle,d02d,11
2026-07-15 11:30:00,91.39,28.7,35.6,88,6.2,70.7,974,122,3.3,Drizzle,d02d,11
2026-07-15 11:45:00,84.15,28.6,35.3,88,5.9,74.1,998,123,3.4,Overcast clouds,c04d,11
2026-07-15 12:00:00,88.88,28.5,35.0,88,5.6,77.6,1022,124,3.5,Overcast clouds,c04d,12
2026-07-15 12:15:00,111.24,28.4,34.6,88,5.6,80.2,1029,125,3.6,Overcast clouds,c04d,12
2026-07-15 12:30:00,125.01,28.3,34.5,89,5.6,82.8,1036,125,3.7,Overcast clouds,c04d,12
2026-07-15 12:45:00,99.72,28.2,34.4,90,5.6,85.4,1043,125,3.7,Overcast clouds,c04d,12
2026-07-15 13:00:00,3.9,28.1,34.1,90,5.6,88.1,1050,125,3.7,Drizzle,d02d,13
2026-07-15 13:15:00,49.97,28.1,34.1,90,5.5,84.7,1039,125,3.7,Drizzle,d02d,13
2026-07-15 13:30:00,10.93,28.1,34.1,90,5.4,81.3,1028,124,3.6,Light rain,r01d,13
2026-07-15 13:45:00,50.29,28.1,34.1,90,5.3,77.9,1017,124,3.5,Light rain,r01d,13
2026-07-15 14:00:00,55.19,28.1,34.1,90,5.2,74.5,1006,123,3.4,Light rain,r01d,14
2026-07-15 14:15:00,66.91,28.3,34.7,90,5.2,71.1,979,122,3.3,Light rain,r01d,14
2026-07-15 14:30:00,92.21,28.5,35.2,89,5.2,67.6,951,121,3.1,Light rain,r01d,14
2026-07-15 14:45:00,86.99,28.7,35.6,88,5.2,64.1,923,119,2.9,Light rain,r01d,14
2026-07-15 15:00:00,0.03,28.9,36.3,88,5.2,60.7,896,118,2.8,Light rain,r01d,15
2026-07-15 15:15:00,108.92,29.1,36.8,88,5.2,57.2,854,116,2.5,Light rain,r01d,15
2026-07-15 15:30:00,42.78,29.3,37.2,87,5.2,53.8,811,113,2.3,Light rain,r01d,15
2026-07-15 15:45:00,19.84,29.4,37.5,86,5.2,50.3,769,111,2.1,Light rain,r01d,15
2026-07-15 16:00:00,20.27,29.6,38.1,86,5.2,46.9,727,109,1.9,Drizzle,d02d,16
2026-07-15 16:15:00,24.18,29.7,38.1,85,5.3,43.5,675,105,1.7,Overcast clouds,c04d,16
2026-07-15 16:30:00,179.35,29.8,38.2,84,5.4,40.1,622,102,1.5,Overcast clouds,c04d,16
2026-07-15 16:45:00,72.7,29.9,38.2,83,5.5,36.7,570,98,1.4,Overcast clouds,c04d,16
2026-07-15 17:00:00,16.36,30.0,38.2,82,5.6,33.2,517,95,1.2,Overcast clouds,c04d,17
2026-07-15 17:15:00,3.86,29.6,37.6,84,5.7,29.9,460,90,1.1,Overcast clouds,c04d,17
2026-07-15 17:30:00,3.9,29.3,36.9,86,5.8,26.5,402,85,1.0,Overcast clouds,c04d,17
2026-07-15 17:45:00,3.99,28.9,36.2,88,5.9,23.1,345,79,0.9,Overcast clouds,c04d,17
2026-07-15 18:00:00,3.87,28.5,35.4,90,6.0,19.8,287,74,0.8,Overcast clouds,c04d,18
2026-07-15 18:15:00,3.92,28.5,35.4,90,6.1,16.5,233,66,0.8,Overcast clouds,c04d,18
2026-07-15 18:30:00,3.9,28.5,35.2,89,6.2,13.2,179,57,0.7,Overcast clouds,c04d,18
2026-07-15 18:45:00,3.88,28.5,35.0,88,6.3,9.9,126,48,0.7,Overcast clouds,c04d,18
2026-07-15 19:00:00,4.12,28.5,35.0,88,6.4,6.6,72,40,0.7,Overcast clouds,c04d,19
2026-07-15 19:15:00,2.74,28.4,34.6,88,6.2,3.4,54,30,0.7,Overcast clouds,c04d,19
2026-07-15 19:30:00,1.18,28.3,34.5,89,6.0,0.3,36,20,0.7,Overcast clouds,c04n,19
2026-07-15 19:45:00,0.08,28.2,34.4,90,5.8,-2.9,18,10,0.0,Overcast clouds,c04n,19
2026-07-15 20:00:00,0.0,28.1,34.1,90,5.6,-6.1,0,0,0.0,Overcast clouds,c04n,20
2026-07-15 20:15:00,0.0,28.1,34.1,90,5.6,-9.1,0,0,0.0,Overcast clouds,c04n,20
2026-07-15 20:30:00,0.0,28.1,34.1,90,5.6,-12.1,0,0,0.0,Overcast clouds,c04n,20
2026-07-15 20:45:00,0.0,28.1,34.1,90,5.6,-15.1,0,0,0.0,Overcast clouds,c04n,20
2026-07-15 21:00:00,0.0,28.1,34.1,90,5.6,-18.1,0,0,0.0,Overcast clouds,c04n,21
2026-07-15 21:15:00,0.0,27.8,33.4,91,5.7,-20.8,0,0,0.0,Overcast clouds,c04n,21
2026-07-15 21:30:00,0.0,27.6,32.6,92,5.8,-23.6,0,0,0.0,Overcast clouds,c04n,21
2026-07-15 21:45:00,0.0,27.3,31.9,93,5.9,-26.3,0,0,0.0,Overcast clouds,c04n,21
2026-07-15 22:00:00,0.0,27.0,31.2,94,6.0,-29.0,0,0,0.0,Overcast clouds,c04n,22
2026-07-15 22:15:00,0.0,27.0,31.2,94,6.0,-31.3,0,0,0.0,Overcast clouds,c04n,22
2026-07-15 22:30:00,0.0,27.0,31.2,94,6.0,-33.5,0,0,0.0,Overcast clouds,c04n,22
2026-07-15 22:45:00,0.0,27.0,31.2,94,6.0,-35.8,0,0,0.0,Overcast clouds,c04n,22
2026-07-15 23:00:00,0.0,27.0,31.2,94,6.0,-38.1,0,0,0.0,Overcast clouds,c04n,23
2026-07-15 23:15:00,0.0,27.0,31.2,94,6.0,-39.6,0,0,0.0,Overcast clouds,c04n,23
2026-07-15 23:30:00,0.0,27.0,31.3,95,6.0,-41.1,0,0,0.0,Overcast clouds,c04n,23
2026-07-15 23:45:00,0.0,27.0,31.4,96,6.0,-42.6,0,0,0.0,Overcast clouds,c04n,23
2026-07-16 00:00:00,0.0,27.0,31.4,96,6.0,-44.1,0,0,0.0,Overcast clouds,c04n,0
2026-07-16 00:15:00,0.0,26.9,31.1,96,6.1,-44.6,0,0,0.0,Overcast clouds,c04n,0
2026-07-16 00:30:00,0.0,26.9,30.8,95,6.2,-45.1,0,0,0.0,Overcast clouds,c04n,0
2026-07-16 00:45:00,0.0,26.8,30.5,94,6.3,-45.5,0,0,0.0,Overcast clouds,c04n,0
2026-07-16 01:00:00,0.0,26.7,30.2,94,6.4,-46.0,0,0,0.0,Overcast clouds,c04n,1
2026-07-16 01:15:00,0.0,26.6,27.8,94,6.5,-45.3,0,0,0.0,Overcast clouds,c04n,1
2026-07-16 01:30:00,0.0,26.5,27.7,95,6.6,-44.6,0,0,0.0,Overcast clouds,c04n,1
2026-07-16 01:45:00,0.0,26.4,27.6,96,6.7,-43.8,0,0,0.0,Overcast clouds,c04n,1
2026-07-16 02:00:00,0.0,26.3,27.5,96,6.8,-43.1,0,0,0.0,Thunderstorm with drizzle,t04n,2
2026-07-16 02:15:00,0.0,26.3,27.5,96,6.6,-41.4,0,0,0.0,Drizzle,d02n,2
2026-07-16 02:30:00,0.0,26.3,27.5,96,6.4,-39.7,0,0,0.0,Light rain,r01n,2
2026-07-16 02:45:00,0.0,26.3,27.5,96,6.2,-38.0,0,0,0.0,Light rain,r01n,2
2026-07-16 03:00:00,0.0,26.3,27.5,96,6.0,-36.3,0,0,0.0,Light rain,r01n,3
2026-07-16 03:15:00,0.0,26.1,27.3,96,5.8,-33.9,0,0,0.0,Light rain,r01n,3
2026-07-16 03:30:00,0.0,26.0,27.1,96,5.6,-31.5,0,0,0.0,Light rain,r01n,3
2026-07-16 03:45:00,0.0,25.8,26.9,96,5.4,-29.1,0,0,0.0,Thunderstorm with light rain,t01n,3
2026-07-16 04:00:00,0.0,25.6,26.7,96,5.2,-26.8,0,0,0.0,Thunderstorm with light rain,t01n,4
2026-07-16 04:15:00,0.0,25.6,26.7,96,5.1,-24.0,0,0,0.0,Thunderstorm with light rain,t01n,4
2026-07-16 04:30:00,0.0,25.6,26.7,97,5.0,-21.2,0,0,0.0,Light rain,r01n,4
2026-07-16 04:45:00,0.0,25.6,26.8,98,4.9,-18.4,0,0,0.0,Thunderstorm with light rain,t01n,4
2026-07-16 05:00:00,0.0,25.6,26.8,98,4.8,-15.6,0,0,0.0,Thunderstorm with light rain,t01n,5
2026-07-16 05:15:00,0.0,25.8,27.0,98,4.9,-12.5,0,0,0.0,Thunderstorm with light rain,t01n,5
2026-07-16 05:30:00,0.0,26.0,27.1,97,5.0,-9.5,0,0,0.0,Thunderstorm with light rain,t01n,5
2026-07-16 05:45:00,0.0,26.1,27.3,96,5.1,-6.4,0,0,0.0,Light rain,r01n,5
2026-07-16 06:00:00,0.2,26.3,27.5,96,5.2,-3.4,0,0,0.0,Light rain,r01n,6
2026-07-16 06:15:00,0.28,26.3,27.5,96,5.4,-0.2,29,12,0.0,Drizzle,d02n,6
2026-07-16 06:30:00,0.47,26.3,27.5,96,5.6,3.1,57,25,0.7,Drizzle,d02d,6
2026-07-16 06:45:00,1.63,26.3,27.5,96,5.8,6.3,86,37,0.7,Drizzle,d02d,6
2026-07-16 07:00:00,3.72,26.3,27.5,96,6.0,9.5,115,50,0.7,Drizzle,d02d,7
2026-07-16 07:15:00,11.46,26.6,27.8,95,6.3,12.8,171,57,0.7,Overcast clouds,c04d,7
2026-07-16 07:30:00,14.08,26.9,30.7,94,6.6,16.1,226,65,0.7,Overcast clouds,c04d,7
2026-07-16 07:45:00,28.52,27.1,31.4,93,6.9,19.4,282,72,0.8,Overcast clouds,c04d,7
2026-07-16 08:00:00,20.62,27.4,32.2,92,7.2,22.7,338,80,0.9,Drizzle,d02d,8
2026-07-16 08:15:00,33.03,27.5,32.3,91,7.6,26.1,395,84,1.0,Drizzle,d02d,8
2026-07-16 08:30:00,42.05,27.6,32.5,90,8.0,29.5,452,89,1.1,Light rain,r01d,8
2026-07-16 08:45:00,75.41,27.7,32.7,89,8.4,32.9,509,94,1.3,Light rain,r01d,8
2026-07-16 09:00:00,56.01,27.8,32.8,88,8.8,36.2,566,98,1.4,Light rain,r01d,9
2026-07-16 09:15:00,33.48,28.4,34.1,86,8.8,39.7,617,102,1.7,Light rain,r01d,9
2026-07-16 09:30:00,30.95,28.9,35.3,84,8.8,43.1,667,105,2.0,Light rain,r01d,9
2026-07-16 09:45:00,84.43,29.5,36.3,81,8.8,46.5,718,108,2.3,Drizzle,d02d,9
2026-07-16 10:00:00,79.15,30.0,37.4,79,8.8,49.9,769,111,2.7,Drizzle,d02d,10
2026-07-16 10:15:00,113.94,30.0,37.4,79,8.8,53.4,808,113,2.8,Overcast clouds,c04d,10
2026-07-16 10:30:00,93.8,30.0,37.4,79,8.8,56.8,847,115,3.0,Overcast clouds,c04d,10
2026-07-16 10:45:00,45.07,30.0,37.4,79,8.8,60.3,886,117,3.1,Overcast clouds,c04d,10
2026-07-16 11:00:00,71.88,30.0,37.4,79,8.8,63.7,926,120,3.3,Overcast clouds,c04d,11
2026-07-16 11:15:00,99.49,29.7,36.6,79,8.9,67.2,950,121,3.7,Overcast clouds,c04d,11
2026-07-16 11:30:00,82.51,29.5,36.0,80,9.0,70.6,974,122,4.3,Overcast clouds,c04d,11
2026-07-16 11:45:00,49.43,29.2,35.2,80,9.1,74.1,998,123,4.8,Overcast clouds,c04d,11
2026-07-16 12:00:00,17.67,28.9,34.5,80,9.2,77.6,1022,124,5.3,Overcast clouds,c04d,12
2026-07-16 12:15:00,4.01,28.8,34.2,80,9.3,80.2,1029,125,5.4,Overcast clouds,c04d,12
2026-07-16 12:30:00,53.41,28.7,34.1,81,9.4,82.8,1036,125,5.5,Overcast clouds,c04d,12
2026-07-16 12:45:00,42.55,28.6,34.0,82,9.5,85.4,1043,125,5.5,Overcast clouds,c04d,12
2026-07-16 13:00:00,4.52,28.5,33.8,82,9.6,88.0,1050,125,5.6,Overcast clouds,c04d,13
2026-07-16 13:15:00,4.02,28.5,34.0,83,9.5,84.6,1039,125,5.3,Overcast clouds,c04d,13
2026-07-16 13:30:00,3.98,28.5,34.1,84,9.4,81.2,1028,124,5.0,Drizzle,d02d,13
2026-07-16 13:45:00,37.95,28.5,34.3,85,9.3,77.9,1017,124,4.6,Light rain,r01d,13
2026-07-16 14:00:00,21.31,28.5,34.5,86,9.2,74.5,1006,123,4.4,Light rain,r01d,14
2026-07-16 14:15:00,3.97,28.7,35.2,86,8.6,71.0,979,122,4.0,Thunderstorm with light rain,t01d,14
2026-07-16 14:30:00,3.99,28.9,35.8,86,8.0,67.6,951,121,3.6,Thunderstorm with light rain,t01d,14
2026-07-16 14:45:00,3.97,29.1,36.4,86,7.4,64.1,923,119,3.2,Thunderstorm with light rain,t01d,14
2026-07-16 15:00:00,3.97,29.3,37.1,86,6.8,60.7,896,118,2.9,Thunderstorm with rain,t02d,15
2026-07-16 15:15:00,3.93,29.5,37.7,86,7.1,57.2,854,116,2.7,Thunderstorm with light rain,t01d,15
2026-07-16 15:30:00,25.87,29.7,38.2,86,7.4,53.8,811,113,2.4,Thunderstorm with light rain,t01d,15
2026-07-16 15:45:00,25.42,29.8,38.8,86,7.7,50.3,769,111,2.2,Thunderstorm with light rain,t01d,15
2026-07-16 16:00:00,29.78,30.0,39.4,86,8.0,46.9,727,109,2.0,Thunderstorm with light rain,t01d,16
2026-07-16 16:15:00,33.12,29.7,38.5,86,7.5,43.5,675,105,1.8,Thunderstorm with light rain,t01d,16
2026-07-16 16:30:00,34.64,29.5,37.6,86,7.0,40.1,622,102,1.5,Thunderstorm with light rain,t01d,16
2026-07-16 16:45:00,11.37,29.2,36.7,86,6.5,36.6,570,98,1.4,Light rain,r01d,16
2026-07-16 17:00:00,12.74,28.9,35.8,86,6.0,33.2,517,95,1.2,Light rain,r01d,17
2026-07-16 17:15:00,3.99,28.3,34.2,88,6.0,29.9,459,90,1.1,Drizzle,d02d,17
2026-07-16 17:30:00,3.97,27.6,32.5,90,6.0,26.5,402,85,1.1,Drizzle,d02d,17
2026-07-16 17:45:00,36.88,27.0,30.8,92,6.0,23.1,344,79,1.0,Overcast clouds,c04d,17
2026-07-16 18:00:00,0.02,26.3,27.4,94,6.0,19.8,287,74,1.0,Overcast clouds,c04d,18
2026-07-16 18:15:00,29.09,26.4,27.5,94,5.7,16.5,233,66,1.0,Overcast clouds,c04d,18
2026-07-16 18:30:00,25.16,26.5,27.6,93,5.4,13.2,179,57,1.1,Overcast clouds,c04d,18
2026-07-16 18:45:00,19.54,26.6,27.7,92,5.1,9.9,125,48,1.2,Broken clouds,c03d,18
2026-07-16 19:00:00,10.37,26.7,30.1,92,4.8,6.6,71,40,1.2,Broken clouds,c03d,19
2026-07-16 19:15:00,6.98,26.7,30.1,92,4.7,3.4,53,30,1.3,Broken clouds,c03d,19
2026-07-16 19:30:00,1.12,26.7,30.1,92,4.6,0.2,36,20,1.3,Broken clouds,c03n,19
2026-07-16 19:45:00,0.07,26.7,30.1,92,4.5,-3.0,18,10,0.0,Broken clouds,c03n,19
2026-07-16 20:00:00,0.0,26.7,30.1,92,4.4,-6.2,0,0,0.0,Broken clouds,c03n,20
2026-07-16 20:15:00,0.0,26.7,30.1,92,4.5,-9.2,0,0,0.0,Broken clouds,c03n,20
2026-07-16 20:30:00,0.0,26.7,30.1,92,4.6,-12.2,0,0,0.0,Broken clouds,c03n,20
2026-07-16 20:45:00,0.0,26.7,30.1,92,4.7,-15.2,0,0,0.0,Broken clouds,c03n,20
2026-07-16 21:00:00,0.0,26.7,30.1,92,4.8,-18.2,0,0,0.0,Broken clouds,c03n,21
2026-07-16 21:15:00,0.0,26.6,27.7,93,4.9,-20.9,0,0,0.0,Broken clouds,c03n,21
2026-07-16 21:30:00,0.0,26.5,27.7,94,5.0,-23.7,0,0,0.0,Broken clouds,c03n,21
2026-07-16 21:45:00,0.0,26.4,27.6,95,5.1,-26.4,0,0,0.0,Broken clouds,c03n,21
2026-07-16 22:00:00,0.0,26.3,27.5,96,5.2,-29.1,0,0,0.0,Broken clouds,c03n,22
2026-07-16 22:15:00,0.0,26.3,27.5,96,5.2,-31.4,0,0,0.0,Broken clouds,c03n,22
2026-07-16 22:30:00,0.0,26.3,27.5,96,5.2,-33.7,0,0,0.0,Broken clouds,c03n,22
2026-07-16 22:45:00,0.0,26.3,27.5,96,5.2,-35.9,0,0,0.0,Broken clouds,c03n,22
2026-07-16 23:00:00,0.0,26.3,27.5,96,5.2,-38.2,0,0,0.0,Broken clouds,c03n,23
2026-07-16 23:15:00,0.0,26.3,27.5,96,5.2,-39.7,0,0,0.0,Broken clouds,c03n,23
2026-07-16 23:30:00,0.0,26.3,27.5,97,5.2,-41.2,0,0,0.0,Fog,a05n,23
2026-07-16 23:45:00,0.0,26.3,27.5,98,5.2,-42.8,0,0,0.0,Fog,a05n,23
2026-07-17 00:00:00,0.0,26.3,27.5,98,5.2,-44.3,0,0,0.0,Fog,a05n,0
2026-07-17 00:15:00,0.0,26.3,27.5,98,5.3,-44.8,0,0,0.0,Fog,a05n,0
2026-07-17 00:30:00,0.0,26.3,27.5,98,5.4,-45.2,0,0,0.0,Fog,a05n,0
2026-07-17 00:45:00,0.0,26.3,27.5,98,5.5,-45.7,0,0,0.0,Fog,a05n,0
2026-07-17 01:00:00,0.0,26.3,27.5,98,5.6,-46.2,0,0,0.0,Fog,a05n,1
2026-07-17 01:15:00,0.0,26.3,27.5,98,5.8,-45.4,0,0,0.0,Fog,a05n,1
2026-07-17 01:30:00,0.0,26.3,27.5,98,6.0,-44.7,0,0,0.0,Fog,a05n,1
2026-07-17 01:45:00,0.0,26.3,27.5,98,6.2,-44.0,0,0,0.0,Fog,a05n,1
2026-07-17 02:00:00,0.0,26.3,27.5,98,6.4,-43.3,0,0,0.0,Fog,a05n,2
2026-07-17 02:15:00,0.0,26.3,27.5,98,6.3,-41.6,0,0,0.0,Fog,a05n,2
2026-07-17 02:30:00,0.0,26.3,27.5,98,6.2,-39.9,0,0,0.0,Fog,a05n,2
2026-07-17 02:45:00,0.0,26.3,27.5,98,6.1,-38.1,0,0,0.0,Fog,a05n,2
2026-07-17 03:00:00,0.0,26.3,27.5,98,6.0,-36.4,0,0,0.0,Fog,a05n,3
2026-07-17 03:15:00,0.0,26.4,27.7,98,6.1,-34.0,0,0,0.0,Fog,a05n,3
2026-07-17 03:30:00,0.0,26.5,27.7,97,6.2,-31.7,0,0,0.0,Fog,a05n,3
2026-07-17 03:45:00,0.0,26.6,27.8,96,6.3,-29.3,0,0,0.0,Broken clouds,c03n,3
2026-07-17 04:00:00,0.0,26.7,30.4,96,6.4,-26.9,0,0,0.0,Broken clouds,c03n,4
2026-07-17 04:15:00,0.0,26.7,30.4,96,6.4,-24.1,0,0,0.0,Drizzle,d02n,4
2026-07-17 04:30:00,0.0,26.7,30.4,96,6.4,-21.3,0,0,0.0,Light rain,r01n,4
2026-07-17 04:45:00,0.0,26.7,30.4,96,6.4,-18.5,0,0,0.0,Light rain,r01n,4
2026-07-17 05:00:00,0.0,26.7,30.4,96,6.4,-15.7,0,0,0.0,Moderate rain,r02n,5
2026-07-17 05:15:00,0.0,27.0,31.3,96,6.3,-12.6,0,0,0.0,Light rain,r01n,5
2026-07-17 05:30:00,0.0,27.3,32.1,95,6.2,-9.6,0,0,0.0,Broken clouds,c03n,5
2026-07-17 05:45:00,0.0,27.5,32.9,94,6.1,-6.5,0,0,0.0,Drizzle,d02n,5
2026-07-17 06:00:00,0.0,27.8,33.8,94,6.0,-3.5,0,0,0.0,Light rain,r01n,6
2026-07-17 06:15:00,0.17,27.8,33.8,94,6.1,-0.2,28,12,0.0,Light rain,r01n,6
2026-07-17 06:30:00,2.15,27.8,33.8,94,6.2,3.0,57,25,1.3,Light rain,r01d,6
2026-07-17 06:45:00,3.84,27.8,33.8,94,6.3,6.2,85,37,1.2,Drizzle,d02d,6
2026-07-17 07:00:00,4.54,27.8,33.8,94,6.4,9.4,114,49,1.3,Broken clouds,c03d,7
2026-07-17 07:15:00,8.16,27.9,34.0,94,6.4,12.7,169,57,1.4,Broken clouds,c03d,7
2026-07-17 07:30:00,9.13,28.0,34.1,93,6.4,16.0,225,64,1.5,Broken clouds,c03d,7
2026-07-17 07:45:00,19.29,28.0,34.2,92,6.4,19.3,281,72,1.7,Broken clouds,c03d,7
2026-07-17 08:00:00,32.92,28.1,34.4,92,6.4,22.7,337,79,1.9,Broken clouds,c03d,8
2026-07-17 08:15:00,45.57,28.3,35.1,92,6.8,26.0,394,84,2.1,Broken clouds,c03d,8
2026-07-17 08:30:00,53.36,28.5,35.6,91,7.2,29.4,451,89,2.3,Broken clouds,c03d,8
2026-07-17 08:45:00,64.75,28.7,36.0,90,7.6,32.8,508,94,2.5,Broken clouds,c03d,8
2026-07-17 09:00:00,72.06,28.9,36.7,90,8.0,36.2,565,98,2.8,Broken clouds,c03d,9
2026-07-17 09:15:00,60.9,29.6,38.2,87,8.1,39.6,616,102,3.2,Broken clouds,c03d,9
2026-07-17 09:30:00,125.29,30.2,39.5,84,8.2,43.0,667,105,3.7,Drizzle,d02d,9
2026-07-17 09:45:00,84.65,30.9,40.4,80,8.3,46.4,717,108,4.2,Broken clouds,c03d,9
2026-07-17 10:00:00,102.24,31.5,41.4,77,8.4,49.9,768,111,4.8,Broken clouds,c03d,10
2026-07-17 10:15:00,56.02,31.5,41.8,78,8.4,53.3,807,113,5.0,Broken clouds,c03d,10
2026-07-17 10:30:00,85.58,31.5,41.8,78,8.4,56.8,847,115,5.0,Broken clouds,c03d,10
2026-07-17 10:45:00,118.52,31.5,41.8,78,8.4,60.2,886,117,5.0,Broken clouds,c03d,10
2026-07-17 11:00:00,71.11,31.5,42.2,79,8.4,63.7,925,120,5.0,Broken clouds,c03d,11
2026-07-17 11:15:00,14.44,31.6,41.8,77,8.4,67.1,949,121,5.2,Broken clouds,c03d,11
2026-07-17 11:30:00,3.91,31.7,41.3,75,8.4,70.6,974,122,5.3,Overcast clouds,c04d,11
2026-07-17 11:45:00,3.88,31.8,40.9,73,8.4,74.1,998,123,5.5,Drizzle,d02d,11
2026-07-17 12:00:00,4.03,31.9,40.5,71,8.4,77.5,1022,124,5.5,Light rain,r01d,12
2026-07-17 12:15:00,3.87,31.5,39.7,72,8.3,80.1,1029,125,5.7,Light rain,r01d,12
2026-07-17 12:30:00,3.88,31.2,39.3,74,8.2,82.7,1036,125,5.9,Light rain,r01d,12
2026-07-17 12:45:00,3.91,30.8,38.8,76,8.1,85.3,1043,125,6.1,Light rain,r01d,12
2026-07-17 13:00:00,3.96,30.4,38.0,77,8.0,87.9,1050,126,6.2,Drizzle,d02d,13
2026-07-17 13:15:00,3.93,30.2,37.7,78,8.0,84.5,1039,125,5.6,Drizzle,d02d,13
2026-07-17 13:30:00,33.32,30.0,37.7,80,8.0,81.2,1028,125,4.9,Drizzle,d02d,13
2026-07-17 13:45:00,40.28,29.8,37.3,81,8.0,77.8,1017,124,4.3,Drizzle,d02d,13
2026-07-17 14:00:00,43.68,29.6,37.0,82,8.0,74.5,1007,124,3.7,Drizzle,d02d,14
2026-07-17 14:15:00,46.73,29.6,37.0,82,8.3,71.0,979,122,3.5,Drizzle,d02d,14
2026-07-17 14:30:00,72.55,29.6,37.0,82,8.6,67.6,951,121,3.3,Drizzle,d02d,14
2026-07-17 14:45:00,106.93,29.6,37.0,82,8.9,64.1,923,119,3.1,Drizzle,d02d,14
2026-07-17 15:00:00,198.72,29.6,37.0,82,9.2,60.7,896,118,2.9,Drizzle,d02d,15
2026-07-17 15:15:00,151.53,29.8,37.6,82,9.0,57.2,854,116,2.8,Drizzle,d02d,15
2026-07-17 15:30:00,149.71,30.0,38.2,82,8.8,53.8,811,113,2.6,Drizzle,d02d,15
2026-07-17 15:45:00,36.04,30.2,38.6,81,8.6,50.3,769,111,2.5,Overcast clouds,c04d,15
2026-07-17 16:00:00,116.21,30.4,39.2,81,8.4,46.9,727,109,2.3,Overcast clouds,c04d,16
2026-07-17 16:15:00,141.18,30.4,39.2,81,8.1,43.5,675,105,2.1,Overcast clouds,c04d,16
2026-07-17 16:30:00,46.23,30.4,39.2,81,7.8,40.0,622,102,1.9,Overcast clouds,c04d,16
2026-07-17 16:45:00,104.73,30.4,39.2,81,7.5,36.6,569,98,1.8,Overcast clouds,c04d,16
2026-07-17 17:00:00,84.66,30.4,39.2,81,7.2,33.2,517,95,1.6,Drizzle,d02d,17
2026-07-17 17:15:00,15.4,29.8,38.0,84,6.6,29.8,459,90,1.3,Drizzle,d02d,17
2026-07-17 17:30:00,3.99,29.1,36.4,86,6.0,26.5,401,85,1.1,Drizzle,d02d,17
2026-07-17 17:45:00,12.57,28.5,35.0,89,5.4,23.1,344,79,0.9,Overcast clouds,c04d,17
2026-07-17 18:00:00,0.02,27.8,33.4,92,4.8,19.7,286,74,0.8,Overcast clouds,c04d,18
2026-07-17 18:15:00,34.19,27.9,33.7,92,4.8,16.4,232,66,0.7,Overcast clouds,c04d,18
2026-07-17 18:30:00,3.91,28.0,33.8,91,4.8,13.1,178,57,0.7,Overcast clouds,c04d,18
2026-07-17 18:45:00,3.93,28.0,33.8,90,4.8,9.8,124,48,0.7,Overcast clouds,c04d,18
2026-07-17 19:00:00,3.99,28.1,34.1,90,4.8,6.5,71,40,0.7,Overcast clouds,c04d,19
2026-07-17 19:15:00,4.07,28.1,34.1,90,4.6,3.3,53,30,0.6,Overcast clouds,c04d,19
2026-07-17 19:30:00,2.01,28.1,34.1,90,4.4,0.2,35,20,0.6,Overcast clouds,c04n,19
2026-07-17 19:45:00,0.07,28.1,34.1,90,4.2,-3.0,18,10,0.0,Overcast clouds,c04n,19
2026-07-17 20:00:00,0.0,28.1,34.1,90,4.0,-6.2,0,0,0.0,Overcast clouds,c04n,20
2026-07-17 20:15:00,0.0,28.1,34.1,90,4.2,-9.2,0,0,0.0,Overcast clouds,c04n,20
2026-07-17 20:30:00,0.0,28.1,34.1,90,4.4,-12.3,0,0,0.0,Overcast clouds,c04n,20
2026-07-17 20:45:00,0.0,28.1,34.1,90,4.6,-15.3,0,0,0.0,Overcast clouds,c04n,20
2026-07-17 21:00:00,0.0,28.1,34.1,90,4.8,-18.3,0,0,0.0,Drizzle,d02n,21
2026-07-17 21:15:00,0.0,28.0,34.0,91,4.8,-21.0,0,0,0.0,Overcast clouds,c04n,21
2026-07-17 21:30:00,0.0,28.0,33.9,92,4.8,-23.8,0,0,0.0,Overcast clouds,c04n,21
2026-07-17 21:45:00,0.0,27.9,33.9,93,4.8,-26.5,0,0,0.0,Drizzle,d02n,21
2026-07-17 22:00:00,0.01,27.8,33.8,94,4.8,-29.2,0,0,0.0,Light rain,r01n,22
2026-07-17 22:15:00,0.01,27.8,33.8,94,4.8,-31.5,0,0,0.0,Light rain,r01n,22
2026-07-17 22:30:00,0.01,27.8,33.6,93,4.8,-33.8,0,0,0.0,Light rain,r01n,22
2026-07-17 22:45:00,0.01,27.8,33.4,92,4.8,-36.0,0,0,0.0,Light rain,r01n,22
2026-07-17 23:00:00,0.01,27.8,33.4,92,4.8,-38.3,0,0,0.0,Light rain,r01n,23
2026-07-17 23:15:00,0.0,27.8,33.4,92,4.8,-39.9,0,0,0.0,Light rain,r01n,23
2026-07-17 23:30:00,0.0,27.8,33.4,92,4.8,-41.4,0,0,0.0,Light rain,r01n,23
2026-07-17 23:45:00,0.0,27.8,33.4,92,4.8,-42.9,0,0,0.0,Drizzle,d02n,23
2026-07-18 00:00:00,0.0,27.8,33.4,92,4.8,-44.5,0,0,0.0,Drizzle,d02n,0
2026-07-18 00:15:00,0.0,27.8,33.4,92,5.0,-44.9,0,0,0.0,Overcast clouds,c04n,0
2026-07-18 00:30:00,0.0,27.8,33.4,92,5.2,-45.4,0,0,0.0,Overcast clouds,c04n,0
2026-07-18 00:45:00,0.0,27.8,33.4,92,5.4,-45.9,0,0,0.0,Overcast clouds,c04n,0
2026-07-18 01:00:00,0.0,27.8,33.4,92,5.6,-46.3,0,0,0.0,Overcast clouds,c04n,1
2026-07-18 01:15:00,0.0,27.7,33.1,92,5.7,-45.6,0,0,0.0,Overcast clouds,c04n,1
2026-07-18 01:30:00,0.0,27.6,33.0,93,5.8,-44.9,0,0,0.0,Overcast clouds,c04n,1
2026-07-18 01:45:00,0.0,27.5,32.8,94,5.9,-44.2,0,0,0.0,Overcast clouds,c04n,1
2026-07-18 02:00:00,0.0,27.4,32.4,94,6.0,-43.5,0,0,0.0,Overcast clouds,c04n,2
2026-07-18 02:15:00,0.0,27.4,32.4,94,5.9,-41.7,0,0,0.0,Overcast clouds,c04n,2
2026-07-18 02:30:00,0.0,27.4,32.4,94,5.8,-40.0,0,0,0.0,Overcast clouds,c04n,2
2026-07-18 02:45:00,0.0,27.4,32.4,94,5.7,-38.3,0,0,0.0,Overcast clouds,c04n,2
2026-07-18 03:00:00,0.0,27.4,32.4,94,5.6,-36.6,0,0,0.0,Overcast clouds,c04n,3
2026-07-18 03:15:00,0.0,27.4,32.4,94,5.4,-34.2,0,0,0.0,Overcast clouds,c04n,3
2026-07-18 03:30:00,0.0,27.4,32.4,94,5.2,-31.8,0,0,0.0,Overcast clouds,c04n,3
2026-07-18 03:45:00,0.0,27.4,32.4,94,5.0,-29.4,0,0,0.0,Overcast clouds,c04n,3
2026-07-18 04:00:00,0.0,27.4,32.4,94,4.8,-27.0,0,0,0.0,Overcast clouds,c04n,4
2026-07-18 04:15:00,0.0,27.3,32.1,94,4.9,-24.2,0,0,0.0,Overcast clouds,c04n,4
2026-07-18 04:30:00,0.0,27.2,31.9,95,5.0,-21.4,0,0,0.0,Overcast clouds,c04n,4
2026-07-18 04:45:00,0.0,27.1,31.7,96,5.1,-18.6,0,0,0.0,Overcast clouds,c04n,4
2026-07-18 05:00:00,0.0,27.0,31.4,96,5.2,-15.8,0,0,0.0,Overcast clouds,c04n,5
2026-07-18 05:15:00,0.0,27.2,32.0,96,5.2,-12.7,0,0,0.0,Overcast clouds,c04n,5
2026-07-18 05:30:00,0.0,27.4,32.6,95,5.2,-9.7,0,0,0.0,Overcast clouds,c04n,5
2026-07-18 05:45:00,0.0,27.6,33.1,94,5.2,-6.6,0,0,0.0,Overcast clouds,c04n,5
2026-07-18 06:00:00,0.0,27.8,33.8,94,5.2,-3.5,0,0,0.0,Overcast clouds,c04n,6
2026-07-18 06:15:00,0.18,27.8,33.8,94,5.3,-0.3,28,12,0.0,Overcast clouds,c04n,6
2026-07-18 06:30:00,0.43,27.8,33.8,94,5.4,2.9,56,25,1.0,Overcast clouds,c04d,6
2026-07-18 06:45:00,1.16,27.8,33.8,94,5.5,6.1,84,37,1.0,Overcast clouds,c04d,6
2026-07-18 07:00:00,2.74,27.8,33.8,94,5.6,9.3,112,49,1.0,Overcast clouds,c04d,7
2026-07-18 07:15:00,5.94,28.0,34.4,94,5.9,12.6,168,57,1.0,Overcast clouds,c04d,7
2026-07-18 07:30:00,11.28,28.2,34.8,93,6.2,16.0,224,64,1.1,Drizzle,d02d,7
2026-07-18 07:45:00,19.18,28.3,35.2,92,6.5,19.3,280,72,1.1,Overcast clouds,c04d,7
2026-07-18 08:00:00,17.33,28.5,35.8,92,6.8,22.6,336,79,1.2,Overcast clouds,c04d,8
2026-07-18 08:15:00,36.37,28.6,36.2,92,7.1,26.0,393,84,1.3,Drizzle,d02d,8
2026-07-18 08:30:00,32.64,28.7,36.3,91,7.4,29.4,450,89,1.3,Light rain,r01d,8
2026-07-18 08:45:00,64.8,28.8,36.4,90,7.7,32.7,507,94,1.4,Drizzle,d02d,8
2026-07-18 09:00:00,96.6,28.9,36.7,90,8.0,36.1,564,98,1.5,Overcast clouds,c04d,9
2026-07-18 09:15:00,122.69,29.6,38.2,87,8.0,39.5,615,102,1.7,Overcast clouds,c04d,9
2026-07-18 09:30:00,84.42,30.2,39.5,84,8.0,43.0,666,105,1.8,Overcast clouds,c04d,9
2026-07-18 09:45:00,51.88,30.9,41.1,82,8.0,46.4,717,108,2.1,Overcast clouds,c04d,9
2026-07-18 10:00:00,109.29,31.5,42.2,79,8.0,49.8,768,111,2.3,Overcast clouds,c04d,10
2026-07-18 10:15:00,102.45,31.6,42.2,78,8.1,53.3,807,113,2.5,Overcast clouds,c04d,10
2026-07-18 10:30:00,120.46,31.7,41.7,76,8.2,56.7,846,115,2.6,Overcast clouds,c04d,10
2026-07-18 10:45:00,118.77,31.8,41.3,74,8.3,60.2,886,117,2.8,Drizzle,d02d,10
2026-07-18 11:00:00,110.27,31.9,41.2,73,8.4,63.6,925,120,2.9,Light rain,r01d,11
2026-07-18 11:15:00,81.06,31.9,41.2,73,8.4,67.1,949,121,3.1,Light rain,r01d,11
2026-07-18 11:30:00,122.27,31.9,41.2,73,8.4,70.5,973,122,3.3,Light rain,r01d,11
2026-07-18 11:45:00,12.94,31.9,41.2,73,8.4,74.0,998,123,3.4,Light rain,r01d,11
2026-07-18 12:00:00,3.96,31.9,41.2,73,8.4,77.5,1022,124,3.5,Light rain,r01d,12
2026-07-18 12:15:00,3.97,32.0,41.1,72,8.1,80.0,1029,125,3.6,Light rain,r01d,12
2026-07-18 12:30:00,4.02,32.1,41.3,72,7.8,82.6,1036,125,3.7,Light rain,r01d,12
2026-07-18 12:45:00,62.4,32.1,41.5,72,7.5,85.2,1043,125,3.9,Light rain,r01d,12
2026-07-18 13:00:00,0.02,32.2,41.4,71,7.2,87.8,1050,126,3.9,Drizzle,d02d,13
2026-07-18 13:15:00,0.03,32.0,41.2,72,7.5,84.4,1039,125,3.8,Thunderstorm with drizzle,t04d,13
2026-07-18 13:30:00,42.14,31.9,41.4,74,7.8,81.1,1028,125,3.7,Thunderstorm with light rain,t01d,13
2026-07-18 13:45:00,43.05,31.7,41.3,75,8.1,77.8,1017,124,3.5,Thunderstorm with drizzle,t04d,13
2026-07-18 14:00:00,62.14,31.5,41.1,76,8.4,74.5,1007,124,3.4,Thunderstorm with drizzle,t04d,14
2026-07-18 14:15:00,61.42,31.7,41.6,76,8.3,71.0,979,122,3.3,Drizzle,d02d,14
2026-07-18 14:30:00,18.03,31.9,41.8,75,8.2,67.6,951,121,3.2,Drizzle,d02d,14
2026-07-18 14:45:00,4.21,32.0,42.0,74,8.1,64.1,923,119,3.1,Overcast clouds,c04d,14
2026-07-18 15:00:00,3.97,32.2,42.6,74,8.0,60.7,896,118,2.9,Overcast clouds,c04d,15
2026-07-18 15:15:00,3.96,32.1,42.7,75,7.8,57.2,854,116,2.7,Overcast clouds,c04d,15
2026-07-18 15:30:00,3.98,32.1,42.9,76,7.6,53.8,811,113,2.4,Overcast clouds,c04d,15
2026-07-18 15:45:00,19.1,32.0,42.6,76,7.4,50.3,769,111,2.1,Overcast clouds,c04d,15
2026-07-18 16:00:00,0.0,31.9,42.8,77,7.2,46.9,727,109,1.9,Overcast clouds,c04d,16
2026-07-18 16:15:00,29.13,31.7,42.1,77,6.7,43.4,674,105,1.7,Light rain,r01d,16
2026-07-18 16:30:00,38.59,31.5,41.4,77,6.2,40.0,622,102,1.6,Moderate rain,r02d,16
2026-07-18 16:45:00,53.02,31.3,40.8,77,5.7,36.6,569,98,1.4,Light rain,r01d,16
2026-07-18 17:00:00,33.35,31.1,40.2,77,5.2,33.2,516,95,1.3,Light rain,r01d,17
2026-07-18 17:15:00,29.86,30.7,39.6,79,5.1,29.8,459,90,1.1,Light rain,r01d,17
2026-07-18 17:30:00,13.93,30.4,38.8,80,5.0,26.4,401,84,1.0,Light rain,r01d,17
2026-07-18 17:45:00,16.89,30.0,38.2,82,4.9,23.1,343,79,0.9,Light rain,r01d,17
2026-07-18 18:00:00,16.29,29.6,37.5,84,4.8,19.7,286,74,0.8,Light rain,r01d,18
2026-07-18 18:15:00,14.49,29.6,37.5,84,4.6,16.4,232,65,0.8,Drizzle,d02d,18
2026-07-18 18:30:00,12.22,29.6,37.5,84,4.4,13.1,178,57,0.7,Overcast clouds,c04d,18
2026-07-18 18:45:00,9.43,29.6,37.5,84,4.2,9.8,124,48,0.7,Overcast clouds,c04d,18
2026-07-18 19:00:00,6.33,29.6,37.5,84,4.0,6.5,70,39,0.6,Overcast clouds,c04d,19
2026-07-18 19:15:00,3.62,29.5,37.3,84,4.0,3.3,52,30,0.6,Overcast clouds,c04d,19
2026-07-18 19:30:00,0.69,29.5,37.0,84,4.0,0.1,35,20,0.6,Overcast clouds,c04n,19
2026-07-18 19:45:00,0.05,29.4,36.8,84,4.0,-3.1,17,10,0.0,Overcast clouds,c04n,19
2026-07-18 20:00:00,0.01,29.3,36.6,84,4.0,-6.3,0,0,0.0,Overcast clouds,c04n,20
2026-07-18 20:15:00,0.0,29.3,36.6,84,4.1,-9.3,0,0,0.0,Overcast clouds,c04n,20
2026-07-18 20:30:00,0.0,29.3,36.6,84,4.2,-12.3,0,0,0.0,Overcast clouds,c04n,20
2026-07-18 20:45:00,0.0,29.3,36.6,84,4.3,-15.3,0,0,0.0,Overcast clouds,c04n,20
2026-07-18 21:00:00,0.0,29.3,36.6,84,4.4,-18.4,0,0,0.0,Overcast clouds,c04n,21
2026-07-18 21:15:00,0.0,29.1,35.9,84,4.5,-21.1,0,0,0.0,Overcast clouds,c04n,21
2026-07-18 21:30:00,0.0,28.9,35.6,85,4.6,-23.8,0,0,0.0,Overcast clouds,c04n,21
2026-07-18 21:45:00,0.0,28.7,35.2,86,4.7,-26.6,0,0,0.0,Overcast clouds,c04n,21
2026-07-18 22:00:00,0.0,28.5,34.5,86,4.8,-29.3,0,0,0.0,Overcast clouds,c04n,22
2026-07-18 22:15:00,0.0,28.4,34.2,86,4.8,-31.6,0,0,0.0,Overcast clouds,c04n,22
2026-07-18 22:30:00,0.0,28.3,34.1,87,4.8,-33.9,0,0,0.0,Overcast clouds,c04n,22
2026-07-18 22:45:00,0.0,28.2,34.0,88,4.8,-36.2,0,0,0.0,Overcast clouds,c04n,22
2026-07-18 23:00:00,0.0,28.1,33.7,88,4.8,-38.5,0,0,0.0,Overcast clouds,c04n,23
2026-07-18 23:15:00,0.0,28.1,33.7,88,4.9,-40.0,0,0,0.0,Overcast clouds,c04n,23
2026-07-18 23:30:00,0.0,28.1,33.7,88,5.0,-41.5,0,0,0.0,Overcast clouds,c04n,23
2026-07-18 23:45:00,0.0,28.1,33.7,88,5.1,-43.1,0,0,0.0,Overcast clouds,c04n,23
2026-07-19 00:00:00,0.0,28.1,33.7,88,5.2,-44.6,0,0,0.0,Overcast clouds,c04n,0
2026-07-19 00:15:00,0.0,27.9,33.5,90,5.2,-45.1,0,0,0.0,Overcast clouds,c04n,0
2026-07-19 00:30:00,0.0,27.8,33.1,91,5.2,-45.6,0,0,0.0,Overcast clouds,c04n,0
2026-07-19 00:45:00,0.0,27.6,32.7,92,5.2,-46.0,0,0,0.0,Overcast clouds,c04n,0
2026-07-19 01:00:00,0.0,27.4,32.4,94,5.2,-46.5,0,0,0.0,Overcast clouds,c04n,1
2026-07-19 01:15:00,0.0,27.4,32.4,94,5.1,-45.8,0,0,0.0,Overcast clouds,c04n,1
2026-07-19 01:30:00,0.0,27.4,32.4,94,5.0,-45.1,0,0,0.0,Overcast clouds,c04n,1
2026-07-19 01:45:00,0.0,27.4,32.4,94,4.9,-44.4,0,0,0.0,Overcast clouds,c04n,1
2026-07-19 02:00:00,0.0,27.4,32.4,94,4.8,-43.6,0,0,0.0,Overcast clouds,c04n,2
2026-07-19 02:15:00,0.0,27.4,32.4,94,4.6,-41.9,0,0,0.0,Overcast clouds,c04n,2
2026-07-19 02:30:00,0.01,27.4,32.3,93,4.4,-40.2,0,0,0.0,Overcast clouds,c04n,2
2026-07-19 02:45:00,0.0,27.4,32.2,92,4.2,-38.5,0,0,0.0,Overcast clouds,c04n,2
2026-07-19 03:00:00,0.0,27.4,32.2,92,4.0,-36.7,0,0,0.0,Overcast clouds,c04n,3
2026-07-19 03:15:00,0.0,27.3,31.9,92,4.3,-34.3,0,0,0.0,Overcast clouds,c04n,3
2026-07-19 03:30:00,0.01,27.2,31.7,93,4.6,-31.9,0,0,0.0,Overcast clouds,c04n,3
2026-07-19 03:45:00,0.0,27.1,31.5,94,4.9,-29.5,0,0,0.0,Overcast clouds,c04n,3
2026-07-19 04:00:00,0.01,27.0,31.2,94,5.2,-27.1,0,0,0.0,Overcast clouds,c04n,4
2026-07-19 04:15:00,0.0,27.0,31.2,94,5.2,-24.3,0,0,0.0,Overcast clouds,c04n,4
2026-07-19 04:30:00,0.01,27.0,31.2,94,5.2,-21.5,0,0,0.0,Overcast clouds,c04n,4
2026-07-19 04:45:00,0.0,27.0,31.2,94,5.2,-18.7,0,0,0.0,Overcast clouds,c04n,4
2026-07-19 05:00:00,0.0,27.0,31.2,94,5.2,-15.9,0,0,0.0,Overcast clouds,c04n,5
2026-07-19 05:15:00,0.01,27.1,31.5,94,5.0,-12.8,0,0,0.0,Overcast clouds,c04n,5
2026-07-19 05:30:00,0.0,27.2,31.9,95,4.8,-9.8,0,0,0.0,Overcast clouds,c04n,5
2026-07-19 05:45:00,0.0,27.3,32.4,96,4.6,-6.7,0,0,0.0,Overcast clouds,c04n,5
2026-07-19 06:00:00,0.0,27.4,32.7,96,4.4,-3.6,0,0,0.0,Overcast clouds,c04n,6
2026-07-19 06:15:00,0.2,27.4,32.7,96,4.4,-0.4,28,12,0.0,Overcast clouds,c04n,6
2026-07-19 06:30:00,1.76,27.4,32.7,96,4.4,2.8,56,24,0.6,Overcast clouds,c04d,6
2026-07-19 06:45:00,7.39,27.4,32.7,96,4.4,6.0,83,37,0.7,Overcast clouds,c04d,6
2026-07-19 07:00:00,12.65,27.4,32.7,96,4.4,9.2,111,49,0.7,Overcast clouds,c04d,7
2026-07-19 07:15:00,8.3,27.6,33.2,95,4.5,12.6,167,56,0.7,Overcast clouds,c04d,7
2026-07-19 07:30:00,14.93,27.8,33.6,94,4.6,15.9,223,64,0.7,Overcast clouds,c04d,7
2026-07-19 07:45:00,17.96,27.9,34.0,93,4.7,19.2,279,72,0.8,Overcast clouds,c04d,7
2026-07-19 08:00:00,25.69,28.1,34.4,92,4.8,22.5,335,79,0.8,Overcast clouds,c04d,8
2026-07-19 08:15:00,23.71,28.1,34.4,92,5.0,25.9,392,84,0.9,Overcast clouds,c04d,8
2026-07-19 08:30:00,28.98,28.1,34.6,93,5.2,29.3,449,89,1.0,Overcast clouds,c04d,8
2026-07-19 08:45:00,45.17,28.1,34.8,94,5.4,32.7,506,94,1.2,Overcast clouds,c04d,8
2026-07-19 09:00:00,43.26,28.1,34.8,94,5.6,36.1,564,98,1.4,Overcast clouds,c04d,9
2026-07-19 09:15:00,49.0,28.8,36.4,91,5.8,39.5,614,102,1.5,Overcast clouds,c04d,9
2026-07-19 09:30:00,48.9,29.4,37.9,88,6.0,42.9,665,105,1.7,Overcast clouds,c04d,9
2026-07-19 09:45:00,0.03,30.1,39.3,85,6.2,46.3,716,108,1.9,Drizzle,d02d,9
2026-07-19 10:00:00,84.88,30.7,40.6,82,6.4,49.8,767,111,2.1,Light rain,r01d,10
2026-07-19 10:15:00,91.5,30.8,40.9,82,6.5,53.2,806,113,2.3,Light rain,r01d,10
2026-07-19 10:30:00,108.16,30.9,41.2,82,6.6,56.7,846,115,2.6,Moderate rain,r02d,10
2026-07-19 10:45:00,120.09,31.0,42.0,83,6.7,60.1,885,117,2.8,Moderate rain,r02d,10
2026-07-19 11:00:00,129.26,31.1,42.3,83,6.8,63.6,925,120,3.1,Moderate rain,r02d,11
2026-07-19 11:15:00,122.33,31.2,42.3,82,6.9,67.0,949,121,3.2,Light rain,r01d,11
2026-07-19 11:30:00,126.85,31.3,42.3,81,7.0,70.5,973,122,3.4,Light rain,r01d,11
2026-07-19 11:45:00,120.0,31.4,42.2,80,7.1,74.0,998,123,3.5,Light rain,r01d,11
2026-07-19 12:00:00,151.84,31.5,42.2,79,7.2,77.4,1022,124,3.6,Drizzle,d02d,12
2026-07-19 12:15:00,120.68,31.6,42.2,78,7.1,80.0,1029,125,3.7,Overcast clouds,c04d,12
2026-07-19 12:30:00,51.33,31.7,42.5,78,7.0,82.5,1036,125,3.7,Overcast clouds,c04d,12
2026-07-19 12:45:00,3.87,31.8,42.4,77,6.9,85.1,1043,125,3.8,Overcast clouds,c04d,12
2026-07-19 13:00:00,3.96,31.9,42.4,76,6.8,87.6,1050,126,3.8,Overcast clouds,c04d,13
2026-07-19 13:15:00,93.12,31.6,41.8,77,6.9,84.3,1039,125,3.8,Overcast clouds,c04d,13
2026-07-19 13:30:00,66.66,31.3,41.2,78,7.0,81.1,1028,125,3.6,Overcast clouds,c04d,13
2026-07-19 13:45:00,55.21,31.0,40.9,80,7.1,77.8,1018,124,3.5,Overcast clouds,c04d,13
2026-07-19 14:00:00,4.41,30.7,40.2,81,7.2,74.5,1007,124,3.4,Drizzle,d02d,14
2026-07-19 14:15:00,89.32,30.4,39.4,82,6.9,71.0,979,122,3.3,Drizzle,d02d,14
2026-07-19 14:30:00,58.36,30.0,38.8,84,6.6,67.6,951,121,3.1,Drizzle,d02d,14
2026-07-19 14:45:00,50.88,29.7,38.0,85,6.3,64.1,923,119,2.9,Drizzle,d02d,14
2026-07-19 15:00:00,23.88,29.3,37.1,86,6.0,60.6,896,118,2.8,Thunderstorm with drizzle,t04d,15
2026-07-19 15:15:00,8.58,29.1,36.4,86,5.8,57.2,854,116,2.5,Overcast clouds,c04d,15
2026-07-19 15:30:00,16.43,28.9,36.0,87,5.6,53.7,811,113,2.3,Overcast clouds,c04d,15
2026-07-19 15:45:00,3.81,28.7,35.6,88,5.4,50.3,769,111,2.1,Overcast clouds,c04d,15
2026-07-19 16:00:00,4.53,28.5,35.0,88,5.2,46.8,727,109,1.9,Thunderstorm with drizzle,t04d,16
2026-07-19 16:15:00,6.94,28.5,35.0,88,5.0,43.4,674,105,1.7,Thunderstorm with drizzle,t04d,16
2026-07-19 16:30:00,8.11,28.5,35.0,88,4.8,40.0,621,102,1.5,Thunderstorm with drizzle,t04d,16
2026-07-19 16:45:00,5.58,28.5,35.0,88,4.6,36.6,569,98,1.4,Thunderstorm with drizzle,t04d,16
2026-07-19 17:00:00,7.12,28.5,35.0,88,4.4,33.2,516,95,1.2,Thunderstorm with drizzle,t04d,17
2026-07-19 17:15:00,6.07,28.3,34.6,89,3.9,29.8,458,90,1.1,Overcast clouds,c04d,17
2026-07-19 17:30:00,5.2,28.2,34.2,90,3.4,26.4,400,84,0.9,Overcast clouds,c04d,17
2026-07-19 17:45:00,5.1,28.0,33.8,91,2.9,23.0,343,79,0.9,Overcast clouds,c04d,17
2026-07-19 18:00:00,4.79,27.8,33.4,92,2.4,19.7,285,74,0.8,Drizzle,d02d,18
2026-07-19 18:15:00,5.02,27.8,33.4,92,2.3,16.3,231,65,0.7,Drizzle,d02d,18
2026-07-19 18:30:00,3.89,27.8,33.4,92,2.2,13.0,177,57,0.7,Drizzle,d02d,18
2026-07-19 18:45:00,2.77,27.8,33.4,92,2.1,9.7,123,48,0.7,Drizzle,d02d,18
2026-07-19 19:00:00,1.77,27.8,33.4,92,2.0,6.4,69,39,0.6,Drizzle,d02d,19
2026-07-19 19:15:00,1.12,27.7,33.1,92,1.9,3.2,52,29,0.6,Overcast clouds,c04d,19
2026-07-19 19:30:00,0.18,27.6,33.0,93,1.8,0.0,35,20,0.6,Overcast clouds,c04n,19
2026-07-19 19:45:00,0.01,27.5,32.8,94,1.7,-3.2,17,10,0.0,Overcast clouds,c04n,19
2026-07-19 20:00:00,0.0,27.4,32.4,94,1.6,-6.4,0,0,0.0,Overcast clouds,c04n,20
2026-07-19 20:15:00,0.0,27.5,32.8,94,1.6,-9.4,0,0,0.0,Overcast clouds,c04n,20
2026-07-19 20:30:00,0.0,27.6,33.0,93,1.6,-12.4,0,0,0.0,Overcast clouds,c04n,20
2026-07-19 20:45:00,0.0,27.7,33.1,92,1.6,-15.4,0,0,0.0,Overcast clouds,c04n,20
2026-07-19 21:00:00,0.0,27.8,33.4,92,1.6,-18.5,0,0,0.0,Overcast clouds,c04n,21
2026-07-19 21:15:00,0.0,27.6,33.0,93,1.6,-21.2,0,0,0.0,Overcast clouds,c04n,21
2026-07-19 21:30:00,0.0,27.4,32.4,94,1.6,-23.9,0,0,0.0,Overcast clouds,c04n,21
2026-07-19 21:45:00,0.0,27.2,31.9,95,1.6,-26.7,0,0,0.0,Overcast clouds,c04n,21
2026-07-19 22:00:00,0.0,27.0,31.4,96,1.6,-29.4,0,0,0.0,Overcast clouds,c04n,22
2026-07-19 22:15:00,0.0,26.9,31.1,96,1.6,-31.7,0,0,0.0,Overcast clouds,c04n,22
2026-07-19 22:30:00,0.0,26.9,31.0,97,1.6,-34.0,0,0,0.0,Fog,a05n,22
2026-07-19 22:45:00,0.0,26.8,30.8,98,1.6,-36.3,0,0,0.0,Fog,a05n,22
2026-07-19 23:00:00,0.0,26.7,30.6,98,1.6,-38.6,0,0,0.0,Fog,a05n,23
2026-07-19 23:15:00,0.0,26.7,30.6,98,1.6,-40.1,0,0,0.0,Fog,a05n,23
2026-07-19 23:30:00,0.0,26.7,30.6,98,1.6,-41.7,0,0,0.0,Drizzle,d02n,23
2026-07-19 23:45:00,0.0,26.7,30.6,98,1.6,-43.2,0,0,0.0,Drizzle,d02n,23
2026-07-20 00:00:00,0.0,26.7,30.6,98,1.6,-44.8,0,0,0.0,Drizzle,d02n,0
2026-07-20 00:15:00,0.0,26.6,27.9,98,1.5,-45.3,0,0,0.0,Drizzle,d02n,0
2026-07-20 00:30:00,0.0,26.5,27.8,98,1.4,-45.7,0,0,0.0,Drizzle,d02n,0
2026-07-20 00:45:00,0.0,26.4,27.7,98,1.3,-46.2,0,0,0.0,Fog,a05n,0
2026-07-20 01:00:00,0.0,26.3,27.5,98,1.2,-46.7,0,0,0.0,Fog,a05n,1
2026-07-20 01:15:00,0.0,26.3,27.5,98,1.2,-46.0,0,0,0.0,Fog,a05n,1
2026-07-20 01:30:00,0.0,26.3,27.5,98,1.2,-45.3,0,0,0.0,Drizzle,d02n,1
2026-07-20 01:45:00,0.0,26.3,27.5,98,1.2,-44.5,0,0,0.0,Fog,a05n,1
2026-07-20 02:00:00,0.0,26.3,27.5,98,1.2,-43.8,0,0,0.0,Fog,a05n,2
2026-07-20 02:15:00,0.0,26.3,27.5,98,1.7,-42.1,0,0,0.0,Fog,a05n,2
2026-07-20 02:30:00,0.0,26.3,27.5,98,2.2,-40.4,0,0,0.0,Fog,a05n,2
2026-07-20 02:45:00,0.0,26.3,27.5,98,2.7,-38.6,0,0,0.0,Fog,a05n,2
2026-07-20 03:00:00,0.0,26.3,27.5,98,3.2,-36.9,0,0,0.0,Fog,a05n,3
2026-07-20 03:15:00,0.0,26.2,27.4,98,3.4,-34.5,0,0,0.0,Fog,a05n,3
2026-07-20 03:30:00,0.0,26.1,27.3,98,3.6,-32.1,0,0,0.0,Fog,a05n,3
2026-07-20 03:45:00,0.0,26.0,27.2,98,3.8,-29.7,0,0,0.0,Fog,a05n,3
2026-07-20 04:00:00,0.0,25.9,27.1,98,4.0,-27.3,0,0,0.0,Fog,a05n,4
2026-07-20 04:15:00,0.0,25.9,27.1,98,3.5,-24.5,0,0,0.0,Fog,a05n,4
2026-07-20 04:30:00,0.0,25.9,27.1,98,3.0,-21.6,0,0,0.0,Fog,a05n,4
2026-07-20 04:45:00,0.0,25.9,27.1,98,2.5,-18.8,0,0,0.0,Fog,a05n,4
2026-07-20 05:00:00,0.0,25.9,27.1,98,2.0,-16.0,0,0,0.0,Fog,a05n,5
2026-07-20 05:15:00,0.0,25.9,27.1,98,2.2,-12.9,0,0,0.0,Fog,a05n,5
2026-07-20 05:30:00,0.0,25.9,27.1,98,2.4,-9.9,0,0,0.0,Fog,a05n,5
2026-07-20 05:45:00,0.0,25.9,27.1,98,2.6,-6.8,0,0,0.0,Fog,a05n,5
2026-07-20 06:00:00,0.0,25.9,27.1,98,2.8,-3.7,0,0,0.0,Fog,a05n,6
2026-07-20 06:15:00,0.17,25.9,27.1,98,3.1,-0.5,27,12,0.0,Fog,a05n,6
2026-07-20 06:30:00,2.0,25.9,27.1,98,3.4,2.7,55,24,0.6,Fog,a05d,6
2026-07-20 06:45:00,2.66,25.9,27.1,98,3.7,5.9,82,36,0.6,Fog,a05d,6
2026-07-20 07:00:00,5.59,25.9,27.1,98,4.0,9.2,110,49,0.6,Fog,a05d,7
2026-07-20 07:15:00,12.45,25.9,27.1,98,4.1,12.5,166,56,0.7,Fog,a05d,7
2026-07-20 07:30:00,9.63,25.9,27.1,98,4.2,15.8,222,64,0.7,Fog,a05d,7
2026-07-20 07:45:00,13.19,25.9,27.1,98,4.3,19.1,278,72,0.8,Fog,a05d,7
2026-07-20 08:00:00,15.63,25.9,27.1,98,4.4,22.5,334,79,0.8,Fog,a05d,8
2026-07-20 08:15:00,17.12,25.9,27.1,98,4.3,25.8,391,84,0.9,Fog,a05d,8
2026-07-20 08:30:00,41.49,25.9,27.1,98,4.2,29.2,448,89,1.0,Fog,a05d,8
2026-07-20 08:45:00,58.06,25.9,27.1,98,4.1,32.6,505,94,1.2,Drizzle,d02d,8
2026-07-20 09:00:00,67.49,25.9,27.1,98,4.0,36.0,563,98,1.3,Light rain,r01d,9
2026-07-20 09:15:00,66.14,26.4,27.6,96,4.1,39.4,614,102,1.5,Light rain,r01d,9
2026-07-20 09:30:00,65.39,26.9,30.7,94,4.2,42.9,665,105,1.7,Light rain,r01d,9
2026-07-20 09:45:00,60.08,27.3,31.9,92,4.3,46.3,716,108,1.9,Drizzle,d02d,9
2026-07-20 10:00:00,57.92,27.8,33.1,90,4.4,49.7,767,111,2.1,Drizzle,d02d,10
2026-07-20 10:15:00,63.29,27.9,33.4,90,4.5,53.2,806,113,2.3,Drizzle,d02d,10
2026-07-20 10:30:00,78.81,28.0,33.6,90,4.6,56.6,845,115,2.5,Light rain,r01d,10
2026-07-20 10:45:00,73.1,28.0,33.8,90,4.7,60.1,885,117,2.7,Light rain,r01d,10
2026-07-20 11:00:00,80.13,28.1,34.1,90,4.8,63.5,924,120,2.9,Light rain,r01d,11
2026-07-20 11:15:00,98.7,28.1,34.1,90,4.9,67.0,949,121,3.1,Drizzle,d02d,11
2026-07-20 11:30:00,62.92,28.1,34.3,91,5.0,70.5,973,122,3.3,Drizzle,d02d,11
2026-07-20 11:45:00,4.01,28.1,34.4,92,5.1,73.9,997,123,3.4,Drizzle,d02d,11
2026-07-20 12:00:00,4.01,28.1,34.4,92,5.2,77.4,1022,124,3.5,Drizzle,d02d,12
2026-07-20 12:15:00,3.98,28.3,34.9,91,5.2,79.9,1029,125,3.7,Light rain,r01d,12
2026-07-20 12:30:00,86.33,28.5,35.4,90,5.2,82.4,1036,125,3.8,Light rain,r01d,12
2026-07-20 12:45:00,60.12,28.7,35.8,89,5.2,85.0,1043,125,3.9,Light rain,r01d,12
2026-07-20 13:00:00,32.82,28.9,36.3,88,5.2,87.5,1050,126,4.0,Light rain,r01d,13
2026-07-20 13:15:00,93.09,29.1,36.8,88,5.4,84.2,1039,125,3.8,Light rain,r01d,13
2026-07-20 13:30:00,72.36,29.3,37.2,87,5.6,81.0,1028,125,3.8,Light rain,r01d,13
2026-07-20 13:45:00,15.03,29.4,37.5,86,5.8,77.7,1018,124,3.6,Light rain,r01d,13
2026-07-20 14:00:00,3.93,29.6,38.1,86,6.0,74.5,1007,124,3.4,Light rain,r01d,14
2026-07-20 14:15:00,3.9,29.7,38.4,86,5.6,71.0,979,122,3.3,Light rain,r01d,14
2026-07-20 14:30:00,3.92,29.8,38.8,86,5.2,67.5,951,121,3.1,Light rain,r01d,14
2026-07-20 14:45:00,4.0,29.9,39.1,86,4.8,64.1,923,119,2.9,Light rain,r01d,14
2026-07-20 15:00:00,38.14,30.0,39.4,86,4.4,60.6,896,118,2.8,Thunderstorm with light rain,t01d,15
2026-07-20 15:15:00,27.05,30.0,39.4,86,4.4,57.2,853,116,2.5,Thunderstorm with light rain,t01d,15
2026-07-20 15:30:00,10.19,30.0,39.1,85,4.4,53.7,811,113,2.3,Thunderstorm with light rain,t01d,15
2026-07-20 15:45:00,5.05,30.0,38.8,84,4.4,50.3,769,111,2.1,Light rain,r01d,15
2026-07-20 16:00:00,3.91,30.0,38.8,84,4.4,46.8,727,109,1.9,Drizzle,d02d,16
2026-07-20 16:15:00,56.92,29.8,38.3,84,4.2,43.4,674,105,1.7,Light rain,r01d,16
2026-07-20 16:30:00,51.68,29.7,37.7,84,4.0,40.0,621,102,1.5,Light rain,r01d,16
2026-07-20 16:45:00,37.93,29.5,37.1,84,3.8,36.5,568,98,1.4,Thunderstorm with light rain,t01d,16
2026-07-20 17:00:00,35.27,29.3,36.6,84,3.6,33.1,515,95,1.2,Thunderstorm with light rain,t01d,17
2026-07-20 17:15:00,23.32,28.5,34.6,87,3.5,29.7,458,90,1.1,Thunderstorm with light rain,t01d,17
2026-07-20 17:30:00,12.84,27.6,32.5,90,3.4,26.4,400,84,0.9,Thunderstorm with rain,t02d,17
2026-07-20 17:45:00,4.16,26.8,30.3,93,3.3,23.0,342,79,0.9,Thunderstorm with light rain,t01d,17
2026-07-20 18:00:00,3.64,25.9,27.1,96,3.2,19.6,284,74,0.8,Thunderstorm with light rain,t01d,18
2026-07-20 18:15:00,2.71,25.9,27.1,96,3.3,16.3,230,65,0.7,Thunderstorm with light rain,t01d,18
2026-07-20 18:30:00,1.51,25.9,27.0,95,3.4,13.0,176,56,0.7,Thunderstorm with light rain,t01d,18
2026-07-20 18:45:00,1.06,25.9,27.0,94,3.5,9.7,122,48,0.7,Light rain,r01d,18
2026-07-20 19:00:00,0.84,25.9,27.0,94,3.6,6.4,68,39,0.6,Light rain,r01d,19
2026-07-20 19:15:00,0.29,26.0,27.1,94,3.4,3.2,51,29,0.6,Thunderstorm with light rain,t01d,19
2026-07-20 19:30:00,0.06,26.1,27.2,94,3.2,0.0,34,19,0.6,Thunderstorm with light rain,t01n,19
2026-07-20 19:45:00,0.0,26.2,27.3,94,3.0,-3.2,17,10,0.0,Thunderstorm with light rain,t01n,19
2026-07-20 20:00:00,0.0,26.3,27.4,94,2.8,-6.4,0,0,0.0,Light rain,r01n,20
2026-07-20 20:15:00,0.0,26.3,27.4,94,2.8,-9.5,0,0,0.0,Thunderstorm with light rain,t01n,20
2026-07-20 20:30:00,0.0,26.3,27.4,94,2.8,-12.5,0,0,0.0,Thunderstorm with light rain,t01n,20
2026-07-20 20:45:00,0.0,26.3,27.4,94,2.8,-15.5,0,0,0.0,Thunderstorm with light rain,t01n,20
2026-07-20 21:00:00,0.0,26.3,27.4,94,2.8,-18.6,0,0,0.0,Thunderstorm with light rain,t01n,21
2026-07-20 21:15:00,0.0,26.2,27.3,94,2.6,-21.3,0,0,0.0,Thunderstorm with light rain,t01n,21
2026-07-20 21:30:00,0.0,26.1,27.2,95,2.4,-24.1,0,0,0.0,Thunderstorm with light rain,t01n,21
2026-07-20 21:45:00,0.0,26.0,27.2,96,2.2,-26.8,0,0,0.0,Thunderstorm with light rain,t01n,21
2026-07-20 22:00:00,0.0,25.9,27.1,96,2.0,-29.6,0,0,0.0,Light rain,r01n,22
2026-07-20 22:15:00,0.0,25.7,26.9,96,1.9,-31.9,0,0,0.0,Light rain,r01n,22
2026-07-20 22:30:00,0.0,25.6,26.7,97,1.8,-34.2,0,0,0.0,Light rain,r01n,22
2026-07-20 22:45:00,0.0,25.4,26.5,98,1.7,-36.5,0,0,0.0,Drizzle,d02n,22
2026-07-20 23:00:00,0.0,25.2,26.3,98,1.6,-38.8,0,0,0.0,Drizzle,d02n,23
2026-07-20 23:15:00,0.0,25.3,26.4,98,1.6,-40.3,0,0,0.0,Drizzle,d02n,23
2026-07-20 23:30:00,0.0,25.4,26.5,97,1.6,-41.9,0,0,0.0,Drizzle,d02n,23
2026-07-20 23:45:00,0.0,25.5,26.6,96,1.6,-43.4,0,0,0.0,Drizzle,d02n,23
2026-07-21 00:00:00,0.0,25.6,26.7,96,1.6,-45.0,0,0,0.0,Light rain,r01n,0
2026-07-21 00:15:00,0.0,25.5,26.6,96,1.7,-45.4,0,0,0.0,Light rain,r01n,0
2026-07-21 00:30:00,0.0,25.4,26.5,97,1.8,-45.9,0,0,0.0,Light rain,r01n,0
2026-07-21 00:45:00,0.0,25.3,26.4,98,1.9,-46.4,0,0,0.0,Light rain,r01n,0
2026-07-21 01:00:00,0.0,25.2,26.3,98,2.0,-46.9,0,0,0.0,Light rain,r01n,1
2026-07-21 01:15:00,0.0,25.3,26.4,98,2.2,-46.2,0,0,0.0,Light rain,r01n,1
2026-07-21 01:30:00,0.0,25.4,26.5,97,2.4,-45.4,0,0,0.0,Drizzle,d02n,1
2026-07-21 01:45:00,0.0,25.5,26.6,96,2.6,-44.7,0,0,0.0,Overcast clouds,c04n,1
2026-07-21 02:00:00,0.0,25.6,26.7,96,2.8,-44.0,0,0,0.0,Overcast clouds,c04n,2
2026-07-21 02:15:00,0.0,25.5,26.6,96,2.7,-42.3,0,0,0.0,Overcast clouds,c04n,2
2026-07-21 02:30:00,0.0,25.4,26.5,97,2.6,-40.5,0,0,0.0,Fog,a05n,2
2026-07-21 02:45:00,0.0,25.3,26.4,98,2.5,-38.8,0,0,0.0,Fog,a05n,2
2026-07-21 03:00:00,0.0,25.2,26.3,98,2.4,-37.1,0,0,0.0,Fog,a05n,3
2026-07-21 03:15:00,0.0,25.2,26.3,98,2.3,-34.6,0,0,0.0,Fog,a05n,3
2026-07-21 03:30:00,0.0,25.2,26.3,98,2.2,-32.2,0,0,0.0,Fog,a05n,3
2026-07-21 03:45:00,0.0,25.2,26.3,98,2.1,-29.8,0,0,0.0,Fog,a05n,3
2026-07-21 04:00:00,0.0,25.2,26.3,98,2.0,-27.4,0,0,0.0,Fog,a05n,4
2026-07-21 04:15:00,0.0,25.1,26.2,98,2.0,-24.6,0,0,0.0,Fog,a05n,4
2026-07-21 04:30:00,0.0,25.0,26.1,99,2.0,-21.8,0,0,0.0,Fog,a05n,4
2026-07-21 04:45:00,0.0,24.9,26.1,100,2.0,-18.9,0,0,0.0,Fog,a05n,4
2026-07-21 05:00:00,0.0,24.8,25.9,100,2.0,-16.1,0,0,0.0,Fog,a05n,5
2026-07-21 05:15:00,0.0,25.0,26.2,100,2.1,-13.0,0,0,0.0,Fog,a05n,5
2026-07-21 05:30:00,0.0,25.2,26.4,99,2.2,-10.0,0,0,0.0,Fog,a05n,5
2026-07-21 05:45:00,0.0,25.4,26.6,98,2.3,-6.9,0,0,0.0,Fog,a05n,5
2026-07-21 06:00:00,0.01,25.6,26.8,98,2.4,-3.8,0,0,0.0,Fog,a05n,6
2026-07-21 06:15:00,0.03,25.7,26.9,98,2.5,-0.6,27,12,0.0,Fog,a05n,6
2026-07-21 06:30:00,1.45,25.8,26.9,98,2.6,2.6,54,24,0.6,Fog,a05d,6
2026-07-21 06:45:00,3.96,25.8,27.0,98,2.7,5.9,82,36,0.6,Fog,a05d,6
2026-07-21 07:00:00,4.6,25.9,27.1,98,2.8,9.1,109,48,0.6,Fog,a05d,7
2026-07-21 07:15:00,13.66,26.0,27.2,98,3.2,12.4,165,56,0.7,Fog,a05d,7
2026-07-21 07:30:00,19.69,26.1,27.3,97,3.6,15.7,221,64,0.7,Fog,a05d,7
2026-07-21 07:45:00,32.45,26.2,27.4,96,4.0,19.1,277,71,0.8,Overcast clouds,c04d,7
2026-07-21 08:00:00,35.16,26.3,27.5,96,4.4,22.4,333,79,0.8,Overcast clouds,c04d,8
2026-07-21 08:15:00,47.4,26.3,27.5,96,4.6,25.8,390,84,0.9,Overcast clouds,c04d,8
2026-07-21 08:30:00,57.13,26.3,27.5,96,4.8,29.2,447,89,1.0,Overcast clouds,c04d,8
2026-07-21 08:45:00,55.68,26.3,27.5,96,5.0,32.6,505,93,1.2,Overcast clouds,c04d,8
2026-07-21 09:00:00,70.2,26.3,27.5,96,5.2,36.0,562,98,1.4,Overcast clouds,c04d,9
2026-07-21 09:15:00,89.34,27.0,31.0,94,5.3,39.4,613,101,1.5,Overcast clouds,c04d,9
2026-07-21 09:30:00,112.23,27.6,32.7,91,5.4,42.8,664,105,1.8,Overcast clouds,c04d,9
2026-07-21 09:45:00,117.94,28.3,34.2,88,5.5,46.2,715,108,2.0,Overcast clouds,c04d,9
2026-07-21 10:00:00,128.14,28.9,35.8,86,5.6,49.7,766,111,2.2,Overcast clouds,c04d,10
2026-07-21 10:15:00,131.15,29.0,36.1,86,5.7,53.1,806,113,2.4,Overcast clouds,c04d,10
2026-07-21 10:30:00,93.52,29.1,36.2,85,5.8,56.6,845,115,2.6,Overcast clouds,c04d,10
2026-07-21 10:45:00,61.59,29.2,36.3,84,5.9,60.0,885,117,2.9,Overcast clouds,c04d,10
2026-07-21 11:00:00,38.57,29.3,36.6,84,6.0,63.5,924,120,3.1,Overcast clouds,c04d,11
2026-07-21 11:15:00,23.52,29.5,36.9,83,6.0,67.0,949,121,3.2,Overcast clouds,c04d,11
2026-07-21 11:30:00,4.29,29.7,37.1,82,6.0,70.4,973,122,3.4,Overcast clouds,c04d,11
2026-07-21 11:45:00,3.95,29.8,37.1,80,6.0,73.9,997,123,3.6,Overcast clouds,c04d,11
2026-07-21 12:00:00,39.99,30.0,37.4,79,6.0,77.3,1022,124,3.6,Overcast clouds,c04d,12
2026-07-21 12:15:00,81.94,30.4,37.9,77,5.8,79.8,1029,125,3.7,Overcast clouds,c04d,12
2026-07-21 12:30:00,37.89,30.8,38.4,75,5.6,82.3,1036,125,3.7,Overcast clouds,c04d,12
2026-07-21 12:45:00,3.91,31.1,38.9,73,5.4,84.8,1043,125,3.8,Overcast clouds,c04d,12
2026-07-21 13:00:00,3.87,31.5,39.3,71,5.2,87.3,1050,126,3.8,Overcast clouds,c04d,13
2026-07-21 13:15:00,135.79,31.5,39.3,71,5.3,84.1,1039,125,3.8,Overcast clouds,c04d,13
2026-07-21 13:30:00,115.73,31.5,39.3,71,5.4,80.9,1028,125,3.6,Overcast clouds,c04d,13
2026-07-21 13:45:00,161.47,31.5,39.3,71,5.5,77.7,1018,124,3.5,Overcast clouds,c04d,13
2026-07-21 14:00:00,18.32,31.5,39.3,71,5.6,74.4,1007,124,3.4,Overcast clouds,c04d,14
2026-07-21 14:15:00,4.0,31.2,38.9,72,5.6,71.0,979,122,3.3,Overcast clouds,c04d,14
2026-07-21 14:30:00,4.03,31.0,38.1,72,5.6,67.5,951,121,3.1,Overcast clouds,c04d,14
2026-07-21 14:45:00,3.99,30.7,37.6,73,5.6,64.1,923,119,2.9,Overcast clouds,c04d,14
2026-07-21 15:00:00,30.71,30.4,37.1,74,5.6,60.6,896,118,2.8,Overcast clouds,c04d,15
2026-07-21 15:15:00,77.78,29.8,36.1,76,5.5,57.1,853,116,2.5,Overcast clouds,c04d,15
2026-07-21 15:30:00,57.22,29.3,35.2,79,5.4,53.7,811,113,2.3,Overcast clouds,c04d,15
2026-07-21 15:45:00,75.38,28.7,34.3,82,5.3,50.2,769,111,2.1,Drizzle,d02d,15
2026-07-21 16:00:00,31.64,28.1,33.0,84,5.2,46.8,726,109,1.9,Light rain,r01d,16
2026-07-21 16:15:00,3.98,28.2,33.3,84,5.1,43.4,673,105,1.7,Light rain,r01d,16
2026-07-21 16:30:00,4.04,28.3,33.4,83,5.0,39.9,621,102,1.5,Light rain,r01d,16
2026-07-21 16:45:00,4.01,28.4,33.5,82,4.9,36.5,568,98,1.4,Light rain,r01d,16
2026-07-21 17:00:00,3.96,28.5,33.8,82,4.8,33.1,515,95,1.2,Overcast clouds,c04d,17
2026-07-21 17:15:00,4.67,28.1,33.1,84,4.7,29.7,457,90,1.1,Overcast clouds,c04d,17
2026-07-21 17:30:00,4.7,27.8,32.5,87,4.6,26.3,399,84,0.9,Drizzle,d02d,17
2026-07-21 17:45:00,3.95,27.4,31.8,90,4.5,22.9,341,79,0.9,Drizzle,d02d,17
2026-07-21 18:00:00,4.68,27.0,30.9,92,4.4,19.6,283,74,0.8,Light rain,r01d,18
2026-07-21 18:15:00,4.02,27.0,30.9,92,4.3,16.2,229,65,0.7,Light rain,r01d,18
2026-07-21 18:30:00,3.97,27.0,30.9,92,4.2,12.9,175,56,0.7,Light rain,r01d,18
2026-07-21 18:45:00,4.3,27.0,30.9,92,4.1,9.6,121,48,0.7,Drizzle,d02d,18
2026-07-21 19:00:00,3.95,27.0,30.9,92,4.0,6.3,67,39,0.6,Drizzle,d02d,19
2026-07-21 19:15:00,4.13,27.1,31.2,92,4.0,3.1,51,29,0.6,Light rain,r01d,19
2026-07-21 19:30:00,0.61,27.2,31.4,91,4.0,-0.1,34,19,0.0,Light rain,r01n,19
2026-07-21 19:45:00,0.02,27.3,31.6,90,4.0,-3.3,17,10,0.0,Light rain,r01n,19
2026-07-21 20:00:00,0.0,27.4,31.9,90,4.0,-6.5,0,0,0.0,Light rain,r01n,20
2026-07-21 20:15:00,0.0,27.4,31.9,90,3.9,-9.5,0,0,0.0,Light rain,r01n,20
2026-07-21 20:30:00,0.0,27.4,31.9,90,3.8,-12.6,0,0,0.0,Light rain,r01n,20
2026-07-21 20:45:00,0.0,27.4,31.9,90,3.7,-15.6,0,0,0.0,Drizzle,d02n,20
2026-07-21 21:00:00,0.0,27.4,31.9,90,3.6,-18.7,0,0,0.0,Overcast clouds,c04n,21
2026-07-21 21:15:00,0.0,27.2,31.5,91,3.6,-21.4,0,0,0.0,Overcast clouds,c04n,21
2026-07-21 21:30:00,0.0,27.1,31.1,92,3.6,-24.2,0,0,0.0,Overcast clouds,c04n,21
2026-07-21 21:45:00,0.0,26.9,30.7,93,3.6,-26.9,0,0,0.0,Overcast clouds,c04n,21
2026-07-21 22:00:00,0.0,26.7,30.2,94,3.6,-29.7,0,0,0.0,Overcast clouds,c04n,22
2026-07-21 22:15:00,0.0,26.7,30.2,94,3.6,-32.0,0,0,0.0,Overcast clouds,c04n,22
2026-07-21 22:30:00,0.0,26.7,30.2,94,3.6,-34.3,0,0,0.0,Overcast clouds,c04n,22
2026-07-21 22:45:00,0.01,26.7,30.2,94,3.6,-36.6,0,0,0.0,Overcast clouds,c04n,22
2026-07-21 23:00:00,0.0,26.7,30.2,94,3.6,-38.9,0,0,0.0,Overcast clouds,c04n,23
2026-07-21 23:15:00,0.0,26.6,27.8,94,3.5,-40.5,0,0,0.0,Overcast clouds,c04n,23
2026-07-21 23:30:00,0.0,26.5,27.7,95,3.4,-42.0,0,0,0.0,Overcast clouds,c04n,23
2026-07-21 23:45:00,0.0,26.4,27.6,96,3.3,-43.6,0,0,0.0,Overcast clouds,c04n,23
2026-07-22 00:00:00,0.01,26.3,27.5,96,3.2,-45.1,0,0,0.0,Overcast clouds,c04n,0
2026-07-22 00:15:00,0.0,26.3,27.5,96,3.1,-45.6,0,0,0.0,Broken clouds,c03n,0
2026-07-22 00:30:00,0.0,26.3,27.5,96,3.0,-46.1,0,0,0.0,Broken clouds,c03n,0
2026-07-22 00:45:00,0.01,26.3,27.5,96,2.9,-46.6,0,0,0.0,Scattered clouds,c02n,0
2026-07-22 01:00:00,0.0,26.3,27.5,96,2.8,-47.1,0,0,0.0,Scattered clouds,c02n,1
2026-07-22 01:15:00,0.01,26.2,27.4,96,2.8,-46.4,0,0,0.0,Few clouds,c02n,1
2026-07-22 01:30:00,0.0,26.1,27.3,97,2.8,-45.6,0,0,0.0,Fog,a05n,1
2026-07-22 01:45:00,0.0,26.0,27.2,98,2.8,-44.9,0,0,0.0,Fog,a05n,1
2026-07-22 02:00:00,0.0,25.9,27.1,98,2.8,-44.2,0,0,0.0,Fog,a05n,2
2026-07-22 02:15:00,0.0,25.9,27.1,98,2.7,-42.4,0,0,0.0,Fog,a05n,2
2026-07-22 02:30:00,0.0,25.9,27.1,98,2.6,-40.7,0,0,0.0,Fog,a05n,2
2026-07-22 02:45:00,0.0,25.9,27.1,98,2.5,-39.0,0,0,0.0,Fog,a05n,2
2026-07-22 03:00:00,0.0,25.9,27.1,98,2.4,-37.2,0,0,0.0,Fog,a05n,3
2026-07-22 03:15:00,0.0,25.9,27.1,98,2.6,-34.8,0,0,0.0,Fog,a05n,3
2026-07-22 03:30:00,0.0,25.9,27.1,98,2.8,-32.4,0,0,0.0,Fog,a05n,3
2026-07-22 03:45:00,0.0,25.9,27.1,98,3.0,-30.0,0,0,0.0,Fog,a05n,3
2026-07-22 04:00:00,0.0,25.9,27.1,98,3.2,-27.5,0,0,0.0,Fog,a05n,4
2026-07-22 04:15:00,0.0,25.8,27.0,98,3.2,-24.7,0,0,0.0,Fog,a05n,4
2026-07-22 04:30:00,0.0,25.8,27.0,99,3.2,-21.9,0,0,0.0,Fog,a05n,4
2026-07-22 04:45:00,0.0,25.7,26.9,100,3.2,-19.1,0,0,0.0,Fog,a05n,4
2026-07-22 05:00:00,0.0,25.6,26.8,100,3.2,-16.2,0,0,0.0,Fog,a05n,5
2026-07-22 05:15:00,0.0,25.8,27.0,99,3.2,-13.1,0,0,0.0,Fog,a05n,5
2026-07-22 05:30:00,0.0,26.0,27.2,98,3.2,-10.1,0,0,0.0,Fog,a05n,5
2026-07-22 05:45:00,0.0,26.1,27.3,97,3.2,-7.0,0,0,0.0,Fog,a05n,5
2026-07-22 06:00:00,0.0,26.3,27.5,96,3.2,-3.9,0,0,0.0,Few clouds,c02n,6
2026-07-22 06:15:00,0.58,26.3,27.5,96,3.4,-0.7,27,12,0.0,Few clouds,c02n,6
2026-07-22 06:30:00,1.8,26.3,27.5,97,3.6,2.5,54,24,1.7,Fog,a05d,6
2026-07-22 06:45:00,3.44,26.3,27.5,98,3.8,5.8,81,36,1.6,Fog,a05d,6
2026-07-22 07:00:00,7.84,26.3,27.5,98,4.0,9.0,108,48,1.5,Fog,a05d,7
2026-07-22 07:15:00,12.17,26.4,27.6,97,4.5,12.3,164,56,1.5,Fog,a05d,7
2026-07-22 07:30:00,16.07,26.5,27.7,96,5.0,15.7,220,64,1.5,Broken clouds,c03d,7
2026-07-22 07:45:00,35.25,26.6,27.8,95,5.5,19.0,275,71,1.5,Broken clouds,c03d,7
2026-07-22 08:00:00,77.35,26.7,30.2,94,6.0,22.3,331,79,1.5,Broken clouds,c03d,8
2026-07-22 08:15:00,83.17,26.9,30.8,94,6.2,25.7,389,84,1.9,Broken clouds,c03d,8
2026-07-22 08:30:00,66.77,27.1,31.2,93,6.4,29.1,446,89,2.4,Broken clouds,c03d,8
2026-07-22 08:45:00,77.18,27.2,31.6,92,6.6,32.5,504,93,3.0,Scattered clouds,c02d,8
2026-07-22 09:00:00,131.27,27.4,32.2,92,6.8,35.9,561,98,3.7,Few clouds,c02d,9
2026-07-22 09:15:00,72.69,28.1,33.6,88,6.9,39.3,612,101,4.2,Few clouds,c02d,9
2026-07-22 09:30:00,180.07,28.7,34.7,84,7.0,42.8,663,105,4.7,Few clouds,c02d,9
2026-07-22 09:45:00,89.97,29.4,36.0,81,7.1,46.2,714,108,5.2,Few clouds,c02d,9
2026-07-22 10:00:00,100.06,30.0,36.8,77,7.2,49.6,765,111,5.8,Scattered clouds,c02d,10
2026-07-22 10:15:00,85.41,30.1,37.1,77,7.2,53.1,805,113,6.2,Scattered clouds,c02d,10
2026-07-22 10:30:00,105.49,30.2,37.4,77,7.2,56.5,845,115,6.6,Scattered clouds,c02d,10
2026-07-22 10:45:00,160.94,30.3,37.7,77,7.2,60.0,884,117,7.0,Scattered clouds,c02d,10
2026-07-22 11:00:00,135.86,30.4,38.0,77,7.2,63.5,924,120,7.3,Scattered clouds,c02d,11
2026-07-22 11:15:00,27.91,30.5,38.2,77,7.2,66.9,948,121,7.6,Scattered clouds,c02d,11
2026-07-22 11:30:00,3.9,30.6,38.5,77,7.2,70.4,973,122,7.9,Scattered clouds,c02d,11
2026-07-22 11:45:00,3.94,30.6,38.7,77,7.2,73.8,997,123,8.2,Scattered clouds,c02d,11
2026-07-22 12:00:00,3.95,30.7,38.9,77,7.2,77.3,1022,124,8.3,Scattered clouds,c02d,12
2026-07-22 12:15:00,3.92,31.0,39.5,76,7.2,79.7,1029,125,8.3,Broken clouds,c03d,12
2026-07-22 12:30:00,3.93,31.3,40.4,76,7.2,82.2,1036,125,8.4,Broken clouds,c03d,12
2026-07-22 12:45:00,3.94,31.6,41.0,75,7.2,84.7,1043,125,8.3,Broken clouds,c03d,12
2026-07-22 13:00:00,3.94,31.9,41.6,74,7.2,87.2,1050,126,8.2,Broken clouds,c03d,13
2026-07-22 13:15:00,7.09,31.7,41.0,74,7.4,84.0,1039,125,7.5,Broken clouds,c03d,13
2026-07-22 13:30:00,6.89,31.5,40.0,73,7.6,80.8,1028,125,6.6,Broken clouds,c03d,13
2026-07-22 13:45:00,5.43,31.3,39.1,72,7.8,77.6,1018,124,5.7,Overcast clouds,c04d,13
2026-07-22 14:00:00,3.95,31.1,38.5,72,8.0,74.4,1007,124,5.0,Overcast clouds,c04d,14
2026-07-22 14:15:00,3.96,30.8,38.0,73,8.3,70.9,979,122,4.6,Overcast clouds,c04d,14
2026-07-22 14:30:00,3.96,30.6,37.6,74,8.6,67.5,951,121,4.2,Overcast clouds,c04d,14
2026-07-22 14:45:00,3.98,30.3,37.3,76,8.9,64.0,923,119,3.8,Overcast clouds,c04d,14
2026-07-22 15:00:00,4.37,30.0,36.8,77,9.2,60.6,895,118,3.5,Overcast clouds,c04d,15
2026-07-22 15:15:00,3.94,30.1,37.1,77,8.9,57.1,853,116,3.1,Overcast clouds,c04d,15
2026-07-22 15:30:00,3.96,30.2,37.1,76,8.6,53.7,811,113,2.7,Overcast clouds,c04d,15
2026-07-22 15:45:00,37.77,30.3,37.4,76,8.3,50.2,768,111,2.4,Overcast clouds,c04d,15
2026-07-22 16:00:00,37.78,30.4,37.7,76,8.0,46.8,726,109,2.1,Overcast clouds,c04d,16
2026-07-22 16:15:00,13.07,30.4,37.7,76,8.1,43.3,673,105,1.9,Overcast clouds,c04d,16
2026-07-22 16:30:00,92.67,30.4,37.7,76,8.2,39.9,620,102,1.7,Overcast clouds,c04d,16
2026-07-22 16:45:00,0.0,30.4,37.7,76,8.3,36.5,567,98,1.5,Overcast clouds,c04d,16
2026-07-22 17:00:00,27.14,30.4,37.7,76,8.4,33.0,514,95,1.3,Overcast clouds,c04d,17
2026-07-22 17:15:00,84.66,29.9,36.9,78,8.3,29.6,456,90,1.2,Overcast clouds,c04d,17
2026-07-22 17:30:00,73.37,29.5,35.8,79,8.2,26.3,398,84,1.0,Overcast clouds,c04d,17
2026-07-22 17:45:00,56.6,29.0,34.7,80,8.1,22.9,341,79,0.9,Overcast clouds,c04d,17
2026-07-22 18:00:00,46.34,28.5,33.8,82,8.0,19.5,283,74,0.8,Overcast clouds,c04d,18
2026-07-22 18:15:00,43.09,28.5,33.8,82,7.7,16.2,229,65,0.8,Overcast clouds,c04d,18
2026-07-22 18:30:00,40.03,28.5,33.8,82,7.4,12.9,175,56,0.7,Overcast clouds,c04d,18
2026-07-22 18:45:00,0.0,28.5,33.8,82,7.1,9.6,120,47,0.7,Overcast clouds,c04d,18
2026-07-22 19:00:00,0.02,28.5,33.8,82,6.8,6.2,66,39,0.7,Overcast clouds,c04d,19
2026-07-22 19:15:00,0.02,28.4,33.5,82,6.6,3.0,50,29,0.7,Overcast clouds,c04n,19
2026-07-22 19:30:00,0.0,28.3,33.4,83,6.4,-0.2,33,19,0.0,Overcast clouds,c04n,19
2026-07-22 19:45:00,0.0,28.2,33.3,84,6.2,-3.4,17,10,0.0,Overcast clouds,c04n,19
2026-07-22 20:00:00,0.0,28.1,33.0,84,6.0,-6.6,0,0,0.0,Overcast clouds,c04n,20
2026-07-22 20:15:00,0.0,28.0,32.8,84,5.9,-9.6,0,0,0.0,Overcast clouds,c04n,20
2026-07-22 20:30:00,0.0,28.0,32.8,85,5.8,-12.7,0,0,0.0,Overcast clouds,c04n,20
2026-07-22 20:45:00,0.0,27.9,32.7,86,5.7,-15.7,0,0,0.0,Overcast clouds,c04n,20
2026-07-22 21:00:00,0.0,27.8,32.5,86,5.6,-18.8,0,0,0.0,Overcast clouds,c04n,21
2026-07-22 21:15:00,0.0,27.6,31.9,86,5.6,-21.5,0,0,0.0,Overcast clouds,c04n,21
2026-07-22 21:30:00,0.0,27.4,31.5,87,5.6,-24.3,0,0,0.0,Overcast clouds,c04n,21
2026-07-22 21:45:00,0.0,27.2,31.1,88,5.6,-27.1,0,0,0.0,Overcast clouds,c04n,21
2026-07-22 22:00:00,0.0,27.0,30.5,88,5.6,-29.8,0,0,0.0,Overcast clouds,c04n,22
2026-07-22 22:15:00,0.01,26.9,30.3,88,5.7,-32.1,0,0,0.0,Overcast clouds,c04n,22
2026-07-22 22:30:00,0.0,26.9,30.2,89,5.8,-34.4,0,0,0.0,Overcast clouds,c04n,22
2026-07-22 22:45:00,0.01,26.8,30.1,90,5.9,-36.8,0,0,0.0,Overcast clouds,c04n,22
2026-07-22 23:00:00,0.0,26.7,29.9,90,6.0,-39.1,0,0,0.0,Overcast clouds,c04n,23
2026-07-22 23:15:00,0.0,26.7,29.9,90,6.0,-40.6,0,0,0.0,Overcast clouds,c04n,23
2026-07-22 23:30:00,0.0,26.7,29.9,90,6.0,-42.2,0,0,0.0,Overcast clouds,c04n,23
2026-07-22 23:45:00,0.0,26.7,29.9,90,6.0,-43.8,0,0,0.0,Overcast clouds,c04n,23
2026-07-23 00:00:00,0.0,26.7,29.9,90,6.0,-45.3,0,0,0.0,Overcast clouds,c04n,0
2026-07-23 00:15:00,0.0,26.6,27.7,91,5.9,-45.8,0,0,0.0,Overcast clouds,c04n,0
2026-07-23 00:30:00,0.0,26.5,27.6,92,5.8,-46.3,0,0,0.0,Overcast clouds,c04n,0
2026-07-23 00:45:00,0.0,26.4,27.5,93,5.7,-46.8,0,0,0.0,Overcast clouds,c04n,0
2026-07-23 01:00:00,0.0,26.3,27.4,94,5.6,-47.3,0,0,0.0,Overcast clouds,c04n,1
2026-07-23 01:15:00,0.0,26.2,27.3,94,5.4,-46.6,0,0,0.0,Overcast clouds,c04n,1
2026-07-23 01:30:00,0.0,26.1,27.2,95,5.2,-45.8,0,0,0.0,Overcast clouds,c04n,1
2026-07-23 01:45:00,0.0,26.0,27.2,96,5.0,-45.1,0,0,0.0,Overcast clouds,c04n,1
2026-07-23 02:00:00,0.0,25.9,27.1,96,4.8,-44.4,0,0,0.0,Overcast clouds,c04n,2
2026-07-23 02:15:00,0.0,25.9,27.1,96,4.9,-42.6,0,0,0.0,Overcast clouds,c04n,2
2026-07-23 02:30:00,0.0,25.9,27.0,95,5.0,-40.9,0,0,0.0,Overcast clouds,c04n,2
2026-07-23 02:45:00,0.0,25.9,27.0,94,5.1,-39.1,0,0,0.0,Broken clouds,c03n,2
2026-07-23 03:00:00,0.0,25.9,27.0,94,5.2,-37.4,0,0,0.0,Broken clouds,c03n,3
2026-07-23 03:15:00,0.0,25.8,26.9,94,5.1,-35.0,0,0,0.0,Broken clouds,c03n,3
2026-07-23 03:30:00,0.0,25.8,26.9,95,5.0,-32.5,0,0,0.0,Broken clouds,c03n,3
2026-07-23 03:45:00,0.0,25.7,26.8,96,4.9,-30.1,0,0,0.0,Broken clouds,c03n,3
2026-07-23 04:00:00,0.0,25.6,26.7,96,4.8,-27.7,0,0,0.0,Broken clouds,c03n,4
2026-07-23 04:15:00,0.0,25.6,26.7,96,4.7,-24.8,0,0,0.0,Broken clouds,c03n,4
2026-07-23 04:30:00,0.0,25.6,26.7,97,4.6,-22.0,0,0,0.0,Fog,a05n,4
2026-07-23 04:45:00,0.0,25.6,26.8,98,4.5,-19.2,0,0,0.0,Fog,a05n,4
2026-07-23 05:00:00,0.0,25.6,26.8,98,4.4,-16.3,0,0,0.0,Fog,a05n,5
2026-07-23 05:15:00,0.0,25.7,26.8,97,4.5,-13.3,0,0,0.0,Fog,a05n,5
2026-07-23 05:30:00,0.0,25.8,26.9,96,4.6,-10.2,0,0,0.0,Scattered clouds,c02n,5
2026-07-23 05:45:00,0.0,25.8,26.9,95,4.7,-7.1,0,0,0.0,Broken clouds,c03n,5
2026-07-23 06:00:00,0.0,25.9,27.0,94,4.8,-4.0,0,0,0.0,Broken clouds,c03n,6
2026-07-23 06:15:00,0.12,26.0,27.1,94,5.0,-0.8,27,12,0.0,Scattered clouds,c02n,6
2026-07-23 06:30:00,1.93,26.1,27.2,94,5.2,2.5,53,24,1.5,Scattered clouds,c02d,6
2026-07-23 06:45:00,2.58,26.2,27.3,94,5.4,5.7,80,36,1.6,Scattered clouds,c02d,6
2026-07-23 07:00:00,2.87,26.3,27.4,94,5.6,8.9,106,48,1.6,Scattered clouds,c02d,7
2026-07-23 07:15:00,9.16,26.3,27.4,94,6.1,12.3,162,56,1.7,Scattered clouds,c02d,7
2026-07-23 07:30:00,22.47,26.3,27.4,94,6.6,15.6,218,63,1.8,Scattered clouds,c02d,7
2026-07-23 07:45:00,47.17,26.3,27.4,94,7.1,18.9,274,71,1.9,Scattered clouds,c02d,7
2026-07-23 08:00:00,58.0,26.3,27.4,94,7.6,22.3,330,79,2.1,Scattered clouds,c02d,8
2026-07-23 08:15:00,79.02,26.4,27.5,93,7.7,25.6,388,84,2.3,Scattered clouds,c02d,8
2026-07-23 08:30:00,133.8,26.5,27.6,92,7.8,29.0,445,88,2.5,Scattered clouds,c02d,8
2026-07-23 08:45:00,128.63,26.6,27.7,91,7.9,32.4,503,93,2.8,Scattered clouds,c02d,8
2026-07-23 09:00:00,125.37,26.7,29.9,90,8.0,35.8,560,98,3.1,Scattered clouds,c02d,9
2026-07-23 09:15:00,88.6,27.4,31.6,87,7.9,39.3,611,101,3.3,Broken clouds,c03d,9
2026-07-23 09:30:00,147.24,28.2,33.1,84,7.8,42.7,663,105,3.5,Broken clouds,c03d,9
2026-07-23 09:45:00,134.7,28.9,34.8,82,7.7,46.1,714,108,3.6,Broken clouds,c03d,9
2026-07-23 10:00:00,81.46,29.6,36.2,79,7.6,49.6,765,111,3.7,Broken clouds,c03d,10
2026-07-23 10:15:00,51.75,29.6,36.2,79,7.6,53.0,805,113,3.7,Overcast clouds,c04d,10
2026-07-23 10:30:00,88.51,29.6,36.2,79,7.6,56.5,844,115,3.7,Overcast clouds,c04d,10
2026-07-23 10:45:00,96.43,29.6,36.2,79,7.6,60.0,884,117,3.7,Overcast clouds,c04d,10
2026-07-23 11:00:00,36.76,29.6,36.2,79,7.6,63.4,924,120,3.6,Overcast clouds,c04d,11
2026-07-23 11:15:00,0.0,29.7,36.5,79,7.7,66.9,948,121,3.6,Overcast clouds,c04d,11
2026-07-23 11:30:00,0.01,29.8,36.8,79,7.8,70.3,973,122,3.7,Overcast clouds,c04d,11
2026-07-23 11:45:00,0.02,29.9,37.1,79,7.9,73.8,997,123,3.6,Overcast clouds,c04d,11
2026-07-23 12:00:00,0.0,30.0,37.4,79,8.0,77.2,1022,124,3.6,Overcast clouds,c04d,12
2026-07-23 12:15:00,0.0,30.4,37.6,76,8.0,79.7,1029,125,4.2,Drizzle,d02d,12
2026-07-23 12:30:00,0.0,30.8,38.1,74,8.0,82.1,1036,125,4.6,Light rain,r01d,12
2026-07-23 12:45:00,0.02,31.1,38.6,72,8.0,84.6,1043,125,5.2,Light rain,r01d,12
2026-07-23 13:00:00,47.6,31.5,38.6,69,8.0,87.0,1050,126,5.7,Light rain,r01d,13
2026-07-23 13:15:00,142.47,31.1,37.9,70,8.0,83.8,1039,125,5.2,Light rain,r01d,13
2026-07-23 13:30:00,36.98,30.8,37.5,72,8.0,80.7,1028,125,4.7,Light rain,r01d,13
2026-07-23 13:45:00,0.01,30.4,36.8,73,8.0,77.5,1018,124,4.3,Light rain,r01d,13
2026-07-23 14:00:00,0.0,30.0,36.0,74,8.0,74.4,1007,124,3.8,Drizzle,d02d,14
2026-07-23 14:15:00,0.0,29.9,35.8,74,7.8,70.9,979,122,3.6,Drizzle,d02d,14
2026-07-23 14:30:00,0.01,29.8,35.5,74,7.6,67.4,951,121,3.5,Drizzle,d02d,14
2026-07-23 14:45:00,0.0,29.7,35.5,75,7.4,64.0,923,119,3.3,Overcast clouds,c04d,14
2026-07-23 15:00:00,0.0,29.6,35.2,75,7.2,60.5,895,118,3.1,Overcast clouds,c04d,15
2026-07-23 15:15:00,0.0,29.6,35.2,75,7.4,57.1,853,116,2.8,Overcast clouds,c04d,15
2026-07-23 15:30:00,51.13,29.6,35.2,75,7.6,53.6,810,113,2.5,Overcast clouds,c04d,15
2026-07-23 15:45:00,72.33,29.6,35.2,75,7.8,50.2,768,111,2.2,Overcast clouds,c04d,15
2026-07-23 16:00:00,0.04,29.6,35.2,75,8.0,46.7,726,109,1.9,Overcast clouds,c04d,16
2026-07-23 16:15:00,0.0,29.7,35.5,75,8.1,43.3,673,105,1.8,Overcast clouds,c04d,16
2026-07-23 16:30:00,0.0,29.8,35.8,75,8.2,39.9,620,102,1.6,Overcast clouds,c04d,16
2026-07-23 16:45:00,0.05,29.9,36.0,75,8.3,36.4,567,98,1.4,Overcast clouds,c04d,16
2026-07-23 17:00:00,0.05,30.0,36.3,75,8.4,33.0,514,95,1.3,Overcast clouds,c04d,17
2026-07-23 17:15:00,0.02,29.7,36.1,77,8.1,29.6,456,89,1.2,Overcast clouds,c04d,17
2026-07-23 17:30:00,0.0,29.5,35.5,78,7.8,26.2,398,84,1.1,Overcast clouds,c04d,17
2026-07-23 17:45:00,0.0,29.2,35.2,80,7.5,22.8,340,79,1.0,Overcast clouds,c04d,17
2026-07-23 18:00:00,0.01,28.9,34.9,82,7.2,19.4,282,74,0.9,Overcast clouds,c04d,18
2026-07-23 18:15:00,0.0,28.8,34.6,82,7.3,16.1,228,65,0.8,Overcast clouds,c04d,18
2026-07-23 18:30:00,0.0,28.7,34.3,82,7.4,12.8,174,56,0.8,Overcast clouds,c04d,18
2026-07-23 18:45:00,0.03,28.6,34.0,82,7.5,9.5,120,47,0.8,Overcast clouds,c04d,18
2026-07-23 19:00:00,0.03,28.5,33.8,82,7.6,6.2,65,38,0.7,Overcast clouds,c04d,19
2026-07-23 19:15:00,4.86,28.4,33.5,82,7.3,3.0,49,29,0.7,Overcast clouds,c04n,19
2026-07-23 19:30:00,0.8,28.3,33.4,83,7.0,-0.3,33,19,0.0,Overcast clouds,c04n,19
2026-07-23 19:45:00,0.05,28.2,33.3,84,6.7,-3.5,16,10,0.0,Overcast clouds,c04n,19
2026-07-23 20:00:00,0.0,28.1,33.0,84,6.4,-6.7,0,0,0.0,Overcast clouds,c04n,20
2026-07-23 20:15:00,0.0,28.1,33.0,84,6.3,-9.7,0,0,0.0,Overcast clouds,c04n,20
2026-07-23 20:30:00,0.0,28.1,32.8,83,6.2,-12.8,0,0,0.0,Overcast clouds,c04n,20
2026-07-23 20:45:00,0.0,28.1,32.7,82,6.1,-15.8,0,0,0.0,Overcast clouds,c04n,20
2026-07-23 21:00:00,0.0,28.1,32.7,82,6.0,-18.9,0,0,0.0,Overcast clouds,c04n,21
2026-07-23 21:15:00,0.0,27.9,32.4,83,6.0,-21.6,0,0,0.0,Overcast clouds,c04n,21
2026-07-23 21:30:00,0.0,27.8,32.1,84,6.0,-24.4,0,0,0.0,Drizzle,d02n,21
2026-07-23 21:45:00,0.0,27.6,31.7,85,6.0,-27.2,0,0,0.0,Overcast clouds,c04n,21
2026-07-23 22:00:00,0.0,27.4,31.4,86,6.0,-30.0,0,0,0.0,Overcast clouds,c04n,22
2026-07-23 22:15:00,0.0,27.3,31.2,87,5.9,-32.3,0,0,0.0,Overcast clouds,c04n,22
2026-07-23 22:30:00,0.0,27.2,31.1,88,5.8,-34.6,0,0,0.0,Overcast clouds,c04n,22
2026-07-23 22:45:00,0.0,27.1,30.9,89,5.7,-36.9,0,0,0.0,Overcast clouds,c04n,22
2026-07-23 23:00:00,0.0,27.0,30.7,90,5.6,-39.2,0,0,0.0,Overcast clouds,c04n,23
2026-07-23 23:15:00,0.0,27.0,30.7,90,5.6,-40.8,0,0,0.0,Overcast clouds,c04n,23
2026-07-23 23:30:00,0.0,27.0,30.6,89,5.6,-42.4,0,0,0.0,Overcast clouds,c04n,23
2026-07-23 23:45:00,0.0,27.0,30.5,88,5.6,-44.0,0,0,0.0,Overcast clouds,c04n,23
2026-07-24 00:00:00,0.0,27.0,30.5,88,5.6,-45.5,0,0,0.0,Broken clouds,c03n,0
2026-07-24 00:15:00,0.0,26.8,30.1,89,5.4,-46.0,0,0,0.0,Overcast clouds,c04n,0
2026-07-24 00:30:00,0.0,26.7,27.7,90,5.2,-46.5,0,0,0.0,Overcast clouds,c04n,0
2026-07-24 00:45:00,0.0,26.5,27.6,91,5.0,-47.0,0,0,0.0,Overcast clouds,c04n,0
2026-07-24 01:00:00,0.0,26.3,27.4,92,4.8,-47.5,0,0,0.0,Overcast clouds,c04n,1
2026-07-24 01:15:00,0.0,26.4,27.5,92,4.7,-46.8,0,0,0.0,Overcast clouds,c04n,1
2026-07-24 01:30:00,0.0,26.5,27.6,92,4.6,-46.0,0,0,0.0,Overcast clouds,c04n,1
2026-07-24 01:45:00,0.0,26.6,27.7,92,4.5,-45.3,0,0,0.0,Overcast clouds,c04n,1
2026-07-24 02:00:00,0.0,26.7,30.1,92,4.4,-44.6,0,0,0.0,Overcast clouds,c04n,2
2026-07-24 02:15:00,0.0,26.7,30.1,92,4.4,-42.8,0,0,0.0,Overcast clouds,c04n,2
2026-07-24 02:30:00,0.0,26.7,30.1,92,4.4,-41.1,0,0,0.0,Overcast clouds,c04n,2
2026-07-24 02:45:00,0.0,26.7,30.1,92,4.4,-39.3,0,0,0.0,Overcast clouds,c04n,2
2026-07-24 03:00:00,0.0,26.7,30.1,92,4.4,-37.5,0,0,0.0,Overcast clouds,c04n,3
2026-07-24 03:15:00,0.0,26.6,27.7,92,4.2,-35.1,0,0,0.0,Overcast clouds,c04n,3
2026-07-24 03:30:00,0.0,26.5,27.6,93,4.0,-32.7,0,0,0.0,Overcast clouds,c04n,3
2026-07-24 03:45:00,0.0,26.4,27.5,94,3.8,-30.3,0,0,0.0,Overcast clouds,c04n,3
2026-07-24 04:00:00,0.0,26.3,27.4,94,3.6,-27.8,0,0,0.0,Overcast clouds,c04n,4
2026-07-24 04:15:00,0.0,26.3,27.4,94,3.5,-25.0,0,0,0.0,Overcast clouds,c04n,4
2026-07-24 04:30:00,0.0,26.3,27.4,93,3.4,-22.1,0,0,0.0,Overcast clouds,c04n,4
2026-07-24 04:45:00,0.0,26.3,27.4,92,3.3,-19.3,0,0,0.0,Overcast clouds,c04n,4
2026-07-24 05:00:00,0.0,26.3,27.4,92,3.2,-16.5,0,0,0.0,Overcast clouds,c04n,5
2026-07-24 05:15:00,0.0,26.4,27.5,92,3.6,-13.4,0,0,0.0,Overcast clouds,c04n,5
2026-07-24 05:30:00,0.0,26.5,27.6,92,4.0,-10.3,0,0,0.0,Overcast clouds,c04n,5
2026-07-24 05:45:00,0.0,26.6,27.7,92,4.4,-7.2,0,0,0.0,Overcast clouds,c04n,5
2026-07-24 06:00:00,0.05,26.7,30.1,92,4.8,-4.1,0,0,0.0,Overcast clouds,c04n,6
2026-07-24 06:15:00,1.4,26.7,30.1,92,4.8,-0.9,26,12,0.0,Overcast clouds,c04n,6
2026-07-24 06:30:00,3.43,26.7,30.1,92,4.8,2.4,53,24,0.6,Overcast clouds,c04d,6
2026-07-24 06:45:00,11.93,26.7,30.1,92,4.8,5.6,79,36,0.6,Overcast clouds,c04d,6
2026-07-24 07:00:00,30.42,26.7,30.1,92,4.8,8.9,105,48,0.6,Overcast clouds,c04d,7
2026-07-24 07:15:00,32.5,26.7,30.0,91,5.4,12.2,161,55,0.7,Overcast clouds,c04d,7
2026-07-24 07:30:00,26.78,26.7,29.9,90,6.0,15.5,217,63,0.7,Overcast clouds,c04d,7
2026-07-24 07:45:00,31.69,26.7,29.8,89,6.6,18.9,273,71,0.8,Overcast clouds,c04d,7
2026-07-24 08:00:00,37.85,26.7,29.7,88,7.2,22.2,329,79,0.9,Overcast clouds,c04d,8
2026-07-24 08:15:00,123.95,26.6,27.7,90,7.2,25.6,387,84,0.9,Overcast clouds,c04d,8
2026-07-24 08:30:00,132.63,26.5,27.6,91,7.2,29.0,444,88,1.0,Overcast clouds,c04d,8
2026-07-24 08:45:00,84.75,26.4,27.5,92,7.2,32.4,502,93,1.2,Overcast clouds,c04d,8
2026-07-24 09:00:00,157.16,26.3,27.4,94,7.2,35.8,559,98,1.3,Overcast clouds,c04d,9
2026-07-24 09:15:00,86.82,27.0,30.8,92,7.0,39.2,611,101,1.5,Overcast clouds,c04d,9
2026-07-24 09:30:00,67.65,27.6,32.4,89,6.8,42.7,662,105,1.7,Overcast clouds,c04d,9
2026-07-24 09:45:00,30.28,28.3,33.8,86,6.6,46.1,713,108,1.9,Overcast clouds,c04d,9
2026-07-24 10:00:00,99.78,28.9,35.3,84,6.4,49.5,764,111,2.1,Overcast clouds,c04d,10
2026-07-24 10:15:00,18.06,29.1,35.6,83,6.5,53.0,804,113,2.3,Overcast clouds,c04d,10
2026-07-24 10:30:00,14.73,29.3,35.9,82,6.6,56.4,844,115,2.5,Overcast clouds,c04d,10
2026-07-24 10:45:00,133.99,29.4,36.4,82,6.7,59.9,884,117,2.7,Overcast clouds,c04d,10
2026-07-24 11:00:00,133.06,29.6,36.7,81,6.8,63.4,923,120,2.9,Overcast clouds,c04d,11
2026-07-24 11:15:00,24.22,29.8,37.1,80,7.1,66.8,948,121,3.1,Overcast clouds,c04d,11
2026-07-24 11:30:00,3.91,30.0,37.4,79,7.4,70.3,972,122,3.2,Overcast clouds,c04d,11
2026-07-24 11:45:00,3.91,30.2,37.7,78,7.7,73.7,997,123,3.4,Drizzle,d02d,11
2026-07-24 12:00:00,3.91,30.4,38.0,77,8.0,77.2,1021,124,3.5,Light rain,r01d,12
2026-07-24 12:15:00,3.9,30.8,38.2,74,8.2,79.6,1029,125,3.7,Light rain,r01d,12
2026-07-24 12:30:00,3.89,31.2,38.6,72,8.4,82.0,1036,125,3.8,Light rain,r01d,12
2026-07-24 12:45:00,3.88,31.5,38.7,69,8.6,84.4,1043,125,3.9,Drizzle,d02d,12
2026-07-24 13:00:00,93.58,31.9,38.7,66,8.8,86.8,1050,126,4.0,Overcast clouds,c04d,13
2026-07-24 13:15:00,73.3,31.9,38.7,66,8.8,83.7,1039,125,3.8,Overcast clouds,c04d,13
2026-07-24 13:30:00,126.13,31.9,39.1,67,8.8,80.6,1028,125,3.8,Overcast clouds,c04d,13
2026-07-24 13:45:00,14.01,31.9,39.4,68,8.8,77.4,1018,124,3.7,Overcast clouds,c04d,13
2026-07-24 14:00:00,26.03,31.9,39.4,68,8.8,74.3,1007,124,3.5,Overcast clouds,c04d,14
2026-07-24 14:15:00,88.94,31.9,39.4,68,8.4,70.9,979,122,3.3,Overcast clouds,c04d,14
2026-07-24 14:30:00,88.85,31.9,39.4,68,8.0,67.4,951,121,3.1,Overcast clouds,c04d,14
2026-07-24 14:45:00,73.34,31.9,39.8,69,7.6,64.0,923,119,2.9,Overcast clouds,c04d,14
2026-07-24 15:00:00,34.32,31.9,39.8,69,7.2,60.5,895,118,2.7,Overcast clouds,c04d,15
2026-07-24 15:15:00,3.99,32.0,40.0,69,7.1,57.0,853,116,2.5,Overcast clouds,c04d,15
2026-07-24 15:30:00,3.93,32.1,39.8,68,7.0,53.6,810,113,2.3,Drizzle,d02d,15
2026-07-24 15:45:00,3.97,32.1,40.0,68,6.9,50.1,768,111,2.1,Overcast clouds,c04d,15
2026-07-24 16:00:00,3.9,32.2,40.3,68,6.8,46.7,725,109,1.9,Overcast clouds,c04d,16
2026-07-24 16:15:00,4.02,32.1,40.0,68,6.5,43.2,672,105,1.7,Overcast clouds,c04d,16
2026-07-24 16:30:00,3.9,32.1,39.8,68,6.2,39.8,619,102,1.5,Overcast clouds,c04d,16
2026-07-24 16:45:00,3.95,32.0,39.6,68,5.9,36.4,566,98,1.4,Overcast clouds,c04d,16
2026-07-24 17:00:00,52.76,31.9,39.4,68,5.6,32.9,513,95,1.2,Overcast clouds,c04d,17
2026-07-24 17:15:00,31.29,31.5,39.0,70,5.0,29.6,455,89,1.1,Overcast clouds,c04d,17
2026-07-24 17:30:00,39.28,31.2,38.6,72,4.4,26.2,397,84,1.0,Overcast clouds,c04d,17
2026-07-24 17:45:00,15.23,30.8,38.2,74,3.8,22.8,339,79,0.9,Overcast clouds,c04d,17
2026-07-24 18:00:00,3.95,30.4,37.7,76,3.2,19.4,281,74,0.8,Overcast clouds,c04d,18
2026-07-24 18:15:00,3.94,30.3,37.7,77,2.8,16.1,227,65,0.8,Overcast clouds,c04d,18
2026-07-24 18:30:00,3.96,30.2,37.7,78,2.4,12.7,173,56,0.8,Overcast clouds,c04d,18
2026-07-24 18:45:00,3.91,30.1,37.4,78,2.0,9.4,118,47,0.8,Overcast clouds,c04d,18
2026-07-24 19:00:00,4.31,30.0,37.4,79,1.6,6.1,64,38,0.7,Overcast clouds,c04d,19
2026-07-24 19:15:00,2.79,29.8,37.1,80,1.7,2.9,48,28,0.9,Overcast clouds,c04n,19
2026-07-24 19:30:00,0.64,29.7,36.6,80,1.8,-0.3,32,19,0.0,Overcast clouds,c04n,19
2026-07-24 19:45:00,0.07,29.5,36.3,81,1.9,-3.6,16,9,0.0,Broken clouds,c03n,19
2026-07-24 20:00:00,0.0,29.3,36.1,82,2.0,-6.8,0,0,0.0,Broken clouds,c03n,20
2026-07-24 20:15:00,0.0,29.3,36.1,82,2.0,-9.8,0,0,0.0,Broken clouds,c03n,20
2026-07-24 20:30:00,0.0,29.3,36.1,82,2.0,-12.9,0,0,0.0,Broken clouds,c03n,20
2026-07-24 20:45:00,0.0,29.3,36.1,82,2.0,-15.9,0,0,0.0,Broken clouds,c03n,20
2026-07-24 21:00:00,0.0,29.3,36.1,82,2.0,-19.0,0,0,0.0,Broken clouds,c03n,21
2026-07-24 21:15:00,0.0,29.0,35.6,84,2.1,-21.8,0,0,0.0,Broken clouds,c03n,21
2026-07-24 21:30:00,0.0,28.7,34.9,85,2.2,-24.5,0,0,0.0,Broken clouds,c03n,21
2026-07-24 21:45:00,0.01,28.4,34.2,86,2.3,-27.3,0,0,0.0,Broken clouds,c03n,21
2026-07-24 22:00:00,0.0,28.1,33.7,88,2.4,-30.1,0,0,0.0,Broken clouds,c03n,22
2026-07-24 22:15:00,0.0,27.9,33.2,88,2.4,-32.4,0,0,0.0,Broken clouds,c03n,22
2026-07-24 22:30:00,0.0,27.8,32.8,89,2.4,-34.8,0,0,0.0,Broken clouds,c03n,22
2026-07-24 22:45:00,0.0,27.6,32.4,90,2.4,-37.1,0,0,0.0,Broken clouds,c03n,22
2026-07-24 23:00:00,0.01,27.4,31.9,90,2.4,-39.4,0,0,0.0,Broken clouds,c03n,23
2026-07-24 23:15:00,0.0,27.3,31.6,90,2.4,-41.0,0,0,0.0,Broken clouds,c03n,23
2026-07-24 23:30:00,0.0,27.2,31.4,91,2.4,-42.6,0,0,0.0,Broken clouds,c03n,23
2026-07-24 23:45:00,0.0,27.1,31.2,92,2.4,-44.1,0,0,0.0,Broken clouds,c03n,23
2026-07-25 00:00:00,0.0,27.0,30.9,92,2.4,-45.7,0,0,0.0,Broken clouds,c03n,0
2026-07-25 00:15:00,0.0,26.9,30.7,92,2.3,-46.2,0,0,0.0,Overcast clouds,c04n,0
2026-07-25 00:30:00,0.0,26.9,30.5,92,2.2,-46.7,0,0,0.0,Overcast clouds,c04n,0
2026-07-25 00:45:00,0.0,26.8,30.3,92,2.1,-47.2,0,0,0.0,Overcast clouds,c04n,0
2026-07-25 01:00:00,0.0,26.7,30.1,92,2.0,-47.7,0,0,0.0,Overcast clouds,c04n,1
2026-07-25 01:15:00,0.0,26.8,30.3,92,1.9,-47.0,0,0,0.0,Overcast clouds,c04n,1
2026-07-25 01:30:00,0.0,26.9,30.5,92,1.8,-46.2,0,0,0.0,Overcast clouds,c04n,1
2026-07-25 01:45:00,0.0,26.9,30.7,92,1.7,-45.5,0,0,0.0,Overcast clouds,c04n,1
2026-07-25 02:00:00,0.0,27.0,30.9,92,1.6,-44.8,0,0,0.0,Overcast clouds,c04n,2
2026-07-25 02:15:00,0.0,26.9,30.7,92,1.7,-43.0,0,0,0.0,Overcast clouds,c04n,2
2026-07-25 02:30:00,0.0,26.9,30.5,92,1.8,-41.2,0,0,0.0,Overcast clouds,c04n,2
2026-07-25 02:45:00,0.0,26.8,30.3,92,1.9,-39.5,0,0,0.0,Overcast clouds,c04n,2
2026-07-25 03:00:00,0.0,26.7,30.1,92,2.0,-37.7,0,0,0.0,Overcast clouds,c04n,3
2026-07-25 03:15:00,0.0,26.5,27.6,93,2.0,-35.3,0,0,0.0,Overcast clouds,c04n,3
2026-07-25 03:30:00,0.0,26.3,27.4,94,2.0,-32.8,0,0,0.0,Overcast clouds,c04n,3
2026-07-25 03:45:00,0.01,26.1,27.2,95,2.0,-30.4,0,0,0.0,Overcast clouds,c04n,3
2026-07-25 04:00:00,0.0,25.9,27.1,96,2.0,-28.0,0,0,0.0,Overcast clouds,c04n,4
2026-07-25 04:15:00,0.0,25.9,27.1,96,1.9,-25.1,0,0,0.0,Overcast clouds,c04n,4
2026-07-25 04:30:00,0.0,25.9,27.1,96,1.8,-22.3,0,0,0.0,Overcast clouds,c04n,4
2026-07-25 04:45:00,0.0,25.9,27.1,96,1.7,-19.4,0,0,0.0,Overcast clouds,c04n,4
2026-07-25 05:00:00,0.0,25.9,27.1,96,1.6,-16.6,0,0,0.0,Overcast clouds,c04n,5
2026-07-25 05:15:00,0.0,26.1,27.3,96,1.6,-13.5,0,0,0.0,Overcast clouds,c04n,5
2026-07-25 05:30:00,0.0,26.3,27.5,96,1.6,-10.4,0,0,0.0,Overcast clouds,c04n,5
2026-07-25 05:45:00,0.0,26.5,27.7,96,1.6,-7.3,0,0,0.0,Broken clouds,c03n,5
2026-07-25 06:00:00,0.0,26.7,30.4,96,1.6,-4.2,0,0,0.0,Broken clouds,c03n,6
2026-07-25 06:15:00,1.0,26.6,27.8,96,1.8,-1.0,26,12,0.0,Broken clouds,c03n,6
2026-07-25 06:30:00,4.42,26.5,27.7,96,2.0,2.3,52,24,1.1,Broken clouds,c03d,6
2026-07-25 06:45:00,10.06,26.4,27.6,96,2.2,5.5,78,36,1.0,Overcast clouds,c04d,6
2026-07-25 07:00:00,18.13,26.3,27.5,96,2.4,8.8,104,47,0.8,Overcast clouds,c04d,7
2026-07-25 07:15:00,28.79,26.4,27.6,96,2.5,12.1,160,55,1.0,Overcast clouds,c04d,7
2026-07-25 07:30:00,41.16,26.5,27.7,96,2.6,15.4,216,63,1.2,Broken clouds,c03d,7
2026-07-25 07:45:00,65.37,26.6,27.8,96,2.7,18.8,272,71,1.5,Broken clouds,c03d,7
2026-07-25 08:00:00,50.25,26.7,30.4,96,2.8,22.1,328,79,1.8,Broken clouds,c03d,8
2026-07-25 08:15:00,53.19,26.9,30.9,95,2.8,25.5,386,84,2.2,Scattered clouds,c02d,8
2026-07-25 08:30:00,106.0,27.1,31.3,94,2.8,28.9,443,88,2.7,Scattered clouds,c02d,8
2026-07-25 08:45:00,122.03,27.2,31.8,93,2.8,32.3,501,93,3.2,Scattered clouds,c02d,8
2026-07-25 09:00:00,139.14,27.4,32.2,92,2.8,35.7,559,98,3.9,Few clouds,c02d,9
2026-07-25 09:15:00,152.36,28.3,34.2,87,2.9,39.2,610,101,4.2,Few clouds,c02d,9
2026-07-25 09:30:00,169.97,29.3,35.9,82,3.0,42.6,661,105,4.6,Scattered clouds,c02d,9
2026-07-25 09:45:00,184.07,30.2,37.3,77,3.1,46.0,713,108,4.9,Scattered clouds,c02d,9
2026-07-25 10:00:00,28.84,31.1,38.5,72,3.2,49.5,764,111,5.3,Scattered clouds,c02d,10
2026-07-25 10:15:00,149.5,31.2,38.5,71,3.2,52.9,804,113,5.5,Scattered clouds,c02d,10
2026-07-25 10:30:00,200.59,31.3,38.4,70,3.2,56.4,844,115,5.8,Scattered clouds,c02d,10
2026-07-25 10:45:00,214.48,31.4,38.7,70,3.2,59.9,883,117,6.0,Broken clouds,c03d,10
2026-07-25 11:00:00,55.76,31.5,38.6,69,3.2,63.3,923,120,6.1,Broken clouds,c03d,11
2026-07-25 11:15:00,67.03,31.6,38.6,68,3.2,66.8,948,121,6.2,Broken clouds,c03d,11
2026-07-25 11:30:00,2.66,31.7,38.9,68,3.2,70.2,972,122,6.1,Broken clouds,c03d,11
2026-07-25 11:45:00,2.62,31.8,38.8,67,3.2,73.6,997,123,6.0,Broken clouds,c03d,11
2026-07-25 12:00:00,2.65,31.9,38.7,66,3.2,77.1,1021,124,5.9,Broken clouds,c03d,12
2026-07-25 12:15:00,2.65,32.5,39.4,63,3.3,79.5,1029,125,6.2,Broken clouds,c03d,12
2026-07-25 12:30:00,108.83,33.2,39.9,60,3.4,81.9,1036,125,6.3,Broken clouds,c03d,12
2026-07-25 12:45:00,42.35,33.8,40.8,58,3.5,84.2,1043,125,6.5,Broken clouds,c03d,12
2026-07-25 13:00:00,4.0,34.4,41.2,55,3.6,86.6,1050,126,6.7,Broken clouds,c03d,13
2026-07-25 13:15:00,3.94,34.4,41.2,55,3.5,83.5,1039,125,7.3,Broken clouds,c03d,13
2026-07-25 13:30:00,124.98,34.4,40.8,54,3.4,80.4,1028,125,7.8,Broken clouds,c03d,13
2026-07-25 13:45:00,78.16,34.4,40.8,54,3.3,77.4,1017,124,8.2,Broken clouds,c03d,13
2026-07-25 14:00:00,3.99,34.4,40.8,54,3.2,74.3,1007,124,8.6,Scattered clouds,c02d,14
2026-07-25 14:15:00,27.11,34.4,40.8,54,3.2,70.8,979,122,8.2,Scattered clouds,c02d,14
2026-07-25 14:30:00,16.4,34.4,40.8,54,3.2,67.4,951,121,7.8,Scattered clouds,c02d,14
2026-07-25 14:45:00,73.02,34.4,40.4,53,3.2,63.9,923,119,7.4,Scattered clouds,c02d,14
2026-07-25 15:00:00,34.72,34.4,40.4,53,3.2,60.5,895,118,7.0,Scattered clouds,c02d,15
2026-07-25 15:15:00,0.0,34.7,40.7,52,3.1,57.0,852,116,6.7,Scattered clouds,c02d,15
2026-07-25 15:30:00,0.0,35.0,41.1,51,3.0,53.5,810,113,6.3,Scattered clouds,c02d,15
2026-07-25 15:45:00,0.0,35.3,41.4,50,2.9,50.1,767,111,6.0,Few clouds,c02d,15
2026-07-25 16:00:00,88.3,35.6,41.7,49,2.8,46.6,725,109,5.6,Few clouds,c02d,16
2026-07-25 16:15:00,63.4,35.7,41.9,49,2.7,43.2,672,105,5.1,Few clouds,c02d,16
2026-07-25 16:30:00,7.49,35.8,42.1,49,2.6,39.8,618,102,4.5,Few clouds,c02d,16
2026-07-25 16:45:00,3.9,35.8,42.3,49,2.5,36.3,565,98,4.0,Few clouds,c02d,16
2026-07-25 17:00:00,3.95,35.9,42.4,49,2.4,32.9,512,95,3.6,Few clouds,c02d,17
2026-07-25 17:15:00,8.93,35.0,41.8,53,2.3,29.5,454,89,3.2,Few clouds,c02d,17
2026-07-25 17:30:00,24.05,34.1,41.1,57,2.2,26.1,396,84,2.8,Few clouds,c02d,17
2026-07-25 17:45:00,3.9,33.1,40.2,61,2.1,22.7,338,79,2.5,Few clouds,c02d,17
2026-07-25 18:00:00,60.17,32.2,39.2,65,2.0,19.3,280,73,2.3,Few clouds,c02d,18
2026-07-25 18:15:00,50.17,32.1,39.0,65,1.9,16.0,226,65,2.1,Few clouds,c02d,18
2026-07-25 18:30:00,32.9,32.1,39.1,66,1.8,12.7,171,56,2.0,Few clouds,c02d,18
2026-07-25 18:45:00,22.86,32.0,38.9,66,1.7,9.3,117,47,2.0,Few clouds,c02d,18
2026-07-25 19:00:00,14.59,31.9,38.7,66,1.6,6.0,63,38,1.9,Few clouds,c02d,19
2026-07-25 19:15:00,3.31,31.8,38.8,67,1.7,2.8,47,28,1.9,Few clouds,c02n,19
2026-07-25 19:30:00,0.82,31.7,38.9,68,1.8,-0.4,32,19,0.0,Few clouds,c02n,19
2026-07-25 19:45:00,0.09,31.6,38.6,68,1.9,-3.6,16,9,0.0,Few clouds,c02n,19
2026-07-25 20:00:00,0.0,31.5,38.6,69,2.0,-6.9,0,0,0.0,Few clouds,c02n,20
2026-07-25 20:15:00,0.0,31.5,38.6,69,1.9,-9.9,0,0,0.0,Few clouds,c02n,20
2026-07-25 20:30:00,0.0,31.5,38.6,69,1.8,-13.0,0,0,0.0,Few clouds,c02n,20
2026-07-25 20:45:00,0.0,31.5,38.6,69,1.9,-16.0,0,0,0.0,Few clouds,c02n,20
2026-07-25 21:00:00,0.0,31.5,38.6,69,2.0,-19.1,0,0,0.0,Few clouds,c02n,21
2026-07-25 21:15:00,0.0,31.1,38.2,71,2.0,-21.9,0,0,0.0,Few clouds,c02n,21
2026-07-25 21:30:00,0.0,30.8,37.8,73,2.0,-24.7,0,0,0.0,Few clouds,c02n,21
2026-07-25 21:45:00,0.0,30.4,37.3,75,2.0,-27.5,0,0,0.0,Few clouds,c02n,21
2026-07-25 22:00:00,0.0,30.0,36.8,77,2.0,-30.2,0,0,0.0,Few clouds,c02n,22
2026-07-25 22:15:00,0.0,29.6,36.3,79,2.0,-32.6,0,0,0.0,Few clouds,c02n,22
2026-07-25 22:30:00,0.0,29.3,35.4,80,2.0,-34.9,0,0,0.0,Few clouds,c02n,22
2026-07-25 22:45:00,0.0,28.9,34.8,82,2.0,-37.2,0,0,0.0,Few clouds,c02n,22
2026-07-25 23:00:00,0.0,28.5,34.1,84,2.0,-39.6,0,0,0.0,Few clouds,c02n,23
2026-07-25 23:15:00,0.0,28.6,34.4,84,1.9,-41.2,0,0,0.0,Few clouds,c02n,23
2026-07-25 23:30:00,0.0,28.7,34.7,84,1.8,-42.8,0,0,0.0,Few clouds,c02n,23
2026-07-25 23:45:00,0.0,28.8,35.0,84,1.7,-44.3,0,0,0.0,Clear Sky,c01n,23
2026-07-26 00:00:00,0.01,28.9,35.3,84,1.6,-45.9,0,0,0.0,Clear Sky,c01n,0
2026-07-26 00:15:00,0.0,28.7,34.9,85,1.7,-46.4,0,0,0.0,Clear Sky,c01n,0
2026-07-26 00:30:00,0.0,28.5,34.5,86,1.8,-46.9,0,0,0.0,Clear Sky,c01n,0
2026-07-26 00:45:00,0.0,28.3,34.1,87,1.9,-47.4,0,0,0.0,Clear Sky,c01n,0
2026-07-26 01:00:00,0.0,28.1,33.7,88,2.0,-47.9,0,0,0.0,Clear Sky,c01n,1
2026-07-26 01:15:00,0.01,27.9,33.2,88,2.1,-47.2,0,0,0.0,Clear Sky,c01n,1
2026-07-26 01:30:00,0.0,27.8,32.8,89,2.2,-46.4,0,0,0.0,Clear Sky,c01n,1
2026-07-26 01:45:00,0.0,27.6,32.4,90,2.3,-45.7,0,0,0.0,Clear Sky,c01n,1
2026-07-26 02:00:00,0.0,27.4,31.9,90,2.4,-45.0,0,0,0.0,Clear Sky,c01n,2
2026-07-26 02:15:00,0.0,27.3,31.6,90,2.4,-43.2,0,0,0.0,Clear Sky,c01n,2
2026-07-26 02:30:00,0.0,27.2,31.4,91,2.4,-41.4,0,0,0.0,Clear Sky,c01n,2
2026-07-26 02:45:00,0.0,27.1,31.2,92,2.4,-39.7,0,0,0.0,Clear Sky,c01n,2
2026-07-26 03:00:00,0.0,27.0,30.9,92,2.4,-37.9,0,0,0.0,Clear Sky,c01n,3
2026-07-26 03:15:00,0.0,26.8,30.4,92,2.5,-35.4,0,0,0.0,Clear Sky,c01n,3
2026-07-26 03:30:00,0.0,26.7,27.8,93,2.6,-33.0,0,0,0.0,Clear Sky,c01n,3
2026-07-26 03:45:00,0.0,26.5,27.6,94,2.7,-30.5,0,0,0.0,Clear Sky,c01n,3
2026-07-26 04:00:00,0.0,26.3,27.4,94,2.8,-28.1,0,0,0.0,Clear Sky,c01n,4
2026-07-26 04:15:00,0.0,26.3,27.4,94,2.9,-25.2,0,0,0.0,Clear Sky,c01n,4
2026-07-26 04:30:00,0.0,26.3,27.4,93,3.0,-22.4,0,0,0.0,Clear Sky,c01n,4
2026-07-26 04:45:00,0.0,26.3,27.4,92,3.1,-19.5,0,0,0.0,Clear Sky,c01n,4
2026-07-26 05:00:00,0.0,26.3,27.4,92,3.2,-16.7,0,0,0.0,Clear Sky,c01n,5
2026-07-26 05:15:00,0.0,26.6,27.7,91,3.3,-13.6,0,0,0.0,Clear Sky,c01n,5
2026-07-26 05:30:00,0.0,26.9,30.3,90,3.4,-10.5,0,0,0.0,Clear Sky,c01n,5
2026-07-26 05:45:00,0.0,27.1,31.0,89,3.5,-7.4,0,0,0.0,Clear Sky,c01n,5
2026-07-26 06:00:00,0.01,27.4,31.6,88,3.6,-4.3,0,0,0.0,Clear Sky,c01n,6
2026-07-26 06:15:00,0.67,27.4,31.6,88,3.7,-1.1,26,12,0.0,Clear Sky,c01n,6
2026-07-26 06:30:00,3.08,27.4,31.5,87,3.8,2.2,51,24,2.0,Clear Sky,c01d,6
2026-07-26 06:45:00,10.14,27.4,31.4,86,3.9,5.4,77,35,2.0,Clear Sky,c01d,6
2026-07-26 07:00:00,15.49,27.4,31.4,86,4.0,8.7,103,47,2.1,Clear Sky,c01d,7
2026-07-26 07:15:00,31.22,27.5,31.7,86,4.2,12.0,159,55,2.1,Clear Sky,c01d,7
2026-07-26 07:30:00,0.02,27.6,31.9,86,4.4,15.4,215,63,2.3,Clear Sky,c01d,7
2026-07-26 07:45:00,58.69,27.7,32.2,86,4.6,18.7,271,71,2.4,Clear Sky,c01d,7
2026-07-26 08:00:00,74.24,27.8,32.5,86,4.8,22.1,327,79,2.7,Clear Sky,c01d,8
2026-07-26 08:15:00,91.16,27.9,32.7,86,5.0,25.5,385,83,3.0,Clear Sky,c01d,8
2026-07-26 08:30:00,105.21,28.0,32.8,85,5.2,28.9,443,88,3.3,Few clouds,c02d,8
2026-07-26 08:45:00,121.97,28.0,32.8,84,5.4,32.3,500,93,3.7,Few clouds,c02d,8
2026-07-26 09:00:00,122.98,28.1,33.0,84,5.6,35.7,558,98,4.2,Few clouds,c02d,9
2026-07-26 09:15:00,116.72,29.1,35.1,80,5.7,39.1,609,101,4.7,Few clouds,c02d,9
2026-07-26 09:30:00,118.96,30.2,37.0,76,5.8,42.6,661,105,5.3,Few clouds,c02d,9
2026-07-26 09:45:00,176.11,31.2,39.0,73,5.9,46.0,712,108,5.9,Few clouds,c02d,9
2026-07-26 10:00:00,186.67,32.2,40.6,69,6.0,49.4,764,111,6.6,Few clouds,c02d,10
2026-07-26 10:15:00,49.7,32.4,40.8,68,6.1,52.9,803,113,7.3,Few clouds,c02d,10
2026-07-26 10:30:00,105.9,32.6,41.0,67,6.2,56.4,843,115,7.9,Few clouds,c02d,10
2026-07-26 10:45:00,73.37,32.8,41.2,66,6.3,59.8,883,117,8.6,Clear Sky,c01d,10
2026-07-26 11:00:00,33.11,33.0,41.4,65,6.4,63.3,923,120,9.4,Clear Sky,c01d,11
2026-07-26 11:15:00,6.24,33.1,41.2,64,6.3,66.7,947,121,9.6,Few clouds,c02d,11
2026-07-26 11:30:00,68.91,33.2,41.4,64,6.2,70.2,972,122,9.9,Few clouds,c02d,11
2026-07-26 11:45:00,62.12,33.2,41.2,63,6.1,73.6,997,123,10.1,Few clouds,c02d,11
2026-07-26 12:00:00,34.99,33.3,41.1,62,6.0,77.0,1021,124,10.2,Few clouds,c02d,12
2026-07-26 12:15:00,18.0,33.6,41.0,60,5.9,79.4,1028,125,10.3,Few clouds,c02d,12
2026-07-26 12:30:00,3.97,33.9,41.4,59,5.8,81.7,1036,125,10.3,Few clouds,c02d,12
2026-07-26 12:45:00,79.63,34.1,41.7,58,5.7,84.1,1043,125,10.3,Few clouds,c02d,12
2026-07-26 13:00:00,58.29,34.4,41.6,56,5.6,86.4,1050,126,10.3,Scattered clouds,c02d,13
2026-07-26 13:15:00,167.92,34.5,41.9,56,5.6,83.4,1039,125,10.5,Few clouds,c02d,13
2026-07-26 13:30:00,149.41,34.6,42.1,56,5.6,80.3,1028,125,10.6,Few clouds,c02d,13
2026-07-26 13:45:00,259.75,34.7,42.0,55,5.6,77.3,1017,124,10.7,Few clouds,c02d,13
2026-07-26 14:00:00,30.84,34.8,42.2,55,5.6,74.2,1006,124,10.7,Few clouds,c02d,14
2026-07-26 14:15:00,200.91,34.9,42.1,54,5.6,70.8,979,122,10.2,Few clouds,c02d,14
2026-07-26 14:30:00,42.73,35.0,42.3,54,5.6,67.3,951,121,9.7,Few clouds,c02d,14
2026-07-26 14:45:00,3.99,35.1,42.6,54,5.6,63.9,923,120,9.2,Few clouds,c02d,14
2026-07-26 15:00:00,4.02,35.2,42.4,53,5.6,60.4,895,118,8.6,Few clouds,c02d,15
2026-07-26 15:15:00,33.32,35.2,42.4,53,5.4,57.0,852,116,7.9,Few clouds,c02d,15
2026-07-26 15:30:00,96.52,35.2,42.4,53,5.2,53.5,809,113,7.2,Few clouds,c02d,15
2026-07-26 15:45:00,8.61,35.2,42.4,53,5.0,50.0,767,111,6.4,Few clouds,c02d,15
2026-07-26 16:00:00,36.88,35.2,42.4,53,4.8,46.6,724,109,5.8,Few clouds,c02d,16
2026-07-26 16:15:00,173.0,35.3,42.7,53,4.5,43.1,671,105,5.2,Few clouds,c02d,16
2026-07-26 16:30:00,160.86,35.4,42.5,52,4.2,39.7,618,102,4.6,Few clouds,c02d,16
2026-07-26 16:45:00,137.94,35.5,42.7,52,3.9,36.3,565,98,4.0,Few clouds,c02d,16
2026-07-26 17:00:00,81.24,35.6,43.0,52,3.6,32.8,511,95,3.6,Few clouds,c02d,17
2026-07-26 17:15:00,50.74,34.8,42.1,55,3.4,29.4,453,89,3.1,Few clouds,c02d,17
2026-07-26 17:30:00,61.88,33.9,41.1,58,3.2,26.0,395,84,2.7,Few clouds,c02d,17
2026-07-26 17:45:00,58.89,33.1,40.4,62,3.0,22.6,337,79,2.4,Few clouds,c02d,17
2026-07-26 18:00:00,60.65,32.2,39.2,65,2.8,19.3,278,73,2.1,Scattered clouds,c02d,18
2026-07-26 18:15:00,43.49,32.1,39.3,66,2.6,15.9,224,64,1.9,Scattered clouds,c02d,18
2026-07-26 18:30:00,25.84,32.1,39.5,67,2.4,12.6,170,55,1.7,Scattered clouds,c02d,18
2026-07-26 18:45:00,14.49,32.0,39.6,68,2.2,9.3,116,46,1.5,Scattered clouds,c02d,18
2026-07-26 19:00:00,8.63,31.9,39.8,69,2.0,5.9,62,37,1.4,Broken clouds,c03d,19
2026-07-26 19:15:00,4.36,31.7,39.5,70,2.2,2.7,47,28,1.4,Broken clouds,c03n,19
2026-07-26 19:30:00,0.95,31.5,39.0,70,2.4,-0.5,31,19,0.0,Broken clouds,c03n,19
2026-07-26 19:45:00,0.04,31.3,38.4,70,2.6,-3.7,16,9,0.0,Broken clouds,c03n,19
2026-07-26 20:00:00,0.0,31.1,38.2,71,2.8,-7.0,0,0,0.0,Broken clouds,c03n,20
2026-07-26 20:15:00,0.0,31.0,37.9,71,2.9,-10.0,0,0,0.0,Scattered clouds,c02n,20
2026-07-26 20:30:00,0.0,30.9,37.6,71,3.0,-13.1,0,0,0.0,Scattered clouds,c02n,20
2026-07-26 20:45:00,0.0,30.8,37.4,71,3.1,-16.2,0,0,0.0,Scattered clouds,c02n,20
2026-07-26 21:00:00,0.0,30.7,37.1,71,3.2,-19.2,0,0,0.0,Few clouds,c02n,21
2026-07-26 21:15:00,0.0,30.4,36.4,72,3.4,-22.0,0,0,0.0,Few clouds,c02n,21
2026-07-26 21:30:00,0.0,30.0,36.0,74,3.6,-24.8,0,0,0.0,Few clouds,c02n,21
2026-07-26 21:45:00,0.0,29.7,35.6,76,3.8,-27.6,0,0,0.0,Few clouds,c02n,21
2026-07-26 22:00:00,0.0,29.3,34.9,77,4.0,-30.4,0,0,0.0,Few clouds,c02n,22
2026-07-26 22:15:00,0.0,29.1,34.6,78,4.0,-32.7,0,0,0.0,Scattered clouds,c02n,22
2026-07-26 22:30:00,0.0,28.9,34.0,78,4.0,-35.1,0,0,0.0,Scattered clouds,c02n,22
2026-07-26 22:45:00,0.0,28.7,33.7,79,4.0,-37.4,0,0,0.0,Scattered clouds,c02n,22
2026-07-26 23:00:00,0.0,28.5,33.4,80,4.0,-39.8,0,0,0.0,Scattered clouds,c02n,23
2026-07-26 23:15:00,0.0,28.4,33.3,81,4.0,-41.4,0,0,0.0,Scattered clouds,c02n,23
2026-07-26 23:30:00,0.0,28.3,33.2,82,4.0,-43.0,0,0,0.0,Scattered clouds,c02n,23
2026-07-26 23:45:00,0.0,28.2,33.1,83,4.0,-44.6,0,0,0.0,Scattered clouds,c02n,23
2026-07-27 00:00:00,0.0,28.1,33.0,84,4.0,-46.2,0,0,0.0,Scattered clouds,c02n,0
2026-07-27 00:15:00,0.0,27.9,32.5,84,4.0,-46.6,0,0,0.0,Scattered clouds,c02n,0
2026-07-27 00:30:00,0.0,27.8,32.2,85,4.0,-47.1,0,0,0.0,Scattered clouds,c02n,0
2026-07-27 00:45:00,0.0,27.6,31.9,86,4.0,-47.6,0,0,0.0,Scattered clouds,c02n,0
2026-07-27 01:00:00,0.0,27.4,31.4,86,4.0,-48.1,0,0,0.0,Scattered clouds,c02n,1
2026-07-27 01:15:00,0.0,27.4,31.4,86,4.0,-47.4,0,0,0.0,Scattered clouds,c02n,1
2026-07-27 01:30:00,0.01,27.4,31.5,87,4.0,-46.7,0,0,0.0,Scattered clouds,c02n,1
2026-07-27 01:45:00,0.0,27.4,31.6,88,4.0,-45.9,0,0,0.0,Few clouds,c02n,1
2026-07-27 02:00:00,0.0,27.4,31.6,88,4.0,-45.2,0,0,0.0,Few clouds,c02n,2
2026-07-27 02:15:00,0.0,27.3,31.4,88,4.1,-43.4,0,0,0.0,Few clouds,c02n,2
2026-07-27 02:30:00,0.01,27.2,31.2,89,4.2,-41.6,0,0,0.0,Few clouds,c02n,2
2026-07-27 02:45:00,0.0,27.1,31.0,90,4.3,-39.8,0,0,0.0,Few clouds,c02n,2
2026-07-27 03:00:00,0.0,27.0,30.7,90,4.4,-38.1,0,0,0.0,Few clouds,c02n,3
2026-07-27 03:15:00,0.0,26.9,30.5,90,4.3,-35.6,0,0,0.0,Few clouds,c02n,3
2026-07-27 03:30:00,0.0,26.9,30.4,91,4.2,-33.2,0,0,0.0,Few clouds,c02n,3
2026-07-27 03:45:00,0.0,26.8,30.3,92,4.1,-30.7,0,0,0.0,Few clouds,c02n,3
2026-07-27 04:00:00,0.0,26.7,30.1,92,4.0,-28.3,0,0,0.0,Few clouds,c02n,4
2026-07-27 04:15:00,0.0,26.7,30.1,92,3.8,-25.4,0,0,0.0,Few clouds,c02n,4
2026-07-27 04:30:00,0.0,26.7,30.1,92,3.6,-22.5,0,0,0.0,Few clouds,c02n,4
2026-07-27 04:45:00,0.0,26.7,30.1,92,3.4,-19.7,0,0,0.0,Few clouds,c02n,4
2026-07-27 05:00:00,0.0,26.7,30.1,92,3.2,-16.8,0,0,0.0,Few clouds,c02n,5
2026-07-27 05:15:00,0.0,26.9,30.6,92,3.2,-13.7,0,0,0.0,Few clouds,c02n,5
2026-07-27 05:30:00,0.0,27.1,31.0,91,3.2,-10.6,0,0,0.0,Few clouds,c02n,5
2026-07-27 05:45:00,0.0,27.2,31.4,90,3.2,-7.5,0,0,0.0,Few clouds,c02n,5
2026-07-27 06:00:00,0.0,27.4,31.9,90,3.2,-4.4,0,0,0.0,Clear Sky,c01n,6
2026-07-27 06:15:00,0.37,27.4,31.9,90,3.3,-1.1,25,12,0.0,Clear Sky,c01n,6
2026-07-27 06:30:00,2.43,27.4,31.9,90,3.4,2.1,51,23,2.0,Clear Sky,c01d,6
2026-07-27 06:45:00,7.44,27.4,31.9,90,3.5,5.4,76,35,2.0,Clear Sky,c01d,6
2026-07-27 07:00:00,16.75,27.4,31.9,90,3.6,8.6,102,47,2.1,Clear Sky,c01d,7
2026-07-27 07:15:00,29.58,27.5,32.2,90,3.7,12.0,158,55,2.1,Few clouds,c02d,7
2026-07-27 07:30:00,39.91,27.6,32.5,90,3.8,15.3,214,63,2.2,Few clouds,c02d,7
2026-07-27 07:45:00,49.48,27.7,32.8,90,3.9,18.6,270,71,2.3,Few clouds,c02d,7
2026-07-27 08:00:00,64.94,27.8,33.1,90,4.0,22.0,326,78,2.5,Few clouds,c02d,8
2026-07-27 08:15:00,73.0,28.0,33.5,89,4.1,25.4,384,83,2.7,Few clouds,c02d,8
2026-07-27 08:30:00,97.16,28.2,33.9,88,4.2,28.8,442,88,2.9,Few clouds,c02d,8
2026-07-27 08:45:00,116.53,28.3,34.2,87,4.3,32.2,499,93,3.2,Scattered clouds,c02d,8
2026-07-27 09:00:00,116.21,28.5,34.5,86,4.4,35.6,557,98,3.5,Scattered clouds,c02d,9
2026-07-27 09:15:00,147.37,29.3,36.2,83,4.5,39.1,609,101,3.7,Scattered clouds,c02d,9
2026-07-27 09:30:00,167.19,30.0,37.7,80,4.6,42.5,660,105,4.0,Scattered clouds,c02d,9
2026-07-27 09:45:00,122.66,30.8,39.1,77,4.7,45.9,712,108,4.1,Broken clouds,c03d,9
2026-07-27 10:00:00,18.8,31.5,40.3,74,4.8,49.4,763,111,4.3,Broken clouds,c03d,10
2026-07-27 10:15:00,80.34,31.8,40.5,72,5.0,52.9,803,113,4.8,Broken clouds,c03d,10
2026-07-27 10:30:00,16.46,32.1,40.6,70,5.2,56.3,843,115,5.3,Broken clouds,c03d,10
2026-07-27 10:45:00,116.44,32.3,41.0,69,5.4,59.8,883,117,5.8,Broken clouds,c03d,10
2026-07-27 11:00:00,123.39,32.6,41.0,67,5.6,63.2,923,120,6.3,Broken clouds,c03d,11
2026-07-27 11:15:00,38.91,32.6,40.7,66,5.8,66.7,947,121,7.0,Broken clouds,c03d,11
2026-07-27 11:30:00,3.91,32.6,40.7,66,6.0,70.1,972,122,7.8,Scattered clouds,c02d,11
2026-07-27 11:45:00,71.97,32.6,40.3,65,6.2,73.5,997,123,8.6,Scattered clouds,c02d,11
2026-07-27 12:00:00,62.57,32.6,39.9,64,6.4,77.0,1021,124,9.3,Scattered clouds,c02d,12
2026-07-27 12:15:00,66.85,32.8,40.0,63,6.4,79.3,1028,125,9.4,Scattered clouds,c02d,12
2026-07-27 12:30:00,37.45,33.0,40.1,62,6.4,81.6,1036,125,9.5,Scattered clouds,c02d,12
2026-07-27 12:45:00,63.72,33.1,40.6,62,6.4,83.9,1043,125,9.6,Scattered clouds,c02d,12
2026-07-27 13:00:00,34.78,33.3,40.7,61,6.4,86.2,1050,126,9.6,Scattered clouds,c02d,13
2026-07-27 13:15:00,12.92,33.5,41.2,61,6.4,83.2,1039,125,9.5,Scattered clouds,c02d,13
2026-07-27 13:30:00,192.38,33.7,41.4,60,6.4,80.2,1028,125,9.4,Scattered clouds,c02d,13
2026-07-27 13:45:00,19.31,33.9,41.9,60,6.4,77.2,1017,124,9.2,Scattered clouds,c02d,13
2026-07-27 14:00:00,3.98,34.1,42.5,60,6.4,74.2,1006,124,8.9,Scattered clouds,c02d,14
2026-07-27 14:15:00,3.95,34.2,42.7,60,6.8,70.7,978,122,8.4,Scattered clouds,c02d,14
2026-07-27 14:30:00,30.31,34.3,42.9,60,7.2,67.3,950,121,7.9,Scattered clouds,c02d,14
2026-07-27 14:45:00,67.52,34.3,42.7,59,7.6,63.8,922,120,7.5,Scattered clouds,c02d,14
2026-07-27 15:00:00,31.17,34.4,42.9,59,8.0,60.4,894,118,7.0,Scattered clouds,c02d,15
2026-07-27 15:15:00,91.48,34.0,42.0,60,7.9,56.9,852,116,5.7,Broken clouds,c03d,15
2026-07-27 15:30:00,164.35,33.5,41.6,62,7.8,53.4,809,113,4.5,Broken clouds,c03d,15
2026-07-27 15:45:00,33.78,33.1,41.2,64,7.7,50.0,766,111,3.4,Overcast clouds,c04d,15
2026-07-27 16:00:00,99.89,32.6,40.3,65,7.6,46.5,724,109,2.5,Overcast clouds,c04d,16
2026-07-27 16:15:00,99.45,32.5,40.4,66,7.2,43.1,670,105,2.1,Overcast clouds,c04d,16
2026-07-27 16:30:00,58.08,32.4,40.1,66,6.8,39.6,617,102,1.8,Overcast clouds,c04d,16
2026-07-27 16:45:00,41.28,32.3,40.2,67,6.4,36.2,564,98,1.5,Overcast clouds,c04d,16
2026-07-27 17:00:00,52.86,32.2,40.3,68,6.0,32.8,510,95,1.2,Overcast clouds,c04d,17
2026-07-27 17:15:00,38.56,31.7,39.7,71,5.6,29.4,452,89,1.1,Overcast clouds,c04d,17
2026-07-27 17:30:00,25.58,31.1,39.1,74,5.2,26.0,394,84,0.9,Overcast clouds,c04d,17
2026-07-27 17:45:00,15.83,30.6,38.8,78,4.8,22.6,336,79,0.8,Overcast clouds,c04d,17
2026-07-27 18:00:00,10.01,30.0,38.0,81,4.4,19.2,277,73,0.8,Overcast clouds,c04d,18
2026-07-27 18:15:00,6.72,30.0,38.0,81,4.1,15.8,223,64,0.7,Overcast clouds,c04d,18
2026-07-27 18:30:00,5.39,30.0,38.0,81,3.8,12.5,169,55,0.7,Overcast clouds,c04d,18
2026-07-27 18:45:00,5.46,30.0,38.0,81,3.5,9.2,115,46,0.6,Overcast clouds,c04d,18
2026-07-27 19:00:00,3.84,30.0,38.0,81,3.2,5.9,61,37,0.6,Overcast clouds,c04d,19
2026-07-27 19:15:00,1.25,29.9,37.6,81,3.3,2.6,46,28,0.6,Overcast clouds,c04n,19
2026-07-27 19:30:00,0.21,29.8,37.3,81,3.4,-0.6,30,19,0.0,Overcast clouds,c04n,19
2026-07-27 19:45:00,0.0,29.7,37.0,81,3.5,-3.8,15,9,0.0,Overcast clouds,c04n,19
2026-07-27 20:00:00,0.0,29.6,36.7,81,3.6,-7.1,0,0,0.0,Overcast clouds,c04n,20
2026-07-27 20:15:00,0.0,29.6,36.7,81,3.8,-10.1,0,0,0.0,Drizzle,d02n,20
2026-07-27 20:30:00,0.0,29.6,36.7,81,4.0,-13.2,0,0,0.0,Light rain,r01n,20
2026-07-27 20:45:00,0.0,29.6,36.7,81,4.2,-16.3,0,0,0.0,Light rain,r01n,20
2026-07-27 21:00:00,0.0,29.6,36.7,81,4.4,-19.4,0,0,0.0,Light rain,r01n,21
2026-07-27 21:15:00,0.0,29.5,36.8,82,4.6,-22.2,0,0,0.0,Drizzle,d02n,21
2026-07-27 21:30:00,0.0,29.5,36.5,82,4.8,-25.0,0,0,0.0,Overcast clouds,c04n,21
2026-07-27 21:45:00,0.0,29.4,36.5,83,5.0,-27.8,0,0,0.0,Overcast clouds,c04n,21
2026-07-27 22:00:00,0.0,29.3,36.6,84,5.2,-30.6,0,0,0.0,Drizzle,d02n,22
2026-07-27 22:15:00,0.0,29.1,36.2,85,5.5,-32.9,0,0,0.0,Overcast clouds,c04n,22
2026-07-27 22:30:00,0.0,28.9,35.8,86,5.8,-35.3,0,0,0.0,Overcast clouds,c04n,22
2026-07-27 22:45:00,0.0,28.7,35.4,87,6.1,-37.6,0,0,0.0,Overcast clouds,c04n,22
2026-07-27 23:00:00,0.01,28.5,35.0,88,6.4,-40.0,0,0,0.0,Overcast clouds,c04n,23
2026-07-27 23:15:00,0.0,28.5,35.0,88,6.4,-41.6,0,0,0.0,Overcast clouds,c04n,23
2026-07-27 23:30:00,0.0,28.5,35.0,88,6.4,-43.2,0,0,0.0,Overcast clouds,c04n,23
2026-07-27 23:45:00,0.0,28.5,35.0,88,6.4,-44.8,0,0,0.0,Overcast clouds,c04n,23
2026-07-28 00:00:00,0.0,28.5,35.0,88,6.4,-46.4,0,0,0.0,Overcast clouds,c04n,0
2026-07-28 00:15:00,0.0,28.4,34.6,88,6.6,-46.9,0,0,0.0,Overcast clouds,c04n,0
2026-07-28 00:30:00,0.0,28.3,34.5,89,6.8,-47.4,0,0,0.0,Overcast clouds,c04n,0
2026-07-28 00:45:00,0.0,28.2,34.4,90,7.0,-47.9,0,0,0.0,Overcast clouds,c04n,0
2026-07-28 01:00:00,0.0,28.1,34.1,90,7.2,-48.4,0,0,0.0,Overcast clouds,c04n,1
2026-07-28 01:15:00,0.0,28.1,34.1,90,7.0,-47.6,0,0,0.0,Overcast clouds,c04n,1
2026-07-28 01:30:00,0.0,28.1,33.9,89,6.8,-46.9,0,0,0.0,Overcast clouds,c04n,1
2026-07-28 01:45:00,0.0,28.1,33.7,88,6.6,-46.1,0,0,0.0,Overcast clouds,c04n,1
2026-07-28 02:00:00,0.0,28.1,33.7,88,6.4,-45.4,0,0,0.0,Overcast clouds,c04n,2
2026-07-28 02:15:00,0.0,28.1,33.7,88,6.1,-43.6,0,0,0.0,Overcast clouds,c04n,2
2026-07-28 02:30:00,0.0,28.1,33.7,88,5.8,-41.8,0,0,0.0,Overcast clouds,c04n,2
2026-07-28 02:45:00,0.0,28.1,33.7,88,5.5,-40.0,0,0,0.0,Overcast clouds,c04n,2
2026-07-28 03:00:00,0.0,28.1,33.7,88,5.2,-38.2,0,0,0.0,Overcast clouds,c04n,3
2026-07-28 03:15:00,0.0,27.9,33.2,88,5.3,-35.8,0,0,0.0,Overcast clouds,c04n,3
2026-07-28 03:30:00,0.0,27.8,32.8,89,5.4,-33.3,0,0,0.0,Overcast clouds,c04n,3
2026-07-28 03:45:00,0.0,27.6,32.4,90,5.5,-30.9,0,0,0.0,Overcast clouds,c04n,3
2026-07-28 04:00:00,0.0,27.4,31.9,90,5.6,-28.4,0,0,0.0,Overcast clouds,c04n,4
2026-07-28 04:15:00,0.0,27.3,31.6,90,5.6,-25.5,0,0,0.0,Overcast clouds,c04n,4
2026-07-28 04:30:00,0.0,27.2,31.3,90,5.6,-22.7,0,0,0.0,Overcast clouds,c04n,4
2026-07-28 04:45:00,0.0,27.1,31.0,90,5.6,-19.8,0,0,0.0,Overcast clouds,c04n,4
2026-07-28 05:00:00,0.0,27.0,30.7,90,5.6,-16.9,0,0,0.0,Overcast clouds,c04n,5
2026-07-28 05:15:00,0.0,27.2,31.3,90,5.7,-13.8,0,0,0.0,Overcast clouds,c04n,5
2026-07-28 05:30:00,0.0,27.4,31.9,90,5.8,-10.7,0,0,0.0,Overcast clouds,c04n,5
2026-07-28 05:45:00,0.0,27.6,32.5,90,5.9,-7.6,0,0,0.0,Overcast clouds,c04n,5
2026-07-28 06:00:00,0.0,27.8,33.1,90,6.0,-4.5,0,0,0.0,Overcast clouds,c04n,6
2026-07-28 06:15:00,0.08,27.7,32.8,90,6.3,-1.2,25,12,0.0,Overcast clouds,c04n,6
2026-07-28 06:30:00,2.24,27.6,32.7,91,6.6,2.0,50,23,0.6,Overcast clouds,c04n,6
2026-07-28 06:45:00,5.33,27.5,32.5,92,6.9,5.3,75,35,0.6,Overcast clouds,c04d,6
2026-07-28 07:00:00,10.91,27.4,32.2,92,7.2,8.5,100,47,0.6,Overcast clouds,c04d,7
2026-07-28 07:15:00,17.15,27.4,32.2,92,7.0,11.9,157,55,0.7,Overcast clouds,c04d,7
2026-07-28 07:30:00,20.26,27.4,32.2,92,6.8,15.2,213,63,0.7,Overcast clouds,c04d,7
2026-07-28 07:45:00,28.29,27.4,32.2,92,6.6,18.6,269,70,0.8,Overcast clouds,c04d,7
2026-07-28 08:00:00,40.8,27.4,32.2,92,6.4,21.9,325,78,0.8,Overcast clouds,c04d,8
2026-07-28 08:15:00,52.8,27.5,32.5,92,6.5,25.3,383,83,0.9,Overcast clouds,c04d,8
2026-07-28 08:30:00,38.39,27.6,32.8,92,6.6,28.7,441,88,1.0,Overcast clouds,c04d,8
2026-07-28 08:45:00,122.56,27.7,33.1,92,6.7,32.2,499,93,1.2,Overcast clouds,c04d,8
2026-07-28 09:00:00,0.01,27.8,33.4,92,6.8,35.6,556,98,1.3,Overcast clouds,c04d,9
2026-07-28 09:15:00,98.71,28.3,34.6,90,6.8,39.0,608,101,1.5,Overcast clouds,c04d,9
2026-07-28 09:30:00,102.53,28.7,35.6,88,6.8,42.5,660,104,1.7,Overcast clouds,c04d,9
2026-07-28 09:45:00,128.48,29.2,36.6,86,6.8,45.9,711,108,1.9,Overcast clouds,c04d,9
2026-07-28 10:00:00,123.64,29.6,37.5,84,6.8,49.3,763,111,2.1,Overcast clouds,c04d,10
2026-07-28 10:15:00,124.21,29.9,38.1,83,6.9,52.8,803,113,2.3,Overcast clouds,c04d,10
2026-07-28 10:30:00,116.19,30.2,38.7,82,7.0,56.3,843,115,2.5,Overcast clouds,c04d,10
2026-07-28 10:45:00,126.95,30.4,39.0,80,7.1,59.7,882,117,2.7,Overcast clouds,c04d,10
2026-07-28 11:00:00,26.49,30.7,39.6,79,7.2,63.2,922,120,2.9,Overcast clouds,c04d,11
2026-07-28 11:15:00,134.69,30.8,39.5,78,7.1,66.6,947,121,3.1,Overcast clouds,c04d,11
2026-07-28 11:30:00,92.2,30.9,39.9,78,7.0,70.0,972,122,3.2,Overcast clouds,c04d,11
2026-07-28 11:45:00,67.17,31.0,39.8,77,6.9,73.5,996,123,3.5,Overcast clouds,c04d,11
2026-07-28 12:00:00,3.87,31.1,39.8,76,6.8,76.9,1021,124,3.6,Overcast clouds,c04d,12
2026-07-28 12:15:00,3.97,31.4,40.3,75,7.0,79.2,1028,125,3.7,Overcast clouds,c04d,12
2026-07-28 12:30:00,3.94,31.7,40.8,74,7.2,81.4,1035,125,3.8,Overcast clouds,c04d,12
2026-07-28 12:45:00,3.94,31.9,40.9,72,7.4,83.7,1043,125,3.9,Overcast clouds,c04d,12
2026-07-28 13:00:00,3.97,32.2,41.4,71,7.6,86.0,1050,126,3.9,Overcast clouds,c04d,13
2026-07-28 13:15:00,3.93,32.3,41.7,71,7.7,83.0,1039,125,3.8,Overcast clouds,c04d,13
2026-07-28 13:30:00,3.96,32.4,41.6,70,7.8,80.0,1028,125,3.8,Overcast clouds,c04d,13
2026-07-28 13:45:00,3.92,32.5,41.9,70,7.9,77.1,1017,124,3.6,Overcast clouds,c04d,13
2026-07-28 14:00:00,38.61,32.6,42.2,70,8.0,74.1,1006,124,3.5,Overcast clouds,c04d,14
2026-07-28 14:15:00,66.89,32.8,42.3,69,7.9,70.6,978,122,3.3,Overcast clouds,c04d,14
2026-07-28 14:30:00,139.07,33.0,42.5,68,7.8,67.2,950,121,3.1,Overcast clouds,c04d,14
2026-07-28 14:45:00,75.61,33.1,43.0,68,7.7,63.8,922,120,2.9,Overcast clouds,c04d,14
2026-07-28 15:00:00,47.12,33.3,43.1,67,7.6,60.3,894,118,2.7,Overcast clouds,c04d,15
2026-07-28 15:15:00,33.5,33.3,42.7,66,7.4,56.9,851,116,2.5,Overcast clouds,c04d,15
2026-07-28 15:30:00,80.24,33.3,42.7,66,7.2,53.4,808,113,2.3,Overcast clouds,c04d,15
2026-07-28 15:45:00,0.3,33.3,42.3,65,7.0,49.9,766,111,2.1,Overcast clouds,c04d,15
2026-07-28 16:00:00,45.1,33.3,41.9,64,6.8,46.5,723,109,1.9,Overcast clouds,c04d,16
2026-07-28 16:15:00,45.66,33.0,41.3,65,6.5,43.0,670,105,1.7,Overcast clouds,c04d,16
2026-07-28 16:30:00,43.15,32.6,40.7,66,6.2,39.6,616,102,1.5,Overcast clouds,c04d,16
2026-07-28 16:45:00,10.82,32.3,40.4,68,5.9,36.1,563,98,1.3,Overcast clouds,c04d,16
2026-07-28 17:00:00,3.9,31.9,39.8,69,5.6,32.7,509,94,1.2,Overcast clouds,c04d,17
2026-07-28 17:15:00,4.01,31.3,38.5,70,5.6,29.3,451,89,1.1,Drizzle,d02d,17
2026-07-28 17:30:00,3.91,30.8,37.5,72,5.6,25.9,393,84,0.9,Light rain,r01d,17
2026-07-28 17:45:00,3.89,30.2,36.5,74,5.6,22.5,334,78,0.8,Light rain,r01d,17
2026-07-28 18:00:00,3.92,29.6,35.2,75,5.6,19.1,276,73,0.8,Light rain,r01d,18
2026-07-28 18:15:00,3.91,29.5,35.3,76,5.5,15.8,222,64,0.7,Drizzle,d02d,18
2026-07-28 18:30:00,3.92,29.5,35.1,76,5.4,12.4,168,55,0.7,Overcast clouds,c04d,18
2026-07-28 18:45:00,4.04,29.4,34.9,76,5.3,9.1,114,46,0.7,Overcast clouds,c04d,18
2026-07-28 19:00:00,4.15,29.3,34.9,77,5.2,5.8,60,37,0.7,Overcast clouds,c04d,19
2026-07-28 19:15:00,2.88,29.3,34.9,77,5.1,2.5,45,27,0.7,Overcast clouds,c04n,19
2026-07-28 19:30:00,0.44,29.3,34.9,77,5.0,-0.7,30,18,0.0,Overcast clouds,c04n,19
2026-07-28 19:45:00,0.02,29.3,34.9,77,4.9,-4.0,15,9,0.0,Overcast clouds,c04n,19
2026-07-28 20:00:00,0.0,29.3,34.9,77,4.8,-7.2,0,0,0.0,Overcast clouds,c04n,20
2026-07-28 20:15:00,0.0,29.3,35.1,78,4.9,-10.3,0,0,0.0,Overcast clouds,c04n,20
2026-07-28 20:30:00,0.0,29.3,35.1,78,5.0,-13.3,0,0,0.0,Overcast clouds,c04n,20
2026-07-28 20:45:00,0.0,29.3,35.1,78,5.1,-16.4,0,0,0.0,Overcast clouds,c04n,20
2026-07-28 21:00:00,0.0,29.3,35.4,79,5.2,-19.5,0,0,0.0,Drizzle,d02n,21
2026-07-28 21:15:00,0.0,29.1,34.8,79,5.3,-22.3,0,0,0.0,Overcast clouds,c04n,21
2026-07-28 21:30:00,0.0,28.9,34.5,80,5.4,-25.1,0,0,0.0,Overcast clouds,c04n,21
2026-07-28 21:45:00,0.0,28.7,33.9,80,5.5,-27.9,0,0,0.0,Overcast clouds,c04n,21
2026-07-28 22:00:00,0.0,28.5,33.4,80,5.6,-30.7,0,0,0.0,Drizzle,d02n,22
2026-07-28 22:15:00,0.0,28.4,33.3,81,5.7,-33.1,0,0,0.0,Overcast clouds,c04n,22
2026-07-28 22:30:00,0.0,28.3,33.2,82,5.8,-35.4,0,0,0.0,Overcast clouds,c04n,22
2026-07-28 22:45:00,0.0,28.2,33.1,83,5.9,-37.8,0,0,0.0,Overcast clouds,c04n,22
2026-07-28 23:00:00,0.0,28.1,33.0,84,6.0,-40.2,0,0,0.0,Overcast clouds,c04n,23
2026-07-28 23:15:00,0.0,28.1,33.0,84,6.1,-41.8,0,0,0.0,Drizzle,d02n,23
2026-07-28 23:30:00,0.0,28.1,33.0,84,6.2,-43.4,0,0,0.0,Light rain,r01n,23
2026-07-28 23:45:00,0.0,28.1,33.0,84,6.3,-45.0,0,0,0.0,Drizzle,d02n,23
2026-07-29 00:00:00,0.0,28.1,33.0,84,6.4,-46.6,0,0,0.0,Overcast clouds,c04n,0
2026-07-29 00:15:00,0.0,27.9,32.7,85,6.4,-47.1,0,0,0.0,Overcast clouds,c04n,0
2026-07-29 00:30:00,0.0,27.8,32.3,86,6.4,-47.6,0,0,0.0,Overcast clouds,c04n,0
2026-07-29 00:45:00,0.0,27.6,32.0,87,6.4,-48.1,0,0,0.0,Overcast clouds,c04n,0
2026-07-29 01:00:00,0.0,27.4,31.6,88,6.4,-48.6,0,0,0.0,Overcast clouds,c04n,1
2026-07-29 01:15:00,0.0,27.4,31.6,88,6.3,-47.8,0,0,0.0,Overcast clouds,c04n,1
2026-07-29 01:30:00,0.0,27.4,31.6,88,6.2,-47.1,0,0,0.0,Overcast clouds,c04n,1
2026-07-29 01:45:00,0.0,27.4,31.6,88,6.1,-46.3,0,0,0.0,Overcast clouds,c04n,1
2026-07-29 02:00:00,0.0,27.4,31.6,88,6.0,-45.6,0,0,0.0,Overcast clouds,c04n,2
2026-07-29 02:15:00,0.0,27.3,31.4,88,6.4,-43.8,0,0,0.0,Overcast clouds,c04n,2
2026-07-29 02:30:00,0.0,27.2,31.2,89,6.8,-42.0,0,0,0.0,Overcast clouds,c04n,2
2026-07-29 02:45:00,0.0,27.1,31.0,90,7.2,-40.2,0,0,0.0,Overcast clouds,c04n,2
2026-07-29 03:00:00,0.0,27.0,30.7,90,7.6,-38.4,0,0,0.0,Overcast clouds,c04n,3
2026-07-29 03:15:00,0.0,26.9,30.5,90,7.5,-36.0,0,0,0.0,Overcast clouds,c04n,3
2026-07-29 03:30:00,0.0,26.9,30.3,90,7.4,-33.5,0,0,0.0,Overcast clouds,c04n,3
2026-07-29 03:45:00,0.0,26.8,30.1,90,7.3,-31.0,0,0,0.0,Overcast clouds,c04n,3
2026-07-29 04:00:00,0.0,26.7,29.9,90,7.2,-28.5,0,0,0.0,Overcast clouds,c04n,4
2026-07-29 04:15:00,0.0,26.7,29.9,90,7.0,-25.7,0,0,0.0,Overcast clouds,c04n,4
2026-07-29 04:30:00,0.0,26.7,29.9,90,6.8,-22.8,0,0,0.0,Overcast clouds,c04n,4
2026-07-29 04:45:00,0.0,26.7,29.9,90,6.6,-19.9,0,0,0.0,Overcast clouds,c04n,4
2026-07-29 05:00:00,0.0,26.7,29.9,90,6.4,-17.0,0,0,0.0,Overcast clouds,c04n,5
2026-07-29 05:15:00,0.0,26.9,30.4,90,6.2,-13.9,0,0,0.0,Overcast clouds,c04n,5
2026-07-29 05:30:00,0.0,27.1,30.8,89,6.0,-10.8,0,0,0.0,Overcast clouds,c04n,5
2026-07-29 05:45:00,0.0,27.2,31.1,88,5.8,-7.7,0,0,0.0,Overcast clouds,c04n,5
2026-07-29 06:00:00,0.0,27.4,31.6,88,5.6,-4.6,0,0,0.0,Drizzle,d02n,6
2026-07-29 06:15:00,0.68,27.3,31.4,88,5.5,-1.3,25,12,0.0,Overcast clouds,c04n,6
2026-07-29 06:30:00,3.81,27.2,31.2,89,5.4,1.9,50,23,0.7,Overcast clouds,c04n,6
2026-07-29 06:45:00,10.51,27.1,31.0,90,5.3,5.2,74,35,0.7,Overcast clouds,c04d,6
2026-07-29 07:00:00,22.93,27.0,30.7,90,5.2,8.5,99,46,0.7,Overcast clouds,c04d,7
2026-07-29 07:15:00,26.79,27.1,31.0,90,5.7,11.8,155,54,0.7,Overcast clouds,c04d,7
2026-07-29 07:30:00,36.33,27.2,31.2,89,6.2,15.2,212,62,0.8,Overcast clouds,c04d,7
2026-07-29 07:45:00,43.42,27.3,31.4,88,6.7,18.5,268,70,0.8,Overcast clouds,c04d,7
2026-07-29 08:00:00,43.83,27.4,31.6,88,7.2,21.9,324,78,0.9,Overcast clouds,c04d,8
2026-07-29 08:15:00,39.74,27.4,31.6,88,7.5,25.3,382,83,1.0,Overcast clouds,c04d,8
2026-07-29 08:30:00,50.71,27.4,31.5,87,7.8,28.7,440,88,1.1,Drizzle,d02d,8
2026-07-29 08:45:00,67.27,27.4,31.4,86,8.1,32.1,498,93,1.2,Overcast clouds,c04d,8
2026-07-29 09:00:00,11.5,27.4,31.4,86,8.4,35.5,556,98,1.4,Overcast clouds,c04d,9
2026-07-29 09:15:00,3.93,28.1,32.7,83,8.4,39.0,607,101,1.5,Overcast clouds,c04d,9
2026-07-29 09:30:00,21.43,28.7,33.9,80,8.4,42.4,659,104,1.7,Overcast clouds,c04d,9
2026-07-29 09:45:00,7.1,29.4,35.3,78,8.4,45.8,711,108,2.0,Overcast clouds,c04d,9
2026-07-29 10:00:00,3.96,30.0,36.3,75,8.4,49.3,762,111,2.2,Overcast clouds,c04d,10
2026-07-29 10:15:00,16.11,30.3,36.8,74,8.2,52.8,802,113,2.5,Overcast clouds,c04d,10
2026-07-29 10:30:00,26.74,30.6,37.6,74,8.0,56.2,842,115,2.7,Overcast clouds,c04d,10
2026-07-29 10:45:00,9.13,30.8,38.0,73,7.8,59.7,882,117,3.0,Overcast clouds,c04d,10
2026-07-29 11:00:00,3.89,31.1,38.5,72,7.6,63.1,922,120,3.3,Overcast clouds,c04d,11
2026-07-29 11:15:00,3.96,31.1,38.5,72,7.7,66.6,947,121,3.5,Overcast clouds,c04d,11
2026-07-29 11:30:00,3.95,31.1,38.5,72,7.8,70.0,972,122,3.7,Overcast clouds,c04d,11
2026-07-29 11:45:00,106.71,31.1,38.5,72,7.9,73.4,996,123,3.8,Overcast clouds,c04d,11
2026-07-29 12:00:00,71.58,31.1,38.5,72,8.0,76.8,1021,124,4.0,Overcast clouds,c04d,12
2026-07-29 12:15:00,81.68,31.5,38.9,70,8.1,79.1,1028,125,4.0,Overcast clouds,c04d,12
2026-07-29 12:30:00,41.9,31.9,39.3,68,8.2,81.3,1035,125,4.0,Overcast clouds,c04d,12
2026-07-29 12:45:00,25.2,32.2,39.6,66,8.3,83.5,1043,125,3.9,Overcast clouds,c04d,12
2026-07-29 13:00:00,55.42,32.6,39.9,64,8.4,85.8,1050,126,3.9,Overcast clouds,c04d,13
2026-07-29 13:15:00,37.75,32.7,39.8,63,8.2,82.8,1039,125,3.9,Overcast clouds,c04d,13
2026-07-29 13:30:00,35.6,32.8,39.7,62,8.0,79.9,1028,125,3.9,Overcast clouds,c04d,13
2026-07-29 13:45:00,15.59,32.9,40.0,62,7.8,77.0,1017,124,3.8,Overcast clouds,c04d,13
2026-07-29 14:00:00,3.88,33.0,39.9,61,7.6,74.0,1006,124,3.8,Overcast clouds,c04d,14
2026-07-29 14:15:00,3.94,33.0,39.9,61,7.4,70.6,978,122,3.7,Overcast clouds,c04d,14
2026-07-29 14:30:00,103.19,33.0,39.9,61,7.2,67.1,950,121,3.5,Overcast clouds,c04d,14
2026-07-29 14:45:00,32.4,33.0,39.9,61,7.0,63.7,922,120,3.3,Overcast clouds,c04d,14
2026-07-29 15:00:00,32.09,33.0,39.9,61,6.8,60.3,893,118,3.2,Overcast clouds,c04d,15
2026-07-29 15:15:00,60.53,32.6,39.6,63,6.7,56.8,851,116,3.0,Overcast clouds,c04d,15
2026-07-29 15:30:00,100.48,32.3,39.0,64,6.6,53.3,808,113,2.8,Overcast clouds,c04d,15
2026-07-29 15:45:00,56.04,31.9,38.7,66,6.5,49.9,765,111,2.7,Overcast clouds,c04d,15
2026-07-29 16:00:00,120.14,31.5,38.3,68,6.4,46.4,722,109,2.4,Overcast clouds,c04d,16
2026-07-29 16:15:00,179.68,31.4,38.1,68,6.4,43.0,669,105,2.1,Drizzle,d02d,16
2026-07-29 16:30:00,56.49,31.3,37.8,68,6.4,39.5,615,102,1.8,Thunderstorm with light rain,t01d,16
2026-07-29 16:45:00,33.53,31.2,37.5,68,6.4,36.1,562,98,1.6,Thunderstorm with drizzle,t04d,16
2026-07-29 17:00:00,31.8,31.1,37.3,68,6.4,32.6,508,94,1.3,Thunderstorm with drizzle,t04d,17
2026-07-29 17:15:00,50.84,30.5,36.4,71,6.6,29.2,450,89,1.2,Drizzle,d02d,17
2026-07-29 17:30:00,39.92,29.8,35.5,74,6.8,25.8,392,84,1.1,Light rain,r01d,17
2026-07-29 17:45:00,42.36,29.2,34.5,77,7.0,22.4,333,78,0.9,Drizzle,d02d,17
2026-07-29 18:00:00,29.64,28.5,33.4,80,7.2,19.0,275,73,0.8,Overcast clouds,c04d,18
2026-07-29 18:15:00,17.09,28.4,33.1,80,7.0,15.7,221,64,0.8,Drizzle,d02d,18
2026-07-29 18:30:00,18.0,28.3,33.0,81,6.8,12.3,167,55,0.8,Light rain,r01d,18
2026-07-29 18:45:00,7.76,28.2,32.9,82,6.6,9.0,112,45,0.7,Light rain,r01d,18
2026-07-29 19:00:00,4.01,28.1,32.7,82,6.4,5.7,58,36,0.7,Light rain,r01d,19
2026-07-29 19:15:00,3.92,28.1,32.7,82,6.5,2.4,44,27,0.7,Light rain,r01n,19
2026-07-29 19:30:00,0.82,28.1,32.7,82,6.6,-0.8,29,18,0.0,Light rain,r01n,19
2026-07-29 19:45:00,0.03,28.1,32.7,82,6.7,-4.1,15,9,0.0,Light rain,r01n,19
2026-07-29 20:00:00,0.03,28.1,32.7,82,6.8,-7.3,0,0,0.0,Drizzle,d02n,20
2026-07-29 20:15:00,0.0,28.1,32.7,82,6.7,-10.4,0,0,0.0,Overcast clouds,c04n,20
2026-07-29 20:30:00,0.0,28.1,32.7,82,6.6,-13.5,0,0,0.0,Overcast clouds,c04n,20
2026-07-29 20:45:00,0.0,28.1,32.7,82,6.5,-16.5,0,0,0.0,Overcast clouds,c04n,20
2026-07-29 21:00:00,0.0,28.1,32.7,82,6.4,-19.6,0,0,0.0,Overcast clouds,c04n,21
2026-07-29 21:15:00,0.0,27.9,32.4,83,6.3,-22.4,0,0,0.0,Overcast clouds,c04n,21
2026-07-29 21:30:00,0.0,27.8,32.1,84,6.2,-25.3,0,0,0.0,Overcast clouds,c04n,21
2026-07-29 21:45:00,0.0,27.6,31.7,85,6.1,-28.1,0,0,0.0,Overcast clouds,c04n,21
2026-07-29 22:00:00,0.0,27.4,31.4,86,6.0,-30.9,0,0,0.0,Overcast clouds,c04n,22
2026-07-29 22:15:00,0.0,27.3,31.1,86,5.9,-33.2,0,0,0.0,Overcast clouds,c04n,22
2026-07-29 22:30:00,0.0,27.2,30.8,86,5.8,-35.6,0,0,0.0,Overcast clouds,c04n,22
2026-07-29 22:45:00,0.0,27.1,30.6,86,5.7,-38.0,0,0,0.0,Overcast clouds,c04n,22
2026-07-29 23:00:00,0.0,27.0,30.3,86,5.6,-40.4,0,0,0.0,Overcast clouds,c04n,23
2026-07-29 23:15:00,0.0,27.0,30.3,86,5.7,-42.0,0,0,0.0,Overcast clouds,c04n,23
2026-07-29 23:30:00,0.0,27.0,30.4,87,5.8,-43.6,0,0,0.0,Overcast clouds,c04n,23
2026-07-29 23:45:00,0.0,27.0,30.5,88,5.9,-45.2,0,0,0.0,Overcast clouds,c04n,23
2026-07-30 00:00:00,0.0,27.0,30.5,88,6.0,-46.8,0,0,0.0,Overcast clouds,c04n,0
2026-07-30 00:15:00,0.0,26.8,30.1,88,5.9,-47.3,0,0,0.0,Overcast clouds,c04n,0
2026-07-30 00:30:00,0.0,26.7,27.7,89,5.8,-47.8,0,0,0.0,Overcast clouds,c04n,0
2026-07-30 00:45:00,0.0,26.5,27.5,90,5.7,-48.3,0,0,0.0,Overcast clouds,c04n,0
2026-07-30 01:00:00,0.0,26.3,27.3,90,5.6,-48.8,0,0,0.0,Overcast clouds,c04n,1
2026-07-30 01:15:00,0.0,26.3,27.3,90,5.6,-48.1,0,0,0.0,Overcast clouds,c04n,1
2026-07-30 01:30:00,0.0,26.3,27.3,90,5.6,-47.3,0,0,0.0,Overcast clouds,c04n,1
2026-07-30 01:45:00,0.0,26.3,27.3,90,5.6,-46.6,0,0,0.0,Overcast clouds,c04n,1
2026-07-30 02:00:00,0.0,26.3,27.3,90,5.6,-45.8,0,0,0.0,Overcast clouds,c04n,2
2026-07-30 02:15:00,0.01,26.3,27.3,90,5.6,-44.0,0,0,0.0,Overcast clouds,c04n,2
2026-07-30 02:30:00,0.0,26.3,27.3,90,5.6,-42.2,0,0,0.0,Overcast clouds,c04n,2
2026-07-30 02:45:00,0.0,26.3,27.3,90,5.6,-40.4,0,0,0.0,Overcast clouds,c04n,2
2026-07-30 03:00:00,0.0,26.3,27.3,90,5.6,-38.6,0,0,0.0,Overcast clouds,c04n,3
2026-07-30 03:15:00,0.0,26.3,27.3,90,5.6,-36.1,0,0,0.0,Overcast clouds,c04n,3
2026-07-30 03:30:00,0.0,26.3,27.3,90,5.6,-33.6,0,0,0.0,Overcast clouds,c04n,3
2026-07-30 03:45:00,0.0,26.3,27.3,90,5.6,-31.2,0,0,0.0,Overcast clouds,c04n,3
2026-07-30 04:00:00,0.0,26.3,27.3,90,5.6,-28.7,0,0,0.0,Overcast clouds,c04n,4
2026-07-30 04:15:00,0.01,26.3,27.3,90,5.6,-25.8,0,0,0.0,Overcast clouds,c04n,4
2026-07-30 04:30:00,0.01,26.3,27.3,90,5.6,-22.9,0,0,0.0,Overcast clouds,c04n,4
2026-07-30 04:45:00,0.0,26.3,27.3,90,5.6,-20.0,0,0,0.0,Overcast clouds,c04n,4
2026-07-30 05:00:00,0.0,26.3,27.3,90,5.6,-17.2,0,0,0.0,Overcast clouds,c04n,5
2026-07-30 05:15:00,0.0,26.5,27.5,90,5.9,-14.0,0,0,0.0,Overcast clouds,c04n,5
2026-07-30 05:30:00,0.0,26.7,27.7,89,6.2,-10.9,0,0,0.0,Overcast clouds,c04n,5
2026-07-30 05:45:00,0.0,26.8,30.1,88,6.5,-7.8,0,0,0.0,Overcast clouds,c04n,5
2026-07-30 06:00:00,0.0,27.0,30.5,88,6.8,-4.7,0,0,0.0,Overcast clouds,c04n,6
2026-07-30 06:15:00,0.67,26.9,30.3,88,6.6,-1.4,25,12,0.0,Overcast clouds,c04n,6
2026-07-30 06:30:00,2.1,26.9,30.2,89,6.4,1.8,49,23,0.7,Overcast clouds,c04n,6
2026-07-30 06:45:00,4.47,26.8,30.1,90,6.2,5.1,74,35,0.7,Overcast clouds,c04d,6
2026-07-30 07:00:00,7.22,26.7,29.9,90,6.0,8.4,98,46,0.7,Overcast clouds,c04d,7
2026-07-30 07:15:00,7.47,26.7,29.9,90,6.1,11.7,154,54,0.7,Overcast clouds,c04d,7
2026-07-30 07:30:00,20.09,26.7,29.9,90,6.2,15.1,210,62,0.7,Overcast clouds,c04d,7
2026-07-30 07:45:00,30.8,26.7,29.9,90,6.3,18.4,267,70,0.8,Overcast clouds,c04d,7
2026-07-30 08:00:00,37.08,26.7,29.9,90,6.4,21.8,323,78,0.9,Overcast clouds,c04d,8
2026-07-30 08:15:00,48.46,26.6,27.7,91,6.3,25.2,381,83,1.0,Overcast clouds,c04d,8
2026-07-30 08:30:00,50.68,26.5,27.6,92,6.2,28.6,439,88,1.2,Overcast clouds,c04d,8
2026-07-30 08:45:00,50.88,26.4,27.5,93,6.1,32.0,497,93,1.3,Overcast clouds,c04d,8
2026-07-30 09:00:00,52.41,26.3,27.4,94,6.0,35.5,555,98,1.5,Overcast clouds,c04d,9
2026-07-30 09:15:00,136.29,27.0,30.7,91,6.0,38.9,607,101,1.6,Overcast clouds,c04d,9
2026-07-30 09:30:00,93.24,27.6,32.2,88,6.0,42.4,658,104,1.8,Overcast clouds,c04d,9
2026-07-30 09:45:00,41.53,28.3,33.6,85,6.0,45.8,710,108,1.9,Overcast clouds,c04d,9
2026-07-30 10:00:00,174.81,28.9,34.9,82,6.0,49.3,762,111,2.1,Overcast clouds,c04d,10
2026-07-30 10:15:00,126.37,29.0,35.0,81,6.1,52.7,802,113,2.3,Overcast clouds,c04d,10
2026-07-30 10:30:00,124.33,29.1,35.0,80,6.2,56.2,842,115,2.5,Drizzle,d02d,10
2026-07-30 10:45:00,84.84,29.2,34.8,78,6.3,59.6,882,117,2.8,Overcast clouds,c04d,10
2026-07-30 11:00:00,96.37,29.3,34.9,77,6.4,63.1,922,120,3.0,Overcast clouds,c04d,11
2026-07-30 11:15:00,68.84,29.2,34.8,78,6.4,66.5,947,121,3.3,Drizzle,d02d,11
2026-07-30 11:30:00,3.97,29.1,34.6,78,6.4,69.9,971,122,3.5,Light rain,r01d,11
2026-07-30 11:45:00,3.96,29.0,34.5,79,6.4,73.3,996,123,3.8,Drizzle,d02d,11
2026-07-30 12:00:00,3.96,28.9,34.5,80,6.4,76.8,1021,124,4.0,Drizzle,d02d,12
2026-07-30 12:15:00,4.04,29.2,34.8,78,6.5,78.9,1028,125,4.0,Drizzle,d02d,12
2026-07-30 12:30:00,4.03,29.5,35.3,77,6.6,81.1,1035,125,4.0,Drizzle,d02d,12
2026-07-30 12:45:00,4.03,29.7,35.8,76,6.7,83.3,1042,125,3.8,Thunderstorm with drizzle,t04d,12
2026-07-30 13:00:00,37.33,30.0,36.0,74,6.8,85.5,1050,126,3.8,Thunderstorm with drizzle,t04d,13
2026-07-30 13:15:00,20.93,29.6,35.5,76,7.2,82.6,1039,125,3.7,Thunderstorm with drizzle,t04d,13
2026-07-30 13:30:00,3.98,29.3,34.8,77,7.6,79.7,1028,125,3.8,Drizzle,d02d,13
2026-07-30 13:45:00,103.86,28.9,34.0,78,8.0,76.8,1017,124,3.7,Light rain,r01d,13
2026-07-30 14:00:00,66.19,28.5,33.4,80,8.4,73.9,1006,124,3.6,Light rain,r01d,14
2026-07-30 14:15:00,49.69,28.4,33.1,80,8.2,70.5,978,122,3.4,Moderate rain,r02d,14
2026-07-30 14:30:00,26.96,28.3,33.0,81,8.0,67.1,949,121,3.2,Thunderstorm with rain,t02d,14
2026-07-30 14:45:00,33.4,28.2,32.9,82,7.8,63.6,921,120,3.1,Thunderstorm with rain,t02d,14
2026-07-30 15:00:00,15.4,28.1,32.7,82,7.6,60.2,893,118,2.9,Thunderstorm with rain,t02d,15
2026-07-30 15:15:00,17.42,27.8,32.1,83,7.9,56.7,850,116,2.6,Thunderstorm with light rain,t01d,15
2026-07-30 15:30:00,17.34,27.6,31.5,84,8.2,53.3,807,113,2.4,Thunderstorm with light rain,t01d,15
2026-07-30 15:45:00,16.59,27.3,30.9,85,8.5,49.8,764,111,2.1,Thunderstorm with light rain,t01d,15
2026-07-30 16:00:00,15.98,27.0,30.3,86,8.8,46.3,721,109,1.9,Thunderstorm with light rain,t01d,16
2026-07-30 16:15:00,14.33,27.0,30.3,86,8.6,42.9,668,105,1.7,Thunderstorm with light rain,t01d,16
2026-07-30 16:30:00,6.17,27.0,30.4,87,8.4,39.5,614,102,1.5,Thunderstorm with light rain,t01d,16
2026-07-30 16:45:00,13.54,27.0,30.5,88,8.2,36.0,561,98,1.3,Thunderstorm with light rain,t01d,16
2026-07-30 17:00:00,13.72,27.0,30.5,88,8.0,32.6,507,94,1.2,Thunderstorm with light rain,t01d,17
2026-07-30 17:15:00,15.73,26.6,27.6,90,7.9,29.2,449,89,1.0,Thunderstorm with light rain,t01d,17
2026-07-30 17:30:00,10.66,26.1,27.2,92,7.8,25.7,390,84,0.9,Thunderstorm with light rain,t01d,17
2026-07-30 17:45:00,17.23,25.7,26.7,94,7.7,22.3,332,78,0.8,Thunderstorm with drizzle,t04d,17
2026-07-30 18:00:00,15.86,25.2,26.3,96,7.6,18.9,273,73,0.8,Thunderstorm with drizzle,t04d,18
2026-07-30 18:15:00,12.53,25.3,26.4,96,7.7,15.6,219,64,0.7,Overcast clouds,c04d,18
2026-07-30 18:30:00,8.12,25.4,26.5,95,7.8,12.2,165,54,0.7,Overcast clouds,c04d,18
2026-07-30 18:45:00,4.09,25.5,26.6,94,7.9,8.9,111,45,0.7,Overcast clouds,c04d,18
2026-07-30 19:00:00,3.1,25.6,26.7,94,8.0,5.6,57,36,0.6,Overcast clouds,c04d,19
2026-07-30 19:15:00,1.54,25.7,26.8,94,8.0,2.3,43,27,0.6,Overcast clouds,c04n,19
2026-07-30 19:30:00,0.19,25.8,26.8,93,8.0,-0.9,29,18,0.0,Overcast clouds,c04n,19
2026-07-30 19:45:00,0.0,25.8,26.9,92,8.0,-4.2,14,9,0.0,Overcast clouds,c04n,19
2026-07-30 20:00:00,0.0,25.9,26.9,92,8.0,-7.4,0,0,0.0,Overcast clouds,c04n,20
2026-07-30 20:15:00,0.0,25.9,26.9,92,7.8,-10.5,0,0,0.0,Overcast clouds,c04n,20
2026-07-30 20:30:00,0.0,25.9,26.9,92,7.6,-13.6,0,0,0.0,Overcast clouds,c04n,20
2026-07-30 20:45:00,0.0,25.9,26.9,92,7.4,-16.7,0,0,0.0,Overcast clouds,c04n,20
2026-07-30 21:00:00,0.0,25.9,26.9,92,7.2,-19.8,0,0,0.0,Overcast clouds,c04n,21
2026-07-30 21:15:00,0.0,25.9,26.9,92,6.9,-22.6,0,0,0.0,Overcast clouds,c04n,21
2026-07-30 21:30:00,0.0,25.9,26.9,92,6.6,-25.4,0,0,0.0,Overcast clouds,c04n,21
2026-07-30 21:45:00,0.0,25.9,26.9,92,6.3,-28.2,0,0,0.0,Overcast clouds,c04n,21
2026-07-30 22:00:00,0.0,25.9,26.9,92,6.0,-31.1,0,0,0.0,Overcast clouds,c04n,22
2026-07-30 22:15:00,0.0,25.9,26.9,92,5.8,-33.4,0,0,0.0,Overcast clouds,c04n,22
2026-07-30 22:30:00,0.0,25.9,27.0,93,5.6,-35.8,0,0,0.0,Overcast clouds,c04n,22
2026-07-30 22:45:00,0.01,25.9,27.0,94,5.4,-38.2,0,0,0.0,Overcast clouds,c04n,22
2026-07-30 23:00:00,0.0,25.9,27.0,94,5.2,-40.6,0,0,0.0,Overcast clouds,c04n,23
2026-07-30 23:15:00,0.0,25.9,27.0,94,5.2,-42.2,0,0,0.0,Drizzle,d02n,23
2026-07-30 23:30:00,0.01,25.9,27.0,94,5.2,-43.8,0,0,0.0,Light rain,r01n,23
2026-07-30 23:45:00,0.01,25.9,27.0,94,5.2,-45.4,0,0,0.0,Drizzle,d02n,23
2026-07-31 00:00:00,0.0,25.9,27.0,94,5.2,-47.1,0,0,0.0,Overcast clouds,c04n,0
2026-07-31 00:15:00,0.0,25.8,26.9,94,5.1,-47.6,0,0,0.0,Overcast clouds,c04n,0
2026-07-31 00:30:00,0.0,25.8,26.9,95,5.0,-48.1,0,0,0.0,Overcast clouds,c04n,0
2026-07-31 00:45:00,0.0,25.7,26.8,96,4.9,-48.6,0,0,0.0,Overcast clouds,c04n,0
2026-07-31 01:00:00,0.01,25.6,26.7,96,4.8,-49.1,0,0,0.0,Overcast clouds,c04n,1
2026-07-31 01:15:00,0.0,25.7,26.8,96,5.1,-48.3,0,0,0.0,Overcast clouds,c04n,1
2026-07-31 01:30:00,0.01,25.8,26.9,95,5.4,-47.6,0,0,0.0,Overcast clouds,c04n,1
2026-07-31 01:45:00,0.0,25.8,26.9,94,5.7,-46.8,0,0,0.0,Overcast clouds,c04n,1
2026-07-31 02:00:00,0.0,25.9,27.0,94,6.0,-46.0,0,0,0.0,Overcast clouds,c04n,2
2026-07-31 02:15:00,0.0,25.8,26.9,94,5.9,-44.2,0,0,0.0,Overcast clouds,c04n,2
2026-07-31 02:30:00,0.0,25.8,26.9,95,5.8,-42.4,0,0,0.0,Overcast clouds,c04n,2
2026-07-31 02:45:00,0.0,25.7,26.8,96,5.7,-40.6,0,0,0.0,Overcast clouds,c04n,2
2026-07-31 03:00:00,0.0,25.6,26.7,96,5.6,-38.8,0,0,0.0,Overcast clouds,c04n,3
2026-07-31 03:15:00,0.0,25.6,26.7,96,5.6,-36.3,0,0,0.0,Overcast clouds,c04n,3
2026-07-31 03:30:00,0.0,25.6,26.7,95,5.6,-33.8,0,0,0.0,Overcast clouds,c04n,3
2026-07-31 03:45:00,0.0,25.6,26.7,94,5.6,-31.3,0,0,0.0,Overcast clouds,c04n,3
2026-07-31 04:00:00,0.0,25.6,26.7,94,5.6,-28.8,0,0,0.0,Overcast clouds,c04n,4
2026-07-31 04:15:00,0.0,25.6,26.7,94,5.5,-26.0,0,0,0.0,Overcast clouds,c04n,4
2026-07-31 04:30:00,0.0,25.6,26.7,94,5.4,-23.1,0,0,0.0,Overcast clouds,c04n,4
2026-07-31 04:45:00,0.0,25.6,26.7,94,5.3,-20.2,0,0,0.0,Overcast clouds,c04n,4
2026-07-31 05:00:00,0.0,25.6,26.7,94,5.2,-17.3,0,0,0.0,Overcast clouds,c04n,5
2026-07-31 05:15:00,0.0,25.8,26.9,94,5.2,-14.2,0,0,0.0,Overcast clouds,c04n,5
2026-07-31 05:30:00,0.0,26.0,27.0,93,5.2,-11.0,0,0,0.0,Overcast clouds,c04n,5
2026-07-31 05:45:00,0.0,26.1,27.2,92,5.2,-7.9,0,0,0.0,Overcast clouds,c04n,5
2026-07-31 06:00:00,0.0,26.3,27.4,92,5.2,-4.8,0,0,0.0,Overcast clouds,c04n,6
2026-07-31 06:15:00,0.05,26.2,27.3,92,5.2,-1.5,24,11,0.0,Overcast clouds,c04n,6
2026-07-31 06:30:00,1.12,26.1,27.2,93,5.2,1.8,48,23,0.6,Overcast clouds,c04n,6
2026-07-31 06:45:00,4.7,26.0,27.1,94,5.2,5.0,73,34,0.6,Overcast clouds,c04d,6
2026-07-31 07:00:00,6.77,25.9,27.0,94,5.2,8.3,97,46,0.6,Overcast clouds,c04d,7
2026-07-31 07:15:00,8.42,25.9,27.0,94,5.4,11.7,153,54,0.7,Overcast clouds,c04d,7
2026-07-31 07:30:00,16.42,25.9,27.0,94,5.6,15.0,209,62,0.7,Overcast clouds,c04d,7
2026-07-31 07:45:00,18.86,25.9,27.0,94,5.8,18.4,266,70,0.8,Overcast clouds,c04d,7
2026-07-31 08:00:00,18.64,25.9,27.0,94,6.0,21.7,322,78,0.8,Overcast clouds,c04d,8
2026-07-31 08:15:00,27.06,25.8,26.9,94,6.0,25.1,380,83,0.9,Overcast clouds,c04d,8
2026-07-31 08:30:00,74.63,25.8,26.9,95,6.0,28.6,438,88,1.0,Overcast clouds,c04d,8
2026-07-31 08:45:00,36.46,25.7,26.8,96,6.0,32.0,496,93,1.2,Overcast clouds,c04d,8
2026-07-31 09:00:00,56.21,25.6,26.7,96,6.0,35.4,554,98,1.3,Overcast clouds,c04d,9
2026-07-31 09:15:00,88.99,25.9,27.0,95,5.9,38.9,606,101,1.5,Overcast clouds,c04d,9
2026-07-31 09:30:00,118.22,26.2,27.3,94,5.8,42.3,658,104,1.7,Overcast clouds,c04d,9
2026-07-31 09:45:00,118.63,26.4,27.6,93,5.7,45.8,709,108,1.9,Overcast clouds,c04d,9
2026-07-31 10:00:00,99.5,26.7,30.1,92,5.6,49.2,761,111,2.1,Overcast clouds,c04d,10
2026-07-31 10:15:00,122.81,26.9,30.6,92,5.5,52.7,801,113,2.3,Overcast clouds,c04d,10
2026-07-31 10:30:00,114.1,27.1,31.0,91,5.4,56.1,841,115,2.6,Overcast clouds,c04d,10
2026-07-31 10:45:00,117.83,27.2,31.4,90,5.3,59.6,882,117,2.8,Overcast clouds,c04d,10
2026-07-31 11:00:00,239.01,27.4,31.9,90,5.2,63.0,922,120,3.1,Overcast clouds,c04d,11
2026-07-31 11:15:00,101.2,27.6,32.3,89,5.4,66.4,946,121,3.2,Overcast clouds,c04d,11
2026-07-31 11:30:00,22.06,27.8,32.7,88,5.6,69.9,971,122,3.4,Overcast clouds,c04d,11
2026-07-31 11:45:00,3.96,27.9,33.0,87,5.8,73.3,996,123,3.5,Overcast clouds,c04d,11
2026-07-31 12:00:00,3.93,28.1,33.4,86,6.0,76.7,1021,124,3.6,Overcast clouds,c04d,12
2026-07-31 12:15:00,4.0,28.4,33.9,84,6.2,78.8,1028,125,3.7,Overcast clouds,c04d,12
2026-07-31 12:30:00,4.0,28.7,34.5,83,6.4,81.0,1035,125,3.8,Thunderstorm with drizzle,t04d,12
2026-07-31 12:45:00,3.98,29.0,35.2,82,6.6,83.2,1042,125,3.9,Thunderstorm with light rain,t01d,12
2026-07-31 13:00:00,3.91,29.3,35.6,80,6.8,85.3,1050,126,4.1,Thunderstorm with rain,t02d,13
2026-07-31 13:15:00,10.33,29.1,35.0,80,7.1,82.4,1038,125,4.0,Thunderstorm with rain,t02d,13
2026-07-31 13:30:00,0.0,28.9,34.5,80,7.4,79.6,1027,125,3.9,Thunderstorm with rain,t02d,13
2026-07-31 13:45:00,16.96,28.7,33.7,79,7.7,76.7,1016,124,3.9,Thunderstorm with rain,t02d,13
2026-07-31 14:00:00,23.44,28.5,33.2,79,8.0,73.8,1005,124,3.8,Thunderstorm with rain,t02d,14
2026-07-31 14:15:00,16.71,28.5,33.2,79,7.8,70.4,977,122,3.5,Thunderstorm with light rain,t01d,14
2026-07-31 14:30:00,29.96,28.5,33.4,80,7.6,67.0,949,121,3.3,Thunderstorm with light rain,t01d,14
2026-07-31 14:45:00,34.17,28.5,33.4,80,7.4,63.5,921,119,3.0,Thunderstorm with light rain,t01d,14
2026-07-31 15:00:00,38.2,28.5,33.4,80,7.2,60.1,892,118,2.8,Thunderstorm with light rain,t01d,15
2026-07-31 15:15:00,19.3,28.6,33.7,80,7.4,56.7,850,116,2.6,Light rain,r01d,15
2026-07-31 15:30:00,10.47,28.7,33.9,80,7.6,53.2,807,113,2.3,Light rain,r01d,15
2026-07-31 15:45:00,3.92,28.8,34.0,79,7.8,49.7,764,111,2.1,Light rain,r01d,15
2026-07-31 16:00:00,3.98,28.9,34.3,79,8.0,46.3,721,109,1.9,Drizzle,d02d,16
2026-07-31 16:15:00,3.93,29.0,34.5,79,7.5,42.8,667,105,1.7,Drizzle,d02d,16
2026-07-31 16:30:00,3.96,29.1,35.0,80,7.0,39.4,613,101,1.5,Drizzle,d02d,16
2026-07-31 16:45:00,18.06,29.2,35.3,80,6.5,35.9,560,98,1.4,Overcast clouds,c04d,16
2026-07-31 17:00:00,21.06,29.3,35.6,80,6.0,32.5,506,94,1.2,Overcast clouds,c04d,17
2026-07-31 17:15:00,71.55,28.7,34.2,82,6.2,29.1,447,89,1.1,Overcast clouds,c04d,17
2026-07-31 17:30:00,60.62,28.0,32.7,84,6.4,25.7,389,83,1.0,Overcast clouds,c04d,17
2026-07-31 17:45:00,51.56,27.4,31.2,86,6.6,22.3,330,78,0.9,Overcast clouds,c04d,17
2026-07-31 18:00:00,37.99,26.7,29.7,88,6.8,18.8,272,73,0.9,Overcast clouds,c04d,18
2026-07-31 18:15:00,29.08,26.7,29.7,88,6.5,15.5,218,63,0.8,Overcast clouds,c04d,18
2026-07-31 18:30:00,21.65,26.7,29.8,89,6.2,12.2,164,54,0.7,Overcast clouds,c04d,18
2026-07-31 18:45:00,14.79,26.7,29.9,90,5.9,8.8,110,45,0.7,Overcast clouds,c04d,18
2026-07-31 19:00:00,9.92,26.7,29.9,90,5.6,5.5,56,35,0.6,Overcast clouds,c04d,19
2026-07-31 19:15:00,0.0,26.7,29.9,90,5.3,2.2,42,27,0.6,Overcast clouds,c04n,19
2026-07-31 19:30:00,0.02,26.7,29.8,89,5.0,-1.0,28,18,0.0,Overcast clouds,c04n,19
2026-07-31 19:45:00,0.01,26.7,29.7,88,4.7,-4.3,14,9,0.0,Overcast clouds,c04n,19
2026-07-31 20:00:00,0.0,26.7,29.7,88,4.4,-7.5,0,0,0.0,Overcast clouds,c04n,20
2026-07-31 20:15:00,0.0,26.6,27.6,89,4.1,-10.6,0,0,0.0,Overcast clouds,c04n,20
2026-07-31 20:30:00,0.0,26.5,27.6,90,3.8,-13.7,0,0,0.0,Overcast clouds,c04n,20
2026-07-31 20:45:00,0.0,26.4,27.5,91,3.5,-16.8,0,0,0.0,Overcast clouds,c04n,20
2026-07-31 21:00:00,0.0,26.3,27.4,92,3.2,-19.9,0,0,0.0,Overcast clouds,c04n,21
2026-07-31 21:15:00,0.0,26.2,27.3,92,3.4,-22.7,0,0,0.0,Overcast clouds,c04n,21
2026-07-31 21:30:00,0.0,26.1,27.2,93,3.6,-25.6,0,0,0.0,Overcast clouds,c04n,21
2026-07-31 21:45:00,0.0,26.0,27.1,94,3.8,-28.4,0,0,0.0,Drizzle,d02n,21
2026-07-31 22:00:00,0.0,25.9,27.0,94,4.0,-31.2,0,0,0.0,Light rain,r01n,22
2026-07-31 22:15:00,0.0,25.8,26.9,94,4.0,-33.6,0,0,0.0,Drizzle,d02n,22
2026-07-31 22:30:00,0.0,25.8,26.8,94,4.0,-36.0,0,0,0.0,Drizzle,d02n,22
2026-07-31 22:45:00,0.0,25.7,26.8,94,4.0,-38.4,0,0,0.0,Overcast clouds,c04n,22
2026-07-31 23:00:00,0.0,25.6,26.7,94,4.0,-40.8,0,0,0.0,Overcast clouds,c04n,23
2026-07-31 23:15:00,0.0,25.6,26.7,94,4.0,-42.4,0,0,0.0,Overcast clouds,c04n,23
2026-07-31 23:30:00,0.0,25.6,26.7,94,4.0,-44.0,0,0,0.0,Overcast clouds,c04n,23
2026-07-31 23:45:00,0.0,25.6,26.7,94,4.0,-45.7,0,0,0.0,Overcast clouds,c04n,23
2026-08-01 00:00:00,0.0,25.6,26.7,94,4.0,-47.3,0,0,0.0,Overcast clouds,c04n,0
2026-08-01 00:15:00,0.0,25.6,26.7,94,3.9,-47.8,0,0,0.0,Overcast clouds,c04n,0
2026-08-01 00:30:00,0.0,25.6,26.7,94,3.8,-48.3,0,0,0.0,Overcast clouds,c04n,0
2026-08-01 00:45:00,0.0,25.6,26.7,94,3.7,-48.8,0,0,0.0,Overcast clouds,c04n,0
2026-08-01 01:00:00,0.0,25.6,26.7,94,3.6,-49.3,0,0,0.0,Overcast clouds,c04n,1
2026-08-01 01:15:00,0.0,25.6,26.7,94,3.6,-48.6,0,0,0.0,Overcast clouds,c04n,1
2026-08-01 01:30:00,0.0,25.6,26.7,94,3.6,-47.8,0,0,0.0,Overcast clouds,c04n,1
2026-08-01 01:45:00,0.01,25.6,26.7,94,3.6,-47.0,0,0,0.0,Overcast clouds,c04n,1
2026-08-01 02:00:00,0.0,25.6,26.7,94,3.6,-46.3,0,0,0.0,Overcast clouds,c04n,2
2026-08-01 02:15:00,0.0,25.6,26.7,94,3.7,-44.4,0,0,0.0,Overcast clouds,c04n,2
2026-08-01 02:30:00,0.0,25.6,26.7,94,3.8,-42.6,0,0,0.0,Overcast clouds,c04n,2
2026-08-01 02:45:00,0.0,25.6,26.7,94,3.9,-40.8,0,0,0.0,Overcast clouds,c04n,2
2026-08-01 03:00:00,0.0,25.6,26.7,94,4.0,-39.0,0,0,0.0,Overcast clouds,c04n,3
2026-08-01 03:15:00,0.0,25.5,26.6,94,4.2,-36.5,0,0,0.0,Overcast clouds,c04n,3
2026-08-01 03:30:00,0.0,25.4,26.5,95,4.4,-34.0,0,0,0.0,Overcast clouds,c04n,3
2026-08-01 03:45:00,0.01,25.3,26.4,96,4.6,-31.5,0,0,0.0,Overcast clouds,c04n,3
2026-08-01 04:00:00,0.0,25.2,26.3,96,4.8,-29.0,0,0,0.0,Overcast clouds,c04n,4
2026-08-01 04:15:00,0.0,25.2,26.3,96,4.6,-26.1,0,0,0.0,Overcast clouds,c04n,4
2026-08-01 04:30:00,0.0,25.2,26.3,96,4.4,-23.2,0,0,0.0,Overcast clouds,c04n,4
2026-08-01 04:45:00,0.0,25.2,26.3,96,4.2,-20.3,0,0,0.0,Overcast clouds,c04n,4
2026-08-01 05:00:00,0.0,25.2,26.3,96,4.0,-17.4,0,0,0.0,Overcast clouds,c04n,5
2026-08-01 05:15:00,0.0,25.5,26.6,95,3.8,-14.3,0,0,0.0,Overcast clouds,c04n,5
2026-08-01 05:30:00,0.0,25.8,26.8,94,3.6,-11.1,0,0,0.0,Overcast clouds,c04n,5
2026-08-01 05:45:00,0.0,26.0,27.1,93,3.4,-8.0,0,0,0.0,Overcast clouds,c04n,5
2026-08-01 06:00:00,0.01,26.3,27.4,92,3.2,-4.9,0,0,0.0,Overcast clouds,c04n,6
2026-08-01 06:15:00,0.04,26.3,27.4,92,3.2,-1.6,24,11,0.0,Overcast clouds,c04n,6
2026-08-01 06:30:00,1.08,26.3,27.4,92,3.2,1.7,48,23,0.7,Overcast clouds,c04n,6
2026-08-01 06:45:00,3.01,26.3,27.4,92,3.2,4.9,72,34,0.7,Overcast clouds,c04d,6
2026-08-01 07:00:00,9.21,26.3,27.4,92,3.2,8.2,96,46,0.7,Overcast clouds,c04d,7
2026-08-01 07:15:00,23.2,26.3,27.4,92,3.5,11.6,152,54,0.7,Overcast clouds,c04d,7
2026-08-01 07:30:00,32.15,26.3,27.4,93,3.8,14.9,208,62,0.8,Overcast clouds,c04d,7
2026-08-01 07:45:00,43.0,26.3,27.4,94,4.1,18.3,265,70,0.8,Overcast clouds,c04d,7
2026-08-01 08:00:00,50.08,26.3,27.4,94,4.4,21.7,321,78,0.9,Overcast clouds,c04d,8
2026-08-01 08:15:00,55.67,26.4,27.5,94,4.4,25.1,379,83,1.0,Overcast clouds,c04d,8
2026-08-01 08:30:00,59.47,26.5,27.6,93,4.4,28.5,437,88,1.1,Overcast clouds,c04d,8
2026-08-01 08:45:00,47.44,26.6,27.7,92,4.4,31.9,495,93,1.3,Overcast clouds,c04d,8
2026-08-01 09:00:00,99.6,26.7,30.1,92,4.4,35.4,553,98,1.4,Overcast clouds,c04d,9
2026-08-01 09:15:00,88.27,27.4,31.6,89,4.5,38.8,605,101,1.6,Overcast clouds,c04d,9
2026-08-01 09:30:00,97.46,28.0,33.1,86,4.6,42.3,657,104,1.8,Overcast clouds,c04d,9
2026-08-01 09:45:00,93.16,28.7,34.4,83,4.7,45.7,709,108,2.1,Overcast clouds,c04d,9
2026-08-01 10:00:00,81.22,29.3,35.6,80,4.8,49.2,761,111,2.3,Overcast clouds,c04d,10
2026-08-01 10:15:00,119.58,29.6,35.9,78,4.9,52.6,801,113,2.6,Overcast clouds,c04d,10
2026-08-01 10:30:00,26.09,29.9,36.4,77,5.0,56.1,841,115,2.8,Overcast clouds,c04d,10
2026-08-01 10:45:00,105.83,30.1,36.9,76,5.1,59.5,881,117,3.1,Overcast clouds,c04d,10
2026-08-01 11:00:00,147.1,30.4,37.1,74,5.2,63.0,921,120,3.4,Overcast clouds,c04d,11
2026-08-01 11:15:00,109.59,30.4,36.8,73,5.1,66.4,946,121,3.5,Overcast clouds,c04d,11
2026-08-01 11:30:00,36.5,30.4,36.6,72,5.0,69.8,971,122,3.7,Overcast clouds,c04d,11
2026-08-01 11:45:00,88.02,30.4,36.6,72,4.9,73.2,996,123,3.7,Overcast clouds,c04d,11
2026-08-01 12:00:00,2.63,30.4,36.3,71,4.8,76.6,1021,124,3.8,Overcast clouds,c04d,12
2026-08-01 12:15:00,2.62,30.5,36.2,70,4.9,78.7,1028,125,3.7,Overcast clouds,c04d,12
2026-08-01 12:30:00,2.62,30.6,36.4,70,5.0,80.8,1035,125,3.8,Overcast clouds,c04d,12
2026-08-01 12:45:00,2.63,30.6,36.3,69,5.1,82.9,1042,125,3.8,Overcast clouds,c04d,12
2026-08-01 13:00:00,18.09,30.7,36.2,68,5.2,85.1,1049,126,3.8,Drizzle,d02d,13
2026-08-01 13:15:00,21.32,30.6,36.3,69,5.7,82.2,1038,125,3.8,Light rain,r01d,13
2026-08-01 13:30:00,7.4,30.6,36.4,70,6.2,79.4,1027,125,3.8,Light rain,r01d,13
2026-08-01 13:45:00,3.98,30.5,36.2,70,6.7,76.6,1016,124,3.8,Light rain,r01d,13
2026-08-01 14:00:00,3.95,30.4,36.3,71,7.2,73.7,1005,124,3.8,Light rain,r01d,14
2026-08-01 14:15:00,3.93,30.4,36.6,72,6.8,70.3,977,122,3.7,Light rain,r01d,14
2026-08-01 14:30:00,3.95,30.4,36.6,72,6.4,66.9,949,121,3.6,Light rain,r01d,14
2026-08-01 14:45:00,36.59,30.4,36.8,73,6.0,63.5,920,119,3.4,Light rain,r01d,14
2026-08-01 15:00:00,2.64,30.4,37.1,74,5.6,60.0,892,118,3.3,Light rain,r01d,15
2026-08-01 15:15:00,5.34,30.6,37.6,74,5.9,56.6,849,116,3.0,Light rain,r01d,15
2026-08-01 15:30:00,3.89,30.8,38.1,74,6.2,53.1,806,113,2.7,Light rain,r01d,15
2026-08-01 15:45:00,42.75,30.9,38.6,74,6.5,49.7,763,111,2.4,Drizzle,d02d,15
2026-08-01 16:00:00,42.75,31.1,39.1,74,6.8,46.2,720,109,2.1,Drizzle,d02d,16
2026-08-01 16:15:00,42.7,31.0,38.8,74,6.6,42.7,666,105,1.8,Drizzle,d02d,16
2026-08-01 16:30:00,3.97,30.9,38.6,74,6.4,39.3,612,101,1.6,Drizzle,d02d,16
2026-08-01 16:45:00,3.95,30.8,38.3,74,6.2,35.8,559,98,1.4,Overcast clouds,c04d,16
2026-08-01 17:00:00,3.99,30.7,38.0,74,6.0,32.4,505,94,1.2,Overcast clouds,c04d,17
2026-08-01 17:15:00,3.95,30.1,36.7,76,5.6,29.0,446,89,1.1,Overcast clouds,c04d,17
2026-08-01 17:30:00,3.94,29.4,35.6,79,5.2,25.6,388,83,1.1,Overcast clouds,c04d,17
2026-08-01 17:45:00,4.03,28.8,34.5,82,4.8,22.2,329,78,1.0,Overcast clouds,c04d,17
2026-08-01 18:00:00,3.93,28.1,33.0,84,4.4,18.8,270,72,1.0,Overcast clouds,c04d,18
2026-08-01 18:15:00,0.01,28.1,33.0,84,4.2,15.4,216,63,0.9,Overcast clouds,c04d,18
2026-08-01 18:30:00,0.01,28.1,33.0,84,4.0,12.1,162,54,0.9,Overcast clouds,c04d,18
2026-08-01 18:45:00,0.0,28.1,33.0,84,3.8,8.7,108,44,0.8,Overcast clouds,c04d,18
2026-08-01 19:00:00,6.12,28.1,33.0,84,3.6,5.4,54,35,0.8,Overcast clouds,c04d,19
2026-08-01 19:15:00,3.11,28.1,33.0,84,3.8,2.1,41,26,0.8,Overcast clouds,c04n,19
2026-08-01 19:30:00,0.54,28.1,33.0,84,4.0,-1.2,27,18,0.0,Overcast clouds,c04n,19
2026-08-01 19:45:00,0.02,28.1,33.0,84,4.2,-4.4,14,9,0.0,Overcast clouds,c04n,19
2026-08-01 20:00:00,0.0,28.1,33.0,84,4.4,-7.7,0,0,0.0,Overcast clouds,c04n,20
2026-08-01 20:15:00,0.0,28.1,33.0,84,4.3,-10.8,0,0,0.0,Overcast clouds,c04n,20
2026-08-01 20:30:00,0.0,28.1,33.0,84,4.2,-13.9,0,0,0.0,Overcast clouds,c04n,20
2026-08-01 20:45:00,0.0,28.1,33.0,84,4.1,-17.0,0,0,0.0,Overcast clouds,c04n,20
2026-08-01 21:00:00,0.0,28.1,33.0,84,4.0,-20.1,0,0,0.0,Overcast clouds,c04n,21
2026-08-01 21:15:00,0.0,27.8,32.4,85,4.0,-22.9,0,0,0.0,Overcast clouds,c04n,21
2026-08-01 21:30:00,0.0,27.6,31.8,86,4.0,-25.7,0,0,0.0,Overcast clouds,c04n,21
2026-08-01 21:45:00,0.0,27.3,31.2,87,4.0,-28.6,0,0,0.0,Overcast clouds,c04n,21
2026-08-01 22:00:00,0.0,27.0,30.5,88,4.0,-31.4,0,0,0.0,Overcast clouds,c04n,22
2026-08-01 22:15:00,0.0,26.9,30.3,88,3.9,-33.8,0,0,0.0,Overcast clouds,c04n,22
2026-08-01 22:30:00,0.0,26.9,30.2,89,3.8,-36.2,0,0,0.0,Overcast clouds,c04n,22
2026-08-01 22:45:00,0.0,26.8,30.1,90,3.7,-38.6,0,0,0.0,Overcast clouds,c04n,22
2026-08-01 23:00:00,0.0,26.7,29.9,90,3.6,-41.0,0,0,0.0,Overcast clouds,c04n,23
2026-08-01 23:15:00,0.0,26.7,29.9,90,3.5,-42.6,0,0,0.0,Overcast clouds,c04n,23
2026-08-01 23:30:00,0.0,26.7,30.0,91,3.4,-44.3,0,0,0.0,Overcast clouds,c04n,23
2026-08-01 23:45:00,0.0,26.7,30.1,92,3.3,-45.9,0,0,0.0,Overcast clouds,c04n,23
2026-08-02 00:00:00,0.0,26.7,30.1,92,3.2,-47.5,0,0,0.0,Overcast clouds,c04n,0
2026-08-02 00:15:00,0.0,26.5,27.6,92,3.2,-48.1,0,0,0.0,Overcast clouds,c04n,0
2026-08-02 00:30:00,0.0,26.3,27.4,93,3.2,-48.6,0,0,0.0,Overcast clouds,c04n,0
2026-08-02 00:45:00,0.0,26.1,27.2,94,3.2,-49.1,0,0,0.0,Overcast clouds,c04n,0
2026-08-02 01:00:00,0.0,25.9,27.0,94,3.2,-49.6,0,0,0.0,Overcast clouds,c04n,1
2026-08-02 01:15:00,0.0,25.8,26.9,94,3.2,-48.8,0,0,0.0,Overcast clouds,c04n,1
2026-08-02 01:30:00,0.0,25.8,26.9,95,3.2,-48.0,0,0,0.0,Overcast clouds,c04n,1
2026-08-02 01:45:00,0.0,25.7,26.8,96,3.2,-47.3,0,0,0.0,Overcast clouds,c04n,1
2026-08-02 02:00:00,0.0,25.6,26.7,96,3.2,-46.5,0,0,0.0,Overcast clouds,c04n,2
2026-08-02 02:15:00,0.0,25.6,26.7,96,3.2,-44.7,0,0,0.0,Overcast clouds,c04n,2
2026-08-02 02:30:00,0.0,25.6,26.7,96,3.2,-42.8,0,0,0.0,Overcast clouds,c04n,2
2026-08-02 02:45:00,0.0,25.6,26.7,96,3.2,-41.0,0,0,0.0,Overcast clouds,c04n,2
2026-08-02 03:00:00,0.0,25.6,26.7,96,3.2,-39.2,0,0,0.0,Overcast clouds,c04n,3
2026-08-02 03:15:00,0.0,25.6,26.7,96,3.0,-36.7,0,0,0.0,Overcast clouds,c04n,3
2026-08-02 03:30:00,0.0,25.6,26.7,96,2.8,-34.2,0,0,0.0,Overcast clouds,c04n,3
2026-08-02 03:45:00,0.01,25.6,26.7,96,2.6,-31.6,0,0,0.0,Overcast clouds,c04n,3
2026-08-02 04:00:00,0.0,25.6,26.7,96,2.4,-29.1,0,0,0.0,Overcast clouds,c04n,4
2026-08-02 04:15:00,0.0,25.6,26.7,96,2.6,-26.2,0,0,0.0,Overcast clouds,c04n,4
2026-08-02 04:30:00,0.0,25.6,26.7,95,2.8,-23.3,0,0,0.0,Overcast clouds,c04n,4
2026-08-02 04:45:00,0.0,25.6,26.7,94,3.0,-20.4,0,0,0.0,Overcast clouds,c04n,4
2026-08-02 05:00:00,0.0,25.6,26.7,94,3.2,-17.5,0,0,0.0,Overcast clouds,c04n,5
2026-08-02 05:15:00,0.0,25.9,27.0,94,3.3,-14.4,0,0,0.0,Overcast clouds,c04n,5
2026-08-02 05:30:00,0.0,26.2,27.3,94,3.4,-11.2,0,0,0.0,Overcast clouds,c04n,5
2026-08-02 05:45:00,0.0,26.4,27.6,94,3.5,-8.1,0,0,0.0,Overcast clouds,c04n,5
2026-08-02 06:00:00,0.0,26.7,30.2,94,3.6,-5.0,0,0,0.0,Overcast clouds,c04n,6
2026-08-02 06:15:00,0.47,26.7,30.2,94,3.6,-1.7,24,11,0.0,Overcast clouds,c04n,6
2026-08-02 06:30:00,3.27,26.7,30.2,94,3.6,1.6,47,23,0.6,Overcast clouds,c04n,6
2026-08-02 06:45:00,10.27,26.7,30.2,94,3.6,4.9,71,34,0.7,Overcast clouds,c04d,6
2026-08-02 07:00:00,19.54,26.7,30.2,94,3.6,8.1,95,45,0.7,Overcast clouds,c04d,7
2026-08-02 07:15:00,19.91,26.8,30.5,94,3.9,11.5,151,54,0.7,Overcast clouds,c04d,7
2026-08-02 07:30:00,29.44,26.9,30.6,93,4.2,14.9,207,62,0.8,Overcast clouds,c04d,7
2026-08-02 07:45:00,42.09,26.9,30.7,92,4.5,18.2,264,70,0.8,Overcast clouds,c04d,7
2026-08-02 08:00:00,52.64,27.0,30.9,92,4.8,21.6,320,78,0.9,Overcast clouds,c04d,8
2026-08-02 08:15:00,75.98,27.1,31.2,92,4.8,25.0,378,83,1.0,Overcast clouds,c04d,8
2026-08-02 08:30:00,115.54,27.2,31.6,92,4.8,28.5,436,88,1.2,Overcast clouds,c04d,8
2026-08-02 08:45:00,119.6,27.3,31.9,92,4.8,31.9,495,93,1.3,Overcast clouds,c04d,8
2026-08-02 09:00:00,121.92,27.4,32.2,92,4.8,35.3,553,98,1.5,Overcast clouds,c04d,9
2026-08-02 09:15:00,125.23,28.2,33.9,88,4.8,38.7,605,101,1.7,Overcast clouds,c04d,9
2026-08-02 09:30:00,119.04,28.9,35.3,84,4.8,42.2,657,104,1.8,Overcast clouds,c04d,9
2026-08-02 09:45:00,123.42,29.7,36.6,80,4.8,45.7,708,108,2.0,Overcast clouds,c04d,9
2026-08-02 10:00:00,47.09,30.4,37.7,76,4.8,49.1,760,111,2.2,Overcast clouds,c04d,10
2026-08-02 10:15:00,92.4,30.6,37.6,74,4.6,52.6,801,113,2.4,Overcast clouds,c04d,10
2026-08-02 10:30:00,230.38,30.8,37.5,72,4.4,56.0,841,115,2.6,Overcast clouds,c04d,10
2026-08-02 10:45:00,160.74,30.9,37.7,71,4.2,59.5,881,117,2.9,Overcast clouds,c04d,10
2026-08-02 11:00:00,237.11,31.1,37.6,69,4.0,62.9,921,120,3.1,Overcast clouds,c04d,11
2026-08-02 11:15:00,165.02,31.1,37.6,69,4.0,66.3,946,121,3.2,Overcast clouds,c04d,11
2026-08-02 11:30:00,69.23,31.1,37.3,68,4.0,69.7,971,122,3.4,Overcast clouds,c04d,11
2026-08-02 11:45:00,0.02,31.1,37.3,68,4.0,73.1,996,123,3.5,Overcast clouds,c04d,11
2026-08-02 12:00:00,104.08,31.1,37.3,68,4.0,76.5,1020,124,3.6,Overcast clouds,c04d,12
2026-08-02 12:15:00,30.83,31.2,37.5,68,3.9,78.6,1028,125,3.7,Overcast clouds,c04d,12
2026-08-02 12:30:00,10.9,31.3,37.5,67,3.8,80.7,1035,125,3.6,Overcast clouds,c04d,12
2026-08-02 12:45:00,3.89,31.4,37.4,66,3.7,82.7,1042,125,3.7,Overcast clouds,c04d,12
2026-08-02 13:00:00,90.34,31.5,37.7,66,3.6,84.8,1049,126,3.7,Overcast clouds,c04d,13
2026-08-02 13:15:00,4.29,31.7,38.1,66,3.9,82.0,1038,125,3.7,Overcast clouds,c04d,13
2026-08-02 13:30:00,4.28,31.9,38.6,66,4.2,79.2,1027,125,3.6,Overcast clouds,c04d,13
2026-08-02 13:45:00,28.88,32.0,38.7,65,4.5,76.4,1016,124,3.5,Overcast clouds,c04d,13
2026-08-02 14:00:00,169.15,32.2,39.2,65,4.8,73.6,1005,124,3.4,Overcast clouds,c04d,14
2026-08-02 14:15:00,146.62,32.3,39.5,65,5.4,70.2,976,122,3.3,Overcast clouds,c04d,14
2026-08-02 14:30:00,62.18,32.4,39.4,64,6.0,66.8,948,121,3.1,Overcast clouds,c04d,14
2026-08-02 14:45:00,3.87,32.5,39.6,64,6.6,63.4,920,119,3.0,Overcast clouds,c04d,14
2026-08-02 15:00:00,102.46,32.6,39.9,64,7.2,60.0,891,118,2.8,Overcast clouds,c04d,15
2026-08-02 15:15:00,102.47,32.6,39.9,64,7.3,56.5,848,116,2.6,Overcast clouds,c04d,15
2026-08-02 15:30:00,38.58,32.6,39.9,64,7.4,53.0,805,113,2.4,Overcast clouds,c04d,15
2026-08-02 15:45:00,3.87,32.6,40.3,65,7.5,49.6,762,111,2.1,Overcast clouds,c04d,15
2026-08-02 16:00:00,3.94,32.6,40.3,65,7.6,46.1,719,109,1.9,Overcast clouds,c04d,16
2026-08-02 16:15:00,3.94,32.3,39.9,66,7.3,42.7,665,105,1.7,Overcast clouds,c04d,16
2026-08-02 16:30:00,3.94,32.1,39.8,68,7.0,39.2,611,101,1.6,Overcast clouds,c04d,16
2026-08-02 16:45:00,109.81,31.8,39.8,70,6.7,35.8,557,98,1.4,Overcast clouds,c04d,16
2026-08-02 17:00:00,37.55,31.5,39.3,71,6.4,32.3,504,94,1.2,Overcast clouds,c04d,17
2026-08-02 17:15:00,0.0,31.0,38.4,73,6.3,28.9,445,89,1.1,Overcast clouds,c04d,17
2026-08-02 17:30:00,0.02,30.4,37.4,75,6.2,25.5,386,83,1.0,Overcast clouds,c04d,17
2026-08-02 17:45:00,0.0,29.9,36.4,77,6.1,22.1,327,78,0.8,Overcast clouds,c04d,17
2026-08-02 18:00:00,0.0,29.3,35.4,79,6.0,18.7,269,72,0.8,Overcast clouds,c04d,18
2026-08-02 18:15:00,0.0,29.3,35.4,79,5.8,15.3,215,63,0.7,Overcast clouds,c04d,18
2026-08-02 18:30:00,0.02,29.3,35.6,80,5.6,11.9,161,53,0.7,Overcast clouds,c04d,18
2026-08-02 18:45:00,0.0,29.3,35.6,80,5.4,8.6,107,44,0.7,Overcast clouds,c04d,18
2026-08-02 19:00:00,0.01,29.3,35.6,80,5.2,5.2,53,35,0.6,Overcast clouds,c04d,19
2026-08-02 19:15:00,0.0,29.2,35.3,80,5.2,2.0,39,26,0.6,Overcast clouds,c04n,19
2026-08-02 19:30:00,0.0,29.1,35.2,81,5.2,-1.3,26,17,0.0,Overcast clouds,c04n,19
2026-08-02 19:45:00,0.0,29.0,35.2,82,5.2,-4.5,13,9,0.0,Overcast clouds,c04n,19
2026-08-02 20:00:00,0.0,28.9,34.9,82,5.2,-7.8,0,0,0.0,Overcast clouds,c04n,20
2026-08-02 20:15:00,0.0,28.9,34.9,82,5.1,-10.9,0,0,0.0,Overcast clouds,c04n,20
2026-08-02 20:30:00,0.0,28.9,34.9,82,5.0,-14.0,0,0,0.0,Overcast clouds,c04n,20
2026-08-02 20:45:00,0.0,28.9,34.9,82,4.9,-17.1,0,0,0.0,Overcast clouds,c04n,20
2026-08-02 21:00:00,0.0,28.9,34.9,82,4.8,-20.2,0,0,0.0,Drizzle,d02n,21
2026-08-02 21:15:00,0.0,28.6,34.5,84,4.8,-23.1,0,0,0.0,Overcast clouds,c04n,21
2026-08-02 21:30:00,0.0,28.4,33.9,85,4.8,-25.9,0,0,0.0,Overcast clouds,c04n,21
2026-08-02 21:45:00,0.0,28.1,33.3,86,4.8,-28.7,0,0,0.0,Overcast clouds,c04n,21
2026-08-02 22:00:00,0.0,27.8,32.8,88,4.8,-31.6,0,0,0.0,Overcast clouds,c04n,22
2026-08-02 22:15:00,0.0,27.7,32.5,88,4.9,-34.0,0,0,0.0,Overcast clouds,c04n,22
2026-08-02 22:30:00,0.0,27.6,32.4,89,5.0,-36.4,0,0,0.0,Overcast clouds,c04n,22
2026-08-02 22:45:00,0.0,27.5,32.2,90,5.1,-38.8,0,0,0.0,Overcast clouds,c04n,22
2026-08-02 23:00:00,0.0,27.4,31.9,90,5.2,-41.2,0,0,0.0,Overcast clouds,c04n,23
2026-08-02 23:15:00,0.01,27.3,31.6,90,5.1,-42.8,0,0,0.0,Overcast clouds,c04n,23
2026-08-02 23:30:00,0.01,27.2,31.3,90,5.0,-44.5,0,0,0.0,Overcast clouds,c04n,23
2026-08-02 23:45:00,0.0,27.1,31.0,90,4.9,-46.1,0,0,0.0,Overcast clouds,c04n,23
2026-08-03 00:00:00,0.0,27.0,30.7,90,4.8,-47.8,0,0,0.0,Overcast clouds,c04n,0
2026-08-03 00:15:00,0.0,26.9,30.5,90,4.9,-48.3,0,0,0.0,Overcast clouds,c04n,0
2026-08-03 00:30:00,0.0,26.9,30.4,91,5.0,-48.8,0,0,0.0,Overcast clouds,c04n,0
2026-08-03 00:45:00,0.0,26.8,30.3,92,5.1,-49.3,0,0,0.0,Overcast clouds,c04n,0
2026-08-03 01:00:00,0.0,26.7,30.1,92,5.2,-49.8,0,0,0.0,Overcast clouds,c04n,1
2026-08-03 01:15:00,0.01,26.6,27.7,92,5.2,-49.1,0,0,0.0,Overcast clouds,c04n,1
2026-08-03 01:30:00,0.0,26.5,27.6,93,5.2,-48.3,0,0,0.0,Overcast clouds,c04n,1
2026-08-03 01:45:00,0.0,26.4,27.5,94,5.2,-47.5,0,0,0.0,Overcast clouds,c04n,1
2026-08-03 02:00:00,0.0,26.3,27.4,94,5.2,-46.7,0,0,0.0,Overcast clouds,c04n,2
2026-08-03 02:15:00,0.0,26.3,27.4,94,5.3,-44.9,0,0,0.0,Overcast clouds,c04n,2
2026-08-03 02:30:00,0.0,26.3,27.4,94,5.4,-43.0,0,0,0.0,Overcast clouds,c04n,2
2026-08-03 02:45:00,0.0,26.3,27.4,94,5.5,-41.2,0,0,0.0,Overcast clouds,c04n,2
2026-08-03 03:00:00,0.0,26.3,27.4,94,5.6,-39.4,0,0,0.0,Overcast clouds,c04n,3
2026-08-03 03:15:00,0.0,26.2,27.3,94,5.5,-36.8,0,0,0.0,Overcast clouds,c04n,3
2026-08-03 03:30:00,0.0,26.1,27.2,95,5.4,-34.3,0,0,0.0,Overcast clouds,c04n,3
2026-08-03 03:45:00,0.0,26.0,27.2,96,5.3,-31.8,0,0,0.0,Overcast clouds,c04n,3
2026-08-03 04:00:00,0.01,25.9,27.1,96,5.2,-29.3,0,0,0.0,Overcast clouds,c04n,4
2026-08-03 04:15:00,0.0,26.0,27.2,96,5.0,-26.4,0,0,0.0,Overcast clouds,c04n,4
2026-08-03 04:30:00,0.0,26.1,27.2,95,4.8,-23.5,0,0,0.0,Overcast clouds,c04n,4
2026-08-03 04:45:00,0.0,26.2,27.3,94,4.6,-20.6,0,0,0.0,Overcast clouds,c04n,4
2026-08-03 05:00:00,0.0,26.3,27.4,94,4.4,-17.6,0,0,0.0,Overcast clouds,c04n,5
2026-08-03 05:15:00,0.0,26.3,27.4,94,4.3,-14.5,0,0,0.0,Overcast clouds,c04n,5
2026-08-03 05:30:00,0.0,26.3,27.4,94,4.2,-11.4,0,0,0.0,Overcast clouds,c04n,5
2026-08-03 05:45:00,0.0,26.3,27.4,94,4.1,-8.2,0,0,0.0,Overcast clouds,c04n,5
2026-08-03 06:00:00,0.0,26.3,27.4,94,4.0,-5.1,0,0,0.0,Overcast clouds,c04n,6
2026-08-03 06:15:00,0.1,26.3,27.4,94,4.0,-1.8,23,11,0.0,Overcast clouds,c04n,6
2026-08-03 06:30:00,2.57,26.3,27.4,94,4.0,1.5,47,23,0.6,Overcast clouds,c04n,6
2026-08-03 06:45:00,8.39,26.3,27.4,94,4.0,4.8,70,34,0.6,Overcast clouds,c04d,6
2026-08-03 07:00:00,12.68,26.3,27.4,94,4.0,8.1,93,45,0.7,Overcast clouds,c04d,7
2026-08-03 07:15:00,13.11,26.6,27.7,92,4.3,11.4,150,53,0.7,Overcast clouds,c04d,7
2026-08-03 07:30:00,24.51,26.9,30.4,91,4.6,14.8,206,61,0.7,Overcast clouds,c04d,7
2026-08-03 07:45:00,69.47,27.1,31.1,90,4.9,18.2,263,70,0.7,Overcast clouds,c04d,7
2026-08-03 08:00:00,23.54,27.4,31.6,88,5.2,21.5,319,78,0.8,Overcast clouds,c04d,8
2026-08-03 08:15:00,42.85,27.4,31.6,88,5.0,25.0,377,83,0.9,Overcast clouds,c04d,8
2026-08-03 08:30:00,53.5,27.4,31.6,88,4.8,28.4,435,88,1.0,Overcast clouds,c04d,8
2026-08-03 08:45:00,138.1,27.4,31.6,88,4.6,31.8,494,93,1.2,Overcast clouds,c04d,8
2026-08-03 09:00:00,31.83,27.4,31.6,88,4.4,35.2,552,98,1.3,Overcast clouds,c04d,9
2026-08-03 09:15:00,123.49,28.1,33.2,86,4.3,38.7,604,101,1.6,Overcast clouds,c04d,9
2026-08-03 09:30:00,119.45,28.7,34.7,84,4.2,42.2,656,104,2.0,Overcast clouds,c04d,9
2026-08-03 09:45:00,76.98,29.4,36.0,81,4.1,45.6,708,108,2.4,Overcast clouds,c04d,9
2026-08-03 10:00:00,90.02,30.0,37.4,79,4.0,49.1,760,111,2.9,Overcast clouds,c04d,10
2026-08-03 10:15:00,121.03,30.2,37.3,77,4.0,52.5,800,113,3.0,Overcast clouds,c04d,10
2026-08-03 10:30:00,199.41,30.4,37.6,76,4.0,56.0,840,115,3.0,Overcast clouds,c04d,10
2026-08-03 10:45:00,130.06,30.5,37.5,74,4.0,59.4,881,117,3.0,Overcast clouds,c04d,10
2026-08-03 11:00:00,163.95,30.7,37.4,72,4.0,62.9,921,120,3.0,Overcast clouds,c04d,11
2026-08-03 11:15:00,52.57,30.5,37.2,73,4.1,66.3,946,121,3.1,Overcast clouds,c04d,11
2026-08-03 11:30:00,8.51,30.4,37.0,74,4.2,69.6,971,122,3.3,Overcast clouds,c04d,11
2026-08-03 11:45:00,3.97,30.2,36.5,74,4.3,73.0,995,123,3.4,Overcast clouds,c04d,11
2026-08-03 12:00:00,3.95,30.0,36.3,75,4.4,76.4,1020,124,3.6,Overcast clouds,c04d,12
2026-08-03 12:15:00,82.57,30.5,37.1,73,4.7,78.4,1027,125,3.7,Overcast clouds,c04d,12
2026-08-03 12:30:00,25.1,31.0,37.5,70,5.0,80.5,1035,125,3.8,Drizzle,d02d,12
2026-08-03 12:45:00,3.9,31.4,38.1,68,5.3,82.5,1042,125,3.8,Drizzle,d02d,12
2026-08-03 13:00:00,3.89,31.9,38.7,66,5.6,84.6,1049,126,3.9,Drizzle,d02d,13
2026-08-03 13:15:00,3.91,31.7,38.5,67,5.9,81.8,1038,125,3.9,Drizzle,d02d,13
2026-08-03 13:30:00,72.89,31.5,38.3,68,6.2,79.0,1027,125,3.9,Drizzle,d02d,13
2026-08-03 13:45:00,2.64,31.3,37.8,68,6.5,76.3,1016,124,4.0,Drizzle,d02d,13
2026-08-03 14:00:00,28.18,31.1,37.6,69,6.8,73.5,1004,124,3.9,Drizzle,d02d,14
2026-08-03 14:15:00,6.86,31.3,38.1,69,6.6,70.1,976,122,3.7,Drizzle,d02d,14
2026-08-03 14:30:00,7.38,31.5,38.3,68,6.4,66.7,948,121,3.5,Light rain,r01d,14
2026-08-03 14:45:00,12.53,31.7,38.9,68,6.2,63.3,919,119,3.3,Light rain,r01d,14
2026-08-03 15:00:00,0.0,31.9,39.4,68,6.0,59.9,891,118,3.0,Light rain,r01d,15
2026-08-03 15:15:00,11.15,31.8,39.5,69,6.0,56.4,847,116,2.8,Light rain,r01d,15
2026-08-03 15:30:00,20.8,31.7,39.5,70,6.0,53.0,804,113,2.5,Light rain,r01d,15
2026-08-03 15:45:00,36.86,31.6,39.6,71,6.0,49.5,761,111,2.3,Light rain,r01d,15
2026-08-03 16:00:00,25.37,31.5,39.6,72,6.0,46.0,718,109,2.0,Light rain,r01d,16
2026-08-03 16:15:00,27.18,31.5,39.6,72,6.3,42.6,664,105,1.8,Drizzle,d02d,16
2026-08-03 16:30:00,27.36,31.5,39.6,72,6.6,39.1,610,101,1.6,Thunderstorm with drizzle,t04d,16
2026-08-03 16:45:00,0.04,31.5,39.6,72,6.9,35.7,556,98,1.3,Drizzle,d02d,16
2026-08-03 17:00:00,21.89,31.5,39.6,72,7.2,32.2,502,94,1.2,Drizzle,d02d,17
2026-08-03 17:15:00,17.29,30.9,38.4,74,6.9,28.8,443,89,1.0,Overcast clouds,c04d,17
2026-08-03 17:30:00,37.23,30.2,37.4,77,6.6,25.4,385,83,0.9,Overcast clouds,c04d,17
2026-08-03 17:45:00,49.96,29.6,36.3,80,6.3,22.0,326,78,0.8,Overcast clouds,c04d,17
2026-08-03 18:00:00,3.92,28.9,34.9,82,6.0,18.6,267,72,0.8,Overcast clouds,c04d,18
2026-08-03 18:15:00,3.95,28.9,34.9,82,5.7,15.2,213,63,0.7,Overcast clouds,c04d,18
2026-08-03 18:30:00,3.9,28.9,34.9,82,5.4,11.8,159,53,0.7,Overcast clouds,c04d,18
2026-08-03 18:45:00,3.9,28.9,34.9,82,5.1,8.5,105,44,0.6,Overcast clouds,c04d,18
2026-08-03 19:00:00,4.29,28.9,34.9,82,4.8,5.1,51,34,0.6,Overcast clouds,c04d,19
2026-08-03 19:15:00,2.19,28.9,34.9,82,4.8,1.9,38,26,0.6,Overcast clouds,c04n,19
2026-08-03 19:30:00,0.25,28.9,35.1,83,4.8,-1.4,26,17,0.0,Overcast clouds,c04n,19
2026-08-03 19:45:00,0.0,28.9,35.3,84,4.8,-4.7,13,9,0.0,Overcast clouds,c04n,19
2026-08-03 20:00:00,0.0,28.9,35.3,84,4.8,-7.9,0,0,0.0,Overcast clouds,c04n,20
2026-08-03 20:15:00,0.0,28.8,35.0,84,4.8,-11.0,0,0,0.0,Overcast clouds,c04n,20
2026-08-03 20:30:00,0.0,28.7,34.9,85,4.8,-14.2,0,0,0.0,Overcast clouds,c04n,20
2026-08-03 20:45:00,0.0,28.6,34.9,86,4.8,-17.3,0,0,0.0,Overcast clouds,c04n,20
2026-08-03 21:00:00,0.0,28.5,34.5,86,4.8,-20.4,0,0,0.0,Overcast clouds,c04n,21
2026-08-03 21:15:00,0.0,28.4,34.2,86,4.8,-23.2,0,0,0.0,Overcast clouds,c04n,21
2026-08-03 21:30:00,0.0,28.3,34.1,87,4.8,-26.1,0,0,0.0,Overcast clouds,c04n,21
2026-08-03 21:45:00,0.0,28.2,34.0,88,4.8,-28.9,0,0,0.0,Overcast clouds,c04n,21
2026-08-03 22:00:00,0.0,28.1,33.7,88,4.8,-31.8,0,0,0.0,Overcast clouds,c04n,22
2026-08-03 22:15:00,0.0,27.9,33.2,88,4.8,-34.2,0,0,0.0,Overcast clouds,c04n,22
2026-08-03 22:30:00,0.0,27.8,32.8,89,4.8,-36.6,0,0,0.0,Overcast clouds,c04n,22
2026-08-03 22:45:00,0.0,27.6,32.4,90,4.8,-39.0,0,0,0.0,Overcast clouds,c04n,22
2026-08-03 23:00:00,0.0,27.4,31.9,90,4.8,-41.4,0,0,0.0,Overcast clouds,c04n,23
2026-08-03 23:15:00,0.0,27.4,31.9,90,4.8,-43.1,0,0,0.0,Overcast clouds,c04n,23
2026-08-03 23:30:00,0.0,27.4,31.9,90,4.8,-44.7,0,0,0.0,Overcast clouds,c04n,23
2026-08-03 23:45:00,0.0,27.4,31.9,90,4.8,-46.4,0,0,0.0,Overcast clouds,c04n,23
2026-08-04 00:00:00,0.0,27.4,31.9,90,4.8,-48.0,0,0,0.0,Overcast clouds,c04n,0
2026-08-04 00:15:00,0.0,27.3,31.6,90,4.7,-48.6,0,0,0.0,Overcast clouds,c04n,0
2026-08-04 00:30:00,0.01,27.2,31.4,91,4.6,-49.1,0,0,0.0,Overcast clouds,c04n,0
2026-08-04 00:45:00,0.0,27.1,31.2,92,4.5,-49.6,0,0,0.0,Overcast clouds,c04n,0
2026-08-04 01:00:00,0.01,27.0,30.9,92,4.4,-50.1,0,0,0.0,Overcast clouds,c04n,1
2026-08-04 01:15:00,0.0,26.9,30.7,92,4.3,-49.3,0,0,0.0,Overcast clouds,c04n,1
2026-08-04 01:30:00,0.01,26.9,30.6,93,4.2,-48.5,0,0,0.0,Overcast clouds,c04n,1
2026-08-04 01:45:00,0.0,26.8,30.5,94,4.1,-47.7,0,0,0.0,Overcast clouds,c04n,1
2026-08-04 02:00:00,0.0,26.7,30.2,94,4.0,-47.0,0,0,0.0,Overcast clouds,c04n,2
2026-08-04 02:15:00,0.01,26.7,30.2,94,4.2,-45.1,0,0,0.0,Overcast clouds,c04n,2
2026-08-04 02:30:00,0.0,26.7,30.2,94,4.4,-43.3,0,0,0.0,Overcast clouds,c04n,2
2026-08-04 02:45:00,0.0,26.7,30.2,94,4.6,-41.4,0,0,0.0,Overcast clouds,c04n,2
2026-08-04 03:00:00,0.0,26.7,30.2,94,4.8,-39.6,0,0,0.0,Overcast clouds,c04n,3
2026-08-04 03:15:00,0.0,26.6,27.8,94,4.9,-37.0,0,0,0.0,Overcast clouds,c04n,3
2026-08-04 03:30:00,0.0,26.5,27.7,94,5.0,-34.5,0,0,0.0,Overcast clouds,c04n,3
2026-08-04 03:45:00,0.0,26.4,27.5,94,5.1,-32.0,0,0,0.0,Overcast clouds,c04n,3
2026-08-04 04:00:00,0.0,26.3,27.4,94,5.2,-29.4,0,0,0.0,Overcast clouds,c04n,4
2026-08-04 04:15:00,0.0,26.3,27.4,94,5.2,-26.5,0,0,0.0,Overcast clouds,c04n,4
2026-08-04 04:30:00,0.0,26.3,27.4,94,5.2,-23.6,0,0,0.0,Overcast clouds,c04n,4
2026-08-04 04:45:00,0.0,26.3,27.4,94,5.2,-20.7,0,0,0.0,Overcast clouds,c04n,4
2026-08-04 05:00:00,0.0,26.3,27.4,94,5.2,-17.8,0,0,0.0,Overcast clouds,c04n,5
2026-08-04 05:15:00,0.0,26.3,27.4,94,5.1,-14.6,0,0,0.0,Overcast clouds,c04n,5
2026-08-04 05:30:00,0.0,26.3,27.5,95,5.0,-11.5,0,0,0.0,Overcast clouds,c04n,5
2026-08-04 05:45:00,0.0,26.3,27.5,96,4.9,-8.3,0,0,0.0,Overcast clouds,c04n,5
2026-08-04 06:00:00,0.0,26.3,27.5,96,4.8,-5.2,0,0,0.0,Overcast clouds,c04n,6
2026-08-04 06:15:00,0.4,26.3,27.5,96,4.8,-1.9,23,11,0.0,Overcast clouds,c04n,6
2026-08-04 06:30:00,3.51,26.3,27.5,96,4.8,1.4,46,22,0.6,Overcast clouds,c04n,6
2026-08-04 06:45:00,10.61,26.3,27.5,96,4.8,4.7,69,34,0.6,Overcast clouds,c04d,6
2026-08-04 07:00:00,15.5,26.3,27.5,96,4.8,8.0,92,45,0.6,Overcast clouds,c04d,7
2026-08-04 07:15:00,16.06,26.3,27.5,96,4.9,11.4,149,53,0.7,Overcast clouds,c04d,7
2026-08-04 07:30:00,16.99,26.3,27.5,96,5.0,14.7,205,61,0.7,Overcast clouds,c04d,7
2026-08-04 07:45:00,28.06,26.3,27.5,96,5.1,18.1,261,70,0.8,Overcast clouds,c04d,7
2026-08-04 08:00:00,41.2,26.3,27.5,96,5.2,21.5,318,78,0.8,Overcast clouds,c04d,8
2026-08-04 08:15:00,57.28,26.3,27.5,96,5.3,24.9,376,83,0.9,Overcast clouds,c04d,8
2026-08-04 08:30:00,100.92,26.3,27.5,97,5.4,28.3,435,88,1.0,Fog,a05d,8
2026-08-04 08:45:00,82.46,26.3,27.5,98,5.5,31.8,493,93,1.1,Fog,a05d,8
2026-08-04 09:00:00,62.28,26.3,27.5,98,5.6,35.2,551,98,1.3,Fog,a05d,9
2026-08-04 09:15:00,89.21,27.1,31.3,94,5.8,38.6,603,101,1.5,Overcast clouds,c04d,9
2026-08-04 09:30:00,87.77,27.8,33.3,91,6.0,42.1,655,104,1.6,Overcast clouds,c04d,9
2026-08-04 09:45:00,58.58,28.6,35.1,88,6.2,45.6,707,108,1.8,Overcast clouds,c04d,9
2026-08-04 10:00:00,49.68,29.3,36.6,84,6.4,49.0,760,111,2.1,Overcast clouds,c04d,10
2026-08-04 10:15:00,85.51,29.4,36.8,84,6.3,52.5,800,113,2.3,Overcast clouds,c04d,10
2026-08-04 10:30:00,63.43,29.5,36.8,83,6.2,55.9,840,115,2.5,Overcast clouds,c04d,10
2026-08-04 10:45:00,122.98,29.5,36.8,82,6.1,59.4,880,117,2.7,Overcast clouds,c04d,10
2026-08-04 11:00:00,196.07,29.6,37.0,82,6.0,62.8,921,120,2.9,Overcast clouds,c04d,11
2026-08-04 11:15:00,159.9,29.7,36.8,80,5.9,66.2,946,121,3.1,Overcast clouds,c04d,11
2026-08-04 11:30:00,78.83,29.8,36.5,78,5.8,69.6,970,122,3.2,Overcast clouds,c04d,11
2026-08-04 11:45:00,138.58,29.9,36.5,77,5.7,72.9,995,123,3.4,Overcast clouds,c04d,11
2026-08-04 12:00:00,71.67,30.0,36.3,75,5.6,76.3,1020,124,3.6,Overcast clouds,c04d,12
2026-08-04 12:15:00,4.08,29.9,36.3,76,5.1,78.3,1027,125,3.7,Overcast clouds,c04d,12
2026-08-04 12:30:00,4.04,29.8,36.0,76,4.6,80.3,1034,125,3.6,Drizzle,d02d,12
2026-08-04 12:45:00,4.06,29.7,35.7,76,4.1,82.3,1042,125,3.7,Overcast clouds,c04d,12
2026-08-04 13:00:00,4.07,29.6,35.7,77,3.6,84.3,1049,126,3.7,Overcast clouds,c04d,13
2026-08-04 13:15:00,40.66,29.6,35.7,77,3.4,81.6,1038,125,3.7,Overcast clouds,c04d,13
2026-08-04 13:30:00,119.56,29.6,35.7,77,3.2,78.9,1026,125,3.6,Drizzle,d02d,13
2026-08-04 13:45:00,121.05,29.6,35.7,77,3.0,76.1,1015,124,3.5,Drizzle,d02d,13
2026-08-04 14:00:00,48.33,29.6,35.7,77,2.8,73.4,1004,124,3.4,Drizzle,d02d,14
2026-08-04 14:15:00,49.96,29.9,36.2,76,3.4,70.0,975,122,3.2,Drizzle,d02d,14
2026-08-04 14:30:00,35.56,30.2,37.0,76,4.0,66.6,947,121,3.1,Drizzle,d02d,14
2026-08-04 14:45:00,10.54,30.4,37.5,75,4.6,63.2,918,119,3.0,Drizzle,d02d,14
2026-08-04 15:00:00,3.99,30.7,38.0,74,5.2,59.8,890,118,2.8,Light rain,r01d,15
2026-08-04 15:15:00,35.4,30.7,38.0,74,5.2,56.3,847,116,2.5,Drizzle,d02d,15
2026-08-04 15:30:00,99.37,30.7,38.3,75,5.2,52.9,803,113,2.3,Overcast clouds,c04d,15
2026-08-04 15:45:00,129.2,30.7,38.6,76,5.2,49.4,760,111,2.1,Overcast clouds,c04d,15
2026-08-04 16:00:00,110.47,30.7,38.6,76,5.2,45.9,717,108,1.9,Overcast clouds,c04d,16
2026-08-04 16:15:00,19.81,30.6,38.4,76,5.3,42.5,663,105,1.7,Overcast clouds,c04d,16
2026-08-04 16:30:00,3.97,30.6,38.1,76,5.4,39.0,609,101,1.5,Overcast clouds,c04d,16
2026-08-04 16:45:00,4.0,30.5,38.2,77,5.5,35.6,555,98,1.3,Overcast clouds,c04d,16
2026-08-04 17:00:00,4.74,30.4,38.0,77,5.6,32.1,501,94,1.2,Overcast clouds,c04d,17
2026-08-04 17:15:00,4.75,30.0,37.2,78,5.4,28.7,442,88,1.1,Overcast clouds,c04d,17
2026-08-04 17:30:00,64.9,29.7,36.6,80,5.2,25.3,383,83,0.9,Overcast clouds,c04d,17
2026-08-04 17:45:00,24.47,29.3,35.8,81,5.0,21.9,324,77,0.8,Overcast clouds,c04d,17
2026-08-04 18:00:00,7.16,28.9,34.9,82,4.8,18.4,265,72,0.8,Overcast clouds,c04d,18
2026-08-04 18:15:00,4.11,28.8,34.6,82,4.7,15.1,211,62,0.7,Overcast clouds,c04d,18
2026-08-04 18:30:00,4.15,28.7,34.5,83,4.6,11.7,157,53,0.7,Overcast clouds,c04d,18
2026-08-04 18:45:00,4.34,28.6,34.4,84,4.5,8.4,103,43,0.6,Overcast clouds,c04d,18
2026-08-04 19:00:00,4.01,28.5,34.1,84,4.4,5.0,50,34,0.6,Overcast clouds,c04n,19
2026-08-04 19:15:00,2.33,28.4,33.9,84,4.5,1.7,37,25,0.6,Overcast clouds,c04n,19
2026-08-04 19:30:00,0.3,28.3,33.6,84,4.6,-1.5,25,17,0.0,Overcast clouds,c04n,19
2026-08-04 19:45:00,0.02,28.2,33.3,84,4.7,-4.8,12,8,0.0,Drizzle,d02n,19
2026-08-04 20:00:00,0.0,28.1,33.0,84,4.8,-8.1,0,0,0.0,Light rain,r01n,20
2026-08-04 20:15:00,0.0,27.9,32.8,86,4.7,-11.2,0,0,0.0,Drizzle,d02n,20
2026-08-04 20:30:00,0.0,27.8,32.5,87,4.6,-14.3,0,0,0.0,Overcast clouds,c04n,20
2026-08-04 20:45:00,0.0,27.6,32.1,88,4.5,-17.4,0,0,0.0,Overcast clouds,c04n,20
2026-08-04 21:00:00,0.0,27.4,31.9,90,4.4,-20.5,0,0,0.0,Overcast clouds,c04n,21
2026-08-04 21:15:00,0.0,27.2,31.4,90,4.5,-23.4,0,0,0.0,Overcast clouds,c04n,21
2026-08-04 21:30:00,0.0,27.1,31.0,91,4.6,-26.3,0,0,0.0,Overcast clouds,c04n,21
2026-08-04 21:45:00,0.0,26.9,30.6,92,4.7,-29.1,0,0,0.0,Overcast clouds,c04n,21
2026-08-04 22:00:00,0.0,26.7,30.1,92,4.8,-32.0,0,0,0.0,Overcast clouds,c04n,22
2026-08-04 22:15:00,0.0,26.5,27.6,93,4.6,-34.4,0,0,0.0,Overcast clouds,c04n,22
2026-08-04 22:30:00,0.0,26.3,27.4,94,4.4,-36.8,0,0,0.0,Overcast clouds,c04n,22
2026-08-04 22:45:00,0.0,26.1,27.2,95,4.2,-39.2,0,0,0.0,Overcast clouds,c04n,22
2026-08-04 23:00:00,0.0,25.9,27.1,96,4.0,-41.7,0,0,0.0,Overcast clouds,c04n,23
2026-08-04 23:15:00,0.0,25.9,27.1,96,3.9,-43.3,0,0,0.0,Overcast clouds,c04n,23
2026-08-04 23:30:00,0.0,25.9,27.1,96,3.8,-45.0,0,0,0.0,Overcast clouds,c04n,23
2026-08-04 23:45:00,0.0,25.9,27.1,96,3.7,-46.6,0,0,0.0,Overcast clouds,c04n,23
2026-08-05 00:00:00,0.0,25.9,27.1,96,3.6,-48.3,0,0,0.0,Overcast clouds,c04n,0
2026-08-05 00:15:00,0.0,25.8,27.0,96,3.5,-48.8,0,0,0.0,Overcast clouds,c04n,0
2026-08-05 00:30:00,0.0,25.8,26.9,97,3.4,-49.3,0,0,0.0,Fog,a05n,0
2026-08-05 00:45:00,0.0,25.7,26.9,98,3.3,-49.9,0,0,0.0,Fog,a05n,0
2026-08-05 01:00:00,0.0,25.6,26.8,98,3.2,-50.4,0,0,0.0,Fog,a05n,1
2026-08-05 01:15:00,0.0,25.6,26.8,98,3.2,-49.6,0,0,0.0,Fog,a05n,1
2026-08-05 01:30:00,0.0,25.6,26.8,98,3.2,-48.8,0,0,0.0,Fog,a05n,1
2026-08-05 01:45:00,0.0,25.6,26.8,98,3.2,-48.0,0,0,0.0,Fog,a05n,1
2026-08-05 02:00:00,0.0,25.6,26.8,98,3.2,-47.2,0,0,0.0,Fog,a05n,2
2026-08-05 02:15:00,0.0,25.6,26.8,98,3.3,-45.3,0,0,0.0,Fog,a05n,2
2026-08-05 02:30:00,0.0,25.6,26.8,98,3.4,-43.5,0,0,0.0,Fog,a05n,2
2026-08-05 02:45:00,0.0,25.6,26.8,98,3.5,-41.6,0,0,0.0,Fog,a05n,2
2026-08-05 03:00:00,0.0,25.6,26.8,98,3.6,-39.7,0,0,0.0,Fog,a05n,3
2026-08-05 03:15:00,0.0,25.5,26.7,98,3.5,-37.2,0,0,0.0,Fog,a05n,3
2026-08-05 03:30:00,0.0,25.4,26.6,99,3.4,-34.7,0,0,0.0,Fog,a05n,3
2026-08-05 03:45:00,0.0,25.3,26.5,100,3.3,-32.1,0,0,0.0,Fog,a05n,3
2026-08-05 04:00:00,0.0,25.2,26.4,100,3.2,-29.6,0,0,0.0,Fog,a05n,4
2026-08-05 04:15:00,0.0,25.3,26.5,100,3.2,-26.7,0,0,0.0,Fog,a05n,4
2026-08-05 04:30:00,0.0,25.4,26.6,99,3.2,-23.7,0,0,0.0,Fog,a05n,4
2026-08-05 04:45:00,0.0,25.5,26.7,98,3.2,-20.8,0,0,0.0,Fog,a05n,4
2026-08-05 05:00:00,0.01,25.6,26.8,98,3.2,-17.9,0,0,0.0,Fog,a05n,5
2026-08-05 05:15:00,0.01,25.8,26.9,97,3.3,-14.7,0,0,0.0,Fog,a05n,5
2026-08-05 05:30:00,0.0,26.0,27.1,96,3.4,-11.6,0,0,0.0,Overcast clouds,c04n,5
2026-08-05 05:45:00,0.0,26.1,27.3,95,3.5,-8.4,0,0,0.0,Overcast clouds,c04n,5
2026-08-05 06:00:00,0.01,26.3,27.4,94,3.6,-5.3,0,0,0.0,Overcast clouds,c04n,6
2026-08-05 06:15:00,1.01,26.3,27.4,94,3.8,-2.0,23,11,0.0,Overcast clouds,c04n,6
2026-08-05 06:30:00,3.31,26.3,27.4,94,4.0,1.3,46,22,0.6,Overcast clouds,c04n,6
2026-08-05 06:45:00,6.3,26.3,27.4,94,4.2,4.6,68,33,0.6,Overcast clouds,c04d,6
2026-08-05 07:00:00,0.0,26.3,27.4,94,4.4,7.9,91,45,0.6,Overcast clouds,c04d,7
2026-08-05 07:15:00,14.61,26.3,27.4,94,4.6,11.3,148,53,0.7,Overcast clouds,c04d,7
2026-08-05 07:30:00,18.49,26.3,27.5,95,4.8,14.7,204,61,0.7,Overcast clouds,c04d,7
2026-08-05 07:45:00,34.77,26.3,27.5,96,5.0,18.0,260,69,0.8,Overcast clouds,c04d,7
2026-08-05 08:00:00,39.18,26.3,27.5,96,5.2,21.4,317,78,0.9,Overcast clouds,c04d,8
2026-08-05 08:15:00,42.14,26.4,27.6,96,5.4,24.9,375,83,0.9,Overcast clouds,c04d,8
2026-08-05 08:30:00,40.17,26.5,27.7,95,5.6,28.3,434,88,1.1,Overcast clouds,c04d,8
2026-08-05 08:45:00,33.17,26.6,27.8,94,5.8,31.7,492,93,1.2,Overcast clouds,c04d,8
2026-08-05 09:00:00,30.91,26.7,30.2,94,6.0,35.1,551,98,1.3,Overcast clouds,c04d,9
2026-08-05 09:15:00,68.39,27.3,31.7,92,6.1,38.6,603,101,1.5,Overcast clouds,c04d,9
2026-08-05 09:30:00,107.22,27.8,33.1,90,6.2,42.1,655,104,1.6,Drizzle,d02d,9
2026-08-05 09:45:00,76.82,28.4,34.5,88,6.3,45.5,707,108,1.8,Overcast clouds,c04d,9
2026-08-05 10:00:00,100.84,28.9,35.8,86,6.4,49.0,759,111,2.1,Overcast clouds,c04d,10
2026-08-05 10:15:00,75.53,29.1,36.1,85,6.4,52.4,799,113,2.3,Overcast clouds,c04d,10
2026-08-05 10:30:00,125.71,29.3,36.4,84,6.4,55.9,840,115,2.5,Overcast clouds,c04d,10
2026-08-05 10:45:00,118.48,29.4,36.4,82,6.4,59.3,880,117,2.7,Overcast clouds,c04d,10
2026-08-05 11:00:00,126.56,29.6,36.7,81,6.4,62.8,921,120,2.9,Overcast clouds,c04d,11
2026-08-05 11:15:00,117.73,29.6,36.7,81,6.3,66.1,945,121,3.1,Overcast clouds,c04d,11
2026-08-05 11:30:00,56.57,29.6,37.0,82,6.2,69.5,970,122,3.2,Overcast clouds,c04d,11
2026-08-05 11:45:00,88.64,29.6,37.0,82,6.1,72.9,995,123,3.4,Overcast clouds,c04d,11
2026-08-05 12:00:00,119.48,29.6,37.0,82,6.0,76.2,1020,124,3.5,Overcast clouds,c04d,12
2026-08-05 12:15:00,9.94,30.1,37.9,80,6.2,78.2,1027,125,3.6,Overcast clouds,c04d,12
2026-08-05 12:30:00,3.86,30.6,38.8,78,6.4,80.1,1034,125,3.6,Overcast clouds,c04d,12
2026-08-05 12:45:00,3.82,31.0,39.6,76,6.6,82.1,1041,125,3.7,Overcast clouds,c04d,12
2026-08-05 13:00:00,3.87,31.5,40.3,74,6.8,84.0,1048,126,3.7,Overcast clouds,c04d,13
2026-08-05 13:15:00,3.92,31.6,39.9,72,6.9,81.3,1037,125,3.6,Overcast clouds,c04d,13
2026-08-05 13:30:00,56.86,31.7,39.9,71,7.0,78.7,1026,125,3.6,Drizzle,d02d,13
2026-08-05 13:45:00,82.06,31.8,39.8,70,7.1,76.0,1015,124,3.5,Drizzle,d02d,13
2026-08-05 14:00:00,44.7,31.9,39.4,68,7.2,73.3,1004,124,3.4,Drizzle,d02d,14
2026-08-05 14:15:00,48.43,31.9,39.4,68,7.5,69.9,975,122,3.2,Drizzle,d02d,14
2026-08-05 14:30:00,39.33,31.9,39.4,68,7.8,66.5,946,121,3.1,Drizzle,d02d,14
2026-08-05 14:45:00,48.89,31.9,39.8,69,8.1,63.1,918,119,3.0,Overcast clouds,c04d,14
2026-08-05 15:00:00,126.69,31.9,39.8,69,8.4,59.7,889,118,2.8,Overcast clouds,c04d,15
2026-08-05 15:15:00,59.35,31.5,39.4,71,8.3,56.2,846,116,2.5,Overcast clouds,c04d,15
2026-08-05 15:30:00,67.22,31.2,38.6,72,8.2,52.8,802,113,2.3,Overcast clouds,c04d,15
2026-08-05 15:45:00,57.18,30.8,38.2,74,8.1,49.3,759,111,2.1,Overcast clouds,c04d,15
2026-08-05 16:00:00,78.23,30.4,37.7,76,8.0,45.8,716,108,1.9,Overcast clouds,c04d,16
2026-08-05 16:15:00,127.59,30.1,36.9,76,7.6,42.4,661,105,1.7,Overcast clouds,c04d,16
2026-08-05 16:30:00,0.0,29.9,36.1,76,7.2,38.9,607,101,1.5,Overcast clouds,c04d,16
2026-08-05 16:45:00,68.57,29.6,35.6,77,6.8,35.5,553,97,1.4,Overcast clouds,c04d,16
2026-08-05 17:00:00,72.91,29.3,34.9,77,6.4,32.0,499,94,1.2,Overcast clouds,c04d,17
2026-08-05 17:15:00,19.15,28.7,34.2,81,6.2,28.6,440,88,1.1,Overcast clouds,c04d,17
2026-08-05 17:30:00,2.34,28.2,33.1,84,6.0,25.2,381,83,1.0,Drizzle,d02d,17
2026-08-05 17:45:00,0.0,27.6,32.1,88,5.8,21.8,322,77,0.8,Light rain,r01d,17
2026-08-05 18:00:00,0.01,27.0,30.9,92,5.6,18.3,263,72,0.8,Light rain,r01d,18
2026-08-05 18:15:00,0.0,26.7,30.1,92,5.4,15.0,209,62,0.7,Moderate rain,r02d,18
2026-08-05 18:30:00,5.66,26.5,27.6,93,5.2,11.6,156,52,0.7,Thunderstorm with rain,t02d,18
2026-08-05 18:45:00,0.34,26.2,27.3,94,5.0,8.2,102,43,0.7,Thunderstorm with rain,t02d,18
2026-08-05 19:00:00,0.1,25.9,27.0,94,4.8,4.9,48,33,0.6,Moderate rain,r02n,19
2026-08-05 19:15:00,0.0,26.0,27.1,94,4.5,1.6,36,25,0.6,Thunderstorm with rain,t02n,19
2026-08-05 19:30:00,0.0,26.1,27.2,94,4.2,-1.7,24,17,0.0,Thunderstorm with rain,t02n,19
2026-08-05 19:45:00,0.0,26.2,27.3,94,3.9,-4.9,12,8,0.0,Thunderstorm with rain,t02n,19
2026-08-05 20:00:00,0.0,26.3,27.4,94,3.6,-8.2,0,0,0.0,Light rain,r01n,20
2026-08-05 20:15:00,0.0,26.3,27.4,94,3.5,-11.3,0,0,0.0,Light rain,r01n,20
2026-08-05 20:30:00,0.0,26.3,27.4,94,3.4,-14.5,0,0,0.0,Light rain,r01n,20
2026-08-05 20:45:00,0.0,26.3,27.4,94,3.3,-17.6,0,0,0.0,Light rain,r01n,20
2026-08-05 21:00:00,0.0,26.3,27.4,94,3.2,-20.7,0,0,0.0,Light rain,r01n,21
2026-08-05 21:15:00,0.0,26.2,27.3,94,3.4,-23.6,0,0,0.0,Light rain,r01n,21
2026-08-05 21:30:00,0.0,26.1,27.2,95,3.6,-26.4,0,0,0.0,Light rain,r01n,21
2026-08-05 21:45:00,0.0,26.0,27.2,96,3.8,-29.3,0,0,0.0,Light rain,r01n,21
2026-08-05 22:00:00,0.0,25.9,27.1,96,4.0,-32.2,0,0,0.0,Light rain,r01n,22
2026-08-05 22:15:00,0.0,25.9,27.1,96,4.1,-34.6,0,0,0.0,Light rain,r01n,22
2026-08-05 22:30:00,0.0,25.9,27.1,96,4.2,-37.0,0,0,0.0,Light rain,r01n,22
2026-08-05 22:45:00,0.0,25.9,27.1,96,4.3,-39.5,0,0,0.0,Light rain,r01n,22
2026-08-05 23:00:00,0.0,25.9,27.1,96,4.4,-41.9,0,0,0.0,Light rain,r01n,23
2026-08-05 23:15:00,0.0,26.0,27.2,96,4.3,-43.6,0,0,0.0,Drizzle,d02n,23
2026-08-05 23:30:00,0.0,26.1,27.2,95,4.2,-45.2,0,0,0.0,Drizzle,d02n,23
2026-08-05 23:45:00,0.0,26.2,27.3,94,4.1,-46.9,0,0,0.0,Drizzle,d02n,23
2026-08-06 00:00:00,0.0,26.3,27.4,94,4.0,-48.6,0,0,0.0,Drizzle,d02n,0
2026-08-06 00:15:00,0.0,26.2,27.3,94,4.1,-49.1,0,0,0.0,Overcast clouds,c04n,0
2026-08-06 00:30:00,0.0,26.1,27.2,94,4.2,-49.6,0,0,0.0,Overcast clouds,c04n,0
2026-08-06 00:45:00,0.0,26.0,27.1,94,4.3,-50.1,0,0,0.0,Overcast clouds,c04n,0
2026-08-06 01:00:00,0.0,25.9,27.0,94,4.4,-50.6,0,0,0.0,Overcast clouds,c04n,1
2026-08-06 01:15:00,0.0,25.9,27.0,94,4.4,-49.8,0,0,0.0,Overcast clouds,c04n,1
2026-08-06 01:30:00,0.0,25.9,27.0,94,4.4,-49.0,0,0,0.0,Overcast clouds,c04n,1
2026-08-06 01:45:00,0.0,25.9,27.0,94,4.4,-48.2,0,0,0.0,Overcast clouds,c04n,1
2026-08-06 02:00:00,0.0,25.9,27.0,94,4.4,-47.4,0,0,0.0,Overcast clouds,c04n,2
2026-08-06 02:15:00,0.0,25.9,27.0,94,4.4,-45.6,0,0,0.0,Overcast clouds,c04n,2
2026-08-06 02:30:00,0.0,25.9,27.0,94,4.4,-43.7,0,0,0.0,Overcast clouds,c04n,2
2026-08-06 02:45:00,0.0,25.9,27.0,94,4.4,-41.8,0,0,0.0,Overcast clouds,c04n,2
2026-08-06 03:00:00,0.0,25.9,27.0,94,4.4,-39.9,0,0,0.0,Overcast clouds,c04n,3
2026-08-06 03:15:00,0.0,25.8,26.9,94,4.4,-37.4,0,0,0.0,Overcast clouds,c04n,3
2026-08-06 03:30:00,0.0,25.8,26.9,95,4.4,-34.8,0,0,0.0,Overcast clouds,c04n,3
2026-08-06 03:45:00,0.0,25.7,26.8,96,4.4,-32.3,0,0,0.0,Overcast clouds,c04n,3
2026-08-06 04:00:00,0.0,25.6,26.7,96,4.4,-29.8,0,0,0.0,Overcast clouds,c04n,4
2026-08-06 04:15:00,0.0,25.7,26.8,96,4.5,-26.8,0,0,0.0,Overcast clouds,c04n,4
2026-08-06 04:30:00,0.0,25.8,26.9,95,4.6,-23.9,0,0,0.0,Overcast clouds,c04n,4
2026-08-06 04:45:00,0.0,25.8,26.9,94,4.7,-20.9,0,0,0.0,Overcast clouds,c04n,4
2026-08-06 05:00:00,0.0,25.9,27.0,94,4.8,-18.0,0,0,0.0,Overcast clouds,c04n,5
2026-08-06 05:15:00,0.0,26.0,27.1,94,4.7,-14.8,0,0,0.0,Overcast clouds,c04n,5
2026-08-06 05:30:00,0.0,26.1,27.2,94,4.6,-11.7,0,0,0.0,Overcast clouds,c04n,5
2026-08-06 05:45:00,0.0,26.2,27.3,94,4.5,-8.5,0,0,0.0,Overcast clouds,c04n,5
2026-08-06 06:00:00,0.0,26.3,27.4,94,4.4,-5.4,0,0,0.0,Overcast clouds,c04n,6
2026-08-06 06:15:00,0.47,26.3,27.4,94,4.5,-2.1,23,11,0.0,Overcast clouds,c04n,6
2026-08-06 06:30:00,2.49,26.3,27.4,94,4.6,1.2,45,22,0.6,Overcast clouds,c04n,6
2026-08-06 06:45:00,6.88,26.3,27.4,94,4.7,4.5,68,33,0.6,Overcast clouds,c04d,6
2026-08-06 07:00:00,15.33,26.3,27.4,94,4.8,7.8,90,44,0.7,Overcast clouds,c04d,7
2026-08-06 07:15:00,27.4,26.4,27.5,94,4.9,11.2,146,53,0.7,Overcast clouds,c04d,7
2026-08-06 07:30:00,44.63,26.5,27.6,93,5.0,14.6,203,61,0.7,Overcast clouds,c04d,7
2026-08-06 07:45:00,66.32,26.6,27.7,92,5.1,18.0,259,69,0.8,Overcast clouds,c04d,7
2026-08-06 08:00:00,103.04,26.7,30.1,92,5.2,21.4,316,78,0.9,Overcast clouds,c04d,8
2026-08-06 08:15:00,103.64,26.8,30.3,92,5.4,24.8,374,83,1.0,Overcast clouds,c04d,8
2026-08-06 08:30:00,71.24,26.9,30.5,92,5.6,28.2,433,88,1.1,Overcast clouds,c04d,8
2026-08-06 08:45:00,55.05,26.9,30.7,92,5.8,31.7,491,93,1.3,Overcast clouds,c04d,8
2026-08-06 09:00:00,65.16,27.0,30.9,92,6.0,35.1,550,98,1.6,Overcast clouds,c04d,9
2026-08-06 09:15:00,130.42,27.8,32.7,88,6.4,38.5,602,101,1.8,Overcast clouds,c04d,9
2026-08-06 09:30:00,99.95,28.5,34.1,84,6.8,42.0,654,104,2.0,Overcast clouds,c04d,9
2026-08-06 09:45:00,157.63,29.3,35.7,81,7.2,45.5,706,108,2.3,Overcast clouds,c04d,9
2026-08-06 10:00:00,119.54,30.0,36.8,77,7.6,48.9,759,111,2.6,Overcast clouds,c04d,10
2026-08-06 10:15:00,217.42,30.1,37.1,77,8.2,52.4,799,113,2.9,Overcast clouds,c04d,10
2026-08-06 10:30:00,116.69,30.2,37.4,77,8.8,55.8,839,115,3.2,Overcast clouds,c04d,10
2026-08-06 10:45:00,67.32,30.3,37.7,77,9.4,59.3,880,117,3.6,Overcast clouds,c04d,10
2026-08-06 11:00:00,42.85,30.4,38.0,77,10.0,62.7,920,120,4.0,Overcast clouds,c04d,11
2026-08-06 11:15:00,20.34,30.5,37.9,76,10.1,66.1,945,121,4.1,Overcast clouds,c04d,11
2026-08-06 11:30:00,44.69,30.6,38.1,76,10.2,69.4,970,122,4.1,Overcast clouds,c04d,11
2026-08-06 11:45:00,34.63,30.6,38.1,75,10.3,72.8,995,123,4.2,Overcast clouds,c04d,11
2026-08-06 12:00:00,49.72,30.7,38.0,74,10.4,76.1,1020,124,4.2,Overcast clouds,c04d,12
2026-08-06 12:15:00,52.0,31.1,38.4,72,10.1,78.0,1027,125,4.2,Overcast clouds,c04d,12
2026-08-06 12:30:00,29.04,31.5,38.8,70,9.8,79.9,1034,125,4.1,Drizzle,d02d,12
2026-08-06 12:45:00,14.58,31.8,39.2,68,9.5,81.8,1041,125,4.0,Drizzle,d02d,12
2026-08-06 13:00:00,42.19,32.2,39.5,66,9.2,83.8,1048,126,4.0,Drizzle,d02d,13
2026-08-06 13:15:00,74.57,32.1,39.3,66,9.1,81.1,1037,125,3.9,Drizzle,d02d,13
2026-08-06 13:30:00,51.05,32.1,39.5,67,9.0,78.5,1026,125,3.7,Drizzle,d02d,13
2026-08-06 13:45:00,4.08,32.0,39.6,68,8.9,75.8,1014,124,3.6,Overcast clouds,c04d,13
2026-08-06 14:00:00,3.97,31.9,39.4,68,8.8,73.2,1003,124,3.6,Overcast clouds,c04d,14
2026-08-06 14:15:00,4.03,32.0,39.3,67,8.9,69.8,974,122,3.5,Overcast clouds,c04d,14
2026-08-06 14:30:00,3.94,32.1,39.1,66,9.0,66.4,946,121,3.3,Overcast clouds,c04d,14
2026-08-06 14:45:00,26.63,32.1,39.3,66,9.1,63.0,917,119,3.1,Overcast clouds,c04d,14
2026-08-06 15:00:00,74.58,32.2,39.2,65,9.2,59.6,888,118,3.0,Overcast clouds,c04d,15
2026-08-06 15:15:00,22.18,32.1,39.0,65,8.8,56.1,845,116,2.8,Overcast clouds,c04d,15
2026-08-06 15:30:00,13.97,32.1,39.1,66,8.4,52.7,801,113,2.5,Overcast clouds,c04d,15
2026-08-06 15:45:00,42.6,32.0,38.9,66,8.0,49.2,758,111,2.2,Overcast clouds,c04d,15
2026-08-06 16:00:00,45.63,31.9,38.7,66,7.6,45.7,714,108,2.0,Overcast clouds,c04d,16
2026-08-06 16:15:00,45.87,31.7,38.5,67,7.5,42.3,660,105,1.8,Overcast clouds,c04d,16
2026-08-06 16:30:00,43.15,31.5,38.3,68,7.4,38.8,606,101,1.6,Overcast clouds,c04d,16
2026-08-06 16:45:00,85.76,31.3,37.8,68,7.3,35.4,552,97,1.4,Overcast clouds,c04d,16
2026-08-06 17:00:00,121.65,31.1,37.6,69,7.2,31.9,498,94,1.3,Overcast clouds,c04d,17
2026-08-06 17:15:00,104.62,30.5,36.7,72,6.8,28.5,439,88,1.1,Overcast clouds,c04d,17
2026-08-06 17:30:00,62.66,29.8,35.5,74,6.4,25.1,379,83,1.0,Overcast clouds,c04d,17
2026-08-06 17:45:00,61.57,29.2,34.5,77,6.0,21.6,320,77,0.9,Overcast clouds,c04d,17
2026-08-06 18:00:00,52.11,28.5,33.4,80,5.6,18.2,261,72,0.8,Overcast clouds,c04d,18
2026-08-06 18:15:00,27.81,28.4,33.1,80,5.0,14.9,208,62,0.7,Overcast clouds,c04d,18
2026-08-06 18:30:00,20.06,28.3,32.9,80,4.4,11.5,154,52,0.7,Overcast clouds,c04d,18
2026-08-06 18:45:00,12.55,28.2,32.6,80,3.8,8.1,100,42,0.7,Overcast clouds,c04d,18
2026-08-06 19:00:00,8.29,28.1,32.4,80,3.2,4.7,46,33,0.6,Overcast clouds,c04n,19
2026-08-06 19:15:00,2.53,28.0,32.3,81,2.9,1.5,35,24,0.6,Overcast clouds,c04n,19
2026-08-06 19:30:00,0.24,28.0,32.3,82,2.6,-1.8,23,16,0.0,Overcast clouds,c04n,19
2026-08-06 19:45:00,0.02,27.9,32.2,83,2.3,-5.1,12,8,0.0,Overcast clouds,c04n,19
2026-08-06 20:00:00,0.0,27.8,32.2,84,2.0,-8.4,0,0,0.0,Overcast clouds,c04n,20
2026-08-06 20:15:00,0.0,27.8,32.2,84,1.9,-11.5,0,0,0.0,Overcast clouds,c04n,20
2026-08-06 20:30:00,0.0,27.8,32.2,84,1.8,-14.6,0,0,0.0,Overcast clouds,c04n,20
2026-08-06 20:45:00,0.0,27.8,32.2,84,1.7,-17.8,0,0,0.0,Drizzle,d02n,20
2026-08-06 21:00:00,0.0,27.8,32.2,84,1.6,-20.9,0,0,0.0,Light rain,r01n,21
2026-08-06 21:15:00,0.0,27.7,31.9,84,1.4,-23.8,0,0,0.0,Light rain,r01n,21
2026-08-06 21:30:00,0.0,27.6,31.8,85,1.2,-26.6,0,0,0.0,Light rain,r01n,21
2026-08-06 21:45:00,0.0,27.5,31.7,86,1.0,-29.5,0,0,0.0,Light rain,r01n,21
2026-08-06 22:00:00,0.0,27.4,31.4,86,0.8,-32.4,0,0,0.0,Light rain,r01n,22
2026-08-06 22:15:00,0.0,27.3,31.1,86,0.8,-34.8,0,0,0.0,Light rain,r01n,22
2026-08-06 22:30:00,0.0,27.2,31.0,87,0.8,-37.3,0,0,0.0,Light rain,r01n,22
2026-08-06 22:45:00,0.01,27.1,30.8,88,0.8,-39.7,0,0,0.0,Drizzle,d02n,22
2026-08-06 23:00:00,0.0,27.0,30.5,88,0.8,-42.1,0,0,0.0,Overcast clouds,c04n,23
2026-08-06 23:15:00,0.0,27.0,30.5,88,0.8,-43.8,0,0,0.0,Overcast clouds,c04n,23
2026-08-06 23:30:00,0.01,27.0,30.6,89,0.8,-45.5,0,0,0.0,Overcast clouds,c04n,23
2026-08-06 23:45:00,0.0,27.0,30.7,90,0.8,-47.2,0,0,0.0,Overcast clouds,c04n,23
2026-08-07 00:00:00,0.0,27.0,30.7,90,0.8,-48.8,0,0,0.0,Overcast clouds,c04n,0
2026-08-07 00:15:00,0.01,26.8,30.3,91,0.9,-49.4,0,0,0.0,Overcast clouds,c04n,0
2026-08-07 00:30:00,0.0,26.7,27.8,92,1.0,-49.9,0,0,0.0,Overcast clouds,c04n,0
2026-08-07 00:45:00,0.0,26.5,27.6,93,1.1,-50.4,0,0,0.0,Overcast clouds,c04n,0
2026-08-07 01:00:00,0.01,26.3,27.4,94,1.2,-50.9,0,0,0.0,Overcast clouds,c04n,1
2026-08-07 01:15:00,0.0,26.3,27.4,94,1.3,-50.1,0,0,0.0,Overcast clouds,c04n,1
2026-08-07 01:30:00,0.0,26.3,27.4,94,1.4,-49.3,0,0,0.0,Overcast clouds,c04n,1
2026-08-07 01:45:00,0.0,26.3,27.4,94,1.5,-48.5,0,0,0.0,Broken clouds,c03n,1
2026-08-07 02:00:00,0.0,26.3,27.4,94,1.6,-47.7,0,0,0.0,Broken clouds,c03n,2
2026-08-07 02:15:00,0.0,26.3,27.4,94,1.4,-45.8,0,0,0.0,Broken clouds,c03n,2
2026-08-07 02:30:00,0.0,26.3,27.4,94,1.2,-43.9,0,0,0.0,Scattered clouds,c02n,2
2026-08-07 02:45:00,0.0,26.3,27.4,94,1.0,-42.0,0,0,0.0,Scattered clouds,c02n,2
2026-08-07 03:00:00,0.0,26.3,27.4,94,0.8,-40.1,0,0,0.0,Few clouds,c02n,3
2026-08-07 03:15:00,0.0,26.2,27.3,94,0.8,-37.6,0,0,0.0,Few clouds,c02n,3
2026-08-07 03:30:00,0.0,26.1,27.2,95,0.8,-35.0,0,0,0.0,Few clouds,c02n,3
2026-08-07 03:45:00,0.0,26.0,27.2,96,0.8,-32.5,0,0,0.0,Few clouds,c02n,3
2026-08-07 04:00:00,0.0,25.9,27.1,96,0.8,-29.9,0,0,0.0,Few clouds,c02n,4
2026-08-07 04:15:00,0.0,25.8,27.0,96,0.9,-27.0,0,0,0.0,Scattered clouds,c02n,4
2026-08-07 04:30:00,0.0,25.8,26.9,97,1.0,-24.0,0,0,0.0,Fog,a05n,4
2026-08-07 04:45:00,0.0,25.7,26.9,98,1.1,-21.1,0,0,0.0,Fog,a05n,4
2026-08-07 05:00:00,0.0,25.6,26.8,98,1.2,-18.1,0,0,0.0,Fog,a05n,5
2026-08-07 05:15:00,0.0,25.8,27.0,98,1.3,-15.0,0,0,0.0,Fog,a05n,5
2026-08-07 05:30:00,0.0,26.0,27.1,97,1.4,-11.8,0,0,0.0,Fog,a05n,5
2026-08-07 05:45:00,0.0,26.1,27.3,96,1.5,-8.6,0,0,0.0,Broken clouds,c03n,5
2026-08-07 06:00:00,0.01,26.3,27.5,96,1.6,-5.5,0,0,0.0,Overcast clouds,c04n,6
2026-08-07 06:15:00,0.46,26.5,27.7,95,1.8,-2.1,22,11,0.0,Overcast clouds,c04n,6
2026-08-07 06:30:00,2.77,26.7,27.8,94,2.0,1.2,44,22,1.0,Overcast clouds,c04n,6
2026-08-07 06:45:00,7.88,26.8,30.5,93,2.2,4.5,67,33,1.0,Overcast clouds,c04d,6
2026-08-07 07:00:00,15.22,27.0,30.9,92,2.4,7.8,89,44,1.0,Overcast clouds,c04d,7
2026-08-07 07:15:00,25.79,27.1,31.1,91,2.6,11.1,145,52,1.2,Broken clouds,c03d,7
2026-08-07 07:30:00,39.52,27.2,31.3,90,2.8,14.5,202,61,1.4,Broken clouds,c03d,7
2026-08-07 07:45:00,52.75,27.3,31.5,89,3.0,17.9,258,69,1.7,Broken clouds,c03d,7
2026-08-07 08:00:00,40.76,27.4,31.6,88,3.2,21.3,315,77,2.0,Scattered clouds,c02d,8
2026-08-07 08:15:00,83.21,27.5,31.9,88,3.4,24.7,374,82,2.3,Scattered clouds,c02d,8
2026-08-07 08:30:00,97.81,27.6,32.1,87,3.6,28.2,432,88,2.7,Scattered clouds,c02d,8
2026-08-07 08:45:00,113.37,27.7,32.2,86,3.8,31.6,491,93,3.2,Few clouds,c02d,8
2026-08-07 09:00:00,127.63,27.8,32.5,86,4.0,35.0,549,98,3.7,Few clouds,c02d,9
2026-08-07 09:15:00,118.2,28.8,34.7,82,4.6,38.5,602,101,4.3,Few clouds,c02d,9
2026-08-07 09:30:00,120.78,29.9,36.7,78,5.2,42.0,654,104,4.9,Few clouds,c02d,9
2026-08-07 09:45:00,122.52,30.9,38.8,75,5.8,45.4,706,108,5.6,Few clouds,c02d,9
2026-08-07 10:00:00,11.96,31.9,40.5,71,6.4,48.9,758,111,6.3,Few clouds,c02d,10
2026-08-07 10:15:00,3.94,32.0,40.3,70,6.5,52.3,799,113,6.6,Few clouds,c02d,10
2026-08-07 10:30:00,3.93,32.1,40.6,70,6.6,55.8,839,115,6.7,Scattered clouds,c02d,10
2026-08-07 10:45:00,3.9,32.1,40.8,70,6.7,59.2,880,117,6.7,Scattered clouds,c02d,10
2026-08-07 11:00:00,156.18,32.2,40.6,69,6.8,62.7,920,120,6.7,Scattered clouds,c02d,11
2026-08-07 11:15:00,137.26,32.1,40.8,70,6.8,66.0,945,121,7.1,Scattered clouds,c02d,11
2026-08-07 11:30:00,73.89,32.1,40.6,70,6.8,69.3,970,122,7.5,Scattered clouds,c02d,11
2026-08-07 11:45:00,46.17,32.0,40.3,70,6.8,72.7,995,123,7.9,Scattered clouds,c02d,11
2026-08-07 12:00:00,4.3,31.9,40.5,71,6.8,76.0,1019,124,8.2,Drizzle,d02d,12
2026-08-07 12:15:00,3.94,32.4,41.1,69,7.0,77.9,1027,125,8.6,Drizzle,d02d,12
2026-08-07 12:30:00,3.93,32.8,42.0,68,7.2,79.7,1034,125,8.9,Drizzle,d02d,12
2026-08-07 12:45:00,3.96,33.3,42.5,66,7.4,81.6,1041,125,9.3,Drizzle,d02d,12
2026-08-07 13:00:00,59.21,33.7,43.0,64,7.6,83.5,1048,126,9.6,Light rain,r01d,13
2026-08-07 13:15:00,49.64,33.8,43.3,64,7.8,80.9,1036,125,9.5,Light rain,r01d,13
2026-08-07 13:30:00,59.18,33.9,43.6,64,8.0,78.2,1025,125,9.3,Light rain,r01d,13
2026-08-07 13:45:00,3.96,34.0,43.5,63,8.2,75.6,1014,124,9.1,Drizzle,d02d,13
2026-08-07 14:00:00,3.89,34.1,43.8,63,8.4,73.0,1002,124,8.9,Drizzle,d02d,14
2026-08-07 14:15:00,3.97,34.2,43.5,62,8.1,69.6,974,122,8.5,Scattered clouds,c02d,14
2026-08-07 14:30:00,17.2,34.3,43.8,62,7.8,66.2,945,121,8.0,Scattered clouds,c02d,14
2026-08-07 14:45:00,12.13,34.3,43.5,61,7.5,62.9,916,119,7.6,Scattered clouds,c02d,14
2026-08-07 15:00:00,4.08,34.4,43.3,60,7.2,59.5,887,118,7.1,Scattered clouds,c02d,15
2026-08-07 15:15:00,4.27,34.2,43.2,61,7.0,56.0,844,116,6.6,Scattered clouds,c02d,15
2026-08-07 15:30:00,4.02,34.1,43.2,62,6.8,52.6,800,113,6.1,Scattered clouds,c02d,15
2026-08-07 15:45:00,3.89,33.9,42.7,62,6.6,49.1,757,111,5.6,Scattered clouds,c02d,15
2026-08-07 16:00:00,3.88,33.7,42.6,63,6.4,45.6,713,108,5.2,Few clouds,c02d,16
2026-08-07 16:15:00,3.99,33.6,42.7,64,6.2,42.2,659,105,4.6,Few clouds,c02d,16
2026-08-07 16:30:00,3.95,33.5,42.4,64,6.0,38.7,604,101,4.0,Scattered clouds,c02d,16
2026-08-07 16:45:00,4.01,33.4,42.1,64,5.8,35.3,550,97,3.6,Scattered clouds,c02d,16
2026-08-07 17:00:00,3.93,33.3,42.3,65,5.6,31.8,496,94,3.2,Scattered clouds,c02d,17
2026-08-07 17:15:00,41.55,32.5,41.4,69,5.5,28.4,437,88,2.5,Scattered clouds,c02d,17
2026-08-07 17:30:00,47.15,31.7,40.5,73,5.4,25.0,378,82,1.9,Broken clouds,c03d,17
2026-08-07 17:45:00,32.08,30.8,39.3,77,5.3,21.5,319,77,1.5,Broken clouds,c03d,17
2026-08-07 18:00:00,24.98,30.0,38.0,81,5.2,18.1,259,71,1.1,Overcast clouds,c04d,18
2026-08-07 18:15:00,19.77,29.7,37.1,81,5.2,14.7,206,61,1.0,Overcast clouds,c04d,18
2026-08-07 18:30:00,0.02,29.5,36.0,80,5.2,11.4,152,52,1.0,Overcast clouds,c04d,18
2026-08-07 18:45:00,0.0,29.2,35.2,80,5.2,8.0,98,42,1.0,Overcast clouds,c04d,18
2026-08-07 19:00:00,0.0,28.9,34.5,80,5.2,4.6,44,32,1.0,Overcast clouds,c04n,19
2026-08-07 19:15:00,0.0,28.9,34.5,80,4.8,1.3,33,24,1.0,Overcast clouds,c04n,19
2026-08-07 19:30:00,0.01,28.9,34.5,80,4.4,-2.0,22,16,0.0,Overcast clouds,c04n,19
2026-08-07 19:45:00,0.0,28.9,34.5,80,4.0,-5.2,11,8,0.0,Overcast clouds,c04n,19
2026-08-07 20:00:00,0.0,28.9,34.5,80,3.6,-8.5,0,0,0.0,Overcast clouds,c04n,20
2026-08-07 20:15:00,0.0,29.0,34.7,80,3.1,-11.7,0,0,0.0,Overcast clouds,c04n,20
2026-08-07 20:30:00,0.0,29.1,35.0,80,2.6,-14.8,0,0,0.0,Overcast clouds,c04n,20
2026-08-07 20:45:00,0.0,29.2,35.1,79,2.1,-17.9,0,0,0.0,Overcast clouds,c04n,20
2026-08-07 21:00:00,0.0,29.3,35.4,79,1.6,-21.1,0,0,0.0,Drizzle,d02n,21
2026-08-07 21:15:00,0.0,29.0,34.7,80,1.5,-23.9,0,0,0.0,Drizzle,d02n,21
2026-08-07 21:30:00,0.0,28.7,34.3,82,1.4,-26.8,0,0,0.0,Thunderstorm with drizzle,t04n,21
2026-08-07 21:45:00,0.0,28.4,33.7,83,1.3,-29.7,0,0,0.0,Broken clouds,c03n,21
2026-08-07 22:00:00,0.0,28.1,33.0,84,1.2,-32.6,0,0,0.0,Broken clouds,c03n,22
2026-08-07 22:15:00,0.0,27.8,32.6,86,1.1,-35.0,0,0,0.0,Broken clouds,c03n,22
2026-08-07 22:30:00,0.0,27.6,31.9,87,1.0,-37.5,0,0,0.0,Scattered clouds,c02n,22
2026-08-07 22:45:00,0.0,27.3,31.3,88,0.9,-39.9,0,0,0.0,Scattered clouds,c02n,22
2026-08-07 23:00:00,0.0,27.0,30.7,90,0.8,-42.4,0,0,0.0,Few clouds,c02n,23
2026-08-07 23:15:00,0.0,27.0,30.7,90,1.0,-44.1,0,0,0.0,Few clouds,c02n,23
2026-08-07 23:30:00,0.01,27.0,30.8,91,1.2,-45.7,0,0,0.0,Scattered clouds,c02n,23
2026-08-07 23:45:00,0.0,27.0,30.9,92,1.4,-47.4,0,0,0.0,Scattered clouds,c02n,23
2026-08-08 00:00:00,0.0,27.0,30.9,92,1.6,-49.1,0,0,0.0,Scattered clouds,c02n,0
2026-08-08 00:15:00,0.01,26.9,30.7,92,1.8,-49.6,0,0,0.0,Scattered clouds,c02n,0
2026-08-08 00:30:00,0.0,26.9,30.6,93,2.0,-50.2,0,0,0.0,Scattered clouds,c02n,0
2026-08-08 00:45:00,0.0,26.8,30.5,94,2.2,-50.7,0,0,0.0,Few clouds,c02n,0
2026-08-08 01:00:00,0.0,26.7,30.2,94,2.4,-51.2,0,0,0.0,Few clouds,c02n,1
2026-08-08 01:15:00,0.0,26.7,30.2,94,2.6,-50.4,0,0,0.0,Few clouds,c02n,1
2026-08-08 01:30:00,0.0,26.7,30.2,94,2.8,-49.6,0,0,0.0,Few clouds,c02n,1
2026-08-08 01:45:00,0.0,26.7,30.2,94,3.0,-48.7,0,0,0.0,Few clouds,c02n,1
2026-08-08 02:00:00,0.0,26.7,30.2,94,3.2,-47.9,0,0,0.0,Few clouds,c02n,2
2026-08-08 02:15:00,0.0,26.7,30.2,94,3.4,-46.0,0,0,0.0,Few clouds,c02n,2
2026-08-08 02:30:00,0.0,26.7,30.2,94,3.6,-44.1,0,0,0.0,Few clouds,c02n,2
2026-08-08 02:45:00,0.0,26.7,30.2,94,3.8,-42.2,0,0,0.0,Few clouds,c02n,2
2026-08-08 03:00:00,0.0,26.7,30.2,94,4.0,-40.3,0,0,0.0,Few clouds,c02n,3
2026-08-08 03:15:00,0.0,26.6,27.8,94,4.0,-37.8,0,0,0.0,Few clouds,c02n,3
2026-08-08 03:30:00,0.0,26.5,27.7,94,4.0,-35.2,0,0,0.0,Few clouds,c02n,3
2026-08-08 03:45:00,0.0,26.4,27.5,94,4.0,-32.6,0,0,0.0,Few clouds,c02n,3
2026-08-08 04:00:00,0.0,26.3,27.4,94,4.0,-30.1,0,0,0.0,Few clouds,c02n,4
2026-08-08 04:15:00,0.0,26.3,27.4,94,3.9,-27.1,0,0,0.0,Few clouds,c02n,4
2026-08-08 04:30:00,0.0,26.3,27.5,95,3.8,-24.2,0,0,0.0,Few clouds,c02n,4
2026-08-08 04:45:00,0.0,26.3,27.5,96,3.7,-21.2,0,0,0.0,Few clouds,c02n,4
2026-08-08 05:00:00,0.0,26.3,27.5,96,3.6,-18.2,0,0,0.0,Few clouds,c02n,5
2026-08-08 05:15:00,0.0,26.6,27.8,95,3.5,-15.1,0,0,0.0,Scattered clouds,c02n,5
2026-08-08 05:30:00,0.0,26.9,30.7,94,3.4,-11.9,0,0,0.0,Scattered clouds,c02n,5
2026-08-08 05:45:00,0.0,27.1,31.4,93,3.3,-8.7,0,0,0.0,Scattered clouds,c02n,5
2026-08-08 06:00:00,0.01,27.4,32.2,92,3.2,-5.5,0,0,0.0,Scattered clouds,c02n,6
2026-08-08 06:15:00,0.0,27.4,32.2,92,3.2,-2.2,22,11,0.0,Scattered clouds,c02n,6
2026-08-08 06:30:00,2.18,27.4,32.2,92,3.2,1.1,44,22,1.6,Scattered clouds,c02n,6
2026-08-08 06:45:00,5.91,27.4,32.2,92,3.2,4.4,66,33,1.6,Scattered clouds,c02d,6
2026-08-08 07:00:00,18.69,27.4,32.2,92,3.2,7.7,88,44,1.6,Scattered clouds,c02d,7
2026-08-08 07:15:00,28.45,27.4,32.2,92,3.4,11.1,144,52,1.7,Scattered clouds,c02d,7
2026-08-08 07:30:00,41.63,27.4,32.2,92,3.6,14.5,201,61,1.8,Scattered clouds,c02d,7
2026-08-08 07:45:00,52.9,27.4,32.2,92,3.8,17.9,257,69,2.0,Scattered clouds,c02d,7
2026-08-08 08:00:00,69.0,27.4,32.2,92,4.0,21.2,314,77,2.2,Scattered clouds,c02d,8
2026-08-08 08:15:00,82.15,27.5,32.5,92,4.3,24.7,373,82,2.5,Scattered clouds,c02d,8
2026-08-08 08:30:00,98.76,27.6,32.7,91,4.6,28.1,431,87,2.8,Few clouds,c02d,8
2026-08-08 08:45:00,115.86,27.7,32.8,90,4.9,31.5,490,92,3.2,Few clouds,c02d,8
2026-08-08 09:00:00,40.2,27.8,33.1,90,5.2,35.0,549,98,3.7,Few clouds,c02d,9
2026-08-08 09:15:00,119.4,28.9,35.8,86,5.5,38.4,601,101,4.2,Few clouds,c02d,9
2026-08-08 09:30:00,119.3,30.0,38.2,82,5.8,41.9,653,104,4.7,Few clouds,c02d,9
2026-08-08 09:45:00,10.67,31.1,40.2,77,6.1,45.4,706,108,5.2,Few clouds,c02d,9
2026-08-08 10:00:00,3.86,32.2,42.2,73,6.4,48.8,758,111,5.8,Few clouds,c02d,10
2026-08-08 10:15:00,3.83,32.3,42.1,72,6.7,52.3,798,113,6.4,Few clouds,c02d,10
2026-08-08 10:30:00,3.82,32.4,42.4,72,7.0,55.7,839,115,6.9,Few clouds,c02d,10
2026-08-08 10:45:00,3.81,32.5,42.3,71,7.3,59.2,879,117,7.5,Few clouds,c02d,10
2026-08-08 11:00:00,226.16,32.6,42.2,70,7.6,62.6,920,120,8.1,Few clouds,c02d,11
2026-08-08 11:15:00,2.66,32.7,42.5,70,7.7,65.9,945,121,8.6,Few clouds,c02d,11
2026-08-08 11:30:00,2.66,32.8,42.8,70,7.8,69.3,969,122,9.1,Few clouds,c02d,11
2026-08-08 11:45:00,2.97,32.9,43.2,70,7.9,72.6,994,123,9.4,Few clouds,c02d,11
2026-08-08 12:00:00,2.66,33.0,43.5,70,8.0,75.9,1019,124,9.8,Few clouds,c02d,12
2026-08-08 12:15:00,2.6,33.5,44.0,68,8.0,77.7,1026,125,10.1,Few clouds,c02d,12
2026-08-08 12:30:00,2.65,33.9,44.5,66,8.0,79.5,1033,125,10.3,Few clouds,c02d,12
2026-08-08 12:45:00,2.59,34.4,44.5,63,8.0,81.4,1040,125,10.5,Few clouds,c02d,12
2026-08-08 13:00:00,2.66,34.8,44.9,61,8.0,83.2,1047,126,10.7,Few clouds,c02d,13
2026-08-08 13:15:00,2.65,34.9,44.8,60,7.9,80.6,1036,125,10.1,Few clouds,c02d,13
2026-08-08 13:30:00,2.59,35.0,45.1,60,7.8,78.0,1025,125,9.6,Drizzle,d02d,13
2026-08-08 13:45:00,2.65,35.1,45.3,60,7.7,75.4,1013,124,9.0,Scattered clouds,c02d,13
2026-08-08 14:00:00,226.45,35.2,45.2,59,7.6,72.9,1002,124,8.4,Scattered clouds,c02d,14
2026-08-08 14:15:00,101.11,35.2,45.2,59,7.6,69.5,973,122,7.9,Scattered clouds,c02d,14
2026-08-08 14:30:00,99.14,35.2,45.2,59,7.6,66.1,944,121,7.4,Scattered clouds,c02d,14
2026-08-08 14:45:00,66.48,35.2,45.2,59,7.6,62.7,915,119,7.0,Scattered clouds,c02d,14
2026-08-08 15:00:00,0.04,35.2,45.2,59,7.6,59.4,887,118,6.5,Scattered clouds,c02d,15
2026-08-08 15:15:00,63.68,34.8,44.5,60,7.4,55.9,843,116,5.8,Scattered clouds,c02d,15
2026-08-08 15:30:00,4.55,34.5,44.4,62,7.2,52.4,799,113,5.2,Broken clouds,c03d,15
2026-08-08 15:45:00,45.59,34.1,43.7,63,7.0,49.0,755,111,4.6,Broken clouds,c03d,15
2026-08-08 16:00:00,32.07,33.7,43.0,64,6.8,45.5,712,108,4.0,Broken clouds,c03d,16
2026-08-08 16:15:00,37.15,33.2,42.2,66,6.2,42.1,657,105,3.5,Broken clouds,c03d,16
2026-08-08 16:30:00,41.83,32.6,41.4,68,5.6,38.6,603,101,3.0,Drizzle,d02d,16
2026-08-08 16:45:00,99.42,32.1,40.2,69,5.0,35.2,549,97,2.5,Broken clouds,c03d,16
2026-08-08 17:00:00,118.31,31.5,39.3,71,4.4,31.7,494,93,2.2,Broken clouds,c03d,17
2026-08-08 17:15:00,24.96,31.2,38.9,72,4.1,28.3,435,88,1.9,Broken clouds,c03d,17
2026-08-08 17:30:00,29.47,31.0,38.7,74,3.8,24.8,376,82,1.6,Broken clouds,c03d,17
2026-08-08 17:45:00,28.28,30.7,38.5,76,3.5,21.4,317,77,1.4,Broken clouds,c03d,17
2026-08-08 18:00:00,39.22,30.4,38.0,77,3.2,18.0,257,71,1.3,Broken clouds,c03d,18
2026-08-08 18:15:00,22.07,30.4,38.3,78,2.7,14.6,204,61,1.2,Broken clouds,c03d,18
2026-08-08 18:30:00,20.59,30.4,38.6,79,2.2,11.2,150,51,1.2,Broken clouds,c03d,18
2026-08-08 18:45:00,4.03,30.4,38.9,80,1.7,7.8,96,41,1.1,Broken clouds,c03d,18
2026-08-08 19:00:00,4.0,30.4,39.2,81,1.2,4.5,43,31,1.1,Broken clouds,c03n,19
2026-08-08 19:15:00,3.84,30.2,38.9,82,1.3,1.2,32,24,1.1,Broken clouds,c03n,19
2026-08-08 19:30:00,0.95,30.0,38.2,82,1.4,-2.1,21,16,0.0,Overcast clouds,c04n,19
2026-08-08 19:45:00,0.02,29.8,37.9,83,1.5,-5.4,11,8,0.0,Overcast clouds,c04n,19
2026-08-08 20:00:00,0.01,29.6,37.5,84,1.6,-8.7,0,0,0.0,Overcast clouds,c04n,20
2026-08-08 20:15:00,0.0,29.5,37.3,84,1.7,-11.8,0,0,0.0,Overcast clouds,c04n,20
2026-08-08 20:30:00,0.0,29.5,37.3,85,1.8,-15.0,0,0,0.0,Overcast clouds,c04n,20
2026-08-08 20:45:00,0.0,29.4,37.3,86,1.9,-18.1,0,0,0.0,Overcast clouds,c04n,20
2026-08-08 21:00:00,0.01,29.3,37.1,86,2.0,-21.2,0,0,0.0,Overcast clouds,c04n,21
2026-08-08 21:15:00,0.01,29.3,37.1,86,2.1,-24.1,0,0,0.0,Overcast clouds,c04n,21
2026-08-08 21:30:00,0.0,29.3,37.1,86,2.2,-27.0,0,0,0.0,Overcast clouds,c04n,21
2026-08-08 21:45:00,0.0,29.3,37.1,86,2.3,-29.9,0,0,0.0,Overcast clouds,c04n,21
2026-08-08 22:00:00,0.0,29.3,37.1,86,2.4,-32.8,0,0,0.0,Overcast clouds,c04n,22
2026-08-08 22:15:00,0.0,29.1,36.7,87,2.5,-35.3,0,0,0.0,Broken clouds,c03n,22
2026-08-08 22:30:00,0.0,28.9,36.3,88,2.6,-37.7,0,0,0.0,Broken clouds,c03n,22
2026-08-08 22:45:00,0.0,28.7,35.8,89,2.7,-40.2,0,0,0.0,Broken clouds,c03n,22
2026-08-08 23:00:00,0.0,28.5,35.4,90,2.8,-42.6,0,0,0.0,Broken clouds,c03n,23
2026-08-08 23:15:00,0.0,28.5,35.4,90,2.8,-44.3,0,0,0.0,Broken clouds,c03n,23
2026-08-08 23:30:00,0.0,28.5,35.2,89,2.8,-46.0,0,0,0.0,Broken clouds,c03n,23
2026-08-08 23:45:00,0.0,28.5,35.0,88,2.8,-47.7,0,0,0.0,Broken clouds,c03n,23
2026-08-09 00:00:00,0.0,28.5,35.0,88,2.8,-49.4,0,0,0.0,Broken clouds,c03n,0
2026-08-09 00:15:00,0.0,28.3,34.6,89,2.9,-49.9,0,0,0.0,Broken clouds,c03n,0
2026-08-09 00:30:00,0.0,28.2,34.2,90,3.0,-50.4,0,0,0.0,Broken clouds,c03n,0
2026-08-09 00:45:00,0.0,28.0,33.8,91,3.1,-51.0,0,0,0.0,Broken clouds,c03n,0
2026-08-09 01:00:00,0.0,27.8,33.4,92,3.2,-51.5,0,0,0.0,Broken clouds,c03n,1
2026-08-09 01:15:00,0.0,27.8,33.4,92,3.3,-50.7,0,0,0.0,Broken clouds,c03n,1
2026-08-09 01:30:00,0.0,27.8,33.4,92,3.4,-49.8,0,0,0.0,Overcast clouds,c04n,1
2026-08-09 01:45:00,0.0,27.8,33.4,92,3.5,-49.0,0,0,0.0,Overcast clouds,c04n,1
2026-08-09 02:00:00,0.0,27.8,33.4,92,3.6,-48.2,0,0,0.0,Overcast clouds,c04n,2
2026-08-09 02:15:00,0.0,27.7,33.1,92,3.4,-46.3,0,0,0.0,Overcast clouds,c04n,2
2026-08-09 02:30:00,0.0,27.6,32.8,92,3.2,-44.4,0,0,0.0,Overcast clouds,c04n,2
2026-08-09 02:45:00,0.0,27.5,32.5,92,3.0,-42.4,0,0,0.0,Overcast clouds,c04n,2
2026-08-09 03:00:00,0.0,27.4,32.2,92,2.8,-40.5,0,0,0.0,Overcast clouds,c04n,3
2026-08-09 03:15:00,0.0,27.2,31.6,92,2.9,-38.0,0,0,0.0,Overcast clouds,c04n,3
2026-08-09 03:30:00,0.0,27.1,31.2,93,3.0,-35.4,0,0,0.0,Overcast clouds,c04n,3
2026-08-09 03:45:00,0.01,26.9,30.8,94,3.1,-32.8,0,0,0.0,Overcast clouds,c04n,3
2026-08-09 04:00:00,0.0,26.7,30.2,94,3.2,-30.2,0,0,0.0,Overcast clouds,c04n,4
2026-08-09 04:15:00,0.0,26.7,30.2,94,3.3,-27.2,0,0,0.0,Overcast clouds,c04n,4
2026-08-09 04:30:00,0.0,26.7,30.2,94,3.4,-24.3,0,0,0.0,Broken clouds,c03n,4
2026-08-09 04:45:00,0.0,26.7,30.2,94,3.5,-21.3,0,0,0.0,Broken clouds,c03n,4
2026-08-09 05:00:00,0.0,26.7,30.2,94,3.6,-18.4,0,0,0.0,Broken clouds,c03n,5
2026-08-09 05:15:00,0.0,27.1,31.2,93,3.6,-15.2,0,0,0.0,Broken clouds,c03n,5
2026-08-09 05:30:00,0.0,27.4,32.2,92,3.6,-12.0,0,0,0.0,Scattered clouds,c02n,5
2026-08-09 05:45:00,0.0,27.8,33.1,91,3.6,-8.8,0,0,0.0,Scattered clouds,c02n,5
2026-08-09 06:00:00,0.01,28.1,34.1,90,3.6,-5.6,0,0,0.0,Few clouds,c02n,6
2026-08-09 06:15:00,0.14,28.1,34.1,90,3.7,-2.3,22,11,0.0,Few clouds,c02n,6
2026-08-09 06:30:00,2.19,28.1,34.1,90,3.8,1.0,43,22,1.8,Few clouds,c02n,6
2026-08-09 06:45:00,7.0,28.1,34.1,90,3.9,4.3,65,33,1.9,Few clouds,c02d,6
2026-08-09 07:00:00,14.06,28.1,34.1,90,4.0,7.6,87,44,1.9,Few clouds,c02d,7
2026-08-09 07:15:00,23.96,28.1,34.1,90,4.2,11.0,143,52,2.0,Few clouds,c02d,7
2026-08-09 07:30:00,21.9,28.1,34.1,90,4.4,14.4,200,60,2.1,Few clouds,c02d,7
2026-08-09 07:45:00,50.47,28.1,34.1,90,4.6,17.8,256,69,2.3,Few clouds,c02d,7
2026-08-09 08:00:00,65.75,28.1,34.1,90,4.8,21.2,313,77,2.5,Few clouds,c02d,8
2026-08-09 08:15:00,84.44,28.2,34.4,90,5.1,24.6,372,82,2.8,Few clouds,c02d,8
2026-08-09 08:30:00,99.59,28.3,34.5,89,5.4,28.1,431,87,3.2,Few clouds,c02d,8
2026-08-09 08:45:00,116.26,28.4,34.6,88,5.7,31.5,489,92,3.6,Few clouds,c02d,8
2026-08-09 09:00:00,116.74,28.5,35.0,88,6.0,34.9,548,98,4.1,Few clouds,c02d,9
2026-08-09 09:15:00,123.21,29.4,36.7,84,6.1,38.4,600,101,4.6,Few clouds,c02d,9
2026-08-09 09:30:00,158.57,30.2,38.3,80,6.2,41.9,653,104,5.1,Few clouds,c02d,9
2026-08-09 09:45:00,172.98,31.1,40.0,77,6.3,45.3,705,108,5.7,Few clouds,c02d,9
2026-08-09 10:00:00,51.97,31.9,41.2,73,6.4,48.8,757,111,6.4,Few clouds,c02d,10
2026-08-09 10:15:00,181.57,32.4,41.8,71,6.8,52.2,798,113,7.0,Few clouds,c02d,10
2026-08-09 10:30:00,86.93,32.8,42.4,69,7.2,55.7,838,115,7.6,Few clouds,c02d,10
2026-08-09 10:45:00,6.81,33.3,43.0,67,7.6,59.1,879,117,8.1,Few clouds,c02d,10
2026-08-09 11:00:00,3.95,33.7,43.5,65,8.0,62.6,919,120,8.7,Few clouds,c02d,11
2026-08-09 11:15:00,93.09,33.7,43.5,65,8.1,65.9,944,121,9.0,Few clouds,c02d,11
2026-08-09 11:30:00,41.36,33.7,43.0,64,8.2,69.2,969,122,9.3,Few clouds,c02d,11
2026-08-09 11:45:00,3.91,33.7,43.0,64,8.3,72.5,994,123,9.6,Few clouds,c02d,11
2026-08-09 12:00:00,3.95,33.7,43.0,64,8.4,75.8,1019,124,9.7,Few clouds,c02d,12
2026-08-09 12:15:00,3.96,34.0,43.4,63,8.5,77.6,1026,125,9.9,Few clouds,c02d,12
2026-08-09 12:30:00,32.72,34.3,43.8,62,8.6,79.3,1033,125,10.0,Few clouds,c02d,12
2026-08-09 12:45:00,2.6,34.5,44.1,61,8.7,81.1,1040,125,10.1,Scattered clouds,c02d,12
2026-08-09 13:00:00,3.08,34.8,44.5,60,8.8,82.9,1047,126,10.2,Scattered clouds,c02d,13
2026-08-09 13:15:00,2.89,34.8,44.5,60,8.7,80.4,1036,125,10.0,Scattered clouds,c02d,13
2026-08-09 13:30:00,13.57,34.8,44.5,60,8.6,77.8,1024,125,9.8,Scattered clouds,c02d,13
2026-08-09 13:45:00,43.51,34.8,44.5,60,8.5,75.3,1013,124,9.6,Scattered clouds,c02d,13
2026-08-09 14:00:00,4.93,34.8,44.5,60,8.4,72.7,1001,124,9.3,Scattered clouds,c02d,14
2026-08-09 14:15:00,64.24,35.0,45.1,60,8.5,69.3,972,122,8.7,Scattered clouds,c02d,14
2026-08-09 14:30:00,9.38,35.2,45.2,59,8.6,66.0,943,121,8.1,Scattered clouds,c02d,14
2026-08-09 14:45:00,3.9,35.4,45.3,58,8.7,62.6,914,119,7.5,Scattered clouds,c02d,14
2026-08-09 15:00:00,3.93,35.6,45.9,58,8.8,59.2,886,118,6.8,Scattered clouds,c02d,15
2026-08-09 15:15:00,76.79,35.2,45.2,59,8.5,55.8,842,116,6.0,Scattered clouds,c02d,15
2026-08-09 15:30:00,40.35,34.9,44.6,60,8.2,52.3,798,113,5.2,Drizzle,d02d,15
2026-08-09 15:45:00,81.9,34.5,43.5,60,7.9,48.9,754,111,4.5,Light rain,r01d,15
2026-08-09 16:00:00,89.41,34.1,42.9,61,7.6,45.4,710,108,3.9,Light rain,r01d,16
2026-08-09 16:15:00,45.89,33.8,42.5,62,7.3,42.0,656,104,3.3,Light rain,r01d,16
2026-08-09 16:30:00,75.2,33.6,41.8,62,7.0,38.5,601,101,2.8,Light rain,r01d,16
2026-08-09 16:45:00,83.26,33.3,41.4,63,6.7,35.0,547,97,2.3,Thunderstorm with light rain,t01d,16
2026-08-09 17:00:00,63.6,33.0,41.0,64,6.4,31.6,492,93,2.0,Thunderstorm with light rain,t01d,17
2026-08-09 17:15:00,40.19,32.2,40.1,68,5.6,28.1,433,88,1.7,Thunderstorm with drizzle,t04d,17
2026-08-09 17:30:00,30.27,31.3,39.1,72,4.8,24.7,374,82,1.4,Overcast clouds,c04d,17
2026-08-09 17:45:00,20.87,30.5,37.6,75,4.0,21.3,315,76,1.2,Overcast clouds,c04d,17
2026-08-09 18:00:00,0.0,29.6,36.2,79,3.2,17.9,255,71,1.1,Overcast clouds,c04d,18
2026-08-09 18:15:00,0.02,29.7,36.5,79,2.8,14.5,202,61,1.1,Overcast clouds,c04d,18
2026-08-09 18:30:00,0.0,29.8,36.8,79,2.4,11.1,148,51,1.1,Overcast clouds,c04d,18
2026-08-09 18:45:00,0.02,29.9,37.1,79,2.0,7.7,95,41,1.1,Broken clouds,c03d,18
2026-08-09 19:00:00,0.0,30.0,37.4,79,1.6,4.3,41,31,1.1,Broken clouds,c03n,19
2026-08-09 19:15:00,0.04,30.0,37.7,80,1.7,1.0,31,23,1.1,Broken clouds,c03n,19
2026-08-09 19:30:00,0.02,30.0,37.7,80,1.8,-2.3,20,15,0.0,Broken clouds,c03n,19
2026-08-09 19:45:00,0.0,30.0,37.7,80,1.9,-5.5,10,8,0.0,Broken clouds,c03n,19
2026-08-09 20:00:00,0.0,30.0,38.0,81,2.0,-8.8,0,0,0.0,Broken clouds,c03n,20
2026-08-09 20:15:00,0.0,30.1,38.0,80,2.3,-12.0,0,0,0.0,Broken clouds,c03n,20
2026-08-09 20:30:00,0.0,30.2,38.3,80,2.6,-15.1,0,0,0.0,Broken clouds,c03n,20
2026-08-09 20:45:00,0.0,30.3,38.6,80,2.9,-18.3,0,0,0.0,Broken clouds,c03n,20
2026-08-09 21:00:00,0.0,30.4,38.6,79,3.2,-21.4,0,0,0.0,Broken clouds,c03n,21
2026-08-09 21:15:00,0.0,30.1,38.1,80,3.1,-24.3,0,0,0.0,Broken clouds,c03n,21
2026-08-09 21:30:00,0.0,29.9,37.8,82,3.0,-27.2,0,0,0.0,Broken clouds,c03n,21
2026-08-09 21:45:00,0.0,29.6,37.2,83,2.9,-30.1,0,0,0.0,Scattered clouds,c02n,21
2026-08-09 22:00:00,0.0,29.3,36.6,84,2.8,-33.0,0,0,0.0,Scattered clouds,c02n,22
2026-08-09 22:15:00,0.0,29.1,35.9,84,2.9,-35.5,0,0,0.0,Few clouds,c02n,22
2026-08-09 22:30:00,0.0,28.9,35.6,85,3.0,-37.9,0,0,0.0,Few clouds,c02n,22
2026-08-09 22:45:00,0.01,28.7,35.2,86,3.1,-40.4,0,0,0.0,Few clouds,c02n,22
2026-08-09 23:00:00,0.0,28.5,34.5,86,3.2,-42.9,0,0,0.0,Few clouds,c02n,23
2026-08-09 23:15:00,0.0,28.5,34.5,86,3.4,-44.6,0,0,0.0,Few clouds,c02n,23
2026-08-09 23:30:00,0.0,28.5,34.5,86,3.6,-46.3,0,0,0.0,Few clouds,c02n,23
2026-08-09 23:45:00,0.0,28.5,34.5,86,3.8,-48.0,0,0,0.0,Few clouds,c02n,23
2026-08-10 00:00:00,0.0,28.5,34.5,86,4.0,-49.7,0,0,0.0,Few clouds,c02n,0
2026-08-10 00:15:00,0.0,28.3,34.2,87,4.0,-50.2,0,0,0.0,Few clouds,c02n,0
2026-08-10 00:30:00,0.0,28.2,33.9,88,4.0,-50.7,0,0,0.0,Few clouds,c02n,0
2026-08-10 00:45:00,0.0,28.0,33.5,89,4.0,-51.2,0,0,0.0,Few clouds,c02n,0
2026-08-10 01:00:00,0.0,27.8,33.1,90,4.0,-51.8,0,0,0.0,Few clouds,c02n,1
2026-08-10 01:15:00,0.0,27.8,33.1,90,4.0,-50.9,0,0,0.0,Few clouds,c02n,1
2026-08-10 01:30:00,0.0,27.8,33.1,90,4.0,-50.1,0,0,0.0,Few clouds,c02n,1
2026-08-10 01:45:00,0.0,27.8,33.1,90,4.0,-49.3,0,0,0.0,Few clouds,c02n,1
2026-08-10 02:00:00,0.0,27.8,33.1,90,4.0,-48.4,0,0,0.0,Few clouds,c02n,2
2026-08-10 02:15:00,0.0,27.8,33.1,90,4.0,-46.5,0,0,0.0,Few clouds,c02n,2
2026-08-10 02:30:00,0.0,27.8,33.1,90,4.0,-44.6,0,0,0.0,Few clouds,c02n,2
2026-08-10 02:45:00,0.0,27.8,33.1,90,4.0,-42.7,0,0,0.0,Few clouds,c02n,2
2026-08-10 03:00:00,0.0,27.8,33.1,90,4.0,-40.7,0,0,0.0,Few clouds,c02n,3
2026-08-10 03:15:00,0.0,27.7,32.8,90,4.0,-38.1,0,0,0.0,Few clouds,c02n,3
2026-08-10 03:30:00,0.0,27.6,32.7,91,4.0,-35.6,0,0,0.0,Few clouds,c02n,3
2026-08-10 03:45:00,0.0,27.5,32.5,92,4.0,-33.0,0,0,0.0,Few clouds,c02n,3
2026-08-10 04:00:00,0.0,27.4,32.2,92,4.0,-30.4,0,0,0.0,Few clouds,c02n,4
2026-08-10 04:15:00,0.0,27.4,32.2,92,3.9,-27.4,0,0,0.0,Few clouds,c02n,4
2026-08-10 04:30:00,0.0,27.4,32.2,92,3.8,-24.4,0,0,0.0,Few clouds,c02n,4
2026-08-10 04:45:00,0.0,27.4,32.2,92,3.7,-21.5,0,0,0.0,Few clouds,c02n,4
2026-08-10 05:00:00,0.0,27.4,32.2,92,3.6,-18.5,0,0,0.0,Few clouds,c02n,5
2026-08-10 05:15:00,0.0,27.5,32.3,91,3.6,-15.3,0,0,0.0,Few clouds,c02n,5
2026-08-10 05:30:00,0.0,27.6,32.5,90,3.6,-12.1,0,0,0.0,Few clouds,c02n,5
2026-08-10 05:45:00,0.0,27.7,32.7,89,3.6,-8.9,0,0,0.0,Few clouds,c02n,5
2026-08-10 06:00:00,0.01,27.8,32.8,88,3.6,-5.7,0,0,0.0,Few clouds,c02n,6
2026-08-10 06:15:00,0.0,27.9,32.9,87,3.8,-2.4,21,11,0.0,Few clouds,c02n,6
2026-08-10 06:30:00,2.51,28.0,32.9,86,4.0,0.9,43,22,2.0,Few clouds,c02n,6
2026-08-10 06:45:00,6.5,28.0,33.0,85,4.2,4.2,64,33,2.0,Few clouds,c02d,6
2026-08-10 07:00:00,0.0,28.1,33.0,84,4.4,7.5,86,43,2.0,Few clouds,c02d,7
2026-08-10 07:15:00,25.1,28.2,33.3,84,4.6,10.9,142,52,2.1,Few clouds,c02d,7
2026-08-10 07:30:00,38.01,28.3,33.4,83,4.8,14.3,199,60,2.2,Few clouds,c02d,7
2026-08-10 07:45:00,51.84,28.4,33.5,82,5.0,17.7,256,69,2.3,Few clouds,c02d,7
2026-08-10 08:00:00,66.42,28.5,33.8,82,5.2,21.1,312,77,2.5,Few clouds,c02d,8
2026-08-10 08:15:00,49.79,28.6,34.0,82,5.4,24.6,371,82,2.8,Few clouds,c02d,8
2026-08-10 08:30:00,100.74,28.7,34.1,81,5.6,28.0,430,87,3.1,Few clouds,c02d,8
2026-08-10 08:45:00,116.74,28.8,34.2,80,5.8,31.4,489,92,3.5,Few clouds,c02d,8
2026-08-10 09:00:00,133.48,28.9,34.5,80,6.0,34.9,547,97,4.0,Few clouds,c02d,9
2026-08-10 09:15:00,137.98,30.0,36.3,75,6.3,38.3,600,101,4.3,Few clouds,c02d,9
2026-08-10 09:30:00,136.44,31.1,37.9,70,6.6,41.8,652,104,4.5,Few clouds,c02d,9
2026-08-10 09:45:00,59.36,32.2,39.5,66,6.9,45.3,705,108,4.8,Scattered clouds,c02d,9
2026-08-10 10:00:00,130.23,33.3,40.7,61,7.2,48.7,757,111,5.0,Scattered clouds,c02d,10
2026-08-10 10:15:00,129.85,33.4,40.6,60,7.4,52.2,798,113,5.5,Scattered clouds,c02d,10
2026-08-10 10:30:00,58.1,33.5,40.8,60,7.6,55.6,838,115,6.1,Scattered clouds,c02d,10
2026-08-10 10:45:00,6.58,33.6,41.1,60,7.8,59.0,879,118,6.7,Scattered clouds,c02d,10
2026-08-10 11:00:00,184.48,33.7,41.0,59,8.0,62.5,919,120,7.3,Scattered clouds,c02d,11
2026-08-10 11:15:00,118.79,33.7,40.6,58,8.0,65.8,944,121,7.9,Scattered clouds,c02d,11
2026-08-10 11:30:00,42.95,33.7,40.6,58,8.0,69.1,969,122,8.5,Scattered clouds,c02d,11
2026-08-10 11:45:00,3.97,33.7,40.6,58,8.0,72.4,994,123,9.0,Scattered clouds,c02d,11
2026-08-10 12:00:00,71.77,33.7,40.2,57,8.0,75.7,1019,125,9.7,Scattered clouds,c02d,12
2026-08-10 12:15:00,140.08,34.1,40.4,55,8.0,77.4,1026,125,9.9,Few clouds,c02d,12
2026-08-10 12:30:00,60.72,34.5,40.9,54,8.0,79.1,1033,125,10.1,Few clouds,c02d,12
2026-08-10 12:45:00,17.67,34.8,41.0,52,8.0,80.9,1040,125,10.3,Few clouds,c02d,12
2026-08-10 13:00:00,3.95,35.2,41.2,50,8.0,82.6,1047,126,10.5,Few clouds,c02d,13
2026-08-10 13:15:00,71.77,35.1,41.3,51,8.0,80.1,1035,125,10.2,Few clouds,c02d,13
2026-08-10 13:30:00,0.01,35.0,41.5,52,8.0,77.6,1024,125,10.0,Few clouds,c02d,13
2026-08-10 13:45:00,190.8,34.9,41.2,52,8.0,75.1,1012,124,9.7,Few clouds,c02d,13
2026-08-10 14:00:00,2.69,34.8,41.4,53,8.0,72.6,1001,124,9.4,Few clouds,c02d,14
2026-08-10 14:15:00,32.34,34.8,41.0,52,8.1,69.2,972,122,8.8,Scattered clouds,c02d,14
2026-08-10 14:30:00,24.26,34.8,41.0,52,8.2,65.8,942,121,8.2,Scattered clouds,c02d,14
2026-08-10 14:45:00,12.7,34.8,41.0,52,8.3,62.5,913,119,7.7,Scattered clouds,c02d,14
2026-08-10 15:00:00,3.93,34.8,40.6,51,8.4,59.1,884,118,7.1,Scattered clouds,c02d,15
2026-08-10 15:15:00,4.01,35.0,40.7,50,8.3,55.7,841,115,6.6,Scattered clouds,c02d,15
2026-08-10 15:30:00,3.97,35.2,41.2,50,8.2,52.2,797,113,6.0,Scattered clouds,c02d,15
2026-08-10 15:45:00,3.94,35.4,41.2,49,8.1,48.8,753,111,5.5,Scattered clouds,c02d,15
2026-08-10 16:00:00,8.92,35.6,41.3,48,8.0,45.3,709,108,5.0,Scattered clouds,c02d,16
2026-08-10 16:15:00,40.63,35.6,41.3,48,7.7,41.8,654,104,4.5,Few clouds,c02d,16
2026-08-10 16:30:00,27.68,35.6,41.3,48,7.4,38.4,600,101,4.1,Few clouds,c02d,16
2026-08-10 16:45:00,3.94,35.6,41.3,48,7.1,34.9,545,97,3.6,Few clouds,c02d,16
2026-08-10 17:00:00,3.89,35.6,41.3,48,6.8,31.5,490,93,3.3,Few clouds,c02d,17
2026-08-10 17:15:00,115.48,34.7,40.7,52,6.2,28.0,431,88,2.9,Few clouds,c02d,17
2026-08-10 17:30:00,52.81,33.8,39.6,55,5.6,24.6,372,82,2.6,Few clouds,c02d,17
2026-08-10 17:45:00,16.3,32.8,38.4,58,5.0,21.2,312,76,2.3,Few clouds,c02d,17
2026-08-10 18:00:00,4.6,31.9,37.4,62,4.4,17.7,253,71,2.1,Few clouds,c02d,18
2026-08-10 18:15:00,4.58,31.8,37.5,63,3.9,14.3,200,60,2.0,Few clouds,c02d,18
2026-08-10 18:30:00,4.55,31.7,37.6,64,3.4,11.0,146,50,2.0,Few clouds,c02d,18
2026-08-10 18:45:00,4.65,31.6,37.3,64,2.9,7.6,93,40,1.9,Few clouds,c02d,18
2026-08-10 19:00:00,4.73,31.5,37.4,65,2.4,4.2,39,30,1.9,Few clouds,c02n,19
2026-08-10 19:15:00,2.4,31.6,37.6,65,2.3,0.9,29,23,2.0,Few clouds,c02n,19
2026-08-10 19:30:00,0.38,31.7,37.6,64,2.2,-2.4,20,15,0.0,Few clouds,c02n,19
2026-08-10 19:45:00,0.02,31.8,37.8,64,2.1,-5.7,10,8,0.0,Few clouds,c02n,19
2026-08-10 20:00:00,0.0,31.9,38.1,64,2.0,-9.0,0,0,0.0,Few clouds,c02n,20
2026-08-10 20:15:00,0.0,31.6,37.9,66,2.0,-12.2,0,0,0.0,Few clouds,c02n,20
2026-08-10 20:30:00,0.0,31.3,37.8,68,2.0,-15.3,0,0,0.0,Few clouds,c02n,20
2026-08-10 20:45:00,0.0,31.0,37.3,69,2.0,-18.5,0,0,0.0,Few clouds,c02n,20
2026-08-10 21:00:00,0.0,30.7,37.1,71,2.0,-21.6,0,0,0.0,Few clouds,c02n,21
2026-08-10 21:15:00,0.0,30.4,36.4,72,2.0,-24.5,0,0,0.0,Few clouds,c02n,21
2026-08-10 21:30:00,0.0,30.0,36.0,74,2.0,-27.4,0,0,0.0,Few clouds,c02n,21
2026-08-10 21:45:00,0.0,29.7,35.6,76,2.0,-30.3,0,0,0.0,Few clouds,c02n,21
2026-08-10 22:00:00,0.0,29.3,34.9,77,2.0,-33.2,0,0,0.0,Clear Sky,c01n,22
2026-08-10 22:15:00,0.0,29.1,34.6,78,2.0,-35.7,0,0,0.0,Clear Sky,c01n,22
2026-08-10 22:30:00,0.0,28.9,34.0,78,2.0,-38.2,0,0,0.0,Clear Sky,c01n,22
2026-08-10 22:45:00,0.0,28.7,33.5,78,2.0,-40.7,0,0,0.0,Clear Sky,c01n,22
2026-08-10 23:00:00,0.0,28.5,33.2,79,2.0,-43.1,0,0,0.0,Clear Sky,c01n,23
2026-08-10 23:15:00,0.0,28.4,32.9,79,2.1,-44.8,0,0,0.0,Clear Sky,c01n,23
2026-08-10 23:30:00,0.0,28.3,32.9,80,2.2,-46.6,0,0,0.0,Clear Sky,c01n,23
2026-08-10 23:45:00,0.0,28.2,32.6,80,2.3,-48.3,0,0,0.0,Clear Sky,c01n,23
2026-08-11 00:00:00,0.0,28.1,32.4,80,2.4,-50.0,0,0,0.0,Clear Sky,c01n,0
2026-08-11 00:15:00,0.0,27.8,32.0,82,2.5,-50.5,0,0,0.0,Clear Sky,c01n,0
2026-08-11 00:30:00,0.0,27.6,31.4,83,2.6,-51.0,0,0,0.0,Few clouds,c02n,0
2026-08-11 00:45:00,0.0,27.3,30.8,84,2.7,-51.5,0,0,0.0,Few clouds,c02n,0
2026-08-11 01:00:00,0.0,27.0,30.3,86,2.8,-52.1,0,0,0.0,Few clouds,c02n,1
2026-08-11 01:15:00,0.0,27.0,30.3,86,2.8,-51.2,0,0,0.0,Few clouds,c02n,1
2026-08-11 01:30:00,0.0,27.0,30.3,86,2.8,-50.4,0,0,0.0,Few clouds,c02n,1
2026-08-11 01:45:00,0.0,27.0,30.3,86,2.8,-49.5,0,0,0.0,Few clouds,c02n,1
2026-08-11 02:00:00,0.0,27.0,30.3,86,2.8,-48.7,0,0,0.0,Few clouds,c02n,2
2026-08-11 02:15:00,0.0,27.0,30.3,86,2.7,-46.7,0,0,0.0,Few clouds,c02n,2
2026-08-11 02:30:00,0.0,27.0,30.3,86,2.6,-44.8,0,0,0.0,Few clouds,c02n,2
2026-08-11 02:45:00,0.0,27.0,30.3,86,2.5,-42.9,0,0,0.0,Few clouds,c02n,2
2026-08-11 03:00:00,0.0,27.0,30.3,86,2.4,-40.9,0,0,0.0,Few clouds,c02n,3
2026-08-11 03:15:00,0.0,26.8,30.0,87,2.4,-38.3,0,0,0.0,Few clouds,c02n,3
2026-08-11 03:30:00,0.0,26.7,27.7,88,2.4,-35.7,0,0,0.0,Few clouds,c02n,3
2026-08-11 03:45:00,0.0,26.5,27.5,89,2.4,-33.1,0,0,0.0,Few clouds,c02n,3
2026-08-11 04:00:00,0.0,26.3,27.3,90,2.4,-30.5,0,0,0.0,Few clouds,c02n,4
2026-08-11 04:15:00,0.0,26.3,27.3,90,2.4,-27.5,0,0,0.0,Few clouds,c02n,4
2026-08-11 04:30:00,0.0,26.3,27.3,90,2.4,-24.6,0,0,0.0,Few clouds,c02n,4
2026-08-11 04:45:00,0.01,26.3,27.3,90,2.4,-21.6,0,0,0.0,Few clouds,c02n,4
2026-08-11 05:00:00,0.0,26.3,27.3,90,2.4,-18.6,0,0,0.0,Few clouds,c02n,5
2026-08-11 05:15:00,0.0,26.5,27.5,90,2.4,-15.4,0,0,0.0,Few clouds,c02n,5
2026-08-11 05:30:00,0.0,26.7,27.7,89,2.4,-12.2,0,0,0.0,Few clouds,c02n,5
2026-08-11 05:45:00,0.0,26.8,30.1,88,2.4,-9.0,0,0,0.0,Few clouds,c02n,5
2026-08-11 06:00:00,0.01,27.0,30.5,88,2.4,-5.8,0,0,0.0,Clear Sky,c01n,6
2026-08-11 06:15:00,0.29,27.1,30.8,88,2.3,-2.5,21,11,0.0,Clear Sky,c01n,6
2026-08-11 06:30:00,2.05,27.2,31.0,87,2.2,0.8,42,22,2.0,Clear Sky,c01n,6
2026-08-11 06:45:00,5.72,27.3,31.1,86,2.1,4.1,63,32,2.0,Clear Sky,c01d,6
2026-08-11 07:00:00,13.62,27.4,31.4,86,2.0,7.5,85,43,2.1,Clear Sky,c01d,7
2026-08-11 07:15:00,26.33,27.7,31.9,84,2.2,10.9,141,52,2.0,Few clouds,c02d,7
2026-08-11 07:30:00,40.38,28.0,32.4,83,2.4,14.3,198,60,1.9,Scattered clouds,c02d,7
2026-08-11 07:45:00,54.03,28.2,33.0,82,2.6,17.7,255,69,1.8,Scattered clouds,c02d,7
2026-08-11 08:00:00,70.44,28.5,33.4,80,2.8,21.1,311,77,1.8,Broken clouds,c03d,8
2026-08-11 08:15:00,88.07,28.6,33.5,79,2.9,24.5,370,82,2.0,Broken clouds,c03d,8
2026-08-11 08:30:00,104.88,28.7,33.5,78,3.0,27.9,429,87,2.4,Scattered clouds,c02d,8
2026-08-11 08:45:00,122.3,28.8,33.8,78,3.1,31.4,488,92,2.8,Scattered clouds,c02d,8
2026-08-11 09:00:00,136.92,28.9,33.8,77,3.2,34.8,547,97,3.3,Scattered clouds,c02d,9
2026-08-11 09:15:00,148.99,29.9,35.6,73,3.3,38.3,599,101,3.4,Broken clouds,c03d,9
2026-08-11 09:30:00,164.11,31.0,37.5,70,3.4,41.8,652,104,3.4,Broken clouds,c03d,9
2026-08-11 09:45:00,173.73,32.0,38.9,66,3.5,45.2,704,108,3.3,Broken clouds,c03d,9
2026-08-11 10:00:00,159.91,33.0,40.3,62,3.6,48.7,757,111,3.2,Overcast clouds,c04d,10
2026-08-11 10:15:00,98.55,33.2,40.7,62,4.1,52.1,797,113,3.3,Overcast clouds,c04d,10
2026-08-11 10:30:00,118.13,33.4,40.8,61,4.6,55.5,838,115,3.5,Overcast clouds,c04d,10
2026-08-11 10:45:00,94.27,33.5,40.9,60,5.1,59.0,878,118,3.6,Overcast clouds,c04d,10
2026-08-11 11:00:00,26.0,33.7,41.4,60,5.6,62.4,919,120,3.7,Overcast clouds,c04d,11
2026-08-11 11:15:00,182.69,33.8,41.2,59,5.4,65.7,944,121,4.1,Overcast clouds,c04d,11
2026-08-11 11:30:00,48.93,33.9,41.1,58,5.2,69.0,969,122,4.5,Overcast clouds,c04d,11
2026-08-11 11:45:00,10.23,34.0,41.0,57,5.0,72.3,993,123,4.8,Overcast clouds,c04d,11
2026-08-11 12:00:00,15.01,34.1,40.8,56,4.8,75.5,1018,125,5.3,Overcast clouds,c04d,12
2026-08-11 12:15:00,33.1,34.6,41.2,54,4.8,77.2,1025,125,5.2,Overcast clouds,c04d,12
2026-08-11 12:30:00,82.12,35.0,41.5,52,4.8,78.9,1032,125,5.1,Overcast clouds,c04d,12
2026-08-11 12:45:00,33.81,35.5,41.8,50,4.8,80.6,1039,125,5.0,Overcast clouds,c04d,12
2026-08-11 13:00:00,27.36,35.9,42.0,48,4.8,82.3,1046,126,4.9,Overcast clouds,c04d,13
2026-08-11 13:15:00,66.21,35.9,42.0,48,5.0,79.8,1035,125,5.2,Overcast clouds,c04d,13
2026-08-11 13:30:00,34.21,35.9,41.6,47,5.2,77.4,1023,125,5.6,Overcast clouds,c04d,13
2026-08-11 13:45:00,9.0,35.9,41.2,46,5.4,74.9,1011,124,5.9,Broken clouds,c03d,13
2026-08-11 14:00:00,3.95,35.9,41.2,46,5.6,72.4,1000,124,6.1,Broken clouds,c03d,14
2026-08-11 14:15:00,36.75,36.0,41.4,46,5.3,69.0,971,122,6.4,Broken clouds,c03d,14
2026-08-11 14:30:00,59.26,36.1,41.2,45,5.0,65.7,942,121,6.6,Broken clouds,c03d,14
2026-08-11 14:45:00,25.81,36.2,41.1,44,4.7,62.3,912,119,6.7,Scattered clouds,c02d,14
2026-08-11 15:00:00,0.0,36.3,41.3,44,4.4,59.0,883,118,6.8,Scattered clouds,c02d,15
2026-08-11 15:15:00,70.16,36.3,41.3,44,4.2,55.5,839,115,6.5,Scattered clouds,c02d,15
2026-08-11 15:30:00,64.56,36.3,41.7,45,4.0,52.1,795,113,6.1,Scattered clouds,c02d,15
2026-08-11 15:45:00,42.6,36.3,42.1,46,3.8,48.6,751,111,5.7,Few clouds,c02d,15
2026-08-11 16:00:00,7.1,36.3,42.1,46,3.6,45.2,707,108,5.4,Few clouds,c02d,16
2026-08-11 16:15:00,117.14,36.3,42.1,46,3.4,41.7,653,104,4.9,Few clouds,c02d,16
2026-08-11 16:30:00,28.87,36.3,42.1,46,3.2,38.3,598,101,4.4,Few clouds,c02d,16
2026-08-11 16:45:00,2.59,36.3,41.7,45,3.0,34.8,543,97,4.0,Few clouds,c02d,16
2026-08-11 17:00:00,2.61,36.3,41.7,45,2.8,31.3,488,93,3.6,Few clouds,c02d,17
2026-08-11 17:15:00,2.63,35.6,41.2,48,2.6,27.9,429,87,3.1,Few clouds,c02d,17
2026-08-11 17:30:00,2.58,34.8,40.6,51,2.4,24.5,370,82,2.7,Few clouds,c02d,17
2026-08-11 17:45:00,2.58,34.1,39.9,54,2.2,21.0,310,76,2.4,Few clouds,c02d,17
2026-08-11 18:00:00,53.58,33.3,39.2,57,2.0,17.6,251,70,2.2,Few clouds,c02d,18
2026-08-11 18:15:00,35.85,33.2,39.4,58,2.0,14.2,197,60,2.0,Few clouds,c02d,18
2026-08-11 18:30:00,18.51,33.2,39.9,60,2.0,10.8,144,50,2.0,Few clouds,c02d,18
2026-08-11 18:45:00,10.3,33.1,40.1,61,2.0,7.4,91,40,1.9,Few clouds,c02d,18
2026-08-11 19:00:00,6.33,33.0,40.3,62,2.0,4.0,37,29,1.9,Few clouds,c02n,19
2026-08-11 19:15:00,2.51,32.9,40.0,62,2.2,0.7,28,22,1.9,Few clouds,c02n,19
2026-08-11 19:30:00,0.4,32.8,39.7,62,2.4,-2.6,19,15,0.0,Few clouds,c02n,19
2026-08-11 19:45:00,0.0,32.7,39.5,62,2.6,-5.9,9,7,0.0,Few clouds,c02n,19
2026-08-11 20:00:00,0.0,32.6,39.2,62,2.8,-9.2,0,0,0.0,Few clouds,c02n,20
2026-08-11 20:15:00,0.0,32.5,38.9,62,3.0,-12.3,0,0,0.0,Few clouds,c02n,20
2026-08-11 20:30:00,0.0,32.4,38.7,62,3.2,-15.5,0,0,0.0,Scattered clouds,c02n,20
2026-08-11 20:45:00,0.0,32.3,38.4,62,3.4,-18.6,0,0,0.0,Scattered clouds,c02n,20
2026-08-11 21:00:00,0.0,32.2,38.2,62,3.6,-21.8,0,0,0.0,Scattered clouds,c02n,21
2026-08-11 21:15:00,0.0,31.8,37.9,64,3.5,-24.7,0,0,0.0,Scattered clouds,c02n,21
2026-08-11 21:30:00,0.0,31.5,37.6,66,3.4,-27.6,0,0,0.0,Scattered clouds,c02n,21
2026-08-11 21:45:00,0.01,31.1,37.5,69,3.3,-30.5,0,0,0.0,Scattered clouds,c02n,21
2026-08-11 22:00:00,0.0,30.7,37.1,71,3.2,-33.5,0,0,0.0,Broken clouds,c03n,22
2026-08-11 22:15:00,0.0,30.4,36.6,72,3.1,-35.9,0,0,0.0,Scattered clouds,c02n,22
2026-08-11 22:30:00,0.0,30.2,36.2,73,3.0,-38.4,0,0,0.0,Scattered clouds,c02n,22
2026-08-11 22:45:00,0.0,29.9,35.7,74,2.9,-40.9,0,0,0.0,Scattered clouds,c02n,22
2026-08-11 23:00:00,0.0,29.6,35.2,75,2.8,-43.4,0,0,0.0,Scattered clouds,c02n,23
2026-08-11 23:15:00,0.01,29.6,35.2,75,2.8,-45.1,0,0,0.0,Scattered clouds,c02n,23
2026-08-11 23:30:00,0.0,29.6,35.2,75,2.8,-46.8,0,0,0.0,Scattered clouds,c02n,23
2026-08-11 23:45:00,0.01,29.6,35.2,75,2.8,-48.6,0,0,0.0,Scattered clouds,c02n,23
2026-08-12 00:00:00,0.0,29.6,35.2,75,2.8,-50.3,0,0,0.0,Few clouds,c02n,0
2026-08-12 00:15:00,0.0,29.4,35.0,76,2.9,-50.8,0,0,0.0,Few clouds,c02n,0
2026-08-12 00:30:00,0.0,29.3,34.8,77,3.0,-51.3,0,0,0.0,Few clouds,c02n,0
2026-08-12 00:45:00,0.0,29.1,34.5,78,3.1,-51.8,0,0,0.0,Few clouds,c02n,0
2026-08-12 01:00:00,0.0,28.9,34.3,79,3.2,-52.4,0,0,0.0,Few clouds,c02n,1
2026-08-12 01:15:00,0.0,28.9,34.0,78,3.2,-51.5,0,0,0.0,Few clouds,c02n,1
2026-08-12 01:30:00,0.0,28.9,34.0,78,3.2,-50.6,0,0,0.0,Few clouds,c02n,1
2026-08-12 01:45:00,0.0,28.9,34.0,78,3.2,-49.8,0,0,0.0,Few clouds,c02n,1
2026-08-12 02:00:00,0.0,28.9,33.8,77,3.2,-48.9,0,0,0.0,Few clouds,c02n,2
2026-08-12 02:15:00,0.0,28.9,33.8,77,3.4,-47.0,0,0,0.0,Few clouds,c02n,2
2026-08-12 02:30:00,0.0,28.9,33.8,77,3.6,-45.0,0,0,0.0,Few clouds,c02n,2
2026-08-12 02:45:00,0.0,28.9,33.8,77,3.8,-43.1,0,0,0.0,Few clouds,c02n,2
2026-08-12 03:00:00,0.0,28.9,33.8,77,4.0,-41.1,0,0,0.0,Few clouds,c02n,3
2026-08-12 03:15:00,0.0,28.7,33.5,78,4.0,-38.5,0,0,0.0,Few clouds,c02n,3
2026-08-12 03:30:00,0.0,28.5,33.0,78,4.0,-35.9,0,0,0.0,Few clouds,c02n,3
2026-08-12 03:45:00,0.0,28.3,32.7,79,4.0,-33.3,0,0,0.0,Few clouds,c02n,3
2026-08-12 04:00:00,0.0,28.1,32.4,80,4.0,-30.7,0,0,0.0,Few clouds,c02n,4
2026-08-12 04:15:00,0.0,28.1,32.4,80,4.0,-27.7,0,0,0.0,Scattered clouds,c02n,4
2026-08-12 04:30:00,0.0,28.1,32.4,80,4.0,-24.7,0,0,0.0,Scattered clouds,c02n,4
2026-08-12 04:45:00,0.0,28.1,32.4,80,4.0,-21.7,0,0,0.0,Scattered clouds,c02n,4
2026-08-12 05:00:00,0.0,28.1,32.4,80,4.0,-18.7,0,0,0.0,Broken clouds,c03n,5
2026-08-12 05:15:00,0.0,28.3,32.9,80,3.9,-15.5,0,0,0.0,Broken clouds,c03n,5
2026-08-12 05:30:00,0.0,28.5,33.4,80,3.8,-12.3,0,0,0.0,Broken clouds,c03n,5
2026-08-12 05:45:00,0.01,28.7,33.7,79,3.7,-9.1,0,0,0.0,Broken clouds,c03n,5
2026-08-12 06:00:00,0.01,28.9,34.3,79,3.6,-5.9,0,0,0.0,Broken clouds,c03n,6
2026-08-12 06:15:00,0.01,28.8,34.0,79,3.6,-2.6,21,11,0.0,Broken clouds,c03n,6
2026-08-12 06:30:00,2.39,28.7,33.9,80,3.6,0.7,42,21,1.3,Broken clouds,c03n,6
2026-08-12 06:45:00,7.35,28.6,33.7,80,3.6,4.1,63,32,1.3,Broken clouds,c03d,6
2026-08-12 07:00:00,16.18,28.5,33.4,80,3.6,7.4,84,43,1.4,Broken clouds,c03d,7
2026-08-12 07:15:00,25.43,28.5,33.4,80,3.8,10.8,140,51,1.5,Scattered clouds,c02d,7
2026-08-12 07:30:00,35.58,28.5,33.6,81,4.0,14.2,197,60,1.7,Scattered clouds,c02d,7
2026-08-12 07:45:00,48.26,28.5,33.8,82,4.2,17.6,254,69,2.0,Scattered clouds,c02d,7
2026-08-12 08:00:00,62.11,28.5,33.8,82,4.4,21.0,310,77,2.3,Few clouds,c02d,8
2026-08-12 08:15:00,78.44,28.6,34.0,82,4.5,24.4,369,82,2.6,Few clouds,c02d,8
2026-08-12 08:30:00,96.11,28.7,34.3,82,4.6,27.9,428,87,3.0,Few clouds,c02d,8
2026-08-12 08:45:00,108.33,28.8,34.6,82,4.7,31.3,487,92,3.5,Few clouds,c02d,8
2026-08-12 09:00:00,123.16,28.9,34.9,82,4.8,34.8,546,97,4.0,Few clouds,c02d,9
2026-08-12 09:15:00,126.54,29.9,36.9,78,5.0,38.2,599,101,4.5,Few clouds,c02d,9
2026-08-12 09:30:00,150.32,31.0,38.7,74,5.2,41.7,651,104,5.1,Few clouds,c02d,9
2026-08-12 09:45:00,165.1,32.0,40.7,71,5.4,45.2,704,108,5.7,Few clouds,c02d,9
2026-08-12 10:00:00,53.23,33.0,42.2,67,5.6,48.6,756,111,6.3,Few clouds,c02d,10
2026-08-12 10:15:00,3.87,33.0,42.2,67,5.6,52.1,797,113,6.9,Few clouds,c02d,10
2026-08-12 10:30:00,4.46,33.0,42.6,68,5.6,55.5,837,115,7.6,Few clouds,c02d,10
2026-08-12 10:45:00,3.95,33.0,42.6,68,5.6,58.9,878,118,8.1,Few clouds,c02d,10
2026-08-12 11:00:00,27.54,33.0,42.6,68,5.6,62.4,919,120,8.8,Few clouds,c02d,11
2026-08-12 11:15:00,26.41,33.1,42.9,68,5.7,65.6,943,121,9.3,Few clouds,c02d,11
2026-08-12 11:30:00,52.02,33.2,43.1,68,5.8,68.9,968,122,9.9,Few clouds,c02d,11
2026-08-12 11:45:00,118.1,33.2,42.9,67,5.9,72.1,993,123,10.3,Few clouds,c02d,11
2026-08-12 12:00:00,54.76,33.3,43.1,67,6.0,75.4,1018,125,10.8,Few clouds,c02d,12
2026-08-12 12:15:00,82.82,33.9,44.0,65,6.0,77.1,1025,125,10.8,Few clouds,c02d,12
2026-08-12 12:30:00,53.32,34.5,44.4,62,6.0,78.7,1032,125,10.8,Few clouds,c02d,12
2026-08-12 12:45:00,157.11,35.0,45.1,60,6.0,80.4,1039,125,10.8,Few clouds,c02d,12
2026-08-12 13:00:00,78.31,35.6,45.9,58,6.0,82.0,1046,126,10.7,Few clouds,c02d,13
2026-08-12 13:15:00,47.74,35.7,45.6,57,5.9,79.6,1034,125,10.6,Few clouds,c02d,13
2026-08-12 13:30:00,10.04,35.8,45.3,56,5.8,77.1,1022,125,10.5,Few clouds,c02d,13
2026-08-12 13:45:00,2.67,35.8,45.5,56,5.7,74.7,1011,124,10.2,Few clouds,c02d,13
2026-08-12 14:00:00,83.1,35.9,45.2,55,5.6,72.2,999,124,10.0,Few clouds,c02d,14
2026-08-12 14:15:00,58.71,36.0,45.0,54,5.6,68.9,970,122,9.0,Few clouds,c02d,14
2026-08-12 14:30:00,40.99,36.1,45.3,54,5.6,65.5,941,121,8.1,Scattered clouds,c02d,14
2026-08-12 14:45:00,3.97,36.2,45.6,54,5.6,62.2,911,119,7.1,Scattered clouds,c02d,14
2026-08-12 15:00:00,4.72,36.3,45.4,53,5.6,58.8,882,118,6.3,Scattered clouds,c02d,15
2026-08-12 15:15:00,3.97,36.1,45.4,54,5.5,55.4,838,115,6.0,Scattered clouds,c02d,15
2026-08-12 15:30:00,4.43,36.0,45.9,56,5.4,51.9,794,113,5.6,Scattered clouds,c02d,15
2026-08-12 15:45:00,3.95,35.8,45.9,57,5.3,48.5,750,110,5.3,Scattered clouds,c02d,15
2026-08-12 16:00:00,3.95,35.6,45.9,58,5.2,45.1,706,108,4.9,Scattered clouds,c02d,16
2026-08-12 16:15:00,43.78,35.4,45.3,58,5.1,41.6,651,104,4.4,Scattered clouds,c02d,16
2026-08-12 16:30:00,55.09,35.2,45.2,59,5.0,38.1,596,100,3.9,Scattered clouds,c02d,16
2026-08-12 16:45:00,4.86,35.0,45.1,60,4.9,34.7,541,97,3.5,Scattered clouds,c02d,16
2026-08-12 17:00:00,8.69,34.8,44.5,60,4.8,31.2,486,93,3.1,Few clouds,c02d,17
2026-08-12 17:15:00,4.21,33.6,43.2,65,4.6,27.8,427,87,2.7,Thunderstorm with drizzle,t04d,17
2026-08-12 17:30:00,18.89,32.4,41.6,70,4.4,24.3,368,82,2.4,Thunderstorm with light rain,t01d,17
2026-08-12 17:45:00,26.47,31.2,39.4,74,4.2,20.9,308,76,2.1,Thunderstorm with drizzle,t04d,17
2026-08-12 18:00:00,27.86,30.0,37.4,79,4.0,17.5,249,70,1.9,Thunderstorm with drizzle,t04d,18
2026-08-12 18:15:00,19.22,29.8,36.9,79,3.9,14.1,195,60,1.9,Thunderstorm with drizzle,t04d,18
2026-08-12 18:30:00,8.57,29.7,36.4,79,3.8,10.7,142,49,1.8,Thunderstorm with light rain,t01d,18
2026-08-12 18:45:00,5.93,29.5,35.8,79,3.7,7.3,89,39,1.9,Thunderstorm with drizzle,t04d,18
2026-08-12 19:00:00,5.13,29.3,35.4,79,3.6,3.9,35,29,1.9,Few clouds,c02n,19
2026-08-12 19:15:00,0.68,29.2,35.1,79,3.5,0.6,27,22,1.9,Few clouds,c02n,19
2026-08-12 19:30:00,0.17,29.1,35.0,80,3.4,-2.7,18,14,0.0,Few clouds,c02n,19
2026-08-12 19:45:00,0.0,29.0,34.7,80,3.3,-6.0,9,7,0.0,Few clouds,c02n,19
2026-08-12 20:00:00,0.0,28.9,34.5,80,3.2,-9.3,0,0,0.0,Few clouds,c02n,20
2026-08-12 20:15:00,0.0,28.8,34.2,80,3.0,-12.5,0,0,0.0,Few clouds,c02n,20
2026-08-12 20:30:00,0.0,28.7,34.1,81,2.8,-15.7,0,0,0.0,Few clouds,c02n,20
2026-08-12 20:45:00,0.0,28.6,34.0,82,2.6,-18.8,0,0,0.0,Few clouds,c02n,20
2026-08-12 21:00:00,0.0,28.5,33.8,82,2.4,-22.0,0,0,0.0,Drizzle,d02n,21
2026-08-12 21:15:00,0.0,28.3,33.3,82,2.5,-24.9,0,0,0.0,Few clouds,c02n,21
2026-08-12 21:30:00,0.0,28.2,33.0,83,2.6,-27.8,0,0,0.0,Few clouds,c02n,21
2026-08-12 21:45:00,0.0,28.0,32.7,84,2.7,-30.8,0,0,0.0,Few clouds,c02n,21
2026-08-12 22:00:00,0.0,27.8,32.2,84,2.8,-33.7,0,0,0.0,Scattered clouds,c02n,22
2026-08-12 22:15:00,0.0,27.6,31.9,86,2.5,-36.2,0,0,0.0,Scattered clouds,c02n,22
2026-08-12 22:30:00,0.0,27.4,31.6,88,2.2,-38.7,0,0,0.0,Scattered clouds,c02n,22
2026-08-12 22:45:00,0.0,27.2,31.3,90,1.9,-41.2,0,0,0.0,Scattered clouds,c02n,22
2026-08-12 23:00:00,0.0,27.0,30.9,92,1.6,-43.7,0,0,0.0,Scattered clouds,c02n,23
2026-08-12 23:15:00,0.0,27.0,30.9,92,1.9,-45.4,0,0,0.0,Scattered clouds,c02n,23
2026-08-12 23:30:00,0.0,27.0,30.9,92,2.2,-47.1,0,0,0.0,Broken clouds,c03n,23
2026-08-12 23:45:00,0.0,27.0,30.9,92,2.5,-48.8,0,0,0.0,Broken clouds,c03n,23
2026-08-13 00:00:00,0.0,27.0,30.9,92,2.8,-50.6,0,0,0.0,Broken clouds,c03n,0
2026-08-13 00:15:00,0.0,26.9,30.7,92,2.6,-51.1,0,0,0.0,Broken clouds,c03n,0
2026-08-13 00:30:00,0.0,26.9,30.5,92,2.4,-51.6,0,0,0.0,Broken clouds,c03n,0
2026-08-13 00:45:00,0.0,26.8,30.3,92,2.2,-52.1,0,0,0.0,Broken clouds,c03n,0
2026-08-13 01:00:00,0.0,26.7,30.1,92,2.0,-52.7,0,0,0.0,Broken clouds,c03n,1
2026-08-13 01:15:00,0.0,26.7,30.1,92,2.0,-51.8,0,0,0.0,Broken clouds,c03n,1
2026-08-13 01:30:00,0.0,26.7,30.1,92,2.0,-50.9,0,0,0.0,Drizzle,d02n,1
2026-08-13 01:45:00,0.0,26.7,30.1,92,2.0,-50.1,0,0,0.0,Drizzle,d02n,1
2026-08-13 02:00:00,0.0,26.7,30.1,92,2.0,-49.2,0,0,0.0,Drizzle,d02n,2
2026-08-13 02:15:00,0.0,26.6,27.7,92,2.7,-47.2,0,0,0.0,Drizzle,d02n,2
2026-08-13 02:30:00,0.0,26.5,27.6,93,3.4,-45.3,0,0,0.0,Drizzle,d02n,2
2026-08-13 02:45:00,0.0,26.4,27.5,94,4.1,-43.3,0,0,0.0,Drizzle,d02n,2
2026-08-13 03:00:00,0.0,26.3,27.4,94,4.8,-41.3,0,0,0.0,Drizzle,d02n,3
2026-08-13 03:15:00,0.0,26.3,27.4,94,4.9,-38.7,0,0,0.0,Overcast clouds,c04n,3
2026-08-13 03:30:00,0.0,26.3,27.4,94,5.0,-36.1,0,0,0.0,Overcast clouds,c04n,3
2026-08-13 03:45:00,0.0,26.3,27.4,94,5.1,-33.5,0,0,0.0,Overcast clouds,c04n,3
2026-08-13 04:00:00,0.0,26.3,27.4,94,5.2,-30.8,0,0,0.0,Overcast clouds,c04n,4
2026-08-13 04:15:00,0.0,26.2,27.3,94,4.7,-27.8,0,0,0.0,Overcast clouds,c04n,4
2026-08-13 04:30:00,0.0,26.1,27.2,95,4.2,-24.8,0,0,0.0,Overcast clouds,c04n,4
2026-08-13 04:45:00,0.0,26.0,27.2,96,3.7,-21.8,0,0,0.0,Overcast clouds,c04n,4
2026-08-13 05:00:00,0.0,25.9,27.1,96,3.2,-18.8,0,0,0.0,Overcast clouds,c04n,5
2026-08-13 05:15:00,0.0,26.0,27.2,96,2.8,-15.6,0,0,0.0,Overcast clouds,c04n,5
2026-08-13 05:30:00,0.0,26.1,27.3,96,2.4,-12.4,0,0,0.0,Overcast clouds,c04n,5
2026-08-13 05:45:00,0.0,26.2,27.4,96,2.0,-9.2,0,0,0.0,Overcast clouds,c04n,5
2026-08-13 06:00:00,0.0,26.3,27.5,96,1.6,-6.0,0,0,0.0,Overcast clouds,c04n,6
2026-08-13 06:15:00,0.01,26.3,27.5,96,1.6,-2.7,21,11,0.0,Overcast clouds,c04n,6
2026-08-13 06:30:00,2.34,26.3,27.5,96,1.6,0.7,41,21,0.6,Overcast clouds,c04n,6
2026-08-13 06:45:00,5.93,26.3,27.5,96,1.6,4.0,62,32,0.6,Overcast clouds,c04d,6
2026-08-13 07:00:00,12.54,26.3,27.5,96,1.6,7.3,83,43,0.6,Overcast clouds,c04d,7
2026-08-13 07:15:00,22.24,26.2,27.4,96,2.2,10.7,139,51,0.7,Overcast clouds,c04d,7
2026-08-13 07:30:00,22.95,26.1,27.3,96,2.8,14.1,196,60,0.7,Overcast clouds,c04d,7
2026-08-13 07:45:00,0.0,26.0,27.2,96,3.4,17.5,253,68,0.8,Overcast clouds,c04d,7
2026-08-13 08:00:00,50.35,25.9,27.1,96,4.0,20.9,309,77,0.8,Overcast clouds,c04d,8
2026-08-13 08:15:00,85.44,25.8,27.0,97,4.0,24.4,368,82,0.9,Fog,a05d,8
2026-08-13 08:30:00,107.73,25.8,26.9,98,4.0,27.8,427,87,1.0,Fog,a05d,8
2026-08-13 08:45:00,121.75,25.7,26.9,99,4.0,31.3,486,92,1.2,Fog,a05d,8
2026-08-13 09:00:00,148.4,25.6,26.8,100,4.0,34.7,545,97,1.3,Fog,a05d,9
2026-08-13 09:15:00,99.58,26.6,27.8,96,3.7,38.2,598,101,1.5,Overcast clouds,c04d,9
2026-08-13 09:30:00,130.24,27.6,32.7,91,3.4,41.7,651,104,1.7,Overcast clouds,c04d,9
2026-08-13 09:45:00,98.72,28.6,34.9,86,3.1,45.1,703,108,1.9,Overcast clouds,c04d,9
2026-08-13 10:00:00,32.71,29.6,37.0,82,2.8,48.6,756,111,2.1,Overcast clouds,c04d,10
2026-08-13 10:15:00,104.38,29.6,37.0,82,2.8,52.0,796,113,2.3,Overcast clouds,c04d,10
2026-08-13 10:30:00,179.19,29.6,37.0,82,2.8,55.4,837,115,2.5,Overcast clouds,c04d,10
2026-08-13 10:45:00,194.25,29.6,36.7,81,2.8,58.9,878,118,2.8,Overcast clouds,c04d,10
2026-08-13 11:00:00,201.08,29.6,36.7,81,2.8,62.3,918,120,3.0,Overcast clouds,c04d,11
2026-08-13 11:15:00,232.31,29.6,36.5,80,2.8,65.5,943,121,3.2,Overcast clouds,c04d,11
2026-08-13 11:30:00,121.18,29.6,36.5,80,2.8,68.8,968,122,3.3,Overcast clouds,c04d,11
2026-08-13 11:45:00,95.46,29.6,36.5,80,2.8,72.0,993,123,3.4,Overcast clouds,c04d,11
2026-08-13 12:00:00,42.63,29.6,36.2,79,2.8,75.3,1018,125,3.6,Overcast clouds,c04d,12
2026-08-13 12:15:00,71.65,30.2,37.3,77,3.8,76.9,1024,125,3.6,Overcast clouds,c04d,12
2026-08-13 12:30:00,12.68,30.8,38.4,75,4.8,78.5,1031,125,3.7,Drizzle,d02d,12
2026-08-13 12:45:00,4.02,31.3,39.5,73,5.8,80.1,1038,125,3.7,Overcast clouds,c04d,12
2026-08-13 13:00:00,4.0,31.9,40.5,71,6.8,81.7,1045,126,3.8,Overcast clouds,c04d,13
2026-08-13 13:15:00,3.94,32.1,40.6,70,6.8,79.3,1033,125,3.7,Overcast clouds,c04d,13
2026-08-13 13:30:00,47.05,32.3,41.2,70,6.8,76.9,1022,125,3.5,Overcast clouds,c04d,13
2026-08-13 13:45:00,29.71,32.4,41.3,69,6.8,74.4,1010,124,3.4,Overcast clouds,c04d,13
2026-08-13 14:00:00,25.26,32.6,41.4,68,6.8,72.0,998,124,3.4,Overcast clouds,c04d,14
2026-08-13 14:15:00,60.66,32.7,41.3,67,6.7,68.7,969,122,3.2,Overcast clouds,c04d,14
2026-08-13 14:30:00,29.98,32.8,41.2,66,6.6,65.4,940,121,3.0,Overcast clouds,c04d,14
2026-08-13 14:45:00,6.44,32.9,41.5,66,6.5,62.0,910,119,2.9,Overcast clouds,c04d,14
2026-08-13 15:00:00,3.97,33.0,41.4,65,6.4,58.7,881,118,2.7,Overcast clouds,c04d,15
2026-08-13 15:15:00,23.19,33.2,41.5,64,6.1,55.3,837,115,2.5,Overcast clouds,c04d,15
2026-08-13 15:30:00,15.12,33.4,41.6,63,5.8,51.8,792,113,2.3,Drizzle,d02d,15
2026-08-13 15:45:00,28.18,33.5,41.7,62,5.5,48.4,748,110,2.1,Light rain,r01d,15
2026-08-13 16:00:00,19.9,33.7,41.8,61,5.2,44.9,704,108,1.9,Light rain,r01d,16
2026-08-13 16:15:00,61.82,33.9,41.8,60,4.8,41.5,649,104,2.0,Light rain,r01d,16
2026-08-13 16:30:00,31.69,34.1,41.9,59,4.4,38.0,594,100,1.9,Moderate rain,r02d,16
2026-08-13 16:45:00,13.23,34.2,42.0,58,4.0,34.5,539,97,1.9,Light rain,r01d,16
2026-08-13 17:00:00,3.18,34.4,42.0,57,3.6,31.1,484,93,1.8,Light rain,r01d,17
2026-08-13 17:15:00,104.63,33.5,40.8,60,3.1,27.6,425,87,1.6,Light rain,r01d,17
2026-08-13 17:30:00,77.62,32.6,39.4,63,2.6,24.2,365,81,1.4,Drizzle,d02d,17
2026-08-13 17:45:00,3.96,31.6,38.0,66,2.1,20.7,306,76,1.3,Drizzle,d02d,17
2026-08-13 18:00:00,4.0,30.7,36.5,69,1.6,17.3,246,70,1.2,Drizzle,d02d,18
2026-08-13 18:15:00,3.96,30.6,36.9,71,1.5,13.9,193,59,1.1,Broken clouds,c03d,18
2026-08-13 18:30:00,3.97,30.6,37.3,73,1.4,10.5,140,49,1.2,Broken clouds,c03d,18
2026-08-13 18:45:00,3.98,30.5,37.6,75,1.3,7.1,87,38,1.2,Broken clouds,c03d,18
2026-08-13 19:00:00,4.06,30.4,38.0,77,1.2,3.7,34,28,1.3,Broken clouds,c03n,19
2026-08-13 19:15:00,3.2,30.4,37.7,76,1.5,0.4,25,21,1.4,Broken clouds,c03n,19
2026-08-13 19:30:00,0.69,30.4,37.1,74,1.8,-2.9,17,14,0.0,Broken clouds,c03n,19
2026-08-13 19:45:00,0.0,30.4,36.8,73,2.1,-6.2,8,7,0.0,Scattered clouds,c02n,19
2026-08-13 20:00:00,0.0,30.4,36.6,72,2.4,-9.5,0,0,0.0,Scattered clouds,c02n,20
2026-08-13 20:15:00,0.0,30.2,36.3,73,2.1,-12.7,0,0,0.0,Scattered clouds,c02n,20
2026-08-13 20:30:00,0.0,30.0,36.0,74,1.8,-15.9,0,0,0.0,Scattered clouds,c02n,20
2026-08-13 20:45:00,0.0,29.8,35.5,74,1.6,-19.0,0,0,0.0,Scattered clouds,c02n,20
2026-08-13 21:00:00,0.0,29.6,35.2,75,1.6,-22.2,0,0,0.0,Broken clouds,c03n,21
2026-08-13 21:15:00,0.0,29.4,35.0,76,1.6,-25.1,0,0,0.0,Scattered clouds,c02n,21
2026-08-13 21:30:00,0.0,29.3,35.0,78,1.6,-28.1,0,0,0.0,Scattered clouds,c02n,21
2026-08-13 21:45:00,0.0,29.1,34.7,79,1.6,-31.0,0,0,0.0,Scattered clouds,c02n,21
2026-08-13 22:00:00,0.0,28.9,34.5,80,1.6,-33.9,0,0,0.0,Scattered clouds,c02n,22
2026-08-13 22:15:00,0.0,28.8,34.4,81,1.6,-36.4,0,0,0.0,Scattered clouds,c02n,22
2026-08-13 22:30:00,0.0,28.7,34.3,82,1.6,-38.9,0,0,0.0,Scattered clouds,c02n,22
2026-08-13 22:45:00,0.0,28.6,34.2,83,1.6,-41.4,0,0,0.0,Broken clouds,c03n,22
2026-08-13 23:00:00,0.0,28.5,34.1,84,1.6,-43.9,0,0,0.0,Broken clouds,c03n,23
2026-08-13 23:15:00,0.0,28.4,33.9,84,1.5,-45.7,0,0,0.0,Broken clouds,c03n,23
2026-08-13 23:30:00,0.0,28.3,33.8,85,1.8,-47.4,0,0,0.0,Broken clouds,c03n,23
2026-08-13 23:45:00,0.0,28.2,33.6,86,2.1,-49.1,0,0,0.0,Broken clouds,c03n,23
2026-08-14 00:00:00,0.0,28.1,33.4,86,2.4,-50.9,0,0,0.0,Broken clouds,c03n,0
2026-08-14 00:15:00,0.0,28.0,33.1,86,2.5,-51.4,0,0,0.0,Broken clouds,c03n,0
2026-08-14 00:30:00,0.0,28.0,32.9,86,2.6,-51.9,0,0,0.0,Broken clouds,c03n,0
2026-08-14 00:45:00,0.0,27.9,32.7,86,2.7,-52.4,0,0,0.0,Broken clouds,c03n,0
2026-08-14 01:00:00,0.0,27.8,32.5,86,2.8,-53.0,0,0,0.0,Broken clouds,c03n,1
2026-08-14 01:15:00,0.0,27.7,32.2,86,2.5,-52.1,0,0,0.0,Overcast clouds,c04n,1
2026-08-14 01:30:00,0.01,27.6,32.1,87,2.2,-51.2,0,0,0.0,Overcast clouds,c04n,1
2026-08-14 01:45:00,0.0,27.5,31.9,88,1.9,-50.3,0,0,0.0,Overcast clouds,c04n,1
2026-08-14 02:00:00,0.0,27.4,31.6,88,1.6,-49.5,0,0,0.0,Overcast clouds,c04n,2
2026-08-14 02:15:00,0.0,27.5,31.9,88,2.3,-47.5,0,0,0.0,Overcast clouds,c04n,2
2026-08-14 02:30:00,0.0,27.6,32.2,88,3.0,-45.5,0,0,0.0,Overcast clouds,c04n,2
2026-08-14 02:45:00,0.0,27.7,32.5,88,3.7,-43.5,0,0,0.0,Overcast clouds,c04n,2
2026-08-14 03:00:00,0.0,27.8,32.8,88,4.4,-41.6,0,0,0.0,Overcast clouds,c04n,3
2026-08-14 03:15:00,0.0,27.6,32.4,89,4.0,-38.9,0,0,0.0,Overcast clouds,c04n,3
2026-08-14 03:30:00,0.0,27.4,31.9,90,3.6,-36.3,0,0,0.0,Overcast clouds,c04n,3
2026-08-14 03:45:00,0.0,27.2,31.4,91,3.2,-33.6,0,0,0.0,Overcast clouds,c04n,3
2026-08-14 04:00:00,0.0,27.0,30.9,92,2.8,-31.0,0,0,0.0,Overcast clouds,c04n,4
2026-08-14 04:15:00,0.0,26.9,30.8,93,2.9,-28.0,0,0,0.0,Drizzle,d02n,4
2026-08-14 04:30:00,0.0,26.9,30.7,94,3.0,-25.0,0,0,0.0,Light rain,r01n,4
2026-08-14 04:45:00,0.0,26.8,30.6,95,3.1,-22.0,0,0,0.0,Light rain,r01n,4
2026-08-14 05:00:00,0.0,26.7,30.4,96,3.2,-19.0,0,0,0.0,Light rain,r01n,5
2026-08-14 05:15:00,0.0,26.6,27.8,95,3.3,-15.7,0,0,0.0,Light rain,r01n,5
2026-08-14 05:30:00,0.0,26.5,27.7,94,3.4,-12.5,0,0,0.0,Thunderstorm with light rain,t01n,5
2026-08-14 05:45:00,0.0,26.4,27.5,93,3.5,-9.3,0,0,0.0,Thunderstorm with light rain,t01n,5
2026-08-14 06:00:00,0.0,26.3,27.4,92,3.6,-6.1,0,0,0.0,Thunderstorm with light rain,t01n,6
2026-08-14 06:15:00,0.0,26.2,27.3,92,3.9,-2.8,20,11,0.0,Thunderstorm with light rain,t01n,6
2026-08-14 06:30:00,0.04,26.1,27.2,93,4.2,0.6,41,21,0.7,Thunderstorm with light rain,t01n,6
2026-08-14 06:45:00,0.38,26.0,27.1,94,4.5,3.9,61,32,0.7,Thunderstorm with rain,t02d,6
2026-08-14 07:00:00,0.92,25.9,27.0,94,4.8,7.3,81,42,0.7,Thunderstorm with rain,t02d,7
2026-08-14 07:15:00,0.95,25.8,26.9,94,4.9,10.7,138,51,0.7,Thunderstorm with rain,t02d,7
2026-08-14 07:30:00,1.89,25.8,26.8,94,5.0,14.1,195,60,0.8,Thunderstorm with rain,t02d,7
2026-08-14 07:45:00,4.05,25.7,26.8,94,5.1,17.5,252,68,0.8,Thunderstorm with rain,t02d,7
2026-08-14 08:00:00,9.61,25.6,26.7,94,5.2,20.9,308,77,0.9,Thunderstorm with rain,t02d,8
2026-08-14 08:15:00,12.1,25.5,26.6,95,5.2,24.3,368,82,1.0,Light rain,r01d,8
2026-08-14 08:30:00,8.03,25.4,26.5,96,5.2,27.8,427,87,1.1,Light rain,r01d,8
2026-08-14 08:45:00,17.69,25.3,26.4,97,5.2,31.2,486,92,1.2,Light rain,r01d,8
2026-08-14 09:00:00,26.88,25.2,26.3,98,5.2,34.7,545,97,1.3,Thunderstorm with drizzle,t04d,9
2026-08-14 09:15:00,71.5,25.7,26.8,95,5.3,38.1,597,101,1.5,Thunderstorm with drizzle,t04d,9
2026-08-14 09:30:00,91.02,26.1,27.2,92,5.4,41.6,650,104,1.8,Thunderstorm with drizzle,t04d,9
2026-08-14 09:45:00,115.38,26.6,27.6,89,5.5,45.1,703,108,2.0,Drizzle,d02d,9
2026-08-14 10:00:00,121.04,27.0,30.3,86,5.6,48.5,755,111,2.3,Drizzle,d02d,10
2026-08-14 10:15:00,124.82,26.9,30.2,87,5.5,51.9,796,113,2.5,Drizzle,d02d,10
2026-08-14 10:30:00,120.12,26.9,30.1,88,5.4,55.4,837,115,2.7,Light rain,r01d,10
2026-08-14 10:45:00,120.62,26.8,30.0,89,5.3,58.8,877,118,2.9,Drizzle,d02d,10
2026-08-14 11:00:00,120.9,26.7,29.9,90,5.2,62.2,918,120,3.1,Drizzle,d02d,11
2026-08-14 11:15:00,62.86,26.7,29.9,90,5.0,65.4,943,121,3.3,Overcast clouds,c04d,11
2026-08-14 11:30:00,3.94,26.7,29.8,89,4.8,68.7,968,122,3.4,Overcast clouds,c04d,11
2026-08-14 11:45:00,78.73,26.7,29.7,88,4.6,71.9,992,123,3.5,Overcast clouds,c04d,11
2026-08-14 12:00:00,54.5,26.7,29.7,88,4.4,75.1,1017,125,3.6,Overcast clouds,c04d,12
2026-08-14 12:15:00,4.17,27.2,30.7,86,4.6,76.7,1024,125,3.7,Overcast clouds,c04d,12
2026-08-14 12:30:00,3.9,27.6,31.8,85,4.8,78.3,1031,125,3.7,Overcast clouds,c04d,12
2026-08-14 12:45:00,3.95,28.1,32.9,84,5.0,79.8,1038,125,3.8,Overcast clouds,c04d,12
2026-08-14 13:00:00,3.93,28.5,33.8,82,5.2,81.4,1044,126,3.8,Overcast clouds,c04d,13
2026-08-14 13:15:00,48.89,28.7,34.3,82,5.0,79.0,1033,125,3.8,Overcast clouds,c04d,13
2026-08-14 13:30:00,144.96,28.9,34.7,81,4.8,76.6,1021,125,3.7,Overcast clouds,c04d,13
2026-08-14 13:45:00,119.93,29.1,35.0,80,4.6,74.2,1009,124,3.5,Overcast clouds,c04d,13
2026-08-14 14:00:00,42.89,29.3,35.6,80,4.4,71.8,997,124,3.4,Overcast clouds,c04d,14
2026-08-14 14:15:00,87.25,29.4,35.8,80,4.3,68.5,968,122,3.3,Overcast clouds,c04d,14
2026-08-14 14:30:00,51.49,29.5,36.0,80,4.2,65.2,938,121,3.1,Overcast clouds,c04d,14
2026-08-14 14:45:00,33.41,29.5,36.0,79,4.1,61.9,909,119,2.9,Overcast clouds,c04d,14
2026-08-14 15:00:00,34.57,29.6,36.2,79,4.0,58.6,880,118,2.7,Overcast clouds,c04d,15
2026-08-14 15:15:00,127.25,30.0,36.8,77,4.1,55.1,835,115,2.6,Overcast clouds,c04d,15
2026-08-14 15:30:00,206.9,30.4,37.6,76,4.2,51.7,791,113,2.5,Overcast clouds,c04d,15
2026-08-14 15:45:00,76.82,30.7,38.0,74,4.3,48.2,747,110,2.4,Overcast clouds,c04d,15
2026-08-14 16:00:00,4.31,31.1,38.5,72,4.4,44.8,702,108,2.2,Overcast clouds,c04d,16
2026-08-14 16:15:00,3.94,31.2,38.8,72,4.4,41.3,647,104,2.0,Overcast clouds,c04d,16
2026-08-14 16:30:00,3.98,31.3,39.1,72,4.4,37.9,592,100,1.8,Overcast clouds,c04d,16
2026-08-14 16:45:00,17.05,31.4,39.0,71,4.4,34.4,537,96,1.6,Overcast clouds,c04d,16
2026-08-14 17:00:00,45.43,31.5,39.3,71,4.4,30.9,482,93,1.4,Overcast clouds,c04d,17
2026-08-14 17:15:00,0.01,31.0,38.3,72,4.4,27.5,423,87,1.3,Overcast clouds,c04d,17
2026-08-14 17:30:00,70.58,30.6,37.3,73,4.4,24.0,363,81,1.2,Overcast clouds,c04d,17
2026-08-14 17:45:00,60.99,30.1,36.2,74,4.4,20.6,303,75,1.1,Overcast clouds,c04d,17
2026-08-14 18:00:00,0.04,29.6,35.2,75,4.4,17.2,244,69,1.0,Overcast clouds,c04d,18
2026-08-14 18:15:00,24.14,29.4,35.0,76,4.3,13.8,191,59,0.9,Overcast clouds,c04d,18
2026-08-14 18:30:00,3.91,29.3,34.8,77,4.2,10.4,138,48,0.9,Overcast clouds,c04d,18
2026-08-14 18:45:00,3.89,29.1,34.5,78,4.1,7.0,85,38,0.9,Overcast clouds,c04d,18
2026-08-14 19:00:00,4.04,28.9,34.3,79,4.0,3.6,32,27,0.9,Overcast clouds,c04n,19
2026-08-14 19:15:00,3.17,28.9,34.3,79,3.8,0.3,24,20,0.8,Overcast clouds,c04n,19
2026-08-14 19:30:00,0.18,28.9,34.3,79,3.6,-3.1,16,14,0.0,Overcast clouds,c04n,19
2026-08-14 19:45:00,0.0,28.9,34.3,79,3.4,-6.4,8,7,0.0,Overcast clouds,c04n,19
2026-08-14 20:00:00,0.0,28.9,34.3,79,3.2,-9.7,0,0,0.0,Overcast clouds,c04n,20
2026-08-14 20:15:00,0.0,28.8,34.2,80,2.9,-12.9,0,0,0.0,Overcast clouds,c04n,20
2026-08-14 20:30:00,0.0,28.7,33.9,80,2.6,-16.0,0,0,0.0,Overcast clouds,c04n,20
2026-08-14 20:45:00,0.0,28.6,33.8,81,2.3,-19.2,0,0,0.0,Drizzle,d02n,20
2026-08-14 21:00:00,0.0,28.5,33.8,82,2.0,-22.4,0,0,0.0,Light rain,r01n,21
2026-08-14 21:15:00,0.0,28.3,33.5,83,1.9,-25.3,0,0,0.0,Light rain,r01n,21
2026-08-14 21:30:00,0.0,28.2,33.1,84,1.8,-28.3,0,0,0.0,Light rain,r01n,21
2026-08-14 21:45:00,0.0,28.0,32.8,85,1.7,-31.2,0,0,0.0,Light rain,r01n,21
2026-08-14 22:00:00,0.0,27.8,32.5,86,1.6,-34.2,0,0,0.0,Light rain,r01n,22
2026-08-14 22:15:00,0.0,27.7,32.2,86,1.5,-36.7,0,0,0.0,Light rain,r01n,22
2026-08-14 22:30:00,0.0,27.6,32.1,87,1.4,-39.2,0,0,0.0,Light rain,r01n,22
2026-08-14 22:45:00,0.0,27.5,31.9,88,1.3,-41.7,0,0,0.0,Light rain,r01n,22
2026-08-14 23:00:00,0.0,27.4,31.6,88,1.2,-44.2,0,0,0.0,Light rain,r01n,23
2026-08-14 23:15:00,0.0,27.4,31.6,88,1.6,-45.9,0,0,0.0,Light rain,r01n,23
2026-08-14 23:30:00,0.0,27.4,31.6,88,2.0,-47.7,0,0,0.0,Light rain,r01n,23
2026-08-14 23:45:00,0.0,27.4,31.6,88,2.4,-49.4,0,0,0.0,Drizzle,d02n,23
2026-08-15 00:00:00,0.0,27.4,31.6,88,2.8,-51.2,0,0,0.0,Drizzle,d02n,0
2026-08-15 00:15:00,0.0,27.0,30.8,90,3.1,-51.7,0,0,0.0,Drizzle,d02n,0
2026-08-15 00:30:00,0.0,26.7,27.7,91,3.4,-52.2,0,0,0.0,Light rain,r01n,0
2026-08-15 00:45:00,0.0,26.3,27.4,92,3.7,-52.7,0,0,0.0,Light rain,r01n,0
2026-08-15 01:00:00,0.0,25.9,27.0,94,4.0,-53.3,0,0,0.0,Light rain,r01n,1
2026-08-15 01:15:00,0.0,25.9,27.0,94,4.1,-52.4,0,0,0.0,Light rain,r01n,1
2026-08-15 01:30:00,0.0,25.9,27.0,94,4.2,-51.5,0,0,0.0,Light rain,r01n,1
2026-08-15 01:45:00,0.0,25.9,27.0,94,4.3,-50.6,0,0,0.0,Light rain,r01n,1
2026-08-15 02:00:00,0.0,25.9,27.0,94,4.4,-49.7,0,0,0.0,Light rain,r01n,2
2026-08-15 02:15:00,0.0,26.0,27.1,94,3.6,-47.7,0,0,0.0,Light rain,r01n,2
2026-08-15 02:30:00,0.0,26.1,27.2,93,2.8,-45.7,0,0,0.0,Light rain,r01n,2
2026-08-15 02:45:00,0.0,26.2,27.3,92,2.0,-43.7,0,0,0.0,Light rain,r01n,2
2026-08-15 03:00:00,0.0,26.3,27.4,92,1.2,-41.8,0,0,0.0,Light rain,r01n,3
2026-08-15 03:15:00,0.0,26.1,27.2,93,1.2,-39.1,0,0,0.0,Light rain,r01n,3
2026-08-15 03:30:00,0.0,26.0,27.1,94,1.2,-36.4,0,0,0.0,Light rain,r01n,3
2026-08-15 03:45:00,0.0,25.8,26.9,95,1.2,-33.8,0,0,0.0,Light rain,r01n,3
2026-08-15 04:00:00,0.0,25.6,26.7,96,1.2,-31.1,0,0,0.0,Light rain,r01n,4
2026-08-15 04:15:00,0.0,25.6,26.7,96,1.3,-28.1,0,0,0.0,Light rain,r01n,4
2026-08-15 04:30:00,0.0,25.6,26.7,96,1.4,-25.1,0,0,0.0,Drizzle,d02n,4
2026-08-15 04:45:00,0.0,25.6,26.7,96,1.5,-22.1,0,0,0.0,Overcast clouds,c04n,4
2026-08-15 05:00:00,0.0,25.6,26.7,96,1.6,-19.1,0,0,0.0,Overcast clouds,c04n,5
2026-08-15 05:15:00,0.0,25.8,26.9,96,1.7,-15.9,0,0,0.0,Overcast clouds,c04n,5
2026-08-15 05:30:00,0.0,26.0,27.1,95,1.8,-12.6,0,0,0.0,Overcast clouds,c04n,5
2026-08-15 05:45:00,0.0,26.1,27.2,94,1.9,-9.4,0,0,0.0,Overcast clouds,c04n,5
2026-08-15 06:00:00,0.0,26.3,27.4,94,2.0,-6.2,0,0,0.0,Overcast clouds,c04n,6
2026-08-15 06:15:00,0.02,26.3,27.4,94,2.4,-2.8,20,11,0.0,Overcast clouds,c04n,6
2026-08-15 06:30:00,0.58,26.3,27.4,94,2.8,0.5,40,21,1.1,Broken clouds,c03n,6
2026-08-15 06:45:00,2.73,26.3,27.4,94,3.2,3.8,60,32,1.3,Broken clouds,c03d,6
2026-08-15 07:00:00,14.74,26.3,27.4,94,3.6,7.2,80,42,1.4,Broken clouds,c03d,7
2026-08-15 07:15:00,31.0,26.4,27.5,94,3.7,10.6,137,51,1.4,Broken clouds,c03d,7
2026-08-15 07:30:00,36.29,26.5,27.6,93,3.8,14.0,194,60,1.5,Broken clouds,c03d,7
2026-08-15 07:45:00,73.13,26.6,27.7,92,3.9,17.4,251,68,1.6,Broken clouds,c03d,7
2026-08-15 08:00:00,34.76,26.7,30.1,92,4.0,20.8,308,77,1.7,Broken clouds,c03d,8
2026-08-15 08:15:00,72.61,26.8,30.3,92,4.4,24.3,367,82,1.8,Broken clouds,c03d,8
2026-08-15 08:30:00,38.27,26.9,30.4,91,4.8,27.7,426,87,1.9,Broken clouds,c03d,8
2026-08-15 08:45:00,56.69,26.9,30.5,90,5.2,31.2,485,92,2.1,Broken clouds,c03d,8
2026-08-15 09:00:00,73.8,27.0,30.7,90,5.6,34.6,544,97,2.2,Broken clouds,c03d,9
2026-08-15 09:15:00,63.67,27.7,32.2,87,5.7,38.1,597,101,2.4,Overcast clouds,c04d,9
2026-08-15 09:30:00,75.45,28.3,33.6,84,5.8,41.5,649,104,2.6,Overcast clouds,c04d,9
2026-08-15 09:45:00,112.7,29.0,35.0,82,5.9,45.0,702,108,2.7,Overcast clouds,c04d,9
2026-08-15 10:00:00,144.71,29.6,36.2,79,6.0,48.5,755,111,2.9,Overcast clouds,c04d,10
2026-08-15 10:15:00,138.63,29.8,36.5,78,5.9,51.9,795,113,3.3,Overcast clouds,c04d,10
2026-08-15 10:30:00,36.79,30.0,37.1,78,5.8,55.3,836,115,3.6,Overcast clouds,c04d,10
2026-08-15 10:45:00,91.58,30.2,37.4,77,5.7,58.7,877,118,3.9,Overcast clouds,c04d,10
2026-08-15 11:00:00,47.53,30.4,37.7,76,5.6,62.1,917,120,4.3,Overcast clouds,c04d,11
2026-08-15 11:15:00,204.36,30.5,37.9,76,5.6,65.3,942,121,4.4,Overcast clouds,c04d,11
2026-08-15 11:30:00,268.73,30.6,37.8,75,5.6,68.6,967,122,4.5,Overcast clouds,c04d,11
2026-08-15 11:45:00,160.25,30.6,37.8,74,5.6,71.8,992,123,4.5,Overcast clouds,c04d,11
2026-08-15 12:00:00,125.24,30.7,38.0,74,5.6,75.0,1017,125,4.6,Overcast clouds,c04d,12
2026-08-15 12:15:00,40.47,31.0,38.5,73,5.8,76.5,1024,125,4.5,Overcast clouds,c04d,12
2026-08-15 12:30:00,3.03,31.3,39.1,72,6.0,78.0,1030,125,4.4,Overcast clouds,c04d,12
2026-08-15 12:45:00,2.67,31.6,39.9,72,6.2,79.6,1037,125,4.3,Overcast clouds,c04d,12
2026-08-15 13:00:00,2.79,31.9,40.5,71,6.4,81.1,1044,126,4.2,Overcast clouds,c04d,13
2026-08-15 13:15:00,110.98,31.9,40.1,70,6.5,78.7,1032,125,4.2,Overcast clouds,c04d,13
2026-08-15 13:30:00,13.15,31.9,40.1,70,6.6,76.4,1020,125,4.1,Overcast clouds,c04d,13
2026-08-15 13:45:00,3.91,31.9,40.1,70,6.7,74.0,1008,124,4.0,Overcast clouds,c04d,13
2026-08-15 14:00:00,38.82,31.9,39.8,69,6.8,71.6,996,124,3.9,Overcast clouds,c04d,14
2026-08-15 14:15:00,0.0,31.6,39.3,70,6.4,68.3,967,122,3.8,Overcast clouds,c04d,14
2026-08-15 14:30:00,103.85,31.3,39.1,72,6.0,65.0,937,121,3.7,Overcast clouds,c04d,14
2026-08-15 14:45:00,78.96,31.0,38.5,73,5.6,61.7,908,119,3.6,Overcast clouds,c04d,14
2026-08-15 15:00:00,25.43,30.7,38.0,74,5.2,58.4,878,118,3.5,Overcast clouds,c04d,15
2026-08-15 15:15:00,124.01,30.8,38.3,74,5.2,55.0,834,115,3.2,Overcast clouds,c04d,15
2026-08-15 15:30:00,0.0,30.9,38.2,73,5.2,51.5,789,113,3.0,Overcast clouds,c04d,15
2026-08-15 15:45:00,0.0,31.0,38.2,72,5.2,48.1,745,110,2.7,Overcast clouds,c04d,15
2026-08-15 16:00:00,0.0,31.1,38.5,72,5.2,44.6,700,108,2.4,Overcast clouds,c04d,16
2026-08-15 16:15:00,0.0,31.2,38.5,71,4.8,41.2,645,104,2.1,Overcast clouds,c04d,16
2026-08-15 16:30:00,42.74,31.3,38.4,70,4.4,37.7,590,100,1.9,Overcast clouds,c04d,16
2026-08-15 16:45:00,85.11,31.4,38.7,70,4.0,34.3,535,96,1.6,Overcast clouds,c04d,16
2026-08-15 17:00:00,0.02,31.5,38.6,69,3.6,30.8,480,92,1.4,Overcast clouds,c04d,17
2026-08-15 17:15:00,0.03,31.2,38.2,70,3.2,27.3,420,87,1.2,Overcast clouds,c04d,17
2026-08-15 17:30:00,0.0,31.0,37.5,70,2.8,23.9,361,81,1.1,Overcast clouds,c04d,17
2026-08-15 17:45:00,29.58,30.7,37.0,71,2.4,20.5,301,75,1.0,Overcast clouds,c04d,17
2026-08-15 18:00:00,6.77,30.4,36.6,72,2.0,17.0,241,69,0.9,Overcast clouds,c04d,18
2026-08-15 18:15:00,3.05,30.3,36.6,73,1.9,13.6,188,58,0.9,Overcast clouds,c04d,18
2026-08-15 18:30:00,3.09,30.2,36.6,74,1.8,10.2,135,48,0.9,Overcast clouds,c04d,18
2026-08-15 18:45:00,2.15,30.1,36.8,76,1.7,6.8,83,37,0.9,Overcast clouds,c04d,18
2026-08-15 19:00:00,0.94,30.0,36.8,77,1.6,3.4,30,26,1.0,Overcast clouds,c04n,19
2026-08-15 19:15:00,0.36,29.9,36.5,77,1.8,0.1,22,20,1.0,Overcast clouds,c04n,19
2026-08-15 19:30:00,0.04,29.8,36.3,77,2.0,-3.2,15,13,0.0,Overcast clouds,c04n,19
2026-08-15 19:45:00,0.0,29.7,36.0,77,2.2,-6.6,7,7,0.0,Overcast clouds,c04n,19
2026-08-15 20:00:00,0.0,29.6,35.7,77,2.4,-9.9,0,0,0.0,Overcast clouds,c04n,20
2026-08-15 20:15:00,0.0,29.5,35.7,78,2.4,-13.1,0,0,0.0,Overcast clouds,c04n,20
2026-08-15 20:30:00,0.0,29.5,35.5,78,2.4,-16.2,0,0,0.0,Overcast clouds,c04n,20
2026-08-15 20:45:00,0.0,29.4,35.3,78,2.4,-19.4,0,0,0.0,Overcast clouds,c04n,20
2026-08-15 21:00:00,0.0,29.3,35.4,79,2.4,-22.6,0,0,0.0,Overcast clouds,c04n,21
2026-08-15 21:15:00,0.0,29.0,35.0,81,2.3,-25.6,0,0,0.0,Broken clouds,c03n,21
2026-08-15 21:30:00,0.0,28.7,34.3,82,2.2,-28.5,0,0,0.0,Broken clouds,c03n,21
2026-08-15 21:45:00,0.0,28.4,33.9,84,2.1,-31.5,0,0,0.0,Broken clouds,c03n,21
2026-08-15 22:00:00,0.0,28.1,33.4,86,2.0,-34.4,0,0,0.0,Broken clouds,c03n,22
2026-08-15 22:15:00,0.0,28.0,33.1,86,2.0,-36.9,0,0,0.0,Broken clouds,c03n,22
2026-08-15 22:30:00,0.0,28.0,33.1,87,2.0,-39.4,0,0,0.0,Broken clouds,c03n,22
2026-08-15 22:45:00,0.0,27.9,33.0,88,2.0,-42.0,0,0,0.0,Broken clouds,c03n,22
2026-08-15 23:00:00,0.0,27.8,32.8,88,2.0,-44.5,0,0,0.0,Scattered clouds,c02n,23
2026-08-15 23:15:00,0.0,27.8,32.8,88,2.2,-46.2,0,0,0.0,Light rain,r01n,23
2026-08-15 23:30:00,0.0,27.8,32.8,88,2.4,-48.0,0,0,0.0,Light rain,r01n,23
2026-08-15 23:45:00,0.0,27.8,32.8,88,2.6,-49.7,0,0,0.0,Light rain,r01n,23
2026-08-16 00:00:00,0.0,27.8,32.8,88,2.8,-51.5,0,0,0.0,Light rain,r01n,0
2026-08-16 00:15:00,0.0,27.5,32.1,89,2.9,-52.0,0,0,0.0,Moderate rain,r02n,0
2026-08-16 00:30:00,0.0,27.3,31.5,90,3.0,-52.5,0,0,0.0,Moderate rain,r02n,0
2026-08-16 00:45:00,0.0,27.0,30.8,91,3.1,-53.1,0,0,0.0,Moderate rain,r02n,0
2026-08-16 01:00:00,0.0,26.7,30.1,92,3.2,-53.6,0,0,0.0,Moderate rain,r02n,1
2026-08-16 01:15:00,0.0,26.7,30.1,92,3.0,-52.7,0,0,0.0,Moderate rain,r02n,1
2026-08-16 01:30:00,0.0,26.7,30.1,92,2.8,-51.8,0,0,0.0,Moderate rain,r02n,1
2026-08-16 01:45:00,0.0,26.7,30.1,92,2.6,-50.9,0,0,0.0,Thunderstorm with rain,t02n,1
2026-08-16 02:00:00,0.0,26.7,30.1,92,2.4,-50.0,0,0,0.0,Thunderstorm with rain,t02n,2
2026-08-16 02:15:00,0.0,26.7,30.1,92,2.7,-48.0,0,0,0.0,Thunderstorm with rain,t02n,2
2026-08-16 02:30:00,0.0,26.7,30.1,92,3.0,-46.0,0,0,0.0,Thunderstorm with rain,t02n,2
2026-08-16 02:45:00,0.0,26.7,30.1,92,3.3,-44.0,0,0,0.0,Thunderstorm with rain,t02n,2
2026-08-16 03:00:00,0.0,26.7,30.1,92,3.6,-42.0,0,0,0.0,Thunderstorm with rain,t02n,3
2026-08-16 03:15:00,0.0,26.6,27.7,92,3.5,-39.3,0,0,0.0,Moderate rain,r02n,3
2026-08-16 03:30:00,0.0,26.5,27.6,93,3.4,-36.6,0,0,0.0,Light rain,r01n,3
2026-08-16 03:45:00,0.0,26.4,27.5,94,3.3,-34.0,0,0,0.0,Light rain,r01n,3
2026-08-16 04:00:00,0.0,26.3,27.4,94,3.2,-31.3,0,0,0.0,Light rain,r01n,4
2026-08-16 04:15:00,0.0,26.2,27.3,94,3.1,-28.3,0,0,0.0,Light rain,r01n,4
2026-08-16 04:30:00,0.0,26.1,27.2,95,3.0,-25.2,0,0,0.0,Light rain,r01n,4
2026-08-16 04:45:00,0.0,26.0,27.2,96,2.9,-22.2,0,0,0.0,Drizzle,d02n,4
2026-08-16 05:00:00,0.0,25.9,27.1,96,2.8,-19.2,0,0,0.0,Drizzle,d02n,5
2026-08-16 05:15:00,0.0,26.0,27.2,96,2.4,-16.0,0,0,0.0,Scattered clouds,c02n,5
2026-08-16 05:30:00,0.0,26.1,27.2,95,2.0,-12.7,0,0,0.0,Scattered clouds,c02n,5
2026-08-16 05:45:00,0.0,26.2,27.3,94,1.6,-9.5,0,0,0.0,Scattered clouds,c02n,5
2026-08-16 06:00:00,0.0,26.3,27.4,94,1.2,-6.3,0,0,0.0,Scattered clouds,c02n,6
2026-08-16 06:15:00,0.0,26.2,27.3,94,1.6,-2.9,20,11,0.0,Scattered clouds,c02n,6
2026-08-16 06:30:00,0.0,26.1,27.2,95,2.0,0.4,40,21,1.5,Scattered clouds,c02n,6
2026-08-16 06:45:00,0.0,26.0,27.2,96,2.4,3.8,60,32,1.5,Broken clouds,c03d,6
2026-08-16 07:00:00,0.0,25.9,27.1,96,2.8,7.1,79,42,1.5,Broken clouds,c03d,7
2026-08-16 07:15:00,0.0,26.0,27.2,96,3.2,10.5,136,51,1.5,Broken clouds,c03d,7
2026-08-16 07:30:00,0.0,26.1,27.2,95,3.6,13.9,193,59,1.6,Scattered clouds,c02d,7
2026-08-16 07:45:00,0.0,26.2,27.3,94,4.0,17.4,250,68,1.7,Scattered clouds,c02d,7
2026-08-16 08:00:00,0.0,26.3,27.4,94,4.4,20.8,307,77,1.9,Scattered clouds,c02d,8
2026-08-16 08:15:00,0.0,26.4,27.5,94,4.4,24.2,366,82,2.1,Broken clouds,c03d,8
2026-08-16 08:30:00,0.0,26.5,27.6,93,4.4,27.7,425,87,2.2,Broken clouds,c03d,8
2026-08-16 08:45:00,0.0,26.6,27.7,92,4.4,31.1,484,92,2.5,Broken clouds,c03d,8
2026-08-16 09:00:00,0.0,26.7,30.1,92,4.4,34.6,544,97,2.7,Broken clouds,c03d,9
2026-08-16 09:15:00,0.0,27.7,32.4,87,4.6,38.0,596,101,2.9,Broken clouds,c03d,9
2026-08-16 09:30:00,0.0,28.7,34.3,82,4.8,41.5,649,104,3.0,Broken clouds,c03d,9
2026-08-16 09:45:00,0.0,29.7,36.0,77,5.0,45.0,702,108,3.2,Broken clouds,c03d,9
2026-08-16 10:00:00,0.0,30.7,37.4,72,5.2,48.4,754,111,3.2,Overcast clouds,c04d,10
2026-08-16 10:15:00,0.0,30.7,37.4,72,5.1,51.8,795,113,3.4,Overcast clouds,c04d,10
2026-08-16 10:30:00,0.0,30.7,37.7,73,5.0,55.2,836,115,3.5,Overcast clouds,c04d,10
2026-08-16 10:45:00,0.0,30.7,38.0,74,4.9,58.7,876,118,3.6,Overcast clouds,c04d,10
2026-08-16 11:00:00,0.0,30.7,38.0,74,4.8,62.1,917,120,3.7,Overcast clouds,c04d,11
2026-08-16 11:15:00,0.0,30.9,38.2,73,4.8,65.3,942,121,3.8,Overcast clouds,c04d,11
2026-08-16 11:30:00,0.0,31.1,38.5,72,4.8,68.4,967,122,3.7,Overcast clouds,c04d,11
2026-08-16 11:45:00,0.0,31.3,38.4,70,4.8,71.6,991,123,3.6,Overcast clouds,c04d,11
2026-08-16 12:00:00,0.0,31.5,38.6,69,4.8,74.8,1016,125,3.5,Overcast clouds,c04d,12
2026-08-16 12:15:00,0.0,32.1,39.5,67,4.7,76.3,1023,125,3.9,Overcast clouds,c04d,12
2026-08-16 12:30:00,0.0,32.6,39.9,64,4.6,77.8,1030,125,4.4,Overcast clouds,c04d,12
2026-08-16 12:45:00,0.0,33.2,40.7,62,4.5,79.3,1036,125,4.7,Overcast clouds,c04d,12
2026-08-16 13:00:00,0.0,33.7,41.4,60,4.4,80.8,1043,126,5.1,Overcast clouds,c04d,13
2026-08-16 13:15:00,0.0,33.7,41.4,60,4.4,78.4,1031,125,5.7,Overcast clouds,c04d,13
2026-08-16 13:30:00,0.0,33.7,41.4,60,4.4,76.1,1019,125,6.3,Broken clouds,c03d,13
2026-08-16 13:45:00,0.0,33.7,41.4,60,4.4,73.8,1007,124,6.8,Broken clouds,c03d,13
2026-08-16 14:00:00,0.0,33.7,41.4,60,4.4,71.4,995,124,7.3,Broken clouds,c03d,14
2026-08-16 14:15:00,0.0,33.9,41.4,59,4.5,68.1,966,122,7.1,Broken clouds,c03d,14
2026-08-16 14:30:00,0.0,34.1,41.5,58,4.6,64.8,936,121,6.8,Broken clouds,c03d,14
2026-08-16 14:45:00,0.0,34.2,42.0,58,4.7,61.5,906,119,6.6,Scattered clouds,c02d,14
2026-08-16 15:00:00,0.0,34.4,42.0,57,4.8,58.2,877,118,6.3,Scattered clouds,c02d,15
2026-08-16 15:15:00,0.0,34.4,42.4,58,4.7,54.8,832,115,5.8,Scattered clouds,c02d,15
2026-08-16 15:30:00,0.0,34.4,42.4,58,4.6,51.4,788,113,5.3,Scattered clouds,c02d,15
2026-08-16 15:45:00,0.0,34.4,42.4,58,4.5,47.9,743,110,4.9,Scattered clouds,c02d,15
2026-08-16 16:00:00,0.0,34.4,42.9,59,4.4,44.5,699,108,4.4,Scattered clouds,c02d,16
2026-08-16 16:15:00,0.0,34.1,42.5,60,4.4,41.0,643,104,3.7,Broken clouds,c03d,16
2026-08-16 16:30:00,0.0,33.9,41.8,60,4.4,37.6,588,100,3.0,Broken clouds,c03d,16
2026-08-16 16:45:00,0.0,33.6,41.0,60,4.4,34.1,533,96,2.5,Broken clouds,c03d,16
2026-08-16 17:00:00,0.0,33.3,40.7,61,4.4,30.6,478,92,2.0,Broken clouds,c03d,17
2026-08-16 17:15:00,0.0,32.3,39.8,66,4.4,27.2,418,86,1.7,Broken clouds,c03d,17
2026-08-16 17:30:00,0.0,31.3,38.4,70,4.4,23.7,358,81,1.4,Overcast clouds,c04d,17
2026-08-16 17:45:00,0.0,30.3,36.9,74,4.4,20.3,298,75,1.2,Overcast clouds,c04d,17
2026-08-16 18:00:00,0.0,29.3,35.4,79,4.4,16.9,239,69,1.1,Overcast clouds,c04d,18
2026-08-16 18:15:00,0.0,29.2,35.1,79,4.0,13.4,186,58,1.0,Overcast clouds,c04d,18
2026-08-16 18:30:00,0.0,29.1,35.0,80,3.6,10.0,133,47,1.0,Overcast clouds,c04d,18
2026-08-16 18:45:00,0.0,29.0,34.7,80,3.2,6.6,80,36,1.0,Overcast clouds,c04d,18
2026-08-16 19:00:00,0.0,28.9,34.5,80,2.8,3.2,28,26,1.1,Broken clouds,c03n,19
2026-08-16 19:15:00,0.0,28.9,34.5,80,2.9,-0.1,21,19,0.0,Broken clouds,c03n,19
2026-08-16 19:30:00,0.0,28.9,34.5,80,3.0,-3.4,14,13,0.0,Broken clouds,c03n,19
2026-08-16 19:45:00,0.0,28.9,34.5,80,3.1,-6.7,7,6,0.0,Broken clouds,c03n,19
2026-08-16 20:00:00,0.0,28.9,34.5,80,3.2,-10.1,0,0,0.0,Broken clouds,c03n,20
2026-08-16 20:15:00,0.0,28.9,34.5,80,3.0,-13.3,0,0,0.0,Broken clouds,c03n,20
2026-08-16 20:30:00,0.0,28.9,34.5,80,2.8,-16.4,0,0,0.0,Broken clouds,c03n,20
2026-08-16 20:45:00,0.0,28.9,34.5,80,2.6,-19.6,0,0,0.0,Scattered clouds,c02n,20
2026-08-16 21:00:00,0.0,28.9,34.5,80,2.4,-22.8,0,0,0.0,Scattered clouds,c02n,21
2026-08-16 21:15:00,0.0,28.5,33.8,82,2.2,-25.8,0,0,0.0,Scattered clouds,c02n,21
2026-08-16 21:30:00,0.0,28.2,33.3,85,2.0,-28.7,0,0,0.0,Broken clouds,c03n,21
2026-08-16 21:45:00,0.0,27.8,32.7,88,1.8,-31.7,0,0,0.0,Broken clouds,c03n,21
2026-08-16 22:00:00,0.0,27.4,31.9,90,1.6,-34.6,0,0,0.0,Broken clouds,c03n,22
2026-08-16 22:15:00,0.0,27.3,31.6,90,1.6,-37.2,0,0,0.0,Broken clouds,c03n,22
2026-08-16 22:30:00,0.0,27.2,31.3,90,1.6,-39.7,0,0,0.0,Overcast clouds,c04n,22
2026-08-16 22:45:00,0.0,27.1,31.0,90,1.6,-42.2,0,0,0.0,Overcast clouds,c04n,22
2026-08-16 23:00:00,0.0,27.0,30.7,90,1.6,-44.8,0,0,0.0,Overcast clouds,c04n,23
2026-08-16 23:15:00,0.0,27.0,30.7,90,1.6,-46.5,0,0,0.0,Overcast clouds,c04n,23
2026-08-16 23:30:00,0.0,27.0,30.8,91,1.6,-48.3,0,0,0.0,Overcast clouds,c04n,23
2026-08-16 23:45:00,0.0,27.0,30.9,92,1.6,-50.0,0,0,0.0,Overcast clouds,c04n,23
2026-08-17 00:00:00,0.0,27.0,30.9,92,1.6,-51.8,0,0,0.0,Overcast clouds,c04n,0
2026-08-17 00:15:00,0.0,26.9,30.7,92,1.6,-52.3,0,0,0.0,Overcast clouds,c04n,0
2026-08-17 00:30:00,0.0,26.9,30.6,93,1.6,-52.8,0,0,0.0,Overcast clouds,c04n,0
2026-08-17 00:45:00,0.0,26.8,30.5,94,1.6,-53.4,0,0,0.0,Overcast clouds,c04n,0
2026-08-17 01:00:00,0.0,26.7,30.2,94,1.6,-53.9,0,0,0.0,Overcast clouds,c04n,1
2026-08-17 01:15:00,0.0,26.7,30.2,94,1.5,-53.0,0,0,0.0,Overcast clouds,c04n,1
2026-08-17 01:30:00,0.0,26.7,30.1,93,1.4,-52.1,0,0,0.0,Overcast clouds,c04n,1
2026-08-17 01:45:00,0.0,26.7,30.1,92,1.3,-51.2,0,0,0.0,Overcast clouds,c04n,1
2026-08-17 02:00:00,0.0,26.7,30.1,92,1.2,-50.3,0,0,0.0,Overcast clouds,c04n,2
2026-08-17 02:15:00,0.0,26.7,30.1,92,1.3,-48.2,0,0,0.0,Overcast clouds,c04n,2
2026-08-17 02:30:00,0.0,26.7,30.1,93,1.4,-46.2,0,0,0.0,Overcast clouds,c04n,2
2026-08-17 02:45:00,0.0,26.7,30.2,94,1.5,-44.2,0,0,0.0,Overcast clouds,c04n,2
2026-08-17 03:00:00,0.0,26.7,30.2,94,1.6,-42.2,0,0,0.0,Overcast clouds,c04n,3
2026-08-17 03:15:00,0.0,26.6,27.8,94,1.6,-39.5,0,0,0.0,Overcast clouds,c04n,3
2026-08-17 03:30:00,0.0,26.5,27.7,95,1.6,-36.8,0,0,0.0,Overcast clouds,c04n,3
2026-08-17 03:45:00,0.0,26.4,27.6,96,1.6,-34.1,0,0,0.0,Overcast clouds,c04n,3
2026-08-17 04:00:00,0.0,26.3,27.5,96,1.6,-31.5,0,0,0.0,Overcast clouds,c04n,4
2026-08-17 04:15:00,0.0,26.3,27.5,96,1.7,-28.4,0,0,0.0,Overcast clouds,c04n,4
2026-08-17 04:30:00,0.0,26.3,27.5,95,1.8,-25.4,0,0,0.0,Overcast clouds,c04n,4
2026-08-17 04:45:00,0.0,26.3,27.4,94,1.9,-22.3,0,0,0.0,Overcast clouds,c04n,4
2026-08-17 05:00:00,0.0,26.3,27.4,94,2.0,-19.3,0,0,0.0,Overcast clouds,c04n,5
2026-08-17 05:15:00,0.0,26.4,27.5,94,2.0,-16.1,0,0,0.0,Overcast clouds,c04n,5
2026-08-17 05:30:00,0.0,26.5,27.6,93,2.0,-12.8,0,0,0.0,Overcast clouds,c04n,5
2026-08-17 05:45:00,0.0,26.6,27.7,92,2.0,-9.6,0,0,0.0,Overcast clouds,c04n,5
2026-08-17 06:00:00,0.0,26.7,30.1,92,2.0,-6.4,0,0,0.0,Broken clouds,c03n,6
2026-08-17 06:15:00,0.0,26.7,30.1,92,2.1,-3.0,20,10,0.0,Broken clouds,c03n,6
2026-08-17 06:30:00,0.0,26.7,30.1,93,2.2,0.3,39,21,1.1,Broken clouds,c03n,6
2026-08-17 06:45:00,0.0,26.7,30.2,94,2.3,3.7,59,31,1.1,Broken clouds,c03d,6
2026-08-17 07:00:00,0.0,26.7,30.2,94,2.4,7.0,78,42,1.2,Broken clouds,c03d,7
2026-08-17 07:15:00,0.0,26.7,30.2,94,2.4,10.5,135,50,1.2,Broken clouds,c03d,7
2026-08-17 07:30:00,0.0,26.7,30.2,94,2.4,13.9,192,59,1.2,Broken clouds,c03d,7
2026-08-17 07:45:00,0.0,26.7,30.2,94,2.4,17.3,249,68,1.3,Broken clouds,c03d,7
2026-08-17 08:00:00,0.0,26.7,30.2,94,2.4,20.7,306,77,1.4,Broken clouds,c03d,8
2026-08-17 08:15:00,0.0,26.9,30.7,93,2.5,24.2,365,82,1.5,Broken clouds,c03d,8
2026-08-17 08:30:00,0.0,27.1,31.1,92,2.6,27.6,424,87,1.6,Overcast clouds,c04d,8
2026-08-17 08:45:00,0.0,27.2,31.5,91,2.7,31.1,484,92,1.7,Overcast clouds,c04d,8
2026-08-17 09:00:00,47.72,27.4,31.9,90,2.8,34.5,543,97,1.8,Overcast clouds,c04d,9
2026-08-17 09:15:00,147.63,28.3,34.0,86,3.0,38.0,596,101,2.0,Overcast clouds,c04d,9
2026-08-17 09:30:00,174.61,29.3,35.9,82,3.2,41.4,648,104,2.2,Overcast clouds,c04d,9
2026-08-17 09:45:00,9.76,30.2,37.6,78,3.4,44.9,701,108,2.4,Overcast clouds,c04d,9
2026-08-17 10:00:00,122.31,31.1,39.1,74,3.6,48.4,754,111,2.6,Overcast clouds,c04d,10
2026-08-17 10:15:00,120.04,31.2,39.4,74,3.7,51.8,795,113,2.8,Overcast clouds,c04d,10
2026-08-17 10:30:00,148.39,31.3,39.7,74,3.8,55.2,835,115,3.0,Overcast clouds,c04d,10
2026-08-17 10:45:00,2.6,31.4,40.0,74,3.9,58.6,876,118,3.1,Overcast clouds,c04d,10
2026-08-17 11:00:00,163.82,31.5,40.3,74,4.0,62.0,917,120,3.3,Overcast clouds,c04d,11
2026-08-17 11:15:00,88.94,31.6,40.3,73,4.1,65.2,941,121,3.4,Overcast clouds,c04d,11
2026-08-17 11:30:00,36.99,31.7,40.2,72,4.2,68.3,966,122,3.5,Overcast clouds,c04d,11
2026-08-17 11:45:00,120.54,31.8,40.5,72,4.3,71.5,991,123,3.6,Overcast clouds,c04d,11
2026-08-17 12:00:00,195.48,31.9,40.5,71,4.4,74.7,1016,125,3.7,Drizzle,d02d,12
2026-08-17 12:15:00,35.03,32.2,40.6,69,4.4,76.1,1022,125,3.9,Light rain,r01d,12
2026-08-17 12:30:00,17.35,32.5,41.0,68,4.4,77.6,1029,125,4.2,Light rain,r01d,12
2026-08-17 12:45:00,16.28,32.7,41.0,66,4.4,79.0,1036,125,4.4,Light rain,r01d,12
2026-08-17 13:00:00,29.43,33.0,41.0,64,4.4,80.5,1042,126,4.6,Moderate rain,r02d,13
2026-08-17 13:15:00,36.4,33.1,41.2,64,4.4,78.1,1030,125,4.5,Moderate rain,r02d,13
2026-08-17 13:30:00,35.49,33.2,41.0,63,4.4,75.8,1018,125,4.3,Thunderstorm with rain,t02d,13
2026-08-17 13:45:00,40.68,33.2,40.9,62,4.4,73.5,1006,124,4.2,Thunderstorm with rain,t02d,13
2026-08-17 14:00:00,41.46,33.3,41.1,62,4.4,71.2,994,124,4.0,Thunderstorm with rain,t02d,14
2026-08-17 14:15:00,45.58,33.3,41.1,62,4.4,67.9,964,122,3.6,Thunderstorm with rain,t02d,14
2026-08-17 14:30:00,56.13,33.3,41.1,62,4.4,64.6,935,121,3.4,Thunderstorm with rain,t02d,14
2026-08-17 14:45:00,66.57,33.3,40.7,61,4.4,61.4,905,119,3.1,Thunderstorm with light rain,t01d,14
2026-08-17 15:00:00,75.54,33.3,40.7,61,4.4,58.1,875,118,2.7,Thunderstorm with light rain,t01d,15
2026-08-17 15:15:00,82.38,33.5,41.2,61,4.4,54.6,831,115,2.6,Thunderstorm with light rain,t01d,15
2026-08-17 15:30:00,85.05,33.7,41.4,60,4.4,51.2,786,113,2.4,Light rain,r01d,15
2026-08-17 15:45:00,85.64,33.9,41.9,60,4.4,47.8,741,110,2.2,Light rain,r01d,15
2026-08-17 16:00:00,109.93,34.1,42.5,60,4.4,44.3,697,108,2.0,Light rain,r01d,16
2026-08-17 16:15:00,110.64,34.0,42.2,60,4.1,40.9,641,104,1.8,Light rain,r01d,16
2026-08-17 16:30:00,109.31,33.9,41.9,60,3.8,37.4,586,100,1.7,Light rain,r01d,16
2026-08-17 16:45:00,94.8,33.8,42.0,61,3.5,34.0,531,96,1.5,Light rain,r01d,16
2026-08-17 17:00:00,71.89,33.7,41.8,61,3.2,30.5,475,92,1.3,Overcast clouds,c04d,17
2026-08-17 17:15:00,55.08,32.9,41.0,65,3.2,27.0,415,86,1.1,Overcast clouds,c04d,17
2026-08-17 17:30:00,37.31,32.1,39.8,68,3.2,23.6,356,80,1.0,Overcast clouds,c04d,17
2026-08-17 17:45:00,26.69,31.2,38.9,72,3.2,20.1,296,74,0.8,Overcast clouds,c04d,17
2026-08-17 18:00:00,21.93,30.4,37.7,76,3.2,16.7,236,69,0.7,Overcast clouds,c04d,18
2026-08-17 18:15:00,17.99,30.3,37.4,76,3.0,13.3,183,58,0.7,Overcast clouds,c04d,18
2026-08-17 18:30:00,4.24,30.2,37.1,76,2.8,9.9,131,47,0.7,Overcast clouds,c04d,18
2026-08-17 18:45:00,9.14,30.1,37.1,77,2.6,6.5,78,36,0.6,Overcast clouds,c04d,18
2026-08-17 19:00:00,0.01,30.0,36.8,77,2.4,3.1,26,25,0.6,Overcast clouds,c04n,19
2026-08-17 19:15:00,0.02,30.0,36.8,77,2.7,-0.3,19,18,0.0,Overcast clouds,c04n,19
2026-08-17 19:30:00,0.0,30.0,36.8,77,3.0,-3.6,13,12,0.0,Overcast clouds,c04n,19
2026-08-17 19:45:00,0.0,30.0,36.8,77,3.3,-6.9,6,6,0.0,Overcast clouds,c04n,19
2026-08-17 20:00:00,0.0,30.0,36.8,77,3.6,-10.3,0,0,0.0,Overcast clouds,c04n,20
2026-08-17 20:15:00,0.0,29.8,36.6,78,3.6,-13.4,0,0,0.0,Overcast clouds,c04n,20
2026-08-17 20:30:00,0.0,29.7,36.1,78,3.6,-16.6,0,0,0.0,Overcast clouds,c04n,20
2026-08-17 20:45:00,0.0,29.5,35.8,79,3.6,-19.8,0,0,0.0,Overcast clouds,c04n,20
2026-08-17 21:00:00,0.0,29.3,35.6,80,3.6,-23.0,0,0,0.0,Overcast clouds,c04n,21
2026-08-17 21:15:00,0.0,29.0,35.2,82,3.2,-26.0,0,0,0.0,Overcast clouds,c04n,21
2026-08-17 21:30:00,0.0,28.7,34.7,84,2.8,-29.0,0,0,0.0,Overcast clouds,c04n,21
2026-08-17 21:45:00,0.0,28.4,34.2,86,2.4,-31.9,0,0,0.0,Overcast clouds,c04n,21
2026-08-17 22:00:00,0.0,28.1,33.7,88,2.0,-34.9,0,0,0.0,Overcast clouds,c04n,22
2026-08-17 22:15:00,0.0,28.0,33.5,88,1.9,-37.4,0,0,0.0,Overcast clouds,c04n,22
2026-08-17 22:30:00,0.0,28.0,33.4,89,1.8,-40.0,0,0,0.0,Overcast clouds,c04n,22
2026-08-17 22:45:00,0.0,27.9,33.4,90,1.7,-42.5,0,0,0.0,Overcast clouds,c04n,22
2026-08-17 23:00:00,0.0,27.8,33.1,90,1.6,-45.1,0,0,0.0,Overcast clouds,c04n,23
2026-08-17 23:15:00,0.0,27.7,32.8,90,2.0,-46.8,0,0,0.0,Overcast clouds,c04n,23
2026-08-17 23:30:00,0.0,27.6,32.7,91,2.4,-48.6,0,0,0.0,Overcast clouds,c04n,23
2026-08-17 23:45:00,0.0,27.5,32.5,92,2.8,-50.4,0,0,0.0,Overcast clouds,c04n,23
2026-08-18 00:00:00,0.0,27.4,32.2,92,3.2,-52.1,0,0,0.0,Overcast clouds,c04n,0
2026-08-18 00:15:00,0.0,27.3,31.9,92,3.0,-52.6,0,0,0.0,Overcast clouds,c04n,0
2026-08-18 00:30:00,0.0,27.2,31.6,92,2.8,-53.2,0,0,0.0,Overcast clouds,c04n,0
2026-08-18 00:45:00,0.0,27.1,31.2,92,2.6,-53.7,0,0,0.0,Overcast clouds,c04n,0
2026-08-18 01:00:00,0.0,27.0,30.9,92,2.4,-54.2,0,0,0.0,Overcast clouds,c04n,1
2026-08-18 01:15:00,0.0,27.0,30.9,92,2.5,-53.3,0,0,0.0,Overcast clouds,c04n,1
2026-08-18 01:30:00,0.0,27.0,30.9,92,2.6,-52.4,0,0,0.0,Overcast clouds,c04n,1
2026-08-18 01:45:00,0.0,27.0,30.9,92,2.7,-51.4,0,0,0.0,Overcast clouds,c04n,1
2026-08-18 02:00:00,0.0,27.0,30.9,92,2.8,-50.5,0,0,0.0,Overcast clouds,c04n,2
2026-08-18 02:15:00,0.0,27.0,30.9,92,2.8,-48.5,0,0,0.0,Overcast clouds,c04n,2
2026-08-18 02:30:00,0.0,27.0,30.9,92,2.8,-46.4,0,0,0.0,Overcast clouds,c04n,2
2026-08-18 02:45:00,0.0,27.0,30.9,92,2.8,-44.4,0,0,0.0,Overcast clouds,c04n,2
2026-08-18 03:00:00,0.0,27.0,30.9,92,2.8,-42.4,0,0,0.0,Overcast clouds,c04n,3
2026-08-18 03:15:00,0.0,26.9,30.7,92,2.8,-39.7,0,0,0.0,Overcast clouds,c04n,3
2026-08-18 03:30:00,0.0,26.9,30.6,93,2.8,-37.0,0,0,0.0,Overcast clouds,c04n,3
2026-08-18 03:45:00,0.0,26.8,30.5,94,2.8,-34.3,0,0,0.0,Overcast clouds,c04n,3
2026-08-18 04:00:00,0.0,26.7,30.2,94,2.8,-31.6,0,0,0.0,Overcast clouds,c04n,4
2026-08-18 04:15:00,0.0,26.7,30.2,94,2.8,-28.6,0,0,0.0,Overcast clouds,c04n,4
2026-08-18 04:30:00,0.0,26.7,30.2,94,2.8,-25.5,0,0,0.0,Overcast clouds,c04n,4
2026-08-18 04:45:00,0.0,26.7,30.2,94,2.8,-22.5,0,0,0.0,Overcast clouds,c04n,4
2026-08-18 05:00:00,0.0,26.7,30.2,94,2.8,-19.4,0,0,0.0,Overcast clouds,c04n,5
2026-08-18 05:15:00,0.0,27.0,31.1,94,2.9,-16.2,0,0,0.0,Overcast clouds,c04n,5
2026-08-18 05:30:00,0.0,27.3,31.8,93,3.0,-12.9,0,0,0.0,Overcast clouds,c04n,5
2026-08-18 05:45:00,0.0,27.5,32.6,92,3.1,-9.7,0,0,0.0,Overcast clouds,c04n,5
2026-08-18 06:00:00,0.0,27.8,33.4,92,3.2,-6.5,0,0,0.0,Overcast clouds,c04n,6
2026-08-18 06:15:00,0.0,27.7,33.1,92,3.7,-3.1,19,10,0.0,Overcast clouds,c04n,6
2026-08-18 06:30:00,1.18,27.6,32.8,92,4.2,0.3,39,21,0.6,Overcast clouds,c04n,6
2026-08-18 06:45:00,4.82,27.5,32.5,92,4.7,3.6,58,31,0.6,Overcast clouds,c04d,6
2026-08-18 07:00:00,8.53,27.4,32.2,92,5.2,7.0,78,42,0.6,Overcast clouds,c04d,7
2026-08-18 07:15:00,13.86,27.3,31.9,92,5.5,10.4,134,50,0.7,Overcast clouds,c04d,7
2026-08-18 07:30:00,26.05,27.2,31.7,93,5.8,13.8,191,59,0.7,Overcast clouds,c04d,7
2026-08-18 07:45:00,41.79,27.1,31.5,94,6.1,17.2,248,68,0.7,Overcast clouds,c04d,7
2026-08-18 08:00:00,53.52,27.0,31.2,94,6.4,20.7,305,77,0.8,Overcast clouds,c04d,8
2026-08-18 08:15:00,68.61,26.9,30.9,94,6.5,24.1,364,82,0.9,Overcast clouds,c04d,8
2026-08-18 08:30:00,76.41,26.9,30.8,95,6.6,27.6,424,87,1.0,Overcast clouds,c04d,8
2026-08-18 08:45:00,74.49,26.8,30.7,96,6.7,31.0,483,92,1.1,Overcast clouds,c04d,8
2026-08-18 09:00:00,121.26,26.7,30.4,96,6.8,34.5,542,97,1.3,Overcast clouds,c04d,9
2026-08-18 09:15:00,150.38,27.3,31.8,93,6.9,37.9,595,101,1.4,Overcast clouds,c04d,9
2026-08-18 09:30:00,159.04,27.8,33.1,90,7.0,41.4,648,104,1.6,Overcast clouds,c04d,9
2026-08-18 09:45:00,171.01,28.4,34.3,87,7.1,44.8,701,108,1.8,Overcast clouds,c04d,9
2026-08-18 10:00:00,93.82,28.9,35.3,84,7.2,48.3,753,111,2.0,Overcast clouds,c04d,10
2026-08-18 10:15:00,107.19,29.0,35.6,84,7.3,51.7,794,113,2.2,Overcast clouds,c04d,10
2026-08-18 10:30:00,128.01,29.1,35.7,83,7.4,55.1,835,115,2.4,Overcast clouds,c04d,10
2026-08-18 10:45:00,64.19,29.2,35.8,82,7.5,58.5,876,118,2.6,Overcast clouds,c04d,10
2026-08-18 11:00:00,38.01,29.3,36.1,82,7.6,61.9,916,120,2.8,Overcast clouds,c04d,11
2026-08-18 11:15:00,72.15,29.5,36.3,81,7.6,65.1,941,121,3.0,Overcast clouds,c04d,11
2026-08-18 11:30:00,50.18,29.7,36.6,80,7.6,68.2,966,122,3.2,Overcast clouds,c04d,11
2026-08-18 11:45:00,14.43,29.8,37.1,80,7.6,71.3,991,123,3.4,Overcast clouds,c04d,11
2026-08-18 12:00:00,13.3,30.0,37.4,79,7.6,74.5,1015,125,3.5,Overcast clouds,c04d,12
2026-08-18 12:15:00,3.96,30.4,38.2,78,7.5,75.9,1022,125,3.6,Overcast clouds,c04d,12
2026-08-18 12:30:00,3.97,30.8,39.4,78,7.4,77.3,1028,125,3.6,Overcast clouds,c04d,12
2026-08-18 12:45:00,3.88,31.1,40.2,77,7.3,78.7,1035,125,3.6,Overcast clouds,c04d,12
2026-08-18 13:00:00,67.27,31.5,41.1,76,7.2,80.1,1042,126,3.6,Thunderstorm with drizzle,t04d,13
2026-08-18 13:15:00,65.07,31.6,41.0,75,7.3,77.8,1030,125,3.6,Overcast clouds,c04d,13
2026-08-18 13:30:00,76.4,31.7,41.0,74,7.4,75.6,1017,125,3.5,Overcast clouds,c04d,13
2026-08-18 13:45:00,93.89,31.8,41.3,74,7.5,73.3,1005,124,3.4,Overcast clouds,c04d,13
2026-08-18 14:00:00,108.92,31.9,41.2,73,7.6,71.0,993,124,3.3,Overcast clouds,c04d,14
2026-08-18 14:15:00,114.28,32.2,41.3,71,6.9,67.7,963,122,3.1,Overcast clouds,c04d,14
2026-08-18 14:30:00,120.87,32.5,41.4,69,6.2,64.4,933,121,3.0,Overcast clouds,c04d,14
2026-08-18 14:45:00,93.66,32.7,41.4,67,5.5,61.2,904,119,2.8,Overcast clouds,c04d,14
2026-08-18 15:00:00,24.42,33.0,41.4,65,4.8,57.9,874,118,2.6,Overcast clouds,c04d,15
2026-08-18 15:15:00,10.41,32.3,40.4,68,4.9,54.5,829,115,2.4,Overcast clouds,c04d,15
2026-08-18 15:30:00,3.92,31.5,39.6,72,5.0,51.0,784,113,2.2,Overcast clouds,c04d,15
2026-08-18 15:45:00,3.94,30.8,38.7,76,5.1,47.6,739,110,2.0,Overcast clouds,c04d,15
2026-08-18 16:00:00,3.93,30.0,37.4,79,5.2,44.2,695,107,1.8,Drizzle,d02d,16
2026-08-18 16:15:00,3.91,30.1,37.7,79,5.0,40.7,639,104,1.6,Light rain,r01d,16
2026-08-18 16:30:00,3.89,30.2,38.0,79,4.8,37.3,584,100,1.4,Light rain,r01d,16
2026-08-18 16:45:00,3.88,30.3,38.3,79,4.6,33.8,528,96,1.2,Light rain,r01d,16
2026-08-18 17:00:00,62.96,30.4,38.6,79,4.4,30.3,473,92,1.1,Moderate rain,r02d,17
2026-08-18 17:15:00,51.33,30.0,37.7,80,4.9,26.9,413,86,1.0,Moderate rain,r02d,17
2026-08-18 17:30:00,10.7,29.7,37.1,82,5.4,23.4,353,80,0.9,Moderate rain,r02d,17
2026-08-18 17:45:00,1.46,29.3,36.2,83,5.9,20.0,293,74,0.8,Heavy rain,r03d,17
2026-08-18 18:00:00,0.0,28.9,35.3,84,6.4,16.5,233,68,0.7,Heavy rain,r03d,18
2026-08-18 18:15:00,0.0,28.5,34.4,85,6.3,13.1,181,57,0.7,Heavy rain,r03d,18
2026-08-18 18:30:00,0.0,28.2,33.5,86,6.2,9.7,129,46,0.7,Heavy rain,r03d,18
2026-08-18 18:45:00,0.0,27.8,32.6,87,6.1,6.3,76,35,0.6,Moderate rain,r02d,18
2026-08-18 19:00:00,0.02,27.4,31.6,88,6.0,2.9,24,24,0.6,Light rain,r01n,19
2026-08-18 19:15:00,0.0,27.4,31.6,88,5.4,-0.4,18,18,0.0,Light rain,r01n,19
2026-08-18 19:30:00,0.0,27.4,31.8,89,4.8,-3.8,12,12,0.0,Light rain,r01n,19
2026-08-18 19:45:00,0.0,27.4,31.9,90,4.2,-7.1,6,6,0.0,Thunderstorm with drizzle,t04n,19
2026-08-18 20:00:00,0.0,27.4,31.9,90,3.6,-10.4,0,0,0.0,Overcast clouds,c04n,20
2026-08-18 20:15:00,0.0,27.4,31.9,90,3.4,-13.6,0,0,0.0,Overcast clouds,c04n,20
2026-08-18 20:30:00,0.0,27.4,31.9,90,3.2,-16.8,0,0,0.0,Overcast clouds,c04n,20
2026-08-18 20:45:00,0.0,27.4,31.9,90,3.0,-20.0,0,0,0.0,Overcast clouds,c04n,20
2026-08-18 21:00:00,0.0,27.4,31.9,90,2.8,-23.3,0,0,0.0,Overcast clouds,c04n,21
2026-08-18 21:15:00,0.0,27.2,31.5,91,2.8,-26.2,0,0,0.0,Overcast clouds,c04n,21
2026-08-18 21:30:00,0.0,27.1,31.1,92,2.8,-29.2,0,0,0.0,Overcast clouds,c04n,21
2026-08-18 21:45:00,0.0,26.9,30.7,93,2.8,-32.2,0,0,0.0,Overcast clouds,c04n,21
2026-08-18 22:00:00,0.0,26.7,30.2,94,2.8,-35.1,0,0,0.0,Overcast clouds,c04n,22
2026-08-18 22:15:00,0.0,26.7,30.2,94,2.7,-37.7,0,0,0.0,Drizzle,d02n,22
2026-08-18 22:30:00,0.0,26.7,30.2,94,2.6,-40.2,0,0,0.0,Light rain,r01n,22
2026-08-18 22:45:00,0.0,26.7,30.2,94,2.5,-42.8,0,0,0.0,Light rain,r01n,22
2026-08-18 23:00:00,0.0,26.7,30.2,94,2.4,-45.3,0,0,0.0,Thunderstorm with light rain,t01n,23
2026-08-18 23:15:00,0.0,26.7,30.2,94,2.2,-47.1,0,0,0.0,Thunderstorm with light rain,t01n,23
2026-08-18 23:30:00,0.0,26.7,30.3,95,2.0,-48.9,0,0,0.0,Thunderstorm with light rain,t01n,23
2026-08-18 23:45:00,0.0,26.7,30.4,96,1.8,-50.7,0,0,0.0,Thunderstorm with light rain,t01n,23
2026-08-19 00:00:00,0.0,26.7,30.4,96,1.6,-52.5,0,0,0.0,Thunderstorm with drizzle,t04n,0
2026-08-19 00:15:00,0.0,26.7,30.4,96,1.6,-53.0,0,0,0.0,Thunderstorm with drizzle,t04n,0
2026-08-19 00:30:00,0.0,26.7,30.4,96,1.6,-53.5,0,0,0.0,Thunderstorm with drizzle,t04n,0
2026-08-19 00:45:00,0.0,26.7,30.4,96,1.6,-54.0,0,0,0.0,Overcast clouds,c04n,0
2026-08-19 01:00:00,0.0,26.7,30.4,96,1.6,-54.5,0,0,0.0,Overcast clouds,c04n,1
2026-08-19 01:15:00,0.0,26.7,30.4,96,1.6,-53.6,0,0,0.0,Overcast clouds,c04n,1
2026-08-19 01:30:00,0.0,26.7,30.4,96,1.6,-52.7,0,0,0.0,Overcast clouds,c04n,1
2026-08-19 01:45:00,0.0,26.7,30.4,96,1.6,-51.7,0,0,0.0,Overcast clouds,c04n,1
2026-08-19 02:00:00,0.0,26.7,30.4,96,1.6,-50.8,0,0,0.0,Overcast clouds,c04n,2
2026-08-19 02:15:00,0.0,26.7,30.4,96,2.4,-48.7,0,0,0.0,Overcast clouds,c04n,2
2026-08-19 02:30:00,0.0,26.7,30.4,96,3.2,-46.7,0,0,0.0,Overcast clouds,c04n,2
2026-08-19 02:45:00,0.0,26.7,30.4,96,4.0,-44.6,0,0,0.0,Overcast clouds,c04n,2
2026-08-19 03:00:00,0.0,26.7,30.4,96,4.8,-42.6,0,0,0.0,Overcast clouds,c04n,3
2026-08-19 03:15:00,0.0,26.5,27.7,96,4.8,-39.9,0,0,0.0,Overcast clouds,c04n,3
2026-08-19 03:30:00,0.0,26.3,27.5,97,4.8,-37.2,0,0,0.0,Fog,a05n,3
2026-08-19 03:45:00,0.0,26.1,27.3,98,4.8,-34.5,0,0,0.0,Fog,a05n,3
2026-08-19 04:00:00,0.0,25.9,27.1,98,4.8,-31.8,0,0,0.0,Fog,a05n,4
2026-08-19 04:15:00,0.0,25.9,27.1,98,4.7,-28.7,0,0,0.0,Fog,a05n,4
2026-08-19 04:30:00,0.0,25.9,27.1,98,4.6,-25.6,0,0,0.0,Fog,a05n,4
2026-08-19 04:45:00,0.0,25.9,27.1,98,4.5,-22.6,0,0,0.0,Fog,a05n,4
2026-08-19 05:00:00,0.0,25.9,27.1,98,4.4,-19.5,0,0,0.0,Fog,a05n,5
2026-08-19 05:15:00,0.0,26.0,27.2,98,4.6,-16.3,0,0,0.0,Fog,a05n,5
2026-08-19 05:30:00,0.0,26.1,27.3,98,4.8,-13.0,0,0,0.0,Fog,a05n,5
2026-08-19 05:45:00,0.0,26.2,27.4,98,5.0,-9.8,0,0,0.0,Fog,a05n,5
2026-08-19 06:00:00,0.0,26.3,27.5,98,5.2,-6.5,0,0,0.0,Fog,a05n,6
2026-08-19 06:15:00,0.14,26.3,27.5,98,5.3,-3.2,19,10,0.0,Fog,a05n,6
2026-08-19 06:30:00,1.19,26.3,27.5,97,5.4,0.2,38,21,0.6,Fog,a05n,6
2026-08-19 06:45:00,5.52,26.3,27.5,96,5.5,3.5,57,31,0.7,Overcast clouds,c04d,6
2026-08-19 07:00:00,11.09,26.3,27.5,96,5.6,6.9,77,41,0.7,Overcast clouds,c04d,7
2026-08-19 07:15:00,23.6,26.3,27.5,96,5.8,10.3,133,50,0.7,Overcast clouds,c04d,7
2026-08-19 07:30:00,27.71,26.3,27.5,96,6.0,13.8,190,59,0.7,Overcast clouds,c04d,7
2026-08-19 07:45:00,46.9,26.3,27.5,96,6.2,17.2,247,68,0.8,Overcast clouds,c04d,7
2026-08-19 08:00:00,33.05,26.3,27.5,96,6.4,20.6,304,77,0.8,Overcast clouds,c04d,8
2026-08-19 08:15:00,51.99,26.4,27.6,96,6.6,24.1,363,82,0.9,Overcast clouds,c04d,8
2026-08-19 08:30:00,58.46,26.5,27.7,95,6.8,27.5,423,87,1.1,Overcast clouds,c04d,8
2026-08-19 08:45:00,54.63,26.6,27.8,94,7.0,31.0,482,92,1.2,Drizzle,d02d,8
2026-08-19 09:00:00,46.46,26.7,30.2,94,7.2,34.4,542,97,1.4,Light rain,r01d,9
2026-08-19 09:15:00,30.16,27.4,32.0,92,7.6,37.9,594,101,1.6,Drizzle,d02d,9
2026-08-19 09:30:00,37.85,28.0,33.7,90,8.0,41.3,647,104,1.8,Drizzle,d02d,9
2026-08-19 09:45:00,29.5,28.7,35.4,88,8.4,44.8,700,108,2.0,Drizzle,d02d,9
2026-08-19 10:00:00,68.27,29.3,37.1,86,8.8,48.2,753,111,2.2,Drizzle,d02d,10
2026-08-19 10:15:00,44.11,29.5,37.7,86,8.9,51.6,794,113,2.4,Drizzle,d02d,10
2026-08-19 10:30:00,34.85,29.7,38.0,85,9.0,55.0,834,115,2.6,Light rain,r01d,10
2026-08-19 10:45:00,83.56,29.8,38.3,84,9.1,58.4,875,118,2.7,Drizzle,d02d,10
2026-08-19 11:00:00,116.43,30.0,38.8,84,9.2,61.8,916,120,3.0,Drizzle,d02d,11
2026-08-19 11:15:00,203.69,30.2,39.4,84,9.5,65.0,941,121,3.1,Overcast clouds,c04d,11
2026-08-19 11:30:00,126.12,30.4,39.7,83,9.8,68.1,965,122,3.4,Overcast clouds,c04d,11
2026-08-19 11:45:00,103.37,30.5,40.0,82,10.1,71.2,990,123,3.6,Overcast clouds,c04d,11
2026-08-19 12:00:00,212.8,30.7,40.6,82,10.4,74.3,1015,125,3.8,Overcast clouds,c04d,12
2026-08-19 12:15:00,179.12,31.2,41.1,79,10.6,75.7,1021,125,3.8,Drizzle,d02d,12
2026-08-19 12:30:00,74.0,31.7,41.6,76,10.8,77.1,1028,125,3.8,Light rain,r01d,12
2026-08-19 12:45:00,3.99,32.1,41.9,73,11.0,78.4,1034,125,3.8,Light rain,r01d,12
2026-08-19 13:00:00,4.08,32.6,42.2,70,11.2,79.8,1041,126,3.8,Light rain,r01d,13
2026-08-19 13:15:00,44.89,32.6,42.2,70,11.1,77.5,1029,125,3.7,Light rain,r01d,13
2026-08-19 13:30:00,23.38,32.6,42.2,70,11.0,75.3,1016,125,3.6,Drizzle,d02d,13
2026-08-19 13:45:00,0.04,32.6,42.2,70,10.9,73.0,1004,124,3.5,Light rain,r01d,13
2026-08-19 14:00:00,9.76,32.6,42.2,70,10.8,70.8,992,124,3.5,Light rain,r01d,14
2026-08-19 14:15:00,87.95,32.8,42.8,70,11.0,67.5,962,122,3.3,Drizzle,d02d,14
2026-08-19 14:30:00,50.6,33.0,42.9,69,11.2,64.2,932,121,3.0,Overcast clouds,c04d,14
2026-08-19 14:45:00,63.65,33.1,43.0,68,11.4,61.0,902,119,2.8,Overcast clouds,c04d,14
2026-08-19 15:00:00,78.45,33.3,43.5,68,11.6,57.7,872,118,2.6,Overcast clouds,c04d,15
2026-08-19 15:15:00,36.16,33.4,43.4,67,11.6,54.3,827,115,2.4,Overcast clouds,c04d,15
2026-08-19 15:30:00,0.0,33.5,43.3,66,11.6,50.9,782,112,2.2,Overcast clouds,c04d,15
2026-08-19 15:45:00,28.68,33.6,43.6,66,11.6,47.4,737,110,2.0,Overcast clouds,c04d,15
2026-08-19 16:00:00,2.62,33.7,43.5,65,11.6,44.0,693,107,1.8,Overcast clouds,c04d,16
2026-08-19 16:15:00,2.6,33.6,43.2,65,10.4,40.6,637,103,1.6,Overcast clouds,c04d,16
2026-08-19 16:30:00,143.11,33.5,42.9,65,9.2,37.1,581,100,1.4,Overcast clouds,c04d,16
2026-08-19 16:45:00,66.51,33.4,42.6,65,8.0,33.6,526,96,1.2,Overcast clouds,c04d,16
2026-08-19 17:00:00,19.32,33.3,42.3,65,6.8,30.2,470,92,1.1,Overcast clouds,c04d,17
2026-08-19 17:15:00,2.57,32.5,41.1,68,6.1,26.7,410,86,1.0,Overcast clouds,c04d,17
2026-08-19 17:30:00,2.59,31.7,40.1,72,5.4,23.3,350,80,0.9,Drizzle,d02d,17
2026-08-19 17:45:00,57.58,30.8,39.0,76,4.7,19.8,290,74,0.8,Light rain,r01d,17
2026-08-19 18:00:00,35.99,30.0,37.4,79,4.0,16.4,231,68,0.7,Light rain,r01d,18
2026-08-19 18:15:00,10.14,29.9,37.4,80,3.5,13.0,178,57,0.7,Light rain,r01d,18
2026-08-19 18:30:00,13.53,29.8,37.1,80,3.0,9.5,126,45,0.7,Light rain,r01d,18
2026-08-19 18:45:00,8.69,29.7,36.8,80,2.5,6.1,74,34,0.7,Drizzle,d02d,18
2026-08-19 19:00:00,2.19,29.6,36.7,81,2.0,2.7,22,23,0.7,Overcast clouds,c04n,19
2026-08-19 19:15:00,0.33,29.6,37.0,82,1.9,-0.6,16,17,0.0,Overcast clouds,c04n,19
2026-08-19 19:30:00,0.06,29.6,37.0,82,1.8,-4.0,11,11,0.0,Overcast clouds,c04n,19
2026-08-19 19:45:00,0.0,29.6,37.3,83,1.7,-7.3,5,6,0.0,Overcast clouds,c04n,19
2026-08-19 20:00:00,0.0,29.6,37.5,84,1.6,-10.6,0,0,0.0,Overcast clouds,c04n,20
2026-08-19 20:15:00,0.0,29.5,37.3,84,1.8,-13.8,0,0,0.0,Overcast clouds,c04n,20
2026-08-19 20:30:00,0.0,29.5,37.3,85,2.0,-17.1,0,0,0.0,Overcast clouds,c04n,20
2026-08-19 20:45:00,0.0,29.4,37.3,86,2.2,-20.3,0,0,0.0,Overcast clouds,c04n,20
2026-08-19 21:00:00,0.0,29.3,37.1,86,2.4,-23.5,0,0,0.0,Overcast clouds,c04n,21
2026-08-19 21:15:00,0.0,29.3,37.1,86,2.7,-26.5,0,0,0.0,Overcast clouds,c04n,21
2026-08-19 21:30:00,0.0,29.3,37.1,86,3.0,-29.4,0,0,0.0,Overcast clouds,c04n,21
2026-08-19 21:45:00,0.0,29.3,37.1,86,3.3,-32.4,0,0,0.0,Overcast clouds,c04n,21
2026-08-19 22:00:00,0.0,29.3,37.1,86,3.6,-35.4,0,0,0.0,Overcast clouds,c04n,22
2026-08-19 22:15:00,0.0,29.2,36.7,86,4.1,-38.0,0,0,0.0,Overcast clouds,c04n,22
2026-08-19 22:30:00,0.0,29.1,36.7,87,4.6,-40.5,0,0,0.0,Overcast clouds,c04n,22
2026-08-19 22:45:00,0.0,29.0,36.6,88,5.1,-43.1,0,0,0.0,Overcast clouds,c04n,22
2026-08-19 23:00:00,0.0,28.9,36.3,88,5.6,-45.6,0,0,0.0,Overcast clouds,c04n,23
2026-08-19 23:15:00,0.0,28.8,35.9,88,5.9,-47.4,0,0,0.0,Overcast clouds,c04n,23
2026-08-19 23:30:00,0.0,28.7,35.6,88,6.2,-49.2,0,0,0.0,Overcast clouds,c04n,23
2026-08-19 23:45:00,0.0,28.6,35.3,88,6.5,-51.0,0,0,0.0,Overcast clouds,c04n,23
2026-08-20 00:00:00,0.0,28.5,35.0,88,6.8,-52.8,0,0,0.0,Overcast clouds,c04n,0
2026-08-20 00:15:00,0.0,28.3,34.6,89,6.3,-53.3,0,0,0.0,Overcast clouds,c04n,0
2026-08-20 00:30:00,0.0,28.2,34.2,90,5.8,-53.8,0,0,0.0,Overcast clouds,c04n,0
2026-08-20 00:45:00,0.0,28.0,33.8,91,5.3,-54.3,0,0,0.0,Overcast clouds,c04n,0
2026-08-20 01:00:00,0.0,27.8,33.4,92,4.8,-54.9,0,0,0.0,Overcast clouds,c04n,1
2026-08-20 01:15:00,0.0,27.9,33.7,92,4.8,-53.9,0,0,0.0,Overcast clouds,c04n,1
2026-08-20 01:30:00,0.0,28.0,33.8,91,4.8,-53.0,0,0,0.0,Overcast clouds,c04n,1
2026-08-20 01:45:00,0.0,28.0,33.8,90,4.8,-52.0,0,0,0.0,Overcast clouds,c04n,1
2026-08-20 02:00:00,0.0,28.1,34.1,90,4.8,-51.1,0,0,0.0,Overcast clouds,c04n,2
2026-08-20 02:15:00,0.0,28.0,33.8,90,4.8,-49.0,0,0,0.0,Overcast clouds,c04n,2
2026-08-20 02:30:00,0.0,28.0,33.8,91,4.8,-46.9,0,0,0.0,Overcast clouds,c04n,2
2026-08-20 02:45:00,0.0,27.9,33.7,92,4.8,-44.8,0,0,0.0,Overcast clouds,c04n,2
2026-08-20 03:00:00,0.0,27.8,33.4,92,4.8,-42.8,0,0,0.0,Overcast clouds,c04n,3
2026-08-20 03:15:00,0.0,27.7,33.1,92,4.8,-40.1,0,0,0.0,Broken clouds,c03n,3
2026-08-20 03:30:00,0.0,27.6,32.8,92,4.8,-37.3,0,0,0.0,Broken clouds,c03n,3
2026-08-20 03:45:00,0.0,27.5,32.5,92,4.8,-34.6,0,0,0.0,Broken clouds,c03n,3
2026-08-20 04:00:00,0.0,27.4,32.2,92,4.8,-31.9,0,0,0.0,Broken clouds,c03n,4
2026-08-20 04:15:00,0.0,27.4,32.2,92,4.6,-28.8,0,0,0.0,Broken clouds,c03n,4
2026-08-20 04:30:00,0.0,27.4,32.2,92,4.4,-25.8,0,0,0.0,Broken clouds,c03n,4
2026-08-20 04:45:00,0.0,27.4,32.2,92,4.2,-22.7,0,0,0.0,Broken clouds,c03n,4
2026-08-20 05:00:00,0.0,27.4,32.2,92,4.0,-19.7,0,0,0.0,Broken clouds,c03n,5
2026-08-20 05:15:00,0.0,27.6,32.7,92,4.1,-16.4,0,0,0.0,Broken clouds,c03n,5
2026-08-20 05:30:00,0.0,27.8,33.3,92,4.2,-13.1,0,0,0.0,Broken clouds,c03n,5
2026-08-20 05:45:00,0.0,27.9,33.9,92,4.3,-9.9,0,0,0.0,Broken clouds,c03n,5
2026-08-20 06:00:00,0.0,28.1,34.4,92,4.4,-6.6,0,0,0.0,Broken clouds,c03n,6
2026-08-20 06:15:00,0.0,28.1,34.4,92,4.7,-3.3,19,10,0.0,Broken clouds,c03n,6
2026-08-20 06:30:00,2.63,28.1,34.4,92,5.0,0.1,38,21,1.1,Broken clouds,c03n,6
2026-08-20 06:45:00,8.47,28.1,34.4,92,5.3,3.5,57,31,1.0,Overcast clouds,c04d,6
2026-08-20 07:00:00,17.06,28.1,34.4,92,5.6,6.8,76,41,1.0,Overcast clouds,c04d,7
2026-08-20 07:15:00,29.94,28.3,35.1,92,5.8,10.3,132,50,1.2,Broken clouds,c03d,7
2026-08-20 07:30:00,42.78,28.5,35.6,91,6.0,13.7,189,59,1.5,Broken clouds,c03d,7
2026-08-20 07:45:00,53.8,28.7,36.0,90,6.2,17.1,246,68,1.8,Scattered clouds,c02d,7
2026-08-20 08:00:00,46.78,28.9,36.7,90,6.4,20.5,303,76,2.2,Scattered clouds,c02d,8
2026-08-20 08:15:00,87.0,29.0,36.8,89,6.7,24.0,363,82,2.3,Scattered clouds,c02d,8
2026-08-20 08:30:00,103.46,29.1,36.9,88,7.0,27.5,422,87,2.5,Scattered clouds,c02d,8
2026-08-20 08:45:00,123.17,29.2,37.0,87,7.3,30.9,482,92,2.7,Scattered clouds,c02d,8
2026-08-20 09:00:00,131.83,29.3,37.1,86,7.6,34.4,541,97,3.0,Scattered clouds,c02d,9
2026-08-20 09:15:00,131.47,30.1,38.6,82,8.7,37.8,594,101,3.5,Scattered clouds,c02d,9
2026-08-20 09:30:00,124.7,31.0,40.0,78,9.8,41.3,647,104,4.0,Scattered clouds,c02d,9
2026-08-20 09:45:00,25.44,31.8,41.6,75,10.9,44.7,700,108,4.7,Scattered clouds,c02d,9
2026-08-20 10:00:00,3.9,32.6,42.6,71,12.0,48.2,752,111,5.4,Scattered clouds,c02d,10
2026-08-20 10:15:00,3.92,32.8,42.8,70,11.9,51.6,793,113,6.1,Scattered clouds,c02d,10
2026-08-20 10:30:00,3.89,33.0,42.9,69,11.8,55.0,834,115,6.8,Few clouds,c02d,10
2026-08-20 10:45:00,32.16,33.1,43.0,68,11.7,58.4,875,118,7.5,Few clouds,c02d,10
2026-08-20 11:00:00,88.74,33.3,43.1,67,11.6,61.7,915,120,8.3,Few clouds,c02d,11
2026-08-20 11:15:00,59.95,33.3,43.1,67,12.1,64.8,940,121,8.7,Few clouds,c02d,11
2026-08-20 11:30:00,3.88,33.3,43.1,67,12.6,67.9,965,122,9.1,Few clouds,c02d,11
2026-08-20 11:45:00,3.94,33.3,43.1,67,13.1,71.0,989,123,9.4,Few clouds,c02d,11
2026-08-20 12:00:00,3.89,33.3,43.1,67,13.6,74.2,1014,125,9.8,Few clouds,c02d,12
2026-08-20 12:15:00,40.56,33.7,43.4,65,13.7,75.5,1021,125,9.8,Few clouds,c02d,12
2026-08-20 12:30:00,27.84,34.1,43.6,63,13.8,76.8,1027,125,9.9,Few clouds,c02d,12
2026-08-20 12:45:00,16.85,34.4,43.8,61,13.9,78.1,1034,125,9.9,Scattered clouds,c02d,12
2026-08-20 13:00:00,19.54,34.8,44.0,59,14.0,79.5,1040,126,9.9,Scattered clouds,c02d,13
2026-08-20 13:15:00,10.2,34.7,44.2,60,14.1,77.2,1028,125,9.7,Scattered clouds,c02d,13
2026-08-20 13:30:00,96.91,34.6,43.9,60,14.2,75.0,1015,125,9.5,Scattered clouds,c02d,13
2026-08-20 13:45:00,103.87,34.5,43.6,60,14.3,72.8,1003,124,9.4,Scattered clouds,c02d,13
2026-08-20 14:00:00,91.82,34.4,43.7,61,14.4,70.5,991,123,9.1,Scattered clouds,c02d,14
2026-08-20 14:15:00,35.18,34.5,44.0,61,14.2,67.3,961,122,8.6,Scattered clouds,c02d,14
2026-08-20 14:30:00,167.04,34.6,43.9,60,14.0,64.0,931,120,8.1,Scattered clouds,c02d,14
2026-08-20 14:45:00,38.42,34.7,44.2,60,13.8,60.8,901,119,7.6,Scattered clouds,c02d,14
2026-08-20 15:00:00,4.64,34.8,44.5,60,13.6,57.5,870,117,7.1,Scattered clouds,c02d,15
2026-08-20 15:15:00,4.6,34.9,44.3,59,13.1,54.1,825,115,6.5,Scattered clouds,c02d,15
2026-08-20 15:30:00,130.35,35.0,44.1,58,12.6,50.7,780,112,5.9,Scattered clouds,c02d,15
2026-08-20 15:45:00,141.47,35.1,43.9,57,12.1,47.3,735,110,5.4,Few clouds,c02d,15
2026-08-20 16:00:00,82.35,35.2,43.7,56,11.6,43.9,690,107,4.9,Few clouds,c02d,16
2026-08-20 16:15:00,84.02,34.9,43.4,57,11.0,40.4,635,103,4.0,Scattered clouds,c02d,16
2026-08-20 16:30:00,101.68,34.7,43.1,58,10.4,36.9,579,99,3.2,Scattered clouds,c02d,16
2026-08-20 16:45:00,16.05,34.4,42.4,58,9.8,33.5,523,96,2.6,Broken clouds,c03d,16
2026-08-20 17:00:00,56.82,34.1,42.0,59,9.2,30.0,468,92,2.1,Broken clouds,c03d,17
2026-08-20 17:15:00,45.53,33.0,41.3,65,8.9,26.6,408,86,1.7,Broken clouds,c03d,17
2026-08-20 17:30:00,46.07,31.9,40.0,70,8.6,23.1,348,80,1.5,Broken clouds,c03d,17
2026-08-20 17:45:00,11.08,30.7,38.7,76,8.3,19.7,288,74,1.2,Overcast clouds,c04d,17
2026-08-20 18:00:00,10.48,29.6,37.0,82,8.0,16.2,228,68,1.1,Overcast clouds,c04d,18
2026-08-20 18:15:00,18.33,29.6,37.0,82,7.9,12.8,176,56,0.9,Overcast clouds,c04d,18
2026-08-20 18:30:00,16.19,29.6,37.0,82,7.8,9.4,124,45,0.8,Overcast clouds,c04d,18
2026-08-20 18:45:00,8.92,29.6,36.7,81,7.7,5.9,72,33,0.7,Overcast clouds,c04d,18
2026-08-20 19:00:00,4.41,29.6,36.7,81,7.6,2.5,20,22,0.6,Overcast clouds,c04n,19
2026-08-20 19:15:00,2.39,29.5,36.5,81,7.3,-0.8,15,16,0.0,Overcast clouds,c04n,19
2026-08-20 19:30:00,0.06,29.5,36.5,82,7.0,-4.2,10,11,0.0,Overcast clouds,c04n,19
2026-08-20 19:45:00,0.0,29.4,36.3,82,6.7,-7.5,5,5,0.0,Overcast clouds,c04n,19
2026-08-20 20:00:00,0.0,29.3,36.1,82,6.4,-10.8,0,0,0.0,Overcast clouds,c04n,20
2026-08-20 20:15:00,0.0,29.3,36.1,82,6.1,-14.0,0,0,0.0,Thunderstorm with drizzle,t04n,20
2026-08-20 20:30:00,0.0,29.3,36.1,82,5.8,-17.3,0,0,0.0,Thunderstorm with light rain,t01n,20
2026-08-20 20:45:00,0.0,29.3,36.1,82,5.5,-20.5,0,0,0.0,Thunderstorm with drizzle,t04n,20
2026-08-20 21:00:00,0.0,29.3,36.1,82,5.2,-23.7,0,0,0.0,Overcast clouds,c04n,21
2026-08-20 21:15:00,0.0,29.1,35.7,83,5.2,-26.7,0,0,0.0,Thunderstorm with drizzle,t04n,21
2026-08-20 21:30:00,0.0,28.9,35.3,84,5.2,-29.7,0,0,0.0,Thunderstorm with light rain,t01n,21
2026-08-20 21:45:00,0.0,28.7,34.9,85,5.2,-32.7,0,0,0.0,Light rain,r01n,21
2026-08-20 22:00:00,0.0,28.5,34.5,86,5.2,-35.7,0,0,0.0,Light rain,r01n,22
2026-08-20 22:15:00,0.0,28.4,34.4,87,5.3,-38.2,0,0,0.0,Light rain,r01n,22
2026-08-20 22:30:00,0.0,28.3,34.3,88,5.4,-40.8,0,0,0.0,Light rain,r01n,22
2026-08-20 22:45:00,0.0,28.2,34.2,89,5.5,-43.4,0,0,0.0,Light rain,r01n,22
2026-08-20 23:00:00,0.0,28.1,34.1,90,5.6,-45.9,0,0,0.0,Moderate rain,r02n,23
2026-08-20 23:15:00,0.0,28.1,34.1,90,6.2,-47.7,0,0,0.0,Thunderstorm with rain,t02n,23
2026-08-20 23:30:00,0.0,28.1,34.1,90,6.8,-49.5,0,0,0.0,Thunderstorm with rain,t02n,23
2026-08-20 23:45:00,0.0,28.1,34.1,90,7.4,-51.3,0,0,0.0,Thunderstorm with rain,t02n,23
2026-08-21 00:00:00,0.0,28.1,34.1,90,8.0,-53.1,0,0,0.0,Thunderstorm with light rain,t01n,0
2026-08-21 00:15:00,0.0,28.0,33.8,90,7.6,-53.6,0,0,0.0,Thunderstorm with light rain,t01n,0
2026-08-21 00:30:00,0.0,28.0,33.8,91,7.2,-54.1,0,0,0.0,Thunderstorm with light rain,t01n,0
2026-08-21 00:45:00,0.0,27.9,33.7,92,6.8,-54.7,0,0,0.0,Thunderstorm with light rain,t01n,0
2026-08-21 01:00:00,0.0,27.8,33.4,92,6.4,-55.2,0,0,0.0,Thunderstorm with light rain,t01n,1
2026-08-21 01:15:00,0.0,27.8,33.4,92,6.3,-54.2,0,0,0.0,Light rain,r01n,1
2026-08-21 01:30:00,0.0,27.8,33.4,92,6.2,-53.3,0,0,0.0,Light rain,r01n,1
2026-08-21 01:45:00,0.0,27.8,33.4,92,6.1,-52.3,0,0,0.0,Light rain,r01n,1
2026-08-21 02:00:00,0.0,27.8,33.4,92,6.0,-51.3,0,0,0.0,Moderate rain,r02n,2
2026-08-21 02:15:00,0.0,27.8,33.4,92,6.0,-49.2,0,0,0.0,Light rain,r01n,2
2026-08-21 02:30:00,0.0,27.8,33.3,91,6.0,-47.2,0,0,0.0,Light rain,r01n,2
2026-08-21 02:45:00,0.0,27.8,33.1,90,6.0,-45.1,0,0,0.0,Drizzle,d02n,2
2026-08-21 03:00:00,0.0,27.8,33.1,90,6.0,-43.0,0,0,0.0,Overcast clouds,c04n,3
2026-08-21 03:15:00,0.0,27.6,32.7,91,6.1,-40.2,0,0,0.0,Overcast clouds,c04n,3
2026-08-21 03:30:00,0.0,27.4,32.2,92,6.2,-37.5,0,0,0.0,Overcast clouds,c04n,3
2026-08-21 03:45:00,0.0,27.2,31.7,93,6.3,-34.8,0,0,0.0,Overcast clouds,c04n,3
2026-08-21 04:00:00,0.0,27.0,31.2,94,6.4,-32.1,0,0,0.0,Overcast clouds,c04n,4
2026-08-21 04:15:00,0.0,27.0,31.2,94,6.8,-29.0,0,0,0.0,Overcast clouds,c04n,4
2026-08-21 04:30:00,0.0,27.0,31.2,94,7.2,-25.9,0,0,0.0,Overcast clouds,c04n,4
2026-08-21 04:45:00,0.0,27.0,31.2,94,7.6,-22.8,0,0,0.0,Overcast clouds,c04n,4
2026-08-21 05:00:00,0.0,27.0,31.2,94,8.0,-19.8,0,0,0.0,Overcast clouds,c04n,5
2026-08-21 05:15:00,0.0,27.1,31.5,94,8.3,-16.5,0,0,0.0,Overcast clouds,c04n,5
2026-08-21 05:30:00,0.0,27.2,31.7,93,8.6,-13.2,0,0,0.0,Overcast clouds,c04n,5
2026-08-21 05:45:00,0.0,27.3,31.9,92,8.9,-10.0,0,0,0.0,Overcast clouds,c04n,5
2026-08-21 06:00:00,0.0,27.4,32.2,92,9.2,-6.7,0,0,0.0,Overcast clouds,c04n,6
2026-08-21 06:15:00,0.0,27.4,32.2,92,9.4,-3.3,19,10,0.0,Overcast clouds,c04n,6
2026-08-21 06:30:00,0.87,27.4,32.2,92,9.6,0.0,37,20,0.6,Overcast clouds,c04n,6
2026-08-21 06:45:00,3.43,27.4,32.2,92,9.8,3.4,56,31,0.6,Overcast clouds,c04d,6
2026-08-21 07:00:00,2.87,27.4,32.2,92,10.0,6.8,75,41,0.6,Overcast clouds,c04d,7
2026-08-21 07:15:00,5.84,27.2,31.6,92,9.9,10.2,132,50,0.7,Overcast clouds,c04d,7
2026-08-21 07:30:00,6.17,27.1,31.2,93,9.8,13.6,189,59,0.7,Overcast clouds,c04d,7
2026-08-21 07:45:00,0.02,26.9,30.8,94,9.7,17.1,245,67,0.7,Overcast clouds,c04d,7
2026-08-21 08:00:00,0.0,26.7,30.2,94,9.6,20.5,302,76,0.8,Overcast clouds,c04d,8
2026-08-21 08:15:00,0.02,26.6,27.8,94,9.4,23.9,362,82,0.9,Drizzle,d02d,8
2026-08-21 08:30:00,43.04,26.5,27.7,95,9.2,27.4,421,87,1.0,Light rain,r01d,8
2026-08-21 08:45:00,46.36,26.4,27.6,96,9.0,30.9,481,92,1.1,Drizzle,d02d,8
2026-08-21 09:00:00,52.86,26.3,27.5,96,8.8,34.3,540,97,1.3,Overcast clouds,c04d,9
2026-08-21 09:15:00,59.43,27.0,31.0,94,8.7,37.8,593,101,1.4,Overcast clouds,c04d,9
2026-08-21 09:30:00,72.55,27.6,32.7,91,8.6,41.2,646,104,1.6,Overcast clouds,c04d,9
2026-08-21 09:45:00,66.64,28.3,34.2,88,8.5,44.7,699,108,1.8,Overcast clouds,c04d,9
2026-08-21 10:00:00,43.29,28.9,35.8,86,8.4,48.1,752,111,2.0,Overcast clouds,c04d,10
2026-08-21 10:15:00,27.84,29.0,36.1,86,8.9,51.5,793,113,2.2,Overcast clouds,c04d,10
2026-08-21 10:30:00,33.28,29.1,36.4,86,9.4,54.9,833,115,2.4,Overcast clouds,c04d,10
2026-08-21 10:45:00,30.06,29.2,36.7,86,9.9,58.3,874,118,2.6,Overcast clouds,c04d,10
2026-08-21 11:00:00,53.95,29.3,37.1,86,10.4,61.7,915,120,2.8,Overcast clouds,c04d,11
2026-08-21 11:15:00,117.6,29.4,37.1,85,10.8,64.7,939,121,3.0,Overcast clouds,c04d,11
2026-08-21 11:30:00,137.77,29.5,37.0,84,11.2,67.8,964,122,3.2,Overcast clouds,c04d,11
2026-08-21 11:45:00,124.26,29.5,37.0,83,11.6,70.9,989,123,3.3,Overcast clouds,c04d,11
2026-08-21 12:00:00,124.72,29.6,37.0,82,12.0,74.0,1013,125,3.4,Overcast clouds,c04d,12
2026-08-21 12:15:00,124.59,29.6,37.0,82,12.0,75.3,1020,125,3.5,Overcast clouds,c04d,12
2026-08-21 12:30:00,149.25,29.6,37.0,82,12.0,76.5,1026,125,3.5,Overcast clouds,c04d,12
2026-08-21 12:45:00,169.38,29.6,36.7,81,12.0,77.8,1033,125,3.6,Overcast clouds,c04d,12
2026-08-21 13:00:00,19.05,29.6,36.7,81,12.0,79.1,1039,126,3.6,Overcast clouds,c04d,13
2026-08-21 13:15:00,142.41,29.7,36.8,80,11.9,76.9,1027,125,3.5,Overcast clouds,c04d,13
2026-08-21 13:30:00,128.89,29.8,36.8,79,11.8,74.7,1014,125,3.5,Overcast clouds,c04d,13
2026-08-21 13:45:00,85.57,29.9,36.8,78,11.7,72.5,1002,124,3.4,Overcast clouds,c04d,13
2026-08-21 14:00:00,22.78,30.0,36.8,77,11.6,70.3,989,123,3.3,Overcast clouds,c04d,14
2026-08-21 14:15:00,4.02,29.8,36.6,78,11.2,67.1,959,122,3.1,Overcast clouds,c04d,14
2026-08-21 14:30:00,155.37,29.7,36.6,80,10.8,63.8,929,120,2.9,Overcast clouds,c04d,14
2026-08-21 14:45:00,61.43,29.5,36.3,81,10.4,60.6,899,119,2.8,Overcast clouds,c04d,14
2026-08-21 15:00:00,4.0,29.3,36.1,82,10.0,57.4,869,117,2.6,Overcast clouds,c04d,15
2026-08-21 15:15:00,4.0,29.3,36.3,83,9.7,53.9,824,115,2.4,Overcast clouds,c04d,15
2026-08-21 15:30:00,3.96,29.3,36.6,84,9.4,50.5,778,112,2.1,Overcast clouds,c04d,15
2026-08-21 15:45:00,4.01,29.3,36.8,85,9.1,47.1,733,110,1.9,Overcast clouds,c04d,15
2026-08-21 16:00:00,54.54,29.3,37.1,86,8.8,43.7,688,107,1.8,Overcast clouds,c04d,16
2026-08-21 16:15:00,44.99,29.4,37.3,86,8.6,40.2,632,103,1.6,Overcast clouds,c04d,16
2026-08-21 16:30:00,20.0,29.5,37.3,85,8.4,36.8,577,99,1.4,Overcast clouds,c04d,16
2026-08-21 16:45:00,23.62,29.5,37.3,84,8.2,33.3,521,95,1.2,Overcast clouds,c04d,16
2026-08-21 17:00:00,0.04,29.6,37.5,84,8.0,29.8,465,91,1.1,Overcast clouds,c04d,17
2026-08-21 17:15:00,0.01,29.2,36.8,86,8.0,26.4,405,85,1.0,Overcast clouds,c04d,17
2026-08-21 17:30:00,12.82,28.9,35.9,87,8.0,22.9,345,79,0.9,Drizzle,d02d,17
2026-08-21 17:45:00,13.76,28.5,34.9,88,8.0,19.5,285,73,0.8,Overcast clouds,c04d,17
2026-08-21 18:00:00,18.12,28.1,34.1,90,8.0,16.0,225,67,0.7,Overcast clouds,c04d,18
2026-08-21 18:15:00,17.48,28.0,33.8,90,7.3,12.6,173,56,0.7,Overcast clouds,c04d,18
2026-08-21 18:30:00,0.0,28.0,33.8,91,6.6,9.2,121,44,0.6,Overcast clouds,c04d,18
2026-08-21 18:45:00,0.0,27.9,33.7,92,5.9,5.8,70,32,0.6,Overcast clouds,c04d,18
2026-08-21 19:00:00,1.48,27.8,33.4,92,5.2,2.4,18,21,0.6,Overcast clouds,c04n,19
2026-08-21 19:15:00,0.11,27.8,33.4,92,5.6,-1.0,14,16,0.0,Overcast clouds,c04n,19
2026-08-21 19:30:00,0.01,27.8,33.4,92,6.0,-4.3,9,10,0.0,Drizzle,d02n,19
2026-08-21 19:45:00,0.0,27.8,33.4,92,6.4,-7.7,5,5,0.0,Drizzle,d02n,19
2026-08-21 20:00:00,0.0,27.8,33.4,92,6.8,-11.0,0,0,0.0,Drizzle,d02n,20
2026-08-21 20:15:00,0.0,27.7,33.1,92,6.7,-14.3,0,0,0.0,Drizzle,d02n,20
2026-08-21 20:30:00,0.0,27.6,32.8,92,6.6,-17.5,0,0,0.0,Drizzle,d02n,20
2026-08-21 20:45:00,0.0,27.5,32.5,92,6.5,-20.7,0,0,0.0,Drizzle,d02n,20
2026-08-21 21:00:00,0.0,27.4,32.2,92,6.4,-23.9,0,0,0.0,Drizzle,d02n,21
2026-08-21 21:15:00,0.0,27.3,31.9,92,6.4,-26.9,0,0,0.0,Drizzle,d02n,21
2026-08-21 21:30:00,0.0,27.2,31.6,92,6.4,-29.9,0,0,0.0,Light rain,r01n,21
2026-08-21 21:45:00,0.0,27.1,31.2,92,6.4,-32.9,0,0,0.0,Light rain,r01n,21
2026-08-21 22:00:00,0.0,27.0,30.9,92,6.4,-35.9,0,0,0.0,Thunderstorm with light rain,t01n,22
2026-08-21 22:15:00,0.0,26.8,30.6,94,6.4,-38.5,0,0,0.0,Thunderstorm with light rain,t01n,22
2026-08-21 22:30:00,0.0,26.7,27.9,95,6.4,-41.1,0,0,0.0,Thunderstorm with light rain,t01n,22
2026-08-21 22:45:00,0.0,26.5,27.7,96,6.4,-43.7,0,0,0.0,Light rain,r01n,22
2026-08-21 23:00:00,0.0,26.3,27.5,98,6.4,-46.2,0,0,0.0,Moderate rain,r02n,23
2026-08-21 23:15:00,0.0,26.3,27.5,98,6.6,-48.0,0,0,0.0,Light rain,r01n,23
2026-08-21 23:30:00,0.0,26.3,27.5,98,6.8,-49.8,0,0,0.0,Thunderstorm with light rain,t01n,23
2026-08-21 23:45:00,0.0,26.3,27.5,98,7.0,-51.6,0,0,0.0,Thunderstorm with light rain,t01n,23
2026-08-22 00:00:00,0.0,26.3,27.5,98,7.2,-53.4,0,0,0.0,Thunderstorm with light rain,t01n,0
2026-08-22 00:15:00,0.0,26.3,27.5,98,7.3,-54.0,0,0,0.0,Light rain,r01n,0
2026-08-22 00:30:00,0.0,26.3,27.5,98,7.4,-54.5,0,0,0.0,Light rain,r01n,0
2026-08-22 00:45:00,0.0,26.3,27.5,98,7.5,-55.0,0,0,0.0,Light rain,r01n,0
2026-08-22 01:00:00,0.0,26.3,27.5,98,7.6,-55.5,0,0,0.0,Light rain,r01n,1
2026-08-22 01:15:00,0.0,26.4,27.7,98,7.5,-54.5,0,0,0.0,Light rain,r01n,1
2026-08-22 01:30:00,0.0,26.5,27.7,97,7.4,-53.6,0,0,0.0,Drizzle,d02n,1
2026-08-22 01:45:00,0.0,26.6,27.8,96,7.3,-52.6,0,0,0.0,Overcast clouds,c04n,1
2026-08-22 02:00:00,0.0,26.7,30.4,96,7.2,-51.6,0,0,0.0,Overcast clouds,c04n,2
2026-08-22 02:15:00,0.0,26.7,30.4,96,7.5,-49.5,0,0,0.0,Overcast clouds,c04n,2
2026-08-22 02:30:00,0.0,26.7,30.4,96,7.8,-47.4,0,0,0.0,Overcast clouds,c04n,2
2026-08-22 02:45:00,0.0,26.7,30.4,96,8.1,-45.3,0,0,0.0,Overcast clouds,c04n,2
2026-08-22 03:00:00,0.0,26.7,30.4,96,8.4,-43.2,0,0,0.0,Overcast clouds,c04n,3
2026-08-22 03:15:00,0.0,26.6,27.8,96,8.5,-40.4,0,0,0.0,Overcast clouds,c04n,3
2026-08-22 03:30:00,0.0,26.5,27.7,96,8.6,-37.7,0,0,0.0,Overcast clouds,c04n,3
2026-08-22 03:45:00,0.0,26.4,27.6,96,8.7,-34.9,0,0,0.0,Overcast clouds,c04n,3
2026-08-22 04:00:00,0.0,26.3,27.5,96,8.8,-32.2,0,0,0.0,Overcast clouds,c04n,4
2026-08-22 04:15:00,0.0,26.3,27.5,96,9.0,-29.1,0,0,0.0,Overcast clouds,c04n,4
2026-08-22 04:30:00,0.0,26.3,27.5,96,9.2,-26.0,0,0,0.0,Overcast clouds,c04n,4
2026-08-22 04:45:00,0.0,26.3,27.5,96,9.4,-23.0,0,0,0.0,Overcast clouds,c04n,4
2026-08-22 05:00:00,0.0,26.3,27.5,96,9.6,-19.9,0,0,0.0,Thunderstorm with drizzle,t04n,5
2026-08-22 05:15:00,0.0,26.4,27.6,96,9.7,-16.6,0,0,0.0,Drizzle,d02n,5
2026-08-22 05:30:00,0.0,26.5,27.7,96,9.8,-13.3,0,0,0.0,Drizzle,d02n,5
2026-08-22 05:45:00,0.0,26.6,27.8,96,9.9,-10.1,0,0,0.0,Light rain,r01n,5
2026-08-22 06:00:00,0.0,26.7,30.4,96,10.0,-6.8,0,0,0.0,Light rain,r01n,6
2026-08-22 06:15:00,0.0,26.7,30.4,96,10.1,-3.4,18,10,0.0,Light rain,r01n,6
2026-08-22 06:30:00,0.01,26.7,30.3,95,10.2,0.0,37,20,0.6,Light rain,r01n,6
2026-08-22 06:45:00,0.93,26.7,30.2,94,10.3,3.3,55,30,0.6,Moderate rain,r02d,6
2026-08-22 07:00:00,2.03,26.7,30.2,94,10.4,6.7,74,41,0.6,Moderate rain,r02d,7
2026-08-22 07:15:00,2.01,26.6,27.8,94,10.4,10.1,131,50,0.7,Moderate rain,r02d,7
2026-08-22 07:30:00,3.26,26.5,27.7,95,10.4,13.6,188,58,0.7,Moderate rain,r02d,7
2026-08-22 07:45:00,3.7,26.4,27.6,96,10.4,17.0,245,67,0.7,Moderate rain,r02d,7
2026-08-22 08:00:00,5.09,26.3,27.5,96,10.4,20.4,302,76,0.8,Moderate rain,r02d,8
2026-08-22 08:15:00,7.45,26.2,27.4,96,10.7,23.9,361,82,0.9,Light rain,r01d,8
2026-08-22 08:30:00,6.59,26.1,27.3,97,11.0,27.3,421,87,1.0,Light rain,r01d,8
2026-08-22 08:45:00,6.69,26.0,27.2,98,11.3,30.8,480,92,1.1,Light rain,r01d,8
2026-08-22 09:00:00,12.28,25.9,27.1,98,11.6,34.3,540,97,1.3,Light rain,r01d,9
2026-08-22 09:15:00,21.41,26.1,27.3,97,11.6,37.7,593,101,1.4,Drizzle,d02d,9
2026-08-22 09:30:00,4.53,26.3,27.5,96,11.6,41.2,646,104,1.6,Drizzle,d02d,9
2026-08-22 09:45:00,27.15,26.5,27.7,95,11.6,44.6,698,108,1.8,Overcast clouds,c04d,9
2026-08-22 10:00:00,20.78,26.7,30.2,94,11.6,48.1,751,111,2.0,Overcast clouds,c04d,10
2026-08-22 10:15:00,31.1,26.7,30.2,94,11.8,51.4,792,113,2.2,Overcast clouds,c04d,10
2026-08-22 10:30:00,9.48,26.7,30.2,94,12.0,54.8,833,115,2.4,Overcast clouds,c04d,10
2026-08-22 10:45:00,26.14,26.7,30.2,94,12.2,58.2,874,118,2.6,Overcast clouds,c04d,10
2026-08-22 11:00:00,52.94,26.7,30.2,94,12.4,61.6,914,120,2.8,Overcast clouds,c04d,11
2026-08-22 11:15:00,53.47,26.7,30.2,94,12.1,64.6,939,121,3.0,Overcast clouds,c04d,11
2026-08-22 11:30:00,57.51,26.7,30.2,94,11.8,67.7,964,122,3.1,Overcast clouds,c04d,11
2026-08-22 11:45:00,112.37,26.7,30.2,94,11.5,70.7,988,123,3.3,Overcast clouds,c04d,11
2026-08-22 12:00:00,121.79,26.7,30.2,94,11.2,73.8,1013,125,3.4,Overcast clouds,c04d,12
2026-08-22 12:15:00,126.24,27.0,31.0,93,11.2,75.0,1019,125,3.5,Overcast clouds,c04d,12
2026-08-22 12:30:00,104.95,27.3,31.7,92,11.2,76.3,1025,125,3.5,Overcast clouds,c04d,12
2026-08-22 12:45:00,89.15,27.5,32.4,91,11.2,77.5,1032,125,3.6,Overcast clouds,c04d,12
2026-08-22 13:00:00,48.98,27.8,33.1,90,11.2,78.8,1038,126,3.6,Overcast clouds,c04d,13
2026-08-22 13:15:00,6.52,28.0,33.7,90,11.1,76.6,1026,125,3.5,Overcast clouds,c04d,13
2026-08-22 13:30:00,108.98,28.2,34.0,89,11.0,74.4,1013,125,3.5,Overcast clouds,c04d,13
2026-08-22 13:45:00,135.65,28.3,34.4,88,10.9,72.2,1001,124,3.4,Overcast clouds,c04d,13
2026-08-22 14:00:00,197.37,28.5,35.0,88,10.8,70.0,988,123,3.3,Drizzle,d02d,14
2026-08-22 14:15:00,104.69,28.6,35.3,88,10.8,66.8,958,122,3.1,Drizzle,d02d,14
2026-08-22 14:30:00,142.55,28.7,35.8,89,10.8,63.6,927,120,2.9,Drizzle,d02d,14
2026-08-22 14:45:00,107.8,28.8,36.4,90,10.8,60.4,897,119,2.7,Drizzle,d02d,14
2026-08-22 15:00:00,79.44,28.9,36.7,90,10.8,57.2,867,117,2.6,Light rain,r01d,15
2026-08-22 15:15:00,45.23,29.0,37.1,90,10.2,53.7,822,115,2.3,Drizzle,d02d,15
2026-08-22 15:30:00,21.5,29.1,37.2,89,9.6,50.3,776,112,2.1,Drizzle,d02d,15
2026-08-22 15:45:00,2.58,29.2,37.3,88,9.0,46.9,731,110,1.9,Drizzle,d02d,15
2026-08-22 16:00:00,29.35,29.3,37.6,88,8.4,43.5,686,107,1.7,Light rain,r01d,16
2026-08-22 16:15:00,65.01,29.4,37.9,88,8.0,40.1,630,103,1.5,Light rain,r01d,16
2026-08-22 16:30:00,56.26,29.5,37.8,87,7.6,36.6,574,99,1.4,Light rain,r01d,16
2026-08-22 16:45:00,63.19,29.5,37.8,86,7.2,33.1,518,95,1.2,Drizzle,d02d,16
2026-08-22 17:00:00,42.34,29.6,38.1,86,6.8,29.7,462,91,1.1,Drizzle,d02d,17
2026-08-22 17:15:00,49.82,29.2,37.3,88,7.0,26.2,402,85,0.9,Overcast clouds,c04d,17
2026-08-22 17:30:00,34.91,28.9,36.3,89,7.2,22.8,342,79,0.8,Overcast clouds,c04d,17
2026-08-22 17:45:00,29.87,28.5,35.3,90,7.4,19.3,282,73,0.8,Overcast clouds,c04d,17
2026-08-22 18:00:00,22.65,28.1,34.4,92,7.6,15.9,222,67,0.7,Overcast clouds,c04d,18
2026-08-22 18:15:00,19.53,28.0,34.2,92,7.5,12.4,171,55,0.7,Overcast clouds,c04d,18
2026-08-22 18:30:00,17.71,28.0,33.9,92,7.4,9.0,119,43,0.6,Overcast clouds,c04d,18
2026-08-22 18:45:00,7.1,27.9,33.7,92,7.3,5.6,68,31,0.6,Overcast clouds,c04d,18
2026-08-22 19:00:00,3.9,27.8,33.4,92,7.2,2.2,16,20,0.6,Overcast clouds,c04n,19
2026-08-22 19:15:00,0.24,27.7,33.1,92,6.9,-1.2,12,15,0.0,Overcast clouds,c04n,19
2026-08-22 19:30:00,0.0,27.6,33.0,93,6.6,-4.5,8,10,0.0,Drizzle,d02n,19
2026-08-22 19:45:00,0.0,27.5,32.8,94,6.3,-7.9,4,5,0.0,Drizzle,d02n,19
2026-08-22 20:00:00,0.0,27.4,32.4,94,6.0,-11.2,0,0,0.0,Thunderstorm with drizzle,t04n,20
2026-08-22 20:15:00,0.0,27.4,32.4,94,6.1,-14.5,0,0,0.0,Thunderstorm with light rain,t01n,20
2026-08-22 20:30:00,0.0,27.4,32.4,94,6.2,-17.7,0,0,0.0,Thunderstorm with light rain,t01n,20
2026-08-22 20:45:00,0.0,27.4,32.4,94,6.3,-20.9,0,0,0.0,Thunderstorm with light rain,t01n,20
2026-08-22 21:00:00,0.0,27.4,32.4,94,6.4,-24.2,0,0,0.0,Thunderstorm with light rain,t01n,21
2026-08-22 21:15:00,0.0,27.4,32.4,94,6.6,-27.2,0,0,0.0,Thunderstorm with light rain,t01n,21
2026-08-22 21:30:00,0.0,27.4,32.4,94,6.8,-30.2,0,0,0.0,Thunderstorm with light rain,t01n,21
2026-08-22 21:45:00,0.0,27.4,32.4,94,7.0,-33.2,0,0,0.0,Thunderstorm with light rain,t01n,21
2026-08-22 22:00:00,0.0,27.4,32.4,94,7.2,-36.2,0,0,0.0,Thunderstorm with light rain,t01n,22
2026-08-22 22:15:00,0.0,27.2,31.9,94,7.2,-38.8,0,0,0.0,Thunderstorm with light rain,t01n,22
2026-08-22 22:30:00,0.0,27.1,31.4,95,7.2,-41.4,0,0,0.0,Thunderstorm with light rain,t01n,22
2026-08-22 22:45:00,0.0,26.9,31.0,96,7.2,-43.9,0,0,0.0,Thunderstorm with light rain,t01n,22
2026-08-22 23:00:00,0.0,26.7,30.4,96,7.2,-46.5,0,0,0.0,Thunderstorm with light rain,t01n,23
2026-08-22 23:15:00,0.0,26.7,30.4,96,7.1,-48.4,0,0,0.0,Thunderstorm with light rain,t01n,23
2026-08-22 23:30:00,0.0,26.7,30.4,96,7.0,-50.2,0,0,0.0,Thunderstorm with light rain,t01n,23
2026-08-22 23:45:00,0.0,26.7,30.4,96,6.9,-52.0,0,0,0.0,Thunderstorm with drizzle,t04n,23
2026-08-23 00:00:00,0.0,26.7,30.4,96,6.8,-53.8,0,0,0.0,Overcast clouds,c04n,0
2026-08-23 00:15:00,0.0,26.6,27.8,96,6.5,-54.3,0,0,0.0,Overcast clouds,c04n,0
2026-08-23 00:30:00,0.0,26.5,27.7,97,6.2,-54.8,0,0,0.0,Fog,a05n,0
2026-08-23 00:45:00,0.0,26.4,27.7,98,5.9,-55.3,0,0,0.0,Fog,a05n,0
2026-08-23 01:00:00,0.0,26.3,27.5,98,5.6,-55.8,0,0,0.0,Thunderstorm with drizzle,t04n,1
2026-08-23 01:15:00,0.0,26.3,27.5,98,6.0,-54.8,0,0,0.0,Drizzle,d02n,1
2026-08-23 01:30:00,0.0,26.3,27.5,98,6.4,-53.9,0,0,0.0,Thunderstorm with light rain,t01n,1
2026-08-23 01:45:00,0.0,26.3,27.5,98,6.8,-52.9,0,0,0.0,Thunderstorm with light rain,t01n,1
2026-08-23 02:00:00,0.0,26.3,27.5,98,7.2,-51.9,0,0,0.0,Thunderstorm with light rain,t01n,2
2026-08-23 02:15:00,0.0,26.3,27.5,98,7.3,-49.7,0,0,0.0,Light rain,r01n,2
2026-08-23 02:30:00,0.0,26.3,27.5,97,7.4,-47.6,0,0,0.0,Light rain,r01n,2
2026-08-23 02:45:00,0.0,26.3,27.5,96,7.5,-45.5,0,0,0.0,Light rain,r01n,2
2026-08-23 03:00:00,0.0,26.3,27.5,96,7.6,-43.4,0,0,0.0,Light rain,r01n,3
2026-08-23 03:15:00,0.0,26.3,27.5,96,7.5,-40.6,0,0,0.0,Light rain,r01n,3
2026-08-23 03:30:00,0.0,26.3,27.5,96,7.4,-37.9,0,0,0.0,Light rain,r01n,3
2026-08-23 03:45:00,0.0,26.3,27.5,96,7.3,-35.1,0,0,0.0,Light rain,r01n,3
2026-08-23 04:00:00,0.0,26.3,27.5,96,7.2,-32.4,0,0,0.0,Light rain,r01n,4
2026-08-23 04:15:00,0.0,26.2,27.4,96,7.2,-29.3,0,0,0.0,Light rain,r01n,4
2026-08-23 04:30:00,0.0,26.1,27.3,97,7.2,-26.2,0,0,0.0,Light rain,r01n,4
2026-08-23 04:45:00,0.0,26.0,27.2,98,7.2,-23.1,0,0,0.0,Light rain,r01n,4
2026-08-23 05:00:00,0.0,25.9,27.1,98,7.2,-20.0,0,0,0.0,Light rain,r01n,5
2026-08-23 05:15:00,0.0,26.0,27.2,98,7.1,-16.7,0,0,0.0,Light rain,r01n,5
2026-08-23 05:30:00,0.0,26.1,27.3,97,7.0,-13.4,0,0,0.0,Light rain,r01n,5
2026-08-23 05:45:00,0.0,26.2,27.4,96,6.9,-10.2,0,0,0.0,Light rain,r01n,5
2026-08-23 06:00:00,0.0,26.3,27.5,96,6.8,-6.9,0,0,0.0,Light rain,r01n,6
2026-08-23 06:15:00,0.0,26.3,27.5,96,6.7,-3.5,18,10,0.0,Drizzle,d02n,6
2026-08-23 06:30:00,0.11,26.3,27.5,96,6.6,-0.1,36,20,0.0,Overcast clouds,c04n,6
2026-08-23 06:45:00,1.71,26.3,27.5,96,6.5,3.3,55,30,0.6,Overcast clouds,c04d,6
2026-08-23 07:00:00,3.52,26.3,27.5,96,6.4,6.6,73,40,0.6,Overcast clouds,c04d,7
2026-08-23 07:15:00,10.99,26.3,27.5,96,6.6,10.1,130,49,0.7,Overcast clouds,c04d,7
2026-08-23 07:30:00,16.4,26.3,27.5,96,6.8,13.5,187,58,0.7,Overcast clouds,c04d,7
2026-08-23 07:45:00,23.08,26.3,27.5,96,7.0,16.9,244,67,0.7,Overcast clouds,c04d,7
2026-08-23 08:00:00,27.79,26.3,27.5,96,7.2,20.4,301,76,0.8,Drizzle,d02d,8
2026-08-23 08:15:00,39.72,26.2,27.4,96,7.3,23.8,360,81,0.9,Overcast clouds,c04d,8
2026-08-23 08:30:00,43.12,26.1,27.3,97,7.4,27.3,420,87,1.0,Fog,a05d,8
2026-08-23 08:45:00,60.44,26.0,27.2,98,7.5,30.8,479,92,1.1,Fog,a05d,8
2026-08-23 09:00:00,89.28,25.9,27.1,98,7.6,34.2,539,97,1.3,Fog,a05d,9
2026-08-23 09:15:00,112.28,26.5,27.6,95,7.9,37.7,592,101,1.4,Overcast clouds,c04d,9
2026-08-23 09:30:00,131.93,27.0,30.9,92,8.2,41.1,645,104,1.6,Overcast clouds,c04d,9
2026-08-23 09:45:00,132.32,27.6,32.2,89,8.5,44.6,698,108,1.8,Overcast clouds,c04d,9
2026-08-23 10:00:00,169.6,28.1,33.4,86,8.8,48.0,751,111,2.0,Overcast clouds,c04d,10
2026-08-23 10:15:00,105.09,28.2,33.6,86,9.1,51.4,792,113,2.2,Overcast clouds,c04d,10
2026-08-23 10:30:00,83.35,28.3,33.9,86,9.4,54.7,832,115,2.4,Overcast clouds,c04d,10
2026-08-23 10:45:00,65.74,28.4,34.2,86,9.7,58.1,873,118,2.6,Overcast clouds,c04d,10
2026-08-23 11:00:00,98.53,28.5,34.5,86,10.0,61.5,914,120,2.8,Overcast clouds,c04d,11
2026-08-23 11:15:00,146.66,28.6,34.9,86,10.2,64.5,938,121,3.0,Overcast clouds,c04d,11
2026-08-23 11:30:00,79.18,28.7,35.2,86,10.4,67.5,963,122,3.1,Overcast clouds,c04d,11
2026-08-23 11:45:00,132.18,28.8,35.5,86,10.6,70.6,987,123,3.3,Drizzle,d02d,11
2026-08-23 12:00:00,90.26,28.9,35.8,86,10.8,73.6,1012,125,3.4,Light rain,r01d,12
2026-08-23 12:15:00,37.1,29.3,36.7,85,11.0,74.8,1018,125,3.5,Drizzle,d02d,12
2026-08-23 12:30:00,43.52,29.7,37.7,84,11.2,76.0,1025,125,3.5,Drizzle,d02d,12
2026-08-23 12:45:00,122.59,30.0,38.3,82,11.4,77.2,1031,125,3.6,Drizzle,d02d,12
2026-08-23 13:00:00,107.98,30.4,39.2,81,11.6,78.4,1037,126,3.7,Drizzle,d02d,13
2026-08-23 13:15:00,135.55,30.5,39.2,80,11.7,76.3,1024,125,3.6,Overcast clouds,c04d,13
2026-08-23 13:30:00,98.36,30.6,39.1,79,11.8,74.1,1012,125,3.4,Overcast clouds,c04d,13
2026-08-23 13:45:00,41.95,30.6,39.0,78,11.9,72.0,999,124,3.4,Overcast clouds,c04d,13
2026-08-23 14:00:00,75.8,30.7,38.9,77,12.0,69.8,987,123,3.3,Overcast clouds,c04d,14
2026-08-23 14:15:00,24.69,30.6,39.0,78,11.3,66.6,956,122,3.1,Overcast clouds,c04d,14
2026-08-23 14:30:00,36.18,30.6,39.1,79,10.6,63.4,926,120,2.9,Overcast clouds,c04d,14
2026-08-23 14:45:00,106.91,30.5,39.2,80,9.9,60.2,895,119,2.7,Overcast clouds,c04d,14
2026-08-23 15:00:00,172.18,30.4,39.2,81,9.2,57.0,865,117,2.6,Overcast clouds,c04d,15
2026-08-23 15:15:00,85.77,30.4,38.9,80,9.3,53.6,820,115,2.3,Overcast clouds,c04d,15
2026-08-23 15:30:00,0.0,30.4,38.9,80,9.4,50.2,774,112,2.2,Overcast clouds,c04d,15
2026-08-23 15:45:00,106.19,30.4,38.9,80,9.5,46.7,729,109,2.0,Overcast clouds,c04d,15
2026-08-23 16:00:00,102.58,30.4,38.6,79,9.6,43.3,683,107,1.8,Overcast clouds,c04d,16
2026-08-23 16:15:00,27.8,30.1,38.1,80,8.9,39.9,627,103,1.6,Overcast clouds,c04d,16
2026-08-23 16:30:00,3.94,29.9,37.2,80,8.2,36.4,571,99,1.4,Overcast clouds,c04d,16
2026-08-23 16:45:00,3.96,29.6,36.6,81,7.5,33.0,515,95,1.3,Overcast clouds,c04d,16
2026-08-23 17:00:00,3.96,29.3,36.1,82,6.8,29.5,459,91,1.1,Overcast clouds,c04d,17
2026-08-23 17:15:00,3.94,29.1,35.7,83,6.5,26.0,399,85,1.0,Overcast clouds,c04d,17
2026-08-23 17:30:00,92.69,28.9,35.3,84,6.2,22.6,339,79,0.9,Overcast clouds,c04d,17
2026-08-23 17:45:00,19.73,28.7,34.9,85,5.9,19.1,279,73,0.8,Overcast clouds,c04d,17
2026-08-23 18:00:00,3.86,28.5,34.5,86,5.6,15.7,219,66,0.7,Overcast clouds,c04d,18
2026-08-23 18:15:00,26.21,28.4,34.2,86,5.5,12.2,168,54,0.7,Overcast clouds,c04d,18
2026-08-23 18:30:00,0.0,28.3,34.1,87,5.4,8.8,117,43,0.6,Thunderstorm with drizzle,t04d,18
2026-08-23 18:45:00,0.02,28.2,34.0,88,5.3,5.4,66,31,0.6,Thunderstorm with light rain,t01d,18
2026-08-23 19:00:00,0.0,28.1,33.7,88,5.2,2.0,14,19,0.6,Thunderstorm with light rain,t01n,19
2026-08-23 19:15:00,0.0,28.1,33.7,88,5.2,-1.4,11,14,0.0,Thunderstorm with light rain,t01n,19
2026-08-23 19:30:00,0.0,28.1,33.7,88,5.2,-4.7,7,9,0.0,Thunderstorm with light rain,t01n,19
2026-08-23 19:45:00,0.0,28.1,33.7,88,5.2,-8.1,4,5,0.0,Thunderstorm with light rain,t01n,19
2026-08-23 20:00:00,0.0,28.1,33.7,88,5.2,-11.5,0,0,0.0,Thunderstorm with light rain,t01n,20
2026-08-23 20:15:00,0.0,28.1,33.7,88,5.2,-14.7,0,0,0.0,Thunderstorm with rain,t02n,20
2026-08-23 20:30:00,0.0,28.1,33.7,88,5.2,-17.9,0,0,0.0,Thunderstorm with rain,t02n,20
2026-08-23 20:45:00,0.0,28.1,33.7,88,5.2,-21.1,0,0,0.0,Moderate rain,r02n,20
2026-08-23 21:00:00,0.0,28.1,33.7,88,5.2,-24.4,0,0,0.0,Moderate rain,r02n,21
2026-08-23 21:15:00,0.0,27.9,33.3,89,5.5,-27.4,0,0,0.0,Moderate rain,r02n,21
2026-08-23 21:30:00,0.0,27.8,33.0,90,5.8,-30.4,0,0,0.0,Moderate rain,r02n,21
2026-08-23 21:45:00,0.0,27.6,32.6,91,6.1,-33.4,0,0,0.0,Moderate rain,r02n,21
2026-08-23 22:00:00,0.0,27.4,32.2,92,6.4,-36.4,0,0,0.0,Thunderstorm with rain,t02n,22
2026-08-23 22:15:00,0.0,27.3,31.9,92,6.5,-39.0,0,0,0.0,Thunderstorm with rain,t02n,22
2026-08-23 22:30:00,0.0,27.2,31.7,93,6.6,-41.6,0,0,0.0,Moderate rain,r02n,22
2026-08-23 22:45:00,0.0,27.1,31.5,94,6.7,-44.2,0,0,0.0,Moderate rain,r02n,22
2026-08-23 23:00:00,0.0,27.0,31.2,94,6.8,-46.8,0,0,0.0,Moderate rain,r02n,23
2026-08-23 23:15:00,0.0,27.0,31.2,94,6.6,-48.7,0,0,0.0,Thunderstorm with light rain,t01n,23
2026-08-23 23:30:00,0.0,27.0,31.2,94,6.4,-50.5,0,0,0.0,Light rain,r01n,23
2026-08-23 23:45:00,0.0,27.0,31.2,94,6.2,-52.3,0,0,0.0,Light rain,r01n,23
2026-08-24 00:00:00,0.0,27.0,31.2,94,6.0,-54.1,0,0,0.0,Drizzle,d02n,0
2026-08-24 00:15:00,0.0,26.9,30.9,94,6.1,-54.6,0,0,0.0,Drizzle,d02n,0
2026-08-24 00:30:00,0.0,26.9,30.7,94,6.2,-55.2,0,0,0.0,Drizzle,d02n,0
2026-08-24 00:45:00,0.0,26.8,30.5,94,6.3,-55.7,0,0,0.0,Overcast clouds,c04n,0
2026-08-24 01:00:00,0.0,26.7,30.2,94,6.4,-56.2,0,0,0.0,Overcast clouds,c04n,1
2026-08-24 01:15:00,0.0,26.7,30.2,94,6.5,-55.2,0,0,0.0,Overcast clouds,c04n,1
2026-08-24 01:30:00,0.0,26.7,30.3,95,6.6,-54.2,0,0,0.0,Overcast clouds,c04n,1
2026-08-24 01:45:00,0.0,26.7,30.4,96,6.7,-53.2,0,0,0.0,Overcast clouds,c04n,1
2026-08-24 02:00:00,0.0,26.7,30.4,96,6.8,-52.1,0,0,0.0,Overcast clouds,c04n,2
2026-08-24 02:15:00,0.0,26.8,30.7,96,6.4,-50.0,0,0,0.0,Overcast clouds,c04n,2
2026-08-24 02:30:00,0.0,26.9,30.8,95,6.0,-47.9,0,0,0.0,Overcast clouds,c04n,2
2026-08-24 02:45:00,0.0,26.9,30.9,94,5.6,-45.7,0,0,0.0,Overcast clouds,c04n,2
2026-08-24 03:00:00,0.0,27.0,31.2,94,5.2,-43.6,0,0,0.0,Overcast clouds,c04n,3
2026-08-24 03:15:00,0.0,26.9,30.9,94,5.3,-40.8,0,0,0.0,Overcast clouds,c04n,3
2026-08-24 03:30:00,0.0,26.9,30.7,94,5.4,-38.0,0,0,0.0,Overcast clouds,c04n,3
2026-08-24 03:45:00,0.0,26.8,30.5,94,5.5,-35.3,0,0,0.0,Overcast clouds,c04n,3
2026-08-24 04:00:00,0.0,26.7,30.2,94,5.6,-32.5,0,0,0.0,Overcast clouds,c04n,4
2026-08-24 04:15:00,0.0,26.7,30.2,94,5.6,-29.4,0,0,0.0,Drizzle,d02n,4
2026-08-24 04:30:00,0.0,26.7,30.2,94,5.6,-26.3,0,0,0.0,Light rain,r01n,4
2026-08-24 04:45:00,0.0,26.7,30.2,94,5.6,-23.2,0,0,0.0,Light rain,r01n,4
2026-08-24 05:00:00,0.0,26.7,30.2,94,5.6,-20.1,0,0,0.0,Light rain,r01n,5
2026-08-24 05:15:00,0.0,26.7,30.2,94,5.6,-16.8,0,0,0.0,Light rain,r01n,5
2026-08-24 05:30:00,0.0,26.7,30.3,95,5.6,-13.5,0,0,0.0,Light rain,r01n,5
2026-08-24 05:45:00,0.0,26.7,30.4,96,5.6,-10.2,0,0,0.0,Drizzle,d02n,5
2026-08-24 06:00:00,0.0,26.7,30.4,96,5.6,-7.0,0,0,0.0,Drizzle,d02n,6
2026-08-24 06:15:00,0.01,26.7,30.4,96,5.7,-3.6,18,10,0.0,Overcast clouds,c04n,6
2026-08-24 06:30:00,0.2,26.7,30.4,96,5.8,-0.2,36,20,0.0,Overcast clouds,c04n,6
2026-08-24 06:45:00,1.3,26.7,30.4,96,5.9,3.2,54,30,0.7,Overcast clouds,c04d,6
2026-08-24 07:00:00,4.28,26.7,30.4,96,6.0,6.6,72,40,0.7,Overcast clouds,c04d,7
2026-08-24 07:15:00,8.82,26.7,30.4,96,6.1,10.0,129,49,0.7,Overcast clouds,c04d,7
2026-08-24 07:30:00,7.64,26.7,30.4,96,6.2,13.4,186,58,0.7,Overcast clouds,c04d,7
2026-08-24 07:45:00,17.53,26.7,30.4,96,6.3,16.9,243,67,0.7,Overcast clouds,c04d,7
2026-08-24 08:00:00,32.54,26.7,30.4,96,6.4,20.3,300,76,0.8,Overcast clouds,c04d,8
2026-08-24 08:15:00,33.01,26.7,30.4,96,6.6,23.8,359,81,0.9,Overcast clouds,c04d,8
2026-08-24 08:30:00,21.35,26.7,30.4,96,6.8,27.2,419,87,1.0,Overcast clouds,c04d,8
2026-08-24 08:45:00,59.06,26.7,30.4,96,7.0,30.7,479,92,1.1,Overcast clouds,c04d,8
2026-08-24 09:00:00,22.22,26.7,30.4,96,7.2,34.2,538,97,1.3,Drizzle,d02d,9
2026-08-24 09:15:00,32.74,27.3,32.0,94,7.5,37.6,591,101,1.4,Drizzle,d02d,9
2026-08-24 09:30:00,49.93,27.8,33.4,92,7.8,41.1,644,104,1.6,Drizzle,d02d,9
2026-08-24 09:45:00,75.29,28.4,34.9,90,8.1,44.5,697,108,1.8,Drizzle,d02d,9
2026-08-24 10:00:00,90.96,28.9,36.3,88,8.4,47.9,750,111,2.0,Drizzle,d02d,10
2026-08-24 10:15:00,85.55,28.9,36.3,88,8.7,51.3,791,113,2.2,Drizzle,d02d,10
2026-08-24 10:30:00,106.9,28.9,36.0,87,9.0,54.7,832,115,2.4,Drizzle,d02d,10
2026-08-24 10:45:00,120.92,28.9,35.8,86,9.3,58.0,872,118,2.7,Drizzle,d02d,10
2026-08-24 11:00:00,125.03,28.9,35.8,86,9.6,61.4,913,120,2.9,Light rain,r01d,11
2026-08-24 11:15:00,4.91,28.9,35.8,86,9.7,64.4,938,121,3.0,Drizzle,d02d,11
2026-08-24 11:30:00,50.34,28.9,35.8,86,9.8,67.4,962,122,3.1,Overcast clouds,c04d,11
2026-08-24 11:45:00,28.69,28.9,35.8,86,9.9,70.4,987,123,3.3,Overcast clouds,c04d,11
2026-08-24 12:00:00,8.23,28.9,35.8,86,10.0,73.4,1011,125,3.4,Overcast clouds,c04d,12
2026-08-24 12:15:00,2.6,29.4,37.0,85,10.1,74.6,1017,125,3.5,Overcast clouds,c04d,12
2026-08-24 12:30:00,2.6,29.8,38.2,84,10.2,75.7,1024,125,3.5,Overcast clouds,c04d,12
2026-08-24 12:45:00,2.62,30.3,39.1,82,10.3,76.9,1030,125,3.6,Overcast clouds,c04d,12
2026-08-24 13:00:00,2.59,30.7,40.2,81,10.4,78.1,1036,126,3.6,Drizzle,d02d,13
2026-08-24 13:15:00,2.62,31.0,40.9,80,10.4,75.9,1023,125,3.5,Drizzle,d02d,13
2026-08-24 13:30:00,2.65,31.3,41.5,79,10.4,73.8,1011,125,3.4,Light rain,r01d,13
2026-08-24 13:45:00,2.62,31.6,42.2,78,10.4,71.7,998,124,3.4,Drizzle,d02d,13
2026-08-24 14:00:00,2.59,31.9,42.8,77,10.4,69.5,985,123,3.3,Overcast clouds,c04d,14
2026-08-24 14:15:00,2.6,32.1,43.0,76,10.1,66.3,955,122,3.2,Overcast clouds,c04d,14
2026-08-24 14:30:00,2.59,32.3,42.7,74,9.8,63.2,924,120,2.9,Overcast clouds,c04d,14
2026-08-24 14:45:00,128.23,32.4,42.5,72,9.5,60.0,894,119,2.7,Overcast clouds,c04d,14
2026-08-24 15:00:00,129.25,32.6,42.6,71,9.2,56.8,863,117,2.5,Drizzle,d02d,15
2026-08-24 15:15:00,25.37,32.2,41.8,72,9.2,53.4,818,115,2.3,Overcast clouds,c04d,15
2026-08-24 15:30:00,3.94,31.9,41.4,74,9.2,50.0,772,112,2.1,Overcast clouds,c04d,15
2026-08-24 15:45:00,4.04,31.5,41.0,76,9.2,46.6,727,109,2.0,Overcast clouds,c04d,15
2026-08-24 16:00:00,62.62,31.1,40.2,77,9.2,43.2,681,107,1.8,Overcast clouds,c04d,16
2026-08-24 16:15:00,41.49,30.9,39.9,78,8.6,39.7,625,103,1.6,Overcast clouds,c04d,16
2026-08-24 16:30:00,16.51,30.8,39.7,79,8.0,36.2,569,99,1.4,Overcast clouds,c04d,16
2026-08-24 16:45:00,9.13,30.6,39.5,80,7.4,32.8,513,95,1.2,Overcast clouds,c04d,16
2026-08-24 17:00:00,55.24,30.4,39.2,81,6.8,29.3,457,91,1.1,Overcast clouds,c04d,17
2026-08-24 17:15:00,102.23,29.9,38.0,82,6.1,25.9,396,85,1.0,Overcast clouds,c04d,17
2026-08-24 17:30:00,45.75,29.5,37.0,84,5.4,22.4,336,78,0.9,Overcast clouds,c04d,17
2026-08-24 17:45:00,23.67,29.0,35.8,85,4.7,18.9,276,72,0.8,Overcast clouds,c04d,17
2026-08-24 18:00:00,21.18,28.5,34.5,86,4.0,15.5,216,66,0.7,Overcast clouds,c04d,18
2026-08-24 18:15:00,13.96,28.5,34.5,86,4.0,12.1,165,54,0.7,Overcast clouds,c04d,18
2026-08-24 18:30:00,11.26,28.5,34.3,85,4.0,8.6,114,42,0.7,Overcast clouds,c04d,18
2026-08-24 18:45:00,4.36,28.5,34.1,84,4.0,5.2,63,30,0.7,Overcast clouds,c04d,18
2026-08-24 19:00:00,1.9,28.5,34.1,84,4.0,1.8,13,17,0.7,Overcast clouds,c04n,19
2026-08-24 19:15:00,0.24,28.4,34.0,85,4.1,-1.6,9,13,0.0,Overcast clouds,c04n,19
2026-08-24 19:30:00,0.02,28.3,33.9,86,4.2,-4.9,6,9,0.0,Overcast clouds,c04n,19
2026-08-24 19:45:00,0.0,28.2,33.8,87,4.3,-8.3,3,4,0.0,Overcast clouds,c04n,19
2026-08-24 20:00:00,0.0,28.1,33.7,88,4.4,-11.7,0,0,0.0,Overcast clouds,c04n,20
2026-08-24 20:15:00,0.0,28.0,33.5,88,3.9,-14.9,0,0,0.0,Overcast clouds,c04n,20
2026-08-24 20:30:00,0.0,28.0,33.4,89,3.4,-18.1,0,0,0.0,Overcast clouds,c04n,20
2026-08-24 20:45:00,0.0,27.9,33.4,90,2.9,-21.4,0,0,0.0,Overcast clouds,c04n,20
2026-08-24 21:00:00,0.0,27.8,33.1,90,2.4,-24.6,0,0,0.0,Drizzle,d02n,21
2026-08-24 21:15:00,0.0,27.6,32.7,91,2.1,-27.6,0,0,0.0,Drizzle,d02n,21
2026-08-24 21:30:00,0.0,27.4,32.2,92,1.8,-30.7,0,0,0.0,Light rain,r01n,21
2026-08-24 21:45:00,0.0,27.2,31.7,93,1.5,-33.7,0,0,0.0,Light rain,r01n,21
2026-08-24 22:00:00,0.0,27.0,31.2,94,1.2,-36.7,0,0,0.0,Light rain,r01n,22
2026-08-24 22:15:00,0.0,26.9,30.9,94,1.5,-39.3,0,0,0.0,Light rain,r01n,22
2026-08-24 22:30:00,0.0,26.9,30.8,95,1.8,-41.9,0,0,0.0,Drizzle,d02n,22
2026-08-24 22:45:00,0.0,26.8,30.7,96,2.1,-44.5,0,0,0.0,Overcast clouds,c04n,22
2026-08-24 23:00:00,0.0,26.7,30.4,96,2.4,-47.2,0,0,0.0,Overcast clouds,c04n,23
2026-08-24 23:15:00,0.0,26.8,30.7,96,2.4,-49.0,0,0,0.0,Overcast clouds,c04n,23
2026-08-24 23:30:00,0.0,26.9,30.8,95,2.4,-50.8,0,0,0.0,Overcast clouds,c04n,23
2026-08-24 23:45:00,0.0,26.9,30.9,94,2.4,-52.6,0,0,0.0,Overcast clouds,c04n,23
2026-08-25 00:00:00,0.0,27.0,31.2,94,2.4,-54.5,0,0,0.0,Overcast clouds,c04n,0
2026-08-25 00:15:00,0.0,26.8,30.7,95,2.4,-55.0,0,0,0.0,Overcast clouds,c04n,0
2026-08-25 00:30:00,0.0,26.7,27.9,96,2.4,-55.5,0,0,0.0,Overcast clouds,c04n,0
2026-08-25 00:45:00,0.0,26.5,27.7,97,2.4,-56.0,0,0,0.0,Fog,a05n,0
2026-08-25 01:00:00,0.0,26.3,27.5,98,2.4,-56.5,0,0,0.0,Fog,a05n,1
2026-08-25 01:15:00,0.0,26.3,27.5,98,2.5,-55.5,0,0,0.0,Fog,a05n,1
2026-08-25 01:30:00,0.01,26.3,27.5,97,2.6,-54.5,0,0,0.0,Fog,a05n,1
2026-08-25 01:45:00,0.0,26.3,27.5,96,2.7,-53.4,0,0,0.0,Overcast clouds,c04n,1
2026-08-25 02:00:00,0.0,26.3,27.5,96,2.8,-52.4,0,0,0.0,Overcast clouds,c04n,2
2026-08-25 02:15:00,0.0,26.3,27.5,96,2.7,-50.3,0,0,0.0,Overcast clouds,c04n,2
2026-08-25 02:30:00,0.0,26.3,27.5,96,2.6,-48.1,0,0,0.0,Overcast clouds,c04n,2
2026-08-25 02:45:00,0.0,26.3,27.5,96,2.5,-45.9,0,0,0.0,Overcast clouds,c04n,2
2026-08-25 03:00:00,0.0,26.3,27.5,96,2.4,-43.8,0,0,0.0,Overcast clouds,c04n,3
2026-08-25 03:15:00,0.0,26.3,27.5,96,2.6,-41.0,0,0,0.0,Overcast clouds,c04n,3
2026-08-25 03:30:00,0.0,26.3,27.5,96,2.8,-38.2,0,0,0.0,Overcast clouds,c04n,3
2026-08-25 03:45:00,0.0,26.3,27.5,96,3.0,-35.4,0,0,0.0,Overcast clouds,c04n,3
2026-08-25 04:00:00,0.0,26.3,27.5,96,3.2,-32.7,0,0,0.0,Overcast clouds,c04n,4
2026-08-25 04:15:00,0.0,26.3,27.5,96,3.5,-29.5,0,0,0.0,Overcast clouds,c04n,4
2026-08-25 04:30:00,0.0,26.3,27.5,96,3.8,-26.4,0,0,0.0,Overcast clouds,c04n,4
2026-08-25 04:45:00,0.0,26.3,27.5,96,4.1,-23.3,0,0,0.0,Overcast clouds,c04n,4
2026-08-25 05:00:00,0.0,26.3,27.5,96,4.4,-20.2,0,0,0.0,Overcast clouds,c04n,5
2026-08-25 05:15:00,0.0,26.3,27.5,96,4.7,-16.9,0,0,0.0,Overcast clouds,c04n,5
2026-08-25 05:30:00,0.0,26.3,27.5,97,5.0,-13.6,0,0,0.0,Drizzle,d02n,5
2026-08-25 05:45:00,0.0,26.3,27.5,98,5.3,-10.3,0,0,0.0,Fog,a05n,5
2026-08-25 06:00:00,0.0,26.3,27.5,98,5.6,-7.0,0,0,0.0,Fog,a05n,6
2026-08-25 06:15:00,0.0,26.2,27.4,98,5.7,-3.7,18,10,0.0,Fog,a05n,6
2026-08-25 06:30:00,0.49,26.1,27.3,98,5.8,-0.3,35,20,0.0,Fog,a05n,6
2026-08-25 06:45:00,1.75,26.0,27.2,98,5.9,3.1,53,30,0.7,Fog,a05d,6
2026-08-25 07:00:00,5.12,25.9,27.1,98,6.0,6.5,71,40,0.7,Fog,a05d,7
2026-08-25 07:15:00,12.81,25.8,27.0,98,5.4,9.9,128,49,0.7,Fog,a05d,7
2026-08-25 07:30:00,9.58,25.8,26.9,98,4.8,13.4,185,58,0.8,Fog,a05d,7
2026-08-25 07:45:00,9.23,25.7,26.9,98,4.2,16.8,242,67,0.8,Fog,a05d,7
2026-08-25 08:00:00,18.81,25.6,26.8,98,3.6,20.3,299,76,0.9,Fog,a05d,8
2026-08-25 08:15:00,0.11,25.7,26.9,98,3.7,23.7,359,81,1.0,Fog,a05d,8
2026-08-25 08:30:00,28.7,25.8,26.9,98,3.8,27.2,418,87,1.1,Drizzle,d02d,8
2026-08-25 08:45:00,34.11,25.8,27.0,98,3.9,30.6,478,92,1.3,Fog,a05d,8
2026-08-25 09:00:00,67.99,25.9,27.1,98,4.0,34.1,538,97,1.4,Fog,a05d,9
2026-08-25 09:15:00,39.86,26.7,27.8,94,4.2,37.5,591,101,1.6,Overcast clouds,c04d,9
2026-08-25 09:30:00,37.36,27.4,31.9,90,4.4,41.0,644,104,1.8,Overcast clouds,c04d,9
2026-08-25 09:45:00,36.7,28.2,33.5,86,4.6,44.4,697,107,2.0,Overcast clouds,c04d,9
2026-08-25 10:00:00,41.22,28.9,34.9,82,4.8,47.9,750,111,2.3,Overcast clouds,c04d,10
2026-08-25 10:15:00,22.38,29.1,35.2,81,5.4,51.2,790,113,2.4,Overcast clouds,c04d,10
2026-08-25 10:30:00,57.78,29.3,35.4,80,6.0,54.6,831,115,2.6,Overcast clouds,c04d,10
2026-08-25 10:45:00,80.54,29.4,36.0,80,6.6,57.9,872,118,2.7,Overcast clouds,c04d,10
2026-08-25 11:00:00,82.19,29.6,36.2,79,7.2,61.3,912,120,2.9,Overcast clouds,c04d,11
2026-08-25 11:15:00,77.76,29.6,36.5,80,7.2,64.3,937,121,3.0,Overcast clouds,c04d,11
2026-08-25 11:30:00,83.12,29.6,36.5,80,7.2,67.2,961,122,3.1,Overcast clouds,c04d,11
2026-08-25 11:45:00,130.52,29.6,36.5,80,7.2,70.2,986,123,3.3,Overcast clouds,c04d,11
2026-08-25 12:00:00,129.13,29.6,36.7,81,7.2,73.2,1011,125,3.4,Overcast clouds,c04d,12
2026-08-25 12:15:00,103.82,30.2,37.6,78,7.1,74.3,1017,125,3.5,Overcast clouds,c04d,12
2026-08-25 12:30:00,93.29,30.8,38.7,76,7.0,75.5,1023,125,3.6,Overcast clouds,c04d,12
2026-08-25 12:45:00,29.33,31.3,39.8,74,6.9,76.6,1029,125,3.7,Overcast clouds,c04d,12
2026-08-25 13:00:00,3.97,31.9,40.5,71,6.8,77.7,1035,126,3.7,Overcast clouds,c04d,13
2026-08-25 13:15:00,3.92,32.0,40.3,70,6.6,75.6,1022,125,3.7,Overcast clouds,c04d,13
2026-08-25 13:30:00,3.96,32.1,40.6,70,6.4,73.5,1009,125,3.7,Overcast clouds,c04d,13
2026-08-25 13:45:00,3.95,32.1,40.8,70,6.2,71.4,996,124,3.6,Overcast clouds,c04d,13
2026-08-25 14:00:00,3.93,32.2,40.6,69,6.0,69.3,984,123,3.5,Overcast clouds,c04d,14
2026-08-25 14:15:00,54.48,31.9,40.2,70,5.6,66.1,953,122,3.3,Overcast clouds,c04d,14
2026-08-25 14:30:00,57.99,31.7,39.4,70,5.2,62.9,922,120,3.2,Overcast clouds,c04d,14
2026-08-25 14:45:00,26.93,31.4,39.0,71,4.8,59.7,892,119,2.9,Overcast clouds,c04d,14
2026-08-25 15:00:00,68.57,31.1,38.5,72,4.4,56.6,861,117,2.7,Drizzle,d02d,15
2026-08-25 15:15:00,84.8,30.9,38.3,73,4.5,53.2,815,115,2.4,Overcast clouds,c04d,15
2026-08-25 15:30:00,44.66,30.8,38.1,74,4.6,49.8,770,112,2.2,Overcast clouds,c04d,15
2026-08-25 15:45:00,3.91,30.6,37.9,75,4.7,46.4,724,109,2.0,Overcast clouds,c04d,15
2026-08-25 16:00:00,3.88,30.4,37.7,76,4.8,43.0,678,107,1.7,Overcast clouds,c04d,16
2026-08-25 16:15:00,3.91,30.5,37.9,76,4.2,39.5,622,103,1.6,Overcast clouds,c04d,16
2026-08-25 16:30:00,3.95,30.6,38.1,76,3.6,36.1,566,99,1.3,Overcast clouds,c04d,16
2026-08-25 16:45:00,53.08,30.6,38.4,76,3.0,32.6,510,95,1.2,Overcast clouds,c04d,16
2026-08-25 17:00:00,43.3,30.7,38.6,76,2.4,29.1,454,91,1.0,Overcast clouds,c04d,17
2026-08-25 17:15:00,72.69,30.4,38.1,77,2.3,25.7,393,84,0.9,Overcast clouds,c04d,17
2026-08-25 17:30:00,34.34,30.2,37.6,78,2.2,22.2,333,78,0.8,Overcast clouds,c04d,17
2026-08-25 17:45:00,50.08,29.9,36.7,78,2.1,18.8,273,72,0.8,Overcast clouds,c04d,17
2026-08-25 18:00:00,3.92,29.6,36.2,79,2.0,15.3,213,66,0.7,Overcast clouds,c04d,18
2026-08-25 18:15:00,3.93,29.5,36.2,80,1.9,11.9,162,53,0.7,Overcast clouds,c04d,18
2026-08-25 18:30:00,4.22,29.5,36.0,80,1.8,8.4,112,41,0.7,Overcast clouds,c04d,18
2026-08-25 18:45:00,3.3,29.4,36.0,81,1.7,5.0,61,29,0.6,Overcast clouds,c04d,18
2026-08-25 19:00:00,1.61,29.3,36.1,82,1.6,1.6,11,16,0.6,Overcast clouds,c04n,19
2026-08-25 19:15:00,0.19,29.2,35.8,82,1.9,-1.8,8,12,0.0,Overcast clouds,c04n,19
2026-08-25 19:30:00,0.01,29.1,35.7,83,2.2,-5.1,5,8,0.0,Overcast clouds,c04n,19
2026-08-25 19:45:00,0.01,29.0,35.6,84,2.5,-8.5,3,4,0.0,Overcast clouds,c04n,19
2026-08-25 20:00:00,0.01,28.9,35.3,84,2.8,-11.9,0,0,0.0,Overcast clouds,c04n,20
2026-08-25 20:15:00,0.0,28.9,35.3,84,3.0,-15.1,0,0,0.0,Overcast clouds,c04n,20
2026-08-25 20:30:00,0.01,28.9,35.3,84,3.2,-18.4,0,0,0.0,Overcast clouds,c04n,20
2026-08-25 20:45:00,0.01,28.9,35.3,84,3.4,-21.6,0,0,0.0,Overcast clouds,c04n,20
2026-08-25 21:00:00,0.0,28.9,35.3,84,3.6,-24.9,0,0,0.0,Overcast clouds,c04n,21
2026-08-25 21:15:00,0.0,28.6,34.9,86,3.5,-27.9,0,0,0.0,Overcast clouds,c04n,21
2026-08-25 21:30:00,0.0,28.4,34.3,87,3.4,-30.9,0,0,0.0,Overcast clouds,c04n,21
2026-08-25 21:45:00,0.0,28.1,33.6,88,3.3,-33.9,0,0,0.0,Overcast clouds,c04n,21
2026-08-25 22:00:00,0.0,27.8,33.1,90,3.2,-37.0,0,0,0.0,Overcast clouds,c04n,22
2026-08-25 22:15:00,0.0,27.7,32.8,90,3.1,-39.6,0,0,0.0,Overcast clouds,c04n,22
2026-08-25 22:30:00,0.0,27.6,32.7,91,3.0,-42.2,0,0,0.0,Overcast clouds,c04n,22
2026-08-25 22:45:00,0.0,27.5,32.5,92,2.9,-44.8,0,0,0.0,Overcast clouds,c04n,22
2026-08-25 23:00:00,0.0,27.4,32.2,92,2.8,-47.5,0,0,0.0,Overcast clouds,c04n,23
2026-08-25 23:15:00,0.0,27.4,32.2,92,2.8,-49.3,0,0,0.0,Overcast clouds,c04n,23
2026-08-25 23:30:00,0.0,27.4,32.2,92,2.8,-51.1,0,0,0.0,Overcast clouds,c04n,23
2026-08-25 23:45:00,0.0,27.4,32.2,92,2.8,-53.0,0,0,0.0,Overcast clouds,c04n,23
2026-08-26 00:00:00,0.0,27.4,32.2,92,2.8,-54.8,0,0,0.0,Overcast clouds,c04n,0
2026-08-26 00:15:00,0.0,27.2,31.6,92,2.8,-55.3,0,0,0.0,Overcast clouds,c04n,0
2026-08-26 00:30:00,0.0,27.1,31.2,93,2.8,-55.8,0,0,0.0,Overcast clouds,c04n,0
2026-08-26 00:45:00,0.0,26.9,30.8,94,2.8,-56.3,0,0,0.0,Overcast clouds,c04n,0
2026-08-26 01:00:00,0.0,26.7,30.2,94,2.8,-56.9,0,0,0.0,Overcast clouds,c04n,1
2026-08-26 01:15:00,0.0,26.7,30.2,94,2.9,-55.8,0,0,0.0,Overcast clouds,c04n,1
2026-08-26 01:30:00,0.0,26.7,30.3,95,3.0,-54.8,0,0,0.0,Overcast clouds,c04n,1
2026-08-26 01:45:00,0.0,26.7,30.4,96,3.1,-53.7,0,0,0.0,Overcast clouds,c04n,1
2026-08-26 02:00:00,0.0,26.7,30.4,96,3.2,-52.7,0,0,0.0,Overcast clouds,c04n,2
2026-08-26 02:15:00,0.0,26.7,30.4,96,3.2,-50.5,0,0,0.0,Overcast clouds,c04n,2
2026-08-26 02:30:00,0.0,26.7,30.4,96,3.2,-48.3,0,0,0.0,Overcast clouds,c04n,2
2026-08-26 02:45:00,0.0,26.7,30.4,96,3.2,-46.2,0,0,0.0,Overcast clouds,c04n,2
2026-08-26 03:00:00,0.0,26.7,30.4,96,3.2,-44.0,0,0,0.0,Overcast clouds,c04n,3
2026-08-26 03:15:00,0.0,26.7,30.4,96,3.2,-41.2,0,0,0.0,Overcast clouds,c04n,3
2026-08-26 03:30:00,0.0,26.7,30.4,96,3.2,-38.4,0,0,0.0,Overcast clouds,c04n,3
2026-08-26 03:45:00,0.0,26.7,30.4,96,3.2,-35.6,0,0,0.0,Overcast clouds,c04n,3
2026-08-26 04:00:00,0.01,26.7,30.4,96,3.2,-32.8,0,0,0.0,Drizzle,d02n,4
2026-08-26 04:15:00,0.0,26.7,30.4,96,3.2,-29.7,0,0,0.0,Drizzle,d02n,4
2026-08-26 04:30:00,0.0,26.7,30.4,96,3.2,-26.6,0,0,0.0,Light rain,r01n,4
2026-08-26 04:45:00,0.0,26.7,30.4,96,3.2,-23.4,0,0,0.0,Light rain,r01n,4
2026-08-26 05:00:00,0.0,26.7,30.4,96,3.2,-20.3,0,0,0.0,Light rain,r01n,5
2026-08-26 05:15:00,0.0,26.9,31.0,96,3.1,-17.0,0,0,0.0,Light rain,r01n,5
2026-08-26 05:30:00,0.0,27.1,31.4,95,3.0,-13.7,0,0,0.0,Light rain,r01n,5
2026-08-26 05:45:00,0.0,27.2,31.9,94,2.9,-10.4,0,0,0.0,Light rain,r01n,5
2026-08-26 06:00:00,0.0,27.4,32.4,94,2.8,-7.1,0,0,0.0,Light rain,r01n,6
2026-08-26 06:15:00,0.01,27.4,32.4,94,2.8,-3.7,17,10,0.0,Light rain,r01n,6
2026-08-26 06:30:00,2.14,27.4,32.4,94,2.8,-0.3,35,20,0.0,Light rain,r01n,6
2026-08-26 06:45:00,5.19,27.4,32.4,94,2.8,3.0,52,30,0.7,Drizzle,d02d,6
2026-08-26 07:00:00,10.07,27.4,32.4,94,2.8,6.4,70,40,0.7,Drizzle,d02d,7
2026-08-26 07:15:00,20.88,27.4,32.4,94,3.0,9.9,127,49,0.7,Drizzle,d02d,7
2026-08-26 07:30:00,18.63,27.4,32.6,95,3.2,13.3,184,58,0.7,Drizzle,d02d,7
2026-08-26 07:45:00,29.93,27.4,32.7,96,3.4,16.8,241,67,0.8,Drizzle,d02d,7
2026-08-26 08:00:00,22.85,27.4,32.7,96,3.6,20.2,298,76,0.9,Drizzle,d02d,8
2026-08-26 08:15:00,33.98,27.6,33.2,95,4.0,23.7,358,81,1.0,Drizzle,d02d,8
2026-08-26 08:30:00,47.18,27.8,33.6,94,4.4,27.1,418,87,1.1,Drizzle,d02d,8
2026-08-26 08:45:00,65.47,27.9,34.0,93,4.8,30.6,477,92,1.3,Overcast clouds,c04d,8
2026-08-26 09:00:00,57.65,28.1,34.4,92,5.2,34.1,537,97,1.4,Overcast clouds,c04d,9
2026-08-26 09:15:00,79.66,28.7,35.7,89,5.3,37.5,590,101,1.6,Overcast clouds,c04d,9
2026-08-26 09:30:00,113.89,29.3,36.9,86,5.4,40.9,643,104,1.9,Overcast clouds,c04d,9
2026-08-26 09:45:00,0.0,29.8,38.3,84,5.5,44.4,696,107,2.2,Overcast clouds,c04d,9
2026-08-26 10:00:00,74.62,30.4,39.2,81,5.6,47.8,749,111,2.5,Overcast clouds,c04d,10
2026-08-26 10:15:00,94.19,30.5,39.5,81,5.7,51.1,790,113,2.6,Overcast clouds,c04d,10
2026-08-26 10:30:00,93.39,30.6,39.7,81,5.8,54.5,830,115,2.8,Overcast clouds,c04d,10
2026-08-26 10:45:00,124.18,30.6,40.0,81,5.9,57.8,871,118,2.9,Overcast clouds,c04d,10
2026-08-26 11:00:00,119.46,30.7,40.2,81,6.0,61.2,912,120,3.0,Overcast clouds,c04d,11
2026-08-26 11:15:00,118.97,30.8,40.2,80,5.9,64.1,936,121,3.1,Overcast clouds,c04d,11
2026-08-26 11:30:00,102.7,30.9,39.9,78,5.8,67.1,961,122,3.3,Overcast clouds,c04d,11
2026-08-26 11:45:00,53.53,31.0,39.8,77,5.7,70.0,985,123,3.3,Overcast clouds,c04d,11
2026-08-26 12:00:00,12.36,31.1,39.8,76,5.6,73.0,1010,125,3.4,Overcast clouds,c04d,12
2026-08-26 12:15:00,7.63,31.2,40.1,76,5.4,74.1,1016,125,3.5,Overcast clouds,c04d,12
2026-08-26 12:30:00,3.92,31.3,40.1,75,5.2,75.2,1022,125,3.5,Overcast clouds,c04d,12
2026-08-26 12:45:00,96.43,31.4,40.0,74,5.0,76.3,1028,125,3.6,Overcast clouds,c04d,12
2026-08-26 13:00:00,99.99,31.5,40.3,74,4.8,77.4,1034,126,3.7,Overcast clouds,c04d,13
2026-08-26 13:15:00,56.47,31.7,40.9,74,4.8,75.3,1021,125,3.6,Overcast clouds,c04d,13
2026-08-26 13:30:00,4.94,31.9,41.4,74,4.8,73.2,1008,124,3.5,Overcast clouds,c04d,13
2026-08-26 13:45:00,3.95,32.0,41.6,73,4.8,71.1,995,124,3.4,Overcast clouds,c04d,13
2026-08-26 14:00:00,3.97,32.2,42.2,73,4.8,69.0,982,123,3.3,Overcast clouds,c04d,14
2026-08-26 14:15:00,92.6,32.2,41.8,72,4.9,65.8,951,122,3.3,Overcast clouds,c04d,14
2026-08-26 14:30:00,83.58,32.2,41.8,72,5.0,62.7,920,120,3.4,Overcast clouds,c04d,14
2026-08-26 14:45:00,39.41,32.2,41.8,72,5.1,59.5,890,119,3.4,Overcast clouds,c04d,14
2026-08-26 15:00:00,0.0,32.2,41.4,71,5.2,56.4,859,117,3.3,Overcast clouds,c04d,15
2026-08-26 15:15:00,0.0,31.8,40.6,72,5.1,53.0,813,114,2.9,Overcast clouds,c04d,15
2026-08-26 15:30:00,0.0,31.5,40.2,74,5.0,49.6,767,112,2.5,Overcast clouds,c04d,15
2026-08-26 15:45:00,109.38,31.1,39.7,76,4.9,46.2,722,109,2.1,Overcast clouds,c04d,15
2026-08-26 16:00:00,30.5,30.7,38.9,77,4.8,42.8,676,107,1.8,Drizzle,d02d,16
2026-08-26 16:15:00,23.32,30.6,39.0,78,4.5,39.3,620,102,1.6,Drizzle,d02d,16
2026-08-26 16:30:00,30.44,30.6,38.8,78,4.2,35.9,563,98,1.4,Light rain,r01d,16
2026-08-26 16:45:00,24.56,30.5,38.5,78,3.9,32.4,507,94,1.2,Light rain,r01d,16
2026-08-26 17:00:00,20.78,30.4,38.6,79,3.6,29.0,451,90,1.1,Light rain,r01d,17
2026-08-26 17:15:00,22.98,29.9,37.7,81,3.4,25.5,390,84,1.0,Light rain,r01d,17
2026-08-26 17:30:00,25.57,29.5,37.0,84,3.2,22.0,330,78,0.8,Light rain,r01d,17
2026-08-26 17:45:00,16.12,29.0,36.0,86,3.0,18.6,270,72,0.8,Drizzle,d02d,17
2026-08-26 18:00:00,14.61,28.5,35.0,88,2.8,15.1,210,65,0.7,Drizzle,d02d,18
2026-08-26 18:15:00,11.17,28.5,35.0,88,2.7,11.7,160,53,0.7,Thunderstorm with drizzle,t04d,18
2026-08-26 18:30:00,6.09,28.5,35.0,88,2.6,8.3,109,40,0.7,Thunderstorm with light rain,t01d,18
2026-08-26 18:45:00,5.2,28.5,35.0,88,2.5,4.8,59,28,0.7,Thunderstorm with light rain,t01d,18
2026-08-26 19:00:00,0.96,28.5,35.0,88,2.4,1.4,9,15,0.7,Thunderstorm with light rain,t01n,19
2026-08-26 19:15:00,0.04,28.5,35.0,88,2.4,-2.0,7,11,0.0,Thunderstorm with light rain,t01n,19
2026-08-26 19:30:00,0.0,28.5,35.2,89,2.4,-5.4,5,7,0.0,Light rain,r01n,19
2026-08-26 19:45:00,0.0,28.5,35.4,90,2.4,-8.7,2,4,0.0,Light rain,r01n,19
2026-08-26 20:00:00,0.03,28.5,35.4,90,2.4,-12.1,0,0,0.0,Moderate rain,r02n,20
2026-08-26 20:15:00,0.04,28.4,35.0,90,2.7,-15.3,0,0,0.0,Moderate rain,r02n,20
2026-08-26 20:30:00,0.03,28.3,34.7,90,3.0,-18.6,0,0,0.0,Moderate rain,r02n,20
2026-08-26 20:45:00,0.03,28.2,34.4,90,3.3,-21.8,0,0,0.0,Light rain,r01n,20
2026-08-26 21:00:00,0.03,28.1,34.1,90,3.6,-25.1,0,0,0.0,Light rain,r01n,21
2026-08-26 21:15:00,0.03,28.0,33.8,90,3.2,-28.1,0,0,0.0,Light rain,r01n,21
2026-08-26 21:30:00,0.03,28.0,33.8,91,2.8,-31.2,0,0,0.0,Light rain,r01n,21
2026-08-26 21:45:00,0.04,27.9,33.7,92,2.4,-34.2,0,0,0.0,Drizzle,d02n,21
2026-08-26 22:00:00,0.05,27.8,33.4,92,2.0,-37.3,0,0,0.0,Overcast clouds,c04n,22
2026-08-26 22:15:00,0.03,27.7,33.1,92,1.9,-39.9,0,0,0.0,Overcast clouds,c04n,22
2026-08-26 22:30:00,0.02,27.6,33.0,93,1.8,-42.5,0,0,0.0,Overcast clouds,c04n,22
2026-08-26 22:45:00,0.04,27.5,32.8,94,1.7,-45.1,0,0,0.0,Overcast clouds,c04n,22
2026-08-26 23:00:00,0.02,27.4,32.4,94,1.6,-47.8,0,0,0.0,Overcast clouds,c04n,23
2026-08-26 23:15:00,0.02,27.3,32.1,94,1.5,-49.6,0,0,0.0,Overcast clouds,c04n,23
2026-08-26 23:30:00,0.04,27.2,31.9,95,1.4,-51.5,0,0,0.0,Overcast clouds,c04n,23
2026-08-26 23:45:00,0.02,27.1,31.7,96,1.3,-53.3,0,0,0.0,Overcast clouds,c04n,23
2026-08-27 00:00:00,0.01,27.0,31.4,96,1.2,-55.2,0,0,0.0,Drizzle,d02n,0
2026-08-27 00:15:00,0.01,26.9,31.1,96,1.2,-55.7,0,0,0.0,Drizzle,d02n,0
2026-08-27 00:30:00,0.01,26.9,31.0,97,1.2,-56.2,0,0,0.0,Drizzle,d02n,0
2026-08-27 00:45:00,0.01,26.8,30.8,98,1.2,-56.7,0,0,0.0,Fog,a05n,0
2026-08-27 01:00:00,0.01,26.7,30.6,98,1.2,-57.2,0,0,0.0,Fog,a05n,1
2026-08-27 01:15:00,0.01,26.7,30.6,98,1.3,-56.1,0,0,0.0,Fog,a05n,1
2026-08-27 01:30:00,0.01,26.7,30.6,98,1.4,-55.1,0,0,0.0,Fog,a05n,1
2026-08-27 01:45:00,0.01,26.7,30.6,98,1.5,-54.0,0,0,0.0,Fog,a05n,1
2026-08-27 02:00:00,0.01,26.7,30.6,98,1.6,-53.0,0,0,0.0,Fog,a05n,2
2026-08-27 02:15:00,0.01,26.7,30.6,98,1.7,-50.8,0,0,0.0,Fog,a05n,2
2026-08-27 02:30:00,0.01,26.7,30.6,98,1.8,-48.6,0,0,0.0,Fog,a05n,2
2026-08-27 02:45:00,0.01,26.7,30.6,98,1.9,-46.4,0,0,0.0,Fog,a05n,2
2026-08-27 03:00:00,0.01,26.7,30.6,98,2.0,-44.2,0,0,0.0,Fog,a05n,3
2026-08-27 03:15:00,0.01,26.7,30.6,98,2.2,-41.4,0,0,0.0,Fog,a05n,3
2026-08-27 03:30:00,0.0,26.7,30.6,98,2.4,-38.6,0,0,0.0,Fog,a05n,3
2026-08-27 03:45:00,0.01,26.7,30.6,98,2.6,-35.8,0,0,0.0,Fog,a05n,3
2026-08-27 04:00:00,0.0,26.7,30.6,98,2.8,-32.9,0,0,0.0,Fog,a05n,4
2026-08-27 04:15:00,0.0,26.7,30.6,98,2.7,-29.8,0,0,0.0,Fog,a05n,4
2026-08-27 04:30:00,0.0,26.7,30.6,98,2.6,-26.7,0,0,0.0,Drizzle,d02n,4
2026-08-27 04:45:00,0.01,26.7,30.6,98,2.5,-23.6,0,0,0.0,Fog,a05n,4
2026-08-27 05:00:00,0.01,26.7,30.6,98,2.4,-20.4,0,0,0.0,Fog,a05n,5
2026-08-27 05:15:00,0.01,26.9,31.1,97,2.1,-17.1,0,0,0.0,Fog,a05n,5
2026-08-27 05:30:00,0.01,27.1,31.5,96,1.8,-13.8,0,0,0.0,Overcast clouds,c04n,5
2026-08-27 05:45:00,0.01,27.2,32.0,95,1.5,-10.5,0,0,0.0,Overcast clouds,c04n,5
2026-08-27 06:00:00,0.01,27.4,32.4,94,1.2,-7.2,0,0,0.0,Overcast clouds,c04n,6
2026-08-27 06:15:00,0.02,27.4,32.4,94,1.4,-3.8,17,10,0.0,Overcast clouds,c04n,6
2026-08-27 06:30:00,0.01,27.4,32.3,93,1.6,-0.4,35,20,0.0,Overcast clouds,c04n,6
2026-08-27 06:45:00,2.22,27.4,32.2,92,1.8,3.0,52,30,0.6,Overcast clouds,c04d,6
2026-08-27 07:00:00,5.01,27.4,32.2,92,2.0,6.4,69,39,0.6,Overcast clouds,c04d,7
2026-08-27 07:15:00,1.71,27.3,32.0,93,2.2,9.8,126,49,0.7,Light rain,r01d,7
2026-08-27 07:30:00,12.8,27.2,31.8,94,2.4,13.3,183,58,0.7,Light rain,r01d,7
2026-08-27 07:45:00,8.15,27.1,31.6,95,2.6,16.7,240,67,0.7,Light rain,r01d,7
2026-08-27 08:00:00,12.18,27.0,31.4,96,2.8,20.2,297,76,0.8,Light rain,r01d,8
2026-08-27 08:15:00,9.54,27.0,31.4,96,3.0,23.6,357,81,0.9,Light rain,r01d,8
2026-08-27 08:30:00,16.2,27.0,31.4,96,3.2,27.1,417,86,1.0,Moderate rain,r02d,8
2026-08-27 08:45:00,15.32,27.0,31.4,96,3.4,30.5,477,92,1.1,Moderate rain,r02d,8
2026-08-27 09:00:00,8.54,27.0,31.4,96,3.6,34.0,536,97,1.3,Moderate rain,r02d,9
2026-08-27 09:15:00,5.68,27.3,32.2,95,3.6,37.4,589,101,1.4,Moderate rain,r02d,9
2026-08-27 09:30:00,7.54,27.6,32.9,94,3.6,40.9,642,104,1.6,Moderate rain,r02d,9
2026-08-27 09:45:00,9.9,27.8,33.7,93,3.6,44.3,695,107,1.8,Light rain,r01d,9
2026-08-27 10:00:00,11.95,28.1,34.4,92,3.6,47.7,749,111,2.0,Light rain,r01d,10
2026-08-27 10:15:00,29.33,28.4,35.0,90,3.6,51.1,789,113,2.2,Light rain,r01d,10
2026-08-27 10:30:00,56.1,28.7,35.8,89,3.6,54.4,830,115,2.4,Light rain,r01d,10
2026-08-27 10:45:00,51.83,29.0,36.6,88,3.6,57.7,870,118,2.6,Light rain,r01d,10
2026-08-27 11:00:00,59.37,29.3,37.1,86,3.6,61.1,911,120,2.8,Light rain,r01d,11
2026-08-27 11:15:00,61.81,29.2,36.7,86,3.7,64.0,936,121,3.0,Light rain,r01d,11
2026-08-27 11:30:00,82.29,29.1,36.7,87,3.8,66.9,960,122,3.1,Light rain,r01d,11
2026-08-27 11:45:00,71.77,29.0,36.6,88,3.9,69.8,984,123,3.3,Thunderstorm with light rain,t01d,11
2026-08-27 12:00:00,14.55,28.9,36.3,88,4.0,72.8,1009,125,3.4,Thunderstorm with light rain,t01d,12
2026-08-27 12:15:00,11.94,28.8,36.2,89,3.8,73.8,1015,125,3.4,Thunderstorm with drizzle,t04d,12
2026-08-27 12:30:00,25.88,28.7,36.0,90,3.6,74.9,1021,125,3.5,Thunderstorm with drizzle,t04d,12
2026-08-27 12:45:00,21.51,28.6,35.9,91,3.4,76.0,1027,125,3.5,Overcast clouds,c04d,12
2026-08-27 13:00:00,25.2,28.5,35.8,92,3.2,77.0,1033,126,3.6,Overcast clouds,c04d,13
2026-08-27 13:15:00,25.43,28.5,35.6,91,3.3,74.9,1019,125,3.5,Overcast clouds,c04d,13
2026-08-27 13:30:00,44.39,28.5,35.4,90,3.4,72.9,1006,124,3.4,Overcast clouds,c04d,13
2026-08-27 13:45:00,56.11,28.5,35.2,89,3.5,70.8,993,124,3.3,Overcast clouds,c04d,13
2026-08-27 14:00:00,50.83,28.5,35.0,88,3.6,68.7,980,123,3.2,Overcast clouds,c04d,14
2026-08-27 14:15:00,57.52,28.5,35.0,88,3.5,65.6,949,122,3.0,Overcast clouds,c04d,14
2026-08-27 14:30:00,43.01,28.5,35.0,88,3.4,62.4,919,120,2.9,Overcast clouds,c04d,14
2026-08-27 14:45:00,42.09,28.5,35.0,88,3.3,59.3,888,119,2.7,Overcast clouds,c04d,14
2026-08-27 15:00:00,30.71,28.5,35.0,88,3.2,56.1,857,117,2.5,Thunderstorm with drizzle,t04d,15
2026-08-27 15:15:00,16.77,28.2,34.3,89,3.0,52.7,811,114,2.3,Overcast clouds,c04d,15
2026-08-27 15:30:00,17.87,28.0,33.6,90,2.8,49.4,765,112,2.1,Overcast clouds,c04d,15
2026-08-27 15:45:00,43.99,27.7,32.9,91,2.6,46.0,719,109,1.9,Overcast clouds,c04d,15
2026-08-27 16:00:00,52.54,27.4,32.2,92,2.4,42.6,673,106,1.7,Overcast clouds,c04d,16
2026-08-27 16:15:00,63.05,27.5,32.3,91,2.2,39.1,617,102,1.5,Overcast clouds,c04d,16
2026-08-27 16:30:00,67.19,27.6,32.5,90,2.0,35.7,560,98,1.3,Overcast clouds,c04d,16
2026-08-27 16:45:00,68.37,27.7,32.7,89,1.8,32.2,504,94,1.2,Overcast clouds,c04d,16
2026-08-27 17:00:00,37.04,27.8,32.8,88,1.6,28.8,448,90,1.0,Overcast clouds,c04d,17
2026-08-27 17:15:00,60.73,27.2,31.3,91,1.6,25.3,387,84,0.9,Overcast clouds,c04d,17
2026-08-27 17:30:00,42.28,26.5,27.7,94,1.6,21.8,327,77,0.8,Overcast clouds,c04d,17
2026-08-27 17:45:00,32.48,25.9,27.0,97,1.6,18.4,267,71,0.8,Fog,a05d,17
2026-08-27 18:00:00,25.63,25.2,26.4,100,1.6,14.9,207,65,0.7,Fog,a05d,18
2026-08-27 18:15:00,15.64,25.3,26.5,100,1.5,11.5,157,52,0.7,Fog,a05d,18
2026-08-27 18:30:00,11.38,25.4,26.6,99,1.4,8.1,107,39,0.6,Fog,a05d,18
2026-08-27 18:45:00,4.63,25.5,26.7,98,1.3,4.6,57,26,0.6,Fog,a05d,18
2026-08-27 19:00:00,2.02,25.6,26.8,98,1.2,1.2,8,14,0.6,Fog,a05n,19
2026-08-27 19:15:00,0.09,25.6,26.8,98,1.1,-2.2,6,10,0.0,Fog,a05n,19
2026-08-27 19:30:00,0.0,25.6,26.8,98,1.0,-5.6,4,7,0.0,Fog,a05n,19
2026-08-27 19:45:00,0.0,25.6,26.8,98,1.1,-8.9,2,3,0.0,Fog,a05n,19
2026-08-27 20:00:00,0.0,25.6,26.8,98,1.2,-12.3,0,0,0.0,Fog,a05n,20
2026-08-27 20:15:00,0.0,25.6,26.8,98,1.1,-15.6,0,0,0.0,Fog,a05n,20
2026-08-27 20:30:00,0.0,25.6,26.8,98,1.0,-18.8,0,0,0.0,Fog,a05n,20
2026-08-27 20:45:00,0.0,25.6,26.8,98,0.9,-22.1,0,0,0.0,Fog,a05n,20
2026-08-27 21:00:00,0.0,25.6,26.8,98,0.8,-25.3,0,0,0.0,Fog,a05n,21
2026-08-27 21:15:00,0.0,25.6,26.8,98,0.8,-28.4,0,0,0.0,Fog,a05n,21
2026-08-27 21:30:00,0.0,25.6,26.8,99,0.8,-31.4,0,0,0.0,Fog,a05n,21
2026-08-27 21:45:00,0.0,25.6,26.8,100,0.8,-34.5,0,0,0.0,Fog,a05n,21
2026-08-27 22:00:00,0.0,25.6,26.8,100,0.8,-37.5,0,0,0.0,Fog,a05n,22
2026-08-27 22:15:00,0.0,25.6,26.8,100,0.9,-40.2,0,0,0.0,Fog,a05n,22
2026-08-27 22:30:00,0.0,25.6,26.8,100,1.0,-42.8,0,0,0.0,Fog,a05n,22
2026-08-27 22:45:00,0.0,25.6,26.8,100,1.1,-45.5,0,0,0.0,Fog,a05n,22
2026-08-27 23:00:00,0.0,25.6,26.8,100,1.2,-48.1,0,0,0.0,Fog,a05n,23
2026-08-27 23:15:00,0.0,25.6,26.8,100,1.2,-50.0,0,0,0.0,Fog,a05n,23
2026-08-27 23:30:00,0.0,25.6,26.8,100,1.2,-51.8,0,0,0.0,Fog,a05n,23
2026-08-27 23:45:00,0.0,25.6,26.8,100,1.2,-53.7,0,0,0.0,Fog,a05n,23
2026-08-28 00:00:00,0.0,25.6,26.8,100,1.2,-55.5,0,0,0.0,Fog,a05n,0
2026-08-28 00:15:00,0.0,25.6,26.8,100,1.1,-56.0,0,0,0.0,Fog,a05n,0
2026-08-28 00:30:00,0.0,25.6,26.8,100,1.0,-56.5,0,0,0.0,Fog,a05n,0
2026-08-28 00:45:00,0.0,25.6,26.8,100,0.9,-57.0,0,0,0.0,Fog,a05n,0
2026-08-28 01:00:00,0.0,25.6,26.8,100,0.8,-57.5,0,0,0.0,Fog,a05n,1
2026-08-28 01:15:00,0.0,25.7,26.9,100,0.9,-56.5,0,0,0.0,Fog,a05n,1
2026-08-28 01:30:00,0.0,25.8,27.0,100,1.0,-55.4,0,0,0.0,Fog,a05n,1
2026-08-28 01:45:00,0.0,25.8,27.1,100,1.1,-54.3,0,0,0.0,Fog,a05n,1
2026-08-28 02:00:00,0.0,25.9,27.2,100,1.2,-53.3,0,0,0.0,Fog,a05n,2
2026-08-28 02:15:00,0.0,25.9,27.2,100,1.4,-51.0,0,0,0.0,Fog,a05n,2
2026-08-28 02:30:00,0.0,25.9,27.2,100,1.6,-48.8,0,0,0.0,Fog,a05n,2
2026-08-28 02:45:00,0.0,25.9,27.2,100,1.8,-46.6,0,0,0.0,Fog,a05n,2
2026-08-28 03:00:00,0.0,25.9,27.2,100,2.0,-44.4,0,0,0.0,Fog,a05n,3
2026-08-28 03:15:00,0.0,25.9,27.2,100,2.0,-41.6,0,0,0.0,Fog,a05n,3
2026-08-28 03:30:00,0.0,25.9,27.1,99,2.0,-38.7,0,0,0.0,Fog,a05n,3
2026-08-28 03:45:00,0.0,25.9,27.1,98,2.0,-35.9,0,0,0.0,Fog,a05n,3
2026-08-28 04:00:00,0.0,25.9,27.1,98,2.0,-33.1,0,0,0.0,Fog,a05n,4
2026-08-28 04:15:00,0.0,25.9,27.1,98,2.0,-29.9,0,0,0.0,Fog,a05n,4
2026-08-28 04:30:00,0.0,25.9,27.1,99,2.0,-26.8,0,0,0.0,Fog,a05n,4
2026-08-28 04:45:00,0.0,25.9,27.2,100,2.0,-23.7,0,0,0.0,Fog,a05n,4
2026-08-28 05:00:00,0.0,25.9,27.2,100,2.0,-20.5,0,0,0.0,Fog,a05n,5
2026-08-28 05:15:00,0.0,25.8,27.1,100,2.0,-17.2,0,0,0.0,Fog,a05n,5
2026-08-28 05:30:00,0.0,25.8,27.0,100,2.0,-13.9,0,0,0.0,Fog,a05n,5
2026-08-28 05:45:00,0.0,25.7,26.9,100,2.0,-10.6,0,0,0.0,Fog,a05n,5
2026-08-28 06:00:00,0.0,25.6,26.8,100,2.0,-7.3,0,0,0.0,Fog,a05n,6
2026-08-28 06:15:00,0.03,25.5,26.7,100,1.7,-3.9,17,10,0.0,Fog,a05n,6
2026-08-28 06:30:00,1.24,25.4,26.6,99,1.4,-0.5,34,20,0.0,Fog,a05n,6
2026-08-28 06:45:00,5.6,25.3,26.4,98,1.1,2.9,51,29,1.0,Fog,a05d,6
2026-08-28 07:00:00,13.01,25.2,26.3,98,0.8,6.3,68,39,1.2,Fog,a05d,7
2026-08-28 07:15:00,25.43,25.3,26.4,98,0.8,9.8,125,48,1.2,Fog,a05d,7
2026-08-28 07:30:00,30.49,25.4,26.6,98,0.8,13.2,182,58,1.2,Fog,a05d,7
2026-08-28 07:45:00,34.9,25.5,26.7,98,0.8,16.6,239,67,1.3,Fog,a05d,7
2026-08-28 08:00:00,27.14,25.6,26.8,98,0.8,20.1,296,76,1.4,Fog,a05d,8
2026-08-28 08:15:00,32.94,25.8,26.9,97,0.9,23.6,356,81,1.5,Fog,a05d,8
2026-08-28 08:30:00,52.68,26.0,27.1,96,1.0,27.0,416,86,1.6,Overcast clouds,c04d,8
2026-08-28 08:45:00,101.47,26.1,27.3,95,1.1,30.5,476,92,1.7,Overcast clouds,c04d,8
2026-08-28 09:00:00,144.12,26.3,27.4,94,1.2,33.9,536,97,1.9,Overcast clouds,c04d,9
2026-08-28 09:15:00,143.63,26.5,27.6,94,1.3,37.4,589,101,2.4,Broken clouds,c03d,9
2026-08-28 09:30:00,98.26,26.7,27.8,93,1.4,40.8,642,104,2.9,Broken clouds,c03d,9
2026-08-28 09:45:00,122.53,26.8,30.4,92,1.5,44.2,695,107,3.6,Broken clouds,c03d,9
2026-08-28 10:00:00,78.8,27.0,30.9,92,1.6,47.7,748,111,4.3,Broken clouds,c03d,10
2026-08-28 10:15:00,110.49,27.3,31.7,91,1.9,51.0,788,113,4.4,Broken clouds,c03d,10
2026-08-28 10:30:00,128.41,27.6,32.4,90,2.2,54.3,829,115,4.4,Broken clouds,c03d,10
2026-08-28 10:45:00,158.71,27.8,33.0,89,2.5,57.6,870,118,4.4,Broken clouds,c03d,10
2026-08-28 11:00:00,155.66,28.1,33.7,88,2.8,61.0,910,120,4.3,Overcast clouds,c04d,11
2026-08-28 11:15:00,129.91,28.3,34.3,88,3.0,63.8,935,121,4.3,Overcast clouds,c04d,11
2026-08-28 11:30:00,46.63,28.5,34.7,87,3.2,66.7,959,122,4.2,Overcast clouds,c04d,11
2026-08-28 11:45:00,90.88,28.7,35.2,86,3.4,69.6,983,123,4.2,Overcast clouds,c04d,11
2026-08-28 12:00:00,102.88,28.9,35.8,86,3.6,72.5,1008,125,4.1,Overcast clouds,c04d,12
2026-08-28 12:15:00,47.41,29.1,36.1,85,3.8,73.6,1014,125,4.4,Overcast clouds,c04d,12
2026-08-28 12:30:00,19.87,29.3,36.4,84,4.0,74.6,1020,125,4.6,Overcast clouds,c04d,12
2026-08-28 12:45:00,8.0,29.4,36.7,83,4.2,75.6,1025,125,4.9,Overcast clouds,c04d,12
2026-08-28 13:00:00,41.59,29.6,37.0,82,4.4,76.7,1031,126,5.2,Overcast clouds,c04d,13
2026-08-28 13:15:00,112.36,29.6,37.0,82,4.5,74.6,1018,125,5.3,Overcast clouds,c04d,13
2026-08-28 13:30:00,175.77,29.6,37.0,82,4.6,72.6,1005,124,5.4,Overcast clouds,c04d,13
2026-08-28 13:45:00,78.64,29.6,37.0,82,4.7,70.5,992,124,5.4,Overcast clouds,c04d,13
2026-08-28 14:00:00,32.67,29.6,37.0,82,4.8,68.5,979,123,5.5,Broken clouds,c03d,14
2026-08-28 14:15:00,47.95,29.6,37.0,82,4.7,65.3,948,122,4.9,Overcast clouds,c04d,14
2026-08-28 14:30:00,88.7,29.6,37.0,82,4.6,62.2,917,120,4.3,Overcast clouds,c04d,14
2026-08-28 14:45:00,0.02,29.6,37.0,82,4.5,59.0,886,118,3.7,Overcast clouds,c04d,14
2026-08-28 15:00:00,59.41,29.6,37.0,82,4.4,55.9,855,117,3.2,Overcast clouds,c04d,15
2026-08-28 15:15:00,65.25,29.5,36.8,82,4.3,52.5,809,114,3.0,Overcast clouds,c04d,15
2026-08-28 15:30:00,94.5,29.5,36.8,83,4.2,49.1,763,112,2.8,Overcast clouds,c04d,15
2026-08-28 15:45:00,12.99,29.4,36.8,84,4.1,45.8,717,109,2.5,Overcast clouds,c04d,15
2026-08-28 16:00:00,3.96,29.3,36.6,84,4.0,42.4,671,106,2.3,Drizzle,d02d,16
2026-08-28 16:15:00,4.01,29.2,36.3,84,4.0,38.9,614,102,2.0,Drizzle,d02d,16
2026-08-28 16:30:00,34.8,29.1,35.9,84,4.0,35.5,558,98,1.7,Drizzle,d02d,16
2026-08-28 16:45:00,29.59,29.0,35.6,84,4.0,32.0,501,94,1.4,Overcast clouds,c04d,16
2026-08-28 17:00:00,57.33,28.9,35.3,84,4.0,28.6,445,90,1.2,Overcast clouds,c04d,17
2026-08-28 17:15:00,45.72,28.7,34.9,85,3.8,25.1,384,84,1.2,Overcast clouds,c04d,17
2026-08-28 17:30:00,78.13,28.5,34.5,86,3.6,21.7,324,77,1.2,Overcast clouds,c04d,17
2026-08-28 17:45:00,14.65,28.3,34.1,87,3.4,18.2,264,71,1.2,Overcast clouds,c04d,17
2026-08-28 18:00:00,12.17,28.1,33.7,88,3.2,14.7,203,64,1.2,Broken clouds,c03d,18
2026-08-28 18:15:00,14.94,28.1,33.7,88,3.1,11.3,154,51,1.1,Broken clouds,c03d,18
2026-08-28 18:30:00,17.13,28.1,33.5,87,3.0,7.9,105,38,1.1,Broken clouds,c03d,18
2026-08-28 18:45:00,3.52,28.1,33.4,86,2.9,4.4,55,25,1.1,Broken clouds,c03d,18
2026-08-28 19:00:00,1.46,28.1,33.4,86,2.8,1.0,6,12,1.1,Broken clouds,c03n,19
2026-08-28 19:15:00,0.2,27.9,33.0,87,2.6,-2.4,5,9,0.0,Broken clouds,c03n,19
2026-08-28 19:30:00,0.04,27.8,32.7,88,2.4,-5.8,3,6,0.0,Broken clouds,c03n,19
2026-08-28 19:45:00,0.0,27.6,32.3,89,2.2,-9.1,2,3,0.0,Broken clouds,c03n,19
2026-08-28 20:00:00,0.0,27.4,31.9,90,2.0,-12.5,0,0,0.0,Broken clouds,c03n,20
2026-08-28 20:15:00,0.0,27.3,31.6,90,1.9,-15.8,0,0,0.0,Broken clouds,c03n,20
2026-08-28 20:30:00,0.0,27.2,31.4,91,1.8,-19.1,0,0,0.0,Broken clouds,c03n,20
2026-08-28 20:45:00,0.01,27.1,31.2,92,1.7,-22.3,0,0,0.0,Broken clouds,c03n,20
2026-08-28 21:00:00,0.0,27.0,30.9,92,1.6,-25.6,0,0,0.0,Scattered clouds,c02n,21
2026-08-28 21:15:00,0.0,27.0,30.9,92,1.5,-28.6,0,0,0.0,Scattered clouds,c02n,21
2026-08-28 21:30:00,0.0,27.0,30.9,92,1.4,-31.7,0,0,0.0,Scattered clouds,c02n,21
2026-08-28 21:45:00,0.0,27.0,30.9,92,1.3,-34.7,0,0,0.0,Scattered clouds,c02n,21
2026-08-28 22:00:00,0.0,27.0,30.9,92,1.2,-37.8,0,0,0.0,Scattered clouds,c02n,22
2026-08-28 22:15:00,0.0,26.9,30.7,92,1.2,-40.5,0,0,0.0,Scattered clouds,c02n,22
2026-08-28 22:30:00,0.0,26.9,30.6,93,1.2,-43.1,0,0,0.0,Scattered clouds,c02n,22
2026-08-28 22:45:00,0.0,26.8,30.5,94,1.2,-45.8,0,0,0.0,Scattered clouds,c02n,22
2026-08-28 23:00:00,0.0,26.7,30.2,94,1.2,-48.4,0,0,0.0,Scattered clouds,c02n,23
2026-08-28 23:15:00,0.0,26.6,27.8,94,1.3,-50.3,0,0,0.0,Scattered clouds,c02n,23
2026-08-28 23:30:00,0.0,26.5,27.7,95,1.4,-52.2,0,0,0.0,Scattered clouds,c02n,23
2026-08-28 23:45:00,0.0,26.4,27.6,96,1.5,-54.0,0,0,0.0,Scattered clouds,c02n,23
2026-08-29 00:00:00,0.0,26.3,27.5,96,1.6,-55.9,0,0,0.0,Scattered clouds,c02n,0
2026-08-29 00:15:00,0.0,26.2,27.4,96,1.6,-56.4,0,0,0.0,Scattered clouds,c02n,0
2026-08-29 00:30:00,0.0,26.1,27.3,96,1.6,-56.9,0,0,0.0,Few clouds,c02n,0
2026-08-29 00:45:00,0.0,26.0,27.2,96,1.6,-57.4,0,0,0.0,Few clouds,c02n,0
2026-08-29 01:00:00,0.0,25.9,27.1,96,1.6,-57.9,0,0,0.0,Few clouds,c02n,1
2026-08-29 01:15:00,0.0,25.9,27.1,96,1.7,-56.8,0,0,0.0,Few clouds,c02n,1
2026-08-29 01:30:00,0.0,25.9,27.0,95,1.8,-55.7,0,0,0.0,Few clouds,c02n,1
2026-08-29 01:45:00,0.0,25.9,27.0,94,1.9,-54.6,0,0,0.0,Scattered clouds,c02n,1
2026-08-29 02:00:00,0.0,25.9,27.0,94,2.0,-53.5,0,0,0.0,Scattered clouds,c02n,2
2026-08-29 02:15:00,0.0,25.8,26.9,94,2.0,-51.3,0,0,0.0,Scattered clouds,c02n,2
2026-08-29 02:30:00,0.0,25.8,26.9,95,2.0,-49.1,0,0,0.0,Scattered clouds,c02n,2
2026-08-29 02:45:00,0.0,25.7,26.8,96,2.0,-46.8,0,0,0.0,Scattered clouds,c02n,2
2026-08-29 03:00:00,0.0,25.6,26.7,96,2.0,-44.6,0,0,0.0,Scattered clouds,c02n,3
2026-08-29 03:15:00,0.0,25.6,26.7,96,2.0,-41.8,0,0,0.0,Scattered clouds,c02n,3
2026-08-29 03:30:00,0.0,25.6,26.7,96,2.0,-38.9,0,0,0.0,Scattered clouds,c02n,3
2026-08-29 03:45:00,0.0,25.6,26.7,96,2.0,-36.1,0,0,0.0,Broken clouds,c03n,3
2026-08-29 04:00:00,0.0,25.6,26.7,96,2.0,-33.2,0,0,0.0,Broken clouds,c03n,4
2026-08-29 04:15:00,0.0,25.5,26.6,96,2.1,-30.1,0,0,0.0,Broken clouds,c03n,4
2026-08-29 04:30:00,0.0,25.4,26.5,96,2.2,-26.9,0,0,0.0,Broken clouds,c03n,4
2026-08-29 04:45:00,0.01,25.3,26.4,96,2.3,-23.8,0,0,0.0,Broken clouds,c03n,4
2026-08-29 05:00:00,0.0,25.2,26.3,96,2.4,-20.6,0,0,0.0,Broken clouds,c03n,5
2026-08-29 05:15:00,0.0,25.2,26.3,96,2.5,-17.3,0,0,0.0,Broken clouds,c03n,5
2026-08-29 05:30:00,0.0,25.2,26.3,96,2.6,-14.0,0,0,0.0,Broken clouds,c03n,5
2026-08-29 05:45:00,0.01,25.2,26.3,96,2.7,-10.7,0,0,0.0,Broken clouds,c03n,5
2026-08-29 06:00:00,0.01,25.2,26.3,96,2.8,-7.4,0,0,0.0,Broken clouds,c03n,6
2026-08-29 06:15:00,0.0,25.2,26.3,96,2.9,-4.0,17,10,0.0,Broken clouds,c03n,6
2026-08-29 06:30:00,0.28,25.2,26.3,96,3.0,-0.6,34,19,0.0,Overcast clouds,c04n,6
2026-08-29 06:45:00,3.08,25.2,26.3,96,3.1,2.8,50,29,0.9,Overcast clouds,c04n,6
2026-08-29 07:00:00,8.47,25.2,26.3,96,3.2,6.2,67,39,0.9,Overcast clouds,c04d,7
2026-08-29 07:15:00,17.91,25.3,26.4,96,3.3,9.7,124,48,0.9,Overcast clouds,c04d,7
2026-08-29 07:30:00,19.83,25.4,26.5,95,3.4,13.1,181,57,0.9,Overcast clouds,c04d,7
2026-08-29 07:45:00,27.5,25.5,26.6,94,3.5,16.6,238,67,0.9,Overcast clouds,c04d,7
2026-08-29 08:00:00,34.47,25.6,26.7,94,3.6,20.0,296,76,0.9,Overcast clouds,c04d,8
2026-08-29 08:15:00,32.85,25.8,26.9,94,3.4,23.5,355,81,1.1,Overcast clouds,c04d,8
2026-08-29 08:30:00,38.94,26.0,27.1,94,3.2,27.0,415,86,1.4,Overcast clouds,c04d,8
2026-08-29 08:45:00,35.39,26.1,27.2,94,3.0,30.4,475,92,1.6,Overcast clouds,c04d,8
2026-08-29 09:00:00,37.87,26.3,27.4,94,2.8,33.9,535,97,2.0,Overcast clouds,c04d,9
2026-08-29 09:15:00,11.94,26.5,27.6,93,2.9,37.3,588,100,2.2,Drizzle,d02d,9
2026-08-29 09:30:00,16.81,26.7,27.8,92,3.0,40.7,641,104,2.5,Light rain,r01d,9
2026-08-29 09:45:00,23.38,26.8,30.3,91,3.1,44.2,694,107,2.8,Light rain,r01d,9
2026-08-29 10:00:00,30.47,27.0,30.7,90,3.2,47.6,747,111,3.0,Light rain,r01d,10
2026-08-29 10:15:00,30.04,27.4,31.6,88,3.5,50.9,788,113,3.4,Light rain,r01d,10
2026-08-29 10:30:00,30.76,27.8,32.5,87,3.8,54.2,828,115,3.9,Light rain,r01d,10
2026-08-29 10:45:00,29.23,28.1,33.4,86,4.1,57.5,869,118,4.3,Thunderstorm with drizzle,t04d,10
2026-08-29 11:00:00,34.05,28.5,34.1,84,4.4,60.8,910,120,4.7,Thunderstorm with drizzle,t04d,11
2026-08-29 11:15:00,45.05,28.8,34.7,83,4.7,63.7,934,121,5.8,Broken clouds,c03d,11
2026-08-29 11:30:00,79.33,29.1,35.3,82,5.0,66.6,958,122,7.0,Broken clouds,c03d,11
2026-08-29 11:45:00,95.59,29.3,36.1,82,5.3,69.4,983,123,8.2,Scattered clouds,c02d,11
2026-08-29 12:00:00,118.24,29.6,36.7,81,5.6,72.3,1007,125,9.4,Few clouds,c02d,12
2026-08-29 12:15:00,163.72,29.7,37.0,81,5.6,73.3,1013,125,9.5,Scattered clouds,c02d,12
2026-08-29 12:30:00,141.28,29.8,37.6,82,5.6,74.3,1018,125,9.5,Scattered clouds,c02d,12
2026-08-29 12:45:00,12.25,29.9,37.9,82,5.6,75.3,1024,125,9.4,Scattered clouds,c02d,12
2026-08-29 13:00:00,84.98,30.0,38.2,82,5.6,76.3,1030,126,9.5,Scattered clouds,c02d,13
2026-08-29 13:15:00,39.75,30.2,38.5,81,5.9,74.3,1017,125,8.7,Scattered clouds,c02d,13
2026-08-29 13:30:00,0.0,30.4,38.8,80,6.2,72.2,1003,124,7.9,Scattered clouds,c02d,13
2026-08-29 13:45:00,0.02,30.5,38.7,78,6.5,70.2,990,124,7.2,Broken clouds,c03d,13
2026-08-29 14:00:00,72.84,30.7,38.9,77,6.8,68.2,977,123,6.5,Broken clouds,c03d,14
2026-08-29 14:15:00,149.47,30.8,38.9,76,6.9,65.0,946,122,6.0,Broken clouds,c03d,14
2026-08-29 14:30:00,65.51,30.9,39.2,76,7.0,61.9,915,120,5.5,Broken clouds,c03d,14
2026-08-29 14:45:00,23.68,31.0,39.2,75,7.1,58.8,883,118,5.0,Broken clouds,c03d,14
2026-08-29 15:00:00,12.85,31.1,39.1,74,7.2,55.7,852,117,4.5,Broken clouds,c03d,15
2026-08-29 15:15:00,41.99,31.3,39.1,72,6.7,52.3,806,114,4.6,Broken clouds,c03d,15
2026-08-29 15:30:00,10.56,31.5,39.3,71,6.2,48.9,760,111,4.5,Drizzle,d02d,15
2026-08-29 15:45:00,4.82,31.7,39.5,70,5.7,45.5,714,109,4.5,Scattered clouds,c02d,15
2026-08-29 16:00:00,4.02,31.9,39.4,68,5.2,42.2,668,106,4.3,Scattered clouds,c02d,16
2026-08-29 16:15:00,4.0,31.9,39.4,68,4.7,38.7,611,102,4.0,Scattered clouds,c02d,16
2026-08-29 16:30:00,123.16,31.9,39.1,67,4.2,35.3,555,98,3.6,Few clouds,c02d,16
2026-08-29 16:45:00,76.98,31.9,38.7,66,3.7,31.8,498,94,3.3,Few clouds,c02d,16
2026-08-29 17:00:00,49.58,31.9,38.7,66,3.2,28.4,441,90,3.0,Few clouds,c02d,17
2026-08-29 17:15:00,41.55,31.9,38.7,66,3.1,24.9,381,83,2.8,Few clouds,c02d,17
2026-08-29 17:30:00,40.58,31.9,38.7,66,3.0,21.5,321,77,2.5,Few clouds,c02d,17
2026-08-29 17:45:00,32.43,31.9,38.7,66,2.9,18.0,260,70,2.4,Few clouds,c02d,17
2026-08-29 18:00:00,27.45,31.9,38.7,66,2.8,14.5,200,64,2.2,Clear Sky,c01d,18
2026-08-29 18:15:00,21.08,31.5,38.4,68,2.6,11.1,151,51,2.1,Clear Sky,c01d,18
2026-08-29 18:30:00,12.56,31.2,38.0,70,2.4,7.7,102,37,2.1,Clear Sky,c01d,18
2026-08-29 18:45:00,6.8,30.8,37.6,72,2.2,4.2,54,24,2.0,Clear Sky,c01d,18
2026-08-29 19:00:00,2.63,30.4,37.1,74,2.0,0.8,5,11,2.0,Clear Sky,c01n,19
2026-08-29 19:15:00,0.45,30.0,36.6,76,2.0,-2.6,4,8,0.0,Clear Sky,c01n,19
2026-08-29 19:30:00,0.0,29.7,35.8,77,2.0,-6.0,2,5,0.0,Clear Sky,c01n,19
2026-08-29 19:45:00,0.0,29.3,35.1,78,2.0,-9.4,1,3,0.0,Clear Sky,c01n,19
2026-08-29 20:00:00,0.0,28.9,34.5,80,2.0,-12.8,0,0,0.0,Clear Sky,c01n,20
2026-08-29 20:15:00,0.0,28.6,33.9,81,1.9,-16.0,0,0,0.0,Clear Sky,c01n,20
2026-08-29 20:30:00,0.0,28.4,33.3,82,1.8,-19.3,0,0,0.0,Clear Sky,c01n,20
2026-08-29 20:45:00,0.0,28.1,32.8,83,1.7,-22.6,0,0,0.0,Clear Sky,c01n,20
2026-08-29 21:00:00,0.01,27.8,32.2,84,1.6,-25.8,0,0,0.0,Clear Sky,c01n,21
2026-08-29 21:15:00,0.0,27.7,31.9,84,1.6,-28.9,0,0,0.0,Clear Sky,c01n,21
2026-08-29 21:30:00,0.0,27.6,31.7,84,1.6,-32.0,0,0,0.0,Clear Sky,c01n,21
2026-08-29 21:45:00,0.0,27.5,31.4,84,1.6,-35.0,0,0,0.0,Clear Sky,c01n,21
2026-08-29 22:00:00,0.0,27.4,31.1,84,1.6,-38.1,0,0,0.0,Clear Sky,c01n,22
2026-08-29 22:15:00,0.0,27.2,30.8,85,1.6,-40.7,0,0,0.0,Clear Sky,c01n,22
2026-08-29 22:30:00,0.0,27.1,30.5,86,1.6,-43.4,0,0,0.0,Clear Sky,c01n,22
2026-08-29 22:45:00,0.0,26.9,30.1,87,1.6,-46.1,0,0,0.0,Clear Sky,c01n,22
2026-08-29 23:00:00,0.0,26.7,29.7,88,1.6,-48.7,0,0,0.0,Clear Sky,c01n,23
2026-08-29 23:15:00,0.0,26.6,27.6,88,1.6,-50.6,0,0,0.0,Clear Sky,c01n,23
2026-08-29 23:30:00,0.0,26.5,27.5,88,1.6,-52.5,0,0,0.0,Clear Sky,c01n,23
2026-08-29 23:45:00,0.0,26.4,27.4,88,1.6,-54.4,0,0,0.0,Clear Sky,c01n,23
2026-08-30 00:00:00,0.0,26.3,27.3,88,1.6,-56.2,0,0,0.0,Clear Sky,c01n,0
2026-08-30 00:15:00,0.0,26.2,27.2,90,1.6,-56.7,0,0,0.0,Few clouds,c02n,0
2026-08-30 00:30:00,0.0,26.1,27.1,91,1.6,-57.2,0,0,0.0,Few clouds,c02n,0
2026-08-30 00:45:00,0.01,26.0,27.1,92,1.6,-57.7,0,0,0.0,Few clouds,c02n,0
2026-08-30 01:00:00,0.0,25.9,27.0,94,1.6,-58.2,0,0,0.0,Few clouds,c02n,1
2026-08-30 01:15:00,0.0,25.8,26.9,94,1.7,-57.1,0,0,0.0,Few clouds,c02n,1
2026-08-30 01:30:00,0.0,25.8,26.9,95,1.8,-56.0,0,0,0.0,Few clouds,c02n,1
2026-08-30 01:45:00,0.0,25.7,26.8,96,1.9,-54.9,0,0,0.0,Few clouds,c02n,1
2026-08-30 02:00:00,0.0,25.6,26.7,96,2.0,-53.8,0,0,0.0,Few clouds,c02n,2
2026-08-30 02:15:00,0.0,25.5,26.6,96,2.0,-51.6,0,0,0.0,Few clouds,c02n,2
2026-08-30 02:30:00,0.0,25.4,26.5,96,2.0,-49.3,0,0,0.0,Few clouds,c02n,2
2026-08-30 02:45:00,0.0,25.3,26.4,96,2.0,-47.1,0,0,0.0,Few clouds,c02n,2
2026-08-30 03:00:00,0.0,25.2,26.3,96,2.0,-44.8,0,0,0.0,Few clouds,c02n,3
2026-08-30 03:15:00,0.0,25.2,26.3,96,2.1,-41.9,0,0,0.0,Scattered clouds,c02n,3
2026-08-30 03:30:00,0.0,25.2,26.3,96,2.2,-39.1,0,0,0.0,Scattered clouds,c02n,3
2026-08-30 03:45:00,0.0,25.2,26.3,96,2.3,-36.2,0,0,0.0,Broken clouds,c03n,3
2026-08-30 04:00:00,0.0,25.2,26.3,96,2.4,-33.4,0,0,0.0,Broken clouds,c03n,4
2026-08-30 04:15:00,0.0,25.2,26.3,96,2.3,-30.2,0,0,0.0,Broken clouds,c03n,4
2026-08-30 04:30:00,0.0,25.2,26.3,96,2.2,-27.1,0,0,0.0,Broken clouds,c03n,4
2026-08-30 04:45:00,0.0,25.2,26.3,96,2.1,-23.9,0,0,0.0,Scattered clouds,c02n,4
2026-08-30 05:00:00,0.0,25.2,26.3,96,2.0,-20.7,0,0,0.0,Scattered clouds,c02n,5
2026-08-30 05:15:00,0.0,25.3,26.4,96,2.0,-17.4,0,0,0.0,Broken clouds,c03n,5
2026-08-30 05:30:00,0.0,25.4,26.5,95,2.0,-14.1,0,0,0.0,Broken clouds,c03n,5
2026-08-30 05:45:00,0.0,25.5,26.6,94,2.0,-10.8,0,0,0.0,Overcast clouds,c04n,5
2026-08-30 06:00:00,0.0,25.6,26.7,94,2.0,-7.5,0,0,0.0,Overcast clouds,c04n,6
2026-08-30 06:15:00,0.0,25.6,26.6,92,2.4,-4.0,17,10,0.0,Overcast clouds,c04n,6
2026-08-30 06:30:00,0.21,25.6,26.5,89,2.8,-0.6,33,19,0.0,Overcast clouds,c04n,6
2026-08-30 06:45:00,2.58,25.6,26.5,86,3.2,2.8,50,29,0.6,Overcast clouds,c04n,6
2026-08-30 07:00:00,4.14,25.6,26.4,84,3.6,6.2,66,39,0.6,Drizzle,d02d,7
2026-08-30 07:15:00,9.09,25.6,26.4,83,3.7,9.6,123,48,0.7,Overcast clouds,c04d,7
2026-08-30 07:30:00,7.48,25.6,26.4,82,3.8,13.1,181,57,0.7,Overcast clouds,c04d,7
2026-08-30 07:45:00,8.32,25.6,26.3,81,3.9,16.5,238,66,0.8,Overcast clouds,c04d,7
2026-08-30 08:00:00,18.44,25.6,26.3,80,4.0,20.0,295,76,0.8,Overcast clouds,c04d,8
2026-08-30 08:15:00,45.81,25.7,26.4,80,3.8,23.4,355,81,1.0,Overcast clouds,c04d,8
2026-08-30 08:30:00,49.57,25.8,26.5,80,3.6,26.9,414,86,1.1,Overcast clouds,c04d,8
2026-08-30 08:45:00,60.96,25.8,26.6,80,3.4,30.4,474,92,1.3,Overcast clouds,c04d,8
2026-08-30 09:00:00,50.31,25.9,26.6,80,3.2,33.8,534,97,1.5,Overcast clouds,c04d,9
2026-08-30 09:15:00,42.31,26.2,26.9,80,3.3,37.2,587,100,2.0,Overcast clouds,c04d,9
2026-08-30 09:30:00,44.47,26.5,27.2,79,3.4,40.7,640,104,2.4,Overcast clouds,c04d,9
2026-08-30 09:45:00,30.83,26.7,29.0,78,3.5,44.1,693,107,3.0,Broken clouds,c03d,9
2026-08-30 10:00:00,126.16,27.0,29.6,78,3.6,47.5,746,111,3.6,Broken clouds,c03d,10
2026-08-30 10:15:00,100.07,27.3,30.0,77,3.8,50.8,787,113,3.8,Broken clouds,c03d,10
2026-08-30 10:30:00,55.54,27.6,30.5,76,4.0,54.1,828,115,4.0,Broken clouds,c03d,10
2026-08-30 10:45:00,113.43,27.8,31.1,76,4.2,57.4,868,118,4.1,Overcast clouds,c04d,10
2026-08-30 11:00:00,104.76,28.1,31.6,75,4.4,60.7,909,120,4.2,Overcast clouds,c04d,11
2026-08-30 11:15:00,57.01,28.1,31.6,75,4.5,63.6,933,121,4.1,Overcast clouds,c04d,11
2026-08-30 11:30:00,26.51,28.1,31.6,75,4.6,66.4,957,122,4.1,Overcast clouds,c04d,11
2026-08-30 11:45:00,21.52,28.1,31.6,75,4.7,69.2,982,123,3.9,Overcast clouds,c04d,11
2026-08-30 12:00:00,22.74,28.1,31.6,75,4.8,72.1,1006,125,3.8,Overcast clouds,c04d,12
2026-08-30 12:15:00,21.01,27.8,31.1,76,5.2,73.1,1011,125,3.8,Overcast clouds,c04d,12
2026-08-30 12:30:00,26.31,27.6,30.8,78,5.6,74.0,1017,125,3.8,Overcast clouds,c04d,12
2026-08-30 12:45:00,26.9,27.3,30.3,79,6.0,75.0,1023,125,3.8,Drizzle,d02d,12
2026-08-30 13:00:00,24.85,27.0,29.7,80,6.4,75.9,1029,126,3.8,Light rain,r01d,13
2026-08-30 13:15:00,49.41,26.7,29.3,82,6.9,73.9,1015,125,3.8,Light rain,r01d,13
2026-08-30 13:30:00,0.02,26.5,27.3,83,7.4,71.9,1002,124,3.8,Light rain,r01d,13
2026-08-30 13:45:00,30.26,26.2,27.0,84,7.9,69.9,988,124,3.7,Light rain,r01d,13
2026-08-30 14:00:00,17.8,25.9,26.8,86,8.4,67.9,975,123,3.7,Moderate rain,r02d,14
2026-08-30 14:15:00,23.37,25.8,26.7,86,8.4,64.8,944,121,3.4,Light rain,r01d,14
2026-08-30 14:30:00,16.34,25.8,26.6,86,8.4,61.7,912,120,3.1,Light rain,r01d,14
2026-08-30 14:45:00,17.1,25.7,26.5,86,8.4,58.6,881,118,2.8,Light rain,r01d,14
2026-08-30 15:00:00,15.83,25.6,26.5,86,8.4,55.5,850,117,2.5,Light rain,r01d,15
2026-08-30 15:15:00,15.42,25.4,26.3,87,8.0,52.1,804,114,2.3,Light rain,r01d,15
2026-08-30 15:30:00,21.0,25.2,26.1,88,7.6,48.7,757,111,2.1,Light rain,r01d,15
2026-08-30 15:45:00,24.93,25.0,25.9,88,7.2,45.3,711,109,1.9,Drizzle,d02d,15
2026-08-30 16:00:00,11.7,24.8,25.7,89,6.8,42.0,665,106,1.7,Overcast clouds,c04d,16
2026-08-30 16:15:00,13.4,24.8,25.7,90,6.6,38.5,608,102,1.5,Overcast clouds,c04d,16
2026-08-30 16:30:00,16.87,24.8,25.7,90,6.4,35.1,552,98,1.3,Drizzle,d02d,16
2026-08-30 16:45:00,15.4,24.8,25.7,90,6.2,31.6,495,94,1.1,Drizzle,d02d,16
2026-08-30 17:00:00,15.07,24.8,25.7,91,6.0,28.2,438,89,1.0,Light rain,r01d,17
2026-08-30 17:15:00,21.16,24.7,25.6,92,5.8,24.7,378,83,0.9,Light rain,r01d,17
2026-08-30 17:30:00,12.57,24.6,25.5,92,5.6,21.3,317,76,0.8,Light rain,r01d,17
2026-08-30 17:45:00,7.23,24.5,25.4,93,5.4,17.8,257,70,0.8,Drizzle,d02d,17
2026-08-30 18:00:00,4.41,24.4,25.3,94,5.2,14.3,197,64,0.7,Drizzle,d02d,18
2026-08-30 18:15:00,7.94,24.4,25.3,93,5.1,10.9,148,50,0.7,Overcast clouds,c04d,18
2026-08-30 18:30:00,6.88,24.4,25.3,92,5.0,7.5,100,36,0.7,Overcast clouds,c04d,18
2026-08-30 18:45:00,4.37,24.4,25.3,92,4.9,4.0,52,23,0.6,Overcast clouds,c04d,18
2026-08-30 19:00:00,0.37,24.4,25.3,91,4.8,0.6,3,9,0.6,Overcast clouds,c04n,19
2026-08-30 19:15:00,0.05,24.3,25.2,92,4.6,-2.8,3,7,0.0,Overcast clouds,c04n,19
2026-08-30 19:30:00,0.02,24.3,25.1,92,4.4,-6.2,2,5,0.0,Overcast clouds,c04n,19
2026-08-30 19:45:00,0.0,24.2,25.1,93,4.2,-9.6,1,2,0.0,Overcast clouds,c04n,19
2026-08-30 20:00:00,0.0,24.1,25.0,94,4.0,-13.0,0,0,0.0,Overcast clouds,c04n,20
2026-08-30 20:15:00,0.0,24.1,25.0,93,4.1,-16.2,0,0,0.0,Overcast clouds,c04n,20
2026-08-30 20:30:00,0.0,24.1,25.0,92,4.2,-19.5,0,0,0.0,Overcast clouds,c04n,20
2026-08-30 20:45:00,0.0,24.1,25.0,92,4.3,-22.8,0,0,0.0,Overcast clouds,c04n,20
2026-08-30 21:00:00,0.0,24.1,24.9,91,4.4,-26.1,0,0,0.0,Overcast clouds,c04n,21
2026-08-30 21:15:00,0.0,24.2,25.0,90,4.3,-29.1,0,0,0.0,Overcast clouds,c04n,21
2026-08-30 21:30:00,0.0,24.3,25.1,90,4.2,-32.2,0,0,0.0,Overcast clouds,c04n,21
2026-08-30 21:45:00,0.01,24.3,25.2,90,4.1,-35.3,0,0,0.0,Overcast clouds,c04n,21
2026-08-30 22:00:00,0.01,24.4,25.2,89,4.0,-38.4,0,0,0.0,Overcast clouds,c04n,22
2026-08-30 22:15:00,0.0,24.4,25.2,89,3.9,-41.0,0,0,0.0,Overcast clouds,c04n,22
2026-08-30 22:30:00,0.01,24.4,25.2,89,3.8,-43.7,0,0,0.0,Overcast clouds,c04n,22
2026-08-30 22:45:00,0.01,24.4,25.2,89,3.7,-46.4,0,0,0.0,Overcast clouds,c04n,22
2026-08-30 23:00:00,0.01,24.4,25.2,89,3.6,-49.1,0,0,0.0,Overcast clouds,c04n,23
2026-08-30 23:15:00,0.01,24.3,25.2,90,3.6,-51.0,0,0,0.0,Overcast clouds,c04n,23
2026-08-30 23:30:00,0.0,24.3,25.1,90,3.6,-52.8,0,0,0.0,Overcast clouds,c04n,23
2026-08-30 23:45:00,0.0,24.2,25.0,90,3.6,-54.7,0,0,0.0,Overcast clouds,c04n,23
2026-08-31 00:00:00,0.0,24.1,24.9,91,3.6,-56.6,0,0,0.0,Overcast clouds,c04n,0
2026-08-31 00:15:00,0.01,24.3,25.1,89,3.8,-57.1,0,0,0.0,Overcast clouds,c04n,0
2026-08-31 00:30:00,0.01,24.5,25.2,88,4.0,-57.6,0,0,0.0,Overcast clouds,c04n,0
2026-08-31 00:45:00,0.01,24.6,25.4,86,4.2,-58.1,0,0,0.0,Overcast clouds,c04n,0
2026-08-31 01:00:00,0.01,24.8,25.5,84,4.4,-58.6,0,0,0.0,Overcast clouds,c04n,1
2026-08-31 01:15:00,0.01,24.8,25.5,84,4.7,-57.5,0,0,0.0,Overcast clouds,c04n,1
2026-08-31 01:30:00,0.0,24.8,25.5,83,5.0,-56.3,0,0,0.0,Overcast clouds,c04n,1
2026-08-31 01:45:00,0.01,24.8,25.5,82,5.3,-55.2,0,0,0.0,Overcast clouds,c04n,1
2026-08-31 02:00:00,0.01,24.8,25.5,82,5.6,-54.1,0,0,0.0,Overcast clouds,c04n,2
2026-08-31 02:15:00,0.01,24.7,25.4,82,5.3,-51.8,0,0,0.0,Overcast clouds,c04n,2
2026-08-31 02:30:00,0.01,24.6,25.3,83,5.0,-49.5,0,0,0.0,Overcast clouds,c04n,2
2026-08-31 02:45:00,0.0,24.5,25.2,84,4.7,-47.3,0,0,0.0,Overcast clouds,c04n,2
2026-08-31 03:00:00,0.01,24.4,25.1,84,4.4,-45.0,0,0,0.0,Overcast clouds,c04n,3
2026-08-31 03:15:00,0.01,24.4,25.1,84,4.4,-42.1,0,0,0.0,Broken clouds,c03n,3
2026-08-31 03:30:00,0.0,24.4,25.1,83,4.4,-39.3,0,0,0.0,Broken clouds,c03n,3
2026-08-31 03:45:00,0.0,24.4,25.0,82,4.4,-36.4,0,0,0.0,Broken clouds,c03n,3
2026-08-31 04:00:00,0.0,24.4,25.0,82,4.4,-33.5,0,0,0.0,Scattered clouds,c02n,4
2026-08-31 04:15:00,0.0,24.3,25.0,82,4.4,-30.4,0,0,0.0,Broken clouds,c03n,4
2026-08-31 04:30:00,0.0,24.3,24.9,82,4.4,-27.2,0,0,0.0,Broken clouds,c03n,4
2026-08-31 04:45:00,0.0,24.2,24.8,82,4.4,-24.0,0,0,0.0,Broken clouds,c03n,4
2026-08-31 05:00:00,0.01,24.1,24.7,82,4.4,-20.8,0,0,0.0,Overcast clouds,c04n,5
2026-08-31 05:15:00,0.01,24.1,24.7,82,4.3,-17.5,0,0,0.0,Overcast clouds,c04n,5
2026-08-31 05:30:00,0.0,24.1,24.7,82,4.2,-14.2,0,0,0.0,Overcast clouds,c04n,5
2026-08-31 05:45:00,0.01,24.1,24.7,82,4.1,-10.9,0,0,0.0,Overcast clouds,c04n,5
2026-08-31 06:00:00,0.0,24.1,24.7,82,4.0,-7.5,0,0,0.0,Overcast clouds,c04n,6
2026-08-31 06:15:00,0.03,24.1,24.7,82,4.0,-4.1,16,10,0.0,Broken clouds,c03n,6
2026-08-31 06:30:00,0.94,24.1,24.7,83,4.0,-0.7,33,19,0.0,Scattered clouds,c02n,6
2026-08-31 06:45:00,3.72,24.1,24.8,84,4.0,2.7,49,29,1.7,Scattered clouds,c02n,6
2026-08-31 07:00:00,9.65,24.1,24.8,84,4.0,6.1,66,39,1.9,Few clouds,c02d,7
2026-08-31 07:15:00,19.59,24.4,25.1,84,4.0,9.6,123,48,2.0,Few clouds,c02d,7
2026-08-31 07:30:00,13.3,24.7,25.3,83,4.0,13.0,180,57,2.1,Few clouds,c02d,7
2026-08-31 07:45:00,53.44,24.9,25.6,82,4.0,16.5,237,66,2.2,Few clouds,c02d,7
2026-08-31 08:00:00,87.39,25.2,25.9,82,4.0,19.9,294,76,2.4,Few clouds,c02d,8
2026-08-31 08:15:00,88.22,25.4,26.1,81,4.2,23.4,354,81,2.4,Scattered clouds,c02d,8
2026-08-31 08:30:00,95.75,25.6,26.2,80,4.4,26.8,414,86,2.4,Scattered clouds,c02d,8
2026-08-31 08:45:00,123.58,25.7,26.4,79,4.6,30.3,473,92,2.4,Broken clouds,c03d,8
2026-08-31 09:00:00,87.08,25.9,26.6,78,4.8,33.8,533,97,2.3,Broken clouds,c03d,9
2026-08-31 09:15:00,59.55,26.1,26.8,78,5.0,37.2,586,100,2.4,Broken clouds,c03d,9
2026-08-31 09:30:00,91.38,26.3,27.0,78,5.2,40.6,640,104,2.6,Overcast clouds,c04d,9
2026-08-31 09:45:00,140.64,26.5,27.2,77,5.4,44.0,693,107,2.6,Overcast clouds,c04d,9
2026-08-31 10:00:00,120.65,26.7,28.9,77,5.6,47.4,746,111,2.7,Overcast clouds,c04d,10
2026-08-31 10:15:00,106.57,26.7,28.9,77,6.1,50.7,786,113,2.9,Overcast clouds,c04d,10
2026-08-31 10:30:00,81.47,26.7,28.9,78,6.6,54.0,827,115,3.0,Overcast clouds,c04d,10
2026-08-31 10:45:00,83.74,26.7,28.9,78,7.1,57.3,867,118,3.1,Overcast clouds,c04d,10
2026-08-31 11:00:00,102.08,26.7,28.9,78,7.6,60.6,908,120,3.3,Overcast clouds,c04d,11
2026-08-31 11:15:00,113.8,26.6,27.4,79,7.8,63.4,932,121,3.4,Overcast clouds,c04d,11
2026-08-31 11:30:00,208.44,26.5,27.3,80,8.0,66.2,956,122,3.5,Overcast clouds,c04d,11
2026-08-31 11:45:00,124.66,26.4,27.2,81,8.2,69.0,981,123,3.5,Overcast clouds,c04d,11
2026-08-31 12:00:00,129.64,26.3,27.1,82,8.4,71.9,1005,125,3.6,Overcast clouds,c04d,12
2026-08-31 12:15:00,123.8,26.2,27.0,82,8.0,72.8,1010,125,3.6,Overcast clouds,c04d,12
2026-08-31 12:30:00,30.55,26.1,26.9,83,7.6,73.7,1016,125,3.6,Overcast clouds,c04d,12
2026-08-31 12:45:00,76.56,26.0,26.8,84,7.2,74.6,1021,125,3.6,Overcast clouds,c04d,12
2026-08-31 13:00:00,34.4,25.9,26.7,84,6.8,75.6,1027,126,3.6,Overcast clouds,c04d,13
2026-08-31 13:15:00,19.63,25.9,26.7,84,6.4,73.6,1014,125,3.5,Overcast clouds,c04d,13
2026-08-31 13:30:00,9.7,25.9,26.8,85,6.0,71.6,1000,124,3.5,Overcast clouds,c04d,13
2026-08-31 13:45:00,64.39,25.9,26.8,86,5.6,69.6,987,124,3.4,Overcast clouds,c04d,13
2026-08-31 14:00:00,64.32,25.9,26.8,86,5.2,67.6,973,123,3.3,Overcast clouds,c04d,14
2026-08-31 14:15:00,56.09,26.0,26.9,86,4.8,64.5,942,121,3.2,Overcast clouds,c04d,14
2026-08-31 14:30:00,0.0,26.1,27.0,86,4.4,61.4,910,120,3.1,Overcast clouds,c04d,14
2026-08-31 14:45:00,24.32,26.2,27.1,86,4.0,58.3,879,118,2.9,Overcast clouds,c04d,14
2026-08-31 15:00:00,18.75,26.3,27.2,86,3.6,55.2,848,117,2.8,Overcast clouds,c04d,15
2026-08-31 15:15:00,15.3,26.4,27.3,86,3.5,51.8,801,114,2.5,Overcast clouds,c04d,15
2026-08-31 15:30:00,33.51,26.5,27.4,85,3.4,48.5,755,111,2.3,Overcast clouds,c04d,15
2026-08-31 15:45:00,0.0,26.6,27.5,84,3.3,45.1,708,108,2.1,Overcast clouds,c04d,15
2026-08-31 16:00:00,62.13,26.7,29.4,84,3.2,41.8,662,106,1.9,Overcast clouds,c04d,16
2026-08-31 16:15:00,34.29,26.7,29.4,84,3.3,38.3,605,102,1.7,Overcast clouds,c04d,16
2026-08-31 16:30:00,50.68,26.7,29.3,83,3.4,34.9,548,97,1.4,Overcast clouds,c04d,16
2026-08-31 16:45:00,28.03,26.7,29.2,82,3.5,31.4,492,93,1.2,Overcast clouds,c04d,16
2026-08-31 17:00:00,25.36,26.7,29.2,82,3.6,28.0,435,89,1.1,Overcast clouds,c04d,17
2026-08-31 17:15:00,13.76,26.6,27.5,82,3.5,24.5,375,83,1.0,Overcast clouds,c04d,17
2026-08-31 17:30:00,2.61,26.5,27.4,83,3.4,21.1,314,76,0.9,Overcast clouds,c04d,17
2026-08-31 17:45:00,5.05,26.4,27.3,84,3.3,17.6,254,70,0.8,Overcast clouds,c04d,17
2026-08-31 18:00:00,7.68,26.3,27.2,84,3.2,14.1,193,63,0.7,Overcast clouds,c04d,18
2026-08-31 18:15:00,6.21,26.3,27.2,84,2.9,10.7,146,49,0.7,Overcast clouds,c04d,18
2026-08-31 18:30:00,5.83,26.3,27.2,83,2.6,7.2,98,35,0.8,Overcast clouds,c04d,18
2026-08-31 18:45:00,2.96,26.3,27.1,82,2.3,3.8,50,21,0.8,Overcast clouds,c04n,18
2026-08-31 19:00:00,1.14,26.3,27.1,82,2.0,0.4,2,8,0.9,Overcast clouds,c04n,19
2026-08-31 19:15:00,0.11,26.2,27.0,82,2.2,-3.0,2,6,0.0,Overcast clouds,c04n,19
2026-08-31 19:30:00,0.0,26.1,26.9,81,2.4,-6.4,1,4,0.0,Overcast clouds,c04n,19
2026-08-31 19:45:00,0.0,26.0,26.7,80,2.6,-9.8,1,2,0.0,Overcast clouds,c04n,19
2026-08-31 20:00:00,0.0,25.9,26.6,80,2.8,-13.2,0,0,0.0,Overcast clouds,c04n,20
2026-08-31 20:15:00,0.01,25.9,26.6,79,3.0,-16.5,0,0,0.0,Overcast clouds,c04n,20
2026-08-31 20:30:00,0.01,25.9,26.6,78,3.2,-19.8,0,0,0.0,Overcast clouds,c04n,20
2026-08-31 20:45:00,0.0,25.9,26.5,76,3.4,-23.0,0,0,0.0,Broken clouds,c03n,20
2026-08-31 21:00:00,0.0,25.9,26.5,75,3.6,-26.3,0,0,0.0,Broken clouds,c03n,21
2026-08-31 21:15:00,0.0,25.8,26.4,74,3.6,-29.4,0,0,0.0,Broken clouds,c03n,21
2026-08-31 21:30:00,0.0,25.8,26.3,73,3.6,-32.5,0,0,0.0,Broken clouds,c03n,21
2026-08-31 21:45:00,0.0,25.7,26.2,72,3.6,-35.6,0,0,0.0,Scattered clouds,c02n,21
2026-08-31 22:00:00,0.0,25.6,26.1,71,3.6,-38.6,0,0,0.0,Scattered clouds,c02n,22
2026-08-31 22:15:00,0.0,25.5,26.0,71,3.5,-41.3,0,0,0.0,Scattered clouds,c02n,22
2026-08-31 22:30:00,0.0,25.4,25.8,71,3.4,-44.0,0,0,0.0,Few clouds,c02n,22
2026-08-31 22:45:00,0.0,25.3,25.7,71,3.3,-46.7,0,0,0.0,Few clouds,c02n,22
2026-08-31 23:00:00,0.01,25.2,25.6,71,3.2,-49.4,0,0,0.0,Few clouds,c02n,23
2026-08-31 23:15:00,0.01,25.1,25.5,72,3.1,-51.3,0,0,0.0,Few clouds,c02n,23
2026-08-31 23:30:00,0.01,25.0,25.4,72,3.0,-53.2,0,0,0.0,Few clouds,c02n,23
2026-08-31 23:45:00,0.01,24.9,25.3,72,2.9,-55.1,0,0,0.0,Few clouds,c02n,23
