timestamp,power_kw,temperature_c,apparent_temperature_c,relative_humidity_pct,dew_point_c,pressure_hpa,wind_speed_ms,wind_dir_deg,wind_gust_ms,visibility_km,cloud_cover_pct,solar_altitude_deg,solar_azimuth_deg,ghi,dhi,solar_radiation_wm2,uv,precip_rate_mmhr,snow_rate_mmhr,part_of_day,weather_code,weather_description,weather_icon,hour_of_day
2026/6/9 0:00,0,23.3,23.6,74,18.4,997,4,360,8,10,100,-43.1,345.3,0,0,0,0,0,0,n,804,Overcast clouds,c04n,0
2026/6/9 0:15,0,23.2,23.5,74,18.3,997,4,360,8,12,100,-43.4,260,0,0,0,0,0,0,n,804,Overcast clouds,c04n,0
2026/6/9 0:30,0,23.2,23.5,74,18.3,997,4,359,8,10,100,-43.7,174.8,0,0,0,0,0,0,n,804,Overcast clouds,c04n,0
2026/6/9 0:45,0,23.1,23.3,73,18,997,4,358,8,10,100,-44,89.6,0,0,0,0,0.25,0,n,804,Overcast clouds,c04n,0
2026/6/9 1:00,0,23,23.3,73,17.9,997,4,358,8,12,100,-44.4,4.4,0,0,0,0,0.5,0,n,301,Drizzle,d02n,1
2026/6/9 1:15,0,23,23.3,73,17.9,997,4,358,7.8,12,100,-43.5,8.9,0,0,0,0,0.25,0,n,804,Overcast clouds,c04n,1
2026/6/9 1:30,0,23,23.3,73,17.9,997,4,357,7.6,10,100,-42.7,13.5,0,0,0,0,0,0,n,804,Overcast clouds,c04n,1
2026/6/9 1:45,0,23,23.3,73,17.9,997,4,356,7.4,10,100,-41.9,18.1,0,0,0,0,0,0,n,804,Overcast clouds,c04n,1
2026/6/9 2:00,0,23,23.3,73,17.9,997,4,356,7.2,10,100,-41.1,22.7,0,0,0,0,0,0,n,804,Overcast clouds,c04n,2
2026/6/9 2:15,0,23.1,23.3,72,17.8,997,3.8,356,7.1,12,100,-39.3,26.4,0,0,0,0,0,0,n,804,Overcast clouds,c04n,2
2026/6/9 2:30,0,23.2,23.4,72,17.8,997,3.6,356,7,10,100,-37.6,30.2,0,0,0,0,0,0,n,804,Overcast clouds,c04n,2
2026/6/9 2:45,0,23.2,23.5,72,17.9,997,3.4,356,6.9,10,100,-35.8,33.9,0,0,0,0,0,0,n,804,Overcast clouds,c04n,2
2026/6/9 3:00,0,23.3,23.5,71,17.7,997,3.2,356,6.8,12,100,-34.1,37.7,0,0,0,0,0,0,n,804,Overcast clouds,c04n,3
2026/6/9 3:15,0,23.1,23.4,72,17.8,997,3.2,355,6.7,12,100,-31.7,40.6,0,0,0,0,0,0,n,804,Overcast clouds,c04n,3
2026/6/9 3:30,0,23,23.2,72,17.6,997,3.2,354,6.6,10,100,-29.3,43.4,0,0,0,0,0,0,n,804,Overcast clouds,c04n,3
2026/6/9 3:45,0,22.8,23,72,17.5,997,3.2,353,6.5,10,99,-26.9,46.3,0,0,0,0,0,0,n,804,Overcast clouds,c04n,3
2026/6/9 4:00,0,22.6,22.8,73,17.5,997,3.2,352,6.4,10,99,-24.5,49.2,0,0,0,0,0,0,n,804,Overcast clouds,c04n,4
2026/6/9 4:15,0,22.6,22.8,73,17.5,997,3.3,352,6.5,12,98,-21.7,51.3,0,0,0,0,0,0,n,804,Overcast clouds,c04n,4
2026/6/9 4:30,0,22.6,22.8,73,17.5,997,3.4,351,6.6,13,98,-18.9,53.5,0,0,0,0,0,0,n,804,Overcast clouds,c04n,4
2026/6/9 4:45,0,22.6,22.8,73,17.5,997,3.5,350,6.7,13,97,-16.2,55.6,0,0,0,0,0,0,n,804,Overcast clouds,c04n,4
2026/6/9 5:00,0,22.6,22.8,73,17.5,997,3.6,350,6.8,14,96,-13.4,57.8,0,0,0,0,0,0,n,804,Overcast clouds,c04n,5
2026/6/9 5:15,0,22.7,22.9,73,17.6,997,3.5,348,6.8,14,94,-10.3,59.5,0,0,0,0,0,0,n,804,Overcast clouds,c04n,5
2026/6/9 5:30,0,22.8,23,73,17.7,997,3.4,347,6.8,10,93,-7.3,61.1,0,0,0,0,0,0,n,804,Overcast clouds,c04n,5
2026/6/9 5:45,0,22.9,23.2,73,17.8,997,3.3,346,6.8,10,92,-4.3,62.8,0,0,0,0,0,0,n,804,Overcast clouds,c04n,5
2026/6/9 6:00,0.54,23,23.3,73,17.9,997,3.2,344,6.8,12,90,-1.2,64.5,0,0,0,0,0,0,n,804,Overcast clouds,c04n,6
2026/6/9 6:15,3.25,23,23.3,73,17.9,997,3.4,344,6.9,12,87,2,65.8,37,14,14,0.8,0,0,d,804,Overcast clouds,c04n,6
2026/6/9 6:30,9.25,23,23.3,74,18.1,997,3.6,344,7,10,84,5.1,67.1,74,28,34,0.9,0,0,d,804,Overcast clouds,c04d,6
2026/6/9 6:45,23.63,23,23.3,74,18.1,997,3.8,344,7.1,10,80,8.3,68.4,111,42,59,0.9,0,0,d,804,Overcast clouds,c04d,6
2026/6/9 7:00,35.49,23,23.3,74,18.1,997,4,344,7.2,10,77,11.5,69.8,148,56,86,1,0,0,d,804,Overcast clouds,c04d,7
2026/6/9 7:15,49.12,23.1,23.4,74,18.2,998,4,345,7.5,12,79,14.8,70.9,204,62,111,1,0,0,d,804,Overcast clouds,c04d,7
2026/6/9 7:30,59.82,23.2,23.5,74,18.3,998,4,346,7.8,13,80,18.1,72,260,69,137,1.1,0,0,d,804,Overcast clouds,c04d,7
2026/6/9 7:45,78.71,23.2,23.5,73,18.1,999,4,347,8.1,13,82,21.4,73,317,76,156,1.1,0,0,d,804,Overcast clouds,c04d,7
2026/6/9 8:00,106.39,23.3,23.6,73,18.2,999,4,348,8.4,13,84,24.7,74.1,373,83,169,1.2,0,0,d,804,Overcast clouds,c04d,8
2026/6/9 8:15,0,23.4,23.7,73,18.3,999,4.1,349,8.6,14,84,28,75.1,429,87,194,1.4,0,0,d,804,Overcast clouds,c04d,8
2026/6/9 8:30,0,23.5,23.8,73,18.4,999,4.2,350,8.8,10,83,31.4,76,485,92,229,1.6,0,0,d,804,Overcast clouds,c04d,8
2026/6/9 8:45,0,23.6,23.9,73,18.5,999,4.3,351,9,10,82,34.8,76.9,541,96,266,1.8,0,0,d,804,Overcast clouds,c04d,8
2026/6/9 9:00,0,23.7,24,73,18.6,999,4.4,352,9.2,12,82,38.1,77.9,598,101,293,2,0,0,d,804,Overcast clouds,c04d,9
2026/6/9 9:15,0,24.3,24.6,71,18.7,999,4.4,353,9.2,12,76,41.5,78.7,647,104,385,2.5,0,0,d,804,Overcast clouds,c04d,9
2026/6/9 9:30,0,24.8,25.1,69,18.7,999,4.4,354,9.2,13,70,44.9,79.5,696,107,474,3,0,0,d,803,Broken clouds,c03d,9
2026/6/9 9:45,0,25.4,25.7,67,18.8,999,4.4,355,9.2,13,64,48.3,80.3,745,110,560,3.6,0,0,d,803,Broken clouds,c03d,9
2026/6/9 10:00,0.03,25.9,26.2,65,18.8,999,4.4,356,9.2,14,58,51.7,81.1,794,113,641,4.3,0,0,d,803,Broken clouds,c03d,10
2026/6/9 10:15,0,26,26.4,65,18.9,999,4.5,356,9.2,14,58,55.2,81.8,831,115,671,4.7,0,0,d,803,Broken clouds,c03d,10
2026/6/9 10:30,0.02,26.1,26.5,65,19,999,4.6,357,9.2,14,58,58.6,82.6,869,117,701,5.1,0,0,d,803,Broken clouds,c03d,10
2026/6/9 10:45,0.01,26.2,26.6,65,19.1,999,4.7,358,9.2,15,57,62,83.3,906,119,738,5.5,0,0,d,803,Broken clouds,c03d,10
2026/6/9 11:00,0.02,26.3,26.7,65,19.2,999,4.8,358,9.2,16,57,65.5,84,943,121,768,5.9,0,0,d,803,Broken clouds,c03d,11
2026/6/9 11:15,0,26.5,26.8,64,19.1,999,4.8,269,9.4,16,56,68.9,84.4,965,122,793,6.3,0,0,d,803,Broken clouds,c03d,11
2026/6/9 11:30,0,26.7,27,64,19.3,999,4.8,180,9.6,10,54,72.4,84.9,987,123,825,6.8,0,0,d,803,Broken clouds,c03d,11
2026/6/9 11:45,3.93,26.8,28.1,63,19.2,998,4.8,91,9.8,10,53,75.8,85.4,1009,124,851,7.1,0,0,d,803,Broken clouds,c03d,11
2026/6/9 12:00,3.86,27,28.2,62,19.1,998,4.8,2,10,10,52,79.3,85.9,1032,125,877,7.5,0,0,d,803,Broken clouds,c03d,12
2026/6/9 12:15,3.88,27.2,28.5,62,19.3,998,5,4,10,12,59,81.2,133.7,1036,125,826,7,0,0,d,803,Broken clouds,c03d,12
2026/6/9 12:30,3.96,27.4,28.7,61,19.2,998,5.2,6,10,10,66,83.1,181.5,1041,125,758,6.5,0,0,d,803,Broken clouds,c03d,12
2026/6/9 12:45,3.88,27.6,28.9,60,19.1,997,5.4,8,10,10,74,85,229.4,1046,125,653,5.9,0,0,d,804,Overcast clouds,c04d,12
2026/6/9 13:00,3.91,27.8,29.2,60,19.3,997,5.6,10,10,10,81,86.9,277.2,1051,126,533,5.3,0,0,d,804,Overcast clouds,c04d,13
2026/6/9 13:15,3.91,27.7,29,60,19.2,997,5.4,10,9.7,12,86,83.4,276.6,1038,125,424,4.8,0,0,d,804,Overcast clouds,c04d,13
2026/6/9 13:30,3.91,27.6,28.9,60,19.1,997,5.2,10,9.4,12,90,80,276,1026,125,327,4.4,0,0,d,804,Overcast clouds,c04d,13
2026/6/9 13:45,3.89,27.5,28.8,61,19.3,997,5,10,9.1,13,95,76.5,275.4,1013,124,194,3.9,0,0,d,804,Overcast clouds,c04d,13
2026/6/9 14:00,3.87,27.4,28.7,61,19.2,997,4.8,10,8.8,14,100,73.1,274.8,1000,123,168,3.4,0,0,d,804,Overcast clouds,c04d,14
2026/6/9 14:15,3.81,27.4,28.7,61,19.2,997,4.6,10,8.6,14,100,69.6,275.4,971,122,166,3.2,0,0,d,804,Overcast clouds,c04d,14
2026/6/9 14:30,3.87,27.4,28.7,61,19.2,997,4.4,9,8.4,15,100,66.2,276,942,120,162,3,0,0,d,804,Overcast clouds,c04d,14
2026/6/9 14:45,3.89,27.4,28.7,61,19.2,997,4.2,8,8.2,15,100,62.8,276.6,913,119,160,2.9,0,0,d,804,Overcast clouds,c04d,14
2026/6/9 15:00,3.92,27.4,28.7,61,19.2,997,4,8,8,16,100,59.3,277.3,883,118,158,2.7,0,0,d,804,Overcast clouds,c04d,15
2026/6/9 15:15,3.87,27.4,28.8,62,19.5,997,3.9,7,7.6,16,100,55.9,278,840,115,152,2.5,0,0,d,804,Overcast clouds,c04d,15
2026/6/9 15:30,23.59,27.4,28.8,62,19.5,997,3.8,6,7.2,10,100,52.5,278.8,797,113,148,2.3,0,0,d,804,Overcast clouds,c04d,15
2026/6/9 15:45,17.12,27.4,28.8,62,19.5,997,3.7,5,6.8,10,100,49.1,279.5,754,110,143,2.1,0,0,d,804,Overcast clouds,c04d,15
2026/6/9 16:00,13.06,27.4,28.9,63,19.7,997,3.6,4,6.4,10,100,45.6,280.3,711,108,138,1.9,0,0,d,804,Overcast clouds,c04d,16
2026/6/9 16:15,3.9,27.4,28.9,63,19.7,997,3.4,92,6.1,12,100,42.3,281.2,658,104,132,1.7,0,0,d,804,Overcast clouds,c04d,16
2026/6/9 16:30,3.88,27.4,29,64,20,997,3.2,181,5.8,10,100,38.9,282,605,101,126,1.5,0,0,d,804,Overcast clouds,c04d,16
2026/6/9 16:45,3.87,27.4,29,64,20,996,3,270,5.5,10,100,35.5,282.9,552,97,120,1.3,0,0,d,804,Overcast clouds,c04d,16
2026/6/9 17:00,9.74,27.4,29,64,20,996,2.8,358,5.2,12,100,32.1,283.8,499,94,115,1.2,0,0,d,804,Overcast clouds,c04d,17
2026/6/9 17:15,9.82,27.1,28.7,66,20.2,996,2.6,268,4.9,12,100,28.8,284.8,442,88,106,1,0,0,d,804,Overcast clouds,c04d,17
2026/6/9 17:30,3.87,26.9,28.5,68,20.4,997,2.4,179,4.6,10,100,25.4,285.8,385,83,98,0.9,0,0,d,804,Overcast clouds,c04d,17
2026/6/9 17:45,3.89,26.6,27.1,70,20.7,997,2.2,90,4.3,10,99,22.1,286.8,328,78,100,0.8,0,0,d,804,Overcast clouds,c04d,17
2026/6/9 18:00,3.86,26.3,26.9,72,20.8,997,2,0,4,10,99,18.8,287.8,270,72,90,0.8,0,0,d,804,Overcast clouds,c04d,18
2026/6/9 18:15,3.86,26.3,26.9,72,20.8,997,1.9,90,3.9,12,99,15.5,289,218,64,78,0.7,0,0,d,804,Overcast clouds,c04d,18
2026/6/9 18:30,14.86,26.3,26.9,72,20.8,997,1.8,179,3.8,13,100,12.3,290.1,165,55,61,0.7,0,0,d,804,Overcast clouds,c04d,18
2026/6/9 18:45,7.08,26.3,26.9,72,20.8,997,1.7,268,3.7,13,100,9,291.3,113,46,50,0.6,0,0,d,804,Overcast clouds,c04d,18
2026/6/9 19:00,3.22,26.3,26.9,72,20.8,997,1.6,358,3.6,13,100,5.8,292.5,60,37,39,0.6,0,0,d,804,Overcast clouds,c04d,19
2026/6/9 19:15,1.86,26.3,26.9,72,20.8,997,1.7,356,3.6,14,99,2.6,294,45,28,31,0.6,0,0,d,804,Overcast clouds,c04n,19
2026/6/9 19:30,0.64,26.3,26.9,72,20.8,998,1.8,355,3.6,15,98,-0.5,295.4,30,18,21,0,0,0,d,804,Overcast clouds,c04n,19
2026/6/9 19:45,0.08,26.3,26.9,72,20.8,998,1.9,354,3.6,15,98,-3.6,296.9,15,9,10,0,0,0,d,804,Overcast clouds,c04n,19
2026/6/9 20:00,0,26.3,26.9,72,20.8,998,2,352,3.6,16,97,-6.7,298.4,0,0,0,0,0,0,n,804,Overcast clouds,c04n,20
2026/6/9 20:15,0,26.2,26.8,72,20.7,998,2,352,3.7,16,97,-9.7,300.2,0,0,0,0,0,0,n,804,Overcast clouds,c04n,20
2026/6/9 20:30,0,26.1,26.6,72,20.7,999,2,351,3.8,10,97,-12.6,302.1,0,0,0,0,0,0,n,804,Overcast clouds,c04n,20
2026/6/9 20:45,0,26,26.6,73,20.8,999,2,350,3.9,10,97,-15.5,304,0,0,0,0,0,0,n,804,Overcast clouds,c04n,20
2026/6/9 21:00,0,25.9,26.5,73,20.7,999,2,350,4,10,97,-18.5,305.8,0,0,0,0,0,0,n,804,Overcast clouds,c04n,21
2026/6/9 21:15,0,25.7,26.3,74,20.7,999,2.1,350,4.1,12,97,-21.1,308.3,0,0,0,0,0,0,n,804,Overcast clouds,c04n,21
2026/6/9 21:30,0,25.6,26.1,74,20.6,999,2.2,350,4.2,13,96,-23.7,310.7,0,0,0,0,0,0,n,804,Overcast clouds,c04n,21
2026/6/9 21:45,0,25.4,25.9,75,20.6,999,2.3,350,4.3,13,96,-26.4,313.2,0,0,0,0,0,0,n,804,Overcast clouds,c04n,21
2026/6/9 22:00,0,25.2,25.8,76,20.7,999,2.4,350,4.4,14,96,-29,315.6,0,0,0,0,0,0,n,804,Overcast clouds,c04n,22
2026/6/9 22:15,0,25,25.5,76,20.5,999,2.3,349,4.3,14,96,-31.1,318.9,0,0,0,0,0,0,n,804,Overcast clouds,c04n,22
2026/6/9 22:30,0,24.8,25.3,77,20.5,1000,2.2,348,4.2,15,95,-33.3,322.1,0,0,0,0,0,0,n,804,Overcast clouds,c04n,22
2026/6/9 22:45,0,24.6,25.2,78,20.5,1000,2.1,347,4.1,15,94,-35.4,325.4,0,0,0,0,0,0,n,804,Overcast clouds,c04n,22
2026/6/9 23:00,0,24.4,24.9,78,20.3,1000,2,346,4,16,94,-37.5,328.6,0,0,0,0,0,0,n,804,Overcast clouds,c04n,23
2026/6/9 23:15,0,24.3,24.8,78,20.2,1000,2,348,3.9,10,94,-38.9,332.8,0,0,0,0,0,0,n,804,Overcast clouds,c04n,23
2026/6/9 23:30,0,24.3,24.8,78,20.2,1000,2,349,3.8,10,93,-40.3,336.9,0,0,0,0,0,0,n,804,Overcast clouds,c04n,23
2026/6/9 23:45,0,24.2,24.7,78,20.1,1000,2,350,3.7,10,92,-41.6,341.1,0,0,0,0,0,0,n,804,Overcast clouds,c04n,23
2026/6/10 0:00,0,24.1,24.6,78,20,1000,2,352,3.6,10,92,-43,345.3,0,0,0,0,0,0,n,804,Overcast clouds,c04n,0
2026/6/10 0:15,0,24,24.5,78,19.9,1000,1.9,352,3.5,12,94,-43.3,260,0,0,0,0,0,0,n,804,Overcast clouds,c04n,0
2026/6/10 0:30,0,23.9,24.4,79,20,1000,1.8,352,3.4,13,95,-43.6,174.8,0,0,0,0,0,0,n,804,Overcast clouds,c04n,0
2026/6/10 0:45,0,23.8,24.3,80,20.1,1000,1.7,352,3.3,13,96,-44,89.5,0,0,0,0,0,0,n,804,Overcast clouds,c04n,0
2026/6/10 1:00,0,23.7,24.2,80,20,1000,1.6,352,3.2,14,98,-44.3,4.3,0,0,0,0,0,0,n,804,Overcast clouds,c04n,1
2026/6/10 1:15,0,23.6,24.1,80,19.9,1000,1.6,350,3.1,14,98,-43.5,8.9,0,0,0,0,0,0,n,804,Overcast clouds,c04n,1
2026/6/10 1:30,0,23.5,24,80,19.8,1000,1.6,348,3,15,97,-42.7,13.4,0,0,0,0,0,0,n,804,Overcast clouds,c04n,1
2026/6/10 1:45,0,23.4,23.9,80,19.8,999,1.6,346,2.9,15,96,-41.8,18,0,0,0,0,0,0,n,804,Overcast clouds,c04n,1
2026/6/10 2:00,0,23.3,23.8,80,19.7,999,1.6,344,2.8,16,96,-41,22.6,0,0,0,0,0,0,n,804,Overcast clouds,c04n,2
2026/6/10 2:15,0,23.2,23.7,80,19.6,999,1.5,343,2.7,16,96,-39.3,26.3,0,0,0,0,0,0,n,804,Overcast clouds,c04n,2
2026/6/10 2:30,0,23.2,23.6,81,19.7,999,1.4,342,2.6,16,96,-37.5,30.1,0,0,0,0,0,0,n,804,Overcast clouds,c04n,2
2026/6/10 2:45,0,23.1,23.6,82,19.8,999,1.3,341,2.5,16,96,-35.8,33.8,0,0,0,0,0,0,n,804,Overcast clouds,c04n,2
2026/6/10 3:00,0,23,23.5,82,19.8,999,1.2,340,2.4,16,96,-34,37.6,0,0,0,0,0,0,n,804,Overcast clouds,c04n,3
2026/6/10 3:15,0,22.9,23.4,82,19.7,999,1.2,339,2.4,16,96,-31.7,40.5,0,0,0,0,0,0,n,804,Overcast clouds,c04n,3
2026/6/10 3:30,0,22.8,23.3,82,19.6,999,1.2,338,2.4,16,96,-29.3,43.3,0,0,0,0,0,0,n,804,Overcast clouds,c04n,3
2026/6/10 3:45,0,22.7,23.2,83,19.7,999,1.2,337,2.4,16,97,-26.9,46.2,0,0,0,0,0,0,n,804,Overcast clouds,c04n,3
2026/6/10 4:00,0,22.6,23.1,83,19.6,999,1.2,336,2.4,16,97,-24.5,49.1,0,0,0,0,0,0,n,804,Overcast clouds,c04n,4
2026/6/10 4:15,0,22.5,23,84,19.7,999,1.2,334,2.4,16,96,-21.7,51.2,0,0,0,0,0,0,n,804,Overcast clouds,c04n,4
2026/6/10 4:30,0,22.4,22.9,84,19.6,999,1.2,331,2.4,16,96,-18.9,53.4,0,0,0,0,0,0,n,804,Overcast clouds,c04n,4
2026/6/10 4:45,0,22.3,22.8,84,19.5,999,1.2,328,2.4,16,96,-16.2,55.6,0,0,0,0,0,0,n,804,Overcast clouds,c04n,4
2026/6/10 5:00,0,22.2,22.7,85,19.6,999,1.2,326,2.4,16,95,-13.4,57.7,0,0,0,0,0,0,n,804,Overcast clouds,c04n,5
2026/6/10 5:15,0,22.6,23.1,84,19.7,999,1.3,326,2.5,16,96,-10.3,59.4,0,0,0,0,0,0,n,804,Overcast clouds,c04n,5
2026/6/10 5:30,0,23,23.5,84,20.1,999,1.4,325,2.6,10,97,-7.3,61,0,0,0,0,0,0,n,804,Overcast clouds,c04n,5
2026/6/10 5:45,0.01,23.3,23.9,84,20.5,999,1.5,324,2.7,10,98,-4.3,62.7,0,0,0,0,0,0,n,804,Overcast clouds,c04n,5
2026/6/10 6:00,0.79,23.7,24.3,83,20.6,999,1.6,324,2.8,10,99,-1.3,64.4,0,0,0,0,0,0,n,804,Overcast clouds,c04n,6
2026/6/10 6:15,3.52,23.9,24.5,82,20.6,999,1.7,327,3,12,99,1.9,65.7,37,14,16,0.6,0,0,d,804,Overcast clouds,c04n,6
2026/6/10 6:30,6.6,24.1,24.6,80,20.4,1000,1.8,330,3.2,12,100,5.1,67,74,28,31,0.6,0,0,d,804,Overcast clouds,c04d,6
2026/6/10 6:45,11.21,24.2,24.8,79,20.3,1000,1.9,333,3.4,13,100,8.3,68.3,111,42,46,0.6,0,0,d,804,Overcast clouds,c04d,6
2026/6/10 7:00,14.01,24.4,24.9,78,20.3,1000,2,336,3.6,13,100,11.5,69.7,148,56,61,0.7,0,0,d,804,Overcast clouds,c04d,7
2026/6/10 7:15,27.18,24.6,25.1,77,20.3,1000,1.9,339,3.7,14,100,14.8,70.8,204,62,70,0.7,0,0,d,804,Overcast clouds,c04d,7
2026/6/10 7:30,31.57,24.8,25.3,76,20.3,1001,1.8,342,3.8,15,100,18.1,71.9,260,69,79,0.7,0,0,d,804,Overcast clouds,c04d,7
2026/6/10 7:45,34.99,25,25.5,76,20.5,1001,1.7,345,3.9,15,100,21.4,72.9,316,76,88,0.8,0,0,d,804,Overcast clouds,c04d,7
2026/6/10 8:00,36.25,25.2,25.7,75,20.5,1001,1.6,348,4,16,100,24.7,74,372,83,97,0.9,0,0,d,804,Overcast clouds,c04d,8
2026/6/10 8:15,42.79,25.3,25.8,74,20.3,1001,1.6,348,4.1,16,100,28,75,429,87,104,1,0,0,d,804,Overcast clouds,c04d,8
2026/6/10 8:30,49.82,25.4,25.9,73,20.2,1001,1.6,349,4.2,10,100,31.4,75.9,485,92,112,1.1,0,0,d,804,Overcast clouds,c04d,8
2026/6/10 8:45,39.62,25.5,26,72,20.1,1001,1.6,350,4.3,10,100,34.7,76.8,541,96,118,1.3,0,0,d,804,Overcast clouds,c04d,8
2026/6/10 9:00,37.45,25.6,26.1,71,19.9,1001,1.6,350,4.4,10,100,38.1,77.8,597,101,126,1.4,0,0,d,804,Overcast clouds,c04d,9
2026/6/10 9:15,46.1,26.2,26.7,68,19.8,1001,1.6,350,4.5,12,100,41.5,78.6,646,104,131,1.6,0,0,d,804,Overcast clouds,c04d,9
2026/6/10 9:30,63.1,26.9,28.2,64,19.5,1002,1.6,351,4.6,12,100,44.9,79.4,695,107,137,1.8,0,0,d,804,Overcast clouds,c04d,9
2026/6/10 9:45,94.76,27.5,28.7,60,19,1002,1.6,352,4.7,13,100,48.3,80.2,744,110,144,2,0,0,d,804,Overcast clouds,c04d,9
2026/6/10 10:00,111.02,28.1,29.3,57,18.8,1002,1.6,352,4.8,13,100,51.7,81,794,113,150,2.2,0,0,d,804,Overcast clouds,c04d,10
2026/6/10 10:15,117.72,28.1,29.4,58,19.1,1002,1.7,353,4.8,14,99,55.1,81.7,831,115,178,2.5,0,0,d,804,Overcast clouds,c04d,10
2026/6/10 10:30,127.72,28.1,29.4,58,19.1,1002,1.8,354,4.8,15,98,58.6,82.4,868,117,208,2.7,0,0,d,804,Overcast clouds,c04d,10
2026/6/10 10:45,93.5,28.1,29.4,58,19.1,1002,1.9,355,4.8,15,98,62,83.1,905,119,214,2.9,0,0,d,804,Overcast clouds,c04d,10
2026/6/10 11:00,90.82,28.1,29.5,59,19.3,1002,2,356,4.8,16,97,65.4,83.8,943,121,128,3.2,0,0,d,804,Overcast clouds,c04d,11
2026/6/10 11:15,27.41,28.1,29.5,59,19.3,1002,2,268,4.9,16,96,68.9,84.2,965,122,158,3.5,0,0,d,804,Overcast clouds,c04d,11
2026/6/10 11:30,3.9,28.1,29.5,59,19.3,1002,2,180,5,10,95,72.3,84.6,987,123,189,3.7,0,0,d,804,Overcast clouds,c04d,11
2026/6/10 11:45,3.9,28.1,29.5,59,19.3,1002,2,92,5.1,10,94,75.8,85,1009,124,220,3.9,0,0,d,804,Overcast clouds,c04d,11
2026/6/10 12:00,3.9,28.1,29.5,59,19.3,1002,2,4,5.2,10,93,79.2,85.5,1031,125,251,4.2,0,0,d,804,Overcast clouds,c04d,12
2026/6/10 12:15,3.96,28.6,30.1,58,19.5,1002,2.1,5,5.3,12,93,81.1,133.8,1036,125,252,4.2,0,0,d,804,Overcast clouds,c04d,12
2026/6/10 12:30,3.93,29.1,30.5,56,19.4,1002,2.2,6,5.4,10,93,83.1,182.1,1041,125,254,4.3,0,0,d,804,Overcast clouds,c04d,12
2026/6/10 12:45,3.91,29.5,31,54,19.2,1001,2.3,7,5.5,10,93,85,230.4,1046,125,255,4.3,0,0,d,804,Overcast clouds,c04d,12
2026/6/10 13:00,3.88,30,31.5,53,19.4,1001,2.4,8,5.6,10,93,86.9,278.7,1051,126,256,4.3,0,0,d,804,Overcast clouds,c04d,13
2026/6/10 13:15,3.89,30.2,31.6,52,19.2,1001,2.3,10,5.6,12,94,83.5,277.8,1038,125,226,4.2,0,0,d,804,Overcast clouds,c04d,13
2026/6/10 13:30,3.87,30.4,31.6,50,18.8,1001,2.2,11,5.6,10,94,80,276.9,1026,125,225,4.1,0,0,d,804,Overcast clouds,c04d,13
2026/6/10 13:45,3.92,30.5,31.5,48,18.3,1000,2.1,12,5.6,10,95,76.6,276,1013,124,197,3.9,0,0,d,804,Overcast clouds,c04d,13
2026/6/10 14:00,3.93,30.7,31.6,47,18.1,1000,2,14,5.6,12,96,73.1,275,1000,123,168,3.7,0,0,d,804,Overcast clouds,c04d,14
2026/6/10 14:15,3.91,30.7,31.6,47,18.1,1000,2,14,5.5,12,96,69.7,275.6,971,122,163,3.5,0,0,d,804,Overcast clouds,c04d,14
2026/6/10 14:30,3.98,30.7,31.6,47,18.1,1000,2,13,5.4,10,96,66.3,276.2,942,120,158,3.3,0,0,d,804,Overcast clouds,c04d,14
2026/6/10 14:45,3.88,30.7,31.6,47,18.1,1000,2,12,5.3,10,95,62.8,276.8,913,119,178,3.2,0,0,d,804,Overcast clouds,c04d,14
2026/6/10 15:00,14.69,30.7,31.6,47,18.1,1000,2,12,5.2,10,95,59.4,277.4,884,118,172,3,0,0,d,804,Overcast clouds,c04d,15
2026/6/10 15:15,3.92,30.9,31.9,47,18.3,1000,2,12,5.2,12,94,56,278.2,841,115,186,2.8,0,0,d,804,Overcast clouds,c04d,15
2026/6/10 15:30,3.95,31.1,32,46,18.1,1000,2,13,5.2,12,94,52.5,278.9,798,113,177,2.6,0,0,d,804,Overcast clouds,c04d,15
2026/6/10 15:45,3.87,31.3,32.3,46,18.3,1000,2,14,5.2,13,94,49.1,279.7,755,110,167,2.3,0,0,d,804,Overcast clouds,c04d,15
2026/6/10 16:00,7.64,31.5,32.6,46,18.5,1000,2,14,5.2,13,93,45.7,280.4,712,108,176,2.1,0,0,d,804,Overcast clouds,c04d,16
2026/6/10 16:15,42.75,31.5,32.6,46,18.5,1000,2.1,15,5.1,14,94,42.3,281.3,659,104,145,1.9,0,0,d,804,Overcast clouds,c04d,16
2026/6/10 16:30,20.39,31.5,32.6,46,18.5,1000,2.2,16,5,15,94,38.9,282.1,606,101,134,1.7,0,0,d,804,Overcast clouds,c04d,16
2026/6/10 16:45,7.04,31.5,32.6,46,18.5,999,2.3,17,4.9,15,94,35.5,283,553,97,122,1.5,0,0,d,804,Overcast clouds,c04d,16
2026/6/10 17:00,4.54,31.5,32.6,46,18.5,999,2.4,18,4.8,16,95,32.2,283.8,500,94,97,1.3,0,0,d,804,Overcast clouds,c04d,17
2026/6/10 17:15,3.95,30.8,32,49,18.8,999,2.1,20,4.4,16,94,28.8,284.8,443,88,97,1.2,0,0,d,804,Overcast clouds,c04d,17
2026/6/10 17:30,4.52,30,31.4,52,19.1,999,1.8,21,4,16,94,25.5,285.8,386,83,84,1,0,0,d,804,Overcast clouds,c04d,17
2026/6/10 17:45,4.54,29.3,30.5,54,19,999,1.5,22,3.6,16,94,22.2,286.8,329,78,149,0.9,0,0,d,804,Overcast clouds,c04d,17
2026/6/10 18:00,4.57,28.5,29.8,57,19.1,999,1.2,24,3.2,16,93,18.8,287.8,271,73,138,0.9,0,0,d,804,Overcast clouds,c04d,18
2026/6/10 18:15,4.61,28.5,30,58,19.4,999,1.1,40,2.8,16,94,15.6,289,219,64,110,0.8,0,0,d,804,Overcast clouds,c04d,18
2026/6/10 18:30,4.47,28.5,30,58,19.4,999,1,57,2.4,16,94,12.3,290.2,166,55,90,0.8,0,0,d,804,Overcast clouds,c04d,18
2026/6/10 18:45,4.24,28.5,30,58,19.4,999,0.9,74,2,16,95,9.1,291.4,114,46,67,0.7,0,0,d,804,Overcast clouds,c04d,18
2026/6/10 19:00,4.72,28.5,30.1,59,19.7,999,0.8,90,1.6,16,96,5.8,292.6,61,37,46,0.7,0,0,d,804,Overcast clouds,c04d,19
2026/6/10 19:15,3.15,28.2,29.9,61,20,999,1,98,1.7,16,92,2.7,294,46,28,40,0.7,0,0,d,804,Overcast clouds,c04n,19
2026/6/10 19:30,1.09,28,29.7,63,20.2,1000,1.2,105,1.8,10,87,-0.4,295.5,30,18,29,0,0,0,d,804,Overcast clouds,c04n,19
2026/6/10 19:45,0.11,27.7,29.5,65,20.5,1000,1.4,112,1.9,10,82,-3.5,297,15,9,16,0,0,0,d,804,Overcast clouds,c04n,19
2026/6/10 20:00,0,27.4,29.2,67,20.7,1000,1.6,120,2,10,78,-6.7,298.4,0,0,0,0,0,0,n,804,Overcast clouds,c04n,20
2026/6/10 20:15,0,27.3,29.2,68,20.9,1000,1.6,123,2.1,12,79,-9.6,300.3,0,0,0,0,0,0,n,804,Overcast clouds,c04n,20
2026/6/10 20:30,0,27.2,29,68,20.8,1001,1.6,126,2.2,13,80,-12.5,302.1,0,0,0,0,0,0,n,804,Overcast clouds,c04n,20
2026/6/10 20:45,0,27.1,28.9,69,20.9,1001,1.6,129,2.3,13,82,-15.5,304,0,0,0,0,0,0,n,804,Overcast clouds,c04n,20
2026/6/10 21:00,0,27,28.9,70,21.1,1001,1.6,132,2.4,13,83,-18.4,305.9,0,0,0,0,0,0,n,804,Overcast clouds,c04n,21
2026/6/10 21:15,0,26.7,28.5,71,21,1001,1.6,135,2.4,14,86,-21,308.3,0,0,0,0,0,0,n,804,Overcast clouds,c04n,21
2026/6/10 21:30,0,26.5,27,72,21,1002,1.6,138,2.4,10,90,-23.7,310.7,0,0,0,0,0,0,n,804,Overcast clouds,c04n,21
2026/6/10 21:45,0,26.2,26.8,74,21.2,1002,1.6,141,2.4,10,93,-26.3,313.2,0,0,0,0,0,0,n,804,Overcast clouds,c04n,21
2026/6/10 22:00,0,25.9,26.5,75,21.1,1002,1.6,144,2.4,10,96,-28.9,315.6,0,0,0,0,0,0,n,804,Overcast clouds,c04n,22
2026/6/10 22:15,0,25.7,26.3,76,21.2,1002,1.6,142,2.3,12,96,-31,318.9,0,0,0,0,0,0,n,804,Overcast clouds,c04n,22
2026/6/10 22:30,0,25.6,26.2,78,21.4,1003,1.6,141,2.2,10,96,-33.2,322.1,0,0,0,0,0,0,n,804,Overcast clouds,c04n,22
2026/6/10 22:45,0,25.4,26,79,21.5,1003,1.6,140,2.1,10,95,-35.3,325.4,0,0,0,0,0,0,n,804,Overcast clouds,c04n,22
2026/6/10 23:00,0,25.2,25.9,80,21.5,1003,1.6,138,2,10,95,-37.5,328.6,0,0,0,0,0,0,n,804,Overcast clouds,c04n,23
2026/6/10 23:15,0,25.4,26,79,21.5,1003,1.6,136,1.8,12,94,-38.8,332.8,0,0,0,0,0,0,n,804,Overcast clouds,c04n,23
2026/6/10 23:30,0,25.6,26.2,78,21.4,1003,1.6,133,1.6,12,93,-40.2,336.9,0,0,0,0,0,0,n,804,Overcast clouds,c04n,23
2026/6/10 23:45,0,25.7,26.3,76,21.2,1002,1.6,130,1.6,13,92,-41.6,341.1,0,0,0,0,0,0,n,804,Overcast clouds,c04n,23
2026/6/11 0:00,0,25.9,26.5,75,21.1,1002,1.6,128,1.6,13,91,-42.9,345.2,0,0,0,0,0,0,n,804,Overcast clouds,c04n,0
2026/6/11 0:15,0,25.9,26.5,74,20.9,1002,1.6,130,1.6,14,92,-43.2,260,0,0,0,0,0,0,n,804,Overcast clouds,c04n,0
2026/6/11 0:30,0,25.9,26.5,74,20.9,1002,1.6,133,1.6,15,94,-43.6,174.7,0,0,0,0,0,0,n,804,Overcast clouds,c04n,0
2026/6/11 0:45,0,25.9,26.5,74,20.9,1002,1.6,136,1.6,15,96,-43.9,89.5,0,0,0,0,0,0,n,804,Overcast clouds,c04n,0
2026/6/11 1:00,0,25.9,26.5,73,20.7,1002,1.6,138,1.6,16,97,-44.2,4.2,0,0,0,0,0,0,n,804,Overcast clouds,c04n,1
2026/6/11 1:15,0,25.7,26.3,75,21,1002,1.5,134,1.5,16,96,-43.4,8.8,0,0,0,0,0,0,n,804,Overcast clouds,c04n,1
2026/6/11 1:30,0,25.6,26.1,76,21,1002,1.4,129,1.4,10,95,-42.6,13.3,0,0,0,0,0,0,n,804,Overcast clouds,c04n,1
2026/6/11 1:45,0,25.4,26,78,21.3,1002,1.3,124,1.3,10,94,-41.8,17.9,0,0,0,0,0,0,n,804,Overcast clouds,c04n,1
2026/6/11 2:00,0,25.2,25.9,80,21.5,1002,1.2,120,1.2,10,93,-41,22.5,0,0,0,0,0,0,n,804,Overcast clouds,c04n,2
2026/6/11 2:15,0,25,25.7,81,21.5,1002,1.1,110,1.1,12,92,-39.2,26.2,0,0,0,0,0,0,n,804,Overcast clouds,c04n,2
2026/6/11 2:30,0,24.8,25.5,82,21.5,1002,1,101,1.2,12,90,-37.5,30,0,0,0,0,0,0,n,804,Overcast clouds,c04n,2
2026/6/11 2:45,0,24.6,25.3,83,21.5,1002,0.9,92,1.4,13,89,-35.8,33.8,0,0,0,0,0,0,n,804,Overcast clouds,c04n,2
2026/6/11 3:00,0,24.4,25.1,84,21.5,1002,0.8,82,1.6,14,88,-34,37.5,0,0,0,0,0,0,n,804,Overcast clouds,c04n,3
2026/6/11 3:15,0,24.2,24.9,85,21.5,1002,0.8,72,1.5,14,89,-31.6,40.4,0,0,0,0,0,0,n,804,Overcast clouds,c04n,3
2026/6/11 3:30,0,24.1,24.8,86,21.6,1002,0.8,61,1.4,16,90,-29.3,43.2,0,0,0,0,0,0,n,804,Overcast clouds,c04n,3
2026/6/11 3:45,0,23.9,24.6,88,21.8,1001,0.8,50,1.3,16,90,-26.9,46.1,0,0,0,0,0,0,n,804,Overcast clouds,c04n,3
2026/6/11 4:00,0,23.7,24.4,89,21.8,1001,0.8,40,1.2,16,91,-24.5,49,0,0,0,0,0,0,n,804,Overcast clouds,c04n,4
2026/6/11 4:15,0,23.7,24.4,89,21.8,1001,0.8,36,1.2,16,91,-21.7,51.1,0,0,0,0,0,0,n,804,Overcast clouds,c04n,4
2026/6/11 4:30,0,23.7,24.4,89,21.8,1002,0.8,33,1.2,10,92,-18.9,53.3,0,0,0,0,0,0,n,804,Overcast clouds,c04n,4
2026/6/11 4:45,0,23.7,24.4,89,21.8,1002,0.8,30,1.2,10,92,-16.2,55.5,0,0,0,0,0,0,n,804,Overcast clouds,c04n,4
2026/6/11 5:00,0,23.7,24.4,89,21.8,1002,0.8,26,1.2,10,92,-13.4,57.6,0,0,0,0,0,0,n,804,Overcast clouds,c04n,5
2026/6/11 5:15,0,23.8,24.5,88,21.7,1002,0.9,25,1.4,12,89,-10.3,59.3,0,0,0,0,0,0,n,804,Overcast clouds,c04n,5
2026/6/11 5:30,0,23.9,24.6,87,21.6,1002,1,24,1.6,10,86,-7.3,61,0,0,0,0,0,0,n,804,Overcast clouds,c04n,5
2026/6/11 5:45,0,24,24.7,86,21.5,1002,1.1,23,1.8,10,83,-4.3,62.6,0,0,0,0,0,0,n,804,Overcast clouds,c04n,5
2026/6/11 6:00,0.66,24.1,24.8,85,21.4,1002,1.2,22,2,12,80,-1.3,64.3,0,0,0,0,0,0,n,804,Overcast clouds,c04n,6
2026/6/11 6:15,2.46,24.3,25,85,21.6,1002,1.2,22,2.2,12,78,1.9,65.6,37,14,20,0.9,0,0,d,804,Overcast clouds,c04n,6
2026/6/11 6:30,5.56,24.5,25.1,84,21.6,1002,1.2,21,2.4,10,76,5.1,66.9,74,28,43,1,0,0,d,804,Overcast clouds,c04d,6
2026/6/11 6:45,6.29,24.6,25.3,84,21.7,1002,1.2,20,2.6,10,75,8.3,68.3,110,42,66,1,0,0,d,804,Overcast clouds,c04d,6
2026/6/11 7:00,8.46,24.8,25.5,84,21.9,1002,1.2,20,2.8,12,73,11.5,69.6,147,55,92,1.1,0,0,d,804,Overcast clouds,c04d,7
2026/6/11 7:15,28.8,25.3,26,82,22,1002,1,22,2.8,12,75,14.8,70.7,203,62,122,1.1,0,0,d,804,Overcast clouds,c04d,7
2026/6/11 7:30,63.5,25.8,26.5,80,22,1003,0.8,23,2.8,13,77,18.1,71.8,260,69,147,1.1,0,0,d,804,Overcast clouds,c04d,7
2026/6/11 7:45,92.51,26.2,26.9,77,21.9,1003,0.6,24,2.8,13,79,21.4,72.9,316,76,169,1.2,0,0,d,804,Overcast clouds,c04d,7
2026/6/11 8:00,87.36,26.7,28.7,75,21.9,1003,0.4,26,2.8,14,81,24.6,74,372,83,185,1.3,0,0,d,804,Overcast clouds,c04d,8
2026/6/11 8:15,86.51,26.9,29,74,21.8,1003,0.4,32,2.9,14,78,28,74.9,428,87,236,1.5,0,0,d,804,Overcast clouds,c04d,8
2026/6/11 8:30,101.05,27.1,29.3,74,22,1004,0.4,37,3,15,76,31.4,75.8,484,92,282,1.7,0,0,d,804,Overcast clouds,c04d,8
2026/6/11 8:45,91.95,27.2,29.5,73,22,1004,0.4,42,3.1,15,74,34.7,76.7,540,96,332,2,0,0,d,804,Overcast clouds,c04d,8
2026/6/11 9:00,93.87,27.4,29.8,72,21.9,1004,0.4,48,3.2,16,71,38.1,77.7,596,101,392,2.4,0,0,d,804,Overcast clouds,c04d,9
2026/6/11 9:15,98.87,28.3,31,68,21.8,1004,0.5,49,3.4,16,70,41.5,78.5,645,104,432,2.7,0,0,d,803,Broken clouds,c03d,9
2026/6/11 9:30,97.56,29.3,32.1,64,21.7,1004,0.6,50,3.6,10,68,44.9,79.3,695,107,484,3.1,0,0,d,803,Broken clouds,c03d,9
2026/6/11 9:45,95.92,30.2,33,59,21.3,1004,0.7,51,3.8,10,67,48.3,80.1,744,110,528,3.5,0,0,d,803,Broken clouds,c03d,9
2026/6/11 10:00,3.82,31.1,33.9,55,21,1004,0.8,52,4,10,66,51.7,80.9,793,113,573,3.9,0,0,d,803,Broken clouds,c03d,10
2026/6/11 10:15,3.83,31,33.9,56,21.2,1004,0.9,54,4.2,12,62,55.1,81.6,830,115,634,4.5,0,0,d,803,Broken clouds,c03d,10
2026/6/11 10:30,3.89,30.9,33.7,56,21.1,1004,1,57,4.4,13,59,58.5,82.2,868,117,687,5,0,0,d,803,Broken clouds,c03d,10
2026/6/11 10:45,3.91,30.8,33.7,57,21.3,1004,1.1,60,4.6,13,56,62,82.9,905,119,738,5.6,0,0,d,803,Broken clouds,c03d,10
2026/6/11 11:00,3.88,30.7,33.8,58,21.5,1004,1.2,62,4.8,14,52,65.4,83.6,942,121,793,6.3,0,0,d,803,Broken clouds,c03d,11
2026/6/11 11:15,3.92,30.7,33.8,58,21.5,1004,1.3,62,5,14,53,68.8,84,964,122,806,6.5,0,0,d,803,Broken clouds,c03d,11
2026/6/11 11:30,3.96,30.7,33.8,58,21.5,1004,1.4,62,5.2,10,54,72.3,84.3,986,123,817,6.7,0,0,d,803,Broken clouds,c03d,11
2026/6/11 11:45,3.92,30.7,33.8,58,21.5,1003,1.5,62,5.4,10,55,75.7,84.7,1009,124,829,6.9,0,0,d,803,Broken clouds,c03d,11
2026/6/11 12:00,3.9,30.7,33.8,58,21.5,1003,1.6,62,5.6,10,56,79.2,85.1,1031,125,840,7.1,0,0,d,803,Broken clouds,c03d,12
2026/6/11 12:15,3.95,31,34.1,57,21.5,1003,1.6,64,5.5,12,58,81.1,133.8,1036,125,827,7,0,0,d,803,Broken clouds,c03d,12
2026/6/11 12:30,3.94,31.3,34.5,56,21.5,1003,1.6,65,5.4,12,60,83.1,182.6,1041,125,813,7,0,0,d,803,Broken clouds,c03d,12
2026/6/11 12:45,3.91,31.6,34.6,54,21.2,1003,1.6,66,5.3,13,61,85,231.4,1046,125,809,6.9,0,0,d,803,Broken clouds,c03d,12
2026/6/11 13:00,3.96,31.9,34.9,53,21.1,1003,1.6,68,5.2,14,63,87,280.1,1051,126,792,6.8,0,0,d,803,Broken clouds,c03d,13
2026/6/11 13:15,3.92,31.9,34.9,53,21.1,1003,1.6,70,5,14,61,83.5,278.9,1038,125,803,6.9,0,0,d,803,Broken clouds,c03d,13
2026/6/11 13:30,3.93,31.9,34.9,53,21.1,1003,1.6,73,4.8,15,58,80.1,277.7,1026,124,821,7,0,0,d,803,Broken clouds,c03d,13
2026/6/11 13:45,3.84,31.9,34.9,53,21.1,1002,1.6,76,4.6,15,56,76.6,276.5,1013,124,826,6.9,0,0,d,803,Broken clouds,c03d,13
2026/6/11 14:00,3.92,31.9,34.9,53,21.1,1002,1.6,78,4.4,16,54,73.2,275.3,1000,123,830,6.9,0,0,d,803,Broken clouds,c03d,14
2026/6/11 14:15,3.9,31.9,34.9,53,21.1,1002,1.6,81,4.4,16,58,69.7,275.8,971,122,777,6.2,0,0,d,803,Broken clouds,c03d,14
2026/6/11 14:30,3.88,31.9,35.2,54,21.4,1002,1.6,84,4.4,10,62,66.3,276.4,942,120,719,5.6,0,0,d,803,Broken clouds,c03d,14
2026/6/11 14:45,3.85,31.9,35.2,54,21.4,1002,1.6,87,4.4,10,67,62.9,277,913,119,648,5,0,0,d,803,Broken clouds,c03d,14
2026/6/11 15:00,4.02,31.9,35.2,54,21.4,1002,1.6,90,4.4,12,71,59.4,277.5,884,118,583,4.4,0,0,d,804,Overcast clouds,c04d,15
2026/6/11 15:15,3.88,31.9,35.2,54,21.4,1002,1.6,94,4.3,12,73,56,278.3,841,115,531,4,0,0,d,804,Overcast clouds,c04d,15
2026/6/11 15:30,3.89,31.9,35.2,54,21.4,1002,1.6,97,4.2,13,75,52.6,279,798,113,480,3.5,0,0,d,804,Overcast clouds,c04d,15
2026/6/11 15:45,85.99,31.9,35.2,54,21.4,1001,1.6,100,4.1,13,77,49.2,279.8,755,110,430,3.1,0,0,d,804,Overcast clouds,c04d,15
2026/6/11 16:00,0,31.9,35.2,54,21.4,1001,1.6,104,4,14,79,45.8,280.5,712,108,382,2.7,0,0,d,804,Overcast clouds,c04d,16
2026/6/11 16:15,3.86,31.9,35.2,54,21.4,1001,1.6,104,4,14,82,42.4,281.3,660,105,318,2.3,0,0,d,804,Overcast clouds,c04d,16
2026/6/11 16:30,3.83,31.9,35.2,54,21.4,1001,1.6,104,4,15,86,39,282.2,607,101,243,1.9,0,0,d,804,Overcast clouds,c04d,16
2026/6/11 16:45,3.91,31.9,34.9,53,21.1,1001,1.6,104,4,15,90,35.6,283.1,554,97,173,1.6,0,0,d,804,Overcast clouds,c04d,16
2026/6/11 17:00,3.87,31.9,34.9,53,21.1,1001,1.6,104,4,15,93,32.2,283.9,501,94,119,1.3,0,0,d,804,Overcast clouds,c04d,17
2026/6/11 17:15,3.87,31.4,34.7,56,21.6,1001,1.7,102,3.9,16,92,28.9,284.9,444,89,116,1.2,0,0,d,804,Overcast clouds,c04d,17
2026/6/11 17:30,3.87,31,34.3,58,21.7,1001,1.8,101,3.8,16,92,25.6,285.9,387,83,101,1.1,0,0,d,804,Overcast clouds,c04d,17
2026/6/11 17:45,27.64,30.5,33.8,60,21.8,1001,1.9,100,3.7,16,92,22.2,286.9,330,78,86,1,0,0,d,804,Overcast clouds,c04d,17
2026/6/11 18:00,29.17,30,33.4,63,22.2,1001,2,98,3.6,16,91,18.9,287.9,272,73,77,0.9,0,0,d,804,Overcast clouds,c04d,18
2026/6/11 18:15,19.03,30,33.4,63,22.2,1001,2.1,99,3.5,16,92,15.7,289.1,220,64,120,0.8,0,0,d,804,Overcast clouds,c04d,18
2026/6/11 18:30,15.28,30,33.2,62,21.9,1001,2.2,100,3.4,16,93,12.4,290.3,167,55,93,0.8,0,0,d,804,Overcast clouds,c04d,18
2026/6/11 18:45,14.06,30,33.2,62,21.9,1001,2.3,101,3.3,16,94,9.2,291.4,114,46,69,0.7,0,0,d,804,Overcast clouds,c04d,18
2026/6/11 19:00,6.93,30,33.2,62,21.9,1001,2.4,102,3.2,16,95,5.9,292.6,62,37,48,0.7,0,0,d,804,Overcast clouds,c04d,19
2026/6/11 19:15,3.74,29.9,33,62,21.8,1001,2.4,103,3.3,16,96,2.8,294.1,46,28,35,0.7,0,0,d,804,Overcast clouds,c04n,19
2026/6/11 19:30,0.93,29.8,32.8,62,21.7,1002,2.4,104,3.4,16,96,-0.3,295.5,31,19,23,0,0,0,d,804,Overcast clouds,c04n,19
2026/6/11 19:45,0.19,29.7,32.8,63,21.9,1002,2.4,105,3.5,16,96,-3.5,297,15,9,11,0,0,0,d,804,Overcast clouds,c04n,19
2026/6/11 20:00,0,29.6,32.6,63,21.8,1002,2.4,106,3.6,16,97,-6.6,298.5,0,0,0,0,0,0,n,804,Overcast clouds,c04n,20
2026/6/11 20:15,0,29.5,32.7,64,22,1002,2.4,108,3.6,16,96,-9.5,300.3,0,0,0,0,0,0,n,804,Overcast clouds,c04n,20
2026/6/11 20:30,0,29.5,32.5,64,21.9,1003,2.4,110,3.6,10,95,-12.5,302.2,0,0,0,0,0,0,n,804,Overcast clouds,c04n,20
2026/6/11 20:45,0,29.4,32.6,65,22.1,1003,2.4,112,3.6,10,94,-15.4,304,0,0,0,0,0,0,n,804,Overcast clouds,c04n,20
2026/6/11 21:00,0,29.3,32.6,66,22.3,1003,2.4,114,3.6,12,93,-18.3,305.9,0,0,0,0,0,0,n,804,Overcast clouds,c04n,21
2026/6/11 21:15,0,29.1,32.4,67,22.3,1003,2.4,116,3.7,12,93,-20.9,308.3,0,0,0,0,0,0,n,804,Overcast clouds,c04n,21
2026/6/11 21:30,0,28.9,32.2,68,22.4,1003,2.4,118,3.8,13,92,-23.6,310.8,0,0,0,0,0,0,n,804,Overcast clouds,c04n,21
2026/6/11 21:45,0,28.7,31.9,69,22.4,1003,2.4,120,3.9,13,92,-26.2,313.2,0,0,0,0,0,0,n,804,Overcast clouds,c04n,21
2026/6/11 22:00,0,28.5,31.7,70,22.5,1003,2.4,122,4,14,92,-28.8,315.6,0,0,0,0,0,0,n,804,Overcast clouds,c04n,22
2026/6/11 22:15,0,28.3,31.5,71,22.6,1003,2.4,124,4.1,14,90,-31,318.9,0,0,0,0,0,0,n,804,Overcast clouds,c04n,22
2026/6/11 22:30,0,28.2,31.2,72,22.6,1004,2.4,125,4.2,15,89,-33.1,322.1,0,0,0,0,0,0,n,804,Overcast clouds,c04n,22
2026/6/11 22:45,0,28,30.9,72,22.5,1004,2.4,126,4.3,15,88,-35.2,325.4,0,0,0,0,0,0,n,804,Overcast clouds,c04n,22
2026/6/11 23:00,0,27.8,30.7,73,22.5,1004,2.4,128,4.4,15,86,-37.4,328.6,0,0,0,0,0,0,n,804,Overcast clouds,c04n,23
2026/6/11 23:15,0,27.8,30.7,73,22.5,1004,2.4,132,4.4,16,86,-38.7,332.7,0,0,0,0,0,0,n,804,Overcast clouds,c04n,23
2026/6/11 23:30,0,27.8,30.7,73,22.5,1004,2.4,135,4.4,10,86,-40.1,336.9,0,0,0,0,0,0,n,804,Overcast clouds,c04n,23
2026/6/11 23:45,0,27.8,30.7,73,22.5,1004,2.4,138,4.4,10,86,-41.5,341,0,0,0,0,0,0,n,804,Overcast clouds,c04n,23
2026/6/12 0:00,0,27.8,30.7,73,22.5,1004,2.4,142,4.4,12,86,-42.8,345.2,0,0,0,0,0,0,n,804,Overcast clouds,c04n,0
2026/6/12 0:15,0,27.5,30.3,75,22.7,1004,2.4,144,4.2,12,88,-43.2,259.9,0,0,0,0,0,0,n,804,Overcast clouds,c04n,0
2026/6/12 0:30,0,27.3,29.9,76,22.6,1004,2.4,147,4,10,90,-43.5,174.7,0,0,0,0,0,0,n,804,Overcast clouds,c04n,0
2026/6/12 0:45,0,27,29.5,78,22.8,1004,2.4,150,3.8,10,93,-43.8,89.4,0,0,0,0,0,0,n,804,Overcast clouds,c04n,0
2026/6/12 1:00,0,26.7,29.1,80,23,1004,2.4,152,3.6,10,95,-44.1,4.1,0,0,0,0,0,0,n,804,Overcast clouds,c04n,1
2026/6/12 1:15,0,26.7,29.1,80,23,1004,2.4,152,3.4,12,96,-43.3,8.7,0,0,0,0,0,0,n,804,Overcast clouds,c04n,1
2026/6/12 1:30,0,26.7,29.1,80,23,1004,2.4,152,3.2,10,96,-42.5,13.3,0,0,0,0,0,0,n,804,Overcast clouds,c04n,1
2026/6/12 1:45,0,26.7,29.1,80,23,1003,2.4,152,3,10,97,-41.7,17.8,0,0,0,0,0,0,n,804,Overcast clouds,c04n,1
2026/6/12 2:00,0,26.7,29.1,80,23,1003,2.4,152,2.8,10,98,-40.9,22.4,0,0,0,0,0,0,n,804,Overcast clouds,c04n,2
2026/6/12 2:15,0,26.6,27.4,80,22.9,1003,2.4,152,3.2,12,97,-39.2,26.1,0,0,0,0,0,0,n,804,Overcast clouds,c04n,2
2026/6/12 2:30,0,26.5,27.3,81,23,1003,2.4,151,3.6,13,96,-37.5,29.9,0,0,0,0,0,0,n,804,Overcast clouds,c04n,2
2026/6/12 2:45,0,26.4,27.2,82,23.1,1002,2.4,150,4,13,96,-35.7,33.7,0,0,0,0,0,0,n,804,Overcast clouds,c04n,2
2026/6/12 3:00,0,26.3,27.1,82,23,1002,2.4,150,4.4,14,95,-34,37.4,0,0,0,0,0,0,n,804,Overcast clouds,c04n,3
2026/6/12 3:15,0,26.2,27,83,23.1,1002,2.4,150,4.4,14,94,-31.6,40.3,0,0,0,0,0,0,n,804,Overcast clouds,c04n,3
2026/6/12 3:30,0,26.1,27,84,23.2,1002,2.4,150,4.4,15,92,-29.2,43.2,0,0,0,0,0,0,n,804,Overcast clouds,c04n,3
2026/6/12 3:45,0,26,26.9,85,23.3,1002,2.4,150,4.4,15,91,-26.9,46,0,0,0,0,0,0,n,804,Overcast clouds,c04n,3
2026/6/12 4:00,0,25.9,26.8,86,23.4,1002,2.4,150,4.4,15,90,-24.5,48.9,0,0,0,0,0,0,n,804,Overcast clouds,c04n,4
2026/6/12 4:15,0,25.9,26.8,86,23.4,1002,2.4,149,4.4,16,90,-21.7,51.1,0,0,0,0,0,0,n,804,Overcast clouds,c04n,4
2026/6/12 4:30,0,25.9,26.8,86,23.4,1002,2.4,148,4.4,10,91,-18.9,53.2,0,0,0,0,0,0,n,804,Overcast clouds,c04n,4
2026/6/12 4:45,0,25.9,26.8,86,23.4,1002,2.4,147,4.4,10,92,-16.2,55.4,0,0,0,0,0,0,n,804,Overcast clouds,c04n,4
2026/6/12 5:00,0,25.9,26.8,86,23.4,1002,2.4,146,4.4,12,92,-13.4,57.5,0,0,0,0,0,0,n,804,Overcast clouds,c04n,5
2026/6/12 5:15,0,26.1,27,86,23.6,1002,2.3,148,4.3,12,92,-10.4,59.2,0,0,0,0,0,0,n,804,Overcast clouds,c04n,5
2026/6/12 5:30,0,26.3,27.2,86,23.8,1003,2.2,149,4.2,13,91,-7.3,60.9,0,0,0,0,0,0,n,804,Overcast clouds,c04n,5
2026/6/12 5:45,0,26.5,27.5,86,24,1003,2.1,150,4.1,13,90,-4.3,62.5,0,0,0,0,0,0,n,804,Overcast clouds,c04n,5
2026/6/12 6:00,0.39,26.7,29.6,86,24.2,1003,2,152,4,14,90,-1.3,64.2,0,0,0,0,0,0,n,804,Overcast clouds,c04n,6
2026/6/12 6:15,2.64,26.7,29.6,86,24.2,1003,2,150,4,14,90,1.9,65.5,37,14,25,0.8,0,0,d,804,Overcast clouds,c04n,6
2026/6/12 6:30,7.95,26.7,29.6,86,24.2,1003,2,149,4,15,90,5.1,66.9,73,28,49,0.8,0,0,d,804,Overcast clouds,c04d,6
2026/6/12 6:45,13.4,26.7,29.6,86,24.2,1003,2,148,4,15,91,8.3,68.2,110,42,71,0.8,0,0,d,804,Overcast clouds,c04d,6
2026/6/12 7:00,19,26.7,29.6,86,24.2,1003,2,146,4,15,91,11.5,69.5,147,55,94,0.8,0,0,d,804,Overcast clouds,c04d,7
2026/6/12 7:15,24.83,26.7,29.6,86,24.2,1003,1.9,148,4.1,16,91,14.7,70.6,203,62,116,0.8,0,0,d,804,Overcast clouds,c04d,7
2026/6/12 7:30,29.46,26.7,29.6,86,24.2,1004,1.8,149,4.2,16,92,18,71.7,259,69,132,0.9,0,0,d,804,Overcast clouds,c04d,7
2026/6/12 7:45,38.64,26.7,29.6,86,24.2,1004,1.7,150,4.3,16,92,21.3,72.8,315,76,79,1,0,0,d,804,Overcast clouds,c04d,7
2026/6/12 8:00,46.87,26.7,29.6,86,24.2,1004,1.6,152,4.4,16,92,24.6,73.9,371,83,93,1.1,0,0,d,804,Overcast clouds,c04d,8
2026/6/12 8:15,62.56,26.9,29.8,84,23.9,1004,1.6,160,4.7,16,92,28,74.8,427,87,108,1.2,0,0,d,804,Overcast clouds,c04d,8
2026/6/12 8:30,99.81,27.1,30.1,83,23.9,1004,1.6,167,5,9,93,31.3,75.7,483,92,109,1.3,0,0,d,804,Overcast clouds,c04d,8
2026/6/12 8:45,99.07,27.2,30.5,82,23.9,1004,1.6,174,5.3,9,94,34.7,76.6,540,96,108,1.4,0,0,d,804,Overcast clouds,c04d,8
2026/6/12 9:00,93.37,27.4,30.6,80,23.6,1004,1.6,182,5.6,9,94,38,77.6,596,101,120,1.6,0,0,d,804,Overcast clouds,c04d,9
2026/6/12 9:15,124.03,28.2,32,77,23.7,1004,1.8,188,5.8,10,94,41.4,78.4,645,104,130,1.8,0,0,d,804,Overcast clouds,c04d,9
2026/6/12 9:30,84.56,28.9,33.3,74,23.8,1004,2,193,6,10,94,44.8,79.2,694,107,140,2,0,0,d,804,Overcast clouds,c04d,9
2026/6/12 9:45,7.07,29.7,34.4,71,23.8,1003,2.2,198,6.2,10,94,48.2,80,743,110,149,2.3,0,0,d,804,Overcast clouds,c04d,9
2026/6/12 10:00,4.55,30.4,35.5,68,23.8,1003,2.4,204,6.4,10,94,51.6,80.8,792,113,159,2.5,0,0,d,804,Overcast clouds,c04d,10
2026/6/12 10:15,4.58,30.6,35.4,66,23.5,1003,2.5,204,6.5,12,94,55.1,81.4,830,115,168,2.7,0,0,d,804,Overcast clouds,c04d,10
2026/6/12 10:30,4.42,30.8,35.6,65,23.4,1003,2.6,204,6.6,10,94,58.5,82.1,867,117,176,3,0,0,d,804,Overcast clouds,c04d,10
2026/6/12 10:45,0,30.9,35.7,64,23.3,1003,2.7,204,6.7,10,94,61.9,82.8,904,119,184,3.2,0,0,d,804,Overcast clouds,c04d,10
2026/6/12 11:00,0,31.1,35.6,62,23,1003,2.8,204,6.8,12,94,65.3,83.4,942,120,193,3.4,0,0,d,804,Overcast clouds,c04d,11
2026/6/12 11:15,0,31.2,35.5,61,22.8,1003,2.9,202,7.1,12,94,68.8,83.8,964,122,198,3.6,0,0,d,804,Overcast clouds,c04d,11
2026/6/12 11:30,0,31.3,35.5,60,22.6,1003,3,201,7.4,13,93,72.2,84.1,986,123,229,3.8,0,0,d,804,Overcast clouds,c04d,11
2026/6/12 11:45,0,31.4,35.7,60,22.7,1003,3.1,200,7.7,13,92,75.7,84.4,1008,124,259,4.1,0,0,d,804,Overcast clouds,c04d,11
2026/6/12 12:00,0,31.5,35.7,59,22.5,1003,3.2,198,8,14,92,79.1,84.8,1030,125,266,4.2,0,0,d,804,Overcast clouds,c04d,12
2026/6/12 12:15,0,31.8,36,58,22.5,1003,3.2,196,7.9,14,93,81.1,133.9,1035,125,241,4.2,0,0,d,804,Overcast clouds,c04d,12
2026/6/12 12:30,0,32.1,36.6,58,22.7,1003,3.2,195,7.8,10,94,83.1,183.1,1040,125,214,4.2,0,0,d,804,Overcast clouds,c04d,12
2026/6/12 12:45,0,32.3,37.2,58,23,1002,3.2,194,7.7,10,94,85,232.3,1045,125,214,4.2,0,0,d,804,Overcast clouds,c04d,12
2026/6/12 13:00,0,32.6,37.5,57,23,1002,3.2,192,7.6,10,95,87,281.5,1051,126,187,4.2,0,0,d,804,Overcast clouds,c04d,13
2026/6/12 13:15,0,32.7,37.8,57,23.1,1002,3.3,191,7.8,12,96,83.6,280,1038,125,156,4,0,0,d,804,Overcast clouds,c04d,13
2026/6/12 13:30,0,32.8,38.3,58,23.4,1002,3.4,190,8,10,96,80.1,278.5,1026,124,153,3.9,0,0,d,804,Overcast clouds,c04d,13
2026/6/12 13:45,0,32.9,38.6,58,23.5,1002,3.5,189,8.2,10,97,76.7,277,1013,124,122,3.7,0,0,d,804,Overcast clouds,c04d,13
2026/6/12 14:00,0,33,38.8,58,23.6,1001,3.6,188,8.4,10,98,73.2,275.5,1001,123,211,3.5,0,0,d,804,Overcast clouds,c04d,14
2026/6/12 14:15,0,33,38.8,58,23.6,1001,3.5,186,8.4,12,98,69.8,276,972,122,208,3.4,0,0,d,804,Overcast clouds,c04d,14
2026/6/12 14:30,0,33,39.2,59,23.9,1001,3.4,185,8.4,13,98,66.4,276.6,943,120,202,3.2,0,0,d,804,Overcast clouds,c04d,14
2026/6/12 14:45,0,33,39.5,60,24.2,1001,3.3,184,8.4,13,97,62.9,277.1,914,119,224,3.1,0,0,d,804,Overcast clouds,c04d,14
2026/6/12 15:00,0,33,39.5,60,24.2,1000,3.2,182,8.4,14,97,59.5,277.7,885,118,219,2.9,0,0,d,804,Overcast clouds,c04d,15
2026/6/12 15:15,0,32.7,39.5,62,24.5,1000,3.4,183,8.4,14,97,56.1,278.4,842,115,210,2.6,0,0,d,804,Overcast clouds,c04d,15
2026/6/12 15:30,0,32.5,39.2,63,24.5,1000,3.6,184,8.4,15,98,52.6,279.1,799,113,180,2.4,0,0,d,804,Overcast clouds,c04d,15
2026/6/12 15:45,0,32.2,38.8,64,24.5,999,3.8,185,8.4,15,98,49.2,279.8,756,110,173,2.1,0,0,d,804,Overcast clouds,c04d,15
2026/6/12 16:00,0,31.9,38.7,66,24.7,999,4,186,8.4,16,98,45.8,280.6,713,108,167,1.9,0,0,d,804,Overcast clouds,c04d,16
2026/6/12 16:15,42.54,31.5,38.4,68,24.9,999,4,182,8.4,16,98,42.4,281.4,660,105,159,1.7,0,0,d,804,Overcast clouds,c04d,16
2026/6/12 16:30,17.62,31.2,38.3,71,25.3,999,4,178,8.4,10,98,39,282.3,608,101,150,1.5,0,0,d,804,Overcast clouds,c04d,16
2026/6/12 16:45,15.03,30.8,38.2,74,25.6,998,4,174,8.4,10,98,35.7,283.1,555,97,140,1.4,0,0,d,804,Overcast clouds,c04d,16
2026/6/12 17:00,35.74,30.4,37.7,76,25.7,998,4,170,8.4,10,98,32.3,284,502,94,133,1.2,0,0,d,804,Overcast clouds,c04d,17
2026/6/12 17:15,0,30.2,37.1,76,25.5,998,3.6,170,8,12,98,29,285,445,89,124,1.1,0,0,d,804,Overcast clouds,c04d,17
2026/6/12 17:30,0.02,30,36.6,76,25.3,998,3.2,171,7.6,13,98,25.6,286,388,83,113,1,0,0,d,804,Overcast clouds,c04d,17
2026/6/12 17:45,41.25,29.8,35.8,75,24.9,998,2.8,172,7.2,13,99,22.3,286.9,331,78,95,0.9,0,0,d,804,Overcast clouds,c04d,17
2026/6/12 18:00,72.84,29.6,35.2,75,24.7,998,2.4,172,6.8,13,99,19,287.9,274,73,87,0.8,0,0,d,804,Overcast clouds,c04d,18
2026/6/12 18:15,40.42,29.6,35.2,75,24.7,998,2.4,164,6.4,14,99,15.7,289.1,221,64,75,0.7,0,0,d,804,Overcast clouds,c04d,18
2026/6/12 18:30,13.29,29.6,35.2,75,24.7,999,2.4,157,6,15,99,12.5,290.3,168,55,63,0.7,0,0,d,804,Overcast clouds,c04d,18
2026/6/12 18:45,12.55,29.6,35.2,75,24.7,999,2.4,150,5.6,15,99,9.2,291.5,115,46,51,0.7,0,0,d,804,Overcast clouds,c04d,18
2026/6/12 19:00,10.77,29.6,35.2,75,24.7,999,2.4,142,5.2,16,99,6,292.7,63,38,41,0.7,0,0,d,804,Overcast clouds,c04d,19
2026/6/12 19:15,2.68,29.6,35.2,75,24.7,999,2.5,143,5.2,16,98,2.9,294.1,47,28,31,0.7,0,0,d,804,Overcast clouds,c04n,19
2026/6/12 19:30,0.61,29.6,35.2,75,24.7,999,2.6,144,5.2,10,97,-0.3,295.6,31,19,22,0,0,0,d,804,Overcast clouds,c04n,19
2026/6/12 19:45,0.11,29.6,35.2,75,24.7,999,2.7,145,5.2,10,96,-3.4,297,16,9,11,0,0,0,d,804,Overcast clouds,c04n,19
2026/6/12 20:00,0.01,29.6,35.2,75,24.7,999,2.8,146,5.2,10,95,-6.5,298.5,0,0,0,0,0,0,n,804,Overcast clouds,c04n,20
2026/6/12 20:15,0,29.6,35.2,75,24.7,999,2.9,146,5.2,12,96,-9.5,300.3,0,0,0,0,0,0,n,804,Overcast clouds,c04n,20
2026/6/12 20:30,0,29.6,35.2,75,24.7,1000,3,146,5.2,10,97,-12.4,302.2,0,0,0,0,0,0,n,804,Overcast clouds,c04n,20
2026/6/12 20:45,0,29.6,35.2,75,24.7,1000,3.1,146,5.2,10,98,-15.3,304,0,0,0,0,0,0,n,804,Overcast clouds,c04n,20
2026/6/12 21:00,0,29.6,35.2,75,24.7,1000,3.2,146,5.2,12,99,-18.3,305.9,0,0,0,0,0,0,n,804,Overcast clouds,c04n,21
2026/6/12 21:15,0,29.4,35,76,24.7,1000,3.2,148,5.3,12,98,-20.9,308.3,0,0,0,0,0,0,n,804,Overcast clouds,c04n,21
2026/6/12 21:30,0,29.3,35,78,25,1000,3.2,150,5.4,13,98,-23.5,310.8,0,0,0,0,0,0,n,804,Overcast clouds,c04n,21
2026/6/12 21:45,0,29.1,34.7,79,25.1,1000,3.2,152,5.5,13,98,-26.1,313.2,0,0,0,0,0,0,n,804,Overcast clouds,c04n,21
2026/6/12 22:00,0,28.9,34.5,80,25.1,1000,3.2,154,5.6,14,97,-28.8,315.7,0,0,0,0,0,0,n,804,Overcast clouds,c04n,22
2026/6/12 22:15,0,28.7,34.1,81,25.1,1000,3.2,156,5.8,14,97,-30.9,318.9,0,0,0,0,0,0,n,804,Overcast clouds,c04n,22
2026/6/12 22:30,0,28.5,33.8,82,25.1,1001,3.2,157,6,10,96,-33,322.1,0,0,0,0,0,0,n,804,Overcast clouds,c04n,22
2026/6/12 22:45,0,28.3,33.4,83,25.1,1001,3.2,158,6.2,10,96,-35.2,325.3,0,0,0,0,0,0,n,804,Overcast clouds,c04n,22
2026/6/12 23:00,0,28.1,33,84,25.1,1001,3.2,160,6.4,10,96,-37.3,328.6,0,0,0,0,0,0,n,804,Overcast clouds,c04n,23
2026/6/12 23:15,0,28.1,33,84,25.1,1001,3.2,162,6.4,12,97,-38.7,332.7,0,0,0,0,0,0,n,804,Overcast clouds,c04n,23
2026/6/12 23:30,0,28.1,33,84,25.1,1001,3.2,163,6.4,13,98,-40,336.9,0,0,0,0,0,0,n,804,Overcast clouds,c04n,23
2026/6/12 23:45,0.01,28.1,33,84,25.1,1000,3.2,164,6.4,13,98,-41.4,341,0,0,0,0,0,0,n,804,Overcast clouds,c04n,23
2026/6/13 0:00,0,28.1,33,84,25.1,1000,3.2,166,6.4,14,99,-42.8,345.1,0,0,0,0,0,0,n,804,Overcast clouds,c04n,0
2026/6/13 0:15,0,28,33,85,25.3,1000,3.2,168,6.2,14,99,-43.1,259.9,0,0,0,0,0,0,n,804,Overcast clouds,c04n,0
2026/6/13 0:30,0,28,32.9,86,25.4,1000,3.2,169,6,15,99,-43.4,174.6,0,0,0,0,0,0,n,804,Overcast clouds,c04n,0
2026/6/13 0:45,0,27.9,32.9,87,25.5,999,3.2,170,5.8,15,99,-43.8,89.3,0,0,0,0,0,0,n,804,Overcast clouds,c04n,0
2026/6/13 1:00,0,27.8,32.8,88,25.6,999,3.2,172,5.6,16,99,-44.1,4.1,0,0,0,0,0,0,n,804,Overcast clouds,c04n,1
2026/6/13 1:15,0,27.8,32.8,88,25.6,999,3.2,172,5.5,16,99,-43.3,8.6,0,0,0,0,0,0,n,804,Overcast clouds,c04n,1
2026/6/13 1:30,0,27.8,32.6,87,25.4,999,3.2,172,5.4,16,99,-42.5,13.2,0,0,0,0,0,0,n,804,Overcast clouds,c04n,1
2026/6/13 1:45,0,27.8,32.5,86,25.2,999,3.2,172,5.3,16,99,-41.7,17.7,0,0,0,0,0,0,n,804,Overcast clouds,c04n,1
2026/6/13 2:00,0,27.8,32.5,86,25.2,999,3.2,172,5.2,16,99,-40.9,22.3,0,0,0,0,0,0,n,804,Overcast clouds,c04n,2
2026/6/13 2:15,0,27.8,32.5,86,25.2,999,3.2,172,5.4,16,99,-39.2,26.1,0,0,0,0,0,0,n,804,Overcast clouds,c04n,2
2026/6/13 2:30,0,27.8,32.6,87,25.4,999,3.2,172,5.6,16,100,-37.4,29.8,0,0,0,0,0,0,n,804,Overcast clouds,c04n,2
2026/6/13 2:45,0,27.8,32.8,88,25.6,998,3.2,172,5.8,16,100,-35.7,33.6,0,0,0,0,0,0,n,804,Overcast clouds,c04n,2
2026/6/13 3:00,0,27.8,32.8,88,25.6,998,3.2,172,6,16,100,-34,37.3,0,0,0,0,0,0,n,804,Overcast clouds,c04n,3
2026/6/13 3:15,0,27.6,32.2,88,25.4,998,3.1,173,5.9,16,100,-31.6,40.2,0,0,0,0,0,0,n,804,Overcast clouds,c04n,3
2026/6/13 3:30,0,27.4,31.8,89,25.4,998,3,174,5.8,10,99,-29.2,43.1,0,0,0,0,0,0,n,804,Overcast clouds,c04n,3
2026/6/13 3:45,0,27.2,31.3,90,25.4,998,2.9,175,5.7,10,98,-26.9,45.9,0,0,0,0,0,0,n,804,Overcast clouds,c04n,3
2026/6/13 4:00,0,27,30.7,90,25.2,998,2.8,176,5.6,10,98,-24.5,48.8,0,0,0,0,0,0,n,804,Overcast clouds,c04n,4
2026/6/13 4:15,0,27.1,31,90,25.3,998,2.7,178,5.4,12,98,-21.7,51,0,0,0,0,0,0,n,804,Overcast clouds,c04n,4
2026/6/13 4:30,0,27.2,31.2,89,25.2,998,2.6,179,5.2,10,99,-18.9,53.1,0,0,0,0,0,0,n,804,Overcast clouds,c04n,4
2026/6/13 4:45,0,27.3,31.4,88,25.1,998,2.5,180,5,10,100,-16.2,55.3,0,0,0,0,0,0,n,804,Overcast clouds,c04n,4
2026/6/13 5:00,0,27.4,31.6,88,25.2,998,2.4,182,4.8,10,100,-13.4,57.5,0,0,0,0,0,0,n,804,Overcast clouds,c04n,5
2026/6/13 5:15,0,27.5,31.9,88,25.3,998,2.3,178,4.8,12,100,-10.4,59.1,0,0,0,0,0,0,n,804,Overcast clouds,c04n,5
2026/6/13 5:30,0,27.6,32.2,88,25.4,998,2.2,173,4.8,13,100,-7.3,60.8,0,0,0,0,0,0,n,804,Overcast clouds,c04n,5
2026/6/13 5:45,0,27.7,32.5,88,25.5,998,2.1,168,4.8,13,100,-4.3,62.5,0,0,0,0,0,0,n,804,Overcast clouds,c04n,5
2026/6/13 6:00,0.13,27.8,32.8,88,25.6,998,2,164,4.8,14,100,-1.3,64.1,0,0,0,0,0,0,n,804,Overcast clouds,c04n,6
2026/6/13 6:15,2.76,27.9,33,88,25.7,998,2.2,164,5.1,14,100,1.9,65.4,37,14,14,0.6,0,0,d,804,Overcast clouds,c04n,6
2026/6/13 6:30,8.15,28,33.2,88,25.8,998,2.4,164,5.4,15,100,5.1,66.8,73,28,29,0.6,0,0,d,804,Overcast clouds,c04d,6
2026/6/13 6:45,23.63,28,33.5,88,25.8,998,2.6,164,5.7,15,99,8.3,68.1,110,41,46,0.7,0,0,d,804,Overcast clouds,c04d,6
2026/6/13 7:00,33.22,28.1,33.7,88,25.9,998,2.8,164,6,16,99,11.4,69.4,146,55,61,0.7,0,0,d,804,Overcast clouds,c04d,7
2026/6/13 7:15,52.84,28.2,33.8,87,25.8,998,2.8,162,6.2,16,99,14.7,70.5,202,62,71,0.7,0,0,d,804,Overcast clouds,c04d,7
2026/6/13 7:30,60.12,28.3,33.9,86,25.7,998,2.8,160,6.4,10,100,18,71.6,259,69,73,0.7,0,0,d,804,Overcast clouds,c04d,7
2026/6/13 7:45,43.01,28.4,34,85,25.6,998,2.8,158,6.6,10,100,21.3,72.7,315,76,81,0.8,0,0,d,804,Overcast clouds,c04d,7
2026/6/13 8:00,45.81,28.5,34.1,84,25.5,998,2.8,156,6.8,10,100,24.6,73.8,371,83,89,0.9,0,0,d,804,Overcast clouds,c04d,8
2026/6/13 8:15,64.78,28.6,34.4,84,25.6,998,2.9,158,7.4,12,100,27.9,74.7,427,87,94,1,0,0,d,804,Overcast clouds,c04d,8
2026/6/13 8:30,123.98,28.7,34.5,83,25.5,999,3,161,8,16,99,31.3,75.6,483,92,115,1.2,0,0,d,804,Overcast clouds,c04d,8
2026/6/13 8:45,96.61,28.8,34.6,82,25.4,999,3.1,164,8.6,16,98,34.6,76.6,539,96,138,1.3,0,0,d,804,Overcast clouds,c04d,8
2026/6/13 9:00,72.3,28.9,34.9,82,25.5,999,3.2,166,9.2,16,98,38,77.5,595,101,148,1.5,0,0,d,804,Overcast clouds,c04d,9
2026/6/13 9:15,82.95,29.7,36.3,78,25.5,999,3.4,172,9.4,16,96,41.4,78.3,644,104,191,1.8,0,0,d,804,Overcast clouds,c04d,9
2026/6/13 9:30,108.41,30.6,37.6,74,25.4,999,3.6,178,9.6,10,94,44.8,79.1,693,107,135,2,0,0,d,804,Overcast clouds,c04d,9
2026/6/13 9:45,113.14,31.4,38.6,70,25.2,999,3.8,184,9.8,10,93,48.2,79.9,742,110,164,2.3,0,0,d,804,Overcast clouds,c04d,9
2026/6/13 10:00,56.5,32.2,39.5,66,25,999,4,190,10,10,91,51.6,80.7,792,113,216,2.7,0,0,d,804,Overcast clouds,c04d,10
2026/6/13 10:15,3.95,32.2,39.5,66,25,999,4,192,10.3,12,86,55,81.3,829,115,320,3.2,0,0,d,804,Overcast clouds,c04d,10
2026/6/13 10:30,4.01,32.2,39.5,66,25,999,4,195,10.6,13,82,58.4,82,866,117,404,3.7,0,0,d,804,Overcast clouds,c04d,10
2026/6/13 10:45,4,32.2,39.2,65,24.8,999,4,198,10.9,13,77,61.9,82.6,904,118,503,4.3,0,0,d,804,Overcast clouds,c04d,10
2026/6/13 11:00,3.98,32.2,39.2,65,24.8,998,4,200,11.2,14,72,65.3,83.3,941,120,595,4.9,0,0,d,804,Overcast clouds,c04d,11
2026/6/13 11:15,4.01,32.2,39.2,65,24.8,998,4,202,11.3,14,71,68.7,83.6,963,122,622,5.2,0.25,0,d,804,Overcast clouds,c04d,11
2026/6/13 11:30,3.95,32.2,39.5,66,25,998,4,204,11.4,10,70,72.2,83.9,985,123,648,5.5,0.5,0,d,301,Drizzle,d02d,11
2026/6/13 11:45,3.97,32.2,39.5,66,25,998,4,206,11.5,10,68,75.6,84.2,1008,124,688,5.9,0.25,0,d,803,Broken clouds,c03d,11
2026/6/13 12:00,3.99,32.2,39.5,66,25,997,4,208,11.6,10,67,79.1,84.5,1030,125,716,6.2,0,0,d,803,Broken clouds,c03d,12
2026/6/13 12:15,3.98,32.5,40.3,66,25.3,997,4,208,11.6,12,69,81.1,134,1035,125,693,6.1,0,0,d,803,Broken clouds,c03d,12
2026/6/13 12:30,4.03,32.8,40.7,65,25.3,997,4,207,11.6,13,72,83.1,183.6,1040,125,655,6,0,0,d,804,Overcast clouds,c04d,12
2026/6/13 12:45,127.77,33,41.1,64,25.3,997,4,206,11.6,13,74,85,233.1,1045,125,628,5.9,0,0,d,804,Overcast clouds,c04d,12
2026/6/13 13:00,50.87,33.3,41.9,64,25.6,996,4,206,11.6,13,76,87,282.7,1050,126,598,5.7,0,0,d,804,Overcast clouds,c04d,13
2026/6/13 13:15,0,33.2,42.1,65,25.7,996,4.1,207,11.5,14,80,83.6,280.9,1038,125,520,5.3,0,0,d,804,Overcast clouds,c04d,13
2026/6/13 13:30,0,33.2,42.2,66,25.9,996,4.2,208,11.4,15,83,80.2,279.2,1025,124,455,5,0,0,d,804,Overcast clouds,c04d,13
2026/6/13 13:45,0.02,33.1,42,66,25.9,996,4.3,209,11.3,15,86,76.7,277.4,1013,124,388,4.6,0,0,d,804,Overcast clouds,c04d,13
2026/6/13 14:00,0,33,42.2,67,26,995,4.4,210,11.2,16,90,73.3,275.7,1001,123,292,4.2,0,0,d,804,Overcast clouds,c04d,14
2026/6/13 14:15,0,33.1,42,66,25.9,995,4.3,211,11.1,16,92,69.8,276.2,972,122,237,3.8,0,0,d,804,Overcast clouds,c04d,14
2026/6/13 14:30,0.01,33.2,42.2,66,25.9,995,4.2,212,11,10,94,66.4,276.7,943,120,181,3.5,0,0,d,804,Overcast clouds,c04d,14
2026/6/13 14:45,0.01,33.2,42.5,66,26,995,4.1,213,10.9,10,96,63,277.2,914,119,126,3.1,0.25,0,d,804,Overcast clouds,c04d,14
2026/6/13 15:00,0,33.3,42.3,65,25.8,994,4,214,10.8,10,98,59.5,277.8,885,118,187,2.8,0.5,0,d,301,Drizzle,d02d,15
2026/6/13 15:15,0.03,33.1,42.2,66,25.9,994,3.6,212,9.8,12,98,56.1,278.5,842,115,180,2.6,0.25,0,d,804,Overcast clouds,c04d,15
2026/6/13 15:30,0,33,41.7,66,25.7,994,3.2,210,8.8,13,99,52.7,279.2,799,113,152,2.3,0,0,d,804,Overcast clouds,c04d,15
2026/6/13 15:45,0,32.8,41.2,66,25.6,994,2.8,208,7.8,13,100,49.3,279.9,757,111,125,2.1,0,0,d,804,Overcast clouds,c04d,15
2026/6/13 16:00,0,32.6,41,67,25.7,994,2.4,206,6.8,13,100,45.9,280.6,714,108,121,1.9,0,0,d,804,Overcast clouds,c04d,16
2026/6/13 16:15,0,32.6,41.4,68,25.9,994,2.4,194,6.4,14,100,42.5,281.5,661,105,116,1.7,0,0,d,804,Overcast clouds,c04d,16
2026/6/13 16:30,0,32.6,41.4,68,25.9,994,2.4,181,6,10,100,39.1,282.3,608,101,111,1.5,0,0,d,804,Overcast clouds,c04d,16
2026/6/13 16:45,0.02,32.6,41.8,69,26.2,994,2.4,168,5.6,10,100,35.7,283.2,556,97,106,1.3,0,0,d,804,Overcast clouds,c04d,16
2026/6/13 17:00,0,32.6,42.2,70,26.4,993,2.4,156,5.2,12,100,32.3,284,503,94,101,1.2,0,0,d,804,Overcast clouds,c04d,17
2026/6/13 17:15,0,32.1,41.9,73,26.7,993,2.1,154,5,12,100,29,285,446,89,94,1,1,0,d,500,Light rain,r01d,17
2026/6/13 17:30,0.02,31.7,41.6,76,26.9,993,1.8,151,4.8,10,100,25.7,286,389,83,72,0.9,2,0,d,500,Light rain,r01d,17
2026/6/13 17:45,0.02,31.2,40.7,78,26.9,993,1.5,148,4.6,10,100,22.4,287,332,78,67,0.8,2.25,0,d,500,Light rain,r01d,17
2026/6/13 18:00,0.02,30.7,40.2,81,27.1,993,1.2,146,4.4,12,100,19,288,275,73,62,0.8,2.5,0,d,500,Light rain,r01d,18
2026/6/13 18:15,0,30.6,40,81,27,994,1.4,131,4.6,12,100,15.8,289.2,222,64,56,0.7,2,0,d,500,Light rain,r01d,18
2026/6/13 18:30,0,30.6,39.7,81,26.9,994,1.6,116,4.8,13,100,12.5,290.3,169,55,49,0.7,1.5,0,d,500,Light rain,r01d,18
2026/6/13 18:45,0.01,30.5,39.5,81,26.8,994,1.8,101,5,13,100,9.3,291.5,116,47,48,0.6,1,0,d,500,Light rain,r01d,18
2026/6/13 19:00,0,30.4,39.2,81,26.8,994,2,86,5.2,14,100,6,292.7,64,38,38,0.6,0.5,0,d,301,Drizzle,d02d,19
2026/6/13 19:15,0.02,30.2,38.9,82,26.8,994,2.2,94,5.1,14,100,2.9,294.1,48,28,28,0.6,0.5,0,d,301,Drizzle,d02n,19
2026/6/13 19:30,0,30,38.2,82,26.6,995,2.4,102,5,15,100,-0.2,295.6,32,19,19,0,0.5,0,d,301,Drizzle,d02n,19
2026/6/13 19:45,0,29.8,37.9,83,26.6,995,2.6,110,4.9,15,100,-3.3,297.1,16,9,9,0,0.5,0,d,301,Drizzle,d02n,19
2026/6/13 20:00,0,29.6,37.5,84,26.6,995,2.8,118,4.8,15,100,-6.5,298.5,0,0,0,0,0.5,0,n,301,Drizzle,d02n,20
2026/6/13 20:15,0,29.6,37.5,84,26.6,995,2.8,122,4.6,16,100,-9.4,300.4,0,0,0,0,0.5,0,n,301,Drizzle,d02n,20
2026/6/13 20:30,0,29.6,37.5,84,26.6,995,2.8,127,4.4,16,100,-12.3,302.2,0,0,0,0,0.5,0,n,301,Drizzle,d02n,20
2026/6/13 20:45,0,29.6,37.5,84,26.6,995,2.8,132,4.2,16,100,-15.2,304.1,0,0,0,0,2.5,0,n,500,Light rain,r01n,20
2026/6/13 21:00,0,29.6,37.5,84,26.6,995,2.8,136,4,16,100,-18.2,305.9,0,0,0,0,4.5,0,n,501,Moderate rain,r02n,21
2026/6/13 21:15,0,29.4,37.2,85,26.6,995,2.4,138,4,16,100,-20.8,308.4,0,0,0,0,9.25,0,n,501,Moderate rain,r02n,21
2026/6/13 21:30,0.01,29.3,36.9,86,26.7,995,2,141,4,10,100,-23.4,310.8,0,0,0,0,14,0,n,502,Heavy rain,r03n,21
2026/6/13 21:45,0,29.1,36.6,87,26.7,995,1.6,144,4,10,100,-26.1,313.2,0,0,0,0,10.25,0,n,501,Moderate rain,r02n,21
2026/6/13 22:00,0,28.9,36.3,88,26.7,995,1.2,146,4,10,100,-28.7,315.7,0,0,0,0,6.5,0,n,501,Moderate rain,r02n,22
2026/6/13 22:15,0,28.7,35.8,89,26.7,995,1,130,3.8,12,100,-30.8,318.9,0,0,0,0,3.75,0,n,500,Light rain,r01n,22
2026/6/13 22:30,0,28.5,35.4,90,26.7,996,0.8,113,3.6,11,100,-33,322.1,0,0,0,0,1,0,n,500,Light rain,r01n,22
2026/6/13 22:45,0,28.3,34.9,91,26.7,996,0.6,96,3.4,11,100,-35.1,325.3,0,0,0,0,1,0,n,500,Light rain,r01n,22
2026/6/13 23:00,0,28.1,34.4,92,26.7,996,0.4,80,3.2,11,100,-37.2,328.6,0,0,0,0,1,0,n,500,Light rain,r01n,23
2026/6/13 23:15,0,28.1,34.4,92,26.7,996,0.6,65,3,12,100,-38.6,332.7,0,0,0,0,2,0,n,500,Light rain,r01n,23
2026/6/13 23:30,0,28.1,34.4,92,26.7,996,0.8,50,2.8,10,100,-40,336.8,0,0,0,0,3,0,n,500,Light rain,r01n,23
2026/6/13 23:45,0,28.1,34.4,92,26.7,996,1,35,2.6,10,100,-41.3,341,0,0,0,0,2.75,0,n,500,Light rain,r01n,23
2026/6/14 0:00,0,28.1,34.4,92,26.7,996,1.2,20,2.4,10,100,-42.7,345.1,0,0,0,0,2.5,0,n,500,Light rain,r01n,0
2026/6/14 0:15,0,28,34.2,92,26.6,996,1.3,24,2.4,7,100,-43,259.8,0,0,0,0,2.5,0,n,500,Light rain,r01n,0
2026/6/14 0:30,0,28,34.1,93,26.7,996,1.4,28,2.4,10,100,-43.4,174.5,0,0,0,0,2.5,0,n,500,Light rain,r01n,0
2026/6/14 0:45,0,27.9,34,94,26.8,995,1.5,32,2.4,10,100,-43.7,89.3,0,0,0,0,2.75,0,n,500,Light rain,r01n,0
2026/6/14 1:00,0,27.8,33.8,94,26.7,995,1.6,36,2.4,10,100,-44,4,0,0,0,0,3,0,n,500,Light rain,r01n,1
2026/6/14 1:15,0,27.6,33.3,95,26.7,995,1.6,34,2.4,12,100,-43.2,8.5,0,0,0,0,2.5,0,n,200,Thunderstorm with light rain,t01n,1
2026/6/14 1:30,0,27.4,32.7,96,26.7,995,1.6,32,2.4,10,100,-42.5,13.1,0,0,0,0,2,0,n,200,Thunderstorm with light rain,t01n,1
2026/6/14 1:45,0,27.2,32.2,97,26.7,995,1.6,30,2.4,10,100,-41.7,17.6,0,0,0,0,2,0,n,200,Thunderstorm with light rain,t01n,1
2026/6/14 2:00,0,27,31.6,98,26.7,995,1.6,28,2.4,12,100,-40.9,22.2,0,0,0,0,2,0,n,500,Light rain,r01n,2
2026/6/14 2:15,0,27,31.6,98,26.7,995,1.6,22,3.5,12,100,-39.1,26,0,0,0,0,2,0,n,500,Light rain,r01n,2
2026/6/14 2:30,0,27,31.5,97,26.5,995,1.6,15,4.6,13,100,-37.4,29.7,0,0,0,0,2,0,n,500,Light rain,r01n,2
2026/6/14 2:45,0,27,31.4,96,26.3,995,1.6,8,5.7,13,100,-35.7,33.5,0,0,0,0,1.75,0,n,500,Light rain,r01n,2
2026/6/14 3:00,0,27,31.4,96,26.3,995,1.6,2,6.8,14,100,-34,37.2,0,0,0,0,1.5,0,n,200,Thunderstorm with light rain,t01n,3
2026/6/14 3:15,0,26.9,31.1,96,26.2,995,1.9,4,7.4,14,100,-31.6,40.1,0,0,0,0,1.5,0,n,200,Thunderstorm with light rain,t01n,3
2026/6/14 3:30,0,26.9,30.9,96,26.2,995,2.2,5,8,15,100,-29.2,43,0,0,0,0,1.5,0,n,200,Thunderstorm with light rain,t01n,3
2026/6/14 3:45,0,26.8,30.7,96,26.1,995,2.5,6,8.6,15,100,-26.9,45.9,0,0,0,0,2,0,n,200,Thunderstorm with light rain,t01n,3
2026/6/14 4:00,0,26.7,30.4,96,26,995,2.8,8,9.2,15,100,-24.5,48.7,0,0,0,0,2.5,0,n,200,Thunderstorm with light rain,t01n,4
2026/6/14 4:15,0,26.6,27.8,96,25.9,995,2.9,8,9.3,16,100,-21.7,50.9,0,0,0,0,2.5,0,n,200,Thunderstorm with light rain,t01n,4
2026/6/14 4:30,0,26.5,27.7,96,25.8,995,3,9,9.4,10,100,-18.9,53.1,0,0,0,0,2.5,0,n,200,Thunderstorm with light rain,t01n,4
2026/6/14 4:45,0,26.4,27.6,96,25.7,995,3.1,10,9.5,10,100,-16.2,55.2,0,0,0,0,2.5,0,n,200,Thunderstorm with light rain,t01n,4
2026/6/14 5:00,0,26.3,27.5,96,25.6,995,3.2,10,9.6,12,100,-13.4,57.4,0,0,0,0,2.5,0,n,200,Thunderstorm with light rain,t01n,5
2026/6/14 5:15,0,26.1,27.3,96,25.4,995,3.2,12,9.3,12,100,-10.4,59.1,0,0,0,0,2,0,n,200,Thunderstorm with light rain,t01n,5
2026/6/14 5:30,0,26,27.1,96,25.3,996,3.2,15,9,13,100,-7.4,60.7,0,0,0,0,1.5,0,n,200,Thunderstorm with light rain,t01n,5
2026/6/14 5:45,0,25.8,26.9,96,25.1,996,3.2,18,8.7,13,100,-4.3,62.4,0,0,0,0,3.5,0,n,500,Light rain,r01n,5
2026/6/14 6:00,0,25.6,26.7,96,24.9,996,3.2,20,8.4,14,100,-1.3,64.1,0,0,0,0,5.5,0,n,501,Moderate rain,r02n,6
2026/6/14 6:15,0,25.6,26.7,96,24.9,996,3.1,24,7.4,14,100,1.9,65.4,36,14,9,0.6,6.25,0,d,501,Moderate rain,r02n,6
2026/6/14 6:30,0.07,25.6,26.7,96,24.9,997,3,28,6.4,16,100,5.1,66.7,73,28,18,0.6,7,0,d,501,Moderate rain,r02d,6
2026/6/14 6:45,0,25.6,26.7,96,24.9,997,2.9,32,5.4,16,100,8.2,68,109,41,28,0.6,5.75,0,d,501,Moderate rain,r02d,6
2026/6/14 7:00,0.94,25.6,26.7,96,24.9,997,2.8,36,4.4,16,100,11.4,69.4,146,55,41,0.7,4.5,0,d,501,Moderate rain,r02d,7
2026/6/14 7:15,0.67,25.5,26.6,96,24.8,997,2.7,34,4.3,16,100,14.7,70.5,202,62,50,0.7,3.25,0,d,500,Light rain,r01d,7
2026/6/14 7:30,3.09,25.4,26.5,97,24.9,997,2.6,33,4.2,7,100,18,71.5,258,69,60,0.7,2,0,d,500,Light rain,r01d,7
2026/6/14 7:45,3.84,25.3,26.4,98,25,997,2.5,32,4.1,7,100,21.3,72.6,314,76,69,0.8,1.75,0,d,500,Light rain,r01d,7
2026/6/14 8:00,5.46,25.2,26.3,98,24.9,997,2.4,30,4,8,100,24.6,73.7,370,83,78,0.9,1.5,0,d,500,Light rain,r01d,8
2026/6/14 8:15,6.85,25.3,26.4,98,25,997,2.3,34,4.1,9,100,27.9,74.6,426,87,95,1,1,0,d,500,Light rain,r01d,8
2026/6/14 8:30,15.58,25.4,26.5,97,24.9,997,2.2,37,4.2,8,100,31.3,75.6,482,92,102,1.1,0.5,0,d,301,Drizzle,d02d,8
2026/6/14 8:45,12.23,25.5,26.6,96,24.8,997,2.1,40,4.3,8,100,34.6,76.5,538,96,107,1.3,0.5,0,d,301,Drizzle,d02d,8
2026/6/14 9:00,8.1,25.6,26.7,96,24.9,997,2,44,4.4,8,100,38,77.4,594,100,113,1.4,0.5,0,d,301,Drizzle,d02d,9
2026/6/14 9:15,0,26,27.1,94,24.9,997,1.8,46,4.3,8,100,41.4,78.2,643,104,118,1.6,0.5,0,d,301,Drizzle,d02d,9
2026/6/14 9:30,13.54,26.3,27.4,92,24.9,997,1.6,49,4.2,14,100,44.8,79,693,107,122,1.8,0.5,0,d,301,Drizzle,d02d,9
2026/6/14 9:45,20.3,26.7,27.7,90,24.9,997,1.4,52,4.1,15,100,48.2,79.8,742,110,112,2,1.25,0,d,500,Light rain,r01d,9
2026/6/14 10:00,24.4,27,30.5,88,24.8,997,1.2,54,4,16,100,51.6,80.6,791,113,108,2.2,2,0,d,500,Light rain,r01d,10
2026/6/14 10:15,37.35,27.1,30.8,88,24.9,997,1.2,52,4.1,16,100,55,81.2,828,115,119,2.4,1.25,0,d,500,Light rain,r01d,10
2026/6/14 10:30,35.36,27.2,31,87,24.8,997,1.2,51,4.2,16,100,58.4,81.9,866,116,135,2.6,0.5,0,d,301,Drizzle,d02d,10
2026/6/14 10:45,40.46,27.3,31.1,86,24.7,997,1.2,50,4.3,16,100,61.8,82.5,903,118,139,2.8,0.5,0,d,301,Drizzle,d02d,10
2026/6/14 11:00,63.2,27.4,31.4,86,24.8,997,1.2,48,4.4,16,100,65.3,83.2,940,120,141,3,0.5,0,d,301,Drizzle,d02d,11
2026/6/14 11:15,104.43,27.5,31.7,86,24.9,997,1.1,47,4.3,16,100,68.7,83.4,963,121,142,3.2,0.75,0,d,301,Drizzle,d02d,11
2026/6/14 11:30,123.47,27.6,31.8,85,24.8,997,1,46,4.2,10,100,72.1,83.7,985,123,145,3.3,1,0,d,500,Light rain,r01d,11
2026/6/14 11:45,124.67,27.7,31.9,84,24.7,996,0.9,45,4.1,10,100,75.6,83.9,1007,124,147,3.5,0.75,0,d,301,Drizzle,d02d,11
2026/6/14 12:00,122.86,27.8,32.2,84,24.8,996,0.8,44,4,10,100,79,84.2,1030,125,148,3.6,0.5,0,d,301,Drizzle,d02d,12
2026/6/14 12:15,51.18,28.3,33.1,82,24.9,996,0.8,44,3.8,12,100,81,134.1,1035,125,148,3.6,0.25,0,d,804,Overcast clouds,c04d,12
2026/6/14 12:30,3.89,28.7,33.9,80,24.9,996,0.8,43,3.6,13,100,83,184,1040,125,149,3.7,0,0,d,804,Overcast clouds,c04d,12
2026/6/14 12:45,3.97,29.2,34.5,77,24.7,996,0.8,42,3.4,13,100,85.1,233.9,1045,125,150,3.7,0,0,d,804,Overcast clouds,c04d,12
2026/6/14 13:00,33.46,29.6,35.2,75,24.7,996,0.8,42,3.2,14,100,87.1,283.8,1050,126,151,3.7,0,0,d,804,Overcast clouds,c04d,13
2026/6/14 13:15,24.11,29.7,35.5,75,24.8,996,0.8,46,3.2,14,100,83.6,281.8,1038,125,149,3.7,0,0,d,804,Overcast clouds,c04d,13
2026/6/14 13:30,4.02,29.8,35.8,75,24.9,996,0.8,51,3.2,15,100,80.2,279.8,1025,124,147,3.6,0,0,d,804,Overcast clouds,c04d,13
2026/6/14 13:45,64.26,29.9,36,75,25,995,0.8,56,3.2,15,100,76.8,277.8,1013,124,147,3.5,0,0,d,804,Overcast clouds,c04d,13
2026/6/14 14:00,53.69,30,36.3,75,25.1,995,0.8,60,3.2,16,100,73.3,275.8,1001,123,145,3.4,0,0,d,804,Overcast clouds,c04d,14
2026/6/14 14:15,28.22,30.2,36.8,75,25.2,995,0.7,64,3.1,16,100,69.9,276.3,972,122,142,3.2,0,0,d,804,Overcast clouds,c04d,14
2026/6/14 14:30,18.8,30.4,37,74,25.2,995,0.6,67,3,16,100,66.5,276.8,943,120,140,3.1,0,0,d,804,Overcast clouds,c04d,14
2026/6/14 14:45,12.15,30.5,37.5,74,25.4,995,0.5,70,2.9,16,100,63,277.3,914,119,138,2.9,0,0,d,804,Overcast clouds,c04d,14
2026/6/14 15:00,6.37,30.7,38,74,25.5,995,0.4,74,2.8,16,100,59.6,277.8,885,118,135,2.7,0,0,d,804,Overcast clouds,c04d,15
2026/6/14 15:15,4,30.8,38.3,74,25.6,995,0.4,69,2.9,16,100,56.2,278.6,843,115,131,2.5,0,0,d,804,Overcast clouds,c04d,15
2026/6/14 15:30,3.93,30.9,38.2,73,25.5,995,0.4,64,3,10,100,52.8,279.3,800,113,129,2.3,0,0,d,804,Overcast clouds,c04d,15
2026/6/14 15:45,3.95,31,38.2,72,25.4,995,0.4,59,3.1,10,100,49.3,280,757,111,126,2.1,0,0,d,804,Overcast clouds,c04d,15
2026/6/14 16:00,3.98,31.1,38.5,72,25.4,994,0.4,54,3.2,12,100,45.9,280.7,714,108,122,1.9,0,0,d,804,Overcast clouds,c04d,16
2026/6/14 16:15,3.89,31.3,38.7,71,25.4,994,0.5,54,3.2,12,100,42.5,281.5,662,105,118,1.7,0,0,d,804,Overcast clouds,c04d,16
2026/6/14 16:30,3.92,31.5,39,70,25.4,994,0.6,54,3.2,10,100,39.2,282.4,609,101,113,1.5,0,0,d,804,Overcast clouds,c04d,16
2026/6/14 16:45,3.96,31.7,39.5,70,25.5,994,0.7,54,3.2,10,100,35.8,283.2,556,98,108,1.3,0,0,d,804,Overcast clouds,c04d,16
2026/6/14 17:00,3.96,31.9,39.8,69,25.5,993,0.8,54,3.2,10,100,32.4,284.1,504,94,103,1.2,0,0,d,804,Overcast clouds,c04d,17
2026/6/14 17:15,4,31.2,38.6,72,25.5,993,1,53,3.2,12,100,29.1,285,447,89,97,1,0,0,d,804,Overcast clouds,c04d,17
2026/6/14 17:30,3.98,30.4,37.1,74,25.2,993,1.2,52,3.2,13,100,25.7,286,390,83,90,0.9,0,0,d,804,Overcast clouds,c04d,17
2026/6/14 17:45,3.93,29.7,35.8,77,25.2,993,1.4,51,3.2,13,100,22.4,287,333,78,84,0.8,0,0,d,804,Overcast clouds,c04d,17
2026/6/14 18:00,3.96,28.9,34.5,80,25.1,993,1.6,50,3.2,13,100,19.1,288,276,73,78,0.8,0,0,d,804,Overcast clouds,c04d,18
2026/6/14 18:15,3.97,28.9,34.5,80,25.1,993,1.4,76,2.9,14,100,15.8,289.2,223,64,68,0.7,0,0,d,804,Overcast clouds,c04d,18
2026/6/14 18:30,12.99,28.9,34.7,81,25.3,994,1.2,101,2.6,15,100,12.6,290.4,170,56,59,0.7,0,0,d,804,Overcast clouds,c04d,18
2026/6/14 18:45,8.97,28.9,34.9,82,25.5,994,1,126,2.3,15,99,9.3,291.5,117,47,52,0.7,0,0,d,804,Overcast clouds,c04d,18
2026/6/14 19:00,4.16,28.9,34.9,82,25.5,994,0.8,152,2,16,99,6.1,292.7,65,38,40,0.7,0,0,d,804,Overcast clouds,c04d,19
2026/6/14 19:15,1.77,28.9,34.9,82,25.5,994,0.8,149,2,16,99,3,294.2,48,29,31,0.6,0,0,d,804,Overcast clouds,c04n,19
2026/6/14 19:30,0.37,28.9,34.9,82,25.5,994,0.8,146,2,10,99,-0.1,295.6,32,19,20,0,0,0,d,804,Overcast clouds,c04n,19
2026/6/14 19:45,0.02,28.9,34.9,82,25.5,994,0.8,143,2,10,99,-3.3,297.1,16,10,11,0,0,0,d,804,Overcast clouds,c04n,19
2026/6/14 20:00,0,28.9,34.9,82,25.5,994,0.8,140,2,10,99,-6.4,298.5,0,0,0,0,0,0,n,804,Overcast clouds,c04n,20
2026/6/14 20:15,0,28.8,34.6,82,25.4,994,0.9,136,2.2,12,99,-9.3,300.4,0,0,0,0,0,0,n,804,Overcast clouds,c04n,20
2026/6/14 20:30,0,28.7,34.5,83,25.5,995,1,132,2.4,10,100,-12.2,302.2,0,0,0,0,0,0,n,804,Overcast clouds,c04n,20
2026/6/14 20:45,0,28.6,34.4,84,25.6,995,1.1,128,2.6,10,100,-15.2,304.1,0,0,0,0,0,0,n,804,Overcast clouds,c04n,20
2026/6/14 21:00,0,28.5,34.1,84,25.5,995,1.2,124,2.8,10,100,-18.1,305.9,0,0,0,0,0,0,n,804,Overcast clouds,c04n,21
2026/6/14 21:15,0,28.2,33.7,86,25.7,995,1.2,122,2.6,12,100,-20.7,308.4,0,0,0,0,0,0,n,804,Overcast clouds,c04n,21
2026/6/14 21:30,0,28,33.1,87,25.6,995,1.2,121,2.4,13,100,-23.4,310.8,0,0,0,0,0,0,n,804,Overcast clouds,c04n,21
2026/6/14 21:45,0,27.7,32.4,88,25.5,995,1.2,120,2.2,13,100,-26,313.2,0,0,0,0,0,0,n,804,Overcast clouds,c04n,21
2026/6/14 22:00,0,27.4,31.9,90,25.6,995,1.2,118,2,14,100,-28.6,315.7,0,0,0,0,0,0,n,804,Overcast clouds,c04n,22
2026/6/14 22:15,0,27.4,31.9,90,25.6,995,1.2,120,2.2,14,100,-30.7,318.9,0,0,0,0,0.25,0,n,804,Overcast clouds,c04n,22
2026/6/14 22:30,0,27.4,31.9,90,25.6,996,1.2,122,2.4,15,100,-32.9,322.1,0,0,0,0,0.5,0,n,301,Drizzle,d02n,22
2026/6/14 22:45,0,27.4,31.9,90,25.6,996,1.2,124,2.6,15,100,-35,325.3,0,0,0,0,0.25,0,n,804,Overcast clouds,c04n,22
2026/6/14 23:00,0,27.4,31.9,90,25.6,996,1.2,126,2.8,16,100,-37.2,328.6,0,0,0,0,0,0,n,804,Overcast clouds,c04n,23
2026/6/14 23:15,0,27.3,31.7,91,25.7,996,1.2,120,2.9,16,100,-38.5,332.7,0,0,0,0,0,0,n,804,Overcast clouds,c04n,23
2026/6/14 23:30,0,27.2,31.6,92,25.8,996,1.2,115,3,16,100,-39.9,336.8,0,0,0,0,0,0,n,804,Overcast clouds,c04n,23
2026/6/14 23:45,0,27.1,31.4,93,25.9,996,1.2,110,3.1,16,100,-41.3,340.9,0,0,0,0,0.25,0,n,804,Overcast clouds,c04n,23
2026/6/15 0:00,0,27,31.2,94,25.9,996,1.2,104,3.2,16,100,-42.7,345,0,0,0,0,0.5,0,n,301,Drizzle,d02n,0
2026/6/15 0:15,0,26.9,30.9,94,25.9,996,1.4,104,3.6,16,100,-43,259.8,0,0,0,0,0.25,0,n,804,Overcast clouds,c04n,0
2026/6/15 0:30,0,26.9,30.8,95,26,996,1.6,105,4,16,100,-43.3,174.5,0,0,0,0,0,0,n,804,Overcast clouds,c04n,0
2026/6/15 0:45,0,26.8,30.7,96,26.1,995,1.8,106,4.4,16,100,-43.7,89.2,0,0,0,0,0,0,n,804,Overcast clouds,c04n,0
2026/6/15 1:00,0,26.7,30.4,96,26,995,2,106,4.8,16,100,-44,3.9,0,0,0,0,0,0,n,804,Overcast clouds,c04n,1
2026/6/15 1:15,0,26.7,30.4,96,26,995,1.9,102,5.1,16,100,-43.2,8.5,0,0,0,0,0,0,n,804,Overcast clouds,c04n,1
2026/6/15 1:30,0,26.7,30.4,96,26,995,1.8,97,5.4,10,100,-42.4,13,0,0,0,0,0,0,n,804,Overcast clouds,c04n,1
2026/6/15 1:45,0,26.7,30.4,96,26,995,1.7,92,5.7,10,100,-41.6,17.6,0,0,0,0,0,0,n,804,Overcast clouds,c04n,1
2026/6/15 2:00,0,26.7,30.4,96,26,995,1.6,88,6,10,100,-40.8,22.1,0,0,0,0,0,0,n,804,Overcast clouds,c04n,2
2026/6/15 2:15,0,26.7,30.4,96,26,995,1.6,81,5.9,10,100,-39.1,25.9,0,0,0,0,0,0,n,804,Overcast clouds,c04n,2
2026/6/15 2:30,0,26.7,30.3,95,25.8,995,1.6,74,5.8,10,100,-37.4,29.6,0,0,0,0,0,0,n,804,Overcast clouds,c04n,2
2026/6/15 2:45,0,26.7,30.2,94,25.7,995,1.6,67,5.7,10,100,-35.7,33.4,0,0,0,0,0,0,n,804,Overcast clouds,c04n,2
2026/6/15 3:00,0,26.7,30.2,94,25.7,995,1.6,60,5.6,10,100,-34,37.2,0,0,0,0,0,0,n,804,Overcast clouds,c04n,3
2026/6/15 3:15,0,26.6,27.8,94,25.6,995,1.7,61,5.5,10,100,-31.6,40,0,0,0,0,0,0,n,804,Overcast clouds,c04n,3
2026/6/15 3:30,0,26.5,27.7,95,25.6,995,1.8,62,5.4,14,100,-29.2,42.9,0,0,0,0,0,0,n,804,Overcast clouds,c04n,3
2026/6/15 3:45,0,26.4,27.6,96,25.7,995,1.9,63,5.3,14,100,-26.9,45.8,0,0,0,0,0,0,n,804,Overcast clouds,c04n,3
2026/6/15 4:00,0,26.3,27.5,96,25.6,995,2,64,5.2,15,100,-24.5,48.7,0,0,0,0,0,0,n,804,Overcast clouds,c04n,4
2026/6/15 4:15,0,26.2,27.4,96,25.5,995,1.9,62,4.7,15,100,-21.7,50.8,0,0,0,0,0,0,n,804,Overcast clouds,c04n,4
2026/6/15 4:30,0,26.1,27.3,97,25.6,995,1.8,61,4.2,16,100,-19,53,0,0,0,0,0,0,n,741,Fog,a05n,4
2026/6/15 4:45,0,26,27.2,98,25.7,995,1.7,60,3.7,16,100,-16.2,55.2,0,0,0,0,0,0,n,741,Fog,a05n,4
2026/6/15 5:00,0,25.9,27.1,98,25.6,995,1.6,58,3.2,16,100,-13.4,57.3,0,0,0,0,0,0,n,741,Fog,a05n,5
2026/6/15 5:15,0,25.9,27.1,98,25.6,995,1.8,68,3.8,16,100,-10.4,59,0,0,0,0,0,0,n,741,Fog,a05n,5
2026/6/15 5:30,0,25.9,27.1,98,25.6,995,2,79,4.4,16,100,-7.4,60.7,0,0,0,0,0,0,n,741,Fog,a05n,5
2026/6/15 5:45,0,25.9,27.1,98,25.6,995,2.2,90,5,16,100,-4.4,62.3,0,0,0,0,0,0,n,741,Fog,a05n,5
2026/6/15 6:00,0,25.9,27.1,98,25.6,995,2.4,100,5.6,16,100,-1.3,64,0,0,0,0,0,0,n,741,Fog,a05n,6
2026/6/15 6:15,0.64,26,27.2,98,25.7,995,2.4,96,6.2,16,100,1.8,65.3,36,14,14,0.6,0,0,d,741,Fog,a05n,6
2026/6/15 6:30,1.59,26.1,27.3,97,25.6,995,2.4,93,6.8,16,100,5,66.6,73,28,29,0.6,0,0,d,741,Fog,a05d,6
2026/6/15 6:45,1.89,26.2,27.4,96,25.5,995,2.4,90,7.4,16,99,8.2,68,109,41,46,0.7,0,0,d,804,Overcast clouds,c04d,6
2026/6/15 7:00,3.62,26.3,27.5,96,25.6,995,2.4,86,8,16,99,11.4,69.3,145,55,61,0.7,0,0,d,804,Overcast clouds,c04d,7
2026/6/15 7:15,7.74,26.4,27.6,96,25.7,995,2.3,84,7.6,16,99,14.7,70.4,201,62,71,0.7,0,0,d,804,Overcast clouds,c04d,7
2026/6/15 7:30,7.59,26.5,27.7,95,25.6,996,2.2,82,7.2,6,100,17.9,71.5,257,69,73,0.7,0,0,d,804,Overcast clouds,c04d,7
2026/6/15 7:45,11.19,26.6,27.8,94,25.6,996,2.1,80,6.8,6,100,21.2,72.6,313,76,81,0.8,0,0,d,804,Overcast clouds,c04d,7
2026/6/15 8:00,7.81,26.7,30.2,94,25.7,996,2,78,6.4,6,100,24.5,73.7,369,83,89,0.9,0,0,d,804,Overcast clouds,c04d,8
2026/6/15 8:15,10.22,26.6,27.8,94,25.6,996,2,83,6,10,100,27.9,74.6,425,87,94,1,0,0,d,804,Overcast clouds,c04d,8
2026/6/15 8:30,0,26.5,27.7,95,25.6,996,2,88,5.6,6,100,31.2,75.5,481,92,100,1.1,0,0,d,804,Overcast clouds,c04d,8
2026/6/15 8:45,0,26.4,27.6,96,25.7,996,2,93,5.2,6,100,34.6,76.4,537,96,105,1.3,0,0,d,804,Overcast clouds,c04d,8
2026/6/15 9:00,0,26.3,27.5,96,25.6,996,2,98,4.8,6,100,37.9,77.4,594,100,111,1.4,0,0,d,804,Overcast clouds,c04d,9
2026/6/15 9:15,9.01,26.6,27.7,94,25.5,996,1.9,94,4.7,10,100,41.3,78.1,643,103,115,1.6,0.25,0,d,804,Overcast clouds,c04d,9
2026/6/15 9:30,8.15,26.9,30.5,92,25.4,996,1.8,89,4.6,6,100,44.7,78.9,692,106,119,1.8,0.5,0,d,301,Drizzle,d02d,9
2026/6/15 9:45,3.52,27.1,31.1,90,25.3,996,1.7,84,4.5,6,100,48.1,79.7,741,109,124,2,0.75,0,d,301,Drizzle,d02d,9
2026/6/15 10:00,4.52,27.4,31.6,88,25.2,996,1.6,80,4.4,9,100,51.5,80.5,790,113,129,2.2,1,0,d,500,Light rain,r01d,10
2026/6/15 10:15,5.53,27.5,31.9,88,25.3,996,1.7,74,4.2,10,100,54.9,81.1,828,114,116,2.4,1.25,0,d,500,Light rain,r01d,10
2026/6/15 10:30,5.61,27.6,32.1,87,25.2,996,1.8,69,4,11,100,58.4,81.8,865,116,116,2.6,1.5,0,d,500,Light rain,r01d,10
2026/6/15 10:45,13.59,27.7,32.2,86,25.1,996,1.9,64,3.8,11,100,61.8,82.4,902,118,137,2.8,1,0,d,500,Light rain,r01d,10
2026/6/15 11:00,18.64,27.8,32.5,86,25.2,996,2,58,3.6,12,100,65.2,83.1,940,120,140,3,0.5,0,d,301,Drizzle,d02d,11
2026/6/15 11:15,25.29,27.8,32.5,86,25.2,996,1.9,56,3.6,13,100,68.7,83.3,962,121,141,3.2,0.5,0,d,301,Drizzle,d02d,11
2026/6/15 11:30,27.82,27.8,32.5,86,25.2,996,1.8,54,3.6,14,100,72.1,83.5,985,122,143,3.3,0.5,0,d,301,Drizzle,d02d,11
2026/6/15 11:45,34.93,27.8,32.5,86,25.2,996,1.7,52,3.6,15,100,75.5,83.7,1007,124,145,3.5,0.75,0,d,231,Thunderstorm with drizzle,t04d,11
2026/6/15 12:00,46.56,27.8,32.5,86,25.2,996,1.6,50,3.6,16,100,79,84,1029,125,147,3.6,1,0,d,200,Thunderstorm with light rain,t01d,12
2026/6/15 12:15,50.86,27.7,32.2,86,25.1,996,1.6,45,3.8,16,100,81,134.2,1034,125,147,3.6,1,0,d,200,Thunderstorm with light rain,t01d,12
2026/6/15 12:30,57.85,27.6,31.9,86,25,996,1.6,40,4,16,100,83,184.4,1040,125,148,3.7,1,0,d,500,Light rain,r01d,12
2026/6/15 12:45,53.58,27.5,31.7,86,24.9,996,1.6,35,4.2,16,100,85.1,234.7,1045,125,148,3.7,0.75,0,d,301,Drizzle,d02d,12
2026/6/15 13:00,36.85,27.4,31.4,86,24.8,996,1.6,30,4.4,16,100,87.1,284.9,1050,126,150,3.7,0.5,0,d,301,Drizzle,d02d,13
2026/6/15 13:15,38.53,27.2,31,87,24.9,996,1.7,32,4.4,16,100,83.7,282.7,1038,125,149,3.7,0.25,0,d,804,Overcast clouds,c04d,13
2026/6/15 13:30,82.13,27.1,30.7,88,24.9,996,1.8,33,4.4,8,100,80.2,280.4,1025,124,147,3.6,0,0,d,804,Overcast clouds,c04d,13
2026/6/15 13:45,35.09,26.9,30.3,89,24.9,996,1.9,34,4.4,8,100,76.8,278.2,1013,124,147,3.5,0,0,d,804,Overcast clouds,c04d,13
2026/6/15 14:00,39.35,26.7,29.9,90,24.9,996,2,36,4.4,8,100,73.4,276,1001,123,145,3.4,0,0,d,804,Overcast clouds,c04d,14
2026/6/15 14:15,41.31,26.7,29.9,90,24.9,996,1.9,36,4.3,11,100,69.9,276.5,972,122,144,3.2,0,0,d,804,Overcast clouds,c04d,14
2026/6/15 14:30,34.22,26.7,30,91,25.1,996,1.8,36,4.2,12,100,66.5,277,943,120,140,3.1,0,0,d,804,Overcast clouds,c04d,14
2026/6/15 14:45,57.83,26.7,30.1,92,25.3,995,1.7,36,4.1,12,100,63.1,277.4,915,119,138,2.9,0,0,d,804,Overcast clouds,c04d,14
2026/6/15 15:00,69.87,26.7,30.1,92,25.3,995,1.6,36,4,13,100,59.6,277.9,886,118,136,2.7,0,0,d,804,Overcast clouds,c04d,15
2026/6/15 15:15,61.67,26.9,30.5,91,25.3,995,1.6,39,3.8,14,100,56.2,278.6,843,115,132,2.5,0,0,d,804,Overcast clouds,c04d,15
2026/6/15 15:30,68.33,27.1,30.9,90,25.3,995,1.6,42,3.6,10,100,52.8,279.3,800,113,129,2.3,0,0,d,804,Overcast clouds,c04d,15
2026/6/15 15:45,71.32,27.2,31.3,89,25.3,994,1.6,45,3.4,10,100,49.4,280,758,111,126,2.1,0,0,d,804,Overcast clouds,c04d,15
2026/6/15 16:00,54.4,27.4,31.6,88,25.2,994,1.6,48,3.2,10,100,46,280.7,715,108,122,1.9,0,0,d,804,Overcast clouds,c04d,16
2026/6/15 16:15,49.44,27.5,31.9,88,25.3,994,1.6,50,3.2,12,100,42.6,281.6,662,105,118,1.7,0,0,d,804,Overcast clouds,c04d,16
2026/6/15 16:30,52.59,27.6,32.1,87,25.2,994,1.6,53,3.2,10,100,39.2,282.4,610,101,113,1.5,0,0,d,804,Overcast clouds,c04d,16
2026/6/15 16:45,0.01,27.7,32.2,86,25.1,994,1.6,56,3.2,10,100,35.8,283.3,557,98,109,1.3,0,0,d,804,Overcast clouds,c04d,16
2026/6/15 17:00,0,27.8,32.5,86,25.2,994,1.6,58,3.2,10,100,32.5,284.1,505,94,104,1.2,0,0,d,804,Overcast clouds,c04d,17
2026/6/15 17:15,0,27.4,31.7,88,25.3,994,1.6,54,3.5,12,100,29.1,285.1,448,89,97,1,0,0,d,804,Overcast clouds,c04d,17
2026/6/15 17:30,0.02,27.1,31,91,25.5,995,1.6,49,3.8,13,100,25.8,286.1,391,84,91,0.9,0,0,d,804,Overcast clouds,c04d,17
2026/6/15 17:45,0.04,26.7,30.2,94,25.6,995,1.6,44,4.1,13,100,22.5,287,334,78,83,0.8,0,0,d,804,Overcast clouds,c04d,17
2026/6/15 18:00,0.02,26.3,27.5,96,25.6,995,1.6,40,4.4,14,100,19.2,288,276,73,77,0.8,0,0,d,804,Overcast clouds,c04d,18
2026/6/15 18:15,31.89,26.3,27.5,95,25.4,995,1.5,34,4.3,14,100,15.9,289.2,224,64,68,0.7,0,0,d,804,Overcast clouds,c04d,18
2026/6/15 18:30,21.19,26.3,27.4,94,25.3,995,1.4,28,4.2,10,100,12.7,290.4,171,56,59,0.7,0,0,d,804,Overcast clouds,c04d,18
2026/6/15 18:45,9.4,26.3,27.4,93,25.1,995,1.3,22,4.1,10,100,9.4,291.6,118,47,49,0.6,0,0,d,804,Overcast clouds,c04d,18
2026/6/15 19:00,4.86,26.3,27.4,92,24.9,995,1.2,16,4,10,100,6.2,292.7,65,38,39,0.6,0,0,d,804,Overcast clouds,c04d,19
2026/6/15 19:15,1.87,26.3,27.4,92,24.9,996,1.3,18,3.9,12,100,3,294.2,49,29,30,0.6,0,0,d,804,Overcast clouds,c04n,19
2026/6/15 19:30,0.32,26.3,27.4,92,24.9,996,1.4,19,3.8,13,100,-0.1,295.6,33,19,19,0,0,0,d,804,Overcast clouds,c04n,19
2026/6/15 19:45,0.03,26.3,27.4,92,24.9,997,1.5,20,3.7,13,100,-3.2,297.1,16,10,10,0,0,0,d,804,Overcast clouds,c04n,19
2026/6/15 20:00,0,26.3,27.4,92,24.9,997,1.6,22,3.6,14,100,-6.3,298.5,0,0,0,0,0,0,n,804,Overcast clouds,c04n,20
2026/6/15 20:15,0,26.3,27.4,92,24.9,997,1.7,26,3.7,14,100,-9.3,300.4,0,0,0,0,0,0,n,804,Overcast clouds,c04n,20
2026/6/15 20:30,0,26.3,27.4,92,24.9,998,1.8,30,3.8,15,100,-12.2,302.2,0,0,0,0,0,0,n,804,Overcast clouds,c04n,20
2026/6/15 20:45,0,26.3,27.4,92,24.9,998,1.9,34,3.9,15,100,-15.1,304.1,0,0,0,0,0,0,n,804,Overcast clouds,c04n,20
2026/6/15 21:00,0,26.3,27.4,92,24.9,998,2,38,4,16,100,-18,305.9,0,0,0,0,0,0,n,804,Overcast clouds,c04n,21
2026/6/15 21:15,0,26.2,27.3,92,24.8,998,1.9,43,4.1,16,100,-20.7,308.4,0,0,0,0,0,0,n,804,Overcast clouds,c04n,21
2026/6/15 21:30,0,26.1,27.2,93,24.9,998,1.8,48,4.2,16,100,-23.3,310.8,0,0,0,0,0,0,n,804,Overcast clouds,c04n,21
2026/6/15 21:45,0,26,27.1,94,25,998,1.7,53,4.3,16,100,-25.9,313.2,0,0,0,0,0,0,n,804,Overcast clouds,c04n,21
2026/6/15 22:00,0,25.9,27,94,24.9,998,1.6,58,4.4,16,100,-28.6,315.6,0,0,0,0,0,0,n,804,Overcast clouds,c04n,22
2026/6/15 22:15,0,25.9,27,94,24.9,998,1.5,60,4.1,16,100,-30.7,318.9,0,0,0,0,0,0,n,804,Overcast clouds,c04n,22
2026/6/15 22:30,0,25.9,27,94,24.9,999,1.4,63,3.8,16,100,-32.8,322.1,0,0,0,0,0,0,n,804,Overcast clouds,c04n,22
2026/6/15 22:45,0,25.9,27,94,24.9,999,1.3,66,3.5,16,100,-35,325.3,0,0,0,0,0,0,n,804,Overcast clouds,c04n,22
2026/6/15 23:00,0,25.9,27,94,24.9,999,1.2,68,3.2,16,100,-37.1,328.5,0,0,0,0,0,0,n,804,Overcast clouds,c04n,23
2026/6/15 23:15,0,25.8,26.9,94,24.8,999,1.2,68,2.8,16,100,-38.5,332.6,0,0,0,0,0,0,n,804,Overcast clouds,c04n,23
2026/6/15 23:30,0,25.8,26.9,95,24.9,999,1.2,67,2.4,16,100,-39.8,336.8,0,0,0,0,0,0,n,804,Overcast clouds,c04n,23
2026/6/15 23:45,0,25.7,26.8,96,25,999,1.2,66,2,16,100,-41.2,340.9,0,0,0,0,0,0,n,804,Overcast clouds,c04n,23
2026/6/16 0:00,0,25.6,26.7,96,24.9,999,1.2,66,1.6,16,100,-42.6,345,0,0,0,0,0,0,n,804,Overcast clouds,c04n,0
2026/6/16 0:15,0,25.5,26.6,96,24.8,999,1.2,64,1.8,16,100,-42.9,259.7,0,0,0,0,0,0,n,804,Overcast clouds,c04n,0
2026/6/16 0:30,0,25.4,26.5,97,24.9,999,1.2,61,2,16,100,-43.3,174.4,0,0,0,0,0,0,n,741,Fog,a05n,0
2026/6/16 0:45,0,25.3,26.4,98,25,998,1.2,58,2.2,13,100,-43.6,89.1,0,0,0,0,0.25,0,n,741,Fog,a05n,0
2026/6/16 1:00,0,25.2,26.3,98,24.9,998,1.2,56,2.4,13,100,-44,3.9,0,0,0,0,0.5,0,n,301,Drizzle,d02n,1
2026/6/16 1:15,0,25.2,26.3,98,24.9,998,1.2,54,2.7,13,100,-43.2,8.4,0,0,0,0,0.75,0,n,301,Drizzle,d02n,1
2026/6/16 1:30,0,25.2,26.3,98,24.9,998,1.2,52,3,16,100,-42.4,12.9,0,0,0,0,1,0,n,500,Light rain,r01n,1
2026/6/16 1:45,0,25.2,26.3,98,24.9,997,1.2,50,3.3,16,100,-41.6,17.5,0,0,0,0,1,0,n,500,Light rain,r01n,1
2026/6/16 2:00,0,25.2,26.3,98,24.9,997,1.2,48,3.6,16,100,-40.8,22,0,0,0,0,1,0,n,500,Light rain,r01n,2
2026/6/16 2:15,0,25.2,26.3,98,24.9,997,1.3,49,3.8,16,100,-39.1,25.8,0,0,0,0,1.25,0,n,500,Light rain,r01n,2
2026/6/16 2:30,0,25.2,26.3,98,24.9,997,1.4,50,4,10,100,-37.4,29.6,0,0,0,0,1.5,0,n,500,Light rain,r01n,2
2026/6/16 2:45,0,25.2,26.3,98,24.9,997,1.5,51,4.2,10,100,-35.7,33.3,0,0,0,0,1.25,0,n,500,Light rain,r01n,2
2026/6/16 3:00,0,25.2,26.3,98,24.9,997,1.6,52,4.4,12,100,-34,37.1,0,0,0,0,1,0,n,500,Light rain,r01n,3
2026/6/16 3:15,0,25.2,26.3,98,24.9,997,1.5,58,4.1,12,100,-31.6,40,0,0,0,0,1.25,0,n,500,Light rain,r01n,3
2026/6/16 3:30,0,25.2,26.3,98,24.9,997,1.4,63,3.8,10,100,-29.2,42.8,0,0,0,0,1.5,0,n,500,Light rain,r01n,3
2026/6/16 3:45,0,25.2,26.3,98,24.9,997,1.3,68,3.5,10,100,-26.9,45.7,0,0,0,0,1,0,n,500,Light rain,r01n,3
2026/6/16 4:00,0,25.2,26.3,98,24.9,997,1.2,74,3.2,10,100,-24.5,48.6,0,0,0,0,0.5,0,n,301,Drizzle,d02n,4
2026/6/16 4:15,0,25.2,26.3,98,24.9,997,1.2,70,3.3,10,100,-21.7,50.8,0,0,0,0,0.5,0,n,301,Drizzle,d02n,4
2026/6/16 4:30,0,25.2,26.3,98,24.9,997,1.2,66,3.4,10,100,-19,52.9,0,0,0,0,0.5,0,n,301,Drizzle,d02n,4
2026/6/16 4:45,0,25.2,26.3,98,24.9,997,1.2,62,3.5,10,100,-16.2,55.1,0,0,0,0,0.5,0,n,301,Drizzle,d02n,4
2026/6/16 5:00,0,25.2,26.3,98,24.9,997,1.2,58,3.6,10,100,-13.4,57.3,0,0,0,0,0.5,0,n,301,Drizzle,d02n,5
2026/6/16 5:15,0,25.3,26.4,98,25,997,1.3,52,3.7,12,100,-10.4,58.9,0,0,0,0,0.5,0,n,301,Drizzle,d02n,5
2026/6/16 5:30,0,25.4,26.5,97,24.9,997,1.4,47,3.8,10,100,-7.4,60.6,0,0,0,0,0.5,0,n,301,Drizzle,d02n,5
2026/6/16 5:45,0,25.5,26.6,96,24.8,997,1.5,42,3.9,10,100,-4.4,62.3,0,0,0,0,0.5,0,n,301,Drizzle,d02n,5
2026/6/16 6:00,0,25.6,26.7,96,24.9,997,1.6,36,4,10,100,-1.4,63.9,0,0,0,0,0.5,0,n,301,Drizzle,d02n,6
2026/6/16 6:15,0.88,25.5,26.6,96,24.8,997,1.6,36,4.2,10,100,1.8,65.3,36,14,15,0.6,0.25,0,d,804,Overcast clouds,c04n,6
2026/6/16 6:30,0.92,25.4,26.5,97,24.9,998,1.6,37,4.4,15,100,5,66.6,72,28,29,0.6,0,0,d,741,Fog,a05d,6
2026/6/16 6:45,2.35,25.3,26.4,98,25,998,1.6,38,4.6,15,100,8.2,67.9,109,41,43,0.6,0,0,d,741,Fog,a05d,6
2026/6/16 7:00,6.77,25.2,26.3,98,24.9,998,1.6,38,4.8,16,100,11.4,69.3,145,55,57,0.7,0,0,d,741,Fog,a05d,7
2026/6/16 7:15,16.15,25.2,26.3,98,24.9,998,1.5,48,4.8,16,100,14.6,70.3,201,62,66,0.7,0,0,d,741,Fog,a05d,7
2026/6/16 7:30,23.95,25.2,26.3,98,24.9,998,1.4,57,4.8,8,100,17.9,71.4,257,69,74,0.7,0,0,d,741,Fog,a05d,7
2026/6/16 7:45,50.73,25.2,26.3,98,24.9,998,1.3,66,4.8,8,100,21.2,72.5,313,76,82,0.8,0,0,d,741,Fog,a05d,7
2026/6/16 8:00,69.11,25.2,26.3,98,24.9,998,1.2,76,4.8,8,100,24.5,73.6,369,83,90,0.9,0,0,d,741,Fog,a05d,8
2026/6/16 8:15,59.84,25.3,26.4,98,25,998,1.1,78,5,11,100,27.8,74.5,425,87,95,1,0,0,d,741,Fog,a05d,8
2026/6/16 8:30,37.69,25.4,26.5,97,24.9,998,1,79,5.2,11,100,31.2,75.5,481,91,101,1.1,0,0,d,741,Fog,a05d,8
2026/6/16 8:45,77.9,25.5,26.6,96,24.8,998,0.9,80,5.4,12,100,34.5,76.4,537,96,107,1.3,0,0,d,804,Overcast clouds,c04d,8
2026/6/16 9:00,47.65,25.6,26.7,96,24.9,998,0.8,82,5.6,13,100,37.9,77.3,593,100,113,1.4,0,0,d,804,Overcast clouds,c04d,9
2026/6/16 9:15,67.15,26,27.1,94,24.9,998,0.9,84,5.1,14,100,41.3,78.1,642,103,117,1.6,0,0,d,804,Overcast clouds,c04d,9
2026/6/16 9:30,98.36,26.3,27.4,93,25.1,998,1,87,4.6,14,100,44.7,78.9,691,106,120,1.8,0,0,d,804,Overcast clouds,c04d,9
2026/6/16 9:45,53.97,26.7,27.8,92,25.2,998,1.1,90,4.1,15,100,48.1,79.6,740,109,124,2,0,0,d,804,Overcast clouds,c04d,9
2026/6/16 10:00,39.71,27,30.7,90,25.2,998,1.2,92,3.6,16,100,51.5,80.4,789,112,128,2.2,0,0,d,804,Overcast clouds,c04d,10
2026/6/16 10:15,48.95,27.1,31,90,25.3,998,1.3,102,3.7,16,100,54.9,81.1,827,114,131,2.4,0,0,d,804,Overcast clouds,c04d,10
2026/6/16 10:30,61.72,27.2,31.3,90,25.4,998,1.4,113,3.8,16,100,58.3,81.7,864,116,133,2.6,0,0,d,804,Overcast clouds,c04d,10
2026/6/16 10:45,92.71,27.3,31.6,90,25.5,998,1.5,124,3.9,16,100,61.7,82.3,902,118,135,2.8,0,0,d,804,Overcast clouds,c04d,10
2026/6/16 11:00,3.91,27.4,31.9,90,25.6,998,1.6,134,4,16,100,65.2,83,939,120,138,3,0,0,d,804,Overcast clouds,c04d,11
2026/6/16 11:15,3.94,27.3,31.6,90,25.5,998,1.6,138,3.9,16,100,68.6,83.2,962,121,140,3.2,0.25,0,d,804,Overcast clouds,c04d,11
2026/6/16 11:30,3.94,27.2,31.4,91,25.6,998,1.6,143,3.8,10,100,72,83.4,984,122,141,3.3,0.5,0,d,301,Drizzle,d02d,11
2026/6/16 11:45,4.01,27.1,31.2,92,25.7,998,1.6,148,3.7,10,100,75.5,83.6,1006,124,143,3.5,0.25,0,d,804,Overcast clouds,c04d,11
2026/6/16 12:00,3.98,27,30.9,92,25.6,998,1.6,152,3.6,10,100,78.9,83.8,1029,125,145,3.6,0,0,d,804,Overcast clouds,c04d,12
2026/6/16 12:15,3.89,27.2,31.4,91,25.6,998,1.4,152,3.4,11,100,81,134.3,1034,125,145,3.6,0,0,d,804,Overcast clouds,c04d,12
2026/6/16 12:30,3.96,27.4,31.9,90,25.6,998,1.2,152,3.2,10,100,83,184.8,1039,125,145,3.7,0,0,d,804,Overcast clouds,c04d,12
2026/6/16 12:45,3.99,27.6,32.4,89,25.6,998,1,152,3,13,100,85.1,235.3,1045,125,145,3.7,0,0,d,804,Overcast clouds,c04d,12
2026/6/16 13:00,3.96,27.8,32.8,88,25.6,998,0.8,152,2.8,14,100,87.2,285.8,1050,126,146,3.7,0,0,d,804,Overcast clouds,c04d,13
2026/6/16 13:15,3.98,27.8,32.8,88,25.6,998,0.7,165,2.7,14,100,83.7,283.4,1038,125,145,3.7,0.25,0,d,804,Overcast clouds,c04d,13
2026/6/16 13:30,3.97,27.8,32.6,87,25.4,998,0.6,178,2.6,10,100,80.3,281,1025,124,145,3.6,0.5,0,d,301,Drizzle,d02d,13
2026/6/16 13:45,3.94,27.8,32.5,86,25.2,997,0.5,191,2.5,10,100,76.9,278.5,1013,124,145,3.5,0.25,0,d,804,Overcast clouds,c04d,13
2026/6/16 14:00,3.98,27.8,32.5,86,25.2,997,0.4,204,2.4,12,100,73.4,276.1,1001,123,144,3.4,0,0,d,804,Overcast clouds,c04d,14
2026/6/16 14:15,3.95,27.9,32.7,86,25.3,997,0.5,206,2.7,12,100,70,276.6,972,122,142,3.2,0,0,d,804,Overcast clouds,c04d,14
2026/6/16 14:30,3.92,28,32.8,85,25.2,997,0.6,208,3,13,100,66.6,277,944,120,140,3.1,0,0,d,804,Overcast clouds,c04d,14
2026/6/16 14:45,3.96,28,32.8,84,25.1,996,0.7,210,3.3,13,100,63.1,277.5,915,119,139,2.9,0,0,d,804,Overcast clouds,c04d,14
2026/6/16 15:00,3.9,28.1,33,84,25.1,996,0.8,212,3.6,14,100,59.7,278,886,118,137,2.7,0,0,d,804,Overcast clouds,c04d,15
2026/6/16 15:15,3.94,28.2,33.3,84,25.2,996,0.8,210,3.5,10,99,56.3,278.7,844,115,158,2.5,0,0,d,804,Overcast clouds,c04d,15
2026/6/16 15:30,61.24,28.3,33.6,84,25.3,996,0.8,207,3.4,10,98,52.9,279.4,801,113,177,2.4,0,0,d,804,Overcast clouds,c04d,15
2026/6/16 15:45,5.7,28.4,33.9,84,25.4,996,0.8,204,3.3,10,98,49.4,280.1,758,111,171,2.2,0,0,d,804,Overcast clouds,c04d,15
2026/6/16 16:00,3.92,28.5,34.1,84,25.5,996,0.8,202,3.2,12,97,46,280.8,716,108,185,2,0,0,d,804,Overcast clouds,c04d,16
2026/6/16 16:15,3.95,28.6,34.2,83,25.4,996,1,208,3.4,12,93,42.7,281.6,663,105,146,1.9,0.25,0,d,804,Overcast clouds,c04d,16
2026/6/16 16:30,3.96,28.7,34.3,82,25.3,996,1.2,215,3.6,13,89,39.3,282.5,611,101,194,1.9,0.5,0,d,231,Thunderstorm with drizzle,t04d,16
2026/6/16 16:45,53.11,28.8,34.4,81,25.2,995,1.4,222,3.8,13,85,35.9,283.3,558,98,227,1.8,0.5,0,d,231,Thunderstorm with drizzle,t04d,16
2026/6/16 17:00,40.62,28.9,34.5,80,25.1,995,1.6,228,4,14,81,32.5,284.1,505,94,245,1.7,0.5,0,d,301,Drizzle,d02d,17
2026/6/16 17:15,48.42,28.5,33.8,82,25.1,995,1.3,206,3.6,14,84,29.2,285.1,448,89,191,1.4,0.5,0,d,301,Drizzle,d02d,17
2026/6/16 17:30,54.97,28.2,33.3,85,25.4,995,1,184,3.2,10,88,25.9,286.1,391,84,133,1.2,0.5,0,d,301,Drizzle,d02d,17
2026/6/16 17:45,3.96,27.8,32.7,88,25.6,995,0.7,162,2.8,10,92,22.5,287.1,334,78,82,1,0.5,0,d,301,Drizzle,d02d,17
2026/6/16 18:00,4.01,27.4,31.9,90,25.6,995,0.4,140,2.4,10,95,19.2,288.1,277,73,117,0.9,0.5,0,d,301,Drizzle,d02d,18
2026/6/16 18:15,3.92,27.5,32.2,90,25.7,995,0.5,144,2.3,12,96,16,289.2,225,65,94,0.8,0.25,0,d,804,Overcast clouds,c04d,18
2026/6/16 18:30,3.95,27.6,32.4,89,25.6,996,0.6,149,2.2,12,97,12.7,290.4,172,56,74,0.7,0,0,d,804,Overcast clouds,c04d,18
2026/6/16 18:45,4.02,27.7,32.5,88,25.5,996,0.7,154,2.1,13,98,9.5,291.6,119,47,56,0.7,0,0,d,804,Overcast clouds,c04d,18
2026/6/16 19:00,4.21,27.8,32.8,88,25.6,996,0.8,158,2,14,99,6.2,292.8,66,38,40,0.7,0,0,d,804,Overcast clouds,c04d,19
2026/6/16 19:15,2.67,27.7,32.5,88,25.5,996,0.9,151,2.3,14,99,3.1,294.2,50,29,31,0.6,0,0,d,804,Overcast clouds,c04n,19
2026/6/16 19:30,0.31,27.6,32.4,89,25.6,996,1,144,2.6,15,99,0,295.7,33,19,20,0.6,0,0,d,804,Overcast clouds,c04n,19
2026/6/16 19:45,0.08,27.5,32.2,90,25.7,996,1.1,137,2.9,15,99,-3.1,297.1,17,10,11,0,0.25,0,d,804,Overcast clouds,c04n,19
2026/6/16 20:00,0,27.4,31.9,90,25.6,996,1.2,130,3.2,16,99,-6.3,298.6,0,0,0,0,0.5,0,n,301,Drizzle,d02n,20
2026/6/16 20:15,0,27.3,31.6,90,25.5,996,1.4,136,3.3,16,99,-9.2,300.4,0,0,0,0,0.5,0,n,301,Drizzle,d02n,20
2026/6/16 20:30,0,27.2,31.4,91,25.6,997,1.6,143,3.4,10,98,-12.1,302.2,0,0,0,0,0.5,0,n,301,Drizzle,d02n,20
2026/6/16 20:45,0,27.1,31.2,92,25.7,997,1.8,150,3.5,10,98,-15.1,304.1,0,0,0,0,0.25,0,n,804,Overcast clouds,c04n,20
2026/6/16 21:00,0,27,30.9,92,25.6,997,2,156,3.6,10,98,-18,305.9,0,0,0,0,0,0,n,804,Overcast clouds,c04n,21
2026/6/16 21:15,0,26.9,30.7,92,25.5,997,2.1,156,3.6,12,98,-20.6,308.4,0,0,0,0,0,0,n,804,Overcast clouds,c04n,21
2026/6/16 21:30,0,26.9,30.6,93,25.6,998,2.2,156,3.6,10,99,-23.2,310.8,0,0,0,0,0,0,n,804,Overcast clouds,c04n,21
2026/6/16 21:45,0,26.8,30.5,94,25.7,998,2.3,156,3.6,10,100,-25.9,313.2,0,0,0,0,0,0,n,804,Overcast clouds,c04n,21
2026/6/16 22:00,0,26.7,30.2,94,25.7,998,2.4,156,3.6,12,100,-28.5,315.6,0,0,0,0,0,0,n,804,Overcast clouds,c04n,22
2026/6/16 22:15,0,26.6,27.8,94,25.6,998,2.3,154,3.5,12,100,-30.6,318.8,0,0,0,0,0,0,n,804,Overcast clouds,c04n,22
2026/6/16 22:30,0,26.5,27.7,95,25.6,998,2.2,151,3.4,13,100,-32.8,322.1,0,0,0,0,0,0,n,804,Overcast clouds,c04n,22
2026/6/16 22:45,0,26.4,27.6,96,25.7,998,2.1,148,3.3,13,100,-34.9,325.3,0,0,0,0,0,0,n,804,Overcast clouds,c04n,22
2026/6/16 23:00,0,26.3,27.5,96,25.6,998,2,146,3.2,14,100,-37,328.5,0,0,0,0,0,0,n,804,Overcast clouds,c04n,23
2026/6/16 23:15,0,26.3,27.5,96,25.6,998,2.1,148,3,14,100,-38.4,332.6,0,0,0,0,0,0,n,804,Overcast clouds,c04n,23
2026/6/16 23:30,0,26.3,27.5,96,25.6,998,2.2,151,2.8,15,100,-39.8,336.7,0,0,0,0,0,0,n,804,Overcast clouds,c04n,23
2026/6/16 23:45,0,26.3,27.5,96,25.6,998,2.3,154,2.6,15,100,-41.2,340.8,0,0,0,0,0,0,n,804,Overcast clouds,c04n,23
2026/6/17 0:00,0,26.3,27.5,96,25.6,998,2.4,156,2.4,15,100,-42.6,344.9,0,0,0,0,0,0,n,804,Overcast clouds,c04n,0
2026/6/17 0:15,0,26.2,27.4,96,25.5,998,2.4,158,2.4,16,100,-42.9,259.7,0,0,0,0,0,0,n,804,Overcast clouds,c04n,0
2026/6/17 0:30,0,26.1,27.3,97,25.6,998,2.4,161,2.4,16,100,-43.2,174.4,0,0,0,0,0,0,n,741,Fog,a05n,0
2026/6/17 0:45,0,26,27.2,98,25.7,997,2.4,164,2.4,16,100,-43.6,89.1,0,0,0,0,0.25,0,n,741,Fog,a05n,0
2026/6/17 1:00,0,25.9,27.1,98,25.6,997,2.4,166,2.4,16,100,-43.9,3.8,0,0,0,0,0.5,0,n,301,Drizzle,d02n,1
2026/6/17 1:15,0,25.9,27.1,98,25.6,997,2.2,170,2.8,16,100,-43.2,8.3,0,0,0,0,0.75,0,n,301,Drizzle,d02n,1
2026/6/17 1:30,0,25.9,27.1,97,25.4,997,2,173,3.2,10,100,-42.4,12.9,0,0,0,0,1,0,n,500,Light rain,r01n,1
2026/6/17 1:45,0,25.9,27.1,96,25.2,997,1.8,176,3.6,10,100,-41.6,17.4,0,0,0,0,0.75,0,n,301,Drizzle,d02n,1
2026/6/17 2:00,0,25.9,27.1,96,25.2,997,1.6,180,4,10,100,-40.8,22,0,0,0,0,0.5,0,n,301,Drizzle,d02n,2
2026/6/17 2:15,0,25.9,27.1,96,25.2,997,1.5,176,3.6,12,100,-39.1,25.7,0,0,0,0,0.75,0,n,301,Drizzle,d02n,2
2026/6/17 2:30,0,25.9,27.1,96,25.2,997,1.4,172,3.2,12,100,-37.4,29.5,0,0,0,0,1,0,n,500,Light rain,r01n,2
2026/6/17 2:45,0,25.9,27.1,96,25.2,997,1.3,168,2.8,13,100,-35.7,33.2,0,0,0,0,1,0,n,500,Light rain,r01n,2
2026/6/17 3:00,0,25.9,27.1,96,25.2,997,1.2,164,2.4,14,100,-34,37,0,0,0,0,1,0,n,500,Light rain,r01n,3
2026/6/17 3:15,0,25.9,27.1,96,25.2,997,1.2,163,2.5,14,100,-31.6,39.9,0,0,0,0,0.75,0,n,301,Drizzle,d02n,3
2026/6/17 3:30,0,25.9,27.1,96,25.2,997,1.2,162,2.6,10,100,-29.2,42.8,0,0,0,0,0.5,0,n,301,Drizzle,d02n,3
2026/6/17 3:45,0,25.9,27.1,96,25.2,997,1.2,161,2.7,10,100,-26.9,45.6,0,0,0,0,0.5,0,n,301,Drizzle,d02n,3
2026/6/17 4:00,0,25.9,27.1,96,25.2,997,1.2,160,2.8,10,100,-24.5,48.5,0,0,0,0,0.5,0,n,301,Drizzle,d02n,4
2026/6/17 4:15,0,25.8,27,96,25.1,997,1.1,146,2.8,12,100,-21.8,50.7,0,0,0,0,0.25,0,n,804,Overcast clouds,c04n,4
2026/6/17 4:30,0,25.8,26.9,97,25.2,997,1,133,2.8,10,100,-19,52.9,0,0,0,0,0,0,n,741,Fog,a05n,4
2026/6/17 4:45,0,25.7,26.9,98,25.3,996,0.9,120,2.8,10,100,-16.2,55,0,0,0,0,0,0,n,741,Fog,a05n,4
2026/6/17 5:00,0,25.6,26.8,98,25.3,996,0.8,106,2.8,10,100,-13.5,57.2,0,0,0,0,0,0,n,741,Fog,a05n,5
2026/6/17 5:15,0,25.8,27,98,25.4,996,1,97,3.4,12,100,-10.4,58.9,0,0,0,0,0,0,n,741,Fog,a05n,5
2026/6/17 5:30,0,26,27.2,98,25.6,997,1.2,88,4,13,99,-7.4,60.6,0,0,0,0,0,0,n,741,Fog,a05n,5
2026/6/17 5:45,0,26.1,27.4,98,25.8,997,1.4,79,4.6,13,98,-4.4,62.2,0,0,0,0,0,0,n,741,Fog,a05n,5
2026/6/17 6:00,0.02,26.3,27.5,98,26,997,1.6,70,5.2,13,98,-1.4,63.9,0,0,0,0,0,0,n,741,Fog,a05n,6
2026/6/17 6:15,1.53,26.3,27.5,98,26,997,1.7,80,4.9,14,98,1.8,65.2,36,14,17,0.7,0,0,d,741,Fog,a05n,6
2026/6/17 6:30,2.23,26.3,27.5,98,26,998,1.8,89,4.6,14,98,5,66.5,72,27,32,0.7,0,0,d,741,Fog,a05d,6
2026/6/17 6:45,4.93,26.3,27.5,98,26,998,1.9,98,4.3,15,98,8.1,67.9,108,41,49,0.7,0,0,d,741,Fog,a05d,6
2026/6/17 7:00,11.34,26.3,27.5,98,26,998,2,108,4,16,98,11.3,69.2,144,55,65,0.7,0,0,d,741,Fog,a05d,7
2026/6/17 7:15,28.65,26.5,27.7,96,25.8,998,1.9,106,4.5,16,98,14.6,70.3,200,62,77,0.7,0,0,d,804,Overcast clouds,c04d,7
2026/6/17 7:30,38.08,26.7,27.9,95,25.8,998,1.8,103,5,8,98,17.9,71.4,256,69,88,0.8,0,0,d,804,Overcast clouds,c04d,7
2026/6/17 7:45,50.84,26.8,30.6,94,25.8,998,1.7,100,5.5,8,99,21.2,72.5,312,76,90,0.8,0,0,d,804,Overcast clouds,c04d,7
2026/6/17 8:00,22.96,27,30.9,92,25.6,998,1.6,98,6,8,99,24.4,73.6,368,83,100,0.9,0,0,d,804,Overcast clouds,c04d,8
2026/6/17 8:15,33.94,26.9,30.8,93,25.7,998,1.7,96,5.7,11,99,27.8,74.5,424,87,107,1,0,0,d,804,Overcast clouds,c04d,8
2026/6/17 8:30,29.66,26.9,30.7,94,25.8,998,1.8,93,5.4,6,99,31.1,75.4,480,91,113,1.1,0,0,d,804,Overcast clouds,c04d,8
2026/6/17 8:45,30.48,26.8,30.6,95,25.9,998,1.9,90,5.1,6,99,34.5,76.3,536,96,121,1.3,0,0,d,804,Overcast clouds,c04d,8
2026/6/17 9:00,38.17,26.7,30.4,96,26,998,2,88,4.8,6,99,37.8,77.2,592,100,127,1.5,0,0,d,804,Overcast clouds,c04d,9
2026/6/17 9:15,85.97,27.1,31.3,94,26,998,2,91,5,10,98,41.2,78,641,103,152,1.7,0,0,d,804,Overcast clouds,c04d,9
2026/6/17 9:30,64.96,27.4,32.2,92,26,998,2,94,5.2,6,98,44.6,78.8,690,106,159,1.9,0,0,d,804,Overcast clouds,c04d,9
2026/6/17 9:45,78.33,27.8,33,90,26,998,2,97,5.4,6,97,48,79.6,740,109,187,2.1,0,0,d,804,Overcast clouds,c04d,9
2026/6/17 10:00,110.78,28.1,33.7,88,25.9,998,2,100,5.6,6,96,51.4,80.4,789,112,218,2.4,0,0,d,804,Overcast clouds,c04d,10
2026/6/17 10:15,92.85,28.4,34.6,88,26.2,998,2.1,103,5.6,10,96,54.8,81,826,114,113,2.6,0,0,d,804,Overcast clouds,c04d,10
2026/6/17 10:30,118.57,28.7,35.4,87,26.3,998,2.2,106,5.6,11,96,58.3,81.6,864,116,117,2.8,0,0,d,804,Overcast clouds,c04d,10
2026/6/17 10:45,4.27,29,36.1,86,26.4,998,2.3,109,5.6,11,96,61.7,82.3,901,118,122,3.1,0,0,d,804,Overcast clouds,c04d,10
2026/6/17 11:00,3.9,29.3,37.1,86,26.7,998,2.4,112,5.6,12,96,65.1,82.9,939,120,126,3.3,0,0,d,804,Overcast clouds,c04d,11
2026/6/17 11:15,3.9,29.5,37.7,86,26.9,998,2.5,115,5.6,13,97,68.6,83.1,961,121,219,3.4,0,0,d,804,Overcast clouds,c04d,11
2026/6/17 11:30,3.85,29.7,38,85,26.9,998,2.6,118,5.6,14,98,72,83.3,984,122,194,3.5,0,0,d,804,Overcast clouds,c04d,11
2026/6/17 11:45,3.89,29.8,38.3,84,26.8,997,2.7,121,5.6,15,98,75.4,83.5,1006,123,197,3.6,0,0,d,804,Overcast clouds,c04d,11
2026/6/17 12:00,4.41,30,38.8,84,27,997,2.8,124,5.6,16,99,78.9,83.6,1028,125,169,3.7,0,0,d,804,Overcast clouds,c04d,12
2026/6/17 12:15,3.86,30.3,39.1,82,26.9,997,2.9,129,5.8,16,99,81,134.4,1034,125,170,3.7,0,0,d,804,Overcast clouds,c04d,12
2026/6/17 12:30,3.93,30.6,39.4,80,26.7,997,3,134,6,16,100,83,185.1,1039,125,140,3.7,0,0,d,804,Overcast clouds,c04d,12
2026/6/17 12:45,3.85,30.8,39.6,78,26.5,997,3.1,139,6.2,16,100,85.1,235.9,1044,125,125,3.7,1.25,0,d,500,Light rain,r01d,12
2026/6/17 13:00,3.89,31.1,39.8,76,26.4,997,3.2,144,6.4,16,100,87.2,286.6,1050,126,111,3.7,2.5,0,d,500,Light rain,r01d,13
2026/6/17 13:15,3.94,31.1,39.5,75,26.1,997,3.2,143,6.3,16,100,83.8,284,1038,125,108,3.7,2.75,0,d,200,Thunderstorm with light rain,t01d,13
2026/6/17 13:30,3.94,31.1,39.1,74,25.9,997,3.2,142,6.2,10,100,80.3,281.4,1025,124,105,3.6,3,0,d,200,Thunderstorm with light rain,t01d,13
2026/6/17 13:45,3.93,31.1,38.8,73,25.7,996,3.2,141,6.1,10,100,76.9,278.8,1013,124,103,3.5,3.25,0,d,200,Thunderstorm with light rain,t01d,13
2026/6/17 14:00,3.93,31.1,38.5,72,25.4,996,3.2,140,6,10,100,73.5,276.2,1001,123,100,3.4,3.5,0,d,200,Thunderstorm with light rain,t01d,14
2026/6/17 14:15,3.92,30.7,37.8,74,25.5,996,3.1,140,6.1,7,100,70,276.7,972,122,105,3.2,3,0,d,200,Thunderstorm with light rain,t01d,14
2026/6/17 14:30,4.45,30.2,37.4,77,25.7,996,3,140,6.2,6,100,66.6,277.1,944,120,108,3.1,2.5,0,d,500,Light rain,r01d,14
2026/6/17 14:45,3.99,29.8,36.9,80,25.9,995,2.9,140,6.3,6,100,63.2,277.6,915,119,102,2.9,2.75,0,d,500,Light rain,r01d,14
2026/6/17 15:00,4,29.3,36.1,82,25.9,995,2.8,140,6.4,5,100,59.7,278,887,118,98,2.7,3,0,d,500,Light rain,r01d,15
2026/6/17 15:15,4.13,29.3,36.1,82,25.9,995,2.9,142,6.5,5,100,56.3,278.7,844,115,101,2.5,2.5,0,d,500,Light rain,r01d,15
2026/6/17 15:30,41.01,29.3,36.1,82,25.9,995,3,144,6.6,5,100,52.9,279.4,801,113,104,2.3,2,0,d,500,Light rain,r01d,15
2026/6/17 15:45,33.27,29.3,36.1,82,25.9,994,3.1,146,6.7,15,100,49.5,280.1,759,111,105,2.1,1.75,0,d,500,Light rain,r01d,15
2026/6/17 16:00,26.03,29.3,36.1,82,25.9,994,3.2,148,6.8,16,100,46.1,280.8,716,108,104,1.9,1.5,0,d,500,Light rain,r01d,16
2026/6/17 16:15,39.52,29.2,35.8,82,25.8,994,3.1,150,6.8,16,100,42.7,281.6,664,105,98,1.7,1.75,0,d,500,Light rain,r01d,16
2026/6/17 16:30,41.14,29.1,35.5,82,25.7,994,3,151,6.8,10,100,39.3,282.5,611,101,92,1.5,2,0,d,500,Light rain,r01d,16
2026/6/17 16:45,44.79,29,35.2,82,25.6,994,2.9,152,6.8,10,100,35.9,283.3,559,98,88,1.3,2,0,d,500,Light rain,r01d,16
2026/6/17 17:00,31.58,28.9,34.9,82,25.5,994,2.8,154,6.8,10,100,32.6,284.1,506,94,84,1.2,2,0,d,500,Light rain,r01d,17
2026/6/17 17:15,3.93,28.8,34.8,83,25.6,994,2.8,152,6.5,9,100,29.2,285.1,449,89,81,1,1.75,0,d,500,Light rain,r01d,17
2026/6/17 17:30,3.94,28.7,34.7,84,25.7,994,2.8,149,6.2,10,100,25.9,286.1,392,84,78,0.9,1.5,0,d,500,Light rain,r01d,17
2026/6/17 17:45,3.89,28.6,34.6,85,25.8,994,2.8,146,5.9,10,100,22.6,287.1,335,79,84,0.8,0.75,0,d,301,Drizzle,d02d,17
2026/6/17 18:00,3.92,28.5,34.5,86,25.9,994,2.8,144,5.6,10,100,19.3,288.1,278,73,77,0.8,0,0,d,804,Overcast clouds,c04d,18
2026/6/17 18:15,3.94,28.4,34.2,86,25.8,994,2.6,146,5.4,12,100,16,289.2,225,65,68,0.7,0,0,d,804,Overcast clouds,c04d,18
2026/6/17 18:30,3.83,28.3,34.1,87,25.9,995,2.4,147,5.2,13,100,12.8,290.4,173,56,58,0.7,0,0,d,804,Overcast clouds,c04d,18
2026/6/17 18:45,10.95,28.2,34,88,26,995,2.2,148,5,13,99,9.5,291.6,120,47,52,0.7,0,0,d,804,Overcast clouds,c04d,18
2026/6/17 19:00,6.95,28.1,33.7,88,25.9,995,2,150,4.8,14,99,6.3,292.8,67,39,41,0.7,0,0,d,804,Overcast clouds,c04d,19
2026/6/17 19:15,0.89,28,33.5,88,25.8,995,2,151,4.6,14,99,3.2,294.2,50,29,31,0.6,0,0,d,804,Overcast clouds,c04n,19
2026/6/17 19:30,0.23,28,33.4,89,26,996,2,152,4.4,10,100,0,295.7,33,19,19,0.6,0,0,d,804,Overcast clouds,c04n,19
2026/6/17 19:45,0,27.9,33.4,90,26.1,996,2,153,4.2,10,100,-3.1,297.1,17,10,10,0,0,0,d,804,Overcast clouds,c04n,19
2026/6/17 20:00,0,27.8,33.1,90,26,996,2,154,4,10,100,-6.2,298.6,0,0,0,0,0,0,n,804,Overcast clouds,c04n,20
2026/6/17 20:15,0,27.8,33.1,90,26,996,2,156,4.2,12,100,-9.1,300.4,0,0,0,0,0,0,n,804,Overcast clouds,c04n,20
2026/6/17 20:30,0,27.8,33.3,91,26.2,996,2,159,4.4,13,100,-12.1,302.2,0,0,0,0,0,0,n,804,Overcast clouds,c04n,20
2026/6/17 20:45,0,27.8,33.4,92,26.4,996,2,162,4.6,13,100,-15,304.1,0,0,0,0,0,0,n,804,Overcast clouds,c04n,20
2026/6/17 21:00,0,27.8,33.4,92,26.4,996,2,164,4.8,14,100,-17.9,305.9,0,0,0,0,0,0,n,804,Overcast clouds,c04n,21
2026/6/17 21:15,0,27.8,33.4,92,26.4,996,2.1,162,4.8,14,100,-20.6,308.4,0,0,0,0,0,0,n,804,Overcast clouds,c04n,21
2026/6/17 21:30,0,27.8,33.4,92,26.4,996,2.2,159,4.8,16,100,-23.2,310.8,0,0,0,0,0,0,n,804,Overcast clouds,c04n,21
2026/6/17 21:45,0,27.8,33.4,92,26.4,996,2.3,156,4.8,16,100,-25.8,313.2,0,0,0,0,0,0,n,804,Overcast clouds,c04n,21
2026/6/17 22:00,0,27.8,33.4,92,26.4,996,2.4,154,4.8,16,100,-28.4,315.6,0,0,0,0,0,0,n,804,Overcast clouds,c04n,22
2026/6/17 22:15,0,27.7,33.1,92,26.3,996,2.3,150,4.8,16,100,-30.6,318.8,0,0,0,0,0,0,n,804,Overcast clouds,c04n,22
2026/6/17 22:30,0,27.6,33,93,26.4,997,2.2,147,4.8,10,100,-32.7,322,0,0,0,0,0,0,n,804,Overcast clouds,c04n,22
2026/6/17 22:45,0,27.5,32.8,94,26.4,997,2.1,144,4.8,10,100,-34.9,325.2,0,0,0,0,0,0,n,804,Overcast clouds,c04n,22
2026/6/17 23:00,0,27.4,32.4,94,26.3,997,2,140,4.8,10,100,-37,328.5,0,0,0,0,0,0,n,804,Overcast clouds,c04n,23
2026/6/17 23:15,0,27.4,32.4,94,26.3,997,2.1,140,4.8,12,100,-38.4,332.6,0,0,0,0,0,0,n,804,Overcast clouds,c04n,23
2026/6/17 23:30,0,27.4,32.4,94,26.3,997,2.2,140,4.8,13,100,-39.8,336.7,0,0,0,0,0,0,n,804,Overcast clouds,c04n,23
2026/6/17 23:45,0,27.4,32.4,94,26.3,997,2.3,140,4.8,13,100,-41.1,340.8,0,0,0,0,0,0,n,804,Overcast clouds,c04n,23
2026/6/18 0:00,0,27.4,32.4,94,26.3,997,2.4,140,4.8,14,100,-42.5,344.9,0,0,0,0,0,0,n,804,Overcast clouds,c04n,0
2026/6/18 0:15,0,27.3,32.1,94,26.2,997,2.5,141,5,14,100,-42.9,259.6,0,0,0,0,0,0,n,804,Overcast clouds,c04n,0
2026/6/18 0:30,0,27.2,31.9,95,26.3,997,2.6,142,5.2,15,100,-43.2,174.3,0,0,0,0,0,0,n,804,Overcast clouds,c04n,0
2026/6/18 0:45,0,27.1,31.7,96,26.4,997,2.7,143,5.4,15,100,-43.6,89,0,0,0,0,0,0,n,804,Overcast clouds,c04n,0
2026/6/18 1:00,0,27,31.4,96,26.3,997,2.8,144,5.6,16,100,-43.9,3.7,0,0,0,0,0,0,n,804,Overcast clouds,c04n,1
2026/6/18 1:15,0,27,31.4,96,26.3,997,2.9,146,5.6,16,100,-43.1,8.3,0,0,0,0,0,0,n,804,Overcast clouds,c04n,1
2026/6/18 1:30,0,27,31.4,96,26.3,997,3,147,5.6,16,100,-42.4,12.8,0,0,0,0,0,0,n,804,Overcast clouds,c04n,1
2026/6/18 1:45,0,27,31.4,96,26.3,996,3.1,148,5.6,16,100,-41.6,17.3,0,0,0,0,0,0,n,804,Overcast clouds,c04n,1
2026/6/18 2:00,0,27,31.4,96,26.3,996,3.2,150,5.6,16,100,-40.8,21.9,0,0,0,0,0,0,n,804,Overcast clouds,c04n,2
2026/6/18 2:15,0,27,31.4,96,26.3,996,3.2,154,5.6,16,100,-39.1,25.7,0,0,0,0,0,0,n,804,Overcast clouds,c04n,2
2026/6/18 2:30,0,27,31.4,96,26.3,996,3.2,157,5.6,16,100,-37.4,29.4,0,0,0,0,0,0,n,804,Overcast clouds,c04n,2
2026/6/18 2:45,0,27,31.4,96,26.3,996,3.2,160,5.6,16,100,-35.7,33.2,0,0,0,0,0,0,n,804,Overcast clouds,c04n,2
2026/6/18 3:00,0,27,31.4,96,26.3,996,3.2,164,5.6,16,100,-34,37,0,0,0,0,0,0,n,804,Overcast clouds,c04n,3
2026/6/18 3:15,0,27.1,31.7,96,26.4,996,3.2,164,5.6,16,100,-31.6,39.8,0,0,0,0,0,0,n,804,Overcast clouds,c04n,3
2026/6/18 3:30,0,27.2,31.9,95,26.3,996,3.2,164,5.6,16,100,-29.3,42.7,0,0,0,0,0,0,n,804,Overcast clouds,c04n,3
2026/6/18 3:45,0,27.3,32.1,94,26.2,996,3.2,164,5.6,16,100,-26.9,45.6,0,0,0,0,0,0,n,804,Overcast clouds,c04n,3
2026/6/18 4:00,0,27.4,32.4,94,26.3,996,3.2,164,5.6,16,100,-24.5,48.5,0,0,0,0,0,0,n,804,Overcast clouds,c04n,4
2026/6/18 4:15,0,27.4,32.4,94,26.3,996,3.1,163,5.6,16,100,-21.8,50.6,0,0,0,0,0,0,n,804,Overcast clouds,c04n,4
2026/6/18 4:30,0,27.4,32.4,94,26.3,996,3,162,5.6,16,100,-19,52.8,0,0,0,0,0,0,n,804,Overcast clouds,c04n,4
2026/6/18 4:45,0,27.4,32.4,94,26.3,996,2.9,161,5.6,16,100,-16.3,55,0,0,0,0,0,0,n,804,Overcast clouds,c04n,4
2026/6/18 5:00,0,27.4,32.4,94,26.3,996,2.8,160,5.6,16,100,-13.5,57.2,0,0,0,0,0,0,n,804,Overcast clouds,c04n,5
2026/6/18 5:15,0,27.2,31.9,94,26.2,996,2.7,155,5.7,16,100,-10.5,58.8,0,0,0,0,0,0,n,804,Overcast clouds,c04n,5
2026/6/18 5:30,0,27.1,31.4,95,26.2,996,2.6,150,5.8,16,100,-7.5,60.5,0,0,0,0,0,0,n,804,Overcast clouds,c04n,5
2026/6/18 5:45,0,26.9,31,96,26.2,996,2.5,145,5.9,16,100,-4.4,62.2,0,0,0,0,0,0,n,804,Overcast clouds,c04n,5
2026/6/18 6:00,0.02,26.7,30.4,96,26,996,2.4,140,6,16,100,-1.4,63.9,0,0,0,0,0,0,n,804,Overcast clouds,c04n,6
2026/6/18 6:15,1.98,26.8,30.7,96,26.1,996,2.5,138,5.8,16,100,1.7,65.2,36,14,14,0.6,0,0,d,804,Overcast clouds,c04n,6
2026/6/18 6:30,3.8,26.9,30.8,95,26,996,2.6,135,5.6,10,100,4.9,66.5,72,27,28,0.6,0,0,d,804,Overcast clouds,c04d,6
2026/6/18 6:45,4.73,26.9,30.9,94,25.9,996,2.7,132,5.4,10,99,8.1,67.8,108,41,45,0.7,0,0,d,804,Overcast clouds,c04d,6
2026/6/18 7:00,8.24,27,31.2,94,25.9,996,2.8,130,5.2,10,99,11.3,69.2,144,55,61,0.7,0,0,d,804,Overcast clouds,c04d,7
2026/6/18 7:15,12.9,27.1,31.5,94,26,996,2.9,132,5.4,12,99,14.6,70.3,199,62,70,0.7,0,0,d,804,Overcast clouds,c04d,7
2026/6/18 7:30,15.46,27.2,31.8,94,26.1,996,3,133,5.6,12,100,17.8,71.3,255,69,72,0.7,0,0,d,804,Overcast clouds,c04d,7
2026/6/18 7:45,17.63,27.3,32.1,94,26.2,996,3.1,134,5.8,13,100,21.1,72.4,311,76,80,0.8,0,0,d,804,Overcast clouds,c04d,7
2026/6/18 8:00,36.79,27.4,32.4,94,26.3,996,3.2,136,6,14,100,24.4,73.5,367,82,87,0.9,0,0,d,804,Overcast clouds,c04d,8
2026/6/18 8:15,51.85,27.5,32.8,94,26.4,996,3.4,138,6.4,14,100,27.7,74.4,423,87,92,1,0,0,d,804,Overcast clouds,c04d,8
2026/6/18 8:30,66.96,27.6,33,93,26.4,996,3.6,140,6.8,15,99,31.1,75.4,479,91,112,1.1,0,0,d,804,Overcast clouds,c04d,8
2026/6/18 8:45,89.76,27.7,33.1,92,26.3,996,3.8,142,7.2,15,98,34.4,76.3,535,96,136,1.3,0,0,d,804,Overcast clouds,c04d,8
2026/6/18 9:00,46.28,27.8,33.4,92,26.4,996,4,144,7.6,16,98,37.8,77.2,591,100,144,1.5,0,0,d,804,Overcast clouds,c04d,9
2026/6/18 9:15,32.21,28,34,92,26.6,996,4.1,148,7.8,16,98,41.2,78,640,103,150,1.7,0,0,d,804,Overcast clouds,c04d,9
2026/6/18 9:30,63.93,28.2,34.4,91,26.5,997,4.2,152,8,16,98,44.6,78.8,690,106,157,1.9,0,0,d,804,Overcast clouds,c04d,9
2026/6/18 9:45,56.34,28.3,34.8,90,26.5,997,4.3,156,8.2,16,98,48,79.5,739,109,164,2.1,0,0,d,804,Overcast clouds,c04d,9
2026/6/18 10:00,48.44,28.5,35.4,90,26.7,997,4.4,160,8.4,16,98,51.4,80.3,788,112,170,2.3,0,0,d,804,Overcast clouds,c04d,10
2026/6/18 10:15,59.98,28.7,35.8,89,26.7,997,4.5,162,8.7,16,98,54.8,80.9,826,114,174,2.5,0,0,d,804,Overcast clouds,c04d,10
2026/6/18 10:30,45.1,28.9,36.3,88,26.7,997,4.6,165,9,10,99,58.2,81.6,863,116,154,2.7,0,0,d,804,Overcast clouds,c04d,10
2026/6/18 10:45,52.91,29.1,36.7,87,26.7,996,4.7,168,9.3,10,100,61.6,82.2,901,118,130,2.8,0.25,0,d,804,Overcast clouds,c04d,10
2026/6/18 11:00,34.71,29.3,37.1,86,26.7,996,4.8,170,9.6,12,100,65.1,82.8,938,120,133,3,0.5,0,d,301,Drizzle,d02d,11
2026/6/18 11:15,29.18,29.3,37.1,86,26.7,996,4.9,172,9.7,12,100,68.5,83,961,121,134,3.2,0.25,0,d,804,Overcast clouds,c04d,11
2026/6/18 11:30,34.24,29.3,37.1,86,26.7,996,5,174,9.8,10,100,71.9,83.2,983,122,136,3.3,0,0,d,804,Overcast clouds,c04d,11
2026/6/18 11:45,47.19,29.3,37.1,86,26.7,996,5.1,176,9.9,10,99,75.4,83.4,1006,123,167,3.5,0,0,d,804,Overcast clouds,c04d,11
2026/6/18 12:00,11.54,29.3,37.1,86,26.7,996,5.2,178,10,10,99,78.8,83.5,1028,125,170,3.7,0,0,d,804,Overcast clouds,c04d,12
2026/6/18 12:15,4,29.5,37.4,85,26.7,996,5.1,176,10,12,99,80.9,134.5,1033,125,171,3.7,0,0,d,804,Overcast clouds,c04d,12
2026/6/18 12:30,4,29.7,37.7,84,26.7,996,5,175,10,10,100,83,185.5,1039,125,140,3.7,0,0,d,804,Overcast clouds,c04d,12
2026/6/18 12:45,4,29.8,38,83,26.6,995,4.9,174,10,10,100,85.1,236.4,1044,125,140,3.7,0,0,d,804,Overcast clouds,c04d,12
2026/6/18 13:00,3.95,30,38.2,82,26.6,995,4.8,172,10,10,100,87.2,287.4,1050,126,141,3.7,0,0,d,804,Overcast clouds,c04d,13
2026/6/18 13:15,63.78,29.7,37.9,84,26.7,995,4.8,173,9.9,12,100,83.8,284.6,1038,125,139,3.7,0,0,d,804,Overcast clouds,c04d,13
2026/6/18 13:30,47.65,29.5,37.3,85,26.7,995,4.8,174,9.8,12,100,80.4,281.8,1025,124,139,3.6,0,0,d,804,Overcast clouds,c04d,13
2026/6/18 13:45,27.84,29.2,36.7,86,26.6,995,4.8,175,9.7,13,100,77,279.1,1013,124,139,3.5,0,0,d,804,Overcast clouds,c04d,13
2026/6/18 14:00,13.54,28.9,36.3,88,26.7,995,4.8,176,9.6,14,100,73.5,276.3,1001,123,137,3.4,0,0,d,804,Overcast clouds,c04d,14
2026/6/18 14:15,4.05,28.8,35.9,88,26.6,995,4.8,177,9.2,14,100,70.1,276.7,973,122,136,3.2,0,0,d,804,Overcast clouds,c04d,14
2026/6/18 14:30,3.96,28.7,35.8,89,26.7,995,4.8,178,8.8,15,100,66.7,277.2,944,120,133,3.1,0,0,d,804,Overcast clouds,c04d,14
2026/6/18 14:45,45.34,28.6,35.7,90,26.8,994,4.8,179,8.4,15,100,63.2,277.6,916,119,131,2.9,0,0,d,804,Overcast clouds,c04d,14
2026/6/18 15:00,25.15,28.5,35.4,90,26.7,994,4.8,180,8,16,100,59.8,278.1,887,118,130,2.7,0,0,d,804,Overcast clouds,c04d,15
2026/6/18 15:15,19.08,28.7,35.8,89,26.7,994,4.7,180,8.1,16,100,56.4,278.8,844,115,126,2.5,0,0,d,804,Overcast clouds,c04d,15
2026/6/18 15:30,3.93,28.9,36.3,88,26.7,994,4.6,180,8.2,10,100,53,279.4,802,113,124,2.3,0,0,d,804,Overcast clouds,c04d,15
2026/6/18 15:45,4.02,29.1,36.7,87,26.7,994,4.5,180,8.3,10,100,49.5,280.1,759,111,121,2.1,0,0,d,804,Overcast clouds,c04d,15
2026/6/18 16:00,3.96,29.3,37.1,86,26.7,994,4.4,180,8.4,10,100,46.1,280.8,717,108,117,1.9,0,0,d,804,Overcast clouds,c04d,16
2026/6/18 16:15,3.97,29.3,37.1,86,26.7,994,4.4,178,8.2,12,100,42.8,281.7,665,105,114,1.7,0,0,d,804,Overcast clouds,c04d,16
2026/6/18 16:30,46.85,29.3,37.1,86,26.7,994,4.4,176,8,10,100,39.4,282.5,612,101,109,1.5,0,0,d,804,Overcast clouds,c04d,16
2026/6/18 16:45,24.76,29.3,37.1,86,26.7,993,4.4,174,7.8,10,100,36,283.3,560,98,105,1.3,0,0,d,804,Overcast clouds,c04d,16
2026/6/18 17:00,14.42,29.3,37.1,86,26.7,993,4.4,172,7.6,10,100,32.6,284.2,507,94,100,1.2,0,0,d,804,Overcast clouds,c04d,17
2026/6/18 17:15,21.71,29.2,37,87,26.8,993,4.2,170,7.6,12,100,29.3,285.1,450,89,94,1,0,0,d,804,Overcast clouds,c04d,17
2026/6/18 17:30,0,29.1,36.9,88,26.9,993,4,168,7.6,10,100,26,286.1,393,84,88,0.9,0,0,d,804,Overcast clouds,c04d,17
2026/6/18 17:45,3.94,29,36.8,89,27,993,3.8,166,7.6,10,100,22.6,287.1,336,79,82,0.8,0,0,d,804,Overcast clouds,c04d,17
2026/6/18 18:00,3.94,28.9,36.7,90,27.1,993,3.6,164,7.6,10,100,19.3,288.1,279,73,75,0.8,0,0,d,804,Overcast clouds,c04d,18
2026/6/18 18:15,3.92,28.9,36.7,90,27.1,993,3.7,162,7.6,12,100,16.1,289.2,226,65,67,0.7,0,0,d,804,Overcast clouds,c04d,18
2026/6/18 18:30,3.95,28.9,36.5,89,26.9,994,3.8,161,7.6,12,100,12.8,290.4,173,56,57,0.7,0,0,d,804,Overcast clouds,c04d,18
2026/6/18 18:45,3.95,28.9,36.3,88,26.7,994,3.9,160,7.6,13,100,9.6,291.6,121,47,48,0.7,0,0,d,804,Overcast clouds,c04d,18
2026/6/18 19:00,3.88,28.9,36.3,88,26.7,994,4,158,7.6,14,100,6.3,292.8,68,39,39,0.6,0,0,d,804,Overcast clouds,c04d,19
2026/6/18 19:15,3.83,28.9,36.3,88,26.7,994,4.1,158,7.5,14,100,3.2,294.2,51,29,29,0.6,0.25,0,d,804,Overcast clouds,c04d,19
2026/6/18 19:30,0.78,28.9,36.3,88,26.7,994,4.2,158,7.4,15,100,0.1,295.7,34,19,19,0.6,0.5,0,d,301,Drizzle,d02n,19
2026/6/18 19:45,0.03,28.9,36.3,88,26.7,994,4.3,158,7.3,15,100,-3,297.1,17,10,10,0,0.25,0,d,804,Overcast clouds,c04n,19
2026/6/18 20:00,0,28.9,36.3,88,26.7,994,4.4,158,7.2,16,100,-6.2,298.5,0,0,0,0,0,0,n,804,Overcast clouds,c04n,20
2026/6/18 20:15,0,28.9,36.3,88,26.7,994,4.3,158,7.2,16,100,-9.1,300.4,0,0,0,0,0,0,n,804,Overcast clouds,c04n,20
2026/6/18 20:30,0,28.9,36.3,88,26.7,994,4.2,158,7.2,16,100,-12,302.2,0,0,0,0,0,0,n,804,Overcast clouds,c04n,20
2026/6/18 20:45,0,28.9,36.3,88,26.7,994,4.1,158,7.2,16,99,-14.9,304.1,0,0,0,0,0,0,n,804,Overcast clouds,c04n,20
2026/6/18 21:00,0,28.9,36.3,88,26.7,994,4,158,7.2,16,99,-17.9,305.9,0,0,0,0,0,0,n,804,Overcast clouds,c04n,21
2026/6/18 21:15,0,28.8,35.9,88,26.6,994,4.1,158,7.2,16,99,-20.5,308.3,0,0,0,0,0,0,n,804,Overcast clouds,c04n,21
2026/6/18 21:30,0,28.7,35.6,88,26.5,995,4.2,159,7.2,10,100,-23.1,310.8,0,0,0,0,0,0,n,804,Overcast clouds,c04n,21
2026/6/18 21:45,0,28.6,35.3,88,26.4,995,4.3,160,7.2,10,100,-25.8,313.2,0,0,0,0,0,0,n,804,Overcast clouds,c04n,21
2026/6/18 22:00,0,28.5,35,88,26.3,995,4.4,160,7.2,12,100,-28.4,315.6,0,0,0,0,0,0,n,804,Overcast clouds,c04n,22
2026/6/18 22:15,0,28.5,35,88,26.3,995,4.3,160,7.4,12,100,-30.5,318.8,0,0,0,0,0,0,n,804,Overcast clouds,c04n,22
2026/6/18 22:30,0,28.5,35,88,26.3,995,4.2,160,7.6,13,100,-32.7,322,0,0,0,0,0,0,n,804,Overcast clouds,c04n,22
2026/6/18 22:45,0,28.5,35,88,26.3,995,4.1,160,7.8,13,100,-34.8,325.2,0,0,0,0,0,0,n,804,Overcast clouds,c04n,22
2026/6/18 23:00,0,28.5,35,88,26.3,995,4,160,8,14,100,-37,328.4,0,0,0,0,0,0,n,804,Overcast clouds,c04n,23
2026/6/18 23:15,0.01,28.5,35,88,26.3,995,4,160,8.1,14,100,-38.3,332.5,0,0,0,0,0,0,n,804,Overcast clouds,c04n,23
2026/6/18 23:30,0,28.5,35.2,89,26.5,995,4,160,8.2,15,100,-39.7,336.6,0,0,0,0,0,0,n,804,Overcast clouds,c04n,23
2026/6/18 23:45,0,28.5,35.4,90,26.7,995,4,160,8.3,15,100,-41.1,340.7,0,0,0,0,0,0,n,804,Overcast clouds,c04n,23
2026/6/19 0:00,0,28.5,35.4,90,26.7,995,4,160,8.4,16,100,-42.5,344.8,0,0,0,0,0,0,n,804,Overcast clouds,c04n,0
2026/6/19 0:15,0,28.4,35,90,26.6,995,4,162,8.4,16,100,-42.8,259.5,0,0,0,0,0,0,n,804,Overcast clouds,c04n,0
2026/6/19 0:30,0,28.3,34.9,91,26.7,995,4,163,8.4,16,100,-43.2,174.2,0,0,0,0,0,0,n,804,Overcast clouds,c04n,0
2026/6/19 0:45,0,28.2,34.8,92,26.8,995,4,164,8.4,16,100,-43.5,88.9,0,0,0,0,0,0,n,804,Overcast clouds,c04n,0
2026/6/19 1:00,0,28.1,34.4,92,26.7,995,4,166,8.4,16,100,-43.9,3.6,0,0,0,0,0,0,n,804,Overcast clouds,c04n,1
2026/6/19 1:15,0,28.1,34.4,92,26.7,995,4.1,167,8.4,16,100,-43.1,8.2,0,0,0,0,0,0,n,804,Overcast clouds,c04n,1
2026/6/19 1:30,0,28.1,34.4,92,26.7,995,4.2,168,8.4,16,100,-42.4,12.7,0,0,0,0,0,0,n,804,Overcast clouds,c04n,1
2026/6/19 1:45,0,28.1,34.4,92,26.7,995,4.3,169,8.4,16,100,-41.6,17.3,0,0,0,0,0,0,n,804,Overcast clouds,c04n,1
2026/6/19 2:00,0,28.1,34.4,92,26.7,995,4.4,170,8.4,16,100,-40.8,21.8,0,0,0,0,0,0,n,804,Overcast clouds,c04n,2
2026/6/19 2:15,0,28.1,34.4,92,26.7,995,4.4,171,8.4,16,100,-39.1,25.6,0,0,0,0,0,0,n,804,Overcast clouds,c04n,2
2026/6/19 2:30,0,28.1,34.4,92,26.7,995,4.4,172,8.4,10,100,-37.4,29.4,0,0,0,0,0,0,n,804,Overcast clouds,c04n,2
2026/6/19 2:45,0.01,28.1,34.4,92,26.7,994,4.4,173,8.4,10,100,-35.7,33.1,0,0,0,0,0,0,n,804,Overcast clouds,c04n,2
2026/6/19 3:00,0.01,28.1,34.4,92,26.7,994,4.4,174,8.4,10,100,-34,36.9,0,0,0,0,0,0,n,804,Overcast clouds,c04n,3
2026/6/19 3:15,0,28.1,34.4,92,26.7,994,4.4,175,8.3,12,100,-31.6,39.8,0,0,0,0,0,0,n,804,Overcast clouds,c04n,3
2026/6/19 3:30,0,28.1,34.4,92,26.7,994,4.4,176,8.2,13,100,-29.3,42.7,0,0,0,0,0,0,n,804,Overcast clouds,c04n,3
2026/6/19 3:45,0,28.1,34.4,92,26.7,994,4.4,177,8.1,13,100,-26.9,45.5,0,0,0,0,0,0,n,804,Overcast clouds,c04n,3
2026/6/19 4:00,0,28.1,34.4,92,26.7,994,4.4,178,8,14,100,-24.6,48.4,0,0,0,0,0,0,n,804,Overcast clouds,c04n,4
2026/6/19 4:15,0,28.1,34.4,92,26.7,994,4.3,178,7.9,14,100,-21.8,50.6,0,0,0,0,0,0,n,804,Overcast clouds,c04n,4
2026/6/19 4:30,0,28.1,34.4,92,26.7,994,4.2,179,7.8,15,100,-19,52.8,0,0,0,0,0,0,n,804,Overcast clouds,c04n,4
2026/6/19 4:45,0,28.1,34.4,92,26.7,994,4.1,180,7.7,15,100,-16.3,54.9,0,0,0,0,0,0,n,804,Overcast clouds,c04n,4
2026/6/19 5:00,0,28.1,34.4,92,26.7,994,4,180,7.6,16,100,-13.5,57.1,0,0,0,0,0,0,n,804,Overcast clouds,c04n,5
2026/6/19 5:15,0,28,34.2,92,26.6,994,3.9,176,7.6,16,100,-10.5,58.8,0,0,0,0,0,0,n,804,Overcast clouds,c04n,5
2026/6/19 5:30,0,28,34.1,93,26.7,995,3.8,173,7.6,16,100,-7.5,60.5,0,0,0,0,0,0,n,804,Overcast clouds,c04n,5
2026/6/19 5:45,0.01,27.9,34,94,26.8,995,3.7,170,7.6,16,100,-4.5,62.1,0,0,0,0,0,0,n,804,Overcast clouds,c04n,5
2026/6/19 6:00,0.12,27.8,33.8,94,26.7,995,3.6,166,7.6,16,100,-1.5,63.8,0,0,0,0,0,0,n,804,Overcast clouds,c04n,6
2026/6/19 6:15,1.11,27.8,33.8,94,26.7,995,3.7,164,7.6,16,100,1.7,65.1,36,14,14,0.6,0,0,d,804,Overcast clouds,c04n,6
2026/6/19 6:30,2.65,27.8,33.8,94,26.7,995,3.8,162,7.6,16,100,4.9,66.5,71,27,27,0.6,0,0,d,804,Overcast clouds,c04d,6
2026/6/19 6:45,5.22,27.8,33.8,94,26.7,995,3.9,160,7.6,16,100,8.1,67.8,107,41,42,0.6,0,0,d,804,Overcast clouds,c04d,6
2026/6/19 7:00,8.63,27.8,33.8,94,26.7,995,4,158,7.6,16,100,11.2,69.1,143,55,56,0.7,0,0,d,804,Overcast clouds,c04d,7
2026/6/19 7:15,7.34,27.9,34,94,26.8,995,4,159,7.7,16,100,14.5,70.2,199,62,64,0.7,0,0,d,804,Overcast clouds,c04d,7
2026/6/19 7:30,11.26,28,34.1,93,26.7,995,4,160,7.8,16,100,17.8,71.3,255,69,71,0.7,0,0,d,804,Overcast clouds,c04d,7
2026/6/19 7:45,19.13,28,34.2,92,26.6,995,4,161,7.9,16,100,21.1,72.4,310,75,78,0.8,0,0,d,804,Overcast clouds,c04d,7
2026/6/19 8:00,19.8,28.1,34.4,92,26.7,995,4,162,8,16,100,24.4,73.5,366,82,86,0.9,0,0,d,804,Overcast clouds,c04d,8
2026/6/19 8:15,27.2,28,34.2,92,26.6,995,4.1,163,8,16,100,27.7,74.4,422,87,92,1,0,0,d,804,Overcast clouds,c04d,8
2026/6/19 8:30,18.09,28,34.1,93,26.7,995,4.2,164,8,16,100,31,75.3,478,91,97,1.1,0,0,d,804,Overcast clouds,c04d,8
2026/6/19 8:45,23.43,27.9,34,94,26.8,995,4.3,165,8,16,100,34.4,76.2,534,96,102,1.3,0,0,d,804,Overcast clouds,c04d,8
2026/6/19 9:00,36.64,27.8,33.8,94,26.7,995,4.4,166,8,16,100,37.7,77.2,590,100,107,1.4,0,0,d,804,Overcast clouds,c04d,9
2026/6/19 9:15,34.97,28,34.2,93,26.7,995,4.3,167,8,16,100,41.1,77.9,640,103,111,1.6,0,0,d,804,Overcast clouds,c04d,9
2026/6/19 9:30,41.9,28.2,34.6,92,26.7,995,4.2,168,8,10,100,44.5,78.7,689,106,115,1.8,0,0,d,804,Overcast clouds,c04d,9
2026/6/19 9:45,42.51,28.3,35,91,26.7,995,4.1,169,8,10,100,47.9,79.5,738,109,119,2,0,0,d,804,Overcast clouds,c04d,9
2026/6/19 10:00,35.32,28.5,35.4,90,26.7,995,4,170,8,10,100,51.3,80.3,787,112,123,2.2,0,0,d,804,Overcast clouds,c04d,10
2026/6/19 10:15,36.5,28.6,35.7,90,26.8,995,4,171,8.1,12,100,54.7,80.9,825,114,125,2.4,0.25,0,d,804,Overcast clouds,c04d,10
2026/6/19 10:30,49.71,28.7,36,90,26.9,996,4,172,8.2,10,100,58.2,81.5,862,116,127,2.6,0.5,0,d,301,Drizzle,d02d,10
2026/6/19 10:45,51.16,28.8,36.4,90,27,996,4,173,8.3,10,100,61.6,82.1,900,118,129,2.8,0.25,0,d,804,Overcast clouds,c04d,10
2026/6/19 11:00,36.62,28.9,36.7,90,27.1,996,4,174,8.4,10,100,65,82.8,938,120,131,3,0,0,d,804,Overcast clouds,c04d,11
2026/6/19 11:15,26.39,28.9,36.7,90,27.1,996,4,176,8.4,11,100,68.5,82.9,960,121,132,3.2,0.5,0,d,301,Drizzle,d02d,11
2026/6/19 11:30,46.65,28.9,36.7,90,27.1,996,4,179,8.4,10,100,71.9,83.1,983,122,134,3.3,1,0,d,500,Light rain,r01d,11
2026/6/19 11:45,72.82,28.9,36.7,90,27.1,995,4,182,8.4,10,100,75.3,83.3,1005,123,135,3.5,1,0,d,500,Light rain,r01d,11
2026/6/19 12:00,57.04,28.9,36.7,90,27.1,995,4,184,8.4,10,100,78.8,83.5,1028,124,136,3.6,1,0,d,500,Light rain,r01d,12
2026/6/19 12:15,41.58,29.2,37.4,89,27.2,995,3.9,184,8.4,10,100,80.9,134.6,1033,125,137,3.6,0.75,0,d,301,Drizzle,d02d,12
2026/6/19 12:30,60.6,29.5,38.1,88,27.2,995,3.8,185,8.4,10,100,83,185.7,1039,125,137,3.7,0.5,0,d,301,Drizzle,d02d,12
2026/6/19 12:45,78.93,29.7,38.8,87,27.3,995,3.7,186,8.4,12,100,85.1,236.8,1044,125,136,3.7,0.5,0,d,301,Drizzle,d02d,12
2026/6/19 13:00,85.7,30,39.4,86,27.4,995,3.6,186,8.4,12,100,87.3,288,1050,126,137,3.7,0.5,0,d,301,Drizzle,d02d,13
2026/6/19 13:15,55.83,30.1,39.8,86,27.5,995,3.5,184,8.5,13,100,83.8,285.1,1038,125,135,3.7,0.5,0,d,301,Drizzle,d02d,13
2026/6/19 13:30,61.74,30.2,39.8,85,27.4,995,3.4,181,8.6,16,100,80.4,282.2,1025,124,135,3.6,0.5,0,d,301,Drizzle,d02d,13
2026/6/19 13:45,34.75,30.3,39.9,84,27.3,995,3.3,178,8.7,16,100,77,279.2,1013,124,135,3.5,0.5,0,d,301,Drizzle,d02d,13
2026/6/19 14:00,70.03,30.4,40.2,84,27.4,995,3.2,176,8.8,16,100,73.6,276.3,1001,123,134,3.4,0.5,0,d,301,Drizzle,d02d,14
2026/6/19 14:15,51.5,30.5,40.5,84,27.5,995,3.2,177,8.3,16,100,70.1,276.8,973,122,132,3.2,0.5,0,d,301,Drizzle,d02d,14
2026/6/19 14:30,24.22,30.6,40.4,83,27.3,995,3.2,178,7.8,10,100,66.7,277.2,944,120,130,3.1,0.5,0,d,301,Drizzle,d02d,14
2026/6/19 14:45,15.32,30.6,40.3,82,27.2,994,3.2,179,7.3,10,100,63.3,277.6,916,119,129,2.9,0.25,0,d,804,Overcast clouds,c04d,14
2026/6/19 15:00,3.98,30.7,40.6,82,27.3,994,3.2,180,6.8,10,100,59.8,278.1,887,118,128,2.7,0,0,d,804,Overcast clouds,c04d,15
2026/6/19 15:15,3.97,30.5,40.3,83,27.3,994,3.3,181,6.8,12,100,56.4,278.8,845,115,124,2.5,0,0,d,804,Overcast clouds,c04d,15
2026/6/19 15:30,3.88,30.4,40,84,27.3,994,3.4,182,6.8,12,100,53,279.5,803,113,121,2.3,0,0,d,804,Overcast clouds,c04d,15
2026/6/19 15:45,3.95,30.2,39.7,85,27.4,994,3.5,183,6.8,12,100,49.6,280.2,760,111,119,2.1,0.25,0,d,804,Overcast clouds,c04d,15
2026/6/19 16:00,33.04,30,39.4,86,27.4,994,3.6,184,6.8,12,100,46.2,280.8,718,108,115,1.9,0.5,0,d,301,Drizzle,d02d,16
2026/6/19 16:15,0.04,30,39.4,86,27.4,994,3.6,184,6.8,13,100,42.8,281.7,665,105,111,1.7,0.5,0,d,231,Thunderstorm with drizzle,t04d,16
2026/6/19 16:30,0.02,30,39.4,86,27.4,994,3.6,184,6.8,10,100,39.4,282.5,613,101,107,1.5,0.5,0,d,231,Thunderstorm with drizzle,t04d,16
2026/6/19 16:45,26.92,30,39.4,86,27.4,994,3.6,184,6.8,10,100,36,283.3,560,98,103,1.3,0.75,0,d,231,Thunderstorm with drizzle,t04d,16
2026/6/19 17:00,3.9,30,39.4,86,27.4,994,3.6,184,6.8,10,100,32.7,284.2,508,94,98,1.2,1,0,d,200,Thunderstorm with light rain,t01d,17
2026/6/19 17:15,3.92,29.6,38.7,88,27.4,994,3.3,176,6.7,12,100,29.3,285.1,451,89,82,1.1,1.25,0,d,500,Light rain,r01d,17
2026/6/19 17:30,3.89,29.3,37.7,89,27.2,995,3,167,6.6,10,100,26,286.1,394,84,75,0.9,1.5,0,d,500,Light rain,r01d,17
2026/6/19 17:45,3.93,28.9,36.6,90,27.1,995,2.7,158,6.5,10,100,22.7,287.1,337,79,82,0.8,1,0,d,500,Light rain,r01d,17
2026/6/19 18:00,3.9,28.5,35.8,92,27.1,995,2.4,150,6.4,10,100,19.4,288.1,280,73,75,0.8,0.5,0,d,301,Drizzle,d02d,18
2026/6/19 18:15,3.93,28.5,35.8,92,27.1,995,2.5,150,6.4,12,100,16.1,289.2,227,65,67,0.7,0.25,0,d,804,Overcast clouds,c04d,18
2026/6/19 18:30,3.86,28.5,35.8,92,27.1,995,2.6,150,6.4,13,100,12.9,290.4,174,56,57,0.7,0,0,d,804,Overcast clouds,c04d,18
2026/6/19 18:45,3.91,28.5,35.8,92,27.1,994,2.7,150,6.4,13,100,9.6,291.6,121,48,49,0.7,0,0,d,804,Overcast clouds,c04d,18
2026/6/19 19:00,4.4,28.5,35.8,92,27.1,994,2.8,150,6.4,14,100,6.4,292.8,68,39,39,0.6,0,0,d,804,Overcast clouds,c04d,19
2026/6/19 19:15,3,28.4,35.5,92,27,994,2.9,152,6.4,14,100,3.3,294.2,51,29,29,0.6,0,0,d,804,Overcast clouds,c04d,19
2026/6/19 19:30,0.42,28.3,35.1,92,26.9,995,3,155,6.4,15,100,0.1,295.6,34,20,20,0.6,0,0,d,804,Overcast clouds,c04n,19
2026/6/19 19:45,0.04,28.2,34.8,92,26.8,995,3.1,158,6.4,15,100,-3,297.1,17,10,10,0,0,0,d,804,Overcast clouds,c04n,19
2026/6/19 20:00,0,28.1,34.4,92,26.7,995,3.2,160,6.4,16,100,-6.1,298.5,0,0,0,0,0,0,n,804,Overcast clouds,c04n,20
2026/6/19 20:15,0,28.1,34.4,92,26.7,995,3.4,160,6.6,16,100,-9,300.4,0,0,0,0,0,0,n,804,Overcast clouds,c04n,20
2026/6/19 20:30,0,28.1,34.4,92,26.7,995,3.6,160,6.8,10,100,-12,302.2,0,0,0,0,0,0,n,804,Overcast clouds,c04n,20
2026/6/19 20:45,0,28.1,34.4,92,26.7,995,3.8,160,7,10,100,-14.9,304.1,0,0,0,0,0,0,n,804,Overcast clouds,c04n,20
2026/6/19 21:00,0,28.1,34.4,92,26.7,995,4,160,7.2,10,100,-17.8,305.9,0,0,0,0,0,0,n,804,Overcast clouds,c04n,21
2026/6/19 21:15,0,28,34.2,92,26.6,995,4.2,160,7.4,12,100,-20.5,308.3,0,0,0,0,0,0,n,804,Overcast clouds,c04n,21
2026/6/19 21:30,0,28,34.1,93,26.7,996,4.4,161,7.6,12,100,-23.1,310.7,0,0,0,0,0,0,n,804,Overcast clouds,c04n,21
2026/6/19 21:45,0,27.9,34,94,26.8,996,4.6,162,7.8,13,100,-25.7,313.1,0,0,0,0,0,0,n,804,Overcast clouds,c04n,21
2026/6/19 22:00,0,27.8,33.8,94,26.7,996,4.8,162,8,14,100,-28.3,315.6,0,0,0,0,0,0,n,804,Overcast clouds,c04n,22
2026/6/19 22:15,0,27.8,33.8,94,26.7,996,4.8,163,8,14,100,-30.5,318.8,0,0,0,0,0,0,n,804,Overcast clouds,c04n,22
2026/6/19 22:30,0,27.8,33.8,94,26.7,996,4.8,164,8,10,100,-32.6,322,0,0,0,0,0,0,n,804,Overcast clouds,c04n,22
2026/6/19 22:45,0,27.8,33.8,94,26.7,996,4.8,165,8,10,100,-34.8,325.2,0,0,0,0,0,0,n,804,Overcast clouds,c04n,22
2026/6/19 23:00,0,27.8,33.8,94,26.7,996,4.8,166,8,10,100,-36.9,328.4,0,0,0,0,0,0,n,804,Overcast clouds,c04n,23
2026/6/19 23:15,0,27.8,33.8,94,26.7,996,4.8,167,7.9,9,100,-38.3,332.5,0,0,0,0,0,0,n,804,Overcast clouds,c04n,23
2026/6/19 23:30,0,27.8,33.8,94,26.7,996,4.8,168,7.8,10,100,-39.7,336.6,0,0,0,0,0,0,n,804,Overcast clouds,c04n,23
2026/6/19 23:45,0,27.8,33.8,94,26.7,996,4.8,169,7.7,10,100,-41.1,340.7,0,0,0,0,0,0,n,804,Overcast clouds,c04n,23
2026/6/20 0:00,0,27.8,33.8,94,26.7,996,4.8,170,7.6,10,100,-42.5,344.8,0,0,0,0,0,0,n,804,Overcast clouds,c04n,0
2026/6/20 0:15,0,27.7,33.4,94,26.6,996,4.7,170,7.6,7,100,-42.8,259.5,0,0,0,0,0,0,n,804,Overcast clouds,c04n,0
2026/6/20 0:30,0,27.6,33.1,94,26.5,996,4.6,170,7.6,10,100,-43.2,174.2,0,0,0,0,0,0,n,804,Overcast clouds,c04n,0
2026/6/20 0:45,0,27.5,32.8,94,26.4,996,4.5,170,7.6,10,100,-43.5,88.9,0,0,0,0,0,0,n,804,Overcast clouds,c04n,0
2026/6/20 1:00,0,27.4,32.4,94,26.3,996,4.4,170,7.6,10,100,-43.9,3.6,0,0,0,0,0,0,n,804,Overcast clouds,c04n,1
2026/6/20 1:15,0,27.4,32.4,94,26.3,996,4.2,170,7.5,12,100,-43.1,8.1,0,0,0,0,0,0,n,804,Overcast clouds,c04n,1
2026/6/20 1:30,0,27.4,32.3,93,26.2,996,4,171,7.4,13,100,-42.4,12.7,0,0,0,0,0,0,n,804,Overcast clouds,c04n,1
2026/6/20 1:45,0,27.4,32.2,92,26,996,3.8,172,7.3,13,100,-41.6,17.2,0,0,0,0,0,0,n,804,Overcast clouds,c04n,1
2026/6/20 2:00,0,27.4,32.2,92,26,996,3.6,172,7.2,14,100,-40.8,21.8,0,0,0,0,0,0,n,804,Overcast clouds,c04n,2
2026/6/20 2:15,0,27.4,32.2,92,26,996,3.6,171,7.1,14,100,-39.1,25.5,0,0,0,0,0,0,n,804,Overcast clouds,c04n,2
2026/6/20 2:30,0,27.4,32.2,92,26,996,3.6,170,7,10,100,-37.4,29.3,0,0,0,0,0,0,n,804,Overcast clouds,c04n,2
2026/6/20 2:45,0,27.4,32.2,92,26,995,3.6,169,6.9,10,100,-35.7,33.1,0,0,0,0,0,0,n,804,Overcast clouds,c04n,2
2026/6/20 3:00,0,27.4,32.2,92,26,995,3.6,168,6.8,10,100,-34,36.8,0,0,0,0,0,0,n,804,Overcast clouds,c04n,3
2026/6/20 3:15,0,27.4,32.2,92,26,995,3.5,168,6.7,12,100,-31.7,39.7,0,0,0,0,0,0,n,804,Overcast clouds,c04n,3
2026/6/20 3:30,0,27.4,32.2,92,26,996,3.4,167,6.6,10,100,-29.3,42.6,0,0,0,0,0,0,n,804,Overcast clouds,c04n,3
2026/6/20 3:45,0,27.4,32.2,92,26,996,3.3,166,6.5,10,100,-27,45.5,0,0,0,0,0,0,n,804,Overcast clouds,c04n,3
2026/6/20 4:00,0,27.4,32.2,92,26,996,3.2,166,6.4,10,100,-24.6,48.4,0,0,0,0,0,0,n,804,Overcast clouds,c04n,4
2026/6/20 4:15,0,27.4,32.2,92,26,996,3.2,166,6.5,12,100,-21.8,50.5,0,0,0,0,0,0,n,804,Overcast clouds,c04n,4
2026/6/20 4:30,0.01,27.4,32.2,92,26,996,3.2,165,6.6,10,100,-19.1,52.7,0,0,0,0,0,0,n,804,Overcast clouds,c04n,4
2026/6/20 4:45,0,27.4,32.2,92,26,996,3.2,164,6.7,10,100,-16.3,54.9,0,0,0,0,0,0,n,804,Overcast clouds,c04n,4
2026/6/20 5:00,0,27.4,32.2,92,26,996,3.2,164,6.8,12,100,-13.6,57.1,0,0,0,0,0,0,n,804,Overcast clouds,c04n,5
2026/6/20 5:15,0,27.6,32.7,92,26.2,996,3.2,164,6.6,12,100,-10.5,58.8,0,0,0,0,0,0,n,804,Overcast clouds,c04n,5
2026/6/20 5:30,0,27.8,33.1,91,26.1,996,3.2,164,6.4,10,100,-7.5,60.4,0,0,0,0,0,0,n,804,Overcast clouds,c04n,5
2026/6/20 5:45,0,27.9,33.5,90,26.1,996,3.2,164,6.2,10,100,-4.5,62.1,0,0,0,0,0,0,n,804,Overcast clouds,c04n,5
2026/6/20 6:00,0.02,28.1,34.1,90,26.3,996,3.2,164,6,12,100,-1.5,63.8,0,0,0,0,0,0,n,804,Overcast clouds,c04n,6
2026/6/20 6:15,1.41,28.1,34.1,90,26.3,996,3.3,164,6.1,12,100,1.7,65.1,36,14,14,0.6,0,0,d,804,Overcast clouds,c04n,6
2026/6/20 6:30,2.67,28.1,34.3,91,26.5,996,3.4,165,6.2,10,100,4.8,66.4,71,27,28,0.6,0,0,d,804,Overcast clouds,c04d,6
2026/6/20 6:45,5.26,28.1,34.4,92,26.7,996,3.5,166,6.3,10,100,8,67.8,107,41,42,0.6,0.25,0,d,804,Overcast clouds,c04d,6
2026/6/20 7:00,8.36,28.1,34.4,92,26.7,996,3.6,166,6.4,10,100,11.2,69.1,142,55,56,0.7,0.5,0,d,301,Drizzle,d02d,7
2026/6/20 7:15,13.08,28.2,34.8,92,26.8,996,3.7,166,6.7,12,100,14.5,70.2,198,61,63,0.7,0.5,0,d,301,Drizzle,d02d,7
2026/6/20 7:30,21.66,28.3,34.9,91,26.7,997,3.8,167,7,13,100,17.7,71.3,254,68,71,0.7,0.5,0,d,301,Drizzle,d02d,7
2026/6/20 7:45,33.4,28.4,35,90,26.6,997,3.9,168,7.3,13,100,21,72.4,310,75,78,0.8,0.25,0,d,804,Overcast clouds,c04d,7
2026/6/20 8:00,43.89,28.5,35.4,90,26.7,997,4,168,7.6,14,100,24.3,73.5,366,82,86,0.9,0,0,d,804,Overcast clouds,c04d,8
2026/6/20 8:15,53.39,28.5,35.4,90,26.7,997,4,168,7.8,14,100,27.7,74.4,422,87,92,1,0,0,d,804,Overcast clouds,c04d,8
2026/6/20 8:30,80.09,28.5,35.6,91,26.9,997,4,168,8,14,100,31,75.3,478,91,96,1.1,0,0,d,804,Overcast clouds,c04d,8
2026/6/20 8:45,77.22,28.5,35.8,92,27.1,997,4,168,8.2,15,100,34.4,76.2,534,96,102,1.3,0,0,d,804,Overcast clouds,c04d,8
2026/6/20 9:00,72.22,28.5,35.8,92,27.1,997,4,168,8.4,15,100,37.7,77.1,590,100,106,1.4,0,0,d,804,Overcast clouds,c04d,9
2026/6/20 9:15,48.09,28.8,36.3,90,27,997,4,168,8.6,16,100,41.1,77.9,639,103,110,1.6,0,0,d,804,Overcast clouds,c04d,9
2026/6/20 9:30,78.64,29.1,37,89,27,997,4,168,8.8,16,100,44.5,78.7,688,106,114,1.8,0,0,d,804,Overcast clouds,c04d,9
2026/6/20 9:45,78.11,29.3,37.7,88,27.1,997,4,168,9,16,100,47.9,79.5,737,109,117,2,0,0,d,804,Overcast clouds,c04d,9
2026/6/20 10:00,53.51,29.6,38.1,86,27,997,4,168,9.2,16,100,51.3,80.3,787,112,121,2.2,0,0,d,804,Overcast clouds,c04d,10
2026/6/20 10:15,148.17,29.9,38.4,84,26.9,997,3.9,168,9.3,16,100,54.7,80.9,824,114,124,2.4,0,0,d,804,Overcast clouds,c04d,10
2026/6/20 10:30,144.04,30.2,38.7,82,26.7,997,3.8,168,9.4,10,100,58.1,81.5,862,116,128,2.6,0,0,d,804,Overcast clouds,c04d,10
2026/6/20 10:45,139.92,30.4,39.3,81,26.8,997,3.7,168,9.5,10,100,61.5,82.1,899,118,130,2.8,0,0,d,804,Overcast clouds,c04d,10
2026/6/20 11:00,99.27,30.7,39.6,79,26.6,997,3.6,168,9.6,12,100,65,82.7,937,120,133,3,0,0,d,804,Overcast clouds,c04d,11
2026/6/20 11:15,3.96,30.8,39.5,78,26.5,997,3.7,169,9.7,12,100,68.4,82.9,960,121,135,3.2,0,0,d,804,Overcast clouds,c04d,11
2026/6/20 11:30,3.9,30.9,39.9,78,26.6,997,3.8,170,9.8,13,100,71.8,83.1,982,122,136,3.3,0,0,d,804,Overcast clouds,c04d,11
2026/6/20 11:45,3.85,31,40.2,78,26.7,997,3.9,171,9.9,13,100,75.3,83.3,1005,123,137,3.5,0,0,d,804,Overcast clouds,c04d,11
2026/6/20 12:00,3.88,31.1,40.2,77,26.6,997,4,172,10,14,100,78.7,83.4,1027,124,139,3.6,0,0,d,804,Overcast clouds,c04d,12
2026/6/20 12:15,3.84,31.4,40.7,76,26.6,997,4.1,172,9.9,14,100,80.9,134.7,1033,125,140,3.6,0,0,d,804,Overcast clouds,c04d,12
2026/6/20 12:30,3.86,31.7,41.2,75,26.7,997,4.2,173,9.8,10,100,83,185.9,1038,125,140,3.7,0,0,d,804,Overcast clouds,c04d,12
2026/6/20 12:45,3.86,31.9,41.7,74,26.7,997,4.3,174,9.7,10,100,85.2,237.2,1044,125,140,3.7,0,0,d,804,Overcast clouds,c04d,12
2026/6/20 13:00,3.89,32.2,42.2,73,26.7,997,4.4,174,9.6,10,100,87.3,288.4,1049,125,140,3.7,0,0,d,804,Overcast clouds,c04d,13
2026/6/20 13:15,3.94,32.2,42.2,73,26.7,997,4.4,174,9.5,12,100,83.9,285.4,1037,125,140,3.7,0.25,0,d,804,Overcast clouds,c04d,13
2026/6/20 13:30,3.94,32.2,42.2,73,26.7,997,4.4,174,9.4,12,100,80.5,282.4,1026,124,138,3.6,0.5,0,d,301,Drizzle,d02d,13
2026/6/20 13:45,68.2,32.2,42.2,73,26.7,997,4.4,174,9.3,13,100,77.1,279.4,1014,124,138,3.5,0.25,0,d,804,Overcast clouds,c04d,13
2026/6/20 14:00,50.46,32.2,42.2,73,26.7,996,4.4,174,9.2,14,100,73.6,276.4,1002,123,137,3.4,0,0,d,804,Overcast clouds,c04d,14
2026/6/20 14:15,26.4,32.1,42.3,74,26.9,996,4.4,174,9.2,14,100,70.2,276.8,973,122,135,3.2,0,0,d,804,Overcast clouds,c04d,14
2026/6/20 14:30,21.7,32.1,42.1,74,26.8,996,4.4,175,9.2,10,100,66.8,277.2,945,120,133,3.1,0,0,d,804,Overcast clouds,c04d,14
2026/6/20 14:45,13.36,32,42.2,75,27,996,4.4,176,9.2,10,100,63.3,277.7,916,119,131,2.9,0,0,d,804,Overcast clouds,c04d,14
2026/6/20 15:00,110.19,31.9,42.4,76,27.1,995,4.4,176,9.2,12,100,59.9,278.1,888,118,128,2.7,0,0,d,804,Overcast clouds,c04d,15
2026/6/20 15:15,3.98,31.4,41.6,78,27.1,995,4.1,170,8.8,12,100,56.5,278.8,845,115,125,2.5,0,0,d,804,Overcast clouds,c04d,15
2026/6/20 15:30,3.99,31,40.4,79,26.9,995,3.8,164,8.4,10,100,53.1,279.5,803,113,123,2.3,0,0,d,804,Overcast clouds,c04d,15
2026/6/20 15:45,41.62,30.5,39.2,80,26.6,995,3.5,158,8,10,100,49.6,280.2,761,111,121,2.1,0,0,d,804,Overcast clouds,c04d,15
2026/6/20 16:00,34.89,30,38.2,82,26.6,995,3.2,152,7.6,10,100,46.2,280.8,718,108,118,1.9,0,0,d,804,Overcast clouds,c04d,16
2026/6/20 16:15,3.95,30.1,38.6,82,26.7,995,3.3,153,7.4,12,100,42.9,281.7,666,105,114,1.7,0,0,d,804,Overcast clouds,c04d,16
2026/6/20 16:30,4.05,30.2,38.9,82,26.8,995,3.4,154,7.2,13,100,39.5,282.5,613,101,109,1.5,0,0,d,804,Overcast clouds,c04d,16
2026/6/20 16:45,3.99,30.3,39.2,82,26.9,995,3.5,155,7,13,100,36.1,283.3,561,98,105,1.3,0,0,d,804,Overcast clouds,c04d,16
2026/6/20 17:00,3.99,30.4,39.5,82,27,995,3.6,156,6.8,13,100,32.7,284.2,509,94,100,1.2,0,0,d,804,Overcast clouds,c04d,17
2026/6/20 17:15,3.98,30.1,38.6,82,26.7,995,3.5,158,6.8,14,100,29.4,285.1,452,89,94,1.1,0,0,d,804,Overcast clouds,c04d,17
2026/6/20 17:30,44.02,29.9,38.1,83,26.6,995,3.4,160,6.8,15,100,26.1,286.1,395,84,89,0.9,0,0,d,804,Overcast clouds,c04d,17
2026/6/20 17:45,42.07,29.6,37.4,84,26.6,995,3.3,162,6.8,15,100,22.7,287.1,338,79,83,0.8,0.25,0,d,804,Overcast clouds,c04d,17
2026/6/20 18:00,36.71,29.3,36.6,84,26.3,995,3.2,164,6.8,16,100,19.4,288.1,281,74,77,0.8,0.5,0,d,301,Drizzle,d02d,18
2026/6/20 18:15,0.02,29.3,36.6,84,26.3,995,3.1,163,6.8,16,100,16.2,289.2,228,65,68,0.7,0.25,0,d,804,Overcast clouds,c04d,18
2026/6/20 18:30,0,29.3,36.6,84,26.3,995,3,162,6.8,16,100,12.9,290.4,175,56,58,0.7,0,0,d,804,Overcast clouds,c04d,18
2026/6/20 18:45,12.83,29.3,36.6,84,26.3,995,2.9,161,6.8,16,100,9.7,291.6,122,48,49,0.7,0,0,d,804,Overcast clouds,c04d,18
2026/6/20 19:00,7.89,29.3,36.6,84,26.3,995,2.8,160,6.8,16,100,6.4,292.7,69,39,39,0.6,0,0,d,804,Overcast clouds,c04d,19
2026/6/20 19:15,3.43,29.3,36.6,84,26.3,995,3,160,6.9,16,100,3.3,294.2,52,29,29,0.6,0,0,d,804,Overcast clouds,c04d,19
2026/6/20 19:30,0.49,29.3,36.6,84,26.3,996,3.2,159,7,16,100,0.2,295.6,35,20,20,0.6,0,0,d,804,Overcast clouds,c04n,19
2026/6/20 19:45,0.04,29.3,36.6,84,26.3,996,3.4,158,7.1,16,100,-2.9,297.1,17,10,10,0,0,0,d,804,Overcast clouds,c04n,19
2026/6/20 20:00,0.01,29.3,36.6,84,26.3,996,3.6,158,7.2,16,100,-6.1,298.5,0,0,0,0,0,0,n,804,Overcast clouds,c04n,20
2026/6/20 20:15,0,29.2,36.3,84,26.2,996,3.6,157,7.1,16,100,-9,300.4,0,0,0,0,0,0,n,804,Overcast clouds,c04n,20
2026/6/20 20:30,0,29.1,36.2,85,26.3,997,3.6,156,7,10,100,-11.9,302.2,0,0,0,0,0,0,n,804,Overcast clouds,c04n,20
2026/6/20 20:45,0,29,36.1,86,26.4,997,3.6,155,6.9,10,100,-14.9,304,0,0,0,0,0,0,n,804,Overcast clouds,c04n,20
2026/6/20 21:00,0,28.9,35.8,86,26.3,997,3.6,154,6.8,12,100,-17.8,305.9,0,0,0,0,0,0,n,804,Overcast clouds,c04n,21
2026/6/20 21:15,0,28.6,35.1,87,26.2,997,3.7,154,6.7,12,100,-20.4,308.3,0,0,0,0,0,0,n,804,Overcast clouds,c04n,21
2026/6/20 21:30,0,28.4,34.5,88,26.2,997,3.8,155,6.6,13,100,-23,310.7,0,0,0,0,0,0,n,804,Overcast clouds,c04n,21
2026/6/20 21:45,0,28.1,33.8,89,26.1,997,3.9,156,6.5,13,100,-25.7,313.1,0,0,0,0,0,0,n,804,Overcast clouds,c04n,21
2026/6/20 22:00,0,27.8,33.1,90,26,997,4,156,6.4,14,100,-28.3,315.5,0,0,0,0,0,0,n,804,Overcast clouds,c04n,22
2026/6/20 22:15,0,27.7,32.8,90,25.9,997,4,156,6.4,14,100,-30.4,318.7,0,0,0,0,0,0,n,804,Overcast clouds,c04n,22
2026/6/20 22:30,0,27.6,32.7,91,26,998,4,157,6.4,15,100,-32.6,321.9,0,0,0,0,0,0,n,804,Overcast clouds,c04n,22
2026/6/20 22:45,0,27.5,32.5,92,26.1,998,4,158,6.4,15,100,-34.7,325.1,0,0,0,0,0,0,n,804,Overcast clouds,c04n,22
2026/6/20 23:00,0,27.4,32.2,92,26,998,4,158,6.4,15,100,-36.9,328.3,0,0,0,0,0,0,n,804,Overcast clouds,c04n,23
2026/6/20 23:15,0,27.4,32.2,92,26,998,4,158,6.5,16,100,-38.3,332.4,0,0,0,0,0,0,n,804,Overcast clouds,c04n,23
2026/6/20 23:30,0,27.4,32.2,92,26,998,4,158,6.6,10,100,-39.7,336.5,0,0,0,0,0,0,n,804,Overcast clouds,c04n,23
2026/6/20 23:45,0,27.4,32.2,92,26,998,4,158,6.7,10,100,-41.1,340.6,0,0,0,0,0,0,n,804,Overcast clouds,c04n,23
2026/6/21 0:00,0,27.4,32.2,92,26,998,4,158,6.8,10,100,-42.4,344.7,0,0,0,0,0,0,n,804,Overcast clouds,c04n,0
2026/6/21 0:15,0,27.3,31.9,92,25.9,998,3.9,157,6.8,12,100,-42.8,259.4,0,0,0,0,0,0,n,804,Overcast clouds,c04n,0
2026/6/21 0:30,0,27.2,31.6,92,25.8,998,3.8,156,6.8,13,100,-43.2,174.1,0,0,0,0,0,0,n,804,Overcast clouds,c04n,0
2026/6/21 0:45,0,27.1,31.2,92,25.7,998,3.7,155,6.8,13,100,-43.5,88.8,0,0,0,0,0,0,n,804,Overcast clouds,c04n,0
2026/6/21 1:00,0,27,30.9,92,25.6,998,3.6,154,6.8,14,100,-43.9,3.5,0,0,0,0,0,0,n,804,Overcast clouds,c04n,1
2026/6/21 1:15,0,27,30.9,92,25.6,998,3.5,153,6.8,14,100,-43.1,8,0,0,0,0,0,0,n,804,Overcast clouds,c04n,1
2026/6/21 1:30,0,27,30.9,92,25.6,998,3.4,152,6.8,15,100,-42.4,12.6,0,0,0,0,0,0,n,804,Overcast clouds,c04n,1
2026/6/21 1:45,0,27,30.9,92,25.6,998,3.3,151,6.8,15,100,-41.6,17.1,0,0,0,0,0,0,n,804,Overcast clouds,c04n,1
2026/6/21 2:00,0,27,30.9,92,25.6,998,3.2,150,6.8,16,100,-40.8,21.7,0,0,0,0,0,0,n,804,Overcast clouds,c04n,2
2026/6/21 2:15,0,27,30.9,92,25.6,998,3.2,150,6.6,10,100,-39.1,25.5,0,0,0,0,0,0,n,804,Overcast clouds,c04n,2
2026/6/21 2:30,0,27,30.9,92,25.6,998,3.2,149,6.4,10,100,-37.4,29.2,0,0,0,0,0,0,n,804,Overcast clouds,c04n,2
2026/6/21 2:45,0,27,30.9,92,25.6,997,3.2,148,6.2,10,100,-35.7,33,0,0,0,0,0,0,n,804,Overcast clouds,c04n,2
2026/6/21 3:00,0,27,30.9,92,25.6,997,3.2,148,6,10,100,-34,36.8,0,0,0,0,0,0,n,804,Overcast clouds,c04n,3
2026/6/21 3:15,0,26.9,30.7,92,25.5,997,3.2,149,6.1,12,100,-31.7,39.7,0,0,0,0,0,0,n,804,Overcast clouds,c04n,3
2026/6/21 3:30,0,26.9,30.6,93,25.6,997,3.2,150,6.2,12,100,-29.3,42.6,0,0,0,0,0,0,n,804,Overcast clouds,c04n,3
2026/6/21 3:45,0,26.8,30.5,94,25.7,997,3.2,151,6.3,13,99,-27,45.4,0,0,0,0,0,0,n,804,Overcast clouds,c04n,3
2026/6/21 4:00,0,26.7,30.2,94,25.7,997,3.2,152,6.4,14,99,-24.6,48.3,0,0,0,0,0,0,n,804,Overcast clouds,c04n,4
2026/6/21 4:15,0,26.8,30.5,94,25.7,997,3.3,153,6.4,14,98,-21.9,50.5,0,0,0,0,0,0,n,804,Overcast clouds,c04n,4
2026/6/21 4:30,0,26.9,30.6,93,25.6,997,3.4,154,6.4,15,98,-19.1,52.7,0,0,0,0,0,0,n,804,Overcast clouds,c04n,4
2026/6/21 4:45,0,26.9,30.7,92,25.5,997,3.5,155,6.4,15,97,-16.4,54.9,0,0,0,0,0,0,n,804,Overcast clouds,c04n,4
2026/6/21 5:00,0,27,30.9,92,25.6,997,3.6,156,6.4,16,96,-13.6,57.1,0,0,0,0,0,0,n,804,Overcast clouds,c04n,5
2026/6/21 5:15,0,27.3,31.7,91,25.7,997,3.4,155,6.5,16,97,-10.6,58.7,0,0,0,0,0,0,n,804,Overcast clouds,c04n,5
2026/6/21 5:30,0,27.6,32.4,90,25.8,998,3.2,154,6.6,10,98,-7.6,60.4,0,0,0,0,0,0,n,804,Overcast clouds,c04n,5
2026/6/21 5:45,0,27.8,33,89,25.8,998,3,153,6.7,10,98,-4.6,62.1,0,0,0,0,0,0,n,804,Overcast clouds,c04n,5
2026/6/21 6:00,1.73,28.1,33.7,88,25.9,998,2.8,152,6.8,10,99,-1.6,63.8,0,0,0,0,0,0,n,804,Overcast clouds,c04n,6
2026/6/21 6:15,6.72,28.1,33.7,88,25.9,998,2.9,154,7,12,99,1.6,65.1,35,14,15,0.6,0,0,d,804,Overcast clouds,c04n,6
2026/6/21 6:30,16.52,28.1,33.7,88,25.9,998,3,155,7.2,13,100,4.8,66.4,71,27,28,0.6,0,0,d,804,Overcast clouds,c04d,6
2026/6/21 6:45,24.3,28.1,33.7,88,25.9,998,3.1,156,7.4,13,100,8,67.7,106,41,42,0.6,0.25,0,d,804,Overcast clouds,c04d,6
2026/6/21 7:00,33.74,28.1,33.7,88,25.9,998,3.2,158,7.6,13,100,11.1,69.1,141,54,56,0.7,0.5,0,d,301,Drizzle,d02d,7
2026/6/21 7:15,35.02,28.2,34,88,26,998,3.2,158,7.5,14,100,14.4,70.2,197,61,63,0.7,0.25,0,d,804,Overcast clouds,c04d,7
2026/6/21 7:30,48.4,28.3,34.1,87,25.9,999,3.2,159,7.4,10,100,17.7,71.3,253,68,72,0.7,0,0,d,804,Overcast clouds,c04d,7
2026/6/21 7:45,53.18,28.4,34.2,86,25.8,999,3.2,160,7.3,10,100,21,72.4,309,75,80,0.8,0,0,d,804,Overcast clouds,c04d,7
2026/6/21 8:00,57.29,28.5,34.5,86,25.9,999,3.2,160,7.2,12,100,24.3,73.5,365,82,87,0.9,0,0,d,804,Overcast clouds,c04d,8
2026/6/21 8:15,51.09,28.7,34.9,85,25.9,999,3.2,159,7.7,12,100,27.6,74.4,421,87,94,1,0,0,d,804,Overcast clouds,c04d,8
2026/6/21 8:30,114.43,28.9,35.3,84,25.9,999,3.2,158,8.2,10,100,31,75.3,477,91,99,1.1,0,0,d,804,Overcast clouds,c04d,8
2026/6/21 8:45,115.71,29.1,35.7,83,25.9,999,3.2,157,8.7,10,100,34.3,76.2,533,96,105,1.3,0,0,d,804,Overcast clouds,c04d,8
2026/6/21 9:00,102.27,29.3,36.1,82,25.9,999,3.2,156,9.2,10,100,37.7,77.1,589,100,110,1.4,0,0,d,804,Overcast clouds,c04d,9
2026/6/21 9:15,101.09,29.9,37.2,80,26,999,3.5,160,10,12,100,41,77.9,638,103,113,1.6,0,0,d,804,Overcast clouds,c04d,9
2026/6/21 9:30,120.71,30.4,38,77,25.9,999,3.8,163,10.8,13,100,44.4,78.7,687,106,118,1.8,0,0,d,804,Overcast clouds,c04d,9
2026/6/21 9:45,125.18,31,38.7,74,25.8,999,4.1,166,11.6,13,100,47.8,79.5,737,109,122,2,0,0,d,804,Overcast clouds,c04d,9
2026/6/21 10:00,11.94,31.5,39.6,72,25.8,999,4.4,170,12.4,14,100,51.2,80.2,786,112,126,2.2,0,0,d,804,Overcast clouds,c04d,10
2026/6/21 10:15,3.96,31.5,39.6,72,25.8,999,4.4,170,12.3,14,100,54.7,80.9,824,114,129,2.4,0,0,d,804,Overcast clouds,c04d,10
2026/6/21 10:30,3.91,31.5,39.6,72,25.8,999,4.4,171,12.2,14,100,58.1,81.5,861,116,132,2.6,0,0,d,804,Overcast clouds,c04d,10
2026/6/21 10:45,3.97,31.5,39.6,72,25.8,999,4.4,172,12.1,15,100,61.5,82.1,899,118,134,2.8,0,0,d,804,Overcast clouds,c04d,10
2026/6/21 11:00,3.93,31.5,39.6,72,25.8,999,4.4,172,12,15,100,64.9,82.7,936,120,137,3,0,0,d,804,Overcast clouds,c04d,11
2026/6/21 11:15,3.93,31.5,40,73,26.1,999,4.6,174,12.1,16,100,68.4,82.9,959,121,138,3.2,0,0,d,804,Overcast clouds,c04d,11
2026/6/21 11:30,3.97,31.5,40.3,74,26.3,999,4.8,176,12.2,10,100,71.8,83.1,982,122,138,3.3,0,0,d,804,Overcast clouds,c04d,11
2026/6/21 11:45,3.96,31.5,40.7,75,26.5,998,5,178,12.3,10,100,75.2,83.2,1004,123,138,3.4,0,0,d,804,Overcast clouds,c04d,11
2026/6/21 12:00,4.01,31.5,41.1,76,26.7,998,5.2,180,12.4,10,100,78.7,83.4,1027,124,138,3.6,0,0,d,804,Overcast clouds,c04d,12
2026/6/21 12:15,3.93,31.8,42,76,27,998,5.3,178,12.4,12,100,80.8,134.8,1033,125,138,3.6,0,0,d,804,Overcast clouds,c04d,12
2026/6/21 12:30,3.95,32.1,42.5,75,27.1,998,5.4,177,12.4,10,100,83,186.1,1038,125,138,3.7,0,0,d,804,Overcast clouds,c04d,12
2026/6/21 12:45,3.95,32.3,43,74,27.1,998,5.5,176,12.4,10,100,85.2,237.5,1044,125,138,3.7,0,0,d,804,Overcast clouds,c04d,12
2026/6/21 13:00,3.95,32.6,43.9,74,27.4,997,5.6,174,12.4,10,100,87.4,288.8,1049,125,137,3.7,0,0,d,804,Overcast clouds,c04d,13
2026/6/21 13:15,3.96,32.6,43.9,74,27.4,997,5.6,176,12.5,12,100,83.9,285.7,1037,125,136,3.7,0.25,0,d,804,Overcast clouds,c04d,13
2026/6/21 13:30,3.92,32.6,43.9,74,27.4,997,5.6,177,12.6,12,100,80.5,282.6,1026,124,135,3.6,0.5,0,d,301,Drizzle,d02d,13
2026/6/21 13:45,3.88,32.6,43.9,74,27.4,997,5.6,178,12.7,13,100,77.1,279.5,1014,124,135,3.5,0.25,0,d,804,Overcast clouds,c04d,13
2026/6/21 14:00,20.39,32.6,43.9,74,27.4,996,5.6,180,12.8,14,100,73.7,276.4,1002,123,134,3.4,0,0,d,804,Overcast clouds,c04d,14
2026/6/21 14:15,70.53,32.6,43.9,74,27.4,997,5.3,180,11.9,14,100,70.2,276.8,973,122,133,3.2,0,0,d,804,Overcast clouds,c04d,14
2026/6/21 14:30,112,32.6,43.9,74,27.4,997,5,180,11,10,100,66.8,277.2,945,120,130,3.1,0,0,d,804,Overcast clouds,c04d,14
2026/6/21 14:45,3.98,32.6,43.5,73,27.1,997,4.7,180,10.1,10,100,63.4,277.7,917,119,130,2.9,0,0,d,804,Overcast clouds,c04d,14
2026/6/21 15:00,54.97,32.6,43.5,73,27.1,997,4.4,180,9.2,10,100,59.9,278.1,888,118,128,2.7,0,0,d,804,Overcast clouds,c04d,15
2026/6/21 15:15,42.53,32.3,43,74,27.1,997,4.3,180,8.8,12,100,56.5,278.8,846,115,125,2.5,0,0,d,804,Overcast clouds,c04d,15
2026/6/21 15:30,2.67,32.1,42.1,74,26.8,996,4.2,179,8.4,10,100,53.1,279.5,804,113,124,2.3,0,0,d,804,Overcast clouds,c04d,15
2026/6/21 15:45,2.66,31.8,41.6,75,26.8,996,4.1,178,8,10,100,49.7,280.1,761,111,121,2.1,0,0,d,804,Overcast clouds,c04d,15
2026/6/21 16:00,2.66,31.5,41.1,76,26.7,995,4,178,7.6,10,100,46.3,280.8,719,108,117,1.9,0,0,d,804,Overcast clouds,c04d,16
2026/6/21 16:15,2.67,31.5,41.1,76,26.7,995,3.9,177,7.5,12,100,42.9,281.7,666,105,114,1.7,0,0,d,804,Overcast clouds,c04d,16
2026/6/21 16:30,0.02,31.5,41.1,76,26.7,995,3.8,176,7.4,10,100,39.5,282.5,614,101,109,1.5,0,0,d,804,Overcast clouds,c04d,16
2026/6/21 16:45,0.02,31.5,41.1,76,26.7,995,3.7,175,7.3,10,100,36.1,283.3,562,98,105,1.3,0.75,0,d,301,Drizzle,d02d,16
2026/6/21 17:00,0,31.5,41.1,76,26.7,995,3.6,174,7.2,10,100,32.8,284.1,509,94,86,1.2,1.5,0,d,200,Thunderstorm with light rain,t01d,17
2026/6/21 17:15,0.93,31,40.3,78,26.7,995,3.6,168,7.3,12,100,29.4,285.1,452,89,78,1.1,2,0,d,200,Thunderstorm with light rain,t01d,17
2026/6/21 17:30,0.99,30.6,39.1,79,26.5,995,3.6,162,7.4,13,100,26.1,286.1,396,84,71,0.9,2.5,0,d,200,Thunderstorm with light rain,t01d,17
2026/6/21 17:45,1.22,30.1,37.9,80,26.2,995,3.6,156,7.5,13,100,22.8,287.1,339,79,65,0.8,3,0,d,200,Thunderstorm with light rain,t01d,17
2026/6/21 18:00,1.53,29.6,37,82,26.2,995,3.6,150,7.6,14,100,19.5,288,282,74,59,0.8,3.5,0,d,200,Thunderstorm with light rain,t01d,18
2026/6/21 18:15,1.61,29.6,37,82,26.2,995,3.7,152,7.7,14,100,16.2,289.2,229,65,54,0.7,3,0,d,200,Thunderstorm with light rain,t01d,18
2026/6/21 18:30,1.3,29.6,37,82,26.2,995,3.8,153,7.8,15,100,13,290.4,176,57,48,0.7,2.5,0,d,200,Thunderstorm with light rain,t01d,18
2026/6/21 18:45,1.12,29.6,36.7,81,26,995,3.9,154,7.9,15,100,9.7,291.6,123,48,42,0.7,2,0,d,200,Thunderstorm with light rain,t01d,18
2026/6/21 19:00,0.74,29.6,36.7,81,26,995,4,156,8,16,100,6.5,292.7,70,39,35,0.6,1.5,0,d,200,Thunderstorm with light rain,t01d,19
2026/6/21 19:15,0.31,29.5,36.5,81,25.9,995,3.8,156,7.7,16,100,3.4,294.2,52,30,30,0.6,1,0,d,200,Thunderstorm with light rain,t01d,19
2026/6/21 19:30,0.09,29.5,36.5,82,26,995,3.6,155,7.4,10,100,0.2,295.6,35,20,20,0.6,0.5,0,d,301,Drizzle,d02n,19
2026/6/21 19:45,0,29.4,36.3,82,26,995,3.4,154,7.1,10,100,-2.9,297,17,10,10,0,0.25,0,d,804,Overcast clouds,c04n,19
2026/6/21 20:00,0,29.3,36.1,82,25.9,995,3.2,154,6.8,10,100,-6,298.5,0,0,0,0,0,0,n,804,Overcast clouds,c04n,20
2026/6/21 20:15,0,29.3,36.1,82,25.9,996,3.3,155,6.8,12,100,-8.9,300.3,0,0,0,0,0,0,n,804,Overcast clouds,c04n,20
2026/6/21 20:30,0,29.3,36.3,83,26.1,996,3.4,156,6.8,12,100,-11.9,302.2,0,0,0,0,0,0,n,804,Overcast clouds,c04n,20
2026/6/21 20:45,0,29.3,36.6,84,26.3,997,3.5,157,6.8,13,100,-14.8,304,0,0,0,0,0,0,n,804,Overcast clouds,c04n,20
2026/6/21 21:00,0,29.3,36.6,84,26.3,997,3.6,158,6.8,14,100,-17.7,305.8,0,0,0,0,0,0,n,804,Overcast clouds,c04n,21
2026/6/21 21:15,0,29.1,35.9,84,26.1,997,3.6,160,6.8,14,100,-20.4,308.3,0,0,0,0,0,0,n,804,Overcast clouds,c04n,21
2026/6/21 21:30,0,28.9,35.6,85,26.1,997,3.6,162,6.8,10,100,-23,310.7,0,0,0,0,0,0,n,804,Overcast clouds,c04n,21
2026/6/21 21:45,0,28.7,35.2,86,26.1,997,3.6,164,6.8,10,100,-25.6,313.1,0,0,0,0,0,0,n,804,Overcast clouds,c04n,21
2026/6/21 22:00,0,28.5,34.5,86,25.9,997,3.6,166,6.8,12,100,-28.3,315.5,0,0,0,0,0,0,n,804,Overcast clouds,c04n,22
2026/6/21 22:15,0,28.4,34.2,86,25.8,997,3.6,168,6.8,12,100,-30.4,318.7,0,0,0,0,0,0,n,804,Overcast clouds,c04n,22
2026/6/21 22:30,0,28.3,33.9,86,25.7,997,3.6,170,6.8,10,100,-32.6,321.9,0,0,0,0,0,0,n,804,Overcast clouds,c04n,22
2026/6/21 22:45,0,28.2,33.6,86,25.6,997,3.6,172,6.8,10,100,-34.7,325.1,0,0,0,0,0,0,n,804,Overcast clouds,c04n,22
2026/6/21 23:00,0,28.1,33.4,86,25.5,997,3.6,174,6.8,10,100,-36.9,328.3,0,0,0,0,0,0,n,804,Overcast clouds,c04n,23
2026/6/21 23:15,0,28,33.1,86,25.5,997,3.5,176,6.8,12,100,-38.3,332.4,0,0,0,0,0,0,n,804,Overcast clouds,c04n,23
2026/6/21 23:30,0,28,33.1,87,25.6,997,3.4,178,6.8,13,100,-39.6,336.5,0,0,0,0,0,0,n,804,Overcast clouds,c04n,23
2026/6/21 23:45,0,27.9,33,88,25.7,997,3.3,180,6.8,13,100,-41,340.5,0,0,0,0,0,0,n,804,Overcast clouds,c04n,23
2026/6/22 0:00,0,27.8,32.8,88,25.6,997,3.2,182,6.8,14,100,-42.4,344.6,0,0,0,0,0,0,n,804,Overcast clouds,c04n,0
2026/6/22 0:15,0,27.7,32.5,88,25.5,997,3.3,182,6.8,14,100,-42.8,259.3,0,0,0,0,0,0,n,804,Overcast clouds,c04n,0
2026/6/22 0:30,0.01,27.6,32.2,88,25.4,997,3.4,183,6.8,10,100,-43.2,174,0,0,0,0,0,0,n,804,Overcast clouds,c04n,0
2026/6/22 0:45,0,27.5,31.9,88,25.3,997,3.5,184,6.8,10,100,-43.5,88.7,0,0,0,0,0,0,n,804,Overcast clouds,c04n,0
2026/6/22 1:00,0,27.4,31.6,88,25.2,997,3.6,184,6.8,10,100,-43.9,3.4,0,0,0,0,0,0,n,804,Overcast clouds,c04n,1
2026/6/22 1:15,0,27.4,31.6,88,25.2,997,3.5,183,6.8,12,100,-43.1,8,0,0,0,0,0,0,n,804,Overcast clouds,c04n,1
2026/6/22 1:30,0,27.4,31.6,88,25.2,997,3.4,182,6.8,13,100,-42.4,12.5,0,0,0,0,0,0,n,804,Overcast clouds,c04n,1
2026/6/22 1:45,0.01,27.4,31.6,88,25.2,996,3.3,181,6.8,13,100,-41.6,17.1,0,0,0,0,0,0,n,804,Overcast clouds,c04n,1
2026/6/22 2:00,0.01,27.4,31.6,88,25.2,996,3.2,180,6.8,14,100,-40.9,21.6,0,0,0,0,0,0,n,804,Overcast clouds,c04n,2
2026/6/22 2:15,0,27.4,31.6,88,25.2,996,3.3,180,6.6,14,100,-39.2,25.4,0,0,0,0,0,0,n,804,Overcast clouds,c04n,2
2026/6/22 2:30,0.01,27.4,31.6,88,25.2,996,3.4,180,6.4,15,100,-37.5,29.2,0,0,0,0,0,0,n,804,Overcast clouds,c04n,2
2026/6/22 2:45,0,27.4,31.6,88,25.2,996,3.5,180,6.2,15,100,-35.8,33,0,0,0,0,0,0,n,804,Overcast clouds,c04n,2
2026/6/22 3:00,0,27.4,31.6,88,25.2,996,3.6,180,6,16,100,-34.1,36.7,0,0,0,0,0,0,n,804,Overcast clouds,c04n,3
2026/6/22 3:15,0,27.4,31.6,88,25.2,996,3.6,179,6.1,16,100,-31.7,39.6,0,0,0,0,0,0,n,804,Overcast clouds,c04n,3
2026/6/22 3:30,0,27.4,31.6,88,25.2,996,3.6,178,6.2,16,100,-29.4,42.5,0,0,0,0,0,0,n,804,Overcast clouds,c04n,3
2026/6/22 3:45,0,27.4,31.6,88,25.2,996,3.6,177,6.3,16,99,-27,45.4,0,0,0,0,0,0,n,804,Overcast clouds,c04n,3
2026/6/22 4:00,0,27.4,31.6,88,25.2,996,3.6,176,6.4,16,99,-24.7,48.3,0,0,0,0,0,0,n,804,Overcast clouds,c04n,4
2026/6/22 4:15,0,27.4,31.6,88,25.2,996,3.6,176,6.5,16,99,-21.9,50.5,0,0,0,0,0,0,n,804,Overcast clouds,c04n,4
2026/6/22 4:30,0,27.4,31.6,88,25.2,996,3.6,177,6.6,16,99,-19.2,52.7,0,0,0,0,0,0,n,804,Overcast clouds,c04n,4
2026/6/22 4:45,0.01,27.4,31.6,88,25.2,996,3.6,178,6.7,16,99,-16.4,54.8,0,0,0,0,0,0,n,804,Overcast clouds,c04n,4
2026/6/22 5:00,0.01,27.4,31.6,88,25.2,996,3.6,178,6.8,16,99,-13.6,57,0,0,0,0,0,0,n,804,Overcast clouds,c04n,5
2026/6/22 5:15,0,27.4,31.6,88,25.2,996,3.4,179,6.8,16,93,-10.6,58.7,0,0,0,0,0,0,n,804,Overcast clouds,c04n,5
2026/6/22 5:30,0.01,27.4,31.8,89,25.4,996,3.2,180,6.8,16,87,-7.6,60.4,0,0,0,0,0,0,n,804,Overcast clouds,c04n,5
2026/6/22 5:45,0.01,27.4,31.9,90,25.6,996,3,181,6.8,16,81,-4.6,62.1,0,0,0,0,0,0,n,804,Overcast clouds,c04n,5
2026/6/22 6:00,0,27.4,31.9,90,25.6,996,2.8,182,6.8,16,75,-1.6,63.7,0,0,0,0,0,0,n,804,Overcast clouds,c04n,6
2026/6/22 6:15,2.83,27.4,31.9,90,25.6,996,3,183,6.8,16,71,1.6,65.1,35,14,22,1,0,0,d,804,Overcast clouds,c04n,6
2026/6/22 6:30,5.84,27.4,31.9,90,25.6,996,3.2,184,6.8,16,68,4.7,66.4,70,27,48,1.1,0,0,d,803,Broken clouds,c03d,6
2026/6/22 6:45,9.38,27.4,31.9,90,25.6,996,3.4,185,6.8,16,64,7.9,67.7,105,41,76,1.2,0,0,d,803,Broken clouds,c03d,6
2026/6/22 7:00,12.7,27.4,31.9,90,25.6,996,3.6,186,6.8,16,60,11.1,69.1,141,54,108,1.2,0,0,d,803,Broken clouds,c03d,7
2026/6/22 7:15,16.81,27.5,32.2,90,25.7,996,3.6,185,6.8,16,62,14.4,70.2,196,61,146,1.3,0,0,d,803,Broken clouds,c03d,7
2026/6/22 7:30,43.64,27.6,32.7,91,26,996,3.6,184,6.8,10,65,17.7,71.3,252,68,180,1.3,0,0,d,803,Broken clouds,c03d,7
2026/6/22 7:45,53.14,27.7,33.1,92,26.3,996,3.6,183,6.8,10,68,20.9,72.3,308,75,208,1.4,0,0,d,803,Broken clouds,c03d,7
2026/6/22 8:00,119.88,27.8,33.4,92,26.4,996,3.6,182,6.8,10,70,24.2,73.4,364,82,237,1.5,0,0,d,803,Broken clouds,c03d,8
2026/6/22 8:15,54.07,27.9,33.5,91,26.3,996,3.9,184,7.3,12,72,27.6,74.4,420,87,262,1.6,0,0,d,804,Overcast clouds,c04d,8
2026/6/22 8:30,47.31,28,33.6,90,26.2,996,4.2,185,7.8,13,74,30.9,75.3,476,91,284,1.8,0,0,d,804,Overcast clouds,c04d,8
2026/6/22 8:45,45.17,28,33.7,89,26,996,4.5,186,8.3,13,75,34.3,76.2,532,96,310,2,0,0,d,804,Overcast clouds,c04d,8
2026/6/22 9:00,43.24,28.1,33.7,88,25.9,996,4.8,188,8.8,14,77,37.6,77.1,588,100,324,2.1,0,0,d,804,Overcast clouds,c04d,9
2026/6/22 9:15,55.45,28.8,35.1,85,26,996,4.8,188,9,14,80,41,77.9,637,103,318,2.3,0,0,d,804,Overcast clouds,c04d,9
2026/6/22 9:30,46.54,29.4,36.4,82,26,996,4.8,189,9.2,16,82,44.4,78.7,687,106,318,2.5,0,0,d,804,Overcast clouds,c04d,9
2026/6/22 9:45,77.24,30.1,37.8,80,26.2,996,4.8,190,9.4,16,85,47.8,79.5,736,109,296,2.6,0,0,d,804,Overcast clouds,c04d,9
2026/6/22 10:00,108.09,30.7,38.9,77,26.2,996,4.8,190,9.6,16,88,51.2,80.2,785,112,265,2.8,0,0,d,804,Overcast clouds,c04d,10
2026/6/22 10:15,141.34,31,39.5,76,26.3,996,4.8,190,9.7,16,89,54.6,80.9,823,114,258,3,0,0,d,804,Overcast clouds,c04d,10
2026/6/22 10:30,80.02,31.3,39.7,74,26.1,996,4.8,190,9.8,10,90,58,81.5,861,116,251,3.2,0,0,d,804,Overcast clouds,c04d,10
2026/6/22 10:45,97.16,31.6,39.9,72,25.9,996,4.8,190,9.9,10,90,61.4,82.1,898,118,262,3.4,0,0,d,804,Overcast clouds,c04d,10
2026/6/22 11:00,55.91,31.9,40.5,71,26,996,4.8,190,10,10,91,64.9,82.7,936,120,251,3.6,0,0,d,804,Overcast clouds,c04d,11
2026/6/22 11:15,32.37,32,40.3,70,25.8,996,4.9,192,10.7,12,91,68.3,82.9,959,121,258,3.8,0,0,d,804,Overcast clouds,c04d,11
2026/6/22 11:30,30.38,32.1,40.6,70,25.9,996,5,193,11.4,10,90,71.7,83.1,981,122,287,4,0,0,d,804,Overcast clouds,c04d,11
2026/6/22 11:45,74.22,32.1,40.8,70,26,996,5.1,194,12.1,10,90,75.2,83.3,1004,123,293,4.2,0,0,d,804,Overcast clouds,c04d,11
2026/6/22 12:00,32.83,32.2,40.6,69,25.8,995,5.2,196,12.8,10,90,78.6,83.5,1027,124,301,4.4,0,0,d,804,Overcast clouds,c04d,12
2026/6/22 12:15,3.94,32.7,41.6,68,26,995,5.1,196,12.7,12,90,80.8,134.9,1032,125,301,4.4,0,0,d,804,Overcast clouds,c04d,12
2026/6/22 12:30,90.86,33.2,42.2,66,25.9,995,5,197,12.6,12,91,83,186.2,1038,125,278,4.4,0,0,d,804,Overcast clouds,c04d,12
2026/6/22 12:45,100.12,33.6,43.2,65,26.1,995,4.9,198,12.5,13,92,85.2,237.6,1044,125,253,4.4,0,0,d,804,Overcast clouds,c04d,12
2026/6/22 13:00,40.79,34.1,44.2,64,26.3,994,4.8,198,12.4,13,92,87.4,289,1049,125,254,4.4,0,0,d,804,Overcast clouds,c04d,13
2026/6/22 13:15,22.53,34.1,44.2,64,26.3,994,4.8,198,12.3,14,93,84,285.9,1037,125,224,4.2,0,0,d,804,Overcast clouds,c04d,13
2026/6/22 13:30,3.92,34.1,44.2,64,26.3,994,4.8,198,12.2,10,94,80.6,282.7,1026,124,195,4.1,0,0,d,804,Overcast clouds,c04d,13
2026/6/22 13:45,3.84,34.1,44.7,65,26.6,994,4.8,198,12.1,10,96,77.2,279.5,1014,124,137,3.8,0,0,d,804,Overcast clouds,c04d,13
2026/6/22 14:00,3.92,34.1,44.7,65,26.6,993,4.8,198,12,10,97,73.7,276.3,1002,123,227,3.6,0,0,d,804,Overcast clouds,c04d,14
2026/6/22 14:15,4.52,34.1,44.7,65,26.6,993,4.9,198,11.6,12,98,70.3,276.8,974,122,195,3.4,0,0,d,804,Overcast clouds,c04d,14
2026/6/22 14:30,4.43,34.1,44.7,65,26.6,993,5,198,11.2,13,98,66.9,277.2,945,120,191,3.2,0,0,d,804,Overcast clouds,c04d,14
2026/6/22 14:45,3.89,34.1,44.7,65,26.6,993,5.1,198,10.8,13,98,63.4,277.6,917,119,187,3,0,0,d,804,Overcast clouds,c04d,14
2026/6/22 15:00,3.86,34.1,44.7,65,26.6,993,5.2,198,10.4,14,99,60,278.1,889,118,158,2.8,0,0,d,804,Overcast clouds,c04d,15
2026/6/22 15:15,40.42,34.2,44.5,64,26.4,993,5.1,197,10.1,14,98,56.6,278.7,846,115,179,2.6,0,0,d,804,Overcast clouds,c04d,15
2026/6/22 15:30,7.38,34.3,44.2,63,26.2,993,5,196,9.8,15,96,53.2,279.4,804,113,110,2.5,0,0,d,804,Overcast clouds,c04d,15
2026/6/22 15:45,6.92,34.3,44,62,26,993,4.9,195,9.5,15,95,49.7,280.1,762,111,126,2.3,0,0,d,804,Overcast clouds,c04d,15
2026/6/22 16:00,8.83,34.4,43.7,61,25.8,992,4.8,194,9.2,15,94,46.3,280.8,719,108,139,2.1,0,0,d,804,Overcast clouds,c04d,16
2026/6/22 16:15,9.29,34.3,44,62,26,992,4.7,192,9,16,95,43,281.6,667,105,110,1.9,0,0,d,804,Overcast clouds,c04d,16
2026/6/22 16:30,3.89,34.3,43.8,62,25.9,992,4.6,190,8.8,10,96,39.6,282.5,615,101,183,1.6,0,0,d,804,Overcast clouds,c04d,16
2026/6/22 16:45,13.55,34.2,43.5,62,25.8,992,4.5,188,8.6,10,96,36.2,283.3,562,98,173,1.5,0,0,d,804,Overcast clouds,c04d,16
2026/6/22 17:00,16.57,34.1,43.8,63,26,991,4.4,186,8.4,10,97,32.8,284.1,510,94,147,1.3,0,0,d,804,Overcast clouds,c04d,17
2026/6/22 17:15,67.69,33.6,43.4,66,26.3,991,4.3,186,8.2,12,97,29.5,285.1,453,89,136,1.1,0,0,d,804,Overcast clouds,c04d,17
2026/6/22 17:30,5.27,33,42.6,68,26.3,991,4.2,186,8,10,96,26.2,286.1,396,84,136,1,0,0,d,804,Overcast clouds,c04d,17
2026/6/22 17:45,0.02,32.5,41.8,70,26.3,991,4.1,186,7.8,10,96,22.8,287,339,79,123,0.9,0,0,d,804,Overcast clouds,c04d,17
2026/6/22 18:00,53.57,31.9,41.2,73,26.4,991,4,186,7.6,10,96,19.5,288,282,74,110,0.8,0,0,d,804,Overcast clouds,c04d,18
2026/6/22 18:15,24.83,31.9,41.2,73,26.4,991,3.8,182,7.2,12,97,16.3,289.2,229,65,88,0.8,0,0,d,804,Overcast clouds,c04d,18
2026/6/22 18:30,3.95,31.9,41.2,73,26.4,991,3.6,178,6.8,12,98,13,290.4,176,57,69,0.7,0,0,d,804,Overcast clouds,c04d,18
2026/6/22 18:45,3.91,31.9,41.2,73,26.4,991,3.4,174,6.4,13,98,9.8,291.5,123,48,56,0.7,0,0,d,804,Overcast clouds,c04d,18
2026/6/22 19:00,4.08,31.9,41.2,73,26.4,991,3.2,170,6,14,99,6.5,292.7,70,40,42,0.7,0,0,d,804,Overcast clouds,c04d,19
2026/6/22 19:15,2.94,31.8,41.3,74,26.6,992,3.1,166,5.9,14,99,3.4,294.1,53,30,32,0.6,0,0,d,804,Overcast clouds,c04d,19
2026/6/22 19:30,1.31,31.7,41,74,26.5,992,3,163,5.8,10,99,0.3,295.6,35,20,21,0.6,0,0,d,804,Overcast clouds,c04n,19
2026/6/22 19:45,0.18,31.6,41,75,26.6,992,2.9,160,5.7,10,99,-2.8,297,18,10,11,0,0,0,d,804,Overcast clouds,c04n,19
2026/6/22 20:00,0,31.5,41.1,76,26.7,992,2.8,156,5.6,10,99,-6,298.5,0,0,0,0,0,0,n,804,Overcast clouds,c04n,20
2026/6/22 20:15,0,31.4,40.8,76,26.7,992,2.8,156,5.6,12,99,-8.9,300.3,0,0,0,0,0,0,n,804,Overcast clouds,c04n,20
2026/6/22 20:30,0,31.3,40.4,76,26.6,992,2.8,157,5.6,12,100,-11.8,302.1,0,0,0,0,0,0,n,804,Overcast clouds,c04n,20
2026/6/22 20:45,0,31.2,40.1,76,26.5,992,2.8,158,5.6,13,100,-14.8,304,0,0,0,0,0,0,n,804,Overcast clouds,c04n,20
2026/6/22 21:00,0,31.1,39.8,76,26.4,992,2.8,158,5.6,14,100,-17.7,305.8,0,0,0,0,0,0,n,804,Overcast clouds,c04n,21
2026/6/22 21:15,0,30.8,39.6,78,26.5,992,3,159,5.6,14,100,-20.3,308.2,0,0,0,0,0,0,n,804,Overcast clouds,c04n,21
2026/6/22 21:30,0,30.6,39.1,79,26.5,992,3.2,160,5.6,15,100,-23,310.6,0,0,0,0,0,0,n,804,Overcast clouds,c04n,21
2026/6/22 21:45,0,30.3,38.5,80,26.4,992,3.4,161,5.6,15,100,-25.6,313,0,0,0,0,0,0,n,804,Overcast clouds,c04n,21
2026/6/22 22:00,0,30,38.2,82,26.6,992,3.6,162,5.6,16,100,-28.2,315.4,0,0,0,0,0,0,n,804,Overcast clouds,c04n,22
2026/6/22 22:15,0,29.7,37.6,83,26.5,992,3.5,163,5.7,16,100,-30.4,318.6,0,0,0,0,0,0,n,804,Overcast clouds,c04n,22
2026/6/22 22:30,0,29.5,37,84,26.5,992,3.4,164,5.8,16,99,-32.5,321.8,0,0,0,0,0,0,n,804,Overcast clouds,c04n,22
2026/6/22 22:45,0,29.2,36.4,85,26.4,992,3.3,165,5.9,16,98,-34.7,325,0,0,0,0,0,0,n,804,Overcast clouds,c04n,22
2026/6/22 23:00,0,28.9,35.8,86,26.3,992,3.2,166,6,16,98,-36.8,328.2,0,0,0,0,0,0,n,804,Overcast clouds,c04n,23
2026/6/22 23:15,0,28.8,35.5,86,26.2,992,3.2,164,6.1,16,98,-38.2,332.3,0,0,0,0,0,0,n,804,Overcast clouds,c04n,23
2026/6/22 23:30,0,28.7,35.4,87,26.3,993,3.2,163,6.2,10,98,-39.6,336.4,0,0,0,0,0,0,n,804,Overcast clouds,c04n,23
2026/6/22 23:45,0,28.6,35.3,88,26.4,993,3.2,162,6.3,10,98,-41,340.5,0,0,0,0,0,0,n,804,Overcast clouds,c04n,23
2026/6/23 0:00,0,28.5,35,88,26.3,993,3.2,160,6.4,12,98,-42.4,344.6,0,0,0,0,0,0,n,804,Overcast clouds,c04n,0
2026/6/23 0:15,0,28.4,34.6,88,26.2,993,3.3,161,6.4,12,98,-42.8,259.3,0,0,0,0,0,0,n,804,Overcast clouds,c04n,0
2026/6/23 0:30,0,28.3,34.3,88,26.1,993,3.4,162,6.4,13,99,-43.2,174,0,0,0,0,0,0,n,804,Overcast clouds,c04n,0
2026/6/23 0:45,0,28.2,34,88,26,992,3.5,163,6.4,13,100,-43.5,88.7,0,0,0,0,0,0,n,804,Overcast clouds,c04n,0
2026/6/23 1:00,0.01,28.1,33.7,88,25.9,992,3.6,164,6.4,14,100,-43.9,3.4,0,0,0,0,0,0,n,804,Overcast clouds,c04n,1
2026/6/23 1:15,0,28.2,34,88,26,992,3.6,164,6.4,14,100,-43.1,7.9,0,0,0,0,0,0,n,804,Overcast clouds,c04n,1
2026/6/23 1:30,0,28.3,34.3,88,26.1,992,3.6,165,6.4,15,100,-42.4,12.5,0,0,0,0,0,0,n,804,Overcast clouds,c04n,1
2026/6/23 1:45,0,28.4,34.6,88,26.2,992,3.6,166,6.4,15,99,-41.6,17,0,0,0,0,0,0,n,804,Overcast clouds,c04n,1
2026/6/23 2:00,0,28.5,35,88,26.3,992,3.6,166,6.4,15,99,-40.9,21.6,0,0,0,0,0,0,n,804,Overcast clouds,c04n,2
2026/6/23 2:15,0,28.5,35,88,26.3,992,3.6,165,6.4,16,99,-39.2,25.4,0,0,0,0,0,0,n,804,Overcast clouds,c04n,2
2026/6/23 2:30,0,28.5,35,88,26.3,992,3.6,164,6.4,16,100,-37.5,29.1,0,0,0,0,0,0,n,804,Overcast clouds,c04n,2
2026/6/23 2:45,0,28.5,35,88,26.3,992,3.6,163,6.4,16,100,-35.8,32.9,0,0,0,0,0,0,n,804,Overcast clouds,c04n,2
2026/6/23 3:00,0,28.5,35,88,26.3,992,3.6,162,6.4,16,100,-34.1,36.7,0,0,0,0,0,0,n,804,Overcast clouds,c04n,3
2026/6/23 3:15,0,28.4,34.6,88,26.2,992,3.5,162,6.4,16,100,-31.7,39.6,0,0,0,0,0,0,n,804,Overcast clouds,c04n,3
2026/6/23 3:30,0,28.3,34.5,89,26.3,992,3.4,162,6.4,16,100,-29.4,42.5,0,0,0,0,0,0,n,804,Overcast clouds,c04n,3
2026/6/23 3:45,0,28.2,34.4,90,26.4,992,3.3,162,6.4,16,100,-27.1,45.4,0,0,0,0,0,0,n,804,Overcast clouds,c04n,3
2026/6/23 4:00,0.01,28.1,34.1,90,26.3,992,3.2,162,6.4,16,100,-24.7,48.3,0,0,0,0,0,0,n,804,Overcast clouds,c04n,4
2026/6/23 4:15,0,28.2,34.4,90,26.4,992,3.2,161,6.2,16,100,-22,50.5,0,0,0,0,0,0,n,804,Overcast clouds,c04n,4
2026/6/23 4:30,0,28.3,34.5,89,26.3,992,3.2,160,6,10,100,-19.2,52.6,0,0,0,0,0,0,n,804,Overcast clouds,c04n,4
2026/6/23 4:45,0,28.4,34.6,88,26.2,992,3.2,159,5.8,10,100,-16.4,54.8,0,0,0,0,0,0,n,804,Overcast clouds,c04n,4
2026/6/23 5:00,0,28.5,35,88,26.3,992,3.2,158,5.6,12,100,-13.7,57,0,0,0,0,0,0,n,804,Overcast clouds,c04n,5
2026/6/23 5:15,0,28.6,35.3,88,26.4,992,3.2,156,5.7,12,100,-10.7,58.7,0,0,0,0,0,0,n,804,Overcast clouds,c04n,5
2026/6/23 5:30,0,28.7,35.6,88,26.5,992,3.2,153,5.8,13,100,-7.7,60.4,0,0,0,0,0,0,n,804,Overcast clouds,c04n,5
2026/6/23 5:45,0,28.8,35.9,88,26.6,992,3.2,150,5.9,13,100,-4.7,62,0,0,0,0,0,0,n,804,Overcast clouds,c04n,5
2026/6/23 6:00,1.26,28.9,36.3,88,26.7,992,3.2,148,6,14,100,-1.7,63.7,0,0,0,0,0,0,n,804,Overcast clouds,c04n,6
2026/6/23 6:15,3.44,28.9,36.3,88,26.7,992,3.1,150,6.1,14,100,1.5,65.1,35,14,14,0.6,0.5,0,d,301,Drizzle,d02n,6
2026/6/23 6:30,8.59,28.9,36.3,88,26.7,992,3,153,6.2,15,100,4.7,66.4,70,27,27,0.6,1,0,d,500,Light rain,r01d,6
2026/6/23 6:45,19.5,28.9,36.3,88,26.7,992,2.9,156,6.3,15,100,7.9,67.7,105,41,42,0.6,0.5,0,d,301,Drizzle,d02d,6
2026/6/23 7:00,0.01,28.9,36.3,88,26.7,992,2.8,158,6.4,15,100,11,69.1,140,54,55,0.7,0,0,d,804,Overcast clouds,c04d,7
2026/6/23 7:15,0,29,36.6,88,26.8,992,2.8,158,6.4,16,100,14.3,70.2,196,61,63,0.7,0,0,d,804,Overcast clouds,c04d,7
2026/6/23 7:30,51.77,29.1,36.9,88,26.9,993,2.8,158,6.4,16,100,17.6,71.3,251,68,70,0.7,0,0,d,804,Overcast clouds,c04d,7
2026/6/23 7:45,60.68,29.2,37.3,88,27,993,2.8,158,6.4,16,100,20.9,72.3,307,75,78,0.8,0,0,d,804,Overcast clouds,c04d,7
2026/6/23 8:00,82.16,29.3,37.6,88,27.1,993,2.8,158,6.4,16,100,24.2,73.4,363,82,85,0.9,0,0,d,804,Overcast clouds,c04d,8
2026/6/23 8:15,64.26,29.3,37.6,88,27.1,993,2.9,160,6.7,16,100,27.5,74.4,419,86,90,1,0,0,d,804,Overcast clouds,c04d,8
2026/6/23 8:30,46.57,29.3,37.6,88,27.1,993,3,162,7,10,100,30.9,75.3,475,91,96,1.1,0,0,d,804,Overcast clouds,c04d,8
2026/6/23 8:45,68.19,29.3,37.6,88,27.1,993,3.1,164,7.3,10,99,34.2,76.2,531,95,117,1.3,0,0,d,804,Overcast clouds,c04d,8
2026/6/23 9:00,81.92,29.3,37.6,88,27.1,993,3.2,166,7.6,10,99,37.6,77.1,587,100,124,1.4,0,0,d,804,Overcast clouds,c04d,9
2026/6/23 9:15,105.03,30,38.9,84,27,993,3.3,170,7.7,12,99,40.9,77.9,636,103,129,1.6,0,0,d,804,Overcast clouds,c04d,9
2026/6/23 9:30,96.19,30.8,40.4,81,27.1,993,3.4,174,7.8,12,99,44.3,78.7,686,106,134,1.8,0,0,d,804,Overcast clouds,c04d,9
2026/6/23 9:45,103.58,31.5,41.7,78,27.2,993,3.5,178,7.9,13,99,47.7,79.5,735,109,139,2,0,0,d,804,Overcast clouds,c04d,9
2026/6/23 10:00,124.55,32.2,42.6,74,27,993,3.6,182,8,14,99,51.1,80.3,784,112,145,2.2,0,0,d,804,Overcast clouds,c04d,10
2026/6/23 10:15,5.74,32.2,42.6,74,27,993,3.6,182,8.5,14,99,54.6,80.9,822,114,149,2.4,0,0,d,804,Overcast clouds,c04d,10
2026/6/23 10:30,3.89,32.2,42.6,74,27,993,3.6,183,9,10,100,58,81.5,860,116,127,2.6,0,0,d,804,Overcast clouds,c04d,10
2026/6/23 10:45,3.92,32.2,42.2,73,26.7,993,3.6,184,9.5,10,100,61.4,82.1,898,118,130,2.8,0,0,d,804,Overcast clouds,c04d,10
2026/6/23 11:00,3.88,32.2,42.2,73,26.7,992,3.6,184,10,10,100,64.8,82.8,935,120,133,3,0,0,d,804,Overcast clouds,c04d,11
2026/6/23 11:15,3.95,32.2,42.2,73,26.7,992,3.5,184,9.8,10,100,68.3,82.9,958,121,134,3.2,0,0,d,804,Overcast clouds,c04d,11
2026/6/23 11:30,3.91,32.2,42.2,73,26.7,992,3.4,185,9.6,10,100,71.7,83.1,981,122,136,3.3,0,0,d,804,Overcast clouds,c04d,11
2026/6/23 11:45,3.88,32.2,42.2,73,26.7,992,3.3,186,9.4,10,99,75.1,83.3,1004,123,167,3.5,0,0,d,804,Overcast clouds,c04d,11
2026/6/23 12:00,96.57,32.2,42.2,73,26.7,992,3.2,186,9.2,10,99,78.6,83.5,1026,124,169,3.7,0,0,d,804,Overcast clouds,c04d,12
2026/6/23 12:15,62.02,32.7,42.9,71,26.7,992,3.2,186,8.8,12,99,80.8,134.9,1032,125,171,3.7,0,0,d,804,Overcast clouds,c04d,12
2026/6/23 12:30,69.51,33.2,43.1,68,26.4,992,3.2,186,8.4,10,100,83,186.3,1038,125,141,3.7,0,0,d,804,Overcast clouds,c04d,12
2026/6/23 12:45,3.92,33.6,43.7,66,26.4,992,3.2,186,8,10,100,85.2,237.7,1044,125,142,3.7,0,0,d,804,Overcast clouds,c04d,12
2026/6/23 13:00,3.94,34.1,44.2,64,26.3,991,3.2,186,7.6,12,100,87.5,289.1,1049,125,142,3.7,0,0,d,804,Overcast clouds,c04d,13
2026/6/23 13:15,33,34,43.9,64,26.2,991,3.2,184,7.6,12,100,84,285.9,1037,125,142,3.7,0,0,d,804,Overcast clouds,c04d,13
2026/6/23 13:30,28.96,33.9,43.6,64,26.1,991,3.2,181,7.6,10,100,80.6,282.7,1026,124,142,3.6,0,0,d,804,Overcast clouds,c04d,13
2026/6/23 13:45,3.96,33.8,43.8,65,26.3,991,3.2,178,7.6,10,100,77.2,279.5,1014,124,141,3.5,0,0,d,804,Overcast clouds,c04d,13
2026/6/23 14:00,3.89,33.7,43.5,65,26.2,991,3.2,176,7.6,10,100,73.8,276.3,1002,123,140,3.4,0,0,d,804,Overcast clouds,c04d,14
2026/6/23 14:15,3.88,33.7,43.5,65,26.2,991,3.3,174,7.5,10,100,70.3,276.7,974,122,138,3.2,0,0,d,804,Overcast clouds,c04d,14
2026/6/23 14:30,3.92,33.7,43.5,65,26.2,991,3.4,172,7.4,10,100,66.9,277.2,946,120,136,3.1,0,0,d,804,Overcast clouds,c04d,14
2026/6/23 14:45,3.88,33.7,43.5,65,26.2,991,3.5,170,7.3,10,99,63.5,277.6,917,119,162,3,0,0,d,804,Overcast clouds,c04d,14
2026/6/23 15:00,3.95,33.7,43.5,65,26.2,991,3.6,168,7.2,12,99,60,278,889,118,160,2.8,0,0,d,804,Overcast clouds,c04d,15
2026/6/23 15:15,3.96,33.6,43.6,66,26.4,991,3.6,169,7.1,12,99,56.6,278.7,847,115,154,2.6,0.25,0,d,804,Overcast clouds,c04d,15
2026/6/23 15:30,3.97,33.5,43.3,66,26.3,991,3.6,170,7,13,100,53.2,279.4,805,113,126,2.3,0.5,0,d,301,Drizzle,d02d,15
2026/6/23 15:45,3.92,33.4,43.4,67,26.4,991,3.6,171,6.9,13,100,49.8,280.1,762,111,122,2.1,0.25,0,d,804,Overcast clouds,c04d,15
2026/6/23 16:00,3.92,33.3,43.5,68,26.6,990,3.6,172,6.8,14,100,46.4,280.8,720,108,118,1.9,0,0,d,804,Overcast clouds,c04d,16
2026/6/23 16:15,3.96,33.2,43.3,68,26.5,990,3.4,172,6.7,14,100,43,281.6,668,105,115,1.7,0,0,d,804,Overcast clouds,c04d,16
2026/6/23 16:30,3.93,33.2,43.5,69,26.7,990,3.2,172,6.6,15,100,39.6,282.4,615,101,109,1.5,0,0,d,804,Overcast clouds,c04d,16
2026/6/23 16:45,3.89,33.1,43.7,70,26.9,990,3,172,6.5,15,100,36.2,283.3,563,98,105,1.3,0,0,d,804,Overcast clouds,c04d,16
2026/6/23 17:00,3.92,33,43.5,70,26.8,990,2.8,172,6.4,16,100,32.9,284.1,511,94,100,1.2,0,0,d,804,Overcast clouds,c04d,17
2026/6/23 17:15,3.93,32.6,43.1,72,26.9,990,2.8,170,5.9,16,99,29.5,285.1,454,89,108,1.1,0.5,0,d,301,Drizzle,d02d,17
2026/6/23 17:30,3.91,32.3,42.7,74,27,990,2.8,169,5.4,10,98,26.2,286,397,84,112,1,1,0,d,500,Light rain,r01d,17
2026/6/23 17:45,3.91,31.9,41.9,75,26.9,990,2.8,168,4.9,10,97,22.9,287,340,79,113,0.9,0.75,0,d,301,Drizzle,d02d,17
2026/6/23 18:00,3.88,31.5,41.4,77,27,989,2.8,166,4.4,10,96,19.6,288,283,74,110,0.8,0.5,0,d,301,Drizzle,d02d,18
2026/6/23 18:15,3.88,31.4,41.5,78,27.1,990,2.4,158,4.3,12,96,16.3,289.2,230,65,94,0.8,0.25,0,d,804,Overcast clouds,c04d,18
2026/6/23 18:30,3.94,31.3,41.2,78,27,990,2,149,4.2,12,97,13.1,290.3,177,57,74,0.7,0,0,d,804,Overcast clouds,c04d,18
2026/6/23 18:45,3.88,31.2,40.8,78,26.9,991,1.6,140,4.1,13,98,9.8,291.5,124,48,56,0.7,0.25,0,d,804,Overcast clouds,c04d,18
2026/6/23 19:00,3.95,31.1,40.9,79,27,991,1.2,132,4,13,98,6.6,292.7,71,40,44,0.7,0.5,0,d,231,Thunderstorm with drizzle,t04d,19
2026/6/23 19:15,3.9,31.1,40.9,79,27,992,1.1,114,4.2,14,98,3.4,294.1,53,30,33,0.7,0.5,0,d,231,Thunderstorm with drizzle,t04d,19
2026/6/23 19:30,0.74,31.1,40.9,79,27,992,1,96,4.4,4,99,0.3,295.6,35,20,21,0.6,0.5,0,d,231,Thunderstorm with drizzle,t04n,19
2026/6/23 19:45,0.06,31.1,40.9,79,27,992,0.9,78,4.6,4,100,-2.8,297,18,10,10,0,0.25,0,d,804,Overcast clouds,c04n,19
2026/6/23 20:00,0,31.1,40.9,79,27,992,0.8,60,4.8,4,100,-5.9,298.4,0,0,0,0,0,0,n,804,Overcast clouds,c04n,20
2026/6/23 20:15,0,31,40.9,80,27.1,992,0.9,63,4.9,8,100,-8.9,300.3,0,0,0,0,0,0,n,804,Overcast clouds,c04n,20
2026/6/23 20:30,0,30.9,40.5,80,27,992,1,66,5,10,100,-11.8,302.1,0,0,0,0,0,0,n,804,Overcast clouds,c04n,20
2026/6/23 20:45,0,30.8,40.2,80,26.9,992,1.1,69,5.1,10,99,-14.7,303.9,0,0,0,0,0,0,n,804,Overcast clouds,c04n,20
2026/6/23 21:00,0,30.7,40.2,81,27.1,992,1.2,72,5.2,10,99,-17.7,305.8,0,0,0,0,0,0,n,804,Overcast clouds,c04n,21
2026/6/23 21:15,0,30.4,39.6,82,27,992,1.4,78,5.4,12,98,-20.3,308.2,0,0,0,0,0,0,n,804,Overcast clouds,c04n,21
2026/6/23 21:30,0,30.2,39.3,84,27.1,992,1.6,84,5.6,13,96,-23,310.6,0,0,0,0,0,0,n,804,Overcast clouds,c04n,21
2026/6/23 21:45,0,29.9,38.7,85,27.1,992,1.8,90,5.8,13,95,-25.6,313,0,0,0,0,0,0,n,804,Overcast clouds,c04n,21
2026/6/23 22:00,0,29.6,38.1,86,27,992,2,96,6,13,94,-28.2,315.4,0,0,0,0,0,0,n,804,Overcast clouds,c04n,22
2026/6/23 22:15,0,29.6,38.1,86,27,992,2,98,6,14,93,-30.4,318.6,0,0,0,0,0,0,n,804,Overcast clouds,c04n,22
2026/6/23 22:30,0,29.6,38.1,86,27,993,2,99,6,14,92,-32.5,321.8,0,0,0,0,0,0,n,804,Overcast clouds,c04n,22
2026/6/23 22:45,0,29.6,38.1,86,27,993,2,100,6,15,92,-34.7,325,0,0,0,0,0,0,n,804,Overcast clouds,c04n,22
2026/6/23 23:00,0,29.6,38.1,86,27,993,2,102,6,16,91,-36.8,328.2,0,0,0,0,0,0,n,804,Overcast clouds,c04n,23
2026/6/23 23:15,0.01,29.6,38.1,86,27,993,2,104,6,16,90,-38.2,332.2,0,0,0,0,0,0,n,804,Overcast clouds,c04n,23
2026/6/23 23:30,0,29.6,38.1,86,27,993,2,105,6,16,90,-39.6,336.3,0,0,0,0,0,0,n,804,Overcast clouds,c04n,23
2026/6/23 23:45,0,29.6,38.1,86,27,993,2,106,6,16,89,-41,340.4,0,0,0,0,0,0,n,804,Overcast clouds,c04n,23
2026/6/24 0:00,0.01,29.6,38.1,86,27,993,2,108,6,16,88,-42.4,344.5,0,0,0,0,0,0,n,804,Overcast clouds,c04n,0
2026/6/24 0:15,0.01,29.4,37.8,87,27,993,2.1,111,5.9,16,88,-42.8,259.2,0,0,0,0,0,0,n,804,Overcast clouds,c04n,0
2026/6/24 0:30,0,29.3,37.4,88,27.1,993,2.2,114,5.8,16,88,-43.2,173.9,0,0,0,0,0,0,n,804,Overcast clouds,c04n,0
2026/6/24 0:45,0,29.1,37.1,89,27.1,993,2.3,117,5.7,16,87,-43.5,88.6,0,0,0,0,0,0,n,804,Overcast clouds,c04n,0
2026/6/24 1:00,0.01,28.9,36.7,90,27.1,993,2.4,120,5.6,16,87,-43.9,3.3,0,0,0,0,0,0,n,804,Overcast clouds,c04n,1
2026/6/24 1:15,0,28.7,36.3,91,27.1,993,2.4,122,5.5,16,88,-43.2,7.9,0,0,0,0,0,0,n,804,Overcast clouds,c04n,1
2026/6/24 1:30,0,28.5,35.8,92,27.1,993,2.4,123,5.4,16,88,-42.4,12.4,0,0,0,0,0,0,n,804,Overcast clouds,c04n,1
2026/6/24 1:45,0,28.3,35.3,93,27.1,992,2.4,124,5.3,16,89,-41.7,17,0,0,0,0,0,0,n,804,Overcast clouds,c04n,1
2026/6/24 2:00,0,28.1,34.8,94,27,992,2.4,126,5.2,16,90,-40.9,21.5,0,0,0,0,0,0,n,804,Overcast clouds,c04n,2
2026/6/24 2:15,0,28.1,34.8,94,27,992,2.4,122,4.9,16,92,-39.2,25.3,0,0,0,0,0,0,n,804,Overcast clouds,c04n,2
2026/6/24 2:30,0,28.1,34.8,94,27,992,2.4,119,4.6,16,94,-37.5,29.1,0,0,0,0,0,0,n,804,Overcast clouds,c04n,2
2026/6/24 2:45,0,28.1,34.8,94,27,991,2.4,116,4.3,16,96,-35.8,32.9,0,0,0,0,0,0,n,804,Overcast clouds,c04n,2
2026/6/24 3:00,0,28.1,34.8,94,27,991,2.4,112,4,16,98,-34.1,36.7,0,0,0,0,0,0,n,804,Overcast clouds,c04n,3
2026/6/24 3:15,0.01,28,34.6,94,27,991,2.3,109,3.9,16,98,-31.8,39.6,0,0,0,0,0,0,n,804,Overcast clouds,c04n,3
2026/6/24 3:30,0.01,28,34.5,95,27.1,991,2.2,106,3.8,16,98,-29.5,42.5,0,0,0,0,0,0,n,804,Overcast clouds,c04n,3
2026/6/24 3:45,0,27.9,34.4,96,27.2,991,2.1,103,3.7,16,98,-27.1,45.4,0,0,0,0,0,0,n,804,Overcast clouds,c04n,3
2026/6/24 4:00,0,27.8,34.1,96,27.1,991,2,100,3.6,16,98,-24.8,48.3,0,0,0,0,0,0,n,804,Overcast clouds,c04n,4
2026/6/24 4:15,0,27.8,34.1,96,27.1,991,1.9,92,3.6,16,98,-22,50.4,0,0,0,0,0,0,n,804,Overcast clouds,c04n,4
2026/6/24 4:30,0,27.8,34.1,96,27.1,992,1.8,85,3.6,10,97,-19.3,52.6,0,0,0,0,0,0,n,804,Overcast clouds,c04n,4
2026/6/24 4:45,0,27.8,34.1,96,27.1,992,1.7,78,3.6,10,96,-16.5,54.8,0,0,0,0,0,0,n,804,Overcast clouds,c04n,4
2026/6/24 5:00,0,27.8,34.1,96,27.1,992,1.6,70,3.6,12,96,-13.7,57,0,0,0,0,0,0,n,804,Overcast clouds,c04n,5
2026/6/24 5:15,0,27.9,34.4,96,27.2,992,1.7,72,3.6,12,95,-10.7,58.7,0,0,0,0,0,0,n,804,Overcast clouds,c04n,5
2026/6/24 5:30,0.01,28,34.5,95,27.1,992,1.8,74,3.6,13,94,-7.7,60.4,0,0,0,0,0,0,n,804,Overcast clouds,c04n,5
2026/6/24 5:45,0,28,34.6,94,27,992,1.9,76,3.6,13,92,-4.7,62,0,0,0,0,0,0,n,804,Overcast clouds,c04n,5
2026/6/24 6:00,0.03,28.1,34.8,94,27,992,2,78,3.6,14,91,-1.7,63.7,0,0,0,0,0,0,n,804,Overcast clouds,c04n,6
2026/6/24 6:15,1.83,28.1,34.8,94,27,992,2.1,78,3.8,14,90,1.5,65.1,35,13,23,0.8,0,0,d,804,Overcast clouds,c04n,6
2026/6/24 6:30,5.66,28.1,34.8,94,27,993,2.2,77,4,15,90,4.6,66.4,69,27,46,0.8,0,0,d,804,Overcast clouds,c04d,6
2026/6/24 6:45,9.47,28.1,34.8,94,27,993,2.3,76,4.2,15,90,7.8,67.7,104,40,69,0.8,0,0,d,804,Overcast clouds,c04d,6
2026/6/24 7:00,15.64,28.1,34.8,94,27,993,2.4,76,4.4,15,89,11,69.1,139,54,96,0.8,0,0,d,804,Overcast clouds,c04d,7
2026/6/24 7:15,28.73,28.4,35.7,93,27.2,993,2.5,77,4.7,16,91,14.3,70.2,195,61,110,0.8,0,0,d,804,Overcast clouds,c04d,7
2026/6/24 7:30,32.18,28.7,36.5,92,27.3,993,2.6,78,5,10,92,17.6,71.3,250,68,125,0.9,0,0,d,804,Overcast clouds,c04d,7
2026/6/24 7:45,37.96,29,37.3,91,27.4,993,2.7,79,5.3,10,94,20.8,72.3,306,75,129,0.9,0,0,d,804,Overcast clouds,c04d,7
2026/6/24 8:00,50.58,29.3,38.1,90,27.5,993,2.8,80,5.6,10,96,24.1,73.4,362,82,127,1,0,0,d,804,Overcast clouds,c04d,8
2026/6/24 8:15,78.3,29.4,38.4,90,27.6,993,2.9,81,5.9,12,97,27.5,74.4,418,86,126,1.1,0,0,d,804,Overcast clouds,c04d,8
2026/6/24 8:30,87.57,29.5,38.4,89,27.4,993,3,82,6.2,13,98,30.8,75.3,474,91,123,1.2,0,0,d,804,Overcast clouds,c04d,8
2026/6/24 8:45,77.91,29.5,38.4,88,27.3,993,3.1,83,6.5,13,98,34.2,76.2,530,95,132,1.3,0,0,d,804,Overcast clouds,c04d,8
2026/6/24 9:00,69.88,29.6,38.6,88,27.4,993,3.2,84,6.8,13,99,37.5,77.1,586,100,123,1.4,0,0,d,804,Overcast clouds,c04d,9
2026/6/24 9:15,69.84,30.2,40.1,86,27.6,993,3.2,85,6.6,14,99,40.9,77.9,636,103,128,1.6,0.25,0,d,804,Overcast clouds,c04d,9
2026/6/24 9:30,76.75,30.8,41.4,84,27.7,994,3.2,86,6.4,10,100,44.3,78.7,685,106,111,1.8,0.5,0,d,301,Drizzle,d02d,9
2026/6/24 9:45,119.98,31.3,42.4,81,27.7,994,3.2,87,6.2,10,100,47.7,79.5,734,109,115,2,0.25,0,d,804,Overcast clouds,c04d,9
2026/6/24 10:00,17.19,31.9,43.6,79,27.8,994,3.2,88,6,12,100,51.1,80.3,784,112,118,2.2,0,0,d,804,Overcast clouds,c04d,10
2026/6/24 10:15,130.82,32,43.4,78,27.6,994,3.1,90,5.9,12,100,54.5,80.9,821,114,121,2.4,0,0,d,804,Overcast clouds,c04d,10
2026/6/24 10:30,122.11,32.1,43.7,78,27.7,994,3,92,5.8,10,100,57.9,81.5,859,116,123,2.6,0,0,d,804,Overcast clouds,c04d,10
2026/6/24 10:45,127.51,32.1,44,78,27.8,994,2.9,94,5.7,10,100,61.3,82.2,897,118,125,2.8,0,0,d,804,Overcast clouds,c04d,10
2026/6/24 11:00,157.35,32.2,43.8,77,27.6,993,2.8,96,5.6,10,100,64.8,82.8,935,120,129,3,0,0,d,804,Overcast clouds,c04d,11
2026/6/24 11:15,29.08,32.1,44,78,27.8,993,2.6,99,5.6,12,100,68.2,83,958,121,129,3.1,0,0,d,804,Overcast clouds,c04d,11
2026/6/24 11:30,150.18,32.1,43.7,78,27.7,993,2.4,102,5.6,11,100,71.7,83.2,980,122,131,3.3,0,0,d,804,Overcast clouds,c04d,11
2026/6/24 11:45,0,32,43.4,78,27.6,993,2.2,105,5.6,11,100,75.1,83.4,1003,123,132,3.4,0.25,0,d,804,Overcast clouds,c04d,11
2026/6/24 12:00,92.44,31.9,43.6,79,27.8,993,2,108,5.6,11,100,78.5,83.6,1026,124,133,3.6,0.5,0,d,301,Drizzle,d02d,12
2026/6/24 12:15,3.95,32.2,44.1,78,27.8,993,1.9,114,5.8,11,100,80.8,135,1032,125,134,3.6,0.25,0,d,804,Overcast clouds,c04d,12
2026/6/24 12:30,3.96,32.5,45.1,78,28.1,993,1.8,120,6,15,100,83,186.3,1038,125,132,3.7,0,0,d,804,Overcast clouds,c04d,12
2026/6/24 12:45,3.94,32.7,45.7,77,28.2,993,1.7,126,6.2,15,99,85.3,237.7,1043,125,164,3.8,0,0,d,804,Overcast clouds,c04d,12
2026/6/24 13:00,68.91,33,46.2,76,28.2,992,1.6,132,6.4,16,99,87.5,289,1049,125,164,3.8,0,0,d,804,Overcast clouds,c04d,13
2026/6/24 13:15,104.81,32.8,45.9,77,28.2,992,1.5,138,5.8,16,99,84.1,285.8,1037,125,163,3.8,0,0,d,804,Overcast clouds,c04d,13
2026/6/24 13:30,91.69,32.6,45.7,78,28.3,992,1.4,143,5.2,16,100,80.7,282.6,1026,124,130,3.6,0,0,d,804,Overcast clouds,c04d,13
2026/6/24 13:45,84.9,32.4,44.9,78,28.1,992,1.3,148,4.6,16,100,77.3,279.4,1014,124,131,3.5,0.25,0,d,804,Overcast clouds,c04d,13
2026/6/24 14:00,53.08,32.2,44.7,79,28.1,991,1.2,154,4,16,100,73.8,276.2,1002,123,130,3.4,0.5,0,d,301,Drizzle,d02d,14
2026/6/24 14:15,122.63,32.2,44.7,79,28.1,991,1,144,4.1,16,100,70.4,276.7,974,122,129,3.3,0.5,0,d,301,Drizzle,d02d,14
2026/6/24 14:30,9.59,32.2,44.7,79,28.1,991,0.8,133,4.2,16,100,67,277.1,946,121,127,3.1,0.5,0,d,301,Drizzle,d02d,14
2026/6/24 14:45,3.96,32.2,44.7,79,28.1,991,0.6,122,4.3,16,100,63.5,277.5,918,119,125,2.9,0.5,0,d,301,Drizzle,d02d,14
2026/6/24 15:00,60.25,32.2,44.7,79,28.1,991,0.4,112,4.4,16,100,60.1,278,889,118,124,2.7,0.5,0,d,301,Drizzle,d02d,15
2026/6/24 15:15,136.3,32.3,44.6,78,28,991,0.8,100,4.8,16,100,56.7,278.7,847,115,121,2.5,0.25,0,d,804,Overcast clouds,c04d,15
2026/6/24 15:30,64.71,32.4,44.9,78,28.1,991,1.2,88,5.2,16,100,53.3,279.4,805,113,118,2.3,0,0,d,804,Overcast clouds,c04d,15
2026/6/24 15:45,11.75,32.5,44.9,77,27.9,991,1.6,76,5.6,16,100,49.8,280,763,111,116,2.1,0.5,0,d,301,Drizzle,d02d,15
2026/6/24 16:00,3.95,32.6,44.8,76,27.8,990,2,64,6,16,100,46.4,280.7,721,108,114,1.9,1,0,d,500,Light rain,r01d,16
2026/6/24 16:15,3.97,32.6,44.8,76,27.8,991,2.2,66,6,16,100,43,281.6,668,105,97,1.7,1.25,0,d,500,Light rain,r01d,16
2026/6/24 16:30,3.98,32.6,44.3,75,27.6,991,2.4,69,6,10,100,39.7,282.4,616,101,91,1.5,1.5,0,d,500,Light rain,r01d,16
2026/6/24 16:45,3.96,32.6,43.9,74,27.4,991,2.6,72,6,10,100,36.3,283.2,564,98,89,1.3,1.5,0,d,500,Light rain,r01d,16
2026/6/24 17:00,4.2,32.6,43.9,74,27.4,991,2.8,74,6,10,100,32.9,284.1,511,94,85,1.2,1.5,0,d,500,Light rain,r01d,17
2026/6/24 17:15,4.49,31.7,42.4,78,27.4,992,2.8,74,5.8,12,100,29.6,285,455,89,79,1.1,1.75,0,d,500,Light rain,r01d,17
2026/6/24 17:30,2.25,30.8,40.7,82,27.3,992,2.8,74,5.6,10,100,26.2,286,398,84,73,0.9,2,0,d,500,Light rain,r01d,17
2026/6/24 17:45,1.9,29.8,38.8,86,27.2,992,2.8,74,5.4,10,99,22.9,287,341,79,64,0.9,3.5,0,d,500,Light rain,r01d,17
2026/6/24 18:00,0.86,28.9,36.7,90,27.1,992,2.8,74,5.2,10,99,19.6,288,284,74,53,0.8,5,0,d,501,Moderate rain,r02d,18
2026/6/24 18:15,0.39,28.7,36,90,26.9,992,2.7,73,5.4,12,99,16.3,289.1,231,65,42,0.7,6.5,0,d,501,Moderate rain,r02d,18
2026/6/24 18:30,0.1,28.5,35.4,90,26.7,992,2.6,72,5.6,13,100,13.1,290.3,178,57,33,0.7,8,0,d,501,Moderate rain,r02d,18
2026/6/24 18:45,0.02,28.3,34.7,90,26.5,991,2.5,71,5.8,13,100,9.8,291.5,125,48,25,0.7,9,0,d,501,Moderate rain,r02d,18
2026/6/24 19:00,0.03,28.1,34.1,90,26.3,991,2.4,70,6,14,100,6.6,292.6,71,40,19,0.6,10,0,d,501,Moderate rain,r02d,19
2026/6/24 19:15,0,28.1,34.1,90,26.3,991,2.5,70,5.9,14,100,3.5,294.1,54,30,19,0.6,6.5,0,d,201,Thunderstorm with rain,t02d,19
2026/6/24 19:30,0,28.1,33.9,89,26.1,992,2.6,69,5.8,16,100,0.4,295.5,36,20,16,0.6,3,0,d,200,Thunderstorm with light rain,t01n,19
2026/6/24 19:45,0,28.1,33.7,88,25.9,992,2.7,68,5.7,16,100,-2.8,296.9,18,10,9,0,2.25,0,d,200,Thunderstorm with light rain,t01n,19
2026/6/24 20:00,0,28.1,33.7,88,25.9,992,2.8,68,5.6,16,100,-5.9,298.4,0,0,0,0,1.5,0,n,200,Thunderstorm with light rain,t01n,20
2026/6/24 20:15,0,28,33.5,88,25.8,992,2.8,68,5.5,16,100,-8.8,300.2,0,0,0,0,1,0,n,200,Thunderstorm with light rain,t01n,20
2026/6/24 20:30,0,28,33.2,88,25.8,993,2.8,67,5.4,10,100,-11.8,302,0,0,0,0,0.5,0,n,231,Thunderstorm with drizzle,t04n,20
2026/6/24 20:45,0,27.9,33,88,25.7,993,2.8,66,5.3,10,100,-14.7,303.9,0,0,0,0,0.25,0,n,804,Overcast clouds,c04n,20
2026/6/24 21:00,0,27.8,32.8,88,25.6,993,2.8,66,5.2,10,100,-17.7,305.7,0,0,0,0,0,0,n,804,Overcast clouds,c04n,21
2026/6/24 21:15,0,27.5,32.1,89,25.5,993,2.8,62,5,12,100,-20.3,308.1,0,0,0,0,0,0,n,804,Overcast clouds,c04n,21
2026/6/24 21:30,0,27.3,31.5,90,25.5,994,2.8,58,4.8,13,100,-22.9,310.5,0,0,0,0,0,0,n,804,Overcast clouds,c04n,21
2026/6/24 21:45,0,27,30.8,91,25.4,994,2.8,54,4.6,13,100,-25.6,312.9,0,0,0,0,0,0,n,804,Overcast clouds,c04n,21
2026/6/24 22:00,0,26.7,30.1,92,25.3,994,2.8,50,4.4,14,100,-28.2,315.3,0,0,0,0,0,0,n,804,Overcast clouds,c04n,22
2026/6/24 22:15,0,26.8,30.3,92,25.4,994,2.9,50,4.5,14,100,-30.4,318.5,0,0,0,0,0,0,n,804,Overcast clouds,c04n,22
2026/6/24 22:30,0,26.9,30.5,92,25.4,994,3,51,4.6,10,100,-32.5,321.7,0,0,0,0,0,0,n,804,Overcast clouds,c04n,22
2026/6/24 22:45,0,26.9,30.7,92,25.5,994,3.1,52,4.7,10,99,-34.7,324.9,0,0,0,0,0,0,n,804,Overcast clouds,c04n,22
2026/6/24 23:00,0,27,30.9,92,25.6,994,3.2,52,4.8,10,99,-36.8,328.1,0,0,0,0,0,0,n,804,Overcast clouds,c04n,23
2026/6/24 23:15,0,27,30.9,92,25.6,994,3.3,56,5.1,12,99,-38.2,332.2,0,0,0,0,0,0,n,804,Overcast clouds,c04n,23
2026/6/24 23:30,0,27,30.9,92,25.6,995,3.4,59,5.4,10,100,-39.6,336.3,0,0,0,0,0,0,n,804,Overcast clouds,c04n,23
2026/6/24 23:45,0,27,30.9,92,25.6,995,3.5,62,5.7,10,100,-41,340.3,0,0,0,0,0,0,n,804,Overcast clouds,c04n,23
2026/6/25 0:00,0,27,30.9,92,25.6,995,3.6,66,6,10,100,-42.4,344.4,0,0,0,0,0,0,n,804,Overcast clouds,c04n,0
2026/6/25 0:15,0,26.8,30.4,92,25.4,995,3.5,66,5.9,12,100,-42.8,259.1,0,0,0,0,0,0,n,804,Overcast clouds,c04n,0
2026/6/25 0:30,0,26.7,27.8,93,25.4,995,3.4,67,5.8,12,100,-43.2,173.8,0,0,0,0,0,0,n,804,Overcast clouds,c04n,0
2026/6/25 0:45,0,26.5,27.6,94,25.4,994,3.3,68,5.7,5,100,-43.6,88.5,0,0,0,0,0,0,n,804,Overcast clouds,c04n,0
2026/6/25 1:00,0,26.3,27.4,94,25.3,994,3.2,68,5.6,5,100,-43.9,3.2,0,0,0,0,0,0,n,804,Overcast clouds,c04n,1
2026/6/25 1:15,0,26.3,27.4,94,25.3,994,3.1,70,5.7,4,100,-43.2,7.8,0,0,0,0,0,0,n,804,Overcast clouds,c04n,1
2026/6/25 1:30,0,26.3,27.4,94,25.3,994,3,71,5.8,15,100,-42.4,12.4,0,0,0,0,0,0,n,804,Overcast clouds,c04n,1
2026/6/25 1:45,0,26.3,27.4,94,25.3,993,2.9,72,5.9,15,100,-41.7,16.9,0,0,0,0,0.25,0,n,804,Overcast clouds,c04n,1
2026/6/25 2:00,0,26.3,27.4,94,25.3,993,2.8,74,6,16,100,-41,21.5,0,0,0,0,0.5,0,n,301,Drizzle,d02n,2
2026/6/25 2:15,0,26.3,27.4,94,25.3,993,2.7,74,5.7,16,100,-39.3,25.3,0,0,0,0,0.5,0,n,301,Drizzle,d02n,2
2026/6/25 2:30,0,26.3,27.4,94,25.3,993,2.6,74,5.4,10,100,-37.6,29.1,0,0,0,0,0.5,0,n,301,Drizzle,d02n,2
2026/6/25 2:45,0,26.3,27.4,94,25.3,993,2.5,74,5.1,10,100,-35.9,32.8,0,0,0,0,0.5,0,n,301,Drizzle,d02n,2
2026/6/25 3:00,0,26.3,27.4,94,25.3,993,2.4,74,4.8,10,100,-34.2,36.6,0,0,0,0,0.5,0,n,301,Drizzle,d02n,3
2026/6/25 3:15,0,26.2,27.3,94,25.2,993,2.5,72,4.8,10,100,-31.8,39.5,0,0,0,0,0.75,0,n,301,Drizzle,d02n,3
2026/6/25 3:30,0.01,26.1,27.2,95,25.2,993,2.6,69,4.8,13,100,-29.5,42.4,0,0,0,0,1,0,n,500,Light rain,r01n,3
2026/6/25 3:45,0.01,26,27.2,96,25.3,993,2.7,66,4.8,13,100,-27.2,45.3,0,0,0,0,1,0,n,500,Light rain,r01n,3
2026/6/25 4:00,0.01,25.9,27.1,96,25.2,993,2.8,64,4.8,14,100,-24.8,48.2,0,0,0,0,1,0,n,500,Light rain,r01n,4
2026/6/25 4:15,0,26,27.2,96,25.3,993,2.8,62,4.9,14,100,-22.1,50.4,0,0,0,0,2.25,0,n,500,Light rain,r01n,4
2026/6/25 4:30,0,26.1,27.2,95,25.2,994,2.8,61,5,15,100,-19.3,52.6,0,0,0,0,3.5,0,n,500,Light rain,r01n,4
2026/6/25 4:45,0,26.2,27.3,94,25.2,994,2.8,60,5.1,15,100,-16.5,54.8,0,0,0,0,4.5,0,n,501,Moderate rain,r02n,4
2026/6/25 5:00,0,26.3,27.4,94,25.3,994,2.8,58,5.2,16,100,-13.8,57,0,0,0,0,5.5,0,n,501,Moderate rain,r02n,5
2026/6/25 5:15,0.01,26.4,27.5,94,25.4,994,2.7,58,5.1,16,100,-10.8,58.7,0,0,0,0,5.5,0,n,501,Moderate rain,r02n,5
2026/6/25 5:30,0,26.5,27.7,95,25.6,994,2.6,57,5,5,100,-7.8,60.4,0,0,0,0,5.5,0,n,501,Moderate rain,r02n,5
2026/6/25 5:45,0.01,26.6,27.8,96,25.9,993,2.5,56,4.9,5,100,-4.8,62,0,0,0,0,5.5,0,n,501,Moderate rain,r02n,5
2026/6/25 6:00,0,26.7,30.4,96,26,993,2.4,56,4.8,5,100,-1.8,63.7,0,0,0,0,5.5,0,n,501,Moderate rain,r02n,6
2026/6/25 6:15,1.23,26.7,30.4,96,26,993,2.5,54,4.8,5,100,1.4,65.1,35,13,9,0.6,5.75,0,d,501,Moderate rain,r02n,6
2026/6/25 6:30,2.8,26.7,30.4,96,26,994,2.6,52,4.8,12,100,4.6,66.4,69,27,18,0.6,6,0,d,501,Moderate rain,r02d,6
2026/6/25 6:45,2.69,26.7,30.4,96,26,994,2.7,50,4.8,12,100,7.8,67.7,104,40,26,0.6,6.5,0,d,501,Moderate rain,r02d,6
2026/6/25 7:00,2.12,26.7,30.4,96,26,994,2.8,48,4.8,12,100,10.9,69.1,138,54,34,0.7,7,0,d,501,Moderate rain,r02d,7
2026/6/25 7:15,1.45,26.6,27.8,96,25.9,994,2.8,53,4.9,12,100,14.2,70.2,194,61,43,0.7,5.5,0,d,501,Moderate rain,r02d,7
2026/6/25 7:30,2.54,26.5,27.7,97,26,995,2.8,58,5,12,100,17.5,71.3,250,68,53,0.7,4,0,d,501,Moderate rain,r02d,7
2026/6/25 7:45,3.49,26.4,27.7,98,26.1,995,2.8,63,5.1,13,100,20.8,72.4,305,75,58,0.8,4,0,d,501,Moderate rain,r02d,7
2026/6/25 8:00,5.47,26.3,27.5,98,26,995,2.8,68,5.2,13,100,24.1,73.5,361,82,63,0.9,4,0,d,501,Moderate rain,r02d,8
2026/6/25 8:15,3.75,26.3,27.5,98,26,995,3,70,5.3,13,100,27.4,74.4,417,86,70,1,3.25,0,d,500,Light rain,r01d,8
2026/6/25 8:30,0.01,26.3,27.5,98,26,995,3.2,73,5.4,10,100,30.7,75.3,473,91,77,1.1,2.5,0,d,500,Light rain,r01d,8
2026/6/25 8:45,4.85,26.3,27.5,98,26,995,3.4,76,5.5,10,100,34.1,76.2,529,95,76,1.2,3.5,0,d,500,Light rain,r01d,8
2026/6/25 9:00,5.84,26.3,27.5,98,26,995,3.6,78,5.6,10,100,37.4,77.2,585,100,75,1.4,4.5,0,d,201,Thunderstorm with rain,t02d,9
2026/6/25 9:15,4.41,26.5,27.7,97,26,995,3.6,80,5.8,12,100,40.8,77.9,635,103,78,1.6,4.25,0,d,201,Thunderstorm with rain,t02d,9
2026/6/25 9:30,4.26,26.7,27.9,96,26,995,3.6,82,6,8,100,44.2,78.7,684,106,82,1.8,4,0,d,201,Thunderstorm with rain,t02d,9
2026/6/25 9:45,3.93,26.8,30.7,95,26,995,3.6,84,6.2,8,100,47.6,79.5,734,109,82,2,4.5,0,d,501,Moderate rain,r02d,9
2026/6/25 10:00,4.47,27,31.2,94,25.9,995,3.6,86,6.4,8,100,51,80.3,783,112,81,2.2,5,0,d,501,Moderate rain,r02d,10
2026/6/25 10:15,7.54,27.1,31.5,94,26,995,3.5,85,6.4,11,100,54.4,80.9,821,114,87,2.4,4.25,0,d,501,Moderate rain,r02d,10
2026/6/25 10:30,7.91,27.2,31.8,94,26.1,995,3.4,84,6.4,8,100,57.9,81.6,859,116,93,2.6,3.5,0,d,200,Thunderstorm with light rain,t01d,10
2026/6/25 10:45,12.74,27.3,32.1,94,26.2,995,3.3,83,6.4,8,100,61.3,82.2,896,118,91,2.8,4,0,d,201,Thunderstorm with rain,t02d,10
2026/6/25 11:00,20.71,27.4,32.4,94,26.3,995,3.2,82,6.4,8,100,64.7,82.8,934,120,90,3,4.5,0,d,201,Thunderstorm with rain,t02d,11
2026/6/25 11:15,30.6,27.4,32.4,94,26.3,995,3.1,78,6.1,11,100,68.2,83.1,957,121,95,3.1,3.75,0,d,500,Light rain,r01d,11
2026/6/25 11:30,39.33,27.4,32.6,95,26.5,995,3,74,5.8,9,100,71.6,83.3,980,122,100,3.3,3,0,d,200,Thunderstorm with light rain,t01d,11
2026/6/25 11:45,34.12,27.4,32.7,96,26.7,995,2.9,70,5.5,9,100,75,83.5,1003,123,115,3.4,1.75,0,d,200,Thunderstorm with light rain,t01d,11
2026/6/25 12:00,34.46,27.4,32.7,96,26.7,995,2.8,66,5.2,11,100,78.5,83.8,1026,124,138,3.6,0.5,0,d,231,Thunderstorm with drizzle,t04d,12
2026/6/25 12:15,34.33,27.7,33.4,94,26.6,995,2.8,64,4.9,11,100,80.8,135,1032,125,140,3.6,0.25,0,d,804,Overcast clouds,c04d,12
2026/6/25 12:30,57.52,28,34.1,93,26.7,995,2.8,61,4.6,10,100,83,186.3,1037,125,139,3.7,0,0,d,804,Overcast clouds,c04d,12
2026/6/25 12:45,111.45,28.2,34.9,92,26.8,995,2.8,58,4.3,10,100,85.3,237.5,1043,125,139,3.7,0,0,d,804,Overcast clouds,c04d,12
2026/6/25 13:00,124.01,28.5,35.4,90,26.7,995,2.8,56,4,10,100,87.6,288.8,1049,125,140,3.7,0,0,d,804,Overcast clouds,c04d,13
2026/6/25 13:15,120.34,28.7,36,90,26.9,995,2.8,58,4.3,12,100,84.1,285.6,1037,125,138,3.7,0,0,d,804,Overcast clouds,c04d,13
2026/6/25 13:30,106.02,28.9,36.5,89,26.9,995,2.8,59,4.6,16,100,80.7,282.5,1026,124,137,3.6,0,0,d,804,Overcast clouds,c04d,13
2026/6/25 13:45,110.15,29.1,36.9,88,26.9,994,2.8,60,4.9,16,100,77.3,279.3,1014,124,137,3.5,0,0,d,804,Overcast clouds,c04d,13
2026/6/25 14:00,25.21,29.3,37.6,88,27.1,994,2.8,62,5.2,16,100,73.9,276.1,1002,123,135,3.4,0,0,d,804,Overcast clouds,c04d,14
2026/6/25 14:15,3.92,29.4,37.9,88,27.2,994,2.7,58,5.3,16,100,70.4,276.6,974,122,133,3.3,0,0,d,804,Overcast clouds,c04d,14
2026/6/25 14:30,4.37,29.5,37.8,87,27.1,994,2.6,55,5.4,10,100,67,277,946,121,132,3.1,0,0,d,804,Overcast clouds,c04d,14
2026/6/25 14:45,3.93,29.5,37.8,86,26.9,994,2.5,52,5.5,10,100,63.6,277.5,918,119,131,2.9,0,0,d,804,Overcast clouds,c04d,14
2026/6/25 15:00,3.91,29.6,38.1,86,27,994,2.4,48,5.6,10,100,60.1,277.9,890,118,129,2.7,0,0,d,804,Overcast clouds,c04d,15
2026/6/25 15:15,3.91,29.4,37.5,86,26.8,994,2.3,46,5.7,12,100,56.7,278.6,848,115,126,2.5,0.25,0,d,804,Overcast clouds,c04d,15
2026/6/25 15:30,3.95,29.3,36.7,85,26.5,994,2.2,44,5.8,10,100,53.3,279.3,805,113,125,2.3,0.5,0,d,301,Drizzle,d02d,15
2026/6/25 15:45,3.96,29.1,35.9,84,26.1,993,2.1,42,5.9,10,100,49.9,280,763,111,123,2.1,0.25,0,d,804,Overcast clouds,c04d,15
2026/6/25 16:00,3.9,28.9,35.3,84,25.9,993,2,40,6,10,100,46.5,280.7,721,108,120,1.9,0,0,d,804,Overcast clouds,c04d,16
2026/6/25 16:15,3.95,28.9,35.3,84,25.9,993,2,41,5.5,12,100,43.1,281.5,669,105,116,1.7,0,0,d,804,Overcast clouds,c04d,16
2026/6/25 16:30,56.95,28.9,35.6,85,26.1,993,2,42,5,10,100,39.7,282.4,617,101,111,1.5,0,0,d,804,Overcast clouds,c04d,16
2026/6/25 16:45,0.02,28.9,35.8,86,26.3,993,2,43,4.5,10,100,36.3,283.2,564,98,106,1.3,0,0,d,804,Overcast clouds,c04d,16
2026/6/25 17:00,0,28.9,35.8,86,26.3,993,2,44,4,12,100,32.9,284,512,95,102,1.2,0,0,d,804,Overcast clouds,c04d,17
2026/6/25 17:15,0.02,28.4,34.7,88,26.2,993,2,43,4.1,12,100,29.6,285,455,89,95,1.1,0,0,d,804,Overcast clouds,c04d,17
2026/6/25 17:30,0.02,28,33.6,90,26.2,994,2,42,4.2,10,100,26.3,286,398,84,90,0.9,0,0,d,804,Overcast clouds,c04d,17
2026/6/25 17:45,41.13,27.5,32.4,92,26.1,994,2,41,4.3,10,100,23,286.9,341,79,84,0.9,0,0,d,804,Overcast clouds,c04d,17
2026/6/25 18:00,3.91,27,31.2,94,25.9,994,2,40,4.4,10,100,19.6,287.9,284,74,78,0.8,0,0,d,804,Overcast clouds,c04d,18
2026/6/25 18:15,3.87,27,31.2,94,25.9,994,2,45,4.3,10,100,16.4,289.1,231,65,68,0.7,0,0,d,804,Overcast clouds,c04d,18
2026/6/25 18:30,3.97,27,31.2,94,25.9,994,2,50,4.2,10,100,13.1,290.2,178,57,59,0.7,0,0,d,804,Overcast clouds,c04d,18
2026/6/25 18:45,3.91,27,31.2,94,25.9,993,2,55,4.1,10,100,9.9,291.4,125,48,49,0.7,0,0,d,804,Overcast clouds,c04d,18
2026/6/25 19:00,4.25,27,31.2,94,25.9,993,2,60,4,10,100,6.6,292.6,72,40,40,0.6,0,0,d,804,Overcast clouds,c04d,19
2026/6/25 19:15,4.33,27.1,31.5,94,26,993,2,58,3.8,10,100,3.5,294,54,30,30,0.6,0,0,d,804,Overcast clouds,c04d,19
2026/6/25 19:30,2.98,27.2,31.8,94,26.1,994,2,57,3.6,10,100,0.4,295.5,36,20,20,0.6,0,0,d,804,Overcast clouds,c04n,19
2026/6/25 19:45,0.13,27.3,32.1,94,26.2,994,2,56,3.4,10,100,-2.7,296.9,18,10,10,0,0,0,d,804,Overcast clouds,c04n,19
2026/6/25 20:00,0.01,27.4,32.4,94,26.3,994,2,54,3.2,12,100,-5.9,298.3,0,0,0,0,0,0,n,804,Overcast clouds,c04n,20
2026/6/25 20:15,0,27.5,32.8,94,26.4,994,1.9,51,3.1,12,100,-8.8,300.2,0,0,0,0,0,0,n,804,Overcast clouds,c04n,20
2026/6/25 20:30,0,27.6,33,93,26.4,995,1.8,48,3,10,100,-11.8,302,0,0,0,0,0,0,n,804,Overcast clouds,c04n,20
2026/6/25 20:45,0,27.7,33.1,92,26.3,995,1.7,45,2.9,10,100,-14.7,303.8,0,0,0,0,0,0,n,804,Overcast clouds,c04n,20
2026/6/25 21:00,0,27.8,33.4,92,26.4,995,1.6,42,2.8,10,100,-17.6,305.7,0,0,0,0,0,0,n,804,Overcast clouds,c04n,21
2026/6/25 21:15,0,27.7,33.1,92,26.3,995,1.6,37,2.7,12,100,-20.3,308.1,0,0,0,0,0,0,n,804,Overcast clouds,c04n,21
2026/6/25 21:30,0,27.6,32.8,92,26.2,996,1.6,32,2.6,13,100,-22.9,310.5,0,0,0,0,0,0,n,804,Overcast clouds,c04n,21
2026/6/25 21:45,0,27.5,32.5,92,26.1,996,1.6,27,2.5,13,100,-25.5,312.9,0,0,0,0,0,0,n,804,Overcast clouds,c04n,21
2026/6/25 22:00,0,27.4,32.2,92,26,996,1.6,22,2.4,14,100,-28.2,315.3,0,0,0,0,0,0,n,804,Overcast clouds,c04n,22
2026/6/25 22:15,0,27.3,31.9,92,25.9,996,1.6,17,2.4,14,100,-30.3,318.5,0,0,0,0,0,0,n,804,Overcast clouds,c04n,22
2026/6/25 22:30,0,27.2,31.7,93,26,996,1.6,12,2.4,15,100,-32.5,321.6,0,0,0,0,0,0,n,804,Overcast clouds,c04n,22
2026/6/25 22:45,0,27.1,31.5,94,26,996,1.6,7,2.4,15,100,-34.7,324.8,0,0,0,0,0,0,n,804,Overcast clouds,c04n,22
2026/6/25 23:00,0,27,31.2,94,25.9,996,1.6,2,2.4,15,100,-36.8,328,0,0,0,0,0,0,n,804,Overcast clouds,c04n,23
2026/6/25 23:15,0,27,31.2,94,25.9,996,1.5,90,2.5,16,100,-38.2,332.1,0,0,0,0,0,0,n,804,Overcast clouds,c04n,23
2026/6/25 23:30,0,27,31.2,94,25.9,997,1.4,177,2.6,13,100,-39.6,336.2,0,0,0,0,0,0,n,804,Overcast clouds,c04n,23
2026/6/25 23:45,0,27,31.2,94,25.9,997,1.3,264,2.7,13,100,-41,340.3,0,0,0,0,0,0,n,804,Overcast clouds,c04n,23
2026/6/26 0:00,0,27,31.2,94,25.9,997,1.2,352,2.8,13,100,-42.5,344.4,0,0,0,0,0,0,n,804,Overcast clouds,c04n,0
2026/6/26 0:15,0,27,31.2,94,25.9,997,1.3,351,3,13,100,-42.8,259.1,0,0,0,0,0,0,n,804,Overcast clouds,c04n,0
2026/6/26 0:30,0,27,31.1,93,25.8,997,1.4,350,3.2,16,100,-43.2,173.8,0,0,0,0,0,0,n,804,Overcast clouds,c04n,0
2026/6/26 0:45,0,27,30.9,92,25.6,996,1.5,349,3.4,16,100,-43.6,88.5,0,0,0,0,0,0,n,804,Overcast clouds,c04n,0
2026/6/26 1:00,0,27,30.9,92,25.6,996,1.6,348,3.6,16,100,-44,3.2,0,0,0,0,0,0,n,804,Overcast clouds,c04n,1
2026/6/26 1:15,0,26.7,30.2,93,25.5,996,1.6,349,3.9,16,100,-43.2,7.7,0,0,0,0,0,0,n,804,Overcast clouds,c04n,1
2026/6/26 1:30,0.01,26.5,27.6,94,25.4,996,1.6,350,4.2,16,100,-42.5,12.3,0,0,0,0,0,0,n,804,Overcast clouds,c04n,1
2026/6/26 1:45,0,26.2,27.3,95,25.3,996,1.6,351,4.5,16,100,-41.7,16.9,0,0,0,0,0,0,n,804,Overcast clouds,c04n,1
2026/6/26 2:00,0,25.9,27.1,96,25.2,996,1.6,352,4.8,16,100,-41,21.4,0,0,0,0,0,0,n,804,Overcast clouds,c04n,2
2026/6/26 2:15,0,25.8,27,96,25.1,996,1.5,266,4.4,16,100,-39.3,25.2,0,0,0,0,0,0,n,804,Overcast clouds,c04n,2
2026/6/26 2:30,0.01,25.8,26.9,96,25.1,996,1.4,180,4,10,100,-37.6,29,0,0,0,0,0,0,n,804,Overcast clouds,c04n,2
2026/6/26 2:45,0,25.7,26.8,96,25,995,1.3,94,3.6,10,100,-35.9,32.8,0,0,0,0,0,0,n,804,Overcast clouds,c04n,2
2026/6/26 3:00,0,25.6,26.7,96,24.9,995,1.2,8,3.2,10,100,-34.2,36.6,0,0,0,0,0,0,n,804,Overcast clouds,c04n,3
2026/6/26 3:15,0.01,25.6,26.7,96,24.9,995,1.5,7,3.4,8,100,-31.9,39.5,0,0,0,0,0,0,n,804,Overcast clouds,c04n,3
2026/6/26 3:30,0.01,25.6,26.7,95,24.7,995,1.8,6,3.6,8,100,-29.6,42.4,0,0,0,0,0,0,n,804,Overcast clouds,c04n,3
2026/6/26 3:45,0.01,25.6,26.7,94,24.6,995,2.1,5,3.8,8,100,-27.2,45.3,0,0,0,0,0.25,0,n,804,Overcast clouds,c04n,3
2026/6/26 4:00,0.01,25.6,26.7,94,24.6,995,2.4,4,4,7,100,-24.9,48.2,0,0,0,0,0.5,0,n,301,Drizzle,d02n,4
2026/6/26 4:15,0.01,25.5,26.6,94,24.5,995,2.3,4,4.2,7,100,-22.1,50.4,0,0,0,0,0.5,0,n,301,Drizzle,d02n,4
2026/6/26 4:30,0,25.4,26.5,95,24.5,995,2.2,3,4.4,7,100,-19.4,52.6,0,0,0,0,0.5,0,n,301,Drizzle,d02n,4
2026/6/26 4:45,0,25.3,26.4,96,24.6,995,2.1,2,4.6,6,100,-16.6,54.8,0,0,0,0,0.75,0,n,301,Drizzle,d02n,4
2026/6/26 5:00,0,25.2,26.3,96,24.5,995,2,2,4.8,6,100,-13.9,57,0,0,0,0,1,0,n,500,Light rain,r01n,5
2026/6/26 5:15,0,25.4,26.5,96,24.7,995,2,6,4.6,6,100,-10.8,58.7,0,0,0,0,1,0,n,500,Light rain,r01n,5
2026/6/26 5:30,0,25.6,26.6,95,24.7,995,2,9,4.4,7,100,-7.8,60.4,0,0,0,0,1,0,n,500,Light rain,r01n,5
2026/6/26 5:45,0,25.7,26.8,94,24.7,995,2,12,4.2,7,100,-4.8,62,0,0,0,0,0.75,0,n,301,Drizzle,d02n,5
2026/6/26 6:00,0.1,25.9,27,94,24.9,995,2,16,4,7,100,-1.8,63.7,0,0,0,0,0.5,0,n,301,Drizzle,d02n,6
2026/6/26 6:15,0.77,25.9,27,94,24.9,995,1.8,17,4.1,7,100,1.4,65.1,34,13,14,0.6,0.25,0,d,804,Overcast clouds,c04n,6
2026/6/26 6:30,1.73,25.9,27,94,24.9,996,1.6,18,4.2,12,100,4.5,66.4,69,27,28,0.6,0,0,d,804,Overcast clouds,c04d,6
2026/6/26 6:45,3.23,25.9,27,94,24.9,996,1.4,19,4.3,12,100,7.7,67.7,103,40,42,0.6,0.25,0,d,804,Overcast clouds,c04d,6
2026/6/26 7:00,4.07,25.9,27,94,24.9,996,1.2,20,4.4,12,100,10.9,69.1,137,54,56,0.7,0.5,0,d,301,Drizzle,d02d,7
2026/6/26 7:15,7.7,25.8,26.9,94,24.8,996,1.1,16,4,12,100,14.2,70.2,193,61,64,0.7,0.5,0,d,301,Drizzle,d02d,7
2026/6/26 7:30,11.2,25.8,26.9,95,24.9,996,1,13,3.6,16,100,17.4,71.3,249,68,73,0.7,0.5,0,d,301,Drizzle,d02d,7
2026/6/26 7:45,18.27,25.7,26.8,96,25,996,0.9,10,3.2,16,99,20.7,72.4,304,75,90,0.8,0.5,0,d,301,Drizzle,d02d,7
2026/6/26 8:00,16.74,25.6,26.7,96,24.9,996,0.8,6,2.8,16,99,24,73.5,360,82,100,0.9,0.5,0,d,301,Drizzle,d02d,8
2026/6/26 8:15,10.54,25.4,26.5,97,24.9,996,0.8,87,2.9,16,99,27.3,74.4,416,86,107,1,0.5,0,d,301,Drizzle,d02d,8
2026/6/26 8:30,5.31,25.2,26.3,98,24.9,996,0.8,168,3,7,100,30.7,75.3,472,91,101,1.1,0.5,0,d,301,Drizzle,d02d,8
2026/6/26 8:45,6.67,25,26.1,99,24.8,996,0.8,249,3.1,7,100,34,76.2,528,95,106,1.2,0.5,0,d,301,Drizzle,d02d,8
2026/6/26 9:00,19.32,24.8,25.9,100,24.8,996,0.8,330,3.2,10,100,37.4,77.2,584,100,113,1.4,0.5,0,d,301,Drizzle,d02d,9
2026/6/26 9:15,23.8,25.3,26.4,98,24.9,996,1,334,3.7,10,100,40.8,78,634,103,116,1.6,0.5,0,d,301,Drizzle,d02d,9
2026/6/26 9:30,28.44,25.8,26.9,96,25.1,997,1.2,339,4.2,6,100,44.2,78.8,683,106,120,1.8,0.5,0,d,301,Drizzle,d02d,9
2026/6/26 9:45,48.69,26.2,27.4,94,25.2,997,1.4,344,4.7,6,100,47.6,79.5,733,109,124,2,0.75,0,d,301,Drizzle,d02d,9
2026/6/26 10:00,48.91,26.7,30.1,92,25.3,997,1.6,348,5.2,6,100,51,80.3,782,112,128,2.2,1,0,d,500,Light rain,r01d,10
2026/6/26 10:15,46.62,26.7,30.1,92,25.3,997,1.6,344,5.2,10,100,54.4,81,820,114,131,2.4,1,0,d,500,Light rain,r01d,10
2026/6/26 10:30,63.08,26.7,30,91,25.1,997,1.6,339,5.2,10,100,57.8,81.6,858,116,134,2.6,1,0,d,500,Light rain,r01d,10
2026/6/26 10:45,87.28,26.7,29.9,90,24.9,997,1.6,334,5.2,10,100,61.2,82.3,896,118,138,2.8,1,0,d,500,Light rain,r01d,10
2026/6/26 11:00,97.6,26.7,29.9,90,24.9,997,1.6,330,5.2,10,100,64.7,82.9,934,120,141,3,1,0,d,500,Light rain,r01d,11
2026/6/26 11:15,64.01,26.7,29.9,90,24.9,997,1.5,328,5,12,99,68.1,83.2,957,121,171,3.2,0.75,0,d,301,Drizzle,d02d,11
2026/6/26 11:30,71.22,26.7,29.9,90,24.9,997,1.4,325,4.8,12,98,71.6,83.4,980,122,202,3.4,0.5,0,d,301,Drizzle,d02d,11
2026/6/26 11:45,69.84,26.7,29.9,90,24.9,997,1.3,322,4.6,13,98,75,83.7,1003,123,205,3.6,0.5,0,d,301,Drizzle,d02d,11
2026/6/26 12:00,30.31,26.7,29.9,90,24.9,997,1.2,320,4.4,13,97,78.4,83.9,1025,124,238,3.8,0.5,0,d,301,Drizzle,d02d,12
2026/6/26 12:15,0,26.9,30.3,89,24.9,997,1.1,320,4.2,14,96,80.7,135.1,1031,125,146,3.9,0.5,0,d,301,Drizzle,d02d,12
2026/6/26 12:30,29.53,27.1,30.7,88,24.9,997,1,320,4,10,96,83,186.2,1037,125,147,4,0.5,0,d,301,Drizzle,d02d,12
2026/6/26 12:45,27.87,27.2,31,87,24.9,997,0.9,320,3.8,10,96,85.3,237.3,1043,125,148,4,0.25,0,d,804,Overcast clouds,c04d,12
2026/6/26 13:00,39.85,27.4,31.4,86,24.8,997,0.8,320,3.6,10,95,87.6,288.4,1049,125,178,4.1,0,0,d,804,Overcast clouds,c04d,13
2026/6/26 13:15,66.57,27.5,31.5,85,24.7,997,0.9,316,3.5,12,96,84.2,285.3,1037,125,148,4,0,0,d,804,Overcast clouds,c04d,13
2026/6/26 13:30,126.2,27.6,31.7,84,24.6,997,1,312,3.4,10,97,80.8,282.2,1026,124,239,3.8,0,0,d,804,Overcast clouds,c04d,13
2026/6/26 13:45,99.61,27.7,31.8,83,24.5,996,1.1,308,3.3,10,98,77.3,279.1,1014,124,209,3.7,0.25,0,d,804,Overcast clouds,c04d,13
2026/6/26 14:00,52.94,27.8,31.9,82,24.4,996,1.2,304,3.2,10,99,73.9,276,1003,123,178,3.5,0.5,0,d,301,Drizzle,d02d,14
2026/6/26 14:15,66.39,27.9,32.1,82,24.5,996,1.2,304,3.6,12,98,70.5,276.5,975,122,204,3.4,0.5,0,d,301,Drizzle,d02d,14
2026/6/26 14:30,69,28,32.1,81,24.4,996,1.2,303,4,12,97,67.1,276.9,946,121,228,3.3,0.5,0,d,301,Drizzle,d02d,14
2026/6/26 14:45,44.2,28,32.2,80,24.2,995,1.2,302,4.4,12,96,63.6,277.4,918,119,133,3.2,0.5,0,d,301,Drizzle,d02d,14
2026/6/26 15:00,3.98,28.1,32.4,80,24.3,995,1.2,302,4.8,12,95,60.2,277.8,890,118,153,3,0.5,0,d,301,Drizzle,d02d,15
2026/6/26 15:15,3.96,28,32.2,80,24.2,995,1.2,297,4.6,13,96,56.8,278.5,848,115,123,2.7,0.5,0,d,301,Drizzle,d02d,15
2026/6/26 15:30,3.96,28,32.1,81,24.4,995,1.2,292,4.4,10,97,53.3,279.2,806,113,204,2.5,0.5,0,d,301,Drizzle,d02d,15
2026/6/26 15:45,4.01,27.9,32.1,82,24.5,995,1.2,287,4.2,10,98,49.9,279.9,764,111,175,2.2,0.5,0,d,301,Drizzle,d02d,15
2026/6/26 16:00,4.04,27.8,31.9,82,24.4,995,1.2,282,4,12,99,46.5,280.6,722,108,147,1.9,0.5,0,d,301,Drizzle,d02d,16
2026/6/26 16:15,3.98,27.8,31.9,82,24.4,995,1.1,278,3.6,12,99,43.1,281.5,669,105,141,1.7,0.5,0,d,301,Drizzle,d02d,16
2026/6/26 16:30,3.95,27.8,32,83,24.6,995,1,274,3.2,10,99,39.7,282.3,617,102,135,1.5,0.5,0,d,301,Drizzle,d02d,16
2026/6/26 16:45,3.98,27.8,32.2,84,24.8,994,0.9,270,2.8,10,99,36.4,283.1,565,98,127,1.4,0.5,0,d,301,Drizzle,d02d,16
2026/6/26 17:00,3.93,27.8,32.2,84,24.8,994,0.8,266,2.4,10,99,33,284,513,95,121,1.2,0.5,0,d,301,Drizzle,d02d,17
2026/6/26 17:15,4,27.5,31.7,86,25,994,0.8,263,2.4,12,99,29.7,284.9,456,89,112,1.1,0.25,0,d,804,Overcast clouds,c04d,17
2026/6/26 17:30,3.96,27.3,31.2,88,25.1,994,0.8,260,2.4,13,100,26.3,285.9,399,84,92,0.9,0,0,d,804,Overcast clouds,c04d,17
2026/6/26 17:45,3.98,27,30.7,90,25.2,994,0.8,257,2.4,13,100,23,286.9,342,79,85,0.9,0,0,d,804,Overcast clouds,c04d,17
2026/6/26 18:00,4,26.7,30.1,92,25.3,994,0.8,254,2.4,13,100,19.7,287.9,285,74,79,0.8,0,0,d,804,Overcast clouds,c04d,18
2026/6/26 18:15,4.05,26.8,30.3,92,25.4,994,0.7,240,2.2,14,100,16.4,289,232,66,70,0.7,0,0,d,804,Overcast clouds,c04d,18
2026/6/26 18:30,4.05,26.9,30.4,91,25.3,994,0.6,225,2,10,100,13.2,290.2,179,57,60,0.7,0,0,d,804,Overcast clouds,c04d,18
2026/6/26 18:45,4.29,26.9,30.5,90,25.1,994,0.5,210,1.8,10,100,9.9,291.4,126,49,51,0.7,0,0,d,804,Overcast clouds,c04d,18
2026/6/26 19:00,3.85,27,30.7,90,25.2,994,0.4,196,1.6,10,100,6.7,292.5,72,40,41,0.6,0,0,d,804,Overcast clouds,c04d,19
2026/6/26 19:15,2.62,26.9,30.6,91,25.3,994,0.5,203,1.8,12,100,3.5,294,54,30,31,0.6,0,0,d,804,Overcast clouds,c04d,19
2026/6/26 19:30,1.32,26.9,30.5,92,25.4,995,0.6,210,2,13,100,0.4,295.4,36,20,20,0.6,0,0,d,804,Overcast clouds,c04n,19
2026/6/26 19:45,0.13,26.8,30.4,93,25.5,995,0.7,217,2.2,13,99,-2.7,296.8,18,10,11,0,0,0,d,804,Overcast clouds,c04n,19
2026/6/26 20:00,0.02,26.7,30.2,94,25.7,995,0.8,224,2.4,14,99,-5.9,298.3,0,0,0,0,0,0,n,804,Overcast clouds,c04n,20
2026/6/26 20:15,0,26.6,27.8,94,25.6,995,0.8,234,2.4,14,97,-8.8,300.1,0,0,0,0,0,0,n,804,Overcast clouds,c04n,20
2026/6/26 20:30,0,26.5,27.7,94,25.5,996,0.8,244,2.4,10,96,-11.7,301.9,0,0,0,0,0,0,n,804,Overcast clouds,c04n,20
2026/6/26 20:45,0,26.4,27.5,94,25.4,996,0.8,254,2.4,10,94,-14.7,303.8,0,0,0,0,0,0,n,804,Overcast clouds,c04n,20
2026/6/26 21:00,0,26.3,27.4,94,25.3,996,0.8,264,2.4,10,92,-17.6,305.6,0,0,0,0,0,0,n,804,Overcast clouds,c04n,21
2026/6/26 21:15,0,26.2,27.3,94,25.2,996,0.8,276,2.1,12,94,-20.3,308,0,0,0,0,0,0,n,804,Overcast clouds,c04n,21
2026/6/26 21:30,0,26.1,27.2,95,25.2,996,0.8,289,1.8,12,96,-22.9,310.4,0,0,0,0,0,0,n,804,Overcast clouds,c04n,21
2026/6/26 21:45,0,26,27.2,96,25.3,996,0.8,302,1.5,13,97,-25.5,312.8,0,0,0,0,0,0,n,804,Overcast clouds,c04n,21
2026/6/26 22:00,0,25.9,27.1,96,25.2,996,0.8,314,1.2,14,99,-28.2,315.2,0,0,0,0,0,0,n,804,Overcast clouds,c04n,22
2026/6/26 22:15,0,25.9,27.1,96,25.2,996,0.8,312,1.6,14,98,-30.3,318.4,0,0,0,0,0,0,n,804,Overcast clouds,c04n,22
2026/6/26 22:30,0,25.9,27.1,96,25.2,997,0.8,309,2,10,98,-32.5,321.6,0,0,0,0,0,0,n,804,Overcast clouds,c04n,22
2026/6/26 22:45,0,25.9,27.1,96,25.2,997,0.8,306,2.4,10,98,-34.7,324.8,0,0,0,0,0,0,n,804,Overcast clouds,c04n,22
2026/6/26 23:00,0,25.9,27.1,96,25.2,997,0.8,304,2.8,10,97,-36.8,327.9,0,0,0,0,0,0,n,804,Overcast clouds,c04n,23
2026/6/26 23:15,0.01,25.8,27,96,25.1,997,0.8,302,2.7,12,97,-38.2,332,0,0,0,0,0.25,0,n,804,Overcast clouds,c04n,23
2026/6/26 23:30,0.01,25.8,26.9,97,25.2,997,0.8,301,2.6,10,96,-39.6,336.1,0,0,0,0,0.5,0,n,301,Drizzle,d02n,23
2026/6/26 23:45,0.01,25.7,26.9,98,25.3,997,0.8,300,2.5,10,96,-41.1,340.2,0,0,0,0,0.25,0,n,741,Fog,a05n,23
2026/6/27 0:00,0.01,25.6,26.8,98,25.3,997,0.8,298,2.4,10,96,-42.5,344.3,0,0,0,0,0,0,n,741,Fog,a05n,0
2026/6/27 0:15,0,25.5,26.7,98,25.2,997,0.9,294,2.5,12,96,-42.9,259,0,0,0,0,0,0,n,741,Fog,a05n,0
2026/6/27 0:30,0.01,25.4,26.6,98,25.1,997,1,289,2.6,10,96,-43.2,173.7,0,0,0,0,0,0,n,741,Fog,a05n,0
2026/6/27 0:45,0,25.3,26.4,98,25,997,1.1,284,2.7,13,97,-43.6,88.4,0,0,0,0,0.5,0,n,231,Thunderstorm with drizzle,t04n,0
2026/6/27 1:00,0,25.2,26.3,98,24.9,997,1.2,280,2.8,14,97,-44,3.1,0,0,0,0,1,0,n,500,Light rain,r01n,1
2026/6/27 1:15,0,25.3,26.4,98,25,997,1.2,283,2.8,14,98,-43.3,7.7,0,0,0,0,1,0,n,200,Thunderstorm with light rain,t01n,1
2026/6/27 1:30,0,25.4,26.6,98,25.1,997,1.2,286,2.8,14,98,-42.5,12.2,0,0,0,0,1,0,n,200,Thunderstorm with light rain,t01n,1
2026/6/27 1:45,0.01,25.5,26.7,98,25.2,996,1.2,289,2.8,15,99,-41.8,16.8,0,0,0,0,0.75,0,n,231,Thunderstorm with drizzle,t04n,1
2026/6/27 2:00,0.01,25.6,26.8,98,25.3,996,1.2,292,2.8,16,100,-41.1,21.4,0,0,0,0,0.5,0,n,231,Thunderstorm with drizzle,t04n,2
2026/6/27 2:15,0,25.6,26.8,98,25.3,996,1.1,295,2.5,16,100,-39.4,25.2,0,0,0,0,0.5,0,n,231,Thunderstorm with drizzle,t04n,2
2026/6/27 2:30,0.01,25.6,26.8,98,25.3,996,1,298,2.2,5,100,-37.7,29,0,0,0,0,0.5,0,n,231,Thunderstorm with drizzle,t04n,2
2026/6/27 2:45,0.01,25.6,26.8,98,25.3,995,0.9,301,1.9,5,99,-36,32.8,0,0,0,0,0.5,0,n,301,Drizzle,d02n,2
2026/6/27 3:00,0,25.6,26.8,98,25.3,995,0.8,304,1.6,5,99,-34.3,36.6,0,0,0,0,0.5,0,n,301,Drizzle,d02n,3
2026/6/27 3:15,0.01,25.5,26.7,98,25.2,995,0.9,308,1.7,7,99,-32,39.5,0,0,0,0,0.5,0,n,301,Drizzle,d02n,3
2026/6/27 3:30,0,25.4,26.6,98,25.1,995,1,311,1.8,10,99,-29.6,42.4,0,0,0,0,0.5,0,n,301,Drizzle,d02n,3
2026/6/27 3:45,0.01,25.3,26.4,98,25,995,1.1,314,1.9,11,99,-27.3,45.3,0,0,0,0,0.25,0,n,741,Fog,a05n,3
2026/6/27 4:00,0,25.2,26.3,98,24.9,995,1.2,318,2,12,99,-24.9,48.2,0,0,0,0,0,0,n,741,Fog,a05n,4
2026/6/27 4:15,0,25.2,26.3,98,24.9,995,1.2,318,2.1,13,99,-22.2,50.4,0,0,0,0,0,0,n,741,Fog,a05n,4
2026/6/27 4:30,0,25.2,26.3,98,24.9,995,1.2,319,2.2,14,98,-19.4,52.6,0,0,0,0,0,0,n,741,Fog,a05n,4
2026/6/27 4:45,0.01,25.2,26.3,98,24.9,995,1.2,320,2.3,15,98,-16.7,54.8,0,0,0,0,0,0,n,741,Fog,a05n,4
2026/6/27 5:00,0.01,25.2,26.3,98,24.9,995,1.2,320,2.4,16,98,-13.9,57,0,0,0,0,0,0,n,741,Fog,a05n,5
2026/6/27 5:15,0.01,25.4,26.5,98,25,995,1.3,324,2.5,16,98,-10.9,58.7,0,0,0,0,0,0,n,741,Fog,a05n,5
2026/6/27 5:30,0,25.6,26.7,98,25.2,996,1.4,329,2.6,10,99,-7.9,60.4,0,0,0,0,0,0,n,741,Fog,a05n,5
2026/6/27 5:45,0,25.7,26.9,98,25.4,996,1.5,334,2.7,10,100,-4.9,62.1,0,0,0,0,0,0,n,741,Fog,a05n,5
2026/6/27 6:00,0.04,25.9,27.1,98,25.6,996,1.6,338,2.8,10,100,-1.9,63.7,0,0,0,0,0,0,n,741,Fog,a05n,6
2026/6/27 6:15,1.17,25.9,27.1,98,25.6,996,1.7,338,3,12,100,1.3,65.1,34,13,13,0.6,0,0,d,741,Fog,a05n,6
2026/6/27 6:30,2.13,25.9,27.1,98,25.6,996,1.8,337,3.2,10,100,4.5,66.4,68,27,28,0.6,0,0,d,741,Fog,a05d,6
2026/6/27 6:45,5.7,25.9,27.1,98,25.6,996,1.9,336,3.4,10,99,7.6,67.8,102,40,44,0.7,0,0,d,741,Fog,a05d,6
2026/6/27 7:00,12.79,25.9,27.1,98,25.6,996,2,336,3.6,10,99,10.8,69.1,136,54,60,0.7,0,0,d,741,Fog,a05d,7
2026/6/27 7:15,12.3,26.2,27.4,96,25.5,996,2,337,3.7,11,99,14.1,70.2,192,61,70,0.7,0,0,d,804,Overcast clouds,c04d,7
2026/6/27 7:30,22.8,26.5,27.6,95,25.6,996,2,338,3.8,11,100,17.4,71.3,248,68,72,0.7,0,0,d,804,Overcast clouds,c04d,7
2026/6/27 7:45,42.17,26.7,30.3,94,25.7,996,2,339,3.9,13,100,20.7,72.4,303,75,80,0.8,0,0,d,804,Overcast clouds,c04d,7
2026/6/27 8:00,57.53,27,30.9,92,25.6,996,2,340,4,14,100,23.9,73.5,359,82,88,0.9,0,0,d,804,Overcast clouds,c04d,8
2026/6/27 8:15,100.11,27.2,31.4,91,25.6,996,2,344,4.1,14,100,27.3,74.4,415,86,93,1,0,0,d,804,Overcast clouds,c04d,8
2026/6/27 8:30,107.37,27.4,31.9,90,25.6,996,2,348,4.2,10,100,30.6,75.4,471,91,99,1.1,0,0,d,804,Overcast clouds,c04d,8
2026/6/27 8:45,89.84,27.6,32.4,89,25.6,996,2,352,4.3,10,100,34,76.3,527,95,104,1.2,0,0,d,804,Overcast clouds,c04d,8
2026/6/27 9:00,81.93,27.8,32.8,88,25.6,996,2,356,4.4,10,100,37.3,77.2,583,100,110,1.4,0,0,d,804,Overcast clouds,c04d,9
2026/6/27 9:15,84.73,28.4,33.9,85,25.6,996,1.9,272,4.4,12,100,40.7,78,633,103,115,1.6,0,0,d,804,Overcast clouds,c04d,9
2026/6/27 9:30,106.27,28.9,34.9,82,25.5,997,1.8,188,4.4,13,100,44.1,78.8,682,106,119,1.8,0,0,d,804,Overcast clouds,c04d,9
2026/6/27 9:45,88.15,29.5,35.5,78,25.2,997,1.7,104,4.4,13,99,47.5,79.6,732,109,146,2,0,0,d,804,Overcast clouds,c04d,9
2026/6/27 10:00,45.93,30,36.3,75,25.1,997,1.6,20,4.4,14,99,50.9,80.4,781,112,152,2.2,0,0,d,804,Overcast clouds,c04d,10
2026/6/27 10:15,83.43,29.9,36,75,25,997,1.5,26,4.4,14,99,54.3,81,819,114,157,2.4,0,0,d,804,Overcast clouds,c04d,10
2026/6/27 10:30,84.26,29.8,35.5,74,24.7,997,1.4,32,4.4,10,100,57.8,81.7,857,116,136,2.6,0,0,d,804,Overcast clouds,c04d,10
2026/6/27 10:45,77.7,29.7,35.2,74,24.6,997,1.3,38,4.4,10,100,61.2,82.3,895,118,139,2.8,0,0,d,804,Overcast clouds,c04d,10
2026/6/27 11:00,147.3,29.6,35,74,24.5,997,1.2,44,4.4,10,100,64.6,83,933,120,143,3,0,0,d,804,Overcast clouds,c04d,11
2026/6/27 11:15,47.6,29.6,35,74,24.5,997,1.3,48,4.5,11,100,68.1,83.3,956,121,144,3.1,0,0,d,804,Overcast clouds,c04d,11
2026/6/27 11:30,3.91,29.6,35,74,24.5,997,1.4,53,4.6,10,100,71.5,83.6,979,122,146,3.3,0,0,d,804,Overcast clouds,c04d,11
2026/6/27 11:45,3.97,29.6,35,74,24.5,997,1.5,58,4.7,10,99,74.9,83.8,1002,123,178,3.5,0,0,d,804,Overcast clouds,c04d,11
2026/6/27 12:00,3.9,29.6,35,74,24.5,997,1.6,62,4.8,10,99,78.4,84.1,1025,124,180,3.6,0,0,d,804,Overcast clouds,c04d,12
2026/6/27 12:15,3.99,30,35.5,72,24.4,997,1.6,61,4.8,10,99,80.7,135.1,1031,125,182,3.7,0,0,d,804,Overcast clouds,c04d,12
2026/6/27 12:30,3.9,30.4,36.2,71,24.5,997,1.6,60,4.8,13,100,83,186,1037,125,151,3.7,0,0,d,804,Overcast clouds,c04d,12
2026/6/27 12:45,3.94,30.7,36.9,70,24.6,996,1.6,59,4.8,11,100,85.4,236.9,1043,125,150,3.7,0,0,d,804,Overcast clouds,c04d,12
2026/6/27 13:00,3.92,31.1,37.3,68,24.5,996,1.6,58,4.8,11,100,87.7,287.8,1049,125,151,3.7,0,0,d,804,Overcast clouds,c04d,13
2026/6/27 13:15,3.91,31.1,37.3,68,24.5,996,1.5,64,4.7,11,100,84.3,284.8,1038,125,151,3.7,0,0,d,804,Overcast clouds,c04d,13
2026/6/27 13:30,27.18,31.1,37.3,68,24.5,996,1.4,70,4.6,10,99,80.8,281.8,1026,124,180,3.7,0,0,d,804,Overcast clouds,c04d,13
2026/6/27 13:45,16.81,31.1,37.6,69,24.7,996,1.3,76,4.5,10,98,77.4,278.9,1014,124,208,3.7,0,0,d,804,Overcast clouds,c04d,13
2026/6/27 14:00,128.31,31.1,37.6,69,24.7,996,1.2,82,4.4,10,98,74,275.9,1003,123,207,3.6,0,0,d,804,Overcast clouds,c04d,14
2026/6/27 14:15,3.89,31.3,38.1,69,24.9,996,1.3,86,4.5,12,91,70.5,276.3,975,122,266,3.9,0,0,d,804,Overcast clouds,c04d,14
2026/6/27 14:30,3.96,31.5,38.3,68,24.9,996,1.4,89,4.6,12,84,67.1,276.8,947,121,406,4.2,0,0,d,804,Overcast clouds,c04d,14
2026/6/27 14:45,3.94,31.7,38.9,68,25.1,996,1.5,92,4.7,13,76,63.7,277.3,919,119,525,4.5,0,0,d,804,Overcast clouds,c04d,14
2026/6/27 15:00,3.98,31.9,39.4,68,25.2,995,1.6,96,4.8,14,69,60.2,277.8,891,118,596,4.6,0,0,d,803,Broken clouds,c03d,15
2026/6/27 15:15,3.96,31.8,39.5,69,25.4,995,1.5,98,4.7,14,66,56.8,278.5,849,115,598,4.4,0,0,d,803,Broken clouds,c03d,15
2026/6/27 15:30,3.92,31.7,39.5,70,25.5,995,1.4,101,4.6,10,64,53.4,279.2,806,113,585,4.1,0,0,d,803,Broken clouds,c03d,15
2026/6/27 15:45,20.77,31.6,39.3,70,25.5,995,1.3,104,4.5,10,62,50,279.9,764,111,570,3.9,0,0,d,803,Broken clouds,c03d,15
2026/6/27 16:00,20.9,31.5,39.3,71,25.6,994,1.2,106,4.4,10,59,46.6,280.6,722,109,558,3.6,0,0,d,803,Broken clouds,c03d,16
2026/6/27 16:15,118.28,31.5,39,70,25.4,994,1.1,106,4.2,12,58,43.2,281.4,670,105,524,3.3,0,0,d,803,Broken clouds,c03d,16
2026/6/27 16:30,64.88,31.5,39,70,25.4,994,1,106,4,10,57,39.8,282.2,618,102,489,3,0,0,d,803,Broken clouds,c03d,16
2026/6/27 16:45,28.26,31.5,39,70,25.4,994,0.9,106,3.8,10,56,36.4,283.1,566,98,452,2.7,0,0,d,803,Broken clouds,c03d,16
2026/6/27 17:00,3.96,31.5,38.6,69,25.1,994,0.8,106,3.6,10,55,33,283.9,513,95,414,2.4,0,0,d,803,Broken clouds,c03d,17
2026/6/27 17:15,4.01,31,37.7,70,24.9,994,0.8,99,3.5,12,57,29.7,284.9,456,89,361,2.1,0,0,d,803,Broken clouds,c03d,17
2026/6/27 17:30,3.93,30.6,37,72,24.9,994,0.8,92,3.4,12,59,26.4,285.9,399,84,310,1.8,0,0,d,803,Broken clouds,c03d,17
2026/6/27 17:45,4,30.1,36.2,74,24.9,994,0.8,85,3.3,13,61,23,286.8,343,79,260,1.6,0,0,d,803,Broken clouds,c03d,17
2026/6/27 18:00,3.95,29.6,35.2,75,24.7,994,0.8,78,3.2,14,63,19.7,287.8,286,74,212,1.4,0,0,d,803,Broken clouds,c03d,18
2026/6/27 18:15,3.91,29.6,35.2,75,24.7,994,0.7,70,2.7,14,67,16.5,289,232,66,161,1.2,0,0,d,803,Broken clouds,c03d,18
2026/6/27 18:30,3.89,29.6,35.2,75,24.7,994,0.6,62,2.2,15,72,13.2,290.1,179,57,113,1.1,0,0,d,804,Overcast clouds,c04d,18
2026/6/27 18:45,3.94,29.6,35.2,75,24.7,994,0.5,54,1.7,15,76,10,291.3,126,49,72,1,0,0,d,804,Overcast clouds,c04d,18
2026/6/27 19:00,3.92,29.6,35.2,75,24.7,994,0.4,46,1.2,16,80,6.7,292.5,73,40,76,0.9,0,0,d,804,Overcast clouds,c04d,19
2026/6/27 19:15,3.84,29.5,35.3,76,24.8,994,0.5,51,1.3,16,80,3.6,293.9,55,30,57,0.9,0,0,d,804,Overcast clouds,c04d,19
2026/6/27 19:30,1.11,29.5,35.3,77,25,994,0.6,56,1.4,16,80,0.4,295.4,36,20,38,0.9,0,0,d,804,Overcast clouds,c04n,19
2026/6/27 19:45,0.18,29.4,35.3,78,25.1,994,0.7,61,1.5,16,80,-2.7,296.8,18,10,19,0,0,0,d,804,Overcast clouds,c04n,19
2026/6/27 20:00,0,29.3,35.4,79,25.3,994,0.8,66,1.6,16,80,-5.8,298.2,0,0,0,0,0,0,n,804,Overcast clouds,c04n,20
2026/6/27 20:15,0,29.3,35.4,79,25.3,994,0.8,72,1.6,16,84,-8.8,300.1,0,0,0,0,0,0,n,804,Overcast clouds,c04n,20
2026/6/27 20:30,0,29.3,35.4,79,25.3,995,0.8,77,1.6,16,87,-11.7,301.9,0,0,0,0,0,0,n,804,Overcast clouds,c04n,20
2026/6/27 20:45,0,29.3,35.4,79,25.3,995,0.8,82,1.6,16,90,-14.6,303.7,0,0,0,0,0,0,n,804,Overcast clouds,c04n,20
2026/6/27 21:00,0.01,29.3,35.4,79,25.3,995,0.8,88,1.6,16,94,-17.6,305.5,0,0,0,0,0,0,n,804,Overcast clouds,c04n,21
2026/6/27 21:15,0.01,29,34.7,80,25.2,995,0.9,94,1.6,16,94,-20.2,307.9,0,0,0,0,0,0,n,804,Overcast clouds,c04n,21
2026/6/27 21:30,0.01,28.7,34.3,82,25.3,996,1,101,1.6,16,94,-22.9,310.3,0,0,0,0,0,0,n,804,Overcast clouds,c04n,21
2026/6/27 21:45,0.01,28.4,33.7,83,25.2,996,1.1,108,1.6,16,93,-25.5,312.7,0,0,0,0,0,0,n,804,Overcast clouds,c04n,21
2026/6/27 22:00,0.01,28.1,33,84,25.1,996,1.2,114,1.6,16,93,-28.2,315.1,0,0,0,0,0,0,n,804,Overcast clouds,c04n,22
2026/6/27 22:15,0.01,27.9,32.7,85,25.2,996,1.2,120,1.6,16,93,-30.3,318.3,0,0,0,0,0,0,n,804,Overcast clouds,c04n,22
2026/6/27 22:30,0,27.8,32.3,86,25.2,996,1.2,125,1.6,10,93,-32.5,321.5,0,0,0,0,0,0,n,804,Overcast clouds,c04n,22
2026/6/27 22:45,0.01,27.6,32,87,25.2,996,1.2,130,1.6,10,93,-34.7,324.7,0,0,0,0,0,0,n,804,Overcast clouds,c04n,22
2026/6/27 23:00,0.01,27.4,31.6,88,25.2,996,1.2,136,1.6,10,93,-36.8,327.9,0,0,0,0,0,0,n,804,Overcast clouds,c04n,23
2026/6/27 23:15,0.01,27.3,31.5,89,25.3,996,1.3,144,1.7,12,93,-38.2,331.9,0,0,0,0,0,0,n,804,Overcast clouds,c04n,23
2026/6/27 23:30,0.01,27.2,31.3,90,25.4,996,1.4,151,1.8,10,92,-39.7,336,0,0,0,0,0,0,n,804,Overcast clouds,c04n,23
2026/6/27 23:45,0.01,27.1,31.1,91,25.5,996,1.5,158,1.9,10,92,-41.1,340.1,0,0,0,0,0,0,n,804,Overcast clouds,c04n,23
2026/6/28 0:00,0,27,30.9,92,25.6,996,1.6,166,2,12,92,-42.5,344.2,0,0,0,0,0,0,n,804,Overcast clouds,c04n,0
2026/6/28 0:15,0.01,26.8,30.4,92,25.4,996,1.6,168,2,12,93,-42.9,258.9,0,0,0,0,0,0,n,804,Overcast clouds,c04n,0
2026/6/28 0:30,0.01,26.7,27.8,93,25.4,996,1.6,169,2,10,94,-43.3,173.6,0,0,0,0,0,0,n,804,Overcast clouds,c04n,0
2026/6/28 0:45,0.01,26.5,27.6,94,25.4,996,1.6,170,2,10,95,-43.7,88.3,0,0,0,0,0,0,n,804,Overcast clouds,c04n,0
2026/6/28 1:00,0.01,26.3,27.4,94,25.3,996,1.6,172,2,10,96,-44.1,3,0,0,0,0,0,0,n,804,Overcast clouds,c04n,1
2026/6/28 1:15,0,26.4,27.5,94,25.4,996,1.6,172,2.1,12,95,-43.3,7.6,0,0,0,0,0,0,n,804,Overcast clouds,c04n,1
2026/6/28 1:30,0.01,26.5,27.6,93,25.3,996,1.6,172,2.2,13,94,-42.6,12.2,0,0,0,0,0,0,n,804,Overcast clouds,c04n,1
2026/6/28 1:45,0.01,26.6,27.7,92,25.2,995,1.6,172,2.3,13,92,-41.8,16.8,0,0,0,0,0,0,n,804,Overcast clouds,c04n,1
2026/6/28 2:00,0.01,26.7,30.1,92,25.3,995,1.6,172,2.4,14,91,-41.1,21.4,0,0,0,0,0,0,n,804,Overcast clouds,c04n,2
2026/6/28 2:15,0,26.7,30.1,92,25.3,995,1.6,174,2.4,14,93,-39.4,25.2,0,0,0,0,0,0,n,804,Overcast clouds,c04n,2
2026/6/28 2:30,0.01,26.7,30.1,92,25.3,995,1.6,177,2.4,14,94,-37.7,29,0,0,0,0,0,0,n,804,Overcast clouds,c04n,2
2026/6/28 2:45,0.01,26.7,30.1,92,25.3,995,1.6,180,2.4,15,96,-36,32.8,0,0,0,0,0,0,n,804,Overcast clouds,c04n,2
2026/6/28 3:00,0,26.7,30.1,92,25.3,995,1.6,182,2.4,16,98,-34.4,36.6,0,0,0,0,0,0,n,804,Overcast clouds,c04n,3
2026/6/28 3:15,0,26.6,27.7,92,25.2,995,1.5,192,2.3,16,98,-32,39.5,0,0,0,0,0,0,n,804,Overcast clouds,c04n,3
2026/6/28 3:30,0.01,26.5,27.6,93,25.3,995,1.4,201,2.2,16,98,-29.7,42.4,0,0,0,0,0,0,n,804,Overcast clouds,c04n,3
2026/6/28 3:45,0,26.4,27.5,94,25.4,995,1.3,210,2.1,16,97,-27.3,45.3,0,0,0,0,0,0,n,804,Overcast clouds,c04n,3
2026/6/28 4:00,0,26.3,27.4,94,25.3,995,1.2,220,2,16,97,-25,48.2,0,0,0,0,0,0,n,804,Overcast clouds,c04n,4
2026/6/28 4:15,0.01,26.3,27.4,94,25.3,995,1.2,230,1.9,16,98,-22.2,50.4,0,0,0,0,0,0,n,804,Overcast clouds,c04n,4
2026/6/28 4:30,0,26.3,27.4,94,25.3,995,1.2,240,1.8,10,98,-19.5,52.6,0,0,0,0,0,0,n,804,Overcast clouds,c04n,4
2026/6/28 4:45,0,26.3,27.4,94,25.3,995,1.2,250,1.7,10,99,-16.7,54.8,0,0,0,0,0,0,n,804,Overcast clouds,c04n,4
2026/6/28 5:00,0,26.3,27.4,94,25.3,995,1.2,260,1.6,10,100,-14,57,0,0,0,0,0,0,n,804,Overcast clouds,c04n,5
2026/6/28 5:15,0.01,26.5,27.6,94,25.4,995,1.1,271,1.6,12,100,-11,58.7,0,0,0,0,0,0,n,804,Overcast clouds,c04n,5
2026/6/28 5:30,0,26.7,27.8,93,25.4,995,1,282,1.6,7,100,-8,60.4,0,0,0,0,0,0,n,804,Overcast clouds,c04n,5
2026/6/28 5:45,0.01,26.8,30.4,92,25.4,995,0.9,293,1.6,7,100,-4.9,62.1,0,0,0,0,0,0,n,804,Overcast clouds,c04n,5
2026/6/28 6:00,0.11,27,30.9,92,25.6,995,0.8,304,1.6,7,100,-1.9,63.8,0,0,0,0,0,0,n,804,Overcast clouds,c04n,6
2026/6/28 6:15,2.42,27.1,31.2,92,25.7,995,0.8,232,1.7,5,100,1.2,65.1,34,13,13,0.6,0,0,d,804,Overcast clouds,c04n,6
2026/6/28 6:30,7.48,27.2,31.6,92,25.8,995,0.8,160,1.8,6,100,4.4,66.4,68,27,28,0.6,0,0,d,804,Overcast clouds,c04d,6
2026/6/28 6:45,15.89,27.3,31.9,92,25.9,995,0.8,88,1.9,6,99,7.6,67.8,101,40,44,0.7,0,0,d,804,Overcast clouds,c04d,6
2026/6/28 7:00,19.2,27.4,32.2,92,26,995,0.8,16,2,8,99,10.8,69.1,135,53,58,0.7,0,0,d,804,Overcast clouds,c04d,7
2026/6/28 7:15,31.89,27.5,32.5,92,26.1,995,0.8,25,2,8,99,14,70.2,191,60,68,0.7,0,0,d,804,Overcast clouds,c04d,7
2026/6/28 7:30,45.21,27.6,32.7,91,26,996,0.8,34,2,5,98,17.3,71.3,247,67,85,0.8,0,0,d,804,Overcast clouds,c04d,7
2026/6/28 7:45,55.41,27.7,32.8,90,25.9,996,0.8,43,2,5,98,20.6,72.4,302,74,96,0.8,0,0,d,804,Overcast clouds,c04d,7
2026/6/28 8:00,57,27.8,33.1,90,26,996,0.8,52,2,5,98,23.9,73.5,358,82,109,0.9,0,0,d,804,Overcast clouds,c04d,8
2026/6/28 8:15,86.89,27.8,33.1,90,26,996,0.7,53,2.2,5,98,27.2,74.5,414,86,117,1,0,0,d,804,Overcast clouds,c04d,8
2026/6/28 8:30,75.2,27.8,33.1,90,26,996,0.6,54,2.4,5,98,30.6,75.4,470,91,126,1.1,0,0,d,804,Overcast clouds,c04d,8
2026/6/28 8:45,61.68,27.8,33.1,90,26,996,0.5,55,2.6,5,99,33.9,76.3,526,95,119,1.3,0,0,d,804,Overcast clouds,c04d,8
2026/6/28 9:00,84.18,27.8,33.1,90,26,996,0.4,56,2.8,5,99,37.3,77.3,583,100,127,1.4,0,0,d,804,Overcast clouds,c04d,9
2026/6/28 9:15,76.53,28.5,34.6,87,26.1,996,0.3,102,3,5,99,40.7,78.1,632,103,132,1.6,0,0,d,804,Overcast clouds,c04d,9
2026/6/28 9:30,163.88,29.1,35.9,84,26.1,996,0.2,149,3.2,5,99,44.1,78.9,682,106,138,1.8,0,0,d,804,Overcast clouds,c04d,9
2026/6/28 9:45,123.34,29.8,36.9,80,25.9,996,0.1,196,3.4,5,99,47.5,79.7,731,109,144,2,0,0,d,804,Overcast clouds,c04d,9
2026/6/28 10:00,118.75,30.4,38,77,25.9,996,0,242,3.6,5,99,50.9,80.5,781,112,149,2.2,0,0,d,804,Overcast clouds,c04d,10
2026/6/28 10:15,128.63,30.7,38.5,76,26,996,0.1,208,3.7,9,99,54.3,81.1,819,114,153,2.4,0,0,d,804,Overcast clouds,c04d,10
2026/6/28 10:30,18.87,31,38.7,74,25.8,996,0.2,173,3.8,10,100,57.7,81.8,857,116,132,2.6,0,0,d,804,Overcast clouds,c04d,10
2026/6/28 10:45,4,31.2,39.2,73,25.8,996,0.3,138,3.9,10,100,61.1,82.4,895,118,134,2.8,0,0,d,804,Overcast clouds,c04d,10
2026/6/28 11:00,22.79,31.5,39.6,72,25.8,996,0.4,104,4,8,100,64.6,83.1,933,120,137,3,0,0,d,804,Overcast clouds,c04d,11
2026/6/28 11:15,4.25,31.4,39.4,72,25.7,996,0.5,98,4,7,99,68,83.4,956,121,168,3.2,0,0,d,804,Overcast clouds,c04d,11
2026/6/28 11:30,67.49,31.3,39.1,72,25.6,996,0.6,92,4,10,98,71.5,83.7,979,122,199,3.4,0,0,d,804,Overcast clouds,c04d,11
2026/6/28 11:45,31.96,31.2,38.8,72,25.5,996,0.7,86,4,10,97,74.9,84,1002,123,232,3.7,0,0,d,804,Overcast clouds,c04d,11
2026/6/28 12:00,14.23,31.1,38.5,72,25.4,996,0.8,80,4,10,96,78.3,84.4,1025,124,144,3.9,0,0,d,804,Overcast clouds,c04d,12
2026/6/28 12:15,3.96,31.3,38.7,71,25.4,996,0.9,85,4,10,96,80.7,135,1031,125,145,3.9,0,0,d,804,Overcast clouds,c04d,12
2026/6/28 12:30,55.29,31.5,39,70,25.4,996,1,90,4,10,96,83,185.7,1037,125,146,4,0,0,d,804,Overcast clouds,c04d,12
2026/6/28 12:45,104.99,31.7,39.2,69,25.3,996,1.1,95,4,10,96,85.4,236.4,1043,125,147,4,0,0,d,804,Overcast clouds,c04d,12
2026/6/28 13:00,259.37,31.9,39.4,68,25.2,995,1.2,100,4,10,96,87.7,287.1,1049,125,148,4.1,0,0,d,804,Overcast clouds,c04d,13
2026/6/28 13:15,55.41,32,39.6,68,25.3,995,1.2,98,4.3,12,96,84.3,284.2,1038,125,146,4,0,0,d,804,Overcast clouds,c04d,13
2026/6/28 13:30,4,32.1,39.8,68,25.4,995,1.2,97,4.6,10,95,80.9,281.4,1026,124,172,4,0,0,d,804,Overcast clouds,c04d,13
2026/6/28 13:45,3.95,32.1,40,68,25.5,995,1.2,96,4.9,10,94,77.5,278.5,1015,124,197,4,0,0,d,804,Overcast clouds,c04d,13
2026/6/28 14:00,4.04,32.2,40.3,68,25.5,994,1.2,94,5.2,12,94,74,275.7,1003,123,194,3.9,0,0,d,804,Overcast clouds,c04d,14
2026/6/28 14:15,3.98,32.4,40.5,67,25.5,994,1.5,100,5.2,12,94,70.6,276.2,975,122,189,3.7,0,0,d,804,Overcast clouds,c04d,14
2026/6/28 14:30,3.98,32.6,40.7,66,25.4,994,1.8,105,5.2,13,94,67.1,276.7,947,121,184,3.5,0,0,d,804,Overcast clouds,c04d,14
2026/6/28 14:45,70.96,32.8,41.2,66,25.6,994,2.1,110,5.2,13,95,63.7,277.2,919,119,153,3.2,0,0,d,804,Overcast clouds,c04d,14
2026/6/28 15:00,35.84,33,41.4,65,25.5,994,2.4,116,5.2,14,95,60.3,277.7,891,118,149,3,0,0,d,804,Overcast clouds,c04d,15
2026/6/28 15:15,14.64,33.1,42,66,25.9,994,2.6,126,5.5,14,96,56.8,278.4,849,115,117,2.7,0,0,d,804,Overcast clouds,c04d,15
2026/6/28 15:30,4.01,33.2,42.2,66,25.9,994,2.8,135,5.8,10,96,53.4,279.1,807,113,111,2.5,0,0,d,804,Overcast clouds,c04d,15
2026/6/28 15:45,4.02,33.2,42.5,66,26,994,3,144,6.1,10,97,50,279.8,765,111,192,2.2,0,0,d,804,Overcast clouds,c04d,15
2026/6/28 16:00,4.06,33.3,43.1,67,26.3,994,3.2,154,6.4,10,98,46.6,280.5,723,109,163,2,0,0,d,804,Overcast clouds,c04d,16
2026/6/28 16:15,4.02,33.2,42.9,67,26.3,994,3.2,157,6.6,12,98,43.2,281.3,670,105,155,1.8,0,0,d,804,Overcast clouds,c04d,16
2026/6/28 16:30,4.01,33.2,43.1,68,26.4,993,3.2,160,6.8,10,98,39.8,282.2,618,102,148,1.6,0,0,d,804,Overcast clouds,c04d,16
2026/6/28 16:45,3.98,33.1,42.9,68,26.4,993,3.2,163,7,10,99,36.4,283,566,98,123,1.4,0.25,0,d,804,Overcast clouds,c04d,16
2026/6/28 17:00,4.03,33,42.6,68,26.3,992,3.2,166,7.2,12,99,33.1,283.8,514,95,118,1.2,0.5,0,d,301,Drizzle,d02d,17
2026/6/28 17:15,3.97,32.1,41.4,72,26.4,993,2.9,166,6.6,12,98,29.7,284.8,457,90,124,1.1,0.5,0,d,301,Drizzle,d02d,17
2026/6/28 17:30,4.01,31.2,40,76,26.4,993,2.6,167,6,13,98,26.4,285.8,400,84,113,1,0.5,0,d,301,Drizzle,d02d,17
2026/6/28 17:45,3.95,30.2,38.4,80,26.4,993,2.3,168,5.4,13,98,23.1,286.8,343,79,104,0.9,0.75,0,d,301,Drizzle,d02d,17
2026/6/28 18:00,4,29.3,36.6,84,26.3,993,2,168,4.8,14,97,19.7,287.8,286,74,103,0.8,1,0,d,500,Light rain,r01d,18
2026/6/28 18:15,4,29.3,36.6,84,26.3,993,1.9,162,4.4,14,98,16.5,288.9,233,66,83,0.8,1,0,d,500,Light rain,r01d,18
2026/6/28 18:30,3.96,29.3,36.6,84,26.3,994,1.8,155,4,10,98,13.2,290.1,180,57,70,0.7,1,0,d,500,Light rain,r01d,18
2026/6/28 18:45,3.91,29.3,36.6,84,26.3,994,1.7,148,3.6,10,99,10,291.2,126,49,54,0.7,1,0,d,500,Light rain,r01d,18
2026/6/28 19:00,4.3,29.3,36.6,84,26.3,994,1.6,142,3.2,10,100,6.7,292.4,73,40,40,0.6,1,0,d,500,Light rain,r01d,19
2026/6/28 19:15,3.09,29.3,36.6,84,26.3,994,1.6,138,3.1,12,100,3.6,293.8,55,30,30,0.6,1,0,d,500,Light rain,r01d,19
2026/6/28 19:30,0.6,29.3,36.6,84,26.3,995,1.6,133,3,10,100,0.5,295.3,37,20,20,0.6,1,0,d,500,Light rain,r01n,19
2026/6/28 19:45,0.04,29.3,36.6,84,26.3,995,1.6,128,2.9,10,100,-2.7,296.7,18,10,10,0,1,0,d,500,Light rain,r01n,19
2026/6/28 20:00,0,29.3,36.6,84,26.3,995,1.6,124,2.8,10,100,-5.8,298.2,0,0,0,0,1,0,n,500,Light rain,r01n,20
2026/6/28 20:15,0,29.3,36.6,84,26.3,995,1.7,126,2.6,12,100,-8.7,300,0,0,0,0,0.75,0,n,301,Drizzle,d02n,20
2026/6/28 20:30,0,29.3,36.6,84,26.3,995,1.8,129,2.4,13,100,-11.7,301.8,0,0,0,0,0.5,0,n,301,Drizzle,d02n,20
2026/6/28 20:45,0,29.3,36.6,84,26.3,995,1.9,132,2.2,13,100,-14.6,303.6,0,0,0,0,0.5,0,n,301,Drizzle,d02n,20
2026/6/28 21:00,0,29.3,36.6,84,26.3,995,2,134,2,13,100,-17.6,305.5,0,0,0,0,0.5,0,n,301,Drizzle,d02n,21
2026/6/28 21:15,0,29.2,36.5,85,26.4,995,1.8,128,2.2,14,100,-20.2,307.9,0,0,0,0,0.5,0,n,301,Drizzle,d02n,21
2026/6/28 21:30,0,29.1,36.4,86,26.5,995,1.6,121,2.4,10,100,-22.9,310.3,0,0,0,0,0.5,0,n,301,Drizzle,d02n,21
2026/6/28 21:45,0,29,36.3,87,26.6,995,1.4,114,2.6,10,100,-25.5,312.7,0,0,0,0,0.5,0,n,301,Drizzle,d02n,21
2026/6/28 22:00,0,28.9,36.3,88,26.7,995,1.2,108,2.8,10,100,-28.2,315.1,0,0,0,0,0.5,0,n,301,Drizzle,d02n,22
2026/6/28 22:15,0,28.6,35.8,90,26.8,995,1.3,106,3,12,100,-30.3,318.2,0,0,0,0,0.5,0,n,301,Drizzle,d02n,22
2026/6/28 22:30,0,28.4,35.1,91,26.7,996,1.4,103,3.2,13,100,-32.5,321.4,0,0,0,0,0.5,0,n,301,Drizzle,d02n,22
2026/6/28 22:45,0,28.1,34.4,92,26.6,996,1.5,100,3.4,13,100,-34.7,324.6,0,0,0,0,0.5,0,n,301,Drizzle,d02n,22
2026/6/28 23:00,0,27.8,33.8,94,26.7,996,1.6,98,3.6,14,100,-36.9,327.8,0,0,0,0,0.5,0,n,301,Drizzle,d02n,23
2026/6/28 23:15,0,27.8,33.8,94,26.7,996,1.6,101,3.7,14,100,-38.3,331.9,0,0,0,0,0.5,0,n,301,Drizzle,d02n,23
2026/6/28 23:30,0,27.8,33.8,94,26.7,996,1.6,104,3.8,15,100,-39.7,336,0,0,0,0,0.5,0,n,301,Drizzle,d02n,23
2026/6/28 23:45,0,27.8,33.8,94,26.7,996,1.6,107,3.9,15,100,-41.1,340,0,0,0,0,0.25,0,n,804,Overcast clouds,c04n,23
2026/6/29 0:00,0,27.8,33.8,94,26.7,996,1.6,110,4,15,100,-42.5,344.1,0,0,0,0,0,0,n,804,Overcast clouds,c04n,0
2026/6/29 0:15,0,27.7,33.4,94,26.6,996,1.6,110,3.9,16,100,-42.9,258.8,0,0,0,0,0.5,0,n,301,Drizzle,d02n,0
2026/6/29 0:30,0,27.6,33.1,94,26.5,996,1.6,109,3.8,10,100,-43.3,173.6,0,0,0,0,1,0,n,500,Light rain,r01n,0
2026/6/29 0:45,0,27.5,32.8,94,26.4,996,1.6,108,3.7,10,100,-43.7,88.3,0,0,0,0,0.75,0,n,301,Drizzle,d02n,0
2026/6/29 1:00,0,27.4,32.4,94,26.3,996,1.6,108,3.6,12,100,-44.1,3,0,0,0,0,0.5,0,n,301,Drizzle,d02n,1
2026/6/29 1:15,0,27.3,32.1,94,26.2,996,1.6,108,3.6,12,100,-43.4,7.6,0,0,0,0,0.75,0,n,301,Drizzle,d02n,1
2026/6/29 1:30,0,27.2,31.8,94,26.1,996,1.6,108,3.6,13,100,-42.6,12.2,0,0,0,0,1,0,n,500,Light rain,r01n,1
2026/6/29 1:45,0,27.1,31.5,94,26,995,1.6,108,3.6,13,100,-41.9,16.7,0,0,0,0,0.5,0,n,301,Drizzle,d02n,1
2026/6/29 2:00,0,27,31.2,94,25.9,995,1.6,108,3.6,14,100,-41.2,21.3,0,0,0,0,0,0,n,804,Overcast clouds,c04n,2
2026/6/29 2:15,0,27,31.2,94,25.9,995,1.5,106,3.5,14,100,-39.5,25.1,0,0,0,0,0,0,n,804,Overcast clouds,c04n,2
2026/6/29 2:30,0.01,27,31.2,94,25.9,995,1.4,104,3.4,14,100,-37.8,28.9,0,0,0,0,0,0,n,804,Overcast clouds,c04n,2
2026/6/29 2:45,0,27,31.2,94,25.9,995,1.3,102,3.3,15,100,-36.1,32.8,0,0,0,0,0,0,n,804,Overcast clouds,c04n,2
2026/6/29 3:00,0,27,31.2,94,25.9,995,1.2,100,3.2,16,100,-34.4,36.6,0,0,0,0,0,0,n,804,Overcast clouds,c04n,3
2026/6/29 3:15,0.01,26.9,30.9,94,25.9,995,1.4,102,3.4,16,100,-32.1,39.5,0,0,0,0,0,0,n,804,Overcast clouds,c04n,3
2026/6/29 3:30,0,26.9,30.7,94,25.8,995,1.6,104,3.6,16,100,-29.7,42.4,0,0,0,0,0,0,n,804,Overcast clouds,c04n,3
2026/6/29 3:45,0.01,26.8,30.5,94,25.7,994,1.8,106,3.8,16,100,-27.4,45.3,0,0,0,0,0,0,n,804,Overcast clouds,c04n,3
2026/6/29 4:00,0.01,26.7,30.2,94,25.7,994,2,108,4,16,100,-25.1,48.2,0,0,0,0,0,0,n,804,Overcast clouds,c04n,4
2026/6/29 4:15,0.01,26.6,27.8,94,25.6,994,2.2,108,4.3,16,100,-22.3,50.4,0,0,0,0,0,0,n,804,Overcast clouds,c04n,4
2026/6/29 4:30,0.01,26.5,27.7,95,25.6,995,2.4,109,4.6,16,100,-19.6,52.6,0,0,0,0,0,0,n,804,Overcast clouds,c04n,4
2026/6/29 4:45,0,26.4,27.6,96,25.7,995,2.6,110,4.9,16,100,-16.8,54.8,0,0,0,0,0,0,n,804,Overcast clouds,c04n,4
2026/6/29 5:00,0.01,26.3,27.5,96,25.6,995,2.8,110,5.2,16,100,-14,57,0,0,0,0,0,0,n,804,Overcast clouds,c04n,5
2026/6/29 5:15,0.01,26.3,27.5,96,25.6,995,2.7,108,5.1,16,100,-11,58.7,0,0,0,0,0,0,n,804,Overcast clouds,c04n,5
2026/6/29 5:30,0,26.3,27.5,97,25.8,995,2.6,105,5,16,100,-8,60.4,0,0,0,0,0,0,n,741,Fog,a05n,5
2026/6/29 5:45,0.01,26.3,27.5,98,26,995,2.5,102,4.9,16,100,-5,62.1,0,0,0,0,0,0,n,741,Fog,a05n,5
2026/6/29 6:00,0.02,26.3,27.5,98,26,995,2.4,100,4.8,16,100,-2,63.8,0,0,0,0,0,0,n,741,Fog,a05n,6
2026/6/29 6:15,0.52,26.3,27.5,98,26,995,2.3,104,4.7,16,100,1.2,65.1,34,13,13,0.6,0,0,d,741,Fog,a05n,6
2026/6/29 6:30,1.24,26.3,27.5,98,26,995,2.2,107,4.6,16,100,4.4,66.5,67,27,28,0.6,0,0,d,741,Fog,a05d,6
2026/6/29 6:45,4.44,26.3,27.5,98,26,995,2.1,110,4.5,16,100,7.5,67.8,101,40,41,0.6,0,0,d,741,Fog,a05d,6
2026/6/29 7:00,5.17,26.3,27.5,98,26,995,2,114,4.4,16,100,10.7,69.2,134,53,54,0.7,0,0,d,741,Fog,a05d,7
2026/6/29 7:15,6.46,26.3,27.5,98,26,995,2,114,4.3,16,99,14,70.3,190,60,68,0.7,0.25,0,d,741,Fog,a05d,7
2026/6/29 7:30,12.48,26.3,27.5,97,25.8,996,2,115,4.2,16,98,17.3,71.4,246,67,85,0.8,0.5,0,d,301,Drizzle,d02d,7
2026/6/29 7:45,25.5,26.3,27.5,96,25.6,996,2,116,4.1,16,97,20.5,72.5,301,74,105,0.8,1,0,d,500,Light rain,r01d,7
2026/6/29 8:00,38.22,26.3,27.5,96,25.6,996,2,116,4,16,96,23.8,73.6,357,81,116,1,1.5,0,d,500,Light rain,r01d,8
2026/6/29 8:15,91.93,26.3,27.5,96,25.6,996,2.3,120,4.3,16,96,27.2,74.5,413,86,124,1.1,2,0,d,500,Light rain,r01d,8
2026/6/29 8:30,61.99,26.3,27.5,95,25.4,996,2.6,124,4.6,10,97,30.5,75.4,469,90,118,1.2,2.5,0,d,500,Light rain,r01d,8
2026/6/29 8:45,49.35,26.3,27.4,94,25.3,996,2.9,128,4.9,10,98,33.9,76.4,525,95,120,1.3,1.75,0,d,500,Light rain,r01d,8
2026/6/29 9:00,2.56,26.3,27.4,94,25.3,996,3.2,132,5.2,12,98,37.2,77.3,582,100,146,1.5,1,0,d,500,Light rain,r01d,9
2026/6/29 9:15,55.89,26.9,30.5,92,25.4,996,3.1,133,5.5,12,98,40.6,78.1,631,103,153,1.6,0.75,0,d,301,Drizzle,d02d,9
2026/6/29 9:30,52.85,27.4,31.9,90,25.6,997,3,134,5.8,13,98,44,78.9,681,106,159,1.8,0.5,0,d,301,Drizzle,d02d,9
2026/6/29 9:45,51.83,28,33.2,88,25.8,997,2.9,135,6.1,13,97,47.4,79.7,730,109,187,2.1,0.5,0,d,301,Drizzle,d02d,9
2026/6/29 10:00,82.76,28.5,34.5,86,25.9,997,2.8,136,6.4,14,97,50.8,80.5,780,112,194,2.3,0.5,0,d,301,Drizzle,d02d,10
2026/6/29 10:15,123.08,28.6,34.9,86,26,997,2.8,134,6.2,14,97,54.2,81.2,818,114,200,2.5,0.25,0,d,804,Overcast clouds,c04d,10
2026/6/29 10:30,123.56,28.7,35.2,86,26.1,997,2.8,133,6,15,98,57.7,81.9,856,116,181,2.7,0,0,d,804,Overcast clouds,c04d,10
2026/6/29 10:45,124.15,28.8,35.5,86,26.2,996,2.8,132,5.8,15,98,61.1,82.5,894,118,186,2.9,0,0,d,804,Overcast clouds,c04d,10
2026/6/29 11:00,124.15,28.9,35.8,86,26.3,996,2.8,130,5.6,15,98,64.5,83.2,932,120,190,3.1,0,0,d,804,Overcast clouds,c04d,11
2026/6/29 11:15,124.15,29,36.1,86,26.4,996,2.7,131,5.6,16,98,68,83.6,955,121,193,3.3,0,0,d,804,Overcast clouds,c04d,11
2026/6/29 11:30,124.15,29.1,36.7,87,26.7,996,2.6,132,5.6,16,98,71.4,83.9,978,122,194,3.4,0,0,d,804,Overcast clouds,c04d,11
2026/6/29 11:45,0,29.2,37.3,88,27,996,2.5,133,5.6,16,98,74.8,84.3,1002,123,195,3.6,0,0,d,804,Overcast clouds,c04d,11
2026/6/29 12:00,0,29.3,37.6,88,27.1,996,2.4,134,5.6,16,98,78.3,84.6,1025,124,197,3.7,0,0,d,804,Overcast clouds,c04d,12
2026/6/29 12:15,0,29.7,38.2,86,27.1,996,2.5,137,5.9,16,98,80.7,135,1031,125,199,3.8,0,0,d,804,Overcast clouds,c04d,12
2026/6/29 12:30,0,30,38.8,84,27,996,2.6,140,6.2,16,99,83,185.3,1037,125,169,3.7,0,0,d,804,Overcast clouds,c04d,12
2026/6/29 12:45,0,30.4,39.7,83,27.1,995,2.7,143,6.5,16,100,85.4,235.7,1043,125,137,3.7,0,0,d,804,Overcast clouds,c04d,12
2026/6/29 13:00,0,30.7,40.2,81,27.1,995,2.8,146,6.8,16,100,87.8,286.1,1049,125,138,3.7,0,0,d,804,Overcast clouds,c04d,13
2026/6/29 13:15,0,30.6,40,81,27,995,3,151,6.9,16,100,84.4,283.4,1038,125,138,3.7,0,0,d,804,Overcast clouds,c04d,13
2026/6/29 13:30,0,30.6,39.7,81,26.9,995,3.2,156,7,16,100,80.9,280.8,1026,124,137,3.6,0,0,d,804,Overcast clouds,c04d,13
2026/6/29 13:45,0,30.5,39.5,81,26.8,995,3.4,161,7.1,16,100,77.5,278.1,1015,124,138,3.5,0,0,d,804,Overcast clouds,c04d,13
2026/6/29 14:00,0,30.4,39.2,81,26.8,995,3.6,166,7.2,16,100,74.1,275.5,1003,123,137,3.4,0,0,d,804,Overcast clouds,c04d,14
2026/6/29 14:15,0,30.1,38.3,81,26.5,995,3.4,168,6.9,16,100,70.6,276,975,122,137,3.3,0,0,d,804,Overcast clouds,c04d,14
2026/6/29 14:30,0,29.9,37.8,82,26.4,995,3.2,171,6.6,16,100,67.2,276.5,947,121,135,3.1,0,0,d,804,Overcast clouds,c04d,14
2026/6/29 14:45,0,29.6,36.9,82,26.2,995,3,174,6.3,16,100,63.7,277,919,119,134,2.9,0,0,d,804,Overcast clouds,c04d,14
2026/6/29 15:00,0,29.3,36.1,82,25.9,995,2.8,176,6,16,100,60.3,277.5,891,118,134,2.7,0,0,d,804,Overcast clouds,c04d,15
2026/6/29 15:15,0,29.2,35.8,82,25.8,995,2.8,172,5.9,16,100,56.9,278.2,849,115,130,2.5,0.25,0,d,804,Overcast clouds,c04d,15
2026/6/29 15:30,0,29.1,35.7,83,25.9,995,2.8,168,5.8,16,100,53.5,279,807,113,127,2.3,0.5,0,d,301,Drizzle,d02d,15
2026/6/29 15:45,0,29,35.6,84,26,994,2.8,164,5.7,16,99,50,279.7,765,111,147,2.1,0.25,0,d,804,Overcast clouds,c04d,15
2026/6/29 16:00,0,28.9,35.3,84,25.9,994,2.8,160,5.6,16,99,46.6,280.4,723,109,143,2,0,0,d,804,Overcast clouds,c04d,16
2026/6/29 16:15,0,28.8,35.3,85,26,994,3,158,5.8,16,99,43.2,281.2,671,105,136,1.7,0,0,d,804,Overcast clouds,c04d,16
2026/6/29 16:30,0,28.7,35.2,86,26.1,994,3.2,157,6,16,100,39.9,282.1,619,102,112,1.5,0,0,d,804,Overcast clouds,c04d,16
2026/6/29 16:45,0,28.6,35.1,87,26.2,993,3.4,156,6.2,16,100,36.5,282.9,567,98,106,1.4,0,0,d,804,Overcast clouds,c04d,16
2026/6/29 17:00,0,28.5,35,88,26.3,993,3.6,154,6.4,16,100,33.1,283.8,514,95,102,1.2,0,0,d,804,Overcast clouds,c04d,17
2026/6/29 17:15,0,28.3,34.6,89,26.3,993,3.4,148,6.2,16,100,29.8,284.7,457,90,96,1.1,0.5,0,d,301,Drizzle,d02d,17
2026/6/29 17:30,0,28.2,34.2,90,26.4,994,3.2,142,6,10,100,26.4,285.7,400,84,89,0.9,1,0,d,500,Light rain,r01d,17
2026/6/29 17:45,0,28,33.8,91,26.4,994,3,136,5.8,10,100,23.1,286.7,344,79,83,0.9,1,0,d,500,Light rain,r01d,17
2026/6/29 18:00,0,27.8,33.4,92,26.4,994,2.8,130,5.6,12,100,19.8,287.7,287,74,77,0.8,1,0,d,500,Light rain,r01d,18
2026/6/29 18:15,0,27.8,33.4,92,26.4,994,2.9,130,5.6,12,100,16.5,288.8,233,66,69,0.7,0.5,0,d,301,Drizzle,d02d,18
2026/6/29 18:30,0,27.8,33.4,92,26.4,994,3,130,5.6,13,100,13.3,290,180,57,59,0.7,0,0,d,804,Overcast clouds,c04d,18
2026/6/29 18:45,0,27.8,33.4,92,26.4,994,3.1,130,5.6,13,100,10,291.2,127,49,50,0.7,0,0,d,804,Overcast clouds,c04d,18
2026/6/29 19:00,0,27.8,33.4,92,26.4,994,3.2,130,5.6,14,100,6.7,292.4,74,40,40,0.6,0,0,d,804,Overcast clouds,c04d,19
2026/6/29 19:15,0,27.8,33.4,92,26.4,994,3.2,131,5.5,14,100,3.6,293.8,55,30,30,0.6,0,0,d,804,Overcast clouds,c04d,19
2026/6/29 19:30,0,27.8,33.4,92,26.4,995,3.2,132,5.4,10,100,0.5,295.2,37,20,20,0.6,0,0,d,804,Overcast clouds,c04n,19
2026/6/29 19:45,0,27.8,33.4,92,26.4,995,3.2,133,5.3,10,100,-2.7,296.7,18,10,10,0,0,0,d,804,Overcast clouds,c04n,19
2026/6/29 20:00,0,27.8,33.4,92,26.4,995,3.2,134,5.2,10,100,-5.8,298.1,0,0,0,0,0,0,n,804,Overcast clouds,c04n,20
2026/6/29 20:15,0,27.8,33.4,92,26.4,995,3.3,134,5.4,10,100,-8.7,299.9,0,0,0,0,0,0,n,804,Overcast clouds,c04n,20
2026/6/29 20:30,0,27.8,33.4,92,26.4,996,3.4,133,5.6,10,100,-11.7,301.7,0,0,0,0,0,0,n,804,Overcast clouds,c04n,20
2026/6/29 20:45,0,27.8,33.4,92,26.4,996,3.5,132,5.8,10,100,-14.6,303.6,0,0,0,0,0,0,n,804,Overcast clouds,c04n,20
2026/6/29 21:00,0,27.8,33.4,92,26.4,996,3.6,132,6,10,100,-17.6,305.4,0,0,0,0,0,0,n,804,Overcast clouds,c04n,21
2026/6/29 21:15,0,27.8,33.4,92,26.4,996,3.6,131,6.1,12,100,-20.2,307.8,0,0,0,0,0,0,n,804,Overcast clouds,c04n,21
2026/6/29 21:30,0,27.8,33.4,92,26.4,996,3.6,130,6.2,13,100,-22.9,310.2,0,0,0,0,0,0,n,804,Overcast clouds,c04n,21
2026/6/29 21:45,0,27.8,33.4,92,26.4,996,3.6,129,6.3,13,100,-25.5,312.6,0,0,0,0,0,0,n,804,Overcast clouds,c04n,21
2026/6/29 22:00,0,27.8,33.4,92,26.4,996,3.6,128,6.4,13,100,-28.2,315,0,0,0,0,0,0,n,804,Overcast clouds,c04n,22
2026/6/29 22:15,0,27.7,33.1,92,26.3,996,3.6,129,6.4,14,100,-30.4,318.2,0,0,0,0,0,0,n,804,Overcast clouds,c04n,22
2026/6/29 22:30,0,27.6,32.8,92,26.2,997,3.6,130,6.4,14,100,-32.5,321.3,0,0,0,0,0,0,n,804,Overcast clouds,c04n,22
2026/6/29 22:45,0,27.5,32.5,92,26.1,997,3.6,131,6.4,15,100,-34.7,324.5,0,0,0,0,0,0,n,804,Overcast clouds,c04n,22
2026/6/29 23:00,0,27.4,32.2,92,26,997,3.6,132,6.4,16,100,-36.9,327.7,0,0,0,0,0,0,n,804,Overcast clouds,c04n,23
2026/6/29 23:15,0,27.4,32.2,92,26,997,3.6,132,6.4,16,100,-38.3,331.8,0,0,0,0,0,0,n,804,Overcast clouds,c04n,23
2026/6/29 23:30,0,27.4,32.2,92,26,997,3.6,133,6.4,10,100,-39.7,335.9,0,0,0,0,0,0,n,804,Overcast clouds,c04n,23
2026/6/29 23:45,0,27.4,32.2,92,26,997,3.6,134,6.4,10,100,-41.2,340,0,0,0,0,0,0,n,804,Overcast clouds,c04n,23
2026/6/30 0:00,0,27.4,32.2,92,26,997,3.6,134,6.4,10,100,-42.6,344,0,0,0,0,0,0,n,804,Overcast clouds,c04n,0
2026/6/30 0:15,0,27.3,31.9,92,25.9,997,3.6,136,6.4,12,100,-43,258.8,0,0,0,0,0,0,n,804,Overcast clouds,c04n,0
2026/6/30 0:30,0,27.2,31.7,93,26,997,3.6,138,6.4,10,100,-43.4,173.5,0,0,0,0,0,0,n,804,Overcast clouds,c04n,0
2026/6/30 0:45,0,27.1,31.5,94,26,997,3.6,140,6.4,10,100,-43.8,88.2,0,0,0,0,0,0,n,804,Overcast clouds,c04n,0
2026/6/30 1:00,0,27,31.2,94,25.9,997,3.6,142,6.4,10,100,-44.2,2.9,0,0,0,0,0,0,n,804,Overcast clouds,c04n,1
2026/6/30 1:15,0,26.9,30.9,94,25.9,997,3.5,142,6.4,12,100,-43.4,7.5,0,0,0,0,0,0,n,804,Overcast clouds,c04n,1
2026/6/30 1:30,0,26.9,30.8,95,26,997,3.4,142,6.4,10,100,-42.7,12.1,0,0,0,0,0,0,n,804,Overcast clouds,c04n,1
2026/6/30 1:45,0,26.8,30.7,96,26.1,997,3.3,142,6.4,10,100,-42,16.7,0,0,0,0,0,0,n,804,Overcast clouds,c04n,1
2026/6/30 2:00,0,26.7,30.4,96,26,997,3.2,142,6.4,12,100,-41.2,21.3,0,0,0,0,0,0,n,804,Overcast clouds,c04n,2
2026/6/30 2:15,0,26.8,30.6,95,25.9,997,3.2,142,6.4,12,100,-39.6,25.1,0,0,0,0,0,0,n,804,Overcast clouds,c04n,2
2026/6/30 2:30,0,26.9,30.7,94,25.8,997,3.2,142,6.4,10,100,-37.9,28.9,0,0,0,0,0,0,n,804,Overcast clouds,c04n,2
2026/6/30 2:45,0,26.9,30.8,93,25.7,996,3.2,142,6.4,10,100,-36.2,32.7,0,0,0,0,0,0,n,804,Overcast clouds,c04n,2
2026/6/30 3:00,0,27,30.9,92,25.6,996,3.2,142,6.4,10,100,-34.5,36.6,0,0,0,0,0,0,n,804,Overcast clouds,c04n,3
2026/6/30 3:15,0,26.9,30.7,92,25.5,996,3.2,141,6.3,12,100,-32.2,39.5,0,0,0,0,0,0,n,804,Overcast clouds,c04n,3
2026/6/30 3:30,0,26.9,30.6,93,25.6,996,3.2,140,6.2,10,100,-29.8,42.4,0,0,0,0,0,0,n,804,Overcast clouds,c04n,3
2026/6/30 3:45,0,26.8,30.5,94,25.7,996,3.2,139,6.1,10,100,-27.5,45.3,0,0,0,0,0,0,n,804,Overcast clouds,c04n,3
2026/6/30 4:00,0,26.7,30.2,94,25.7,996,3.2,138,6,10,100,-25.1,48.2,0,0,0,0,0,0,n,804,Overcast clouds,c04n,4
2026/6/30 4:15,0,26.7,30.2,94,25.7,996,3.2,136,6.1,12,100,-22.4,50.4,0,0,0,0,0,0,n,804,Overcast clouds,c04n,4
2026/6/30 4:30,0,26.7,30.2,94,25.7,996,3.2,134,6.2,8,100,-19.6,52.6,0,0,0,0,0,0,n,804,Overcast clouds,c04n,4
2026/6/30 4:45,0,26.7,30.2,94,25.7,996,3.2,132,6.3,8,100,-16.9,54.8,0,0,0,0,0,0,n,804,Overcast clouds,c04n,4
2026/6/30 5:00,0,26.7,30.2,94,25.7,996,3.2,130,6.4,8,100,-14.1,57.1,0,0,0,0,0,0,n,804,Overcast clouds,c04n,5
2026/6/30 5:15,0,26.8,30.5,94,25.7,996,3,129,6.4,11,100,-11.1,58.7,0,0,0,0,0,0,n,804,Overcast clouds,c04n,5
2026/6/30 5:30,0,26.9,30.6,93,25.6,996,2.8,128,6.4,12,100,-8.1,60.4,0,0,0,0,0,0,n,804,Overcast clouds,c04n,5
2026/6/30 5:45,0,26.9,30.7,92,25.5,996,2.6,127,6.4,12,100,-5.1,62.1,0,0,0,0,0,0,n,804,Overcast clouds,c04n,5
2026/6/30 6:00,0,27,30.9,92,25.6,996,2.4,126,6.4,13,100,-2.1,63.8,0,0,0,0,0,0,n,804,Overcast clouds,c04n,6
2026/6/30 6:15,0,26.9,30.7,92,25.5,996,2.5,126,6.3,14,100,1.1,65.2,33,13,13,0.6,0,0,d,804,Overcast clouds,c04n,6
2026/6/30 6:30,0,26.9,30.6,93,25.6,997,2.6,127,6.2,14,100,4.3,66.5,67,26,27,0.6,0,0,d,804,Overcast clouds,c04d,6
2026/6/30 6:45,0,26.8,30.5,94,25.7,997,2.7,128,6.1,8,100,7.5,67.9,100,40,41,0.6,0,0,d,804,Overcast clouds,c04d,6
2026/6/30 7:00,0,26.7,30.2,94,25.7,997,2.8,128,6,8,100,10.6,69.2,133,53,55,0.7,0,0,d,804,Overcast clouds,c04d,7
2026/6/30 7:15,0,26.7,30.2,94,25.7,997,2.8,127,5.9,8,100,13.9,70.3,189,60,63,0.7,0,0,d,804,Overcast clouds,c04d,7
2026/6/30 7:30,0,26.7,30.2,94,25.7,997,2.8,126,5.8,7,100,17.2,71.4,245,67,71,0.7,0,0,d,804,Overcast clouds,c04d,7
2026/6/30 7:45,0,26.7,30.2,94,25.7,997,2.8,125,5.7,7,100,20.5,72.5,300,74,79,0.8,0,0,d,804,Overcast clouds,c04d,7
2026/6/30 8:00,0,26.7,30.2,94,25.7,997,2.8,124,5.6,7,100,23.8,73.6,356,81,87,0.9,0,0,d,804,Overcast clouds,c04d,8
2026/6/30 8:15,0,26.7,30.2,94,25.7,997,2.7,126,5.9,10,100,27.1,74.6,412,86,93,1,0.25,0,d,804,Overcast clouds,c04d,8
2026/6/30 8:30,0,26.7,30.1,93,25.5,998,2.6,128,6.2,10,100,30.5,75.5,468,90,98,1.1,0.5,0,d,301,Drizzle,d02d,8
2026/6/30 8:45,0,26.7,30.1,92,25.3,998,2.5,130,6.5,10,100,33.8,76.4,525,95,105,1.2,0.25,0,d,804,Overcast clouds,c04d,8
2026/6/30 9:00,0,26.7,30.1,92,25.3,998,2.4,132,6.8,10,100,37.2,77.4,581,99,110,1.4,0,0,d,804,Overcast clouds,c04d,9
2026/6/30 9:15,0,27.1,30.9,90,25.3,998,2.5,135,6.8,8,100,40.6,78.2,630,103,115,1.6,0,0,d,804,Overcast clouds,c04d,9
2026/6/30 9:30,0,27.4,31.6,88,25.2,998,2.6,138,6.8,10,100,44,79,680,106,120,1.7,0,0,d,804,Overcast clouds,c04d,9
2026/6/30 9:45,0,27.8,32.3,86,25.2,998,2.7,141,6.8,10,100,47.4,79.8,730,109,124,1.9,0,0,d,804,Overcast clouds,c04d,9
2026/6/30 10:00,0,28.1,33,84,25.1,998,2.8,144,6.8,12,100,50.8,80.6,779,112,128,2.2,0,0,d,804,Overcast clouds,c04d,10
2026/6/30 10:15,0,28.1,33,84,25.1,998,2.8,144,6.7,12,100,54.2,81.3,817,114,131,2.4,0,0,d,804,Overcast clouds,c04d,10
2026/6/30 10:30,0,28.1,33.2,85,25.3,998,2.8,145,6.6,10,100,57.6,82,856,116,133,2.6,0,0,d,804,Overcast clouds,c04d,10
2026/6/30 10:45,0,28.1,33.4,86,25.5,998,2.8,146,6.5,10,100,61,82.7,894,118,135,2.8,0,0,d,804,Overcast clouds,c04d,10
2026/6/30 11:00,0,28.1,33.4,86,25.5,998,2.8,146,6.4,10,100,64.5,83.3,932,120,138,3,0,0,d,804,Overcast clouds,c04d,11
2026/6/30 11:15,0,28.3,33.6,84,25.3,998,2.7,146,6.1,12,100,67.9,83.7,955,121,141,3.1,0.25,0,d,804,Overcast clouds,c04d,11
2026/6/30 11:30,0,28.5,34,83,25.3,998,2.6,146,5.8,10,100,71.4,84.1,978,122,142,3.3,0.5,0,d,301,Drizzle,d02d,11
2026/6/30 11:45,0,28.7,34.3,82,25.3,998,2.5,146,5.5,10,100,74.8,84.5,1001,123,144,3.4,0.25,0,d,804,Overcast clouds,c04d,11
2026/6/30 12:00,0,28.9,34.5,80,25.1,998,2.4,146,5.2,10,100,78.3,84.9,1024,124,146,3.6,0,0,d,804,Overcast clouds,c04d,12
2026/6/30 12:15,0,28.9,34.5,80,25.1,998,2.3,150,5.4,8,100,80.7,134.9,1031,125,147,3.6,0,0,d,804,Overcast clouds,c04d,12
2026/6/30 12:30,0,28.9,34.5,80,25.1,998,2.2,154,5.6,10,100,83.1,184.9,1037,125,148,3.7,0,0,d,804,Overcast clouds,c04d,12
2026/6/30 12:45,0,28.9,34.5,80,25.1,998,2.1,158,5.8,10,100,85.5,234.8,1043,125,148,3.7,0,0,d,804,Overcast clouds,c04d,12
2026/6/30 13:00,0,28.9,34.5,80,25.1,998,2,162,6,10,100,87.9,284.8,1049,125,148,3.7,0,0,d,804,Overcast clouds,c04d,13
2026/6/30 13:15,0,28.4,33.6,82,25,998,2,164,6,10,100,84.4,282.4,1038,125,148,3.7,0,0,d,804,Overcast clouds,c04d,13
2026/6/30 13:30,0,28,32.6,84,25,998,2,166,6,10,100,81,280,1026,124,147,3.6,0,0,d,804,Overcast clouds,c04d,13
2026/6/30 13:45,0,27.5,31.6,86,24.9,997,2,168,6,10,99,77.5,277.7,1015,124,177,3.6,0.25,0,d,804,Overcast clouds,c04d,13
2026/6/30 14:00,0,27,30.5,88,24.8,997,2,170,6,10,99,74.1,275.3,1004,123,176,3.5,0.5,0,d,301,Drizzle,d02d,14
2026/6/30 14:15,0,27.3,31.2,87,24.9,997,2,170,5.7,10,99,70.7,275.8,976,122,173,3.3,0.25,0,d,804,Overcast clouds,c04d,14
2026/6/30 14:30,0,27.6,31.8,86,25,997,2,169,5.4,10,100,67.2,276.3,948,121,142,3.1,0,0,d,804,Overcast clouds,c04d,14
2026/6/30 14:45,0,27.8,32.4,85,25.1,996,2,168,5.1,10,100,63.8,276.9,920,119,139,2.9,0,0,d,804,Overcast clouds,c04d,14
2026/6/30 15:00,0,28.1,33,84,25.1,996,2,168,4.8,10,100,60.3,277.4,892,118,137,2.7,0,0,d,804,Overcast clouds,c04d,15
2026/6/30 15:15,0,28.3,33.4,83,25.1,996,1.9,164,4.8,11,100,56.9,278.1,850,116,134,2.5,0,0,d,804,Overcast clouds,c04d,15
2026/6/30 15:30,0,28.5,33.8,82,25.1,996,1.8,160,4.8,10,100,53.5,278.9,808,113,130,2.3,0,0,d,804,Overcast clouds,c04d,15
2026/6/30 15:45,0,28.7,34.1,81,25.1,996,1.7,156,4.8,10,99,50.1,279.6,766,111,150,2.2,0,0,d,804,Overcast clouds,c04d,15
2026/6/30 16:00,0,28.9,34.5,80,25.1,996,1.6,152,4.8,11,99,46.7,280.3,724,109,146,2,0,0,d,804,Overcast clouds,c04d,16
2026/6/30 16:15,0,29,34.7,80,25.2,996,1.8,142,5,12,99,43.3,281.1,671,105,139,1.7,0,0,d,804,Overcast clouds,c04d,16
2026/6/30 16:30,0,29.1,35,80,25.3,996,2,133,5.2,10,98,39.9,282,619,102,151,1.6,0,0,d,804,Overcast clouds,c04d,16
2026/6/30 16:45,0,29.2,35.3,80,25.4,995,2.2,124,5.4,10,98,36.5,282.8,567,98,143,1.4,0,0,d,804,Overcast clouds,c04d,16
2026/6/30 17:00,0,29.3,35.6,80,25.5,995,2.4,114,5.6,10,98,33.1,283.7,515,95,135,1.3,0,0,d,804,Overcast clouds,c04d,17
2026/6/30 17:15,0,29,35.2,82,25.6,995,2.3,114,5.5,9,98,29.8,284.7,458,90,125,1.1,0,0,d,804,Overcast clouds,c04d,17
2026/6/30 17:30,0,28.7,34.7,84,25.7,996,2.2,113,5.4,10,99,26.5,285.6,401,84,103,1,0,0,d,804,Overcast clouds,c04d,17
2026/6/30 17:45,0,28.4,34.2,86,25.8,996,2.1,112,5.3,10,100,23.1,286.6,344,79,84,0.9,0,0,d,804,Overcast clouds,c04d,17
2026/6/30 18:00,0,28.1,33.7,88,25.9,996,2,112,5.2,12,100,19.8,287.6,287,74,78,0.8,0,0,d,804,Overcast clouds,c04d,18
2026/6/30 18:15,0,28.1,33.7,88,25.9,996,2,116,4.9,12,100,16.5,288.8,234,66,69,0.7,0.25,0,d,804,Overcast clouds,c04d,18
2026/6/30 18:30,0,28.1,33.5,87,25.7,996,2,121,4.6,10,100,13.3,289.9,180,57,59,0.7,0.5,0,d,301,Drizzle,d02d,18
2026/6/30 18:45,0,28.1,33.4,86,25.5,996,2,126,4.3,10,100,10,291.1,127,49,51,0.7,0.75,0,d,301,Drizzle,d02d,18
2026/6/30 19:00,0,28.1,33.4,86,25.5,996,2,130,4,10,100,6.8,292.3,74,40,41,0.6,1,0,d,500,Light rain,r01d,19
2026/6/30 19:15,0,28,33.1,86,25.5,996,2,130,4,12,100,3.6,293.7,55,30,30,0.6,0.75,0,d,301,Drizzle,d02d,19
2026/6/30 19:30,0,28,33.1,87,25.6,997,2,131,4,10,100,0.5,295.1,37,20,20,0.6,0.5,0,d,301,Drizzle,d02n,19
2026/6/30 19:45,0,27.9,33,88,25.7,997,2,132,4,10,100,-2.6,296.6,18,10,10,0,0.5,0,d,301,Drizzle,d02n,19
2026/6/30 20:00,0,27.8,32.8,88,25.6,997,2,132,4,10,100,-5.8,298,0,0,0,0,0.5,0,n,301,Drizzle,d02n,20
2026/6/30 20:15,0,27.7,32.5,88,25.5,997,2,128,4.1,12,100,-8.7,299.8,0,0,0,0,0.25,0,n,804,Overcast clouds,c04n,20
2026/6/30 20:30,0,27.6,32.4,89,25.6,997,2,123,4.2,13,100,-11.7,301.7,0,0,0,0,0,0,n,804,Overcast clouds,c04n,20
2026/6/30 20:45,0,27.5,32.2,90,25.7,997,2,118,4.3,13,100,-14.6,303.5,0,0,0,0,0,0,n,804,Overcast clouds,c04n,20
2026/6/30 21:00,0,27.4,31.9,90,25.6,997,2,114,4.4,14,100,-17.6,305.3,0,0,0,0,0,0,n,804,Overcast clouds,c04n,21
2026/6/30 21:15,0,27.2,31.5,91,25.6,997,2.1,112,4.4,14,100,-20.2,307.7,0,0,0,0,0,0,n,804,Overcast clouds,c04n,21
2026/6/30 21:30,0,27.1,31.1,92,25.6,998,2.2,109,4.4,10,100,-22.9,310.1,0,0,0,0,0,0,n,804,Overcast clouds,c04n,21
2026/6/30 21:45,0,26.9,30.7,93,25.6,998,2.3,106,4.4,10,100,-25.5,312.5,0,0,0,0,0,0,n,804,Overcast clouds,c04n,21
2026/6/30 22:00,0,26.7,30.2,94,25.7,998,2.4,104,4.4,10,100,-28.2,314.9,0,0,0,0,0,0,n,804,Overcast clouds,c04n,22
2026/6/30 22:15,0,26.7,30.2,94,25.7,998,2.3,106,4.5,12,100,-30.4,318.1,0,0,0,0,0,0,n,804,Overcast clouds,c04n,22
2026/6/30 22:30,0,26.7,30.2,94,25.7,998,2.2,108,4.6,10,100,-32.5,321.2,0,0,0,0,0,0,n,804,Overcast clouds,c04n,22
2026/6/30 22:45,0,26.7,30.2,94,25.7,998,2.1,110,4.7,10,100,-34.7,324.4,0,0,0,0,0,0,n,804,Overcast clouds,c04n,22
2026/6/30 23:00,0,26.7,30.2,94,25.7,998,2,112,4.8,12,100,-36.9,327.6,0,0,0,0,0,0,n,804,Overcast clouds,c04n,23
2026/6/30 23:15,0,26.7,30.2,94,25.7,998,2.1,114,4.8,12,100,-38.3,331.7,0,0,0,0,0,0,n,804,Overcast clouds,c04n,23
2026/6/30 23:30,0,26.7,30.3,95,25.8,999,2.2,116,4.8,10,100,-39.8,335.8,0,0,0,0,0,0,n,804,Overcast clouds,c04n,23
2026/6/30 23:45,0,26.7,30.4,96,26,999,2.3,118,4.8,10,100,-41.2,339.9,0,0,0,0,0,0,n,804,Overcast clouds,c04n,23
2026/7/1 0:00,0,26.7,30.4,96,26,999,2.4,120,4.8,10,100,-42.6,344,0,0,0,0,0,0,n,804,Overcast clouds,c04n,0
2026/7/1 0:15,0,26.7,30.4,96,26,999,2.5,123,4.8,12,100,-43,258.7,0,0,0,0,0,0,n,804,Overcast clouds,c04n,0
2026/7/1 0:30,0,26.7,30.3,95,25.8,999,2.6,126,4.8,10,100,-43.4,173.4,0,0,0,0,0,0,n,804,Overcast clouds,c04n,0
2026/7/1 0:45,0,26.7,30.2,94,25.7,998,2.7,129,4.8,10,100,-43.8,88.1,0,0,0,0,0,0,n,804,Overcast clouds,c04n,0
2026/7/1 1:00,0,26.7,30.2,94,25.7,998,2.8,132,4.8,10,100,-44.2,2.9,0,0,0,0,0,0,n,804,Overcast clouds,c04n,1
2026/7/1 1:15,0,26.7,30.2,94,25.7,998,2.8,134,5.1,12,100,-43.5,7.5,0,0,0,0,0,0,n,804,Overcast clouds,c04n,1
2026/7/1 1:30,0,26.7,30.2,94,25.7,998,2.8,135,5.4,10,100,-42.8,12.1,0,0,0,0,0,0,n,804,Overcast clouds,c04n,1
2026/7/1 1:45,0,26.7,30.2,94,25.7,998,2.8,136,5.7,10,99,-42.1,16.7,0,0,0,0,0,0,n,804,Overcast clouds,c04n,1
2026/7/1 2:00,0,26.7,30.2,94,25.7,998,2.8,138,6,12,99,-41.3,21.3,0,0,0,0,0,0,n,804,Overcast clouds,c04n,2
2026/7/1 2:15,0,26.6,27.8,94,25.6,998,2.6,138,5.5,12,99,-39.6,25.1,0,0,0,0,0,0,n,804,Overcast clouds,c04n,2
2026/7/1 2:30,0,26.5,27.7,95,25.6,998,2.4,137,5,13,98,-38,28.9,0,0,0,0,0,0,n,804,Overcast clouds,c04n,2
2026/7/1 2:45,0,26.4,27.6,96,25.7,997,2.2,136,4.5,13,98,-36.3,32.7,0,0,0,0,0,0,n,804,Overcast clouds,c04n,2
2026/7/1 3:00,0,26.3,27.5,96,25.6,997,2,136,4,14,98,-34.6,36.6,0,0,0,0,0,0,n,804,Overcast clouds,c04n,3
2026/7/1 3:15,0,26.2,27.4,96,25.5,997,1.8,134,3.7,14,98,-32.2,39.5,0,0,0,0,0,0,n,804,Overcast clouds,c04n,3
2026/7/1 3:30,0,26.1,27.3,96,25.4,997,1.6,132,3.4,15,99,-29.9,42.4,0,0,0,0,0,0,n,804,Overcast clouds,c04n,3
2026/7/1 3:45,0,26,27.2,96,25.3,997,1.4,130,3.1,15,100,-27.6,45.3,0,0,0,0,0,0,n,804,Overcast clouds,c04n,3
2026/7/1 4:00,0,25.9,27.1,96,25.2,997,1.2,128,2.8,15,100,-25.2,48.3,0,0,0,0,0,0,n,804,Overcast clouds,c04n,4
2026/7/1 4:15,0,25.9,27.1,96,25.2,997,1.2,123,2.6,16,98,-22.5,50.5,0,0,0,0,0,0,n,804,Overcast clouds,c04n,4
2026/7/1 4:30,0,25.9,27.1,96,25.2,997,1.2,118,2.4,16,96,-19.7,52.7,0,0,0,0,0,0,n,804,Overcast clouds,c04n,4
2026/7/1 4:45,0,25.9,27.1,96,25.2,997,1.2,113,2.2,16,95,-16.9,54.9,0,0,0,0,0,0,n,804,Overcast clouds,c04n,4
2026/7/1 5:00,0,25.9,27.1,96,25.2,997,1.2,108,2,16,93,-14.2,57.1,0,0,0,0,0,0,n,804,Overcast clouds,c04n,5
2026/7/1 5:15,0,26.1,27.3,96,25.4,997,1.4,106,2.2,16,87,-11.2,58.8,0,0,0,0,0,0,n,804,Overcast clouds,c04n,5
2026/7/1 5:30,0,26.3,27.5,96,25.6,997,1.6,104,2.4,10,82,-8.2,60.5,0,0,0,0,0,0,n,804,Overcast clouds,c04n,5
2026/7/1 5:45,0,26.5,27.7,96,25.8,997,1.8,102,2.6,10,76,-5.1,62.2,0,0,0,0,0,0,n,804,Overcast clouds,c04n,5
2026/7/1 6:00,0,26.7,30.4,96,26,997,2,100,2.8,10,70,-2.1,63.9,0,0,0,0,0,0,n,803,Broken clouds,c03n,6
2026/7/1 6:15,0,26.7,30.4,96,26,997,2.1,104,3.2,12,72,1,65.2,33,13,21,1,0,0,d,804,Overcast clouds,c04n,6
2026/7/1 6:30,0,26.7,30.3,95,25.8,997,2.2,108,3.6,13,74,4.2,66.6,66,26,39,1,0,0,d,804,Overcast clouds,c04d,6
2026/7/1 6:45,0,26.7,30.2,94,25.7,997,2.3,112,4,13,77,7.4,67.9,99,40,55,1,0,0,d,804,Overcast clouds,c04d,6
2026/7/1 7:00,0,26.7,30.2,94,25.7,997,2.4,116,4.4,13,79,10.6,69.2,132,53,68,1,0,0,d,804,Overcast clouds,c04d,7
2026/7/1 7:15,0,26.7,30.2,94,25.7,997,2.4,115,4.7,14,82,13.9,70.4,188,60,87,1,0,0,d,804,Overcast clouds,c04d,7
2026/7/1 7:30,0,26.7,30.3,95,25.8,998,2.4,114,5,15,86,17.1,71.5,244,67,93,1,0,0,d,804,Overcast clouds,c04d,7
2026/7/1 7:45,0,26.7,30.4,96,26,998,2.4,113,5.3,15,89,20.4,72.6,299,74,94,1,0,0,d,804,Overcast clouds,c04d,7
2026/7/1 8:00,0,26.7,30.4,96,26,998,2.4,112,5.6,16,92,23.7,73.7,355,81,86,1,0,0,d,804,Overcast clouds,c04d,8
2026/7/1 8:15,0,26.7,30.4,96,26,998,2.4,114,5.6,16,94,27.1,74.6,411,86,162,1.1,0,0,d,804,Overcast clouds,c04d,8
2026/7/1 8:30,0,26.7,30.4,96,26,999,2.4,115,5.6,10,96,30.4,75.6,467,90,152,1.2,0,0,d,804,Overcast clouds,c04d,8
2026/7/1 8:45,0,26.7,30.4,96,26,999,2.4,116,5.6,10,98,33.8,76.5,524,95,134,1.3,0,0,d,804,Overcast clouds,c04d,8
2026/7/1 9:00,0,26.7,30.4,96,26,999,2.4,118,5.6,10,100,37.1,77.4,580,99,108,1.4,0,0,d,804,Overcast clouds,c04d,9
2026/7/1 9:15,0,27.4,32.3,94,26.3,999,2.5,120,5.7,12,98,40.5,78.3,629,102,149,1.6,0,0,d,804,Overcast clouds,c04d,9
2026/7/1 9:30,0,28,33.9,91,26.4,999,2.6,122,5.8,5,96,43.9,79.1,679,106,195,1.9,0,0,d,804,Overcast clouds,c04d,9
2026/7/1 9:45,0,28.7,35.4,88,26.5,999,2.7,124,5.9,5,94,47.3,79.9,729,109,138,2.2,1,0,d,500,Light rain,r01d,9
2026/7/1 10:00,0,29.3,37.1,86,26.7,999,2.8,126,6,5,92,50.7,80.7,779,112,175,2.5,2,0,d,500,Light rain,r01d,10
2026/7/1 10:15,0,29.2,36.7,86,26.6,999,2.7,128,5.8,8,94,54.1,81.4,817,114,145,2.7,1.5,0,d,500,Light rain,r01d,10
2026/7/1 10:30,0,29.1,36.7,87,26.7,999,2.6,130,5.6,10,95,57.6,82.1,855,116,138,2.8,1,0,d,500,Light rain,r01d,10
2026/7/1 10:45,0,29,36.6,88,26.8,999,2.5,132,5.4,10,96,61,82.8,893,118,112,3,1.25,0,d,500,Light rain,r01d,10
2026/7/1 11:00,0,28.9,36.3,88,26.7,999,2.4,134,5.2,10,98,64.4,83.5,931,120,170,3.1,1.5,0,d,500,Light rain,r01d,11
2026/7/1 11:15,0,29.2,36.7,86,26.6,999,2.5,133,5.4,12,98,67.9,83.9,955,121,192,3.3,1,0,d,500,Light rain,r01d,11
2026/7/1 11:30,0,29.5,37.3,85,26.7,999,2.6,132,5.6,10,99,71.3,84.4,978,122,165,3.4,0.5,0,d,301,Drizzle,d02d,11
2026/7/1 11:45,0,29.7,37.9,84,26.7,999,2.7,131,5.8,10,100,74.8,84.8,1001,123,137,3.4,0.25,0,d,804,Overcast clouds,c04d,11
2026/7/1 12:00,0,30,38.2,82,26.6,999,2.8,130,6,11,100,78.2,85.2,1024,124,139,3.6,0,0,d,804,Overcast clouds,c04d,12
2026/7/1 12:15,0,30.2,38.5,81,26.5,999,2.9,131,6.1,11,99,80.6,134.8,1030,125,171,3.7,0,0,d,804,Overcast clouds,c04d,12
2026/7/1 12:30,0,30.4,38.8,80,26.5,999,3,132,6.2,12,98,83.1,184.3,1037,125,203,3.8,0,0,d,804,Overcast clouds,c04d,12
2026/7/1 12:45,0,30.5,38.7,78,26.2,998,3.1,133,6.3,13,97,85.5,233.8,1043,125,234,4,0.25,0,d,804,Overcast clouds,c04d,12
2026/7/1 13:00,0,30.7,38.9,77,26.2,998,3.2,134,6.4,14,96,87.9,283.3,1049,125,143,4.1,0.5,0,d,301,Drizzle,d02d,13
2026/7/1 13:15,0,30.5,38.7,78,26.2,998,3.1,133,6.5,14,97,84.5,281.3,1038,125,234,3.9,0.75,0,d,301,Drizzle,d02d,13
2026/7/1 13:30,0,30.4,38.2,78,26.1,998,3,132,6.6,15,98,81,279.2,1026,124,203,3.8,1,0,d,500,Light rain,r01d,13
2026/7/1 13:45,0,30.2,37.6,78,25.9,997,2.9,131,6.7,15,98,77.6,277.1,1015,124,187,3.7,1.25,0,d,500,Light rain,r01d,13
2026/7/1 14:00,0,30,37.4,79,26,997,2.8,130,6.8,15,99,74.2,275,1004,123,153,3.5,1.5,0,d,500,Light rain,r01d,14
2026/7/1 14:15,0,29.8,36.9,79,25.8,997,2.8,134,6.8,16,99,70.7,275.6,976,122,151,3.3,1.5,0,d,200,Thunderstorm with light rain,t01d,14
2026/7/1 14:30,0,29.7,36.6,80,25.8,997,2.8,137,6.8,10,100,67.3,276.1,948,121,120,3.1,1.5,0,d,200,Thunderstorm with light rain,t01d,14
2026/7/1 14:45,0,29.5,36.1,80,25.7,997,2.8,140,6.8,10,100,63.8,276.7,920,119,116,2.9,1.75,0,d,200,Thunderstorm with light rain,t01d,14
2026/7/1 15:00,0,29.3,35.6,80,25.5,997,2.8,144,6.8,10,100,60.4,277.3,892,118,112,2.7,2,0,d,200,Thunderstorm with light rain,t01d,15
2026/7/1 15:15,0,29.4,35.8,80,25.6,997,2.8,144,6.8,12,100,57,278,850,116,103,2.5,2.5,0,d,200,Thunderstorm with light rain,t01d,15
2026/7/1 15:30,0,29.5,36,80,25.6,997,2.8,145,6.8,10,100,53.5,278.7,808,113,94,2.3,3,0,d,200,Thunderstorm with light rain,t01d,15
2026/7/1 15:45,0,29.5,36.5,81,25.9,997,2.8,146,6.8,10,99,50.1,279.5,766,111,125,2.2,2,0,d,200,Thunderstorm with light rain,t01d,15
2026/7/1 16:00,0,29.6,36.7,81,26,997,2.8,146,6.8,10,99,46.7,280.2,724,109,143,2,1,0,d,500,Light rain,r01d,16
2026/7/1 16:15,0,29.8,37.1,80,26,997,2.7,144,6.6,12,99,43.3,281,672,105,137,1.7,0.75,0,d,301,Drizzle,d02d,16
2026/7/1 16:30,0,30,37.7,80,26.2,997,2.6,142,6.4,10,99,39.9,281.9,620,102,130,1.6,0.5,0,d,301,Drizzle,d02d,16
2026/7/1 16:45,0,30.2,38.3,80,26.4,996,2.5,140,6.2,10,99,36.5,282.7,568,98,123,1.4,0.5,0,d,301,Drizzle,d02d,16
2026/7/1 17:00,0,30.4,38.6,79,26.3,996,2.4,138,6,10,99,33.2,283.6,515,95,118,1.2,0.5,0,d,301,Drizzle,d02d,17
2026/7/1 17:15,0,29.8,37.4,81,26.2,996,2.3,131,5.6,12,99,29.8,284.6,458,90,110,1.1,0.25,0,d,804,Overcast clouds,c04d,17
2026/7/1 17:30,0,29.3,36.4,84,26.3,997,2.2,124,5.2,13,100,26.5,285.6,401,85,91,1,0,0,d,804,Overcast clouds,c04d,17
2026/7/1 17:45,0,28.7,35.1,86,26.1,997,2.1,117,4.8,13,100,23.1,286.5,344,79,84,0.9,0,0,d,804,Overcast clouds,c04d,17
2026/7/1 18:00,0,28.1,33.7,88,25.9,997,2,110,4.4,14,100,19.8,287.5,287,74,78,0.8,0,0,d,804,Overcast clouds,c04d,18
2026/7/1 18:15,0,28,33.5,88,25.8,997,1.8,111,4,14,100,16.6,288.7,234,66,69,0.7,0.25,0,d,804,Overcast clouds,c04d,18
2026/7/1 18:30,0,28,33.4,89,26,997,1.6,112,3.6,10,99,13.3,289.9,181,57,65,0.7,0.5,0,d,301,Drizzle,d02d,18
2026/7/1 18:45,0,27.9,33.4,90,26.1,996,1.4,113,3.2,10,98,10,291,127,49,58,0.7,0.25,0,d,804,Overcast clouds,c04d,18
2026/7/1 19:00,0,27.8,33.1,90,26,996,1.2,114,2.8,12,98,6.8,292.2,74,40,45,0.7,0,0,d,804,Overcast clouds,c04d,19
2026/7/1 19:15,0,27.8,33.1,90,26,996,1.5,112,3,12,98,3.6,293.6,56,30,34,0.7,0,0,d,804,Overcast clouds,c04d,19
2026/7/1 19:30,0,27.8,33.1,90,26,997,1.8,109,3.2,10,99,0.5,295.1,37,20,21,0.6,0,0,d,804,Overcast clouds,c04n,19
2026/7/1 19:45,0,27.8,33.1,90,26,997,2.1,106,3.4,10,100,-2.6,296.5,19,10,10,0,0,0,d,804,Overcast clouds,c04n,19
2026/7/1 20:00,0,27.8,33.1,90,26,997,2.4,104,3.6,10,100,-5.8,297.9,0,0,0,0,0,0,n,804,Overcast clouds,c04n,20
2026/7/1 20:15,0,27.7,32.8,90,25.9,997,2.2,104,3.5,12,100,-8.7,299.8,0,0,0,0,0,0,n,804,Overcast clouds,c04n,20
2026/7/1 20:30,0,27.6,32.7,91,26,997,2,105,3.4,10,100,-11.7,301.6,0,0,0,0,0,0,n,804,Overcast clouds,c04n,20
2026/7/1 20:45,0,27.5,32.5,92,26.1,997,1.8,106,3.3,10,100,-14.6,303.4,0,0,0,0,0,0,n,804,Overcast clouds,c04n,20
2026/7/1 21:00,0,27.4,32.2,92,26,997,1.6,106,3.2,10,100,-17.6,305.2,0,0,0,0,0,0,n,804,Overcast clouds,c04n,21
2026/7/1 21:15,0,27.4,32.2,92,26,998,1.6,106,3,12,100,-20.2,307.6,0,0,0,0,0,0,n,804,Overcast clouds,c04n,21
2026/7/1 21:30,0,27.4,32.2,92,26,998,1.6,106,2.8,10,100,-22.9,310,0,0,0,0,0,0,n,804,Overcast clouds,c04n,21
2026/7/1 21:45,0,27.4,32.2,92,26,999,1.6,106,2.6,10,99,-25.6,312.4,0,0,0,0,0,0,n,804,Overcast clouds,c04n,21
2026/7/1 22:00,0,27.4,32.2,92,26,999,1.6,106,2.4,10,99,-28.2,314.8,0,0,0,0,0,0,n,804,Overcast clouds,c04n,22
2026/7/1 22:15,0,27.2,31.8,93,26,999,1.6,105,2.4,12,99,-30.4,318,0,0,0,0,0,0,n,804,Overcast clouds,c04n,22
2026/7/1 22:30,0,27.1,31.3,94,26,999,1.6,104,2.4,10,98,-32.6,321.2,0,0,0,0,0,0,n,804,Overcast clouds,c04n,22
2026/7/1 22:45,0,26.9,30.9,95,26,999,1.6,103,2.4,10,98,-34.8,324.3,0,0,0,0,0,0,n,804,Overcast clouds,c04n,22
2026/7/1 23:00,0,26.7,30.4,96,26,999,1.6,102,2.4,10,98,-36.9,327.5,0,0,0,0,0,0,n,804,Overcast clouds,c04n,23
2026/7/1 23:15,0,26.7,30.4,96,26,999,1.5,104,2.3,12,98,-38.4,331.6,0,0,0,0,0,0,n,804,Overcast clouds,c04n,23
2026/7/1 23:30,0,26.7,30.4,96,26,999,1.4,105,2.2,12,98,-39.8,335.7,0,0,0,0,0,0,n,804,Overcast clouds,c04n,23
2026/7/1 23:45,0,26.7,30.4,96,26,999,1.3,106,2.1,13,99,-41.2,339.8,0,0,0,0,0,0,n,804,Overcast clouds,c04n,23
2026/7/2 0:00,0,26.7,30.4,96,26,999,1.2,108,2,14,99,-42.7,343.9,0,0,0,0,0,0,n,804,Overcast clouds,c04n,0
2026/7/2 0:15,0,26.7,30.4,96,26,999,1.2,109,2.2,14,98,-43.1,258.6,0,0,0,0,0,0,n,804,Overcast clouds,c04n,0
2026/7/2 0:30,0,26.7,30.4,96,26,999,1.2,110,2.4,15,98,-43.5,173.3,0,0,0,0,0,0,n,804,Overcast clouds,c04n,0
2026/7/2 0:45,0,26.7,30.4,96,26,999,1.2,111,2.6,15,98,-43.9,88.1,0,0,0,0,0,0,n,804,Overcast clouds,c04n,0
2026/7/2 1:00,0,26.7,30.4,96,26,999,1.2,112,2.8,16,97,-44.3,2.8,0,0,0,0,0,0,n,804,Overcast clouds,c04n,1
2026/7/2 1:15,0,26.7,30.4,96,26,999,1.2,114,2.7,16,98,-43.6,7.4,0,0,0,0,0,0,n,804,Overcast clouds,c04n,1
2026/7/2 1:30,0,26.7,30.4,96,26,999,1.2,116,2.6,12,98,-42.9,12,0,0,0,0,0,0,n,804,Overcast clouds,c04n,1
2026/7/2 1:45,0,26.7,30.4,96,26,999,1.2,118,2.5,12,98,-42.1,16.6,0,0,0,0,0,0,n,804,Overcast clouds,c04n,1
2026/7/2 2:00,0,26.7,30.4,96,26,999,1.2,120,2.4,12,99,-41.4,21.2,0,0,0,0,0,0,n,804,Overcast clouds,c04n,2
2026/7/2 2:15,0,26.7,30.4,96,26,999,1.2,114,2.4,12,99,-39.7,25.1,0,0,0,0,0,0,n,804,Overcast clouds,c04n,2
2026/7/2 2:30,0,26.7,30.4,96,26,999,1.2,107,2.4,16,100,-38,28.9,0,0,0,0,0,0,n,804,Overcast clouds,c04n,2
2026/7/2 2:45,0,26.7,30.4,96,26,999,1.2,100,2.4,16,100,-36.3,32.7,0,0,0,0,0,0,n,804,Overcast clouds,c04n,2
2026/7/2 3:00,0,26.7,30.4,96,26,999,1.2,94,2.4,16,100,-34.7,36.6,0,0,0,0,0,0,n,804,Overcast clouds,c04n,3
2026/7/2 3:15,0,26.6,27.8,96,25.9,999,1.3,92,2.5,16,100,-32.3,39.5,0,0,0,0,0,0,n,804,Overcast clouds,c04n,3
2026/7/2 3:30,0,26.5,27.7,97,26,999,1.4,91,2.6,16,99,-30,42.4,0,0,0,0,0,0,n,741,Fog,a05n,3
2026/7/2 3:45,0,26.4,27.7,98,26.1,998,1.5,90,2.7,16,98,-27.6,45.4,0,0,0,0,0,0,n,741,Fog,a05n,3
2026/7/2 4:00,0,26.3,27.5,98,26,998,1.6,88,2.8,16,98,-25.3,48.3,0,0,0,0,0,0,n,741,Fog,a05n,4
2026/7/2 4:15,0,26.3,27.5,98,26,998,1.6,91,2.8,16,98,-22.5,50.5,0,0,0,0,0,0,n,741,Fog,a05n,4
2026/7/2 4:30,0,26.3,27.5,98,26,998,1.6,94,2.8,10,98,-19.8,52.7,0,0,0,0,0,0,n,741,Fog,a05n,4
2026/7/2 4:45,0,26.3,27.5,98,26,998,1.6,97,2.8,10,97,-17,54.9,0,0,0,0,0,0,n,741,Fog,a05n,4
2026/7/2 5:00,0,26.3,27.5,98,26,998,1.6,100,2.8,10,97,-14.3,57.1,0,0,0,0,0,0,n,741,Fog,a05n,5
2026/7/2 5:15,0,26.6,27.8,97,26.1,998,1.5,100,2.8,10,97,-11.2,58.8,0,0,0,0,0,0,n,741,Fog,a05n,5
2026/7/2 5:30,0,26.9,30.9,96,26.2,999,1.4,101,2.8,13,97,-8.2,60.5,0,0,0,0,0,0,n,804,Overcast clouds,c04n,5
2026/7/2 5:45,0,27.1,31.7,95,26.3,999,1.3,102,2.8,13,97,-5.2,62.2,0,0,0,0,0,0,n,804,Overcast clouds,c04n,5
2026/7/2 6:00,0,27.4,32.4,94,26.3,999,1.2,102,2.8,13,97,-2.2,63.9,0,0,0,0,0,0,n,804,Overcast clouds,c04n,6
2026/7/2 6:15,0,27.4,32.4,94,26.3,999,1.4,100,3,13,97,1,65.3,33,13,16,0.7,0,0,d,804,Overcast clouds,c04n,6
2026/7/2 6:30,0,27.4,32.4,94,26.3,999,1.6,99,3.2,16,97,4.2,66.6,66,26,32,0.7,0,0,d,804,Overcast clouds,c04d,6
2026/7/2 6:45,0,27.4,32.4,94,26.3,999,1.8,98,3.4,16,97,7.3,68,98,39,48,0.7,0,0,d,804,Overcast clouds,c04d,6
2026/7/2 7:00,0,27.4,32.4,94,26.3,999,2,96,3.6,16,97,10.5,69.3,131,53,66,0.7,0,0,d,804,Overcast clouds,c04d,7
2026/7/2 7:15,0,27.5,32.8,94,26.4,999,2,99,3.9,16,97,13.8,70.4,187,60,78,0.7,0,0,d,804,Overcast clouds,c04d,7
2026/7/2 7:30,0,27.6,33,93,26.4,999,2,102,4.2,6,96,17.1,71.5,242,67,98,0.8,0,0,d,804,Overcast clouds,c04d,7
2026/7/2 7:45,0,27.7,33.1,92,26.3,999,2,105,4.5,6,96,20.4,72.6,298,74,112,0.9,0,0,d,804,Overcast clouds,c04d,7
2026/7/2 8:00,0,27.8,33.4,92,26.4,999,2,108,4.8,6,96,23.6,73.7,354,81,127,0.9,0,0,d,804,Overcast clouds,c04d,8
2026/7/2 8:15,0,27.9,33.4,90,26.1,999,2.1,111,5.1,6,94,27,74.7,410,86,162,1.1,0,0,d,804,Overcast clouds,c04d,8
2026/7/2 8:30,0,28,33.4,89,26,999,2.2,114,5.4,6,92,30.3,75.6,466,90,113,1.3,0,0,d,804,Overcast clouds,c04d,8
2026/7/2 8:45,0,28,33.5,88,25.8,999,2.3,117,5.7,13,90,33.7,76.6,523,95,153,1.5,0,0,d,804,Overcast clouds,c04d,8
2026/7/2 9:00,0,28.1,33.4,86,25.5,999,2.4,120,6,13,88,37.1,77.5,579,99,197,1.8,0,0,d,804,Overcast clouds,c04d,9
2026/7/2 9:15,0,29.1,35.1,81,25.5,999,2.5,122,6.2,13,88,40.5,78.3,629,102,214,2,0,0,d,804,Overcast clouds,c04d,9
2026/7/2 9:30,0,30,36.6,76,25.3,1000,2.6,123,6.4,16,88,43.9,79.2,678,106,231,2.2,0,0,d,804,Overcast clouds,c04d,9
2026/7/2 9:45,0,31,37.8,71,25.1,1000,2.7,124,6.6,16,88,47.3,80,728,109,249,2.5,0,0,d,804,Overcast clouds,c04d,9
2026/7/2 10:00,0,31.9,38.7,66,24.7,1000,2.8,126,6.8,16,88,50.7,80.8,778,112,267,2.7,0,0,d,804,Overcast clouds,c04d,10
2026/7/2 10:15,0,31.8,38.5,66,24.7,1000,2.8,127,6.9,16,88,54.1,81.5,816,114,281,3,0,0,d,804,Overcast clouds,c04d,10
2026/7/2 10:30,0,31.7,38.2,66,24.6,1000,2.8,128,7,10,89,57.5,82.2,854,116,275,3.2,0,0,d,804,Overcast clouds,c04d,10
2026/7/2 10:45,0,31.6,37.9,66,24.5,1000,2.8,129,7.1,10,90,60.9,82.9,893,118,267,3.4,0,0,d,804,Overcast clouds,c04d,10
2026/7/2 11:00,0,31.5,37.7,66,24.4,1000,2.8,130,7.2,10,90,64.4,83.6,931,120,279,3.6,0,0,d,804,Overcast clouds,c04d,11
2026/7/2 11:15,0,31.5,37.7,66,24.4,1000,2.8,128,7.1,12,85,67.8,84.1,954,121,391,4.2,0,0,d,804,Overcast clouds,c04d,11
2026/7/2 11:30,0,31.5,37.7,66,24.4,1000,2.8,125,7,10,80,71.3,84.6,977,122,495,4.7,0,0,d,804,Overcast clouds,c04d,11
2026/7/2 11:45,0,31.5,37.7,66,24.4,999,2.8,122,6.9,10,74,74.7,85.1,1001,123,605,5.4,0,0,d,804,Overcast clouds,c04d,11
2026/7/2 12:00,0,31.5,37.7,66,24.4,999,2.8,120,6.8,12,69,78.2,85.6,1024,124,689,6,0,0,d,803,Broken clouds,c03d,12
2026/7/2 12:15,0,31.9,38,64,24.2,999,2.8,118,6.9,12,64,80.6,134.6,1030,125,753,6.5,0,0,d,803,Broken clouds,c03d,12
2026/7/2 12:30,0,32.3,38.6,63,24.3,999,2.8,116,7,10,58,83.1,183.6,1037,125,816,7.1,0,0,d,803,Broken clouds,c03d,12
2026/7/2 12:45,0,32.6,39.3,62,24.4,999,2.8,114,7.1,10,53,85.5,232.6,1043,125,860,7.6,0,0,d,803,Broken clouds,c03d,12
2026/7/2 13:00,0.05,33,39.5,60,24.2,999,2.8,112,7.2,10,48,88,281.6,1049,125,897,8.1,0,0,d,803,Broken clouds,c03d,13
2026/7/2 13:15,0.02,33,39.5,60,24.2,999,2.8,110,7,12,45,84.5,279.9,1038,125,902,8.2,0,0,d,803,Broken clouds,c03d,13
2026/7/2 13:30,0.02,33,39.5,60,24.2,999,2.8,107,6.8,10,42,81.1,278.2,1027,124,906,8.3,0,0,d,803,Broken clouds,c03d,13
2026/7/2 13:45,0,33,39.5,60,24.2,999,2.8,104,6.6,10,40,77.6,276.4,1015,124,902,8.2,0,0,d,802,Scattered clouds,c02d,13
2026/7/2 14:00,0.04,33,39.5,60,24.2,998,2.8,102,6.4,10,37,74.2,274.7,1004,123,902,8.2,0,0,d,802,Scattered clouds,c02d,14
2026/7/2 14:15,0,33.2,39.6,59,24.1,998,2.7,101,6.8,12,36,70.7,275.3,976,122,880,7.9,0,0,d,802,Scattered clouds,c02d,14
2026/7/2 14:30,0,33.4,39.7,58,24,998,2.6,100,7.2,10,35,67.3,275.9,948,121,858,7.6,0,0,d,802,Scattered clouds,c02d,14
2026/7/2 14:45,177.58,33.5,40.1,58,24.1,998,2.5,99,7.6,10,34,63.9,276.5,920,119,834,7.2,0,0,d,802,Scattered clouds,c02d,14
2026/7/2 15:00,57.38,33.7,40.2,57,24,997,2.4,98,8,12,33,60.4,277.1,892,118,811,6.8,0,0,d,802,Scattered clouds,c02d,15
2026/7/2 15:15,0.02,33.5,40.1,58,24.1,997,2.3,94,7.9,12,33,57,277.8,851,116,773,6.3,0,0,d,802,Scattered clouds,c02d,15
2026/7/2 15:30,0.04,33.4,40,59,24.2,997,2.2,90,7.8,10,34,53.6,278.6,809,113,733,5.7,0,0,d,802,Scattered clouds,c02d,15
2026/7/2 15:45,0.02,33.2,40,60,24.4,997,2.1,86,7.7,10,34,50.2,279.3,767,111,694,5.2,0,0,d,802,Scattered clouds,c02d,15
2026/7/2 16:00,0,33,39.9,61,24.5,996,2,82,7.6,10,34,46.7,280.1,725,109,656,4.7,0,0,d,802,Scattered clouds,c02d,16
2026/7/2 16:15,0.02,33.1,40.1,61,24.5,996,2,83,6.7,12,37,43.3,280.9,672,105,603,4.1,0,0,d,802,Scattered clouds,c02d,16
2026/7/2 16:30,0,33.2,40.7,62,24.9,996,2,84,5.8,10,40,40,281.8,620,102,549,3.6,0,0,d,802,Scattered clouds,c02d,16
2026/7/2 16:45,0,33.2,40.9,62,24.9,996,2,85,4.9,10,43,36.6,282.6,568,98,497,3.1,0,0,d,803,Broken clouds,c03d,16
2026/7/2 17:00,0,33.3,41.1,62,25,996,2,86,4,10,46,33.2,283.5,516,95,444,2.7,0,0,d,803,Broken clouds,c03d,17
2026/7/2 17:15,0,32.7,40.4,65,25.2,996,2,86,4.1,10,43,29.8,284.5,459,90,401,2.4,0,0,d,803,Broken clouds,c03d,17
2026/7/2 17:30,0.01,32,39.7,68,25.3,996,2,86,4.2,10,40,26.5,285.5,402,85,355,2.2,0,0,d,802,Scattered clouds,c02d,17
2026/7/2 17:45,0.01,31.4,38.9,71,25.5,995,2,86,4.3,10,37,23.2,286.4,345,79,308,2.1,0,0,d,802,Scattered clouds,c02d,17
2026/7/2 18:00,0,30.7,38,74,25.5,995,2,86,4.4,12,34,19.8,287.4,288,74,259,1.9,0,0,d,802,Scattered clouds,c02d,18
2026/7/2 18:15,0.02,30.4,37.8,76,25.7,995,2.5,86,4.6,12,37,16.6,288.6,234,66,209,1.7,0,0,d,802,Scattered clouds,c02d,18
2026/7/2 18:30,0,30.2,37.6,78,25.9,996,3,86,4.8,13,40,13.3,289.8,181,57,160,1.6,0,0,d,802,Scattered clouds,c02d,18
2026/7/2 18:45,0.01,29.9,37,79,25.8,996,3.5,86,5,13,44,10.1,290.9,128,49,111,1.5,0,0,d,803,Broken clouds,c03d,18
2026/7/2 19:00,0,29.6,36.7,81,26,996,4,86,5.2,14,47,6.8,292.1,74,41,63,1.4,0,0,d,803,Broken clouds,c03d,19
2026/7/2 19:15,0,29.6,36.7,81,26,996,3.8,86,5,10,46,3.7,293.5,56,30,48,1.4,0,0,d,803,Broken clouds,c03d,19
2026/7/2 19:30,0,29.6,36.7,81,26,997,3.6,85,4.8,10,46,0.5,295,37,20,32,1.4,0,0,d,803,Broken clouds,c03n,19
2026/7/2 19:45,0,29.6,36.7,81,26,997,3.4,84,4.6,10,45,-2.6,296.4,19,10,16,0,0,0,d,803,Broken clouds,c03n,19
2026/7/2 20:00,0,29.6,36.7,81,26,997,3.2,84,4.4,12,44,-5.8,297.8,0,0,0,0,0,0,n,803,Broken clouds,c03n,20
2026/7/2 20:15,0,29.5,36.5,81,25.9,997,3,82,4.2,12,38,-8.7,299.7,0,0,0,0,0,0,n,802,Scattered clouds,c02n,20
2026/7/2 20:30,0,29.5,36.5,82,26,998,2.8,80,4,10,32,-11.7,301.5,0,0,0,0,0,0,n,802,Scattered clouds,c02n,20
2026/7/2 20:45,0,29.4,36.3,82,26,998,2.6,78,3.8,10,27,-14.6,303.3,0,0,0,0,0,0,n,802,Scattered clouds,c02n,20
2026/7/2 21:00,0,29.3,36.1,82,25.9,998,2.4,76,3.6,10,21,-17.6,305.1,0,0,0,0,0,0,n,802,Scattered clouds,c02n,21
2026/7/2 21:15,0,29,35.6,84,26,998,2.4,80,3.6,10,25,-20.3,307.5,0,0,0,0,2.25,0,n,500,Light rain,r01n,21
2026/7/2 21:30,0,28.7,34.9,85,25.9,999,2.4,84,3.6,10,28,-22.9,309.9,0,0,0,0,4.5,0,n,501,Moderate rain,r02n,21
2026/7/2 21:45,0,28.4,34.2,86,25.8,999,2.4,88,3.6,10,32,-25.6,312.3,0,0,0,0,6,0,n,501,Moderate rain,r02n,21
2026/7/2 22:00,0,28.1,33.7,88,25.9,999,2.4,92,3.6,10,36,-28.2,314.7,0,0,0,0,7.5,0,n,501,Moderate rain,r02n,22
2026/7/2 22:15,0,28,33.5,88,25.8,999,2.5,94,3.5,12,48,-30.4,317.9,0,0,0,0,5.5,0,n,501,Moderate rain,r02n,22
2026/7/2 22:30,0,28,33.4,89,26,1000,2.6,96,3.4,10,61,-32.6,321.1,0,0,0,0,3.5,0,n,500,Light rain,r01n,22
2026/7/2 22:45,0,27.9,33.4,90,26.1,1000,2.7,98,3.3,10,74,-34.8,324.2,0,0,0,0,2.75,0,n,500,Light rain,r01n,22
2026/7/2 23:00,0,27.8,33.1,90,26,1000,2.8,100,3.2,10,86,-37,327.4,0,0,0,0,2,0,n,500,Light rain,r01n,23
2026/7/2 23:15,0,27.7,32.8,90,25.9,1000,2.7,98,2.9,12,88,-38.4,331.5,0,0,0,0,1,0,n,500,Light rain,r01n,23
2026/7/2 23:30,0,27.6,32.7,91,26,1000,2.6,97,2.6,13,90,-39.9,335.6,0,0,0,0,0,0,n,804,Overcast clouds,c04n,23
2026/7/2 23:45,0,27.5,32.5,92,26.1,1000,2.5,96,2.5,13,93,-41.3,339.7,0,0,0,0,0,0,n,804,Overcast clouds,c04n,23
2026/7/3 0:00,0.01,27.4,32.2,92,26,1000,2.4,94,2.4,14,95,-42.7,343.8,0,0,0,0,0,0,n,804,Overcast clouds,c04n,0
2026/7/3 0:15,0.01,27.4,32.2,92,26,1000,2.3,92,2.3,14,92,-43.2,258.5,0,0,0,0,0,0,n,804,Overcast clouds,c04n,0
2026/7/3 0:30,0.01,27.4,32.2,92,26,1000,2.2,91,2.6,14,88,-43.6,173.3,0,0,0,0,0,0,n,804,Overcast clouds,c04n,0
2026/7/3 0:45,0,27.4,32.2,92,26,1000,2.1,90,2.9,15,85,-44,88,0,0,0,0,0,0,n,804,Overcast clouds,c04n,0
2026/7/3 1:00,0,27.4,32.2,92,26,1000,2,88,3.2,16,82,-44.4,2.8,0,0,0,0,0,0,n,804,Overcast clouds,c04n,1
2026/7/3 1:15,0,27.4,32.2,92,26,1000,1.9,80,3.2,16,78,-43.7,7.4,0,0,0,0,0,0,n,804,Overcast clouds,c04n,1
2026/7/3 1:30,0,27.4,32.2,92,26,1000,1.8,71,3.2,10,75,-42.9,12,0,0,0,0,0,0,n,804,Overcast clouds,c04n,1
2026/7/3 1:45,0,27.4,32.2,92,26,999,1.7,62,3.2,10,72,-42.2,16.6,0,0,0,0,0,0,n,804,Overcast clouds,c04n,1
2026/7/3 2:00,0,27.4,32.2,92,26,999,1.6,54,3.2,10,68,-41.5,21.2,0,0,0,0,0,0,n,803,Broken clouds,c03n,2
2026/7/3 2:15,0,27.3,31.9,92,25.9,999,1.7,54,3.4,12,71,-39.8,25.1,0,0,0,0,0,0,n,804,Overcast clouds,c04n,2
2026/7/3 2:30,0,27.2,31.7,93,26,999,1.8,53,3.6,13,74,-38.1,28.9,0,0,0,0,0,0,n,804,Overcast clouds,c04n,2
2026/7/3 2:45,0,27.1,31.5,94,26,999,1.9,52,3.8,13,77,-36.4,32.7,0,0,0,0,0,0,n,804,Overcast clouds,c04n,2
2026/7/3 3:00,0.01,27,31.2,94,25.9,999,2,52,4,13,80,-34.8,36.6,0,0,0,0,0,0,n,804,Overcast clouds,c04n,3
2026/7/3 3:15,0.01,26.9,30.9,94,25.9,999,2.1,56,4.2,14,75,-32.4,39.5,0,0,0,0,0,0,n,804,Overcast clouds,c04n,3
2026/7/3 3:30,0.01,26.9,30.7,94,25.8,999,2.2,59,4.4,10,70,-30.1,42.5,0,0,0,0,0,0,n,803,Broken clouds,c03n,3
2026/7/3 3:45,0.01,26.8,30.5,94,25.7,998,2.3,62,4.6,10,66,-27.7,45.4,0,0,0,0,0,0,n,803,Broken clouds,c03n,3
2026/7/3 4:00,0.01,26.7,30.2,94,25.7,998,2.4,66,4.8,10,61,-25.4,48.3,0,0,0,0,0,0,n,803,Broken clouds,c03n,4
2026/7/3 4:15,0.01,26.7,30.2,94,25.7,998,2.4,68,5,12,60,-22.6,50.5,0,0,0,0,0,0,n,803,Broken clouds,c03n,4
2026/7/3 4:30,0.01,26.7,30.2,94,25.7,998,2.4,70,5.2,13,60,-19.9,52.7,0,0,0,0,0,0,n,803,Broken clouds,c03n,4
2026/7/3 4:45,0,26.7,30.2,94,25.7,998,2.4,72,5.4,13,59,-17.1,55,0,0,0,0,0,0,n,803,Broken clouds,c03n,4
2026/7/3 5:00,0,26.7,30.2,94,25.7,998,2.4,74,5.6,14,58,-14.3,57.2,0,0,0,0,0,0,n,803,Broken clouds,c03n,5
2026/7/3 5:15,0.01,26.9,30.7,93,25.6,998,2.6,78,5.5,14,65,-11.3,58.9,0,0,0,0,0,0,n,803,Broken clouds,c03n,5
2026/7/3 5:30,0,27.1,31.1,92,25.6,998,2.8,82,5.4,14,72,-8.3,60.6,0,0,0,0,0,0,n,804,Overcast clouds,c04n,5
2026/7/3 5:45,0.01,27.2,31.5,91,25.6,998,3,86,5.3,15,78,-5.3,62.3,0,0,0,0,0,0,n,804,Overcast clouds,c04n,5
2026/7/3 6:00,0.43,27.4,31.9,90,25.6,998,3.2,90,5.2,15,85,-2.3,64,0,0,0,0,0,0,n,804,Overcast clouds,c04n,6
2026/7/3 6:15,2.69,27.5,32.2,90,25.7,998,3.1,84,5.3,16,84,0.9,65.3,33,13,14,0.9,0,0,d,804,Overcast clouds,c04n,6
2026/7/3 6:30,6.45,27.6,32.4,89,25.6,998,3,78,5.4,16,82,4.1,66.7,65,26,30,0.9,0,0,d,804,Overcast clouds,c04d,6
2026/7/3 6:45,13.67,27.7,32.5,88,25.5,998,2.9,72,5.5,16,80,7.3,68,98,39,49,0.9,0,0,d,804,Overcast clouds,c04d,6
2026/7/3 7:00,14.6,27.8,32.8,88,25.6,998,2.8,66,5.6,16,79,10.4,69.4,130,52,67,1,0,0,d,804,Overcast clouds,c04d,7
2026/7/3 7:15,42.39,28.1,33.6,88,25.9,998,2.8,65,5.8,16,66,13.7,70.5,186,60,131,1.2,0,0,d,803,Broken clouds,c03d,7
2026/7/3 7:30,55.41,28.4,34.3,87,26,998,2.8,64,6,16,52,17,71.6,241,67,198,1.5,0,0,d,803,Broken clouds,c03d,7
2026/7/3 7:45,73.85,28.6,34.9,86,26,998,2.8,63,6.2,16,39,20.3,72.7,297,74,262,1.9,0,0,d,802,Scattered clouds,c02d,7
2026/7/3 8:00,89.38,28.9,35.8,86,26.3,998,2.8,62,6.4,16,26,23.6,73.8,353,81,321,2.3,0,0,d,802,Scattered clouds,c02d,8
2026/7/3 8:15,106.72,29,36.1,86,26.4,998,3,64,6.7,16,27,26.9,74.8,409,86,371,2.5,0,0,d,802,Scattered clouds,c02d,8
2026/7/3 8:30,121.96,29.1,36.2,85,26.3,998,3.2,66,7,16,28,30.3,75.7,465,90,422,2.8,0,0,d,802,Scattered clouds,c02d,8
2026/7/3 8:45,85.77,29.2,36.3,84,26.2,998,3.4,68,7.3,16,30,33.6,76.7,522,95,472,3.1,0,0,d,802,Scattered clouds,c02d,8
2026/7/3 9:00,145.05,29.3,36.6,84,26.3,998,3.6,70,7.6,16,31,37,77.6,578,99,522,3.5,0,0,d,802,Scattered clouds,c02d,9
2026/7/3 9:15,6.8,29.8,37.2,81,26.1,998,3.7,72,8,16,47,40.4,78.4,628,102,534,3.4,0,0,d,803,Broken clouds,c03d,9
2026/7/3 9:30,92.59,30.2,37.7,78,25.9,999,3.8,75,8.4,14,62,43.8,79.3,678,105,504,3.2,0,0,d,803,Broken clouds,c03d,9
2026/7/3 9:45,61.1,30.7,37.8,74,25.5,999,3.9,78,8.8,14,78,47.2,80.1,727,109,390,2.9,0,0,d,804,Overcast clouds,c04d,9
2026/7/3 10:00,114.08,31.1,38.2,71,25.2,999,4,80,9.2,14,94,50.6,80.9,777,112,152,2.4,0,0,d,804,Overcast clouds,c04d,10
2026/7/3 10:15,4.2,30.9,37.7,71,25,999,3.9,80,8.9,14,93,54,81.6,815,114,181,2.7,0,0,d,804,Overcast clouds,c04d,10
2026/7/3 10:30,3.95,30.8,37.5,72,25.1,999,3.8,79,8.6,14,92,57.5,82.4,854,116,211,3,0,0,d,804,Overcast clouds,c04d,10
2026/7/3 10:45,4.02,30.6,37,72,24.9,999,3.7,78,8.3,16,91,60.9,83.1,892,118,243,3.3,0.25,0,d,804,Overcast clouds,c04d,10
2026/7/3 11:00,3.97,30.4,36.6,72,24.8,999,3.6,78,8,16,90,64.3,83.8,930,120,276,3.6,0.5,0,d,301,Drizzle,d02d,11
2026/7/3 11:15,4.7,30.2,36.3,73,24.8,999,3.7,80,8.2,16,90,67.8,84.4,954,121,283,3.8,0.25,0,d,804,Overcast clouds,c04d,11
2026/7/3 11:30,4.71,30,36,74,24.9,999,3.8,82,8.4,15,90,71.2,84.9,977,122,290,4,0,0,d,804,Overcast clouds,c04d,11
2026/7/3 11:45,4.69,29.8,36,76,25.1,999,3.9,84,8.6,15,91,74.7,85.4,1000,123,272,4.1,0,0,d,804,Overcast clouds,c04d,11
2026/7/3 12:00,4.76,29.6,35.7,77,25.1,999,4,86,8.8,15,91,78.1,86,1024,124,278,4.3,0,0,d,804,Overcast clouds,c04d,12
2026/7/3 12:15,4.72,29.8,36,76,25.1,999,4,88,9,10,84,80.6,134.4,1030,125,440,4.9,0,0,d,804,Overcast clouds,c04d,12
2026/7/3 12:30,4.72,30,36.6,76,25.3,999,4,89,9.2,10,76,83.1,182.8,1036,125,590,5.6,0,0,d,804,Overcast clouds,c04d,12
2026/7/3 12:45,4.23,30.2,36.9,75,25.3,998,4,90,9.4,10,69,85.6,231.1,1043,125,698,6.3,0,0,d,803,Broken clouds,c03d,12
2026/7/3 13:00,4.72,30.4,37.1,74,25.2,998,4,92,9.6,10,62,88,279.5,1049,125,784,6.9,0,0,d,803,Broken clouds,c03d,13
2026/7/3 13:15,4.63,30.8,37.9,73,25.4,998,4,90,9.6,10,55,84.6,278.2,1038,125,836,7.4,0,0,d,803,Broken clouds,c03d,13
2026/7/3 13:30,4.71,31.2,38.6,72,25.5,998,4,88,9.6,10,48,81.1,277,1027,124,872,7.8,0,0,d,803,Broken clouds,c03d,13
2026/7/3 13:45,4.77,31.5,39,70,25.4,998,4,86,9.6,9,40,77.7,275.7,1015,124,897,8.2,0,0,d,802,Scattered clouds,c02d,13
2026/7/3 14:00,4.75,31.9,39.8,69,25.5,997,4,84,9.6,9,33,74.2,274.4,1004,123,906,8.5,0,0,d,802,Scattered clouds,c02d,14
2026/7/3 14:15,4.7,31.9,40.1,70,25.7,997,4.1,84,10,9,37,70.8,275.1,976,122,870,7.8,0.25,0,d,802,Scattered clouds,c02d,14
2026/7/3 14:30,4.65,31.9,40.1,70,25.7,997,4.2,85,10.4,6,42,67.3,275.7,949,121,830,7.1,0.5,0,d,301,Drizzle,d02d,14
2026/7/3 14:45,4.67,31.9,40.1,70,25.7,997,4.3,86,10.8,6,46,63.9,276.3,921,119,790,6.4,0.5,0,d,301,Drizzle,d02d,14
2026/7/3 15:00,5.08,31.9,40.5,71,26,996,4.4,86,11.2,6,50,60.5,276.9,893,118,746,5.8,0.5,0,d,301,Drizzle,d02d,15
2026/7/3 15:15,4.04,30.9,38.8,75,25.9,996,4.6,87,10.8,6,55,57,277.7,851,116,684,5.1,0.75,0,d,301,Drizzle,d02d,15
2026/7/3 15:30,3.97,29.9,36.7,78,25.6,996,4.8,88,10.4,6,60,53.6,278.4,809,113,618,4.4,1,0,d,500,Light rain,r01d,15
2026/7/3 15:45,3.93,28.8,34.7,82,25.4,996,5,89,10,6,65,50.2,279.2,767,111,549,3.8,0.75,0,d,231,Thunderstorm with drizzle,t04d,15
2026/7/3 16:00,3.93,27.8,32.5,86,25.2,996,5.2,90,9.6,6,70,46.8,280,725,109,476,3.2,0.5,0,d,231,Thunderstorm with drizzle,t04d,16
2026/7/3 16:15,3.93,27.9,32.7,86,25.3,996,4.9,88,9.5,6,72,43.4,280.8,673,105,423,2.8,0.75,0,d,231,Thunderstorm with drizzle,t04d,16
2026/7/3 16:30,3.93,28,32.9,86,25.4,996,4.6,86,9.4,7,74,40,281.7,621,102,373,2.4,1,0,d,200,Thunderstorm with light rain,t01d,16
2026/7/3 16:45,3.93,28,33.1,86,25.5,996,4.3,84,9.3,7,75,36.6,282.5,568,98,332,2.1,1,0,d,500,Light rain,r01d,16
2026/7/3 17:00,2.69,28.1,33.4,86,25.5,996,4,82,9.2,7,77,33.2,283.4,516,95,285,1.8,1,0,d,500,Light rain,r01d,17
2026/7/3 17:15,2.68,28.1,33.4,86,25.5,996,3.7,80,9,7,77,29.9,284.4,459,90,254,1.6,0.5,0,d,301,Drizzle,d02d,17
2026/7/3 17:30,2.68,28.1,33.2,85,25.3,996,3.4,77,8.8,10,78,26.5,285.4,402,85,216,1.4,0,0,d,804,Overcast clouds,c04d,17
2026/7/3 17:45,49.46,28.1,33,84,25.1,996,3.1,74,8.6,10,78,23.2,286.3,345,79,186,1.3,0,0,d,804,Overcast clouds,c04d,17
2026/7/3 18:00,49.46,28.1,33,84,25.1,996,2.8,72,8.4,10,78,19.8,287.3,288,74,155,1.2,0,0,d,804,Overcast clouds,c04d,18
2026/7/3 18:15,0,27.9,32.5,84,25,996,3.1,75,8.4,8,80,16.6,288.5,235,66,118,1,0,0,d,804,Overcast clouds,c04d,18
2026/7/3 18:30,0.01,27.8,32.2,85,25,996,3.4,78,8.4,10,82,13.3,289.7,181,57,84,1,0,0,d,804,Overcast clouds,c04d,18
2026/7/3 18:45,0.01,27.6,31.9,86,25,995,3.7,81,8.4,10,85,10.1,290.8,128,49,52,0.9,0,0,d,804,Overcast clouds,c04d,18
2026/7/3 19:00,0.01,27.4,31.4,86,24.8,995,4,84,8.4,10,87,6.8,292,74,41,67,0.8,0,0,d,804,Overcast clouds,c04d,19
2026/7/3 19:15,0.01,27.4,31.4,86,24.8,996,3.9,80,8.3,12,87,3.7,293.4,56,30,50,0.8,0,0,d,804,Overcast clouds,c04d,19
2026/7/3 19:30,0.01,27.4,31.3,85,24.7,996,3.8,76,8.2,10,87,0.5,294.9,37,20,33,0.8,0,0,d,804,Overcast clouds,c04n,19
2026/7/3 19:45,0.01,27.4,31.1,84,24.5,997,3.7,72,8.1,10,87,-2.6,296.3,19,10,17,0,0,0,d,804,Overcast clouds,c04n,19
2026/7/3 20:00,0.01,27.4,31.1,84,24.5,997,3.6,68,8,12,87,-5.8,297.8,0,0,0,0,0,0,n,804,Overcast clouds,c04n,20
2026/7/3 20:15,0,27.4,31.1,84,24.5,997,3.6,68,7.9,12,87,-8.7,299.6,0,0,0,0,0.25,0,n,804,Overcast clouds,c04n,20
2026/7/3 20:30,0,27.4,31.3,85,24.7,997,3.6,69,7.8,10,88,-11.7,301.4,0,0,0,0,0.5,0,n,301,Drizzle,d02n,20
2026/7/3 20:45,0,27.4,31.4,86,24.8,997,3.6,70,7.7,10,88,-14.6,303.2,0,0,0,0,0.5,0,n,301,Drizzle,d02n,20
2026/7/3 21:00,0,27.4,31.4,86,24.8,997,3.6,70,7.6,10,88,-17.6,305,0,0,0,0,0.5,0,n,301,Drizzle,d02n,21
2026/7/3 21:15,0,27.3,31.1,86,24.7,997,3.7,71,7.5,12,90,-20.3,307.4,0,0,0,0,0.25,0,n,804,Overcast clouds,c04n,21
2026/7/3 21:30,0,27.2,30.8,86,24.7,998,3.8,72,7.4,12,92,-22.9,309.8,0,0,0,0,0,0,n,804,Overcast clouds,c04n,21
2026/7/3 21:45,0,27.1,30.6,86,24.6,998,3.9,73,7.3,13,93,-25.6,312.2,0,0,0,0,0,0,n,804,Overcast clouds,c04n,21
2026/7/3 22:00,0,27,30.3,86,24.5,998,4,74,7.2,14,95,-28.3,314.6,0,0,0,0,0,0,n,804,Overcast clouds,c04n,22
2026/7/3 22:15,0,26.9,30.1,86,24.4,998,4.1,74,7.3,14,95,-30.5,317.8,0,0,0,0,0,0,n,804,Overcast clouds,c04n,22
2026/7/3 22:30,0,26.9,30,87,24.5,998,4.2,74,7.4,10,96,-32.6,321,0,0,0,0,0,0,n,804,Overcast clouds,c04n,22
2026/7/3 22:45,0,26.8,29.9,88,24.6,998,4.3,74,7.5,10,96,-34.8,324.1,0,0,0,0,0,0,n,804,Overcast clouds,c04n,22
2026/7/3 23:00,0,26.7,29.7,88,24.5,998,4.4,74,7.6,10,96,-37,327.3,0,0,0,0,0,0,n,804,Overcast clouds,c04n,23
2026/7/3 23:15,0.01,26.7,29.7,88,24.5,998,4.4,74,7.7,12,94,-38.5,331.4,0,0,0,0,0,0,n,804,Overcast clouds,c04n,23
2026/7/3 23:30,0,26.7,29.7,88,24.5,998,4.4,74,7.8,10,92,-39.9,335.5,0,0,0,0,0,0,n,804,Overcast clouds,c04n,23
2026/7/3 23:45,0,26.7,29.7,88,24.5,997,4.4,74,7.9,10,91,-41.4,339.6,0,0,0,0,0,0,n,804,Overcast clouds,c04n,23
2026/7/4 0:00,0,26.7,29.7,88,24.5,997,4.4,74,8,10,89,-42.8,343.7,0,0,0,0,0,0,n,804,Overcast clouds,c04n,0
2026/7/4 0:15,0.01,26.7,29.7,88,24.5,997,4.3,74,8,12,91,-43.2,258.4,0,0,0,0,0,0,n,804,Overcast clouds,c04n,0
2026/7/4 0:30,0.01,26.7,29.6,87,24.4,997,4.2,74,8,10,92,-43.6,173.2,0,0,0,0,0,0,n,804,Overcast clouds,c04n,0
2026/7/4 0:45,0,26.7,29.6,86,24.2,997,4.1,74,8,10,94,-44.1,87.9,0,0,0,0,0,0,n,804,Overcast clouds,c04n,0
2026/7/4 1:00,0,26.7,29.6,86,24.2,997,4,74,8,10,96,-44.5,2.7,0,0,0,0,0,0,n,804,Overcast clouds,c04n,1
2026/7/4 1:15,0.01,26.6,27.6,86,24.1,997,4,72,7.9,10,96,-43.7,7.3,0,0,0,0,0,0,n,804,Overcast clouds,c04n,1
2026/7/4 1:30,0.01,26.5,27.5,87,24.2,997,4,70,7.8,10,96,-43,12,0,0,0,0,0,0,n,804,Overcast clouds,c04n,1
2026/7/4 1:45,0,26.4,27.4,88,24.2,996,4,68,7.7,10,96,-42.3,16.6,0,0,0,0,0,0,n,804,Overcast clouds,c04n,1
2026/7/4 2:00,0.01,26.3,27.3,88,24.2,996,4,66,7.6,10,96,-41.6,21.2,0,0,0,0,0,0,n,804,Overcast clouds,c04n,2
2026/7/4 2:15,0,26.4,27.4,88,24.2,996,4.1,64,7.7,12,97,-39.9,25.1,0,0,0,0,0,0,n,804,Overcast clouds,c04n,2
2026/7/4 2:30,0,26.5,27.5,87,24.2,996,4.2,61,7.8,13,98,-38.2,28.9,0,0,0,0,0,0,n,804,Overcast clouds,c04n,2
2026/7/4 2:45,0.01,26.6,27.6,86,24.1,995,4.3,58,7.9,13,98,-36.5,32.8,0,0,0,0,0,0,n,804,Overcast clouds,c04n,2
2026/7/4 3:00,0,26.7,29.6,86,24.2,995,4.4,56,8,14,99,-34.8,36.6,0,0,0,0,0,0,n,804,Overcast clouds,c04n,3
2026/7/4 3:15,0,26.6,27.6,86,24.1,995,4.3,56,8,14,97,-32.5,39.5,0,0,0,0,0,0,n,804,Overcast clouds,c04n,3
2026/7/4 3:30,0,26.5,27.5,87,24.2,995,4.2,55,8,15,95,-30.2,42.5,0,0,0,0,0,0,n,804,Overcast clouds,c04n,3
2026/7/4 3:45,0.01,26.4,27.4,88,24.2,995,4.1,54,8,15,93,-27.8,45.4,0,0,0,0,0,0,n,804,Overcast clouds,c04n,3
2026/7/4 4:00,0,26.3,27.3,88,24.2,995,4,54,8,16,91,-25.5,48.4,0,0,0,0,0,0,n,804,Overcast clouds,c04n,4
2026/7/4 4:15,0.01,26.3,27.3,88,24.2,995,4.1,54,8.1,16,86,-22.7,50.6,0,0,0,0,0,0,n,804,Overcast clouds,c04n,4
2026/7/4 4:30,0,26.3,27.3,88,24.2,995,4.2,54,8.2,16,82,-19.9,52.8,0,0,0,0,0,0,n,804,Overcast clouds,c04n,4
2026/7/4 4:45,0,26.3,27.3,88,24.2,995,4.3,54,8.3,16,77,-17.2,55,0,0,0,0,0.25,0,n,804,Overcast clouds,c04n,4
2026/7/4 5:00,0,26.3,27.3,88,24.2,995,4.4,54,8.4,16,72,-14.4,57.2,0,0,0,0,0.5,0,n,301,Drizzle,d02n,5
2026/7/4 5:15,0,26.4,27.4,88,24.2,995,4.6,54,8.7,16,78,-11.4,58.9,0,0,0,0,0.5,0,n,301,Drizzle,d02n,5
2026/7/4 5:30,0,26.5,27.5,88,24.3,995,4.8,54,9,10,84,-8.4,60.6,0,0,0,0,0.5,0,n,301,Drizzle,d02n,5
2026/7/4 5:45,0.01,26.6,27.6,88,24.4,995,5,54,9.3,10,89,-5.4,62.3,0,0,0,0,0.25,0,n,804,Overcast clouds,c04n,5
2026/7/4 6:00,0.11,26.7,29.7,88,24.5,995,5.2,54,9.6,12,95,-2.4,64,0,0,0,0,0,0,n,804,Overcast clouds,c04n,6
2026/7/4 6:15,0.89,26.7,29.7,88,24.5,995,5.3,54,9.7,12,95,0.8,65.4,32,13,18,0.7,0,0,d,804,Overcast clouds,c04n,6
2026/7/4 6:30,3.46,26.7,29.7,88,24.5,995,5.4,53,9.8,10,94,4,66.7,64,26,38,0.7,0,0,d,804,Overcast clouds,c04d,6
2026/7/4 6:45,19.55,26.7,29.7,88,24.5,995,5.5,52,9.9,10,94,7.2,68.1,97,39,57,0.7,0,0,d,804,Overcast clouds,c04d,6
2026/7/4 7:00,12.33,26.7,29.7,88,24.5,995,5.6,52,10,10,94,10.4,69.4,129,52,76,0.7,0,0,d,804,Overcast clouds,c04d,7
2026/7/4 7:15,6.76,26.7,29.7,88,24.5,995,5.6,54,10.2,12,90,13.7,70.5,185,59,113,0.8,0.25,0,d,804,Overcast clouds,c04d,7
2026/7/4 7:30,14.57,26.7,29.7,88,24.5,995,5.6,56,10.4,10,86,16.9,71.7,240,67,93,1,0.5,0,d,301,Drizzle,d02d,7
2026/7/4 7:45,15.08,26.7,29.7,88,24.5,995,5.6,58,10.6,10,83,20.2,72.8,296,74,133,1.1,0.25,0,d,804,Overcast clouds,c04d,7
2026/7/4 8:00,53.74,26.7,29.7,88,24.5,995,5.6,60,10.8,10,79,23.5,73.9,352,81,184,1.3,0,0,d,804,Overcast clouds,c04d,8
2026/7/4 8:15,73.19,26.6,27.6,88,24.4,995,5.7,60,10.9,12,83,26.9,74.8,408,85,184,1.3,0,0,d,804,Overcast clouds,c04d,8
2026/7/4 8:30,59.1,26.5,27.5,88,24.3,995,5.8,60,11,10,87,30.2,75.8,464,90,170,1.4,0,0,d,804,Overcast clouds,c04d,8
2026/7/4 8:45,67.41,26.4,27.4,88,24.2,995,5.9,60,11.1,10,91,33.6,76.7,521,95,143,1.5,0.25,0,d,804,Overcast clouds,c04d,8
2026/7/4 9:00,29.18,26.3,27.3,88,24.2,995,6,60,11.2,12,95,36.9,77.7,577,99,100,1.5,0.5,0,d,301,Drizzle,d02d,9
2026/7/4 9:15,39.12,26.8,29.7,86,24.2,995,6.1,57,11.7,12,96,40.3,78.5,627,102,191,1.7,0.5,0,d,301,Drizzle,d02d,9
2026/7/4 9:30,36.77,27.2,30.6,84,24.3,995,6.2,54,12.2,10,98,43.7,79.4,677,105,162,1.8,0.5,0,d,301,Drizzle,d02d,9
2026/7/4 9:45,35.98,27.7,31.5,82,24.3,995,6.3,51,12.7,10,99,47.1,80.2,727,109,149,2,0.5,0,d,301,Drizzle,d02d,9
2026/7/4 10:00,59.47,28.1,32.4,80,24.3,995,6.4,48,13.2,10,100,50.5,81,776,112,131,2.1,0.5,0,d,301,Drizzle,d02d,10
2026/7/4 10:15,118.21,28.1,32.4,80,24.3,995,6.4,50,13,12,100,54,81.8,815,114,134,2.3,0.5,0,d,301,Drizzle,d02d,10
2026/7/4 10:30,160.38,28.1,32.5,81,24.5,995,6.4,51,12.8,10,100,57.4,82.5,853,116,136,2.5,0.5,0,d,301,Drizzle,d02d,10
2026/7/4 10:45,131.07,28.1,32.7,82,24.7,994,6.4,52,12.6,10,100,60.8,83.3,892,118,139,2.8,0.25,0,d,804,Overcast clouds,c04d,10
2026/7/4 11:00,111.94,28.1,32.7,82,24.7,994,6.4,54,12.4,10,100,64.3,84,930,120,142,3,0,0,d,804,Overcast clouds,c04d,11
2026/7/4 11:15,101.04,28,32.5,82,24.7,994,6.3,57,12.2,12,100,67.7,84.6,953,121,143,3.1,0,0,d,804,Overcast clouds,c04d,11
2026/7/4 11:30,3.94,28,32.4,83,24.8,994,6.2,60,12,10,100,71.2,85.2,977,122,144,3.3,0,0,d,804,Overcast clouds,c04d,11
2026/7/4 11:45,4.02,27.9,32.4,84,24.9,994,6.1,63,11.8,10,100,74.6,85.8,1000,123,145,3.4,0.25,0,d,804,Overcast clouds,c04d,11
2026/7/4 12:00,4.01,27.8,32.2,84,24.8,994,6,66,11.6,10,100,78.1,86.4,1024,124,147,3.6,0.5,0,d,301,Drizzle,d02d,12
2026/7/4 12:15,3.95,27.6,31.8,85,24.8,994,6,71,11.6,12,100,80.6,134.1,1030,125,133,3.6,1.25,0,d,500,Light rain,r01d,12
2026/7/4 12:30,3.92,27.4,31.4,86,24.8,994,6,76,11.6,8,100,83.1,181.8,1036,125,124,3.7,2,0,d,500,Light rain,r01d,12
2026/7/4 12:45,79.84,27.2,31,87,24.8,994,6,81,11.6,8,100,85.6,229.4,1043,125,102,3.7,3.75,0,d,500,Light rain,r01d,12
2026/7/4 13:00,145.34,27,30.5,88,24.8,994,6,86,11.6,7,100,88.1,277.1,1049,125,88,3.7,5.5,0,d,501,Moderate rain,r02d,13
2026/7/4 13:15,36.35,26.8,30.1,89,24.9,994,5.8,87,11.6,7,100,84.6,276.4,1038,125,83,3.7,6.25,0,d,501,Moderate rain,r02d,13
2026/7/4 13:30,22.43,26.7,27.7,90,24.9,994,5.6,88,11.6,10,100,81.2,275.6,1027,124,78,3.6,7,0,d,501,Moderate rain,r02d,13
2026/7/4 13:45,47.12,26.5,27.6,91,24.9,993,5.4,89,11.6,10,100,77.7,274.9,1016,124,82,3.5,6.25,0,d,201,Thunderstorm with rain,t02d,13
2026/7/4 14:00,27.14,26.3,27.4,92,24.9,993,5.2,90,11.6,12,100,74.3,274.1,1004,123,86,3.4,5.5,0,d,201,Thunderstorm with rain,t02d,14
2026/7/4 14:15,20.16,26.3,27.4,92,24.9,993,5.1,85,11.2,12,100,70.8,274.8,977,122,95,3.3,4,0,d,501,Moderate rain,r02d,14
2026/7/4 14:30,24.07,26.3,27.4,92,24.9,993,5,80,10.8,10,100,67.4,275.4,949,121,112,3.1,2.5,0,d,500,Light rain,r01d,14
2026/7/4 14:45,52.94,26.3,27.4,92,24.9,992,4.9,75,10.4,10,100,63.9,276.1,921,119,122,2.9,1.5,0,d,500,Light rain,r01d,14
2026/7/4 15:00,86.38,26.3,27.4,92,24.9,992,4.8,70,10,10,100,60.5,276.7,893,118,138,2.7,0.5,0,d,301,Drizzle,d02d,15
2026/7/4 15:15,5.56,26.6,27.7,92,25.2,992,4.9,72,10.7,12,100,57.1,277.5,851,116,134,2.5,1,0,d,500,Light rain,r01d,15
2026/7/4 15:30,3.92,26.9,30.4,91,25.3,992,5,73,11.4,7,100,53.6,278.3,809,113,113,2.3,1.5,0,d,500,Light rain,r01d,15
2026/7/4 15:45,4,27.1,31.1,90,25.3,992,5.1,74,12.1,7,100,50.2,279,767,111,126,2.1,1,0,d,200,Thunderstorm with light rain,t01d,15
2026/7/4 16:00,3.87,27.4,31.9,90,25.6,992,5.2,76,12.8,7,100,46.8,279.8,725,109,122,1.9,0.5,0,d,231,Thunderstorm with drizzle,t04d,16
2026/7/4 16:15,3.92,27.5,31.9,88,25.3,992,5.3,79,12.8,6,100,43.4,280.7,673,105,118,1.7,0.5,0,d,231,Thunderstorm with drizzle,t04d,16
2026/7/4 16:30,3.95,27.6,32.1,87,25.2,992,5.4,82,12.8,3,100,40,281.5,621,102,114,1.5,0.5,0,d,231,Thunderstorm with drizzle,t04d,16
2026/7/4 16:45,3.88,27.7,32.2,86,25.1,991,5.5,85,12.8,3,100,36.6,282.4,569,98,97,1.4,1.25,0,d,200,Thunderstorm with light rain,t01d,16
2026/7/4 17:00,3.92,27.8,32.2,84,24.8,991,5.6,88,12.8,7,100,33.2,283.3,516,95,87,1.2,2,0,d,200,Thunderstorm with light rain,t01d,17
2026/7/4 17:15,3.93,27.4,31.5,86,24.9,991,5.8,90,13,8,100,29.9,284.3,459,90,84,1.1,1.75,0,d,200,Thunderstorm with light rain,t01d,17
2026/7/4 17:30,3.89,27.1,30.6,87,24.7,992,6,91,13.2,8,100,26.5,285.2,402,85,81,1,1.5,0,d,200,Thunderstorm with light rain,t01d,17
2026/7/4 17:45,3.92,26.7,29.7,88,24.5,992,6.2,92,13.4,9,100,23.2,286.2,345,79,77,0.9,1.25,0,d,500,Light rain,r01d,17
2026/7/4 18:00,17.08,26.3,27.3,90,24.5,992,6.4,94,13.6,9,100,19.9,287.2,288,74,80,0.8,1,0,d,500,Light rain,r01d,18
2026/7/4 18:15,11.26,26.4,27.4,90,24.6,992,6.5,96,14.3,10,100,16.6,288.4,235,66,71,0.7,0.75,0,d,301,Drizzle,d02d,18
2026/7/4 18:30,3.92,26.5,27.5,89,24.5,992,6.6,97,15,10,100,13.3,289.6,181,57,61,0.7,0.5,0,d,301,Drizzle,d02d,18
2026/7/4 18:45,6.31,26.6,27.6,88,24.4,992,6.7,98,15.7,10,100,10.1,290.7,128,49,51,0.7,0.25,0,d,804,Overcast clouds,c04d,18
2026/7/4 19:00,3.16,26.7,29.7,88,24.5,992,6.8,100,16.4,10,100,6.8,291.9,74,41,42,0.6,0,0,d,804,Overcast clouds,c04d,19
2026/7/4 19:15,1.86,26.7,29.7,88,24.5,992,6.8,100,15.8,12,100,3.7,293.3,56,30,31,0.6,0,0,d,804,Overcast clouds,c04d,19
2026/7/4 19:30,0.24,26.7,29.7,88,24.5,993,6.8,99,15.2,13,100,0.5,294.8,37,20,21,0.6,0,0,d,804,Overcast clouds,c04n,19
2026/7/4 19:45,0.04,26.7,29.7,88,24.5,993,6.8,98,14.6,13,100,-2.6,296.2,19,10,10,0,0,0,d,804,Overcast clouds,c04n,19
2026/7/4 20:00,0,26.7,29.7,88,24.5,993,6.8,98,14,14,100,-5.8,297.7,0,0,0,0,0,0,n,804,Overcast clouds,c04n,20
2026/7/4 20:15,0,26.6,27.6,88,24.4,993,6.8,96,14.1,14,100,-8.7,299.5,0,0,0,0,0,0,n,804,Overcast clouds,c04n,20
2026/7/4 20:30,0,26.5,27.5,89,24.5,993,6.8,94,14.2,10,100,-11.7,301.3,0,0,0,0,0,0,n,804,Overcast clouds,c04n,20
2026/7/4 20:45,0,26.4,27.4,90,24.6,993,6.8,92,14.3,10,100,-14.7,303.1,0,0,0,0,0,0,n,804,Overcast clouds,c04n,20
2026/7/4 21:00,0,26.3,27.3,90,24.5,993,6.8,90,14.4,11,100,-17.6,304.9,0,0,0,0,0,0,n,804,Overcast clouds,c04n,21
2026/7/4 21:15,0,26.2,27.2,90,24.4,993,7.1,90,14.6,11,100,-20.3,307.3,0,0,0,0,0,0,n,804,Overcast clouds,c04n,21
2026/7/4 21:30,0,26.1,27.1,91,24.5,993,7.4,89,14.8,10,100,-23,309.7,0,0,0,0,0,0,n,804,Overcast clouds,c04n,21
2026/7/4 21:45,0,26,27.1,92,24.6,993,7.7,88,15,10,100,-25.6,312.1,0,0,0,0,0,0,n,804,Overcast clouds,c04n,21
2026/7/4 22:00,0,25.9,26.9,92,24.5,993,8,88,15.2,12,100,-28.3,314.5,0,0,0,0,0,0,n,804,Overcast clouds,c04n,22
2026/7/4 22:15,0,25.9,26.9,92,24.5,993,8.2,90,15.4,12,100,-30.5,317.7,0,0,0,0,0.25,0,n,804,Overcast clouds,c04n,22
2026/7/4 22:30,0,25.9,26.9,92,24.5,993,8.4,91,15.6,12,100,-32.7,320.8,0,0,0,0,0.5,0,n,301,Drizzle,d02n,22
2026/7/4 22:45,0,25.9,26.9,92,24.5,993,8.6,92,15.8,12,100,-34.9,324,0,0,0,0,0.75,0,n,301,Drizzle,d02n,22
2026/7/4 23:00,0,25.9,26.9,92,24.5,993,8.8,94,16,13,100,-37.1,327.2,0,0,0,0,1,0,n,500,Light rain,r01n,23
2026/7/4 23:15,0,25.8,26.9,92,24.4,993,8.7,94,15.8,13,100,-38.5,331.3,0,0,0,0,0.75,0,n,301,Drizzle,d02n,23
2026/7/4 23:30,0,25.8,26.8,93,24.5,993,8.6,95,15.6,16,100,-40,335.4,0,0,0,0,0.5,0,n,301,Drizzle,d02n,23
2026/7/4 23:45,0,25.7,26.8,94,24.6,993,8.5,96,15.4,16,100,-41.4,339.5,0,0,0,0,0.5,0,n,301,Drizzle,d02n,23
2026/7/5 0:00,0,25.6,26.7,94,24.6,993,8.4,96,15.2,16,100,-42.9,343.6,0,0,0,0,0.5,0,n,301,Drizzle,d02n,0
2026/7/5 0:15,0,25.6,26.7,94,24.6,993,8.3,96,15,16,100,-43.3,258.4,0,0,0,0,1.25,0,n,500,Light rain,r01n,0
2026/7/5 0:30,0.01,25.6,26.7,94,24.6,993,8.2,97,14.8,10,100,-43.7,173.1,0,0,0,0,2,0,n,500,Light rain,r01n,0
2026/7/5 0:45,0.01,25.6,26.7,94,24.6,992,8.1,98,14.6,10,100,-44.1,87.9,0,0,0,0,2.75,0,n,500,Light rain,r01n,0
2026/7/5 1:00,0,25.6,26.7,94,24.6,992,8,98,14.4,7,100,-44.6,2.6,0,0,0,0,3.5,0,n,500,Light rain,r01n,1
2026/7/5 1:15,0,25.6,26.7,94,24.6,992,8,96,14,7,100,-43.8,7.3,0,0,0,0,3.25,0,n,500,Light rain,r01n,1
2026/7/5 1:30,0,25.6,26.7,94,24.6,992,8,95,13.6,8,100,-43.1,11.9,0,0,0,0,3,0,n,500,Light rain,r01n,1
2026/7/5 1:45,0,25.6,26.7,94,24.6,991,8,94,13.2,8,100,-42.4,16.6,0,0,0,0,3,0,n,500,Light rain,r01n,1
2026/7/5 2:00,0.01,25.6,26.7,94,24.6,991,8,92,12.8,7,100,-41.7,21.2,0,0,0,0,3,0,n,500,Light rain,r01n,2
2026/7/5 2:15,0,25.6,26.7,94,24.6,991,8.2,91,14.2,7,100,-40,25.1,0,0,0,0,2.75,0,n,500,Light rain,r01n,2
2026/7/5 2:30,0,25.6,26.7,95,24.7,991,8.4,90,15.6,10,100,-38.3,28.9,0,0,0,0,2.5,0,n,500,Light rain,r01n,2
2026/7/5 2:45,0.01,25.6,26.7,96,24.9,990,8.6,89,17,10,100,-36.6,32.8,0,0,0,0,2.5,0,n,500,Light rain,r01n,2
2026/7/5 3:00,0,25.6,26.7,96,24.9,990,8.8,88,18.4,6,100,-34.9,36.6,0,0,0,0,2.5,0,n,500,Light rain,r01n,3
2026/7/5 3:15,0,25.6,26.7,96,24.9,990,8.9,87,18.9,6,100,-32.6,39.6,0,0,0,0,2.5,0,n,500,Light rain,r01n,3
2026/7/5 3:30,0,25.6,26.7,96,24.9,990,9,86,19.4,4,100,-30.2,42.5,0,0,0,0,2.5,0,n,500,Light rain,r01n,3
2026/7/5 3:45,0.01,25.6,26.7,96,24.9,990,9.1,85,19.9,4,100,-27.9,45.5,0,0,0,0,2.75,0,n,500,Light rain,r01n,3
2026/7/5 4:00,0,25.6,26.7,96,24.9,990,9.2,84,20.4,3,100,-25.6,48.4,0,0,0,0,3,0,n,500,Light rain,r01n,4
2026/7/5 4:15,0,25.6,26.7,96,24.9,990,9.3,82,20.5,2,100,-22.8,50.6,0,0,0,0,3.75,0,n,500,Light rain,r01n,4
2026/7/5 4:30,0,25.6,26.7,96,24.9,989,9.4,81,20.6,8,100,-20,52.8,0,0,0,0,4.5,0,n,501,Moderate rain,r02n,4
2026/7/5 4:45,0,25.6,26.7,96,24.9,989,9.5,80,20.7,8,100,-17.3,55,0,0,0,0,3.75,0,n,500,Light rain,r01n,4
2026/7/5 5:00,0,25.6,26.7,96,24.9,988,9.6,78,20.8,8,100,-14.5,57.3,0,0,0,0,3,0,n,500,Light rain,r01n,5
2026/7/5 5:15,0,25.6,26.7,95,24.7,988,9.7,80,20.4,7,100,-11.5,59,0,0,0,0,3.5,0,n,500,Light rain,r01n,5
2026/7/5 5:30,0,25.6,26.7,94,24.6,988,9.8,83,20,6,100,-8.5,60.7,0,0,0,0,4,0,n,501,Moderate rain,r02n,5
2026/7/5 5:45,0.01,25.6,26.6,93,24.4,988,9.9,86,19.6,6,100,-5.4,62.4,0,0,0,0,3.75,0,n,500,Light rain,r01n,5
2026/7/5 6:00,0.01,25.6,26.6,92,24.2,988,10,88,19.2,5,100,-2.4,64.1,0,0,0,0,3.5,0,n,500,Light rain,r01n,6
2026/7/5 6:15,0,25.6,26.6,92,24.2,988,10,92,18,5,100,0.8,65.4,32,13,10,0.6,3.75,0,d,500,Light rain,r01n,6
2026/7/5 6:30,0.84,25.6,26.6,92,24.2,988,10,96,16.8,5,100,3.9,66.8,64,26,20,0.6,4,0,d,501,Moderate rain,r02d,6
2026/7/5 6:45,0.72,25.6,26.6,92,24.2,988,10,100,15.6,5,100,7.1,68.1,96,39,30,0.6,4,0,d,501,Moderate rain,r02d,6
2026/7/5 7:00,1.42,25.6,26.6,92,24.2,988,10,104,14.4,5,100,10.3,69.5,128,52,40,0.7,4,0,d,501,Moderate rain,r02d,7
2026/7/5 7:15,2.24,25.6,26.6,92,24.2,988,9.7,104,13.2,9,100,13.6,70.6,183,59,45,0.7,4.25,0,d,201,Thunderstorm with rain,t02d,7
2026/7/5 7:30,3.47,25.6,26.6,93,24.4,988,9.4,105,12,10,100,16.9,71.7,239,66,50,0.7,4.5,0,d,501,Moderate rain,r02d,7
2026/7/5 7:45,9.24,25.6,26.7,94,24.6,987,9.1,106,10.8,11,100,20.2,72.9,295,74,57,0.8,4,0,d,501,Moderate rain,r02d,7
2026/7/5 8:00,10.68,25.6,26.7,94,24.6,987,8.8,106,9.6,12,100,23.5,74,350,81,65,0.9,3.5,0,d,500,Light rain,r01d,8
2026/7/5 8:15,5.56,25.5,26.6,94,24.5,987,8.4,104,9.4,13,100,26.8,74.9,407,85,68,1,3.5,0,d,500,Light rain,r01d,8
2026/7/5 8:30,1.66,25.4,26.5,95,24.5,987,8,103,9.2,3,100,30.2,75.9,463,90,72,1.1,3.5,0,d,500,Light rain,r01d,8
2026/7/5 8:45,3,25.3,26.4,96,24.6,987,7.6,102,9,3,100,33.5,76.8,520,95,76,1.2,3.5,0,d,500,Light rain,r01d,8
2026/7/5 9:00,3.79,25.2,26.3,96,24.5,987,7.2,100,8.8,7,100,36.9,77.8,576,99,79,1.4,3.5,0,d,500,Light rain,r01d,9
2026/7/5 9:15,5.64,25.5,26.6,95,24.6,987,6.7,103,8.9,8,100,40.3,78.6,626,102,79,1.5,4,0,d,501,Moderate rain,r02d,9
2026/7/5 9:30,3.86,25.8,26.8,94,24.7,987,6.2,106,9,5,100,43.7,79.5,676,105,79,1.7,4.5,0,d,501,Moderate rain,r02d,9
2026/7/5 9:45,8.49,26,27.1,93,24.8,987,5.7,109,9.1,5,100,47.1,80.3,726,108,77,1.9,5.25,0,d,501,Moderate rain,r02d,9
2026/7/5 10:00,22.23,26.3,27.4,92,24.9,987,5.2,112,9.2,5,100,50.5,81.2,776,112,76,2.1,6,0,d,501,Moderate rain,r02d,10
2026/7/5 10:15,26.79,26.1,27.2,93,24.9,987,4.6,118,9.4,9,100,53.9,81.9,814,114,86,2.3,4.5,0,d,501,Moderate rain,r02d,10
2026/7/5 10:30,34.04,26,27.1,94,24.9,987,4,125,9.6,9,100,57.4,82.7,853,116,100,2.5,3,0,d,500,Light rain,r01d,10
2026/7/5 10:45,36.86,25.8,26.9,95,24.9,987,3.4,132,9.8,9,100,60.8,83.5,891,118,111,2.7,2.25,0,d,500,Light rain,r01d,10
2026/7/5 11:00,37.96,25.6,26.7,96,24.9,987,2.8,138,10,10,100,64.2,84.2,930,120,123,3,1.5,0,d,500,Light rain,r01d,11
2026/7/5 11:15,25.72,25.5,26.6,96,24.8,987,2.4,154,10.3,11,100,67.7,84.9,953,121,143,3.1,1,0,d,500,Light rain,r01d,11
2026/7/5 11:30,55.22,25.4,26.5,96,24.7,987,2,170,10.6,9,100,71.1,85.5,976,122,145,3.3,0.5,0,d,301,Drizzle,d02d,11
2026/7/5 11:45,57.48,25.3,26.4,96,24.6,986,1.6,186,10.9,9,100,74.6,86.2,1000,123,147,3.4,1,0,d,500,Light rain,r01d,11
2026/7/5 12:00,88.54,25.2,26.3,96,24.5,986,1.2,202,11.2,10,100,78,86.9,1023,124,130,3.6,1.5,0,d,500,Light rain,r01d,12
2026/7/5 12:15,41.06,25.3,26.4,96,24.6,986,1.9,210,11.5,10,100,80.6,133.7,1030,125,134,3.6,1.25,0,d,500,Light rain,r01d,12
2026/7/5 12:30,65.77,25.4,26.5,95,24.5,986,2.6,218,11.8,8,100,83.1,180.6,1036,125,150,3.7,1,0,d,500,Light rain,r01d,12
2026/7/5 12:45,39.89,25.5,26.6,94,24.5,986,3.3,226,12.1,6,100,85.6,227.5,1043,125,129,3.7,1.75,0,d,500,Light rain,r01d,12
2026/7/5 13:00,77.34,25.6,26.7,94,24.6,986,4,234,12.4,6,100,88.1,274.4,1049,125,119,3.7,2.5,0,d,500,Light rain,r01d,13
2026/7/5 13:15,44.66,25.6,26.7,94,24.6,986,4.5,235,12.4,6,100,84.7,274.3,1038,125,119,3.7,2.5,0,d,500,Light rain,r01d,13
2026/7/5 13:30,44.83,25.6,26.7,94,24.6,987,5,236,12.4,3,100,81.2,274.1,1027,124,118,3.6,2.5,0,d,500,Light rain,r01d,13
2026/7/5 13:45,60.77,25.6,26.7,94,24.6,987,5.5,237,12.4,3,100,77.8,273.9,1016,124,127,3.5,1.75,0,d,500,Light rain,r01d,13
2026/7/5 14:00,49.44,25.6,26.7,94,24.6,987,6,238,12.4,3,100,74.3,273.8,1005,123,147,3.4,1,0,d,500,Light rain,r01d,14
2026/7/5 14:15,36.73,25.6,26.7,94,24.6,987,6.1,236,12.7,3,100,70.9,274.5,977,122,127,3.3,1.5,0,d,500,Light rain,r01d,14
2026/7/5 14:30,25.24,25.6,26.7,94,24.6,987,6.2,233,13,1,100,67.4,275.2,949,121,119,3.1,2,0,d,500,Light rain,r01d,14
2026/7/5 14:45,16.37,25.6,26.7,94,24.6,987,6.3,230,13.3,1,100,64,275.8,921,119,123,2.9,1.5,0,d,500,Light rain,r01d,14
2026/7/5 15:00,25.13,25.6,26.7,94,24.6,987,6.4,228,13.6,1,100,60.5,276.5,893,118,139,2.7,1,0,d,500,Light rain,r01d,15
2026/7/5 15:15,26.26,25.8,26.9,94,24.7,987,6.6,228,13.5,1,100,57.1,277.3,852,116,121,2.5,1.25,0,d,500,Light rain,r01d,15
2026/7/5 15:30,14.94,26,27,93,24.7,988,6.8,227,13.4,2,100,53.7,278.1,810,113,114,2.3,1.5,0,d,500,Light rain,r01d,15
2026/7/5 15:45,30.04,26.1,27.2,92,24.7,988,7,226,13.3,2,100,50.2,278.9,768,111,112,2.1,1.5,0,d,500,Light rain,r01d,15
2026/7/5 16:00,29.19,26.3,27.4,92,24.9,988,7.2,226,13.2,2,100,46.8,279.7,726,109,108,1.9,1.5,0,d,500,Light rain,r01d,16
2026/7/5 16:15,21.74,26.3,27.4,92,24.9,988,7.2,226,13.2,7,100,43.4,280.5,673,105,120,1.7,1,0,d,500,Light rain,r01d,16
2026/7/5 16:30,9.57,26.3,27.4,93,25.1,988,7.2,226,13.2,9,100,40,281.4,621,102,115,1.5,0.5,0,d,301,Drizzle,d02d,16
2026/7/5 16:45,8.69,26.3,27.4,94,25.3,988,7.2,226,13.2,10,100,36.6,282.3,569,98,109,1.4,0.5,0,d,301,Drizzle,d02d,16
2026/7/5 17:00,16.21,26.3,27.4,94,25.3,988,7.2,226,13.2,11,100,33.2,283.1,517,95,105,1.2,0.5,0,d,301,Drizzle,d02d,17
2026/7/5 17:15,15.93,26.1,27.2,94,25.1,988,6.8,226,13.2,12,100,29.9,284.1,460,90,99,1.1,1,0,d,500,Light rain,r01d,17
2026/7/5 17:30,26.67,26,27.1,94,24.9,989,6.4,225,13.2,13,100,26.6,285.1,403,85,80,1,1.5,0,d,500,Light rain,r01d,17
2026/7/5 17:45,18.4,25.8,26.9,94,24.7,989,6,224,13.2,15,100,23.2,286.1,346,79,70,0.9,2,0,d,500,Light rain,r01d,17
2026/7/5 18:00,19.85,25.6,26.7,94,24.6,989,5.6,224,13.2,16,100,19.9,287.1,288,74,63,0.8,2.5,0,d,500,Light rain,r01d,18
2026/7/5 18:15,21.19,25.7,26.8,94,24.6,989,5.6,221,13,16,100,16.6,288.3,235,66,54,0.7,3,0,d,500,Light rain,r01d,18
2026/7/5 18:30,20.93,25.8,26.8,93,24.5,990,5.6,218,12.8,16,100,13.3,289.5,181,57,46,0.7,3.5,0,d,500,Light rain,r01d,18
2026/7/5 18:45,14.78,25.8,26.9,92,24.4,990,5.6,215,12.6,16,100,10.1,290.6,128,49,40,0.7,3,0,d,200,Thunderstorm with light rain,t01d,18
2026/7/5 19:00,6.98,25.9,26.9,92,24.5,990,5.6,212,12.4,16,100,6.8,291.8,74,41,35,0.6,2.5,0,d,200,Thunderstorm with light rain,t01d,19
2026/7/5 19:15,4.69,25.9,26.9,92,24.5,990,5.5,211,12.1,16,100,3.7,293.2,56,30,27,0.6,1.5,0,d,200,Thunderstorm with light rain,t01d,19
2026/7/5 19:30,1.41,25.9,27,93,24.7,991,5.4,210,11.8,2,100,0.5,294.7,37,20,20,0.6,0.5,0,d,231,Thunderstorm with drizzle,t04n,19
2026/7/5 19:45,0.05,25.9,27,94,24.9,991,5.3,209,11.5,2,100,-2.6,296.1,19,10,10,0,0.5,0,d,231,Thunderstorm with drizzle,t04n,19
2026/7/5 20:00,0,25.9,27,94,24.9,991,5.2,208,11.2,2,100,-5.8,297.6,0,0,0,0,0.5,0,n,231,Thunderstorm with drizzle,t04n,20
2026/7/5 20:15,0,26,27.1,94,25,991,5.1,208,11,8,100,-8.7,299.4,0,0,0,0,0.5,0,n,231,Thunderstorm with drizzle,t04n,20
2026/7/5 20:30,0,26.1,27.2,94,25.1,992,5,207,10.8,9,100,-11.7,301.2,0,0,0,0,0.5,0,n,231,Thunderstorm with drizzle,t04n,20
2026/7/5 20:45,0,26.2,27.3,94,25.2,992,4.9,206,10.6,10,100,-14.7,303,0,0,0,0,0.75,0,n,231,Thunderstorm with drizzle,t04n,20
2026/7/5 21:00,0,26.3,27.4,94,25.3,992,4.8,206,10.4,11,100,-17.6,304.8,0,0,0,0,1,0,n,500,Light rain,r01n,21
2026/7/5 21:15,0,26.2,27.3,94,25.2,992,4.6,205,10.3,12,100,-20.3,307.2,0,0,0,0,2,0,n,500,Light rain,r01n,21
2026/7/5 21:30,0,26.1,27.2,95,25.2,993,4.4,204,10.2,14,100,-23,309.6,0,0,0,0,3,0,n,200,Thunderstorm with light rain,t01n,21
2026/7/5 21:45,0,26,27.2,96,25.3,993,4.2,203,10.1,14,100,-25.7,312,0,0,0,0,2.5,0,n,200,Thunderstorm with light rain,t01n,21
2026/7/5 22:00,0,25.9,27.1,96,25.2,993,4,202,10,16,100,-28.3,314.4,0,0,0,0,2,0,n,200,Thunderstorm with light rain,t01n,22
2026/7/5 22:15,0,25.8,27,96,25.1,993,3.9,202,9.8,16,100,-30.5,317.6,0,0,0,0,2,0,n,200,Thunderstorm with light rain,t01n,22
2026/7/5 22:30,0,25.8,26.9,97,25.2,993,3.8,202,9.6,4,100,-32.7,320.7,0,0,0,0,2,0,n,200,Thunderstorm with light rain,t01n,22
2026/7/5 22:45,0,25.7,26.9,98,25.3,993,3.7,202,9.4,4,100,-34.9,323.9,0,0,0,0,1.75,0,n,200,Thunderstorm with light rain,t01n,22
2026/7/5 23:00,0,25.6,26.8,98,25.3,993,3.6,202,9.2,4,100,-37.1,327.1,0,0,0,0,1.5,0,n,200,Thunderstorm with light rain,t01n,23
2026/7/5 23:15,0,25.6,26.8,98,25.3,993,3.5,202,8.6,7,100,-38.6,331.2,0,0,0,0,1.25,0,n,200,Thunderstorm with light rain,t01n,23
2026/7/5 23:30,0,25.6,26.8,98,25.3,993,3.4,202,8,8,100,-40.1,335.3,0,0,0,0,1,0,n,200,Thunderstorm with light rain,t01n,23
2026/7/5 23:45,0,25.6,26.8,98,25.3,993,3.3,202,7.4,8,100,-41.5,339.4,0,0,0,0,1.5,0,n,200,Thunderstorm with light rain,t01n,23
2026/7/6 0:00,0,25.6,26.8,98,25.3,993,3.2,202,6.8,8,100,-43,343.5,0,0,0,0,2,0,n,200,Thunderstorm with light rain,t01n,0
2026/7/6 0:15,0,25.6,26.8,98,25.3,993,3.1,200,6.1,11,100,-43.4,258.3,0,0,0,0,2.5,0,n,500,Light rain,r01n,0
2026/7/6 0:30,0,25.6,26.8,98,25.3,993,3,199,5.4,6,100,-43.8,173.1,0,0,0,0,3,0,n,500,Light rain,r01n,0
2026/7/6 0:45,0,25.6,26.8,98,25.3,993,2.9,198,4.7,6,100,-44.2,87.8,0,0,0,0,7.75,0,n,501,Moderate rain,r02n,0
2026/7/6 1:00,0,25.6,26.8,98,25.3,993,2.8,196,4,6,100,-44.7,2.6,0,0,0,0,12.5,0,n,502,Heavy rain,r03n,1
2026/7/6 1:15,0,25.6,26.8,98,25.3,993,2.8,194,3.7,10,100,-43.9,7.2,0,0,0,0,12,0,n,502,Heavy rain,r03n,1
2026/7/6 1:30,0.01,25.6,26.8,98,25.3,993,2.8,191,3.4,6,100,-43.2,11.9,0,0,0,0,11.5,0,n,201,Thunderstorm with rain,t02n,1
2026/7/6 1:45,0,25.6,26.8,98,25.3,992,2.8,188,3.1,6,100,-42.5,16.5,0,0,0,0,12.25,0,n,202,Thunderstorm with heavy rain,t03n,1
2026/7/6 2:00,0.01,25.6,26.8,98,25.3,992,2.8,186,2.8,6,100,-41.8,21.2,0,0,0,0,13,0,n,202,Thunderstorm with heavy rain,t03n,2
2026/7/6 2:15,0.01,25.6,26.8,98,25.3,992,2.8,184,3.6,10,100,-40.1,25.1,0,0,0,0,14.5,0,n,202,Thunderstorm with heavy rain,t03n,2
2026/7/6 2:30,0.01,25.6,26.8,98,25.3,992,2.8,183,4.4,10,100,-38.4,28.9,0,0,0,0,16,0,n,202,Thunderstorm with heavy rain,t03n,2
2026/7/6 2:45,0,25.6,26.8,98,25.3,992,2.8,182,5.2,10,100,-36.7,32.8,0,0,0,0,15.75,0,n,502,Heavy rain,r03n,2
2026/7/6 3:00,0,25.6,26.8,98,25.3,992,2.8,180,6,12,100,-35,36.7,0,0,0,0,15.5,0,n,202,Thunderstorm with heavy rain,t03n,3
2026/7/6 3:15,0.01,25.6,26.8,98,25.3,992,2.7,178,6,12,100,-32.7,39.6,0,0,0,0,11.25,0,n,201,Thunderstorm with rain,t02n,3
2026/7/6 3:30,0.01,25.6,26.8,98,25.3,992,2.6,177,6,10,100,-30.3,42.6,0,0,0,0,7,0,n,201,Thunderstorm with rain,t02n,3
2026/7/6 3:45,0.01,25.6,26.8,98,25.3,992,2.5,176,6,10,100,-28,45.5,0,0,0,0,5.25,0,n,501,Moderate rain,r02n,3
2026/7/6 4:00,0.01,25.6,26.8,98,25.3,992,2.4,174,6,10,100,-25.7,48.5,0,0,0,0,3.5,0,n,500,Light rain,r01n,4
2026/7/6 4:15,0.01,25.6,26.8,98,25.3,992,2.6,172,5.8,12,100,-22.9,50.7,0,0,0,0,3,0,n,500,Light rain,r01n,4
2026/7/6 4:30,0.01,25.6,26.8,98,25.3,992,2.8,170,5.6,10,100,-20.1,52.9,0,0,0,0,2.5,0,n,500,Light rain,r01n,4
2026/7/6 4:45,0,25.6,26.8,98,25.3,992,3,168,5.4,10,100,-17.4,55.1,0,0,0,0,1.75,0,n,500,Light rain,r01n,4
2026/7/6 5:00,0,25.6,26.8,98,25.3,992,3.2,166,5.2,10,100,-14.6,57.3,0,0,0,0,1,0,n,500,Light rain,r01n,5
2026/7/6 5:15,0.01,25.9,27.1,98,25.5,992,3,166,5.2,12,100,-11.6,59,0,0,0,0,0.75,0,n,301,Drizzle,d02n,5
2026/7/6 5:30,0.01,26.2,27.4,97,25.6,992,2.8,165,5.2,13,100,-8.5,60.7,0,0,0,0,0.5,0,n,301,Drizzle,d02n,5
2026/7/6 5:45,0.01,26.4,27.6,96,25.7,992,2.6,164,5.2,13,100,-5.5,62.4,0,0,0,0,0.5,0,n,301,Drizzle,d02n,5
2026/7/6 6:00,0.01,26.7,30.4,96,26,992,2.4,164,5.2,14,100,-2.5,64.2,0,0,0,0,0.5,0,n,301,Drizzle,d02n,6
2026/7/6 6:15,0.08,26.7,30.4,96,26,992,2.6,162,5.3,14,100,0.7,65.5,32,13,13,0.6,0.25,0,d,804,Overcast clouds,c04n,6
2026/7/6 6:30,1.16,26.7,30.4,96,26,992,2.8,161,5.4,10,100,3.9,66.9,63,26,27,0.6,0,0,d,804,Overcast clouds,c04d,6
2026/7/6 6:45,1.85,26.7,30.4,96,26,992,3,160,5.5,10,100,7,68.2,95,39,40,0.6,0,0,d,804,Overcast clouds,c04d,6
2026/7/6 7:00,6.14,26.7,30.4,96,26,992,3.2,158,5.6,10,100,10.2,69.6,127,52,53,0.7,0,0,d,804,Overcast clouds,c04d,7
2026/7/6 7:15,12.09,26.8,30.7,96,26.1,992,3.2,158,5.7,12,100,13.5,70.7,182,59,61,0.7,0,0,d,804,Overcast clouds,c04d,7
2026/7/6 7:30,15.2,26.9,30.8,95,26,993,3.2,159,5.8,13,100,16.8,71.8,238,66,69,0.7,0,0,d,804,Overcast clouds,c04d,7
2026/7/6 7:45,20.42,26.9,30.9,94,25.9,993,3.2,160,5.9,13,99,20.1,72.9,294,73,86,0.8,0.5,0,d,301,Drizzle,d02d,7
2026/7/6 8:00,22.5,27,31.2,94,25.9,993,3.2,160,6,14,99,23.4,74.1,349,81,97,0.9,1,0,d,500,Light rain,r01d,8
2026/7/6 8:15,13.02,27,31.2,94,25.9,993,3.2,163,6.1,14,99,26.7,75,406,85,103,1,1,0,d,500,Light rain,r01d,8
2026/7/6 8:30,11.08,27,31.1,93,25.8,993,3.2,166,6.2,14,99,30.1,76,462,90,112,1.1,1,0,d,500,Light rain,r01d,8
2026/7/6 8:45,5.06,27,30.9,92,25.6,993,3.2,169,6.3,15,99,33.5,76.9,519,94,107,1.2,1.25,0,d,500,Light rain,r01d,8
2026/7/6 9:00,24.15,27,30.9,92,25.6,993,3.2,172,6.4,15,99,36.8,77.9,575,99,112,1.4,1.5,0,d,500,Light rain,r01d,9
2026/7/6 9:15,18.11,27.4,31.8,90,25.6,993,3.3,174,6.7,16,99,40.2,78.8,625,102,132,1.6,1,0,d,500,Light rain,r01d,9
2026/7/6 9:30,16.1,27.8,32.7,88,25.6,993,3.4,177,7,10,98,43.6,79.6,675,105,158,1.8,0.5,0,d,301,Drizzle,d02d,9
2026/7/6 9:45,35.94,28.1,33.4,86,25.6,993,3.5,180,7.3,10,98,47,80.5,725,108,165,2,0.25,0,d,804,Overcast clouds,c04d,9
2026/7/6 10:00,31.7,28.5,34.1,84,25.5,993,3.6,182,7.6,10,98,50.4,81.3,775,112,173,2.2,0,0,d,804,Overcast clouds,c04d,10
2026/7/6 10:15,44.19,28.6,34.4,84,25.6,993,3.6,186,7.5,12,98,53.9,82.1,814,114,178,2.4,0,0,d,804,Overcast clouds,c04d,10
2026/7/6 10:30,60.87,28.7,34.5,83,25.5,993,3.6,189,7.4,10,98,57.3,82.9,852,116,183,2.7,0,0,d,804,Overcast clouds,c04d,10
2026/7/6 10:45,34.76,28.8,34.6,82,25.4,993,3.6,192,7.3,10,98,60.7,83.7,891,118,189,2.9,0.25,0,d,804,Overcast clouds,c04d,10
2026/7/6 11:00,29.43,28.9,34.9,82,25.5,993,3.6,196,7.2,10,98,64.2,84.4,929,120,194,3.1,0.5,0,d,301,Drizzle,d02d,11
2026/7/6 11:15,17.39,29,35.2,82,25.6,993,3.6,196,7.2,12,98,67.6,85.2,953,121,196,3.3,0.25,0,d,804,Overcast clouds,c04d,11
2026/7/6 11:30,24.84,29.1,35.2,81,25.5,993,3.6,195,7.2,10,99,71.1,85.9,976,122,171,3.3,0,0,d,804,Overcast clouds,c04d,11
2026/7/6 11:45,59.17,29.2,35.3,80,25.4,993,3.6,194,7.2,10,100,74.5,86.6,1000,123,143,3.4,0.25,0,d,804,Overcast clouds,c04d,11
2026/7/6 12:00,96.72,29.3,35.6,80,25.5,993,3.6,194,7.2,7,100,78,87.3,1023,124,144,3.6,0.5,0,d,301,Drizzle,d02d,12
2026/7/6 12:15,120.28,29.5,36.1,80,25.7,993,3.5,195,7.2,7,100,80.5,133.3,1030,125,145,3.6,0.5,0,d,301,Drizzle,d02d,12
2026/7/6 12:30,91,29.7,36.6,80,25.8,993,3.4,196,7.2,8,100,83.1,179.3,1036,125,144,3.7,0.5,0,d,301,Drizzle,d02d,12
2026/7/6 12:45,82.39,29.8,36.9,79,25.8,992,3.3,197,7.2,5,99,85.6,225.4,1043,125,176,3.8,0.25,0,d,804,Overcast clouds,c04d,12
2026/7/6 13:00,75.73,30,37.4,79,26,992,3.2,198,7.2,5,99,88.2,271.4,1049,125,175,3.8,0,0,d,804,Overcast clouds,c04d,13
2026/7/6 13:15,95.38,29.6,36.5,80,25.8,992,3.4,194,7.6,4,99,84.7,271.9,1038,125,176,3.8,0,0,d,804,Overcast clouds,c04d,13
2026/7/6 13:30,96.47,29.3,35.4,80,25.4,992,3.6,189,8,10,100,81.3,272.4,1027,124,145,3.6,0,0,d,804,Overcast clouds,c04d,13
2026/7/6 13:45,86.13,28.9,34.6,81,25.3,992,3.8,184,8.4,10,100,77.8,272.9,1016,124,145,3.5,0.25,0,d,804,Overcast clouds,c04d,13
2026/7/6 14:00,5.07,28.5,33.8,82,25.1,992,4,180,8.8,10,100,74.3,273.4,1005,123,145,3.4,0.5,0,d,301,Drizzle,d02d,14
2026/7/6 14:15,3.95,28.3,33.6,84,25.4,992,4,175,8.4,9,100,70.9,274.1,977,122,142,3.3,0.25,0,d,804,Overcast clouds,c04d,14
2026/7/6 14:30,3.85,28.2,33.3,85,25.4,992,4,170,8,10,100,67.4,274.9,949,121,140,3.1,0,0,d,804,Overcast clouds,c04d,14
2026/7/6 14:45,3.91,28,33,86,25.4,992,4,165,7.6,10,100,64,275.6,922,119,137,2.9,0,0,d,804,Overcast clouds,c04d,14
2026/7/6 15:00,3.86,27.8,32.8,88,25.6,992,4,160,7.2,9,100,60.5,276.3,894,118,135,2.7,0,0,d,804,Overcast clouds,c04d,15
2026/7/6 15:15,3.83,27.7,32.7,89,25.7,992,4.1,162,7.5,9,100,57.1,277.1,852,116,132,2.5,0,0,d,804,Overcast clouds,c04d,15
2026/7/6 15:30,3.94,27.6,32.5,90,25.8,992,4.2,164,7.8,13,100,53.7,277.9,810,113,127,2.3,0,0,d,804,Overcast clouds,c04d,15
2026/7/6 15:45,3.86,27.5,32.3,91,25.9,991,4.3,166,8.1,13,100,50.3,278.7,768,111,124,2.1,0,0,d,804,Overcast clouds,c04d,15
2026/7/6 16:00,3.97,27.4,32.2,92,26,991,4.4,168,8.4,14,100,46.8,279.5,726,109,121,1.9,0,0,d,804,Overcast clouds,c04d,16
2026/7/6 16:15,3.88,27.5,32.5,92,26.1,991,4.3,168,8.2,14,100,43.4,280.4,674,105,100,1.7,1.5,0,d,200,Thunderstorm with light rain,t01d,16
2026/7/6 16:30,3.9,27.6,32.8,92,26.2,991,4.2,167,8,8,100,40,281.3,622,102,84,1.5,3,0,d,200,Thunderstorm with light rain,t01d,16
2026/7/6 16:45,3.85,27.7,33.1,92,26.3,991,4.1,166,7.8,8,100,36.6,282.1,569,98,81,1.4,3,0,d,200,Thunderstorm with light rain,t01d,16
2026/7/6 17:00,4.25,27.8,33.4,92,26.4,991,4,166,7.6,8,100,33.3,283,517,95,78,1.2,3,0,d,200,Thunderstorm with light rain,t01d,17
2026/7/6 17:15,3.86,27.7,33,91,26.1,991,3.7,164,7.5,8,100,29.9,284,460,90,74,1.1,3,0,d,200,Thunderstorm with light rain,t01d,17
2026/7/6 17:30,3.85,27.6,32.5,90,25.8,992,3.4,162,7.4,5,100,26.6,285,403,85,70,1,3,0,d,200,Thunderstorm with light rain,t01d,17
2026/7/6 17:45,3.88,27.5,32.1,89,25.5,992,3.1,160,7.3,5,100,23.2,286,346,80,63,0.9,3.75,0,d,200,Thunderstorm with light rain,t01d,17
2026/7/6 18:00,3.87,27.4,31.6,88,25.2,992,2.8,158,7.2,6,100,19.9,287,289,74,55,0.8,4.5,0,d,201,Thunderstorm with rain,t02d,18
2026/7/6 18:15,3.96,27.3,31.4,88,25.1,992,2.9,155,7.1,6,100,16.6,288.2,235,66,52,0.7,3.75,0,d,200,Thunderstorm with light rain,t01d,18
2026/7/6 18:30,3.83,27.2,31.2,89,25.2,992,3,152,7,5,100,13.3,289.4,182,57,47,0.7,3,0,d,200,Thunderstorm with light rain,t01d,18
2026/7/6 18:45,3.89,27.1,31,90,25.3,992,3.1,149,6.9,5,100,10.1,290.5,128,49,42,0.7,2.5,0,d,500,Light rain,r01d,18
2026/7/6 19:00,3.9,27,30.7,90,25.2,992,3.2,146,6.8,5,100,6.8,291.7,74,41,36,0.6,2,0,d,500,Light rain,r01d,19
2026/7/6 19:15,3.89,27,30.7,90,25.2,992,3.3,146,6.9,5,100,3.7,293.1,56,30,27,0.6,1.5,0,d,500,Light rain,r01d,19
2026/7/6 19:30,1.99,27,30.7,90,25.2,993,3.4,147,7,10,100,0.5,294.6,37,20,20,0.6,1,0,d,500,Light rain,r01n,19
2026/7/6 19:45,0.17,27,30.7,90,25.2,993,3.5,148,7.1,10,100,-2.6,296,19,10,10,0,1,0,d,500,Light rain,r01n,19
2026/7/6 20:00,0.02,27,30.7,90,25.2,993,3.6,148,7.2,10,100,-5.8,297.4,0,0,0,0,1,0,n,500,Light rain,r01n,20
2026/7/6 20:15,0,27,30.7,90,25.2,993,3.6,148,7.1,12,100,-8.8,299.3,0,0,0,0,0.75,0,n,301,Drizzle,d02n,20
2026/7/6 20:30,0,27,30.7,90,25.2,993,3.6,148,7,10,100,-11.7,301.1,0,0,0,0,0.5,0,n,301,Drizzle,d02n,20
2026/7/6 20:45,0,27,30.7,90,25.2,993,3.6,148,6.9,10,100,-14.7,302.9,0,0,0,0,0.5,0,n,301,Drizzle,d02n,20
2026/7/6 21:00,0,27,30.7,90,25.2,993,3.6,148,6.8,10,100,-17.7,304.7,0,0,0,0,0.5,0,n,301,Drizzle,d02n,21
2026/7/6 21:15,0,26.9,30.5,90,25.1,993,3.6,148,6.6,10,100,-20.3,307.1,0,0,0,0,0.25,0,n,804,Overcast clouds,c04n,21
2026/7/6 21:30,0,26.9,30.4,91,25.3,994,3.6,148,6.4,10,100,-23,309.5,0,0,0,0,0,0,n,804,Overcast clouds,c04n,21
2026/7/6 21:45,0,26.8,30.3,92,25.4,994,3.6,148,6.2,10,100,-25.7,311.9,0,0,0,0,0,0,n,804,Overcast clouds,c04n,21
2026/7/6 22:00,0,26.7,30.1,92,25.3,994,3.6,148,6,10,100,-28.4,314.3,0,0,0,0,0,0,n,804,Overcast clouds,c04n,22
2026/7/6 22:15,0,26.7,30.1,92,25.3,994,3.6,148,6,12,100,-30.6,317.5,0,0,0,0,0,0,n,804,Overcast clouds,c04n,22
2026/7/6 22:30,0,26.7,30.1,92,25.3,994,3.6,148,6,13,100,-32.8,320.6,0,0,0,0,0,0,n,804,Overcast clouds,c04n,22
2026/7/6 22:45,0,26.7,30.1,92,25.3,994,3.6,148,6,13,100,-35,323.8,0,0,0,0,0,0,n,804,Overcast clouds,c04n,22
2026/7/6 23:00,0,26.7,30.1,92,25.3,994,3.6,148,6,14,100,-37.2,327,0,0,0,0,0,0,n,804,Overcast clouds,c04n,23
2026/7/6 23:15,0,26.6,27.7,92,25.2,994,3.6,148,6.1,14,100,-38.7,331.1,0,0,0,0,0,0,n,804,Overcast clouds,c04n,23
2026/7/6 23:30,0,26.5,27.6,92,25.1,994,3.6,147,6.2,10,100,-40.1,335.2,0,0,0,0,0,0,n,804,Overcast clouds,c04n,23
2026/7/6 23:45,0,26.4,27.5,92,25,994,3.6,146,6.3,10,100,-41.6,339.3,0,0,0,0,0,0,n,804,Overcast clouds,c04n,23
2026/7/7 0:00,0,26.3,27.4,92,24.9,994,3.6,146,6.4,10,100,-43.1,343.4,0,0,0,0,0,0,n,804,Overcast clouds,c04n,0
2026/7/7 0:15,0,26.2,27.3,92,24.8,994,3.6,146,6.3,12,100,-43.5,258.2,0,0,0,0,0,0,n,804,Overcast clouds,c04n,0
2026/7/7 0:30,0,26.1,27.2,93,24.9,994,3.6,147,6.2,10,100,-43.9,173,0,0,0,0,0,0,n,804,Overcast clouds,c04n,0
2026/7/7 0:45,0,26,27.1,94,25,994,3.6,148,6.1,10,100,-44.3,87.8,0,0,0,0,0,0,n,804,Overcast clouds,c04n,0
2026/7/7 1:00,0,25.9,27,94,24.9,994,3.6,148,6,12,100,-44.8,2.5,0,0,0,0,0,0,n,804,Overcast clouds,c04n,1
2026/7/7 1:15,0,25.8,26.9,94,24.8,994,3.5,148,6,12,100,-44.1,7.2,0,0,0,0,0,0,n,804,Overcast clouds,c04n,1
2026/7/7 1:30,0,25.8,26.9,95,24.9,994,3.4,147,6,10,100,-43.3,11.9,0,0,0,0,0,0,n,804,Overcast clouds,c04n,1
2026/7/7 1:45,0,25.7,26.8,96,25,994,3.3,146,6,10,100,-42.6,16.5,0,0,0,0,0,0,n,804,Overcast clouds,c04n,1
2026/7/7 2:00,0,25.6,26.7,96,24.9,994,3.2,146,6,10,100,-41.9,21.2,0,0,0,0,0,0,n,804,Overcast clouds,c04n,2
2026/7/7 2:15,0,25.5,26.6,96,24.8,994,3.2,144,5.9,12,100,-40.2,25.1,0,0,0,0,0,0,n,804,Overcast clouds,c04n,2
2026/7/7 2:30,0,25.4,26.5,97,24.9,994,3.2,143,5.8,10,100,-38.5,29,0,0,0,0,0,0,n,741,Fog,a05n,2
2026/7/7 2:45,0,25.3,26.4,98,25,993,3.2,142,5.7,10,100,-36.8,32.8,0,0,0,0,0,0,n,741,Fog,a05n,2
2026/7/7 3:00,0,25.2,26.3,98,24.9,993,3.2,140,5.6,10,100,-35.2,36.7,0,0,0,0,0,0,n,741,Fog,a05n,3
2026/7/7 3:15,0,25.2,26.3,98,24.9,993,3.2,140,5.5,12,100,-32.8,39.7,0,0,0,0,0,0,n,741,Fog,a05n,3
2026/7/7 3:30,0,25.2,26.3,97,24.7,993,3.2,139,5.4,12,100,-30.4,42.6,0,0,0,0,0,0,n,741,Fog,a05n,3
2026/7/7 3:45,0,25.2,26.3,96,24.5,993,3.2,138,5.3,13,100,-28.1,45.6,0,0,0,0,0,0,n,804,Overcast clouds,c04n,3
2026/7/7 4:00,0,25.2,26.3,96,24.5,993,3.2,138,5.2,14,100,-25.7,48.5,0,0,0,0,0,0,n,804,Overcast clouds,c04n,4
2026/7/7 4:15,0,25.2,26.3,96,24.5,993,3.1,138,5.3,14,100,-23,50.7,0,0,0,0,0,0,n,804,Overcast clouds,c04n,4
2026/7/7 4:30,0,25.2,26.3,96,24.5,993,3,138,5.4,15,100,-20.2,53,0,0,0,0,0,0,n,804,Overcast clouds,c04n,4
2026/7/7 4:45,0,25.2,26.3,96,24.5,993,2.9,138,5.5,15,100,-17.4,55.2,0,0,0,0,0,0,n,804,Overcast clouds,c04n,4
2026/7/7 5:00,0,25.2,26.3,96,24.5,993,2.8,138,5.6,16,100,-14.7,57.4,0,0,0,0,0,0,n,804,Overcast clouds,c04n,5
2026/7/7 5:15,0,25.2,26.3,96,24.5,993,2.7,130,5.4,16,100,-11.7,59.1,0,0,0,0,0,0,n,804,Overcast clouds,c04n,5
2026/7/7 5:30,0,25.2,26.3,97,24.7,994,2.6,122,5.2,10,99,-8.6,60.8,0,0,0,0,0,0,n,741,Fog,a05n,5
2026/7/7 5:45,0,25.2,26.3,98,24.9,994,2.5,114,5,10,98,-5.6,62.5,0,0,0,0,0,0,n,741,Fog,a05n,5
2026/7/7 6:00,0,25.2,26.3,98,24.9,994,2.4,106,4.8,10,98,-2.6,64.2,0,0,0,0,0,0,n,741,Fog,a05n,6
2026/7/7 6:15,0,25.2,26.3,98,24.9,994,2.5,106,4.7,12,98,0.6,65.6,31,13,15,0.7,0,0,d,741,Fog,a05n,6
2026/7/7 6:30,0,25.2,26.3,98,24.9,994,2.6,106,4.6,10,98,3.8,66.9,63,26,31,0.7,0,0,d,741,Fog,a05d,6
2026/7/7 6:45,0,25.2,26.3,98,24.9,994,2.7,106,4.5,10,99,7,68.3,94,39,43,0.7,0,0,d,741,Fog,a05d,6
2026/7/7 7:00,0,25.2,26.3,98,24.9,994,2.8,106,4.4,12,99,10.2,69.7,126,52,58,0.7,0,0,d,741,Fog,a05d,7
2026/7/7 7:15,0,25.2,26.3,98,24.9,994,2.9,108,4.4,12,99,13.5,70.8,181,59,68,0.7,0,0,d,741,Fog,a05d,7
2026/7/7 7:30,0,25.2,26.3,98,24.9,994,3,110,4.4,10,100,16.7,71.9,237,66,70,0.7,0,0,d,741,Fog,a05d,7
2026/7/7 7:45,0,25.2,26.3,98,24.9,994,3.1,112,4.4,10,100,20,73,293,73,79,0.8,0,0,d,741,Fog,a05d,7
2026/7/7 8:00,0,25.2,26.3,98,24.9,994,3.2,114,4.4,10,100,23.3,74.2,348,81,88,0.9,0,0,d,741,Fog,a05d,8
2026/7/7 8:15,0,25.2,26.3,98,24.9,994,3.3,118,4.6,12,100,26.7,75.1,405,85,93,1,0,0,d,741,Fog,a05d,8
2026/7/7 8:30,0,25.2,26.3,98,24.9,994,3.4,121,4.8,10,100,30,76.1,461,90,100,1.1,0,0,d,741,Fog,a05d,8
2026/7/7 8:45,0,25.2,26.3,98,24.9,994,3.5,124,5,10,100,33.4,77.1,518,94,105,1.2,0,0,d,741,Fog,a05d,8
2026/7/7 9:00,0,25.2,26.3,98,24.9,994,3.6,128,5.2,10,100,36.8,78,574,99,111,1.4,0,0,d,741,Fog,a05d,9
2026/7/7 9:15,0,25.8,26.9,95,24.9,994,3.5,130,5.4,12,100,40.2,78.9,624,102,115,1.5,0,0,d,804,Overcast clouds,c04d,9
2026/7/7 9:30,0,26.3,27.4,92,24.9,995,3.4,131,5.6,10,100,43.6,79.8,674,105,120,1.7,0,0,d,804,Overcast clouds,c04d,9
2026/7/7 9:45,0,26.9,30.2,89,24.9,995,3.3,132,5.8,10,100,47,80.6,724,108,124,1.9,0,0,d,804,Overcast clouds,c04d,9
2026/7/7 10:00,0,27.4,31.4,86,24.8,995,3.2,134,6,10,100,50.4,81.5,774,112,129,2.1,0,0,d,804,Overcast clouds,c04d,10
2026/7/7 10:15,0,27.5,31.7,86,24.9,995,3.1,136,5.9,12,100,53.8,82.3,813,114,132,2.3,0,0,d,804,Overcast clouds,c04d,10
2026/7/7 10:30,0,27.6,31.8,85,24.8,995,3,139,5.8,12,100,57.3,83.1,852,116,135,2.5,0,0,d,804,Overcast clouds,c04d,10
2026/7/7 10:45,0,27.7,31.9,84,24.7,995,2.9,142,5.7,13,100,60.7,83.9,890,118,138,2.7,0,0,d,804,Overcast clouds,c04d,10
2026/7/7 11:00,0,27.8,32.2,84,24.8,995,2.8,144,5.6,14,100,64.1,84.7,929,120,141,2.9,0,0,d,804,Overcast clouds,c04d,11
2026/7/7 11:15,0,27.8,32.2,84,24.8,995,2.7,144,5.8,14,100,67.6,85.5,952,121,143,3.1,0.25,0,d,804,Overcast clouds,c04d,11
2026/7/7 11:30,0,27.8,32.3,85,25,995,2.6,143,6,15,100,71,86.2,976,122,143,3.3,0.5,0,d,301,Drizzle,d02d,11
2026/7/7 11:45,0,27.8,32.5,86,25.2,994,2.5,142,6.2,15,100,74.5,87,1000,123,144,3.4,0.5,0,d,301,Drizzle,d02d,11
2026/7/7 12:00,3.94,27.8,32.5,86,25.2,994,2.4,142,6.4,16,100,77.9,87.8,1023,124,145,3.6,0.5,0,d,301,Drizzle,d02d,12
2026/7/7 12:15,3.92,28.1,32.9,84,25.1,994,2.4,142,6.3,16,100,80.5,132.9,1030,125,147,3.6,0.5,0,d,301,Drizzle,d02d,12
2026/7/7 12:30,3.92,28.4,33.3,82,25,994,2.4,143,6.2,16,100,83.1,177.9,1036,125,148,3.7,0.5,0,d,301,Drizzle,d02d,12
2026/7/7 12:45,3.96,28.6,33.9,81,25,994,2.4,144,6.1,7,100,85.6,222.9,1043,125,148,3.7,0.25,0,d,804,Overcast clouds,c04d,12
2026/7/7 13:00,155.61,28.9,34.3,79,24.9,994,2.4,144,6,7,100,88.2,268,1049,125,149,3.7,0,0,d,804,Overcast clouds,c04d,13
2026/7/7 13:15,74.57,28.5,33.5,80,24.7,994,2.4,145,6,7,100,84.8,269.2,1038,125,149,3.7,0,0,d,804,Overcast clouds,c04d,13
2026/7/7 13:30,63.76,28.2,32.8,82,24.8,994,2.4,146,6,10,100,81.3,270.5,1027,124,148,3.6,0,0,d,804,Overcast clouds,c04d,13
2026/7/7 13:45,21.08,27.8,32,83,24.6,993,2.4,147,6,10,100,77.8,271.7,1016,124,148,3.5,0.25,0,d,804,Overcast clouds,c04d,13
2026/7/7 14:00,3.93,27.4,31.1,84,24.5,993,2.4,148,6,12,100,74.4,273,1005,123,148,3.4,0.5,0,d,301,Drizzle,d02d,14
2026/7/7 14:15,3.96,27.6,31.6,84,24.6,993,2.5,144,6.3,12,100,70.9,273.8,977,122,145,3.3,0.5,0,d,301,Drizzle,d02d,14
2026/7/7 14:30,3.9,27.8,32.1,84,24.8,993,2.6,140,6.6,13,100,67.5,274.5,950,121,143,3.1,0.5,0,d,301,Drizzle,d02d,14
2026/7/7 14:45,3.97,27.9,32.5,84,25,993,2.7,136,6.9,13,99,64,275.3,922,119,167,3,0.5,0,d,301,Drizzle,d02d,14
2026/7/7 15:00,4.5,28.1,33,84,25.1,993,2.8,132,7.2,14,99,60.6,276.1,894,118,164,2.8,0.5,0,d,301,Drizzle,d02d,15
2026/7/7 15:15,3.92,28.3,33.4,83,25.1,993,3,133,7,14,99,57.1,276.9,852,116,160,2.6,0.5,0,d,301,Drizzle,d02d,15
2026/7/7 15:30,69.07,28.5,33.8,82,25.1,993,3.2,134,6.8,16,100,53.7,277.7,810,113,130,2.3,0.5,0,d,301,Drizzle,d02d,15
2026/7/7 15:45,54.33,28.7,34.1,81,25.1,992,3.4,135,6.6,16,100,50.3,278.5,768,111,127,2.1,0.25,0,d,804,Overcast clouds,c04d,15
2026/7/7 16:00,35.43,28.9,34.5,80,25.1,992,3.6,136,6.4,16,100,46.9,279.4,726,109,124,1.9,0,0,d,804,Overcast clouds,c04d,16
2026/7/7 16:15,0,28.9,34.5,80,25.1,992,3.7,136,6.6,16,100,43.5,280.2,674,105,119,1.7,0,0,d,804,Overcast clouds,c04d,16
2026/7/7 16:30,0,28.9,34.7,81,25.3,992,3.8,135,6.8,16,100,40.1,281.1,622,102,114,1.5,0,0,d,804,Overcast clouds,c04d,16
2026/7/7 16:45,0.02,28.9,34.9,82,25.5,991,3.9,134,7,16,100,36.7,282,570,98,109,1.4,0,0,d,804,Overcast clouds,c04d,16
2026/7/7 17:00,0.02,28.9,34.9,82,25.5,991,4,134,7.2,16,100,33.3,282.9,517,95,104,1.2,0,0,d,804,Overcast clouds,c04d,17
2026/7/7 17:15,0.03,28.4,33.7,84,25.4,991,3.8,130,7.1,16,100,29.9,283.9,460,90,98,1.1,0,0,d,804,Overcast clouds,c04d,17
2026/7/7 17:30,15.53,27.8,32.6,87,25.4,991,3.6,126,7,10,100,26.6,284.9,403,85,92,1,0,0,d,804,Overcast clouds,c04d,17
2026/7/7 17:45,20.29,27.3,31.5,90,25.5,991,3.4,122,6.9,10,100,23.2,285.9,346,80,86,0.9,0,0,d,804,Overcast clouds,c04d,17
2026/7/7 18:00,0,26.7,30.1,92,25.3,991,3.2,118,6.8,10,100,19.9,286.9,289,74,79,0.8,0,0,d,804,Overcast clouds,c04d,18
2026/7/7 18:15,5.34,26.7,30.1,92,25.3,991,3.4,121,6.6,12,100,16.6,288.1,235,66,70,0.7,0,0,d,804,Overcast clouds,c04d,18
2026/7/7 18:30,13.36,26.7,30.1,92,25.3,992,3.6,124,6.4,10,100,13.3,289.2,182,57,60,0.7,0,0,d,804,Overcast clouds,c04d,18
2026/7/7 18:45,4.03,26.7,30.1,92,25.3,992,3.8,127,6.2,10,100,10.1,290.4,128,49,51,0.7,0,0,d,804,Overcast clouds,c04d,18
2026/7/7 19:00,4.28,26.7,30.1,92,25.3,992,4,130,6,10,100,6.8,291.6,74,41,42,0.6,0,0,d,804,Overcast clouds,c04d,19
2026/7/7 19:15,2.63,26.8,30.3,92,25.4,992,3.8,128,5.8,12,100,3.6,293,56,30,31,0.6,0,0,d,804,Overcast clouds,c04d,19
2026/7/7 19:30,0.68,26.9,30.5,92,25.4,993,3.6,126,5.6,13,100,0.5,294.5,37,20,20,0.6,0,0,d,804,Overcast clouds,c04n,19
2026/7/7 19:45,0.02,26.9,30.7,92,25.5,993,3.4,124,5.4,13,99,-2.7,295.9,19,10,11,0,0,0,d,804,Overcast clouds,c04n,19
2026/7/7 20:00,0,27,30.9,92,25.6,993,3.2,122,5.2,14,99,-5.8,297.3,0,0,0,0,0,0,n,804,Overcast clouds,c04n,20
2026/7/7 20:15,0,27,30.9,92,25.6,993,3.2,122,5.1,14,98,-8.8,299.1,0,0,0,0,0,0,n,804,Overcast clouds,c04n,20
2026/7/7 20:30,0,27,30.9,92,25.6,994,3.2,121,5,14,97,-11.8,301,0,0,0,0,0,0,n,804,Overcast clouds,c04n,20
2026/7/7 20:45,0,27,30.9,92,25.6,994,3.2,120,4.9,15,96,-14.7,302.8,0,0,0,0,0,0,n,804,Overcast clouds,c04n,20
2026/7/7 21:00,0.01,27,30.9,92,25.6,994,3.2,120,4.8,16,95,-17.7,304.6,0,0,0,0,0,0,n,804,Overcast clouds,c04n,21
2026/7/7 21:15,0.01,26.9,30.7,92,25.5,994,3.2,119,4.8,16,95,-20.4,307,0,0,0,0,0,0,n,804,Overcast clouds,c04n,21
2026/7/7 21:30,0,26.9,30.5,92,25.4,994,3.2,118,4.8,10,96,-23.1,309.4,0,0,0,0,0,0,n,804,Overcast clouds,c04n,21
2026/7/7 21:45,0,26.8,30.3,92,25.4,994,3.2,117,4.8,10,96,-25.7,311.8,0,0,0,0,0,0,n,804,Overcast clouds,c04n,21
2026/7/7 22:00,0,26.7,30.1,92,25.3,994,3.2,116,4.8,10,96,-28.4,314.2,0,0,0,0,0,0,n,804,Overcast clouds,c04n,22
2026/7/7 22:15,0.01,26.7,30.1,92,25.3,994,3.2,116,5,12,96,-30.6,317.3,0,0,0,0,0,0,n,804,Overcast clouds,c04n,22
2026/7/7 22:30,0,26.7,30.1,93,25.5,995,3.2,115,5.2,12,96,-32.8,320.5,0,0,0,0,0,0,n,804,Overcast clouds,c04n,22
2026/7/7 22:45,0.01,26.7,30.2,94,25.7,995,3.2,114,5.4,13,97,-35.1,323.7,0,0,0,0,0,0,n,804,Overcast clouds,c04n,22
2026/7/7 23:00,0,26.7,30.2,94,25.7,995,3.2,114,5.6,13,97,-37.3,326.9,0,0,0,0,0,0,n,804,Overcast clouds,c04n,23
2026/7/7 23:15,0,26.6,27.8,94,25.6,995,3.1,114,5.4,14,97,-38.7,331,0,0,0,0,0,0,n,804,Overcast clouds,c04n,23
2026/7/7 23:30,0,26.5,27.7,95,25.6,995,3,113,5.2,15,97,-40.2,335.1,0,0,0,0,0,0,n,804,Overcast clouds,c04n,23
2026/7/7 23:45,0,26.4,27.6,96,25.7,994,2.9,112,5,15,97,-41.7,339.2,0,0,0,0,0,0,n,804,Overcast clouds,c04n,23
2026/7/8 0:00,0,26.3,27.5,96,25.6,994,2.8,112,4.8,16,97,-43.2,343.3,0,0,0,0,0,0,n,804,Overcast clouds,c04n,0
2026/7/8 0:15,0,26.2,27.4,96,25.5,994,2.7,114,4.8,16,97,-43.6,258.1,0,0,0,0,0,0,n,804,Overcast clouds,c04n,0
2026/7/8 0:30,0.01,26.1,27.3,96,25.4,994,2.6,116,4.8,10,98,-44,172.9,0,0,0,0,0,0,n,804,Overcast clouds,c04n,0
2026/7/8 0:45,0.01,26,27.2,96,25.3,994,2.5,118,4.8,10,98,-44.4,87.7,0,0,0,0,0,0,n,804,Overcast clouds,c04n,0
2026/7/8 1:00,0,25.9,27.1,96,25.2,994,2.4,120,4.8,10,98,-44.9,2.5,0,0,0,0,0,0,n,804,Overcast clouds,c04n,1
2026/7/8 1:15,0,25.9,27.1,96,25.2,994,2.4,120,4.8,12,98,-44.2,7.2,0,0,0,0,0,0,n,804,Overcast clouds,c04n,1
2026/7/8 1:30,0,25.9,27.1,96,25.2,994,2.4,119,4.8,10,99,-43.4,11.9,0,0,0,0,0,0,n,804,Overcast clouds,c04n,1
2026/7/8 1:45,0.01,25.9,27.1,96,25.2,994,2.4,118,4.8,10,100,-42.7,16.5,0,0,0,0,0,0,n,804,Overcast clouds,c04n,1
2026/7/8 2:00,0,25.9,27.1,96,25.2,994,2.4,118,4.8,12,100,-42,21.2,0,0,0,0,0,0,n,804,Overcast clouds,c04n,2
2026/7/8 2:15,0,25.9,27.1,96,25.2,994,2.3,117,4.8,12,100,-40.3,25.1,0,0,0,0,0,0,n,804,Overcast clouds,c04n,2
2026/7/8 2:30,0,25.9,27.1,96,25.2,994,2.2,116,4.8,5,100,-38.6,29,0,0,0,0,0,0,n,804,Overcast clouds,c04n,2
2026/7/8 2:45,0,25.9,27.1,96,25.2,993,2.1,115,4.8,5,100,-36.9,32.9,0,0,0,0,0,0,n,804,Overcast clouds,c04n,2
2026/7/8 3:00,0,25.9,27.1,96,25.2,993,2,114,4.8,5,100,-35.3,36.7,0,0,0,0,0,0,n,804,Overcast clouds,c04n,3
2026/7/8 3:15,0,25.8,27,96,25.1,993,1.9,108,4.6,9,100,-32.9,39.7,0,0,0,0,0,0,n,804,Overcast clouds,c04n,3
2026/7/8 3:30,0,25.8,26.9,96,25.1,993,1.8,103,4.4,5,100,-30.6,42.7,0,0,0,0,0,0,n,804,Overcast clouds,c04n,3
2026/7/8 3:45,0,25.7,26.8,96,25,993,1.7,98,4.2,5,100,-28.2,45.6,0,0,0,0,0,0,n,804,Overcast clouds,c04n,3
2026/7/8 4:00,0,25.6,26.7,96,24.9,993,1.6,92,4,9,100,-25.9,48.6,0,0,0,0,0,0,n,804,Overcast clouds,c04n,4
2026/7/8 4:15,0,25.6,26.7,96,24.9,993,1.7,92,4.1,9,100,-23.1,50.8,0,0,0,0,0,0,n,804,Overcast clouds,c04n,4
2026/7/8 4:30,0,25.6,26.7,96,24.9,993,1.8,93,4.2,10,100,-20.3,53,0,0,0,0,0,0,n,804,Overcast clouds,c04n,4
2026/7/8 4:45,0,25.6,26.7,96,24.9,993,1.9,94,4.3,11,100,-17.5,55.2,0,0,0,0,0,0,n,804,Overcast clouds,c04n,4
2026/7/8 5:00,0,25.6,26.7,96,24.9,993,2,94,4.4,12,100,-14.8,57.5,0,0,0,0,0,0,n,804,Overcast clouds,c04n,5
2026/7/8 5:15,0,25.6,26.7,96,24.9,993,2.1,94,4.4,13,100,-11.7,59.2,0,0,0,0,0,0,n,804,Overcast clouds,c04n,5
2026/7/8 5:30,0,25.6,26.7,97,25.1,993,2.2,93,4.4,14,100,-8.7,60.9,0,0,0,0,0,0,n,741,Fog,a05n,5
2026/7/8 5:45,0,25.6,26.8,98,25.3,993,2.3,92,4.4,15,100,-5.7,62.6,0,0,0,0,0,0,n,741,Fog,a05n,5
2026/7/8 6:00,0.01,25.6,26.8,98,25.3,993,2.4,92,4.4,16,100,-2.7,64.3,0,0,0,0,0,0,n,741,Fog,a05n,6
2026/7/8 6:15,0.72,25.6,26.8,98,25.3,993,2.4,92,4.4,16,98,0.5,65.7,31,13,15,0.7,0.5,0,d,301,Drizzle,d02n,6
2026/7/8 6:30,2.16,25.6,26.8,98,25.3,994,2.4,92,4.4,16,96,3.7,67,62,26,34,0.7,1,0,d,500,Light rain,r01d,6
2026/7/8 6:45,3.47,25.6,26.8,98,25.3,994,2.4,92,4.4,16,94,6.9,68.4,93,39,56,0.7,0.75,0,d,301,Drizzle,d02d,6
2026/7/8 7:00,5.71,25.6,26.8,98,25.3,994,2.4,92,4.4,16,92,10.1,69.8,124,51,80,0.8,0.5,0,d,301,Drizzle,d02d,7
2026/7/8 7:15,5.56,25.6,26.8,98,25.3,994,2.5,94,4.3,16,92,13.4,70.9,180,59,102,0.8,0.25,0,d,741,Fog,a05d,7
2026/7/8 7:30,8.73,25.6,26.8,98,25.3,994,2.6,95,4.2,16,92,16.7,72,236,66,122,0.9,0,0,d,741,Fog,a05d,7
2026/7/8 7:45,12.1,25.6,26.8,98,25.3,994,2.7,96,4.1,16,92,20,73.1,291,73,72,0.9,0.25,0,d,741,Fog,a05d,7
2026/7/8 8:00,30.8,25.6,26.8,98,25.3,994,2.8,98,4,16,92,23.3,74.3,347,80,85,1,0.5,0,d,301,Drizzle,d02d,8
2026/7/8 8:15,36.39,25.7,26.9,98,25.3,994,2.8,102,4,16,93,26.6,75.2,404,85,89,1.1,0.25,0,d,741,Fog,a05d,8
2026/7/8 8:30,25.73,25.8,26.9,98,25.4,995,2.8,107,4,10,94,30,76.2,460,90,89,1.2,0,0,d,741,Fog,a05d,8
2026/7/8 8:45,24.88,25.8,27,98,25.5,995,2.8,112,4,10,94,33.3,77.2,517,94,100,1.4,0,0,d,741,Fog,a05d,8
2026/7/8 9:00,30.28,25.9,27.1,98,25.6,995,2.8,116,4,10,95,36.7,78.2,573,99,192,1.5,0,0,d,741,Fog,a05d,9
2026/7/8 9:15,85.23,26.2,27.4,96,25.5,995,2.8,116,4.3,12,96,40.1,79,623,102,186,1.7,0,0,d,804,Overcast clouds,c04d,9
2026/7/8 9:30,55.46,26.5,27.6,94,25.4,995,2.8,115,4.6,12,97,43.5,79.9,673,105,177,1.8,0,0,d,804,Overcast clouds,c04d,9
2026/7/8 9:45,27.23,26.7,30.1,92,25.3,995,2.8,114,4.9,13,98,46.9,80.8,724,108,166,2,0,0,d,804,Overcast clouds,c04d,9
2026/7/8 10:00,20.77,27,30.7,90,25.2,995,2.8,114,5.2,13,99,50.3,81.6,774,111,150,2.2,0,0,d,804,Overcast clouds,c04d,10
2026/7/8 10:15,30.46,27.3,31.5,90,25.5,995,2.8,114,5.2,14,99,53.8,82.5,812,114,154,2.4,0.25,0,d,804,Overcast clouds,c04d,10
2026/7/8 10:30,13.15,27.6,32.4,90,25.8,995,2.8,113,5.2,10,99,57.2,83.3,851,116,157,2.6,0.5,0,d,301,Drizzle,d02d,10
2026/7/8 10:45,16.49,27.8,33.2,90,26,995,2.8,112,5.2,10,99,60.6,84.1,890,118,160,2.8,0.25,0,d,804,Overcast clouds,c04d,10
2026/7/8 11:00,60.13,28.1,34.1,90,26.3,995,2.8,112,5.2,10,99,64.1,84.9,928,120,163,3,0,0,d,804,Overcast clouds,c04d,11
2026/7/8 11:15,57.82,28.4,34.6,88,26.2,995,2.7,111,5.1,12,99,67.5,85.8,952,121,165,3.2,0,0,d,804,Overcast clouds,c04d,11
2026/7/8 11:30,88.98,28.7,34.9,85,25.9,995,2.6,110,5,10,100,71,86.6,976,122,139,3.3,0,0,d,804,Overcast clouds,c04d,11
2026/7/8 11:45,48.85,29,35.2,82,25.6,995,2.5,109,4.9,10,100,74.4,87.5,999,123,142,3.4,0,0,d,804,Overcast clouds,c04d,11
2026/7/8 12:00,58.52,29.3,35.6,80,25.5,995,2.4,108,4.8,10,100,77.9,88.4,1023,124,144,3.6,0,0,d,804,Overcast clouds,c04d,12
2026/7/8 12:15,27.05,29.9,36.7,78,25.6,995,2.5,110,4.8,10,100,80.5,132.3,1030,125,145,3.6,0,0,d,804,Overcast clouds,c04d,12
2026/7/8 12:30,33.45,30.4,37.7,76,25.7,995,2.6,111,4.8,5,100,83.1,176.3,1036,125,145,3.7,0,0,d,804,Overcast clouds,c04d,12
2026/7/8 12:45,85.39,31,38.4,73,25.5,995,2.7,112,4.8,5,100,85.7,220.3,1043,125,146,3.7,0,0,d,804,Overcast clouds,c04d,12
2026/7/8 13:00,109.43,31.5,39.3,71,25.6,994,2.8,114,4.8,9,100,88.2,264.2,1049,125,146,3.7,0,0,d,804,Overcast clouds,c04d,13
2026/7/8 13:15,57.95,31.4,39,71,25.5,994,2.8,114,4.8,9,100,84.8,266.3,1038,125,146,3.7,0,0,d,804,Overcast clouds,c04d,13
2026/7/8 13:30,63.42,31.3,39.1,72,25.6,994,2.8,113,4.8,10,100,81.3,268.4,1027,124,144,3.6,0,0,d,804,Overcast clouds,c04d,13
2026/7/8 13:45,72.84,31.2,38.8,72,25.5,994,2.8,112,4.8,10,100,77.9,270.5,1016,124,144,3.5,0,0,d,804,Overcast clouds,c04d,13
2026/7/8 14:00,4,31.1,38.5,72,25.4,994,2.8,112,4.8,10,100,74.4,272.6,1005,123,143,3.4,0,0,d,804,Overcast clouds,c04d,14
2026/7/8 14:15,3.98,30.9,38.3,73,25.5,994,2.8,112,5.2,12,100,70.9,273.4,978,122,141,3.3,0,0,d,804,Overcast clouds,c04d,14
2026/7/8 14:30,3.96,30.8,38.1,74,25.6,994,2.8,111,5.6,13,100,67.5,274.2,950,121,140,3.1,0,0,d,804,Overcast clouds,c04d,14
2026/7/8 14:45,37.52,30.6,37.9,75,25.6,993,2.8,110,6,13,100,64,275,922,119,137,2.9,0,0,d,804,Overcast clouds,c04d,14
2026/7/8 15:00,16.95,30.4,37.7,76,25.7,993,2.8,110,6.4,13,100,60.6,275.9,894,118,135,2.7,0,0,d,804,Overcast clouds,c04d,15
2026/7/8 15:15,8.17,30.2,37.4,77,25.7,993,2.8,112,6.4,14,100,57.2,276.7,852,116,132,2.5,0,0,d,804,Overcast clouds,c04d,15
2026/7/8 15:30,61.17,30,37.1,78,25.7,993,2.8,115,6.4,15,100,53.7,277.5,810,113,128,2.3,0,0,d,804,Overcast clouds,c04d,15
2026/7/8 15:45,72.67,29.8,36.5,78,25.5,992,2.8,118,6.4,15,100,50.3,278.3,769,111,126,2.1,0,0,d,804,Overcast clouds,c04d,15
2026/7/8 16:00,56,29.6,36.2,79,25.6,992,2.8,120,6.4,16,100,46.9,279.2,727,109,123,1.9,0,0,d,804,Overcast clouds,c04d,16
2026/7/8 16:15,34.24,29.5,36,79,25.5,992,2.9,122,6.5,16,100,43.5,280.1,674,105,118,1.7,0,0,d,804,Overcast clouds,c04d,16
2026/7/8 16:30,7.31,29.5,36,80,25.6,992,3,125,6.6,16,100,40.1,281,622,102,113,1.5,0,0,d,804,Overcast clouds,c04d,16
2026/7/8 16:45,3.93,29.4,35.8,80,25.6,992,3.1,128,6.7,16,100,36.7,281.8,570,98,108,1.4,0,0,d,804,Overcast clouds,c04d,16
2026/7/8 17:00,3.97,29.3,35.6,80,25.5,992,3.2,130,6.8,16,100,33.3,282.7,517,95,104,1.2,0,0,d,804,Overcast clouds,c04d,17
2026/7/8 17:15,21.72,28.7,34.6,83,25.5,992,3,128,6.6,16,100,29.9,283.7,460,90,98,1.1,0,0,d,804,Overcast clouds,c04d,17
2026/7/8 17:30,3.99,28.2,33.5,86,25.6,992,2.8,125,6.4,10,100,26.6,284.7,403,85,92,1,0,0,d,804,Overcast clouds,c04d,17
2026/7/8 17:45,3.96,27.6,32.3,89,25.6,992,2.6,122,6.2,10,100,23.2,285.7,346,80,86,0.9,0,0,d,804,Overcast clouds,c04d,17
2026/7/8 18:00,3.93,27,30.9,92,25.6,992,2.4,120,6,12,100,19.9,286.8,289,74,79,0.8,0,0,d,804,Overcast clouds,c04d,18
2026/7/8 18:15,4,27.1,31.2,92,25.7,992,2.4,123,5.8,12,100,16.6,287.9,235,66,69,0.7,0,0,d,804,Overcast clouds,c04d,18
2026/7/8 18:30,3.97,27.2,31.4,91,25.6,993,2.4,126,5.6,13,100,13.3,289.1,181,57,60,0.7,0,0,d,804,Overcast clouds,c04d,18
2026/7/8 18:45,3.98,27.3,31.6,90,25.5,993,2.4,129,5.4,13,99,10.1,290.3,128,49,55,0.7,0,0,d,804,Overcast clouds,c04d,18
2026/7/8 19:00,4.23,27.4,31.9,90,25.6,993,2.4,132,5.2,14,99,6.8,291.5,74,41,44,0.7,0,0,d,804,Overcast clouds,c04d,19
2026/7/8 19:15,3.6,27.4,31.9,90,25.6,993,2.4,130,4.8,14,99,3.6,292.9,56,30,32,0.6,0,0,d,804,Overcast clouds,c04d,19
2026/7/8 19:30,1.29,27.4,31.9,90,25.6,993,2.4,129,4.4,10,99,0.5,294.3,37,20,21,0.6,0,0,d,804,Overcast clouds,c04n,19
2026/7/8 19:45,0.23,27.4,31.9,90,25.6,993,2.4,128,4,10,99,-2.7,295.8,19,10,11,0,0,0,d,804,Overcast clouds,c04n,19
2026/7/8 20:00,0.02,27.4,31.9,90,25.6,993,2.4,126,3.6,10,99,-5.8,297.2,0,0,0,0,0,0,n,804,Overcast clouds,c04n,20
2026/7/8 20:15,0,27.4,31.9,90,25.6,993,2.3,124,3.8,12,98,-8.8,299,0,0,0,0,0,0,n,804,Overcast clouds,c04n,20
2026/7/8 20:30,0,27.4,31.9,90,25.6,994,2.2,122,4,10,98,-11.8,300.8,0,0,0,0,0,0,n,804,Overcast clouds,c04n,20
2026/7/8 20:45,0,27.4,31.9,90,25.6,994,2.1,120,4.2,10,98,-14.8,302.7,0,0,0,0,0,0,n,804,Overcast clouds,c04n,20
2026/7/8 21:00,0,27.4,31.9,90,25.6,994,2,118,4.4,10,97,-17.7,304.5,0,0,0,0,0,0,n,804,Overcast clouds,c04n,21
2026/7/8 21:15,0,27.2,31.4,90,25.4,994,2.1,117,4.4,12,97,-20.4,306.9,0,0,0,0,0,0,n,804,Overcast clouds,c04n,21
2026/7/8 21:30,0.01,27.1,31,91,25.5,994,2.2,116,4.4,13,97,-23.1,309.3,0,0,0,0,0,0,n,804,Overcast clouds,c04n,21
2026/7/8 21:45,0.01,26.9,30.6,92,25.5,994,2.3,115,4.4,13,97,-25.8,311.6,0,0,0,0,0,0,n,804,Overcast clouds,c04n,21
2026/7/8 22:00,0.01,26.7,30.1,92,25.3,994,2.4,114,4.4,14,97,-28.5,314,0,0,0,0,0,0,n,804,Overcast clouds,c04n,22
2026/7/8 22:15,0.01,26.6,27.7,92,25.2,994,2.4,116,4.4,14,97,-30.7,317.2,0,0,0,0,0,0,n,804,Overcast clouds,c04n,22
2026/7/8 22:30,0,26.5,27.6,93,25.3,995,2.4,117,4.4,14,96,-32.9,320.4,0,0,0,0,0,0,n,804,Overcast clouds,c04n,22
2026/7/8 22:45,0.01,26.4,27.5,94,25.4,995,2.4,118,4.4,15,96,-35.1,323.6,0,0,0,0,0,0,n,804,Overcast clouds,c04n,22
2026/7/8 23:00,0.01,26.3,27.4,94,25.3,995,2.4,120,4.4,16,96,-37.4,326.8,0,0,0,0,0,0,n,804,Overcast clouds,c04n,23
2026/7/8 23:15,0.01,26.3,27.4,94,25.3,995,2.4,121,4.5,16,96,-38.8,330.9,0,0,0,0,0,0,n,804,Overcast clouds,c04n,23
2026/7/8 23:30,0.01,26.3,27.4,94,25.3,995,2.4,122,4.6,10,95,-40.3,335,0,0,0,0,0,0,n,804,Overcast clouds,c04n,23
2026/7/8 23:45,0.01,26.3,27.4,94,25.3,995,2.4,123,4.7,10,94,-41.8,339.1,0,0,0,0,0,0,n,804,Overcast clouds,c04n,23
2026/7/9 0:00,0,26.3,27.4,94,25.3,995,2.4,124,4.8,10,94,-43.3,343.3,0,0,0,0,0,0,n,804,Overcast clouds,c04n,0
2026/7/9 0:15,0,26.2,27.3,94,25.2,995,2.3,125,4.9,12,92,-43.7,258.1,0,0,0,0,0,0,n,804,Overcast clouds,c04n,0
2026/7/9 0:30,0,26.1,27.2,94,25.1,995,2.2,126,5,10,90,-44.1,172.9,0,0,0,0,0,0,n,804,Overcast clouds,c04n,0
2026/7/9 0:45,0.01,26,27.1,94,25,994,2.1,127,5.1,10,87,-44.6,87.7,0,0,0,0,0,0,n,804,Overcast clouds,c04n,0
2026/7/9 1:00,0,25.9,27,94,24.9,994,2,128,5.2,10,85,-45,2.5,0,0,0,0,0,0,n,804,Overcast clouds,c04n,1
2026/7/9 1:15,0,25.8,26.9,94,24.8,994,2,126,5.1,12,80,-44.3,7.2,0,0,0,0,0,0,n,804,Overcast clouds,c04n,1
2026/7/9 1:30,0,25.8,26.9,95,24.9,994,2,125,5,10,75,-43.6,11.8,0,0,0,0,0,0,n,804,Overcast clouds,c04n,1
2026/7/9 1:45,0.01,25.7,26.8,96,25,994,2,124,4.9,10,70,-42.8,16.5,0,0,0,0,0,0,n,803,Broken clouds,c03n,1
2026/7/9 2:00,0,25.6,26.7,96,24.9,994,2,122,4.8,12,65,-42.1,21.2,0,0,0,0,0,0,n,803,Broken clouds,c03n,2
2026/7/9 2:15,0,25.6,26.7,96,24.9,994,2,120,4.5,12,58,-40.4,25.1,0,0,0,0,0,0,n,803,Broken clouds,c03n,2
2026/7/9 2:30,0,25.6,26.7,96,24.9,994,2,119,4.2,10,51,-38.8,29,0,0,0,0,0,0,n,803,Broken clouds,c03n,2
2026/7/9 2:45,0.01,25.6,26.7,96,24.9,993,2,118,3.9,10,44,-37.1,32.9,0,0,0,0,0,0,n,803,Broken clouds,c03n,2
2026/7/9 3:00,0,25.6,26.7,96,24.9,993,2,116,3.6,10,37,-35.4,36.8,0,0,0,0,0,0,n,802,Scattered clouds,c02n,3
2026/7/9 3:15,0,25.5,26.6,96,24.8,993,2,116,3.8,12,45,-33,39.8,0,0,0,0,0,0,n,803,Broken clouds,c03n,3
2026/7/9 3:30,0,25.4,26.5,97,24.9,993,2,117,4,8,54,-30.7,42.7,0,0,0,0,0,0,n,741,Fog,a05n,3
2026/7/9 3:45,0,25.3,26.4,98,25,993,2,118,4.2,8,62,-28.3,45.7,0,0,0,0,0,0,n,741,Fog,a05n,3
2026/7/9 4:00,0,25.2,26.3,98,24.9,993,2,118,4.4,10,70,-26,48.7,0,0,0,0,0,0,n,741,Fog,a05n,4
2026/7/9 4:15,0,25.2,26.3,98,24.9,993,2.1,118,4.2,11,78,-23.2,50.9,0,0,0,0,0,0,n,741,Fog,a05n,4
2026/7/9 4:30,0,25.2,26.3,98,24.9,994,2.2,119,4,12,85,-20.4,53.1,0,0,0,0,0,0,n,741,Fog,a05n,4
2026/7/9 4:45,0.01,25.2,26.3,98,24.9,994,2.3,120,3.8,12,92,-17.6,55.3,0,0,0,0,0,0,n,741,Fog,a05n,4
2026/7/9 5:00,0,25.2,26.3,98,24.9,994,2.4,120,3.6,13,100,-14.9,57.6,0,0,0,0,0,0,n,741,Fog,a05n,5
2026/7/9 5:15,0,25.4,26.5,97,24.9,994,2.1,117,3.5,14,98,-11.8,59.3,0,0,0,0,0,0,n,741,Fog,a05n,5
2026/7/9 5:30,0.01,25.6,26.7,96,24.9,994,1.8,114,3.4,10,96,-8.8,61,0,0,0,0,0,0,n,804,Overcast clouds,c04n,5
2026/7/9 5:45,0,25.7,26.8,95,24.9,994,1.5,111,3.3,10,95,-5.8,62.7,0,0,0,0,0,0,n,804,Overcast clouds,c04n,5
2026/7/9 6:00,0.1,25.9,27,94,24.9,994,1.2,108,3.2,10,93,-2.8,64.4,0,0,0,0,0,0,n,804,Overcast clouds,c04n,6
2026/7/9 6:15,0.54,25.9,27,94,24.9,994,1.3,106,3.3,12,94,0.4,65.8,31,13,19,0.7,0,0,d,804,Overcast clouds,c04n,6
2026/7/9 6:30,2.74,25.9,27,95,25,994,1.4,104,3.4,12,94,3.6,67.1,62,26,37,0.7,0,0,d,804,Overcast clouds,c04d,6
2026/7/9 6:45,7.95,25.9,27.1,96,25.2,994,1.5,102,3.5,13,94,6.8,68.5,92,38,55,0.7,0,0,d,804,Overcast clouds,c04d,6
2026/7/9 7:00,8.54,25.9,27.1,96,25.2,994,1.6,100,3.6,13,95,10,69.9,123,51,70,0.7,0,0,d,804,Overcast clouds,c04d,7
2026/7/9 7:15,10.86,25.9,27.1,96,25.2,994,1.7,103,3.8,14,94,13.3,71,179,58,91,0.8,0,0,d,804,Overcast clouds,c04d,7
2026/7/9 7:30,21.09,25.9,27.1,97,25.4,995,1.8,106,4,15,94,16.6,72.1,235,66,110,0.8,0,0,d,741,Fog,a05d,7
2026/7/9 7:45,36.89,25.9,27.1,98,25.6,995,1.9,109,4.2,15,93,19.9,73.2,290,73,135,0.9,0,0,d,741,Fog,a05d,7
2026/7/9 8:00,38.08,25.9,27.1,98,25.6,995,2,112,4.4,16,92,23.2,74.4,346,80,85,1,0,0,d,741,Fog,a05d,8
2026/7/9 8:15,82.55,26.1,27.3,98,25.8,995,2,115,4.4,16,92,26.6,75.4,403,85,98,1.1,0,0,d,741,Fog,a05d,8
2026/7/9 8:30,75.41,26.3,27.5,97,25.8,995,2,118,4.4,8,93,29.9,76.3,459,90,100,1.2,0,0,d,741,Fog,a05d,8
2026/7/9 8:45,71.78,26.5,27.7,96,25.8,995,2,121,4.4,8,94,33.3,77.3,516,94,99,1.4,0,0,d,804,Overcast clouds,c04d,8
2026/7/9 9:00,66.3,26.7,30.4,96,26,995,2,124,4.4,8,94,36.6,78.3,572,99,109,1.5,0,0,d,804,Overcast clouds,c04d,9
2026/7/9 9:15,120.72,27.3,31.8,93,26,995,1.9,123,4.5,11,92,40.1,79.2,623,102,151,1.8,0,0,d,804,Overcast clouds,c04d,9
2026/7/9 9:30,67.51,27.8,33.1,90,26,995,1.8,122,4.6,12,90,43.5,80.1,673,105,196,2.1,0,0,d,804,Overcast clouds,c04d,9
2026/7/9 9:45,74.15,28.4,34.3,87,26,995,1.7,121,4.7,12,89,46.9,80.9,723,108,228,2.4,0,0,d,804,Overcast clouds,c04d,9
2026/7/9 10:00,97.9,28.9,35.3,84,25.9,995,1.6,120,4.8,13,87,50.3,81.8,773,111,279,2.7,0,0,d,804,Overcast clouds,c04d,10
2026/7/9 10:15,63.01,29,35.4,83,25.8,995,1.6,119,5.2,14,89,53.7,82.7,812,114,257,2.9,0,0,d,804,Overcast clouds,c04d,10
2026/7/9 10:30,36.51,29.1,35.5,82,25.7,995,1.6,118,5.6,14,92,57.2,83.5,850,116,208,3,0,0,d,804,Overcast clouds,c04d,10
2026/7/9 10:45,76.93,29.2,35.5,81,25.6,995,1.6,117,6,15,94,60.6,84.3,889,118,172,3.1,0.5,0,d,301,Drizzle,d02d,10
2026/7/9 11:00,32.68,29.3,35.6,80,25.5,995,1.6,116,6.4,16,96,64,85.2,928,120,130,3.2,1,0,d,500,Light rain,r01d,11
2026/7/9 11:15,12.95,29.2,35.3,80,25.4,995,1.7,120,6.4,16,97,67.5,86.1,952,121,225,3.3,0.75,0,d,301,Drizzle,d02d,11
2026/7/9 11:30,3.94,29.1,35.2,81,25.5,995,1.8,123,6.4,10,98,70.9,87,975,122,200,3.4,0.5,0,d,301,Drizzle,d02d,11
2026/7/9 11:45,3.95,29,35.2,82,25.6,994,1.9,126,6.4,10,99,74.4,88,999,123,172,3.5,0.75,0,d,301,Drizzle,d02d,11
2026/7/9 12:00,3.95,28.9,34.9,82,25.5,994,2,130,6.4,10,100,77.9,88.9,1023,124,144,3.6,1,0,d,500,Light rain,r01d,12
2026/7/9 12:15,3.99,29,35.2,82,25.6,994,2,130,6.5,12,97,80.5,131.7,1029,125,236,3.9,0.75,0,d,301,Drizzle,d02d,12
2026/7/9 12:30,3.98,29.1,35.5,82,25.7,994,2,129,6.6,13,94,83.1,174.6,1036,125,200,4.2,0.5,0,d,301,Drizzle,d02d,12
2026/7/9 12:45,4,29.2,35.8,82,25.8,994,2,128,6.7,13,92,85.7,217.4,1043,125,254,4.4,0.5,0,d,301,Drizzle,d02d,12
2026/7/9 13:00,3.97,29.3,36.1,82,25.9,994,2,128,6.8,13,89,88.3,260.2,1049,125,331,4.7,0.5,0,d,301,Drizzle,d02d,13
2026/7/9 13:15,3.95,29.1,35.9,84,26.1,994,2.3,136,6.4,14,91,84.8,263.2,1038,125,277,4.4,0.25,0,d,804,Overcast clouds,c04d,13
2026/7/9 13:30,3.91,28.9,35.6,85,26.1,994,2.6,145,6,10,94,81.3,266.2,1027,124,196,4.1,0,0,d,804,Overcast clouds,c04d,13
2026/7/9 13:45,9.77,28.7,35.2,86,26.1,993,2.9,154,5.6,10,96,77.9,269.1,1016,124,139,3.8,0,0,d,804,Overcast clouds,c04d,13
2026/7/9 14:00,86.42,28.5,35,88,26.3,993,3.2,162,5.2,10,98,74.4,272.1,1005,123,199,3.6,0,0,d,804,Overcast clouds,c04d,14
2026/7/9 14:15,47.85,28.7,35.2,86,26.1,993,3.2,161,5.4,9,98,71,273,978,122,197,3.4,0,0,d,804,Overcast clouds,c04d,14
2026/7/9 14:30,32.75,28.9,35.6,85,26.1,993,3.2,160,5.6,10,99,67.5,273.9,950,121,166,3.2,0,0,d,804,Overcast clouds,c04d,14
2026/7/9 14:45,5.15,29.1,35.9,84,26.1,993,3.2,159,5.8,10,100,64.1,274.7,922,119,134,2.9,0,0,d,804,Overcast clouds,c04d,14
2026/7/9 15:00,3.87,29.3,36.1,82,25.9,993,3.2,158,6,10,100,60.6,275.6,895,118,134,2.8,0,0,d,804,Overcast clouds,c04d,15
2026/7/9 15:15,3.93,29.2,35.8,82,25.8,993,3.2,158,5.7,12,100,57.2,276.5,853,116,131,2.5,0,0,d,804,Overcast clouds,c04d,15
2026/7/9 15:30,3.91,29.1,35.7,83,25.9,993,3.2,159,5.4,12,100,53.7,277.3,811,113,127,2.3,0,0,d,804,Overcast clouds,c04d,15
2026/7/9 15:45,3.88,29,35.6,84,26,993,3.2,160,5.1,13,100,50.3,278.1,769,111,124,2.1,0,0,d,804,Overcast clouds,c04d,15
2026/7/9 16:00,3.87,28.9,35.3,84,25.9,993,3.2,160,4.8,14,100,46.9,279,727,109,121,1.9,0,0,d,804,Overcast clouds,c04d,16
2026/7/9 16:15,3.91,29,35.6,84,26,993,3,156,4.9,14,100,43.5,279.9,674,105,116,1.7,0,0,d,804,Overcast clouds,c04d,16
2026/7/9 16:30,3.9,29.1,35.9,84,26.1,993,2.8,152,5,10,100,40.1,280.8,622,102,112,1.5,0,0,d,804,Overcast clouds,c04d,16
2026/7/9 16:45,3.95,29.2,36.3,84,26.2,993,2.6,148,5.1,10,100,36.7,281.7,570,98,107,1.4,0,0,d,804,Overcast clouds,c04d,16
2026/7/9 17:00,3.93,29.3,36.6,84,26.3,993,2.4,144,5.2,10,100,33.3,282.6,518,95,102,1.2,0,0,d,804,Overcast clouds,c04d,17
2026/7/9 17:15,3.9,28.7,35.2,86,26.1,993,2.6,140,5.5,12,100,29.9,283.6,460,90,97,1.1,0,0,d,804,Overcast clouds,c04d,17
2026/7/9 17:30,31.93,28.2,34,89,26.2,993,2.8,137,5.8,10,100,26.6,284.6,403,85,91,1,0,0,d,804,Overcast clouds,c04d,17
2026/7/9 17:45,21.72,27.6,32.7,92,26.2,992,3,134,6.1,10,100,23.2,285.6,346,80,85,0.9,0,0,d,804,Overcast clouds,c04d,17
2026/7/9 18:00,17.47,27,31.2,94,25.9,992,3.2,130,6.4,10,100,19.9,286.6,289,74,78,0.8,0,0,d,804,Overcast clouds,c04d,18
2026/7/9 18:15,3.88,27,31.2,94,25.9,992,3.2,132,6.2,12,100,16.6,287.8,235,66,69,0.7,0,0,d,804,Overcast clouds,c04d,18
2026/7/9 18:30,4.26,27,31.2,94,25.9,993,3.2,133,6,10,100,13.3,289,181,57,59,0.7,0,0,d,804,Overcast clouds,c04d,18
2026/7/9 18:45,4.12,27,31.2,94,25.9,993,3.2,134,5.8,10,100,10.1,290.2,128,49,50,0.7,0,0,d,804,Overcast clouds,c04d,18
2026/7/9 19:00,4.34,27,31.2,94,25.9,993,3.2,136,5.6,12,100,6.8,291.3,74,40,40,0.6,0,0,d,804,Overcast clouds,c04d,19
2026/7/9 19:15,3.85,27,31.2,94,25.9,993,3.2,136,5.7,12,100,3.6,292.8,56,30,30,0.6,0,0,d,804,Overcast clouds,c04d,19
2026/7/9 19:30,0.92,27,31.2,94,25.9,993,3.2,135,5.8,13,100,0.5,294.2,37,20,20,0.6,0,0,d,804,Overcast clouds,c04n,19
2026/7/9 19:45,0.1,27,31.2,94,25.9,993,3.2,134,5.9,13,99,-2.7,295.6,19,10,11,0,0,0,d,804,Overcast clouds,c04n,19
2026/7/9 20:00,0.01,27,31.2,94,25.9,993,3.2,134,6,14,99,-5.9,297.1,0,0,0,0,0,0,n,804,Overcast clouds,c04n,20
2026/7/9 20:15,0,27,31.2,94,25.9,993,3.2,134,5.9,10,99,-8.8,298.9,0,0,0,0,0,0,n,804,Overcast clouds,c04n,20
2026/7/9 20:30,0,27,31.2,94,25.9,993,3.2,134,5.8,10,100,-11.8,300.7,0,0,0,0,0,0,n,804,Overcast clouds,c04n,20
2026/7/9 20:45,0,27,31.2,94,25.9,993,3.2,134,5.7,10,100,-14.8,302.5,0,0,0,0,0,0,n,804,Overcast clouds,c04n,20
2026/7/9 21:00,0,27,31.2,94,25.9,993,3.2,134,5.6,10,100,-17.8,304.4,0,0,0,0,0,0,n,804,Overcast clouds,c04n,21
2026/7/9 21:15,0,26.9,30.9,94,25.9,993,3.2,137,5.5,12,100,-20.5,306.7,0,0,0,0,0,0,n,804,Overcast clouds,c04n,21
2026/7/9 21:30,0,26.9,30.8,95,26,994,3.2,140,5.4,10,99,-23.2,309.1,0,0,0,0,0,0,n,804,Overcast clouds,c04n,21
2026/7/9 21:45,0,26.8,30.7,96,26.1,994,3.2,143,5.3,10,98,-25.8,311.5,0,0,0,0,0,0,n,804,Overcast clouds,c04n,21
2026/7/9 22:00,0,26.7,30.4,96,26,994,3.2,146,5.2,10,98,-28.5,313.9,0,0,0,0,0,0,n,804,Overcast clouds,c04n,22
2026/7/9 22:15,0,26.7,30.4,96,26,994,3,144,5,12,98,-30.8,317.1,0,0,0,0,0,0,n,804,Overcast clouds,c04n,22
2026/7/9 22:30,0,26.7,30.4,96,26,994,2.8,143,4.8,13,99,-33,320.3,0,0,0,0,0,0,n,804,Overcast clouds,c04n,22
2026/7/9 22:45,0,26.7,30.4,96,26,994,2.6,142,4.6,13,100,-35.2,323.5,0,0,0,0,0,0,n,804,Overcast clouds,c04n,22
2026/7/9 23:00,0,26.7,30.4,96,26,994,2.4,140,4.4,14,100,-37.4,326.6,0,0,0,0,0,0,n,804,Overcast clouds,c04n,23
2026/7/9 23:15,0,26.7,30.4,96,26,994,2.4,138,4.4,14,100,-38.9,330.8,0,0,0,0,0,0,n,804,Overcast clouds,c04n,23
2026/7/9 23:30,0,26.7,30.4,96,26,994,2.4,135,4.4,15,100,-40.4,334.9,0,0,0,0,0,0,n,804,Overcast clouds,c04n,23
2026/7/9 23:45,0.01,26.7,30.4,96,26,994,2.4,132,4.4,15,99,-41.9,339,0,0,0,0,0,0,n,804,Overcast clouds,c04n,23
2026/7/10 0:00,0.01,26.7,30.4,96,26,994,2.4,130,4.4,15,99,-43.4,343.2,0,0,0,0,0,0,n,804,Overcast clouds,c04n,0
2026/7/10 0:15,0.01,26.6,27.8,96,25.9,994,2.4,128,4.6,16,98,-43.8,258,0,0,0,0,0,0,n,804,Overcast clouds,c04n,0
2026/7/10 0:30,0.01,26.5,27.7,97,26,994,2.4,127,4.8,16,98,-44.2,172.8,0,0,0,0,0,0,n,741,Fog,a05n,0
2026/7/10 0:45,0.01,26.4,27.7,98,26.1,994,2.4,126,5,16,98,-44.7,87.6,0,0,0,0,0,0,n,741,Fog,a05n,0
2026/7/10 1:00,0.01,26.3,27.5,98,26,994,2.4,124,5.2,16,97,-45.1,2.4,0,0,0,0,0,0,n,741,Fog,a05n,1
2026/7/10 1:15,0,26.4,27.7,98,26.1,994,2.5,124,5.1,16,97,-44.4,7.1,0,0,0,0,0,0,n,741,Fog,a05n,1
2026/7/10 1:30,0,26.5,27.7,97,26,994,2.6,123,5,16,96,-43.7,11.8,0,0,0,0,0,0,n,741,Fog,a05n,1
2026/7/10 1:45,0,26.6,27.8,96,25.9,993,2.7,122,4.9,16,96,-43,16.5,0,0,0,0,0,0,n,804,Overcast clouds,c04n,1
2026/7/10 2:00,0,26.7,30.4,96,26,993,2.8,122,4.8,16,96,-42.3,21.2,0,0,0,0,0,0,n,804,Overcast clouds,c04n,2
2026/7/10 2:15,0,26.7,30.4,96,26,993,2.8,124,4.8,16,96,-40.6,25.1,0,0,0,0,0,0,n,804,Overcast clouds,c04n,2
2026/7/10 2:30,0.01,26.7,30.5,97,26.2,993,2.8,125,4.8,16,96,-38.9,29,0,0,0,0,0,0,n,741,Fog,a05n,2
2026/7/10 2:45,0,26.7,30.6,98,26.4,993,2.8,126,4.8,16,96,-37.2,32.9,0,0,0,0,0,0,n,741,Fog,a05n,2
2026/7/10 3:00,0.01,26.7,30.6,98,26.4,993,2.8,128,4.8,16,96,-35.5,36.9,0,0,0,0,0,0,n,741,Fog,a05n,3
2026/7/10 3:15,0,26.6,27.9,98,26.3,993,2.8,128,4.7,16,96,-33.1,39.8,0,0,0,0,0,0,n,741,Fog,a05n,3
2026/7/10 3:30,0,26.5,27.8,98,26.2,993,2.8,127,4.6,10,95,-30.8,42.8,0,0,0,0,0,0,n,741,Fog,a05n,3
2026/7/10 3:45,0,26.4,27.7,98,26.1,993,2.8,126,4.5,10,94,-28.4,45.8,0,0,0,0,0,0,n,741,Fog,a05n,3
2026/7/10 4:00,0,26.3,27.5,98,26,993,2.8,126,4.4,10,94,-26.1,48.7,0,0,0,0,0,0,n,741,Fog,a05n,4
2026/7/10 4:15,0,26.3,27.5,98,26,993,2.7,125,4.3,12,93,-23.3,51,0,0,0,0,0,0,n,741,Fog,a05n,4
2026/7/10 4:30,0,26.3,27.5,98,26,993,2.6,124,4.2,10,92,-20.5,53.2,0,0,0,0,0,0,n,741,Fog,a05n,4
2026/7/10 4:45,0,26.3,27.5,98,26,993,2.5,123,4.1,10,90,-17.7,55.4,0,0,0,0,0,0,n,741,Fog,a05n,4
2026/7/10 5:00,0,26.3,27.5,98,26,993,2.4,122,4,10,89,-15,57.7,0,0,0,0,0,0,n,741,Fog,a05n,5
2026/7/10 5:15,0,26.4,27.7,98,26.1,993,2.4,118,4,12,86,-11.9,59.4,0,0,0,0,0,0,n,741,Fog,a05n,5
2026/7/10 5:30,0.01,26.5,27.7,97,26,993,2.4,115,4,10,83,-8.9,61.1,0,0,0,0,0,0,n,741,Fog,a05n,5
2026/7/10 5:45,0,26.6,27.8,96,25.9,993,2.4,112,4,10,80,-5.9,62.8,0,0,0,0,0,0,n,804,Overcast clouds,c04n,5
2026/7/10 6:00,0.04,26.7,30.4,96,26,993,2.4,108,4,10,77,-2.8,64.5,0,0,0,0,0,0,n,804,Overcast clouds,c04n,6
2026/7/10 6:15,0.95,26.7,30.4,96,26,993,2.4,108,4.3,12,73,0.4,65.9,31,13,19,1,0,0,d,804,Overcast clouds,c04n,6
2026/7/10 6:30,3.31,26.7,30.4,96,26,993,2.4,108,4.6,10,68,3.6,67.2,61,25,41,1.1,0,0,d,803,Broken clouds,c03d,6
2026/7/10 6:45,6.79,26.7,30.4,96,26,993,2.4,108,4.9,10,64,6.7,68.6,92,38,67,1.2,0,0,d,803,Broken clouds,c03d,6
2026/7/10 7:00,12.16,26.7,30.4,96,26,993,2.4,108,5.2,12,60,9.9,70,122,51,93,1.2,0,0,d,803,Broken clouds,c03d,7
2026/7/10 7:15,22.12,26.7,30.4,96,26,993,2.6,112,5.4,12,63,13.2,71.1,178,58,131,1.2,0,0,d,803,Broken clouds,c03d,7
2026/7/10 7:30,20.73,26.7,30.3,95,25.8,994,2.8,116,5.6,10,66,16.5,72.2,233,66,164,1.3,0,0,d,803,Broken clouds,c03d,7
2026/7/10 7:45,64.91,26.7,30.2,94,25.7,994,3,120,5.8,10,69,19.8,73.4,289,73,193,1.3,0,0,d,803,Broken clouds,c03d,7
2026/7/10 8:00,31.76,26.7,30.2,94,25.7,994,3.2,124,6,10,72,23.1,74.5,345,80,216,1.4,0,0,d,804,Overcast clouds,c04d,8
2026/7/10 8:15,45.9,26.8,30.5,94,25.7,994,3.1,125,6.1,12,66,26.5,75.5,402,85,282,1.7,0,0,d,803,Broken clouds,c03d,8
2026/7/10 8:30,72.57,26.9,30.6,93,25.6,994,3,126,6.2,13,60,29.9,76.5,458,90,350,2,0,0,d,803,Broken clouds,c03d,8
2026/7/10 8:45,50.89,26.9,30.7,92,25.5,994,2.9,127,6.3,13,55,33.2,77.4,515,94,414,2.4,0,0,d,803,Broken clouds,c03d,8
2026/7/10 9:00,43.76,27,30.9,92,25.6,994,2.8,128,6.4,14,49,36.6,78.4,571,99,481,2.9,0,0,d,803,Broken clouds,c03d,9
2026/7/10 9:15,156.6,27.7,32.5,89,25.7,994,2.9,130,6.5,14,56,40,79.3,622,102,496,3,0,0,d,803,Broken clouds,c03d,9
2026/7/10 9:30,49.79,28.3,33.9,86,25.7,994,3,131,6.6,10,64,43.4,80.2,672,105,487,3.1,0,0,d,803,Broken clouds,c03d,9
2026/7/10 9:45,122.36,29,35.5,84,26,994,3.1,132,6.7,10,71,46.8,81.1,722,108,462,3.1,0,0,d,804,Overcast clouds,c04d,9
2026/7/10 10:00,120.1,29.6,36.7,81,26,994,3.2,134,6.8,10,78,50.2,82,772,111,412,3.2,0,0,d,804,Overcast clouds,c04d,10
2026/7/10 10:15,120.97,29.5,36.5,81,25.9,994,3.2,135,6.9,12,78,53.7,82.9,811,113,433,3.5,0,0,d,804,Overcast clouds,c04d,10
2026/7/10 10:30,94.37,29.5,36.5,82,26,994,3.2,136,7,12,78,57.1,83.7,850,116,454,3.8,0,0,d,804,Overcast clouds,c04d,10
2026/7/10 10:45,170.7,29.4,36.3,82,26,994,3.2,137,7.1,13,79,60.6,84.6,889,118,460,4,0,0,d,804,Overcast clouds,c04d,10
2026/7/10 11:00,179.82,29.3,36.1,82,25.9,994,3.2,138,7.2,13,79,64,85.5,928,120,480,4.3,0,0,d,804,Overcast clouds,c04d,11
2026/7/10 11:15,138.17,29.4,36.3,82,26,994,3.1,138,7.2,14,82,67.4,86.5,951,121,440,4.4,0,0,d,804,Overcast clouds,c04d,11
2026/7/10 11:30,3.88,29.5,36.5,82,26,994,3,137,7.2,10,85,70.9,87.5,975,122,392,4.4,0,0,d,804,Overcast clouds,c04d,11
2026/7/10 11:45,3.9,29.5,36.5,81,25.9,993,2.9,136,7.2,10,88,74.4,88.5,999,123,338,4.3,0,0,d,804,Overcast clouds,c04d,11
2026/7/10 12:00,3.93,29.6,36.7,81,26,993,2.8,136,7.2,10,91,77.8,89.5,1023,124,274,4.3,0,0,d,804,Overcast clouds,c04d,12
2026/7/10 12:15,3.9,30,37.3,79,25.9,993,2.9,136,7.2,12,90,80.4,131.1,1029,125,301,4.4,0,0,d,804,Overcast clouds,c04d,12
2026/7/10 12:30,3.9,30.4,38.2,78,26.1,993,3,135,7.2,10,88,83,172.7,1036,125,350,4.6,0,0,d,804,Overcast clouds,c04d,12
2026/7/10 12:45,9.54,30.7,38.7,76,26,993,3.1,134,7.2,10,87,85.6,214.3,1043,125,376,4.8,0.5,0,d,301,Drizzle,d02d,12
2026/7/10 13:00,58.89,31.1,39.1,74,25.9,993,3.2,134,7.2,10,86,88.3,255.9,1050,125,401,4.9,1,0,d,500,Light rain,r01d,13
2026/7/10 13:15,29.52,31,38.8,74,25.8,993,3.2,136,7.4,12,81,84.8,259.8,1039,125,501,5.2,0.75,0,d,231,Thunderstorm with drizzle,t04d,13
2026/7/10 13:30,87.13,30.9,38.6,74,25.7,993,3.2,138,7.6,12,76,81.4,263.8,1028,124,584,5.6,0.5,0,d,231,Thunderstorm with drizzle,t04d,13
2026/7/10 13:45,156.8,30.8,38.3,74,25.6,993,3.2,140,7.8,13,70,77.9,267.7,1017,124,658,5.9,1.25,0,d,200,Thunderstorm with light rain,t01d,13
2026/7/10 14:00,109.22,30.7,38,74,25.5,992,3.2,142,8,14,65,74.5,271.6,1006,123,707,6.1,2,0,d,200,Thunderstorm with light rain,t01d,14
2026/7/10 14:15,3.87,30.4,37.5,75,25.5,992,3.4,144,8.1,14,67,71,272.6,978,122,667,5.7,1.75,0,d,200,Thunderstorm with light rain,t01d,14
2026/7/10 14:30,3.85,30.2,37,76,25.4,992,3.6,146,8.2,5,70,67.5,273.5,950,121,614,5.2,1.5,0,d,200,Thunderstorm with light rain,t01d,14
2026/7/10 14:45,3.94,29.9,36.2,76,25.2,992,3.8,148,8.3,5,72,64.1,274.4,923,119,568,4.8,2.25,0,d,200,Thunderstorm with light rain,t01d,14
2026/7/10 15:00,3.95,29.6,35.7,77,25.1,992,4,150,8.4,5,74,60.6,275.4,895,118,521,4.3,3,0,d,200,Thunderstorm with light rain,t01d,15
2026/7/10 15:15,91.84,29.4,35.5,78,25.2,992,4.1,150,8.5,9,75,57.2,276.2,853,116,485,4,2.5,0,d,200,Thunderstorm with light rain,t01d,15
2026/7/10 15:30,63.25,29.3,35.4,80,25.4,992,4.2,150,8.6,10,76,53.8,277.1,811,113,450,3.6,2,0,d,200,Thunderstorm with light rain,t01d,15
2026/7/10 15:45,3.9,29.1,35.2,81,25.5,991,4.3,150,8.7,10,76,50.3,277.9,769,111,428,3.3,1.75,0,d,500,Light rain,r01d,15
2026/7/10 16:00,19.07,28.9,34.9,82,25.5,991,4.4,150,8.8,10,77,46.9,278.8,727,109,394,2.9,1.5,0,d,500,Light rain,r01d,16
2026/7/10 16:15,103.9,29.1,35.2,81,25.5,991,4.4,152,8.7,12,72,43.5,279.7,675,105,418,2.8,1.25,0,d,500,Light rain,r01d,16
2026/7/10 16:30,57.69,29.3,35.4,80,25.4,991,4.4,153,8.6,10,67,40.1,280.6,622,102,431,2.7,1,0,d,500,Light rain,r01d,16
2026/7/10 16:45,73.36,29.4,36,80,25.6,991,4.4,154,8.5,10,62,36.7,281.5,570,98,425,2.5,0.75,0,d,301,Drizzle,d02d,16
2026/7/10 17:00,151.44,29.6,36.2,79,25.6,990,4.4,156,8.4,12,57,33.3,282.4,518,95,409,2.4,0.5,0,d,301,Drizzle,d02d,17
2026/7/10 17:15,27.05,29.4,36,80,25.6,990,3.8,156,8,12,53,29.9,283.4,460,90,377,2.2,0.25,0,d,803,Broken clouds,c03d,17
2026/7/10 17:30,3.94,29.3,35.9,82,25.9,990,3.2,156,7.6,13,50,26.6,284.5,403,85,337,2,0,0,d,803,Broken clouds,c03d,17
2026/7/10 17:45,3.92,29.1,35.6,83,25.9,990,2.6,156,7.2,13,46,23.2,285.5,346,80,297,1.9,0,0,d,803,Broken clouds,c03d,17
2026/7/10 18:00,3.93,28.9,35.3,84,25.9,990,2,156,6.8,14,42,19.9,286.5,289,74,253,1.8,0,0,d,803,Broken clouds,c03d,18
2026/7/10 18:15,3.88,28.8,35,84,25.8,990,1.9,149,6.5,14,41,16.6,287.7,235,66,206,1.7,0,0,d,803,Broken clouds,c03d,18
2026/7/10 18:30,3.97,28.7,34.7,84,25.7,990,1.8,142,6.2,15,40,13.3,288.8,181,57,160,1.6,0,0,d,802,Scattered clouds,c02d,18
2026/7/10 18:45,3.94,28.6,34.4,84,25.6,990,1.7,135,5.9,15,39,10,290,127,49,112,1.5,0,0,d,802,Scattered clouds,c02d,18
2026/7/10 19:00,4.13,28.5,34.1,84,25.5,990,1.6,128,5.6,15,38,6.8,291.2,74,40,66,1.5,0,0,d,802,Scattered clouds,c02d,19
2026/7/10 19:15,4,28.5,34.1,84,25.5,990,1.6,128,5.2,16,46,3.6,292.6,55,30,47,1.4,0,0,d,803,Broken clouds,c03d,19
2026/7/10 19:30,1.51,28.5,34.1,84,25.5,991,1.6,129,4.8,10,55,0.4,294.1,37,20,30,1.3,0,0,d,803,Broken clouds,c03n,19
2026/7/10 19:45,0.19,28.5,34.1,84,25.5,991,1.6,130,4.4,10,64,-2.7,295.5,18,10,13,0,0,0,d,803,Broken clouds,c03n,19
2026/7/10 20:00,0.01,28.5,34.1,84,25.5,991,1.6,130,4,10,72,-5.9,297,0,0,0,0,0,0,n,804,Overcast clouds,c04n,20
2026/7/10 20:15,0,28.4,34,85,25.6,991,1.6,130,3.9,12,71,-8.9,298.8,0,0,0,0,0,0,n,804,Overcast clouds,c04n,20
2026/7/10 20:30,0,28.3,33.9,86,25.7,992,1.6,130,3.8,13,70,-11.9,300.6,0,0,0,0,0,0,n,803,Broken clouds,c03n,20
2026/7/10 20:45,0,28.2,33.8,87,25.8,992,1.6,130,3.7,13,68,-14.8,302.4,0,0,0,0,0,0,n,803,Broken clouds,c03n,20
2026/7/10 21:00,0,28.1,33.7,88,25.9,992,1.6,130,3.6,14,67,-17.8,304.2,0,0,0,0,0,0,n,803,Broken clouds,c03n,21
2026/7/10 21:15,0,27.9,33.3,89,25.9,992,1.6,126,3.6,14,66,-20.5,306.6,0,0,0,0,0,0,n,803,Broken clouds,c03n,21
2026/7/10 21:30,0,27.8,33,90,26,992,1.6,122,3.6,15,64,-23.2,309,0,0,0,0,0,0,n,803,Broken clouds,c03n,21
2026/7/10 21:45,0,27.6,32.6,91,26,992,1.6,118,3.6,15,62,-25.9,311.4,0,0,0,0,0,0,n,803,Broken clouds,c03n,21
2026/7/10 22:00,0,27.4,32.2,92,26,992,1.6,114,3.6,15,61,-28.6,313.8,0,0,0,0,0,0,n,803,Broken clouds,c03n,22
2026/7/10 22:15,0,27.3,31.9,92,25.9,992,1.7,115,3.6,16,57,-30.8,317,0,0,0,0,0,0,n,803,Broken clouds,c03n,22
2026/7/10 22:30,0,27.2,31.7,93,26,992,1.8,116,3.6,16,53,-33.1,320.1,0,0,0,0,0,0,n,803,Broken clouds,c03n,22
2026/7/10 22:45,0,27.1,31.5,94,26,992,1.9,117,3.6,16,49,-35.3,323.3,0,0,0,0,0,0,n,803,Broken clouds,c03n,22
2026/7/10 23:00,0,27,31.2,94,25.9,992,2,118,3.6,16,45,-37.5,326.5,0,0,0,0,0,0,n,803,Broken clouds,c03n,23
2026/7/10 23:15,0,27,31.2,94,25.9,992,2,118,3.6,16,42,-39,330.6,0,0,0,0,0,0,n,803,Broken clouds,c03n,23
2026/7/10 23:30,0,27,31.2,94,25.9,992,2,118,3.6,16,40,-40.5,334.8,0,0,0,0,0,0,n,802,Scattered clouds,c02n,23
2026/7/10 23:45,0,27,31.2,94,25.9,992,2,118,3.6,16,38,-42,338.9,0,0,0,0,0,0,n,802,Scattered clouds,c02n,23
2026/7/11 0:00,0,27,31.2,94,25.9,992,2,118,3.6,16,35,-43.5,343.1,0,0,0,0,0,0,n,802,Scattered clouds,c02n,0
2026/7/11 0:15,0,26.9,30.9,94,25.9,992,2.1,120,3.6,16,35,-43.9,257.9,0,0,0,0,0,0,n,802,Scattered clouds,c02n,0
2026/7/11 0:30,0.01,26.9,30.8,95,26,992,2.2,121,3.6,16,36,-44.4,172.7,0,0,0,0,0,0,n,802,Scattered clouds,c02n,0
2026/7/11 0:45,0,26.8,30.7,96,26.1,992,2.3,122,3.6,16,36,-44.8,87.6,0,0,0,0,0,0,n,802,Scattered clouds,c02n,0
2026/7/11 1:00,0,26.7,30.4,96,26,992,2.4,124,3.6,16,36,-45.3,2.4,0,0,0,0,0,0,n,802,Scattered clouds,c02n,1
2026/7/11 1:15,0,26.7,30.4,96,26,992,2.4,123,3.7,16,37,-44.5,7.1,0,0,0,0,0,0,n,802,Scattered clouds,c02n,1
2026/7/11 1:30,0,26.7,30.4,96,26,992,2.4,122,3.8,10,38,-43.8,11.8,0,0,0,0,0,0,n,802,Scattered clouds,c02n,1
2026/7/11 1:45,0,26.7,30.4,96,26,992,2.4,121,3.9,10,40,-43.1,16.5,0,0,0,0,0,0,n,802,Scattered clouds,c02n,1
2026/7/11 2:00,0,26.7,30.4,96,26,992,2.4,120,4,10,41,-42.4,21.3,0,0,0,0,0,0,n,803,Broken clouds,c03n,2
2026/7/11 2:15,0,26.7,30.4,96,26,992,2.4,117,4.2,12,46,-40.7,25.2,0,0,0,0,0,0,n,803,Broken clouds,c03n,2
2026/7/11 2:30,0,26.7,30.4,96,26,992,2.4,114,4.4,13,50,-39,29.1,0,0,0,0,0,0,n,803,Broken clouds,c03n,2
2026/7/11 2:45,0,26.7,30.4,96,26,991,2.4,111,4.6,13,55,-37.3,33,0,0,0,0,0,0,n,803,Broken clouds,c03n,2
2026/7/11 3:00,0,26.7,30.4,96,26,991,2.4,108,4.8,13,60,-35.6,36.9,0,0,0,0,0,0,n,803,Broken clouds,c03n,3
2026/7/11 3:15,0,26.7,30.4,96,26,991,2.5,108,4.8,14,67,-33.3,39.9,0,0,0,0,0,0,n,803,Broken clouds,c03n,3
2026/7/11 3:30,0,26.7,30.4,96,26,991,2.6,107,4.8,15,74,-30.9,42.9,0,0,0,0,0,0,n,804,Overcast clouds,c04n,3
2026/7/11 3:45,0,26.7,30.4,96,26,991,2.7,106,4.8,15,80,-28.5,45.8,0,0,0,0,0.25,0,n,804,Overcast clouds,c04n,3
2026/7/11 4:00,0,26.7,30.4,96,26,991,2.8,106,4.8,16,87,-26.2,48.8,0,0,0,0,0.5,0,n,301,Drizzle,d02n,4
2026/7/11 4:15,0,26.6,27.8,96,25.9,991,2.7,103,4.8,16,82,-23.4,51,0,0,0,0,0.75,0,n,301,Drizzle,d02n,4
2026/7/11 4:30,0,26.5,27.7,97,26,991,2.6,100,4.8,16,78,-20.6,53.3,0,0,0,0,1,0,n,500,Light rain,r01n,4
2026/7/11 4:45,0,26.4,27.7,98,26.1,991,2.5,97,4.8,16,74,-17.8,55.5,0,0,0,0,0.5,0,n,301,Drizzle,d02n,4
2026/7/11 5:00,0,26.3,27.5,98,26,991,2.4,94,4.8,16,69,-15.1,57.7,0,0,0,0,0,0,n,741,Fog,a05n,5
2026/7/11 5:15,0,26.5,27.7,97,26,991,2.5,96,4.8,16,70,-12,59.5,0,0,0,0,0,0,n,741,Fog,a05n,5
2026/7/11 5:30,0,26.7,27.9,96,26,991,2.6,98,4.8,16,70,-9,61.2,0,0,0,0,0,0,n,803,Broken clouds,c03n,5
2026/7/11 5:45,0.01,26.8,30.7,95,26,991,2.7,100,4.8,16,71,-6,62.9,0,0,0,0,0,0,n,804,Overcast clouds,c04n,5
2026/7/11 6:00,0.01,27,31.2,94,25.9,991,2.8,102,4.8,16,72,-2.9,64.6,0,0,0,0,0,0,n,804,Overcast clouds,c04n,6
2026/7/11 6:15,0.98,27,31.2,94,25.9,991,2.7,104,4.8,16,71,0.3,66,30,13,19,1,0,0,d,804,Overcast clouds,c04n,6
2026/7/11 6:30,5.03,27,31.2,94,25.9,991,2.6,105,4.8,6,70,3.5,67.3,60,25,39,1.1,0,0,d,803,Broken clouds,c03d,6
2026/7/11 6:45,18.54,27,31.2,94,25.9,991,2.5,106,4.8,6,70,6.7,68.7,91,38,59,1.1,0,0,d,803,Broken clouds,c03d,6
2026/7/11 7:00,53.74,27,31.2,94,25.9,991,2.4,108,4.8,6,69,9.9,70.1,121,51,81,1.1,0,0,d,803,Broken clouds,c03d,7
2026/7/11 7:15,30.26,27,31.2,94,25.9,991,2.5,113,5,10,74,13.2,71.2,177,58,106,1.1,0,0,d,804,Overcast clouds,c04d,7
2026/7/11 7:30,29.81,27,31.1,93,25.8,992,2.6,118,5.2,11,79,16.5,72.4,232,65,120,1.1,0,0,d,804,Overcast clouds,c04d,7
2026/7/11 7:45,21.22,27,30.9,92,25.6,992,2.7,123,5.4,11,84,19.8,73.5,288,73,122,1.1,0,0,d,804,Overcast clouds,c04d,7
2026/7/11 8:00,70.31,27,30.9,92,25.6,992,2.8,128,5.6,12,89,23.1,74.6,344,80,109,1.1,0,0,d,804,Overcast clouds,c04d,8
2026/7/11 8:15,39.77,27,30.9,92,25.6,992,2.7,134,5.4,13,86,26.4,75.6,400,85,153,1.2,0,0,d,804,Overcast clouds,c04d,8
2026/7/11 8:30,112.15,27,31.1,93,25.8,992,2.6,139,5.2,14,82,29.8,76.6,457,89,212,1.5,0,0,d,804,Overcast clouds,c04d,8
2026/7/11 8:45,152.63,27,31.2,94,25.9,991,2.5,144,5,15,79,33.2,77.6,514,94,266,1.8,0,0,d,804,Overcast clouds,c04d,8
2026/7/11 9:00,78.08,27,31.2,94,25.9,991,2.4,150,4.8,16,76,36.5,78.6,571,99,324,2.1,0,0,d,804,Overcast clouds,c04d,9
2026/7/11 9:15,115.52,27.9,33.3,89,25.9,991,2.3,152,4.8,16,66,39.9,79.5,621,102,436,2.7,0,0,d,803,Broken clouds,c03d,9
2026/7/11 9:30,73.3,28.9,35.2,84,25.9,992,2.2,154,4.8,16,57,43.3,80.4,671,105,529,3.3,0,0,d,803,Broken clouds,c03d,9
2026/7/11 9:45,65.15,29.8,36.7,79,25.7,992,2.1,156,4.8,16,48,46.8,81.3,721,108,611,4.1,0,0,d,803,Broken clouds,c03d,9
2026/7/11 10:00,31.35,30.7,38,74,25.5,992,2,158,4.8,16,38,50.2,82.2,772,111,687,5.1,0,0,d,802,Scattered clouds,c02d,10
2026/7/11 10:15,79.18,30.7,38,74,25.5,992,1.9,156,4.6,16,37,53.6,83.1,811,113,724,5.6,0,0,d,802,Scattered clouds,c02d,10
2026/7/11 10:30,3.85,30.7,37.7,73,25.3,992,1.8,155,4.4,16,36,57.1,84,849,116,761,6.1,0,0,d,802,Scattered clouds,c02d,10
2026/7/11 10:45,3.93,30.7,37.4,72,25.1,992,1.7,154,4.2,16,35,60.5,84.9,888,118,799,6.7,0,0,d,802,Scattered clouds,c02d,10
2026/7/11 11:00,3.86,30.7,37.4,72,25.1,991,1.6,152,4,16,34,63.9,85.7,927,120,836,7.3,0,0,d,802,Scattered clouds,c02d,11
2026/7/11 11:15,3.87,30.8,37.7,72,25.2,991,1.5,148,3.9,16,35,67.4,86.8,951,121,855,7.6,0,0,d,802,Scattered clouds,c02d,11
2026/7/11 11:30,3.87,30.9,37.9,72,25.3,991,1.4,145,3.8,10,36,70.9,87.9,975,122,874,7.9,0,0,d,802,Scattered clouds,c02d,11
2026/7/11 11:45,3.86,31,37.9,71,25.1,991,1.3,142,3.7,10,38,74.3,89,999,123,890,8.1,0,0,d,802,Scattered clouds,c02d,11
2026/7/11 12:00,75.31,31.1,38.2,71,25.2,991,1.2,138,3.6,10,39,77.8,90.1,1023,124,908,8.4,0,0,d,802,Scattered clouds,c02d,12
2026/7/11 12:15,29.4,31.4,38.6,70,25.2,991,1.1,134,3.7,12,38,80.4,130.4,1029,125,917,8.6,0,0,d,802,Scattered clouds,c02d,12
2026/7/11 12:30,3.9,31.7,38.7,68,25,991,1,131,3.8,10,36,83,170.8,1036,125,930,8.9,0,0,d,802,Scattered clouds,c02d,12
2026/7/11 12:45,3.86,31.9,39.1,67,25,991,0.9,128,3.9,10,35,85.6,211.1,1043,125,939,9.1,0,0,d,802,Scattered clouds,c02d,12
2026/7/11 13:00,3.96,32.2,39.5,66,25,990,0.8,124,4,10,34,88.3,251.5,1050,125,947,9.2,0,0,d,802,Scattered clouds,c02d,13
2026/7/11 13:15,3.93,32.4,39.7,65,25,990,0.9,124,4.2,12,32,84.8,256.4,1039,125,942,9.3,0,0,d,802,Scattered clouds,c02d,13
2026/7/11 13:30,6.81,32.6,39.9,64,24.9,990,1,125,4.4,10,30,81.4,261.3,1028,124,936,9.3,0,0,d,802,Scattered clouds,c02d,13
2026/7/11 13:45,3.89,32.8,40.1,63,24.8,990,1.1,126,4.6,10,27,77.9,266.2,1017,124,931,9.3,0,0,d,802,Scattered clouds,c02d,13
2026/7/11 14:00,3.87,33,40.3,62,24.7,989,1.2,126,4.8,12,25,74.5,271.1,1006,123,924,9.2,0,0,d,802,Scattered clouds,c02d,14
2026/7/11 14:15,3.89,33,40.6,63,25,989,1.3,128,4.8,12,24,71,272.1,978,122,898,8.8,0,0,d,802,Scattered clouds,c02d,14
2026/7/11 14:30,3.89,33,41,64,25.3,989,1.4,131,4.8,13,22,67.6,273.1,950,121,873,8.5,0,0,d,802,Scattered clouds,c02d,14
2026/7/11 14:45,3.96,33,41,64,25.3,989,1.5,134,4.8,13,21,64.1,274.1,923,119,849,8.1,0,0,d,802,Scattered clouds,c02d,14
2026/7/11 15:00,79.69,33,41.4,65,25.5,989,1.6,136,4.8,14,20,60.6,275.1,895,118,823,7.7,0,0,d,801,Few clouds,c02d,15
2026/7/11 15:15,20.79,33.2,41.9,65,25.7,989,1.7,136,4.9,14,22,57.2,276,853,116,782,6.9,0,0,d,802,Scattered clouds,c02d,15
2026/7/11 15:30,3.9,33.4,42,64,25.6,989,1.8,135,5,10,24,53.8,276.8,811,113,743,6.3,0,0,d,802,Scattered clouds,c02d,15
2026/7/11 15:45,3.85,33.5,42.5,64,25.8,989,1.9,134,5.1,10,25,50.3,277.7,769,111,703,5.7,0,0,d,802,Scattered clouds,c02d,15
2026/7/11 16:00,3.85,33.7,43,64,25.9,988,2,134,5.2,10,27,46.9,278.6,727,109,662,5.1,0,0,d,802,Scattered clouds,c02d,16
2026/7/11 16:15,3.84,33.7,43,64,25.9,988,2,133,5,12,33,43.5,279.5,675,105,608,4.3,0,0,d,802,Scattered clouds,c02d,16
2026/7/11 16:30,3.87,33.7,43,64,25.9,988,2,132,4.8,13,38,40.1,280.4,622,102,552,3.7,0,0,d,802,Scattered clouds,c02d,16
2026/7/11 16:45,23.56,33.7,43,64,25.9,988,2,131,4.6,13,44,36.7,281.4,570,98,494,3.1,0,0,d,803,Broken clouds,c03d,16
2026/7/11 17:00,61.48,33.7,43,64,25.9,987,2,130,4.4,14,50,33.3,282.3,518,95,433,2.6,0,0,d,803,Broken clouds,c03d,17
2026/7/11 17:15,3.91,32.9,42.2,68,26.2,988,1.9,124,4.3,14,54,29.9,283.3,460,90,372,2.2,0,0,d,803,Broken clouds,c03d,17
2026/7/11 17:30,3.88,32.1,41.3,72,26.4,988,1.8,117,4.2,10,58,26.6,284.3,403,85,314,1.8,0,0,d,803,Broken clouds,c03d,17
2026/7/11 17:45,3.87,31.2,39.9,75,26.3,988,1.7,110,4.1,10,62,23.2,285.3,346,80,257,1.6,0,0,d,803,Broken clouds,c03d,17
2026/7/11 18:00,3.9,30.4,38.6,79,26.3,988,1.6,104,4,10,66,19.9,286.3,288,74,202,1.4,0,0,d,803,Broken clouds,c03d,18
2026/7/11 18:15,3.92,30.4,38.6,79,26.3,988,1.5,111,3.8,12,67,16.6,287.5,235,66,162,1.3,0,0,d,803,Broken clouds,c03d,18
2026/7/11 18:30,3.96,30.4,38.6,79,26.3,988,1.4,118,3.6,10,68,13.3,288.7,181,57,122,1.2,0,0,d,803,Broken clouds,c03d,18
2026/7/11 18:45,3.89,30.4,38.6,79,26.3,988,1.3,125,3.4,10,70,10,289.9,127,49,83,1.1,0,0,d,803,Broken clouds,c03d,18
2026/7/11 19:00,3.95,30.4,38.6,79,26.3,988,1.2,132,3.2,10,71,6.7,291.1,74,40,47,1,0,0,d,804,Overcast clouds,c04d,19
2026/7/11 19:15,3.93,30.3,38.6,80,26.5,989,1.3,136,3.1,12,64,3.6,292.5,55,30,40,1.1,0,0,d,803,Broken clouds,c03d,19
2026/7/11 19:30,1.71,30.2,38.3,80,26.4,989,1.4,140,3,13,57,0.4,293.9,37,20,29,1.2,0,0,d,803,Broken clouds,c03n,19
2026/7/11 19:45,0.17,30.1,38,80,26.3,989,1.5,144,2.9,13,50,-2.8,295.4,18,10,15,0,0,0,d,803,Broken clouds,c03n,19
2026/7/11 20:00,0,30,38,81,26.4,989,1.6,148,2.8,14,43,-5.9,296.8,0,0,0,0,0,0,n,803,Broken clouds,c03n,20
2026/7/11 20:15,0,30,38,81,26.4,990,1.8,150,2.9,14,36,-8.9,298.6,0,0,0,0,0,0,n,802,Scattered clouds,c02n,20
2026/7/11 20:30,0,30,38,81,26.4,990,2,152,3,10,30,-11.9,300.5,0,0,0,0,0,0,n,802,Scattered clouds,c02n,20
2026/7/11 20:45,0,30,38,81,26.4,990,2.2,154,3.1,10,24,-14.9,302.3,0,0,0,0,0,0,n,802,Scattered clouds,c02n,20
2026/7/11 21:00,0,30,38,81,26.4,990,2.4,156,3.2,10,17,-17.9,304.1,0,0,0,0,0,0,n,801,Few clouds,c02n,21
2026/7/11 21:15,0,29.7,37.4,82,26.3,990,2.3,157,3.1,12,17,-20.6,306.5,0,0,0,0,0,0,n,801,Few clouds,c02n,21
2026/7/11 21:30,0,29.5,37,84,26.5,990,2.2,158,3,10,16,-23.3,308.9,0,0,0,0,0,0,n,801,Few clouds,c02n,21
2026/7/11 21:45,0,29.2,36.4,85,26.4,990,2.1,159,2.9,10,16,-26,311.2,0,0,0,0,0,0,n,801,Few clouds,c02n,21
2026/7/11 22:00,0,28.9,35.8,86,26.3,990,2,160,2.8,10,16,-28.7,313.6,0,0,0,0,0,0,n,801,Few clouds,c02n,22
2026/7/11 22:15,0,28.8,35.7,87,26.4,990,1.9,162,2.6,12,15,-30.9,316.8,0,0,0,0,0,0,n,801,Few clouds,c02n,22
2026/7/11 22:30,0,28.7,35.6,88,26.5,991,1.8,163,2.4,12,14,-33.2,320,0,0,0,0,0,0,n,801,Few clouds,c02n,22
2026/7/11 22:45,0,28.6,35.5,89,26.6,991,1.7,164,2.2,13,13,-35.4,323.2,0,0,0,0,0,0,n,801,Few clouds,c02n,22
2026/7/11 23:00,0,28.5,35.4,90,26.7,991,1.6,166,2,14,12,-37.6,326.4,0,0,0,0,0,0,n,801,Few clouds,c02n,23
2026/7/11 23:15,0,28.5,35.4,90,26.7,991,1.6,168,2,14,13,-39.1,330.5,0,0,0,0,0,0,n,801,Few clouds,c02n,23
2026/7/11 23:30,0,28.5,35.4,90,26.7,991,1.6,171,2,10,14,-40.6,334.7,0,0,0,0,0,0,n,801,Few clouds,c02n,23
2026/7/11 23:45,0,28.5,35.4,90,26.7,991,1.6,174,2,10,14,-42.1,338.8,0,0,0,0,0,0,n,801,Few clouds,c02n,23
2026/7/12 0:00,0,28.5,35.4,90,26.7,991,1.6,176,2,10,15,-43.6,343,0,0,0,0,0,0,n,801,Few clouds,c02n,0
2026/7/12 0:15,0.01,28.2,34.7,91,26.6,991,1.5,168,2,12,14,-44,257.8,0,0,0,0,0,0,n,801,Few clouds,c02n,0
2026/7/12 0:30,0,28,33.9,92,26.5,991,1.4,160,2,13,12,-44.5,172.7,0,0,0,0,0,0,n,801,Few clouds,c02n,0
2026/7/12 0:45,0,27.7,33.2,93,26.4,990,1.3,152,2,13,10,-44.9,87.5,0,0,0,0,0,0,n,801,Few clouds,c02n,0
2026/7/12 1:00,0,27.4,32.4,94,26.3,990,1.2,144,2,13,9,-45.4,2.3,0,0,0,0,0,0,n,801,Few clouds,c02n,1
2026/7/12 1:15,0.01,27.4,32.4,94,26.3,990,1.1,136,2,14,9,-44.7,7.1,0,0,0,0,0,0,n,801,Few clouds,c02n,1
2026/7/12 1:30,0,27.4,32.4,94,26.3,990,1,128,2,15,9,-44,11.8,0,0,0,0,0,0,n,801,Few clouds,c02n,1
2026/7/12 1:45,0,27.4,32.4,94,26.3,989,0.9,120,2,15,9,-43.2,16.6,0,0,0,0,0,0,n,801,Few clouds,c02n,1
2026/7/12 2:00,0,27.4,32.4,94,26.3,989,0.8,112,2,16,9,-42.5,21.3,0,0,0,0,0,0,n,801,Few clouds,c02n,2
2026/7/12 2:15,0,27.4,32.4,94,26.3,989,0.8,108,1.9,16,9,-40.8,25.2,0,0,0,0,0,0,n,801,Few clouds,c02n,2
2026/7/12 2:30,0,27.4,32.4,94,26.3,989,0.8,104,1.8,10,10,-39.1,29.1,0,0,0,0,0,0,n,801,Few clouds,c02n,2
2026/7/12 2:45,0,27.4,32.4,94,26.3,989,0.8,100,1.7,10,10,-37.4,33.1,0,0,0,0,0,0,n,801,Few clouds,c02n,2
2026/7/12 3:00,0,27.4,32.4,94,26.3,989,0.8,96,1.6,10,10,-35.7,37,0,0,0,0,0,0,n,801,Few clouds,c02n,3
2026/7/12 3:15,0,27.2,32,95,26.4,989,0.8,96,1.6,12,10,-33.4,40,0,0,0,0,0,0,n,801,Few clouds,c02n,3
2026/7/12 3:30,0,27.1,31.5,96,26.4,989,0.8,97,1.6,12,9,-31,43,0,0,0,0,0,0,n,801,Few clouds,c02n,3
2026/7/12 3:45,0,26.9,31.1,97,26.4,989,0.8,98,1.6,13,8,-28.6,45.9,0,0,0,0,0,0,n,741,Fog,a05n,3
2026/7/12 4:00,0,26.7,30.6,98,26.4,989,0.8,98,1.6,13,8,-26.3,48.9,0,0,0,0,0,0,n,741,Fog,a05n,4
2026/7/12 4:15,0,26.8,30.8,98,26.4,989,0.8,102,1.5,14,8,-23.5,51.1,0,0,0,0,0,0,n,741,Fog,a05n,4
2026/7/12 4:30,0.01,26.9,31,97,26.3,989,0.8,107,1.4,15,8,-20.7,53.4,0,0,0,0,0,0,n,741,Fog,a05n,4
2026/7/12 4:45,0.01,26.9,31.1,96,26.2,989,0.8,112,1.3,15,7,-17.9,55.6,0,0,0,0,0,0,n,801,Few clouds,c02n,4
2026/7/12 5:00,0,27,31.4,96,26.3,989,0.8,116,1.2,16,7,-15.2,57.8,0,0,0,0,0,0,n,801,Few clouds,c02n,5
2026/7/12 5:15,0,27,31.4,96,26.3,989,0.8,118,1.2,16,6,-12.1,59.6,0,0,0,0,0,0,n,801,Few clouds,c02n,5
2026/7/12 5:30,0,27,31.4,96,26.3,990,0.8,121,1.2,16,6,-9.1,61.3,0,0,0,0,0,0,n,801,Few clouds,c02n,5
2026/7/12 5:45,0.01,27,31.4,96,26.3,990,0.8,124,1.2,16,6,-6,63,0,0,0,0,0,0,n,801,Few clouds,c02n,5
2026/7/12 6:00,0.03,27,31.4,96,26.3,990,0.8,126,1.2,16,5,-3,64.7,0,0,0,0,0,0,n,801,Few clouds,c02n,6
2026/7/12 6:15,1.84,27,31.4,96,26.3,990,0.8,126,1.4,16,6,0.2,66.1,30,13,28,2,0,0,d,801,Few clouds,c02n,6
2026/7/12 6:30,5.05,27,31.4,96,26.3,990,0.8,126,1.6,16,6,3.4,67.5,60,25,55,2,0,0,d,801,Few clouds,c02d,6
2026/7/12 6:45,9.78,27,31.4,96,26.3,990,0.8,126,1.8,16,7,6.6,68.8,90,38,83,2,0,0,d,801,Few clouds,c02d,6
2026/7/12 7:00,11.76,27,31.4,96,26.3,990,0.8,126,2,16,8,9.8,70.2,120,50,110,2,0,0,d,801,Few clouds,c02d,7
2026/7/12 7:15,19.86,27.4,32.4,94,26.3,990,0.7,124,2.1,16,14,13.1,71.3,175,58,161,2,0,0,d,801,Few clouds,c02d,7
2026/7/12 7:30,25.31,27.8,33.4,93,26.5,991,0.6,122,2.2,16,20,16.4,72.5,231,65,211,2,0,0,d,801,Few clouds,c02d,7
2026/7/12 7:45,62.59,28.1,34.5,92,26.7,991,0.5,120,2.3,16,26,19.7,73.6,287,73,261,2.1,0,0,d,802,Scattered clouds,c02d,7
2026/7/12 8:00,61.65,28.5,35.4,90,26.7,991,0.4,118,2.4,16,32,23,74.8,343,80,308,2.1,0,0,d,802,Scattered clouds,c02d,8
2026/7/12 8:15,96.9,28.6,35.7,90,26.8,991,0.3,134,2.5,16,34,26.4,75.8,399,85,357,2.3,0,0,d,802,Scattered clouds,c02d,8
2026/7/12 8:30,112.94,28.7,35.8,89,26.7,991,0.2,149,2.6,7,36,29.7,76.8,456,89,406,2.6,0,0,d,802,Scattered clouds,c02d,8
2026/7/12 8:45,119.58,28.8,35.9,88,26.6,991,0.1,164,2.7,7,37,33.1,77.7,513,94,455,2.9,0,0,d,802,Scattered clouds,c02d,8
2026/7/12 9:00,126.39,28.9,36.3,88,26.7,991,0,180,2.8,7,39,36.5,78.7,570,99,502,3.2,0,0,d,802,Scattered clouds,c02d,9
2026/7/12 9:15,126.62,29.7,37.9,84,26.7,991,0,224,3.1,11,45,39.9,79.7,620,102,532,3.4,0,0,d,803,Broken clouds,c03d,9
2026/7/12 9:30,54.94,30.6,39.4,80,26.7,991,0,268,3.4,10,52,43.3,80.6,670,105,549,3.5,0,0,d,803,Broken clouds,c03d,9
2026/7/12 9:45,86.7,31.4,41,77,26.8,991,0,312,3.7,10,58,46.7,81.5,721,108,559,3.7,0,0,d,803,Broken clouds,c03d,9
2026/7/12 10:00,16.02,32.2,42.2,73,26.7,991,0,356,4,10,64,50.1,82.4,771,111,555,3.8,0,0,d,803,Broken clouds,c03d,10
2026/7/12 10:15,3.84,32.3,42.1,72,26.6,992,0.1,294,3.9,12,66,53.6,83.3,810,113,566,4.1,0,0,d,803,Broken clouds,c03d,10
2026/7/12 10:30,3.97,32.4,41.6,70,26.2,992,0.2,232,3.8,10,68,57,84.2,849,115,575,4.3,0,0,d,803,Broken clouds,c03d,10
2026/7/12 10:45,3.99,32.5,41.5,69,26.1,992,0.3,170,3.7,10,71,60.4,85.1,888,118,568,4.5,0,0,d,804,Overcast clouds,c04d,10
2026/7/12 11:00,3.85,32.6,41.4,68,25.9,992,0.4,108,3.6,12,73,63.9,86,927,120,568,4.7,0,0,d,804,Overcast clouds,c04d,11
2026/7/12 11:15,3.85,32.7,41.7,68,26,992,0.5,112,4.1,12,76,67.4,87.2,951,121,539,4.8,0,0,d,804,Overcast clouds,c04d,11
2026/7/12 11:30,3.94,32.8,42,68,26.1,992,0.6,115,4.6,10,78,70.8,88.4,975,122,520,4.9,0,0,d,804,Overcast clouds,c04d,11
2026/7/12 11:45,46.2,32.9,41.9,67,25.9,992,0.7,118,5.1,10,80,74.3,89.6,999,123,499,4.9,0,0,d,804,Overcast clouds,c04d,11
2026/7/12 12:00,38.44,33,42.2,67,26,992,0.8,122,5.6,10,83,77.7,90.7,1022,124,453,4.9,0,0,d,804,Overcast clouds,c04d,12
2026/7/12 12:15,116.58,33.5,42.7,65,26,992,0.9,122,5.5,12,82,80.4,129.8,1029,125,476,5.1,0,0,d,804,Overcast clouds,c04d,12
2026/7/12 12:30,35.49,33.9,43.2,63,25.9,992,1,121,5.4,13,82,83,168.8,1036,125,480,5.1,0,0,d,804,Overcast clouds,c04d,12
2026/7/12 12:45,3.9,34.4,43.6,61,25.7,992,1.1,120,5.3,13,82,85.6,207.9,1043,125,484,5.2,0,0,d,804,Overcast clouds,c04d,12
2026/7/12 13:00,3.85,34.8,44,59,25.6,991,1.2,120,5.2,13,81,88.2,246.9,1050,125,508,5.3,0,0,d,804,Overcast clouds,c04d,13
2026/7/12 13:15,3.9,35,44.6,59,25.8,991,1.2,122,5.2,14,78,84.8,252.8,1039,125,556,5.5,0,0,d,804,Overcast clouds,c04d,13
2026/7/12 13:30,49.08,35.2,44.7,58,25.7,991,1.2,125,5.2,10,76,81.4,258.8,1028,124,585,5.6,0,0,d,804,Overcast clouds,c04d,13
2026/7/12 13:45,35.85,35.4,45.3,58,25.9,991,1.2,128,5.2,10,74,77.9,264.7,1017,124,609,5.6,0,0,d,804,Overcast clouds,c04d,13
2026/7/12 14:00,26.55,35.6,45.9,58,26,991,1.2,130,5.2,10,71,74.5,270.6,1006,123,644,5.7,0,0,d,804,Overcast clouds,c04d,14
2026/7/12 14:15,13.68,35.6,45.9,58,26,991,1.2,132,5,12,66,71,271.6,978,122,686,5.8,0,0,d,803,Broken clouds,c03d,14
2026/7/12 14:30,5.53,35.6,45.9,58,26,991,1.2,135,4.8,13,62,67.6,272.7,951,121,707,5.7,0,0,d,803,Broken clouds,c03d,14
2026/7/12 14:45,3.86,35.6,46.4,59,26.3,991,1.2,138,4.6,13,57,64.1,273.7,923,119,726,5.7,0,0,d,803,Broken clouds,c03d,14
2026/7/12 15:00,3.95,35.6,46.4,59,26.3,990,1.2,140,4.4,13,52,60.7,274.8,895,118,736,5.7,0,0,d,803,Broken clouds,c03d,15
2026/7/12 15:15,3.91,35.6,46.4,59,26.3,990,1.2,140,4.4,14,48,57.2,275.7,853,116,721,5.5,0,0,d,803,Broken clouds,c03d,15
2026/7/12 15:30,3.94,35.6,45.9,58,26,990,1.2,140,4.4,10,45,53.8,276.6,811,113,699,5.2,0,0,d,803,Broken clouds,c03d,15
2026/7/12 15:45,3.91,35.6,45.9,58,26,990,1.2,140,4.4,10,42,50.3,277.5,769,111,672,4.9,0,0,d,803,Broken clouds,c03d,15
2026/7/12 16:00,3.91,35.6,45.9,58,26,989,1.2,140,4.4,12,38,46.9,278.4,727,109,645,4.6,0,0,d,802,Scattered clouds,c02d,16
2026/7/12 16:15,119.24,35.5,45.6,58,26,989,1.4,139,4.3,12,40,43.5,279.3,675,105,595,4,0,0,d,802,Scattered clouds,c02d,16
2026/7/12 16:30,73.83,35.4,45.3,58,25.9,989,1.6,138,4.2,10,43,40.1,280.2,622,102,542,3.5,0,0,d,803,Broken clouds,c03d,16
2026/7/12 16:45,38.31,35.3,45,58,25.8,989,1.8,137,4.1,10,46,36.7,281.2,570,98,489,3,0,0,d,803,Broken clouds,c03d,16
2026/7/12 17:00,13.76,35.2,44.7,58,25.7,988,2,136,4,10,48,33.3,282.1,518,95,439,2.6,0,0,d,803,Broken clouds,c03d,17
2026/7/12 17:15,5.3,34.4,43.7,61,25.8,988,1.8,151,3.9,12,54,29.9,283.1,460,90,373,2.2,0,0,d,803,Broken clouds,c03d,17
2026/7/12 17:30,3.84,33.6,42.6,64,25.8,988,1.6,166,3.8,12,61,26.6,284.1,403,85,304,1.8,0,0,d,803,Broken clouds,c03d,17
2026/7/12 17:45,3.85,32.7,41.8,68,26,988,1.4,181,3.7,13,68,23.2,285.2,346,80,235,1.5,0,0,d,803,Broken clouds,c03d,17
2026/7/12 18:00,3.88,31.9,40.5,71,26,988,1.2,196,3.6,14,74,19.9,286.2,288,74,172,1.2,0,0,d,804,Overcast clouds,c04d,18
2026/7/12 18:15,3.91,32,40.3,70,25.8,989,1.1,188,3,14,74,16.6,287.4,234,66,140,1.1,0,0,d,804,Overcast clouds,c04d,18
2026/7/12 18:30,3.91,32.1,40.6,70,25.9,989,1,180,2.4,10,73,13.3,288.6,181,57,111,1.1,0,0,d,804,Overcast clouds,c04d,18
2026/7/12 18:45,3.89,32.1,40.8,70,26,989,0.9,172,1.8,10,72,10,289.7,127,49,80,1.1,0,0,d,804,Overcast clouds,c04d,18
2026/7/12 19:00,3.86,32.2,40.6,69,25.8,989,0.8,164,1.2,10,72,6.7,290.9,73,40,46,1,0,0,d,804,Overcast clouds,c04d,19
2026/7/12 19:15,4.11,32.1,40.8,70,26,990,1,164,1.2,12,72,3.6,292.4,55,30,34,1,0,0,d,804,Overcast clouds,c04d,19
2026/7/12 19:30,1.98,32.1,40.9,71,26.1,990,1.2,164,1.2,10,71,0.4,293.8,37,20,24,1,0,0,d,804,Overcast clouds,c04n,19
2026/7/12 19:45,0.48,32,41.1,72,26.3,990,1.4,164,1.4,10,70,-2.8,295.2,18,10,12,0,0,0,d,803,Broken clouds,c03n,19
2026/7/12 20:00,0,31.9,41.2,73,26.4,990,1.6,164,1.6,10,70,-6,296.7,0,0,0,0,0,0,n,803,Broken clouds,c03n,20
2026/7/12 20:15,0,31.8,40.9,73,26.4,991,1.6,166,1.6,10,69,-9,298.5,0,0,0,0,0,0,n,803,Broken clouds,c03n,20
2026/7/12 20:30,0,31.7,41,74,26.5,991,1.6,168,2,10,68,-11.9,300.3,0,0,0,0,0,0,n,803,Broken clouds,c03n,20
2026/7/12 20:45,0,31.6,40.7,74,26.4,991,1.6,170,2.4,10,66,-14.9,302.1,0,0,0,0,0,0,n,803,Broken clouds,c03n,20
2026/7/12 21:00,0,31.5,40.3,74,26.3,991,1.6,172,2.8,10,65,-17.9,304,0,0,0,0,0,0,n,803,Broken clouds,c03n,21
2026/7/12 21:15,0,31.1,39.9,76,26.4,992,1.6,170,3.1,12,65,-20.6,306.3,0,0,0,0,0,0,n,803,Broken clouds,c03n,21
2026/7/12 21:30,0,30.8,39.4,78,26.5,992,1.6,167,3.4,10,65,-23.3,308.7,0,0,0,0,0,0,n,803,Broken clouds,c03n,21
2026/7/12 21:45,0,30.4,38.5,79,26.3,992,1.6,164,3.7,10,65,-26,311.1,0,0,0,0,0,0,n,803,Broken clouds,c03n,21
2026/7/12 22:00,0,30,38,81,26.4,992,1.6,162,4,10,65,-28.8,313.5,0,0,0,0,0,0,n,803,Broken clouds,c03n,22
2026/7/12 22:15,0,29.9,37.6,81,26.3,992,1.7,160,4.1,12,63,-31,316.7,0,0,0,0,0,0,n,803,Broken clouds,c03n,22
2026/7/12 22:30,0,29.8,37.6,82,26.4,993,1.8,158,4.2,10,61,-33.2,319.9,0,0,0,0,0,0,n,803,Broken clouds,c03n,22
2026/7/12 22:45,0,29.7,37.3,82,26.3,993,1.9,156,4.3,10,59,-35.5,323.1,0,0,0,0,0,0,n,803,Broken clouds,c03n,22
2026/7/12 23:00,0,29.6,37,82,26.2,993,2,154,4.4,10,57,-37.7,326.3,0,0,0,0,0,0,n,803,Broken clouds,c03n,23
2026/7/12 23:15,0,29.6,37,82,26.2,993,1.9,156,4.2,12,60,-39.2,330.4,0,0,0,0,0,0,n,803,Broken clouds,c03n,23
2026/7/12 23:30,0,29.6,37,82,26.2,993,1.8,158,4,12,62,-40.7,334.6,0,0,0,0,0,0,n,803,Broken clouds,c03n,23
2026/7/12 23:45,0,29.6,37,82,26.2,993,1.7,160,3.8,13,64,-42.2,338.7,0,0,0,0,0,0,n,803,Broken clouds,c03n,23
2026/7/13 0:00,0,29.6,37,82,26.2,993,1.6,162,3.6,14,67,-43.7,342.9,0,0,0,0,0,0,n,803,Broken clouds,c03n,0
2026/7/13 0:15,0,29.3,36.6,84,26.3,993,1.6,162,3.4,14,71,-44.2,257.7,0,0,0,0,0,0,n,804,Overcast clouds,c04n,0
2026/7/13 0:30,0,29.1,36,85,26.3,993,1.6,162,3.2,10,76,-44.6,172.6,0,0,0,0,0,0,n,804,Overcast clouds,c04n,0
2026/7/13 0:45,0,28.8,35.4,86,26.2,993,1.6,162,3,10,80,-45.1,87.5,0,0,0,0,0,0,n,804,Overcast clouds,c04n,0
2026/7/13 1:00,0,28.5,35,88,26.3,993,1.6,162,2.8,12,84,-45.5,2.3,0,0,0,0,0,0,n,804,Overcast clouds,c04n,1
2026/7/13 1:15,0,28.4,34.6,88,26.2,993,1.6,162,2.7,12,76,-44.8,7.1,0,0,0,0,0,0,n,804,Overcast clouds,c04n,1
2026/7/13 1:30,0,28.3,34.5,89,26.3,993,1.6,162,2.6,13,69,-44.1,11.8,0,0,0,0,0,0,n,803,Broken clouds,c03n,1
2026/7/13 1:45,0,28.2,34.4,90,26.4,992,1.6,162,2.5,13,62,-43.4,16.6,0,0,0,0,0,0,n,803,Broken clouds,c03n,1
2026/7/13 2:00,0,28.1,34.1,90,26.3,992,1.6,162,2.4,14,54,-42.7,21.3,0,0,0,0,0,0,n,803,Broken clouds,c03n,2
2026/7/13 2:15,0,28.1,34.1,90,26.3,992,1.6,162,2.5,14,52,-41,25.3,0,0,0,0,0,0,n,803,Broken clouds,c03n,2
2026/7/13 2:30,0,28.1,34.1,90,26.3,992,1.6,162,2.6,15,51,-39.3,29.2,0,0,0,0,0,0,n,803,Broken clouds,c03n,2
2026/7/13 2:45,0,28.1,34.1,90,26.3,992,1.6,162,2.7,15,50,-37.6,33.1,0,0,0,0,0,0,n,803,Broken clouds,c03n,2
2026/7/13 3:00,0,28.1,34.1,90,26.3,992,1.6,162,2.8,15,48,-35.9,37.1,0,0,0,0,0,0,n,803,Broken clouds,c03n,3
2026/7/13 3:15,0,27.8,33.5,92,26.4,992,1.5,162,2.7,16,46,-33.5,40,0,0,0,0,0,0,n,803,Broken clouds,c03n,3
2026/7/13 3:30,0,27.6,32.8,93,26.3,992,1.4,163,2.6,10,44,-31.1,43,0,0,0,0,0,0,n,803,Broken clouds,c03n,3
2026/7/13 3:45,0,27.3,32,94,26.2,992,1.3,164,2.5,10,42,-28.8,46,0,0,0,0,0,0,n,803,Broken clouds,c03n,3
2026/7/13 4:00,0,27,31.4,96,26.3,992,1.2,164,2.4,12,40,-26.4,49,0,0,0,0,0,0,n,802,Scattered clouds,c02n,4
2026/7/13 4:15,0,27,31.4,96,26.3,992,1.2,165,2.3,12,38,-23.6,51.2,0,0,0,0,0,0,n,802,Scattered clouds,c02n,4
2026/7/13 4:30,0,27,31.4,96,26.3,992,1.2,166,2.2,10,36,-20.8,53.5,0,0,0,0,0,0,n,802,Scattered clouds,c02n,4
2026/7/13 4:45,0,27,31.4,96,26.3,992,1.2,167,2.1,10,34,-18,55.7,0,0,0,0,0,0,n,802,Scattered clouds,c02n,4
2026/7/13 5:00,0,27,31.4,96,26.3,992,1.2,168,2,10,32,-15.3,58,0,0,0,0,0,0,n,802,Scattered clouds,c02n,5
2026/7/13 5:15,0,27.3,32,94,26.2,992,1.1,162,2,12,34,-12.2,59.7,0,0,0,0,0,0,n,802,Scattered clouds,c02n,5
2026/7/13 5:30,0,27.6,32.8,93,26.3,992,1,156,2,13,35,-9.2,61.4,0,0,0,0,0,0,n,802,Scattered clouds,c02n,5
2026/7/13 5:45,0,27.8,33.5,92,26.4,992,0.9,150,2,13,36,-6.1,63.1,0,0,0,0,0,0,n,802,Scattered clouds,c02n,5
2026/7/13 6:00,0.05,28.1,34.1,90,26.3,992,0.8,144,2,14,38,-3.1,64.8,0,0,0,0,0,0,n,802,Scattered clouds,c02n,6
2026/7/13 6:15,1.99,28.1,34.1,90,26.3,992,1,144,2.3,14,40,0.1,66.2,30,13,26,1.5,0,0,d,802,Scattered clouds,c02n,6
2026/7/13 6:30,5.44,28.1,34.1,90,26.3,992,1.2,145,2.6,14,41,3.3,67.6,59,25,52,1.5,0,0,d,803,Broken clouds,c03d,6
2026/7/13 6:45,10.76,28.1,34.1,90,26.3,992,1.4,146,2.9,15,42,6.5,68.9,89,38,78,1.5,0,0,d,803,Broken clouds,c03d,6
2026/7/13 7:00,20.48,28.1,34.1,90,26.3,992,1.6,146,3.2,15,44,9.7,70.3,118,50,102,1.5,0,0,d,803,Broken clouds,c03d,7
2026/7/13 7:15,31.13,28.2,34.4,90,26.4,992,1.5,150,3.4,16,39,13,71.5,174,58,153,1.6,0,0,d,802,Scattered clouds,c02d,7
2026/7/13 7:30,47.18,28.3,34.7,90,26.5,993,1.4,155,3.6,10,34,16.3,72.6,230,65,206,1.8,0,0,d,802,Scattered clouds,c02d,7
2026/7/13 7:45,65.22,28.4,35,90,26.6,993,1.3,160,3.8,10,30,19.6,73.8,286,72,258,2,0,0,d,802,Scattered clouds,c02d,7
2026/7/13 8:00,76.89,28.5,35.4,90,26.7,993,1.2,164,4,12,25,22.9,74.9,341,80,310,2.3,0,0,d,802,Scattered clouds,c02d,8
2026/7/13 8:15,81.52,28.6,35.7,90,26.8,993,1.2,169,4,12,30,26.3,75.9,398,85,359,2.4,0,0,d,802,Scattered clouds,c02d,8
2026/7/13 8:30,108.77,28.7,35.8,89,26.7,993,1.2,174,4,16,36,29.7,76.9,455,89,405,2.6,0,0,d,802,Scattered clouds,c02d,8
2026/7/13 8:45,130.02,28.8,35.9,88,26.6,993,1.2,179,4,16,41,33,77.9,512,94,448,2.8,0,0,d,803,Broken clouds,c03d,8
2026/7/13 9:00,54.68,28.9,36.3,88,26.7,993,1.2,184,4,16,46,36.4,78.9,569,99,485,3,0,0,d,803,Broken clouds,c03d,9
2026/7/13 9:15,121.92,29.7,37.9,84,26.7,993,1.1,184,4.2,16,49,39.8,79.8,619,102,519,3.2,0,0,d,803,Broken clouds,c03d,9
2026/7/13 9:30,114.17,30.6,39.7,81,26.9,993,1,184,4.4,16,52,43.2,80.8,670,105,549,3.5,0,0,d,803,Broken clouds,c03d,9
2026/7/13 9:45,116.67,31.4,41.4,78,27.1,993,0.9,184,4.6,16,56,46.7,81.7,720,108,569,3.8,0,0,d,803,Broken clouds,c03d,9
2026/7/13 10:00,30.55,32.2,42.6,74,27,993,0.8,184,4.8,16,59,50.1,82.6,770,111,590,4,0,0,d,803,Broken clouds,c03d,10
2026/7/13 10:15,120,32.5,42.6,72,26.8,994,0.8,176,4.8,16,56,53.5,83.5,809,113,641,4.6,0,0,d,803,Broken clouds,c03d,10
2026/7/13 10:30,124.75,32.8,43.1,71,26.8,994,0.8,169,4.8,16,52,57,84.5,848,115,695,5.2,0,0,d,803,Broken clouds,c03d,10
2026/7/13 10:45,6.3,33,43.5,70,26.8,994,0.8,162,4.8,16,48,60.4,85.4,887,118,748,5.9,0,0,d,803,Broken clouds,c03d,10
2026/7/13 11:00,97.12,33.3,43.5,68,26.6,994,0.8,154,4.8,16,45,63.9,86.4,926,120,795,6.5,0,0,d,803,Broken clouds,c03d,11
2026/7/13 11:15,41.74,33.4,43.9,68,26.7,994,0.9,150,4.9,16,42,67.3,87.6,950,121,827,7.1,0,0,d,803,Broken clouds,c03d,11
2026/7/13 11:30,3.97,33.5,44.2,68,26.8,994,1,145,5,10,38,70.8,88.9,974,122,861,7.8,0,0,d,802,Scattered clouds,c02d,11
2026/7/13 11:45,3.97,33.6,44,67,26.6,994,1.1,140,5.1,10,35,74.2,90.1,998,123,891,8.3,0,0,d,802,Scattered clouds,c02d,11
2026/7/13 12:00,3.98,33.7,44.4,67,26.7,993,1.2,136,5.2,12,32,77.7,91.4,1022,124,919,8.9,0,0,d,802,Scattered clouds,c02d,12
2026/7/13 12:15,3.94,34.1,44.6,65,26.5,993,1.3,136,5.2,12,30,80.3,129.1,1029,125,930,9.2,0,0,d,802,Scattered clouds,c02d,12
2026/7/13 12:30,31.56,34.5,45.3,64,26.6,993,1.4,135,5.2,10,28,82.9,166.9,1036,125,939,9.5,0,0,d,802,Scattered clouds,c02d,12
2026/7/13 12:45,30.25,34.8,45.5,62,26.5,993,1.5,134,5.2,10,26,85.6,204.6,1043,125,949,9.8,0,0,d,802,Scattered clouds,c02d,12
2026/7/13 13:00,104.55,35.2,45.7,60,26.2,993,1.6,134,5.2,10,24,88.2,242.4,1050,125,959,10.1,0,0,d,802,Scattered clouds,c02d,13
2026/7/13 13:15,107.57,35.2,45.7,60,26.2,993,1.6,136,5.2,12,23,84.8,249.3,1039,125,950,10,0,0,d,802,Scattered clouds,c02d,13
2026/7/13 13:30,74,35.2,45.2,59,26,993,1.6,137,5.2,10,22,81.3,256.2,1028,124,942,9.9,0,0,d,802,Scattered clouds,c02d,13
2026/7/13 13:45,25.44,35.2,44.7,58,25.7,993,1.6,138,5.2,10,22,77.9,263.1,1017,124,933,9.7,0,0,d,802,Scattered clouds,c02d,13
2026/7/13 14:00,10.71,35.2,44.7,58,25.7,992,1.6,140,5.2,12,21,74.5,270,1006,123,924,9.5,0,0,d,802,Scattered clouds,c02d,14
2026/7/13 14:15,7.72,35.3,45,58,25.8,992,1.6,141,5.1,12,25,71,271.2,978,122,894,8.7,0,0,d,802,Scattered clouds,c02d,14
2026/7/13 14:30,3.94,35.4,44.8,57,25.6,992,1.6,142,5,10,28,67.6,272.3,951,121,867,8.1,0,0,d,802,Scattered clouds,c02d,14
2026/7/13 14:45,50.98,35.5,44.6,56,25.4,992,1.6,143,4.9,10,32,64.1,273.4,923,119,836,7.4,0,0,d,802,Scattered clouds,c02d,14
2026/7/13 15:00,27.32,35.6,44.9,56,25.5,991,1.6,144,4.8,10,36,60.7,274.5,895,118,802,6.7,0,0,d,802,Scattered clouds,c02d,15
2026/7/13 15:15,12.14,35.7,45.1,56,25.5,991,1.7,144,4.8,12,50,57.2,275.4,853,116,715,5.4,0,0,d,803,Broken clouds,c03d,15
2026/7/13 15:30,5.45,35.8,44.8,55,25.3,991,1.8,143,4.8,13,63,53.8,276.3,811,113,598,4.2,0,0,d,803,Broken clouds,c03d,15
2026/7/13 15:45,205.64,35.8,44.5,54,25.1,991,1.9,142,4.8,13,76,50.3,277.3,769,111,439,3.3,0,0,d,804,Overcast clouds,c04d,15
2026/7/13 16:00,196.14,35.9,44.7,54,25.1,991,2,142,4.8,13,90,46.9,278.2,727,109,215,2.4,0,0,d,804,Overcast clouds,c04d,16
2026/7/13 16:15,50.34,35.9,44.7,54,25.1,991,2,142,4.8,14,92,43.5,279.1,675,105,167,2,0,0,d,804,Overcast clouds,c04d,16
2026/7/13 16:30,39.98,35.9,44.7,54,25.1,991,2,142,4.8,14,94,40.1,280.1,622,102,122,1.7,0,0,d,804,Overcast clouds,c04d,16
2026/7/13 16:45,11.11,35.9,44.3,53,24.8,991,2,142,4.8,15,96,36.7,281,570,98,177,1.5,0,0,d,804,Overcast clouds,c04d,16
2026/7/13 17:00,136.06,35.9,44.3,53,24.8,991,2,142,4.8,16,98,33.3,281.9,518,95,137,1.3,0,0,d,804,Overcast clouds,c04d,17
2026/7/13 17:15,73.92,35.3,43.9,56,25.1,991,2,145,4.7,16,98,29.9,282.9,460,90,127,1.1,0,0,d,804,Overcast clouds,c04d,17
2026/7/13 17:30,90.71,34.6,43.4,59,25.4,991,2,148,4.6,10,97,26.6,284,403,85,128,1,0,0,d,804,Overcast clouds,c04d,17
2026/7/13 17:45,41.01,34,42.9,62,25.6,991,2,151,4.5,10,96,23.2,285,345,79,125,0.9,0,0,d,804,Overcast clouds,c04d,17
2026/7/13 18:00,61.92,33.3,42.3,65,25.8,990,2,154,4.4,10,96,19.8,286,288,74,112,0.8,0,0,d,804,Overcast clouds,c04d,18
2026/7/13 18:15,43.58,33.2,42.5,66,26,990,2,154,4.3,12,95,16.5,287.2,234,66,103,0.8,0,0,d,804,Overcast clouds,c04d,18
2026/7/13 18:30,30.38,33.2,42.2,66,25.9,990,2,154,4.2,10,94,13.3,288.4,180,57,90,0.8,0,0,d,804,Overcast clouds,c04d,18
2026/7/13 18:45,15.61,33.1,42,66,25.9,990,2,154,4.1,10,92,10,289.6,127,49,79,0.8,0,0,d,804,Overcast clouds,c04d,18
2026/7/13 19:00,10.14,33,42.2,67,26,990,2,154,4,10,91,6.7,290.8,73,40,58,0.8,0,0,d,804,Overcast clouds,c04d,19
2026/7/13 19:15,6.01,32.9,41.9,67,25.9,991,2.1,154,4.3,12,90,3.5,292.2,55,30,45,0.8,0,0,d,804,Overcast clouds,c04d,19
2026/7/13 19:30,2.42,32.8,41.6,67,25.9,991,2.2,153,4.6,10,90,0.3,293.7,36,20,30,0.8,0,0,d,804,Overcast clouds,c04n,19
2026/7/13 19:45,0.69,32.7,41.3,67,25.8,992,2.3,152,4.9,10,90,-2.8,295.1,18,10,15,0,0,0,d,804,Overcast clouds,c04n,19
2026/7/13 20:00,0.02,32.6,41,67,25.7,992,2.4,152,5.2,10,89,-6,296.5,0,0,0,0,0,0,n,804,Overcast clouds,c04n,20
2026/7/13 20:15,0,32.5,40.7,67,25.6,993,2.5,154,5.4,12,91,-9,298.4,0,0,0,0,0,0,n,804,Overcast clouds,c04n,20
2026/7/13 20:30,0,32.4,40.8,68,25.7,993,2.6,156,5.6,13,92,-12,300.2,0,0,0,0,0,0,n,804,Overcast clouds,c04n,20
2026/7/13 20:45,0,32.3,40.5,68,25.6,993,2.7,158,5.8,13,94,-15,302,0,0,0,0,0,0,n,804,Overcast clouds,c04n,20
2026/7/13 21:00,0,32.2,40.3,68,25.5,993,2.8,160,6,14,96,-18,303.8,0,0,0,0,0,0,n,804,Overcast clouds,c04n,21
2026/7/13 21:15,0,31.8,39.9,70,25.7,993,2.8,161,5.9,14,96,-20.7,306.2,0,0,0,0,0,0,n,804,Overcast clouds,c04n,21
2026/7/13 21:30,0,31.5,39.5,72,25.8,993,2.8,162,5.8,15,96,-23.4,308.6,0,0,0,0,0,0,n,804,Overcast clouds,c04n,21
2026/7/13 21:45,0,31.1,39.1,74,25.9,993,2.8,163,5.7,15,96,-26.1,311,0,0,0,0,0,0,n,804,Overcast clouds,c04n,21
2026/7/13 22:00,0,30.7,38.6,76,26,993,2.8,164,5.6,15,96,-28.8,313.4,0,0,0,0,0,0,n,804,Overcast clouds,c04n,22
2026/7/13 22:15,0,30.4,38.1,77,25.9,994,2.8,164,5.4,16,97,-31.1,316.5,0,0,0,0,0,0,n,804,Overcast clouds,c04n,22
2026/7/13 22:30,0,30.2,37.6,78,25.9,994,2.8,165,5.2,16,98,-33.3,319.7,0,0,0,0,0,0,n,804,Overcast clouds,c04n,22
2026/7/13 22:45,0,29.9,37.3,80,26,994,2.8,166,5,16,98,-35.6,322.9,0,0,0,0,0,0,n,804,Overcast clouds,c04n,22
2026/7/13 23:00,0,29.6,36.7,81,26,994,2.8,166,4.8,16,99,-37.8,326.1,0,0,0,0,0,0,n,804,Overcast clouds,c04n,23
2026/7/13 23:15,0,29.5,36.5,81,25.9,994,2.7,168,4.6,16,98,-39.3,330.3,0,0,0,0,0,0,n,804,Overcast clouds,c04n,23
2026/7/13 23:30,0,29.5,36.5,82,26,994,2.6,170,4.4,16,98,-40.8,334.5,0,0,0,0,0,0,n,804,Overcast clouds,c04n,23
2026/7/13 23:45,0,29.4,36.3,82,26,994,2.5,172,4.2,16,97,-42.3,338.6,0,0,0,0,0,0,n,804,Overcast clouds,c04n,23
2026/7/14 0:00,0,29.3,36.1,82,25.9,994,2.4,174,4,16,96,-43.9,342.8,0,0,0,0,0,0,n,804,Overcast clouds,c04n,0
2026/7/14 0:15,0,29.1,35.5,82,25.7,994,2.3,176,3.8,16,96,-44.3,257.7,0,0,0,0,0,0,n,804,Overcast clouds,c04n,0
2026/7/14 0:30,0,28.9,35.1,83,25.7,994,2.2,177,3.6,16,97,-44.8,172.5,0,0,0,0,0,0,n,804,Overcast clouds,c04n,0
2026/7/14 0:45,0,28.7,34.7,84,25.7,994,2.1,178,3.4,16,98,-45.2,87.4,0,0,0,0,0.25,0,n,804,Overcast clouds,c04n,0
2026/7/14 1:00,0,28.5,34.1,84,25.5,994,2,180,3.2,16,98,-45.7,2.3,0,0,0,0,0.5,0,n,301,Drizzle,d02n,1
2026/7/14 1:15,0,28.5,34.1,84,25.5,994,2,180,3.1,16,97,-45,7.1,0,0,0,0,0.75,0,n,301,Drizzle,d02n,1
2026/7/14 1:30,0,28.5,34.1,84,25.5,994,2,181,3,16,96,-44.3,11.8,0,0,0,0,1,0,n,500,Light rain,r01n,1
2026/7/14 1:45,0,28.5,34.1,84,25.5,993,2,182,2.9,16,96,-43.5,16.6,0,0,0,0,0.5,0,n,301,Drizzle,d02n,1
2026/7/14 2:00,0,28.5,34.1,84,25.5,993,2,182,2.8,16,95,-42.8,21.4,0,0,0,0,0,0,n,804,Overcast clouds,c04n,2
2026/7/14 2:15,0,28.4,33.9,84,25.4,993,2,181,3,16,95,-41.1,25.3,0,0,0,0,0,0,n,804,Overcast clouds,c04n,2
2026/7/14 2:30,0,28.3,33.8,85,25.5,993,2,180,3.2,10,94,-39.4,29.3,0,0,0,0,0,0,n,804,Overcast clouds,c04n,2
2026/7/14 2:45,0,28.2,33.6,86,25.6,992,2,179,3.4,10,94,-37.7,33.2,0,0,0,0,0,0,n,804,Overcast clouds,c04n,2
2026/7/14 3:00,0,28.1,33.4,86,25.5,992,2,178,3.6,10,94,-36,37.2,0,0,0,0,0,0,n,804,Overcast clouds,c04n,3
2026/7/14 3:15,0,28,33.3,87,25.7,992,1.9,175,3.4,12,95,-33.6,40.1,0,0,0,0,0,0,n,804,Overcast clouds,c04n,3
2026/7/14 3:30,0,28,33.2,88,25.8,993,1.8,172,3.2,13,96,-31.3,43.1,0,0,0,0,0,0,n,804,Overcast clouds,c04n,3
2026/7/14 3:45,0,27.9,33.2,89,25.9,993,1.7,169,3,13,97,-28.9,46.1,0,0,0,0,0,0,n,804,Overcast clouds,c04n,3
2026/7/14 4:00,0,27.8,33.1,90,26,993,1.6,166,2.8,14,98,-26.5,49.1,0,0,0,0,0,0,n,804,Overcast clouds,c04n,4
2026/7/14 4:15,0,27.7,32.8,90,25.9,993,1.6,165,2.7,14,98,-23.7,51.4,0,0,0,0,0,0,n,804,Overcast clouds,c04n,4
2026/7/14 4:30,0,27.6,32.7,91,26,993,1.6,164,2.6,14,98,-20.9,53.6,0,0,0,0,0,0,n,804,Overcast clouds,c04n,4
2026/7/14 4:45,0,27.5,32.5,92,26.1,993,1.6,163,2.5,15,99,-18.1,55.8,0,0,0,0,0,0,n,804,Overcast clouds,c04n,4
2026/7/14 5:00,0,27.4,32.2,92,26,993,1.6,162,2.4,15,99,-15.4,58.1,0,0,0,0,0,0,n,804,Overcast clouds,c04n,5
2026/7/14 5:15,0,27.6,32.4,90,25.8,993,1.5,164,2.3,16,99,-12.3,59.8,0,0,0,0,0,0,n,804,Overcast clouds,c04n,5
2026/7/14 5:30,0,27.8,32.8,89,25.8,993,1.4,166,2.2,10,99,-9.3,61.5,0,0,0,0,0,0,n,804,Overcast clouds,c04n,5
2026/7/14 5:45,0,27.9,33.2,88,25.7,993,1.3,168,2.1,10,99,-6.2,63.2,0,0,0,0,0.25,0,n,804,Overcast clouds,c04n,5
2026/7/14 6:00,0.03,28.1,33.4,86,25.5,993,1.2,170,2,10,99,-3.2,65,0,0,0,0,0.5,0,n,301,Drizzle,d02n,6
2026/7/14 6:15,0.85,28.2,33.6,86,25.6,993,1.1,172,2.1,12,97,0,66.3,29,13,16,0.7,0.5,0,d,301,Drizzle,d02n,6
2026/7/14 6:30,4.39,28.3,33.8,85,25.5,993,1,174,2.2,13,94,3.2,67.7,59,25,36,0.7,0.5,0,d,301,Drizzle,d02d,6
2026/7/14 6:45,11.5,28.4,33.9,84,25.4,993,0.9,176,2.3,13,92,6.4,69.1,88,38,59,0.8,0.25,0,d,804,Overcast clouds,c04d,6
2026/7/14 7:00,18.67,28.5,34.1,84,25.5,993,0.8,178,2.4,14,90,9.6,70.5,117,50,83,0.8,0,0,d,804,Overcast clouds,c04d,7
2026/7/14 7:15,18.93,28.6,34.4,84,25.6,993,0.8,178,2.5,14,88,12.9,71.6,173,57,59,0.9,0,0,d,804,Overcast clouds,c04d,7
2026/7/14 7:30,17.82,28.7,34.7,84,25.7,994,0.8,177,2.6,10,85,16.2,72.8,229,65,93,1,0,0,d,804,Overcast clouds,c04d,7
2026/7/14 7:45,27.6,28.8,35,84,25.8,994,0.8,176,2.7,10,82,19.6,73.9,285,72,132,1.1,0,0,d,804,Overcast clouds,c04d,7
2026/7/14 8:00,34.01,28.9,35.3,84,25.9,994,0.8,176,2.8,10,80,22.9,75.1,340,80,170,1.2,0,0,d,804,Overcast clouds,c04d,8
2026/7/14 8:15,46.15,29,35.6,84,26,994,0.9,181,3,12,80,26.2,76.1,397,84,198,1.4,0,0,d,804,Overcast clouds,c04d,8
2026/7/14 8:30,66.41,29.1,35.9,84,26.1,994,1,186,3.2,10,81,29.6,77.1,454,89,218,1.5,0,0,d,804,Overcast clouds,c04d,8
2026/7/14 8:45,72.69,29.2,36.3,84,26.2,994,1.1,191,3.4,10,82,33,78.1,511,94,236,1.7,0,0,d,804,Overcast clouds,c04d,8
2026/7/14 9:00,96.71,29.3,36.6,84,26.3,994,1.2,196,3.6,10,82,36.4,79.1,568,99,262,1.9,0,0,d,804,Overcast clouds,c04d,9
2026/7/14 9:15,92.07,30,38,81,26.4,994,1.3,204,3.8,12,85,39.8,80,618,102,248,2,0,0,d,804,Overcast clouds,c04d,9
2026/7/14 9:30,64.71,30.8,39.4,78,26.5,994,1.4,212,4,10,88,43.2,81,669,105,225,2.2,0,0,d,804,Overcast clouds,c04d,9
2026/7/14 9:45,42.87,31.5,40.3,74,26.3,994,1.5,220,4.2,10,91,46.6,81.9,719,108,192,2.3,0,0,d,804,Overcast clouds,c04d,9
2026/7/14 10:00,22.23,32.2,41.4,71,26.3,994,1.6,228,4.4,10,94,50,82.8,770,111,147,2.4,0,0,d,804,Overcast clouds,c04d,10
2026/7/14 10:15,107.37,32.3,41.3,70,26.1,994,1.6,230,4.6,12,95,53.5,83.8,809,113,122,2.6,2,0,d,500,Light rain,r01d,10
2026/7/14 10:30,116.38,32.4,41.6,70,26.2,994,1.6,233,4.8,13,96,56.9,84.8,848,115,93,2.7,4,0,d,501,Moderate rain,r02d,10
2026/7/14 10:45,107.25,32.5,41.5,69,26.1,994,1.6,236,5,13,97,60.4,85.7,887,118,182,2.9,2.5,0,d,500,Light rain,r01d,10
2026/7/14 11:00,61.97,32.6,41.4,68,25.9,993,1.6,238,5.2,13,98,63.8,86.7,926,120,192,3.1,1,0,d,500,Light rain,r01d,11
2026/7/14 11:15,3.97,32.7,41.3,67,25.8,993,1.5,238,5.2,14,98,67.3,88,950,121,196,3.2,0.5,0,d,301,Drizzle,d02d,11
2026/7/14 11:30,3.87,32.8,41.2,66,25.6,993,1.4,238,5.2,10,98,70.7,89.4,974,122,199,3.4,0,0,d,804,Overcast clouds,c04d,11
2026/7/14 11:45,26.96,32.9,41.5,66,25.7,993,1.3,238,5.2,10,99,74.2,90.7,998,123,172,3.5,0,0,d,804,Overcast clouds,c04d,11
2026/7/14 12:00,23.98,33,41.4,65,25.5,993,1.2,238,5.2,12,99,77.6,92.1,1022,124,175,3.6,0,0,d,804,Overcast clouds,c04d,12
2026/7/14 12:15,15.67,33.4,41.6,63,25.3,993,1.1,230,5.1,12,99,80.3,128.5,1029,125,178,3.7,0,0,d,804,Overcast clouds,c04d,12
2026/7/14 12:30,144.09,33.7,41.8,61,25.1,993,1,222,5,10,99,82.9,165,1036,125,179,3.7,0,0,d,804,Overcast clouds,c04d,12
2026/7/14 12:45,58.11,34.1,41.9,59,24.9,993,0.9,214,4.9,10,99,85.5,201.5,1043,125,181,3.8,0,0,d,804,Overcast clouds,c04d,12
2026/7/14 13:00,28.09,34.4,42,57,24.6,993,0.8,206,4.8,10,99,88.1,237.9,1050,125,182,3.8,0,0,d,804,Overcast clouds,c04d,13
2026/7/14 13:15,6.22,34.4,42,57,24.6,993,0.8,192,4.9,12,99,84.7,245.8,1039,125,182,3.8,0,0,d,804,Overcast clouds,c04d,13
2026/7/14 13:30,131.44,34.4,42,57,24.6,993,0.8,179,5,13,98,81.3,253.7,1028,124,210,3.8,0,0,d,804,Overcast clouds,c04d,13
2026/7/14 13:45,83.06,34.4,42,57,24.6,993,0.8,166,5.1,13,98,77.9,261.6,1017,124,209,3.7,0,0,d,804,Overcast clouds,c04d,13
2026/7/14 14:00,0,34.4,42,57,24.6,992,0.8,152,5.2,13,98,74.5,269.5,1006,123,207,3.6,0,0,d,804,Overcast clouds,c04d,14
2026/7/14 14:15,0,34.5,42.3,57,24.7,992,1.2,150,5.3,14,98,71,270.6,979,122,204,3.4,0,0,d,804,Overcast clouds,c04d,14
2026/7/14 14:30,43.53,34.6,42.1,56,24.5,992,1.6,147,5.4,10,98,67.6,271.8,951,121,201,3.3,0,0,d,804,Overcast clouds,c04d,14
2026/7/14 14:45,22.24,34.7,42.4,56,24.6,992,2,144,5.5,10,99,64.1,273,923,119,169,3,0,0,d,804,Overcast clouds,c04d,14
2026/7/14 15:00,11.51,34.8,42.6,56,24.7,992,2.4,142,5.6,12,99,60.7,274.2,896,118,166,2.8,0,0,d,804,Overcast clouds,c04d,15
2026/7/14 15:15,9.9,34.6,42.6,57,24.8,992,2.9,146,6.4,12,99,57.2,275.1,853,116,161,2.6,0,0,d,804,Overcast clouds,c04d,15
2026/7/14 15:30,79.65,34.5,42.6,58,25,992,3.4,150,7.2,10,100,53.8,276.1,811,113,131,2.3,0,0,d,804,Overcast clouds,c04d,15
2026/7/14 15:45,71.68,34.3,42.5,59,25.1,992,3.9,154,8,10,100,50.3,277,769,111,128,2.1,0,0,d,804,Overcast clouds,c04d,15
2026/7/14 16:00,7.71,34.1,42.5,60,25.2,992,4.4,158,8.8,10,100,46.9,278,727,109,124,1.9,0,0,d,804,Overcast clouds,c04d,16
2026/7/14 16:15,3.95,33.7,42.2,62,25.4,992,4.1,158,8.2,12,100,43.5,278.9,675,105,118,1.7,0,0,d,804,Overcast clouds,c04d,16
2026/7/14 16:30,3.98,33.4,42,64,25.6,992,3.8,159,7.6,10,100,40.1,279.8,622,102,114,1.5,0,0,d,804,Overcast clouds,c04d,16
2026/7/14 16:45,57.73,33,41.3,65,25.5,992,3.5,160,7,10,100,36.7,280.8,570,98,109,1.4,0,0,d,804,Overcast clouds,c04d,16
2026/7/14 17:00,0,32.6,41,67,25.7,992,3.2,160,6.4,12,100,33.3,281.7,517,95,104,1.2,0,0,d,804,Overcast clouds,c04d,17
2026/7/14 17:15,49.21,31.8,40.1,71,25.9,992,3.1,160,6.3,12,100,29.9,282.8,460,90,98,1.1,0,0,d,804,Overcast clouds,c04d,17
2026/7/14 17:30,41.38,31,38.7,74,25.8,992,3,159,6.2,13,100,26.5,283.8,403,85,92,1,0,0,d,804,Overcast clouds,c04d,17
2026/7/14 17:45,35.11,30.1,37.5,78,25.9,991,2.9,158,6.1,13,100,23.2,284.8,345,79,84,0.9,0,0,d,804,Overcast clouds,c04d,17
2026/7/14 18:00,30.22,29.3,36.1,82,25.9,991,2.8,158,6,14,100,19.8,285.9,288,74,78,0.8,0,0,d,804,Overcast clouds,c04d,18
2026/7/14 18:15,25.12,29.3,36.1,82,25.9,991,2.8,156,5.5,14,100,16.5,287.1,234,66,69,0.7,0,0,d,804,Overcast clouds,c04d,18
2026/7/14 18:30,17.78,29.3,36.1,82,25.9,992,2.8,153,5,15,100,13.2,288.3,180,57,59,0.7,0,0,d,804,Overcast clouds,c04d,18
2026/7/14 18:45,10.1,29.3,36.1,82,25.9,992,2.8,150,4.5,15,100,9.9,289.4,126,49,50,0.7,0,0,d,804,Overcast clouds,c04d,18
2026/7/14 19:00,6.08,29.3,36.1,82,25.9,992,2.8,148,4,15,100,6.7,290.6,72,40,40,0.6,0,0,d,804,Overcast clouds,c04d,19
2026/7/14 19:15,2.57,29.4,36.3,82,26,992,2.7,150,3.9,16,100,3.5,292.1,54,30,30,0.6,0,0,d,804,Overcast clouds,c04d,19
2026/7/14 19:30,0.59,29.5,36.5,82,26,992,2.6,151,3.8,10,100,0.3,293.5,36,20,20,0.6,0,0,d,804,Overcast clouds,c04n,19
2026/7/14 19:45,0.13,29.5,36.8,82,26.1,992,2.5,152,3.7,10,100,-2.9,295,18,10,10,0,0,0,d,804,Overcast clouds,c04n,19
2026/7/14 20:00,0,29.6,37,82,26.2,992,2.4,154,3.6,10,100,-6.1,296.4,0,0,0,0,0,0,n,804,Overcast clouds,c04n,20
2026/7/14 20:15,0,29.6,37,82,26.2,992,2.5,156,3.9,12,100,-9.1,298.2,0,0,0,0,0,0,n,804,Overcast clouds,c04n,20
2026/7/14 20:30,0,29.6,37.3,83,26.4,992,2.6,159,4.2,13,100,-12.1,300,0,0,0,0,0,0,n,804,Overcast clouds,c04n,20
2026/7/14 20:45,0,29.6,37.5,84,26.6,992,2.7,162,4.5,13,100,-15.1,301.8,0,0,0,0,0,0,n,804,Overcast clouds,c04n,20
2026/7/14 21:00,0,29.6,37.5,84,26.6,992,2.8,164,4.8,14,100,-18.1,303.7,0,0,0,0,0,0,n,804,Overcast clouds,c04n,21
2026/7/14 21:15,0,29.4,37,84,26.4,992,2.7,163,4.7,14,100,-20.8,306,0,0,0,0,0,0,n,804,Overcast clouds,c04n,21
2026/7/14 21:30,0,29.3,36.7,85,26.5,993,2.6,162,4.6,10,100,-23.5,308.4,0,0,0,0,0,0,n,804,Overcast clouds,c04n,21
2026/7/14 21:45,0,29.1,36.3,86,26.5,993,2.5,161,4.5,10,100,-26.2,310.8,0,0,0,0,0,0,n,804,Overcast clouds,c04n,21
2026/7/14 22:00,0,28.9,35.8,86,26.3,993,2.4,160,4.4,12,100,-28.9,313.2,0,0,0,0,0,0,n,804,Overcast clouds,c04n,22
2026/7/14 22:15,0,28.8,35.5,86,26.2,993,2.4,159,4.2,12,100,-31.2,316.4,0,0,0,0,0,0,n,804,Overcast clouds,c04n,22
2026/7/14 22:30,0,28.7,35.4,87,26.3,994,2.4,158,4,10,100,-33.4,319.6,0,0,0,0,0,0,n,804,Overcast clouds,c04n,22
2026/7/14 22:45,0,28.6,35.3,88,26.4,994,2.4,157,3.8,10,100,-35.7,322.8,0,0,0,0,0,0,n,804,Overcast clouds,c04n,22
2026/7/14 23:00,0,28.5,35,88,26.3,994,2.4,156,3.6,10,100,-37.9,326,0,0,0,0,0,0,n,804,Overcast clouds,c04n,23
2026/7/14 23:15,0,28.5,35,88,26.3,994,2.4,157,3.5,10,100,-39.5,330.2,0,0,0,0,0.25,0,n,804,Overcast clouds,c04n,23
2026/7/14 23:30,0,28.5,35,88,26.3,994,2.4,158,3.4,11,100,-41,334.3,0,0,0,0,0.5,0,n,301,Drizzle,d02n,23
2026/7/14 23:45,0,28.5,35,88,26.3,994,2.4,159,3.3,11,100,-42.5,338.5,0,0,0,0,0.75,0,n,301,Drizzle,d02n,23
2026/7/15 0:00,0,28.5,35,88,26.3,994,2.4,160,3.2,11,100,-44,342.7,0,0,0,0,1,0,n,500,Light rain,r01n,0
2026/7/15 0:15,0,28.4,34.6,88,26.2,994,2.3,162,3.2,11,100,-44.5,257.6,0,0,0,0,0.5,0,n,301,Drizzle,d02n,0
2026/7/15 0:30,0,28.3,34.5,89,26.3,994,2.2,165,3.2,15,100,-44.9,172.5,0,0,0,0,0,0,n,804,Overcast clouds,c04n,0
2026/7/15 0:45,0,28.2,34.4,90,26.4,994,2.1,168,3.2,15,100,-45.4,87.4,0,0,0,0,0,0,n,804,Overcast clouds,c04n,0
2026/7/15 1:00,0,28.1,34.1,90,26.3,994,2,170,3.2,16,100,-45.8,2.3,0,0,0,0,0,0,n,804,Overcast clouds,c04n,1
2026/7/15 1:15,0,28,33.8,90,26.2,994,2,172,3.2,16,100,-45.1,7,0,0,0,0,0,0,n,804,Overcast clouds,c04n,1
2026/7/15 1:30,0,28,33.8,91,26.3,994,2,173,3.2,10,100,-44.4,11.8,0,0,0,0,0,0,n,804,Overcast clouds,c04n,1
2026/7/15 1:45,0,27.9,33.7,92,26.5,993,2,174,3.2,10,100,-43.7,16.6,0,0,0,0,0,0,n,804,Overcast clouds,c04n,1
2026/7/15 2:00,0,27.8,33.4,92,26.4,993,2,176,3.2,10,100,-43,21.4,0,0,0,0,0,0,n,804,Overcast clouds,c04n,2
2026/7/15 2:15,0,27.8,33.4,92,26.4,993,2,175,3.4,12,100,-41.3,25.4,0,0,0,0,0,0,n,804,Overcast clouds,c04n,2
2026/7/15 2:30,0,27.8,33.4,92,26.4,993,2,174,3.6,13,100,-39.6,29.3,0,0,0,0,0,0,n,804,Overcast clouds,c04n,2
2026/7/15 2:45,0,27.8,33.4,92,26.4,993,2,173,3.8,13,100,-37.9,33.3,0,0,0,0,0,0,n,804,Overcast clouds,c04n,2
2026/7/15 3:00,0,27.8,33.4,92,26.4,993,2,172,4,14,100,-36.2,37.2,0,0,0,0,0,0,n,804,Overcast clouds,c04n,3
2026/7/15 3:15,0,27.7,33.1,92,26.3,993,2,172,3.9,14,100,-33.8,40.2,0,0,0,0,0,0,n,804,Overcast clouds,c04n,3
2026/7/15 3:30,0,27.6,33,93,26.4,993,2,171,3.8,10,100,-31.4,43.2,0,0,0,0,0,0,n,804,Overcast clouds,c04n,3
2026/7/15 3:45,0,27.5,32.8,94,26.4,993,2,170,3.7,10,100,-29,46.2,0,0,0,0,0,0,n,804,Overcast clouds,c04n,3
2026/7/15 4:00,0,27.4,32.4,94,26.3,993,2,170,3.6,10,100,-26.6,49.2,0,0,0,0,0,0,n,804,Overcast clouds,c04n,4
2026/7/15 4:15,0,27.4,32.4,94,26.3,993,1.9,172,3.5,12,100,-23.8,51.5,0,0,0,0,0,0,n,804,Overcast clouds,c04n,4
2026/7/15 4:30,0,27.4,32.4,94,26.3,993,1.8,173,3.4,10,100,-21,53.7,0,0,0,0,0,0,n,804,Overcast clouds,c04n,4
2026/7/15 4:45,0,27.4,32.4,94,26.3,993,1.7,174,3.3,10,100,-18.3,55.9,0,0,0,0,0,0,n,804,Overcast clouds,c04n,4
2026/7/15 5:00,0,27.4,32.4,94,26.3,993,1.6,176,3.2,10,100,-15.5,58.2,0,0,0,0,0,0,n,804,Overcast clouds,c04n,5
2026/7/15 5:15,0.01,27.5,32.8,94,26.4,993,1.5,172,3.1,12,100,-12.4,59.9,0,0,0,0,1.5,0,n,500,Light rain,r01n,5
2026/7/15 5:30,0.01,27.6,33,93,26.4,993,1.4,167,3,10,100,-9.4,61.6,0,0,0,0,3,0,n,500,Light rain,r01n,5
2026/7/15 5:45,0.01,27.7,33.1,92,26.3,993,1.3,162,2.9,10,100,-6.3,63.4,0,0,0,0,1.75,0,n,500,Light rain,r01n,5
2026/7/15 6:00,0.01,27.8,33.4,92,26.4,993,1.2,158,2.8,12,100,-3.3,65.1,0,0,0,0,0.5,0,n,301,Drizzle,d02n,6
2026/7/15 6:15,0.08,27.7,33.1,92,26.3,993,1.3,156,2.9,12,100,-0.1,66.5,29,12,12,0,0.5,0,d,301,Drizzle,d02n,6
2026/7/15 6:30,1.18,27.6,33,93,26.4,993,1.4,153,3,13,100,3.1,67.8,58,25,25,0.6,0.5,0,d,301,Drizzle,d02d,6
2026/7/15 6:45,1.62,27.5,32.8,94,26.4,993,1.5,150,3.1,13,100,6.4,69.2,87,37,38,0.6,0.5,0,d,301,Drizzle,d02d,6
2026/7/15 7:00,3.8,27.4,32.4,94,26.3,993,1.6,148,3.2,14,100,9.6,70.6,116,50,51,0.6,0.5,0,d,301,Drizzle,d02d,7
2026/7/15 7:15,6.07,27.5,32.8,94,26.4,993,1.7,145,3.4,14,100,12.9,71.7,172,57,59,0.7,0.5,0,d,301,Drizzle,d02d,7
2026/7/15 7:30,9.44,27.6,33,93,26.4,994,1.8,142,3.6,12,100,16.2,72.9,228,65,68,0.7,0.5,0,d,301,Drizzle,d02d,7
2026/7/15 7:45,14.32,27.7,33.1,92,26.3,994,1.9,139,3.8,12,100,19.5,74.1,283,72,75,0.8,0.5,0,d,301,Drizzle,d02d,7
2026/7/15 8:00,22.56,27.8,33.4,92,26.4,994,2,136,4,13,100,22.8,75.2,339,80,84,0.8,0.5,0,d,301,Drizzle,d02d,8
2026/7/15 8:15,27.35,27.8,33.4,92,26.4,994,2.1,140,4.3,13,100,26.2,76.2,396,84,89,0.9,1,0,d,500,Light rain,r01d,8
2026/7/15 8:30,31.83,27.8,33.4,92,26.4,994,2.2,143,4.6,13,100,29.5,77.2,453,89,82,1.1,1.5,0,d,500,Light rain,r01d,8
2026/7/15 8:45,38.5,27.8,33.4,92,26.4,994,2.3,146,4.9,16,100,32.9,78.3,510,94,101,1.2,1,0,d,500,Light rain,r01d,8
2026/7/15 9:00,35.31,27.8,33.4,92,26.4,994,2.4,150,5.2,16,100,36.3,79.3,567,99,107,1.3,0.5,0,d,301,Drizzle,d02d,9
2026/7/15 9:15,31.3,28,33.8,91,26.4,994,2.5,155,5.4,16,100,39.7,80.2,618,102,111,1.5,0.5,0,d,301,Drizzle,d02d,9
2026/7/15 9:30,33.21,28.2,34.2,90,26.4,994,2.6,160,5.6,10,100,43.1,81.2,668,105,115,1.7,0.5,0,d,301,Drizzle,d02d,9
2026/7/15 9:45,36.6,28.3,34.6,89,26.3,994,2.7,165,5.8,10,100,46.6,82.1,719,108,119,1.9,0.5,0,d,301,Drizzle,d02d,9
2026/7/15 10:00,46.56,28.5,35,88,26.3,994,2.8,170,6,10,100,50,83.1,769,111,123,2.1,0.5,0,d,301,Drizzle,d02d,10
2026/7/15 10:15,51.3,28.6,35.3,88,26.4,994,2.9,171,6.2,12,100,53.4,84.1,808,113,125,2.3,0.5,0,d,301,Drizzle,d02d,10
2026/7/15 10:30,65.36,28.7,35.6,88,26.5,994,3,172,6.4,13,100,56.9,85.1,848,115,127,2.5,0.5,0,d,301,Drizzle,d02d,10
2026/7/15 10:45,73.96,28.8,35.9,88,26.6,994,3.1,173,6.6,13,100,60.3,86,887,118,130,2.7,0.5,0,d,301,Drizzle,d02d,10
2026/7/15 11:00,71.7,28.9,36.3,88,26.7,994,3.2,174,6.8,14,100,63.8,87,926,120,133,2.9,0.5,0,d,301,Drizzle,d02d,11
2026/7/15 11:15,72.46,28.8,35.9,88,26.6,994,3.2,174,6.5,14,100,67.2,88.5,950,121,135,3.1,0.5,0,d,301,Drizzle,d02d,11
2026/7/15 11:30,91.39,28.7,35.6,88,26.5,994,3.2,174,6.2,10,100,70.7,89.9,974,122,136,3.3,0.5,0,d,301,Drizzle,d02d,11
2026/7/15 11:45,84.15,28.6,35.3,88,26.4,994,3.2,174,5.9,10,100,74.1,91.4,998,123,138,3.4,0.25,0,d,804,Overcast clouds,c04d,11
2026/7/15 12:00,88.88,28.5,35,88,26.3,994,3.2,174,5.6,12,100,77.6,92.8,1022,124,140,3.5,0,0,d,804,Overcast clouds,c04d,12
2026/7/15 12:15,111.24,28.4,34.6,88,26.2,994,3.1,172,5.6,12,100,80.2,128,1029,125,142,3.6,0,0,d,804,Overcast clouds,c04d,12
2026/7/15 12:30,125.01,28.3,34.5,89,26.3,994,3,169,5.6,13,100,82.8,163.2,1036,125,141,3.7,0,0,d,804,Overcast clouds,c04d,12
2026/7/15 12:45,99.72,28.2,34.4,90,26.4,994,2.9,166,5.6,11,100,85.4,198.4,1043,125,141,3.7,0.25,0,d,804,Overcast clouds,c04d,12
2026/7/15 13:00,3.9,28.1,34.1,90,26.3,994,2.8,164,5.6,12,100,88.1,233.6,1050,125,142,3.7,0.5,0,d,301,Drizzle,d02d,13
2026/7/15 13:15,49.97,28.1,34.1,90,26.3,994,2.8,162,5.5,12,100,84.7,242.4,1039,125,142,3.7,0.75,0,d,301,Drizzle,d02d,13
2026/7/15 13:30,10.93,28.1,34.1,90,26.3,994,2.8,161,5.4,15,100,81.3,251.2,1028,124,140,3.6,1,0,d,500,Light rain,r01d,13
2026/7/15 13:45,50.29,28.1,34.1,90,26.3,994,2.8,160,5.3,15,100,77.9,260.1,1017,124,140,3.5,1,0,d,500,Light rain,r01d,13
2026/7/15 14:00,55.19,28.1,34.1,90,26.3,994,2.8,158,5.2,16,100,74.5,268.9,1006,123,139,3.4,1,0,d,500,Light rain,r01d,14
2026/7/15 14:15,66.91,28.3,34.7,90,26.5,994,2.7,160,5.2,16,100,71.1,270.1,979,122,121,3.3,1.25,0,d,500,Light rain,r01d,14
2026/7/15 14:30,92.21,28.5,35.2,89,26.5,994,2.6,163,5.2,16,100,67.6,271.4,951,121,117,3.1,1.5,0,d,500,Light rain,r01d,14
2026/7/15 14:45,86.99,28.7,35.6,88,26.5,993,2.5,166,5.2,16,100,64.1,272.6,923,119,118,2.9,1.25,0,d,500,Light rain,r01d,14
2026/7/15 15:00,0.03,28.9,36.3,88,26.7,993,2.4,168,5.2,16,100,60.7,273.9,896,118,130,2.8,1,0,d,500,Light rain,r01d,15
2026/7/15 15:15,108.92,29.1,36.8,88,26.9,993,2.4,169,5.2,16,100,57.2,274.8,854,116,112,2.5,1.25,0,d,500,Light rain,r01d,15
2026/7/15 15:30,42.78,29.3,37.2,87,26.9,993,2.4,170,5.2,10,100,53.8,275.8,811,113,106,2.3,1.5,0,d,500,Light rain,r01d,15
2026/7/15 15:45,19.84,29.4,37.5,86,26.8,992,2.4,171,5.2,10,100,50.3,276.8,769,111,121,2.1,1,0,d,500,Light rain,r01d,15
2026/7/15 16:00,20.27,29.6,38.1,86,27,992,2.4,172,5.2,10,100,46.9,277.7,727,109,117,1.9,0.5,0,d,301,Drizzle,d02d,16
2026/7/15 16:15,24.18,29.7,38.1,85,26.9,992,2.5,167,5.3,12,100,43.5,278.7,675,105,113,1.7,0.25,0,d,804,Overcast clouds,c04d,16
2026/7/15 16:30,179.35,29.8,38.2,84,26.8,992,2.6,162,5.4,10,100,40.1,279.6,622,102,110,1.5,0,0,d,804,Overcast clouds,c04d,16
2026/7/15 16:45,72.7,29.9,38.2,83,26.7,992,2.7,157,5.5,10,100,36.7,280.6,570,98,105,1.4,0,0,d,804,Overcast clouds,c04d,16
2026/7/15 17:00,16.36,30,38.2,82,26.6,991,2.8,152,5.6,10,100,33.2,281.5,517,95,102,1.2,0,0,d,804,Overcast clouds,c04d,17
2026/7/15 17:15,3.86,29.6,37.6,84,26.6,991,2.7,148,5.7,12,100,29.9,282.6,460,90,96,1.1,0,0,d,804,Overcast clouds,c04d,17
2026/7/15 17:30,3.9,29.3,36.9,86,26.7,991,2.6,143,5.8,10,100,26.5,283.6,402,85,90,1,0,0,d,804,Overcast clouds,c04d,17
2026/7/15 17:45,3.99,28.9,36.2,88,26.7,991,2.5,138,5.9,10,100,23.1,284.7,345,79,83,0.9,0,0,d,804,Overcast clouds,c04d,17
2026/7/15 18:00,3.87,28.5,35.4,90,26.7,991,2.4,134,6,10,100,19.8,285.7,287,74,77,0.8,0,0,d,804,Overcast clouds,c04d,18
2026/7/15 18:15,3.92,28.5,35.4,90,26.7,991,2.5,138,6.1,12,98,16.5,286.9,233,66,82,0.8,0,0,d,804,Overcast clouds,c04d,18
2026/7/15 18:30,3.9,28.5,35.2,89,26.5,992,2.6,141,6.2,13,97,13.2,288.1,179,57,75,0.7,0,0,d,804,Overcast clouds,c04d,18
2026/7/15 18:45,3.88,28.5,35,88,26.3,992,2.7,144,6.3,13,96,9.9,289.3,126,48,64,0.7,0,0,d,804,Overcast clouds,c04d,18
2026/7/15 19:00,4.12,28.5,35,88,26.3,992,2.8,148,6.4,14,94,6.6,290.5,72,40,53,0.7,0,0,d,804,Overcast clouds,c04d,19
2026/7/15 19:15,2.74,28.4,34.6,88,26.2,992,2.8,146,6.2,14,94,3.4,291.9,54,30,39,0.7,0,0,d,804,Overcast clouds,c04d,19
2026/7/15 19:30,1.18,28.3,34.5,89,26.3,993,2.8,143,6,15,94,0.3,293.4,36,20,26,0.7,0,0,d,804,Overcast clouds,c04n,19
2026/7/15 19:45,0.08,28.2,34.4,90,26.4,993,2.8,140,5.8,15,93,-2.9,294.8,18,10,14,0,0,0,d,804,Overcast clouds,c04n,19
2026/7/15 20:00,0,28.1,34.1,90,26.3,993,2.8,138,5.6,15,93,-6.1,296.2,0,0,0,0,0,0,n,804,Overcast clouds,c04n,20
2026/7/15 20:15,0,28.1,34.1,90,26.3,993,2.8,136,5.6,16,92,-9.1,298.1,0,0,0,0,0,0,n,804,Overcast clouds,c04n,20
2026/7/15 20:30,0,28.1,34.1,90,26.3,993,2.8,133,5.6,10,92,-12.1,299.9,0,0,0,0,0,0,n,804,Overcast clouds,c04n,20
2026/7/15 20:45,0,28.1,34.1,90,26.3,993,2.8,130,5.6,10,91,-15.1,301.7,0,0,0,0,0,0,n,804,Overcast clouds,c04n,20
2026/7/15 21:00,0,28.1,34.1,90,26.3,993,2.8,128,5.6,12,90,-18.1,303.5,0,0,0,0,0,0,n,804,Overcast clouds,c04n,21
2026/7/15 21:15,0,27.8,33.4,91,26.2,993,2.8,130,5.7,12,92,-20.8,305.9,0,0,0,0,0,0,n,804,Overcast clouds,c04n,21
2026/7/15 21:30,0,27.6,32.6,92,26.1,994,2.8,132,5.8,13,94,-23.6,308.3,0,0,0,0,0,0,n,804,Overcast clouds,c04n,21
2026/7/15 21:45,0,27.3,31.9,93,26,994,2.8,134,5.9,13,97,-26.3,310.7,0,0,0,0,0,0,n,804,Overcast clouds,c04n,21
2026/7/15 22:00,0,27,31.2,94,25.9,994,2.8,136,6,14,99,-29,313.1,0,0,0,0,0,0,n,804,Overcast clouds,c04n,22
2026/7/15 22:15,0,27,31.2,94,25.9,994,2.9,139,6,14,98,-31.3,316.3,0,0,0,0,0,0,n,804,Overcast clouds,c04n,22
2026/7/15 22:30,0,27,31.2,94,25.9,995,3,142,6,10,98,-33.5,319.5,0,0,0,0,0,0,n,804,Overcast clouds,c04n,22
2026/7/15 22:45,0,27,31.2,94,25.9,995,3.1,145,6,10,97,-35.8,322.7,0,0,0,0,0,0,n,804,Overcast clouds,c04n,22
2026/7/15 23:00,0,27,31.2,94,25.9,995,3.2,148,6,10,96,-38.1,325.9,0,0,0,0,0,0,n,804,Overcast clouds,c04n,23
2026/7/15 23:15,0,27,31.2,94,25.9,995,3.3,149,6,12,96,-39.6,330,0,0,0,0,0,0,n,804,Overcast clouds,c04n,23
2026/7/15 23:30,0,27,31.3,95,26.1,995,3.4,150,6,12,95,-41.1,334.2,0,0,0,0,0,0,n,804,Overcast clouds,c04n,23
2026/7/15 23:45,0,27,31.4,96,26.3,994,3.5,151,6,13,94,-42.6,338.4,0,0,0,0,0,0,n,804,Overcast clouds,c04n,23
2026/7/16 0:00,0,27,31.4,96,26.3,994,3.6,152,6,13,94,-44.1,342.6,0,0,0,0,0,0,n,804,Overcast clouds,c04n,0
2026/7/16 0:15,0,26.9,31.1,96,26.2,994,3.6,153,6.1,14,93,-44.6,257.5,0,0,0,0,0,0,n,804,Overcast clouds,c04n,0
2026/7/16 0:30,0,26.9,30.8,95,26,994,3.6,154,6.2,14,92,-45.1,172.4,0,0,0,0,0,0,n,804,Overcast clouds,c04n,0
2026/7/16 0:45,0,26.8,30.5,94,25.7,994,3.6,155,6.3,15,91,-45.5,87.3,0,0,0,0,0,0,n,804,Overcast clouds,c04n,0
2026/7/16 1:00,0,26.7,30.2,94,25.7,994,3.6,156,6.4,15,90,-46,2.2,0,0,0,0,0,0,n,804,Overcast clouds,c04n,1
2026/7/16 1:15,0,26.6,27.8,94,25.6,994,3.6,157,6.5,16,89,-45.3,7,0,0,0,0,0,0,n,804,Overcast clouds,c04n,1
2026/7/16 1:30,0,26.5,27.7,95,25.6,994,3.6,158,6.6,10,88,-44.6,11.8,0,0,0,0,0,0,n,804,Overcast clouds,c04n,1
2026/7/16 1:45,0,26.4,27.6,96,25.7,994,3.6,159,6.7,10,88,-43.8,16.7,0,0,0,0,0.25,0,n,804,Overcast clouds,c04n,1
2026/7/16 2:00,0,26.3,27.5,96,25.6,994,3.6,160,6.8,12,87,-43.1,21.5,0,0,0,0,0.5,0,n,231,Thunderstorm with drizzle,t04n,2
2026/7/16 2:15,0,26.3,27.5,96,25.6,994,3.5,160,6.6,12,80,-41.4,25.4,0,0,0,0,0.75,0,n,301,Drizzle,d02n,2
2026/7/16 2:30,0,26.3,27.5,96,25.6,994,3.4,161,6.4,10,72,-39.7,29.4,0,0,0,0,1,0,n,500,Light rain,r01n,2
2026/7/16 2:45,0,26.3,27.5,96,25.6,993,3.3,162,6.2,10,65,-38,33.4,0,0,0,0,1,0,n,500,Light rain,r01n,2
2026/7/16 3:00,0,26.3,27.5,96,25.6,993,3.2,162,6,10,58,-36.3,37.3,0,0,0,0,1,0,n,500,Light rain,r01n,3
2026/7/16 3:15,0,26.1,27.3,96,25.4,993,3.1,162,5.8,12,60,-33.9,40.3,0,0,0,0,1.25,0,n,500,Light rain,r01n,3
2026/7/16 3:30,0,26,27.1,96,25.3,993,3,161,5.6,13,63,-31.5,43.3,0,0,0,0,1.5,0,n,500,Light rain,r01n,3
2026/7/16 3:45,0,25.8,26.9,96,25.1,993,2.9,160,5.4,13,66,-29.1,46.3,0,0,0,0,1.25,0,n,200,Thunderstorm with light rain,t01n,3
2026/7/16 4:00,0,25.6,26.7,96,24.9,993,2.8,160,5.2,13,68,-26.8,49.3,0,0,0,0,1,0,n,200,Thunderstorm with light rain,t01n,4
2026/7/16 4:15,0,25.6,26.7,96,24.9,993,2.8,158,5.1,14,68,-24,51.6,0,0,0,0,1,0,n,200,Thunderstorm with light rain,t01n,4
2026/7/16 4:30,0,25.6,26.7,97,25.1,993,2.8,157,5,15,67,-21.2,53.8,0,0,0,0,1,0,n,500,Light rain,r01n,4
2026/7/16 4:45,0,25.6,26.8,98,25.3,993,2.8,156,4.9,15,66,-18.4,56.1,0,0,0,0,1,0,n,200,Thunderstorm with light rain,t01n,4
2026/7/16 5:00,0,25.6,26.8,98,25.3,993,2.8,154,4.8,16,66,-15.6,58.3,0,0,0,0,1,0,n,200,Thunderstorm with light rain,t01n,5
2026/7/16 5:15,0,25.8,27,98,25.4,993,2.8,146,4.9,16,73,-12.5,60,0,0,0,0,1,0,n,200,Thunderstorm with light rain,t01n,5
2026/7/16 5:30,0,26,27.1,97,25.4,993,2.8,138,5,8,80,-9.5,61.8,0,0,0,0,1,0,n,200,Thunderstorm with light rain,t01n,5
2026/7/16 5:45,0,26.1,27.3,96,25.4,993,2.8,130,5.1,8,88,-6.4,63.5,0,0,0,0,1,0,n,500,Light rain,r01n,5
2026/7/16 6:00,0.2,26.3,27.5,96,25.6,993,2.8,122,5.2,8,95,-3.4,65.2,0,0,0,0,1,0,n,500,Light rain,r01n,6
2026/7/16 6:15,0.28,26.3,27.5,96,25.6,993,2.9,123,5.4,11,96,-0.2,66.6,29,12,16,0,0.75,0,d,301,Drizzle,d02n,6
2026/7/16 6:30,0.47,26.3,27.5,96,25.6,994,3,124,5.6,12,96,3.1,68,57,25,32,0.7,0.5,0,d,301,Drizzle,d02d,6
2026/7/16 6:45,1.63,26.3,27.5,96,25.6,994,3.1,125,5.8,12,96,6.3,69.4,86,37,48,0.7,0.5,0,d,301,Drizzle,d02d,6
2026/7/16 7:00,3.72,26.3,27.5,96,25.6,994,3.2,126,6,13,97,9.5,70.7,115,50,61,0.7,0.5,0,d,301,Drizzle,d02d,7
2026/7/16 7:15,11.46,26.6,27.8,95,25.7,994,3.2,128,6.3,14,97,12.8,71.9,171,57,74,0.7,0.25,0,d,804,Overcast clouds,c04d,7
2026/7/16 7:30,14.08,26.9,30.7,94,25.8,994,3.2,129,6.6,10,98,16.1,73.1,226,65,82,0.7,0,0,d,804,Overcast clouds,c04d,7
2026/7/16 7:45,28.52,27.1,31.4,93,25.9,994,3.2,130,6.9,10,98,19.4,74.2,282,72,93,0.8,0.25,0,d,804,Overcast clouds,c04d,7
2026/7/16 8:00,20.62,27.4,32.2,92,26,994,3.2,132,7.2,10,98,22.7,75.4,338,80,105,0.9,0.5,0,d,301,Drizzle,d02d,8
2026/7/16 8:15,33.03,27.5,32.3,91,25.9,994,3.2,134,7.6,12,98,26.1,76.4,395,84,114,1,0.75,0,d,301,Drizzle,d02d,8
2026/7/16 8:30,42.05,27.6,32.5,90,25.8,994,3.2,135,8,13,98,29.5,77.4,452,89,123,1.1,1,0,d,500,Light rain,r01d,8
2026/7/16 8:45,75.41,27.7,32.7,89,25.7,994,3.2,136,8.4,13,97,32.9,78.4,509,94,148,1.3,1,0,d,500,Light rain,r01d,8
2026/7/16 9:00,56.01,27.8,32.8,88,25.6,994,3.2,138,8.8,13,97,36.2,79.5,566,98,158,1.4,1,0,d,500,Light rain,r01d,9
2026/7/16 9:15,33.48,28.4,34.1,86,25.8,994,3.2,140,8.8,14,95,39.7,80.4,617,102,102,1.7,1,0,d,500,Light rain,r01d,9
2026/7/16 9:30,30.95,28.9,35.3,84,25.9,994,3.2,141,8.8,12,92,43.1,81.4,667,105,162,2,1,0,d,500,Light rain,r01d,9
2026/7/16 9:45,84.43,29.5,36.3,81,25.8,994,3.2,142,8.8,12,90,46.5,82.3,718,108,210,2.3,0.75,0,d,301,Drizzle,d02d,9
2026/7/16 10:00,79.15,30,37.4,79,26,994,3.2,144,8.8,13,88,49.9,83.3,769,111,260,2.7,0.5,0,d,301,Drizzle,d02d,10
2026/7/16 10:15,113.94,30,37.4,79,26,994,3.3,147,8.8,13,90,53.4,84.3,808,113,236,2.8,0.25,0,d,804,Overcast clouds,c04d,10
2026/7/16 10:30,93.8,30,37.4,79,26,994,3.4,150,8.8,10,92,56.8,85.4,847,115,206,3,0,0,d,804,Overcast clouds,c04d,10
2026/7/16 10:45,45.07,30,37.4,79,26,994,3.5,153,8.8,10,93,60.3,86.4,886,117,193,3.1,0,0,d,804,Overcast clouds,c04d,10
2026/7/16 11:00,71.88,30,37.4,79,26,994,3.6,156,8.8,10,95,63.7,87.4,926,120,153,3.3,0,0,d,804,Overcast clouds,c04d,11
2026/7/16 11:15,99.49,29.7,36.6,79,25.7,994,3.7,154,8.9,9,91,67.2,88.9,950,121,256,3.7,0,0,d,804,Overcast clouds,c04d,11
2026/7/16 11:30,82.51,29.5,36,80,25.6,994,3.8,153,9,10,86,70.6,90.5,974,122,373,4.3,0,0,d,804,Overcast clouds,c04d,11
2026/7/16 11:45,49.43,29.2,35.2,80,25.4,994,3.9,152,9.1,10,82,74.1,92,998,123,464,4.8,0,0,d,804,Overcast clouds,c04d,11
2026/7/16 12:00,17.67,28.9,34.5,80,25.1,994,4,150,9.2,10,78,77.6,93.5,1022,124,550,5.3,0,0,d,804,Overcast clouds,c04d,12
2026/7/16 12:15,4.01,28.8,34.2,80,25,994,3.9,145,9.3,12,78,80.2,127.5,1029,125,554,5.4,0,0,d,804,Overcast clouds,c04d,12
2026/7/16 12:30,53.41,28.7,34.1,81,25.1,994,3.8,140,9.4,13,78,82.8,161.5,1036,125,557,5.5,0,0,d,804,Overcast clouds,c04d,12
2026/7/16 12:45,42.55,28.6,34,82,25.2,993,3.7,135,9.5,13,78,85.4,195.6,1043,125,561,5.5,0,0,d,804,Overcast clouds,c04d,12
2026/7/16 13:00,4.52,28.5,33.8,82,25.1,993,3.6,130,9.6,14,78,88,229.6,1050,125,565,5.6,0,0,d,804,Overcast clouds,c04d,13
2026/7/16 13:15,4.02,28.5,34,83,25.3,993,3.5,130,9.5,14,80,84.6,239.2,1039,125,522,5.3,0.25,0,d,804,Overcast clouds,c04d,13
2026/7/16 13:30,3.98,28.5,34.1,84,25.5,993,3.4,131,9.4,15,83,81.2,248.9,1028,124,458,5,0.5,0,d,301,Drizzle,d02d,13
2026/7/16 13:45,37.95,28.5,34.3,85,25.7,993,3.3,132,9.3,15,86,77.9,258.6,1017,124,389,4.6,1,0,d,500,Light rain,r01d,13
2026/7/16 14:00,21.31,28.5,34.5,86,25.9,993,3.2,132,9.2,16,88,74.5,268.3,1006,123,331,4.4,1.5,0,d,500,Light rain,r01d,14
2026/7/16 14:15,3.97,28.7,35.2,86,26.1,993,3,140,8.6,16,90,71,269.6,979,122,273,4,2,0,d,200,Thunderstorm with light rain,t01d,14
2026/7/16 14:30,3.99,28.9,35.8,86,26.3,993,2.8,147,8,9,93,67.6,270.9,951,121,190,3.6,2.5,0,d,200,Thunderstorm with light rain,t01d,14
2026/7/16 14:45,3.97,29.1,36.4,86,26.5,992,2.6,154,7.4,9,96,64.1,272.2,923,119,105,3.2,3.25,0,d,200,Thunderstorm with light rain,t01d,14
2026/7/16 15:00,3.97,29.3,37.1,86,26.7,992,2.4,162,6.8,9,98,60.7,273.5,896,118,137,2.9,4,0,d,201,Thunderstorm with rain,t02d,15
2026/7/16 15:15,3.93,29.5,37.7,86,26.9,992,2.6,164,7.1,9,98,57.2,274.5,854,116,140,2.7,3.25,0,d,200,Thunderstorm with light rain,t01d,15
2026/7/16 15:30,25.87,29.7,38.2,86,27.1,992,2.8,167,7.4,12,98,53.8,275.5,811,113,143,2.4,2.5,0,d,200,Thunderstorm with light rain,t01d,15
2026/7/16 15:45,25.42,29.8,38.8,86,27.2,992,3,170,7.7,13,99,50.3,276.5,769,111,120,2.2,2,0,d,200,Thunderstorm with light rain,t01d,15
2026/7/16 16:00,29.78,30,39.4,86,27.4,991,3.2,172,8,13,99,46.9,277.5,727,109,122,2,1.5,0,d,200,Thunderstorm with light rain,t01d,16
2026/7/16 16:15,33.12,29.7,38.5,86,27.1,992,3.2,172,7.5,14,99,43.5,278.4,675,105,120,1.8,1.25,0,d,200,Thunderstorm with light rain,t01d,16
2026/7/16 16:30,34.64,29.5,37.6,86,26.9,992,3.2,173,7,14,100,40.1,279.4,622,102,109,1.5,1,0,d,200,Thunderstorm with light rain,t01d,16
2026/7/16 16:45,11.37,29.2,36.7,86,26.6,992,3.2,174,6.5,15,100,36.6,280.4,570,98,106,1.4,1,0,d,500,Light rain,r01d,16
2026/7/16 17:00,12.74,28.9,35.8,86,26.3,992,3.2,174,6,16,100,33.2,281.4,517,95,102,1.2,1,0,d,500,Light rain,r01d,17
2026/7/16 17:15,3.99,28.3,34.2,88,26.1,992,2.9,168,6,16,97,29.9,282.4,459,90,138,1.1,0.75,0,d,301,Drizzle,d02d,17
2026/7/16 17:30,3.97,27.6,32.5,90,25.8,992,2.6,163,6,10,94,26.5,283.4,402,85,160,1.1,0.5,0,d,301,Drizzle,d02d,17
2026/7/16 17:45,36.88,27,30.8,92,25.5,992,2.3,158,6,10,90,23.1,284.5,344,79,101,1,0.25,0,d,804,Overcast clouds,c04d,17
2026/7/16 18:00,0.02,26.3,27.4,94,25.3,992,2,152,6,10,87,19.8,285.5,287,74,104,1,0,0,d,804,Overcast clouds,c04d,18
2026/7/16 18:15,29.09,26.4,27.5,94,25.4,992,2.1,151,5.7,12,80,16.5,286.7,233,66,117,1,0,0,d,804,Overcast clouds,c04d,18
2026/7/16 18:30,25.16,26.5,27.6,93,25.3,992,2.2,150,5.4,13,72,13.2,287.9,179,57,113,1.1,0,0,d,804,Overcast clouds,c04d,18
2026/7/16 18:45,19.54,26.6,27.7,92,25.2,992,2.3,149,5.1,13,64,9.9,289.1,125,48,91,1.2,0,0,d,803,Broken clouds,c03d,18
2026/7/16 19:00,10.37,26.7,30.1,92,25.3,992,2.4,148,4.8,14,57,6.6,290.3,71,40,56,1.2,0,0,d,803,Broken clouds,c03d,19
2026/7/16 19:15,6.98,26.7,30.1,92,25.3,992,2.5,145,4.7,14,56,3.4,291.8,53,30,42,1.3,0,0,d,803,Broken clouds,c03d,19
2026/7/16 19:30,1.12,26.7,30.1,92,25.3,993,2.6,142,4.6,15,54,0.2,293.2,36,20,29,1.3,0,0,d,803,Broken clouds,c03n,19
2026/7/16 19:45,0.07,26.7,30.1,92,25.3,993,2.7,139,4.5,15,52,-3,294.6,18,10,15,0,0,0,d,803,Broken clouds,c03n,19
2026/7/16 20:00,0,26.7,30.1,92,25.3,993,2.8,136,4.4,15,51,-6.2,296.1,0,0,0,0,0,0,n,803,Broken clouds,c03n,20
2026/7/16 20:15,0,26.7,30.1,92,25.3,993,2.9,138,4.5,16,52,-9.2,297.9,0,0,0,0,0,0,n,803,Broken clouds,c03n,20
2026/7/16 20:30,0,26.7,30.1,92,25.3,993,3,139,4.6,16,53,-12.2,299.7,0,0,0,0,0,0,n,803,Broken clouds,c03n,20
2026/7/16 20:45,0,26.7,30.1,92,25.3,993,3.1,140,4.7,16,54,-15.2,301.5,0,0,0,0,0,0,n,803,Broken clouds,c03n,20
2026/7/16 21:00,0,26.7,30.1,92,25.3,993,3.2,142,4.8,16,55,-18.2,303.4,0,0,0,0,0,0,n,803,Broken clouds,c03n,21
2026/7/16 21:15,0,26.6,27.7,93,25.4,993,3.2,142,4.9,16,56,-20.9,305.7,0,0,0,0,0,0,n,803,Broken clouds,c03n,21
2026/7/16 21:30,0,26.5,27.7,94,25.5,994,3.2,142,5,10,57,-23.7,308.1,0,0,0,0,0,0,n,803,Broken clouds,c03n,21
2026/7/16 21:45,0,26.4,27.6,95,25.5,994,3.2,142,5.1,10,58,-26.4,310.5,0,0,0,0,0,0,n,803,Broken clouds,c03n,21
2026/7/16 22:00,0,26.3,27.5,96,25.6,994,3.2,142,5.2,10,59,-29.1,312.9,0,0,0,0,0,0,n,803,Broken clouds,c03n,22
2026/7/16 22:15,0,26.3,27.5,96,25.6,994,3.2,144,5.2,12,58,-31.4,316.1,0,0,0,0,0,0,n,803,Broken clouds,c03n,22
2026/7/16 22:30,0,26.3,27.5,96,25.6,994,3.2,147,5.2,10,58,-33.7,319.3,0,0,0,0,0,0,n,803,Broken clouds,c03n,22
2026/7/16 22:45,0,26.3,27.5,96,25.6,994,3.2,150,5.2,10,58,-35.9,322.5,0,0,0,0,0,0,n,803,Broken clouds,c03n,22
2026/7/16 23:00,0,26.3,27.5,96,25.6,994,3.2,152,5.2,12,57,-38.2,325.7,0,0,0,0,0,0,n,803,Broken clouds,c03n,23
2026/7/16 23:15,0,26.3,27.5,96,25.6,994,3.2,154,5.2,12,56,-39.7,329.9,0,0,0,0,0,0,n,803,Broken clouds,c03n,23
2026/7/16 23:30,0,26.3,27.5,97,25.8,994,3.2,155,5.2,13,54,-41.2,334.1,0,0,0,0,0,0,n,741,Fog,a05n,23
2026/7/16 23:45,0,26.3,27.5,98,26,994,3.2,156,5.2,13,53,-42.8,338.3,0,0,0,0,0,0,n,741,Fog,a05n,23
2026/7/17 0:00,0,26.3,27.5,98,26,994,3.2,158,5.2,14,52,-44.3,342.5,0,0,0,0,0,0,n,741,Fog,a05n,0
2026/7/17 0:15,0,26.3,27.5,98,26,994,3.2,158,5.3,14,52,-44.8,257.4,0,0,0,0,0,0,n,741,Fog,a05n,0
2026/7/17 0:30,0,26.3,27.5,98,26,994,3.2,158,5.4,9,53,-45.2,172.4,0,0,0,0,0,0,n,741,Fog,a05n,0
2026/7/17 0:45,0,26.3,27.5,98,26,994,3.2,158,5.5,9,54,-45.7,87.3,0,0,0,0,0,0,n,741,Fog,a05n,0
2026/7/17 1:00,0,26.3,27.5,98,26,994,3.2,158,5.6,9,54,-46.2,2.2,0,0,0,0,0,0,n,741,Fog,a05n,1
2026/7/17 1:15,0,26.3,27.5,98,26,994,3.2,156,5.8,12,56,-45.4,7,0,0,0,0,0,0,n,741,Fog,a05n,1
2026/7/17 1:30,0,26.3,27.5,98,26,994,3.2,155,6,12,58,-44.7,11.9,0,0,0,0,0,0,n,741,Fog,a05n,1
2026/7/17 1:45,0,26.3,27.5,98,26,993,3.2,154,6.2,13,60,-44,16.7,0,0,0,0,0,0,n,741,Fog,a05n,1
2026/7/17 2:00,0,26.3,27.5,98,26,993,3.2,152,6.4,13,62,-43.3,21.5,0,0,0,0,0,0,n,741,Fog,a05n,2
2026/7/17 2:15,0,26.3,27.5,98,26,993,3.2,152,6.3,14,61,-41.6,25.5,0,0,0,0,0,0,n,741,Fog,a05n,2
2026/7/17 2:30,0,26.3,27.5,98,26,993,3.2,152,6.2,15,60,-39.9,29.5,0,0,0,0,0,0,n,741,Fog,a05n,2
2026/7/17 2:45,0,26.3,27.5,98,26,993,3.2,152,6.1,15,58,-38.1,33.5,0,0,0,0,0,0,n,741,Fog,a05n,2
2026/7/17 3:00,0,26.3,27.5,98,26,993,3.2,152,6,16,57,-36.4,37.4,0,0,0,0,0,0,n,741,Fog,a05n,3
2026/7/17 3:15,0,26.4,27.7,98,26.1,993,3.2,152,6.1,16,59,-34,40.4,0,0,0,0,0,0,n,741,Fog,a05n,3
2026/7/17 3:30,0,26.5,27.7,97,26,993,3.2,151,6.2,16,62,-31.7,43.5,0,0,0,0,0,0,n,741,Fog,a05n,3
2026/7/17 3:45,0,26.6,27.8,96,25.9,993,3.2,150,6.3,16,64,-29.3,46.5,0,0,0,0,0,0,n,803,Broken clouds,c03n,3
2026/7/17 4:00,0,26.7,30.4,96,26,993,3.2,150,6.4,16,66,-26.9,49.5,0,0,0,0,0,0,n,803,Broken clouds,c03n,4
2026/7/17 4:15,0,26.7,30.4,96,26,993,3.2,150,6.4,16,65,-24.1,51.7,0,0,0,0,0.5,0,n,301,Drizzle,d02n,4
2026/7/17 4:30,0,26.7,30.4,96,26,993,3.2,151,6.4,5,64,-21.3,54,0,0,0,0,1,0,n,500,Light rain,r01n,4
2026/7/17 4:45,0,26.7,30.4,96,26,992,3.2,152,6.4,5,63,-18.5,56.2,0,0,0,0,2.5,0,n,500,Light rain,r01n,4
2026/7/17 5:00,0,26.7,30.4,96,26,992,3.2,152,6.4,8,62,-15.7,58.5,0,0,0,0,4,0,n,501,Moderate rain,r02n,5
2026/7/17 5:15,0,27,31.3,96,26.3,992,3,151,6.3,9,60,-12.6,60.2,0,0,0,0,2,0,n,500,Light rain,r01n,5
2026/7/17 5:30,0,27.3,32.1,95,26.4,993,2.8,150,6.2,8,58,-9.6,61.9,0,0,0,0,0,0,n,803,Broken clouds,c03n,5
2026/7/17 5:45,0,27.5,32.9,94,26.5,993,2.6,149,6.1,8,57,-6.5,63.6,0,0,0,0,0.5,0,n,301,Drizzle,d02n,5
2026/7/17 6:00,0,27.8,33.8,94,26.7,993,2.4,148,6,8,55,-3.5,65.4,0,0,0,0,1,0,n,500,Light rain,r01n,6
2026/7/17 6:15,0.17,27.8,33.8,94,26.7,993,2.6,146,6.1,11,56,-0.2,66.7,28,12,22,0,1,0,d,500,Light rain,r01n,6
2026/7/17 6:30,2.15,27.8,33.8,94,26.7,993,2.8,143,6.2,10,56,3,68.1,57,25,45,1.3,1,0,d,500,Light rain,r01d,6
2026/7/17 6:45,3.84,27.8,33.8,94,26.7,993,3,140,6.3,10,57,6.2,69.5,85,37,67,1.2,0.5,0,d,301,Drizzle,d02d,6
2026/7/17 7:00,4.54,27.8,33.8,94,26.7,993,3.2,138,6.4,10,58,9.4,70.9,114,49,88,1.3,0,0,d,803,Broken clouds,c03d,7
2026/7/17 7:15,8.16,27.9,34,94,26.8,993,3.3,138,6.4,12,54,12.7,72.1,169,57,136,1.4,0,0,d,803,Broken clouds,c03d,7
2026/7/17 7:30,9.13,28,34.1,93,26.7,993,3.4,139,6.4,12,50,16,73.2,225,64,187,1.5,0,0,d,803,Broken clouds,c03d,7
2026/7/17 7:45,19.29,28,34.2,92,26.6,993,3.5,140,6.4,13,47,19.3,74.4,281,72,238,1.7,0,0,d,803,Broken clouds,c03d,7
2026/7/17 8:00,32.92,28.1,34.4,92,26.7,993,3.6,140,6.4,14,43,22.7,75.5,337,79,292,1.9,0,0,d,803,Broken clouds,c03d,8
2026/7/17 8:15,45.57,28.3,35.1,92,26.9,993,3.7,144,6.8,14,45,26,76.6,394,84,338,2.1,0,0,d,803,Broken clouds,c03d,8
2026/7/17 8:30,53.36,28.5,35.6,91,26.9,993,3.8,148,7.2,10,47,29.4,77.6,451,89,382,2.3,0,0,d,803,Broken clouds,c03d,8
2026/7/17 8:45,64.75,28.7,36,90,26.9,993,3.9,152,7.6,10,49,32.8,78.6,508,94,425,2.5,0,0,d,803,Broken clouds,c03d,8
2026/7/17 9:00,72.06,28.9,36.7,90,27.1,993,4,156,8,10,51,36.2,79.7,565,98,466,2.8,0,0,d,803,Broken clouds,c03d,9
2026/7/17 9:15,60.9,29.6,38.2,87,27.2,993,3.9,158,8.1,12,49,39.6,80.6,616,102,515,3.2,0.25,0,d,803,Broken clouds,c03d,9
2026/7/17 9:30,125.29,30.2,39.5,84,27.2,994,3.8,159,8.2,16,46,43,81.6,667,105,567,3.7,0.5,0,d,301,Drizzle,d02d,9
2026/7/17 9:45,84.65,30.9,40.4,80,27,994,3.7,160,8.3,15,44,46.4,82.6,717,108,617,4.2,0.25,0,d,803,Broken clouds,c03d,9
2026/7/17 10:00,102.24,31.5,41.4,77,27,994,3.6,162,8.4,15,42,49.9,83.6,768,111,667,4.8,0,0,d,803,Broken clouds,c03d,10
2026/7/17 10:15,56.02,31.5,41.8,78,27.2,994,3.6,165,8.4,15,48,53.3,84.6,807,113,679,5,0,0,d,803,Broken clouds,c03d,10
2026/7/17 10:30,85.58,31.5,41.8,78,27.2,994,3.6,168,8.4,10,55,56.8,85.7,847,115,675,5,0,0,d,803,Broken clouds,c03d,10
2026/7/17 10:45,118.52,31.5,41.8,78,27.2,994,3.6,171,8.4,10,62,60.2,86.7,886,117,654,5,0,0,d,803,Broken clouds,c03d,10
2026/7/17 11:00,71.11,31.5,42.2,79,27.4,993,3.6,174,8.4,10,68,63.7,87.8,925,120,621,5,0,0,d,803,Broken clouds,c03d,11
2026/7/17 11:15,14.44,31.6,41.8,77,27.1,993,3.7,175,8.4,12,70,67.1,89.4,949,121,615,5.2,0,0,d,803,Broken clouds,c03d,11
2026/7/17 11:30,3.91,31.7,41.3,75,26.7,993,3.8,176,8.4,10,72,70.6,91,974,122,607,5.3,0,0,d,804,Overcast clouds,c04d,11
2026/7/17 11:45,3.88,31.8,40.9,73,26.4,993,3.9,177,8.4,10,73,74.1,92.7,998,123,609,5.5,0.75,0,d,301,Drizzle,d02d,11
2026/7/17 12:00,4.03,31.9,40.5,71,26,993,4,178,8.4,10,75,77.5,94.3,1022,124,586,5.5,1.5,0,d,500,Light rain,r01d,12
2026/7/17 12:15,3.87,31.5,39.7,72,25.9,993,3.9,178,8.3,10,74,80.1,127.2,1029,125,602,5.7,2.25,0,d,500,Light rain,r01d,12
2026/7/17 12:30,3.88,31.2,39.3,74,26,993,3.8,178,8.2,10,72,82.7,160,1036,125,630,5.9,3,0,d,500,Light rain,r01d,12
2026/7/17 12:45,3.91,30.8,38.8,76,26,993,3.7,178,8.1,15,71,85.3,192.9,1043,125,656,6.1,1.75,0,d,500,Light rain,r01d,12
2026/7/17 13:00,3.96,30.4,38,77,25.9,993,3.6,178,8,16,70,87.9,225.8,1050,126,686,6.2,0.5,0,d,301,Drizzle,d02d,13
2026/7/17 13:15,3.93,30.2,37.7,78,25.9,993,3.8,174,8,16,77,84.5,236.2,1039,125,572,5.6,0.5,0,d,301,Drizzle,d02d,13
2026/7/17 13:30,33.32,30,37.7,80,26.2,993,4,170,8,16,84,81.2,246.7,1028,125,434,4.9,0.5,0,d,301,Drizzle,d02d,13
2026/7/17 13:45,40.28,29.8,37.3,81,26.2,993,4.2,166,8,16,90,77.8,257.2,1017,124,296,4.3,0.5,0,d,301,Drizzle,d02d,13
2026/7/17 14:00,43.68,29.6,37,82,26.2,993,4.4,162,8,16,97,74.5,267.6,1007,124,230,3.7,0.5,0,d,301,Drizzle,d02d,14
2026/7/17 14:15,46.73,29.6,37,82,26.2,993,4.3,162,8.3,16,97,71,269,979,122,225,3.5,0.5,0,d,301,Drizzle,d02d,14
2026/7/17 14:30,72.55,29.6,37,82,26.2,993,4.2,161,8.6,16,97,67.6,270.4,951,121,221,3.3,0.5,0,d,301,Drizzle,d02d,14
2026/7/17 14:45,106.93,29.6,37,82,26.2,992,4.1,160,8.9,16,97,64.1,271.8,923,119,216,3.1,0.5,0,d,301,Drizzle,d02d,14
2026/7/17 15:00,198.72,29.6,37,82,26.2,992,4,160,9.2,16,97,60.7,273.2,896,118,212,2.9,0.5,0,d,301,Drizzle,d02d,15
2026/7/17 15:15,151.53,29.8,37.6,82,26.4,992,3.9,162,9,16,96,57.2,274.2,854,116,116,2.8,0.5,0,d,301,Drizzle,d02d,15
2026/7/17 15:30,149.71,30,38.2,82,26.6,992,3.8,163,8.8,10,94,53.8,275.2,811,113,153,2.6,0.5,0,d,301,Drizzle,d02d,15
2026/7/17 15:45,36.04,30.2,38.6,81,26.6,992,3.7,164,8.6,10,92,50.3,276.2,769,111,185,2.5,0.25,0,d,804,Overcast clouds,c04d,15
2026/7/17 16:00,116.21,30.4,39.2,81,26.8,991,3.6,166,8.4,7,91,46.9,277.2,727,109,192,2.3,0,0,d,804,Overcast clouds,c04d,16
2026/7/17 16:15,141.18,30.4,39.2,81,26.8,991,3.5,166,8.1,7,90,43.5,278.2,675,105,194,2.1,0,0,d,804,Overcast clouds,c04d,16
2026/7/17 16:30,46.23,30.4,39.2,81,26.8,991,3.4,165,7.8,9,88,40,279.2,622,102,208,1.9,0,0,d,804,Overcast clouds,c04d,16
2026/7/17 16:45,104.73,30.4,39.2,81,26.8,991,3.3,164,7.5,9,86,36.6,280.2,569,98,215,1.8,0.25,0,d,804,Overcast clouds,c04d,16
2026/7/17 17:00,84.66,30.4,39.2,81,26.8,991,3.2,164,7.2,9,85,33.2,281.2,517,95,206,1.6,0.5,0,d,301,Drizzle,d02d,17
2026/7/17 17:15,15.4,29.8,38,84,26.7,991,2.8,161,6.6,9,89,29.8,282.2,459,90,143,1.3,0.5,0,d,301,Drizzle,d02d,17
2026/7/17 17:30,3.99,29.1,36.4,86,26.5,991,2.4,158,6,15,92,26.5,283.3,401,85,96,1.1,0.5,0,d,301,Drizzle,d02d,17
2026/7/17 17:45,12.57,28.5,35,89,26.5,991,2,155,5.4,15,96,23.1,284.3,344,79,123,0.9,0.25,0,d,804,Overcast clouds,c04d,17
2026/7/17 18:00,0.02,27.8,33.4,92,26.4,991,1.6,152,4.8,16,100,19.7,285.4,286,74,77,0.8,0,0,d,804,Overcast clouds,c04d,18
2026/7/17 18:15,34.19,27.9,33.7,92,26.5,991,1.9,150,4.8,16,100,16.4,286.5,232,66,68,0.7,0,0,d,804,Overcast clouds,c04d,18
2026/7/17 18:30,3.91,28,33.8,91,26.3,992,2.2,149,4.8,16,100,13.1,287.7,178,57,59,0.7,0,0,d,804,Overcast clouds,c04d,18
2026/7/17 18:45,3.93,28,33.8,90,26.2,992,2.5,148,4.8,16,99,9.8,288.9,124,48,53,0.7,0,0,d,804,Overcast clouds,c04d,18
2026/7/17 19:00,3.99,28.1,34.1,90,26.3,992,2.8,146,4.8,16,99,6.5,290.1,71,40,42,0.7,0,0,d,804,Overcast clouds,c04d,19
2026/7/17 19:15,4.07,28.1,34.1,90,26.3,992,2.8,144,4.6,16,99,3.3,291.6,53,30,32,0.6,0,0,d,804,Overcast clouds,c04d,19
2026/7/17 19:30,2.01,28.1,34.1,90,26.3,992,2.8,143,4.4,16,99,0.2,293,35,20,21,0.6,0,0,d,804,Overcast clouds,c04n,19
2026/7/17 19:45,0.07,28.1,34.1,90,26.3,992,2.8,142,4.2,16,99,-3,294.5,18,10,11,0,0,0,d,804,Overcast clouds,c04n,19
2026/7/17 20:00,0,28.1,34.1,90,26.3,992,2.8,140,4,16,99,-6.2,295.9,0,0,0,0,0,0,n,804,Overcast clouds,c04n,20
2026/7/17 20:15,0,28.1,34.1,90,26.3,992,2.7,139,4.2,16,99,-9.2,297.7,0,0,0,0,0,0,n,804,Overcast clouds,c04n,20
2026/7/17 20:30,0,28.1,34.1,90,26.3,993,2.6,138,4.4,10,99,-12.3,299.6,0,0,0,0,0,0,n,804,Overcast clouds,c04n,20
2026/7/17 20:45,0,28.1,34.1,90,26.3,993,2.5,137,4.6,10,99,-15.3,301.4,0,0,0,0,0.25,0,n,804,Overcast clouds,c04n,20
2026/7/17 21:00,0,28.1,34.1,90,26.3,993,2.4,136,4.8,10,99,-18.3,303.2,0,0,0,0,0.5,0,n,301,Drizzle,d02n,21
2026/7/17 21:15,0,28,34,91,26.4,993,2.5,136,4.8,11,98,-21,305.6,0,0,0,0,0.25,0,n,804,Overcast clouds,c04n,21
2026/7/17 21:30,0,28,33.9,92,26.5,993,2.6,136,4.8,13,98,-23.8,308,0,0,0,0,0,0,n,804,Overcast clouds,c04n,21
2026/7/17 21:45,0,27.9,33.9,93,26.6,993,2.7,136,4.8,13,97,-26.5,310.4,0,0,0,0,0.5,0,n,301,Drizzle,d02n,21
2026/7/17 22:00,0.01,27.8,33.8,94,26.7,993,2.8,136,4.8,14,96,-29.2,312.8,0,0,0,0,1,0,n,500,Light rain,r01n,22
2026/7/17 22:15,0.01,27.8,33.8,94,26.7,993,2.7,137,4.8,14,95,-31.5,316,0,0,0,0,2.25,0,n,500,Light rain,r01n,22
2026/7/17 22:30,0.01,27.8,33.6,93,26.6,994,2.6,138,4.8,10,94,-33.8,319.2,0,0,0,0,3.5,0,n,500,Light rain,r01n,22
2026/7/17 22:45,0.01,27.8,33.4,92,26.4,994,2.5,139,4.8,10,94,-36,322.4,0,0,0,0,2.75,0,n,500,Light rain,r01n,22
2026/7/17 23:00,0.01,27.8,33.4,92,26.4,994,2.4,140,4.8,10,93,-38.3,325.6,0,0,0,0,2,0,n,500,Light rain,r01n,23
2026/7/17 23:15,0,27.8,33.4,92,26.4,994,2.4,139,4.8,12,92,-39.9,329.8,0,0,0,0,1.5,0,n,500,Light rain,r01n,23
2026/7/17 23:30,0,27.8,33.4,92,26.4,994,2.4,138,4.8,10,90,-41.4,334,0,0,0,0,1,0,n,500,Light rain,r01n,23
2026/7/17 23:45,0,27.8,33.4,92,26.4,994,2.4,137,4.8,10,89,-42.9,338.2,0,0,0,0,0.75,0,n,301,Drizzle,d02n,23
2026/7/18 0:00,0,27.8,33.4,92,26.4,994,2.4,136,4.8,10,88,-44.5,342.4,0,0,0,0,0.5,0,n,301,Drizzle,d02n,0
2026/7/18 0:15,0,27.8,33.4,92,26.4,994,2.6,136,5,12,89,-44.9,257.3,0,0,0,0,0.25,0,n,804,Overcast clouds,c04n,0
2026/7/18 0:30,0,27.8,33.4,92,26.4,994,2.8,137,5.2,12,90,-45.4,172.3,0,0,0,0,0,0,n,804,Overcast clouds,c04n,0
2026/7/18 0:45,0,27.8,33.4,92,26.4,994,3,138,5.4,13,91,-45.9,87.2,0,0,0,0,0,0,n,804,Overcast clouds,c04n,0
2026/7/18 1:00,0,27.8,33.4,92,26.4,994,3.2,138,5.6,14,92,-46.3,2.2,0,0,0,0,0,0,n,804,Overcast clouds,c04n,1
2026/7/18 1:15,0,27.7,33.1,92,26.3,994,3.2,139,5.7,14,93,-45.6,7,0,0,0,0,0,0,n,804,Overcast clouds,c04n,1
2026/7/18 1:30,0,27.6,33,93,26.4,994,3.2,140,5.8,15,94,-44.9,11.9,0,0,0,0,0,0,n,804,Overcast clouds,c04n,1
2026/7/18 1:45,0,27.5,32.8,94,26.4,993,3.2,141,5.9,15,94,-44.2,16.7,0,0,0,0,0,0,n,804,Overcast clouds,c04n,1
2026/7/18 2:00,0,27.4,32.4,94,26.3,993,3.2,142,6,16,95,-43.5,21.6,0,0,0,0,0,0,n,804,Overcast clouds,c04n,2
2026/7/18 2:15,0,27.4,32.4,94,26.3,993,3.2,143,5.9,16,92,-41.7,25.6,0,0,0,0,0,0,n,804,Overcast clouds,c04n,2
2026/7/18 2:30,0,27.4,32.4,94,26.3,993,3.2,144,5.8,16,90,-40,29.6,0,0,0,0,0,0,n,804,Overcast clouds,c04n,2
2026/7/18 2:45,0,27.4,32.4,94,26.3,993,3.2,145,5.7,16,88,-38.3,33.6,0,0,0,0,0,0,n,804,Overcast clouds,c04n,2
2026/7/18 3:00,0,27.4,32.4,94,26.3,993,3.2,146,5.6,16,85,-36.6,37.6,0,0,0,0,0,0,n,804,Overcast clouds,c04n,3
2026/7/18 3:15,0,27.4,32.4,94,26.3,993,3.1,144,5.4,16,83,-34.2,40.6,0,0,0,0,0,0,n,804,Overcast clouds,c04n,3
2026/7/18 3:30,0,27.4,32.4,94,26.3,993,3,142,5.2,16,80,-31.8,43.6,0,0,0,0,0,0,n,804,Overcast clouds,c04n,3
2026/7/18 3:45,0,27.4,32.4,94,26.3,992,2.9,140,5,16,78,-29.4,46.6,0,0,0,0,0,0,n,804,Overcast clouds,c04n,3
2026/7/18 4:00,0,27.4,32.4,94,26.3,992,2.8,138,4.8,16,76,-27,49.6,0,0,0,0,0,0,n,804,Overcast clouds,c04n,4
2026/7/18 4:15,0,27.3,32.1,94,26.2,992,2.8,136,4.9,16,78,-24.2,51.8,0,0,0,0,0,0,n,804,Overcast clouds,c04n,4
2026/7/18 4:30,0,27.2,31.9,95,26.3,992,2.8,135,5,10,80,-21.4,54.1,0,0,0,0,0,0,n,804,Overcast clouds,c04n,4
2026/7/18 4:45,0,27.1,31.7,96,26.4,992,2.8,134,5.1,10,81,-18.6,56.3,0,0,0,0,0,0,n,804,Overcast clouds,c04n,4
2026/7/18 5:00,0,27,31.4,96,26.3,992,2.8,132,5.2,10,83,-15.8,58.6,0,0,0,0,0,0,n,804,Overcast clouds,c04n,5
2026/7/18 5:15,0,27.2,32,96,26.5,992,2.8,132,5.2,12,80,-12.7,60.3,0,0,0,0,0,0,n,804,Overcast clouds,c04n,5
2026/7/18 5:30,0,27.4,32.6,95,26.5,993,2.8,131,5.2,12,78,-9.7,62.1,0,0,0,0,0,0,n,804,Overcast clouds,c04n,5
2026/7/18 5:45,0,27.6,33.1,94,26.5,993,2.8,130,5.2,13,75,-6.6,63.8,0,0,0,0,0,0,n,804,Overcast clouds,c04n,5
2026/7/18 6:00,0,27.8,33.8,94,26.7,993,2.8,130,5.2,13,72,-3.5,65.5,0,0,0,0,0,0,n,804,Overcast clouds,c04n,6
2026/7/18 6:15,0.18,27.8,33.8,94,26.7,993,2.7,130,5.3,14,73,-0.3,66.9,28,12,17,0,0,0,d,804,Overcast clouds,c04n,6
2026/7/18 6:30,0.43,27.8,33.8,94,26.7,993,2.6,129,5.4,10,74,2.9,68.3,56,25,33,1,0,0,d,804,Overcast clouds,c04d,6
2026/7/18 6:45,1.16,27.8,33.8,94,26.7,993,2.5,128,5.5,10,74,6.1,69.7,84,37,50,1,0,0,d,804,Overcast clouds,c04d,6
2026/7/18 7:00,2.74,27.8,33.8,94,26.7,993,2.4,128,5.6,12,75,9.3,71.1,112,49,65,1,0,0,d,804,Overcast clouds,c04d,7
2026/7/18 7:15,5.94,28,34.4,94,26.9,993,2.3,132,5.9,12,77,12.6,72.2,168,57,92,1,0.25,0,d,804,Overcast clouds,c04d,7
2026/7/18 7:30,11.28,28.2,34.8,93,26.9,993,2.2,135,6.2,13,78,16,73.4,224,64,119,1.1,0.5,0,d,301,Drizzle,d02d,7
2026/7/18 7:45,19.18,28.3,35.2,92,26.9,993,2.1,138,6.5,13,80,19.3,74.5,280,72,139,1.1,0.25,0,d,804,Overcast clouds,c04d,7
2026/7/18 8:00,17.33,28.5,35.8,92,27.1,993,2,142,6.8,14,82,22.6,75.7,336,79,154,1.2,0,0,d,804,Overcast clouds,c04d,8
2026/7/18 8:15,36.37,28.6,36.2,92,27.2,993,2.2,148,7.1,14,85,26,76.7,393,84,156,1.3,0.75,0,d,301,Drizzle,d02d,8
2026/7/18 8:30,32.64,28.7,36.3,91,27.1,993,2.4,154,7.4,10,88,29.4,77.8,450,89,143,1.3,1.5,0,d,500,Light rain,r01d,8
2026/7/18 8:45,64.8,28.8,36.4,90,27,993,2.6,160,7.7,10,92,32.7,78.8,507,94,121,1.4,0.75,0,d,301,Drizzle,d02d,8
2026/7/18 9:00,96.6,28.9,36.7,90,27.1,993,2.8,166,8,10,95,36.1,79.9,564,98,185,1.5,0,0,d,804,Overcast clouds,c04d,9
2026/7/18 9:15,122.69,29.6,38.2,87,27.2,993,2.7,166,8,12,95,39.5,80.9,615,102,197,1.7,0,0,d,804,Overcast clouds,c04d,9
2026/7/18 9:30,84.42,30.2,39.5,84,27.2,994,2.6,166,8,12,96,43,81.8,666,105,190,1.8,0,0,d,804,Overcast clouds,c04d,9
2026/7/18 9:45,51.88,30.9,41.1,82,27.4,994,2.5,166,8,13,96,46.4,82.8,717,108,199,2.1,0,0,d,804,Overcast clouds,c04d,9
2026/7/18 10:00,109.29,31.5,42.2,79,27.4,994,2.4,166,8,13,96,49.8,83.8,768,111,208,2.3,0,0,d,804,Overcast clouds,c04d,10
2026/7/18 10:15,102.45,31.6,42.2,78,27.3,994,2.4,167,8.1,14,97,53.3,84.9,807,113,193,2.5,0,0,d,804,Overcast clouds,c04d,10
2026/7/18 10:30,120.46,31.7,41.7,76,26.9,994,2.4,168,8.2,15,98,56.7,86,846,115,176,2.6,0,0,d,804,Overcast clouds,c04d,10
2026/7/18 10:45,118.77,31.8,41.3,74,26.6,994,2.4,169,8.3,15,99,60.2,87.1,886,117,157,2.8,0.5,0,d,301,Drizzle,d02d,10
2026/7/18 11:00,110.27,31.9,41.2,73,26.4,994,2.4,170,8.4,16,100,63.6,88.2,925,120,134,2.9,1,0,d,500,Light rain,r01d,11
2026/7/18 11:15,81.06,31.9,41.2,73,26.4,994,2.5,170,8.4,16,100,67.1,89.9,949,121,120,3.1,1.25,0,d,500,Light rain,r01d,11
2026/7/18 11:30,122.27,31.9,41.2,73,26.4,994,2.6,169,8.4,16,100,70.5,91.6,973,122,119,3.3,1.5,0,d,500,Light rain,r01d,11
2026/7/18 11:45,12.94,31.9,41.2,73,26.4,994,2.7,168,8.4,16,100,74,93.3,998,123,117,3.4,1.75,0,d,500,Light rain,r01d,11
2026/7/18 12:00,3.96,31.9,41.2,73,26.4,993,2.8,168,8.4,16,100,77.5,95.1,1022,124,115,3.5,2,0,d,500,Light rain,r01d,12
2026/7/18 12:15,3.97,32,41.1,72,26.3,993,2.9,162,8.1,16,100,80,126.9,1029,125,114,3.6,2.25,0,d,500,Light rain,r01d,12
2026/7/18 12:30,4.02,32.1,41.3,72,26.4,993,3,157,7.8,10,99,82.6,158.7,1036,125,142,3.7,2.5,0,d,500,Light rain,r01d,12
2026/7/18 12:45,62.4,32.1,41.5,72,26.4,993,3.1,152,7.5,10,98,85.2,190.5,1043,125,185,3.9,1.5,0,d,500,Light rain,r01d,12
2026/7/18 13:00,0.02,32.2,41.4,71,26.3,993,3.2,146,7.2,10,98,87.8,222.3,1050,126,206,3.9,0.5,0,d,301,Drizzle,d02d,13
2026/7/18 13:15,0.03,32,41.2,72,26.3,993,3.3,147,7.5,12,98,84.4,233.4,1039,125,204,3.8,0.75,0,d,231,Thunderstorm with drizzle,t04d,13
2026/7/18 13:30,42.14,31.9,41.4,74,26.6,993,3.4,148,7.8,10,99,81.1,244.6,1028,125,171,3.7,1,0,d,200,Thunderstorm with light rain,t01d,13
2026/7/18 13:45,43.05,31.7,41.3,75,26.7,993,3.5,149,8.1,10,100,77.8,255.8,1017,124,138,3.5,0.75,0,d,231,Thunderstorm with drizzle,t04d,13
2026/7/18 14:00,62.14,31.5,41.1,76,26.7,992,3.6,150,8.4,10,100,74.5,267,1007,124,138,3.4,0.5,0,d,231,Thunderstorm with drizzle,t04d,14
2026/7/18 14:15,61.42,31.7,41.6,76,26.9,992,3.6,152,8.3,10,100,71,268.4,979,122,135,3.3,0.5,0,d,301,Drizzle,d02d,14
2026/7/18 14:30,18.03,31.9,41.8,75,26.9,992,3.6,155,8.2,10,99,67.6,269.9,951,121,162,3.2,0.5,0,d,301,Drizzle,d02d,14
2026/7/18 14:45,4.21,32,42,74,26.8,992,3.6,158,8.1,10,98,64.1,271.3,923,119,187,3.1,0.25,0,d,804,Overcast clouds,c04d,14
2026/7/18 15:00,3.97,32.2,42.6,74,27,992,3.6,160,8,10,98,60.7,272.8,896,118,183,2.9,0,0,d,804,Overcast clouds,c04d,15
2026/7/18 15:15,3.96,32.1,42.7,75,27.1,992,3.6,162,7.8,12,98,57.2,273.8,854,116,177,2.7,0,0,d,804,Overcast clouds,c04d,15
2026/7/18 15:30,3.98,32.1,42.9,76,27.3,992,3.6,165,7.6,10,99,53.8,274.9,811,113,146,2.4,0,0,d,804,Overcast clouds,c04d,15
2026/7/18 15:45,19.1,32,42.6,76,27.2,992,3.6,168,7.4,10,100,50.3,275.9,769,111,119,2.1,0,0,d,804,Overcast clouds,c04d,15
2026/7/18 16:00,0,31.9,42.8,77,27.4,992,3.6,170,7.2,10,100,46.9,277,727,109,116,1.9,0,0,d,804,Overcast clouds,c04d,16
2026/7/18 16:15,29.13,31.7,42.1,77,27.2,992,3.4,171,6.7,8,100,43.4,278,674,105,92,1.7,2,0,d,500,Light rain,r01d,16
2026/7/18 16:30,38.59,31.5,41.4,77,27,992,3.2,172,6.2,8,99,40,279,622,102,87,1.6,4,0,d,501,Moderate rain,r02d,16
2026/7/18 16:45,53.02,31.3,40.8,77,26.8,992,3,173,5.7,13,98,36.6,279.9,569,98,112,1.4,2.75,0,d,500,Light rain,r01d,16
2026/7/18 17:00,33.35,31.1,40.2,77,26.6,992,2.8,174,5.2,14,98,33.2,280.9,516,95,118,1.3,1.5,0,d,500,Light rain,r01d,17
2026/7/18 17:15,29.86,30.7,39.6,79,26.7,992,2.6,164,5.1,14,98,29.8,282,459,90,112,1.1,1.25,0,d,500,Light rain,r01d,17
2026/7/18 17:30,13.93,30.4,38.8,80,26.5,992,2.4,155,5,15,98,26.4,283.1,401,84,113,1,1,0,d,500,Light rain,r01d,17
2026/7/18 17:45,16.89,30,38.2,82,26.6,992,2.2,146,4.9,15,98,23.1,284.1,343,79,94,0.9,1.25,0,d,500,Light rain,r01d,17
2026/7/18 18:00,16.29,29.6,37.5,84,26.6,992,2,136,4.8,16,98,19.7,285.2,286,74,83,0.8,1.5,0,d,500,Light rain,r01d,18
2026/7/18 18:15,14.49,29.6,37.5,84,26.6,992,2,136,4.6,16,98,16.4,286.4,232,65,81,0.8,0.75,0,d,301,Drizzle,d02d,18
2026/7/18 18:30,12.22,29.6,37.5,84,26.6,992,2,135,4.4,10,99,13.1,287.6,178,57,64,0.7,0,0,d,804,Overcast clouds,c04d,18
2026/7/18 18:45,9.43,29.6,37.5,84,26.6,992,2,134,4.2,10,100,9.8,288.8,124,48,49,0.7,0,0,d,804,Overcast clouds,c04d,18
2026/7/18 19:00,6.33,29.6,37.5,84,26.6,992,2,134,4,10,100,6.5,290,70,39,39,0.6,0,0,d,804,Overcast clouds,c04d,19
2026/7/18 19:15,3.62,29.5,37.3,84,26.5,992,2.1,133,4,12,100,3.3,291.4,52,30,30,0.6,0,0,d,804,Overcast clouds,c04d,19
2026/7/18 19:30,0.69,29.5,37,84,26.5,992,2.2,132,4,13,99,0.1,292.9,35,20,21,0.6,0,0,d,804,Overcast clouds,c04n,19
2026/7/18 19:45,0.05,29.4,36.8,84,26.4,992,2.3,131,4,13,98,-3.1,294.3,17,10,11,0,0,0,d,804,Overcast clouds,c04n,19
2026/7/18 20:00,0.01,29.3,36.6,84,26.3,992,2.4,130,4,13,98,-6.3,295.8,0,0,0,0,0,0,n,804,Overcast clouds,c04n,20
2026/7/18 20:15,0,29.3,36.6,84,26.3,992,2.5,130,4.1,14,98,-9.3,297.6,0,0,0,0,0,0,n,804,Overcast clouds,c04n,20
2026/7/18 20:30,0,29.3,36.6,84,26.3,993,2.6,131,4.2,10,99,-12.3,299.4,0,0,0,0,0,0,n,804,Overcast clouds,c04n,20
2026/7/18 20:45,0,29.3,36.6,84,26.3,993,2.7,132,4.3,10,100,-15.3,301.2,0,0,0,0,0,0,n,804,Overcast clouds,c04n,20
2026/7/18 21:00,0,29.3,36.6,84,26.3,993,2.8,132,4.4,10,100,-18.4,303,0,0,0,0,0,0,n,804,Overcast clouds,c04n,21
2026/7/18 21:15,0,29.1,35.9,84,26.1,993,2.8,134,4.5,12,99,-21.1,305.4,0,0,0,0,0,0,n,804,Overcast clouds,c04n,21
2026/7/18 21:30,0,28.9,35.6,85,26.1,994,2.8,135,4.6,11,98,-23.8,307.8,0,0,0,0,0,0,n,804,Overcast clouds,c04n,21
2026/7/18 21:45,0,28.7,35.2,86,26.1,994,2.8,136,4.7,11,98,-26.6,310.2,0,0,0,0,0,0,n,804,Overcast clouds,c04n,21
2026/7/18 22:00,0,28.5,34.5,86,25.9,994,2.8,138,4.8,12,97,-29.3,312.6,0,0,0,0,0,0,n,804,Overcast clouds,c04n,22
2026/7/18 22:15,0,28.4,34.2,86,25.8,994,2.7,140,4.8,12,98,-31.6,315.8,0,0,0,0,0,0,n,804,Overcast clouds,c04n,22
2026/7/18 22:30,0,28.3,34.1,87,25.9,995,2.6,143,4.8,10,98,-33.9,319,0,0,0,0,0,0,n,804,Overcast clouds,c04n,22
2026/7/18 22:45,0,28.2,34,88,26,995,2.5,146,4.8,10,98,-36.2,322.2,0,0,0,0,0,0,n,804,Overcast clouds,c04n,22
2026/7/18 23:00,0,28.1,33.7,88,25.9,995,2.4,148,4.8,10,99,-38.5,325.4,0,0,0,0,0,0,n,804,Overcast clouds,c04n,23
2026/7/18 23:15,0,28.1,33.7,88,25.9,995,2.3,148,4.9,12,99,-40,329.6,0,0,0,0,0,0,n,804,Overcast clouds,c04n,23
2026/7/18 23:30,0,28.1,33.7,88,25.9,995,2.2,147,5,10,100,-41.5,333.9,0,0,0,0,0,0,n,804,Overcast clouds,c04n,23
2026/7/18 23:45,0,28.1,33.7,88,25.9,995,2.1,146,5.1,10,100,-43.1,338.1,0,0,0,0,0,0,n,804,Overcast clouds,c04n,23
2026/7/19 0:00,0,28.1,33.7,88,25.9,995,2,146,5.2,12,100,-44.6,342.3,0,0,0,0,0,0,n,804,Overcast clouds,c04n,0
2026/7/19 0:15,0,27.9,33.5,90,26.1,995,1.9,146,5.2,12,100,-45.1,257.3,0,0,0,0,0,0,n,804,Overcast clouds,c04n,0
2026/7/19 0:30,0,27.8,33.1,91,26.1,995,1.8,146,5.2,13,100,-45.6,172.2,0,0,0,0,0,0,n,804,Overcast clouds,c04n,0
2026/7/19 0:45,0,27.6,32.7,92,26.2,995,1.7,146,5.2,12,100,-46,87.2,0,0,0,0,0,0,n,804,Overcast clouds,c04n,0
2026/7/19 1:00,0,27.4,32.4,94,26.3,995,1.6,146,5.2,13,100,-46.5,2.2,0,0,0,0,0,0,n,804,Overcast clouds,c04n,1
2026/7/19 1:15,0,27.4,32.4,94,26.3,995,1.7,146,5.1,13,100,-45.8,7,0,0,0,0,0,0,n,804,Overcast clouds,c04n,1
2026/7/19 1:30,0,27.4,32.4,94,26.3,995,1.8,146,5,15,100,-45.1,11.9,0,0,0,0,0,0,n,804,Overcast clouds,c04n,1
2026/7/19 1:45,0,27.4,32.4,94,26.3,994,1.9,146,4.9,15,99,-44.4,16.8,0,0,0,0,0,0,n,804,Overcast clouds,c04n,1
2026/7/19 2:00,0,27.4,32.4,94,26.3,994,2,146,4.8,15,99,-43.6,21.7,0,0,0,0,0,0,n,804,Overcast clouds,c04n,2
2026/7/19 2:15,0,27.4,32.4,94,26.3,994,2,142,4.6,16,99,-41.9,25.7,0,0,0,0,0,0,n,804,Overcast clouds,c04n,2
2026/7/19 2:30,0.01,27.4,32.3,93,26.2,994,2,137,4.4,10,99,-40.2,29.7,0,0,0,0,0,0,n,804,Overcast clouds,c04n,2
2026/7/19 2:45,0,27.4,32.2,92,26,994,2,132,4.2,10,99,-38.5,33.7,0,0,0,0,0,0,n,804,Overcast clouds,c04n,2
2026/7/19 3:00,0,27.4,32.2,92,26,994,2,128,4,12,99,-36.7,37.7,0,0,0,0,0,0,n,804,Overcast clouds,c04n,3
2026/7/19 3:15,0,27.3,31.9,92,25.9,994,2.1,128,4.3,12,99,-34.3,40.7,0,0,0,0,0,0,n,804,Overcast clouds,c04n,3
2026/7/19 3:30,0.01,27.2,31.7,93,26,994,2.2,128,4.6,13,100,-31.9,43.7,0,0,0,0,0,0,n,804,Overcast clouds,c04n,3
2026/7/19 3:45,0,27.1,31.5,94,26,993,2.3,128,4.9,13,100,-29.5,46.7,0,0,0,0,0,0,n,804,Overcast clouds,c04n,3
2026/7/19 4:00,0.01,27,31.2,94,25.9,993,2.4,128,5.2,14,100,-27.1,49.7,0,0,0,0,0,0,n,804,Overcast clouds,c04n,4
2026/7/19 4:15,0,27,31.2,94,25.9,993,2.4,130,5.2,14,100,-24.3,52,0,0,0,0,0,0,n,804,Overcast clouds,c04n,4
2026/7/19 4:30,0.01,27,31.2,94,25.9,993,2.4,131,5.2,15,100,-21.5,54.2,0,0,0,0,0,0,n,804,Overcast clouds,c04n,4
2026/7/19 4:45,0,27,31.2,94,25.9,993,2.4,132,5.2,15,99,-18.7,56.5,0,0,0,0,0,0,n,804,Overcast clouds,c04n,4
2026/7/19 5:00,0,27,31.2,94,25.9,993,2.4,134,5.2,15,99,-15.9,58.7,0,0,0,0,0,0,n,804,Overcast clouds,c04n,5
2026/7/19 5:15,0.01,27.1,31.5,94,26,993,2.3,132,5,16,99,-12.8,60.5,0,0,0,0,0,0,n,804,Overcast clouds,c04n,5
2026/7/19 5:30,0,27.2,31.9,95,26.3,994,2.2,129,4.8,16,100,-9.8,62.2,0,0,0,0,0,0,n,804,Overcast clouds,c04n,5
2026/7/19 5:45,0,27.3,32.4,96,26.6,994,2.1,126,4.6,16,100,-6.7,63.9,0,0,0,0,0,0,n,804,Overcast clouds,c04n,5
2026/7/19 6:00,0,27.4,32.7,96,26.7,994,2,124,4.4,16,100,-3.6,65.7,0,0,0,0,0,0,n,804,Overcast clouds,c04n,6
2026/7/19 6:15,0.2,27.4,32.7,96,26.7,994,2,122,4.4,16,100,-0.4,67,28,12,12,0,0,0,d,804,Overcast clouds,c04n,6
2026/7/19 6:30,1.76,27.4,32.7,96,26.7,994,2,119,4.4,16,100,2.8,68.4,56,24,24,0.6,0,0,d,804,Overcast clouds,c04d,6
2026/7/19 6:45,7.39,27.4,32.7,96,26.7,994,2,116,4.4,16,99,6,69.8,83,37,40,0.7,0,0,d,804,Overcast clouds,c04d,6
2026/7/19 7:00,12.65,27.4,32.7,96,26.7,994,2,114,4.4,16,99,9.2,71.2,111,49,53,0.7,0,0,d,804,Overcast clouds,c04d,7
2026/7/19 7:15,8.3,27.6,33.2,95,26.7,994,2.1,116,4.5,16,99,12.6,72.4,167,56,62,0.7,0,0,d,804,Overcast clouds,c04d,7
2026/7/19 7:30,14.93,27.8,33.6,94,26.7,994,2.2,118,4.6,16,100,15.9,73.6,223,64,66,0.7,0,0,d,804,Overcast clouds,c04d,7
2026/7/19 7:45,17.96,27.9,34,93,26.7,994,2.3,120,4.7,16,100,19.2,74.7,279,72,75,0.8,0,0,d,804,Overcast clouds,c04d,7
2026/7/19 8:00,25.69,28.1,34.4,92,26.7,994,2.4,122,4.8,16,100,22.5,75.9,335,79,83,0.8,0,0,d,804,Overcast clouds,c04d,8
2026/7/19 8:15,23.71,28.1,34.4,92,26.7,994,2.4,124,5,16,100,25.9,76.9,392,84,88,0.9,0,0,d,804,Overcast clouds,c04d,8
2026/7/19 8:30,28.98,28.1,34.6,93,26.9,994,2.4,125,5.2,16,100,29.3,78,449,89,94,1,0,0,d,804,Overcast clouds,c04d,8
2026/7/19 8:45,45.17,28.1,34.8,94,27,994,2.4,126,5.4,16,99,32.7,79,506,94,115,1.2,0,0,d,804,Overcast clouds,c04d,8
2026/7/19 9:00,43.26,28.1,34.8,94,27,994,2.4,128,5.6,16,99,36.1,80.1,564,98,121,1.4,0,0,d,804,Overcast clouds,c04d,9
2026/7/19 9:15,49,28.8,36.4,91,27.1,994,2.4,129,5.8,16,99,39.5,81.1,614,102,127,1.5,0,0,d,804,Overcast clouds,c04d,9
2026/7/19 9:30,48.9,29.4,37.9,88,27.2,994,2.4,130,6,16,99,42.9,82.1,665,105,132,1.7,0,0,d,804,Overcast clouds,c04d,9
2026/7/19 9:45,0.03,30.1,39.3,85,27.2,994,2.4,131,6.2,16,99,46.3,83.1,716,108,137,1.9,0.5,0,d,301,Drizzle,d02d,9
2026/7/19 10:00,84.88,30.7,40.6,82,27.3,994,2.4,132,6.4,16,99,49.8,84.1,767,111,142,2.1,1,0,d,500,Light rain,r01d,10
2026/7/19 10:15,91.5,30.8,40.9,82,27.4,994,2.4,132,6.5,16,99,53.2,85.2,806,113,112,2.3,3,0,d,500,Light rain,r01d,10
2026/7/19 10:30,108.16,30.9,41.2,82,27.5,994,2.4,132,6.6,10,98,56.7,86.3,846,115,116,2.6,5,0,d,501,Moderate rain,r02d,10
2026/7/19 10:45,120.09,31,42,83,27.8,994,2.4,132,6.7,10,98,60.1,87.4,885,117,125,2.8,4.5,0,d,501,Moderate rain,r02d,10
2026/7/19 11:00,129.26,31.1,42.3,83,27.9,994,2.4,132,6.8,12,98,63.6,88.5,925,120,135,3.1,4,0,d,501,Moderate rain,r02d,11
2026/7/19 11:15,122.33,31.2,42.3,82,27.8,994,2.4,134,6.9,12,98,67,90.4,949,121,149,3.2,3,0,d,500,Light rain,r01d,11
2026/7/19 11:30,126.85,31.3,42.3,81,27.6,994,2.4,135,7,13,98,70.5,92.2,973,122,165,3.4,2,0,d,500,Light rain,r01d,11
2026/7/19 11:45,120,31.4,42.2,80,27.5,994,2.4,136,7.1,13,99,74,94,998,123,148,3.5,1.25,0,d,500,Light rain,r01d,11
2026/7/19 12:00,151.84,31.5,42.2,79,27.4,994,2.4,138,7.2,14,99,77.4,95.9,1022,124,166,3.6,0.5,0,d,301,Drizzle,d02d,12
2026/7/19 12:15,120.68,31.6,42.2,78,27.3,994,2.5,142,7.1,14,99,80,126.7,1029,125,168,3.7,0.25,0,d,804,Overcast clouds,c04d,12
2026/7/19 12:30,51.33,31.7,42.5,78,27.4,994,2.6,147,7,11,99,82.5,157.5,1036,125,167,3.7,0,0,d,804,Overcast clouds,c04d,12
2026/7/19 12:45,3.87,31.8,42.4,77,27.3,994,2.7,152,6.9,15,99,85.1,188.3,1043,125,168,3.8,0,0,d,804,Overcast clouds,c04d,12
2026/7/19 13:00,3.96,31.9,42.4,76,27.1,993,2.8,156,6.8,16,99,87.6,219.1,1050,126,170,3.8,0,0,d,804,Overcast clouds,c04d,13
2026/7/19 13:15,93.12,31.6,41.8,77,27.1,993,2.9,154,6.9,16,99,84.3,230.9,1039,125,169,3.8,0,0,d,804,Overcast clouds,c04d,13
2026/7/19 13:30,66.66,31.3,41.2,78,27,993,3,152,7,10,100,81.1,242.7,1028,125,138,3.6,0,0,d,804,Overcast clouds,c04d,13
2026/7/19 13:45,55.21,31,40.9,80,27.1,993,3.1,150,7.1,10,100,77.8,254.5,1018,124,136,3.5,0.25,0,d,804,Overcast clouds,c04d,13
2026/7/19 14:00,4.41,30.7,40.2,81,27.1,993,3.2,148,7.2,10,100,74.5,266.3,1007,124,136,3.4,0.5,0,d,301,Drizzle,d02d,14
2026/7/19 14:15,89.32,30.4,39.4,82,26.9,993,3.2,150,6.9,12,100,71,267.8,979,122,135,3.3,0.5,0,d,301,Drizzle,d02d,14
2026/7/19 14:30,58.36,30,38.8,84,27,993,3.2,153,6.6,12,100,67.6,269.4,951,121,133,3.1,0.5,0,d,301,Drizzle,d02d,14
2026/7/19 14:45,50.88,29.7,38,85,26.9,992,3.2,156,6.3,13,100,64.1,270.9,923,119,131,2.9,0.5,0,d,301,Drizzle,d02d,14
2026/7/19 15:00,23.88,29.3,37.1,86,26.7,992,3.2,158,6,13,100,60.6,272.4,896,118,130,2.8,0.5,0,d,231,Thunderstorm with drizzle,t04d,15
2026/7/19 15:15,8.58,29.1,36.4,86,26.5,992,3.1,164,5.8,14,100,57.2,273.5,854,116,128,2.5,0.25,0,d,804,Overcast clouds,c04d,15
2026/7/19 15:30,16.43,28.9,36,87,26.5,992,3,169,5.6,15,100,53.7,274.6,811,113,125,2.3,0,0,d,804,Overcast clouds,c04d,15
2026/7/19 15:45,3.81,28.7,35.6,88,26.5,992,2.9,174,5.4,15,100,50.3,275.6,769,111,122,2.1,0.25,0,d,804,Overcast clouds,c04d,15
2026/7/19 16:00,4.53,28.5,35,88,26.3,992,2.8,180,5.2,16,100,46.8,276.7,727,109,120,1.9,0.5,0,d,231,Thunderstorm with drizzle,t04d,16
2026/7/19 16:15,6.94,28.5,35,88,26.3,992,2.6,186,5,16,100,43.4,277.7,674,105,115,1.7,0.5,0,d,231,Thunderstorm with drizzle,t04d,16
2026/7/19 16:30,8.11,28.5,35,88,26.3,992,2.4,191,4.8,10,100,40,278.7,621,102,111,1.5,0.5,0,d,231,Thunderstorm with drizzle,t04d,16
2026/7/19 16:45,5.58,28.5,35,88,26.3,992,2.2,196,4.6,10,100,36.6,279.7,569,98,106,1.4,0.5,0,d,231,Thunderstorm with drizzle,t04d,16
2026/7/19 17:00,7.12,28.5,35,88,26.3,992,2,202,4.4,10,100,33.2,280.7,516,95,102,1.2,0.5,0,d,231,Thunderstorm with drizzle,t04d,17
2026/7/19 17:15,6.07,28.3,34.6,89,26.3,992,1.8,223,3.9,10,100,29.8,281.8,458,90,96,1.1,0.25,0,d,804,Overcast clouds,c04d,17
2026/7/19 17:30,5.2,28.2,34.2,90,26.4,993,1.6,244,3.4,10,100,26.4,282.8,400,84,89,0.9,0,0,d,804,Overcast clouds,c04d,17
2026/7/19 17:45,5.1,28,33.8,91,26.4,993,1.4,265,2.9,13,100,23,283.9,343,79,83,0.9,0.25,0,d,804,Overcast clouds,c04d,17
2026/7/19 18:00,4.79,27.8,33.4,92,26.4,993,1.2,286,2.4,13,100,19.7,285,285,74,77,0.8,0.5,0,d,301,Drizzle,d02d,18
2026/7/19 18:15,5.02,27.8,33.4,92,26.4,993,1,279,2.3,14,100,16.3,286.2,231,65,68,0.7,0.5,0,d,301,Drizzle,d02d,18
2026/7/19 18:30,3.89,27.8,33.4,92,26.4,993,0.8,272,2.2,15,100,13,287.4,177,57,59,0.7,0.5,0,d,301,Drizzle,d02d,18
2026/7/19 18:45,2.77,27.8,33.4,92,26.4,993,0.6,265,2.1,15,100,9.7,288.6,123,48,49,0.7,0.5,0,d,301,Drizzle,d02d,18
2026/7/19 19:00,1.77,27.8,33.4,92,26.4,993,0.4,258,2,16,100,6.4,289.8,69,39,39,0.6,0.5,0,d,301,Drizzle,d02d,19
2026/7/19 19:15,1.12,27.7,33.1,92,26.3,993,0.4,226,1.9,16,100,3.2,291.2,52,29,29,0.6,0.25,0,d,804,Overcast clouds,c04d,19
2026/7/19 19:30,0.18,27.6,33,93,26.4,994,0.4,193,1.8,10,100,0,292.7,35,20,20,0.6,0,0,d,804,Overcast clouds,c04n,19
2026/7/19 19:45,0.01,27.5,32.8,94,26.4,994,0.4,160,1.7,10,100,-3.2,294.1,17,10,10,0,0,0,d,804,Overcast clouds,c04n,19
2026/7/19 20:00,0,27.4,32.4,94,26.3,994,0.4,128,1.6,10,100,-6.4,295.6,0,0,0,0,0,0,n,804,Overcast clouds,c04n,20
2026/7/19 20:15,0,27.5,32.8,94,26.4,994,0.4,124,1.6,12,100,-9.4,297.4,0,0,0,0,0,0,n,804,Overcast clouds,c04n,20
2026/7/19 20:30,0,27.6,33,93,26.4,994,0.4,120,1.6,13,100,-12.4,299.2,0,0,0,0,0,0,n,804,Overcast clouds,c04n,20
2026/7/19 20:45,0,27.7,33.1,92,26.3,994,0.4,116,1.6,13,100,-15.4,301,0,0,0,0,0,0,n,804,Overcast clouds,c04n,20
2026/7/19 21:00,0,27.8,33.4,92,26.4,994,0.4,112,1.6,13,100,-18.5,302.9,0,0,0,0,0,0,n,804,Overcast clouds,c04n,21
2026/7/19 21:15,0,27.6,33,93,26.4,994,0.4,97,1.6,14,100,-21.2,305.3,0,0,0,0,0,0,n,804,Overcast clouds,c04n,21
2026/7/19 21:30,0,27.4,32.4,94,26.3,995,0.4,82,1.6,10,100,-23.9,307.6,0,0,0,0,0,0,n,804,Overcast clouds,c04n,21
2026/7/19 21:45,0,27.2,31.9,95,26.3,995,0.4,67,1.6,10,100,-26.7,310,0,0,0,0,0,0,n,804,Overcast clouds,c04n,21
2026/7/19 22:00,0,27,31.4,96,26.3,995,0.4,52,1.6,12,100,-29.4,312.4,0,0,0,0,0,0,n,804,Overcast clouds,c04n,22
2026/7/19 22:15,0,26.9,31.1,96,26.2,995,0.4,118,1.6,12,100,-31.7,315.6,0,0,0,0,0,0,n,804,Overcast clouds,c04n,22
2026/7/19 22:30,0,26.9,31,97,26.3,995,0.4,185,1.6,10,100,-34,318.9,0,0,0,0,0,0,n,741,Fog,a05n,22
2026/7/19 22:45,0,26.8,30.8,98,26.4,995,0.4,252,1.6,10,100,-36.3,322.1,0,0,0,0,0,0,n,741,Fog,a05n,22
2026/7/19 23:00,0,26.7,30.6,98,26.4,995,0.4,318,1.6,10,100,-38.6,325.3,0,0,0,0,0,0,n,741,Fog,a05n,23
2026/7/19 23:15,0,26.7,30.6,98,26.4,995,0.4,240,1.6,10,100,-40.1,329.5,0,0,0,0,0.25,0,n,741,Fog,a05n,23
2026/7/19 23:30,0,26.7,30.6,98,26.4,995,0.4,162,1.6,10,100,-41.7,333.7,0,0,0,0,0.5,0,n,301,Drizzle,d02n,23
2026/7/19 23:45,0,26.7,30.6,98,26.4,995,0.4,84,1.6,10,100,-43.2,338,0,0,0,0,0.5,0,n,301,Drizzle,d02n,23
2026/7/20 0:00,0,26.7,30.6,98,26.4,995,0.4,6,1.6,10,100,-44.8,342.2,0,0,0,0,0.5,0,n,301,Drizzle,d02n,0
2026/7/20 0:15,0,26.6,27.9,98,26.3,995,0.4,18,1.5,12,100,-45.3,257.2,0,0,0,0,0.5,0,n,301,Drizzle,d02n,0
2026/7/20 0:30,0,26.5,27.8,98,26.2,995,0.4,30,1.4,12,100,-45.7,172.2,0,0,0,0,0.5,0,n,301,Drizzle,d02n,0
2026/7/20 0:45,0,26.4,27.7,98,26.1,995,0.4,42,1.3,13,100,-46.2,87.2,0,0,0,0,0.25,0,n,741,Fog,a05n,0
2026/7/20 1:00,0,26.3,27.5,98,26,995,0.4,54,1.2,14,100,-46.7,2.2,0,0,0,0,0,0,n,741,Fog,a05n,1
2026/7/20 1:15,0,26.3,27.5,98,26,995,0.4,46,1.2,14,100,-46,7.1,0,0,0,0,0.25,0,n,741,Fog,a05n,1
2026/7/20 1:30,0,26.3,27.5,98,26,995,0.4,37,1.2,10,100,-45.3,11.9,0,0,0,0,0.5,0,n,301,Drizzle,d02n,1
2026/7/20 1:45,0,26.3,27.5,98,26,994,0.4,28,1.2,10,100,-44.5,16.8,0,0,0,0,0.25,0,n,741,Fog,a05n,1
2026/7/20 2:00,0,26.3,27.5,98,26,994,0.4,20,1.2,10,100,-43.8,21.7,0,0,0,0,0,0,n,741,Fog,a05n,2
2026/7/20 2:15,0,26.3,27.5,98,26,994,0.4,37,1.7,12,100,-42.1,25.7,0,0,0,0,0,0,n,741,Fog,a05n,2
2026/7/20 2:30,0,26.3,27.5,98,26,994,0.4,54,2.2,10,100,-40.4,29.8,0,0,0,0,0,0,n,741,Fog,a05n,2
2026/7/20 2:45,0,26.3,27.5,98,26,994,0.4,71,2.7,10,100,-38.6,33.8,0,0,0,0,0,0,n,741,Fog,a05n,2
2026/7/20 3:00,0,26.3,27.5,98,26,994,0.4,88,3.2,10,100,-36.9,37.8,0,0,0,0,0,0,n,741,Fog,a05n,3
2026/7/20 3:15,0,26.2,27.4,98,25.9,994,0.5,102,3.4,12,100,-34.5,40.8,0,0,0,0,0,0,n,741,Fog,a05n,3
2026/7/20 3:30,0,26.1,27.3,98,25.8,994,0.6,117,3.6,13,100,-32.1,43.8,0,0,0,0,0,0,n,741,Fog,a05n,3
2026/7/20 3:45,0,26,27.2,98,25.7,994,0.7,132,3.8,13,100,-29.7,46.9,0,0,0,0,0,0,n,741,Fog,a05n,3
2026/7/20 4:00,0,25.9,27.1,98,25.6,994,0.8,146,4,13,100,-27.3,49.9,0,0,0,0,0,0,n,741,Fog,a05n,4
2026/7/20 4:15,0,25.9,27.1,98,25.6,994,0.8,146,3.5,14,100,-24.5,52.1,0,0,0,0,0,0,n,741,Fog,a05n,4
2026/7/20 4:30,0,25.9,27.1,98,25.6,994,0.8,146,3,15,100,-21.6,54.4,0,0,0,0,0,0,n,741,Fog,a05n,4
2026/7/20 4:45,0,25.9,27.1,98,25.6,993,0.8,146,2.5,15,100,-18.8,56.6,0,0,0,0,0,0,n,741,Fog,a05n,4
2026/7/20 5:00,0,25.9,27.1,98,25.6,993,0.8,146,2,16,100,-16,58.9,0,0,0,0,0,0,n,741,Fog,a05n,5
2026/7/20 5:15,0,25.9,27.1,98,25.6,993,0.9,130,2.2,16,100,-12.9,60.6,0,0,0,0,0,0,n,741,Fog,a05n,5
2026/7/20 5:30,0,25.9,27.1,98,25.6,994,1,114,2.4,10,100,-9.9,62.4,0,0,0,0,0,0,n,741,Fog,a05n,5
2026/7/20 5:45,0,25.9,27.1,98,25.6,994,1.1,98,2.6,10,100,-6.8,64.1,0,0,0,0,0,0,n,741,Fog,a05n,5
2026/7/20 6:00,0,25.9,27.1,98,25.6,994,1.2,82,2.8,10,100,-3.7,65.8,0,0,0,0,0,0,n,741,Fog,a05n,6
2026/7/20 6:15,0.17,25.9,27.1,98,25.6,994,1.2,86,3.1,12,100,-0.5,67.2,27,12,12,0,0,0,d,741,Fog,a05n,6
2026/7/20 6:30,2,25.9,27.1,98,25.6,994,1.2,90,3.4,10,100,2.7,68.6,55,24,25,0.6,0,0,d,741,Fog,a05d,6
2026/7/20 6:45,2.66,25.9,27.1,98,25.6,994,1.2,94,3.7,10,100,5.9,70,82,36,37,0.6,0,0,d,741,Fog,a05d,6
2026/7/20 7:00,5.59,25.9,27.1,98,25.6,994,1.2,98,4,10,100,9.2,71.4,110,49,50,0.6,0,0,d,741,Fog,a05d,7
2026/7/20 7:15,12.45,25.9,27.1,98,25.6,994,1.3,101,4.1,12,100,12.5,72.6,166,56,58,0.7,0,0,d,741,Fog,a05d,7
2026/7/20 7:30,9.63,25.9,27.1,98,25.6,995,1.4,104,4.2,12,100,15.8,73.7,222,64,67,0.7,0,0,d,741,Fog,a05d,7
2026/7/20 7:45,13.19,25.9,27.1,98,25.6,995,1.5,107,4.3,6,100,19.1,74.9,278,72,76,0.8,0,0,d,741,Fog,a05d,7
2026/7/20 8:00,15.63,25.9,27.1,98,25.6,995,1.6,110,4.4,6,100,22.5,76.1,334,79,84,0.8,0,0,d,741,Fog,a05d,8
2026/7/20 8:15,17.12,25.9,27.1,98,25.6,995,1.5,114,4.3,6,100,25.8,77.1,391,84,91,0.9,0,0,d,741,Fog,a05d,8
2026/7/20 8:30,41.49,25.9,27.1,98,25.6,995,1.4,118,4.2,10,100,29.2,78.2,448,89,97,1,0,0,d,741,Fog,a05d,8
2026/7/20 8:45,58.06,25.9,27.1,98,25.6,995,1.3,122,4.1,10,100,32.6,79.2,505,94,103,1.2,0.5,0,d,301,Drizzle,d02d,8
2026/7/20 9:00,67.49,25.9,27.1,98,25.6,995,1.2,126,4,12,100,36,80.3,563,98,108,1.3,1,0,d,500,Light rain,r01d,9
2026/7/20 9:15,66.14,26.4,27.6,96,25.7,995,1.2,134,4.1,12,100,39.4,81.3,614,102,113,1.5,1,0,d,500,Light rain,r01d,9
2026/7/20 9:30,65.39,26.9,30.7,94,25.8,995,1.2,143,4.2,13,100,42.9,82.3,665,105,116,1.7,1,0,d,500,Light rain,r01d,9
2026/7/20 9:45,60.08,27.3,31.9,92,25.9,995,1.2,152,4.3,13,100,46.3,83.4,716,108,120,1.9,0.75,0,d,301,Drizzle,d02d,9
2026/7/20 10:00,57.92,27.8,33.1,90,26,995,1.2,160,4.4,14,100,49.7,84.4,767,111,124,2.1,0.5,0,d,301,Drizzle,d02d,10
2026/7/20 10:15,63.29,27.9,33.4,90,26.1,995,1.2,164,4.5,14,100,53.2,85.5,806,113,126,2.3,0.75,0,d,301,Drizzle,d02d,10
2026/7/20 10:30,78.81,28,33.6,90,26.2,995,1.2,168,4.6,10,100,56.6,86.7,845,115,129,2.5,1,0,d,500,Light rain,r01d,10
2026/7/20 10:45,73.1,28,33.8,90,26.2,995,1.2,172,4.7,10,100,60.1,87.8,885,117,131,2.7,1,0,d,500,Light rain,r01d,10
2026/7/20 11:00,80.13,28.1,34.1,90,26.3,995,1.2,176,4.8,10,100,63.5,89,924,120,134,2.9,1,0,d,500,Light rain,r01d,11
2026/7/20 11:15,98.7,28.1,34.1,90,26.3,995,1.2,186,4.9,12,100,67,90.9,949,121,136,3.1,0.75,0,d,301,Drizzle,d02d,11
2026/7/20 11:30,62.92,28.1,34.3,91,26.5,995,1.2,196,5,10,100,70.5,92.8,973,122,136,3.3,0.5,0,d,301,Drizzle,d02d,11
2026/7/20 11:45,4.01,28.1,34.4,92,26.7,995,1.2,206,5.1,10,100,73.9,94.8,997,123,137,3.4,0.5,0,d,301,Drizzle,d02d,11
2026/7/20 12:00,4.01,28.1,34.4,92,26.7,995,1.2,216,5.2,12,100,77.4,96.7,1022,124,138,3.5,0.5,0,d,301,Drizzle,d02d,12
2026/7/20 12:15,3.98,28.3,34.9,91,26.7,995,1.2,220,5.2,12,99,79.9,126.6,1029,125,155,3.7,1.25,0,d,500,Light rain,r01d,12
2026/7/20 12:30,86.33,28.5,35.4,90,26.7,995,1.2,225,5.2,9,98,82.4,156.4,1036,125,176,3.8,2,0,d,500,Light rain,r01d,12
2026/7/20 12:45,60.12,28.7,35.8,89,26.7,995,1.2,230,5.2,13,98,85,186.3,1043,125,183,3.9,1.5,0,d,500,Light rain,r01d,12
2026/7/20 13:00,32.82,28.9,36.3,88,26.7,995,1.2,234,5.2,14,97,87.5,216.2,1050,126,234,4,1,0,d,500,Light rain,r01d,13
2026/7/20 13:15,93.09,29.1,36.8,88,26.9,995,1.3,240,5.4,14,98,84.2,228.5,1039,125,185,3.8,1.25,0,d,500,Light rain,r01d,13
2026/7/20 13:30,72.36,29.3,37.2,87,26.9,994,1.4,246,5.6,12,98,81,240.9,1028,125,181,3.8,1.5,0,d,500,Light rain,r01d,13
2026/7/20 13:45,15.03,29.4,37.5,86,26.8,994,1.5,252,5.8,12,99,77.7,253.2,1018,124,153,3.6,1.25,0,d,500,Light rain,r01d,13
2026/7/20 14:00,3.93,29.6,38.1,86,27,993,1.6,258,6,12,100,74.5,265.6,1007,124,137,3.4,1,0,d,500,Light rain,r01d,14
2026/7/20 14:15,3.9,29.7,38.4,86,27.1,993,1.6,262,5.6,12,100,71,267.2,979,122,134,3.3,1,0,d,500,Light rain,r01d,14
2026/7/20 14:30,3.92,29.8,38.8,86,27.2,993,1.6,267,5.2,10,100,67.5,268.8,951,121,132,3.1,1,0,d,500,Light rain,r01d,14
2026/7/20 14:45,4,29.9,39.1,86,27.3,993,1.6,272,4.8,10,100,64.1,270.4,923,119,114,2.9,1.25,0,d,500,Light rain,r01d,14
2026/7/20 15:00,38.14,30,39.4,86,27.4,993,1.6,276,4.4,10,100,60.6,272.1,896,118,109,2.8,1.5,0,d,200,Thunderstorm with light rain,t01d,15
2026/7/20 15:15,27.05,30,39.4,86,27.4,993,1.8,269,4.4,10,100,57.2,273.1,853,116,107,2.5,1.5,0,d,200,Thunderstorm with light rain,t01d,15
2026/7/20 15:30,10.19,30,39.1,85,27.2,993,2,262,4.4,6,100,53.7,274.2,811,113,105,2.3,1.5,0,d,200,Thunderstorm with light rain,t01d,15
2026/7/20 15:45,5.05,30,38.8,84,27,993,2.2,255,4.4,6,100,50.3,275.3,769,111,120,2.1,1,0,d,500,Light rain,r01d,15
2026/7/20 16:00,3.91,30,38.8,84,27,993,2.4,248,4.4,5,100,46.8,276.4,727,109,118,1.9,0.5,0,d,301,Drizzle,d02d,16
2026/7/20 16:15,56.92,29.8,38.3,84,26.8,993,2.1,236,4.2,5,100,43.4,277.4,674,105,92,1.7,2,0,d,500,Light rain,r01d,16
2026/7/20 16:30,51.68,29.7,37.7,84,26.7,993,1.8,224,4,10,100,40,278.5,621,102,81,1.5,3.5,0,d,500,Light rain,r01d,16
2026/7/20 16:45,37.93,29.5,37.1,84,26.5,993,1.5,212,3.8,10,100,36.5,279.5,568,98,78,1.4,3.5,0,d,200,Thunderstorm with light rain,t01d,16
2026/7/20 17:00,35.27,29.3,36.6,84,26.3,993,1.2,200,3.6,10,100,33.1,280.5,515,95,76,1.2,3.5,0,d,200,Thunderstorm with light rain,t01d,17
2026/7/20 17:15,23.32,28.5,34.6,87,26.1,993,1.2,188,3.5,12,100,29.7,281.6,458,90,71,1.1,3.75,0,d,200,Thunderstorm with light rain,t01d,17
2026/7/20 17:30,12.84,27.6,32.5,90,25.8,993,1.2,176,3.4,2,100,26.4,282.6,400,84,65,0.9,4,0,d,201,Thunderstorm with rain,t02d,17
2026/7/20 17:45,4.16,26.8,30.3,93,25.5,993,1.2,164,3.3,2,100,23,283.7,342,79,62,0.9,3.75,0,d,200,Thunderstorm with light rain,t01d,17
2026/7/20 18:00,3.64,25.9,27.1,96,25.2,993,1.2,152,3.2,2,100,19.6,284.8,284,74,59,0.8,3.5,0,d,200,Thunderstorm with light rain,t01d,18
2026/7/20 18:15,2.71,25.9,27.1,96,25.2,993,1.3,149,3.3,8,100,16.3,286,230,65,52,0.7,3.5,0,d,200,Thunderstorm with light rain,t01d,18
2026/7/20 18:30,1.51,25.9,27,95,25,994,1.4,146,3.4,9,100,13,287.2,176,56,45,0.7,3.5,0,d,200,Thunderstorm with light rain,t01d,18
2026/7/20 18:45,1.06,25.9,27,94,24.9,994,1.5,143,3.5,10,100,9.7,288.4,122,48,39,0.7,3.25,0,d,500,Light rain,r01d,18
2026/7/20 19:00,0.84,25.9,27,94,24.9,994,1.6,140,3.6,11,100,6.4,289.6,68,39,32,0.6,3,0,d,500,Light rain,r01d,19
2026/7/20 19:15,0.29,26,27.1,94,25,994,1.7,143,3.4,12,100,3.2,291.1,51,29,24,0.6,2.75,0,d,200,Thunderstorm with light rain,t01d,19
2026/7/20 19:30,0.06,26.1,27.2,94,25.1,994,1.8,146,3.2,10,100,0,292.5,34,19,16,0.6,2.5,0,d,200,Thunderstorm with light rain,t01n,19
2026/7/20 19:45,0,26.2,27.3,94,25.2,994,1.9,149,3,10,100,-3.2,294,17,10,8,0,2.75,0,d,200,Thunderstorm with light rain,t01n,19
2026/7/20 20:00,0,26.3,27.4,94,25.3,994,2,152,2.8,10,100,-6.4,295.4,0,0,0,0,3,0,n,500,Light rain,r01n,20
2026/7/20 20:15,0,26.3,27.4,94,25.3,994,2,156,2.8,12,100,-9.5,297.2,0,0,0,0,3,0,n,200,Thunderstorm with light rain,t01n,20
2026/7/20 20:30,0,26.3,27.4,94,25.3,995,2,159,2.8,13,100,-12.5,299,0,0,0,0,3,0,n,200,Thunderstorm with light rain,t01n,20
2026/7/20 20:45,0,26.3,27.4,94,25.3,995,2,162,2.8,13,100,-15.5,300.9,0,0,0,0,3.25,0,n,200,Thunderstorm with light rain,t01n,20
2026/7/20 21:00,0,26.3,27.4,94,25.3,995,2,166,2.8,14,100,-18.6,302.7,0,0,0,0,3.5,0,n,200,Thunderstorm with light rain,t01n,21
2026/7/20 21:15,0,26.2,27.3,94,25.2,995,1.8,168,2.6,14,100,-21.3,305.1,0,0,0,0,3,0,n,200,Thunderstorm with light rain,t01n,21
2026/7/20 21:30,0,26.1,27.2,95,25.2,995,1.6,171,2.4,15,100,-24.1,307.5,0,0,0,0,2.5,0,n,200,Thunderstorm with light rain,t01n,21
2026/7/20 21:45,0,26,27.2,96,25.3,995,1.4,174,2.2,15,100,-26.8,309.9,0,0,0,0,2.5,0,n,200,Thunderstorm with light rain,t01n,21
2026/7/20 22:00,0,25.9,27.1,96,25.2,995,1.2,176,2,16,100,-29.6,312.3,0,0,0,0,2.5,0,n,500,Light rain,r01n,22
2026/7/20 22:15,0,25.7,26.9,96,25,995,1.1,172,1.9,16,100,-31.9,315.5,0,0,0,0,1.75,0,n,500,Light rain,r01n,22
2026/7/20 22:30,0,25.6,26.7,97,25,995,1,169,1.8,16,100,-34.2,318.7,0,0,0,0,1,0,n,500,Light rain,r01n,22
2026/7/20 22:45,0,25.4,26.5,98,25,995,0.9,166,1.7,16,100,-36.5,321.9,0,0,0,0,0.75,0,n,301,Drizzle,d02n,22
2026/7/20 23:00,0,25.2,26.3,98,24.9,995,0.8,162,1.6,16,100,-38.8,325.1,0,0,0,0,0.5,0,n,301,Drizzle,d02n,23
2026/7/20 23:15,0,25.3,26.4,98,25,995,0.8,163,1.6,16,100,-40.3,329.4,0,0,0,0,0.5,0,n,301,Drizzle,d02n,23
2026/7/20 23:30,0,25.4,26.5,97,24.9,995,0.8,164,1.6,16,100,-41.9,333.6,0,0,0,0,0.5,0,n,301,Drizzle,d02n,23
2026/7/20 23:45,0,25.5,26.6,96,24.8,995,0.8,165,1.6,16,100,-43.4,337.9,0,0,0,0,0.75,0,n,301,Drizzle,d02n,23
2026/7/21 0:00,0,25.6,26.7,96,24.9,995,0.8,166,1.6,16,100,-45,342.1,0,0,0,0,1,0,n,500,Light rain,r01n,0
2026/7/21 0:15,0,25.5,26.6,96,24.8,995,0.9,154,1.7,16,100,-45.4,257.1,0,0,0,0,2,0,n,500,Light rain,r01n,0
2026/7/21 0:30,0,25.4,26.5,97,24.9,995,1,143,1.8,16,100,-45.9,172.1,0,0,0,0,3,0,n,500,Light rain,r01n,0
2026/7/21 0:45,0,25.3,26.4,98,25,995,1.1,132,1.9,16,100,-46.4,87.1,0,0,0,0,2.5,0,n,500,Light rain,r01n,0
2026/7/21 1:00,0,25.2,26.3,98,24.9,995,1.2,120,2,16,100,-46.9,2.2,0,0,0,0,2,0,n,500,Light rain,r01n,1
2026/7/21 1:15,0,25.3,26.4,98,25,995,1.2,118,2.2,16,100,-46.2,7.1,0,0,0,0,1.25,0,n,500,Light rain,r01n,1
2026/7/21 1:30,0,25.4,26.5,97,24.9,995,1.2,116,2.4,16,100,-45.4,12,0,0,0,0,0.5,0,n,301,Drizzle,d02n,1
2026/7/21 1:45,0,25.5,26.6,96,24.8,995,1.2,114,2.6,16,100,-44.7,16.9,0,0,0,0,0.25,0,n,804,Overcast clouds,c04n,1
2026/7/21 2:00,0,25.6,26.7,96,24.9,995,1.2,112,2.8,16,100,-44,21.8,0,0,0,0,0,0,n,804,Overcast clouds,c04n,2
2026/7/21 2:15,0,25.5,26.6,96,24.8,995,1.3,114,2.7,16,100,-42.3,25.8,0,0,0,0,0,0,n,804,Overcast clouds,c04n,2
2026/7/21 2:30,0,25.4,26.5,97,24.9,995,1.4,115,2.6,16,100,-40.5,29.9,0,0,0,0,0,0,n,741,Fog,a05n,2
2026/7/21 2:45,0,25.3,26.4,98,25,994,1.5,116,2.5,16,100,-38.8,33.9,0,0,0,0,0,0,n,741,Fog,a05n,2
2026/7/21 3:00,0,25.2,26.3,98,24.9,994,1.6,118,2.4,16,100,-37.1,37.9,0,0,0,0,0,0,n,741,Fog,a05n,3
2026/7/21 3:15,0,25.2,26.3,98,24.9,994,1.5,118,2.3,16,100,-34.6,41,0,0,0,0,0,0,n,741,Fog,a05n,3
2026/7/21 3:30,0,25.2,26.3,98,24.9,995,1.4,117,2.2,16,100,-32.2,44,0,0,0,0,0,0,n,741,Fog,a05n,3
2026/7/21 3:45,0,25.2,26.3,98,24.9,995,1.3,116,2.1,16,100,-29.8,47,0,0,0,0,0,0,n,741,Fog,a05n,3
2026/7/21 4:00,0,25.2,26.3,98,24.9,995,1.2,116,2,16,100,-27.4,50,0,0,0,0,0,0,n,741,Fog,a05n,4
2026/7/21 4:15,0,25.1,26.2,98,24.8,995,1.2,116,2,16,100,-24.6,52.3,0,0,0,0,0,0,n,741,Fog,a05n,4
2026/7/21 4:30,0,25,26.1,99,24.8,995,1.2,117,2,16,100,-21.8,54.6,0,0,0,0,0,0,n,741,Fog,a05n,4
2026/7/21 4:45,0,24.9,26.1,100,24.9,995,1.2,118,2,16,99,-18.9,56.8,0,0,0,0,0,0,n,741,Fog,a05n,4
2026/7/21 5:00,0,24.8,25.9,100,24.8,995,1.2,118,2,16,99,-16.1,59.1,0,0,0,0,0,0,n,741,Fog,a05n,5
2026/7/21 5:15,0,25,26.2,100,25,995,1.1,118,2.1,16,99,-13,60.8,0,0,0,0,0,0,n,741,Fog,a05n,5
2026/7/21 5:30,0,25.2,26.4,99,25,995,1,119,2.2,16,100,-10,62.5,0,0,0,0,0,0,n,741,Fog,a05n,5
2026/7/21 5:45,0,25.4,26.6,98,25.1,994,0.9,120,2.3,16,100,-6.9,64.3,0,0,0,0,0,0,n,741,Fog,a05n,5
2026/7/21 6:00,0.01,25.6,26.8,98,25.3,994,0.8,120,2.4,16,100,-3.8,66,0,0,0,0,0,0,n,741,Fog,a05n,6
2026/7/21 6:15,0.03,25.7,26.9,98,25.3,994,0.9,120,2.5,16,100,-0.6,67.4,27,12,12,0,0,0,d,741,Fog,a05n,6
2026/7/21 6:30,1.45,25.8,26.9,98,25.4,995,1,120,2.6,16,100,2.6,68.8,54,24,25,0.6,0,0,d,741,Fog,a05d,6
2026/7/21 6:45,3.96,25.8,27,98,25.5,995,1.1,120,2.7,16,100,5.9,70.2,82,36,37,0.6,0,0,d,741,Fog,a05d,6
2026/7/21 7:00,4.6,25.9,27.1,98,25.6,995,1.2,120,2.8,16,100,9.1,71.6,109,48,49,0.6,0,0,d,741,Fog,a05d,7
2026/7/21 7:15,13.66,26,27.2,98,25.7,995,1.3,124,3.2,16,100,12.4,72.7,165,56,58,0.7,0,0,d,741,Fog,a05d,7
2026/7/21 7:30,19.69,26.1,27.3,97,25.6,996,1.4,127,3.6,13,100,15.7,73.9,221,64,67,0.7,0,0,d,741,Fog,a05d,7
2026/7/21 7:45,32.45,26.2,27.4,96,25.5,996,1.5,130,4,13,100,19.1,75.1,277,71,75,0.8,0,0,d,804,Overcast clouds,c04d,7
2026/7/21 8:00,35.16,26.3,27.5,96,25.6,996,1.6,134,4.4,13,100,22.4,76.3,333,79,84,0.8,0,0,d,804,Overcast clouds,c04d,8
2026/7/21 8:15,47.4,26.3,27.5,96,25.6,996,1.7,136,4.6,13,100,25.8,77.3,390,84,90,0.9,0,0,d,804,Overcast clouds,c04d,8
2026/7/21 8:30,57.13,26.3,27.5,96,25.6,996,1.8,139,4.8,10,100,29.2,78.4,447,89,97,1,0,0,d,804,Overcast clouds,c04d,8
2026/7/21 8:45,55.68,26.3,27.5,96,25.6,996,1.9,142,5,10,99,32.6,79.5,505,93,117,1.2,0,0,d,804,Overcast clouds,c04d,8
2026/7/21 9:00,70.2,26.3,27.5,96,25.6,996,2,144,5.2,10,99,36,80.5,562,98,125,1.4,0,0,d,804,Overcast clouds,c04d,9
2026/7/21 9:15,89.34,27,31,94,25.9,996,2.1,146,5.3,10,99,39.4,81.6,613,101,130,1.5,0,0,d,804,Overcast clouds,c04d,9
2026/7/21 9:30,112.23,27.6,32.7,91,26,997,2.2,148,5.4,16,98,42.8,82.6,664,105,156,1.8,0,0,d,804,Overcast clouds,c04d,9
2026/7/21 9:45,117.94,28.3,34.2,88,26.1,997,2.3,150,5.5,16,98,46.2,83.6,715,108,162,2,0,0,d,804,Overcast clouds,c04d,9
2026/7/21 10:00,128.14,28.9,35.8,86,26.3,997,2.4,152,5.6,16,98,49.7,84.7,766,111,168,2.2,0,0,d,804,Overcast clouds,c04d,10
2026/7/21 10:15,131.15,29,36.1,86,26.4,997,2.4,156,5.7,16,98,53.1,85.8,806,113,173,2.4,0,0,d,804,Overcast clouds,c04d,10
2026/7/21 10:30,93.52,29.1,36.2,85,26.3,997,2.4,160,5.8,10,98,56.6,87,845,115,179,2.6,0,0,d,804,Overcast clouds,c04d,10
2026/7/21 10:45,61.59,29.2,36.3,84,26.2,997,2.4,164,5.9,10,97,60,88.2,885,117,210,2.9,0,0,d,804,Overcast clouds,c04d,10
2026/7/21 11:00,38.57,29.3,36.6,84,26.3,997,2.4,168,6,10,97,63.5,89.4,924,120,216,3.1,0,0,d,804,Overcast clouds,c04d,11
2026/7/21 11:15,23.52,29.5,36.9,83,26.3,997,2.4,168,6,7,98,67,91.4,949,121,193,3.2,0,0,d,804,Overcast clouds,c04d,11
2026/7/21 11:30,4.29,29.7,37.1,82,26.2,997,2.4,169,6,10,98,70.4,93.5,973,122,196,3.4,0,0,d,804,Overcast clouds,c04d,11
2026/7/21 11:45,3.95,29.8,37.1,80,26,997,2.4,170,6,10,98,73.9,95.5,997,123,200,3.6,0,0,d,804,Overcast clouds,c04d,11
2026/7/21 12:00,39.99,30,37.4,79,26,997,2.4,170,6,10,99,77.3,97.5,1022,124,173,3.6,0,0,d,804,Overcast clouds,c04d,12
2026/7/21 12:15,81.94,30.4,37.9,77,25.9,997,2.4,172,5.8,10,99,79.8,126.5,1029,125,175,3.7,0,0,d,804,Overcast clouds,c04d,12
2026/7/21 12:30,37.89,30.8,38.4,75,25.8,997,2.4,174,5.6,10,99,82.3,155.6,1036,125,176,3.7,0,0,d,804,Overcast clouds,c04d,12
2026/7/21 12:45,3.91,31.1,38.9,73,25.7,997,2.4,176,5.4,13,99,84.8,184.6,1043,125,176,3.8,0,0,d,804,Overcast clouds,c04d,12
2026/7/21 13:00,3.87,31.5,39.3,71,25.6,996,2.4,178,5.2,14,99,87.3,213.6,1050,126,178,3.8,0,0,d,804,Overcast clouds,c04d,13
2026/7/21 13:15,135.79,31.5,39.3,71,25.6,996,2.4,174,5.3,14,99,84.1,226.4,1039,125,177,3.8,0,0,d,804,Overcast clouds,c04d,13
2026/7/21 13:30,115.73,31.5,39.3,71,25.6,996,2.4,170,5.4,10,100,80.9,239.2,1028,125,145,3.6,0,0,d,804,Overcast clouds,c04d,13
2026/7/21 13:45,161.47,31.5,39.3,71,25.6,996,2.4,166,5.5,10,100,77.7,252,1018,124,144,3.5,0,0,d,804,Overcast clouds,c04d,13
2026/7/21 14:00,18.32,31.5,39.3,71,25.6,995,2.4,162,5.6,10,100,74.4,264.9,1007,124,144,3.4,0,0,d,804,Overcast clouds,c04d,14
2026/7/21 14:15,4,31.2,38.9,72,25.6,995,2.4,163,5.6,12,100,71,266.6,979,122,141,3.3,0,0,d,804,Overcast clouds,c04d,14
2026/7/21 14:30,4.03,31,38.1,72,25.3,995,2.4,164,5.6,13,100,67.5,268.3,951,121,141,3.1,0,0,d,804,Overcast clouds,c04d,14
2026/7/21 14:45,3.99,30.7,37.6,73,25.3,995,2.4,165,5.6,13,100,64.1,270,923,119,138,2.9,0,0,d,804,Overcast clouds,c04d,14
2026/7/21 15:00,30.71,30.4,37.1,74,25.2,995,2.4,166,5.6,14,100,60.6,271.7,896,118,137,2.8,0,0,d,804,Overcast clouds,c04d,15
2026/7/21 15:15,77.78,29.8,36.1,76,25.1,995,2.4,165,5.5,14,100,57.1,272.8,853,116,134,2.5,0,0,d,804,Overcast clouds,c04d,15
2026/7/21 15:30,57.22,29.3,35.2,79,25.2,995,2.4,164,5.4,10,100,53.7,273.9,811,113,130,2.3,0,0,d,804,Overcast clouds,c04d,15
2026/7/21 15:45,75.38,28.7,34.3,82,25.3,994,2.4,163,5.3,10,100,50.2,275,769,111,127,2.1,0.5,0,d,301,Drizzle,d02d,15
2026/7/21 16:00,31.64,28.1,33,84,25.1,994,2.4,162,5.2,10,100,46.8,276.2,726,109,124,1.9,1,0,d,500,Light rain,r01d,16
2026/7/21 16:15,3.98,28.2,33.3,84,25.2,994,2.4,159,5.1,12,100,43.4,277.2,673,105,98,1.7,2,0,d,500,Light rain,r01d,16
2026/7/21 16:30,4.04,28.3,33.4,83,25.1,994,2.4,156,5,10,100,39.9,278.2,621,102,84,1.5,3,0,d,500,Light rain,r01d,16
2026/7/21 16:45,4.01,28.4,33.5,82,25,994,2.4,153,4.9,10,100,36.5,279.2,568,98,95,1.4,1.5,0,d,500,Light rain,r01d,16
2026/7/21 17:00,3.96,28.5,33.8,82,25.1,994,2.4,150,4.8,12,100,33.1,280.3,515,95,105,1.2,0,0,d,804,Overcast clouds,c04d,17
2026/7/21 17:15,4.67,28.1,33.1,84,25.2,994,2.3,156,4.7,12,100,29.7,281.3,457,90,99,1.1,0.25,0,d,804,Overcast clouds,c04d,17
2026/7/21 17:30,4.7,27.8,32.5,87,25.4,994,2.2,162,4.6,11,100,26.3,282.4,399,84,91,0.9,0.5,0,d,301,Drizzle,d02d,17
2026/7/21 17:45,3.95,27.4,31.8,90,25.6,994,2.1,168,4.5,11,100,22.9,283.5,341,79,85,0.9,0.75,0,d,301,Drizzle,d02d,17
2026/7/21 18:00,4.68,27,30.9,92,25.6,994,2,174,4.4,11,100,19.6,284.6,283,74,78,0.8,1,0,d,500,Light rain,r01d,18
2026/7/21 18:15,4.02,27,30.9,92,25.6,994,2,154,4.3,11,100,16.2,285.8,229,65,68,0.7,1,0,d,500,Light rain,r01d,18
2026/7/21 18:30,3.97,27,30.9,92,25.6,995,2,133,4.2,10,100,12.9,287,175,56,58,0.7,1,0,d,500,Light rain,r01d,18
2026/7/21 18:45,4.3,27,30.9,92,25.6,995,2,112,4.1,10,100,9.6,288.2,121,48,49,0.7,0.75,0,d,301,Drizzle,d02d,18
2026/7/21 19:00,3.95,27,30.9,92,25.6,995,2,92,4,12,100,6.3,289.4,67,39,39,0.6,0.5,0,d,301,Drizzle,d02d,19
2026/7/21 19:15,4.13,27.1,31.2,92,25.7,995,2,96,4,12,100,3.1,290.9,51,29,29,0.6,1,0,d,500,Light rain,r01d,19
2026/7/21 19:30,0.61,27.2,31.4,91,25.6,996,2,99,4,13,100,-0.1,292.3,34,19,17,0,1.5,0,d,500,Light rain,r01n,19
2026/7/21 19:45,0.02,27.3,31.6,90,25.5,996,2,102,4,13,100,-3.3,293.8,17,10,9,0,1.5,0,d,500,Light rain,r01n,19
2026/7/21 20:00,0,27.4,31.9,90,25.6,996,2,106,4,14,100,-6.5,295.2,0,0,0,0,1.5,0,n,500,Light rain,r01n,20
2026/7/21 20:15,0,27.4,31.9,90,25.6,996,2,107,3.9,14,100,-9.5,297.1,0,0,0,0,1.25,0,n,500,Light rain,r01n,20
2026/7/21 20:30,0,27.4,31.9,90,25.6,996,2,108,3.8,15,100,-12.6,298.9,0,0,0,0,1,0,n,500,Light rain,r01n,20
2026/7/21 20:45,0,27.4,31.9,90,25.6,996,2,109,3.7,15,99,-15.6,300.7,0,0,0,0,0.5,0,n,301,Drizzle,d02n,20
2026/7/21 21:00,0,27.4,31.9,90,25.6,996,2,110,3.6,15,99,-18.7,302.5,0,0,0,0,0,0,n,804,Overcast clouds,c04n,21
2026/7/21 21:15,0,27.2,31.5,91,25.6,996,2.1,112,3.6,16,99,-21.4,304.9,0,0,0,0,0,0,n,804,Overcast clouds,c04n,21
2026/7/21 21:30,0,27.1,31.1,92,25.6,996,2.2,114,3.6,10,100,-24.2,307.3,0,0,0,0,0,0,n,804,Overcast clouds,c04n,21
2026/7/21 21:45,0,26.9,30.7,93,25.6,996,2.3,116,3.6,10,100,-26.9,309.7,0,0,0,0,0,0,n,804,Overcast clouds,c04n,21
2026/7/21 22:00,0,26.7,30.2,94,25.7,996,2.4,118,3.6,12,100,-29.7,312.1,0,0,0,0,0,0,n,804,Overcast clouds,c04n,22
2026/7/21 22:15,0,26.7,30.2,94,25.7,996,2.3,118,3.6,12,99,-32,315.3,0,0,0,0,0,0,n,804,Overcast clouds,c04n,22
2026/7/21 22:30,0,26.7,30.2,94,25.7,997,2.2,119,3.6,13,98,-34.3,318.5,0,0,0,0,0,0,n,804,Overcast clouds,c04n,22
2026/7/21 22:45,0.01,26.7,30.2,94,25.7,997,2.1,120,3.6,13,98,-36.6,321.8,0,0,0,0,0,0,n,804,Overcast clouds,c04n,22
2026/7/21 23:00,0,26.7,30.2,94,25.7,997,2,120,3.6,14,97,-38.9,325,0,0,0,0,0,0,n,804,Overcast clouds,c04n,23
2026/7/21 23:15,0,26.6,27.8,94,25.6,997,1.9,120,3.5,14,93,-40.5,329.2,0,0,0,0,0,0,n,804,Overcast clouds,c04n,23
2026/7/21 23:30,0,26.5,27.7,95,25.6,997,1.8,120,3.4,15,90,-42,333.5,0,0,0,0,0,0,n,804,Overcast clouds,c04n,23
2026/7/21 23:45,0,26.4,27.6,96,25.7,997,1.7,120,3.3,15,86,-43.6,337.7,0,0,0,0,0,0,n,804,Overcast clouds,c04n,23
2026/7/22 0:00,0.01,26.3,27.5,96,25.6,997,1.6,120,3.2,16,82,-45.1,342,0,0,0,0,0,0,n,804,Overcast clouds,c04n,0
2026/7/22 0:15,0,26.3,27.5,96,25.6,997,1.6,118,3.1,16,67,-45.6,257,0,0,0,0,0,0,n,803,Broken clouds,c03n,0
2026/7/22 0:30,0,26.3,27.5,96,25.6,997,1.6,115,3,16,52,-46.1,172.1,0,0,0,0,0,0,n,803,Broken clouds,c03n,0
2026/7/22 0:45,0.01,26.3,27.5,96,25.6,997,1.6,112,2.9,16,36,-46.6,87.1,0,0,0,0,0,0,n,802,Scattered clouds,c02n,0
2026/7/22 1:00,0,26.3,27.5,96,25.6,997,1.6,110,2.8,16,21,-47.1,2.2,0,0,0,0,0,0,n,802,Scattered clouds,c02n,1
2026/7/22 1:15,0.01,26.2,27.4,96,25.5,997,1.6,108,2.8,16,17,-46.4,7.1,0,0,0,0,0,0,n,801,Few clouds,c02n,1
2026/7/22 1:30,0,26.1,27.3,97,25.6,997,1.6,105,2.8,16,14,-45.6,12,0,0,0,0,0,0,n,741,Fog,a05n,1
2026/7/22 1:45,0,26,27.2,98,25.7,996,1.6,102,2.8,16,10,-44.9,17,0,0,0,0,0,0,n,741,Fog,a05n,1
2026/7/22 2:00,0,25.9,27.1,98,25.6,996,1.6,100,2.8,16,6,-44.2,21.9,0,0,0,0,0,0,n,741,Fog,a05n,2
2026/7/22 2:15,0,25.9,27.1,98,25.6,996,1.6,101,2.7,16,7,-42.4,25.9,0,0,0,0,0,0,n,741,Fog,a05n,2
2026/7/22 2:30,0,25.9,27.1,98,25.6,996,1.6,102,2.6,10,8,-40.7,30,0,0,0,0,0,0,n,741,Fog,a05n,2
2026/7/22 2:45,0,25.9,27.1,98,25.6,996,1.6,103,2.5,10,8,-39,34,0,0,0,0,0,0,n,741,Fog,a05n,2
2026/7/22 3:00,0,25.9,27.1,98,25.6,996,1.6,104,2.4,10,9,-37.2,38.1,0,0,0,0,0,0,n,741,Fog,a05n,3
2026/7/22 3:15,0,25.9,27.1,98,25.6,996,1.6,106,2.6,12,9,-34.8,41.1,0,0,0,0,0,0,n,741,Fog,a05n,3
2026/7/22 3:30,0,25.9,27.1,98,25.6,996,1.6,108,2.8,11,9,-32.4,44.1,0,0,0,0,0,0,n,741,Fog,a05n,3
2026/7/22 3:45,0,25.9,27.1,98,25.6,996,1.6,110,3,11,9,-30,47.2,0,0,0,0,0,0,n,741,Fog,a05n,3
2026/7/22 4:00,0,25.9,27.1,98,25.6,996,1.6,112,3.2,11,9,-27.5,50.2,0,0,0,0,0,0,n,741,Fog,a05n,4
2026/7/22 4:15,0,25.8,27,98,25.5,996,1.7,113,3.2,11,8,-24.7,52.5,0,0,0,0,0,0,n,741,Fog,a05n,4
2026/7/22 4:30,0,25.8,27,99,25.6,996,1.8,114,3.2,8,6,-21.9,54.7,0,0,0,0,0,0,n,741,Fog,a05n,4
2026/7/22 4:45,0,25.7,26.9,100,25.7,996,1.9,115,3.2,8,5,-19.1,57,0,0,0,0,0,0,n,741,Fog,a05n,4
2026/7/22 5:00,0,25.6,26.8,100,25.6,996,2,116,3.2,8,4,-16.2,59.2,0,0,0,0,0,0,n,741,Fog,a05n,5
2026/7/22 5:15,0,25.8,27,99,25.6,996,1.9,116,3.2,11,4,-13.1,61,0,0,0,0,0,0,n,741,Fog,a05n,5
2026/7/22 5:30,0,26,27.2,98,25.6,997,1.8,117,3.2,8,5,-10.1,62.7,0,0,0,0,0,0,n,741,Fog,a05n,5
2026/7/22 5:45,0,26.1,27.3,97,25.6,997,1.7,118,3.2,8,6,-7,64.4,0,0,0,0,0,0,n,741,Fog,a05n,5
2026/7/22 6:00,0,26.3,27.5,96,25.6,997,1.6,118,3.2,8,6,-3.9,66.2,0,0,0,0,0,0,n,801,Few clouds,c02n,6
2026/7/22 6:15,0.58,26.3,27.5,96,25.6,997,1.7,120,3.4,11,14,-0.7,67.6,27,12,25,0,0,0,d,801,Few clouds,c02n,6
2026/7/22 6:30,1.8,26.3,27.5,97,25.8,997,1.8,123,3.6,12,23,2.5,69,54,24,49,1.7,0,0,d,741,Fog,a05d,6
2026/7/22 6:45,3.44,26.3,27.5,98,26,997,1.9,126,3.8,12,32,5.8,70.3,81,36,73,1.6,0,0,d,741,Fog,a05d,6
2026/7/22 7:00,7.84,26.3,27.5,98,26,997,2,128,4,13,40,9,71.7,108,48,95,1.5,0,0,d,741,Fog,a05d,7
2026/7/22 7:15,12.17,26.4,27.6,97,25.9,997,2.2,132,4.5,13,46,12.3,72.9,164,56,141,1.5,0,0,d,741,Fog,a05d,7
2026/7/22 7:30,16.07,26.5,27.7,96,25.8,997,2.4,135,5,5,52,15.7,74.1,220,64,181,1.5,0,0,d,803,Broken clouds,c03d,7
2026/7/22 7:45,35.25,26.6,27.8,95,25.7,997,2.6,138,5.5,5,57,19,75.3,275,71,217,1.5,0,0,d,803,Broken clouds,c03d,7
2026/7/22 8:00,77.35,26.7,30.2,94,25.7,997,2.8,142,6,5,63,22.3,76.5,331,79,243,1.5,0,0,d,803,Broken clouds,c03d,8
2026/7/22 8:15,83.17,26.9,30.8,94,25.8,997,2.8,142,6.2,9,52,25.7,77.5,389,84,320,1.9,0,0,d,803,Broken clouds,c03d,8
2026/7/22 8:30,66.77,27.1,31.2,93,25.8,997,2.8,143,6.4,10,41,29.1,78.6,446,89,392,2.4,0,0,d,803,Broken clouds,c03d,8
2026/7/22 8:45,77.18,27.2,31.6,92,25.8,997,2.8,144,6.6,11,30,32.5,79.7,504,93,457,3,0,0,d,802,Scattered clouds,c02d,8
2026/7/22 9:00,131.27,27.4,32.2,92,26,997,2.8,144,6.8,12,19,35.9,80.8,561,98,515,3.7,0,0,d,801,Few clouds,c02d,9
2026/7/22 9:15,72.69,28.1,33.6,88,25.9,997,2.9,147,6.9,13,20,39.3,81.8,612,101,561,4.2,0,0,d,801,Few clouds,c02d,9
2026/7/22 9:30,180.07,28.7,34.7,84,25.7,997,3,150,7,14,20,42.8,82.9,663,105,609,4.7,0,0,d,801,Few clouds,c02d,9
2026/7/22 9:45,89.97,29.4,36,81,25.7,997,3.1,153,7.1,15,20,46.2,83.9,714,108,656,5.2,0,0,d,801,Few clouds,c02d,9
2026/7/22 10:00,100.06,30,36.8,77,25.5,997,3.2,156,7.2,16,21,49.6,85,765,111,703,5.8,0,0,d,802,Scattered clouds,c02d,10
2026/7/22 10:15,85.41,30.1,37.1,77,25.6,997,3.2,158,7.2,16,24,53.1,86.2,805,113,737,6.2,0,0,d,802,Scattered clouds,c02d,10
2026/7/22 10:30,105.49,30.2,37.4,77,25.7,997,3.2,160,7.2,16,26,56.5,87.4,845,115,771,6.6,0,0,d,802,Scattered clouds,c02d,10
2026/7/22 10:45,160.94,30.3,37.7,77,25.8,997,3.2,162,7.2,16,29,60,88.6,884,117,803,7,0,0,d,802,Scattered clouds,c02d,10
2026/7/22 11:00,135.86,30.4,38,77,25.9,997,3.2,164,7.2,16,32,63.5,89.8,924,120,834,7.3,0,0,d,802,Scattered clouds,c02d,11
2026/7/22 11:15,27.91,30.5,38.2,77,26,997,3.2,164,7.2,16,34,66.9,92,948,121,851,7.6,0,0,d,802,Scattered clouds,c02d,11
2026/7/22 11:30,3.9,30.6,38.5,77,26.1,997,3.2,165,7.2,10,36,70.4,94.1,973,122,869,7.9,0,0,d,802,Scattered clouds,c02d,11
2026/7/22 11:45,3.94,30.6,38.7,77,26.1,997,3.2,166,7.2,10,37,73.8,96.3,997,123,887,8.2,0,0,d,802,Scattered clouds,c02d,11
2026/7/22 12:00,3.95,30.7,38.9,77,26.2,997,3.2,166,7.2,10,39,77.3,98.4,1022,124,903,8.3,0,0,d,802,Scattered clouds,c02d,12
2026/7/22 12:15,3.92,31,39.5,76,26.3,997,3.2,168,7.2,12,41,79.7,126.6,1029,125,902,8.3,0,0,d,803,Broken clouds,c03d,12
2026/7/22 12:30,3.93,31.3,40.4,76,26.6,997,3.2,169,7.2,12,42,82.2,154.8,1036,125,902,8.4,0,0,d,803,Broken clouds,c03d,12
2026/7/22 12:45,3.94,31.6,41,75,26.6,997,3.2,170,7.2,13,44,84.7,183,1043,125,900,8.3,0,0,d,803,Broken clouds,c03d,12
2026/7/22 13:00,3.94,31.9,41.6,74,26.7,997,3.2,172,7.2,13,46,87.2,211.2,1050,126,896,8.2,0,0,d,803,Broken clouds,c03d,13
2026/7/22 13:15,7.09,31.7,41,74,26.5,997,3.2,172,7.4,14,54,84,224.5,1039,125,839,7.5,0,0,d,803,Broken clouds,c03d,13
2026/7/22 13:30,6.89,31.5,40,73,26.1,997,3.2,171,7.6,15,63,80.8,237.7,1028,125,754,6.6,0,0,d,803,Broken clouds,c03d,13
2026/7/22 13:45,5.43,31.3,39.1,72,25.6,996,3.2,170,7.8,15,72,77.6,250.9,1018,124,639,5.7,0,0,d,804,Overcast clouds,c04d,13
2026/7/22 14:00,3.95,31.1,38.5,72,25.4,996,3.2,170,8,16,80,74.4,264.1,1007,124,505,5,0,0,d,804,Overcast clouds,c04d,14
2026/7/22 14:15,3.96,30.8,38,73,25.4,996,3.5,166,8.3,16,82,70.9,265.9,979,122,455,4.6,0,0,d,804,Overcast clouds,c04d,14
2026/7/22 14:30,3.96,30.6,37.6,74,25.4,996,3.8,163,8.6,10,84,67.5,267.7,951,121,405,4.2,0,0,d,804,Overcast clouds,c04d,14
2026/7/22 14:45,3.98,30.3,37.3,76,25.6,996,4.1,160,8.9,10,86,64,269.5,923,119,354,3.8,0,0,d,804,Overcast clouds,c04d,14
2026/7/22 15:00,4.37,30,36.8,77,25.5,996,4.4,156,9.2,10,88,60.6,271.3,895,118,304,3.5,0,0,d,804,Overcast clouds,c04d,15
2026/7/22 15:15,3.94,30.1,37.1,77,25.6,996,4.3,155,8.9,12,90,57.1,272.4,853,116,250,3.1,0,0,d,804,Overcast clouds,c04d,15
2026/7/22 15:30,3.96,30.2,37.1,76,25.5,996,4.2,154,8.6,13,92,53.7,273.6,811,113,199,2.7,0,0,d,804,Overcast clouds,c04d,15
2026/7/22 15:45,37.77,30.3,37.4,76,25.6,995,4.1,153,8.3,13,94,50.2,274.7,768,111,149,2.4,0,0,d,804,Overcast clouds,c04d,15
2026/7/22 16:00,37.78,30.4,37.7,76,25.7,995,4,152,8,13,96,46.8,275.9,726,109,207,2.1,0,0,d,804,Overcast clouds,c04d,16
2026/7/22 16:15,13.07,30.4,37.7,76,25.7,995,4,152,8.1,14,96,43.3,276.9,673,105,196,1.9,0,0,d,804,Overcast clouds,c04d,16
2026/7/22 16:30,92.67,30.4,37.7,76,25.7,995,4,153,8.2,10,96,39.9,278,620,102,185,1.7,0,0,d,804,Overcast clouds,c04d,16
2026/7/22 16:45,0,30.4,37.7,76,25.7,994,4,154,8.3,10,96,36.5,279,567,98,174,1.5,0,0,d,804,Overcast clouds,c04d,16
2026/7/22 17:00,27.14,30.4,37.7,76,25.7,994,4,154,8.4,12,96,33,280,514,95,164,1.3,0,0,d,804,Overcast clouds,c04d,17
2026/7/22 17:15,84.66,29.9,36.9,78,25.7,994,3.9,152,8.3,12,96,29.6,281.1,456,90,151,1.2,0,0,d,804,Overcast clouds,c04d,17
2026/7/22 17:30,73.37,29.5,35.8,79,25.4,994,3.8,149,8.2,13,96,26.3,282.2,398,84,138,1,0,0,d,804,Overcast clouds,c04d,17
2026/7/22 17:45,56.6,29,34.7,80,25.2,994,3.7,146,8.1,13,96,22.9,283.3,341,79,125,0.9,0,0,d,804,Overcast clouds,c04d,17
2026/7/22 18:00,46.34,28.5,33.8,82,25.1,994,3.6,144,8,14,96,19.5,284.4,283,74,112,0.8,0,0,d,804,Overcast clouds,c04d,18
2026/7/22 18:15,43.09,28.5,33.8,82,25.1,994,3.5,144,7.7,14,96,16.2,285.6,229,65,96,0.8,0,0,d,804,Overcast clouds,c04d,18
2026/7/22 18:30,40.03,28.5,33.8,82,25.1,995,3.4,145,7.4,15,97,12.9,286.8,175,56,74,0.7,0,0,d,804,Overcast clouds,c04d,18
2026/7/22 18:45,0,28.5,33.8,82,25.1,995,3.3,146,7.1,15,98,9.6,288,120,47,56,0.7,0,0,d,804,Overcast clouds,c04d,18
2026/7/22 19:00,0.02,28.5,33.8,82,25.1,995,3.2,146,6.8,15,98,6.2,289.2,66,39,44,0.7,0,0,d,804,Overcast clouds,c04d,19
2026/7/22 19:15,0.02,28.4,33.5,82,25,995,3,144,6.6,16,98,3,290.7,50,29,33,0.7,0,0,d,804,Overcast clouds,c04n,19
2026/7/22 19:30,0,28.3,33.4,83,25.1,996,2.8,142,6.4,10,97,-0.2,292.1,33,19,22,0,0,0,d,804,Overcast clouds,c04n,19
2026/7/22 19:45,0,28.2,33.3,84,25.2,996,2.6,140,6.2,10,96,-3.4,293.6,17,10,12,0,0,0,d,804,Overcast clouds,c04n,19
2026/7/22 20:00,0,28.1,33,84,25.1,996,2.4,138,6,12,96,-6.6,295,0,0,0,0,0,0,n,804,Overcast clouds,c04n,20
2026/7/22 20:15,0,28,32.8,84,25.1,996,2.5,137,5.9,12,97,-9.6,296.9,0,0,0,0,0,0,n,804,Overcast clouds,c04n,20
2026/7/22 20:30,0,28,32.8,85,25.2,996,2.6,136,5.8,13,98,-12.7,298.7,0,0,0,0,0,0,n,804,Overcast clouds,c04n,20
2026/7/22 20:45,0,27.9,32.7,86,25.3,996,2.7,135,5.7,13,98,-15.7,300.5,0,0,0,0,0,0,n,804,Overcast clouds,c04n,20
2026/7/22 21:00,0,27.8,32.5,86,25.2,996,2.8,134,5.6,14,99,-18.8,302.3,0,0,0,0,0,0,n,804,Overcast clouds,c04n,21
2026/7/22 21:15,0,27.6,31.9,86,25,996,2.9,134,5.6,14,97,-21.5,304.7,0,0,0,0,0,0,n,804,Overcast clouds,c04n,21
2026/7/22 21:30,0,27.4,31.5,87,25,996,3,134,5.6,14,96,-24.3,307.1,0,0,0,0,0,0,n,804,Overcast clouds,c04n,21
2026/7/22 21:45,0,27.2,31.1,88,25,996,3.1,134,5.6,15,94,-27.1,309.5,0,0,0,0,0,0,n,804,Overcast clouds,c04n,21
2026/7/22 22:00,0,27,30.5,88,24.8,996,3.2,134,5.6,15,92,-29.8,311.9,0,0,0,0,0,0,n,804,Overcast clouds,c04n,22
2026/7/22 22:15,0.01,26.9,30.3,88,24.8,996,3.2,135,5.7,16,92,-32.1,315.1,0,0,0,0,0,0,n,804,Overcast clouds,c04n,22
2026/7/22 22:30,0,26.9,30.2,89,24.9,997,3.2,136,5.8,16,92,-34.4,318.4,0,0,0,0,0,0,n,804,Overcast clouds,c04n,22
2026/7/22 22:45,0.01,26.8,30.1,90,25,997,3.2,137,5.9,16,91,-36.8,321.6,0,0,0,0,0,0,n,804,Overcast clouds,c04n,22
2026/7/22 23:00,0,26.7,29.9,90,24.9,997,3.2,138,6,16,91,-39.1,324.8,0,0,0,0,0,0,n,804,Overcast clouds,c04n,23
2026/7/22 23:15,0,26.7,29.9,90,24.9,997,3.2,139,6,16,91,-40.6,329.1,0,0,0,0,0,0,n,804,Overcast clouds,c04n,23
2026/7/22 23:30,0,26.7,29.9,90,24.9,997,3.2,140,6,10,92,-42.2,333.4,0,0,0,0,0,0,n,804,Overcast clouds,c04n,23
2026/7/22 23:45,0,26.7,29.9,90,24.9,997,3.2,141,6,10,92,-43.8,337.6,0,0,0,0,0,0,n,804,Overcast clouds,c04n,23
2026/7/23 0:00,0,26.7,29.9,90,24.9,997,3.2,142,6,10,92,-45.3,341.9,0,0,0,0,0,0,n,804,Overcast clouds,c04n,0
2026/7/23 0:15,0,26.6,27.7,91,25,997,3.2,142,5.9,12,92,-45.8,257,0,0,0,0,0,0,n,804,Overcast clouds,c04n,0
2026/7/23 0:30,0,26.5,27.6,92,25.1,997,3.2,143,5.8,12,93,-46.3,172,0,0,0,0,0,0,n,804,Overcast clouds,c04n,0
2026/7/23 0:45,0,26.4,27.5,93,25.2,997,3.2,144,5.7,13,94,-46.8,87.1,0,0,0,0,0,0,n,804,Overcast clouds,c04n,0
2026/7/23 1:00,0,26.3,27.4,94,25.3,997,3.2,144,5.6,14,94,-47.3,2.2,0,0,0,0,0,0,n,804,Overcast clouds,c04n,1
2026/7/23 1:15,0,26.2,27.3,94,25.2,997,3.2,145,5.4,14,92,-46.6,7.1,0,0,0,0,0,0,n,804,Overcast clouds,c04n,1
2026/7/23 1:30,0,26.1,27.2,95,25.2,997,3.2,146,5.2,15,90,-45.8,12.1,0,0,0,0,0,0,n,804,Overcast clouds,c04n,1
2026/7/23 1:45,0,26,27.2,96,25.3,996,3.2,147,5,15,87,-45.1,17,0,0,0,0,0,0,n,804,Overcast clouds,c04n,1
2026/7/23 2:00,0,25.9,27.1,96,25.2,996,3.2,148,4.8,16,85,-44.4,22,0,0,0,0,0,0,n,804,Overcast clouds,c04n,2
2026/7/23 2:15,0,25.9,27.1,96,25.2,996,3.1,148,4.9,16,80,-42.6,26,0,0,0,0,0,0,n,804,Overcast clouds,c04n,2
2026/7/23 2:30,0,25.9,27,95,25,996,3,148,5,10,75,-40.9,30.1,0,0,0,0,0,0,n,804,Overcast clouds,c04n,2
2026/7/23 2:45,0,25.9,27,94,24.9,996,2.9,148,5.1,10,70,-39.1,34.2,0,0,0,0,0,0,n,803,Broken clouds,c03n,2
2026/7/23 3:00,0,25.9,27,94,24.9,996,2.8,148,5.2,10,65,-37.4,38.2,0,0,0,0,0,0,n,803,Broken clouds,c03n,3
2026/7/23 3:15,0,25.8,26.9,94,24.8,996,2.7,147,5.1,12,65,-35,41.2,0,0,0,0,0,0,n,803,Broken clouds,c03n,3
2026/7/23 3:30,0,25.8,26.9,95,24.9,996,2.6,146,5,13,64,-32.5,44.3,0,0,0,0,0,0,n,803,Broken clouds,c03n,3
2026/7/23 3:45,0,25.7,26.8,96,25,996,2.5,145,4.9,13,64,-30.1,47.3,0,0,0,0,0,0,n,803,Broken clouds,c03n,3
2026/7/23 4:00,0,25.6,26.7,96,24.9,996,2.4,144,4.8,14,64,-27.7,50.4,0,0,0,0,0,0,n,803,Broken clouds,c03n,4
2026/7/23 4:15,0,25.6,26.7,96,24.9,996,2.5,143,4.7,14,57,-24.8,52.6,0,0,0,0,0,0,n,803,Broken clouds,c03n,4
2026/7/23 4:30,0,25.6,26.7,97,25.1,996,2.6,142,4.6,10,50,-22,54.9,0,0,0,0,0,0,n,741,Fog,a05n,4
2026/7/23 4:45,0,25.6,26.8,98,25.3,996,2.7,141,4.5,10,44,-19.2,57.1,0,0,0,0,0,0,n,741,Fog,a05n,4
2026/7/23 5:00,0,25.6,26.8,98,25.3,996,2.8,140,4.4,10,37,-16.3,59.4,0,0,0,0,0,0,n,741,Fog,a05n,5
2026/7/23 5:15,0,25.7,26.8,97,25.2,996,2.6,136,4.5,12,38,-13.3,61.1,0,0,0,0,0,0,n,741,Fog,a05n,5
2026/7/23 5:30,0,25.8,26.9,96,25.1,996,2.4,133,4.6,12,40,-10.2,62.9,0,0,0,0,0,0,n,802,Scattered clouds,c02n,5
2026/7/23 5:45,0,25.8,26.9,95,25,996,2.2,130,4.7,13,41,-7.1,64.6,0,0,0,0,0,0,n,803,Broken clouds,c03n,5
2026/7/23 6:00,0,25.9,27,94,24.9,996,2,126,4.8,14,42,-4,66.3,0,0,0,0,0,0,n,803,Broken clouds,c03n,6
2026/7/23 6:15,0.12,26,27.1,94,25,996,2.3,128,5,14,39,-0.8,67.7,27,12,24,0,0,0,d,802,Scattered clouds,c02n,6
2026/7/23 6:30,1.93,26.1,27.2,94,25.1,996,2.6,130,5.2,6,36,2.5,69.1,53,24,48,1.5,0,0,d,802,Scattered clouds,c02d,6
2026/7/23 6:45,2.58,26.2,27.3,94,25.2,996,2.9,132,5.4,6,34,5.7,70.5,80,36,72,1.6,0,0,d,802,Scattered clouds,c02d,6
2026/7/23 7:00,2.87,26.3,27.4,94,25.3,996,3.2,134,5.6,6,31,8.9,71.9,106,48,96,1.6,0,0,d,802,Scattered clouds,c02d,7
2026/7/23 7:15,9.16,26.3,27.4,94,25.3,996,3.3,136,6.1,10,31,12.3,73.1,162,56,147,1.7,0,0,d,802,Scattered clouds,c02d,7
2026/7/23 7:30,22.47,26.3,27.4,94,25.3,997,3.4,138,6.6,11,31,15.6,74.3,218,63,198,1.8,0,0,d,802,Scattered clouds,c02d,7
2026/7/23 7:45,47.17,26.3,27.4,94,25.3,997,3.5,140,7.1,12,31,18.9,75.5,274,71,249,1.9,0,0,d,802,Scattered clouds,c02d,7
2026/7/23 8:00,58,26.3,27.4,94,25.3,997,3.6,142,7.6,12,31,22.3,76.7,330,79,299,2.1,0,0,d,802,Scattered clouds,c02d,8
2026/7/23 8:15,79.02,26.4,27.5,93,25.2,997,3.6,145,7.7,13,33,25.6,77.8,388,84,351,2.3,0,0,d,802,Scattered clouds,c02d,8
2026/7/23 8:30,133.8,26.5,27.6,92,25.1,997,3.6,148,7.8,14,35,29,78.8,445,88,400,2.5,0,0,d,802,Scattered clouds,c02d,8
2026/7/23 8:45,128.63,26.6,27.7,91,25,997,3.6,151,7.9,15,37,32.4,79.9,503,93,450,2.8,0,0,d,802,Scattered clouds,c02d,8
2026/7/23 9:00,125.37,26.7,29.9,90,24.9,997,3.6,154,8,16,39,35.8,81,560,98,498,3.1,0,0,d,802,Scattered clouds,c02d,9
2026/7/23 9:15,88.6,27.4,31.6,87,25.1,997,3.5,152,7.9,16,46,39.3,82.1,611,101,526,3.3,0,0,d,803,Broken clouds,c03d,9
2026/7/23 9:30,147.24,28.2,33.1,84,25.2,997,3.4,151,7.8,10,52,42.7,83.1,663,105,548,3.5,0,0,d,803,Broken clouds,c03d,9
2026/7/23 9:45,134.7,28.9,34.8,82,25.5,997,3.3,150,7.7,10,59,46.1,84.2,714,108,552,3.6,0,0,d,803,Broken clouds,c03d,9
2026/7/23 10:00,81.46,29.6,36.2,79,25.6,997,3.2,148,7.6,10,66,49.6,85.3,765,111,538,3.7,0,0,d,803,Broken clouds,c03d,10
2026/7/23 10:15,51.75,29.6,36.2,79,25.6,997,3.2,148,7.6,12,72,53,86.5,805,113,506,3.7,0,0,d,804,Overcast clouds,c04d,10
2026/7/23 10:30,88.51,29.6,36.2,79,25.6,997,3.2,148,7.6,13,78,56.5,87.8,844,115,452,3.7,0,0,d,804,Overcast clouds,c04d,10
2026/7/23 10:45,96.43,29.6,36.2,79,25.6,997,3.2,148,7.6,13,84,60,89,884,117,376,3.7,0,0,d,804,Overcast clouds,c04d,10
2026/7/23 11:00,36.76,29.6,36.2,79,25.6,997,3.2,148,7.6,14,90,63.4,90.3,924,120,271,3.6,0,0,d,804,Overcast clouds,c04d,11
2026/7/23 11:15,0,29.7,36.5,79,25.7,997,3.3,150,7.7,14,92,66.9,92.5,948,121,232,3.6,0,0,d,804,Overcast clouds,c04d,11
2026/7/23 11:30,0.01,29.8,36.8,79,25.8,997,3.4,151,7.8,14,94,70.3,94.8,973,122,187,3.7,0,0,d,804,Overcast clouds,c04d,11
2026/7/23 11:45,0.02,29.9,37.1,79,25.9,997,3.5,152,7.9,15,97,73.8,97,997,123,229,3.6,0,0,d,804,Overcast clouds,c04d,11
2026/7/23 12:00,0,30,37.4,79,26,997,3.6,154,8,16,99,77.2,99.3,1022,124,173,3.6,0,0,d,804,Overcast clouds,c04d,12
2026/7/23 12:15,0,30.4,37.6,76,25.7,997,3.5,158,8,16,93,79.7,126.8,1029,125,225,4.2,0.5,0,d,301,Drizzle,d02d,12
2026/7/23 12:30,0,30.8,38.1,74,25.6,997,3.4,162,8,14,88,82.1,154.2,1036,125,352,4.6,1,0,d,500,Light rain,r01d,12
2026/7/23 12:45,0.02,31.1,38.6,72,25.5,997,3.3,166,8,16,82,84.6,181.7,1043,125,477,5.2,1.25,0,d,500,Light rain,r01d,12
2026/7/23 13:00,47.6,31.5,38.6,69,25.1,997,3.2,170,8,16,76,87,209.1,1050,126,590,5.7,1.5,0,d,500,Light rain,r01d,13
2026/7/23 13:15,142.47,31.1,37.9,70,25,997,3.3,168,8,16,81,83.8,222.7,1039,125,495,5.2,1.5,0,d,500,Light rain,r01d,13
2026/7/23 13:30,36.98,30.8,37.5,72,25.1,997,3.4,165,8,16,86,80.7,236.3,1028,125,387,4.7,1.5,0,d,500,Light rain,r01d,13
2026/7/23 13:45,0.01,30.4,36.8,73,25,996,3.5,162,8,16,90,77.5,249.8,1018,124,302,4.3,1,0,d,500,Light rain,r01d,13
2026/7/23 14:00,0,30,36,74,24.9,996,3.6,160,8,16,95,74.4,263.4,1007,124,171,3.8,0.5,0,d,301,Drizzle,d02d,14
2026/7/23 14:15,0,29.9,35.8,74,24.8,996,3.6,159,7.8,16,95,70.9,265.3,979,122,167,3.6,0.5,0,d,301,Drizzle,d02d,14
2026/7/23 14:30,0.01,29.8,35.5,74,24.7,996,3.6,158,7.6,10,94,67.4,267.1,951,121,188,3.5,0.5,0,d,301,Drizzle,d02d,14
2026/7/23 14:45,0,29.7,35.5,75,24.8,995,3.6,157,7.4,10,94,64,269,923,119,182,3.3,0.25,0,d,804,Overcast clouds,c04d,14
2026/7/23 15:00,0,29.6,35.2,75,24.7,995,3.6,156,7.2,12,94,60.5,270.9,895,118,177,3.1,0,0,d,804,Overcast clouds,c04d,15
2026/7/23 15:15,0,29.6,35.2,75,24.7,995,3.6,154,7.4,12,96,57.1,272,853,116,122,2.8,0,0,d,804,Overcast clouds,c04d,15
2026/7/23 15:30,51.13,29.6,35.2,75,24.7,995,3.6,152,7.6,10,97,53.6,273.2,810,113,204,2.5,0,0,d,804,Overcast clouds,c04d,15
2026/7/23 15:45,72.33,29.6,35.2,75,24.7,994,3.6,150,7.8,10,98,50.2,274.4,768,111,175,2.2,0,0,d,804,Overcast clouds,c04d,15
2026/7/23 16:00,0.04,29.6,35.2,75,24.7,994,3.6,148,8,10,100,46.7,275.6,726,109,126,1.9,0,0,d,804,Overcast clouds,c04d,16
2026/7/23 16:15,0,29.7,35.5,75,24.8,994,3.7,148,8.1,12,99,43.3,276.6,673,105,140,1.8,0,0,d,804,Overcast clouds,c04d,16
2026/7/23 16:30,0,29.8,35.8,75,24.9,994,3.8,148,8.2,10,98,39.9,277.7,620,102,153,1.6,0,0,d,804,Overcast clouds,c04d,16
2026/7/23 16:45,0.05,29.9,36,75,25,994,3.9,148,8.3,10,98,36.4,278.7,567,98,144,1.4,0,0,d,804,Overcast clouds,c04d,16
2026/7/23 17:00,0.05,30,36.3,75,25.1,994,4,148,8.4,10,97,33,279.8,514,95,151,1.3,0,0,d,804,Overcast clouds,c04d,17
2026/7/23 17:15,0.02,29.7,36.1,77,25.3,994,3.8,148,8.1,12,96,29.6,280.9,456,89,151,1.2,0,0,d,804,Overcast clouds,c04d,17
2026/7/23 17:30,0,29.5,35.5,78,25.2,994,3.6,149,7.8,13,94,26.2,282,398,84,160,1.1,0,0,d,804,Overcast clouds,c04d,17
2026/7/23 17:45,0,29.2,35.2,80,25.4,994,3.4,150,7.5,13,92,22.8,283.1,340,79,84,1,0,0,d,804,Overcast clouds,c04d,17
2026/7/23 18:00,0.01,28.9,34.9,82,25.5,994,3.2,150,7.2,14,91,19.4,284.2,282,74,76,0.9,0,0,d,804,Overcast clouds,c04d,18
2026/7/23 18:15,0,28.8,34.6,82,25.4,994,3.1,148,7.3,14,92,16.1,285.4,228,65,119,0.8,0,0,d,804,Overcast clouds,c04d,18
2026/7/23 18:30,0,28.7,34.3,82,25.3,995,3,147,7.4,15,92,12.8,286.6,174,56,97,0.8,0,0,d,804,Overcast clouds,c04d,18
2026/7/23 18:45,0.03,28.6,34,82,25.2,995,2.9,146,7.5,15,93,9.5,287.8,120,47,72,0.8,0,0,d,804,Overcast clouds,c04d,18
2026/7/23 19:00,0.03,28.5,33.8,82,25.1,995,2.8,144,7.6,16,94,6.2,289.1,65,38,50,0.7,0,0,d,804,Overcast clouds,c04d,19
2026/7/23 19:15,4.86,28.4,33.5,82,25,995,2.7,142,7.3,16,94,3,290.5,49,29,38,0.7,0,0,d,804,Overcast clouds,c04n,19
2026/7/23 19:30,0.8,28.3,33.4,83,25.1,995,2.6,141,7,16,95,-0.3,292,33,19,24,0,0,0,d,804,Overcast clouds,c04n,19
2026/7/23 19:45,0.05,28.2,33.3,84,25.2,995,2.5,140,6.7,16,96,-3.5,293.4,16,10,12,0,0,0,d,804,Overcast clouds,c04n,19
2026/7/23 20:00,0,28.1,33,84,25.1,995,2.4,138,6.4,16,96,-6.7,294.9,0,0,0,0,0,0,n,804,Overcast clouds,c04n,20
2026/7/23 20:15,0,28.1,33,84,25.1,995,2.6,136,6.3,16,96,-9.7,296.7,0,0,0,0,0,0,n,804,Overcast clouds,c04n,20
2026/7/23 20:30,0,28.1,32.8,83,24.9,996,2.8,134,6.2,10,97,-12.8,298.5,0,0,0,0,0,0,n,804,Overcast clouds,c04n,20
2026/7/23 20:45,0,28.1,32.7,82,24.7,996,3,132,6.1,10,98,-15.8,300.3,0,0,0,0,0,0,n,804,Overcast clouds,c04n,20
2026/7/23 21:00,0,28.1,32.7,82,24.7,996,3.2,130,6,10,98,-18.9,302.2,0,0,0,0,0,0,n,804,Overcast clouds,c04n,21
2026/7/23 21:15,0,27.9,32.4,83,24.8,996,3.2,131,6,12,97,-21.6,304.5,0,0,0,0,0.25,0,n,804,Overcast clouds,c04n,21
2026/7/23 21:30,0,27.8,32.1,84,24.8,997,3.2,132,6,13,96,-24.4,306.9,0,0,0,0,0.5,0,n,301,Drizzle,d02n,21
2026/7/23 21:45,0,27.6,31.7,85,24.8,997,3.2,133,6,13,95,-27.2,309.3,0,0,0,0,0.25,0,n,804,Overcast clouds,c04n,21
2026/7/23 22:00,0,27.4,31.4,86,24.8,997,3.2,134,6,14,94,-30,311.7,0,0,0,0,0,0,n,804,Overcast clouds,c04n,22
2026/7/23 22:15,0,27.3,31.2,87,24.9,997,3.3,134,5.9,14,90,-32.3,315,0,0,0,0,0,0,n,804,Overcast clouds,c04n,22
2026/7/23 22:30,0,27.2,31.1,88,25,997,3.4,134,5.8,15,86,-34.6,318.2,0,0,0,0,0,0,n,804,Overcast clouds,c04n,22
2026/7/23 22:45,0,27.1,30.9,89,25.1,997,3.5,134,5.7,15,82,-36.9,321.4,0,0,0,0,0,0,n,804,Overcast clouds,c04n,22
2026/7/23 23:00,0,27,30.7,90,25.2,997,3.6,134,5.6,15,78,-39.2,324.7,0,0,0,0,0,0,n,804,Overcast clouds,c04n,23
2026/7/23 23:15,0,27,30.7,90,25.2,997,3.5,136,5.6,16,76,-40.8,329,0,0,0,0,0,0,n,804,Overcast clouds,c04n,23
2026/7/23 23:30,0,27,30.6,89,25,997,3.4,138,5.6,10,74,-42.4,333.2,0,0,0,0,0,0,n,804,Overcast clouds,c04n,23
2026/7/23 23:45,0,27,30.5,88,24.8,997,3.3,140,5.6,10,72,-44,337.5,0,0,0,0,0,0,n,804,Overcast clouds,c04n,23
2026/7/24 0:00,0,27,30.5,88,24.8,997,3.2,142,5.6,10,70,-45.5,341.8,0,0,0,0,0,0,n,803,Broken clouds,c03n,0
2026/7/24 0:15,0,26.8,30.1,89,24.9,997,3.2,142,5.4,12,71,-46,256.9,0,0,0,0,0,0,n,804,Overcast clouds,c04n,0
2026/7/24 0:30,0,26.7,27.7,90,24.9,997,3.2,143,5.2,12,72,-46.5,172,0,0,0,0,0,0,n,804,Overcast clouds,c04n,0
2026/7/24 0:45,0,26.5,27.6,91,24.9,997,3.2,144,5,13,74,-47,87.1,0,0,0,0,0,0,n,804,Overcast clouds,c04n,0
2026/7/24 1:00,0,26.3,27.4,92,24.9,997,3.2,144,4.8,14,75,-47.5,2.2,0,0,0,0,0,0,n,804,Overcast clouds,c04n,1
2026/7/24 1:15,0,26.4,27.5,92,25,997,3,143,4.7,14,78,-46.8,7.1,0,0,0,0,0,0,n,804,Overcast clouds,c04n,1
2026/7/24 1:30,0,26.5,27.6,92,25.1,997,2.8,142,4.6,7,80,-46,12.1,0,0,0,0,0,0,n,804,Overcast clouds,c04n,1
2026/7/24 1:45,0,26.6,27.7,92,25.2,997,2.6,141,4.5,7,83,-45.3,17.1,0,0,0,0,0,0,n,804,Overcast clouds,c04n,1
2026/7/24 2:00,0,26.7,30.1,92,25.3,997,2.4,140,4.4,7,86,-44.6,22.1,0,0,0,0,0,0,n,804,Overcast clouds,c04n,2
2026/7/24 2:15,0,26.7,30.1,92,25.3,997,2.4,138,4.4,7,87,-42.8,26.2,0,0,0,0,0,0,n,804,Overcast clouds,c04n,2
2026/7/24 2:30,0,26.7,30.1,92,25.3,997,2.4,136,4.4,4,88,-41.1,30.2,0,0,0,0,0,0,n,804,Overcast clouds,c04n,2
2026/7/24 2:45,0,26.7,30.1,92,25.3,996,2.4,134,4.4,4,90,-39.3,34.3,0,0,0,0,0,0,n,804,Overcast clouds,c04n,2
2026/7/24 3:00,0,26.7,30.1,92,25.3,996,2.4,132,4.4,4,91,-37.5,38.4,0,0,0,0,0,0,n,804,Overcast clouds,c04n,3
2026/7/24 3:15,0,26.6,27.7,92,25.2,996,2.3,128,4.2,4,92,-35.1,41.4,0,0,0,0,0,0,n,804,Overcast clouds,c04n,3
2026/7/24 3:30,0,26.5,27.6,93,25.3,996,2.2,125,4,4,94,-32.7,44.5,0,0,0,0,0,0,n,804,Overcast clouds,c04n,3
2026/7/24 3:45,0,26.4,27.5,94,25.4,996,2.1,122,3.8,4,96,-30.3,47.5,0,0,0,0,0,0,n,804,Overcast clouds,c04n,3
2026/7/24 4:00,0,26.3,27.4,94,25.3,996,2,118,3.6,4,97,-27.8,50.5,0,0,0,0,0,0,n,804,Overcast clouds,c04n,4
2026/7/24 4:15,0,26.3,27.4,94,25.3,996,1.9,115,3.5,4,98,-25,52.8,0,0,0,0,0,0,n,804,Overcast clouds,c04n,4
2026/7/24 4:30,0,26.3,27.4,93,25.1,997,1.8,112,3.4,10,98,-22.1,55.1,0,0,0,0,0,0,n,804,Overcast clouds,c04n,4
2026/7/24 4:45,0,26.3,27.4,92,24.9,997,1.7,109,3.3,10,99,-19.3,57.3,0,0,0,0,0,0,n,804,Overcast clouds,c04n,4
2026/7/24 5:00,0,26.3,27.4,92,24.9,997,1.6,106,3.2,10,100,-16.5,59.6,0,0,0,0,0,0,n,804,Overcast clouds,c04n,5
2026/7/24 5:15,0,26.4,27.5,92,25,997,1.7,104,3.6,10,100,-13.4,61.3,0,0,0,0,0,0,n,804,Overcast clouds,c04n,5
2026/7/24 5:30,0,26.5,27.6,92,25.1,997,1.8,101,4,10,100,-10.3,63.1,0,0,0,0,0,0,n,804,Overcast clouds,c04n,5
2026/7/24 5:45,0,26.6,27.7,92,25.2,997,1.9,98,4.4,6,99,-7.2,64.8,0,0,0,0,0,0,n,804,Overcast clouds,c04n,5
2026/7/24 6:00,0.05,26.7,30.1,92,25.3,997,2,96,4.8,5,99,-4.1,66.5,0,0,0,0,0,0,n,804,Overcast clouds,c04n,6
2026/7/24 6:15,1.4,26.7,30.1,92,25.3,997,2.1,95,4.8,5,99,-0.9,67.9,26,12,13,0,0,0,d,804,Overcast clouds,c04n,6
2026/7/24 6:30,3.43,26.7,30.1,92,25.3,998,2.2,94,4.8,4,100,2.4,69.3,53,24,25,0.6,0,0,d,804,Overcast clouds,c04d,6
2026/7/24 6:45,11.93,26.7,30.1,92,25.3,998,2.3,93,4.8,4,100,5.6,70.7,79,36,37,0.6,0,0,d,804,Overcast clouds,c04d,6
2026/7/24 7:00,30.42,26.7,30.1,92,25.3,998,2.4,92,4.8,4,100,8.9,72.1,105,48,49,0.6,0,0,d,804,Overcast clouds,c04d,7
2026/7/24 7:15,32.5,26.7,30,91,25.1,998,2.5,95,5.4,4,100,12.2,73.3,161,55,58,0.7,0,0,d,804,Overcast clouds,c04d,7
2026/7/24 7:30,26.78,26.7,29.9,90,24.9,998,2.6,98,6,10,100,15.5,74.5,217,63,67,0.7,0,0,d,804,Overcast clouds,c04d,7
2026/7/24 7:45,31.69,26.7,29.8,89,24.7,998,2.7,101,6.6,10,99,18.9,75.7,273,71,85,0.8,0,0,d,804,Overcast clouds,c04d,7
2026/7/24 8:00,37.85,26.7,29.7,88,24.5,998,2.8,104,7.2,10,99,22.2,76.9,329,79,96,0.9,0,0,d,804,Overcast clouds,c04d,8
2026/7/24 8:15,123.95,26.6,27.7,90,24.8,998,2.9,108,7.2,9,99,25.6,78,387,84,104,0.9,0,0,d,804,Overcast clouds,c04d,8
2026/7/24 8:30,132.63,26.5,27.6,91,24.9,998,3,111,7.2,9,100,29,79.1,444,88,97,1,0,0,d,804,Overcast clouds,c04d,8
2026/7/24 8:45,84.75,26.4,27.5,92,25,998,3.1,114,7.2,13,100,32.4,80.2,502,93,103,1.2,0,0,d,804,Overcast clouds,c04d,8
2026/7/24 9:00,157.16,26.3,27.4,94,25.3,998,3.2,118,7.2,13,100,35.8,81.2,559,98,109,1.3,0,0,d,804,Overcast clouds,c04d,9
2026/7/24 9:15,86.82,27,30.8,92,25.5,998,3.1,119,7,13,100,39.2,82.3,611,101,112,1.5,0,0,d,804,Overcast clouds,c04d,9
2026/7/24 9:30,67.65,27.6,32.4,89,25.6,998,3,120,6.8,10,100,42.7,83.4,662,105,117,1.7,0,0,d,804,Overcast clouds,c04d,9
2026/7/24 9:45,30.28,28.3,33.8,86,25.7,998,2.9,121,6.6,10,99,46.1,84.5,713,108,142,1.9,0,0,d,804,Overcast clouds,c04d,9
2026/7/24 10:00,99.78,28.9,35.3,84,25.9,998,2.8,122,6.4,12,99,49.5,85.6,764,111,147,2.1,0,0,d,804,Overcast clouds,c04d,10
2026/7/24 10:15,18.06,29.1,35.6,83,25.9,998,2.9,124,6.5,12,99,53,86.9,804,113,151,2.3,0,0,d,804,Overcast clouds,c04d,10
2026/7/24 10:30,14.73,29.3,35.9,82,25.9,998,3,125,6.6,10,100,56.4,88.1,844,115,130,2.5,0,0,d,804,Overcast clouds,c04d,10
2026/7/24 10:45,133.99,29.4,36.4,82,26,998,3.1,126,6.7,10,100,59.9,89.4,884,117,132,2.7,0,0,d,804,Overcast clouds,c04d,10
2026/7/24 11:00,133.06,29.6,36.7,81,26,998,3.2,128,6.8,10,100,63.4,90.7,923,120,136,2.9,0,0,d,804,Overcast clouds,c04d,11
2026/7/24 11:15,24.22,29.8,37.1,80,26,998,3.3,130,7.1,10,100,66.8,93.1,948,121,138,3.1,0,0,d,804,Overcast clouds,c04d,11
2026/7/24 11:30,3.91,30,37.4,79,26,998,3.4,131,7.4,10,100,70.3,95.5,972,122,139,3.2,0,0,d,804,Overcast clouds,c04d,11
2026/7/24 11:45,3.91,30.2,37.7,78,25.9,998,3.5,132,7.7,10,100,73.7,97.8,997,123,141,3.4,0.5,0,d,301,Drizzle,d02d,11
2026/7/24 12:00,3.91,30.4,38,77,25.9,998,3.6,134,8,10,100,77.2,100.2,1021,124,142,3.5,1,0,d,500,Light rain,r01d,12
2026/7/24 12:15,3.9,30.8,38.2,74,25.6,998,3.7,134,8.2,10,99,79.6,127,1029,125,176,3.7,1,0,d,500,Light rain,r01d,12
2026/7/24 12:30,3.89,31.2,38.6,72,25.5,998,3.8,135,8.4,11,98,82,153.7,1036,125,208,3.8,1,0,d,500,Light rain,r01d,12
2026/7/24 12:45,3.88,31.5,38.7,69,25.1,998,3.9,136,8.6,16,98,84.4,180.5,1043,125,210,3.9,0.5,0,d,301,Drizzle,d02d,12
2026/7/24 13:00,93.58,31.9,38.7,66,24.7,997,4,136,8.8,16,97,86.8,207.3,1050,126,244,4,0,0,d,804,Overcast clouds,c04d,13
2026/7/24 13:15,73.3,31.9,38.7,66,24.7,997,3.9,140,8.8,16,98,83.7,221.1,1039,125,212,3.8,0,0,d,804,Overcast clouds,c04d,13
2026/7/24 13:30,126.13,31.9,39.1,67,25,997,3.8,143,8.8,15,98,80.6,234.9,1028,125,209,3.8,0,0,d,804,Overcast clouds,c04d,13
2026/7/24 13:45,14.01,31.9,39.4,68,25.2,997,3.7,146,8.8,15,98,77.4,248.8,1018,124,206,3.7,0,0,d,804,Overcast clouds,c04d,13
2026/7/24 14:00,26.03,31.9,39.4,68,25.2,997,3.6,150,8.8,15,99,74.3,262.6,1007,124,176,3.5,0,0,d,804,Overcast clouds,c04d,14
2026/7/24 14:15,88.94,31.9,39.4,68,25.2,997,3.5,148,8.4,15,99,70.9,264.6,979,122,172,3.3,0,0,d,804,Overcast clouds,c04d,14
2026/7/24 14:30,88.85,31.9,39.4,68,25.2,997,3.4,147,8,10,100,67.4,266.5,951,121,141,3.1,0,0,d,804,Overcast clouds,c04d,14
2026/7/24 14:45,73.34,31.9,39.8,69,25.5,997,3.3,146,7.6,10,100,64,268.5,923,119,137,2.9,0,0,d,804,Overcast clouds,c04d,14
2026/7/24 15:00,34.32,31.9,39.8,69,25.5,996,3.2,144,7.2,10,100,60.5,270.4,895,118,136,2.7,0,0,d,804,Overcast clouds,c04d,15
2026/7/24 15:15,3.99,32,40,69,25.6,996,3.2,146,7.1,12,100,57,271.6,853,116,133,2.5,0.25,0,d,804,Overcast clouds,c04d,15
2026/7/24 15:30,3.93,32.1,39.8,68,25.4,996,3.2,147,7,7,100,53.6,272.9,810,113,129,2.3,0.5,0,d,301,Drizzle,d02d,15
2026/7/24 15:45,3.97,32.1,40,68,25.5,996,3.2,148,6.9,7,100,50.1,274.1,768,111,126,2.1,0.25,0,d,804,Overcast clouds,c04d,15
2026/7/24 16:00,3.9,32.2,40.3,68,25.5,995,3.2,150,6.8,7,100,46.7,275.3,725,109,123,1.9,0,0,d,804,Overcast clouds,c04d,16
2026/7/24 16:15,4.02,32.1,40,68,25.5,995,3,150,6.5,7,100,43.2,276.3,672,105,118,1.7,0,0,d,804,Overcast clouds,c04d,16
2026/7/24 16:30,3.9,32.1,39.8,68,25.4,995,2.8,149,6.2,10,100,39.8,277.4,619,102,114,1.5,0,0,d,804,Overcast clouds,c04d,16
2026/7/24 16:45,3.95,32,39.6,68,25.3,995,2.6,148,5.9,10,99,36.4,278.5,566,98,126,1.4,0,0,d,804,Overcast clouds,c04d,16
2026/7/24 17:00,52.76,31.9,39.4,68,25.2,995,2.4,148,5.6,10,99,32.9,279.6,513,95,121,1.2,0,0,d,804,Overcast clouds,c04d,17
2026/7/24 17:15,31.29,31.5,39,70,25.4,995,2.3,144,5,8,98,29.6,280.7,455,89,125,1.1,0,0,d,804,Overcast clouds,c04d,17
2026/7/24 17:30,39.28,31.2,38.6,72,25.5,995,2.2,141,4.4,13,98,26.2,281.8,397,84,115,1,0,0,d,804,Overcast clouds,c04d,17
2026/7/24 17:45,15.23,30.8,38.2,74,25.6,994,2.1,138,3.8,13,97,22.8,282.9,339,79,115,0.9,0,0,d,804,Overcast clouds,c04d,17
2026/7/24 18:00,3.95,30.4,37.7,76,25.7,994,2,134,3.2,13,96,19.4,284,281,74,111,0.8,0,0,d,804,Overcast clouds,c04d,18
2026/7/24 18:15,3.94,30.3,37.7,77,25.8,994,1.7,131,2.8,14,95,16.1,285.2,227,65,101,0.8,0,0,d,804,Overcast clouds,c04d,18
2026/7/24 18:30,3.96,30.2,37.7,78,25.9,995,1.4,128,2.4,15,94,12.7,286.4,173,56,88,0.8,0,0,d,804,Overcast clouds,c04d,18
2026/7/24 18:45,3.91,30.1,37.4,78,25.8,995,1.1,125,2,15,93,9.4,287.6,118,47,72,0.8,0,0,d,804,Overcast clouds,c04d,18
2026/7/24 19:00,4.31,30,37.4,79,26,995,0.8,122,1.6,16,92,6.1,288.9,64,38,53,0.7,0,0,d,804,Overcast clouds,c04d,19
2026/7/24 19:15,2.79,29.8,37.1,80,26,995,1,118,1.7,10,82,2.9,290.3,48,28,49,0.9,0,0,d,804,Overcast clouds,c04n,19
2026/7/24 19:30,0.64,29.7,36.6,80,25.8,995,1.2,114,1.8,10,72,-0.3,291.8,32,19,20,0,0,0,d,804,Overcast clouds,c04n,19
2026/7/24 19:45,0.07,29.5,36.3,81,25.9,995,1.4,110,1.9,10,63,-3.6,293.2,16,9,12,0,0,0,d,803,Broken clouds,c03n,19
2026/7/24 20:00,0,29.3,36.1,82,25.9,995,1.6,106,2,10,53,-6.8,294.7,0,0,0,0,0,0,n,803,Broken clouds,c03n,20
2026/7/24 20:15,0,29.3,36.1,82,25.9,995,1.6,106,2,12,53,-9.8,296.5,0,0,0,0,0,0,n,803,Broken clouds,c03n,20
2026/7/24 20:30,0,29.3,36.1,82,25.9,996,1.6,106,2,10,52,-12.9,298.3,0,0,0,0,0,0,n,803,Broken clouds,c03n,20
2026/7/24 20:45,0,29.3,36.1,82,25.9,996,1.6,106,2,10,52,-15.9,300.1,0,0,0,0,0,0,n,803,Broken clouds,c03n,20
2026/7/24 21:00,0,29.3,36.1,82,25.9,996,1.6,106,2,12,52,-19,302,0,0,0,0,0,0,n,803,Broken clouds,c03n,21
2026/7/24 21:15,0,29,35.6,84,26,996,1.5,110,2.1,12,54,-21.8,304.4,0,0,0,0,0,0,n,803,Broken clouds,c03n,21
2026/7/24 21:30,0,28.7,34.9,85,25.9,997,1.4,114,2.2,13,56,-24.5,306.8,0,0,0,0,0,0,n,803,Broken clouds,c03n,21
2026/7/24 21:45,0.01,28.4,34.2,86,25.8,997,1.3,118,2.3,13,57,-27.3,309.1,0,0,0,0,0,0,n,803,Broken clouds,c03n,21
2026/7/24 22:00,0,28.1,33.7,88,25.9,997,1.2,122,2.4,14,59,-30.1,311.5,0,0,0,0,0,0,n,803,Broken clouds,c03n,22
2026/7/24 22:15,0,27.9,33.2,88,25.7,997,1.1,130,2.4,14,58,-32.4,314.8,0,0,0,0,0,0,n,803,Broken clouds,c03n,22
2026/7/24 22:30,0,27.8,32.8,89,25.8,998,1,137,2.4,15,56,-34.8,318,0,0,0,0,0,0,n,803,Broken clouds,c03n,22
2026/7/24 22:45,0,27.6,32.4,90,25.8,998,0.9,144,2.4,15,54,-37.1,321.3,0,0,0,0,0,0,n,803,Broken clouds,c03n,22
2026/7/24 23:00,0.01,27.4,31.9,90,25.6,998,0.8,152,2.4,15,53,-39.4,324.5,0,0,0,0,0,0,n,803,Broken clouds,c03n,23
2026/7/24 23:15,0,27.3,31.6,90,25.5,998,0.9,162,2.4,16,57,-41,328.8,0,0,0,0,0,0,n,803,Broken clouds,c03n,23
2026/7/24 23:30,0,27.2,31.4,91,25.6,998,1,171,2.4,16,61,-42.6,333.1,0,0,0,0,0,0,n,803,Broken clouds,c03n,23
2026/7/24 23:45,0,27.1,31.2,92,25.7,998,1.1,180,2.4,16,65,-44.1,337.4,0,0,0,0,0,0,n,803,Broken clouds,c03n,23
2026/7/25 0:00,0,27,30.9,92,25.6,998,1.2,190,2.4,16,69,-45.7,341.7,0,0,0,0,0,0,n,803,Broken clouds,c03n,0
2026/7/25 0:15,0,26.9,30.7,92,25.5,998,1.3,189,2.3,16,71,-46.2,256.8,0,0,0,0,0,0,n,804,Overcast clouds,c04n,0
2026/7/25 0:30,0,26.9,30.5,92,25.4,998,1.4,188,2.2,16,73,-46.7,171.9,0,0,0,0,0,0,n,804,Overcast clouds,c04n,0
2026/7/25 0:45,0,26.8,30.3,92,25.4,997,1.5,187,2.1,16,75,-47.2,87,0,0,0,0,0,0,n,804,Overcast clouds,c04n,0
2026/7/25 1:00,0,26.7,30.1,92,25.3,997,1.6,186,2,16,77,-47.7,2.2,0,0,0,0,0,0,n,804,Overcast clouds,c04n,1
2026/7/25 1:15,0,26.8,30.3,92,25.4,997,1.5,176,1.9,16,79,-47,7.2,0,0,0,0,0,0,n,804,Overcast clouds,c04n,1
2026/7/25 1:30,0,26.9,30.5,92,25.4,997,1.4,167,1.8,10,80,-46.2,12.2,0,0,0,0,0,0,n,804,Overcast clouds,c04n,1
2026/7/25 1:45,0,26.9,30.7,92,25.5,997,1.3,158,1.7,10,82,-45.5,17.2,0,0,0,0,0,0,n,804,Overcast clouds,c04n,1
2026/7/25 2:00,0,27,30.9,92,25.6,997,1.2,148,1.6,10,84,-44.8,22.2,0,0,0,0,0,0,n,804,Overcast clouds,c04n,2
2026/7/25 2:15,0,26.9,30.7,92,25.5,997,1.3,140,1.7,12,86,-43,26.3,0,0,0,0,0,0,n,804,Overcast clouds,c04n,2
2026/7/25 2:30,0,26.9,30.5,92,25.4,997,1.4,132,1.8,10,89,-41.2,30.4,0,0,0,0,0,0,n,804,Overcast clouds,c04n,2
2026/7/25 2:45,0,26.8,30.3,92,25.4,997,1.5,124,1.9,10,92,-39.5,34.4,0,0,0,0,0,0,n,804,Overcast clouds,c04n,2
2026/7/25 3:00,0,26.7,30.1,92,25.3,997,1.6,116,2,12,94,-37.7,38.5,0,0,0,0,0,0,n,804,Overcast clouds,c04n,3
2026/7/25 3:15,0,26.5,27.6,93,25.3,997,1.4,116,2,12,94,-35.3,41.6,0,0,0,0,0,0,n,804,Overcast clouds,c04n,3
2026/7/25 3:30,0,26.3,27.4,94,25.3,997,1.2,116,2,13,94,-32.8,44.6,0,0,0,0,0,0,n,804,Overcast clouds,c04n,3
2026/7/25 3:45,0.01,26.1,27.2,95,25.2,997,1,116,2,13,95,-30.4,47.7,0,0,0,0,0,0,n,804,Overcast clouds,c04n,3
2026/7/25 4:00,0,25.9,27.1,96,25.2,997,0.8,116,2,14,95,-28,50.7,0,0,0,0,0,0,n,804,Overcast clouds,c04n,4
2026/7/25 4:15,0,25.9,27.1,96,25.2,997,0.8,114,1.9,14,96,-25.1,53,0,0,0,0,0,0,n,804,Overcast clouds,c04n,4
2026/7/25 4:30,0,25.9,27.1,96,25.2,997,0.8,111,1.8,10,96,-22.3,55.2,0,0,0,0,0,0,n,804,Overcast clouds,c04n,4
2026/7/25 4:45,0,25.9,27.1,96,25.2,997,0.8,108,1.7,10,97,-19.4,57.5,0,0,0,0,0,0,n,804,Overcast clouds,c04n,4
2026/7/25 5:00,0,25.9,27.1,96,25.2,997,0.8,106,1.6,10,98,-16.6,59.8,0,0,0,0,0,0,n,804,Overcast clouds,c04n,5
2026/7/25 5:15,0,26.1,27.3,96,25.4,997,0.8,94,1.6,12,85,-13.5,61.5,0,0,0,0,0,0,n,804,Overcast clouds,c04n,5
2026/7/25 5:30,0,26.3,27.5,96,25.6,997,0.8,82,1.6,12,72,-10.4,63.2,0,0,0,0,0,0,n,804,Overcast clouds,c04n,5
2026/7/25 5:45,0,26.5,27.7,96,25.8,997,0.8,70,1.6,13,59,-7.3,65,0,0,0,0,0,0,n,803,Broken clouds,c03n,5
2026/7/25 6:00,0,26.7,30.4,96,26,997,0.8,58,1.6,14,46,-4.2,66.7,0,0,0,0,0,0,n,803,Broken clouds,c03n,6
2026/7/25 6:15,1,26.6,27.8,96,25.9,997,0.8,65,1.8,14,56,-1,68.1,26,12,21,0,0,0,d,803,Broken clouds,c03n,6
2026/7/25 6:30,4.42,26.5,27.7,96,25.8,997,0.8,72,2,10,66,2.3,69.5,52,24,37,1.1,0,0,d,803,Broken clouds,c03d,6
2026/7/25 6:45,10.06,26.4,27.6,96,25.7,997,0.8,79,2.2,10,77,5.5,70.9,78,36,43,1,0,0,d,804,Overcast clouds,c04d,6
2026/7/25 7:00,18.13,26.3,27.5,96,25.6,997,0.8,86,2.4,10,87,8.8,72.3,104,47,83,0.8,0,0,d,804,Overcast clouds,c04d,7
2026/7/25 7:15,28.79,26.4,27.6,96,25.7,997,0.7,88,2.5,12,76,12.1,73.5,160,55,91,1,0,0,d,804,Overcast clouds,c04d,7
2026/7/25 7:30,41.16,26.5,27.7,96,25.8,998,0.6,89,2.6,13,66,15.4,74.7,216,63,152,1.2,0,0,d,803,Broken clouds,c03d,7
2026/7/25 7:45,65.37,26.6,27.8,96,25.9,998,0.5,90,2.7,13,56,18.8,75.9,272,71,216,1.5,0,0,d,803,Broken clouds,c03d,7
2026/7/25 8:00,50.25,26.7,30.4,96,26,998,0.4,92,2.8,14,45,22.1,77.1,328,79,282,1.8,0,0,d,803,Broken clouds,c03d,8
2026/7/25 8:15,53.19,26.9,30.9,95,26,998,0.3,142,2.8,14,37,25.5,78.2,386,84,343,2.2,0,0,d,802,Scattered clouds,c02d,8
2026/7/25 8:30,106,27.1,31.3,94,26,998,0.2,193,2.8,10,29,28.9,79.3,443,88,402,2.7,0,0,d,802,Scattered clouds,c02d,8
2026/7/25 8:45,122.03,27.2,31.8,93,26,998,0.1,244,2.8,10,21,32.3,80.4,501,93,459,3.2,0,0,d,802,Scattered clouds,c02d,8
2026/7/25 9:00,139.14,27.4,32.2,92,26,998,0,294,2.8,10,13,35.7,81.5,559,98,514,3.9,0,0,d,801,Few clouds,c02d,9
2026/7/25 9:15,152.36,28.3,34.2,87,25.9,998,0.2,292,2.9,12,18,39.2,82.6,610,101,560,4.2,0,0,d,801,Few clouds,c02d,9
2026/7/25 9:30,169.97,29.3,35.9,82,25.9,998,0.4,291,3,12,22,42.6,83.7,661,105,606,4.6,0,0,d,802,Scattered clouds,c02d,9
2026/7/25 9:45,184.07,30.2,37.3,77,25.7,998,0.6,290,3.1,13,26,46,84.8,713,108,651,4.9,0,0,d,802,Scattered clouds,c02d,9
2026/7/25 10:00,28.84,31.1,38.5,72,25.4,998,0.8,288,3.2,14,31,49.5,85.9,764,111,693,5.3,0,0,d,802,Scattered clouds,c02d,10
2026/7/25 10:15,149.5,31.2,38.5,71,25.3,998,0.8,287,3.2,14,36,52.9,87.2,804,113,720,5.5,0,0,d,802,Scattered clouds,c02d,10
2026/7/25 10:30,200.59,31.3,38.4,70,25.2,998,0.8,286,3.2,15,40,56.4,88.5,844,115,747,5.8,0,0,d,802,Scattered clouds,c02d,10
2026/7/25 10:45,214.48,31.4,38.7,70,25.3,998,0.8,285,3.2,15,45,59.9,89.9,883,117,763,6,0,0,d,803,Broken clouds,c03d,10
2026/7/25 11:00,55.76,31.5,38.6,69,25.1,998,0.8,284,3.2,16,50,63.3,91.2,923,120,775,6.1,0,0,d,803,Broken clouds,c03d,11
2026/7/25 11:15,67.03,31.6,38.6,68,25,998,0.7,281,3.2,10,55,66.8,93.7,948,121,766,6.2,0,0,d,803,Broken clouds,c03d,11
2026/7/25 11:30,2.66,31.7,38.9,68,25.1,998,0.6,278,3.2,10,60,70.2,96.2,972,122,745,6.1,0,0,d,803,Broken clouds,c03d,11
2026/7/25 11:45,2.62,31.8,38.8,67,24.9,998,0.5,275,3.2,10,65,73.6,98.6,997,123,716,6,0,0,d,803,Broken clouds,c03d,11
2026/7/25 12:00,2.65,31.9,38.7,66,24.7,997,0.4,272,3.2,10,70,77.1,101.1,1021,124,673,5.9,0,0,d,803,Broken clouds,c03d,12
2026/7/25 12:15,2.65,32.5,39.4,63,24.6,997,0.4,268,3.3,10,68,79.5,127.2,1029,125,705,6.2,0,0,d,803,Broken clouds,c03d,12
2026/7/25 12:30,108.83,33.2,39.9,60,24.3,997,0.4,265,3.4,10,67,81.9,153.4,1036,125,723,6.3,0,0,d,803,Broken clouds,c03d,12
2026/7/25 12:45,42.35,33.8,40.8,58,24.3,997,0.4,262,3.5,10,66,84.2,179.5,1043,125,740,6.5,0,0,d,803,Broken clouds,c03d,12
2026/7/25 13:00,4,34.4,41.2,55,24,997,0.4,258,3.6,12,64,86.6,205.6,1050,126,769,6.7,0,0,d,803,Broken clouds,c03d,13
2026/7/25 13:15,3.94,34.4,41.2,55,24,997,0.5,260,3.5,12,56,83.5,219.6,1039,125,836,7.3,0,0,d,803,Broken clouds,c03d,13
2026/7/25 13:30,124.98,34.4,40.8,54,23.7,997,0.6,261,3.4,10,48,80.4,233.7,1028,125,881,7.8,0,0,d,803,Broken clouds,c03d,13
2026/7/25 13:45,78.16,34.4,40.8,54,23.7,997,0.7,262,3.3,10,41,77.4,247.8,1017,124,903,8.2,0,0,d,803,Broken clouds,c03d,13
2026/7/25 14:00,3.99,34.4,40.8,54,23.7,996,0.8,264,3.2,10,33,74.3,261.9,1007,124,917,8.6,0,0,d,802,Scattered clouds,c02d,14
2026/7/25 14:15,27.11,34.4,40.8,54,23.7,996,0.7,265,3.2,12,32,70.8,263.9,979,122,893,8.2,0,0,d,802,Scattered clouds,c02d,14
2026/7/25 14:30,16.4,34.4,40.8,54,23.7,996,0.6,266,3.2,13,32,67.4,265.9,951,121,868,7.8,0,0,d,802,Scattered clouds,c02d,14
2026/7/25 14:45,73.02,34.4,40.4,53,23.4,996,0.5,267,3.2,13,31,63.9,268,923,119,845,7.4,0,0,d,802,Scattered clouds,c02d,14
2026/7/25 15:00,34.72,34.4,40.4,53,23.4,995,0.4,268,3.2,14,30,60.5,270,895,118,821,7,0,0,d,802,Scattered clouds,c02d,15
2026/7/25 15:15,0,34.7,40.7,52,23.4,995,0.4,272,3.1,14,26,57,271.2,852,116,787,6.7,0,0,d,802,Scattered clouds,c02d,15
2026/7/25 15:30,0,35,41.1,51,23.3,995,0.4,277,3,10,22,53.5,272.5,810,113,751,6.3,0,0,d,802,Scattered clouds,c02d,15
2026/7/25 15:45,0,35.3,41.4,50,23.3,995,0.4,282,2.9,10,18,50.1,273.7,767,111,714,6,0,0,d,801,Few clouds,c02d,15
2026/7/25 16:00,88.3,35.6,41.7,49,23.2,995,0.4,286,2.8,12,14,46.6,275,725,109,676,5.6,0,0,d,801,Few clouds,c02d,16
2026/7/25 16:15,63.4,35.7,41.9,49,23.3,995,0.4,219,2.7,12,12,43.2,276,672,105,626,5.1,0,0,d,801,Few clouds,c02d,16
2026/7/25 16:30,7.49,35.8,42.1,49,23.4,995,0.4,152,2.6,13,11,39.8,277.1,618,102,576,4.5,0,0,d,801,Few clouds,c02d,16
2026/7/25 16:45,3.9,35.8,42.3,49,23.4,995,0.4,85,2.5,13,10,36.3,278.2,565,98,527,4,0,0,d,801,Few clouds,c02d,16
2026/7/25 17:00,3.95,35.9,42.4,49,23.5,994,0.4,18,2.4,14,8,32.9,279.3,512,95,477,3.6,0,0,d,801,Few clouds,c02d,17
2026/7/25 17:15,8.93,35,41.8,53,24,994,0.5,19,2.3,14,9,29.5,280.4,454,89,422,3.2,0,0,d,801,Few clouds,c02d,17
2026/7/25 17:30,24.05,34.1,41.1,57,24.3,994,0.6,20,2.2,16,10,26.1,281.5,396,84,368,2.8,0,0,d,801,Few clouds,c02d,17
2026/7/25 17:45,3.9,33.1,40.2,61,24.6,994,0.7,21,2.1,16,10,22.7,282.6,338,79,313,2.5,0,0,d,801,Few clouds,c02d,17
2026/7/25 18:00,60.17,32.2,39.2,65,24.8,994,0.8,22,2,16,11,19.3,283.7,280,73,259,2.3,0,0,d,801,Few clouds,c02d,18
2026/7/25 18:15,50.17,32.1,39,65,24.7,994,0.8,36,1.9,16,10,16,285,226,65,209,2.1,0,0,d,801,Few clouds,c02d,18
2026/7/25 18:30,32.9,32.1,39.1,66,24.9,994,0.8,49,1.8,10,10,12.7,286.2,171,56,158,2,0,0,d,801,Few clouds,c02d,18
2026/7/25 18:45,22.86,32,38.9,66,24.8,994,0.8,62,1.7,10,9,9.3,287.4,117,47,108,2,0,0,d,801,Few clouds,c02d,18
2026/7/25 19:00,14.59,31.9,38.7,66,24.7,994,0.8,76,1.6,10,8,6,288.7,63,38,58,1.9,0,0,d,801,Few clouds,c02d,19
2026/7/25 19:15,3.31,31.8,38.8,67,24.9,994,1,78,1.7,12,8,2.8,290.1,47,28,44,1.9,0,0,d,801,Few clouds,c02n,19
2026/7/25 19:30,0.82,31.7,38.9,68,25.1,994,1.2,80,1.8,13,7,-0.4,291.6,32,19,30,0,0,0,d,801,Few clouds,c02n,19
2026/7/25 19:45,0.09,31.6,38.6,68,25,994,1.4,82,1.9,13,6,-3.6,293,16,9,15,0,0,0,d,801,Few clouds,c02n,19
2026/7/25 20:00,0,31.5,38.6,69,25.1,994,1.6,84,2,13,6,-6.9,294.5,0,0,0,0,0,0,n,801,Few clouds,c02n,20
2026/7/25 20:15,0,31.5,38.6,69,25.1,995,1.7,89,1.9,14,5,-9.9,296.3,0,0,0,0,0,0,n,801,Few clouds,c02n,20
2026/7/25 20:30,0,31.5,38.6,69,25.1,995,1.8,94,1.8,15,4,-13,298.1,0,0,0,0,0,0,n,801,Few clouds,c02n,20
2026/7/25 20:45,0,31.5,38.6,69,25.1,995,1.9,99,1.9,15,4,-16,299.9,0,0,0,0,0,0,n,801,Few clouds,c02n,20
2026/7/25 21:00,0,31.5,38.6,69,25.1,995,2,104,2,16,3,-19.1,301.8,0,0,0,0,0,0,n,801,Few clouds,c02n,21
2026/7/25 21:15,0,31.1,38.2,71,25.2,995,2,110,2,16,4,-21.9,304.2,0,0,0,0,0,0,n,801,Few clouds,c02n,21
2026/7/25 21:30,0,30.8,37.8,73,25.3,995,2,117,2,10,4,-24.7,306.6,0,0,0,0,0,0,n,801,Few clouds,c02n,21
2026/7/25 21:45,0,30.4,37.3,75,25.4,995,2,124,2,10,4,-27.5,309,0,0,0,0,0,0,n,801,Few clouds,c02n,21
2026/7/25 22:00,0,30,36.8,77,25.5,995,2,130,2,10,5,-30.2,311.4,0,0,0,0,0,0,n,801,Few clouds,c02n,22
2026/7/25 22:15,0,29.6,36.3,79,25.6,995,2,134,2,12,5,-32.6,314.6,0,0,0,0,0,0,n,801,Few clouds,c02n,22
2026/7/25 22:30,0,29.3,35.4,80,25.4,996,2,139,2,13,4,-34.9,317.9,0,0,0,0,0,0,n,801,Few clouds,c02n,22
2026/7/25 22:45,0,28.9,34.8,82,25.5,996,2,144,2,13,4,-37.2,321.1,0,0,0,0,0,0,n,801,Few clouds,c02n,22
2026/7/25 23:00,0,28.5,34.1,84,25.5,996,2,148,2,13,4,-39.6,324.4,0,0,0,0,0,0,n,801,Few clouds,c02n,23
2026/7/25 23:15,0,28.6,34.4,84,25.6,996,1.9,159,1.9,14,3,-41.2,328.7,0,0,0,0,0,0,n,801,Few clouds,c02n,23
2026/7/25 23:30,0,28.7,34.7,84,25.7,996,1.8,170,1.8,14,2,-42.8,333,0,0,0,0,0,0,n,801,Few clouds,c02n,23
2026/7/25 23:45,0,28.8,35,84,25.8,996,1.7,181,1.7,15,1,-44.3,337.3,0,0,0,0,0,0,n,800,Clear Sky,c01n,23
2026/7/26 0:00,0.01,28.9,35.3,84,25.9,996,1.6,192,1.6,15,0,-45.9,341.6,0,0,0,0,0,0,n,800,Clear Sky,c01n,0
2026/7/26 0:15,0,28.7,34.9,85,25.9,996,1.7,200,1.7,16,0,-46.4,256.8,0,0,0,0,0,0,n,800,Clear Sky,c01n,0
2026/7/26 0:30,0,28.5,34.5,86,25.9,996,1.8,209,1.8,16,0,-46.9,171.9,0,0,0,0,0,0,n,800,Clear Sky,c01n,0
2026/7/26 0:45,0,28.3,34.1,87,25.9,995,1.9,218,1.9,16,1,-47.4,87,0,0,0,0,0,0,n,800,Clear Sky,c01n,0
2026/7/26 1:00,0,28.1,33.7,88,25.9,995,2,226,2,16,1,-47.9,2.2,0,0,0,0,0,0,n,800,Clear Sky,c01n,1
2026/7/26 1:15,0.01,27.9,33.2,88,25.7,995,2,232,2.1,16,1,-47.2,7.2,0,0,0,0,0,0,n,800,Clear Sky,c01n,1
2026/7/26 1:30,0,27.8,32.8,89,25.8,995,2,239,2.2,16,1,-46.4,12.2,0,0,0,0,0,0,n,800,Clear Sky,c01n,1
2026/7/26 1:45,0,27.6,32.4,90,25.8,995,2,246,2.3,16,1,-45.7,17.3,0,0,0,0,0,0,n,800,Clear Sky,c01n,1
2026/7/26 2:00,0,27.4,31.9,90,25.6,995,2,252,2.4,16,1,-45,22.3,0,0,0,0,0,0,n,800,Clear Sky,c01n,2
2026/7/26 2:15,0,27.3,31.6,90,25.5,995,1.9,259,2.4,16,1,-43.2,26.4,0,0,0,0,0,0,n,800,Clear Sky,c01n,2
2026/7/26 2:30,0,27.2,31.4,91,25.6,995,1.8,266,2.4,16,0,-41.4,30.5,0,0,0,0,0,0,n,800,Clear Sky,c01n,2
2026/7/26 2:45,0,27.1,31.2,92,25.7,994,1.7,273,2.4,16,0,-39.7,34.6,0,0,0,0,0,0,n,800,Clear Sky,c01n,2
2026/7/26 3:00,0,27,30.9,92,25.6,994,1.6,280,2.4,16,0,-37.9,38.7,0,0,0,0,0,0,n,800,Clear Sky,c01n,3
2026/7/26 3:15,0,26.8,30.4,92,25.4,994,1.6,284,2.5,16,0,-35.4,41.7,0,0,0,0,0,0,n,800,Clear Sky,c01n,3
2026/7/26 3:30,0,26.7,27.8,93,25.4,994,1.6,287,2.6,16,0,-33,44.8,0,0,0,0,0,0,n,800,Clear Sky,c01n,3
2026/7/26 3:45,0,26.5,27.6,94,25.4,994,1.6,290,2.7,16,1,-30.5,47.8,0,0,0,0,0,0,n,800,Clear Sky,c01n,3
2026/7/26 4:00,0,26.3,27.4,94,25.3,994,1.6,294,2.8,16,1,-28.1,50.9,0,0,0,0,0,0,n,800,Clear Sky,c01n,4
2026/7/26 4:15,0,26.3,27.4,94,25.3,994,1.7,291,2.9,16,1,-25.2,53.2,0,0,0,0,0,0,n,800,Clear Sky,c01n,4
2026/7/26 4:30,0,26.3,27.4,93,25.1,994,1.8,288,3,16,1,-22.4,55.4,0,0,0,0,0,0,n,800,Clear Sky,c01n,4
2026/7/26 4:45,0,26.3,27.4,92,24.9,994,1.9,285,3.1,16,1,-19.5,57.7,0,0,0,0,0,0,n,800,Clear Sky,c01n,4
2026/7/26 5:00,0,26.3,27.4,92,24.9,994,2,282,3.2,16,1,-16.7,60,0,0,0,0,0,0,n,800,Clear Sky,c01n,5
2026/7/26 5:15,0,26.6,27.7,91,25,994,2,280,3.3,16,1,-13.6,61.7,0,0,0,0,0,0,n,800,Clear Sky,c01n,5
2026/7/26 5:30,0,26.9,30.3,90,25.1,994,2,278,3.4,16,0,-10.5,63.4,0,0,0,0,0,0,n,800,Clear Sky,c01n,5
2026/7/26 5:45,0,27.1,31,89,25.2,994,2,276,3.5,16,0,-7.4,65.2,0,0,0,0,0,0,n,800,Clear Sky,c01n,5
2026/7/26 6:00,0.01,27.4,31.6,88,25.2,994,2,274,3.6,16,0,-4.3,66.9,0,0,0,0,0,0,n,800,Clear Sky,c01n,6
2026/7/26 6:15,0.67,27.4,31.6,88,25.2,994,2.1,272,3.7,16,0,-1.1,68.3,26,12,24,0,0,0,d,800,Clear Sky,c01n,6
2026/7/26 6:30,3.08,27.4,31.5,87,25,994,2.2,271,3.8,10,0,2.2,69.7,51,24,47,2,0,0,d,800,Clear Sky,c01d,6
2026/7/26 6:45,10.14,27.4,31.4,86,24.8,994,2.3,270,3.9,10,1,5.4,71.1,77,35,71,2,0,0,d,800,Clear Sky,c01d,6
2026/7/26 7:00,15.49,27.4,31.4,86,24.8,994,2.4,268,4,10,1,8.7,72.5,103,47,95,2.1,0,0,d,800,Clear Sky,c01d,7
2026/7/26 7:15,31.22,27.5,31.7,86,24.9,994,2.4,268,4.2,12,1,12,73.7,159,55,147,2.1,0,0,d,800,Clear Sky,c01d,7
2026/7/26 7:30,0.02,27.6,31.9,86,25,995,2.4,269,4.4,13,1,15.4,74.9,215,63,199,2.3,0,0,d,800,Clear Sky,c01d,7
2026/7/26 7:45,58.69,27.7,32.2,86,25.1,995,2.4,270,4.6,13,1,18.7,76.1,271,71,251,2.4,0,0,d,800,Clear Sky,c01d,7
2026/7/26 8:00,74.24,27.8,32.5,86,25.2,995,2.4,270,4.8,13,1,22.1,77.3,327,79,302,2.7,0,0,d,800,Clear Sky,c01d,8
2026/7/26 8:15,91.16,27.9,32.7,86,25.3,995,2.4,272,5,14,1,25.5,78.4,385,83,356,3,0,0,d,800,Clear Sky,c01d,8
2026/7/26 8:30,105.21,28,32.8,85,25.2,995,2.4,273,5.2,10,2,28.9,79.6,443,88,409,3.3,0,0,d,801,Few clouds,c02d,8
2026/7/26 8:45,121.97,28,32.8,84,25.1,995,2.4,274,5.4,10,2,32.3,80.7,500,93,462,3.7,0,0,d,801,Few clouds,c02d,8
2026/7/26 9:00,122.98,28.1,33,84,25.1,995,2.4,276,5.6,12,2,35.7,81.8,558,98,516,4.2,0,0,d,801,Few clouds,c02d,9
2026/7/26 9:15,116.72,29.1,35.1,80,25.3,995,2.4,276,5.7,12,2,39.1,82.9,609,101,563,4.7,0,0,d,801,Few clouds,c02d,9
2026/7/26 9:30,118.96,30.2,37,76,25.4,995,2.4,276,5.8,13,2,42.6,84,661,105,610,5.3,0,0,d,801,Few clouds,c02d,9
2026/7/26 9:45,176.11,31.2,39,73,25.8,995,2.4,276,5.9,13,3,46,85.1,712,108,656,5.9,0,0,d,801,Few clouds,c02d,9
2026/7/26 10:00,186.67,32.2,40.6,69,25.8,995,2.4,276,6,14,3,49.4,86.2,764,111,704,6.6,0,0,d,801,Few clouds,c02d,10
2026/7/26 10:15,49.7,32.4,40.8,68,25.7,995,2.4,276,6.1,14,2,52.9,87.6,803,113,741,7.3,0,0,d,801,Few clouds,c02d,10
2026/7/26 10:30,105.9,32.6,41,67,25.7,995,2.4,276,6.2,10,2,56.4,88.9,843,115,778,7.9,0,0,d,801,Few clouds,c02d,10
2026/7/26 10:45,73.37,32.8,41.2,66,25.6,995,2.4,276,6.3,10,1,59.8,90.3,883,117,815,8.6,0,0,d,800,Clear Sky,c01d,10
2026/7/26 11:00,33.11,33,41.4,65,25.5,995,2.4,276,6.4,10,0,63.3,91.7,923,120,852,9.4,0,0,d,800,Clear Sky,c01d,11
2026/7/26 11:15,6.24,33.1,41.2,64,25.3,995,2.4,276,6.3,12,4,66.7,94.3,947,121,875,9.6,0,0,d,801,Few clouds,c02d,11
2026/7/26 11:30,68.91,33.2,41.4,64,25.4,995,2.4,275,6.2,12,8,70.2,96.9,972,122,898,9.9,0,0,d,801,Few clouds,c02d,11
2026/7/26 11:45,62.12,33.2,41.2,63,25.2,995,2.4,274,6.1,13,11,73.6,99.5,997,123,921,10.1,0,0,d,801,Few clouds,c02d,11
2026/7/26 12:00,34.99,33.3,41.1,62,25,995,2.4,274,6,13,15,77,102.1,1021,124,943,10.2,0,0,d,801,Few clouds,c02d,12
2026/7/26 12:15,18,33.6,41,60,24.7,995,2.4,273,5.9,14,16,79.4,127.6,1028,125,951,10.3,0,0,d,801,Few clouds,c02d,12
2026/7/26 12:30,3.97,33.9,41.4,59,24.7,995,2.4,272,5.8,10,18,81.7,153.1,1036,125,958,10.3,0,0,d,801,Few clouds,c02d,12
2026/7/26 12:45,79.63,34.1,41.7,58,24.7,995,2.4,271,5.7,10,20,84.1,178.6,1043,125,963,10.3,0,0,d,801,Few clouds,c02d,12
2026/7/26 13:00,58.29,34.4,41.6,56,24.3,994,2.4,270,5.6,10,21,86.4,204.1,1050,126,970,10.3,0,0,d,802,Scattered clouds,c02d,13
2026/7/26 13:15,167.92,34.5,41.9,56,24.4,994,2.4,269,5.6,12,17,83.4,218.3,1039,125,962,10.5,0,0,d,801,Few clouds,c02d,13
2026/7/26 13:30,149.41,34.6,42.1,56,24.5,994,2.4,268,5.6,13,13,80.3,232.6,1028,125,953,10.6,0,0,d,801,Few clouds,c02d,13
2026/7/26 13:45,259.75,34.7,42,55,24.3,994,2.4,267,5.6,13,9,77.3,246.8,1017,124,944,10.7,0,0,d,801,Few clouds,c02d,13
2026/7/26 14:00,30.84,34.8,42.2,55,24.4,993,2.4,266,5.6,14,5,74.2,261.1,1006,124,934,10.7,0,0,d,801,Few clouds,c02d,14
2026/7/26 14:15,200.91,34.9,42.1,54,24.2,993,2.4,266,5.6,14,5,70.8,263.2,979,122,910,10.2,0,0,d,801,Few clouds,c02d,14
2026/7/26 14:30,42.73,35,42.3,54,24.3,993,2.4,266,5.6,10,4,67.3,265.3,951,121,883,9.7,0,0,d,801,Few clouds,c02d,14
2026/7/26 14:45,3.99,35.1,42.6,54,24.4,993,2.4,266,5.6,10,4,63.9,267.4,923,120,857,9.2,0,0,d,801,Few clouds,c02d,14
2026/7/26 15:00,4.02,35.2,42.4,53,24.2,992,2.4,266,5.6,10,4,60.4,269.6,895,118,832,8.6,0,0,d,801,Few clouds,c02d,15
2026/7/26 15:15,33.32,35.2,42.4,53,24.2,992,2.3,266,5.4,12,5,57,270.8,852,116,792,7.9,0,0,d,801,Few clouds,c02d,15
2026/7/26 15:30,96.52,35.2,42.4,53,24.2,992,2.2,266,5.2,12,6,53.5,272.1,809,113,752,7.2,0,0,d,801,Few clouds,c02d,15
2026/7/26 15:45,8.61,35.2,42.4,53,24.2,992,2.1,266,5,13,8,50,273.4,767,111,713,6.4,0,0,d,801,Few clouds,c02d,15
2026/7/26 16:00,36.88,35.2,42.4,53,24.2,991,2,266,4.8,14,9,46.6,274.7,724,109,673,5.8,0,0,d,801,Few clouds,c02d,16
2026/7/26 16:15,173,35.3,42.7,53,24.3,991,1.9,263,4.5,14,9,43.1,275.8,671,105,623,5.2,0,0,d,801,Few clouds,c02d,16
2026/7/26 16:30,160.86,35.4,42.5,52,24,991,1.8,260,4.2,10,10,39.7,276.9,618,102,574,4.6,0,0,d,801,Few clouds,c02d,16
2026/7/26 16:45,137.94,35.5,42.7,52,24.1,991,1.7,257,3.9,10,10,36.3,278,565,98,525,4,0,0,d,801,Few clouds,c02d,16
2026/7/26 17:00,81.24,35.6,43,52,24.2,990,1.6,254,3.6,10,10,32.8,279.1,511,95,475,3.6,0,0,d,801,Few clouds,c02d,17
2026/7/26 17:15,50.74,34.8,42.1,55,24.4,990,1.5,256,3.4,12,13,29.4,280.2,453,89,420,3.1,0,0,d,801,Few clouds,c02d,17
2026/7/26 17:30,61.88,33.9,41.1,58,24.5,990,1.4,258,3.2,13,16,26,281.3,395,84,366,2.7,0,0,d,801,Few clouds,c02d,17
2026/7/26 17:45,58.89,33.1,40.4,62,24.8,990,1.3,260,3,13,18,22.6,282.4,337,79,311,2.4,0,0,d,801,Few clouds,c02d,17
2026/7/26 18:00,60.65,32.2,39.2,65,24.8,990,1.2,262,2.8,14,21,19.3,283.5,278,73,256,2.1,0,0,d,802,Scattered clouds,c02d,18
2026/7/26 18:15,43.49,32.1,39.3,66,25,990,1.1,242,2.6,14,28,15.9,284.7,224,64,205,1.9,0,0,d,802,Scattered clouds,c02d,18
2026/7/26 18:30,25.84,32.1,39.5,67,25.1,990,1,222,2.4,16,34,12.6,286,170,55,153,1.7,0,0,d,802,Scattered clouds,c02d,18
2026/7/26 18:45,14.49,32,39.6,68,25.3,990,0.9,202,2.2,16,40,9.3,287.2,116,46,103,1.5,0,0,d,802,Scattered clouds,c02d,18
2026/7/26 19:00,8.63,31.9,39.8,69,25.5,990,0.8,182,2,16,47,5.9,288.4,62,37,53,1.4,0,0,d,803,Broken clouds,c03d,19
2026/7/26 19:15,4.36,31.7,39.5,70,25.5,991,1,176,2.2,16,46,2.7,289.9,47,28,40,1.4,0,0,d,803,Broken clouds,c03n,19
2026/7/26 19:30,0.95,31.5,39,70,25.4,991,1.2,169,2.4,16,44,-0.5,291.4,31,19,27,0,0,0,d,803,Broken clouds,c03n,19
2026/7/26 19:45,0.04,31.3,38.4,70,25.2,991,1.4,162,2.6,16,43,-3.7,292.8,16,9,14,0,0,0,d,803,Broken clouds,c03n,19
2026/7/26 20:00,0,31.1,38.2,71,25.2,991,1.6,156,2.8,16,42,-7,294.3,0,0,0,0,0,0,n,803,Broken clouds,c03n,20
2026/7/26 20:15,0,31,37.9,71,25.1,991,1.6,160,2.9,16,36,-10,296.1,0,0,0,0,0,0,n,802,Scattered clouds,c02n,20
2026/7/26 20:30,0,30.9,37.6,71,25,991,1.6,165,3,10,29,-13.1,297.9,0,0,0,0,0,0,n,802,Scattered clouds,c02n,20
2026/7/26 20:45,0,30.8,37.4,71,24.9,991,1.6,170,3.1,10,22,-16.2,299.7,0,0,0,0,0,0,n,802,Scattered clouds,c02n,20
2026/7/26 21:00,0,30.7,37.1,71,24.8,991,1.6,174,3.2,10,16,-19.2,301.6,0,0,0,0,0,0,n,801,Few clouds,c02n,21
2026/7/26 21:15,0,30.4,36.4,72,24.7,992,1.8,174,3.4,12,16,-22,304,0,0,0,0,0,0,n,801,Few clouds,c02n,21
2026/7/26 21:30,0,30,36,74,24.9,992,2,174,3.6,13,16,-24.8,306.4,0,0,0,0,0,0,n,801,Few clouds,c02n,21
2026/7/26 21:45,0,29.7,35.6,76,25,992,2.2,174,3.8,13,17,-27.6,308.8,0,0,0,0,0,0,n,801,Few clouds,c02n,21
2026/7/26 22:00,0,29.3,34.9,77,24.8,992,2.4,174,4,13,17,-30.4,311.2,0,0,0,0,0,0,n,801,Few clouds,c02n,22
2026/7/26 22:15,0,29.1,34.6,78,24.9,992,2.5,174,4,14,22,-32.7,314.4,0,0,0,0,0,0,n,802,Scattered clouds,c02n,22
2026/7/26 22:30,0,28.9,34,78,24.7,992,2.6,175,4,15,26,-35.1,317.7,0,0,0,0,0,0,n,802,Scattered clouds,c02n,22
2026/7/26 22:45,0,28.7,33.7,79,24.7,992,2.7,176,4,15,30,-37.4,320.9,0,0,0,0,0,0,n,802,Scattered clouds,c02n,22
2026/7/26 23:00,0,28.5,33.4,80,24.7,992,2.8,176,4,16,35,-39.8,324.2,0,0,0,0,0,0,n,802,Scattered clouds,c02n,23
2026/7/26 23:15,0,28.4,33.3,81,24.8,992,2.7,178,4,16,34,-41.4,328.5,0,0,0,0,0,0,n,802,Scattered clouds,c02n,23
2026/7/26 23:30,0,28.3,33.2,82,24.9,993,2.6,180,4,16,34,-43,332.9,0,0,0,0,0,0,n,802,Scattered clouds,c02n,23
2026/7/26 23:45,0,28.2,33.1,83,25,993,2.5,182,4,16,34,-44.6,337.2,0,0,0,0,0,0,n,802,Scattered clouds,c02n,23
2026/7/27 0:00,0,28.1,33,84,25.1,993,2.4,184,4,16,33,-46.2,341.5,0,0,0,0,0,0,n,802,Scattered clouds,c02n,0
2026/7/27 0:15,0,27.9,32.5,84,25,993,2.4,186,4,16,32,-46.6,256.7,0,0,0,0,0,0,n,802,Scattered clouds,c02n,0
2026/7/27 0:30,0,27.8,32.2,85,25,993,2.4,189,4,16,30,-47.1,171.9,0,0,0,0,0,0,n,802,Scattered clouds,c02n,0
2026/7/27 0:45,0,27.6,31.9,86,25,993,2.4,192,4,16,28,-47.6,87,0,0,0,0,0,0,n,802,Scattered clouds,c02n,0
2026/7/27 1:00,0,27.4,31.4,86,24.8,993,2.4,194,4,16,27,-48.1,2.2,0,0,0,0,0,0,n,802,Scattered clouds,c02n,1
2026/7/27 1:15,0,27.4,31.4,86,24.8,993,2.4,197,4,16,24,-47.4,7.2,0,0,0,0,0,0,n,802,Scattered clouds,c02n,1
2026/7/27 1:30,0.01,27.4,31.5,87,25,993,2.4,200,4,16,21,-46.7,12.3,0,0,0,0,0,0,n,802,Scattered clouds,c02n,1
2026/7/27 1:45,0,27.4,31.6,88,25.2,992,2.4,203,4,16,18,-45.9,17.4,0,0,0,0,0,0,n,801,Few clouds,c02n,1
2026/7/27 2:00,0,27.4,31.6,88,25.2,992,2.4,206,4,16,15,-45.2,22.4,0,0,0,0,0,0,n,801,Few clouds,c02n,2
2026/7/27 2:15,0,27.3,31.4,88,25.1,992,2.3,210,4.1,16,13,-43.4,26.5,0,0,0,0,0,0,n,801,Few clouds,c02n,2
2026/7/27 2:30,0.01,27.2,31.2,89,25.2,992,2.2,213,4.2,16,11,-41.6,30.6,0,0,0,0,0,0,n,801,Few clouds,c02n,2
2026/7/27 2:45,0,27.1,31,90,25.3,992,2.1,216,4.3,16,9,-39.8,34.8,0,0,0,0,0,0,n,801,Few clouds,c02n,2
2026/7/27 3:00,0,27,30.7,90,25.2,992,2,220,4.4,16,7,-38.1,38.9,0,0,0,0,0,0,n,801,Few clouds,c02n,3
2026/7/27 3:15,0,26.9,30.5,90,25.1,992,2,221,4.3,16,8,-35.6,41.9,0,0,0,0,0,0,n,801,Few clouds,c02n,3
2026/7/27 3:30,0,26.9,30.4,91,25.3,992,2,222,4.2,16,8,-33.2,45,0,0,0,0,0,0,n,801,Few clouds,c02n,3
2026/7/27 3:45,0,26.8,30.3,92,25.4,992,2,223,4.1,16,8,-30.7,48,0,0,0,0,0,0,n,801,Few clouds,c02n,3
2026/7/27 4:00,0,26.7,30.1,92,25.3,992,2,224,4,16,9,-28.3,51.1,0,0,0,0,0,0,n,801,Few clouds,c02n,4
2026/7/27 4:15,0,26.7,30.1,92,25.3,992,1.9,221,3.8,16,9,-25.4,53.4,0,0,0,0,0,0,n,801,Few clouds,c02n,4
2026/7/27 4:30,0,26.7,30.1,92,25.3,992,1.8,218,3.6,10,8,-22.5,55.6,0,0,0,0,0,0,n,801,Few clouds,c02n,4
2026/7/27 4:45,0,26.7,30.1,92,25.3,992,1.7,215,3.4,10,8,-19.7,57.9,0,0,0,0,0,0,n,801,Few clouds,c02n,4
2026/7/27 5:00,0,26.7,30.1,92,25.3,992,1.6,212,3.2,10,8,-16.8,60.2,0,0,0,0,0,0,n,801,Few clouds,c02n,5
2026/7/27 5:15,0,26.9,30.6,92,25.5,992,1.6,210,3.2,12,6,-13.7,61.9,0,0,0,0,0,0,n,801,Few clouds,c02n,5
2026/7/27 5:30,0,27.1,31,91,25.5,992,1.6,208,3.2,13,4,-10.6,63.6,0,0,0,0,0,0,n,801,Few clouds,c02n,5
2026/7/27 5:45,0,27.2,31.4,90,25.4,992,1.6,206,3.2,13,3,-7.5,65.4,0,0,0,0,0,0,n,801,Few clouds,c02n,5
2026/7/27 6:00,0,27.4,31.9,90,25.6,992,1.6,204,3.2,14,1,-4.4,67.1,0,0,0,0,0,0,n,800,Clear Sky,c01n,6
2026/7/27 6:15,0.37,27.4,31.9,90,25.6,992,1.7,204,3.3,14,1,-1.1,68.5,25,12,23,0,0,0,d,800,Clear Sky,c01n,6
2026/7/27 6:30,2.43,27.4,31.9,90,25.6,993,1.8,203,3.4,6,1,2.1,69.9,51,23,47,2,0,0,d,800,Clear Sky,c01d,6
2026/7/27 6:45,7.44,27.4,31.9,90,25.6,993,1.9,202,3.5,6,1,5.4,71.3,76,35,70,2,0,0,d,800,Clear Sky,c01d,6
2026/7/27 7:00,16.75,27.4,31.9,90,25.6,993,2,202,3.6,9,1,8.6,72.7,102,47,94,2.1,0,0,d,800,Clear Sky,c01d,7
2026/7/27 7:15,29.58,27.5,32.2,90,25.7,993,1.9,203,3.7,10,4,12,73.9,158,55,146,2.1,0,0,d,801,Few clouds,c02d,7
2026/7/27 7:30,39.91,27.6,32.5,90,25.8,994,1.8,204,3.8,11,6,15.3,75.2,214,63,197,2.2,0,0,d,801,Few clouds,c02d,7
2026/7/27 7:45,49.48,27.7,32.8,90,25.9,994,1.7,205,3.9,11,8,18.6,76.4,270,71,249,2.3,0,0,d,801,Few clouds,c02d,7
2026/7/27 8:00,64.94,27.8,33.1,90,26,994,1.6,206,4,12,11,22,77.6,326,78,300,2.5,0,0,d,801,Few clouds,c02d,8
2026/7/27 8:15,73,28,33.5,89,26,994,1.6,206,4.1,13,15,25.4,78.7,384,83,353,2.7,0,0,d,801,Few clouds,c02d,8
2026/7/27 8:30,97.16,28.2,33.9,88,26,994,1.6,205,4.2,14,18,28.8,79.8,442,88,406,2.9,0,0,d,801,Few clouds,c02d,8
2026/7/27 8:45,116.53,28.3,34.2,87,25.9,994,1.6,204,4.3,15,22,32.2,80.9,499,93,457,3.2,0,0,d,802,Scattered clouds,c02d,8
2026/7/27 9:00,116.21,28.5,34.5,86,25.9,994,1.6,204,4.4,15,26,35.6,82,557,98,508,3.5,0,0,d,802,Scattered clouds,c02d,9
2026/7/27 9:15,147.37,29.3,36.2,83,26.1,994,1.7,202,4.5,16,32,39.1,83.2,609,101,549,3.7,0,0,d,802,Scattered clouds,c02d,9
2026/7/27 9:30,167.19,30,37.7,80,26.2,995,1.8,200,4.6,16,38,42.5,84.3,660,105,585,4,0,0,d,802,Scattered clouds,c02d,9
2026/7/27 9:45,122.66,30.8,39.1,77,26.2,995,1.9,198,4.7,16,45,45.9,85.4,712,108,612,4.1,0,0,d,803,Broken clouds,c03d,9
2026/7/27 10:00,18.8,31.5,40.3,74,26.3,995,2,196,4.8,16,51,49.4,86.6,763,111,632,4.3,0,0,d,803,Broken clouds,c03d,10
2026/7/27 10:15,80.34,31.8,40.5,72,26.1,995,2.1,194,5,16,50,52.9,88,803,113,671,4.8,0,0,d,803,Broken clouds,c03d,10
2026/7/27 10:30,16.46,32.1,40.6,70,25.9,995,2.2,192,5.2,8,49,56.3,89.4,843,115,710,5.3,0,0,d,803,Broken clouds,c03d,10
2026/7/27 10:45,116.44,32.3,41,69,25.9,995,2.3,190,5.4,8,48,59.8,90.7,883,117,748,5.8,0,0,d,803,Broken clouds,c03d,10
2026/7/27 11:00,123.39,32.6,41,67,25.7,994,2.4,188,5.6,8,47,63.2,92.1,923,120,788,6.3,0,0,d,803,Broken clouds,c03d,11
2026/7/27 11:15,38.91,32.6,40.7,66,25.4,994,2.5,185,5.8,11,42,66.7,94.9,947,121,830,7,0,0,d,803,Broken clouds,c03d,11
2026/7/27 11:30,3.91,32.6,40.7,66,25.4,994,2.6,182,6,10,36,70.1,97.6,972,122,871,7.8,0,0,d,802,Scattered clouds,c02d,11
2026/7/27 11:45,71.97,32.6,40.3,65,25.2,994,2.7,179,6.2,10,31,73.5,100.3,997,123,905,8.6,0,0,d,802,Scattered clouds,c02d,11
2026/7/27 12:00,62.57,32.6,39.9,64,24.9,994,2.8,176,6.4,10,26,77,103,1021,124,936,9.3,0,0,d,802,Scattered clouds,c02d,12
2026/7/27 12:15,66.85,32.8,40,63,24.8,994,2.9,174,6.4,12,27,79.3,128,1028,125,942,9.4,0,0,d,802,Scattered clouds,c02d,12
2026/7/27 12:30,37.45,33,40.1,62,24.7,994,3,171,6.4,12,28,81.6,152.9,1036,125,948,9.5,0,0,d,802,Scattered clouds,c02d,12
2026/7/27 12:45,63.72,33.1,40.6,62,24.9,994,3.1,168,6.4,13,28,83.9,177.8,1043,125,954,9.6,0,0,d,802,Scattered clouds,c02d,12
2026/7/27 13:00,34.78,33.3,40.7,61,24.7,993,3.2,166,6.4,14,29,86.2,202.8,1050,126,959,9.6,0,0,d,802,Scattered clouds,c02d,13
2026/7/27 13:15,12.92,33.5,41.2,61,24.9,993,3.2,164,6.4,14,29,83.2,217.1,1039,125,948,9.5,0,0,d,802,Scattered clouds,c02d,13
2026/7/27 13:30,192.38,33.7,41.4,60,24.8,993,3.2,161,6.4,15,28,80.2,231.5,1028,125,940,9.4,0,0,d,802,Scattered clouds,c02d,13
2026/7/27 13:45,19.31,33.9,41.9,60,25,993,3.2,158,6.4,15,28,77.2,245.9,1017,124,929,9.2,0,0,d,802,Scattered clouds,c02d,13
2026/7/27 14:00,3.98,34.1,42.5,60,25.2,992,3.2,156,6.4,16,28,74.2,260.3,1006,124,918,8.9,0,0,d,802,Scattered clouds,c02d,14
2026/7/27 14:15,3.95,34.2,42.7,60,25.3,992,3.3,156,6.8,16,29,70.7,262.5,978,122,891,8.4,0,0,d,802,Scattered clouds,c02d,14
2026/7/27 14:30,30.31,34.3,42.9,60,25.4,992,3.4,157,7.2,16,30,67.3,264.7,950,121,864,7.9,0,0,d,802,Scattered clouds,c02d,14
2026/7/27 14:45,67.52,34.3,42.7,59,25.1,992,3.5,158,7.6,16,30,63.8,266.9,922,120,839,7.5,0,0,d,802,Scattered clouds,c02d,14
2026/7/27 15:00,31.17,34.4,42.9,59,25.2,992,3.6,158,8,16,31,60.4,269.1,894,118,812,7,0,0,d,802,Scattered clouds,c02d,15
2026/7/27 15:15,91.48,34,42,60,25.1,992,3.6,159,7.9,16,44,56.9,270.4,852,116,741,5.7,0,0,d,803,Broken clouds,c03d,15
2026/7/27 15:30,164.35,33.5,41.6,62,25.2,992,3.6,160,7.8,16,58,53.4,271.7,809,113,634,4.5,0,0,d,803,Broken clouds,c03d,15
2026/7/27 15:45,33.78,33.1,41.2,64,25.3,992,3.6,161,7.7,16,72,50,273,766,111,482,3.4,0,0,d,804,Overcast clouds,c04d,15
2026/7/27 16:00,99.89,32.6,40.3,65,25.2,991,3.6,162,7.6,16,85,46.5,274.3,724,109,295,2.5,0,0,d,804,Overcast clouds,c04d,16
2026/7/27 16:15,99.45,32.5,40.4,66,25.3,992,3.4,169,7.2,16,89,43.1,275.4,670,105,213,2.1,0,0,d,804,Overcast clouds,c04d,16
2026/7/27 16:30,58.08,32.4,40.1,66,25.2,992,3.2,176,6.8,10,92,39.6,276.6,617,102,152,1.8,0,0,d,804,Overcast clouds,c04d,16
2026/7/27 16:45,41.28,32.3,40.2,67,25.4,992,3,183,6.4,10,96,36.2,277.7,564,98,175,1.5,0,0,d,804,Overcast clouds,c04d,16
2026/7/27 17:00,52.86,32.2,40.3,68,25.5,992,2.8,190,6,10,100,32.8,278.8,510,95,104,1.2,0,0,d,804,Overcast clouds,c04d,17
2026/7/27 17:15,38.56,31.7,39.7,71,25.7,993,2.8,196,5.6,12,100,29.4,279.9,452,89,97,1.1,0,0,d,804,Overcast clouds,c04d,17
2026/7/27 17:30,25.58,31.1,39.1,74,25.9,993,2.8,201,5.2,10,100,26,281,394,84,90,0.9,0,0,d,804,Overcast clouds,c04d,17
2026/7/27 17:45,15.83,30.6,38.8,78,26.3,993,2.8,206,4.8,10,100,22.6,282.2,336,79,83,0.8,0,0,d,804,Overcast clouds,c04d,17
2026/7/27 18:00,10.01,30,38,81,26.4,993,2.8,212,4.4,10,100,19.2,283.3,277,73,76,0.8,0,0,d,804,Overcast clouds,c04d,18
2026/7/27 18:15,6.72,30,38,81,26.4,993,2.4,213,4.1,12,100,15.8,284.5,223,64,66,0.7,0,0,d,804,Overcast clouds,c04d,18
2026/7/27 18:30,5.39,30,38,81,26.4,993,2,214,3.8,12,100,12.5,285.8,169,55,57,0.7,0,0,d,804,Overcast clouds,c04d,18
2026/7/27 18:45,5.46,30,38,81,26.4,992,1.6,215,3.5,13,100,9.2,287,115,46,47,0.6,0,0,d,804,Overcast clouds,c04d,18
2026/7/27 19:00,3.84,30,38,81,26.4,992,1.2,216,3.2,14,100,5.9,288.2,61,37,37,0.6,0,0,d,804,Overcast clouds,c04d,19
2026/7/27 19:15,1.25,29.9,37.6,81,26.3,993,1.3,210,3.3,14,100,2.6,289.7,46,28,28,0.6,0,0,d,804,Overcast clouds,c04n,19
2026/7/27 19:30,0.21,29.8,37.3,81,26.2,993,1.4,203,3.4,10,100,-0.6,291.2,30,19,19,0,0,0,d,804,Overcast clouds,c04n,19
2026/7/27 19:45,0,29.7,37,81,26.1,994,1.5,196,3.5,10,100,-3.8,292.6,15,9,9,0,0,0,d,804,Overcast clouds,c04n,19
2026/7/27 20:00,0,29.6,36.7,81,26,994,1.6,190,3.6,10,100,-7.1,294.1,0,0,0,0,0,0,n,804,Overcast clouds,c04n,20
2026/7/27 20:15,0,29.6,36.7,81,26,994,1.6,181,3.8,12,100,-10.1,295.9,0,0,0,0,0.5,0,n,301,Drizzle,d02n,20
2026/7/27 20:30,0,29.6,36.7,81,26,995,1.6,172,4,12,100,-13.2,297.7,0,0,0,0,1,0,n,500,Light rain,r01n,20
2026/7/27 20:45,0,29.6,36.7,81,26,995,1.6,163,4.2,13,100,-16.3,299.5,0,0,0,0,1,0,n,500,Light rain,r01n,20
2026/7/27 21:00,0,29.6,36.7,81,26,995,1.6,154,4.4,14,100,-19.4,301.4,0,0,0,0,1,0,n,500,Light rain,r01n,21
2026/7/27 21:15,0,29.5,36.8,82,26.1,995,1.6,150,4.6,14,100,-22.2,303.8,0,0,0,0,0.5,0,n,301,Drizzle,d02n,21
2026/7/27 21:30,0,29.5,36.5,82,26,995,1.6,147,4.8,10,100,-25,306.2,0,0,0,0,0,0,n,804,Overcast clouds,c04n,21
2026/7/27 21:45,0,29.4,36.5,83,26.2,995,1.6,144,5,10,100,-27.8,308.6,0,0,0,0,0.25,0,n,804,Overcast clouds,c04n,21
2026/7/27 22:00,0,29.3,36.6,84,26.3,995,1.6,140,5.2,10,100,-30.6,311,0,0,0,0,0.5,0,n,301,Drizzle,d02n,22
2026/7/27 22:15,0,29.1,36.2,85,26.3,995,1.6,138,5.5,12,100,-32.9,314.2,0,0,0,0,0.25,0,n,804,Overcast clouds,c04n,22
2026/7/27 22:30,0,28.9,35.8,86,26.3,996,1.6,137,5.8,13,100,-35.3,317.5,0,0,0,0,0,0,n,804,Overcast clouds,c04n,22
2026/7/27 22:45,0,28.7,35.4,87,26.3,996,1.6,136,6.1,13,100,-37.6,320.8,0,0,0,0,0,0,n,804,Overcast clouds,c04n,22
2026/7/27 23:00,0.01,28.5,35,88,26.3,996,1.6,134,6.4,14,100,-40,324,0,0,0,0,0,0,n,804,Overcast clouds,c04n,23
2026/7/27 23:15,0,28.5,35,88,26.3,996,1.7,133,6.4,14,100,-41.6,328.4,0,0,0,0,0,0,n,804,Overcast clouds,c04n,23
2026/7/27 23:30,0,28.5,35,88,26.3,997,1.8,132,6.4,10,100,-43.2,332.7,0,0,0,0,0,0,n,804,Overcast clouds,c04n,23
2026/7/27 23:45,0,28.5,35,88,26.3,997,1.9,131,6.4,10,100,-44.8,337.1,0,0,0,0,0,0,n,804,Overcast clouds,c04n,23
2026/7/28 0:00,0,28.5,35,88,26.3,997,2,130,6.4,10,100,-46.4,341.4,0,0,0,0,0,0,n,804,Overcast clouds,c04n,0
2026/7/28 0:15,0,28.4,34.6,88,26.2,997,2.1,128,6.6,12,100,-46.9,256.6,0,0,0,0,0,0,n,804,Overcast clouds,c04n,0
2026/7/28 0:30,0,28.3,34.5,89,26.3,997,2.2,127,6.8,12,100,-47.4,171.8,0,0,0,0,0,0,n,804,Overcast clouds,c04n,0
2026/7/28 0:45,0,28.2,34.4,90,26.4,996,2.3,126,7,12,100,-47.9,87,0,0,0,0,0,0,n,804,Overcast clouds,c04n,0
2026/7/28 1:00,0,28.1,34.1,90,26.3,996,2.4,124,7.2,12,100,-48.4,2.2,0,0,0,0,0,0,n,804,Overcast clouds,c04n,1
2026/7/28 1:15,0,28.1,34.1,90,26.3,996,2.5,125,7,13,100,-47.6,7.3,0,0,0,0,0,0,n,804,Overcast clouds,c04n,1
2026/7/28 1:30,0,28.1,33.9,89,26.1,996,2.6,126,6.8,10,100,-46.9,12.4,0,0,0,0,0,0,n,804,Overcast clouds,c04n,1
2026/7/28 1:45,0,28.1,33.7,88,25.9,996,2.7,127,6.6,10,100,-46.1,17.5,0,0,0,0,0,0,n,804,Overcast clouds,c04n,1
2026/7/28 2:00,0,28.1,33.7,88,25.9,996,2.8,128,6.4,10,100,-45.4,22.6,0,0,0,0,0,0,n,804,Overcast clouds,c04n,2
2026/7/28 2:15,0,28.1,33.7,88,25.9,996,2.6,126,6.1,11,100,-43.6,26.7,0,0,0,0,0,0,n,804,Overcast clouds,c04n,2
2026/7/28 2:30,0,28.1,33.7,88,25.9,996,2.4,125,5.8,11,100,-41.8,30.8,0,0,0,0,0,0,n,804,Overcast clouds,c04n,2
2026/7/28 2:45,0,28.1,33.7,88,25.9,996,2.2,124,5.5,11,100,-40,34.9,0,0,0,0,0,0,n,804,Overcast clouds,c04n,2
2026/7/28 3:00,0,28.1,33.7,88,25.9,996,2,122,5.2,11,100,-38.2,39.1,0,0,0,0,0,0,n,804,Overcast clouds,c04n,3
2026/7/28 3:15,0,27.9,33.2,88,25.7,996,2.2,120,5.3,11,100,-35.8,42.1,0,0,0,0,0,0,n,804,Overcast clouds,c04n,3
2026/7/28 3:30,0,27.8,32.8,89,25.8,996,2.4,118,5.4,11,100,-33.3,45.2,0,0,0,0,0,0,n,804,Overcast clouds,c04n,3
2026/7/28 3:45,0,27.6,32.4,90,25.8,996,2.6,116,5.5,15,100,-30.9,48.2,0,0,0,0,0,0,n,804,Overcast clouds,c04n,3
2026/7/28 4:00,0,27.4,31.9,90,25.6,996,2.8,114,5.6,16,100,-28.4,51.3,0,0,0,0,0,0,n,804,Overcast clouds,c04n,4
2026/7/28 4:15,0,27.3,31.6,90,25.5,996,2.8,114,5.6,16,100,-25.5,53.6,0,0,0,0,0,0,n,804,Overcast clouds,c04n,4
2026/7/28 4:30,0,27.2,31.3,90,25.4,996,2.8,114,5.6,16,100,-22.7,55.8,0,0,0,0,0,0,n,804,Overcast clouds,c04n,4
2026/7/28 4:45,0,27.1,31,90,25.3,996,2.8,114,5.6,16,100,-19.8,58.1,0,0,0,0,0,0,n,804,Overcast clouds,c04n,4
2026/7/28 5:00,0,27,30.7,90,25.2,996,2.8,114,5.6,16,100,-16.9,60.4,0,0,0,0,0,0,n,804,Overcast clouds,c04n,5
2026/7/28 5:15,0,27.2,31.3,90,25.4,996,2.8,114,5.7,16,100,-13.8,62.1,0,0,0,0,0,0,n,804,Overcast clouds,c04n,5
2026/7/28 5:30,0,27.4,31.9,90,25.6,996,2.8,115,5.8,10,100,-10.7,63.8,0,0,0,0,0,0,n,804,Overcast clouds,c04n,5
2026/7/28 5:45,0,27.6,32.5,90,25.8,995,2.8,116,5.9,10,100,-7.6,65.6,0,0,0,0,0,0,n,804,Overcast clouds,c04n,5
2026/7/28 6:00,0,27.8,33.1,90,26,995,2.8,116,6,10,100,-4.5,67.3,0,0,0,0,0,0,n,804,Overcast clouds,c04n,6
2026/7/28 6:15,0.08,27.7,32.8,90,25.9,996,2.7,120,6.3,12,100,-1.2,68.7,25,12,12,0,0,0,d,804,Overcast clouds,c04n,6
2026/7/28 6:30,2.24,27.6,32.7,91,26,996,2.6,123,6.6,10,100,2,70.1,50,23,23,0.6,0,0,d,804,Overcast clouds,c04n,6
2026/7/28 6:45,5.33,27.5,32.5,92,26.1,997,2.5,126,6.9,10,100,5.3,71.6,75,35,36,0.6,0,0,d,804,Overcast clouds,c04d,6
2026/7/28 7:00,10.91,27.4,32.2,92,26,997,2.4,130,7.2,10,100,8.5,73,100,47,48,0.6,0,0,d,804,Overcast clouds,c04d,7
2026/7/28 7:15,17.15,27.4,32.2,92,26,997,2.4,127,7,12,100,11.9,74.2,157,55,57,0.7,0,0,d,804,Overcast clouds,c04d,7
2026/7/28 7:30,20.26,27.4,32.2,92,26,997,2.4,124,6.8,10,100,15.2,75.4,213,63,66,0.7,0,0,d,804,Overcast clouds,c04d,7
2026/7/28 7:45,28.29,27.4,32.2,92,26,997,2.4,121,6.6,10,100,18.6,76.6,269,70,74,0.8,0,0,d,804,Overcast clouds,c04d,7
2026/7/28 8:00,40.8,27.4,32.2,92,26,997,2.4,118,6.4,12,100,21.9,77.8,325,78,83,0.8,0,0,d,804,Overcast clouds,c04d,8
2026/7/28 8:15,52.8,27.5,32.5,92,26.1,997,2.6,118,6.5,12,100,25.3,78.9,383,83,88,0.9,0,0,d,804,Overcast clouds,c04d,8
2026/7/28 8:30,38.39,27.6,32.8,92,26.2,998,2.8,118,6.6,10,100,28.7,80.1,441,88,94,1,0,0,d,804,Overcast clouds,c04d,8
2026/7/28 8:45,122.56,27.7,33.1,92,26.3,998,3,118,6.7,10,100,32.2,81.2,499,93,100,1.2,0,0,d,804,Overcast clouds,c04d,8
2026/7/28 9:00,0.01,27.8,33.4,92,26.4,998,3.2,118,6.8,10,100,35.6,82.3,556,98,106,1.3,0,0,d,804,Overcast clouds,c04d,9
2026/7/28 9:15,98.71,28.3,34.6,90,26.4,998,3.2,119,6.8,12,100,39,83.5,608,101,109,1.5,0,0,d,804,Overcast clouds,c04d,9
2026/7/28 9:30,102.53,28.7,35.6,88,26.5,998,3.2,120,6.8,13,100,42.5,84.6,660,104,113,1.7,0,0,d,804,Overcast clouds,c04d,9
2026/7/28 9:45,128.48,29.2,36.6,86,26.6,998,3.2,121,6.8,13,99,45.9,85.8,711,108,139,1.9,0,0,d,804,Overcast clouds,c04d,9
2026/7/28 10:00,123.64,29.6,37.5,84,26.6,998,3.2,122,6.8,14,99,49.3,86.9,763,111,145,2.1,0,0,d,804,Overcast clouds,c04d,10
2026/7/28 10:15,124.21,29.9,38.1,83,26.7,998,3.1,122,6.9,14,99,52.8,88.3,803,113,148,2.3,0,0,d,804,Overcast clouds,c04d,10
2026/7/28 10:30,116.19,30.2,38.7,82,26.7,999,3,123,7,15,100,56.3,89.8,843,115,126,2.5,0,0,d,804,Overcast clouds,c04d,10
2026/7/28 10:45,126.95,30.4,39,80,26.6,999,2.9,124,7.1,15,100,59.7,91.2,882,117,130,2.7,0,0,d,804,Overcast clouds,c04d,10
2026/7/28 11:00,26.49,30.7,39.6,79,26.6,999,2.8,124,7.2,15,100,63.2,92.6,922,120,133,2.9,0,0,d,804,Overcast clouds,c04d,11
2026/7/28 11:15,134.69,30.8,39.5,78,26.5,999,2.8,125,7.1,16,100,66.6,95.5,947,121,135,3.1,0,0,d,804,Overcast clouds,c04d,11
2026/7/28 11:30,92.2,30.9,39.9,78,26.6,999,2.8,126,7,10,100,70,98.3,972,122,136,3.2,0,0,d,804,Overcast clouds,c04d,11
2026/7/28 11:45,67.17,31,39.8,77,26.5,998,2.8,127,6.9,10,99,73.5,101.2,996,123,168,3.5,0,0,d,804,Overcast clouds,c04d,11
2026/7/28 12:00,3.87,31.1,39.8,76,26.4,998,2.8,128,6.8,10,99,76.9,104,1021,124,171,3.6,0,0,d,804,Overcast clouds,c04d,12
2026/7/28 12:15,3.97,31.4,40.3,75,26.4,998,2.9,130,7,10,99,79.2,128.4,1028,125,172,3.7,0,0,d,804,Overcast clouds,c04d,12
2026/7/28 12:30,3.94,31.7,40.8,74,26.4,998,3,131,7.2,12,98,81.4,152.8,1035,125,203,3.8,0,0,d,804,Overcast clouds,c04d,12
2026/7/28 12:45,3.94,31.9,40.9,72,26.2,998,3.1,132,7.4,13,98,83.7,177.2,1043,125,205,3.9,0,0,d,804,Overcast clouds,c04d,12
2026/7/28 13:00,3.97,32.2,41.4,71,26.3,998,3.2,134,7.6,14,98,86,201.6,1050,126,206,3.9,0,0,d,804,Overcast clouds,c04d,13
2026/7/28 13:15,3.93,32.3,41.7,71,26.4,998,3.1,134,7.7,14,98,83,216,1039,125,204,3.8,0,0,d,804,Overcast clouds,c04d,13
2026/7/28 13:30,3.96,32.4,41.6,70,26.2,998,3,134,7.8,15,98,80,230.5,1028,125,204,3.8,0,0,d,804,Overcast clouds,c04d,13
2026/7/28 13:45,3.92,32.5,41.9,70,26.3,998,2.9,134,7.9,15,99,77.1,245,1017,124,171,3.6,0,0,d,804,Overcast clouds,c04d,13
2026/7/28 14:00,38.61,32.6,42.2,70,26.4,997,2.8,134,8,15,99,74.1,259.5,1006,124,170,3.5,0,0,d,804,Overcast clouds,c04d,14
2026/7/28 14:15,66.89,32.8,42.3,69,26.3,997,2.9,133,7.9,16,99,70.6,261.8,978,122,167,3.3,0,0,d,804,Overcast clouds,c04d,14
2026/7/28 14:30,139.07,33,42.5,68,26.2,997,3,132,7.8,16,100,67.2,264.1,950,121,137,3.1,0,0,d,804,Overcast clouds,c04d,14
2026/7/28 14:45,75.61,33.1,43,68,26.4,997,3.1,131,7.7,16,100,63.8,266.4,922,120,134,2.9,0,0,d,804,Overcast clouds,c04d,14
2026/7/28 15:00,47.12,33.3,43.1,67,26.3,996,3.2,130,7.6,16,100,60.3,268.7,894,118,132,2.7,0,0,d,804,Overcast clouds,c04d,15
2026/7/28 15:15,33.5,33.3,42.7,66,26.1,996,3,137,7.4,16,100,56.9,270,851,116,131,2.5,0,0,d,804,Overcast clouds,c04d,15
2026/7/28 15:30,80.24,33.3,42.7,66,26.1,996,2.8,144,7.2,10,100,53.4,271.3,808,113,127,2.3,0,0,d,804,Overcast clouds,c04d,15
2026/7/28 15:45,0.3,33.3,42.3,65,25.8,996,2.6,151,7,10,100,49.9,272.7,766,111,125,2.1,0,0,d,804,Overcast clouds,c04d,15
2026/7/28 16:00,45.1,33.3,41.9,64,25.6,996,2.4,158,6.8,10,100,46.5,274,723,109,123,1.9,0,0,d,804,Overcast clouds,c04d,16
2026/7/28 16:15,45.66,33,41.3,65,25.5,996,2.3,150,6.5,12,100,43,275.1,670,105,118,1.7,0,0,d,804,Overcast clouds,c04d,16
2026/7/28 16:30,43.15,32.6,40.7,66,25.4,996,2.2,142,6.2,12,100,39.6,276.3,616,102,114,1.5,0,0,d,804,Overcast clouds,c04d,16
2026/7/28 16:45,10.82,32.3,40.4,68,25.6,996,2.1,134,5.9,13,100,36.1,277.4,563,98,108,1.3,0,0,d,804,Overcast clouds,c04d,16
2026/7/28 17:00,3.9,31.9,39.8,69,25.5,996,2,126,5.6,13,100,32.7,278.5,509,94,103,1.2,0,0,d,804,Overcast clouds,c04d,17
2026/7/28 17:15,4.01,31.3,38.5,70,25.2,996,2.1,120,5.6,14,100,29.3,279.7,451,89,98,1.1,0.5,0,d,301,Drizzle,d02d,17
2026/7/28 17:30,3.91,30.8,37.5,72,25.1,996,2.2,115,5.6,10,100,25.9,280.8,393,84,92,0.9,1,0,d,500,Light rain,r01d,17
2026/7/28 17:45,3.89,30.2,36.5,74,25,996,2.3,110,5.6,10,100,22.5,281.9,334,78,84,0.8,1,0,d,500,Light rain,r01d,17
2026/7/28 18:00,3.92,29.6,35.2,75,24.7,996,2.4,104,5.6,12,100,19.1,283.1,276,73,79,0.8,1,0,d,500,Light rain,r01d,18
2026/7/28 18:15,3.91,29.5,35.3,76,24.8,996,2.6,104,5.5,12,100,15.8,284.3,222,64,68,0.7,0.5,0,d,301,Drizzle,d02d,18
2026/7/28 18:30,3.92,29.5,35.1,76,24.8,996,2.8,105,5.4,10,99,12.4,285.5,168,55,63,0.7,0,0,d,804,Overcast clouds,c04d,18
2026/7/28 18:45,4.04,29.4,34.9,76,24.7,996,3,106,5.3,10,98,9.1,286.8,114,46,55,0.7,0,0,d,804,Overcast clouds,c04d,18
2026/7/28 19:00,4.15,29.3,34.9,77,24.8,996,3.2,106,5.2,10,98,5.8,288,60,37,41,0.7,0,0,d,804,Overcast clouds,c04d,19
2026/7/28 19:15,2.88,29.3,34.9,77,24.8,996,3.1,108,5.1,12,98,2.5,289.5,45,27,30,0.7,0,0,d,804,Overcast clouds,c04n,19
2026/7/28 19:30,0.44,29.3,34.9,77,24.8,997,3,109,5,10,99,-0.7,290.9,30,18,19,0,0,0,d,804,Overcast clouds,c04n,19
2026/7/28 19:45,0.02,29.3,34.9,77,24.8,997,2.9,110,4.9,10,100,-4,292.4,15,9,9,0,0,0,d,804,Overcast clouds,c04n,19
2026/7/28 20:00,0,29.3,34.9,77,24.8,997,2.8,112,4.8,10,100,-7.2,293.9,0,0,0,0,0,0,n,804,Overcast clouds,c04n,20
2026/7/28 20:15,0,29.3,35.1,78,25.1,997,2.8,114,4.9,12,100,-10.3,295.7,0,0,0,0,0,0,n,804,Overcast clouds,c04n,20
2026/7/28 20:30,0,29.3,35.1,78,25.1,998,2.8,116,5,13,100,-13.3,297.5,0,0,0,0,0,0,n,804,Overcast clouds,c04n,20
2026/7/28 20:45,0,29.3,35.1,78,25.1,998,2.8,118,5.1,13,100,-16.4,299.3,0,0,0,0,0.25,0,n,804,Overcast clouds,c04n,20
2026/7/28 21:00,0,29.3,35.4,79,25.3,998,2.8,120,5.2,13,100,-19.5,301.2,0,0,0,0,0.5,0,n,301,Drizzle,d02n,21
2026/7/28 21:15,0,29.1,34.8,79,25.1,998,2.9,120,5.3,14,100,-22.3,303.6,0,0,0,0,0.25,0,n,804,Overcast clouds,c04n,21
2026/7/28 21:30,0,28.9,34.5,80,25.1,999,3,120,5.4,10,100,-25.1,306,0,0,0,0,0,0,n,804,Overcast clouds,c04n,21
2026/7/28 21:45,0,28.7,33.9,80,24.9,999,3.1,120,5.5,10,100,-27.9,308.4,0,0,0,0,0.25,0,n,804,Overcast clouds,c04n,21
2026/7/28 22:00,0,28.5,33.4,80,24.7,999,3.2,120,5.6,10,100,-30.7,310.8,0,0,0,0,0.5,0,n,301,Drizzle,d02n,22
2026/7/28 22:15,0,28.4,33.3,81,24.8,999,3.2,121,5.7,10,100,-33.1,314,0,0,0,0,0.25,0,n,804,Overcast clouds,c04n,22
2026/7/28 22:30,0,28.3,33.2,82,24.9,1000,3.2,122,5.8,10,100,-35.4,317.3,0,0,0,0,0,0,n,804,Overcast clouds,c04n,22
2026/7/28 22:45,0,28.2,33.1,83,25,1000,3.2,123,5.9,10,99,-37.8,320.6,0,0,0,0,0,0,n,804,Overcast clouds,c04n,22
2026/7/28 23:00,0,28.1,33,84,25.1,1000,3.2,124,6,10,99,-40.2,323.9,0,0,0,0,0,0,n,804,Overcast clouds,c04n,23
2026/7/28 23:15,0,28.1,33,84,25.1,1000,3.2,125,6.1,12,99,-41.8,328.2,0,0,0,0,0.5,0,n,301,Drizzle,d02n,23
2026/7/28 23:30,0,28.1,33,84,25.1,1000,3.2,126,6.2,13,99,-43.4,332.6,0,0,0,0,1,0,n,500,Light rain,r01n,23
2026/7/28 23:45,0,28.1,33,84,25.1,1000,3.2,127,6.3,13,99,-45,337,0,0,0,0,0.5,0,n,301,Drizzle,d02n,23
2026/7/29 0:00,0,28.1,33,84,25.1,1000,3.2,128,6.4,13,99,-46.6,341.3,0,0,0,0,0,0,n,804,Overcast clouds,c04n,0
2026/7/29 0:15,0,27.9,32.7,85,25.2,1000,3.3,128,6.4,14,98,-47.1,256.5,0,0,0,0,0,0,n,804,Overcast clouds,c04n,0
2026/7/29 0:30,0,27.8,32.3,86,25.2,1000,3.4,127,6.4,10,97,-47.6,171.8,0,0,0,0,0,0,n,804,Overcast clouds,c04n,0
2026/7/29 0:45,0,27.6,32,87,25.2,1000,3.5,126,6.4,10,96,-48.1,87,0,0,0,0,0,0,n,804,Overcast clouds,c04n,0
2026/7/29 1:00,0,27.4,31.6,88,25.2,1000,3.6,126,6.4,12,95,-48.6,2.2,0,0,0,0,0,0,n,804,Overcast clouds,c04n,1
2026/7/29 1:15,0,27.4,31.6,88,25.2,1000,3.7,126,6.3,12,94,-47.8,7.3,0,0,0,0,0,0,n,804,Overcast clouds,c04n,1
2026/7/29 1:30,0,27.4,31.6,88,25.2,1000,3.8,125,6.2,10,93,-47.1,12.5,0,0,0,0,0,0,n,804,Overcast clouds,c04n,1
2026/7/29 1:45,0,27.4,31.6,88,25.2,999,3.9,124,6.1,10,92,-46.3,17.6,0,0,0,0,0,0,n,804,Overcast clouds,c04n,1
2026/7/29 2:00,0,27.4,31.6,88,25.2,999,4,124,6,10,91,-45.6,22.7,0,0,0,0,0,0,n,804,Overcast clouds,c04n,2
2026/7/29 2:15,0,27.3,31.4,88,25.1,999,4,123,6.4,12,89,-43.8,26.8,0,0,0,0,0,0,n,804,Overcast clouds,c04n,2
2026/7/29 2:30,0,27.2,31.2,89,25.2,999,4,122,6.8,16,87,-42,31,0,0,0,0,0,0,n,804,Overcast clouds,c04n,2
2026/7/29 2:45,0,27.1,31,90,25.3,999,4,121,7.2,16,85,-40.2,35.1,0,0,0,0,0,0,n,804,Overcast clouds,c04n,2
2026/7/29 3:00,0,27,30.7,90,25.2,999,4,120,7.6,16,83,-38.4,39.2,0,0,0,0,0,0,n,804,Overcast clouds,c04n,3
2026/7/29 3:15,0,26.9,30.5,90,25.1,999,4,119,7.5,16,83,-36,42.3,0,0,0,0,0,0,n,804,Overcast clouds,c04n,3
2026/7/29 3:30,0,26.9,30.3,90,25.1,999,4,118,7.4,16,82,-33.5,45.4,0,0,0,0,0,0,n,804,Overcast clouds,c04n,3
2026/7/29 3:45,0,26.8,30.1,90,25,999,4,117,7.3,16,82,-31,48.4,0,0,0,0,0,0,n,804,Overcast clouds,c04n,3
2026/7/29 4:00,0,26.7,29.9,90,24.9,999,4,116,7.2,16,82,-28.5,51.5,0,0,0,0,0,0,n,804,Overcast clouds,c04n,4
2026/7/29 4:15,0,26.7,29.9,90,24.9,999,3.9,116,7,16,84,-25.7,53.8,0,0,0,0,0,0,n,804,Overcast clouds,c04n,4
2026/7/29 4:30,0,26.7,29.9,90,24.9,999,3.8,115,6.8,10,85,-22.8,56,0,0,0,0,0,0,n,804,Overcast clouds,c04n,4
2026/7/29 4:45,0,26.7,29.9,90,24.9,999,3.7,114,6.6,10,86,-19.9,58.3,0,0,0,0,0,0,n,804,Overcast clouds,c04n,4
2026/7/29 5:00,0,26.7,29.9,90,24.9,999,3.6,114,6.4,10,88,-17,60.6,0,0,0,0,0,0,n,804,Overcast clouds,c04n,5
2026/7/29 5:15,0,26.9,30.4,90,25.1,999,3.4,111,6.2,12,90,-13.9,62.3,0,0,0,0,0,0,n,804,Overcast clouds,c04n,5
2026/7/29 5:30,0,27.1,30.8,89,25.1,999,3.2,108,6,13,92,-10.8,64.1,0,0,0,0,0,0,n,804,Overcast clouds,c04n,5
2026/7/29 5:45,0,27.2,31.1,88,25.1,998,3,105,5.8,13,93,-7.7,65.8,0,0,0,0,0.25,0,n,804,Overcast clouds,c04n,5
2026/7/29 6:00,0,27.4,31.6,88,25.2,998,2.8,102,5.6,13,95,-4.6,67.5,0,0,0,0,0.5,0,n,301,Drizzle,d02n,6
2026/7/29 6:15,0.68,27.3,31.4,88,25.1,998,2.8,102,5.5,14,95,-1.3,69,25,12,16,0,0.25,0,d,804,Overcast clouds,c04n,6
2026/7/29 6:30,3.81,27.2,31.2,89,25.2,999,2.8,102,5.4,10,95,1.9,70.4,50,23,31,0.7,0,0,d,804,Overcast clouds,c04n,6
2026/7/29 6:45,10.51,27.1,31,90,25.3,999,2.8,102,5.3,10,95,5.2,71.8,74,35,47,0.7,0,0,d,804,Overcast clouds,c04d,6
2026/7/29 7:00,22.93,27,30.7,90,25.2,999,2.8,102,5.2,12,95,8.5,73.2,99,46,61,0.7,0,0,d,804,Overcast clouds,c04d,7
2026/7/29 7:15,26.79,27.1,31,90,25.3,999,2.9,104,5.7,12,96,11.8,74.4,155,54,74,0.7,0,0,d,804,Overcast clouds,c04d,7
2026/7/29 7:30,36.33,27.2,31.2,89,25.2,999,3,106,6.2,10,96,15.2,75.6,212,62,90,0.8,0,0,d,804,Overcast clouds,c04d,7
2026/7/29 7:45,43.42,27.3,31.4,88,25.1,999,3.1,108,6.7,10,96,18.5,76.8,268,70,106,0.8,0,0,d,804,Overcast clouds,c04d,7
2026/7/29 8:00,43.83,27.4,31.6,88,25.2,999,3.2,110,7.2,10,97,21.9,78.1,324,78,112,0.9,0,0,d,804,Overcast clouds,c04d,8
2026/7/29 8:15,39.74,27.4,31.6,88,25.2,999,3.3,110,7.5,12,97,25.3,79.2,382,83,124,1,0.25,0,d,804,Overcast clouds,c04d,8
2026/7/29 8:30,50.71,27.4,31.5,87,25,1000,3.4,111,7.8,13,98,28.7,80.3,440,88,123,1.1,0.5,0,d,301,Drizzle,d02d,8
2026/7/29 8:45,67.27,27.4,31.4,86,24.8,1000,3.5,112,8.1,13,98,32.1,81.5,498,93,133,1.2,0.25,0,d,804,Overcast clouds,c04d,8
2026/7/29 9:00,11.5,27.4,31.4,86,24.8,1000,3.6,112,8.4,13,98,35.5,82.6,556,98,143,1.4,0,0,d,804,Overcast clouds,c04d,9
2026/7/29 9:15,3.93,28.1,32.7,83,24.9,1000,3.5,112,8.4,14,98,39,83.8,607,101,150,1.5,0,0,d,804,Overcast clouds,c04d,9
2026/7/29 9:30,21.43,28.7,33.9,80,24.9,1001,3.4,112,8.4,14,98,42.4,84.9,659,104,158,1.7,0,0,d,804,Overcast clouds,c04d,9
2026/7/29 9:45,7.1,29.4,35.3,78,25.1,1001,3.3,112,8.4,15,97,45.8,86.1,711,108,186,2,0,0,d,804,Overcast clouds,c04d,9
2026/7/29 10:00,3.96,30,36.3,75,25.1,1001,3.2,112,8.4,16,97,49.3,87.3,762,111,195,2.2,0,0,d,804,Overcast clouds,c04d,10
2026/7/29 10:15,16.11,30.3,36.8,74,25.1,1001,3.2,112,8.2,16,96,52.8,88.7,802,113,113,2.5,0,0,d,804,Overcast clouds,c04d,10
2026/7/29 10:30,26.74,30.6,37.6,74,25.4,1001,3.2,112,8,10,96,56.2,90.2,842,115,118,2.7,0,0,d,804,Overcast clouds,c04d,10
2026/7/29 10:45,9.13,30.8,38,73,25.4,1000,3.2,112,7.8,10,95,59.7,91.7,882,117,148,3,0,0,d,804,Overcast clouds,c04d,10
2026/7/29 11:00,3.89,31.1,38.5,72,25.4,1000,3.2,112,7.6,10,94,63.1,93.2,922,120,179,3.3,0,0,d,804,Overcast clouds,c04d,11
2026/7/29 11:15,3.96,31.1,38.5,72,25.4,1000,3.2,112,7.7,10,94,66.6,96.1,947,121,184,3.5,0,0,d,804,Overcast clouds,c04d,11
2026/7/29 11:30,3.95,31.1,38.5,72,25.4,1000,3.2,113,7.8,10,94,70,99.1,972,122,189,3.7,0,0,d,804,Overcast clouds,c04d,11
2026/7/29 11:45,106.71,31.1,38.5,72,25.4,1000,3.2,114,7.9,10,94,73.4,102,996,123,193,3.8,0,0,d,804,Overcast clouds,c04d,11
2026/7/29 12:00,71.58,31.1,38.5,72,25.4,1000,3.2,114,8,10,94,76.8,105,1021,124,198,4,0,0,d,804,Overcast clouds,c04d,12
2026/7/29 12:15,81.68,31.5,38.9,70,25.3,1000,3.1,114,8.1,12,95,79.1,128.9,1028,125,173,4,0,0,d,804,Overcast clouds,c04d,12
2026/7/29 12:30,41.9,31.9,39.3,68,25.2,1000,3,115,8.2,10,96,81.3,152.7,1035,125,146,4,0,0,d,804,Overcast clouds,c04d,12
2026/7/29 12:45,25.2,32.2,39.6,66,25.1,1000,2.9,116,8.3,10,97,83.5,176.6,1043,125,241,3.9,0,0,d,804,Overcast clouds,c04d,12
2026/7/29 13:00,55.42,32.6,39.9,64,24.9,1000,2.8,116,8.4,12,98,85.8,200.5,1050,126,213,3.9,0,0,d,804,Overcast clouds,c04d,13
2026/7/29 13:15,37.75,32.7,39.8,63,24.7,1000,2.8,116,8.2,12,97,82.8,215,1039,125,242,3.9,0,0,d,804,Overcast clouds,c04d,13
2026/7/29 13:30,35.6,32.8,39.7,62,24.5,1000,2.8,117,8,13,96,79.9,229.6,1028,125,148,3.9,0,0,d,804,Overcast clouds,c04d,13
2026/7/29 13:45,15.59,32.9,40,62,24.6,1000,2.8,118,7.8,13,96,77,244.1,1017,124,146,3.8,0,0,d,804,Overcast clouds,c04d,13
2026/7/29 14:00,3.88,33,39.9,61,24.5,999,2.8,118,7.6,14,95,74,258.7,1006,124,173,3.8,0,0,d,804,Overcast clouds,c04d,14
2026/7/29 14:15,3.94,33,39.9,61,24.5,999,2.7,118,7.4,14,94,70.6,261,978,122,194,3.7,0,0,d,804,Overcast clouds,c04d,14
2026/7/29 14:30,103.19,33,39.9,61,24.5,999,2.6,118,7.2,10,94,67.1,263.4,950,121,189,3.5,0,0,d,804,Overcast clouds,c04d,14
2026/7/29 14:45,32.4,33,39.9,61,24.5,999,2.5,118,7,10,94,63.7,265.8,922,120,183,3.3,0,0,d,804,Overcast clouds,c04d,14
2026/7/29 15:00,32.09,33,39.9,61,24.5,998,2.4,118,6.8,10,93,60.3,268.2,893,118,201,3.2,0,0,d,804,Overcast clouds,c04d,15
2026/7/29 15:15,60.53,32.6,39.6,63,24.7,998,2.4,118,6.7,12,92,56.8,269.6,851,116,212,3,0,0,d,804,Overcast clouds,c04d,15
2026/7/29 15:30,100.48,32.3,39,64,24.6,998,2.4,119,6.6,13,90,53.3,270.9,808,113,241,2.8,0,0,d,804,Overcast clouds,c04d,15
2026/7/29 15:45,56.04,31.9,38.7,66,24.7,997,2.4,120,6.5,13,88,49.9,272.3,765,111,263,2.7,0,0,d,804,Overcast clouds,c04d,15
2026/7/29 16:00,120.14,31.5,38.3,68,24.9,997,2.4,120,6.4,14,87,46.4,273.7,722,109,264,2.4,0,0,d,804,Overcast clouds,c04d,16
2026/7/29 16:15,179.68,31.4,38.1,68,24.8,997,2.6,120,6.4,14,89,43,274.8,669,105,215,2.1,0.5,0,d,301,Drizzle,d02d,16
2026/7/29 16:30,56.49,31.3,37.8,68,24.7,997,2.8,120,6.4,10,90,39.5,276,615,102,183,1.8,1,0,d,200,Thunderstorm with light rain,t01d,16
2026/7/29 16:45,33.53,31.2,37.5,68,24.6,997,3,120,6.4,10,92,36.1,277.1,562,98,140,1.6,0.75,0,d,231,Thunderstorm with drizzle,t04d,16
2026/7/29 17:00,31.8,31.1,37.3,68,24.5,997,3.2,120,6.4,10,94,32.6,278.3,508,94,101,1.3,0.5,0,d,231,Thunderstorm with drizzle,t04d,17
2026/7/29 17:15,50.84,30.5,36.4,71,24.6,997,3.3,120,6.6,12,94,29.2,279.4,450,89,89,1.2,0.75,0,d,301,Drizzle,d02d,17
2026/7/29 17:30,39.92,29.8,35.5,74,24.7,997,3.4,120,6.8,13,94,25.8,280.5,392,84,159,1.1,1,0,d,500,Light rain,r01d,17
2026/7/29 17:45,42.36,29.2,34.5,77,24.7,997,3.5,120,7,13,95,22.4,281.7,333,78,133,0.9,0.5,0,d,301,Drizzle,d02d,17
2026/7/29 18:00,29.64,28.5,33.4,80,24.7,997,3.6,120,7.2,13,95,19,282.8,275,73,118,0.8,0,0,d,804,Overcast clouds,c04d,18
2026/7/29 18:15,17.09,28.4,33.1,80,24.6,997,3.6,120,7,14,94,15.7,284.1,221,64,106,0.8,0.5,0,d,301,Drizzle,d02d,18
2026/7/29 18:30,18,28.3,33,81,24.7,997,3.6,119,6.8,10,94,12.3,285.3,167,55,87,0.8,1,0,d,500,Light rain,r01d,18
2026/7/29 18:45,7.76,28.2,32.9,82,24.8,997,3.6,118,6.6,10,94,9,286.5,112,45,60,0.7,1.25,0,d,500,Light rain,r01d,18
2026/7/29 19:00,4.01,28.1,32.7,82,24.7,997,3.6,118,6.4,12,93,5.7,287.8,58,36,43,0.7,1.5,0,d,500,Light rain,r01d,19
2026/7/29 19:15,3.92,28.1,32.7,82,24.7,997,3.6,116,6.5,12,94,2.4,289.3,44,27,31,0.7,1.5,0,d,500,Light rain,r01n,19
2026/7/29 19:30,0.82,28.1,32.7,82,24.7,998,3.6,115,6.6,13,94,-0.8,290.7,29,18,21,0,1.5,0,d,500,Light rain,r01n,19
2026/7/29 19:45,0.03,28.1,32.7,82,24.7,998,3.6,114,6.7,13,94,-4.1,292.2,15,9,12,0,1,0,d,500,Light rain,r01n,19
2026/7/29 20:00,0.03,28.1,32.7,82,24.7,998,3.6,112,6.8,14,95,-7.3,293.7,0,0,0,0,0.5,0,n,301,Drizzle,d02n,20
2026/7/29 20:15,0,28.1,32.7,82,24.7,998,3.6,112,6.7,14,94,-10.4,295.5,0,0,0,0,0.25,0,n,804,Overcast clouds,c04n,20
2026/7/29 20:30,0,28.1,32.7,82,24.7,999,3.6,113,6.6,15,93,-13.5,297.3,0,0,0,0,0,0,n,804,Overcast clouds,c04n,20
2026/7/29 20:45,0,28.1,32.7,82,24.7,999,3.6,114,6.5,15,92,-16.5,299.1,0,0,0,0,0,0,n,804,Overcast clouds,c04n,20
2026/7/29 21:00,0,28.1,32.7,82,24.7,999,3.6,114,6.4,16,91,-19.6,301,0,0,0,0,0,0,n,804,Overcast clouds,c04n,21
2026/7/29 21:15,0,27.9,32.4,83,24.8,999,3.6,116,6.3,16,92,-22.4,303.4,0,0,0,0,0,0,n,804,Overcast clouds,c04n,21
2026/7/29 21:30,0,27.8,32.1,84,24.8,1000,3.6,117,6.2,16,93,-25.3,305.8,0,0,0,0,0,0,n,804,Overcast clouds,c04n,21
2026/7/29 21:45,0,27.6,31.7,85,24.8,1000,3.6,118,6.1,16,94,-28.1,308.2,0,0,0,0,0,0,n,804,Overcast clouds,c04n,21
2026/7/29 22:00,0,27.4,31.4,86,24.8,1000,3.6,120,6,16,95,-30.9,310.6,0,0,0,0,0,0,n,804,Overcast clouds,c04n,22
2026/7/29 22:15,0,27.3,31.1,86,24.7,1000,3.6,120,5.9,16,96,-33.2,313.9,0,0,0,0,0,0,n,804,Overcast clouds,c04n,22
2026/7/29 22:30,0,27.2,30.8,86,24.7,1001,3.6,121,5.8,10,98,-35.6,317.1,0,0,0,0,0,0,n,804,Overcast clouds,c04n,22
2026/7/29 22:45,0,27.1,30.6,86,24.6,1001,3.6,122,5.7,10,99,-38,320.4,0,0,0,0,0,0,n,804,Overcast clouds,c04n,22
2026/7/29 23:00,0,27,30.3,86,24.5,1001,3.6,122,5.6,12,100,-40.4,323.7,0,0,0,0,0,0,n,804,Overcast clouds,c04n,23
2026/7/29 23:15,0,27,30.3,86,24.5,1001,3.5,123,5.7,12,99,-42,328.1,0,0,0,0,0,0,n,804,Overcast clouds,c04n,23
2026/7/29 23:30,0,27,30.4,87,24.6,1001,3.4,124,5.8,13,98,-43.6,332.5,0,0,0,0,0,0,n,804,Overcast clouds,c04n,23
2026/7/29 23:45,0,27,30.5,88,24.8,1001,3.3,125,5.9,13,97,-45.2,336.8,0,0,0,0,0,0,n,804,Overcast clouds,c04n,23
2026/7/30 0:00,0,27,30.5,88,24.8,1001,3.2,126,6,14,96,-46.8,341.2,0,0,0,0,0,0,n,804,Overcast clouds,c04n,0
2026/7/30 0:15,0,26.8,30.1,88,24.7,1001,3.2,126,5.9,14,96,-47.3,256.5,0,0,0,0,0,0,n,804,Overcast clouds,c04n,0
2026/7/30 0:30,0,26.7,27.7,89,24.7,1001,3.2,126,5.8,14,96,-47.8,171.7,0,0,0,0,0,0,n,804,Overcast clouds,c04n,0
2026/7/30 0:45,0,26.5,27.5,90,24.7,1000,3.2,126,5.7,15,96,-48.3,87,0,0,0,0,0,0,n,804,Overcast clouds,c04n,0
2026/7/30 1:00,0,26.3,27.3,90,24.5,1000,3.2,126,5.6,16,96,-48.8,2.3,0,0,0,0,0,0,n,804,Overcast clouds,c04n,1
2026/7/30 1:15,0,26.3,27.3,90,24.5,1000,3.1,124,5.6,16,96,-48.1,7.4,0,0,0,0,0,0,n,804,Overcast clouds,c04n,1
2026/7/30 1:30,0,26.3,27.3,90,24.5,1000,3,123,5.6,10,95,-47.3,12.5,0,0,0,0,0,0,n,804,Overcast clouds,c04n,1
2026/7/30 1:45,0,26.3,27.3,90,24.5,1000,2.9,122,5.6,10,94,-46.6,17.7,0,0,0,0,0,0,n,804,Overcast clouds,c04n,1
2026/7/30 2:00,0,26.3,27.3,90,24.5,1000,2.8,120,5.6,10,94,-45.8,22.8,0,0,0,0,0,0,n,804,Overcast clouds,c04n,2
2026/7/30 2:15,0.01,26.3,27.3,90,24.5,1000,2.8,119,5.6,12,94,-44,27,0,0,0,0,0,0,n,804,Overcast clouds,c04n,2
2026/7/30 2:30,0,26.3,27.3,90,24.5,1000,2.8,118,5.6,13,94,-42.2,31.1,0,0,0,0,0,0,n,804,Overcast clouds,c04n,2
2026/7/30 2:45,0,26.3,27.3,90,24.5,1000,2.8,117,5.6,13,95,-40.4,35.3,0,0,0,0,0,0,n,804,Overcast clouds,c04n,2
2026/7/30 3:00,0,26.3,27.3,90,24.5,1000,2.8,116,5.6,13,95,-38.6,39.4,0,0,0,0,0,0,n,804,Overcast clouds,c04n,3
2026/7/30 3:15,0,26.3,27.3,90,24.5,1000,2.8,114,5.6,14,96,-36.1,42.5,0,0,0,0,0,0,n,804,Overcast clouds,c04n,3
2026/7/30 3:30,0,26.3,27.3,90,24.5,1000,2.8,112,5.6,15,98,-33.6,45.6,0,0,0,0,0,0,n,804,Overcast clouds,c04n,3
2026/7/30 3:45,0,26.3,27.3,90,24.5,999,2.8,110,5.6,15,99,-31.2,48.7,0,0,0,0,0,0,n,804,Overcast clouds,c04n,3
2026/7/30 4:00,0,26.3,27.3,90,24.5,999,2.8,108,5.6,16,100,-28.7,51.7,0,0,0,0,0,0,n,804,Overcast clouds,c04n,4
2026/7/30 4:15,0.01,26.3,27.3,90,24.5,999,2.8,109,5.6,16,100,-25.8,54,0,0,0,0,0,0,n,804,Overcast clouds,c04n,4
2026/7/30 4:30,0.01,26.3,27.3,90,24.5,999,2.8,110,5.6,8,100,-22.9,56.3,0,0,0,0,0,0,n,804,Overcast clouds,c04n,4
2026/7/30 4:45,0,26.3,27.3,90,24.5,999,2.8,111,5.6,8,99,-20,58.5,0,0,0,0,0,0,n,804,Overcast clouds,c04n,4
2026/7/30 5:00,0,26.3,27.3,90,24.5,999,2.8,112,5.6,8,99,-17.2,60.8,0,0,0,0,0,0,n,804,Overcast clouds,c04n,5
2026/7/30 5:15,0,26.5,27.5,90,24.7,999,2.8,112,5.9,11,98,-14,62.5,0,0,0,0,0,0,n,804,Overcast clouds,c04n,5
2026/7/30 5:30,0,26.7,27.7,89,24.7,999,2.8,112,6.2,11,96,-10.9,64.3,0,0,0,0,0,0,n,804,Overcast clouds,c04n,5
2026/7/30 5:45,0,26.8,30.1,88,24.7,999,2.8,112,6.5,12,95,-7.8,66,0,0,0,0,0,0,n,804,Overcast clouds,c04n,5
2026/7/30 6:00,0,27,30.5,88,24.8,999,2.8,112,6.8,13,94,-4.7,67.8,0,0,0,0,0,0,n,804,Overcast clouds,c04n,6
2026/7/30 6:15,0.67,26.9,30.3,88,24.8,999,2.9,112,6.6,14,95,-1.4,69.2,25,12,16,0,0,0,d,804,Overcast clouds,c04n,6
2026/7/30 6:30,2.1,26.9,30.2,89,24.9,999,3,112,6.4,14,96,1.8,70.6,49,23,29,0.7,0,0,d,804,Overcast clouds,c04n,6
2026/7/30 6:45,4.47,26.8,30.1,90,25,999,3.1,112,6.2,15,98,5.1,72,74,35,40,0.7,0,0,d,804,Overcast clouds,c04d,6
2026/7/30 7:00,7.22,26.7,29.9,90,24.9,999,3.2,112,6,16,99,8.4,73.4,98,46,50,0.7,0,0,d,804,Overcast clouds,c04d,7
2026/7/30 7:15,7.47,26.7,29.9,90,24.9,999,3.1,110,6.1,16,98,11.7,74.6,154,54,66,0.7,0,0,d,804,Overcast clouds,c04d,7
2026/7/30 7:30,20.09,26.7,29.9,90,24.9,1000,3,108,6.2,10,97,15.1,75.9,210,62,84,0.7,0,0,d,804,Overcast clouds,c04d,7
2026/7/30 7:45,30.8,26.7,29.9,90,24.9,1000,2.9,106,6.3,10,96,18.4,77.1,267,70,106,0.8,0,0,d,804,Overcast clouds,c04d,7
2026/7/30 8:00,37.08,26.7,29.9,90,24.9,1000,2.8,104,6.4,10,95,21.8,78.3,323,78,131,0.9,0,0,d,804,Overcast clouds,c04d,8
2026/7/30 8:15,48.46,26.6,27.7,91,25,1000,2.8,102,6.3,12,95,25.2,79.4,381,83,145,1,0,0,d,804,Overcast clouds,c04d,8
2026/7/30 8:30,50.68,26.5,27.6,92,25.1,1000,2.8,101,6.2,10,94,28.6,80.6,439,88,172,1.2,0,0,d,804,Overcast clouds,c04d,8
2026/7/30 8:45,50.88,26.4,27.5,93,25.2,1000,2.8,100,6.1,10,94,32,81.7,497,93,97,1.3,0,0,d,804,Overcast clouds,c04d,8
2026/7/30 9:00,52.41,26.3,27.4,94,25.3,1000,2.8,98,6,10,94,35.5,82.9,555,98,108,1.5,0,0,d,804,Overcast clouds,c04d,9
2026/7/30 9:15,136.29,27,30.7,91,25.4,1000,2.8,99,6,12,96,38.9,84.1,607,101,183,1.6,0,0,d,804,Overcast clouds,c04d,9
2026/7/30 9:30,93.24,27.6,32.2,88,25.4,1000,2.8,100,6,10,97,42.4,85.3,658,104,175,1.8,0,0,d,804,Overcast clouds,c04d,9
2026/7/30 9:45,41.53,28.3,33.6,85,25.5,1000,2.8,101,6,10,98,45.8,86.4,710,108,164,1.9,0,0,d,804,Overcast clouds,c04d,9
2026/7/30 10:00,174.81,28.9,34.9,82,25.5,1000,2.8,102,6,12,100,49.3,87.6,762,111,126,2.1,0,0,d,804,Overcast clouds,c04d,10
2026/7/30 10:15,126.37,29,35,81,25.4,1000,2.8,104,6.1,12,100,52.7,89.1,802,113,129,2.3,0.25,0,d,804,Overcast clouds,c04d,10
2026/7/30 10:30,124.33,29.1,35,80,25.3,1000,2.8,105,6.2,10,99,56.2,90.7,842,115,158,2.5,0.5,0,d,301,Drizzle,d02d,10
2026/7/30 10:45,84.84,29.2,34.8,78,25,1000,2.8,106,6.3,10,98,59.6,92.2,882,117,189,2.8,0.25,0,d,804,Overcast clouds,c04d,10
2026/7/30 11:00,96.37,29.3,34.9,77,24.8,1000,2.8,108,6.4,10,98,63.1,93.7,922,120,196,3,0,0,d,804,Overcast clouds,c04d,11
2026/7/30 11:15,68.84,29.2,34.8,78,25,1000,2.7,108,6.4,12,97,66.5,96.8,947,121,226,3.3,0.5,0,d,301,Drizzle,d02d,11
2026/7/30 11:30,3.97,29.1,34.6,78,24.9,1000,2.6,107,6.4,13,96,69.9,99.8,971,122,138,3.5,1,0,d,500,Light rain,r01d,11
2026/7/30 11:45,3.96,29,34.5,79,25,1000,2.5,106,6.4,13,95,73.3,102.9,996,123,169,3.8,0.75,0,d,301,Drizzle,d02d,11
2026/7/30 12:00,3.96,28.9,34.5,80,25.1,1000,2.4,106,6.4,14,94,76.8,106,1021,124,200,4,0.5,0,d,301,Drizzle,d02d,12
2026/7/30 12:15,4.04,29.2,34.8,78,24.9,1000,2.4,107,6.5,14,95,78.9,129.4,1028,125,174,4,0.5,0,d,301,Drizzle,d02d,12
2026/7/30 12:30,4.03,29.5,35.3,77,25,1000,2.4,108,6.6,10,96,81.1,152.8,1035,125,147,4,0.5,0,d,301,Drizzle,d02d,12
2026/7/30 12:45,4.03,29.7,35.8,76,25,999,2.4,109,6.7,10,98,83.3,176.2,1042,125,210,3.8,0.5,0,d,231,Thunderstorm with drizzle,t04d,12
2026/7/30 13:00,37.33,30,36,74,24.9,999,2.4,110,6.8,10,99,85.5,199.6,1050,126,182,3.8,0.5,0,d,231,Thunderstorm with drizzle,t04d,13
2026/7/30 13:15,20.93,29.6,35.5,76,24.9,999,2.4,112,7.2,12,99,82.6,214.1,1039,125,180,3.7,0.5,0,d,231,Thunderstorm with drizzle,t04d,13
2026/7/30 13:30,3.98,29.3,34.8,77,24.8,999,2.4,114,7.6,13,98,79.7,228.7,1028,125,210,3.8,0.5,0,d,301,Drizzle,d02d,13
2026/7/30 13:45,103.86,28.9,34,78,24.6,998,2.4,116,8,13,98,76.8,243.3,1017,124,187,3.7,1.75,0,d,500,Light rain,r01d,13
2026/7/30 14:00,66.19,28.5,33.4,80,24.7,998,2.4,118,8.4,14,98,73.9,257.8,1006,124,170,3.6,3,0,d,500,Light rain,r01d,14
2026/7/30 14:15,49.69,28.4,33.1,80,24.6,998,2.7,120,8.2,14,98,70.5,260.3,978,122,152,3.4,4.25,0,d,501,Moderate rain,r02d,14
2026/7/30 14:30,26.96,28.3,33,81,24.7,998,3,123,8,15,98,67.1,262.8,949,121,133,3.2,5.5,0,d,201,Thunderstorm with rain,t02d,14
2026/7/30 14:45,33.4,28.2,32.9,82,24.8,998,3.3,126,7.8,15,97,63.6,265.3,921,120,162,3.1,5,0,d,201,Thunderstorm with rain,t02d,14
2026/7/30 15:00,15.4,28.1,32.7,82,24.7,998,3.6,128,7.6,16,97,60.2,267.7,893,118,165,2.9,4.5,0,d,201,Thunderstorm with rain,t02d,15
2026/7/30 15:15,17.42,27.8,32.1,83,24.7,998,3.8,130,7.9,16,98,56.7,269.1,850,116,149,2.6,3.25,0,d,200,Thunderstorm with light rain,t01d,15
2026/7/30 15:30,17.34,27.6,31.5,84,24.6,998,4,131,8.2,3,98,53.3,270.5,807,113,158,2.4,2,0,d,200,Thunderstorm with light rain,t01d,15
2026/7/30 15:45,16.59,27.3,30.9,85,24.5,998,4.2,132,8.5,3,99,49.8,271.9,764,111,135,2.1,1.5,0,d,200,Thunderstorm with light rain,t01d,15
2026/7/30 16:00,15.98,27,30.3,86,24.5,998,4.4,134,8.8,7,100,46.3,273.3,721,109,126,1.9,1,0,d,200,Thunderstorm with light rain,t01d,16
2026/7/30 16:15,14.33,27,30.3,86,24.5,998,4.3,132,8.6,8,100,42.9,274.5,668,105,121,1.7,1,0,d,200,Thunderstorm with light rain,t01d,16
2026/7/30 16:30,6.17,27,30.4,87,24.6,998,4.2,131,8.4,9,100,39.5,275.7,614,102,116,1.5,1,0,d,200,Thunderstorm with light rain,t01d,16
2026/7/30 16:45,13.54,27,30.5,88,24.8,998,4.1,130,8.2,10,100,36,276.8,561,98,110,1.3,1,0,d,200,Thunderstorm with light rain,t01d,16
2026/7/30 17:00,13.72,27,30.5,88,24.8,998,4,128,8,11,100,32.6,278,507,94,105,1.2,1,0,d,200,Thunderstorm with light rain,t01d,17
2026/7/30 17:15,15.73,26.6,27.6,90,24.8,998,3.9,128,7.9,12,100,29.2,279.1,449,89,98,1,1,0,d,200,Thunderstorm with light rain,t01d,17
2026/7/30 17:30,10.66,26.1,27.2,92,24.7,998,3.8,129,7.8,14,100,25.7,280.3,390,84,92,0.9,1,0,d,200,Thunderstorm with light rain,t01d,17
2026/7/30 17:45,17.23,25.7,26.7,94,24.6,998,3.7,130,7.7,14,100,22.3,281.4,332,78,85,0.8,0.75,0,d,231,Thunderstorm with drizzle,t04d,17
2026/7/30 18:00,15.86,25.2,26.3,96,24.5,998,3.6,130,7.6,16,100,18.9,282.6,273,73,79,0.8,0.5,0,d,231,Thunderstorm with drizzle,t04d,18
2026/7/30 18:15,12.53,25.3,26.4,96,24.6,998,3.4,126,7.7,16,100,15.6,283.8,219,64,68,0.7,0.25,0,d,804,Overcast clouds,c04d,18
2026/7/30 18:30,8.12,25.4,26.5,95,24.5,998,3.2,123,7.8,10,100,12.2,285.1,165,54,57,0.7,0,0,d,804,Overcast clouds,c04d,18
2026/7/30 18:45,4.09,25.5,26.6,94,24.5,998,3,120,7.9,10,99,8.9,286.3,111,45,50,0.7,0,0,d,804,Overcast clouds,c04d,18
2026/7/30 19:00,3.1,25.6,26.7,94,24.6,998,2.8,116,8,10,99,5.6,287.6,57,36,38,0.6,0,0,d,804,Overcast clouds,c04d,19
2026/7/30 19:15,1.54,25.7,26.8,94,24.6,998,2.8,114,8,12,99,2.3,289,43,27,29,0.6,0,0,d,804,Overcast clouds,c04n,19
2026/7/30 19:30,0.19,25.8,26.8,93,24.5,999,2.8,111,8,13,100,-0.9,290.5,29,18,18,0,0,0,d,804,Overcast clouds,c04n,19
2026/7/30 19:45,0,25.8,26.9,92,24.4,999,2.8,108,8,13,100,-4.2,292,14,9,9,0,0,0,d,804,Overcast clouds,c04n,19
2026/7/30 20:00,0,25.9,26.9,92,24.5,999,2.8,106,8,14,100,-7.4,293.4,0,0,0,0,0,0,n,804,Overcast clouds,c04n,20
2026/7/30 20:15,0,25.9,26.9,92,24.5,999,2.9,108,7.8,14,100,-10.5,295.3,0,0,0,0,0,0,n,804,Overcast clouds,c04n,20
2026/7/30 20:30,0,25.9,26.9,92,24.5,999,3,110,7.6,10,100,-13.6,297.1,0,0,0,0,0,0,n,804,Overcast clouds,c04n,20
2026/7/30 20:45,0,25.9,26.9,92,24.5,999,3.1,112,7.4,10,99,-16.7,298.9,0,0,0,0,0,0,n,804,Overcast clouds,c04n,20
2026/7/30 21:00,0,25.9,26.9,92,24.5,999,3.2,114,7.2,10,99,-19.8,300.8,0,0,0,0,0,0,n,804,Overcast clouds,c04n,21
2026/7/30 21:15,0,25.9,26.9,92,24.5,999,3.2,115,6.9,12,99,-22.6,303.2,0,0,0,0,0,0,n,804,Overcast clouds,c04n,21
2026/7/30 21:30,0,25.9,26.9,92,24.5,1000,3.2,116,6.6,13,100,-25.4,305.6,0,0,0,0,0,0,n,804,Overcast clouds,c04n,21
2026/7/30 21:45,0,25.9,26.9,92,24.5,1000,3.2,117,6.3,13,100,-28.2,308,0,0,0,0,0,0,n,804,Overcast clouds,c04n,21
2026/7/30 22:00,0,25.9,26.9,92,24.5,1000,3.2,118,6,14,100,-31.1,310.4,0,0,0,0,0,0,n,804,Overcast clouds,c04n,22
2026/7/30 22:15,0,25.9,26.9,92,24.5,1000,3.1,118,5.8,10,100,-33.4,313.7,0,0,0,0,0,0,n,804,Overcast clouds,c04n,22
2026/7/30 22:30,0,25.9,27,93,24.7,1001,3,118,5.6,10,100,-35.8,316.9,0,0,0,0,0,0,n,804,Overcast clouds,c04n,22
2026/7/30 22:45,0.01,25.9,27,94,24.9,1001,2.9,118,5.4,10,100,-38.2,320.2,0,0,0,0,0,0,n,804,Overcast clouds,c04n,22
2026/7/30 23:00,0,25.9,27,94,24.9,1001,2.8,118,5.2,10,100,-40.6,323.5,0,0,0,0,0,0,n,804,Overcast clouds,c04n,23
2026/7/30 23:15,0,25.9,27,94,24.9,1001,2.9,120,5.2,12,100,-42.2,327.9,0,0,0,0,0.5,0,n,301,Drizzle,d02n,23
2026/7/30 23:30,0.01,25.9,27,94,24.9,1001,3,121,5.2,10,100,-43.8,332.3,0,0,0,0,1,0,n,500,Light rain,r01n,23
2026/7/30 23:45,0.01,25.9,27,94,24.9,1001,3.1,122,5.2,10,100,-45.4,336.7,0,0,0,0,0.5,0,n,301,Drizzle,d02n,23
2026/7/31 0:00,0,25.9,27,94,24.9,1001,3.2,124,5.2,12,100,-47.1,341.1,0,0,0,0,0,0,n,804,Overcast clouds,c04n,0
2026/7/31 0:15,0,25.8,26.9,94,24.8,1001,3.2,125,5.1,12,100,-47.6,256.4,0,0,0,0,0,0,n,804,Overcast clouds,c04n,0
2026/7/31 0:30,0,25.8,26.9,95,24.9,1001,3.2,126,5,10,100,-48.1,171.7,0,0,0,0,0,0,n,804,Overcast clouds,c04n,0
2026/7/31 0:45,0,25.7,26.8,96,25,1001,3.2,127,4.9,10,100,-48.6,87,0,0,0,0,0,0,n,804,Overcast clouds,c04n,0
2026/7/31 1:00,0.01,25.6,26.7,96,24.9,1001,3.2,128,4.8,10,100,-49.1,2.3,0,0,0,0,0,0,n,804,Overcast clouds,c04n,1
2026/7/31 1:15,0,25.7,26.8,96,25,1001,3.2,130,5.1,12,100,-48.3,7.5,0,0,0,0,0,0,n,804,Overcast clouds,c04n,1
2026/7/31 1:30,0.01,25.8,26.9,95,24.9,1001,3.2,131,5.4,10,100,-47.6,12.6,0,0,0,0,0,0,n,804,Overcast clouds,c04n,1
2026/7/31 1:45,0,25.8,26.9,94,24.8,1000,3.2,132,5.7,10,100,-46.8,17.8,0,0,0,0,0,0,n,804,Overcast clouds,c04n,1
2026/7/31 2:00,0,25.9,27,94,24.9,1000,3.2,134,6,10,100,-46,23,0,0,0,0,0,0,n,804,Overcast clouds,c04n,2
2026/7/31 2:15,0,25.8,26.9,94,24.8,1000,3.1,133,5.9,12,100,-44.2,27.1,0,0,0,0,0,0,n,804,Overcast clouds,c04n,2
2026/7/31 2:30,0,25.8,26.9,95,24.9,1000,3,132,5.8,13,100,-42.4,31.3,0,0,0,0,0,0,n,804,Overcast clouds,c04n,2
2026/7/31 2:45,0,25.7,26.8,96,25,999,2.9,131,5.7,13,100,-40.6,35.5,0,0,0,0,0,0,n,804,Overcast clouds,c04n,2
2026/7/31 3:00,0,25.6,26.7,96,24.9,999,2.8,130,5.6,14,100,-38.8,39.6,0,0,0,0,0,0,n,804,Overcast clouds,c04n,3
2026/7/31 3:15,0,25.6,26.7,96,24.9,999,2.8,130,5.6,14,100,-36.3,42.7,0,0,0,0,0,0,n,804,Overcast clouds,c04n,3
2026/7/31 3:30,0,25.6,26.7,95,24.7,999,2.8,131,5.6,10,100,-33.8,45.8,0,0,0,0,0,0,n,804,Overcast clouds,c04n,3
2026/7/31 3:45,0,25.6,26.7,94,24.6,999,2.8,132,5.6,10,100,-31.3,48.9,0,0,0,0,0,0,n,804,Overcast clouds,c04n,3
2026/7/31 4:00,0,25.6,26.7,94,24.6,999,2.8,132,5.6,10,100,-28.8,51.9,0,0,0,0,0,0,n,804,Overcast clouds,c04n,4
2026/7/31 4:15,0,25.6,26.7,94,24.6,999,2.7,130,5.5,12,100,-26,54.2,0,0,0,0,0,0,n,804,Overcast clouds,c04n,4
2026/7/31 4:30,0,25.6,26.7,94,24.6,999,2.6,128,5.4,12,100,-23.1,56.5,0,0,0,0,0,0,n,804,Overcast clouds,c04n,4
2026/7/31 4:45,0,25.6,26.7,94,24.6,999,2.5,126,5.3,12,100,-20.2,58.8,0,0,0,0,0,0,n,804,Overcast clouds,c04n,4
2026/7/31 5:00,0,25.6,26.7,94,24.6,999,2.4,124,5.2,12,100,-17.3,61,0,0,0,0,0,0,n,804,Overcast clouds,c04n,5
2026/7/31 5:15,0,25.8,26.9,94,24.7,999,2.4,121,5.2,13,100,-14.2,62.8,0,0,0,0,0,0,n,804,Overcast clouds,c04n,5
2026/7/31 5:30,0,26,27,93,24.7,999,2.4,118,5.2,10,100,-11,64.5,0,0,0,0,0,0,n,804,Overcast clouds,c04n,5
2026/7/31 5:45,0,26.1,27.2,92,24.7,999,2.4,115,5.2,10,100,-7.9,66.2,0,0,0,0,0,0,n,804,Overcast clouds,c04n,5
2026/7/31 6:00,0,26.3,27.4,92,24.9,999,2.4,112,5.2,11,100,-4.8,68,0,0,0,0,0,0,n,804,Overcast clouds,c04n,6
2026/7/31 6:15,0.05,26.2,27.3,92,24.8,999,2.4,112,5.2,11,100,-1.5,69.4,24,11,11,0,0,0,d,804,Overcast clouds,c04n,6
2026/7/31 6:30,1.12,26.1,27.2,93,24.9,999,2.4,113,5.2,10,100,1.8,70.8,48,23,24,0.6,0,0,d,804,Overcast clouds,c04n,6
2026/7/31 6:45,4.7,26,27.1,94,25,999,2.4,114,5.2,10,100,5,72.2,73,34,35,0.6,0,0,d,804,Overcast clouds,c04d,6
2026/7/31 7:00,6.77,25.9,27,94,24.9,999,2.4,114,5.2,10,100,8.3,73.7,97,46,47,0.6,0,0,d,804,Overcast clouds,c04d,7
2026/7/31 7:15,8.42,25.9,27,94,24.9,999,2.4,114,5.4,12,100,11.7,74.9,153,54,57,0.7,0,0,d,804,Overcast clouds,c04d,7
2026/7/31 7:30,16.42,25.9,27,94,24.9,999,2.4,113,5.6,10,100,15,76.1,209,62,66,0.7,0,0,d,804,Overcast clouds,c04d,7
2026/7/31 7:45,18.86,25.9,27,94,24.9,999,2.4,112,5.8,10,100,18.4,77.3,266,70,75,0.8,0,0,d,804,Overcast clouds,c04d,7
2026/7/31 8:00,18.64,25.9,27,94,24.9,999,2.4,112,6,10,100,21.7,78.6,322,78,84,0.8,0,0,d,804,Overcast clouds,c04d,8
2026/7/31 8:15,27.06,25.8,26.9,94,24.8,999,2.6,114,6,12,100,25.1,79.7,380,83,91,0.9,0,0,d,804,Overcast clouds,c04d,8
2026/7/31 8:30,74.63,25.8,26.9,95,24.9,1000,2.8,116,6,12,100,28.6,80.9,438,88,97,1,0,0,d,804,Overcast clouds,c04d,8
2026/7/31 8:45,36.46,25.7,26.8,96,25,1000,3,118,6,13,100,32,82,496,93,103,1.2,0,0,d,804,Overcast clouds,c04d,8
2026/7/31 9:00,56.21,25.6,26.7,96,24.9,1000,3.2,120,6,14,100,35.4,83.2,554,98,110,1.3,0,0,d,804,Overcast clouds,c04d,9
2026/7/31 9:15,88.99,25.9,27,95,25,1000,3.1,120,5.9,14,100,38.9,84.4,606,101,114,1.5,0,0,d,804,Overcast clouds,c04d,9
2026/7/31 9:30,118.22,26.2,27.3,94,25.1,1000,3,121,5.8,15,100,42.3,85.6,658,104,117,1.7,0,0,d,804,Overcast clouds,c04d,9
2026/7/31 9:45,118.63,26.4,27.6,93,25.2,1000,2.9,122,5.7,15,100,45.8,86.8,709,108,122,1.9,0,0,d,804,Overcast clouds,c04d,9
2026/7/31 10:00,99.5,26.7,30.1,92,25.3,1000,2.8,122,5.6,16,100,49.2,88,761,111,126,2.1,0,0,d,804,Overcast clouds,c04d,10
2026/7/31 10:15,122.81,26.9,30.6,92,25.5,1000,2.8,121,5.5,16,99,52.7,89.6,801,113,153,2.3,0,0,d,804,Overcast clouds,c04d,10
2026/7/31 10:30,114.1,27.1,31,91,25.5,1000,2.8,120,5.4,16,98,56.1,91.1,841,115,182,2.6,0,0,d,804,Overcast clouds,c04d,10
2026/7/31 10:45,117.83,27.2,31.4,90,25.4,1000,2.8,119,5.3,16,98,59.6,92.7,882,117,187,2.8,0,0,d,804,Overcast clouds,c04d,10
2026/7/31 11:00,239.01,27.4,31.9,90,25.6,1000,2.8,118,5.2,16,97,63,94.2,922,120,219,3.1,0,0,d,804,Overcast clouds,c04d,11
2026/7/31 11:15,101.2,27.6,32.3,89,25.6,1000,2.8,120,5.4,16,98,66.4,97.4,946,121,196,3.2,0,0,d,804,Overcast clouds,c04d,11
2026/7/31 11:30,22.06,27.8,32.7,88,25.6,1000,2.8,123,5.6,10,98,69.9,100.6,971,122,199,3.4,0,0,d,804,Overcast clouds,c04d,11
2026/7/31 11:45,3.96,27.9,33,87,25.6,1000,2.8,126,5.8,10,98,73.3,103.8,996,123,202,3.5,0,0,d,804,Overcast clouds,c04d,11
2026/7/31 12:00,3.93,28.1,33.4,86,25.5,1000,2.8,128,6,10,99,76.7,107,1021,124,175,3.6,0,0,d,804,Overcast clouds,c04d,12
2026/7/31 12:15,4,28.4,33.9,84,25.4,1000,2.8,131,6.2,11,98,78.8,129.9,1028,125,207,3.7,0.25,0,d,804,Overcast clouds,c04d,12
2026/7/31 12:30,4,28.7,34.5,83,25.5,1000,2.8,134,6.4,13,98,81,152.9,1035,125,207,3.8,0.5,0,d,231,Thunderstorm with drizzle,t04d,12
2026/7/31 12:45,3.98,29,35.2,82,25.6,999,2.8,137,6.6,13,97,83.2,175.8,1042,125,206,3.9,2.5,0,d,200,Thunderstorm with light rain,t01d,12
2026/7/31 13:00,3.91,29.3,35.6,80,25.5,999,2.8,140,6.8,14,96,85.3,198.7,1050,126,118,4.1,4.5,0,d,201,Thunderstorm with rain,t02d,13
2026/7/31 13:15,10.33,29.1,35,80,25.3,999,2.9,142,7.1,14,96,82.4,213.3,1038,125,116,4,4.75,0,d,201,Thunderstorm with rain,t02d,13
2026/7/31 13:30,0,28.9,34.5,80,25.1,999,3,144,7.4,10,96,79.6,227.9,1027,125,114,3.9,5,0,d,201,Thunderstorm with rain,t02d,13
2026/7/31 13:45,16.96,28.7,33.7,79,24.7,998,3.1,146,7.7,10,95,76.7,242.4,1016,124,145,3.9,4.5,0,d,201,Thunderstorm with rain,t02d,13
2026/7/31 14:00,23.44,28.5,33.2,79,24.5,998,3.2,148,8,10,95,73.8,257,1005,124,147,3.8,4,0,d,201,Thunderstorm with rain,t02d,14
2026/7/31 14:15,16.71,28.5,33.2,79,24.5,998,3.2,154,7.8,12,96,70.4,259.6,977,122,122,3.5,3,0,d,200,Thunderstorm with light rain,t01d,14
2026/7/31 14:30,29.96,28.5,33.4,80,24.7,998,3.2,160,7.6,12,97,67,262.1,949,121,203,3.3,2,0,d,200,Thunderstorm with light rain,t01d,14
2026/7/31 14:45,34.17,28.5,33.4,80,24.7,998,3.2,166,7.4,13,98,63.5,264.7,921,119,172,3,2,0,d,200,Thunderstorm with light rain,t01d,14
2026/7/31 15:00,38.2,28.5,33.4,80,24.7,998,3.2,172,7.2,14,99,60.1,267.3,892,118,142,2.8,2,0,d,200,Thunderstorm with light rain,t01d,15
2026/7/31 15:15,19.3,28.6,33.7,80,24.8,998,3.4,166,7.4,14,99,56.7,268.7,850,116,138,2.6,2,0,d,500,Light rain,r01d,15
2026/7/31 15:30,10.47,28.7,33.9,80,24.9,998,3.6,161,7.6,15,100,53.2,270.1,807,113,108,2.3,2,0,d,500,Light rain,r01d,15
2026/7/31 15:45,3.92,28.8,34,79,24.8,997,3.8,156,7.8,15,100,49.7,271.6,764,111,114,2.1,1.25,0,d,500,Light rain,r01d,15
2026/7/31 16:00,3.98,28.9,34.3,79,24.9,997,4,150,8,16,100,46.3,273,721,109,125,1.9,0.5,0,d,301,Drizzle,d02d,16
2026/7/31 16:15,3.93,29,34.5,79,25,997,3.8,148,7.5,16,100,42.8,274.2,667,105,119,1.7,0.5,0,d,301,Drizzle,d02d,16
2026/7/31 16:30,3.96,29.1,35,80,25.3,997,3.6,145,7,10,99,39.4,275.4,613,101,132,1.5,0.5,0,d,301,Drizzle,d02d,16
2026/7/31 16:45,18.06,29.2,35.3,80,25.4,996,3.4,142,6.5,10,98,35.9,276.5,560,98,142,1.4,0.25,0,d,804,Overcast clouds,c04d,16
2026/7/31 17:00,21.06,29.3,35.6,80,25.5,996,3.2,140,6,10,98,32.5,277.7,506,94,133,1.2,0,0,d,804,Overcast clouds,c04d,17
2026/7/31 17:15,71.55,28.7,34.2,82,25.3,996,3,136,6.2,12,97,29.1,278.9,447,89,137,1.1,0,0,d,804,Overcast clouds,c04d,17
2026/7/31 17:30,60.62,28,32.7,84,25,997,2.8,132,6.4,13,96,25.7,280,389,83,136,1,0,0,d,804,Overcast clouds,c04d,17
2026/7/31 17:45,51.56,27.4,31.2,86,24.8,997,2.6,128,6.6,13,95,22.3,281.2,330,78,132,0.9,0,0,d,804,Overcast clouds,c04d,17
2026/7/31 18:00,37.99,26.7,29.7,88,24.5,997,2.4,124,6.8,14,94,18.8,282.3,272,73,125,0.9,0,0,d,804,Overcast clouds,c04d,18
2026/7/31 18:15,29.08,26.7,29.7,88,24.5,997,2.3,124,6.5,14,95,15.5,283.6,218,63,99,0.8,0,0,d,804,Overcast clouds,c04d,18
2026/7/31 18:30,21.65,26.7,29.8,89,24.7,997,2.2,124,6.2,10,96,12.2,284.8,164,54,76,0.7,0,0,d,804,Overcast clouds,c04d,18
2026/7/31 18:45,14.79,26.7,29.9,90,24.9,996,2.1,124,5.9,10,98,8.8,286.1,110,45,53,0.7,0,0,d,804,Overcast clouds,c04d,18
2026/7/31 19:00,9.92,26.7,29.9,90,24.9,996,2,124,5.6,10,99,5.5,287.4,56,35,37,0.6,0,0,d,804,Overcast clouds,c04d,19
2026/7/31 19:15,0,26.7,29.9,90,24.9,996,2.2,124,5.3,12,99,2.2,288.8,42,27,29,0.6,0,0,d,804,Overcast clouds,c04n,19
2026/7/31 19:30,0.02,26.7,29.8,89,24.7,997,2.4,124,5,13,98,-1,290.3,28,18,20,0,0,0,d,804,Overcast clouds,c04n,19
2026/7/31 19:45,0.01,26.7,29.7,88,24.5,997,2.6,124,4.7,13,98,-4.3,291.8,14,9,10,0,0,0,d,804,Overcast clouds,c04n,19
2026/7/31 20:00,0,26.7,29.7,88,24.5,997,2.8,124,4.4,14,98,-7.5,293.2,0,0,0,0,0,0,n,804,Overcast clouds,c04n,20
2026/7/31 20:15,0,26.6,27.6,89,24.6,997,2.6,124,4.1,14,97,-10.6,295.1,0,0,0,0,0,0,n,804,Overcast clouds,c04n,20
2026/7/31 20:30,0,26.5,27.6,90,24.7,998,2.4,125,3.8,10,96,-13.7,296.9,0,0,0,0,0,0,n,804,Overcast clouds,c04n,20
2026/7/31 20:45,0,26.4,27.5,91,24.8,998,2.2,126,3.5,10,96,-16.8,298.7,0,0,0,0,0,0,n,804,Overcast clouds,c04n,20
2026/7/31 21:00,0,26.3,27.4,92,24.9,998,2,126,3.2,10,95,-19.9,300.5,0,0,0,0,0,0,n,804,Overcast clouds,c04n,21
2026/7/31 21:15,0,26.2,27.3,92,24.8,998,2.1,126,3.4,12,94,-22.7,303,0,0,0,0,0,0,n,804,Overcast clouds,c04n,21
2026/7/31 21:30,0,26.1,27.2,93,24.9,998,2.2,126,3.6,10,94,-25.6,305.4,0,0,0,0,0,0,n,804,Overcast clouds,c04n,21
2026/7/31 21:45,0,26,27.1,94,25,998,2.3,126,3.8,10,94,-28.4,307.8,0,0,0,0,0.5,0,n,301,Drizzle,d02n,21
2026/7/31 22:00,0,25.9,27,94,24.9,998,2.4,126,4,12,93,-31.2,310.2,0,0,0,0,1,0,n,500,Light rain,r01n,22
2026/7/31 22:15,0,25.8,26.9,94,24.8,998,2.4,126,4,12,93,-33.6,313.5,0,0,0,0,0.75,0,n,301,Drizzle,d02n,22
2026/7/31 22:30,0,25.8,26.8,94,24.7,999,2.4,125,4,13,94,-36,316.8,0,0,0,0,0.5,0,n,301,Drizzle,d02n,22
2026/7/31 22:45,0,25.7,26.8,94,24.6,999,2.4,124,4,13,94,-38.4,320,0,0,0,0,0.25,0,n,804,Overcast clouds,c04n,22
2026/7/31 23:00,0,25.6,26.7,94,24.6,999,2.4,124,4,14,94,-40.8,323.3,0,0,0,0,0,0,n,804,Overcast clouds,c04n,23
2026/7/31 23:15,0,25.6,26.7,94,24.6,999,2.4,126,4,14,95,-42.4,327.8,0,0,0,0,0,0,n,804,Overcast clouds,c04n,23
2026/7/31 23:30,0,25.6,26.7,94,24.6,999,2.4,127,4,10,96,-44,332.2,0,0,0,0,0,0,n,804,Overcast clouds,c04n,23
2026/7/31 23:45,0,25.6,26.7,94,24.6,999,2.4,128,4,10,98,-45.7,336.6,0,0,0,0,0,0,n,804,Overcast clouds,c04n,23
2026/8/1 0:00,0,25.6,26.7,94,24.6,999,2.4,130,4,11,99,-47.3,341,0,0,0,0,0,0,n,804,Overcast clouds,c04n,0
2026/8/1 0:15,0,25.6,26.7,94,24.6,999,2.4,130,3.9,11,99,-47.8,256.4,0,0,0,0,0,0,n,804,Overcast clouds,c04n,0
2026/8/1 0:30,0,25.6,26.7,94,24.6,999,2.4,131,3.8,16,98,-48.3,171.7,0,0,0,0,0,0,n,804,Overcast clouds,c04n,0
2026/8/1 0:45,0,25.6,26.7,94,24.6,999,2.4,132,3.7,16,98,-48.8,87,0,0,0,0,0,0,n,804,Overcast clouds,c04n,0
2026/8/1 1:00,0,25.6,26.7,94,24.6,999,2.4,132,3.6,16,98,-49.3,2.3,0,0,0,0,0,0,n,804,Overcast clouds,c04n,1
2026/8/1 1:15,0,25.6,26.7,94,24.6,999,2.4,132,3.6,16,98,-48.6,7.5,0,0,0,0,0,0,n,804,Overcast clouds,c04n,1
2026/8/1 1:30,0,25.6,26.7,94,24.6,999,2.4,133,3.6,16,98,-47.8,12.7,0,0,0,0,0,0,n,804,Overcast clouds,c04n,1
2026/8/1 1:45,0.01,25.6,26.7,94,24.6,998,2.4,134,3.6,16,99,-47,17.9,0,0,0,0,0,0,n,804,Overcast clouds,c04n,1
2026/8/1 2:00,0,25.6,26.7,94,24.6,998,2.4,134,3.6,16,99,-46.3,23.1,0,0,0,0,0,0,n,804,Overcast clouds,c04n,2
2026/8/1 2:15,0,25.6,26.7,94,24.6,998,2.4,133,3.7,16,98,-44.4,27.3,0,0,0,0,0,0,n,804,Overcast clouds,c04n,2
2026/8/1 2:30,0,25.6,26.7,94,24.6,998,2.4,132,3.8,16,98,-42.6,31.5,0,0,0,0,0,0,n,804,Overcast clouds,c04n,2
2026/8/1 2:45,0,25.6,26.7,94,24.6,998,2.4,131,3.9,16,98,-40.8,35.7,0,0,0,0,0,0,n,804,Overcast clouds,c04n,2
2026/8/1 3:00,0,25.6,26.7,94,24.6,998,2.4,130,4,16,97,-39,39.9,0,0,0,0,0,0,n,804,Overcast clouds,c04n,3
2026/8/1 3:15,0,25.5,26.6,94,24.5,998,2.4,131,4.2,16,96,-36.5,42.9,0,0,0,0,0,0,n,804,Overcast clouds,c04n,3
2026/8/1 3:30,0,25.4,26.5,95,24.5,998,2.4,132,4.4,16,96,-34,46,0,0,0,0,0,0,n,804,Overcast clouds,c04n,3
2026/8/1 3:45,0.01,25.3,26.4,96,24.6,997,2.4,133,4.6,16,95,-31.5,49.1,0,0,0,0,0,0,n,804,Overcast clouds,c04n,3
2026/8/1 4:00,0,25.2,26.3,96,24.5,997,2.4,134,4.8,16,94,-29,52.2,0,0,0,0,0,0,n,804,Overcast clouds,c04n,4
2026/8/1 4:15,0,25.2,26.3,96,24.5,997,2.4,134,4.6,16,95,-26.1,54.4,0,0,0,0,0,0,n,804,Overcast clouds,c04n,4
2026/8/1 4:30,0,25.2,26.3,96,24.5,997,2.4,134,4.4,16,96,-23.2,56.7,0,0,0,0,0,0,n,804,Overcast clouds,c04n,4
2026/8/1 4:45,0,25.2,26.3,96,24.5,997,2.4,134,4.2,16,96,-20.3,59,0,0,0,0,0,0,n,804,Overcast clouds,c04n,4
2026/8/1 5:00,0,25.2,26.3,96,24.5,997,2.4,134,4,16,97,-17.4,61.3,0,0,0,0,0,0,n,804,Overcast clouds,c04n,5
2026/8/1 5:15,0,25.5,26.6,95,24.6,997,2.2,126,3.8,16,97,-14.3,63,0,0,0,0,0,0,n,804,Overcast clouds,c04n,5
2026/8/1 5:30,0,25.8,26.8,94,24.7,997,2,119,3.6,10,98,-11.1,64.7,0,0,0,0,0,0,n,804,Overcast clouds,c04n,5
2026/8/1 5:45,0,26,27.1,93,24.8,997,1.8,112,3.4,10,98,-8,66.5,0,0,0,0,0,0,n,804,Overcast clouds,c04n,5
2026/8/1 6:00,0.01,26.3,27.4,92,24.9,997,1.6,104,3.2,10,98,-4.9,68.2,0,0,0,0,0,0,n,804,Overcast clouds,c04n,6
2026/8/1 6:15,0.04,26.3,27.4,92,24.9,997,1.7,104,3.2,11,98,-1.6,69.6,24,11,13,0,0,0,d,804,Overcast clouds,c04n,6
2026/8/1 6:30,1.08,26.3,27.4,92,24.9,997,1.8,103,3.2,11,98,1.7,71.1,48,23,27,0.7,0,0,d,804,Overcast clouds,c04n,6
2026/8/1 6:45,3.01,26.3,27.4,92,24.9,997,1.9,102,3.2,9,97,4.9,72.5,72,34,41,0.7,0,0,d,804,Overcast clouds,c04d,6
2026/8/1 7:00,9.21,26.3,27.4,92,24.9,997,2,102,3.2,9,97,8.2,73.9,96,46,56,0.7,0,0,d,804,Overcast clouds,c04d,7
2026/8/1 7:15,23.2,26.3,27.4,92,24.9,997,2,102,3.5,9,97,11.6,75.1,152,54,70,0.7,0,0,d,804,Overcast clouds,c04d,7
2026/8/1 7:30,32.15,26.3,27.4,93,25.1,998,2,103,3.8,11,96,14.9,76.4,208,62,90,0.8,0,0,d,804,Overcast clouds,c04d,7
2026/8/1 7:45,43,26.3,27.4,94,25.3,998,2,104,4.1,11,96,18.3,77.6,265,70,105,0.8,0,0,d,804,Overcast clouds,c04d,7
2026/8/1 8:00,50.08,26.3,27.4,94,25.3,998,2,104,4.4,12,96,21.7,78.8,321,78,121,0.9,0,0,d,804,Overcast clouds,c04d,8
2026/8/1 8:15,55.67,26.4,27.5,94,25.4,998,2.1,109,4.4,12,96,25.1,80,379,83,134,1,0,0,d,804,Overcast clouds,c04d,8
2026/8/1 8:30,59.47,26.5,27.6,93,25.3,998,2.2,114,4.4,12,96,28.5,81.1,437,88,147,1.1,0,0,d,804,Overcast clouds,c04d,8
2026/8/1 8:45,47.44,26.6,27.7,92,25.2,998,2.3,119,4.4,12,96,31.9,82.3,495,93,160,1.3,0,0,d,804,Overcast clouds,c04d,8
2026/8/1 9:00,99.6,26.7,30.1,92,25.3,998,2.4,124,4.4,12,96,35.4,83.5,553,98,173,1.4,0,0,d,804,Overcast clouds,c04d,9
2026/8/1 9:15,88.27,27.4,31.6,89,25.4,998,2.3,124,4.5,12,96,38.8,84.7,605,101,183,1.6,0,0,d,804,Overcast clouds,c04d,9
2026/8/1 9:30,97.46,28,33.1,86,25.4,999,2.2,125,4.6,10,96,42.3,85.9,657,104,193,1.8,0,0,d,804,Overcast clouds,c04d,9
2026/8/1 9:45,93.16,28.7,34.4,83,25.5,999,2.1,126,4.7,10,95,45.7,87.1,709,108,118,2.1,0,0,d,804,Overcast clouds,c04d,9
2026/8/1 10:00,81.22,29.3,35.6,80,25.5,999,2,126,4.8,10,95,49.2,88.4,761,111,127,2.3,0,0,d,804,Overcast clouds,c04d,10
2026/8/1 10:15,119.58,29.6,35.9,78,25.3,999,2,125,4.9,10,94,52.6,90,801,113,156,2.6,0,0,d,804,Overcast clouds,c04d,10
2026/8/1 10:30,26.09,29.9,36.4,77,25.4,999,2,124,5,10,94,56.1,91.6,841,115,163,2.8,0,0,d,804,Overcast clouds,c04d,10
2026/8/1 10:45,105.83,30.1,36.9,76,25.4,999,2,123,5.1,10,93,59.5,93.2,881,117,194,3.1,0,0,d,804,Overcast clouds,c04d,10
2026/8/1 11:00,147.1,30.4,37.1,74,25.2,999,2,122,5.2,10,92,63,94.8,921,120,227,3.4,0,0,d,804,Overcast clouds,c04d,11
2026/8/1 11:15,109.59,30.4,36.8,73,25,999,1.9,122,5.1,10,93,66.4,98.1,946,121,210,3.5,0,0,d,804,Overcast clouds,c04d,11
2026/8/1 11:30,36.5,30.4,36.6,72,24.8,999,1.8,123,5,6,94,69.8,101.4,971,122,191,3.7,0,0,d,804,Overcast clouds,c04d,11
2026/8/1 11:45,88.02,30.4,36.6,72,24.8,998,1.7,124,4.9,6,96,73.2,104.7,996,123,142,3.7,0,0,d,804,Overcast clouds,c04d,11
2026/8/1 12:00,2.63,30.4,36.3,71,24.5,998,1.6,124,4.8,5,97,76.6,108.1,1021,124,239,3.8,0,0,d,804,Overcast clouds,c04d,12
2026/8/1 12:15,2.62,30.5,36.2,70,24.4,998,1.6,124,4.9,5,98,78.7,130.5,1028,125,212,3.7,0,0,d,804,Overcast clouds,c04d,12
2026/8/1 12:30,2.62,30.6,36.4,70,24.4,998,1.6,123,5,10,98,80.8,153,1035,125,213,3.8,0,0,d,804,Overcast clouds,c04d,12
2026/8/1 12:45,2.63,30.6,36.3,69,24.3,997,1.6,122,5.1,10,98,82.9,175.5,1042,125,214,3.8,0.25,0,d,804,Overcast clouds,c04d,12
2026/8/1 13:00,18.09,30.7,36.2,68,24.1,997,1.6,122,5.2,10,99,85.1,197.9,1049,126,185,3.8,0.5,0,d,301,Drizzle,d02d,13
2026/8/1 13:15,21.32,30.6,36.3,69,24.3,997,1.6,118,5.7,11,98,82.2,212.5,1038,125,214,3.8,1,0,d,500,Light rain,r01d,13
2026/8/1 13:30,7.4,30.6,36.4,70,24.4,997,1.6,115,6.2,13,97,79.4,227.1,1027,125,223,3.8,1.5,0,d,500,Light rain,r01d,13
2026/8/1 13:45,3.98,30.5,36.2,70,24.4,996,1.6,112,6.7,13,96,76.6,241.6,1016,124,136,3.8,1.75,0,d,500,Light rain,r01d,13
2026/8/1 14:00,3.95,30.4,36.3,71,24.5,996,1.6,108,7.2,14,95,73.7,256.2,1005,124,160,3.8,2,0,d,500,Light rain,r01d,14
2026/8/1 14:15,3.93,30.4,36.6,72,24.8,996,1.8,113,6.8,14,94,70.3,258.8,977,122,182,3.7,1.75,0,d,500,Light rain,r01d,14
2026/8/1 14:30,3.95,30.4,36.6,72,24.8,996,2,118,6.4,15,93,66.9,261.5,949,121,203,3.6,1.5,0,d,500,Light rain,r01d,14
2026/8/1 14:45,36.59,30.4,36.8,73,25,995,2.2,123,6,15,92,63.5,264.1,920,119,219,3.4,1.5,0,d,500,Light rain,r01d,14
2026/8/1 15:00,2.64,30.4,37.1,74,25.2,995,2.4,128,5.6,15,91,60,266.8,892,118,233,3.3,1.5,0,d,500,Light rain,r01d,15
2026/8/1 15:15,5.34,30.6,37.6,74,25.4,995,2.6,130,5.9,16,92,56.6,268.2,849,116,201,3,1.25,0,d,500,Light rain,r01d,15
2026/8/1 15:30,3.89,30.8,38.1,74,25.6,995,2.8,133,6.2,10,93,53.1,269.7,806,113,177,2.7,1,0,d,500,Light rain,r01d,15
2026/8/1 15:45,42.75,30.9,38.6,74,25.7,995,3,136,6.5,10,94,49.7,271.2,763,111,147,2.4,0.75,0,d,301,Drizzle,d02d,15
2026/8/1 16:00,42.75,31.1,39.1,74,25.9,995,3.2,138,6.8,10,95,46.2,272.6,720,109,119,2.1,0.5,0,d,301,Drizzle,d02d,16
2026/8/1 16:15,42.7,31,38.8,74,25.8,995,3.1,142,6.6,12,96,42.7,273.8,666,105,194,1.8,0.5,0,d,301,Drizzle,d02d,16
2026/8/1 16:30,3.97,30.9,38.6,74,25.7,995,3,147,6.4,13,96,39.3,275,612,101,183,1.6,0.5,0,d,301,Drizzle,d02d,16
2026/8/1 16:45,3.95,30.8,38.3,74,25.6,995,2.9,152,6.2,13,97,35.8,276.2,559,98,158,1.4,0.25,0,d,804,Overcast clouds,c04d,16
2026/8/1 17:00,3.99,30.7,38,74,25.5,995,2.8,156,6,14,98,32.4,277.4,505,94,133,1.2,0,0,d,804,Overcast clouds,c04d,17
2026/8/1 17:15,3.95,30.1,36.7,76,25.3,995,2.5,152,5.6,14,96,29,278.6,446,89,149,1.1,0,0,d,804,Overcast clouds,c04d,17
2026/8/1 17:30,3.94,29.4,35.6,79,25.4,995,2.2,149,5.2,14,93,25.6,279.8,388,83,86,1.1,0,0,d,804,Overcast clouds,c04d,17
2026/8/1 17:45,4.03,28.8,34.5,82,25.4,994,1.9,146,4.8,15,90,22.2,280.9,329,78,97,1,0,0,d,804,Overcast clouds,c04d,17
2026/8/1 18:00,3.93,28.1,33,84,25.1,994,1.6,142,4.4,16,88,18.8,282.1,270,72,92,1,0,0,d,804,Overcast clouds,c04d,18
2026/8/1 18:15,0.01,28.1,33,84,25.1,994,1.7,145,4.2,16,87,15.4,283.3,216,63,79,0.9,0,0,d,804,Overcast clouds,c04d,18
2026/8/1 18:30,0.01,28.1,33,84,25.1,994,1.8,148,4,16,86,12.1,284.6,162,54,62,0.9,0,0,d,804,Overcast clouds,c04d,18
2026/8/1 18:45,0,28.1,33,84,25.1,994,1.9,151,3.8,16,86,8.7,285.9,108,44,85,0.8,0,0,d,804,Overcast clouds,c04d,18
2026/8/1 19:00,6.12,28.1,33,84,25.1,994,2,154,3.6,16,85,5.4,287.1,54,35,56,0.8,0,0,d,804,Overcast clouds,c04d,19
2026/8/1 19:15,3.11,28.1,33,84,25.1,994,2.1,154,3.8,16,88,2.1,288.6,41,26,39,0.8,0,0,d,804,Overcast clouds,c04n,19
2026/8/1 19:30,0.54,28.1,33,84,25.1,995,2.2,153,4,10,90,-1.2,290.1,27,18,26,0,0,0,d,804,Overcast clouds,c04n,19
2026/8/1 19:45,0.02,28.1,33,84,25.1,995,2.3,152,4.2,10,92,-4.4,291.5,14,9,12,0,0,0,d,804,Overcast clouds,c04n,19
2026/8/1 20:00,0,28.1,33,84,25.1,995,2.4,152,4.4,10,95,-7.7,293,0,0,0,0,0,0,n,804,Overcast clouds,c04n,20
2026/8/1 20:15,0,28.1,33,84,25.1,995,2.4,150,4.3,12,95,-10.8,294.8,0,0,0,0,0,0,n,804,Overcast clouds,c04n,20
2026/8/1 20:30,0,28.1,33,84,25.1,996,2.4,149,4.2,12,95,-13.9,296.7,0,0,0,0,0,0,n,804,Overcast clouds,c04n,20
2026/8/1 20:45,0,28.1,33,84,25.1,996,2.4,148,4.1,13,95,-17,298.5,0,0,0,0,0,0,n,804,Overcast clouds,c04n,20
2026/8/1 21:00,0,28.1,33,84,25.1,996,2.4,146,4,14,95,-20.1,300.3,0,0,0,0,0,0,n,804,Overcast clouds,c04n,21
2026/8/1 21:15,0,27.8,32.4,85,25.1,996,2.3,144,4,14,95,-22.9,302.7,0,0,0,0,0,0,n,804,Overcast clouds,c04n,21
2026/8/1 21:30,0,27.6,31.8,86,25,997,2.2,142,4,15,95,-25.7,305.1,0,0,0,0,0,0,n,804,Overcast clouds,c04n,21
2026/8/1 21:45,0,27.3,31.2,87,24.9,997,2.1,140,4,15,95,-28.6,307.6,0,0,0,0,0,0,n,804,Overcast clouds,c04n,21
2026/8/1 22:00,0,27,30.5,88,24.8,997,2,138,4,16,95,-31.4,310,0,0,0,0,0,0,n,804,Overcast clouds,c04n,22
2026/8/1 22:15,0,26.9,30.3,88,24.8,997,2,138,3.9,10,95,-33.8,313.3,0,0,0,0,0,0,n,804,Overcast clouds,c04n,22
2026/8/1 22:30,0,26.9,30.2,89,24.9,997,2,138,3.8,10,95,-36.2,316.6,0,0,0,0,0,0,n,804,Overcast clouds,c04n,22
2026/8/1 22:45,0,26.8,30.1,90,25,997,2,138,3.7,10,95,-38.6,319.9,0,0,0,0,0,0,n,804,Overcast clouds,c04n,22
2026/8/1 23:00,0,26.7,29.9,90,24.9,997,2,138,3.6,10,95,-41,323.2,0,0,0,0,0,0,n,804,Overcast clouds,c04n,23
2026/8/1 23:15,0,26.7,29.9,90,24.9,997,2,136,3.5,12,96,-42.6,327.6,0,0,0,0,0,0,n,804,Overcast clouds,c04n,23
2026/8/1 23:30,0,26.7,30,91,25.1,998,2,134,3.4,13,96,-44.3,332,0,0,0,0,0,0,n,804,Overcast clouds,c04n,23
2026/8/1 23:45,0,26.7,30.1,92,25.3,998,2,132,3.3,13,96,-45.9,336.5,0,0,0,0,0,0,n,804,Overcast clouds,c04n,23
2026/8/2 0:00,0,26.7,30.1,92,25.3,998,2,130,3.2,14,97,-47.5,340.9,0,0,0,0,0,0,n,804,Overcast clouds,c04n,0
2026/8/2 0:15,0,26.5,27.6,92,25.1,998,2,128,3.2,14,97,-48.1,256.3,0,0,0,0,0,0,n,804,Overcast clouds,c04n,0
2026/8/2 0:30,0,26.3,27.4,93,25.1,998,2,127,3.2,10,97,-48.6,171.6,0,0,0,0,0,0,n,804,Overcast clouds,c04n,0
2026/8/2 0:45,0,26.1,27.2,94,25.1,997,2,126,3.2,10,97,-49.1,87,0,0,0,0,0,0,n,804,Overcast clouds,c04n,0
2026/8/2 1:00,0,25.9,27,94,24.9,997,2,124,3.2,10,97,-49.6,2.4,0,0,0,0,0,0,n,804,Overcast clouds,c04n,1
2026/8/2 1:15,0,25.8,26.9,94,24.8,997,2,124,3.2,12,96,-48.8,7.6,0,0,0,0,0,0,n,804,Overcast clouds,c04n,1
2026/8/2 1:30,0,25.8,26.9,95,24.9,997,2,125,3.2,10,96,-48,12.8,0,0,0,0,0,0,n,804,Overcast clouds,c04n,1
2026/8/2 1:45,0,25.7,26.8,96,25,997,2,126,3.2,10,96,-47.3,18.1,0,0,0,0,0,0,n,804,Overcast clouds,c04n,1
2026/8/2 2:00,0,25.6,26.7,96,24.9,997,2,126,3.2,12,95,-46.5,23.3,0,0,0,0,0,0,n,804,Overcast clouds,c04n,2
2026/8/2 2:15,0,25.6,26.7,96,24.9,997,1.9,129,3.2,12,96,-44.7,27.5,0,0,0,0,0,0,n,804,Overcast clouds,c04n,2
2026/8/2 2:30,0,25.6,26.7,96,24.9,997,1.8,132,3.2,13,96,-42.8,31.7,0,0,0,0,0,0,n,804,Overcast clouds,c04n,2
2026/8/2 2:45,0,25.6,26.7,96,24.9,996,1.7,135,3.2,13,96,-41,35.9,0,0,0,0,0,0,n,804,Overcast clouds,c04n,2
2026/8/2 3:00,0,25.6,26.7,96,24.9,996,1.6,138,3.2,14,97,-39.2,40.1,0,0,0,0,0,0,n,804,Overcast clouds,c04n,3
2026/8/2 3:15,0,25.6,26.7,96,24.9,996,1.5,138,3,14,97,-36.7,43.2,0,0,0,0,0,0,n,804,Overcast clouds,c04n,3
2026/8/2 3:30,0,25.6,26.7,96,24.9,996,1.4,138,2.8,10,98,-34.2,46.2,0,0,0,0,0,0,n,804,Overcast clouds,c04n,3
2026/8/2 3:45,0.01,25.6,26.7,96,24.9,996,1.3,138,2.6,10,98,-31.6,49.3,0,0,0,0,0,0,n,804,Overcast clouds,c04n,3
2026/8/2 4:00,0,25.6,26.7,96,24.9,996,1.2,138,2.4,10,98,-29.1,52.4,0,0,0,0,0,0,n,804,Overcast clouds,c04n,4
2026/8/2 4:15,0,25.6,26.7,96,24.9,996,1.4,136,2.6,12,98,-26.2,54.7,0,0,0,0,0,0,n,804,Overcast clouds,c04n,4
2026/8/2 4:30,0,25.6,26.7,95,24.7,996,1.6,135,2.8,10,98,-23.3,56.9,0,0,0,0,0,0,n,804,Overcast clouds,c04n,4
2026/8/2 4:45,0,25.6,26.7,94,24.6,996,1.8,134,3,10,99,-20.4,59.2,0,0,0,0,0,0,n,804,Overcast clouds,c04n,4
2026/8/2 5:00,0,25.6,26.7,94,24.6,996,2,132,3.2,12,99,-17.5,61.5,0,0,0,0,0,0,n,804,Overcast clouds,c04n,5
2026/8/2 5:15,0,25.9,27,94,24.8,996,2,130,3.3,12,99,-14.4,63.2,0,0,0,0,0,0,n,804,Overcast clouds,c04n,5
2026/8/2 5:30,0,26.2,27.3,94,25.1,996,2,127,3.4,13,100,-11.2,65,0,0,0,0,0,0,n,804,Overcast clouds,c04n,5
2026/8/2 5:45,0,26.4,27.6,94,25.4,996,2,124,3.5,13,100,-8.1,66.7,0,0,0,0,0,0,n,804,Overcast clouds,c04n,5
2026/8/2 6:00,0,26.7,30.2,94,25.7,996,2,122,3.6,14,100,-5,68.5,0,0,0,0,0,0,n,804,Overcast clouds,c04n,6
2026/8/2 6:15,0.47,26.7,30.2,94,25.7,996,2,122,3.6,14,100,-1.7,69.9,24,11,11,0,0,0,d,804,Overcast clouds,c04n,6
2026/8/2 6:30,3.27,26.7,30.2,94,25.7,996,2,122,3.6,10,99,1.6,71.3,47,23,25,0.6,0,0,d,804,Overcast clouds,c04n,6
2026/8/2 6:45,10.27,26.7,30.2,94,25.7,996,2,122,3.6,10,98,4.9,72.7,71,34,39,0.7,0,0,d,804,Overcast clouds,c04d,6
2026/8/2 7:00,19.54,26.7,30.2,94,25.7,996,2,122,3.6,10,98,8.1,74.1,95,45,52,0.7,0,0,d,804,Overcast clouds,c04d,7
2026/8/2 7:15,19.91,26.8,30.5,94,25.7,996,2.1,124,3.9,10,97,11.5,75.4,151,54,69,0.7,0,0,d,804,Overcast clouds,c04d,7
2026/8/2 7:30,29.44,26.9,30.6,93,25.6,997,2.2,127,4.2,10,96,14.9,76.6,207,62,89,0.8,0,0,d,804,Overcast clouds,c04d,7
2026/8/2 7:45,42.09,26.9,30.7,92,25.5,997,2.3,130,4.5,10,95,18.2,77.9,264,70,112,0.8,0,0,d,804,Overcast clouds,c04d,7
2026/8/2 8:00,52.64,27,30.9,92,25.6,997,2.4,132,4.8,12,94,21.6,79.1,320,78,138,0.9,0,0,d,804,Overcast clouds,c04d,8
2026/8/2 8:15,75.98,27.1,31.2,92,25.7,997,2.3,137,4.8,12,94,25,80.3,378,83,154,1,0,0,d,804,Overcast clouds,c04d,8
2026/8/2 8:30,115.54,27.2,31.6,92,25.8,997,2.2,142,4.8,13,94,28.5,81.4,436,88,170,1.2,0,0,d,804,Overcast clouds,c04d,8
2026/8/2 8:45,119.6,27.3,31.9,92,25.9,997,2.1,147,4.8,13,93,31.9,82.6,495,93,108,1.3,0,0,d,804,Overcast clouds,c04d,8
2026/8/2 9:00,121.92,27.4,32.2,92,26,997,2,152,4.8,14,93,35.3,83.8,553,98,120,1.5,0,0,d,804,Overcast clouds,c04d,9
2026/8/2 9:15,125.23,28.2,33.9,88,26,997,1.8,154,4.8,10,94,38.7,85,605,101,116,1.7,0,0,d,804,Overcast clouds,c04d,9
2026/8/2 9:30,119.04,28.9,35.3,84,25.9,997,1.6,155,4.8,10,95,42.2,86.3,657,104,108,1.8,0,0,d,804,Overcast clouds,c04d,9
2026/8/2 9:45,123.42,29.7,36.6,80,25.8,997,1.4,156,4.8,10,96,45.7,87.5,708,108,203,2,0,0,d,804,Overcast clouds,c04d,9
2026/8/2 10:00,47.09,30.4,37.7,76,25.7,997,1.2,158,4.8,10,97,49.1,88.8,760,111,192,2.2,0,0,d,804,Overcast clouds,c04d,10
2026/8/2 10:15,92.4,30.6,37.6,74,25.4,997,1.1,152,4.6,12,97,52.6,90.4,801,113,200,2.4,0,0,d,804,Overcast clouds,c04d,10
2026/8/2 10:30,230.38,30.8,37.5,72,25.1,997,1,147,4.4,12,97,56,92,841,115,207,2.6,0,0,d,804,Overcast clouds,c04d,10
2026/8/2 10:45,160.74,30.9,37.7,71,25,997,0.9,142,4.2,13,97,59.5,93.7,881,117,214,2.9,0,0,d,804,Overcast clouds,c04d,10
2026/8/2 11:00,237.11,31.1,37.6,69,24.7,997,0.8,136,4,14,97,62.9,95.3,921,120,223,3.1,0,0,d,804,Overcast clouds,c04d,11
2026/8/2 11:15,165.02,31.1,37.6,69,24.7,997,0.9,134,4,14,98,66.3,98.7,946,121,200,3.2,0,0,d,804,Overcast clouds,c04d,11
2026/8/2 11:30,69.23,31.1,37.3,68,24.5,997,1,133,4,10,98,69.7,102.2,971,122,204,3.4,0,0,d,804,Overcast clouds,c04d,11
2026/8/2 11:45,0.02,31.1,37.3,68,24.5,997,1.1,132,4,10,98,73.1,105.6,996,123,207,3.5,0,0,d,804,Overcast clouds,c04d,11
2026/8/2 12:00,104.08,31.1,37.3,68,24.5,997,1.2,130,4,10,99,76.5,109.1,1020,124,180,3.6,0,0,d,804,Overcast clouds,c04d,12
2026/8/2 12:15,30.83,31.2,37.5,68,24.6,997,1.2,125,3.9,12,99,78.6,131.1,1028,125,181,3.7,0,0,d,804,Overcast clouds,c04d,12
2026/8/2 12:30,10.9,31.3,37.5,67,24.4,997,1.2,120,3.8,13,100,80.7,153.2,1035,125,151,3.6,0,0,d,804,Overcast clouds,c04d,12
2026/8/2 12:45,3.89,31.4,37.4,66,24.3,997,1.2,115,3.7,13,100,82.7,175.2,1042,125,152,3.7,0,0,d,804,Overcast clouds,c04d,12
2026/8/2 13:00,90.34,31.5,37.7,66,24.4,996,1.2,110,3.6,13,100,84.8,197.3,1049,126,153,3.7,0,0,d,804,Overcast clouds,c04d,13
2026/8/2 13:15,4.29,31.7,38.1,66,24.5,996,1.3,117,3.9,14,100,82,211.8,1038,125,150,3.7,0,0,d,804,Overcast clouds,c04d,13
2026/8/2 13:30,4.28,31.9,38.6,66,24.7,996,1.4,124,4.2,15,100,79.2,226.3,1027,125,149,3.6,0,0,d,804,Overcast clouds,c04d,13
2026/8/2 13:45,28.88,32,38.7,65,24.6,996,1.5,131,4.5,15,100,76.4,240.8,1016,124,149,3.5,0,0,d,804,Overcast clouds,c04d,13
2026/8/2 14:00,169.15,32.2,39.2,65,24.8,995,1.6,138,4.8,16,100,73.6,255.3,1005,124,148,3.4,0,0,d,804,Overcast clouds,c04d,14
2026/8/2 14:15,146.62,32.3,39.5,65,24.9,995,1.9,146,5.4,16,100,70.2,258.1,976,122,144,3.3,0,0,d,804,Overcast clouds,c04d,14
2026/8/2 14:30,62.18,32.4,39.4,64,24.7,995,2.2,153,6,10,99,66.8,260.8,948,121,172,3.1,0,0,d,804,Overcast clouds,c04d,14
2026/8/2 14:45,3.87,32.5,39.6,64,24.8,995,2.5,160,6.6,10,98,63.4,263.5,920,119,195,3,0,0,d,804,Overcast clouds,c04d,14
2026/8/2 15:00,102.46,32.6,39.9,64,24.9,995,2.8,168,7.2,10,98,60,266.3,891,118,191,2.8,0,0,d,804,Overcast clouds,c04d,15
2026/8/2 15:15,102.47,32.6,39.9,64,24.9,995,2.9,162,7.3,10,98,56.5,267.8,848,116,186,2.6,0,0,d,804,Overcast clouds,c04d,15
2026/8/2 15:30,38.58,32.6,39.9,64,24.9,995,3,157,7.4,10,98,53,269.3,805,113,179,2.4,0,0,d,804,Overcast clouds,c04d,15
2026/8/2 15:45,3.87,32.6,40.3,65,25.2,995,3.1,152,7.5,10,99,49.6,270.8,762,111,150,2.1,0,0,d,804,Overcast clouds,c04d,15
2026/8/2 16:00,3.94,32.6,40.3,65,25.2,995,3.2,146,7.6,10,99,46.1,272.3,719,109,146,1.9,0,0,d,804,Overcast clouds,c04d,16
2026/8/2 16:15,3.94,32.3,39.9,66,25.1,995,3.2,144,7.3,12,99,42.7,273.5,665,105,139,1.7,0,0,d,804,Overcast clouds,c04d,16
2026/8/2 16:30,3.94,32.1,39.8,68,25.4,995,3.2,142,7,13,98,39.2,274.7,611,101,149,1.6,0,0,d,804,Overcast clouds,c04d,16
2026/8/2 16:45,109.81,31.8,39.8,70,25.6,995,3.2,140,6.7,13,98,35.8,275.9,557,98,141,1.4,0,0,d,804,Overcast clouds,c04d,16
2026/8/2 17:00,37.55,31.5,39.3,71,25.6,994,3.2,138,6.4,14,98,32.3,277.1,504,94,133,1.2,0,0,d,804,Overcast clouds,c04d,17
2026/8/2 17:15,0,31,38.4,73,25.5,994,3,136,6.3,14,98,28.9,278.3,445,89,124,1.1,0,0,d,804,Overcast clouds,c04d,17
2026/8/2 17:30,0.02,30.4,37.4,75,25.5,994,2.8,134,6.2,10,98,25.5,279.5,386,83,113,1,0,0,d,804,Overcast clouds,c04d,17
2026/8/2 17:45,0,29.9,36.4,77,25.4,994,2.6,132,6.1,10,99,22.1,280.7,327,78,94,0.8,0,0,d,804,Overcast clouds,c04d,17
2026/8/2 18:00,0,29.3,35.4,79,25.3,994,2.4,130,6,10,99,18.7,281.8,269,72,85,0.8,0,0,d,804,Overcast clouds,c04d,18
2026/8/2 18:15,0,29.3,35.4,79,25.3,994,2.5,131,5.8,12,99,15.3,283.1,215,63,73,0.7,0,0,d,804,Overcast clouds,c04d,18
2026/8/2 18:30,0.02,29.3,35.6,80,25.5,994,2.6,132,5.6,10,99,11.9,284.4,161,53,60,0.7,0,0,d,804,Overcast clouds,c04d,18
2026/8/2 18:45,0,29.3,35.6,80,25.5,994,2.7,133,5.4,10,99,8.6,285.6,107,44,49,0.7,0,0,d,804,Overcast clouds,c04d,18
2026/8/2 19:00,0.01,29.3,35.6,80,25.5,994,2.8,134,5.2,10,99,5.2,286.9,53,35,37,0.6,0,0,d,804,Overcast clouds,c04d,19
2026/8/2 19:15,0,29.2,35.3,80,25.4,995,2.8,134,5.2,12,99,2,288.4,39,26,27,0.6,0,0,d,804,Overcast clouds,c04n,19
2026/8/2 19:30,0,29.1,35.2,81,25.5,995,2.8,133,5.2,13,98,-1.3,289.8,26,17,19,0,0,0,d,804,Overcast clouds,c04n,19
2026/8/2 19:45,0,29,35.2,82,25.6,996,2.8,132,5.2,13,98,-4.5,291.3,13,9,10,0,0,0,d,804,Overcast clouds,c04n,19
2026/8/2 20:00,0,28.9,34.9,82,25.5,996,2.8,132,5.2,14,98,-7.8,292.8,0,0,0,0,0,0,n,804,Overcast clouds,c04n,20
2026/8/2 20:15,0,28.9,34.9,82,25.5,996,2.9,134,5.1,14,98,-10.9,294.6,0,0,0,0,0,0,n,804,Overcast clouds,c04n,20
2026/8/2 20:30,0,28.9,34.9,82,25.5,996,3,137,5,10,99,-14,296.4,0,0,0,0,0,0,n,804,Overcast clouds,c04n,20
2026/8/2 20:45,0,28.9,34.9,82,25.5,996,3.1,140,4.9,10,100,-17.1,298.3,0,0,0,0,0.25,0,n,804,Overcast clouds,c04n,20
2026/8/2 21:00,0,28.9,34.9,82,25.5,996,3.2,142,4.8,10,100,-20.2,300.1,0,0,0,0,0.5,0,n,301,Drizzle,d02n,21
2026/8/2 21:15,0,28.6,34.5,84,25.6,996,3.1,141,4.8,12,100,-23.1,302.5,0,0,0,0,0.25,0,n,804,Overcast clouds,c04n,21
2026/8/2 21:30,0,28.4,33.9,85,25.6,996,3,140,4.8,10,100,-25.9,304.9,0,0,0,0,0,0,n,804,Overcast clouds,c04n,21
2026/8/2 21:45,0,28.1,33.3,86,25.5,996,2.9,139,4.8,10,100,-28.7,307.3,0,0,0,0,0,0,n,804,Overcast clouds,c04n,21
2026/8/2 22:00,0,27.8,32.8,88,25.6,996,2.8,138,4.8,10,100,-31.6,309.8,0,0,0,0,0,0,n,804,Overcast clouds,c04n,22
2026/8/2 22:15,0,27.7,32.5,88,25.5,996,2.8,133,4.9,12,100,-34,313.1,0,0,0,0,0,0,n,804,Overcast clouds,c04n,22
2026/8/2 22:30,0,27.6,32.4,89,25.6,997,2.8,128,5,13,100,-36.4,316.4,0,0,0,0,0,0,n,804,Overcast clouds,c04n,22
2026/8/2 22:45,0,27.5,32.2,90,25.7,997,2.8,123,5.1,13,100,-38.8,319.7,0,0,0,0,0,0,n,804,Overcast clouds,c04n,22
2026/8/2 23:00,0,27.4,31.9,90,25.6,997,2.8,118,5.2,14,100,-41.2,323,0,0,0,0,0,0,n,804,Overcast clouds,c04n,23
2026/8/2 23:15,0.01,27.3,31.6,90,25.5,997,2.8,118,5.1,14,100,-42.8,327.4,0,0,0,0,0,0,n,804,Overcast clouds,c04n,23
2026/8/2 23:30,0.01,27.2,31.3,90,25.4,997,2.8,117,5,15,100,-44.5,331.9,0,0,0,0,0,0,n,804,Overcast clouds,c04n,23
2026/8/2 23:45,0,27.1,31,90,25.3,997,2.8,116,4.9,15,100,-46.1,336.4,0,0,0,0,0,0,n,804,Overcast clouds,c04n,23
2026/8/3 0:00,0,27,30.7,90,25.2,997,2.8,116,4.8,16,100,-47.8,340.8,0,0,0,0,0,0,n,804,Overcast clouds,c04n,0
2026/8/3 0:15,0,26.9,30.5,90,25.1,997,2.9,116,4.9,16,100,-48.3,256.2,0,0,0,0,0,0,n,804,Overcast clouds,c04n,0
2026/8/3 0:30,0,26.9,30.4,91,25.3,997,3,117,5,16,99,-48.8,171.6,0,0,0,0,0,0,n,804,Overcast clouds,c04n,0
2026/8/3 0:45,0,26.8,30.3,92,25.4,997,3.1,118,5.1,16,98,-49.3,87,0,0,0,0,0,0,n,804,Overcast clouds,c04n,0
2026/8/3 1:00,0,26.7,30.1,92,25.3,997,3.2,118,5.2,16,98,-49.8,2.4,0,0,0,0,0,0,n,804,Overcast clouds,c04n,1
2026/8/3 1:15,0.01,26.6,27.7,92,25.2,997,3.3,120,5.2,16,98,-49.1,7.7,0,0,0,0,0,0,n,804,Overcast clouds,c04n,1
2026/8/3 1:30,0,26.5,27.6,93,25.3,997,3.4,122,5.2,16,98,-48.3,12.9,0,0,0,0,0,0,n,804,Overcast clouds,c04n,1
2026/8/3 1:45,0,26.4,27.5,94,25.4,997,3.5,124,5.2,16,98,-47.5,18.2,0,0,0,0,0,0,n,804,Overcast clouds,c04n,1
2026/8/3 2:00,0,26.3,27.4,94,25.3,997,3.6,126,5.2,16,98,-46.7,23.5,0,0,0,0,0,0,n,804,Overcast clouds,c04n,2
2026/8/3 2:15,0,26.3,27.4,94,25.3,997,3.5,126,5.3,16,98,-44.9,27.7,0,0,0,0,0,0,n,804,Overcast clouds,c04n,2
2026/8/3 2:30,0,26.3,27.4,94,25.3,997,3.4,126,5.4,10,99,-43,31.9,0,0,0,0,0,0,n,804,Overcast clouds,c04n,2
2026/8/3 2:45,0,26.3,27.4,94,25.3,996,3.3,126,5.5,10,100,-41.2,36.1,0,0,0,0,0,0,n,804,Overcast clouds,c04n,2
2026/8/3 3:00,0,26.3,27.4,94,25.3,996,3.2,126,5.6,10,100,-39.4,40.3,0,0,0,0,0,0,n,804,Overcast clouds,c04n,3
2026/8/3 3:15,0,26.2,27.3,94,25.2,996,3.1,124,5.5,7,100,-36.8,43.4,0,0,0,0,0,0,n,804,Overcast clouds,c04n,3
2026/8/3 3:30,0,26.1,27.2,95,25.2,996,3,123,5.4,10,100,-34.3,46.5,0,0,0,0,0,0,n,804,Overcast clouds,c04n,3
2026/8/3 3:45,0,26,27.2,96,25.3,996,2.9,122,5.3,10,100,-31.8,49.6,0,0,0,0,0,0,n,804,Overcast clouds,c04n,3
2026/8/3 4:00,0.01,25.9,27.1,96,25.2,996,2.8,120,5.2,10,100,-29.3,52.7,0,0,0,0,0,0,n,804,Overcast clouds,c04n,4
2026/8/3 4:15,0,26,27.2,96,25.3,996,2.7,120,5,10,100,-26.4,54.9,0,0,0,0,0,0,n,804,Overcast clouds,c04n,4
2026/8/3 4:30,0,26.1,27.2,95,25.2,996,2.6,121,4.8,10,100,-23.5,57.2,0,0,0,0,0,0,n,804,Overcast clouds,c04n,4
2026/8/3 4:45,0,26.2,27.3,94,25.2,996,2.5,122,4.6,10,100,-20.6,59.5,0,0,0,0,0,0,n,804,Overcast clouds,c04n,4
2026/8/3 5:00,0,26.3,27.4,94,25.3,996,2.4,122,4.4,10,100,-17.6,61.7,0,0,0,0,0,0,n,804,Overcast clouds,c04n,5
2026/8/3 5:15,0,26.3,27.4,94,25.3,996,2.3,122,4.3,12,100,-14.5,63.5,0,0,0,0,0,0,n,804,Overcast clouds,c04n,5
2026/8/3 5:30,0,26.3,27.4,94,25.3,996,2.2,121,4.2,10,100,-11.4,65.2,0,0,0,0,0,0,n,804,Overcast clouds,c04n,5
2026/8/3 5:45,0,26.3,27.4,94,25.3,996,2.1,120,4.1,10,100,-8.2,67,0,0,0,0,0,0,n,804,Overcast clouds,c04n,5
2026/8/3 6:00,0,26.3,27.4,94,25.3,996,2,120,4,10,100,-5.1,68.7,0,0,0,0,0,0,n,804,Overcast clouds,c04n,6
2026/8/3 6:15,0.1,26.3,27.4,94,25.3,996,2.1,120,4,12,100,-1.8,70.1,23,11,11,0,0,0,d,804,Overcast clouds,c04n,6
2026/8/3 6:30,2.57,26.3,27.4,94,25.3,996,2.2,119,4,12,100,1.5,71.5,47,23,24,0.6,0,0,d,804,Overcast clouds,c04n,6
2026/8/3 6:45,8.39,26.3,27.4,94,25.3,996,2.3,118,4,11,99,4.8,73,70,34,37,0.6,0,0,d,804,Overcast clouds,c04d,6
2026/8/3 7:00,12.68,26.3,27.4,94,25.3,996,2.4,118,4,11,99,8.1,74.4,93,45,49,0.7,0,0,d,804,Overcast clouds,c04d,7
2026/8/3 7:15,13.11,26.6,27.7,92,25.2,996,2.5,122,4.3,12,99,11.4,75.6,150,53,60,0.7,0,0,d,804,Overcast clouds,c04d,7
2026/8/3 7:30,24.51,26.9,30.4,91,25.3,997,2.6,126,4.6,5,100,14.8,76.9,206,61,64,0.7,0,0,d,804,Overcast clouds,c04d,7
2026/8/3 7:45,69.47,27.1,31.1,90,25.3,997,2.7,130,4.9,5,100,18.2,78.1,263,70,74,0.7,0,0,d,804,Overcast clouds,c04d,7
2026/8/3 8:00,23.54,27.4,31.6,88,25.2,997,2.8,134,5.2,5,100,21.5,79.4,319,78,84,0.8,0,0,d,804,Overcast clouds,c04d,8
2026/8/3 8:15,42.85,27.4,31.6,88,25.2,997,2.6,138,5,5,100,25,80.5,377,83,90,0.9,0,0,d,804,Overcast clouds,c04d,8
2026/8/3 8:30,53.5,27.4,31.6,88,25.2,997,2.4,142,4.8,7,100,28.4,81.7,435,88,96,1,0,0,d,804,Overcast clouds,c04d,8
2026/8/3 8:45,138.1,27.4,31.6,88,25.2,997,2.2,146,4.6,7,99,31.8,82.9,494,93,117,1.2,0,0,d,804,Overcast clouds,c04d,8
2026/8/3 9:00,31.83,27.4,31.6,88,25.2,997,2,150,4.4,7,99,35.2,84.1,552,98,125,1.3,0,0,d,804,Overcast clouds,c04d,9
2026/8/3 9:15,123.49,28.1,33.2,86,25.5,997,1.9,144,4.3,7,95,38.7,85.3,604,101,101,1.6,0,0,d,804,Overcast clouds,c04d,9
2026/8/3 9:30,119.45,28.7,34.7,84,25.7,998,1.8,138,4.2,16,90,42.2,86.6,656,104,192,2,0,0,d,804,Overcast clouds,c04d,9
2026/8/3 9:45,76.98,29.4,36,81,25.7,998,1.7,132,4.1,16,86,45.6,87.9,708,108,271,2.4,0,0,d,804,Overcast clouds,c04d,9
2026/8/3 10:00,90.02,30,37.4,79,26,998,1.6,126,4,16,82,49.1,89.2,760,111,352,2.9,0,0,d,804,Overcast clouds,c04d,10
2026/8/3 10:15,121.03,30.2,37.3,77,25.7,998,1.6,122,4,16,86,52.5,90.8,800,113,307,3,0,0,d,804,Overcast clouds,c04d,10
2026/8/3 10:30,199.41,30.4,37.6,76,25.6,998,1.6,118,4,10,90,56,92.5,840,115,246,3,0,0,d,804,Overcast clouds,c04d,10
2026/8/3 10:45,130.06,30.5,37.5,74,25.4,997,1.6,114,4,10,95,59.4,94.2,881,117,148,3,0,0,d,804,Overcast clouds,c04d,10
2026/8/3 11:00,163.95,30.7,37.4,72,25.1,997,1.6,110,4,12,99,62.9,95.9,921,120,168,3,0,0,d,804,Overcast clouds,c04d,11
2026/8/3 11:15,52.57,30.5,37.2,73,25.1,997,1.7,110,4.1,12,99,66.3,99.4,946,121,170,3.1,0,0,d,804,Overcast clouds,c04d,11
2026/8/3 11:30,8.51,30.4,37,74,25.2,998,1.8,109,4.2,13,99,69.6,103,971,122,172,3.3,0,0,d,804,Overcast clouds,c04d,11
2026/8/3 11:45,3.97,30.2,36.5,74,25,998,1.9,108,4.3,13,99,73,106.6,995,123,175,3.4,0,0,d,804,Overcast clouds,c04d,11
2026/8/3 12:00,3.95,30,36.3,75,25.1,998,2,108,4.4,14,99,76.4,110.1,1020,124,177,3.6,0,0,d,804,Overcast clouds,c04d,12
2026/8/3 12:15,82.57,30.5,37.1,73,25.1,998,2,110,4.7,10,99,78.4,131.8,1027,125,179,3.7,0.25,0,d,804,Overcast clouds,c04d,12
2026/8/3 12:30,25.1,31,37.5,70,24.8,998,2,113,5,10,98,80.5,153.4,1035,125,211,3.8,0.5,0,d,301,Drizzle,d02d,12
2026/8/3 12:45,3.9,31.4,38.1,68,24.8,998,2,116,5.3,10,98,82.5,175,1042,125,212,3.8,0.5,0,d,301,Drizzle,d02d,12
2026/8/3 13:00,3.89,31.9,38.7,66,24.7,997,2,118,5.6,10,98,84.6,196.7,1049,126,213,3.9,0.5,0,d,301,Drizzle,d02d,13
2026/8/3 13:15,3.91,31.7,38.5,67,24.8,997,2.1,122,5.9,10,97,81.8,211.1,1038,125,241,3.9,0.5,0,d,301,Drizzle,d02d,13
2026/8/3 13:30,72.89,31.5,38.3,68,24.9,997,2.2,126,6.2,10,96,79,225.6,1027,125,146,3.9,0.5,0,d,301,Drizzle,d02d,13
2026/8/3 13:45,2.64,31.3,37.8,68,24.7,996,2.3,130,6.5,10,94,76.3,240,1016,124,201,4,0.5,0,d,301,Drizzle,d02d,13
2026/8/3 14:00,28.18,31.1,37.6,69,24.7,996,2.4,134,6.8,11,93,73.5,254.5,1004,124,224,3.9,0.5,0,d,301,Drizzle,d02d,14
2026/8/3 14:15,6.86,31.3,38.1,69,24.9,996,2.4,136,6.6,11,94,70.1,257.3,976,122,192,3.7,0.75,0,d,301,Drizzle,d02d,14
2026/8/3 14:30,7.38,31.5,38.3,68,24.9,996,2.4,137,6.4,10,94,66.7,260.1,948,121,187,3.5,1,0,d,500,Light rain,r01d,14
2026/8/3 14:45,12.53,31.7,38.9,68,25.1,996,2.4,138,6.2,10,94,63.3,263,919,119,173,3.3,1.25,0,d,500,Light rain,r01d,14
2026/8/3 15:00,0,31.9,39.4,68,25.2,995,2.4,140,6,10,95,59.9,265.8,891,118,141,3,1.5,0,d,500,Light rain,r01d,15
2026/8/3 15:15,11.15,31.8,39.5,69,25.4,995,2.6,138,6,10,95,56.4,267.3,847,116,133,2.8,1.5,0,d,500,Light rain,r01d,15
2026/8/3 15:30,20.8,31.7,39.5,70,25.5,995,2.8,136,6,10,96,53,268.9,804,113,104,2.5,1.5,0,d,500,Light rain,r01d,15
2026/8/3 15:45,36.86,31.6,39.6,71,25.7,995,3,134,6,10,96,49.5,270.4,761,111,200,2.3,1.25,0,d,500,Light rain,r01d,15
2026/8/3 16:00,25.37,31.5,39.6,72,25.8,995,3.2,132,6,10,96,46,271.9,718,109,205,2,1,0,d,500,Light rain,r01d,16
2026/8/3 16:15,27.18,31.5,39.6,72,25.8,995,3.3,128,6.3,12,97,42.6,273.2,664,105,175,1.8,0.75,0,d,301,Drizzle,d02d,16
2026/8/3 16:30,27.36,31.5,39.6,72,25.8,995,3.4,123,6.6,10,98,39.1,274.4,610,101,148,1.6,0.5,0,d,231,Thunderstorm with drizzle,t04d,16
2026/8/3 16:45,0.04,31.5,39.6,72,25.8,995,3.5,118,6.9,10,99,35.7,275.6,556,98,124,1.3,0.5,0,d,301,Drizzle,d02d,16
2026/8/3 17:00,21.89,31.5,39.6,72,25.8,995,3.6,114,7.2,10,100,32.2,276.9,502,94,102,1.2,0.5,0,d,301,Drizzle,d02d,17
2026/8/3 17:15,17.29,30.9,38.4,74,25.7,995,3.7,116,6.9,10,100,28.8,278,443,89,97,1,0.25,0,d,804,Overcast clouds,c04d,17
2026/8/3 17:30,37.23,30.2,37.4,77,25.7,995,3.8,117,6.6,16,100,25.4,279.2,385,83,89,0.9,0,0,d,804,Overcast clouds,c04d,17
2026/8/3 17:45,49.96,29.6,36.3,80,25.7,995,3.9,118,6.3,16,100,22,280.4,326,78,83,0.8,0,0,d,804,Overcast clouds,c04d,17
2026/8/3 18:00,3.92,28.9,34.9,82,25.5,995,4,120,6,16,100,18.6,281.6,267,72,76,0.8,0,0,d,804,Overcast clouds,c04d,18
2026/8/3 18:15,3.95,28.9,34.9,82,25.5,995,3.6,122,5.7,16,100,15.2,282.8,213,63,66,0.7,0,0,d,804,Overcast clouds,c04d,18
2026/8/3 18:30,3.9,28.9,34.9,82,25.5,996,3.2,125,5.4,10,100,11.8,284.1,159,53,55,0.7,0,0,d,804,Overcast clouds,c04d,18
2026/8/3 18:45,3.9,28.9,34.9,82,25.5,996,2.8,128,5.1,10,100,8.5,285.4,105,44,45,0.6,0,0,d,804,Overcast clouds,c04d,18
2026/8/3 19:00,4.29,28.9,34.9,82,25.5,996,2.4,130,4.8,12,100,5.1,286.7,51,34,34,0.6,0,0,d,804,Overcast clouds,c04d,19
2026/8/3 19:15,2.19,28.9,34.9,82,25.5,996,2.6,127,4.8,12,100,1.9,288.1,38,26,26,0.6,0,0,d,804,Overcast clouds,c04n,19
2026/8/3 19:30,0.25,28.9,35.1,83,25.7,997,2.8,124,4.8,13,100,-1.4,289.6,26,17,17,0,0,0,d,804,Overcast clouds,c04n,19
2026/8/3 19:45,0,28.9,35.3,84,25.9,997,3,121,4.8,13,99,-4.7,291.1,13,9,9,0,0,0,d,804,Overcast clouds,c04n,19
2026/8/3 20:00,0,28.9,35.3,84,25.9,997,3.2,118,4.8,14,99,-7.9,292.6,0,0,0,0,0,0,n,804,Overcast clouds,c04n,20
2026/8/3 20:15,0,28.8,35,84,25.8,997,3.1,121,4.8,14,99,-11,294.4,0,0,0,0,0,0,n,804,Overcast clouds,c04n,20
2026/8/3 20:30,0,28.7,34.9,85,25.9,997,3,124,4.8,10,100,-14.2,296.2,0,0,0,0,0,0,n,804,Overcast clouds,c04n,20
2026/8/3 20:45,0,28.6,34.9,86,26,996,2.9,127,4.8,10,100,-17.3,298,0,0,0,0,0,0,n,804,Overcast clouds,c04n,20
2026/8/3 21:00,0,28.5,34.5,86,25.9,996,2.8,130,4.8,10,100,-20.4,299.9,0,0,0,0,0,0,n,804,Overcast clouds,c04n,21
2026/8/3 21:15,0,28.4,34.2,86,25.8,996,2.7,130,4.8,12,100,-23.2,302.3,0,0,0,0,0,0,n,804,Overcast clouds,c04n,21
2026/8/3 21:30,0,28.3,34.1,87,25.9,997,2.6,130,4.8,13,100,-26.1,304.7,0,0,0,0,0,0,n,804,Overcast clouds,c04n,21
2026/8/3 21:45,0,28.2,34,88,26,997,2.5,130,4.8,13,100,-28.9,307.1,0,0,0,0,0,0,n,804,Overcast clouds,c04n,21
2026/8/3 22:00,0,28.1,33.7,88,25.9,997,2.4,130,4.8,14,100,-31.8,309.5,0,0,0,0,0,0,n,804,Overcast clouds,c04n,22
2026/8/3 22:15,0,27.9,33.2,88,25.7,997,2.4,128,4.8,14,100,-34.2,312.9,0,0,0,0,0,0,n,804,Overcast clouds,c04n,22
2026/8/3 22:30,0,27.8,32.8,89,25.8,998,2.4,125,4.8,10,100,-36.6,316.2,0,0,0,0,0,0,n,804,Overcast clouds,c04n,22
2026/8/3 22:45,0,27.6,32.4,90,25.8,998,2.4,122,4.8,10,100,-39,319.5,0,0,0,0,0,0,n,804,Overcast clouds,c04n,22
2026/8/3 23:00,0,27.4,31.9,90,25.6,998,2.4,120,4.8,10,100,-41.4,322.8,0,0,0,0,0,0,n,804,Overcast clouds,c04n,23
2026/8/3 23:15,0,27.4,31.9,90,25.6,998,2.5,120,4.8,12,100,-43.1,327.3,0,0,0,0,0,0,n,804,Overcast clouds,c04n,23
2026/8/3 23:30,0,27.4,31.9,90,25.6,998,2.6,121,4.8,10,100,-44.7,331.8,0,0,0,0,0,0,n,804,Overcast clouds,c04n,23
2026/8/3 23:45,0,27.4,31.9,90,25.6,998,2.7,122,4.8,10,100,-46.4,336.2,0,0,0,0,0,0,n,804,Overcast clouds,c04n,23
2026/8/4 0:00,0,27.4,31.9,90,25.6,998,2.8,122,4.8,10,100,-48,340.7,0,0,0,0,0,0,n,804,Overcast clouds,c04n,0
2026/8/4 0:15,0,27.3,31.6,90,25.5,998,3,122,4.7,12,100,-48.6,256.2,0,0,0,0,0,0,n,804,Overcast clouds,c04n,0
2026/8/4 0:30,0.01,27.2,31.4,91,25.6,998,3.2,122,4.6,12,100,-49.1,171.6,0,0,0,0,0,0,n,804,Overcast clouds,c04n,0
2026/8/4 0:45,0,27.1,31.2,92,25.7,998,3.4,122,4.5,13,100,-49.6,87,0,0,0,0,0,0,n,804,Overcast clouds,c04n,0
2026/8/4 1:00,0.01,27,30.9,92,25.6,998,3.6,122,4.4,14,100,-50.1,2.5,0,0,0,0,0,0,n,804,Overcast clouds,c04n,1
2026/8/4 1:15,0,26.9,30.7,92,25.5,998,3.5,122,4.3,14,100,-49.3,7.7,0,0,0,0,0,0,n,804,Overcast clouds,c04n,1
2026/8/4 1:30,0.01,26.9,30.6,93,25.6,998,3.4,121,4.2,10,100,-48.5,13,0,0,0,0,0,0,n,804,Overcast clouds,c04n,1
2026/8/4 1:45,0,26.8,30.5,94,25.7,997,3.3,120,4.1,10,100,-47.7,18.3,0,0,0,0,0,0,n,804,Overcast clouds,c04n,1
2026/8/4 2:00,0,26.7,30.2,94,25.7,997,3.2,120,4,10,100,-47,23.6,0,0,0,0,0,0,n,804,Overcast clouds,c04n,2
2026/8/4 2:15,0.01,26.7,30.2,94,25.7,997,3.1,118,4.2,12,100,-45.1,27.9,0,0,0,0,0,0,n,804,Overcast clouds,c04n,2
2026/8/4 2:30,0,26.7,30.2,94,25.7,997,3,117,4.4,13,100,-43.3,32.1,0,0,0,0,0,0,n,804,Overcast clouds,c04n,2
2026/8/4 2:45,0,26.7,30.2,94,25.7,997,2.9,116,4.6,13,100,-41.4,36.3,0,0,0,0,0,0,n,804,Overcast clouds,c04n,2
2026/8/4 3:00,0,26.7,30.2,94,25.7,997,2.8,114,4.8,13,100,-39.6,40.5,0,0,0,0,0,0,n,804,Overcast clouds,c04n,3
2026/8/4 3:15,0,26.6,27.8,94,25.6,997,2.8,112,4.9,14,100,-37,43.6,0,0,0,0,0,0,n,804,Overcast clouds,c04n,3
2026/8/4 3:30,0,26.5,27.7,94,25.5,997,2.8,111,5,14,100,-34.5,46.7,0,0,0,0,0,0,n,804,Overcast clouds,c04n,3
2026/8/4 3:45,0,26.4,27.5,94,25.4,997,2.8,110,5.1,15,100,-32,49.8,0,0,0,0,0,0,n,804,Overcast clouds,c04n,3
2026/8/4 4:00,0,26.3,27.4,94,25.3,997,2.8,108,5.2,16,100,-29.4,52.9,0,0,0,0,0,0,n,804,Overcast clouds,c04n,4
2026/8/4 4:15,0,26.3,27.4,94,25.3,997,2.8,106,5.2,16,100,-26.5,55.2,0,0,0,0,0,0,n,804,Overcast clouds,c04n,4
2026/8/4 4:30,0,26.3,27.4,94,25.3,997,2.8,105,5.2,16,100,-23.6,57.4,0,0,0,0,0,0,n,804,Overcast clouds,c04n,4
2026/8/4 4:45,0,26.3,27.4,94,25.3,996,2.8,104,5.2,16,100,-20.7,59.7,0,0,0,0,0,0,n,804,Overcast clouds,c04n,4
2026/8/4 5:00,0,26.3,27.4,94,25.3,996,2.8,102,5.2,16,100,-17.8,62,0,0,0,0,0,0,n,804,Overcast clouds,c04n,5
2026/8/4 5:15,0,26.3,27.4,94,25.3,996,2.8,106,5.1,16,100,-14.6,63.7,0,0,0,0,0,0,n,804,Overcast clouds,c04n,5
2026/8/4 5:30,0,26.3,27.5,95,25.4,996,2.8,109,5,10,100,-11.5,65.5,0,0,0,0,0,0,n,804,Overcast clouds,c04n,5
2026/8/4 5:45,0,26.3,27.5,96,25.6,996,2.8,112,4.9,10,100,-8.3,67.2,0,0,0,0,0,0,n,804,Overcast clouds,c04n,5
2026/8/4 6:00,0,26.3,27.5,96,25.6,996,2.8,116,4.8,10,100,-5.2,69,0,0,0,0,0,0,n,804,Overcast clouds,c04n,6
2026/8/4 6:15,0.4,26.3,27.5,96,25.6,996,2.8,117,4.8,12,100,-1.9,70.4,23,11,11,0,0,0,d,804,Overcast clouds,c04n,6
2026/8/4 6:30,3.51,26.3,27.5,96,25.6,996,2.8,118,4.8,12,100,1.4,71.8,46,22,22,0.6,0,0,d,804,Overcast clouds,c04n,6
2026/8/4 6:45,10.61,26.3,27.5,96,25.6,996,2.8,119,4.8,13,100,4.7,73.2,69,34,35,0.6,0,0,d,804,Overcast clouds,c04d,6
2026/8/4 7:00,15.5,26.3,27.5,96,25.6,996,2.8,120,4.8,13,100,8,74.7,92,45,46,0.6,0,0,d,804,Overcast clouds,c04d,7
2026/8/4 7:15,16.06,26.3,27.5,96,25.6,996,2.9,122,4.9,14,100,11.4,75.9,149,53,55,0.7,0,0,d,804,Overcast clouds,c04d,7
2026/8/4 7:30,16.99,26.3,27.5,96,25.6,997,3,124,5,14,100,14.7,77.1,205,61,64,0.7,0,0,d,804,Overcast clouds,c04d,7
2026/8/4 7:45,28.06,26.3,27.5,96,25.6,997,3.1,126,5.1,15,99,18.1,78.4,261,70,82,0.8,0,0,d,804,Overcast clouds,c04d,7
2026/8/4 8:00,41.2,26.3,27.5,96,25.6,997,3.2,128,5.2,16,99,21.5,79.6,318,78,93,0.8,0,0,d,804,Overcast clouds,c04d,8
2026/8/4 8:15,57.28,26.3,27.5,96,25.6,997,3,128,5.3,16,99,24.9,80.8,376,83,101,0.9,0,0,d,804,Overcast clouds,c04d,8
2026/8/4 8:30,100.92,26.3,27.5,97,25.8,997,2.8,128,5.4,16,100,28.3,82,435,88,95,1,0,0,d,741,Fog,a05d,8
2026/8/4 8:45,82.46,26.3,27.5,98,26,997,2.6,128,5.5,16,100,31.8,83.2,493,93,101,1.1,0,0,d,741,Fog,a05d,8
2026/8/4 9:00,62.28,26.3,27.5,98,26,997,2.4,128,5.6,16,100,35.2,84.4,551,98,107,1.3,0,0,d,741,Fog,a05d,9
2026/8/4 9:15,89.21,27.1,31.3,94,26,997,2.4,126,5.8,16,100,38.6,85.7,603,101,111,1.5,0,0,d,804,Overcast clouds,c04d,9
2026/8/4 9:30,87.77,27.8,33.3,91,26.2,998,2.4,123,6,10,100,42.1,87,655,104,114,1.6,0,0,d,804,Overcast clouds,c04d,9
2026/8/4 9:45,58.58,28.6,35.1,88,26.4,998,2.4,120,6.2,10,100,45.6,88.3,707,108,118,1.8,0,0,d,804,Overcast clouds,c04d,9
2026/8/4 10:00,49.68,29.3,36.6,84,26.3,998,2.4,118,6.4,10,100,49,89.6,760,111,123,2.1,0,0,d,804,Overcast clouds,c04d,10
2026/8/4 10:15,85.51,29.4,36.8,84,26.4,998,2.4,120,6.3,12,100,52.5,91.3,800,113,125,2.3,0,0,d,804,Overcast clouds,c04d,10
2026/8/4 10:30,63.43,29.5,36.8,83,26.3,998,2.4,121,6.2,10,100,55.9,93,840,115,128,2.5,0,0,d,804,Overcast clouds,c04d,10
2026/8/4 10:45,122.98,29.5,36.8,82,26.1,997,2.4,122,6.1,10,100,59.4,94.7,880,117,132,2.7,0,0,d,804,Overcast clouds,c04d,10
2026/8/4 11:00,196.07,29.6,37,82,26.2,997,2.4,124,6,10,100,62.8,96.4,921,120,135,2.9,0,0,d,804,Overcast clouds,c04d,11
2026/8/4 11:15,159.9,29.7,36.8,80,25.9,997,2.3,124,5.9,12,100,66.2,100.1,946,121,138,3.1,0,0,d,804,Overcast clouds,c04d,11
2026/8/4 11:30,78.83,29.8,36.5,78,25.5,997,2.2,125,5.8,10,100,69.6,103.8,970,122,141,3.2,0,0,d,804,Overcast clouds,c04d,11
2026/8/4 11:45,138.58,29.9,36.5,77,25.4,997,2.1,126,5.7,10,99,72.9,107.5,995,123,173,3.4,0,0,d,804,Overcast clouds,c04d,11
2026/8/4 12:00,71.67,30,36.3,75,25.1,997,2,126,5.6,12,99,76.3,111.2,1020,124,177,3.6,0,0,d,804,Overcast clouds,c04d,12
2026/8/4 12:15,4.08,29.9,36.3,76,25.2,997,1.9,126,5.1,12,99,78.3,132.4,1027,125,178,3.7,0.25,0,d,804,Overcast clouds,c04d,12
2026/8/4 12:30,4.04,29.8,36,76,25.1,997,1.8,125,4.6,10,100,80.3,153.7,1034,125,148,3.6,0.5,0,d,301,Drizzle,d02d,12
2026/8/4 12:45,4.06,29.7,35.7,76,25,997,1.7,124,4.1,10,100,82.3,174.9,1042,125,148,3.7,0.25,0,d,804,Overcast clouds,c04d,12
2026/8/4 13:00,4.07,29.6,35.7,77,25.1,997,1.6,124,3.6,10,100,84.3,196.1,1049,126,149,3.7,0,0,d,804,Overcast clouds,c04d,13
2026/8/4 13:15,40.66,29.6,35.7,77,25.1,997,1.6,126,3.4,12,100,81.6,210.5,1038,125,147,3.7,0.25,0,d,804,Overcast clouds,c04d,13
2026/8/4 13:30,119.56,29.6,35.7,77,25.1,997,1.6,128,3.2,10,100,78.9,224.9,1026,125,147,3.6,0.5,0,d,301,Drizzle,d02d,13
2026/8/4 13:45,121.05,29.6,35.7,77,25.1,996,1.6,130,3,10,100,76.1,239.3,1015,124,146,3.5,0.5,0,d,301,Drizzle,d02d,13
2026/8/4 14:00,48.33,29.6,35.7,77,25.1,996,1.6,132,2.8,10,100,73.4,253.6,1004,124,146,3.4,0.5,0,d,301,Drizzle,d02d,14
2026/8/4 14:15,49.96,29.9,36.2,76,25.2,996,1.7,132,3.4,10,100,70,256.6,975,122,143,3.2,0.5,0,d,301,Drizzle,d02d,14
2026/8/4 14:30,35.56,30.2,37,76,25.4,996,1.8,131,4,10,100,66.6,259.5,947,121,140,3.1,0.5,0,d,301,Drizzle,d02d,14
2026/8/4 14:45,10.54,30.4,37.5,75,25.5,995,1.9,130,4.6,11,99,63.2,262.4,918,119,165,3,0.75,0,d,301,Drizzle,d02d,14
2026/8/4 15:00,3.99,30.7,38,74,25.5,995,2,130,5.2,12,99,59.8,265.3,890,118,162,2.8,1,0,d,500,Light rain,r01d,15
2026/8/4 15:15,35.4,30.7,38,74,25.5,995,2.1,128,5.2,12,99,56.3,266.9,847,116,158,2.5,0.5,0,d,301,Drizzle,d02d,15
2026/8/4 15:30,99.37,30.7,38.3,75,25.8,995,2.2,126,5.2,16,99,52.9,268.4,803,113,152,2.3,0,0,d,804,Overcast clouds,c04d,15
2026/8/4 15:45,129.2,30.7,38.6,76,26,994,2.3,124,5.2,16,99,49.4,270,760,111,147,2.1,0,0,d,804,Overcast clouds,c04d,15
2026/8/4 16:00,110.47,30.7,38.6,76,26,994,2.4,122,5.2,16,99,45.9,271.6,717,108,142,1.9,0,0,d,804,Overcast clouds,c04d,16
2026/8/4 16:15,19.81,30.6,38.4,76,25.9,994,2.4,120,5.3,16,99,42.5,272.8,663,105,136,1.7,0,0,d,804,Overcast clouds,c04d,16
2026/8/4 16:30,3.97,30.6,38.1,76,25.8,994,2.4,118,5.4,10,99,39,274.1,609,101,130,1.5,0,0,d,804,Overcast clouds,c04d,16
2026/8/4 16:45,4,30.5,38.2,77,26,994,2.4,116,5.5,10,99,35.6,275.3,555,98,124,1.3,0,0,d,804,Overcast clouds,c04d,16
2026/8/4 17:00,4.74,30.4,38,77,25.9,994,2.4,114,5.6,10,99,32.1,276.6,501,94,117,1.2,0,0,d,804,Overcast clouds,c04d,17
2026/8/4 17:15,4.75,30,37.2,78,25.8,994,2.3,112,5.4,12,99,28.7,277.7,442,88,109,1.1,0,0,d,804,Overcast clouds,c04d,17
2026/8/4 17:30,64.9,29.7,36.6,80,25.8,994,2.2,111,5.2,10,99,25.3,278.9,383,83,101,0.9,0,0,d,804,Overcast clouds,c04d,17
2026/8/4 17:45,24.47,29.3,35.8,81,25.7,994,2.1,110,5,10,99,21.9,280.1,324,77,92,0.8,0,0,d,804,Overcast clouds,c04d,17
2026/8/4 18:00,7.16,28.9,34.9,82,25.5,994,2,108,4.8,10,99,18.4,281.3,265,72,84,0.8,0,0,d,804,Overcast clouds,c04d,18
2026/8/4 18:15,4.11,28.8,34.6,82,25.4,994,2,106,4.7,12,99,15.1,282.6,211,62,72,0.7,0,0,d,804,Overcast clouds,c04d,18
2026/8/4 18:30,4.15,28.7,34.5,83,25.5,995,2,105,4.6,10,100,11.7,283.9,157,53,55,0.7,0,0,d,804,Overcast clouds,c04d,18
2026/8/4 18:45,4.34,28.6,34.4,84,25.6,995,2,104,4.5,10,100,8.4,285.1,103,43,44,0.6,0,0,d,804,Overcast clouds,c04d,18
2026/8/4 19:00,4.01,28.5,34.1,84,25.5,995,2,102,4.4,10,100,5,286.4,50,34,34,0.6,0,0,d,804,Overcast clouds,c04n,19
2026/8/4 19:15,2.33,28.4,33.9,84,25.4,995,2.1,101,4.5,12,100,1.7,287.9,37,25,25,0.6,0,0,d,804,Overcast clouds,c04n,19
2026/8/4 19:30,0.3,28.3,33.6,84,25.3,995,2.2,100,4.6,10,100,-1.5,289.4,25,17,17,0,0,0,d,804,Overcast clouds,c04n,19
2026/8/4 19:45,0.02,28.2,33.3,84,25.2,995,2.3,99,4.7,10,100,-4.8,290.8,12,8,8,0,0.75,0,d,301,Drizzle,d02n,19
2026/8/4 20:00,0,28.1,33,84,25.1,995,2.4,98,4.8,10,100,-8.1,292.3,0,0,0,0,1.5,0,n,500,Light rain,r01n,20
2026/8/4 20:15,0,27.9,32.8,86,25.4,995,2.5,98,4.7,10,100,-11.2,294.2,0,0,0,0,0.75,0,n,301,Drizzle,d02n,20
2026/8/4 20:30,0,27.8,32.5,87,25.4,995,2.6,97,4.6,10,100,-14.3,296,0,0,0,0,0,0,n,804,Overcast clouds,c04n,20
2026/8/4 20:45,0,27.6,32.1,88,25.4,995,2.7,96,4.5,10,100,-17.4,297.8,0,0,0,0,0,0,n,804,Overcast clouds,c04n,20
2026/8/4 21:00,0,27.4,31.9,90,25.6,995,2.8,96,4.4,9,100,-20.5,299.7,0,0,0,0,0,0,n,804,Overcast clouds,c04n,21
2026/8/4 21:15,0,27.2,31.4,90,25.4,995,2.7,96,4.5,9,100,-23.4,302.1,0,0,0,0,0,0,n,804,Overcast clouds,c04n,21
2026/8/4 21:30,0,27.1,31,91,25.5,996,2.6,97,4.6,10,100,-26.3,304.5,0,0,0,0,0,0,n,804,Overcast clouds,c04n,21
2026/8/4 21:45,0,26.9,30.6,92,25.5,996,2.5,98,4.7,10,100,-29.1,306.9,0,0,0,0,0,0,n,804,Overcast clouds,c04n,21
2026/8/4 22:00,0,26.7,30.1,92,25.3,996,2.4,98,4.8,10,100,-32,309.3,0,0,0,0,0,0,n,804,Overcast clouds,c04n,22
2026/8/4 22:15,0,26.5,27.6,93,25.3,996,2.3,102,4.6,7,100,-34.4,312.6,0,0,0,0,0,0,n,804,Overcast clouds,c04n,22
2026/8/4 22:30,0,26.3,27.4,94,25.3,996,2.2,106,4.4,13,100,-36.8,316,0,0,0,0,0,0,n,804,Overcast clouds,c04n,22
2026/8/4 22:45,0,26.1,27.2,95,25.2,996,2.1,110,4.2,13,99,-39.2,319.3,0,0,0,0,0,0,n,804,Overcast clouds,c04n,22
2026/8/4 23:00,0,25.9,27.1,96,25.2,996,2,114,4,13,99,-41.7,322.6,0,0,0,0,0,0,n,804,Overcast clouds,c04n,23
2026/8/4 23:15,0,25.9,27.1,96,25.2,996,2,114,3.9,14,99,-43.3,327.1,0,0,0,0,0,0,n,804,Overcast clouds,c04n,23
2026/8/4 23:30,0,25.9,27.1,96,25.2,996,2,114,3.8,10,100,-45,331.6,0,0,0,0,0,0,n,804,Overcast clouds,c04n,23
2026/8/4 23:45,0,25.9,27.1,96,25.2,996,2,114,3.7,10,100,-46.6,336.1,0,0,0,0,0,0,n,804,Overcast clouds,c04n,23
2026/8/5 0:00,0,25.9,27.1,96,25.2,996,2,114,3.6,12,100,-48.3,340.6,0,0,0,0,0,0,n,804,Overcast clouds,c04n,0
2026/8/5 0:15,0,25.8,27,96,25.1,996,2.1,114,3.5,12,100,-48.8,256.1,0,0,0,0,0,0,n,804,Overcast clouds,c04n,0
2026/8/5 0:30,0,25.8,26.9,97,25.2,996,2.2,114,3.4,13,100,-49.3,171.6,0,0,0,0,0,0,n,741,Fog,a05n,0
2026/8/5 0:45,0,25.7,26.9,98,25.3,996,2.3,114,3.3,13,99,-49.9,87,0,0,0,0,0,0,n,741,Fog,a05n,0
2026/8/5 1:00,0,25.6,26.8,98,25.3,996,2.4,114,3.2,14,99,-50.4,2.5,0,0,0,0,0,0,n,741,Fog,a05n,1
2026/8/5 1:15,0,25.6,26.8,98,25.3,996,2.4,116,3.2,14,99,-49.6,7.8,0,0,0,0,0,0,n,741,Fog,a05n,1
2026/8/5 1:30,0,25.6,26.8,98,25.3,996,2.4,117,3.2,15,100,-48.8,13.2,0,0,0,0,0,0,n,741,Fog,a05n,1
2026/8/5 1:45,0,25.6,26.8,98,25.3,995,2.4,118,3.2,15,100,-48,18.5,0,0,0,0,0,0,n,741,Fog,a05n,1
2026/8/5 2:00,0,25.6,26.8,98,25.3,995,2.4,120,3.2,16,100,-47.2,23.8,0,0,0,0,0,0,n,741,Fog,a05n,2
2026/8/5 2:15,0,25.6,26.8,98,25.3,995,2.4,118,3.3,16,100,-45.3,28.1,0,0,0,0,0,0,n,741,Fog,a05n,2
2026/8/5 2:30,0,25.6,26.8,98,25.3,995,2.4,116,3.4,10,100,-43.5,32.3,0,0,0,0,0,0,n,741,Fog,a05n,2
2026/8/5 2:45,0,25.6,26.8,98,25.3,995,2.4,114,3.5,10,99,-41.6,36.5,0,0,0,0,0,0,n,741,Fog,a05n,2
2026/8/5 3:00,0,25.6,26.8,98,25.3,995,2.4,112,3.6,8,99,-39.7,40.8,0,0,0,0,0,0,n,741,Fog,a05n,3
2026/8/5 3:15,0,25.5,26.7,98,25.2,995,2.3,111,3.5,7,99,-37.2,43.9,0,0,0,0,0,0,n,741,Fog,a05n,3
2026/8/5 3:30,0,25.4,26.6,99,25.2,995,2.2,110,3.4,7,99,-34.7,47,0,0,0,0,0,0,n,741,Fog,a05n,3
2026/8/5 3:45,0,25.3,26.5,100,25.3,995,2.1,109,3.3,7,99,-32.1,50.1,0,0,0,0,0,0,n,741,Fog,a05n,3
2026/8/5 4:00,0,25.2,26.4,100,25.2,995,2,108,3.2,6,99,-29.6,53.2,0,0,0,0,0,0,n,741,Fog,a05n,4
2026/8/5 4:15,0,25.3,26.5,100,25.3,995,2,105,3.2,6,99,-26.7,55.4,0,0,0,0,0,0,n,741,Fog,a05n,4
2026/8/5 4:30,0,25.4,26.6,99,25.2,995,2,102,3.2,4,100,-23.7,57.7,0,0,0,0,0,0,n,741,Fog,a05n,4
2026/8/5 4:45,0,25.5,26.7,98,25.2,995,2,99,3.2,4,100,-20.8,60,0,0,0,0,0,0,n,741,Fog,a05n,4
2026/8/5 5:00,0.01,25.6,26.8,98,25.3,995,2,96,3.2,4,100,-17.9,62.2,0,0,0,0,0,0,n,741,Fog,a05n,5
2026/8/5 5:15,0.01,25.8,26.9,97,25.3,995,1.9,92,3.3,4,100,-14.7,64,0,0,0,0,0,0,n,741,Fog,a05n,5
2026/8/5 5:30,0,26,27.1,96,25.3,995,1.8,88,3.4,10,100,-11.6,65.7,0,0,0,0,0,0,n,804,Overcast clouds,c04n,5
2026/8/5 5:45,0,26.1,27.3,95,25.3,995,1.7,84,3.5,10,100,-8.4,67.5,0,0,0,0,0,0,n,804,Overcast clouds,c04n,5
2026/8/5 6:00,0.01,26.3,27.4,94,25.3,995,1.6,80,3.6,10,100,-5.3,69.2,0,0,0,0,0,0,n,804,Overcast clouds,c04n,6
2026/8/5 6:15,1.01,26.3,27.4,94,25.3,995,1.7,77,3.8,7,100,-2,70.6,23,11,11,0,0,0,d,804,Overcast clouds,c04n,6
2026/8/5 6:30,3.31,26.3,27.4,94,25.3,995,1.8,74,4,9,100,1.3,72.1,46,22,23,0.6,0,0,d,804,Overcast clouds,c04n,6
2026/8/5 6:45,6.3,26.3,27.4,94,25.3,995,1.9,71,4.2,9,100,4.6,73.5,68,33,34,0.6,0,0,d,804,Overcast clouds,c04d,6
2026/8/5 7:00,0,26.3,27.4,94,25.3,995,2,68,4.4,9,100,7.9,74.9,91,45,46,0.6,0,0,d,804,Overcast clouds,c04d,7
2026/8/5 7:15,14.61,26.3,27.4,94,25.3,995,2.2,70,4.6,9,100,11.3,76.2,148,53,55,0.7,0,0,d,804,Overcast clouds,c04d,7
2026/8/5 7:30,18.49,26.3,27.5,95,25.4,995,2.4,71,4.8,15,99,14.7,77.4,204,61,70,0.7,0,0,d,804,Overcast clouds,c04d,7
2026/8/5 7:45,34.77,26.3,27.5,96,25.6,995,2.6,72,5,15,98,18,78.7,260,69,89,0.8,0,0,d,804,Overcast clouds,c04d,7
2026/8/5 8:00,39.18,26.3,27.5,96,25.6,995,2.8,74,5.2,15,98,21.4,79.9,317,78,102,0.9,0,0,d,804,Overcast clouds,c04d,8
2026/8/5 8:15,42.14,26.4,27.6,96,25.7,995,2.8,78,5.4,16,98,24.9,81.1,375,83,111,0.9,0,0,d,804,Overcast clouds,c04d,8
2026/8/5 8:30,40.17,26.5,27.7,95,25.6,996,2.8,81,5.6,16,98,28.3,82.3,434,88,121,1.1,0,0,d,804,Overcast clouds,c04d,8
2026/8/5 8:45,33.17,26.6,27.8,94,25.6,996,2.8,84,5.8,16,99,31.7,83.5,492,93,117,1.2,0,0,d,804,Overcast clouds,c04d,8
2026/8/5 9:00,30.91,26.7,30.2,94,25.7,996,2.8,88,6,16,99,35.1,84.7,551,98,124,1.3,0,0,d,804,Overcast clouds,c04d,9
2026/8/5 9:15,68.39,27.3,31.7,92,25.8,996,2.8,88,6.1,16,99,38.6,86,603,101,129,1.5,0.25,0,d,804,Overcast clouds,c04d,9
2026/8/5 9:30,107.22,27.8,33.1,90,26,996,2.8,88,6.2,10,100,42.1,87.3,655,104,115,1.6,0.5,0,d,301,Drizzle,d02d,9
2026/8/5 9:45,76.82,28.4,34.5,88,26.2,996,2.8,88,6.3,10,100,45.5,88.7,707,108,119,1.8,0.25,0,d,804,Overcast clouds,c04d,9
2026/8/5 10:00,100.84,28.9,35.8,86,26.3,996,2.8,88,6.4,10,100,49,90,759,111,123,2.1,0,0,d,804,Overcast clouds,c04d,10
2026/8/5 10:15,75.53,29.1,36.1,85,26.3,996,2.7,87,6.4,12,100,52.4,91.7,799,113,125,2.3,0,0,d,804,Overcast clouds,c04d,10
2026/8/5 10:30,125.71,29.3,36.4,84,26.3,996,2.6,86,6.4,13,100,55.9,93.5,840,115,128,2.5,0,0,d,804,Overcast clouds,c04d,10
2026/8/5 10:45,118.48,29.4,36.4,82,26,996,2.5,85,6.4,13,100,59.3,95.3,880,117,132,2.7,0,0,d,804,Overcast clouds,c04d,10
2026/8/5 11:00,126.56,29.6,36.7,81,26,996,2.4,84,6.4,13,100,62.8,97,921,120,136,2.9,0,0,d,804,Overcast clouds,c04d,11
2026/8/5 11:15,117.73,29.6,36.7,81,26,996,2.5,84,6.3,14,100,66.1,100.8,945,121,137,3.1,0,0,d,804,Overcast clouds,c04d,11
2026/8/5 11:30,56.57,29.6,37,82,26.2,996,2.6,83,6.2,14,100,69.5,104.6,970,122,138,3.2,0,0,d,804,Overcast clouds,c04d,11
2026/8/5 11:45,88.64,29.6,37,82,26.2,995,2.7,82,6.1,7,100,72.9,108.4,995,123,139,3.4,0,0,d,804,Overcast clouds,c04d,11
2026/8/5 12:00,119.48,29.6,37,82,26.2,995,2.8,82,6,7,100,76.2,112.3,1020,124,141,3.5,0,0,d,804,Overcast clouds,c04d,12
2026/8/5 12:15,9.94,30.1,37.9,80,26.2,995,2.7,79,6.2,7,100,78.2,133.1,1027,125,142,3.6,0,0,d,804,Overcast clouds,c04d,12
2026/8/5 12:30,3.86,30.6,38.8,78,26.3,995,2.6,76,6.4,10,100,80.1,154,1034,125,142,3.6,0,0,d,804,Overcast clouds,c04d,12
2026/8/5 12:45,3.82,31,39.6,76,26.3,995,2.5,73,6.6,10,100,82.1,174.8,1041,125,142,3.7,0,0,d,804,Overcast clouds,c04d,12
2026/8/5 13:00,3.87,31.5,40.3,74,26.3,995,2.4,70,6.8,10,100,84,195.7,1048,126,143,3.7,0,0,d,804,Overcast clouds,c04d,13
2026/8/5 13:15,3.92,31.6,39.9,72,25.9,995,2.5,70,6.9,10,100,81.3,209.9,1037,125,144,3.6,0.25,0,d,804,Overcast clouds,c04d,13
2026/8/5 13:30,56.86,31.7,39.9,71,25.8,994,2.6,70,7,10,100,78.7,224.2,1026,125,144,3.6,0.5,0,d,301,Drizzle,d02d,13
2026/8/5 13:45,82.06,31.8,39.8,70,25.6,994,2.7,70,7.1,10,100,76,238.5,1015,124,144,3.5,0.5,0,d,301,Drizzle,d02d,13
2026/8/5 14:00,44.7,31.9,39.4,68,25.2,993,2.8,70,7.2,10,100,73.3,252.8,1004,124,145,3.4,0.5,0,d,301,Drizzle,d02d,14
2026/8/5 14:15,48.43,31.9,39.4,68,25.2,993,2.9,70,7.5,12,100,69.9,255.8,975,122,143,3.2,0.5,0,d,301,Drizzle,d02d,14
2026/8/5 14:30,39.33,31.9,39.4,68,25.2,993,3,71,7.8,10,100,66.5,258.8,946,121,141,3.1,0.5,0,d,301,Drizzle,d02d,14
2026/8/5 14:45,48.89,31.9,39.8,69,25.5,993,3.1,72,8.1,10,99,63.1,261.8,918,119,165,3,0.25,0,d,804,Overcast clouds,c04d,14
2026/8/5 15:00,126.69,31.9,39.8,69,25.5,992,3.2,72,8.4,11,99,59.7,264.8,889,118,163,2.8,0,0,d,804,Overcast clouds,c04d,15
2026/8/5 15:15,59.35,31.5,39.4,71,25.6,992,3.2,74,8.3,12,99,56.2,266.4,846,116,158,2.5,0,0,d,804,Overcast clouds,c04d,15
2026/8/5 15:30,67.22,31.2,38.6,72,25.5,992,3.2,76,8.2,10,100,52.8,268,802,113,129,2.3,0,0,d,804,Overcast clouds,c04d,15
2026/8/5 15:45,57.18,30.8,38.2,74,25.6,992,3.2,78,8.1,10,100,49.3,269.6,759,111,125,2.1,0,0,d,804,Overcast clouds,c04d,15
2026/8/5 16:00,78.23,30.4,37.7,76,25.7,992,3.2,80,8,10,100,45.8,271.2,716,108,121,1.9,0,0,d,804,Overcast clouds,c04d,16
2026/8/5 16:15,127.59,30.1,36.9,76,25.4,993,3.2,84,7.6,8,99,42.4,272.5,661,105,138,1.7,0,0,d,804,Overcast clouds,c04d,16
2026/8/5 16:30,0,29.9,36.1,76,25.2,993,3.2,89,7.2,12,98,38.9,273.7,607,101,150,1.5,0,0,d,804,Overcast clouds,c04d,16
2026/8/5 16:45,68.57,29.6,35.6,77,25.1,993,3.2,94,6.8,13,98,35.5,275,553,97,141,1.4,0,0,d,804,Overcast clouds,c04d,16
2026/8/5 17:00,72.91,29.3,34.9,77,24.8,993,3.2,98,6.4,13,97,32,276.3,499,94,149,1.2,0,0,d,804,Overcast clouds,c04d,17
2026/8/5 17:15,19.15,28.7,34.2,81,25.1,993,2.9,106,6.2,13,98,28.6,277.5,440,88,123,1.1,0.25,0,d,804,Overcast clouds,c04d,17
2026/8/5 17:30,2.34,28.2,33.1,84,25.2,993,2.6,114,6,10,98,25.2,278.7,381,83,113,1,0.5,0,d,301,Drizzle,d02d,17
2026/8/5 17:45,0,27.6,32.1,88,25.4,993,2.3,122,5.8,10,99,21.8,279.9,322,77,92,0.8,1,0,d,500,Light rain,r01d,17
2026/8/5 18:00,0.01,27,30.9,92,25.6,993,2,130,5.6,11,100,18.3,281.1,263,72,65,0.8,1.5,0,d,500,Light rain,r01d,18
2026/8/5 18:15,0,26.7,30.1,92,25.3,993,2,122,5.4,11,100,15,282.3,209,62,46,0.7,4.5,0,d,501,Moderate rain,r02d,18
2026/8/5 18:30,5.66,26.5,27.6,93,25.2,994,2,113,5.2,8,100,11.6,283.6,156,52,31,0.7,7.5,0,d,201,Thunderstorm with rain,t02d,18
2026/8/5 18:45,0.34,26.2,27.3,94,25.1,994,2,104,5,8,99,8.2,284.9,102,43,26,0.7,7.5,0,d,201,Thunderstorm with rain,t02d,18
2026/8/5 19:00,0.1,25.9,27,94,24.9,994,2,96,4.8,7,99,4.9,286.2,48,33,20,0.6,7.5,0,d,501,Moderate rain,r02n,19
2026/8/5 19:15,0,26,27.1,94,25,994,2,96,4.5,7,99,1.6,287.6,36,25,17,0.6,6,0,d,201,Thunderstorm with rain,t02n,19
2026/8/5 19:30,0,26.1,27.2,94,25.1,995,2,95,4.2,7,100,-1.7,289.1,24,17,13,0,4.5,0,d,201,Thunderstorm with rain,t02n,19
2026/8/5 19:45,0,26.2,27.3,94,25.2,995,2,94,3.9,15,100,-4.9,290.6,12,8,6,0,4,0,d,201,Thunderstorm with rain,t02n,19
2026/8/5 20:00,0,26.3,27.4,94,25.3,995,2,94,3.6,16,100,-8.2,292.1,0,0,0,0,3.5,0,n,500,Light rain,r01n,20
2026/8/5 20:15,0,26.3,27.4,94,25.3,995,2,92,3.5,16,100,-11.3,293.9,0,0,0,0,2.5,0,n,500,Light rain,r01n,20
2026/8/5 20:30,0,26.3,27.4,94,25.3,995,2,91,3.4,16,100,-14.5,295.8,0,0,0,0,1.5,0,n,500,Light rain,r01n,20
2026/8/5 20:45,0,26.3,27.4,94,25.3,995,2,90,3.3,16,100,-17.6,297.6,0,0,0,0,1.75,0,n,500,Light rain,r01n,20
2026/8/5 21:00,0,26.3,27.4,94,25.3,995,2,88,3.2,16,100,-20.7,299.4,0,0,0,0,2,0,n,500,Light rain,r01n,21
2026/8/5 21:15,0,26.2,27.3,94,25.2,995,2,84,3.4,16,100,-23.6,301.8,0,0,0,0,2,0,n,500,Light rain,r01n,21
2026/8/5 21:30,0,26.1,27.2,95,25.2,995,2,80,3.6,5,100,-26.4,304.3,0,0,0,0,2,0,n,500,Light rain,r01n,21
2026/8/5 21:45,0,26,27.2,96,25.3,995,2,76,3.8,5,100,-29.3,306.7,0,0,0,0,2,0,n,500,Light rain,r01n,21
2026/8/5 22:00,0,25.9,27.1,96,25.2,995,2,72,4,5,100,-32.2,309.1,0,0,0,0,2,0,n,500,Light rain,r01n,22
2026/8/5 22:15,0,25.9,27.1,96,25.2,995,2,72,4.1,5,100,-34.6,312.4,0,0,0,0,2.25,0,n,500,Light rain,r01n,22
2026/8/5 22:30,0,25.9,27.1,96,25.2,996,2,72,4.2,16,100,-37,315.8,0,0,0,0,2.5,0,n,500,Light rain,r01n,22
2026/8/5 22:45,0,25.9,27.1,96,25.2,996,2,72,4.3,16,100,-39.5,319.1,0,0,0,0,1.75,0,n,500,Light rain,r01n,22
2026/8/5 23:00,0,25.9,27.1,96,25.2,996,2,72,4.4,16,100,-41.9,322.4,0,0,0,0,1,0,n,500,Light rain,r01n,23
2026/8/5 23:15,0,26,27.2,96,25.3,996,1.9,72,4.3,16,99,-43.6,326.9,0,0,0,0,0.75,0,n,301,Drizzle,d02n,23
2026/8/5 23:30,0,26.1,27.2,95,25.2,996,1.8,71,4.2,16,98,-45.2,331.5,0,0,0,0,0.5,0,n,301,Drizzle,d02n,23
2026/8/5 23:45,0,26.2,27.3,94,25.2,996,1.7,70,4.1,16,98,-46.9,336,0,0,0,0,0.5,0,n,301,Drizzle,d02n,23
2026/8/6 0:00,0,26.3,27.4,94,25.3,996,1.6,70,4,16,97,-48.6,340.5,0,0,0,0,0.5,0,n,301,Drizzle,d02n,0
2026/8/6 0:15,0,26.2,27.3,94,25.2,996,1.7,70,4.1,16,98,-49.1,256,0,0,0,0,0.25,0,n,804,Overcast clouds,c04n,0
2026/8/6 0:30,0,26.1,27.2,94,25.1,996,1.8,70,4.2,10,98,-49.6,171.6,0,0,0,0,0,0,n,804,Overcast clouds,c04n,0
2026/8/6 0:45,0,26,27.1,94,25,996,1.9,70,4.3,10,99,-50.1,87.1,0,0,0,0,0,0,n,804,Overcast clouds,c04n,0
2026/8/6 1:00,0,25.9,27,94,24.9,996,2,70,4.4,10,100,-50.6,2.6,0,0,0,0,0,0,n,804,Overcast clouds,c04n,1
2026/8/6 1:15,0,25.9,27,94,24.9,996,2,68,4.4,12,100,-49.8,7.9,0,0,0,0,0,0,n,804,Overcast clouds,c04n,1
2026/8/6 1:30,0,25.9,27,94,24.9,996,2,66,4.4,12,100,-49,13.3,0,0,0,0,0,0,n,804,Overcast clouds,c04n,1
2026/8/6 1:45,0,25.9,27,94,24.9,995,2,64,4.4,13,100,-48.2,18.6,0,0,0,0,0,0,n,804,Overcast clouds,c04n,1
2026/8/6 2:00,0,25.9,27,94,24.9,995,2,62,4.4,14,100,-47.4,24,0,0,0,0,0,0,n,804,Overcast clouds,c04n,2
2026/8/6 2:15,0,25.9,27,94,24.9,995,2,64,4.4,14,100,-45.6,28.3,0,0,0,0,0,0,n,804,Overcast clouds,c04n,2
2026/8/6 2:30,0,25.9,27,94,24.9,995,2,66,4.4,15,100,-43.7,32.5,0,0,0,0,0,0,n,804,Overcast clouds,c04n,2
2026/8/6 2:45,0,25.9,27,94,24.9,995,2,68,4.4,15,100,-41.8,36.8,0,0,0,0,0,0,n,804,Overcast clouds,c04n,2
2026/8/6 3:00,0,25.9,27,94,24.9,995,2,70,4.4,16,100,-39.9,41,0,0,0,0,0,0,n,804,Overcast clouds,c04n,3
2026/8/6 3:15,0,25.8,26.9,94,24.8,995,2,71,4.4,16,98,-37.4,44.1,0,0,0,0,0,0,n,804,Overcast clouds,c04n,3
2026/8/6 3:30,0,25.8,26.9,95,24.9,995,2,72,4.4,10,96,-34.8,47.2,0,0,0,0,0,0,n,804,Overcast clouds,c04n,3
2026/8/6 3:45,0,25.7,26.8,96,25,995,2,73,4.4,10,95,-32.3,50.3,0,0,0,0,0,0,n,804,Overcast clouds,c04n,3
2026/8/6 4:00,0,25.6,26.7,96,24.9,995,2,74,4.4,10,93,-29.8,53.4,0,0,0,0,0,0,n,804,Overcast clouds,c04n,4
2026/8/6 4:15,0,25.7,26.8,96,25,995,2.1,72,4.5,12,94,-26.8,55.7,0,0,0,0,0,0,n,804,Overcast clouds,c04n,4
2026/8/6 4:30,0,25.8,26.9,95,24.9,995,2.2,69,4.6,12,95,-23.9,57.9,0,0,0,0,0,0,n,804,Overcast clouds,c04n,4
2026/8/6 4:45,0,25.8,26.9,94,24.8,995,2.3,66,4.7,13,96,-20.9,60.2,0,0,0,0,0,0,n,804,Overcast clouds,c04n,4
2026/8/6 5:00,0,25.9,27,94,24.9,995,2.4,64,4.8,14,97,-18,62.5,0,0,0,0,0,0,n,804,Overcast clouds,c04n,5
2026/8/6 5:15,0,26,27.1,94,25,995,2.4,61,4.7,14,98,-14.8,64.2,0,0,0,0,0,0,n,804,Overcast clouds,c04n,5
2026/8/6 5:30,0,26.1,27.2,94,25.1,995,2.4,58,4.6,15,98,-11.7,66,0,0,0,0,0,0,n,804,Overcast clouds,c04n,5
2026/8/6 5:45,0,26.2,27.3,94,25.2,994,2.4,55,4.5,15,99,-8.5,67.7,0,0,0,0,0,0,n,804,Overcast clouds,c04n,5
2026/8/6 6:00,0,26.3,27.4,94,25.3,994,2.4,52,4.4,16,100,-5.4,69.5,0,0,0,0,0,0,n,804,Overcast clouds,c04n,6
2026/8/6 6:15,0.47,26.3,27.4,94,25.3,994,2.4,53,4.5,16,100,-2.1,70.9,23,11,11,0,0,0,d,804,Overcast clouds,c04n,6
2026/8/6 6:30,2.49,26.3,27.4,94,25.3,995,2.4,54,4.6,6,100,1.2,72.3,45,22,23,0.6,0,0,d,804,Overcast clouds,c04n,6
2026/8/6 6:45,6.88,26.3,27.4,94,25.3,995,2.4,55,4.7,6,99,4.5,73.7,68,33,36,0.6,0,0,d,804,Overcast clouds,c04d,6
2026/8/6 7:00,15.33,26.3,27.4,94,25.3,995,2.4,56,4.8,6,99,7.8,75.2,90,44,48,0.7,0,0,d,804,Overcast clouds,c04d,7
2026/8/6 7:15,27.4,26.4,27.5,94,25.4,995,2.4,57,4.9,10,99,11.2,76.4,146,53,59,0.7,0,0,d,804,Overcast clouds,c04d,7
2026/8/6 7:30,44.63,26.5,27.6,93,25.3,995,2.4,58,5,6,98,14.6,77.7,203,61,76,0.7,0,0,d,804,Overcast clouds,c04d,7
2026/8/6 7:45,66.32,26.6,27.7,92,25.2,995,2.4,59,5.1,6,98,18,79,259,69,89,0.8,0,0,d,804,Overcast clouds,c04d,7
2026/8/6 8:00,103.04,26.7,30.1,92,25.3,995,2.4,60,5.2,9,98,21.4,80.2,316,78,102,0.9,0,0,d,804,Overcast clouds,c04d,8
2026/8/6 8:15,103.64,26.8,30.3,92,25.4,995,2.4,58,5.4,10,96,24.8,81.4,374,83,133,1,0,0,d,804,Overcast clouds,c04d,8
2026/8/6 8:30,71.24,26.9,30.5,92,25.4,996,2.4,57,5.6,10,94,28.2,82.6,433,88,170,1.1,0,0,d,804,Overcast clouds,c04d,8
2026/8/6 8:45,55.05,26.9,30.7,92,25.5,996,2.4,56,5.8,10,93,31.7,83.8,491,93,108,1.3,0,0,d,804,Overcast clouds,c04d,8
2026/8/6 9:00,65.16,27,30.9,92,25.6,996,2.4,54,6,10,91,35.1,85.1,550,98,148,1.6,0,0,d,804,Overcast clouds,c04d,9
2026/8/6 9:15,130.42,27.8,32.7,88,25.6,996,2.4,55,6.4,12,90,38.5,86.4,602,101,177,1.8,0,0,d,804,Overcast clouds,c04d,9
2026/8/6 9:30,99.95,28.5,34.1,84,25.5,996,2.4,56,6.8,13,90,42,87.7,654,104,192,2,0,0,d,804,Overcast clouds,c04d,9
2026/8/6 9:45,157.63,29.3,35.7,81,25.6,996,2.4,57,7.2,13,89,45.5,89,706,108,224,2.3,0,0,d,804,Overcast clouds,c04d,9
2026/8/6 10:00,119.54,30,36.8,77,25.5,996,2.4,58,7.6,14,88,48.9,90.4,759,111,258,2.6,0,0,d,804,Overcast clouds,c04d,10
2026/8/6 10:15,217.42,30.1,37.1,77,25.6,996,2.5,58,8.2,14,87,52.4,92.2,799,113,289,2.9,0,0,d,804,Overcast clouds,c04d,10
2026/8/6 10:30,116.69,30.2,37.4,77,25.7,996,2.6,59,8.8,14,86,55.8,94,839,115,321,3.2,0,0,d,804,Overcast clouds,c04d,10
2026/8/6 10:45,67.32,30.3,37.7,77,25.8,996,2.7,60,9.4,15,84,59.3,95.8,880,117,373,3.6,0,0,d,804,Overcast clouds,c04d,10
2026/8/6 11:00,42.85,30.4,38,77,25.9,996,2.8,60,10,15,83,62.7,97.6,920,120,408,4,0,0,d,804,Overcast clouds,c04d,11
2026/8/6 11:15,20.34,30.5,37.9,76,25.8,996,2.9,60,10.1,16,85,66.1,101.5,945,121,382,4.1,0,0,d,804,Overcast clouds,c04d,11
2026/8/6 11:30,44.69,30.6,38.1,76,25.8,996,3,60,10.2,10,87,69.4,105.5,970,122,350,4.1,0,0,d,804,Overcast clouds,c04d,11
2026/8/6 11:45,34.63,30.6,38.1,75,25.7,995,3.1,60,10.3,10,89,72.8,109.4,995,123,315,4.2,0,0,d,804,Overcast clouds,c04d,11
2026/8/6 12:00,49.72,30.7,38,74,25.5,995,3.2,60,10.4,11,91,76.1,113.3,1020,124,275,4.2,0,0,d,804,Overcast clouds,c04d,12
2026/8/6 12:15,52,31.1,38.4,72,25.4,995,3.2,60,10.1,12,92,78,133.8,1027,125,252,4.2,0.25,0,d,804,Overcast clouds,c04d,12
2026/8/6 12:30,29.04,31.5,38.8,70,25.3,995,3.2,60,9.8,10,94,79.9,154.3,1034,125,201,4.1,0.5,0,d,301,Drizzle,d02d,12
2026/8/6 12:45,14.58,31.8,39.2,68,25.2,995,3.2,60,9.5,10,96,81.8,174.7,1041,125,147,4,0.5,0,d,301,Drizzle,d02d,12
2026/8/6 13:00,42.19,32.2,39.5,66,25,994,3.2,60,9.2,10,97,83.8,195.2,1048,126,242,4,0.5,0,d,301,Drizzle,d02d,13
2026/8/6 13:15,74.57,32.1,39.3,66,25,994,3.3,61,9.1,9,97,81.1,209.4,1037,125,240,3.9,0.5,0,d,301,Drizzle,d02d,13
2026/8/6 13:30,51.05,32.1,39.5,67,25.1,994,3.4,62,9,11,98,78.5,223.6,1026,125,209,3.7,0.5,0,d,301,Drizzle,d02d,13
2026/8/6 13:45,4.08,32,39.6,68,25.3,994,3.5,63,8.9,11,98,75.8,237.8,1014,124,206,3.6,0.25,0,d,804,Overcast clouds,c04d,13
2026/8/6 14:00,3.97,31.9,39.4,68,25.2,993,3.6,64,8.8,11,98,73.2,252,1003,124,205,3.6,0,0,d,804,Overcast clouds,c04d,14
2026/8/6 14:15,4.03,32,39.3,67,25.1,993,3.6,66,8.9,11,97,69.8,255,974,122,230,3.5,0,0,d,804,Overcast clouds,c04d,14
2026/8/6 14:30,3.94,32.1,39.1,66,24.9,993,3.6,69,9,9,96,66.4,258.1,946,121,135,3.3,0,0,d,804,Overcast clouds,c04d,14
2026/8/6 14:45,26.63,32.1,39.3,66,25,993,3.6,72,9.1,9,96,63,261.2,917,119,130,3.1,0,0,d,804,Overcast clouds,c04d,14
2026/8/6 15:00,74.58,32.2,39.2,65,24.8,993,3.6,74,9.2,9,95,59.6,264.3,888,118,151,3,0,0,d,804,Overcast clouds,c04d,15
2026/8/6 15:15,22.18,32.1,39,65,24.7,993,3.5,76,8.8,9,95,56.1,265.9,845,116,144,2.8,0,0,d,804,Overcast clouds,c04d,15
2026/8/6 15:30,13.97,32.1,39.1,66,24.9,993,3.4,78,8.4,10,96,52.7,267.6,801,113,114,2.5,0,0,d,804,Overcast clouds,c04d,15
2026/8/6 15:45,42.6,32,38.9,66,24.8,993,3.3,80,8,10,96,49.2,269.2,758,111,108,2.2,0,0,d,804,Overcast clouds,c04d,15
2026/8/6 16:00,45.63,31.9,38.7,66,24.7,993,3.2,82,7.6,10,96,45.7,270.8,714,108,208,2,0,0,d,804,Overcast clouds,c04d,16
2026/8/6 16:15,45.87,31.7,38.5,67,24.8,993,3.1,83,7.5,10,96,42.3,272.1,660,105,197,1.8,0,0,d,804,Overcast clouds,c04d,16
2026/8/6 16:30,43.15,31.5,38.3,68,24.9,993,3,84,7.4,13,96,38.8,273.4,606,101,185,1.6,0,0,d,804,Overcast clouds,c04d,16
2026/8/6 16:45,85.76,31.3,37.8,68,24.7,993,2.9,85,7.3,13,96,35.4,274.7,552,97,174,1.4,0,0,d,804,Overcast clouds,c04d,16
2026/8/6 17:00,121.65,31.1,37.6,69,24.7,992,2.8,86,7.2,13,96,31.9,276,498,94,163,1.3,0,0,d,804,Overcast clouds,c04d,17
2026/8/6 17:15,104.62,30.5,36.7,72,24.8,992,2.5,86,6.8,14,96,28.5,277.2,439,88,149,1.1,0,0,d,804,Overcast clouds,c04d,17
2026/8/6 17:30,62.66,29.8,35.5,74,24.7,992,2.2,87,6.4,11,96,25.1,278.4,379,83,135,1,0,0,d,804,Overcast clouds,c04d,17
2026/8/6 17:45,61.57,29.2,34.5,77,24.7,992,1.9,88,6,11,97,21.6,279.6,320,77,112,0.9,0,0,d,804,Overcast clouds,c04d,17
2026/8/6 18:00,52.11,28.5,33.4,80,24.7,992,1.6,88,5.6,12,97,18.2,280.8,261,72,100,0.8,0,0,d,804,Overcast clouds,c04d,18
2026/8/6 18:15,27.81,28.4,33.1,80,24.6,992,1.5,92,5,12,98,14.9,282.1,208,62,79,0.7,0,0,d,804,Overcast clouds,c04d,18
2026/8/6 18:30,20.06,28.3,32.9,80,24.5,993,1.4,95,4.4,10,98,11.5,283.4,154,52,64,0.7,0,0,d,804,Overcast clouds,c04d,18
2026/8/6 18:45,12.55,28.2,32.6,80,24.4,993,1.3,98,3.8,10,99,8.1,284.6,100,42,47,0.7,0,0,d,804,Overcast clouds,c04d,18
2026/8/6 19:00,8.29,28.1,32.4,80,24.3,993,1.2,102,3.2,10,100,4.7,285.9,46,33,34,0.6,0,0,d,804,Overcast clouds,c04n,19
2026/8/6 19:15,2.53,28,32.3,81,24.5,993,1.3,106,2.9,8,100,1.5,287.4,35,24,24,0.6,0,0,d,804,Overcast clouds,c04n,19
2026/8/6 19:30,0.24,28,32.3,82,24.6,994,1.4,110,2.6,8,99,-1.8,288.9,23,16,17,0,0,0,d,804,Overcast clouds,c04n,19
2026/8/6 19:45,0.02,27.9,32.2,83,24.7,994,1.5,114,2.3,8,98,-5.1,290.4,12,8,9,0,0,0,d,804,Overcast clouds,c04n,19
2026/8/6 20:00,0,27.8,32.2,84,24.8,994,1.6,118,2,8,98,-8.4,291.8,0,0,0,0,0,0,n,804,Overcast clouds,c04n,20
2026/8/6 20:15,0,27.8,32.2,84,24.8,994,1.5,118,1.9,7,97,-11.5,293.7,0,0,0,0,0,0,n,804,Overcast clouds,c04n,20
2026/8/6 20:30,0,27.8,32.2,84,24.8,994,1.4,119,1.8,10,96,-14.6,295.5,0,0,0,0,0,0,n,804,Overcast clouds,c04n,20
2026/8/6 20:45,0,27.8,32.2,84,24.8,994,1.3,120,1.7,10,96,-17.8,297.4,0,0,0,0,0.5,0,n,301,Drizzle,d02n,20
2026/8/6 21:00,0,27.8,32.2,84,24.8,994,1.2,120,1.6,12,95,-20.9,299.2,0,0,0,0,1,0,n,500,Light rain,r01n,21
2026/8/6 21:15,0,27.7,31.9,84,24.7,994,1.1,128,1.4,12,93,-23.8,301.6,0,0,0,0,1.25,0,n,500,Light rain,r01n,21
2026/8/6 21:30,0,27.6,31.8,85,24.8,995,1,136,1.2,10,92,-26.6,304,0,0,0,0,1.5,0,n,500,Light rain,r01n,21
2026/8/6 21:45,0,27.5,31.7,86,24.9,995,0.9,144,1,10,90,-29.5,306.5,0,0,0,0,1.25,0,n,500,Light rain,r01n,21
2026/8/6 22:00,0,27.4,31.4,86,24.8,995,0.8,152,0.8,10,88,-32.4,308.9,0,0,0,0,1,0,n,500,Light rain,r01n,22
2026/8/6 22:15,0,27.3,31.1,86,24.7,995,0.8,155,0.8,12,90,-34.8,312.2,0,0,0,0,1.25,0,n,500,Light rain,r01n,22
2026/8/6 22:30,0,27.2,31,87,24.8,995,0.8,158,0.8,10,91,-37.3,315.6,0,0,0,0,1.5,0,n,500,Light rain,r01n,22
2026/8/6 22:45,0.01,27.1,30.8,88,24.9,995,0.8,161,0.8,10,92,-39.7,318.9,0,0,0,0,0.75,0,n,301,Drizzle,d02n,22
2026/8/6 23:00,0,27,30.5,88,24.8,995,0.8,164,0.8,10,94,-42.1,322.2,0,0,0,0,0,0,n,804,Overcast clouds,c04n,23
2026/8/6 23:15,0,27,30.5,88,24.8,995,0.8,165,0.8,12,94,-43.8,326.8,0,0,0,0,0,0,n,804,Overcast clouds,c04n,23
2026/8/6 23:30,0.01,27,30.6,89,25,995,0.8,166,0.8,10,94,-45.5,331.3,0,0,0,0,0,0,n,804,Overcast clouds,c04n,23
2026/8/6 23:45,0,27,30.7,90,25.2,995,0.8,167,0.8,10,93,-47.2,335.9,0,0,0,0,0,0,n,804,Overcast clouds,c04n,23
2026/8/7 0:00,0,27,30.7,90,25.2,995,0.8,168,0.8,10,93,-48.8,340.5,0,0,0,0,0,0,n,804,Overcast clouds,c04n,0
2026/8/7 0:15,0.01,26.8,30.3,91,25.2,995,0.8,173,0.9,12,93,-49.4,256,0,0,0,0,0,0,n,804,Overcast clouds,c04n,0
2026/8/7 0:30,0,26.7,27.8,92,25.2,995,0.8,178,1,13,93,-49.9,171.5,0,0,0,0,0,0,n,804,Overcast clouds,c04n,0
2026/8/7 0:45,0,26.5,27.6,93,25.2,995,0.8,183,1.1,13,93,-50.4,87.1,0,0,0,0,0,0,n,804,Overcast clouds,c04n,0
2026/8/7 1:00,0.01,26.3,27.4,94,25.3,995,0.8,188,1.2,14,93,-50.9,2.6,0,0,0,0,0,0,n,804,Overcast clouds,c04n,1
2026/8/7 1:15,0,26.3,27.4,94,25.3,995,0.8,190,1.3,14,84,-50.1,8,0,0,0,0,0,0,n,804,Overcast clouds,c04n,1
2026/8/7 1:30,0,26.3,27.4,94,25.3,995,0.8,192,1.4,15,76,-49.3,13.4,0,0,0,0,0,0,n,804,Overcast clouds,c04n,1
2026/8/7 1:45,0,26.3,27.4,94,25.3,994,0.8,194,1.5,15,67,-48.5,18.8,0,0,0,0,0,0,n,803,Broken clouds,c03n,1
2026/8/7 2:00,0,26.3,27.4,94,25.3,994,0.8,196,1.6,16,58,-47.7,24.2,0,0,0,0,0,0,n,803,Broken clouds,c03n,2
2026/8/7 2:15,0,26.3,27.4,94,25.3,994,0.7,200,1.4,16,48,-45.8,28.5,0,0,0,0,0,0,n,803,Broken clouds,c03n,2
2026/8/7 2:30,0,26.3,27.4,94,25.3,994,0.6,205,1.2,16,38,-43.9,32.7,0,0,0,0,0,0,n,802,Scattered clouds,c02n,2
2026/8/7 2:45,0,26.3,27.4,94,25.3,994,0.5,210,1,16,28,-42,37,0,0,0,0,0,0,n,802,Scattered clouds,c02n,2
2026/8/7 3:00,0,26.3,27.4,94,25.3,994,0.4,214,0.8,16,18,-40.1,41.3,0,0,0,0,0,0,n,801,Few clouds,c02n,3
2026/8/7 3:15,0,26.2,27.3,94,25.2,994,0.4,234,0.8,16,17,-37.6,44.4,0,0,0,0,0,0,n,801,Few clouds,c02n,3
2026/8/7 3:30,0,26.1,27.2,95,25.2,994,0.4,255,0.8,10,16,-35,47.5,0,0,0,0,0,0,n,801,Few clouds,c02n,3
2026/8/7 3:45,0,26,27.2,96,25.3,994,0.4,276,0.8,10,16,-32.5,50.6,0,0,0,0,0,0,n,801,Few clouds,c02n,3
2026/8/7 4:00,0,25.9,27.1,96,25.2,994,0.4,296,0.8,10,15,-29.9,53.7,0,0,0,0,0,0,n,801,Few clouds,c02n,4
2026/8/7 4:15,0,25.8,27,96,25.1,994,0.4,301,0.9,12,21,-27,55.9,0,0,0,0,0,0,n,802,Scattered clouds,c02n,4
2026/8/7 4:30,0,25.8,26.9,97,25.2,994,0.4,306,1,13,26,-24,58.2,0,0,0,0,0,0,n,741,Fog,a05n,4
2026/8/7 4:45,0,25.7,26.9,98,25.3,993,0.4,311,1.1,13,32,-21.1,60.5,0,0,0,0,0,0,n,741,Fog,a05n,4
2026/8/7 5:00,0,25.6,26.8,98,25.3,993,0.4,316,1.2,14,38,-18.1,62.8,0,0,0,0,0,0,n,741,Fog,a05n,5
2026/8/7 5:15,0,25.8,27,98,25.4,993,0.6,324,1.3,14,47,-15,64.5,0,0,0,0,0,0,n,741,Fog,a05n,5
2026/8/7 5:30,0,26,27.1,97,25.4,994,0.8,332,1.4,10,56,-11.8,66.2,0,0,0,0,0,0,n,741,Fog,a05n,5
2026/8/7 5:45,0,26.1,27.3,96,25.4,994,1,340,1.5,10,66,-8.6,68,0,0,0,0,0,0,n,803,Broken clouds,c03n,5
2026/8/7 6:00,0.01,26.3,27.5,96,25.6,994,1.2,348,1.6,10,75,-5.5,69.7,0,0,0,0,0,0,n,804,Overcast clouds,c04n,6
2026/8/7 6:15,0.46,26.5,27.7,95,25.6,994,1.2,348,1.8,12,75,-2.1,71.2,22,11,13,0,0,0,d,804,Overcast clouds,c04n,6
2026/8/7 6:30,2.77,26.7,27.8,94,25.6,994,1.2,348,2,13,74,1.2,72.6,44,22,26,1,0,0,d,804,Overcast clouds,c04n,6
2026/8/7 6:45,7.88,26.8,30.5,93,25.6,994,1.2,348,2.2,13,74,4.5,74,67,33,40,1,0,0,d,804,Overcast clouds,c04d,6
2026/8/7 7:00,15.22,27,30.9,92,25.6,994,1.2,348,2.4,14,74,7.8,75.5,89,44,53,1,0,0,d,804,Overcast clouds,c04d,7
2026/8/7 7:15,25.79,27.1,31.1,91,25.5,994,1.2,348,2.6,14,64,11.1,76.7,145,52,105,1.2,0,0,d,803,Broken clouds,c03d,7
2026/8/7 7:30,39.52,27.2,31.3,90,25.4,994,1.2,348,2.8,10,54,14.5,78,202,61,164,1.4,0,0,d,803,Broken clouds,c03d,7
2026/8/7 7:45,52.75,27.3,31.5,89,25.3,994,1.2,348,3,10,44,17.9,79.2,258,69,224,1.7,0,0,d,803,Broken clouds,c03d,7
2026/8/7 8:00,40.76,27.4,31.6,88,25.2,994,1.2,348,3.2,10,34,21.3,80.5,315,77,284,2,0,0,d,802,Scattered clouds,c02d,8
2026/8/7 8:15,83.21,27.5,31.9,88,25.3,994,1.2,348,3.4,12,29,24.7,81.7,374,82,340,2.3,0,0,d,802,Scattered clouds,c02d,8
2026/8/7 8:30,97.81,27.6,32.1,87,25.2,995,1.2,348,3.6,13,24,28.2,82.9,432,88,396,2.7,0,0,d,802,Scattered clouds,c02d,8
2026/8/7 8:45,113.37,27.7,32.2,86,25.1,995,1.2,348,3.8,13,20,31.6,84.2,491,93,452,3.2,0,0,d,801,Few clouds,c02d,8
2026/8/7 9:00,127.63,27.8,32.5,86,25.2,995,1.2,348,4,14,15,35,85.4,549,98,507,3.7,0,0,d,801,Few clouds,c02d,9
2026/8/7 9:15,118.2,28.8,34.7,82,25.4,995,1.3,261,4.6,14,13,38.5,86.7,602,101,555,4.3,0,0,d,801,Few clouds,c02d,9
2026/8/7 9:30,120.78,29.9,36.7,78,25.6,995,1.4,174,5.2,16,10,42,88.1,654,104,603,4.9,0,0,d,801,Few clouds,c02d,9
2026/8/7 9:45,122.52,30.9,38.8,75,25.9,995,1.5,87,5.8,16,8,45.4,89.4,706,108,650,5.6,0,0,d,801,Few clouds,c02d,9
2026/8/7 10:00,11.96,31.9,40.5,71,26,995,1.6,0,6.4,16,6,48.9,90.8,758,111,698,6.3,0,0,d,801,Few clouds,c02d,10
2026/8/7 10:15,3.94,32,40.3,70,25.8,995,1.9,4,6.5,16,14,52.3,92.6,799,113,736,6.6,0,0,d,801,Few clouds,c02d,10
2026/8/7 10:30,3.93,32.1,40.6,70,25.9,995,2.2,9,6.6,10,23,55.8,94.5,839,115,768,6.7,0,0,d,802,Scattered clouds,c02d,10
2026/8/7 10:45,3.9,32.1,40.8,70,26,995,2.5,14,6.7,10,32,59.2,96.4,880,117,794,6.7,0,0,d,802,Scattered clouds,c02d,10
2026/8/7 11:00,156.18,32.2,40.6,69,25.8,995,2.8,18,6.8,12,40,62.7,98.2,920,120,811,6.7,0,0,d,802,Scattered clouds,c02d,11
2026/8/7 11:15,137.26,32.1,40.8,70,26,995,2.9,23,6.8,12,40,66,102.3,945,121,833,7.1,0,0,d,802,Scattered clouds,c02d,11
2026/8/7 11:30,73.89,32.1,40.6,70,25.9,995,3,28,6.8,10,40,69.3,106.3,970,122,855,7.5,0,0,d,802,Scattered clouds,c02d,11
2026/8/7 11:45,46.17,32,40.3,70,25.8,995,3.1,33,6.8,10,40,72.7,110.4,995,123,877,7.9,0.25,0,d,802,Scattered clouds,c02d,11
2026/8/7 12:00,4.3,31.9,40.5,71,26,994,3.2,38,6.8,10,40,76,114.4,1019,124,898,8.2,0.5,0,d,301,Drizzle,d02d,12
2026/8/7 12:15,3.94,32.4,41.1,69,25.9,994,3.1,40,7,12,37,77.9,134.5,1027,125,915,8.6,0.5,0,d,301,Drizzle,d02d,12
2026/8/7 12:30,3.93,32.8,42,68,26.1,994,3,41,7.2,13,34,79.7,154.6,1034,125,928,8.9,0.5,0,d,301,Drizzle,d02d,12
2026/8/7 12:45,3.96,33.3,42.5,66,26,994,2.9,42,7.4,13,31,81.6,174.7,1041,125,941,9.3,0.75,0,d,301,Drizzle,d02d,12
2026/8/7 13:00,59.21,33.7,43,64,25.9,994,2.8,44,7.6,13,28,83.5,194.9,1048,126,953,9.6,1,0,d,500,Light rain,r01d,13
2026/8/7 13:15,49.64,33.8,43.3,64,26,994,2.8,46,7.8,10,28,80.9,208.9,1036,125,942,9.5,1,0,d,500,Light rain,r01d,13
2026/8/7 13:30,59.18,33.9,43.6,64,26.1,994,2.8,47,8,10,28,78.2,223,1025,125,931,9.3,1,0,d,500,Light rain,r01d,13
2026/8/7 13:45,3.96,34,43.5,63,25.9,994,2.8,48,8.2,10,27,75.6,237.1,1014,124,924,9.1,0.75,0,d,301,Drizzle,d02d,13
2026/8/7 14:00,3.89,34.1,43.8,63,26,993,2.8,50,8.4,12,27,73,251.1,1002,124,912,8.9,0.5,0,d,301,Drizzle,d02d,14
2026/8/7 14:15,3.97,34.2,43.5,62,25.8,993,2.7,50,8.1,12,27,69.6,254.3,974,122,888,8.5,0.25,0,d,802,Scattered clouds,c02d,14
2026/8/7 14:30,17.2,34.3,43.8,62,25.9,993,2.6,49,7.8,10,27,66.2,257.5,945,121,861,8,0,0,d,802,Scattered clouds,c02d,14
2026/8/7 14:45,12.13,34.3,43.5,61,25.7,993,2.5,48,7.5,10,27,62.9,260.6,916,119,835,7.6,0,0,d,802,Scattered clouds,c02d,14
2026/8/7 15:00,4.08,34.4,43.3,60,25.5,992,2.4,48,7.2,10,27,59.5,263.8,887,118,810,7.1,0,0,d,802,Scattered clouds,c02d,15
2026/8/7 15:15,4.27,34.2,43.2,61,25.6,992,2.2,46,7,12,25,56,265.4,844,116,772,6.6,0,0,d,802,Scattered clouds,c02d,15
2026/8/7 15:30,4.02,34.1,43.2,62,25.7,992,2,45,6.8,13,24,52.6,267.1,800,113,732,6.1,0,0,d,802,Scattered clouds,c02d,15
2026/8/7 15:45,3.89,33.9,42.7,62,25.6,992,1.8,44,6.6,13,22,49.1,268.8,757,111,695,5.6,0,0,d,802,Scattered clouds,c02d,15
2026/8/7 16:00,3.88,33.7,42.6,63,25.7,992,1.6,42,6.4,13,20,45.6,270.5,713,108,655,5.2,0,0,d,801,Few clouds,c02d,16
2026/8/7 16:15,3.99,33.6,42.7,64,25.8,992,1.5,43,6.2,14,20,42.2,271.8,659,105,605,4.6,0,0,d,801,Few clouds,c02d,16
2026/8/7 16:30,3.95,33.5,42.4,64,25.7,992,1.4,44,6,10,21,38.7,273.1,604,101,554,4,0,0,d,802,Scattered clouds,c02d,16
2026/8/7 16:45,4.01,33.4,42.1,64,25.6,992,1.3,45,5.8,10,22,35.3,274.4,550,97,505,3.6,0,0,d,802,Scattered clouds,c02d,16
2026/8/7 17:00,3.93,33.3,42.3,65,25.8,991,1.2,46,5.6,12,22,31.8,275.7,496,94,455,3.2,0,0,d,802,Scattered clouds,c02d,17
2026/8/7 17:15,41.55,32.5,41.4,69,26,992,1.2,55,5.5,12,36,28.4,276.9,437,88,390,2.5,0,0,d,802,Scattered clouds,c02d,17
2026/8/7 17:30,47.15,31.7,40.5,73,26.2,992,1.2,64,5.4,13,50,25,278.1,378,82,315,1.9,0,0,d,803,Broken clouds,c03d,17
2026/8/7 17:45,32.08,30.8,39.3,77,26.3,992,1.2,73,5.3,13,65,21.5,279.3,319,77,227,1.5,0,0,d,803,Broken clouds,c03d,17
2026/8/7 18:00,24.98,30,38,81,26.4,992,1.2,82,5.2,14,79,18.1,280.5,259,71,133,1.1,0,0,d,804,Overcast clouds,c04d,18
2026/8/7 18:15,19.77,29.7,37.1,81,26.1,992,1.2,80,5.2,14,78,14.7,281.8,206,61,110,1,0,0,d,804,Overcast clouds,c04d,18
2026/8/7 18:30,0.02,29.5,36,80,25.6,992,1.2,78,5.2,14,77,11.4,283.1,152,52,84,1,0,0,d,804,Overcast clouds,c04d,18
2026/8/7 18:45,0,29.2,35.2,80,25.4,992,1.2,76,5.2,15,76,8,284.4,98,42,56,1,0,0,d,804,Overcast clouds,c04d,18
2026/8/7 19:00,0,28.9,34.5,80,25.1,992,1.2,74,5.2,16,75,4.6,285.7,44,32,57,1,0,0,d,804,Overcast clouds,c04n,19
2026/8/7 19:15,0,28.9,34.5,80,25.1,992,1.1,76,4.8,16,76,1.3,287.2,33,24,42,1,0,0,d,804,Overcast clouds,c04n,19
2026/8/7 19:30,0.01,28.9,34.5,80,25.1,993,1,79,4.4,10,78,-2,288.6,22,16,27,0,0,0,d,804,Overcast clouds,c04n,19
2026/8/7 19:45,0,28.9,34.5,80,25.1,993,0.9,82,4,10,79,-5.2,290.1,11,8,14,0,0,0,d,804,Overcast clouds,c04n,19
2026/8/7 20:00,0,28.9,34.5,80,25.1,993,0.8,84,3.6,10,80,-8.5,291.6,0,0,0,0,0,0,n,804,Overcast clouds,c04n,20
2026/8/7 20:15,0,29,34.7,80,25.2,993,0.8,87,3.1,12,82,-11.7,293.4,0,0,0,0,0,0,n,804,Overcast clouds,c04n,20
2026/8/7 20:30,0,29.1,35,80,25.3,994,0.8,90,2.6,10,84,-14.8,295.3,0,0,0,0,0,0,n,804,Overcast clouds,c04n,20
2026/8/7 20:45,0,29.2,35.1,79,25.2,994,0.8,93,2.1,10,85,-17.9,297.1,0,0,0,0,0.25,0,n,804,Overcast clouds,c04n,20
2026/8/7 21:00,0,29.3,35.4,79,25.3,994,0.8,96,1.6,10,87,-21.1,299,0,0,0,0,0.5,0,n,301,Drizzle,d02n,21
2026/8/7 21:15,0,29,34.7,80,25.2,994,0.7,123,1.5,12,78,-23.9,301.4,0,0,0,0,0.5,0,n,301,Drizzle,d02n,21
2026/8/7 21:30,0,28.7,34.3,82,25.3,994,0.6,150,1.4,13,70,-26.8,303.8,0,0,0,0,0.5,0,n,231,Thunderstorm with drizzle,t04n,21
2026/8/7 21:45,0,28.4,33.7,83,25.2,994,0.5,177,1.3,13,62,-29.7,306.2,0,0,0,0,0.25,0,n,803,Broken clouds,c03n,21
2026/8/7 22:00,0,28.1,33,84,25.1,994,0.4,204,1.2,14,53,-32.6,308.7,0,0,0,0,0,0,n,803,Broken clouds,c03n,22
2026/8/7 22:15,0,27.8,32.6,86,25.3,994,0.5,230,1.1,14,44,-35,312,0,0,0,0,0,0,n,803,Broken clouds,c03n,22
2026/8/7 22:30,0,27.6,31.9,87,25.2,995,0.6,255,1,10,36,-37.5,315.3,0,0,0,0,0,0,n,802,Scattered clouds,c02n,22
2026/8/7 22:45,0,27.3,31.3,88,25.1,995,0.7,280,0.9,10,27,-39.9,318.7,0,0,0,0,0,0,n,802,Scattered clouds,c02n,22
2026/8/7 23:00,0,27,30.7,90,25.2,995,0.8,306,0.8,10,18,-42.4,322,0,0,0,0,0,0,n,801,Few clouds,c02n,23
2026/8/7 23:15,0,27,30.7,90,25.2,995,0.8,306,1,12,20,-44.1,326.6,0,0,0,0,0,0,n,801,Few clouds,c02n,23
2026/8/7 23:30,0.01,27,30.8,91,25.4,995,0.8,305,1.2,13,22,-45.7,331.2,0,0,0,0,0,0,n,802,Scattered clouds,c02n,23
2026/8/7 23:45,0,27,30.9,92,25.6,995,0.8,304,1.4,13,23,-47.4,335.8,0,0,0,0,0,0,n,802,Scattered clouds,c02n,23
2026/8/8 0:00,0,27,30.9,92,25.6,995,0.8,304,1.6,13,25,-49.1,340.4,0,0,0,0,0,0,n,802,Scattered clouds,c02n,0
2026/8/8 0:15,0.01,26.9,30.7,92,25.5,995,0.9,306,1.8,14,24,-49.6,255.9,0,0,0,0,0,0,n,802,Scattered clouds,c02n,0
2026/8/8 0:30,0,26.9,30.6,93,25.6,995,1,307,2,14,22,-50.2,171.5,0,0,0,0,0,0,n,802,Scattered clouds,c02n,0
2026/8/8 0:45,0,26.8,30.5,94,25.7,994,1.1,308,2.2,15,20,-50.7,87.1,0,0,0,0,0,0,n,801,Few clouds,c02n,0
2026/8/8 1:00,0,26.7,30.2,94,25.7,994,1.2,310,2.4,16,19,-51.2,2.7,0,0,0,0,0,0,n,801,Few clouds,c02n,1
2026/8/8 1:15,0,26.7,30.2,94,25.7,994,1.4,310,2.6,16,19,-50.4,8.1,0,0,0,0,0,0,n,801,Few clouds,c02n,1
2026/8/8 1:30,0,26.7,30.2,94,25.7,994,1.6,309,2.8,10,18,-49.6,13.6,0,0,0,0,0,0,n,801,Few clouds,c02n,1
2026/8/8 1:45,0,26.7,30.2,94,25.7,994,1.8,308,3,10,18,-48.7,19,0,0,0,0,0,0,n,801,Few clouds,c02n,1
2026/8/8 2:00,0,26.7,30.2,94,25.7,994,2,308,3.2,10,18,-47.9,24.4,0,0,0,0,0,0,n,801,Few clouds,c02n,2
2026/8/8 2:15,0,26.7,30.2,94,25.7,994,2,306,3.4,12,18,-46,28.7,0,0,0,0,0,0,n,801,Few clouds,c02n,2
2026/8/8 2:30,0,26.7,30.2,94,25.7,994,2,305,3.6,8,19,-44.1,33,0,0,0,0,0,0,n,801,Few clouds,c02n,2
2026/8/8 2:45,0,26.7,30.2,94,25.7,993,2,304,3.8,8,20,-42.2,37.3,0,0,0,0,0,0,n,801,Few clouds,c02n,2
2026/8/8 3:00,0,26.7,30.2,94,25.7,993,2,302,4,8,20,-40.3,41.6,0,0,0,0,0,0,n,801,Few clouds,c02n,3
2026/8/8 3:15,0,26.6,27.8,94,25.6,993,2,300,4,11,20,-37.8,44.7,0,0,0,0,0,0,n,801,Few clouds,c02n,3
2026/8/8 3:30,0,26.5,27.7,94,25.5,993,2,297,4,8,19,-35.2,47.8,0,0,0,0,0,0,n,801,Few clouds,c02n,3
2026/8/8 3:45,0,26.4,27.5,94,25.4,993,2,294,4,8,18,-32.6,50.9,0,0,0,0,0,0,n,801,Few clouds,c02n,3
2026/8/8 4:00,0,26.3,27.4,94,25.3,993,2,292,4,8,18,-30.1,54,0,0,0,0,0,0,n,801,Few clouds,c02n,4
2026/8/8 4:15,0,26.3,27.4,94,25.3,993,2,289,3.9,11,18,-27.1,56.2,0,0,0,0,0,0,n,801,Few clouds,c02n,4
2026/8/8 4:30,0,26.3,27.5,95,25.4,993,2,286,3.8,16,19,-24.2,58.5,0,0,0,0,0,0,n,801,Few clouds,c02n,4
2026/8/8 4:45,0,26.3,27.5,96,25.6,993,2,283,3.7,16,20,-21.2,60.8,0,0,0,0,0,0,n,801,Few clouds,c02n,4
2026/8/8 5:00,0,26.3,27.5,96,25.6,993,2,280,3.6,16,20,-18.2,63,0,0,0,0,0,0,n,801,Few clouds,c02n,5
2026/8/8 5:15,0,26.6,27.8,95,25.7,993,1.9,280,3.5,8,22,-15.1,64.8,0,0,0,0,0,0,n,802,Scattered clouds,c02n,5
2026/8/8 5:30,0,26.9,30.7,94,25.8,993,1.8,280,3.4,8,24,-11.9,66.5,0,0,0,0,0,0,n,802,Scattered clouds,c02n,5
2026/8/8 5:45,0,27.1,31.4,93,25.9,993,1.7,280,3.3,8,26,-8.7,68.2,0,0,0,0,0,0,n,802,Scattered clouds,c02n,5
2026/8/8 6:00,0.01,27.4,32.2,92,26,993,1.6,280,3.2,8,28,-5.5,70,0,0,0,0,0,0,n,802,Scattered clouds,c02n,6
2026/8/8 6:15,0,27.4,32.2,92,26,993,1.6,282,3.2,11,29,-2.2,71.4,22,11,20,0,0,0,d,802,Scattered clouds,c02n,6
2026/8/8 6:30,2.18,27.4,32.2,92,26,994,1.6,283,3.2,6,30,1.1,72.9,44,22,40,1.6,0,0,d,802,Scattered clouds,c02n,6
2026/8/8 6:45,5.91,27.4,32.2,92,26,994,1.6,284,3.2,6,32,4.4,74.3,66,33,60,1.6,0,0,d,802,Scattered clouds,c02d,6
2026/8/8 7:00,18.69,27.4,32.2,92,26,994,1.6,286,3.2,9,33,7.7,75.7,88,44,79,1.6,0,0,d,802,Scattered clouds,c02d,7
2026/8/8 7:15,28.45,27.4,32.2,92,26,994,1.6,292,3.4,10,30,11.1,77,144,52,130,1.7,0,0,d,802,Scattered clouds,c02d,7
2026/8/8 7:30,41.63,27.4,32.2,92,26,994,1.6,299,3.6,4,28,14.5,78.3,201,61,183,1.8,0,0,d,802,Scattered clouds,c02d,7
2026/8/8 7:45,52.9,27.4,32.2,92,26,994,1.6,306,3.8,4,26,17.9,79.5,257,69,234,2,0,0,d,802,Scattered clouds,c02d,7
2026/8/8 8:00,69,27.4,32.2,92,26,994,1.6,312,4,4,23,21.2,80.8,314,77,287,2.2,0,0,d,802,Scattered clouds,c02d,8
2026/8/8 8:15,82.15,27.5,32.5,92,26.1,994,1.7,316,4.3,5,21,24.7,82,373,82,342,2.5,0,0,d,802,Scattered clouds,c02d,8
2026/8/8 8:30,98.76,27.6,32.7,91,26,994,1.8,321,4.6,5,20,28.1,83.3,431,87,395,2.8,0,0,d,801,Few clouds,c02d,8
2026/8/8 8:45,115.86,27.7,32.8,90,25.9,994,1.9,326,4.9,5,18,31.5,84.5,490,92,450,3.2,0,0,d,801,Few clouds,c02d,8
2026/8/8 9:00,40.2,27.8,33.1,90,26,994,2,330,5.2,5,16,35,85.7,549,98,504,3.7,0,0,d,801,Few clouds,c02d,9
2026/8/8 9:15,119.4,28.9,35.8,86,26.3,994,2.1,334,5.5,9,16,38.4,87.1,601,101,551,4.2,0,0,d,801,Few clouds,c02d,9
2026/8/8 9:30,119.3,30,38.2,82,26.6,995,2.2,337,5.8,10,16,41.9,88.5,653,104,598,4.7,0,0,d,801,Few clouds,c02d,9
2026/8/8 9:45,10.67,31.1,40.2,77,26.6,995,2.3,340,6.1,10,17,45.4,89.8,706,108,647,5.2,0,0,d,801,Few clouds,c02d,9
2026/8/8 10:00,3.86,32.2,42.2,73,26.7,995,2.4,344,6.4,12,17,48.8,91.2,758,111,694,5.8,0,0,d,801,Few clouds,c02d,10
2026/8/8 10:15,3.83,32.3,42.1,72,26.6,995,2.5,346,6.7,12,17,52.3,93.1,798,113,731,6.4,0,0,d,801,Few clouds,c02d,10
2026/8/8 10:30,3.82,32.4,42.4,72,26.7,995,2.6,349,7,10,18,55.7,95,839,115,768,6.9,0,0,d,801,Few clouds,c02d,10
2026/8/8 10:45,3.81,32.5,42.3,71,26.6,995,2.7,352,7.3,10,18,59.2,96.9,879,117,805,7.5,0,0,d,801,Few clouds,c02d,10
2026/8/8 11:00,226.16,32.6,42.2,70,26.4,995,2.8,354,7.6,10,18,62.6,98.8,920,120,843,8.1,0,0,d,801,Few clouds,c02d,11
2026/8/8 11:15,2.66,32.7,42.5,70,26.5,995,2.8,266,7.7,10,18,65.9,103,945,121,866,8.6,0,0,d,801,Few clouds,c02d,11
2026/8/8 11:30,2.66,32.8,42.8,70,26.6,995,2.8,179,7.8,10,18,69.3,107.1,969,122,887,9.1,0,0,d,801,Few clouds,c02d,11
2026/8/8 11:45,2.97,32.9,43.2,70,26.7,995,2.8,92,7.9,10,19,72.6,111.3,994,123,909,9.4,0,0,d,801,Few clouds,c02d,11
2026/8/8 12:00,2.66,33,43.5,70,26.8,994,2.8,4,8,10,19,75.9,115.5,1019,124,931,9.8,0,0,d,801,Few clouds,c02d,12
2026/8/8 12:15,2.6,33.5,44,68,26.7,994,2.8,5,8,12,18,77.7,135.2,1026,125,939,10.1,0,0,d,801,Few clouds,c02d,12
2026/8/8 12:30,2.65,33.9,44.5,66,26.6,994,2.8,6,8,10,17,79.5,155,1033,125,946,10.3,0,0,d,801,Few clouds,c02d,12
2026/8/8 12:45,2.59,34.4,44.5,63,26.3,994,2.8,7,8,10,16,81.4,174.8,1040,125,955,10.5,0,0,d,801,Few clouds,c02d,12
2026/8/8 13:00,2.66,34.8,44.9,61,26.2,994,2.8,8,8,10,15,83.2,194.5,1047,126,962,10.7,0,0,d,801,Few clouds,c02d,13
2026/8/8 13:15,2.65,34.9,44.8,60,26,994,2.8,7,7.9,12,20,80.6,208.5,1036,125,951,10.1,0.25,0,d,801,Few clouds,c02d,13
2026/8/8 13:30,2.59,35,45.1,60,26.1,993,2.8,6,7.8,10,24,78,222.4,1025,125,937,9.6,0.5,0,d,301,Drizzle,d02d,13
2026/8/8 13:45,2.65,35.1,45.3,60,26.2,993,2.8,5,7.7,10,29,75.4,236.3,1013,124,919,9,0.25,0,d,802,Scattered clouds,c02d,13
2026/8/8 14:00,226.45,35.2,45.2,59,26,992,2.8,4,7.6,10,34,72.9,250.3,1002,124,900,8.4,0,0,d,802,Scattered clouds,c02d,14
2026/8/8 14:15,101.11,35.2,45.2,59,26,992,2.8,92,7.6,12,35,69.5,253.5,973,122,872,7.9,0,0,d,802,Scattered clouds,c02d,14
2026/8/8 14:30,99.14,35.2,45.2,59,26,992,2.8,179,7.6,12,36,66.1,256.8,944,121,843,7.4,0,0,d,802,Scattered clouds,c02d,14
2026/8/8 14:45,66.48,35.2,45.2,59,26,992,2.8,266,7.6,13,36,62.7,260,915,119,817,7,0,0,d,802,Scattered clouds,c02d,14
2026/8/8 15:00,0.04,35.2,45.2,59,26,992,2.8,354,7.6,13,37,59.4,263.3,887,118,790,6.5,0,0,d,802,Scattered clouds,c02d,15
2026/8/8 15:15,63.68,34.8,44.5,60,25.9,992,2.8,352,7.4,14,40,55.9,265,843,116,743,5.8,0,0,d,802,Scattered clouds,c02d,15
2026/8/8 15:30,4.55,34.5,44.4,62,26.1,992,2.8,350,7.2,10,42,52.4,266.7,799,113,698,5.2,0,0,d,803,Broken clouds,c03d,15
2026/8/8 15:45,45.59,34.1,43.7,63,26,992,2.8,348,7,10,44,49,268.4,755,111,654,4.6,0,0,d,803,Broken clouds,c03d,15
2026/8/8 16:00,32.07,33.7,43,64,25.9,991,2.8,346,6.8,10,47,45.5,270.1,712,108,607,4,0,0,d,803,Broken clouds,c03d,16
2026/8/8 16:15,37.15,33.2,42.2,66,25.9,991,2.6,344,6.2,12,50,42.1,271.4,657,105,549,3.5,0.25,0,d,803,Broken clouds,c03d,16
2026/8/8 16:30,41.83,32.6,41.4,68,25.9,991,2.4,343,5.6,10,54,38.6,272.7,603,101,489,3,0.5,0,d,301,Drizzle,d02d,16
2026/8/8 16:45,99.42,32.1,40.2,69,25.6,991,2.2,342,5,10,57,35.2,274,549,97,433,2.5,0.25,0,d,803,Broken clouds,c03d,16
2026/8/8 17:00,118.31,31.5,39.3,71,25.6,990,2,340,4.4,10,60,31.7,275.3,494,93,378,2.2,0,0,d,803,Broken clouds,c03d,17
2026/8/8 17:15,24.96,31.2,38.9,72,25.6,991,1.8,314,4.1,12,62,28.3,276.6,435,88,324,1.9,0,0,d,803,Broken clouds,c03d,17
2026/8/8 17:30,29.47,31,38.7,74,25.8,991,1.6,289,3.8,13,64,24.8,277.8,376,82,272,1.6,0,0,d,803,Broken clouds,c03d,17
2026/8/8 17:45,28.28,30.7,38.5,76,26,991,1.4,264,3.5,13,65,21.4,279,317,77,226,1.4,0,0,d,803,Broken clouds,c03d,17
2026/8/8 18:00,39.22,30.4,38,77,25.9,991,1.2,238,3.2,13,67,18,280.3,257,71,177,1.3,0,0,d,803,Broken clouds,c03d,18
2026/8/8 18:15,22.07,30.4,38.3,78,26.1,991,1.1,244,2.7,14,67,14.6,281.5,204,61,141,1.2,0,0,d,803,Broken clouds,c03d,18
2026/8/8 18:30,20.59,30.4,38.6,79,26.3,991,1,251,2.2,10,66,11.2,282.8,150,51,105,1.2,0,0,d,803,Broken clouds,c03d,18
2026/8/8 18:45,4.03,30.4,38.9,80,26.6,991,0.9,258,1.7,10,66,7.8,284.1,96,41,67,1.1,0,0,d,803,Broken clouds,c03d,18
2026/8/8 19:00,4,30.4,39.2,81,26.8,991,0.8,264,1.2,10,66,4.5,285.4,43,31,60,1.1,0,0,d,803,Broken clouds,c03n,19
2026/8/8 19:15,3.84,30.2,38.9,82,26.8,991,1,269,1.3,12,69,1.2,286.9,32,24,45,1.1,0,0,d,803,Broken clouds,c03n,19
2026/8/8 19:30,0.95,30,38.2,82,26.6,991,1.2,274,1.4,13,72,-2.1,288.4,21,16,29,0,0,0,d,804,Overcast clouds,c04n,19
2026/8/8 19:45,0.02,29.8,37.9,83,26.6,991,1.4,279,1.5,13,74,-5.4,289.9,11,8,14,0,0,0,d,804,Overcast clouds,c04n,19
2026/8/8 20:00,0.01,29.6,37.5,84,26.6,991,1.6,284,1.6,13,77,-8.7,291.4,0,0,0,0,0,0,n,804,Overcast clouds,c04n,20
2026/8/8 20:15,0,29.5,37.3,84,26.5,991,1.6,289,1.7,14,77,-11.8,293.2,0,0,0,0,0,0,n,804,Overcast clouds,c04n,20
2026/8/8 20:30,0,29.5,37.3,85,26.7,992,1.6,294,1.8,15,76,-15,295,0,0,0,0,0,0,n,804,Overcast clouds,c04n,20
2026/8/8 20:45,0,29.4,37.3,86,26.8,992,1.6,299,1.9,15,76,-18.1,296.9,0,0,0,0,0,0,n,804,Overcast clouds,c04n,20
2026/8/8 21:00,0.01,29.3,37.1,86,26.7,992,1.6,304,2,16,76,-21.2,298.7,0,0,0,0,0,0,n,804,Overcast clouds,c04n,21
2026/8/8 21:15,0.01,29.3,37.1,86,26.7,992,1.6,302,2.1,16,76,-24.1,301.1,0,0,0,0,0,0,n,804,Overcast clouds,c04n,21
2026/8/8 21:30,0,29.3,37.1,86,26.7,993,1.6,301,2.2,10,75,-27,303.6,0,0,0,0,0,0,n,804,Overcast clouds,c04n,21
2026/8/8 21:45,0,29.3,37.1,86,26.7,993,1.6,300,2.3,10,74,-29.9,306,0,0,0,0,0,0,n,804,Overcast clouds,c04n,21
2026/8/8 22:00,0,29.3,37.1,86,26.7,993,1.6,298,2.4,10,74,-32.8,308.4,0,0,0,0,0,0,n,804,Overcast clouds,c04n,22
2026/8/8 22:15,0,29.1,36.7,87,26.7,993,1.5,297,2.5,12,70,-35.3,311.8,0,0,0,0,0,0,n,803,Broken clouds,c03n,22
2026/8/8 22:30,0,28.9,36.3,88,26.7,993,1.4,296,2.6,10,65,-37.7,315.1,0,0,0,0,0,0,n,803,Broken clouds,c03n,22
2026/8/8 22:45,0,28.7,35.8,89,26.7,993,1.3,295,2.7,10,60,-40.2,318.5,0,0,0,0,0,0,n,803,Broken clouds,c03n,22
2026/8/8 23:00,0,28.5,35.4,90,26.7,993,1.2,294,2.8,10,56,-42.6,321.8,0,0,0,0,0,0,n,803,Broken clouds,c03n,23
2026/8/8 23:15,0,28.5,35.4,90,26.7,993,1.3,292,2.8,12,56,-44.3,326.4,0,0,0,0,0,0,n,803,Broken clouds,c03n,23
2026/8/8 23:30,0,28.5,35.2,89,26.5,993,1.4,291,2.8,13,55,-46,331,0,0,0,0,0,0,n,803,Broken clouds,c03n,23
2026/8/8 23:45,0,28.5,35,88,26.3,993,1.5,290,2.8,13,54,-47.7,335.6,0,0,0,0,0,0,n,803,Broken clouds,c03n,23
2026/8/9 0:00,0,28.5,35,88,26.3,993,1.6,288,2.8,14,54,-49.4,340.3,0,0,0,0,0,0,n,803,Broken clouds,c03n,0
2026/8/9 0:15,0,28.3,34.6,89,26.3,993,1.6,287,2.9,14,56,-49.9,255.9,0,0,0,0,0,0,n,803,Broken clouds,c03n,0
2026/8/9 0:30,0,28.2,34.2,90,26.4,993,1.6,286,3,15,59,-50.4,171.5,0,0,0,0,0,0,n,803,Broken clouds,c03n,0
2026/8/9 0:45,0,28,33.8,91,26.4,993,1.6,285,3.1,15,62,-51,87.1,0,0,0,0,0,0,n,803,Broken clouds,c03n,0
2026/8/9 1:00,0,27.8,33.4,92,26.4,993,1.6,284,3.2,16,64,-51.5,2.8,0,0,0,0,0,0,n,803,Broken clouds,c03n,1
2026/8/9 1:15,0,27.8,33.4,92,26.4,993,1.6,282,3.3,16,68,-50.7,8.2,0,0,0,0,0,0,n,803,Broken clouds,c03n,1
2026/8/9 1:30,0,27.8,33.4,92,26.4,993,1.6,281,3.4,10,72,-49.8,13.7,0,0,0,0,0,0,n,804,Overcast clouds,c04n,1
2026/8/9 1:45,0,27.8,33.4,92,26.4,993,1.6,280,3.5,10,76,-49,19.2,0,0,0,0,0,0,n,804,Overcast clouds,c04n,1
2026/8/9 2:00,0,27.8,33.4,92,26.4,993,1.6,278,3.6,10,80,-48.2,24.6,0,0,0,0,0,0,n,804,Overcast clouds,c04n,2
2026/8/9 2:15,0,27.7,33.1,92,26.3,993,1.6,276,3.4,12,82,-46.3,28.9,0,0,0,0,0,0,n,804,Overcast clouds,c04n,2
2026/8/9 2:30,0,27.6,32.8,92,26.2,993,1.6,274,3.2,10,84,-44.4,33.2,0,0,0,0,0,0,n,804,Overcast clouds,c04n,2
2026/8/9 2:45,0,27.5,32.5,92,26.1,992,1.6,272,3,10,85,-42.4,37.5,0,0,0,0,0,0,n,804,Overcast clouds,c04n,2
2026/8/9 3:00,0,27.4,32.2,92,26,992,1.6,270,2.8,10,87,-40.5,41.8,0,0,0,0,0,0,n,804,Overcast clouds,c04n,3
2026/8/9 3:15,0,27.2,31.6,92,25.8,992,1.6,270,2.9,10,87,-38,44.9,0,0,0,0,0,0,n,804,Overcast clouds,c04n,3
2026/8/9 3:30,0,27.1,31.2,93,25.8,992,1.6,271,3,10,86,-35.4,48,0,0,0,0,0,0,n,804,Overcast clouds,c04n,3
2026/8/9 3:45,0.01,26.9,30.8,94,25.8,992,1.6,272,3.1,10,86,-32.8,51.1,0,0,0,0,0,0,n,804,Overcast clouds,c04n,3
2026/8/9 4:00,0,26.7,30.2,94,25.7,992,1.6,272,3.2,10,86,-30.2,54.2,0,0,0,0,0,0,n,804,Overcast clouds,c04n,4
2026/8/9 4:15,0,26.7,30.2,94,25.7,992,1.7,276,3.3,12,78,-27.2,56.5,0,0,0,0,0,0,n,804,Overcast clouds,c04n,4
2026/8/9 4:30,0,26.7,30.2,94,25.7,992,1.8,279,3.4,10,69,-24.3,58.8,0,0,0,0,0,0,n,803,Broken clouds,c03n,4
2026/8/9 4:45,0,26.7,30.2,94,25.7,992,1.9,282,3.5,10,60,-21.3,61,0,0,0,0,0,0,n,803,Broken clouds,c03n,4
2026/8/9 5:00,0,26.7,30.2,94,25.7,992,2,286,3.6,12,52,-18.4,63.3,0,0,0,0,0,0,n,803,Broken clouds,c03n,5
2026/8/9 5:15,0,27.1,31.2,93,25.8,992,1.9,292,3.6,12,44,-15.2,65,0,0,0,0,0,0,n,803,Broken clouds,c03n,5
2026/8/9 5:30,0,27.4,32.2,92,26,992,1.8,298,3.6,13,36,-12,66.8,0,0,0,0,0,0,n,802,Scattered clouds,c02n,5
2026/8/9 5:45,0,27.8,33.1,91,26.1,992,1.7,304,3.6,13,28,-8.8,68.5,0,0,0,0,0,0,n,802,Scattered clouds,c02n,5
2026/8/9 6:00,0.01,28.1,34.1,90,26.3,992,1.6,310,3.6,14,20,-5.6,70.3,0,0,0,0,0,0,n,801,Few clouds,c02n,6
2026/8/9 6:15,0.14,28.1,34.1,90,26.3,992,1.7,312,3.7,14,17,-2.3,71.7,22,11,20,0,0,0,d,801,Few clouds,c02n,6
2026/8/9 6:30,2.19,28.1,34.1,90,26.3,992,1.8,315,3.8,15,14,1,73.1,43,22,39,1.8,0,0,d,801,Few clouds,c02n,6
2026/8/9 6:45,7,28.1,34.1,90,26.3,992,1.9,318,3.9,15,12,4.3,74.6,65,33,60,1.9,0,0,d,801,Few clouds,c02d,6
2026/8/9 7:00,14.06,28.1,34.1,90,26.3,992,2,320,4,16,9,7.6,76,87,44,80,1.9,0,0,d,801,Few clouds,c02d,7
2026/8/9 7:15,23.96,28.1,34.1,90,26.3,992,2.1,321,4.2,16,8,11,77.3,143,52,131,2,0,0,d,801,Few clouds,c02d,7
2026/8/9 7:30,21.9,28.1,34.1,90,26.3,992,2.2,322,4.4,10,8,14.4,78.6,200,60,184,2.1,0,0,d,801,Few clouds,c02d,7
2026/8/9 7:45,50.47,28.1,34.1,90,26.3,992,2.3,323,4.6,10,7,17.8,79.8,256,69,235,2.3,0,0,d,801,Few clouds,c02d,7
2026/8/9 8:00,65.75,28.1,34.1,90,26.3,992,2.4,324,4.8,10,6,21.2,81.1,313,77,288,2.5,0,0,d,801,Few clouds,c02d,8
2026/8/9 8:15,84.44,28.2,34.4,90,26.4,992,2.4,327,5.1,12,5,24.6,82.3,372,82,342,2.8,0,0,d,801,Few clouds,c02d,8
2026/8/9 8:30,99.59,28.3,34.5,89,26.3,993,2.4,330,5.4,10,4,28.1,83.6,431,87,396,3.2,0,0,d,801,Few clouds,c02d,8
2026/8/9 8:45,116.26,28.4,34.6,88,26.2,993,2.4,333,5.7,10,4,31.5,84.8,489,92,450,3.6,0,0,d,801,Few clouds,c02d,8
2026/8/9 9:00,116.74,28.5,35,88,26.3,993,2.4,336,6,12,3,34.9,86.1,548,98,504,4.1,0,0,d,801,Few clouds,c02d,9
2026/8/9 9:15,123.21,29.4,36.7,84,26.4,993,2.5,338,6.1,12,3,38.4,87.5,600,101,551,4.6,0,0,d,801,Few clouds,c02d,9
2026/8/9 9:30,158.57,30.2,38.3,80,26.4,993,2.6,341,6.2,16,4,41.9,88.9,653,104,600,5.1,0,0,d,801,Few clouds,c02d,9
2026/8/9 9:45,172.98,31.1,40,77,26.5,993,2.7,344,6.3,16,4,45.3,90.3,705,108,647,5.7,0,0,d,801,Few clouds,c02d,9
2026/8/9 10:00,51.97,31.9,41.2,73,26.4,993,2.8,346,6.4,16,4,48.8,91.7,757,111,695,6.4,0,0,d,801,Few clouds,c02d,10
2026/8/9 10:15,181.57,32.4,41.8,71,26.4,993,2.9,348,6.8,16,5,52.2,93.6,798,113,733,7,0,0,d,801,Few clouds,c02d,10
2026/8/9 10:30,86.93,32.8,42.4,69,26.4,993,3,349,7.2,10,6,55.7,95.5,838,115,770,7.6,0,0,d,801,Few clouds,c02d,10
2026/8/9 10:45,6.81,33.3,43,67,26.3,993,3.1,350,7.6,10,8,59.1,97.5,879,117,808,8.1,0,0,d,801,Few clouds,c02d,10
2026/8/9 11:00,3.95,33.7,43.5,65,26.2,993,3.2,352,8,10,9,62.6,99.4,919,120,845,8.7,0,0,d,801,Few clouds,c02d,11
2026/8/9 11:15,93.09,33.7,43.5,65,26.2,993,3.2,352,8.1,12,12,65.9,103.7,944,121,868,9,0,0,d,801,Few clouds,c02d,11
2026/8/9 11:30,41.36,33.7,43,64,25.9,993,3.2,353,8.2,12,14,69.2,108,969,122,892,9.3,0,0,d,801,Few clouds,c02d,11
2026/8/9 11:45,3.91,33.7,43,64,25.9,993,3.2,354,8.3,13,17,72.5,112.3,994,123,914,9.6,0,0,d,801,Few clouds,c02d,11
2026/8/9 12:00,3.95,33.7,43,64,25.9,992,3.2,354,8.4,14,20,75.8,116.6,1019,124,935,9.7,0,0,d,801,Few clouds,c02d,12
2026/8/9 12:15,3.96,34,43.4,63,25.9,992,3.2,354,8.5,14,20,77.6,136,1026,125,941,9.9,0,0,d,801,Few clouds,c02d,12
2026/8/9 12:30,32.72,34.3,43.8,62,25.9,992,3.2,353,8.6,15,20,79.3,155.4,1033,125,948,10,0,0,d,801,Few clouds,c02d,12
2026/8/9 12:45,2.6,34.5,44.1,61,25.9,992,3.2,352,8.7,15,21,81.1,174.8,1040,125,954,10.1,0,0,d,802,Scattered clouds,c02d,12
2026/8/9 13:00,3.08,34.8,44.5,60,25.9,992,3.2,352,8.8,16,21,82.9,194.2,1047,126,960,10.2,0,0,d,802,Scattered clouds,c02d,13
2026/8/9 13:15,2.89,34.8,44.5,60,25.9,992,3.1,350,8.7,16,21,80.4,208,1036,125,950,10,0,0,d,802,Scattered clouds,c02d,13
2026/8/9 13:30,13.57,34.8,44.5,60,25.9,992,3,349,8.6,16,21,77.8,221.8,1024,125,939,9.8,0,0,d,802,Scattered clouds,c02d,13
2026/8/9 13:45,43.51,34.8,44.5,60,25.9,992,2.9,348,8.5,16,21,75.3,235.7,1013,124,929,9.6,0,0,d,802,Scattered clouds,c02d,13
2026/8/9 14:00,4.93,34.8,44.5,60,25.9,991,2.8,346,8.4,16,21,72.7,249.5,1001,124,918,9.3,0,0,d,802,Scattered clouds,c02d,14
2026/8/9 14:15,64.24,35,45.1,60,26.1,991,2.8,346,8.5,16,24,69.3,252.8,972,122,888,8.7,0,0,d,802,Scattered clouds,c02d,14
2026/8/9 14:30,9.38,35.2,45.2,59,26,991,2.8,345,8.6,16,26,66,256.1,943,121,860,8.1,0,0,d,802,Scattered clouds,c02d,14
2026/8/9 14:45,3.9,35.4,45.3,58,25.9,991,2.8,344,8.7,16,28,62.6,259.4,914,119,832,7.5,0,0,d,802,Scattered clouds,c02d,14
2026/8/9 15:00,3.93,35.6,45.9,58,26,990,2.8,344,8.8,16,31,59.2,262.7,886,118,801,6.8,0,0,d,802,Scattered clouds,c02d,15
2026/8/9 15:15,76.79,35.2,45.2,59,26,990,2.8,346,8.5,16,36,55.8,264.5,842,116,752,6,0.25,0,d,802,Scattered clouds,c02d,15
2026/8/9 15:30,40.35,34.9,44.6,60,25.9,990,2.8,349,8.2,10,41,52.3,266.2,798,113,701,5.2,0.5,0,d,301,Drizzle,d02d,15
2026/8/9 15:45,81.9,34.5,43.5,60,25.6,990,2.8,352,7.9,10,46,48.9,268,754,111,648,4.5,1,0,d,500,Light rain,r01d,15
2026/8/9 16:00,89.41,34.1,42.9,61,25.5,990,2.8,354,7.6,10,51,45.4,269.7,710,108,583,3.9,1.5,0,d,500,Light rain,r01d,16
2026/8/9 16:15,45.89,33.8,42.5,62,25.5,990,2.7,270,7.3,12,55,42,271,656,104,522,3.3,1.25,0,d,500,Light rain,r01d,16
2026/8/9 16:30,75.2,33.6,41.8,62,25.3,990,2.6,186,7,13,60,38.5,272.4,601,101,460,2.8,1,0,d,500,Light rain,r01d,16
2026/8/9 16:45,83.26,33.3,41.4,63,25.3,990,2.5,102,6.7,13,64,35,273.7,547,97,398,2.3,1,0,d,200,Thunderstorm with light rain,t01d,16
2026/8/9 17:00,63.6,33,41,64,25.3,989,2.4,18,6.4,13,68,31.6,275,492,93,335,2,1,0,d,200,Thunderstorm with light rain,t01d,17
2026/8/9 17:15,40.19,32.2,40.1,68,25.5,989,2.1,14,5.6,14,70,28.1,276.3,433,88,284,1.7,0.5,0,d,231,Thunderstorm with drizzle,t04d,17
2026/8/9 17:30,30.27,31.3,39.1,72,25.6,989,1.8,11,4.8,15,73,24.7,277.5,374,82,230,1.4,0,0,d,804,Overcast clouds,c04d,17
2026/8/9 17:45,20.87,30.5,37.6,75,25.5,989,1.5,8,4,15,76,21.3,278.7,315,76,179,1.2,0,0,d,804,Overcast clouds,c04d,17
2026/8/9 18:00,0,29.6,36.2,79,25.6,989,1.2,4,3.2,16,78,17.9,280,255,71,137,1.1,0,0,d,804,Overcast clouds,c04d,18
2026/8/9 18:15,0.02,29.7,36.5,79,25.7,989,1.2,66,2.8,16,74,14.5,281.3,202,61,121,1.1,0,0,d,804,Overcast clouds,c04d,18
2026/8/9 18:30,0,29.8,36.8,79,25.8,989,1.2,129,2.4,16,71,11.1,282.6,148,51,95,1.1,0,0,d,804,Overcast clouds,c04d,18
2026/8/9 18:45,0.02,29.9,37.1,79,25.9,989,1.2,192,2,16,68,7.7,283.9,95,41,64,1.1,0,0,d,803,Broken clouds,c03d,18
2026/8/9 19:00,0,30,37.4,79,26,989,1.2,254,1.6,16,64,4.3,285.2,41,31,60,1.1,0,0,d,803,Broken clouds,c03n,19
2026/8/9 19:15,0.04,30,37.7,80,26.2,990,1.4,258,1.7,16,64,1,286.6,31,23,22,1.1,0,0,d,803,Broken clouds,c03n,19
2026/8/9 19:30,0.02,30,37.7,80,26.2,990,1.6,262,1.8,10,65,-2.3,288.1,20,15,29,0,0,0,d,803,Broken clouds,c03n,19
2026/8/9 19:45,0,30,37.7,80,26.2,990,1.8,266,1.9,10,66,-5.5,289.6,10,8,15,0,0,0,d,803,Broken clouds,c03n,19
2026/8/9 20:00,0,30,38,81,26.4,990,2,270,2,12,66,-8.8,291.1,0,0,0,0,0,0,n,803,Broken clouds,c03n,20
2026/8/9 20:15,0,30.1,38,80,26.3,991,2,272,2.3,12,65,-12,293,0,0,0,0,0,0,n,803,Broken clouds,c03n,20
2026/8/9 20:30,0,30.2,38.3,80,26.4,991,2,274,2.6,13,64,-15.1,294.8,0,0,0,0,0,0,n,803,Broken clouds,c03n,20
2026/8/9 20:45,0,30.3,38.6,80,26.5,991,2,276,2.9,13,63,-18.3,296.6,0,0,0,0,0,0,n,803,Broken clouds,c03n,20
2026/8/9 21:00,0,30.4,38.6,79,26.3,991,2,278,3.2,14,62,-21.4,298.5,0,0,0,0,0,0,n,803,Broken clouds,c03n,21
2026/8/9 21:15,0,30.1,38.1,80,26.3,992,2,280,3.1,10,52,-24.3,300.9,0,0,0,0,0,0,n,803,Broken clouds,c03n,21
2026/8/9 21:30,0,29.9,37.8,82,26.4,992,2,282,3,10,42,-27.2,303.3,0,0,0,0,0,0,n,803,Broken clouds,c03n,21
2026/8/9 21:45,0,29.6,37.2,83,26.4,992,2,284,2.9,10,31,-30.1,305.8,0,0,0,0,0,0,n,802,Scattered clouds,c02n,21
2026/8/9 22:00,0,29.3,36.6,84,26.3,992,2,286,2.8,10,21,-33,308.2,0,0,0,0,0,0,n,802,Scattered clouds,c02n,22
2026/8/9 22:15,0,29.1,35.9,84,26.1,992,2,286,2.9,12,18,-35.5,311.6,0,0,0,0,0,0,n,801,Few clouds,c02n,22
2026/8/9 22:30,0,28.9,35.6,85,26.1,992,2,287,3,13,14,-37.9,314.9,0,0,0,0,0,0,n,801,Few clouds,c02n,22
2026/8/9 22:45,0.01,28.7,35.2,86,26.1,992,2,288,3.1,13,10,-40.4,318.3,0,0,0,0,0,0,n,801,Few clouds,c02n,22
2026/8/9 23:00,0,28.5,34.5,86,25.9,992,2,288,3.2,13,7,-42.9,321.6,0,0,0,0,0,0,n,801,Few clouds,c02n,23
2026/8/9 23:15,0,28.5,34.5,86,25.9,992,2,291,3.4,14,6,-44.6,326.3,0,0,0,0,0,0,n,801,Few clouds,c02n,23
2026/8/9 23:30,0,28.5,34.5,86,25.9,992,2,294,3.6,10,5,-46.3,330.9,0,0,0,0,0,0,n,801,Few clouds,c02n,23
2026/8/9 23:45,0,28.5,34.5,86,25.9,992,2,297,3.8,10,4,-48,335.5,0,0,0,0,0,0,n,801,Few clouds,c02n,23
2026/8/10 0:00,0,28.5,34.5,86,25.9,992,2,300,4,12,3,-49.7,340.2,0,0,0,0,0,0,n,801,Few clouds,c02n,0
2026/8/10 0:15,0,28.3,34.2,87,25.9,992,2,302,4,12,4,-50.2,255.8,0,0,0,0,0,0,n,801,Few clouds,c02n,0
2026/8/10 0:30,0,28.2,33.9,88,26,992,2,305,4,13,4,-50.7,171.5,0,0,0,0,0,0,n,801,Few clouds,c02n,0
2026/8/10 0:45,0,28,33.5,89,26,991,2,308,4,13,4,-51.2,87.2,0,0,0,0,0,0,n,801,Few clouds,c02n,0
2026/8/10 1:00,0,27.8,33.1,90,26,991,2,310,4,14,5,-51.8,2.8,0,0,0,0,0,0,n,801,Few clouds,c02n,1
2026/8/10 1:15,0,27.8,33.1,90,26,991,2,310,4,14,4,-50.9,8.3,0,0,0,0,0,0,n,801,Few clouds,c02n,1
2026/8/10 1:30,0,27.8,33.1,90,26,991,2,310,4,15,4,-50.1,13.8,0,0,0,0,0,0,n,801,Few clouds,c02n,1
2026/8/10 1:45,0,27.8,33.1,90,26,990,2,310,4,15,4,-49.3,19.3,0,0,0,0,0,0,n,801,Few clouds,c02n,1
2026/8/10 2:00,0,27.8,33.1,90,26,990,2,310,4,16,3,-48.4,24.8,0,0,0,0,0,0,n,801,Few clouds,c02n,2
2026/8/10 2:15,0,27.8,33.1,90,26,990,2,310,4,16,3,-46.5,29.2,0,0,0,0,0,0,n,801,Few clouds,c02n,2
2026/8/10 2:30,0,27.8,33.1,90,26,990,2,309,4,10,4,-44.6,33.5,0,0,0,0,0,0,n,801,Few clouds,c02n,2
2026/8/10 2:45,0,27.8,33.1,90,26,990,2,308,4,10,4,-42.7,37.8,0,0,0,0,0,0,n,801,Few clouds,c02n,2
2026/8/10 3:00,0,27.8,33.1,90,26,990,2,308,4,10,4,-40.7,42.1,0,0,0,0,0,0,n,801,Few clouds,c02n,3
2026/8/10 3:15,0,27.7,32.8,90,25.9,990,2,310,4,12,4,-38.1,45.2,0,0,0,0,0,0,n,801,Few clouds,c02n,3
2026/8/10 3:30,0,27.6,32.7,91,26,990,2,312,4,10,4,-35.6,48.3,0,0,0,0,0,0,n,801,Few clouds,c02n,3
2026/8/10 3:45,0,27.5,32.5,92,26.1,990,2,314,4,10,5,-33,51.4,0,0,0,0,0,0,n,801,Few clouds,c02n,3
2026/8/10 4:00,0,27.4,32.2,92,26,990,2,316,4,12,5,-30.4,54.5,0,0,0,0,0,0,n,801,Few clouds,c02n,4
2026/8/10 4:15,0,27.4,32.2,92,26,990,2,320,3.9,12,4,-27.4,56.8,0,0,0,0,0,0,n,801,Few clouds,c02n,4
2026/8/10 4:30,0,27.4,32.2,92,26,990,2,324,3.8,10,4,-24.4,59.1,0,0,0,0,0,0,n,801,Few clouds,c02n,4
2026/8/10 4:45,0,27.4,32.2,92,26,990,2,328,3.7,10,4,-21.5,61.3,0,0,0,0,0,0,n,801,Few clouds,c02n,4
2026/8/10 5:00,0,27.4,32.2,92,26,990,2,332,3.6,10,3,-18.5,63.6,0,0,0,0,0,0,n,801,Few clouds,c02n,5
2026/8/10 5:15,0,27.5,32.3,91,25.9,990,1.9,332,3.6,12,4,-15.3,65.3,0,0,0,0,0,0,n,801,Few clouds,c02n,5
2026/8/10 5:30,0,27.6,32.5,90,25.8,990,1.8,333,3.6,13,4,-12.1,67.1,0,0,0,0,0,0,n,801,Few clouds,c02n,5
2026/8/10 5:45,0,27.7,32.7,89,25.7,990,1.7,334,3.6,13,5,-8.9,68.8,0,0,0,0,0,0,n,801,Few clouds,c02n,5
2026/8/10 6:00,0.01,27.8,32.8,88,25.6,990,1.6,334,3.6,13,6,-5.7,70.6,0,0,0,0,0,0,n,801,Few clouds,c02n,6
2026/8/10 6:15,0,27.9,32.9,87,25.5,990,1.7,334,3.8,14,5,-2.4,72,21,11,19,0,0,0,d,801,Few clouds,c02n,6
2026/8/10 6:30,2.51,28,32.9,86,25.4,991,1.8,334,4,15,4,0.9,73.4,43,22,40,2,0,0,d,801,Few clouds,c02n,6
2026/8/10 6:45,6.5,28,33,85,25.3,991,1.9,334,4.2,15,3,4.2,74.9,64,33,59,2,0,0,d,801,Few clouds,c02d,6
2026/8/10 7:00,0,28.1,33,84,25.1,991,2,334,4.4,16,2,7.5,76.3,86,43,80,2,0,0,d,801,Few clouds,c02d,7
2026/8/10 7:15,25.1,28.2,33.3,84,25.2,991,2.1,334,4.6,16,2,10.9,77.6,142,52,131,2.1,0,0,d,801,Few clouds,c02d,7
2026/8/10 7:30,38.01,28.3,33.4,83,25.1,991,2.2,335,4.8,16,3,14.3,78.9,199,60,184,2.2,0,0,d,801,Few clouds,c02d,7
2026/8/10 7:45,51.84,28.4,33.5,82,25,991,2.3,336,5,16,4,17.7,80.1,256,69,237,2.3,0,0,d,801,Few clouds,c02d,7
2026/8/10 8:00,66.42,28.5,33.8,82,25.1,991,2.4,336,5.2,16,4,21.1,81.4,312,77,288,2.5,0,0,d,801,Few clouds,c02d,8
2026/8/10 8:15,49.79,28.6,34,82,25.2,991,2.5,337,5.4,16,4,24.6,82.7,371,82,343,2.8,0,0,d,801,Few clouds,c02d,8
2026/8/10 8:30,100.74,28.7,34.1,81,25.1,991,2.6,338,5.6,10,5,28,83.9,430,87,398,3.1,0,0,d,801,Few clouds,c02d,8
2026/8/10 8:45,116.74,28.8,34.2,80,25,991,2.7,339,5.8,10,6,31.4,85.2,489,92,452,3.5,0,0,d,801,Few clouds,c02d,8
2026/8/10 9:00,133.48,28.9,34.5,80,25.1,991,2.8,340,6,10,6,34.9,86.4,547,97,506,4,0,0,d,801,Few clouds,c02d,9
2026/8/10 9:15,137.98,30,36.3,75,25.1,991,2.9,342,6.3,12,13,38.3,87.8,600,101,554,4.3,0,0,d,801,Few clouds,c02d,9
2026/8/10 9:30,136.44,31.1,37.9,70,25,992,3,344,6.6,12,20,41.8,89.3,652,104,601,4.5,0,0,d,801,Few clouds,c02d,9
2026/8/10 9:45,59.36,32.2,39.5,66,25,992,3.1,346,6.9,13,28,45.3,90.7,705,108,644,4.8,0,0,d,802,Scattered clouds,c02d,9
2026/8/10 10:00,130.23,33.3,40.7,61,24.7,992,3.2,348,7.2,14,35,48.7,92.1,757,111,682,5,0,0,d,802,Scattered clouds,c02d,10
2026/8/10 10:15,129.85,33.4,40.6,60,24.6,992,3.3,350,7.4,14,34,52.2,94.1,798,113,722,5.5,0,0,d,802,Scattered clouds,c02d,10
2026/8/10 10:30,58.1,33.5,40.8,60,24.7,992,3.4,352,7.6,10,33,55.6,96.1,838,115,759,6.1,0,0,d,802,Scattered clouds,c02d,10
2026/8/10 10:45,6.58,33.6,41.1,60,24.8,992,3.5,354,7.8,10,32,59,98.1,879,118,798,6.7,0,0,d,802,Scattered clouds,c02d,10
2026/8/10 11:00,184.48,33.7,41,59,24.6,992,3.6,356,8,10,31,62.5,100.1,919,120,837,7.3,0,0,d,802,Scattered clouds,c02d,11
2026/8/10 11:15,118.79,33.7,40.6,58,24.3,992,3.7,355,8,12,28,65.8,104.5,944,121,866,7.9,0,0,d,802,Scattered clouds,c02d,11
2026/8/10 11:30,42.95,33.7,40.6,58,24.3,992,3.8,354,8,13,26,69.1,108.9,969,122,891,8.5,0,0,d,802,Scattered clouds,c02d,11
2026/8/10 11:45,3.97,33.7,40.6,58,24.3,992,3.9,353,8,13,24,72.4,113.3,994,123,916,9,0,0,d,802,Scattered clouds,c02d,11
2026/8/10 12:00,71.77,33.7,40.2,57,24,991,4,352,8,14,21,75.7,117.7,1019,125,943,9.7,0,0,d,802,Scattered clouds,c02d,12
2026/8/10 12:15,140.08,34.1,40.4,55,23.7,991,4,350,8,14,20,77.4,136.7,1026,125,951,9.9,0,0,d,801,Few clouds,c02d,12
2026/8/10 12:30,60.72,34.5,40.9,54,23.8,991,4,349,8,14,19,79.1,155.8,1033,125,958,10.1,0,0,d,801,Few clouds,c02d,12
2026/8/10 12:45,17.67,34.8,41,52,23.5,991,4,348,8,15,18,80.9,174.9,1040,125,967,10.3,0,0,d,801,Few clouds,c02d,12
2026/8/10 13:00,3.95,35.2,41.2,50,23.2,991,4,346,8,15,17,82.6,194,1047,126,975,10.5,0,0,d,801,Few clouds,c02d,13
2026/8/10 13:15,71.77,35.1,41.3,51,23.4,991,4.1,346,8,16,18,80.1,207.6,1035,125,962,10.2,0,0,d,801,Few clouds,c02d,13
2026/8/10 13:30,0.01,35,41.5,52,23.7,991,4.2,347,8,10,18,77.6,221.3,1024,125,951,10,0,0,d,801,Few clouds,c02d,13
2026/8/10 13:45,190.8,34.9,41.2,52,23.6,991,4.3,348,8,10,19,75.1,235,1012,124,940,9.7,0,0,d,801,Few clouds,c02d,13
2026/8/10 14:00,2.69,34.8,41.4,53,23.8,990,4.4,348,8,10,20,72.6,248.6,1001,124,928,9.4,0,0,d,801,Few clouds,c02d,14
2026/8/10 14:15,32.34,34.8,41,52,23.5,990,4.3,349,8.1,12,22,69.2,252,972,122,901,8.8,0,0,d,802,Scattered clouds,c02d,14
2026/8/10 14:30,24.26,34.8,41,52,23.5,990,4.2,350,8.2,13,23,65.8,255.4,942,121,872,8.2,0,0,d,802,Scattered clouds,c02d,14
2026/8/10 14:45,12.7,34.8,41,52,23.5,990,4.1,351,8.3,13,24,62.5,258.8,913,119,845,7.7,0,0,d,802,Scattered clouds,c02d,14
2026/8/10 15:00,3.93,34.8,40.6,51,23.2,990,4,352,8.4,14,26,59.1,262.2,884,118,817,7.1,0,0,d,802,Scattered clouds,c02d,15
2026/8/10 15:15,4.01,35,40.7,50,23,990,4,354,8.3,14,25,55.7,264,841,115,779,6.6,0,0,d,802,Scattered clouds,c02d,15
2026/8/10 15:30,3.97,35.2,41.2,50,23.2,990,4,355,8.2,14,24,52.2,265.8,797,113,738,6,0,0,d,802,Scattered clouds,c02d,15
2026/8/10 15:45,3.94,35.4,41.2,49,23,990,4,356,8.1,15,23,48.8,267.5,753,111,699,5.5,0,0,d,802,Scattered clouds,c02d,15
2026/8/10 16:00,8.92,35.6,41.3,48,22.9,989,4,358,8,16,22,45.3,269.3,709,108,659,5,0,0,d,802,Scattered clouds,c02d,16
2026/8/10 16:15,40.63,35.6,41.3,48,22.9,989,3.9,270,7.7,16,20,41.8,270.7,654,104,609,4.5,0,0,d,801,Few clouds,c02d,16
2026/8/10 16:30,27.68,35.6,41.3,48,22.9,989,3.8,182,7.4,10,19,38.4,272,600,101,559,4.1,0,0,d,801,Few clouds,c02d,16
2026/8/10 16:45,3.94,35.6,41.3,48,22.9,989,3.7,94,7.1,10,18,34.9,273.4,545,97,508,3.6,0,0,d,801,Few clouds,c02d,16
2026/8/10 17:00,3.89,35.6,41.3,48,22.9,989,3.6,6,6.8,10,16,31.5,274.7,490,93,457,3.3,0,0,d,801,Few clouds,c02d,17
2026/8/10 17:15,115.48,34.7,40.7,52,23.4,989,3.3,6,6.2,12,16,28,276,431,88,401,2.9,0,0,d,801,Few clouds,c02d,17
2026/8/10 17:30,52.81,33.8,39.6,55,23.4,989,3,6,5.6,10,16,24.6,277.2,372,82,346,2.6,0,0,d,801,Few clouds,c02d,17
2026/8/10 17:45,16.3,32.8,38.4,58,23.5,989,2.7,6,5,10,16,21.2,278.4,312,76,290,2.3,0,0,d,801,Few clouds,c02d,17
2026/8/10 18:00,4.6,31.9,37.4,62,23.7,989,2.4,6,4.4,10,16,17.7,279.7,253,71,235,2.1,0,0,d,801,Few clouds,c02d,18
2026/8/10 18:15,4.58,31.8,37.5,63,23.9,989,2.2,8,3.9,12,14,14.3,281,200,60,186,2,0,0,d,801,Few clouds,c02d,18
2026/8/10 18:30,4.55,31.7,37.6,64,24,989,2,9,3.4,12,12,11,282.3,146,50,136,2,0,0,d,801,Few clouds,c02d,18
2026/8/10 18:45,4.65,31.6,37.3,64,23.9,989,1.8,10,2.9,13,9,7.6,283.6,93,40,86,1.9,0,0,d,801,Few clouds,c02d,18
2026/8/10 19:00,4.73,31.5,37.4,65,24.1,989,1.6,12,2.4,14,7,4.2,284.9,39,30,36,1.9,0,0,d,801,Few clouds,c02n,19
2026/8/10 19:15,2.4,31.6,37.6,65,24.2,990,1.7,94,2.3,14,6,0.9,286.4,29,23,27,2,0,0,d,801,Few clouds,c02n,19
2026/8/10 19:30,0.38,31.7,37.6,64,24,990,1.8,177,2.2,10,6,-2.4,287.9,20,15,19,0,0,0,d,801,Few clouds,c02n,19
2026/8/10 19:45,0.02,31.8,37.8,64,24.1,990,1.9,260,2.1,10,6,-5.7,289.4,10,8,9,0,0,0,d,801,Few clouds,c02n,19
2026/8/10 20:00,0,31.9,38.1,64,24.2,990,2,342,2,10,5,-9,290.9,0,0,0,0,0,0,n,801,Few clouds,c02n,20
2026/8/10 20:15,0,31.6,37.9,66,24.5,990,1.9,336,2,12,7,-12.2,292.7,0,0,0,0,0,0,n,801,Few clouds,c02n,20
2026/8/10 20:30,0,31.3,37.8,68,24.7,990,1.8,330,2,12,10,-15.3,294.6,0,0,0,0,0,0,n,801,Few clouds,c02n,20
2026/8/10 20:45,0,31,37.3,69,24.6,990,1.7,324,2,13,12,-18.5,296.4,0,0,0,0,0,0,n,801,Few clouds,c02n,20
2026/8/10 21:00,0,30.7,37.1,71,24.8,990,1.6,318,2,14,14,-21.6,298.2,0,0,0,0,0,0,n,801,Few clouds,c02n,21
2026/8/10 21:15,0,30.4,36.4,72,24.7,991,1.5,313,2,14,11,-24.5,300.7,0,0,0,0,0,0,n,801,Few clouds,c02n,21
2026/8/10 21:30,0,30,36,74,24.9,991,1.4,308,2,15,8,-27.4,303.1,0,0,0,0,0,0,n,801,Few clouds,c02n,21
2026/8/10 21:45,0,29.7,35.6,76,25,991,1.3,303,2,15,4,-30.3,305.5,0,0,0,0,0,0,n,801,Few clouds,c02n,21
2026/8/10 22:00,0,29.3,34.9,77,24.8,991,1.2,298,2,16,1,-33.2,308,0,0,0,0,0,0,n,800,Clear Sky,c01n,22
2026/8/10 22:15,0,29.1,34.6,78,24.9,991,1.2,294,2,16,1,-35.7,311.3,0,0,0,0,0,0,n,800,Clear Sky,c01n,22
2026/8/10 22:30,0,28.9,34,78,24.7,991,1.2,291,2,10,0,-38.2,314.7,0,0,0,0,0,0,n,800,Clear Sky,c01n,22
2026/8/10 22:45,0,28.7,33.5,78,24.5,991,1.2,288,2,10,0,-40.7,318.1,0,0,0,0,0,0,n,800,Clear Sky,c01n,22
2026/8/10 23:00,0,28.5,33.2,79,24.5,991,1.2,284,2,10,0,-43.1,321.4,0,0,0,0,0,0,n,800,Clear Sky,c01n,23
2026/8/10 23:15,0,28.4,32.9,79,24.4,991,1.2,280,2.1,12,0,-44.8,326.1,0,0,0,0,0,0,n,800,Clear Sky,c01n,23
2026/8/10 23:30,0,28.3,32.9,80,24.5,991,1.2,276,2.2,13,0,-46.6,330.8,0,0,0,0,0,0,n,800,Clear Sky,c01n,23
2026/8/10 23:45,0,28.2,32.6,80,24.4,991,1.2,272,2.3,13,0,-48.3,335.4,0,0,0,0,0,0,n,800,Clear Sky,c01n,23
2026/8/11 0:00,0,28.1,32.4,80,24.3,991,1.2,268,2.4,14,0,-50,340.1,0,0,0,0,0,0,n,800,Clear Sky,c01n,0
2026/8/11 0:15,0,27.8,32,82,24.5,991,1.2,270,2.5,14,1,-50.5,255.8,0,0,0,0,0,0,n,800,Clear Sky,c01n,0
2026/8/11 0:30,0,27.6,31.4,83,24.4,991,1.2,271,2.6,10,2,-51,171.5,0,0,0,0,0,0,n,801,Few clouds,c02n,0
2026/8/11 0:45,0,27.3,30.8,84,24.3,991,1.2,272,2.7,10,3,-51.5,87.2,0,0,0,0,0,0,n,801,Few clouds,c02n,0
2026/8/11 1:00,0,27,30.3,86,24.5,991,1.2,274,2.8,10,4,-52.1,2.9,0,0,0,0,0,0,n,801,Few clouds,c02n,1
2026/8/11 1:15,0,27,30.3,86,24.5,991,1.2,280,2.8,12,6,-51.2,8.5,0,0,0,0,0,0,n,801,Few clouds,c02n,1
2026/8/11 1:30,0,27,30.3,86,24.5,991,1.2,285,2.8,13,9,-50.4,14,0,0,0,0,0,0,n,801,Few clouds,c02n,1
2026/8/11 1:45,0,27,30.3,86,24.5,991,1.2,290,2.8,13,12,-49.5,19.5,0,0,0,0,0,0,n,801,Few clouds,c02n,1
2026/8/11 2:00,0,27,30.3,86,24.5,991,1.2,296,2.8,13,14,-48.7,25.1,0,0,0,0,0,0,n,801,Few clouds,c02n,2
2026/8/11 2:15,0,27,30.3,86,24.5,991,1.2,300,2.7,14,14,-46.7,29.4,0,0,0,0,0,0,n,801,Few clouds,c02n,2
2026/8/11 2:30,0,27,30.3,86,24.5,991,1.2,304,2.6,10,15,-44.8,33.7,0,0,0,0,0,0,n,801,Few clouds,c02n,2
2026/8/11 2:45,0,27,30.3,86,24.5,990,1.2,308,2.5,10,16,-42.9,38.1,0,0,0,0,0,0,n,801,Few clouds,c02n,2
2026/8/11 3:00,0,27,30.3,86,24.5,990,1.2,312,2.4,12,16,-40.9,42.4,0,0,0,0,0,0,n,801,Few clouds,c02n,3
2026/8/11 3:15,0,26.8,30,87,24.5,990,1.2,314,2.4,12,13,-38.3,45.5,0,0,0,0,0,0,n,801,Few clouds,c02n,3
2026/8/11 3:30,0,26.7,27.7,88,24.5,990,1.2,315,2.4,13,10,-35.7,48.6,0,0,0,0,0,0,n,801,Few clouds,c02n,3
2026/8/11 3:45,0,26.5,27.5,89,24.5,990,1.2,316,2.4,13,6,-33.1,51.7,0,0,0,0,0,0,n,801,Few clouds,c02n,3
2026/8/11 4:00,0,26.3,27.3,90,24.5,990,1.2,318,2.4,14,3,-30.5,54.8,0,0,0,0,0,0,n,801,Few clouds,c02n,4
2026/8/11 4:15,0,26.3,27.3,90,24.5,990,1.2,317,2.4,14,3,-27.5,57.1,0,0,0,0,0,0,n,801,Few clouds,c02n,4
2026/8/11 4:30,0,26.3,27.3,90,24.5,990,1.2,316,2.4,15,4,-24.6,59.3,0,0,0,0,0,0,n,801,Few clouds,c02n,4
2026/8/11 4:45,0.01,26.3,27.3,90,24.5,990,1.2,315,2.4,15,4,-21.6,61.6,0,0,0,0,0,0,n,801,Few clouds,c02n,4
2026/8/11 5:00,0,26.3,27.3,90,24.5,990,1.2,314,2.4,16,4,-18.6,63.9,0,0,0,0,0,0,n,801,Few clouds,c02n,5
2026/8/11 5:15,0,26.5,27.5,90,24.7,990,1.3,314,2.4,16,3,-15.4,65.6,0,0,0,0,0,0,n,801,Few clouds,c02n,5
2026/8/11 5:30,0,26.7,27.7,89,24.7,991,1.4,313,2.4,16,2,-12.2,67.3,0,0,0,0,0,0,n,801,Few clouds,c02n,5
2026/8/11 5:45,0,26.8,30.1,88,24.7,991,1.5,312,2.4,16,2,-9,69.1,0,0,0,0,0,0,n,801,Few clouds,c02n,5
2026/8/11 6:00,0.01,27,30.5,88,24.8,991,1.6,312,2.4,16,1,-5.8,70.8,0,0,0,0,0,0,n,800,Clear Sky,c01n,6
2026/8/11 6:15,0.29,27.1,30.8,88,24.9,991,1.5,312,2.3,16,1,-2.5,72.3,21,11,19,0,0,0,d,800,Clear Sky,c01n,6
2026/8/11 6:30,2.05,27.2,31,87,24.8,991,1.4,312,2.2,16,1,0.8,73.7,42,22,39,2,0,0,d,800,Clear Sky,c01n,6
2026/8/11 6:45,5.72,27.3,31.1,86,24.7,991,1.3,312,2.1,16,1,4.1,75.1,63,32,58,2,0,0,d,800,Clear Sky,c01d,6
2026/8/11 7:00,13.62,27.4,31.4,86,24.8,991,1.2,312,2,16,1,7.5,76.6,85,43,79,2.1,0,0,d,800,Clear Sky,c01d,7
2026/8/11 7:15,26.33,27.7,31.9,84,24.7,991,1.2,310,2.2,16,12,10.9,77.9,141,52,131,2,0,0,d,801,Few clouds,c02d,7
2026/8/11 7:30,40.38,28,32.4,83,24.8,991,1.2,307,2.4,16,24,14.3,79.2,198,60,182,1.9,0,0,d,802,Scattered clouds,c02d,7
2026/8/11 7:45,54.03,28.2,33,82,24.9,991,1.2,304,2.6,16,36,17.7,80.4,255,69,229,1.8,0,0,d,802,Scattered clouds,c02d,7
2026/8/11 8:00,70.44,28.5,33.4,80,24.7,991,1.2,302,2.8,16,47,21.1,81.7,311,77,267,1.8,0,0,d,803,Broken clouds,c03d,8
2026/8/11 8:15,88.07,28.6,33.5,79,24.6,991,1.2,301,2.9,16,43,24.5,83,370,82,324,2,0,0,d,803,Broken clouds,c03d,8
2026/8/11 8:30,104.88,28.7,33.5,78,24.5,992,1.2,300,3,10,38,27.9,84.3,429,87,384,2.4,0,0,d,802,Scattered clouds,c02d,8
2026/8/11 8:45,122.3,28.8,33.8,78,24.6,992,1.2,299,3.1,10,34,31.4,85.5,488,92,441,2.8,0,0,d,802,Scattered clouds,c02d,8
2026/8/11 9:00,136.92,28.9,33.8,77,24.5,992,1.2,298,3.2,10,30,34.8,86.8,547,97,499,3.3,0,0,d,802,Scattered clouds,c02d,9
2026/8/11 9:15,148.99,29.9,35.6,73,24.6,992,1.2,298,3.3,12,41,38.3,88.2,599,101,529,3.4,0,0,d,803,Broken clouds,c03d,9
2026/8/11 9:30,164.11,31,37.5,70,24.8,992,1.2,297,3.4,10,52,41.8,89.7,652,104,540,3.4,0,0,d,803,Broken clouds,c03d,9
2026/8/11 9:45,173.73,32,38.9,66,24.8,992,1.2,296,3.5,10,64,45.2,91.1,704,108,513,3.3,0,0,d,803,Broken clouds,c03d,9
2026/8/11 10:00,159.91,33,40.3,62,24.7,992,1.2,296,3.6,12,75,48.7,92.5,757,111,445,3.2,0,0,d,804,Overcast clouds,c04d,10
2026/8/11 10:15,98.55,33.2,40.7,62,24.9,992,1.2,296,4.1,12,78,52.1,94.6,797,113,430,3.3,0,0,d,804,Overcast clouds,c04d,10
2026/8/11 10:30,118.13,33.4,40.8,61,24.8,992,1.2,297,4.6,13,81,55.5,96.6,838,115,408,3.5,0,0,d,804,Overcast clouds,c04d,10
2026/8/11 10:45,94.27,33.5,40.9,60,24.7,992,1.2,298,5.1,13,84,59,98.6,878,118,377,3.6,0,0,d,804,Overcast clouds,c04d,10
2026/8/11 11:00,26,33.7,41.4,60,24.8,992,1.2,298,5.6,14,87,62.4,100.7,919,120,336,3.7,0,0,d,804,Overcast clouds,c04d,11
2026/8/11 11:15,182.69,33.8,41.2,59,24.7,992,1.2,299,5.4,14,84,65.7,105.2,944,121,406,4.1,0,0,d,804,Overcast clouds,c04d,11
2026/8/11 11:30,48.93,33.9,41.1,58,24.5,992,1.2,300,5.2,15,82,69,109.7,969,122,455,4.5,0,0,d,804,Overcast clouds,c04d,11
2026/8/11 11:45,10.23,34,41,57,24.3,992,1.2,301,5,15,80,72.3,114.2,993,123,504,4.8,0,0,d,804,Overcast clouds,c04d,11
2026/8/11 12:00,15.01,34.1,40.8,56,24.1,992,1.2,302,4.8,15,77,75.5,118.7,1018,125,570,5.3,0,0,d,804,Overcast clouds,c04d,12
2026/8/11 12:15,33.1,34.6,41.2,54,23.9,992,1.2,304,4.8,16,79,77.2,137.5,1025,125,540,5.2,0,0,d,804,Overcast clouds,c04d,12
2026/8/11 12:30,82.12,35,41.5,52,23.7,992,1.2,306,4.8,16,81,78.9,156.2,1032,125,507,5.1,0,0,d,804,Overcast clouds,c04d,12
2026/8/11 12:45,33.81,35.5,41.8,50,23.4,992,1.2,308,4.8,16,83,80.6,175,1039,125,472,5,0,0,d,804,Overcast clouds,c04d,12
2026/8/11 13:00,27.36,35.9,42,48,23.2,991,1.2,310,4.8,16,85,82.3,193.7,1046,126,435,4.9,0,0,d,804,Overcast clouds,c04d,13
2026/8/11 13:15,66.21,35.9,42,48,23.2,991,1.2,309,5,16,80,79.8,207.2,1035,125,530,5.2,0,0,d,804,Overcast clouds,c04d,13
2026/8/11 13:30,34.21,35.9,41.6,47,22.8,991,1.2,308,5.2,10,74,77.4,220.8,1023,125,626,5.6,0,0,d,804,Overcast clouds,c04d,13
2026/8/11 13:45,9,35.9,41.2,46,22.5,991,1.2,307,5.4,10,68,74.9,234.3,1011,124,701,5.9,0,0,d,803,Broken clouds,c03d,13
2026/8/11 14:00,3.95,35.9,41.2,46,22.5,991,1.2,306,5.6,10,63,72.4,247.8,1000,124,749,6.1,0,0,d,803,Broken clouds,c03d,14
2026/8/11 14:15,36.75,36,41.4,46,22.5,991,1.2,304,5.3,10,55,69,251.3,971,122,794,6.4,0,0,d,803,Broken clouds,c03d,14
2026/8/11 14:30,59.26,36.1,41.2,45,22.3,991,1.2,302,5,10,47,65.7,254.8,942,121,818,6.6,0,0,d,803,Broken clouds,c03d,14
2026/8/11 14:45,25.81,36.2,41.1,44,22,991,1.2,300,4.7,10,39,62.3,258.2,912,119,822,6.7,0,0,d,802,Scattered clouds,c02d,14
2026/8/11 15:00,0,36.3,41.3,44,22.1,990,1.2,298,4.4,10,31,59,261.7,883,118,813,6.8,0,0,d,802,Scattered clouds,c02d,15
2026/8/11 15:15,70.16,36.3,41.3,44,22.1,990,1.2,296,4.2,12,26,55.5,263.5,839,115,779,6.5,0,0,d,802,Scattered clouds,c02d,15
2026/8/11 15:30,64.56,36.3,41.7,45,22.5,990,1.2,293,4,13,22,52.1,265.3,795,113,740,6.1,0,0,d,802,Scattered clouds,c02d,15
2026/8/11 15:45,42.6,36.3,42.1,46,22.8,990,1.2,290,3.8,13,18,48.6,267.1,751,111,700,5.7,0,0,d,801,Few clouds,c02d,15
2026/8/11 16:00,7.1,36.3,42.1,46,22.8,989,1.2,288,3.6,14,13,45.2,268.9,707,108,660,5.4,0,0,d,801,Few clouds,c02d,16
2026/8/11 16:15,117.14,36.3,42.1,46,22.8,989,1.1,282,3.4,14,10,41.7,270.3,653,104,610,4.9,0,0,d,801,Few clouds,c02d,16
2026/8/11 16:30,28.87,36.3,42.1,46,22.8,989,1,275,3.2,10,8,38.3,271.7,598,101,559,4.4,0,0,d,801,Few clouds,c02d,16
2026/8/11 16:45,2.59,36.3,41.7,45,22.5,989,0.9,268,3,10,5,34.8,273,543,97,508,4,0,0,d,801,Few clouds,c02d,16
2026/8/11 17:00,2.61,36.3,41.7,45,22.5,989,0.8,262,2.8,10,2,31.3,274.4,488,93,457,3.6,0,0,d,801,Few clouds,c02d,17
2026/8/11 17:15,2.63,35.6,41.2,48,22.8,989,0.7,242,2.6,12,5,27.9,275.6,429,87,401,3.1,0,0,d,801,Few clouds,c02d,17
2026/8/11 17:30,2.58,34.8,40.6,51,23.2,989,0.6,221,2.4,16,8,24.5,276.9,370,82,345,2.7,0,0,d,801,Few clouds,c02d,17
2026/8/11 17:45,2.58,34.1,39.9,54,23.4,989,0.5,200,2.2,16,10,21,278.2,310,76,289,2.4,0,0,d,801,Few clouds,c02d,17
2026/8/11 18:00,53.58,33.3,39.2,57,23.6,988,0.4,180,2,16,13,17.6,279.4,251,70,234,2.2,0,0,d,801,Few clouds,c02d,18
2026/8/11 18:15,35.85,33.2,39.4,58,23.8,988,0.7,175,2,16,12,14.2,280.7,197,60,183,2,0,0,d,801,Few clouds,c02d,18
2026/8/11 18:30,18.51,33.2,39.9,60,24.3,988,1,170,2,10,12,10.8,282,144,50,134,2,0,0,d,801,Few clouds,c02d,18
2026/8/11 18:45,10.3,33.1,40.1,61,24.5,988,1.3,165,2,10,11,7.4,283.3,91,40,84,1.9,0,0,d,801,Few clouds,c02d,18
2026/8/11 19:00,6.33,33,40.3,62,24.7,988,1.6,160,2,12,10,4,284.6,37,29,34,1.9,0,0,d,801,Few clouds,c02n,19
2026/8/11 19:15,2.51,32.9,40,62,24.6,989,1.6,162,2.2,12,12,0.7,286.1,28,22,26,1.9,0,0,d,801,Few clouds,c02n,19
2026/8/11 19:30,0.4,32.8,39.7,62,24.5,989,1.6,165,2.4,13,13,-2.6,287.6,19,15,18,0,0,0,d,801,Few clouds,c02n,19
2026/8/11 19:45,0,32.7,39.5,62,24.5,989,1.6,168,2.6,13,14,-5.9,289.1,9,7,8,0,0,0,d,801,Few clouds,c02n,19
2026/8/11 20:00,0,32.6,39.2,62,24.4,989,1.6,170,2.8,14,16,-9.2,290.6,0,0,0,0,0,0,n,801,Few clouds,c02n,20
2026/8/11 20:15,0,32.5,38.9,62,24.3,990,1.6,172,3,14,20,-12.3,292.5,0,0,0,0,0,0,n,801,Few clouds,c02n,20
2026/8/11 20:30,0,32.4,38.7,62,24.2,990,1.6,174,3.2,15,24,-15.5,294.3,0,0,0,0,0,0,n,802,Scattered clouds,c02n,20
2026/8/11 20:45,0,32.3,38.4,62,24.1,990,1.6,176,3.4,15,29,-18.6,296.1,0,0,0,0,0,0,n,802,Scattered clouds,c02n,20
2026/8/11 21:00,0,32.2,38.2,62,24,990,1.6,178,3.6,15,33,-21.8,298,0,0,0,0,0,0,n,802,Scattered clouds,c02n,21
2026/8/11 21:15,0,31.8,37.9,64,24.2,991,1.7,178,3.5,16,36,-24.7,300.4,0,0,0,0,0,0,n,802,Scattered clouds,c02n,21
2026/8/11 21:30,0,31.5,37.6,66,24.3,991,1.8,178,3.4,10,38,-27.6,302.9,0,0,0,0,0,0,n,802,Scattered clouds,c02n,21
2026/8/11 21:45,0.01,31.1,37.5,69,24.7,991,1.9,178,3.3,10,40,-30.5,305.3,0,0,0,0,0,0,n,802,Scattered clouds,c02n,21
2026/8/11 22:00,0,30.7,37.1,71,24.8,991,2,178,3.2,12,43,-33.5,307.7,0,0,0,0,0,0,n,803,Broken clouds,c03n,22
2026/8/11 22:15,0,30.4,36.6,72,24.8,991,2,178,3.1,12,40,-35.9,311.1,0,0,0,0,0,0,n,802,Scattered clouds,c02n,22
2026/8/11 22:30,0,30.2,36.2,73,24.8,991,2,177,3,16,38,-38.4,314.5,0,0,0,0,0,0,n,802,Scattered clouds,c02n,22
2026/8/11 22:45,0,29.9,35.7,74,24.7,991,2,176,2.9,16,35,-40.9,317.9,0,0,0,0,0,0,n,802,Scattered clouds,c02n,22
2026/8/11 23:00,0,29.6,35.2,75,24.7,991,2,176,2.8,16,32,-43.4,321.2,0,0,0,0,0,0,n,802,Scattered clouds,c02n,23
2026/8/11 23:15,0.01,29.6,35.2,75,24.7,991,2,176,2.8,16,29,-45.1,325.9,0,0,0,0,0,0,n,802,Scattered clouds,c02n,23
2026/8/11 23:30,0,29.6,35.2,75,24.7,991,2,175,2.8,10,26,-46.8,330.6,0,0,0,0,0,0,n,802,Scattered clouds,c02n,23
2026/8/11 23:45,0.01,29.6,35.2,75,24.7,991,2,174,2.8,10,22,-48.6,335.3,0,0,0,0,0,0,n,802,Scattered clouds,c02n,23
2026/8/12 0:00,0,29.6,35.2,75,24.7,991,2,174,2.8,10,19,-50.3,340,0,0,0,0,0,0,n,801,Few clouds,c02n,0
2026/8/12 0:15,0,29.4,35,76,24.7,991,2.1,176,2.9,12,17,-50.8,255.7,0,0,0,0,0,0,n,801,Few clouds,c02n,0
2026/8/12 0:30,0,29.3,34.8,77,24.8,991,2.2,179,3,13,15,-51.3,171.5,0,0,0,0,0,0,n,801,Few clouds,c02n,0
2026/8/12 0:45,0,29.1,34.5,78,24.8,991,2.3,182,3.1,13,13,-51.8,87.3,0,0,0,0,0,0,n,801,Few clouds,c02n,0
2026/8/12 1:00,0,28.9,34.3,79,24.9,991,2.4,184,3.2,13,11,-52.4,3,0,0,0,0,0,0,n,801,Few clouds,c02n,1
2026/8/12 1:15,0,28.9,34,78,24.7,991,2.4,186,3.2,14,12,-51.5,8.6,0,0,0,0,0,0,n,801,Few clouds,c02n,1
2026/8/12 1:30,0,28.9,34,78,24.7,991,2.4,189,3.2,15,12,-50.6,14.2,0,0,0,0,0,0,n,801,Few clouds,c02n,1
2026/8/12 1:45,0,28.9,34,78,24.7,991,2.4,192,3.2,15,12,-49.8,19.7,0,0,0,0,0,0,n,801,Few clouds,c02n,1
2026/8/12 2:00,0,28.9,33.8,77,24.5,991,2.4,194,3.2,16,13,-48.9,25.3,0,0,0,0,0,0,n,801,Few clouds,c02n,2
2026/8/12 2:15,0,28.9,33.8,77,24.5,991,2.3,197,3.4,16,12,-47,29.7,0,0,0,0,0,0,n,801,Few clouds,c02n,2
2026/8/12 2:30,0,28.9,33.8,77,24.5,991,2.2,200,3.6,10,10,-45,34,0,0,0,0,0,0,n,801,Few clouds,c02n,2
2026/8/12 2:45,0,28.9,33.8,77,24.5,991,2.1,203,3.8,10,9,-43.1,38.3,0,0,0,0,0,0,n,801,Few clouds,c02n,2
2026/8/12 3:00,0,28.9,33.8,77,24.5,991,2,206,4,10,8,-41.1,42.7,0,0,0,0,0,0,n,801,Few clouds,c02n,3
2026/8/12 3:15,0,28.7,33.5,78,24.5,991,2,210,4,12,10,-38.5,45.8,0,0,0,0,0,0,n,801,Few clouds,c02n,3
2026/8/12 3:30,0,28.5,33,78,24.3,991,2,213,4,16,12,-35.9,48.9,0,0,0,0,0,0,n,801,Few clouds,c02n,3
2026/8/12 3:45,0,28.3,32.7,79,24.3,991,2,216,4,16,15,-33.3,52,0,0,0,0,0,0,n,801,Few clouds,c02n,3
2026/8/12 4:00,0,28.1,32.4,80,24.3,991,2,220,4,16,17,-30.7,55.1,0,0,0,0,0,0,n,801,Few clouds,c02n,4
2026/8/12 4:15,0,28.1,32.4,80,24.3,991,2,222,4,16,24,-27.7,57.4,0,0,0,0,0,0,n,802,Scattered clouds,c02n,4
2026/8/12 4:30,0,28.1,32.4,80,24.3,991,2,225,4,10,32,-24.7,59.6,0,0,0,0,0,0,n,802,Scattered clouds,c02n,4
2026/8/12 4:45,0,28.1,32.4,80,24.3,991,2,228,4,10,39,-21.7,61.9,0,0,0,0,0,0,n,802,Scattered clouds,c02n,4
2026/8/12 5:00,0,28.1,32.4,80,24.3,991,2,230,4,10,46,-18.7,64.2,0,0,0,0,0,0,n,803,Broken clouds,c03n,5
2026/8/12 5:15,0,28.3,32.9,80,24.5,991,2,233,3.9,12,48,-15.5,65.9,0,0,0,0,0,0,n,803,Broken clouds,c03n,5
2026/8/12 5:30,0,28.5,33.4,80,24.7,991,2,236,3.8,13,50,-12.3,67.6,0,0,0,0,0,0,n,803,Broken clouds,c03n,5
2026/8/12 5:45,0.01,28.7,33.7,79,24.7,991,2,239,3.7,13,53,-9.1,69.4,0,0,0,0,0,0,n,803,Broken clouds,c03n,5
2026/8/12 6:00,0.01,28.9,34.3,79,24.9,991,2,242,3.6,14,55,-5.9,71.1,0,0,0,0,0,0,n,803,Broken clouds,c03n,6
2026/8/12 6:15,0.01,28.8,34,79,24.8,991,2,240,3.6,14,54,-2.6,72.6,21,11,17,0,0,0,d,803,Broken clouds,c03n,6
2026/8/12 6:30,2.39,28.7,33.9,80,24.9,991,2,238,3.6,15,52,0.7,74,42,21,35,1.3,0,0,d,803,Broken clouds,c03n,6
2026/8/12 6:45,7.35,28.6,33.7,80,24.8,991,2,236,3.6,15,50,4.1,75.4,63,32,53,1.3,0,0,d,803,Broken clouds,c03d,6
2026/8/12 7:00,16.18,28.5,33.4,80,24.7,991,2,234,3.6,16,49,7.4,76.9,84,43,71,1.4,0,0,d,803,Broken clouds,c03d,7
2026/8/12 7:15,25.43,28.5,33.4,80,24.7,991,2,235,3.8,16,40,10.8,78.2,140,51,124,1.5,0,0,d,802,Scattered clouds,c02d,7
2026/8/12 7:30,35.58,28.5,33.6,81,24.9,991,2,236,4,8,32,14.2,79.5,197,60,179,1.7,0,0,d,802,Scattered clouds,c02d,7
2026/8/12 7:45,48.26,28.5,33.8,82,25.1,991,2,237,4.2,8,24,17.6,80.8,254,69,233,2,0,0,d,802,Scattered clouds,c02d,7
2026/8/12 8:00,62.11,28.5,33.8,82,25.1,991,2,238,4.4,8,15,21,82,310,77,286,2.3,0,0,d,801,Few clouds,c02d,8
2026/8/12 8:15,78.44,28.6,34,82,25.2,991,2,240,4.5,11,12,24.4,83.3,369,82,341,2.6,0,0,d,801,Few clouds,c02d,8
2026/8/12 8:30,96.11,28.7,34.3,82,25.3,992,2,241,4.6,8,10,27.9,84.6,428,87,395,3,0,0,d,801,Few clouds,c02d,8
2026/8/12 8:45,108.33,28.8,34.6,82,25.4,992,2,242,4.7,8,7,31.3,85.9,487,92,450,3.5,0,0,d,801,Few clouds,c02d,8
2026/8/12 9:00,123.16,28.9,34.9,82,25.5,992,2,244,4.8,10,4,34.8,87.2,546,97,504,4,0,0,d,801,Few clouds,c02d,9
2026/8/12 9:15,126.54,29.9,36.9,78,25.7,992,2,244,5,11,4,38.2,88.6,599,101,552,4.5,0,0,d,801,Few clouds,c02d,9
2026/8/12 9:30,150.32,31,38.7,74,25.8,992,2,244,5.2,16,5,41.7,90.1,651,104,600,5.1,0,0,d,801,Few clouds,c02d,9
2026/8/12 9:45,165.1,32,40.7,71,26,992,2,244,5.4,16,6,45.2,91.5,704,108,648,5.7,0,0,d,801,Few clouds,c02d,9
2026/8/12 10:00,53.23,33,42.2,67,26,992,2,244,5.6,16,6,48.6,93,756,111,696,6.3,0,0,d,801,Few clouds,c02d,10
2026/8/12 10:15,3.87,33,42.2,67,26,992,2,244,5.6,10,6,52.1,95.1,797,113,734,6.9,0,0,d,801,Few clouds,c02d,10
2026/8/12 10:30,4.46,33,42.6,68,26.3,992,2,245,5.6,10,6,55.5,97.2,837,115,770,7.6,0,0,d,801,Few clouds,c02d,10
2026/8/12 10:45,3.95,33,42.6,68,26.3,992,2,246,5.6,10,7,58.9,99.2,878,118,807,8.1,0,0,d,801,Few clouds,c02d,10
2026/8/12 11:00,27.54,33,42.6,68,26.3,992,2,246,5.6,10,7,62.4,101.3,919,120,845,8.8,0,0,d,801,Few clouds,c02d,11
2026/8/12 11:15,26.41,33.1,42.9,68,26.4,992,2,244,5.7,10,7,65.6,105.9,943,121,867,9.3,0,0,d,801,Few clouds,c02d,11
2026/8/12 11:30,52.02,33.2,43.1,68,26.4,992,2,243,5.8,10,6,68.9,110.6,968,122,889,9.9,0,0,d,801,Few clouds,c02d,11
2026/8/12 11:45,118.1,33.2,42.9,67,26.3,992,2,242,5.9,10,6,72.1,115.2,993,123,913,10.3,0,0,d,801,Few clouds,c02d,11
2026/8/12 12:00,54.76,33.3,43.1,67,26.3,992,2,240,6,10,6,75.4,119.8,1018,125,936,10.8,0,0,d,801,Few clouds,c02d,12
2026/8/12 12:15,82.82,33.9,44,65,26.4,992,2,240,6,12,8,77.1,138.2,1025,125,942,10.8,0,0,d,801,Few clouds,c02d,12
2026/8/12 12:30,53.32,34.5,44.4,62,26.1,992,2,241,6,16,10,78.7,156.7,1032,125,950,10.8,0,0,d,801,Few clouds,c02d,12
2026/8/12 12:45,157.11,35,45.1,60,26.1,992,2,242,6,16,12,80.4,175.1,1039,125,956,10.8,0,0,d,801,Few clouds,c02d,12
2026/8/12 13:00,78.31,35.6,45.9,58,26,991,2,242,6,16,14,82,193.5,1046,126,962,10.7,0,0,d,801,Few clouds,c02d,13
2026/8/12 13:15,47.74,35.7,45.6,57,25.8,991,2,242,5.9,16,13,79.6,206.9,1034,125,952,10.6,0,0,d,801,Few clouds,c02d,13
2026/8/12 13:30,10.04,35.8,45.3,56,25.6,991,2,243,5.8,16,12,77.1,220.3,1022,125,943,10.5,0,0,d,801,Few clouds,c02d,13
2026/8/12 13:45,2.67,35.8,45.5,56,25.7,991,2,244,5.7,16,12,74.7,233.6,1011,124,932,10.2,0,0,d,801,Few clouds,c02d,13
2026/8/12 14:00,83.1,35.9,45.2,55,25.4,990,2,244,5.6,16,11,72.2,247,999,124,922,10,0,0,d,801,Few clouds,c02d,14
2026/8/12 14:15,58.71,36,45,54,25.2,990,2,248,5.6,16,18,68.9,250.6,970,122,894,9,0,0,d,801,Few clouds,c02d,14
2026/8/12 14:30,40.99,36.1,45.3,54,25.3,990,2,252,5.6,16,25,65.5,254.1,941,121,862,8.1,0,0,d,802,Scattered clouds,c02d,14
2026/8/12 14:45,3.97,36.2,45.6,54,25.4,990,2,256,5.6,16,32,62.2,257.6,911,119,825,7.1,0,0,d,802,Scattered clouds,c02d,14
2026/8/12 15:00,4.72,36.3,45.4,53,25.2,990,2,260,5.6,16,39,58.8,261.2,882,118,784,6.3,0,0,d,802,Scattered clouds,c02d,15
2026/8/12 15:15,3.97,36.1,45.4,54,25.3,990,1.9,265,5.5,16,35,55.4,263,838,115,753,6,0,0,d,802,Scattered clouds,c02d,15
2026/8/12 15:30,4.43,36,45.9,56,25.8,990,1.8,270,5.4,16,32,51.9,264.9,794,113,717,5.6,0,0,d,802,Scattered clouds,c02d,15
2026/8/12 15:45,3.95,35.8,45.9,57,25.9,990,1.7,275,5.3,16,28,48.5,266.7,750,110,682,5.3,0,0,d,802,Scattered clouds,c02d,15
2026/8/12 16:00,3.95,35.6,45.9,58,26,989,1.6,280,5.2,16,24,45.1,268.5,706,108,645,4.9,0,0,d,802,Scattered clouds,c02d,16
2026/8/12 16:15,43.78,35.4,45.3,58,25.9,989,1.6,274,5.1,16,23,41.6,269.9,651,104,596,4.4,0,0,d,802,Scattered clouds,c02d,16
2026/8/12 16:30,55.09,35.2,45.2,59,26,989,1.6,268,5,10,22,38.1,271.3,596,100,546,3.9,0,0,d,802,Scattered clouds,c02d,16
2026/8/12 16:45,4.86,35,45.1,60,26.1,989,1.6,262,4.9,10,21,34.7,272.7,541,97,496,3.5,0,0,d,802,Scattered clouds,c02d,16
2026/8/12 17:00,8.69,34.8,44.5,60,25.9,988,1.6,256,4.8,10,20,31.2,274.1,486,93,446,3.1,0,0,d,801,Few clouds,c02d,17
2026/8/12 17:15,4.21,33.6,43.2,65,26.1,989,1.6,247,4.6,12,22,27.8,275.3,427,87,391,2.7,0.5,0,d,231,Thunderstorm with drizzle,t04d,17
2026/8/12 17:30,18.89,32.4,41.6,70,26.2,989,1.6,238,4.4,10,24,24.3,276.6,368,82,336,2.4,1,0,d,200,Thunderstorm with light rain,t01d,17
2026/8/12 17:45,26.47,31.2,39.4,74,26,989,1.6,229,4.2,10,26,20.9,277.9,308,76,281,2.1,0.75,0,d,231,Thunderstorm with drizzle,t04d,17
2026/8/12 18:00,27.86,30,37.4,79,26,989,1.6,220,4,12,28,17.5,279.1,249,70,226,1.9,0.5,0,d,231,Thunderstorm with drizzle,t04d,18
2026/8/12 18:15,19.22,29.8,36.9,79,25.8,989,1.5,214,3.9,12,24,14.1,280.4,195,60,178,1.9,0.75,0,d,231,Thunderstorm with drizzle,t04d,18
2026/8/12 18:30,8.57,29.7,36.4,79,25.6,989,1.4,208,3.8,13,20,10.7,281.8,142,49,130,1.8,1,0,d,200,Thunderstorm with light rain,t01d,18
2026/8/12 18:45,5.93,29.5,35.8,79,25.4,989,1.3,202,3.7,13,15,7.3,283.1,89,39,82,1.9,0.5,0,d,231,Thunderstorm with drizzle,t04d,18
2026/8/12 19:00,5.13,29.3,35.4,79,25.3,989,1.2,196,3.6,14,11,3.9,284.4,35,29,32,1.9,0,0,d,801,Few clouds,c02n,19
2026/8/12 19:15,0.68,29.2,35.1,79,25.2,989,1.3,190,3.5,14,13,0.6,285.9,27,22,25,1.9,0,0,d,801,Few clouds,c02n,19
2026/8/12 19:30,0.17,29.1,35,80,25.3,989,1.4,184,3.4,15,15,-2.7,287.4,18,14,17,0,0,0,d,801,Few clouds,c02n,19
2026/8/12 19:45,0,29,34.7,80,25.2,989,1.5,178,3.3,15,17,-6,288.9,9,7,8,0,0,0,d,801,Few clouds,c02n,19
2026/8/12 20:00,0,28.9,34.5,80,25.1,989,1.6,172,3.2,15,19,-9.3,290.4,0,0,0,0,0,0,n,801,Few clouds,c02n,20
2026/8/12 20:15,0,28.8,34.2,80,25,990,1.7,173,3,16,18,-12.5,292.2,0,0,0,0,0,0,n,801,Few clouds,c02n,20
2026/8/12 20:30,0,28.7,34.1,81,25.1,990,1.8,174,2.8,16,16,-15.7,294,0,0,0,0,0,0,n,801,Few clouds,c02n,20
2026/8/12 20:45,0,28.6,34,82,25.2,991,1.9,175,2.6,16,14,-18.8,295.9,0,0,0,0,0.25,0,n,801,Few clouds,c02n,20
2026/8/12 21:00,0,28.5,33.8,82,25.1,991,2,176,2.4,16,13,-22,297.7,0,0,0,0,0.5,0,n,301,Drizzle,d02n,21
2026/8/12 21:15,0,28.3,33.3,82,25,991,1.9,172,2.5,16,15,-24.9,300.2,0,0,0,0,0.25,0,n,801,Few clouds,c02n,21
2026/8/12 21:30,0,28.2,33,83,25,991,1.8,167,2.6,16,18,-27.8,302.6,0,0,0,0,0,0,n,801,Few clouds,c02n,21
2026/8/12 21:45,0,28,32.7,84,25,991,1.7,162,2.7,16,20,-30.8,305,0,0,0,0,0,0,n,801,Few clouds,c02n,21
2026/8/12 22:00,0,27.8,32.2,84,24.8,991,1.6,158,2.8,16,22,-33.7,307.5,0,0,0,0,0,0,n,802,Scattered clouds,c02n,22
2026/8/12 22:15,0,27.6,31.9,86,25,991,1.4,159,2.5,16,25,-36.2,310.9,0,0,0,0,0,0,n,802,Scattered clouds,c02n,22
2026/8/12 22:30,0,27.4,31.6,88,25.2,992,1.2,160,2.2,16,28,-38.7,314.3,0,0,0,0,0,0,n,802,Scattered clouds,c02n,22
2026/8/12 22:45,0,27.2,31.3,90,25.4,992,1,161,1.9,16,31,-41.2,317.7,0,0,0,0,0,0,n,802,Scattered clouds,c02n,22
2026/8/12 23:00,0,27,30.9,92,25.6,992,0.8,162,1.6,16,34,-43.7,321,0,0,0,0,0,0,n,802,Scattered clouds,c02n,23
2026/8/12 23:15,0,27,30.9,92,25.6,992,0.7,160,1.9,16,38,-45.4,325.8,0,0,0,0,0,0,n,802,Scattered clouds,c02n,23
2026/8/12 23:30,0,27,30.9,92,25.6,992,0.6,157,2.2,10,43,-47.1,330.5,0,0,0,0,0,0,n,803,Broken clouds,c03n,23
2026/8/12 23:45,0,27,30.9,92,25.6,992,0.5,154,2.5,10,48,-48.8,335.2,0,0,0,0,0,0,n,803,Broken clouds,c03n,23
2026/8/13 0:00,0,27,30.9,92,25.6,992,0.4,152,2.8,12,52,-50.6,339.9,0,0,0,0,0,0,n,803,Broken clouds,c03n,0
2026/8/13 0:15,0,26.9,30.7,92,25.5,992,0.6,116,2.6,12,55,-51.1,255.7,0,0,0,0,0,0,n,803,Broken clouds,c03n,0
2026/8/13 0:30,0,26.9,30.5,92,25.4,992,0.8,81,2.4,13,58,-51.6,171.5,0,0,0,0,0,0,n,803,Broken clouds,c03n,0
2026/8/13 0:45,0,26.8,30.3,92,25.4,992,1,46,2.2,13,62,-52.1,87.3,0,0,0,0,0,0,n,803,Broken clouds,c03n,0
2026/8/13 1:00,0,26.7,30.1,92,25.3,992,1.2,10,2,14,65,-52.7,3.1,0,0,0,0,0,0,n,803,Broken clouds,c03n,1
2026/8/13 1:15,0,26.7,30.1,92,25.3,992,1.3,14,2,14,62,-51.8,8.7,0,0,0,0,0.25,0,n,803,Broken clouds,c03n,1
2026/8/13 1:30,0,26.7,30.1,92,25.3,992,1.4,17,2,10,60,-50.9,14.3,0,0,0,0,0.5,0,n,301,Drizzle,d02n,1
2026/8/13 1:45,0,26.7,30.1,92,25.3,992,1.5,20,2,10,58,-50.1,19.9,0,0,0,0,0.5,0,n,301,Drizzle,d02n,1
2026/8/13 2:00,0,26.7,30.1,92,25.3,992,1.6,24,2,10,55,-49.2,25.6,0,0,0,0,0.5,0,n,301,Drizzle,d02n,2
2026/8/13 2:15,0,26.6,27.7,92,25.2,992,1.6,28,2.7,12,60,-47.2,29.9,0,0,0,0,0.5,0,n,301,Drizzle,d02n,2
2026/8/13 2:30,0,26.5,27.6,93,25.3,992,1.6,33,3.4,13,66,-45.3,34.3,0,0,0,0,0.5,0,n,301,Drizzle,d02n,2
2026/8/13 2:45,0,26.4,27.5,94,25.4,991,1.6,38,4.1,13,72,-43.3,38.6,0,0,0,0,0.5,0,n,301,Drizzle,d02n,2
2026/8/13 3:00,0,26.3,27.4,94,25.3,991,1.6,42,4.8,13,77,-41.3,43,0,0,0,0,0.5,0,n,301,Drizzle,d02n,3
2026/8/13 3:15,0,26.3,27.4,94,25.3,991,1.6,42,4.9,14,81,-38.7,46.1,0,0,0,0,0.25,0,n,804,Overcast clouds,c04n,3
2026/8/13 3:30,0,26.3,27.4,94,25.3,992,1.6,42,5,15,85,-36.1,49.2,0,0,0,0,0,0,n,804,Overcast clouds,c04n,3
2026/8/13 3:45,0,26.3,27.4,94,25.3,992,1.6,42,5.1,15,89,-33.5,52.3,0,0,0,0,0,0,n,804,Overcast clouds,c04n,3
2026/8/13 4:00,0,26.3,27.4,94,25.3,992,1.6,42,5.2,16,93,-30.8,55.4,0,0,0,0,0,0,n,804,Overcast clouds,c04n,4
2026/8/13 4:15,0,26.2,27.3,94,25.2,992,1.5,41,4.7,16,94,-27.8,57.7,0,0,0,0,0,0,n,804,Overcast clouds,c04n,4
2026/8/13 4:30,0,26.1,27.2,95,25.2,992,1.4,40,4.2,16,95,-24.8,59.9,0,0,0,0,0,0,n,804,Overcast clouds,c04n,4
2026/8/13 4:45,0,26,27.2,96,25.3,991,1.3,39,3.7,16,96,-21.8,62.2,0,0,0,0,0,0,n,804,Overcast clouds,c04n,4
2026/8/13 5:00,0,25.9,27.1,96,25.2,991,1.2,38,3.2,16,97,-18.8,64.5,0,0,0,0,0,0,n,804,Overcast clouds,c04n,5
2026/8/13 5:15,0,26,27.2,96,25.3,991,1.1,38,2.8,16,98,-15.6,66.2,0,0,0,0,0,0,n,804,Overcast clouds,c04n,5
2026/8/13 5:30,0,26.1,27.3,96,25.4,992,1,39,2.4,10,98,-12.4,67.9,0,0,0,0,0,0,n,804,Overcast clouds,c04n,5
2026/8/13 5:45,0,26.2,27.4,96,25.5,992,0.9,40,2,10,99,-9.2,69.7,0,0,0,0,0,0,n,804,Overcast clouds,c04n,5
2026/8/13 6:00,0,26.3,27.5,96,25.6,992,0.8,40,1.6,10,100,-6,71.4,0,0,0,0,0,0,n,804,Overcast clouds,c04n,6
2026/8/13 6:15,0.01,26.3,27.5,96,25.6,992,0.8,35,1.6,12,100,-2.7,72.9,21,11,11,0,0,0,d,804,Overcast clouds,c04n,6
2026/8/13 6:30,2.34,26.3,27.5,96,25.6,992,0.8,30,1.6,10,100,0.7,74.3,41,21,21,0.6,0,0,d,804,Overcast clouds,c04n,6
2026/8/13 6:45,5.93,26.3,27.5,96,25.6,992,0.8,25,1.6,10,100,4,75.7,62,32,33,0.6,0,0,d,804,Overcast clouds,c04d,6
2026/8/13 7:00,12.54,26.3,27.5,96,25.6,992,0.8,20,1.6,12,100,7.3,77.2,83,43,44,0.6,0,0,d,804,Overcast clouds,c04d,7
2026/8/13 7:15,22.24,26.2,27.4,96,25.5,992,0.8,94,2.2,12,100,10.7,78.5,139,51,53,0.7,0,0,d,804,Overcast clouds,c04d,7
2026/8/13 7:30,22.95,26.1,27.3,96,25.4,992,0.8,167,2.8,13,99,14.1,79.8,196,60,69,0.7,0,0,d,804,Overcast clouds,c04d,7
2026/8/13 7:45,0,26,27.2,96,25.3,992,0.8,240,3.4,13,98,17.5,81.1,253,68,87,0.8,0,0,d,804,Overcast clouds,c04d,7
2026/8/13 8:00,50.35,25.9,27.1,96,25.2,992,0.8,314,4,14,98,20.9,82.4,309,77,101,0.8,0,0,d,804,Overcast clouds,c04d,8
2026/8/13 8:15,85.44,25.8,27,97,25.3,992,0.9,312,4,14,98,24.4,83.7,368,82,111,0.9,0,0,d,741,Fog,a05d,8
2026/8/13 8:30,107.73,25.8,26.9,98,25.4,993,1,309,4,10,98,27.8,84.9,427,87,120,1,0,0,d,741,Fog,a05d,8
2026/8/13 8:45,121.75,25.7,26.9,99,25.5,993,1.1,306,4,10,98,31.3,86.2,486,92,130,1.2,0,0,d,741,Fog,a05d,8
2026/8/13 9:00,148.4,25.6,26.8,100,25.6,993,1.2,304,4,10,98,34.7,87.5,545,97,139,1.3,0,0,d,741,Fog,a05d,9
2026/8/13 9:15,99.58,26.6,27.8,96,25.9,993,1.3,307,3.7,12,98,38.2,89,598,101,147,1.5,0,0,d,804,Overcast clouds,c04d,9
2026/8/13 9:30,130.24,27.6,32.7,91,26,993,1.4,310,3.4,10,98,41.7,90.5,651,104,154,1.7,0,0,d,804,Overcast clouds,c04d,9
2026/8/13 9:45,98.72,28.6,34.9,86,26,993,1.5,313,3.1,10,98,45.1,92,703,108,162,1.9,0,0,d,804,Overcast clouds,c04d,9
2026/8/13 10:00,32.71,29.6,37,82,26.2,993,1.6,316,2.8,12,98,48.6,93.4,756,111,168,2.1,0,0,d,804,Overcast clouds,c04d,10
2026/8/13 10:15,104.38,29.6,37,82,26.2,993,1.7,320,2.8,12,98,52,95.6,796,113,173,2.3,0,0,d,804,Overcast clouds,c04d,10
2026/8/13 10:30,179.19,29.6,37,82,26.2,993,1.8,324,2.8,10,98,55.4,97.7,837,115,178,2.5,0,0,d,804,Overcast clouds,c04d,10
2026/8/13 10:45,194.25,29.6,36.7,81,26,993,1.9,328,2.8,10,98,58.9,99.8,878,118,186,2.8,0,0,d,804,Overcast clouds,c04d,10
2026/8/13 11:00,201.08,29.6,36.7,81,26,993,2,332,2.8,10,98,62.3,102,918,120,191,3,0,0,d,804,Overcast clouds,c04d,11
2026/8/13 11:15,232.31,29.6,36.5,80,25.8,993,2,332,2.8,12,98,65.5,106.7,943,121,195,3.2,0,0,d,804,Overcast clouds,c04d,11
2026/8/13 11:30,121.18,29.6,36.5,80,25.8,993,2,332,2.8,10,98,68.8,111.4,968,122,198,3.3,0,0,d,804,Overcast clouds,c04d,11
2026/8/13 11:45,95.46,29.6,36.5,80,25.8,992,2,332,2.8,10,99,72,116.2,993,123,171,3.4,0,0,d,804,Overcast clouds,c04d,11
2026/8/13 12:00,42.63,29.6,36.2,79,25.6,992,2,332,2.8,10,99,75.3,120.9,1018,125,176,3.6,0,0,d,804,Overcast clouds,c04d,12
2026/8/13 12:15,71.65,30.2,37.3,77,25.7,992,2,331,3.8,12,99,76.9,139,1024,125,175,3.6,0.25,0,d,804,Overcast clouds,c04d,12
2026/8/13 12:30,12.68,30.8,38.4,75,25.8,992,2,330,4.8,10,99,78.5,157.1,1031,125,175,3.7,0.5,0,d,301,Drizzle,d02d,12
2026/8/13 12:45,4.02,31.3,39.5,73,25.9,992,2,329,5.8,10,99,80.1,175.2,1038,125,175,3.7,0.25,0,d,804,Overcast clouds,c04d,12
2026/8/13 13:00,4,31.9,40.5,71,26,992,2,328,6.8,10,99,81.7,193.3,1045,126,176,3.8,0,0,d,804,Overcast clouds,c04d,13
2026/8/13 13:15,3.94,32.1,40.6,70,25.9,992,2,328,6.8,12,99,79.3,206.6,1033,125,175,3.7,0,0,d,804,Overcast clouds,c04d,13
2026/8/13 13:30,47.05,32.3,41.2,70,26.1,992,2,327,6.8,13,100,76.9,219.8,1022,125,143,3.5,0,0,d,804,Overcast clouds,c04d,13
2026/8/13 13:45,29.71,32.4,41.3,69,26,992,2,326,6.8,13,100,74.4,233,1010,124,142,3.4,0,0,d,804,Overcast clouds,c04d,13
2026/8/13 14:00,25.26,32.6,41.4,68,25.9,991,2,326,6.8,14,100,72,246.2,998,124,142,3.4,0,0,d,804,Overcast clouds,c04d,14
2026/8/13 14:15,60.66,32.7,41.3,67,25.8,991,2.1,326,6.7,14,100,68.7,249.8,969,122,140,3.2,0,0,d,804,Overcast clouds,c04d,14
2026/8/13 14:30,29.98,32.8,41.2,66,25.6,991,2.2,327,6.6,10,100,65.4,253.4,940,121,139,3,0,0,d,804,Overcast clouds,c04d,14
2026/8/13 14:45,6.44,32.9,41.5,66,25.7,991,2.3,328,6.5,10,99,62,257,910,119,164,2.9,0,0,d,804,Overcast clouds,c04d,14
2026/8/13 15:00,3.97,33,41.4,65,25.5,991,2.4,328,6.4,10,99,58.7,260.6,881,118,162,2.7,0,0,d,804,Overcast clouds,c04d,15
2026/8/13 15:15,23.19,33.2,41.5,64,25.4,991,2.3,330,6.1,12,98,55.3,262.5,837,115,182,2.5,0.25,0,d,804,Overcast clouds,c04d,15
2026/8/13 15:30,15.12,33.4,41.6,63,25.3,991,2.2,331,5.8,13,98,51.8,264.4,792,113,177,2.3,0.5,0,d,301,Drizzle,d02d,15
2026/8/13 15:45,28.18,33.5,41.7,62,25.2,991,2.1,332,5.5,13,98,48.4,266.3,748,110,154,2.1,1.5,0,d,500,Light rain,r01d,15
2026/8/13 16:00,19.9,33.7,41.8,61,25.1,990,2,334,5.2,14,97,44.9,268.2,704,108,158,1.9,2.5,0,d,500,Light rain,r01d,16
2026/8/13 16:15,61.82,33.9,41.8,60,25,990,1.8,334,4.8,14,90,41.5,269.6,649,104,176,2,3.25,0,d,500,Light rain,r01d,16
2026/8/13 16:30,31.69,34.1,41.9,59,24.9,990,1.6,335,4.4,15,84,38,271,594,100,235,1.9,4,0,d,501,Moderate rain,r02d,16
2026/8/13 16:45,13.23,34.2,42,58,24.8,990,1.4,336,4,15,78,34.5,272.4,539,97,275,1.9,3.25,0,d,500,Light rain,r01d,16
2026/8/13 17:00,3.18,34.4,42,57,24.6,989,1.2,336,3.6,16,71,31.1,273.8,484,93,301,1.8,2.5,0,d,500,Light rain,r01d,17
2026/8/13 17:15,104.63,33.5,40.8,60,24.6,989,1,317,3.1,16,72,27.6,275,425,87,262,1.6,1.5,0,d,500,Light rain,r01d,17
2026/8/13 17:30,77.62,32.6,39.4,63,24.6,989,0.8,298,2.6,10,72,24.2,276.3,365,81,231,1.4,0.5,0,d,301,Drizzle,d02d,17
2026/8/13 17:45,3.96,31.6,38,66,24.5,989,0.6,279,2.1,10,73,20.7,277.6,306,76,189,1.3,0.5,0,d,301,Drizzle,d02d,17
2026/8/13 18:00,4,30.7,36.5,69,24.4,989,0.4,260,1.6,10,74,17.3,278.8,246,70,149,1.2,0.5,0,d,301,Drizzle,d02d,18
2026/8/13 18:15,3.96,30.6,36.9,71,24.8,989,0.6,240,1.5,12,70,13.9,280.2,193,59,127,1.1,0.25,0,d,803,Broken clouds,c03d,18
2026/8/13 18:30,3.97,30.6,37.3,73,25.2,989,0.8,219,1.4,13,65,10.5,281.5,140,49,100,1.2,0,0,d,803,Broken clouds,c03d,18
2026/8/13 18:45,3.98,30.5,37.6,75,25.5,989,1,198,1.3,13,60,7.1,282.8,87,38,67,1.2,0,0,d,803,Broken clouds,c03d,18
2026/8/13 19:00,4.06,30.4,38,77,25.9,989,1.2,178,1.2,14,56,3.7,284.1,34,28,54,1.3,0,0,d,803,Broken clouds,c03n,19
2026/8/13 19:15,3.2,30.4,37.7,76,25.7,990,1.3,181,1.5,14,48,0.4,285.6,25,21,21,1.4,0,0,d,803,Broken clouds,c03n,19
2026/8/13 19:30,0.69,30.4,37.1,74,25.2,990,1.4,184,1.8,16,41,-2.9,287.1,17,14,15,0,0,0,d,803,Broken clouds,c03n,19
2026/8/13 19:45,0,30.4,36.8,73,25,990,1.5,187,2.1,16,34,-6.2,288.6,8,7,7,0,0,0,d,802,Scattered clouds,c02n,19
2026/8/13 20:00,0,30.4,36.6,72,24.8,990,1.6,190,2.4,16,26,-9.5,290.1,0,0,0,0,0,0,n,802,Scattered clouds,c02n,20
2026/8/13 20:15,0,30.2,36.3,73,24.8,991,1.6,184,2.1,16,30,-12.7,291.9,0,0,0,0,0,0,n,802,Scattered clouds,c02n,20
2026/8/13 20:30,0,30,36,74,24.9,991,1.6,179,1.8,10,34,-15.9,293.8,0,0,0,0,0,0,n,802,Scattered clouds,c02n,20
2026/8/13 20:45,0,29.8,35.5,74,24.7,991,1.6,174,1.6,10,38,-19,295.6,0,0,0,0,0,0,n,802,Scattered clouds,c02n,20
2026/8/13 21:00,0,29.6,35.2,75,24.7,991,1.6,168,1.6,10,42,-22.2,297.5,0,0,0,0,0,0,n,803,Broken clouds,c03n,21
2026/8/13 21:15,0,29.4,35,76,24.7,991,1.6,168,1.6,12,40,-25.1,299.9,0,0,0,0,0,0,n,802,Scattered clouds,c02n,21
2026/8/13 21:30,0,29.3,35,78,25,992,1.6,167,1.6,10,38,-28.1,302.4,0,0,0,0,0,0,n,802,Scattered clouds,c02n,21
2026/8/13 21:45,0,29.1,34.7,79,25.1,992,1.6,166,1.6,10,35,-31,304.8,0,0,0,0,0,0,n,802,Scattered clouds,c02n,21
2026/8/13 22:00,0,28.9,34.5,80,25.1,992,1.6,166,1.6,12,33,-33.9,307.2,0,0,0,0,0,0,n,802,Scattered clouds,c02n,22
2026/8/13 22:15,0,28.8,34.4,81,25.2,992,1.6,165,1.6,12,36,-36.4,310.6,0,0,0,0,0,0,n,802,Scattered clouds,c02n,22
2026/8/13 22:30,0,28.7,34.3,82,25.3,992,1.6,164,1.6,10,40,-38.9,314,0,0,0,0,0,0,n,802,Scattered clouds,c02n,22
2026/8/13 22:45,0,28.6,34.2,83,25.4,992,1.6,163,1.6,10,43,-41.4,317.4,0,0,0,0,0,0,n,803,Broken clouds,c03n,22
2026/8/13 23:00,0,28.5,34.1,84,25.5,992,1.6,162,1.6,10,46,-43.9,320.8,0,0,0,0,0,0,n,803,Broken clouds,c03n,23
2026/8/13 23:15,0,28.4,33.9,84,25.4,992,1.5,160,1.5,12,47,-45.7,325.6,0,0,0,0,0,0,n,803,Broken clouds,c03n,23
2026/8/13 23:30,0,28.3,33.8,85,25.5,992,1.4,157,1.8,13,48,-47.4,330.3,0,0,0,0,0,0,n,803,Broken clouds,c03n,23
2026/8/13 23:45,0,28.2,33.6,86,25.6,992,1.3,154,2.1,13,48,-49.1,335.1,0,0,0,0,0,0,n,803,Broken clouds,c03n,23
2026/8/14 0:00,0,28.1,33.4,86,25.5,992,1.2,152,2.4,14,49,-50.9,339.8,0,0,0,0,0,0,n,803,Broken clouds,c03n,0
2026/8/14 0:15,0,28,33.1,86,25.5,992,1.2,149,2.5,14,54,-51.4,255.6,0,0,0,0,0,0,n,803,Broken clouds,c03n,0
2026/8/14 0:30,0,28,32.9,86,25.4,992,1.2,146,2.6,10,59,-51.9,171.5,0,0,0,0,0,0,n,803,Broken clouds,c03n,0
2026/8/14 0:45,0,27.9,32.7,86,25.3,992,1.2,143,2.7,10,64,-52.4,87.3,0,0,0,0,0,0,n,803,Broken clouds,c03n,0
2026/8/14 1:00,0,27.8,32.5,86,25.2,992,1.2,140,2.8,10,69,-53,3.2,0,0,0,0,0,0,n,803,Broken clouds,c03n,1
2026/8/14 1:15,0,27.7,32.2,86,25.1,992,1.2,132,2.5,12,73,-52.1,8.9,0,0,0,0,0,0,n,804,Overcast clouds,c04n,1
2026/8/14 1:30,0.01,27.6,32.1,87,25.2,992,1.2,123,2.2,10,77,-51.2,14.5,0,0,0,0,0,0,n,804,Overcast clouds,c04n,1
2026/8/14 1:45,0,27.5,31.9,88,25.3,992,1.2,114,1.9,10,81,-50.3,20.2,0,0,0,0,0,0,n,804,Overcast clouds,c04n,1
2026/8/14 2:00,0,27.4,31.6,88,25.2,992,1.2,106,1.6,10,85,-49.5,25.8,0,0,0,0,0,0,n,804,Overcast clouds,c04n,2
2026/8/14 2:15,0,27.5,31.9,88,25.3,992,1.3,100,2.3,12,85,-47.5,30.2,0,0,0,0,0,0,n,804,Overcast clouds,c04n,2
2026/8/14 2:30,0,27.6,32.2,88,25.4,992,1.4,95,3,11,86,-45.5,34.6,0,0,0,0,0,0,n,804,Overcast clouds,c04n,2
2026/8/14 2:45,0,27.7,32.5,88,25.5,991,1.5,90,3.7,11,86,-43.5,38.9,0,0,0,0,0,0,n,804,Overcast clouds,c04n,2
2026/8/14 3:00,0,27.8,32.8,88,25.6,991,1.6,84,4.4,11,86,-41.6,43.3,0,0,0,0,0,0,n,804,Overcast clouds,c04n,3
2026/8/14 3:15,0,27.6,32.4,89,25.6,991,1.4,72,4,11,88,-38.9,46.4,0,0,0,0,0,0,n,804,Overcast clouds,c04n,3
2026/8/14 3:30,0,27.4,31.9,90,25.6,992,1.2,59,3.6,12,90,-36.3,49.5,0,0,0,0,0,0,n,804,Overcast clouds,c04n,3
2026/8/14 3:45,0,27.2,31.4,91,25.6,992,1,46,3.2,12,93,-33.6,52.6,0,0,0,0,0,0,n,804,Overcast clouds,c04n,3
2026/8/14 4:00,0,27,30.9,92,25.6,992,0.8,34,2.8,12,95,-31,55.7,0,0,0,0,0,0,n,804,Overcast clouds,c04n,4
2026/8/14 4:15,0,26.9,30.8,93,25.7,992,0.8,98,2.9,12,94,-28,58,0,0,0,0,0.75,0,n,301,Drizzle,d02n,4
2026/8/14 4:30,0,26.9,30.7,94,25.8,992,0.8,162,3,16,94,-25,60.3,0,0,0,0,1.5,0,n,500,Light rain,r01n,4
2026/8/14 4:45,0,26.8,30.6,95,25.9,992,0.8,226,3.1,16,94,-22,62.5,0,0,0,0,1.5,0,n,500,Light rain,r01n,4
2026/8/14 5:00,0,26.7,30.4,96,26,992,0.8,290,3.2,16,93,-19,64.8,0,0,0,0,1.5,0,n,500,Light rain,r01n,5
2026/8/14 5:15,0,26.6,27.8,95,25.7,992,1.1,289,3.3,16,94,-15.7,66.5,0,0,0,0,1.75,0,n,500,Light rain,r01n,5
2026/8/14 5:30,0,26.5,27.7,94,25.5,992,1.4,288,3.4,10,96,-12.5,68.2,0,0,0,0,2,0,n,200,Thunderstorm with light rain,t01n,5
2026/8/14 5:45,0,26.4,27.5,93,25.2,992,1.7,287,3.5,10,98,-9.3,70,0,0,0,0,1.75,0,n,200,Thunderstorm with light rain,t01n,5
2026/8/14 6:00,0,26.3,27.4,92,24.9,992,2,286,3.6,12,99,-6.1,71.7,0,0,0,0,1.5,0,n,200,Thunderstorm with light rain,t01n,6
2026/8/14 6:15,0,26.2,27.3,92,24.8,992,2,288,3.9,12,98,-2.8,73.2,20,11,10,0,2.25,0,d,200,Thunderstorm with light rain,t01n,6
2026/8/14 6:30,0.04,26.1,27.2,93,24.9,993,2,290,4.2,13,96,0.6,74.6,41,21,20,0.7,3,0,d,200,Thunderstorm with light rain,t01n,6
2026/8/14 6:45,0.38,26,27.1,94,25,993,2,292,4.5,13,94,3.9,76,61,32,30,0.7,4,0,d,201,Thunderstorm with rain,t02d,6
2026/8/14 7:00,0.92,25.9,27,94,24.9,993,2,294,4.8,14,93,7.3,77.5,81,42,38,0.7,5,0,d,201,Thunderstorm with rain,t02d,7
2026/8/14 7:15,0.95,25.8,26.9,94,24.8,993,2.1,294,4.9,14,94,10.7,78.8,138,51,53,0.7,4.75,0,d,201,Thunderstorm with rain,t02d,7
2026/8/14 7:30,1.89,25.8,26.8,94,24.7,994,2.2,294,5,15,94,14.1,80.1,195,60,70,0.8,4.5,0,d,201,Thunderstorm with rain,t02d,7
2026/8/14 7:45,4.05,25.7,26.8,94,24.6,994,2.3,294,5.1,15,94,17.5,81.4,252,68,85,0.8,4.5,0,d,201,Thunderstorm with rain,t02d,7
2026/8/14 8:00,9.61,25.6,26.7,94,24.6,994,2.4,294,5.2,15,95,20.9,82.7,308,77,93,0.9,4.5,0,d,201,Thunderstorm with rain,t02d,8
2026/8/14 8:15,12.1,25.5,26.6,95,24.6,994,2.3,296,5.2,16,96,24.3,84,368,82,108,1,3,0,d,500,Light rain,r01d,8
2026/8/14 8:30,8.03,25.4,26.5,96,24.7,994,2.2,299,5.2,10,96,27.8,85.3,427,87,133,1.1,1.5,0,d,500,Light rain,r01d,8
2026/8/14 8:45,17.69,25.3,26.4,97,24.8,994,2.1,302,5.2,10,97,31.2,86.6,486,92,145,1.2,1,0,d,500,Light rain,r01d,8
2026/8/14 9:00,26.88,25.2,26.3,98,24.9,994,2,304,5.2,12,98,34.7,87.9,545,97,141,1.3,0.5,0,d,231,Thunderstorm with drizzle,t04d,9
2026/8/14 9:15,71.5,25.7,26.8,95,24.8,994,2,306,5.3,12,97,38.1,89.4,597,101,167,1.5,0.5,0,d,231,Thunderstorm with drizzle,t04d,9
2026/8/14 9:30,91.02,26.1,27.2,92,24.7,994,2,307,5.4,6,96,41.6,90.9,650,104,194,1.8,0.5,0,d,231,Thunderstorm with drizzle,t04d,9
2026/8/14 9:45,115.38,26.6,27.6,89,24.6,994,2,308,5.5,6,96,45.1,92.4,703,108,206,2,0.5,0,d,301,Drizzle,d02d,9
2026/8/14 10:00,121.04,27,30.3,86,24.5,994,2,310,5.6,6,95,48.5,93.9,755,111,129,2.3,0.5,0,d,301,Drizzle,d02d,10
2026/8/14 10:15,124.82,26.9,30.2,87,24.6,994,1.9,314,5.5,10,95,51.9,96.1,796,113,136,2.5,0.75,0,d,301,Drizzle,d02d,10
2026/8/14 10:30,120.12,26.9,30.1,88,24.7,995,1.8,319,5.4,13,96,55.4,98.3,837,115,120,2.7,1,0,d,500,Light rain,r01d,10
2026/8/14 10:45,120.62,26.8,30,89,24.8,995,1.7,324,5.3,13,96,58.8,100.4,877,118,125,2.9,0.75,0,d,301,Drizzle,d02d,10
2026/8/14 11:00,120.9,26.7,29.9,90,24.9,995,1.6,328,5.2,13,96,62.2,102.6,918,120,130,3.1,0.5,0,d,301,Drizzle,d02d,11
2026/8/14 11:15,62.86,26.7,29.9,90,24.9,995,1.6,332,5,13,96,65.4,107.5,943,121,134,3.3,0.25,0,d,804,Overcast clouds,c04d,11
2026/8/14 11:30,3.94,26.7,29.8,89,24.7,995,1.6,335,4.8,10,97,68.7,112.3,968,122,230,3.4,0,0,d,804,Overcast clouds,c04d,11
2026/8/14 11:45,78.73,26.7,29.7,88,24.5,994,1.6,338,4.6,10,98,71.9,117.1,992,123,206,3.5,0,0,d,804,Overcast clouds,c04d,11
2026/8/14 12:00,54.5,26.7,29.7,88,24.5,994,1.6,342,4.4,10,98,75.1,122,1017,125,210,3.6,0,0,d,804,Overcast clouds,c04d,12
2026/8/14 12:15,4.17,27.2,30.7,86,24.6,994,1.5,342,4.6,12,98,76.7,139.8,1024,125,211,3.7,0,0,d,804,Overcast clouds,c04d,12
2026/8/14 12:30,3.9,27.6,31.8,85,24.8,994,1.4,342,4.8,10,98,78.3,157.6,1031,125,210,3.7,0,0,d,804,Overcast clouds,c04d,12
2026/8/14 12:45,3.95,28.1,32.9,84,25.1,994,1.3,342,5,10,98,79.8,175.4,1038,125,210,3.8,0,0,d,804,Overcast clouds,c04d,12
2026/8/14 13:00,3.93,28.5,33.8,82,25.1,994,1.2,342,5.2,12,98,81.4,193.2,1044,126,211,3.8,0,0,d,804,Overcast clouds,c04d,13
2026/8/14 13:15,48.89,28.7,34.3,82,25.3,994,1.1,336,5,12,98,79,206.2,1033,125,208,3.8,0,0,d,804,Overcast clouds,c04d,13
2026/8/14 13:30,144.96,28.9,34.7,81,25.3,994,1,330,4.8,10,98,76.6,219.3,1021,125,207,3.7,0,0,d,804,Overcast clouds,c04d,13
2026/8/14 13:45,119.93,29.1,35,80,25.3,993,0.9,324,4.6,10,99,74.2,232.4,1009,124,175,3.5,0,0,d,804,Overcast clouds,c04d,13
2026/8/14 14:00,42.89,29.3,35.6,80,25.5,993,0.8,318,4.4,10,99,71.8,245.4,997,124,174,3.4,0,0,d,804,Overcast clouds,c04d,14
2026/8/14 14:15,87.25,29.4,35.8,80,25.6,993,0.8,314,4.3,12,99,68.5,249.1,968,122,170,3.3,0,0,d,804,Overcast clouds,c04d,14
2026/8/14 14:30,51.49,29.5,36,80,25.6,993,0.8,311,4.2,10,99,65.2,252.8,938,121,167,3.1,0,0,d,804,Overcast clouds,c04d,14
2026/8/14 14:45,33.41,29.5,36,79,25.5,993,0.8,308,4.1,10,99,61.9,256.4,909,119,164,2.9,0,0,d,804,Overcast clouds,c04d,14
2026/8/14 15:00,34.57,29.6,36.2,79,25.6,993,0.8,304,4,12,99,58.6,260.1,880,118,162,2.7,0,0,d,804,Overcast clouds,c04d,15
2026/8/14 15:15,127.25,30,36.8,77,25.5,993,0.8,308,4.1,12,97,55.1,262,835,115,205,2.6,0,0,d,804,Overcast clouds,c04d,15
2026/8/14 15:30,206.9,30.4,37.6,76,25.6,993,0.8,313,4.2,13,94,51.7,263.9,791,113,153,2.5,0,0,d,804,Overcast clouds,c04d,15
2026/8/14 15:45,76.82,30.7,38,74,25.5,993,0.8,318,4.3,13,92,48.2,265.8,747,110,183,2.4,0,0,d,804,Overcast clouds,c04d,15
2026/8/14 16:00,4.31,31.1,38.5,72,25.4,992,0.8,322,4.4,14,90,44.8,267.8,702,108,207,2.2,0,0,d,804,Overcast clouds,c04d,16
2026/8/14 16:15,3.94,31.2,38.8,72,25.5,992,0.8,246,4.4,14,89,41.3,269.2,647,104,205,2,0,0,d,804,Overcast clouds,c04d,16
2026/8/14 16:30,3.98,31.3,39.1,72,25.6,992,0.8,169,4.4,10,88,37.9,270.6,592,100,201,1.8,0,0,d,804,Overcast clouds,c04d,16
2026/8/14 16:45,17.05,31.4,39,71,25.5,992,0.8,92,4.4,10,88,34.4,272,537,96,183,1.6,0,0,d,804,Overcast clouds,c04d,16
2026/8/14 17:00,45.43,31.5,39.3,71,25.6,991,0.8,16,4.4,10,87,30.9,273.4,482,93,175,1.4,0,0,d,804,Overcast clouds,c04d,17
2026/8/14 17:15,0.01,31,38.3,72,25.4,991,1,33,4.4,12,86,27.5,274.7,423,87,163,1.3,0,0,d,804,Overcast clouds,c04d,17
2026/8/14 17:30,70.58,30.6,37.3,73,25.2,991,1.2,50,4.4,12,86,24,276,363,81,140,1.2,0,0,d,804,Overcast clouds,c04d,17
2026/8/14 17:45,60.99,30.1,36.2,74,24.9,991,1.4,67,4.4,13,85,20.6,277.3,303,75,124,1.1,0,0,d,804,Overcast clouds,c04d,17
2026/8/14 18:00,0.04,29.6,35.2,75,24.7,990,1.6,84,4.4,14,84,17.2,278.6,244,69,105,1,0,0,d,804,Overcast clouds,c04d,18
2026/8/14 18:15,24.14,29.4,35,76,24.7,991,1.6,92,4.3,14,84,13.8,279.9,191,59,82,0.9,0,0,d,804,Overcast clouds,c04d,18
2026/8/14 18:30,3.91,29.3,34.8,77,24.8,991,1.6,100,4.2,10,84,10.4,281.2,138,48,59,0.9,0,0,d,804,Overcast clouds,c04d,18
2026/8/14 18:45,3.89,29.1,34.5,78,24.8,991,1.6,108,4.1,10,84,7,282.5,85,38,73,0.9,0,0,d,804,Overcast clouds,c04d,18
2026/8/14 19:00,4.04,28.9,34.3,79,24.9,991,1.6,116,4,10,84,3.6,283.8,32,27,40,0.9,0,0,d,804,Overcast clouds,c04n,19
2026/8/14 19:15,3.17,28.9,34.3,79,24.9,991,1.6,115,3.8,12,86,0.3,285.3,24,20,29,0.8,0,0,d,804,Overcast clouds,c04n,19
2026/8/14 19:30,0.18,28.9,34.3,79,24.9,992,1.6,114,3.6,10,88,-3.1,286.8,16,14,19,0,0,0,d,804,Overcast clouds,c04n,19
2026/8/14 19:45,0,28.9,34.3,79,24.9,992,1.6,113,3.4,10,90,-6.4,288.3,8,7,9,0,0,0,d,804,Overcast clouds,c04n,19
2026/8/14 20:00,0,28.9,34.3,79,24.9,992,1.6,112,3.2,10,92,-9.7,289.8,0,0,0,0,0,0,n,804,Overcast clouds,c04n,20
2026/8/14 20:15,0,28.8,34.2,80,25,992,1.5,106,2.9,12,93,-12.9,291.7,0,0,0,0,0,0,n,804,Overcast clouds,c04n,20
2026/8/14 20:30,0,28.7,33.9,80,24.9,993,1.4,100,2.6,10,94,-16,293.5,0,0,0,0,0,0,n,804,Overcast clouds,c04n,20
2026/8/14 20:45,0,28.6,33.8,81,25,993,1.3,94,2.3,10,94,-19.2,295.4,0,0,0,0,0.5,0,n,301,Drizzle,d02n,20
2026/8/14 21:00,0,28.5,33.8,82,25.1,993,1.2,88,2,12,95,-22.4,297.2,0,0,0,0,1,0,n,500,Light rain,r01n,21
2026/8/14 21:15,0,28.3,33.5,83,25.2,993,1.2,80,1.9,12,95,-25.3,299.7,0,0,0,0,1.25,0,n,500,Light rain,r01n,21
2026/8/14 21:30,0,28.2,33.1,84,25.2,994,1.2,73,1.8,10,95,-28.3,302.1,0,0,0,0,1.5,0,n,500,Light rain,r01n,21
2026/8/14 21:45,0,28,32.8,85,25.2,994,1.2,66,1.7,10,95,-31.2,304.5,0,0,0,0,1.5,0,n,500,Light rain,r01n,21
2026/8/14 22:00,0,27.8,32.5,86,25.2,994,1.2,58,1.6,12,95,-34.2,307,0,0,0,0,1.5,0,n,500,Light rain,r01n,22
2026/8/14 22:15,0,27.7,32.2,86,25.1,994,1.1,60,1.5,12,95,-36.7,310.4,0,0,0,0,2,0,n,500,Light rain,r01n,22
2026/8/14 22:30,0,27.6,32.1,87,25.2,994,1,61,1.4,10,95,-39.2,313.8,0,0,0,0,2.5,0,n,500,Light rain,r01n,22
2026/8/14 22:45,0,27.5,31.9,88,25.3,994,0.9,62,1.3,10,95,-41.7,317.2,0,0,0,0,2,0,n,500,Light rain,r01n,22
2026/8/14 23:00,0,27.4,31.6,88,25.2,994,0.8,64,1.2,10,95,-44.2,320.6,0,0,0,0,1.5,0,n,500,Light rain,r01n,23
2026/8/14 23:15,0,27.4,31.6,88,25.2,994,0.7,58,1.6,12,96,-45.9,325.4,0,0,0,0,1.25,0,n,500,Light rain,r01n,23
2026/8/14 23:30,0,27.4,31.6,88,25.2,994,0.6,53,2,10,96,-47.7,330.2,0,0,0,0,1,0,n,500,Light rain,r01n,23
2026/8/14 23:45,0,27.4,31.6,88,25.2,994,0.5,48,2.4,10,97,-49.4,334.9,0,0,0,0,0.75,0,n,301,Drizzle,d02n,23
2026/8/15 0:00,0,27.4,31.6,88,25.2,994,0.4,42,2.8,10,98,-51.2,339.7,0,0,0,0,0.5,0,n,301,Drizzle,d02n,0
2026/8/15 0:15,0,27,30.8,90,25.2,994,0.4,39,3.1,12,98,-51.7,255.6,0,0,0,0,0.75,0,n,301,Drizzle,d02n,0
2026/8/15 0:30,0,26.7,27.7,91,25.1,994,0.4,36,3.4,10,98,-52.2,171.5,0,0,0,0,1,0,n,500,Light rain,r01n,0
2026/8/15 0:45,0,26.3,27.4,92,24.9,994,0.4,33,3.7,10,97,-52.7,87.4,0,0,0,0,1,0,n,500,Light rain,r01n,0
2026/8/15 1:00,0,25.9,27,94,24.9,994,0.4,30,4,10,97,-53.3,3.3,0,0,0,0,1,0,n,500,Light rain,r01n,1
2026/8/15 1:15,0,25.9,27,94,24.9,994,0.3,30,4.1,12,98,-52.4,9,0,0,0,0,2,0,n,500,Light rain,r01n,1
2026/8/15 1:30,0,25.9,27,94,24.9,994,0.2,30,4.2,10,98,-51.5,14.7,0,0,0,0,3,0,n,500,Light rain,r01n,1
2026/8/15 1:45,0,25.9,27,94,24.9,994,0.1,30,4.3,10,99,-50.6,20.4,0,0,0,0,3,0,n,500,Light rain,r01n,1
2026/8/15 2:00,0,25.9,27,94,24.9,994,0,30,4.4,12,100,-49.7,26.1,0,0,0,0,3,0,n,500,Light rain,r01n,2
2026/8/15 2:15,0,26,27.1,94,25,994,0.1,34,3.6,12,100,-47.7,30.5,0,0,0,0,3.25,0,n,500,Light rain,r01n,2
2026/8/15 2:30,0,26.1,27.2,93,24.9,994,0.2,39,2.8,13,100,-45.7,34.9,0,0,0,0,3.5,0,n,500,Light rain,r01n,2
2026/8/15 2:45,0,26.2,27.3,92,24.8,994,0.3,44,2,13,100,-43.7,39.2,0,0,0,0,3.5,0,n,500,Light rain,r01n,2
2026/8/15 3:00,0,26.3,27.4,92,24.9,994,0.4,48,1.2,14,100,-41.8,43.6,0,0,0,0,3.5,0,n,500,Light rain,r01n,3
2026/8/15 3:15,0,26.1,27.2,93,24.9,994,0.4,41,1.2,14,100,-39.1,46.7,0,0,0,0,3.25,0,n,500,Light rain,r01n,3
2026/8/15 3:30,0,26,27.1,94,24.9,994,0.4,34,1.2,16,99,-36.4,49.8,0,0,0,0,3,0,n,500,Light rain,r01n,3
2026/8/15 3:45,0,25.8,26.9,95,24.9,994,0.4,27,1.2,16,98,-33.8,52.9,0,0,0,0,2.25,0,n,500,Light rain,r01n,3
2026/8/15 4:00,0,25.6,26.7,96,24.9,994,0.4,20,1.2,16,98,-31.1,56.1,0,0,0,0,1.5,0,n,500,Light rain,r01n,4
2026/8/15 4:15,0,25.6,26.7,96,24.9,994,0.5,16,1.3,16,98,-28.1,58.3,0,0,0,0,1,0,n,500,Light rain,r01n,4
2026/8/15 4:30,0,25.6,26.7,96,24.9,994,0.6,12,1.4,10,98,-25.1,60.6,0,0,0,0,0.5,0,n,301,Drizzle,d02n,4
2026/8/15 4:45,0,25.6,26.7,96,24.9,994,0.7,8,1.5,10,98,-22.1,62.8,0,0,0,0,0.25,0,n,804,Overcast clouds,c04n,4
2026/8/15 5:00,0,25.6,26.7,96,24.9,994,0.8,4,1.6,10,98,-19.1,65.1,0,0,0,0,0,0,n,804,Overcast clouds,c04n,5
2026/8/15 5:15,0,25.8,26.9,96,25.1,994,0.9,91,1.7,12,96,-15.9,66.8,0,0,0,0,0,0,n,804,Overcast clouds,c04n,5
2026/8/15 5:30,0,26,27.1,95,25.1,994,1,178,1.8,10,94,-12.6,68.5,0,0,0,0,0,0,n,804,Overcast clouds,c04n,5
2026/8/15 5:45,0,26.1,27.2,94,25.1,994,1.1,265,1.9,10,91,-9.4,70.3,0,0,0,0,0,0,n,804,Overcast clouds,c04n,5
2026/8/15 6:00,0,26.3,27.4,94,25.3,994,1.2,352,2,12,89,-6.2,72,0,0,0,0,0,0,n,804,Overcast clouds,c04n,6
2026/8/15 6:15,0.02,26.3,27.4,94,25.3,994,1.3,350,2.4,12,78,-2.8,73.5,20,11,11,0,0,0,d,804,Overcast clouds,c04n,6
2026/8/15 6:30,0.58,26.3,27.4,94,25.3,994,1.4,348,2.8,13,67,0.5,74.9,40,21,28,1.1,0,0,d,803,Broken clouds,c03n,6
2026/8/15 6:45,2.73,26.3,27.4,94,25.3,994,1.5,346,3.2,13,56,3.8,76.3,60,32,48,1.3,0,0,d,803,Broken clouds,c03d,6
2026/8/15 7:00,14.74,26.3,27.4,94,25.3,994,1.6,344,3.6,14,45,7.2,77.8,80,42,69,1.4,0,0,d,803,Broken clouds,c03d,7
2026/8/15 7:15,31,26.4,27.5,94,25.4,994,1.6,342,3.7,14,46,10.6,79.1,137,51,118,1.4,0,0,d,803,Broken clouds,c03d,7
2026/8/15 7:30,36.29,26.5,27.6,93,25.3,995,1.6,340,3.8,15,46,14,80.4,194,60,167,1.5,0,0,d,803,Broken clouds,c03d,7
2026/8/15 7:45,73.13,26.6,27.7,92,25.2,995,1.6,338,3.9,15,47,17.4,81.7,251,68,215,1.6,0,0,d,803,Broken clouds,c03d,7
2026/8/15 8:00,34.76,26.7,30.1,92,25.3,995,1.6,336,4,16,48,20.8,83,308,77,262,1.7,0,0,d,803,Broken clouds,c03d,8
2026/8/15 8:15,72.61,26.8,30.3,92,25.4,995,1.6,334,4.4,16,53,24.3,84.3,367,82,301,1.8,0,0,d,803,Broken clouds,c03d,8
2026/8/15 8:30,38.27,26.9,30.4,91,25.3,996,1.6,332,4.8,16,58,27.7,85.6,426,87,333,1.9,0,0,d,803,Broken clouds,c03d,8
2026/8/15 8:45,56.69,26.9,30.5,90,25.1,996,1.6,330,5.2,16,63,31.2,87,485,92,358,2.1,0,0,d,803,Broken clouds,c03d,8
2026/8/15 9:00,73.8,27,30.7,90,25.2,996,1.6,328,5.6,16,68,34.6,88.3,544,97,371,2.2,0,0,d,803,Broken clouds,c03d,9
2026/8/15 9:15,63.67,27.7,32.2,87,25.3,996,1.5,332,5.7,16,71,38.1,89.8,597,101,384,2.4,0,0,d,804,Overcast clouds,c04d,9
2026/8/15 9:30,75.45,28.3,33.6,84,25.3,996,1.4,337,5.8,7,74,41.5,91.3,649,104,390,2.6,0,0,d,804,Overcast clouds,c04d,9
2026/8/15 9:45,112.7,29,35,82,25.6,996,1.3,342,5.9,7,77,45,92.8,702,108,388,2.7,0,0,d,804,Overcast clouds,c04d,9
2026/8/15 10:00,144.71,29.6,36.2,79,25.6,996,1.2,346,6,10,80,48.5,94.4,755,111,378,2.9,0,0,d,804,Overcast clouds,c04d,10
2026/8/15 10:15,138.63,29.8,36.5,78,25.5,996,1.1,350,5.9,10,79,51.9,96.6,795,113,413,3.3,0,0,d,804,Overcast clouds,c04d,10
2026/8/15 10:30,36.79,30,37.1,78,25.7,996,1,353,5.8,11,78,55.3,98.8,836,115,447,3.6,0,0,d,804,Overcast clouds,c04d,10
2026/8/15 10:45,91.58,30.2,37.4,77,25.7,996,0.9,356,5.7,12,78,58.7,101,877,118,470,3.9,0,0,d,804,Overcast clouds,c04d,10
2026/8/15 11:00,47.53,30.4,37.7,76,25.7,996,0.8,360,5.6,13,77,62.1,103.3,917,120,506,4.3,0,0,d,804,Overcast clouds,c04d,11
2026/8/15 11:15,204.36,30.5,37.9,76,25.8,996,0.8,360,5.6,13,79,65.3,108.2,942,121,488,4.4,0,0,d,804,Overcast clouds,c04d,11
2026/8/15 11:30,268.73,30.6,37.8,75,25.6,996,0.8,359,5.6,10,82,68.6,113.2,967,122,449,4.5,0,0,d,804,Overcast clouds,c04d,11
2026/8/15 11:45,160.25,30.6,37.8,74,25.5,995,0.8,358,5.6,10,84,71.8,118.1,992,123,422,4.5,0,0,d,804,Overcast clouds,c04d,11
2026/8/15 12:00,125.24,30.7,38,74,25.5,995,0.8,358,5.6,10,86,75,123.1,1017,125,391,4.6,0,0,d,804,Overcast clouds,c04d,12
2026/8/15 12:15,40.47,31,38.5,73,25.6,995,0.9,351,5.8,12,88,76.5,140.6,1024,125,348,4.5,0,0,d,804,Overcast clouds,c04d,12
2026/8/15 12:30,3.03,31.3,39.1,72,25.6,995,1,344,6,13,90,78,158.1,1030,125,302,4.4,0,0,d,804,Overcast clouds,c04d,12
2026/8/15 12:45,2.67,31.6,39.9,72,25.9,995,1.1,337,6.2,13,91,79.6,175.5,1037,125,278,4.3,0,0,d,804,Overcast clouds,c04d,12
2026/8/15 13:00,2.79,31.9,40.5,71,26,995,1.2,330,6.4,13,93,81.1,193,1044,126,227,4.2,0,0,d,804,Overcast clouds,c04d,13
2026/8/15 13:15,110.98,31.9,40.1,70,25.7,995,1.3,331,6.5,14,93,78.7,205.9,1032,125,226,4.2,0,0,d,804,Overcast clouds,c04d,13
2026/8/15 13:30,13.15,31.9,40.1,70,25.7,995,1.4,332,6.6,10,93,76.4,218.8,1020,125,223,4.1,0,0,d,804,Overcast clouds,c04d,13
2026/8/15 13:45,3.91,31.9,40.1,70,25.7,995,1.5,333,6.7,10,93,74,231.7,1008,124,221,4,0,0,d,804,Overcast clouds,c04d,13
2026/8/15 14:00,38.82,31.9,39.8,69,25.5,994,1.6,334,6.8,12,93,71.6,244.7,996,124,219,3.9,0,0,d,804,Overcast clouds,c04d,14
2026/8/15 14:15,0,31.6,39.3,70,25.5,994,1.7,333,6.4,12,91,68.3,248.4,967,122,261,3.8,0,0,d,804,Overcast clouds,c04d,14
2026/8/15 14:30,103.85,31.3,39.1,72,25.6,994,1.8,332,6,10,89,65,252.1,937,121,297,3.7,0,0,d,804,Overcast clouds,c04d,14
2026/8/15 14:45,78.96,31,38.5,73,25.6,994,1.9,331,5.6,10,87,61.7,255.9,908,119,329,3.6,0,0,d,804,Overcast clouds,c04d,14
2026/8/15 15:00,25.43,30.7,38,74,25.5,993,2,330,5.2,10,85,58.4,259.6,878,118,356,3.5,0,0,d,804,Overcast clouds,c04d,15
2026/8/15 15:15,124.01,30.8,38.3,74,25.6,993,2,332,5.2,12,85,55,261.5,834,115,337,3.2,0,0,d,804,Overcast clouds,c04d,15
2026/8/15 15:30,0,30.9,38.2,73,25.5,993,2,333,5.2,10,84,51.5,263.5,789,113,336,3,0,0,d,804,Overcast clouds,c04d,15
2026/8/15 15:45,0,31,38.2,72,25.4,993,2,334,5.2,10,84,48.1,265.4,745,110,318,2.7,0,0,d,804,Overcast clouds,c04d,15
2026/8/15 16:00,0,31.1,38.5,72,25.4,992,2,336,5.2,10,84,44.6,267.4,700,108,298,2.4,0,0,d,804,Overcast clouds,c04d,16
2026/8/15 16:15,0,31.2,38.5,71,25.3,992,1.9,332,4.8,12,85,41.2,268.8,645,104,262,2.1,0,0,d,804,Overcast clouds,c04d,16
2026/8/15 16:30,42.74,31.3,38.4,70,25.2,992,1.8,327,4.4,10,86,37.7,270.2,590,100,228,1.9,0,0,d,804,Overcast clouds,c04d,16
2026/8/15 16:45,85.11,31.4,38.7,70,25.3,992,1.7,322,4,10,88,34.3,271.7,535,96,183,1.6,0,0,d,804,Overcast clouds,c04d,16
2026/8/15 17:00,0.02,31.5,38.6,69,25.1,992,1.6,318,3.6,12,89,30.8,273.1,480,92,153,1.4,0,0,d,804,Overcast clouds,c04d,17
2026/8/15 17:15,0.03,31.2,38.2,70,25.1,992,1.3,293,3.2,12,89,27.3,274.4,420,87,134,1.2,0,0,d,804,Overcast clouds,c04d,17
2026/8/15 17:30,0,31,37.5,70,24.8,992,1,268,2.8,13,89,23.9,275.7,361,81,116,1.1,0,0,d,804,Overcast clouds,c04d,17
2026/8/15 17:45,29.58,30.7,37,71,24.8,992,0.7,243,2.4,13,89,20.5,277,301,75,97,1,0,0,d,804,Overcast clouds,c04d,17
2026/8/15 18:00,6.77,30.4,36.6,72,24.8,992,0.4,218,2,14,89,17,278.3,241,69,77,0.9,0,0,d,804,Overcast clouds,c04d,18
2026/8/15 18:15,3.05,30.3,36.6,73,24.9,992,0.5,195,1.9,10,86,13.6,279.6,188,58,73,0.9,0,0,d,804,Overcast clouds,c04d,18
2026/8/15 18:30,3.09,30.2,36.6,74,25,992,0.6,172,1.8,10,83,10.2,280.9,135,48,60,0.9,0,0,d,804,Overcast clouds,c04d,18
2026/8/15 18:45,2.15,30.1,36.8,76,25.4,992,0.7,149,1.7,10,80,6.8,282.2,83,37,42,0.9,0,0,d,804,Overcast clouds,c04d,18
2026/8/15 19:00,0.94,30,36.8,77,25.5,992,0.8,126,1.6,10,77,3.4,283.6,30,26,42,1,0,0,d,804,Overcast clouds,c04n,19
2026/8/15 19:15,0.36,29.9,36.5,77,25.4,992,0.9,125,1.8,12,76,0.1,285.1,22,20,32,1,0,0,d,804,Overcast clouds,c04n,19
2026/8/15 19:30,0.04,29.8,36.3,77,25.3,992,1,124,2,10,75,-3.2,286.6,15,13,21,0,0,0,d,804,Overcast clouds,c04n,19
2026/8/15 19:45,0,29.7,36,77,25.2,992,1.1,123,2.2,10,74,-6.6,288.1,7,7,11,0,0,0,d,804,Overcast clouds,c04n,19
2026/8/15 20:00,0,29.6,35.7,77,25.1,992,1.2,122,2.4,12,73,-9.9,289.6,0,0,0,0,0,0,n,804,Overcast clouds,c04n,20
2026/8/15 20:15,0,29.5,35.7,78,25.3,993,1.2,128,2.4,12,74,-13.1,291.4,0,0,0,0,0,0,n,804,Overcast clouds,c04n,20
2026/8/15 20:30,0,29.5,35.5,78,25.2,993,1.2,135,2.4,10,74,-16.2,293.3,0,0,0,0,0,0,n,804,Overcast clouds,c04n,20
2026/8/15 20:45,0,29.4,35.3,78,25.1,994,1.2,142,2.4,10,75,-19.4,295.1,0,0,0,0,0,0,n,804,Overcast clouds,c04n,20
2026/8/15 21:00,0,29.3,35.4,79,25.3,994,1.2,148,2.4,10,76,-22.6,297,0,0,0,0,0,0,n,804,Overcast clouds,c04n,21
2026/8/15 21:15,0,29,35,81,25.4,994,1.3,149,2.3,12,70,-25.6,299.4,0,0,0,0,0,0,n,803,Broken clouds,c03n,21
2026/8/15 21:30,0,28.7,34.3,82,25.3,994,1.4,150,2.2,13,64,-28.5,301.8,0,0,0,0,0,0,n,803,Broken clouds,c03n,21
2026/8/15 21:45,0,28.4,33.9,84,25.4,994,1.5,151,2.1,13,58,-31.5,304.3,0,0,0,0,0,0,n,803,Broken clouds,c03n,21
2026/8/15 22:00,0,28.1,33.4,86,25.5,994,1.6,152,2,14,52,-34.4,306.7,0,0,0,0,0,0,n,803,Broken clouds,c03n,22
2026/8/15 22:15,0,28,33.1,86,25.5,994,1.4,150,2,14,49,-36.9,310.2,0,0,0,0,0,0,n,803,Broken clouds,c03n,22
2026/8/15 22:30,0,28,33.1,87,25.6,995,1.2,147,2,10,46,-39.4,313.6,0,0,0,0,0,0,n,803,Broken clouds,c03n,22
2026/8/15 22:45,0,27.9,33,88,25.7,995,1,144,2,10,42,-42,317,0,0,0,0,0,0,n,803,Broken clouds,c03n,22
2026/8/15 23:00,0,27.8,32.8,88,25.6,995,0.8,142,2,10,39,-44.5,320.4,0,0,0,0,0,0,n,802,Scattered clouds,c02n,23
2026/8/15 23:15,0,27.8,32.8,88,25.6,995,0.8,122,2.2,12,42,-46.2,325.2,0,0,0,0,1.25,0,n,500,Light rain,r01n,23
2026/8/15 23:30,0,27.8,32.8,88,25.6,995,0.8,103,2.4,13,44,-48,330,0,0,0,0,2.5,0,n,500,Light rain,r01n,23
2026/8/15 23:45,0,27.8,32.8,88,25.6,995,0.8,84,2.6,13,47,-49.7,334.8,0,0,0,0,3,0,n,500,Light rain,r01n,23
2026/8/16 0:00,0,27.8,32.8,88,25.6,995,0.8,64,2.8,14,50,-51.5,339.6,0,0,0,0,3.5,0,n,500,Light rain,r01n,0
2026/8/16 0:15,0,27.5,32.1,89,25.5,995,0.9,64,2.9,14,51,-52,255.6,0,0,0,0,4,0,n,501,Moderate rain,r02n,0
2026/8/16 0:30,0,27.3,31.5,90,25.5,995,1,64,3,15,52,-52.5,171.5,0,0,0,0,4.5,0,n,501,Moderate rain,r02n,0
2026/8/16 0:45,0,27,30.8,91,25.4,995,1.1,64,3.1,4,52,-53.1,87.5,0,0,0,0,6.25,0,n,501,Moderate rain,r02n,0
2026/8/16 1:00,0,26.7,30.1,92,25.3,995,1.2,64,3.2,4,53,-53.6,3.4,0,0,0,0,8,0,n,501,Moderate rain,r02n,1
2026/8/16 1:15,0,26.7,30.1,92,25.3,995,1.2,64,3,4,56,-52.7,9.2,0,0,0,0,8.25,0,n,501,Moderate rain,r02n,1
2026/8/16 1:30,0,26.7,30.1,92,25.3,995,1.2,64,2.8,10,59,-51.8,14.9,0,0,0,0,8.5,0,n,501,Moderate rain,r02n,1
2026/8/16 1:45,0,26.7,30.1,92,25.3,995,1.2,64,2.6,10,62,-50.9,20.6,0,0,0,0,10,0,n,201,Thunderstorm with rain,t02n,1
2026/8/16 2:00,0,26.7,30.1,92,25.3,995,1.2,64,2.4,10,65,-50,26.4,0,0,0,0,11.5,0,n,201,Thunderstorm with rain,t02n,2
2026/8/16 2:15,0,26.7,30.1,92,25.3,995,1.2,60,2.7,12,58,-48,30.8,0,0,0,0,10,0,n,201,Thunderstorm with rain,t02n,2
2026/8/16 2:30,0,26.7,30.1,92,25.3,995,1.2,57,3,10,50,-46,35.2,0,0,0,0,8.5,0,n,201,Thunderstorm with rain,t02n,2
2026/8/16 2:45,0,26.7,30.1,92,25.3,994,1.2,54,3.3,10,42,-44,39.6,0,0,0,0,7,0,n,201,Thunderstorm with rain,t02n,2
2026/8/16 3:00,0,26.7,30.1,92,25.3,994,1.2,50,3.6,10,35,-42,44,0,0,0,0,5.5,0,n,201,Thunderstorm with rain,t02n,3
2026/8/16 3:15,0,26.6,27.7,92,25.2,994,1.2,52,3.5,12,34,-39.3,47.1,0,0,0,0,4.25,0,n,501,Moderate rain,r02n,3
2026/8/16 3:30,0,26.5,27.6,93,25.3,995,1.2,55,3.4,13,32,-36.6,50.2,0,0,0,0,3,0,n,500,Light rain,r01n,3
2026/8/16 3:45,0,26.4,27.5,94,25.4,995,1.2,58,3.3,13,30,-34,53.3,0,0,0,0,2,0,n,500,Light rain,r01n,3
2026/8/16 4:00,0,26.3,27.4,94,25.3,995,1.2,60,3.2,14,29,-31.3,56.4,0,0,0,0,1,0,n,500,Light rain,r01n,4
2026/8/16 4:15,0,26.2,27.3,94,25.2,995,1.2,66,3.1,14,28,-28.3,58.6,0,0,0,0,1,0,n,500,Light rain,r01n,4
2026/8/16 4:30,0,26.1,27.2,95,25.2,995,1.2,72,3,14,27,-25.2,60.9,0,0,0,0,1,0,n,500,Light rain,r01n,4
2026/8/16 4:45,0,26,27.2,96,25.3,995,1.2,78,2.9,15,26,-22.2,63.1,0,0,0,0,0.75,0,n,301,Drizzle,d02n,4
2026/8/16 5:00,0,25.9,27.1,96,25.2,995,1.2,84,2.8,16,25,-19.2,65.4,0,0,0,0,0.5,0,n,301,Drizzle,d02n,5
2026/8/16 5:15,0,26,27.2,96,25.3,995,1,88,2.4,16,28,-16,67.1,0,0,0,0,0.25,0,n,802,Scattered clouds,c02n,5
2026/8/16 5:30,0,26.1,27.2,95,25.2,995,0.8,92,2,10,31,-12.7,68.9,0,0,0,0,0,0,n,802,Scattered clouds,c02n,5
2026/8/16 5:45,0,26.2,27.3,94,25.2,995,0.6,96,1.6,10,34,-9.5,70.6,0,0,0,0,0,0,n,802,Scattered clouds,c02n,5
2026/8/16 6:00,0,26.3,27.4,94,25.3,995,0.4,100,1.2,10,37,-6.3,72.3,0,0,0,0,0,0,n,802,Scattered clouds,c02n,6
2026/8/16 6:15,0,26.2,27.3,94,25.2,995,0.6,86,1.6,12,38,-2.9,73.8,20,11,18,0,0,0,d,802,Scattered clouds,c02n,6
2026/8/16 6:30,0,26.1,27.2,95,25.2,995,0.8,71,2,10,40,0.4,75.2,40,21,35,1.5,0,0,d,802,Scattered clouds,c02n,6
2026/8/16 6:45,0,26,27.2,96,25.3,995,1,56,2.4,10,41,3.8,76.7,60,32,53,1.5,0,0,d,803,Broken clouds,c03d,6
2026/8/16 7:00,0,25.9,27.1,96,25.2,995,1.2,42,2.8,10,42,7.1,78.1,79,42,69,1.5,0,0,d,803,Broken clouds,c03d,7
2026/8/16 7:15,0,26,27.2,96,25.3,995,1.2,44,3.2,12,41,10.5,79.4,136,51,120,1.5,0,0,d,803,Broken clouds,c03d,7
2026/8/16 7:30,0,26.1,27.2,95,25.2,995,1.2,47,3.6,10,40,13.9,80.7,193,59,171,1.6,0,0,d,802,Scattered clouds,c02d,7
2026/8/16 7:45,0,26.2,27.3,94,25.2,995,1.2,50,4,10,39,17.4,82,250,68,222,1.7,0,0,d,802,Scattered clouds,c02d,7
2026/8/16 8:00,0,26.3,27.4,94,25.3,995,1.2,52,4.4,10,38,20.8,83.4,307,77,273,1.9,0,0,d,802,Scattered clouds,c02d,8
2026/8/16 8:15,0,26.4,27.5,94,25.4,995,1.2,52,4.4,12,41,24.2,84.7,366,82,322,2.1,0,0,d,803,Broken clouds,c03d,8
2026/8/16 8:30,0,26.5,27.6,93,25.3,995,1.2,53,4.4,13,44,27.7,86,425,87,369,2.2,0,0,d,803,Broken clouds,c03d,8
2026/8/16 8:45,0,26.6,27.7,92,25.2,995,1.2,54,4.4,13,46,31.1,87.3,484,92,416,2.5,0,0,d,803,Broken clouds,c03d,8
2026/8/16 9:00,0,26.7,30.1,92,25.3,995,1.2,54,4.4,14,49,34.6,88.7,544,97,459,2.7,0,0,d,803,Broken clouds,c03d,9
2026/8/16 9:15,0,27.7,32.4,87,25.3,995,1.2,55,4.6,14,55,38,90.2,596,101,480,2.9,0,0,d,803,Broken clouds,c03d,9
2026/8/16 9:30,0,28.7,34.3,82,25.3,995,1.2,56,4.8,15,61,41.5,91.8,649,104,491,3,0,0,d,803,Broken clouds,c03d,9
2026/8/16 9:45,0,29.7,36,77,25.2,995,1.2,57,5,15,67,45,93.3,702,108,487,3.2,0,0,d,803,Broken clouds,c03d,9
2026/8/16 10:00,0,30.7,37.4,72,25.1,995,1.2,58,5.2,16,73,48.4,94.8,754,111,465,3.2,0,0,d,804,Overcast clouds,c04d,10
2026/8/16 10:15,0,30.7,37.4,72,25.1,995,1.1,60,5.1,16,76,51.8,97.1,795,113,454,3.4,0,0,d,804,Overcast clouds,c04d,10
2026/8/16 10:30,0,30.7,37.7,73,25.3,995,1,61,5,10,80,55.2,99.4,836,115,420,3.5,0,0,d,804,Overcast clouds,c04d,10
2026/8/16 10:45,0,30.7,38,74,25.5,995,0.9,62,4.9,10,83,58.7,101.7,876,118,390,3.6,0,0,d,804,Overcast clouds,c04d,10
2026/8/16 11:00,0,30.7,38,74,25.5,995,0.8,64,4.8,10,86,62.1,103.9,917,120,352,3.7,0,0,d,804,Overcast clouds,c04d,11
2026/8/16 11:15,0,30.9,38.2,73,25.5,995,0.7,60,4.8,9,89,65.3,109,942,121,299,3.8,0,0,d,804,Overcast clouds,c04d,11
2026/8/16 11:30,0,31.1,38.5,72,25.4,995,0.6,57,4.8,10,92,68.4,114,967,122,237,3.7,0,0,d,804,Overcast clouds,c04d,11
2026/8/16 11:45,0,31.3,38.4,70,25.2,995,0.5,54,4.8,10,96,71.6,119.1,991,123,140,3.6,0,0,d,804,Overcast clouds,c04d,11
2026/8/16 12:00,0,31.5,38.6,69,25.1,995,0.4,50,4.8,11,99,74.8,124.1,1016,125,178,3.5,0,0,d,804,Overcast clouds,c04d,12
2026/8/16 12:15,0,32.1,39.5,67,25.1,995,0.4,43,4.7,11,95,76.3,141.3,1023,125,173,3.9,0,0,d,804,Overcast clouds,c04d,12
2026/8/16 12:30,0,32.6,39.9,64,24.9,995,0.4,36,4.6,13,90,77.8,158.5,1030,125,306,4.4,0,0,d,804,Overcast clouds,c04d,12
2026/8/16 12:45,0,33.2,40.7,62,24.9,995,0.4,29,4.5,13,86,79.3,175.7,1036,125,401,4.7,0,0,d,804,Overcast clouds,c04d,12
2026/8/16 13:00,0,33.7,41.4,60,24.8,994,0.4,22,4.4,14,82,80.8,192.9,1043,126,488,5.1,0,0,d,804,Overcast clouds,c04d,13
2026/8/16 13:15,0,33.7,41.4,60,24.8,994,0.5,30,4.4,16,73,78.4,205.7,1031,125,637,5.7,0,0,d,804,Overcast clouds,c04d,13
2026/8/16 13:30,0,33.7,41.4,60,24.8,994,0.6,37,4.4,16,64,76.1,218.4,1019,125,743,6.3,0,0,d,803,Broken clouds,c03d,13
2026/8/16 13:45,0,33.7,41.4,60,24.8,994,0.7,44,4.4,16,56,73.8,231.1,1007,124,807,6.8,0,0,d,803,Broken clouds,c03d,13
2026/8/16 14:00,0,33.7,41.4,60,24.8,993,0.8,52,4.4,16,47,71.4,243.9,995,124,853,7.3,0,0,d,803,Broken clouds,c03d,14
2026/8/16 14:15,0,33.9,41.4,59,24.7,993,0.9,62,4.5,16,44,68.1,247.7,966,122,842,7.1,0,0,d,803,Broken clouds,c03d,14
2026/8/16 14:30,0,34.1,41.5,58,24.6,993,1,71,4.6,10,42,64.8,251.5,936,121,824,6.8,0,0,d,803,Broken clouds,c03d,14
2026/8/16 14:45,0,34.2,42,58,24.8,993,1.1,80,4.7,10,40,61.5,255.3,906,119,803,6.6,0,0,d,802,Scattered clouds,c02d,14
2026/8/16 15:00,0,34.4,42,57,24.6,992,1.2,90,4.8,12,37,58.2,259.1,877,118,786,6.3,0,0,d,802,Scattered clouds,c02d,15
2026/8/16 15:15,0,34.4,42.4,58,24.9,992,1.3,94,4.7,12,36,54.8,261,832,115,747,5.8,0,0,d,802,Scattered clouds,c02d,15
2026/8/16 15:30,0,34.4,42.4,58,24.9,992,1.4,99,4.6,13,36,51.4,263,788,113,708,5.3,0,0,d,802,Scattered clouds,c02d,15
2026/8/16 15:45,0,34.4,42.4,58,24.9,992,1.5,104,4.5,13,35,47.9,265,743,110,669,4.9,0,0,d,802,Scattered clouds,c02d,15
2026/8/16 16:00,0,34.4,42.9,59,25.2,991,1.6,108,4.4,14,34,44.5,267,699,108,630,4.4,0,0,d,802,Scattered clouds,c02d,16
2026/8/16 16:15,0,34.1,42.5,60,25.2,991,1.6,122,4.4,14,42,41,268.4,643,104,564,3.7,0,0,d,803,Broken clouds,c03d,16
2026/8/16 16:30,0,33.9,41.8,60,25,991,1.6,135,4.4,15,49,37.6,269.9,588,100,497,3,0,0,d,803,Broken clouds,c03d,16
2026/8/16 16:45,0,33.6,41,60,24.7,991,1.6,148,4.4,15,56,34.1,271.3,533,96,427,2.5,0,0,d,803,Broken clouds,c03d,16
2026/8/16 17:00,0,33.3,40.7,61,24.7,991,1.6,162,4.4,16,64,30.6,272.8,478,92,349,2,0,0,d,803,Broken clouds,c03d,17
2026/8/16 17:15,0,32.3,39.8,66,25.1,992,1.6,164,4.4,16,68,27.2,274.1,418,86,285,1.7,0,0,d,803,Broken clouds,c03d,17
2026/8/16 17:30,0,31.3,38.4,70,25.2,992,1.6,167,4.4,16,72,23.7,275.4,358,81,226,1.4,0,0,d,804,Overcast clouds,c04d,17
2026/8/16 17:45,0,30.3,36.9,74,25.1,992,1.6,170,4.4,16,76,20.3,276.7,298,75,170,1.2,0,0,d,804,Overcast clouds,c04d,17
2026/8/16 18:00,0,29.3,35.4,79,25.3,992,1.6,172,4.4,16,80,16.9,278,239,69,120,1.1,0,0,d,804,Overcast clouds,c04d,18
2026/8/16 18:15,0,29.2,35.1,79,25.2,992,1.4,164,4,16,77,13.4,279.3,186,58,103,1,0,0,d,804,Overcast clouds,c04d,18
2026/8/16 18:30,0,29.1,35,80,25.3,992,1.2,155,3.6,10,74,10,280.6,133,47,80,1,0,0,d,804,Overcast clouds,c04d,18
2026/8/16 18:45,0,29,34.7,80,25.2,992,1,146,3.2,10,72,6.6,282,80,36,50,1,0,0,d,804,Overcast clouds,c04d,18
2026/8/16 19:00,0,28.9,34.5,80,25.1,992,0.8,138,2.8,10,69,3.2,283.3,28,26,44,1.1,0,0,d,803,Broken clouds,c03n,19
2026/8/16 19:15,0,28.9,34.5,80,25.1,992,0.9,140,2.9,12,65,-0.1,284.8,21,19,34,0,0,0,d,803,Broken clouds,c03n,19
2026/8/16 19:30,0,28.9,34.5,80,25.1,993,1,141,3,13,61,-3.4,286.3,14,13,23,0,0,0,d,803,Broken clouds,c03n,19
2026/8/16 19:45,0,28.9,34.5,80,25.1,993,1.1,142,3.1,13,57,-6.7,287.8,7,6,11,0,0,0,d,803,Broken clouds,c03n,19
2026/8/16 20:00,0,28.9,34.5,80,25.1,993,1.2,144,3.2,14,53,-10.1,289.3,0,0,0,0,0,0,n,803,Broken clouds,c03n,20
2026/8/16 20:15,0,28.9,34.5,80,25.1,993,1.2,148,3,14,48,-13.3,291.2,0,0,0,0,0,0,n,803,Broken clouds,c03n,20
2026/8/16 20:30,0,28.9,34.5,80,25.1,993,1.2,151,2.8,10,42,-16.4,293,0,0,0,0,0,0,n,803,Broken clouds,c03n,20
2026/8/16 20:45,0,28.9,34.5,80,25.1,993,1.2,154,2.6,10,37,-19.6,294.9,0,0,0,0,0,0,n,802,Scattered clouds,c02n,20
2026/8/16 21:00,0,28.9,34.5,80,25.1,993,1.2,158,2.4,12,32,-22.8,296.7,0,0,0,0,0,0,n,802,Scattered clouds,c02n,21
2026/8/16 21:15,0,28.5,33.8,82,25.1,993,1.2,154,2.2,12,40,-25.8,299.1,0,0,0,0,0,0,n,802,Scattered clouds,c02n,21
2026/8/16 21:30,0,28.2,33.3,85,25.4,994,1.2,150,2,10,48,-28.7,301.6,0,0,0,0,0,0,n,803,Broken clouds,c03n,21
2026/8/16 21:45,0,27.8,32.7,88,25.6,994,1.2,146,1.8,10,57,-31.7,304,0,0,0,0,0,0,n,803,Broken clouds,c03n,21
2026/8/16 22:00,0,27.4,31.9,90,25.6,994,1.2,142,1.6,10,65,-34.6,306.5,0,0,0,0,0,0,n,803,Broken clouds,c03n,22
2026/8/16 22:15,0,27.3,31.6,90,25.5,994,1.2,137,1.6,12,70,-37.2,309.9,0,0,0,0,0,0,n,803,Broken clouds,c03n,22
2026/8/16 22:30,0,27.2,31.3,90,25.4,994,1.2,132,1.6,10,74,-39.7,313.3,0,0,0,0,0,0,n,804,Overcast clouds,c04n,22
2026/8/16 22:45,0,27.1,31,90,25.3,994,1.2,127,1.6,10,79,-42.2,316.8,0,0,0,0,0,0,n,804,Overcast clouds,c04n,22
2026/8/16 23:00,0,27,30.7,90,25.2,994,1.2,122,1.6,10,84,-44.8,320.2,0,0,0,0,0,0,n,804,Overcast clouds,c04n,23
2026/8/16 23:15,0,27,30.7,90,25.2,994,1.2,120,1.6,12,85,-46.5,325,0,0,0,0,0,0,n,804,Overcast clouds,c04n,23
2026/8/16 23:30,0,27,30.8,91,25.4,995,1.2,118,1.6,12,86,-48.3,329.9,0,0,0,0,0,0,n,804,Overcast clouds,c04n,23
2026/8/16 23:45,0,27,30.9,92,25.6,995,1.2,116,1.6,13,86,-50,334.7,0,0,0,0,0,0,n,804,Overcast clouds,c04n,23
2026/8/17 0:00,0,27,30.9,92,25.6,995,1.2,114,1.6,13,87,-51.8,339.5,0,0,0,0,0,0,n,804,Overcast clouds,c04n,0
2026/8/17 0:15,0,26.9,30.7,92,25.5,995,1.2,119,1.6,14,87,-52.3,255.5,0,0,0,0,0,0,n,804,Overcast clouds,c04n,0
2026/8/17 0:30,0,26.9,30.6,93,25.6,995,1.2,124,1.6,10,88,-52.8,171.5,0,0,0,0,0,0,n,804,Overcast clouds,c04n,0
2026/8/17 0:45,0,26.8,30.5,94,25.7,995,1.2,129,1.6,10,88,-53.4,87.5,0,0,0,0,0,0,n,804,Overcast clouds,c04n,0
2026/8/17 1:00,0,26.7,30.2,94,25.7,995,1.2,134,1.6,10,88,-53.9,3.5,0,0,0,0,0,0,n,804,Overcast clouds,c04n,1
2026/8/17 1:15,0,26.7,30.2,94,25.7,995,1.2,140,1.5,12,89,-53,9.3,0,0,0,0,0,0,n,804,Overcast clouds,c04n,1
2026/8/17 1:30,0,26.7,30.1,93,25.5,995,1.2,145,1.4,13,90,-52.1,15.1,0,0,0,0,0,0,n,804,Overcast clouds,c04n,1
2026/8/17 1:45,0,26.7,30.1,92,25.3,995,1.2,150,1.3,13,90,-51.2,20.9,0,0,0,0,0,0,n,804,Overcast clouds,c04n,1
2026/8/17 2:00,0,26.7,30.1,92,25.3,995,1.2,156,1.2,14,91,-50.3,26.6,0,0,0,0,0,0,n,804,Overcast clouds,c04n,2
2026/8/17 2:15,0,26.7,30.1,92,25.3,995,1,180,1.3,14,90,-48.2,31.1,0,0,0,0,0,0,n,804,Overcast clouds,c04n,2
2026/8/17 2:30,0,26.7,30.1,93,25.5,995,0.8,203,1.4,14,88,-46.2,35.5,0,0,0,0,0,0,n,804,Overcast clouds,c04n,2
2026/8/17 2:45,0,26.7,30.2,94,25.7,994,0.6,226,1.5,15,87,-44.2,39.9,0,0,0,0,0,0,n,804,Overcast clouds,c04n,2
2026/8/17 3:00,0,26.7,30.2,94,25.7,994,0.4,250,1.6,16,86,-42.2,44.3,0,0,0,0,0,0,n,804,Overcast clouds,c04n,3
2026/8/17 3:15,0,26.6,27.8,94,25.6,994,0.5,194,1.6,16,84,-39.5,47.4,0,0,0,0,0,0,n,804,Overcast clouds,c04n,3
2026/8/17 3:30,0,26.5,27.7,95,25.6,994,0.6,137,1.6,10,82,-36.8,50.5,0,0,0,0,0,0,n,804,Overcast clouds,c04n,3
2026/8/17 3:45,0,26.4,27.6,96,25.7,994,0.7,80,1.6,10,80,-34.1,53.6,0,0,0,0,0,0,n,804,Overcast clouds,c04n,3
2026/8/17 4:00,0,26.3,27.5,96,25.6,994,0.8,24,1.6,10,78,-31.5,56.7,0,0,0,0,0,0,n,804,Overcast clouds,c04n,4
2026/8/17 4:15,0,26.3,27.5,96,25.6,994,0.9,30,1.7,12,81,-28.4,59,0,0,0,0,0,0,n,804,Overcast clouds,c04n,4
2026/8/17 4:30,0,26.3,27.5,95,25.4,994,1,36,1.8,13,84,-25.4,61.2,0,0,0,0,0,0,n,804,Overcast clouds,c04n,4
2026/8/17 4:45,0,26.3,27.4,94,25.3,994,1.1,42,1.9,13,87,-22.3,63.5,0,0,0,0,0,0,n,804,Overcast clouds,c04n,4
2026/8/17 5:00,0,26.3,27.4,94,25.3,994,1.2,48,2,13,90,-19.3,65.7,0,0,0,0,0,0,n,804,Overcast clouds,c04n,5
2026/8/17 5:15,0,26.4,27.5,94,25.4,994,1.1,60,2,14,85,-16.1,67.4,0,0,0,0,0,0,n,804,Overcast clouds,c04n,5
2026/8/17 5:30,0,26.5,27.6,93,25.3,995,1,71,2,16,80,-12.8,69.2,0,0,0,0,0,0,n,804,Overcast clouds,c04n,5
2026/8/17 5:45,0,26.6,27.7,92,25.2,995,0.9,82,2,16,74,-9.6,70.9,0,0,0,0,0,0,n,804,Overcast clouds,c04n,5
2026/8/17 6:00,0,26.7,30.1,92,25.3,995,0.8,94,2,16,69,-6.4,72.6,0,0,0,0,0,0,n,803,Broken clouds,c03n,6
2026/8/17 6:15,0,26.7,30.1,92,25.3,995,0.8,94,2.1,16,68,-3,74.1,20,10,14,0,0,0,d,803,Broken clouds,c03n,6
2026/8/17 6:30,0,26.7,30.1,93,25.5,995,0.8,93,2.2,10,66,0.3,75.5,39,21,27,1.1,0,0,d,803,Broken clouds,c03n,6
2026/8/17 6:45,0,26.7,30.2,94,25.7,995,0.8,92,2.3,10,64,3.7,77,59,31,43,1.1,0,0,d,803,Broken clouds,c03d,6
2026/8/17 7:00,0,26.7,30.2,94,25.7,995,0.8,92,2.4,10,63,7,78.4,78,42,57,1.2,0,0,d,803,Broken clouds,c03d,7
2026/8/17 7:15,0,26.7,30.2,94,25.7,995,0.7,81,2.4,12,64,10.5,79.7,135,50,98,1.2,0,0,d,803,Broken clouds,c03d,7
2026/8/17 7:30,0,26.7,30.2,94,25.7,995,0.6,70,2.4,13,65,13.9,81.1,192,59,137,1.2,0,0,d,803,Broken clouds,c03d,7
2026/8/17 7:45,0,26.7,30.2,94,25.7,995,0.5,59,2.4,13,66,17.3,82.4,249,68,175,1.3,0,0,d,803,Broken clouds,c03d,7
2026/8/17 8:00,0,26.7,30.2,94,25.7,995,0.4,48,2.4,13,67,20.7,83.7,306,77,212,1.4,0,0,d,803,Broken clouds,c03d,8
2026/8/17 8:15,0,26.9,30.7,93,25.6,995,0.4,124,2.5,14,70,24.2,85,365,82,239,1.5,0,0,d,803,Broken clouds,c03d,8
2026/8/17 8:30,0,27.1,31.1,92,25.6,995,0.4,199,2.6,8,74,27.6,86.4,424,87,254,1.6,0,0,d,804,Overcast clouds,c04d,8
2026/8/17 8:45,0,27.2,31.5,91,25.6,995,0.4,274,2.7,8,77,31.1,87.7,484,92,267,1.7,0,0,d,804,Overcast clouds,c04d,8
2026/8/17 9:00,47.72,27.4,31.9,90,25.6,995,0.4,350,2.8,10,80,34.5,89,543,97,272,1.8,0,0,d,804,Overcast clouds,c04d,9
2026/8/17 9:15,147.63,28.3,34,86,25.8,995,0.5,350,3,11,82,38,90.6,596,101,276,2,0,0,d,804,Overcast clouds,c04d,9
2026/8/17 9:30,174.61,29.3,35.9,82,25.9,995,0.6,351,3.2,10,84,41.4,92.2,648,104,275,2.2,0,0,d,804,Overcast clouds,c04d,9
2026/8/17 9:45,9.76,30.2,37.6,78,25.9,995,0.7,352,3.4,10,85,44.9,93.8,701,108,283,2.4,0,0,d,804,Overcast clouds,c04d,9
2026/8/17 10:00,122.31,31.1,39.1,74,25.9,995,0.8,352,3.6,10,87,48.4,95.3,754,111,272,2.6,0,0,d,804,Overcast clouds,c04d,10
2026/8/17 10:15,120.04,31.2,39.4,74,26,996,0.9,266,3.7,12,88,51.8,97.6,795,113,269,2.8,0,0,d,804,Overcast clouds,c04d,10
2026/8/17 10:30,148.39,31.3,39.7,74,26.1,996,1,181,3.8,13,90,55.2,100,835,115,243,3,0,0,d,804,Overcast clouds,c04d,10
2026/8/17 10:45,2.6,31.4,40,74,26.2,996,1.1,96,3.9,13,92,58.6,102.3,876,118,212,3.1,0,0,d,804,Overcast clouds,c04d,10
2026/8/17 11:00,163.82,31.5,40.3,74,26.3,996,1.2,10,4,14,93,62,104.6,917,120,198,3.3,0,0,d,804,Overcast clouds,c04d,11
2026/8/17 11:15,88.94,31.6,40.3,73,26.2,996,1.3,8,4.1,14,94,65.2,109.8,941,121,180,3.4,0,0,d,804,Overcast clouds,c04d,11
2026/8/17 11:30,36.99,31.7,40.2,72,26,996,1.4,7,4.2,15,95,68.3,114.9,966,122,159,3.5,0,0,d,804,Overcast clouds,c04d,11
2026/8/17 11:45,120.54,31.8,40.5,72,26.1,996,1.5,6,4.3,15,96,71.5,120.1,991,123,136,3.6,0.25,0,d,804,Overcast clouds,c04d,11
2026/8/17 12:00,195.48,31.9,40.5,71,26,995,1.6,4,4.4,15,97,74.7,125.2,1016,125,233,3.7,0.5,0,d,301,Drizzle,d02d,12
2026/8/17 12:15,35.03,32.2,40.6,69,25.8,995,1.6,4,4.4,16,95,76.1,142.1,1022,125,160,3.9,1.5,0,d,500,Light rain,r01d,12
2026/8/17 12:30,17.35,32.5,41,68,25.8,995,1.6,4,4.4,16,92,77.6,159,1029,125,236,4.2,2.5,0,d,500,Light rain,r01d,12
2026/8/17 12:45,16.28,32.7,41,66,25.5,995,1.6,4,4.4,16,90,79,175.9,1036,125,284,4.4,3.25,0,d,500,Light rain,r01d,12
2026/8/17 13:00,29.43,33,41,64,25.3,994,1.6,4,4.4,16,88,80.5,192.8,1042,126,331,4.6,4,0,d,501,Moderate rain,r02d,13
2026/8/17 13:15,36.4,33.1,41.2,64,25.3,994,1.6,7,4.4,16,89,78.1,205.4,1030,125,301,4.5,4.25,0,d,501,Moderate rain,r02d,13
2026/8/17 13:30,35.49,33.2,41,63,25.1,994,1.6,10,4.4,10,90,75.8,218,1018,125,273,4.3,4.5,0,d,201,Thunderstorm with rain,t02d,13
2026/8/17 13:45,40.68,33.2,40.9,62,24.9,994,1.6,13,4.4,10,90,73.5,230.5,1006,124,272,4.2,4.25,0,d,201,Thunderstorm with rain,t02d,13
2026/8/17 14:00,41.46,33.3,41.1,62,25,993,1.6,16,4.4,10,91,71.2,243.1,994,124,246,4,4,0,d,201,Thunderstorm with rain,t02d,14
2026/8/17 14:15,45.58,33.3,41.1,62,25,993,1.6,16,4.4,12,93,67.9,247,964,122,190,3.6,4,0,d,201,Thunderstorm with rain,t02d,14
2026/8/17 14:30,56.13,33.3,41.1,62,25,993,1.6,17,4.4,13,94,64.6,250.8,935,121,159,3.4,4,0,d,201,Thunderstorm with rain,t02d,14
2026/8/17 14:45,66.57,33.3,40.7,61,24.7,993,1.6,18,4.4,13,96,61.4,254.7,905,119,109,3.1,3.5,0,d,200,Thunderstorm with light rain,t01d,14
2026/8/17 15:00,75.54,33.3,40.7,61,24.7,993,1.6,18,4.4,13,98,58.1,258.5,875,118,155,2.7,3,0,d,200,Thunderstorm with light rain,t01d,15
2026/8/17 15:15,82.38,33.5,41.2,61,24.9,993,1.6,22,4.4,14,97,54.6,260.5,831,115,178,2.6,2.5,0,d,200,Thunderstorm with light rain,t01d,15
2026/8/17 15:30,85.05,33.7,41.4,60,24.8,993,1.6,25,4.4,10,96,51.2,262.6,786,113,101,2.4,2,0,d,500,Light rain,r01d,15
2026/8/17 15:45,85.64,33.9,41.9,60,25,993,1.6,28,4.4,10,95,47.8,264.6,741,110,117,2.2,1.5,0,d,500,Light rain,r01d,15
2026/8/17 16:00,109.93,34.1,42.5,60,25.2,992,1.6,32,4.4,12,94,44.3,266.6,697,108,136,2,1,0,d,500,Light rain,r01d,16
2026/8/17 16:15,110.64,34,42.2,60,25.1,992,1.4,27,4.1,12,93,40.9,268,641,104,134,1.8,1.5,0,d,500,Light rain,r01d,16
2026/8/17 16:30,109.31,33.9,41.9,60,25,992,1.2,22,3.8,13,92,37.4,269.5,586,100,135,1.7,2,0,d,500,Light rain,r01d,16
2026/8/17 16:45,94.8,33.8,42,61,25.2,992,1,17,3.5,13,91,34,271,531,96,144,1.5,1,0,d,500,Light rain,r01d,16
2026/8/17 17:00,71.89,33.7,41.8,61,25.1,992,0.8,12,3.2,14,90,30.5,272.4,475,92,141,1.3,0,0,d,804,Overcast clouds,c04d,17
2026/8/17 17:15,55.08,32.9,41,65,25.4,993,1,36,3.2,14,92,27,273.7,415,86,102,1.1,0,0,d,804,Overcast clouds,c04d,17
2026/8/17 17:30,37.31,32.1,39.8,68,25.4,993,1.2,59,3.2,15,95,23.6,275.1,356,80,138,1,0,0,d,804,Overcast clouds,c04d,17
2026/8/17 17:45,26.69,31.2,38.9,72,25.6,993,1.4,82,3.2,15,98,20.1,276.4,296,74,97,0.8,0,0,d,804,Overcast clouds,c04d,17
2026/8/17 18:00,21.93,30.4,37.7,76,25.7,993,1.6,106,3.2,15,100,16.7,277.7,236,69,72,0.7,0,0,d,804,Overcast clouds,c04d,18
2026/8/17 18:15,17.99,30.3,37.4,76,25.6,993,1.4,85,3,16,100,13.3,279,183,58,61,0.7,0,0,d,804,Overcast clouds,c04d,18
2026/8/17 18:30,4.24,30.2,37.1,76,25.5,993,1.2,64,2.8,16,100,9.9,280.4,131,47,49,0.7,0,0,d,804,Overcast clouds,c04d,18
2026/8/17 18:45,9.14,30.1,37.1,77,25.6,993,1,43,2.6,16,100,6.5,281.7,78,36,37,0.6,0,0,d,804,Overcast clouds,c04d,18
2026/8/17 19:00,0.01,30,36.8,77,25.5,993,0.8,22,2.4,16,100,3.1,283,26,25,25,0.6,0,0,d,804,Overcast clouds,c04n,19
2026/8/17 19:15,0.02,30,36.8,77,25.5,993,0.9,36,2.7,16,100,-0.3,284.5,19,18,18,0,0,0,d,804,Overcast clouds,c04n,19
2026/8/17 19:30,0,30,36.8,77,25.5,994,1,50,3,10,100,-3.6,286,13,12,12,0,0,0,d,804,Overcast clouds,c04n,19
2026/8/17 19:45,0,30,36.8,77,25.5,994,1.1,64,3.3,10,99,-6.9,287.5,6,6,6,0,0,0,d,804,Overcast clouds,c04n,19
2026/8/17 20:00,0,30,36.8,77,25.5,994,1.2,78,3.6,10,99,-10.3,289.1,0,0,0,0,0,0,n,804,Overcast clouds,c04n,20
2026/8/17 20:15,0,29.8,36.6,78,25.6,994,1.2,88,3.6,12,99,-13.4,290.9,0,0,0,0,0,0,n,804,Overcast clouds,c04n,20
2026/8/17 20:30,0,29.7,36.1,78,25.4,994,1.2,99,3.6,13,99,-16.6,292.7,0,0,0,0,0,0,n,804,Overcast clouds,c04n,20
2026/8/17 20:45,0,29.5,35.8,79,25.4,994,1.2,110,3.6,13,99,-19.8,294.6,0,0,0,0,0,0,n,804,Overcast clouds,c04n,20
2026/8/17 21:00,0,29.3,35.6,80,25.5,994,1.2,120,3.6,13,99,-23,296.4,0,0,0,0,0,0,n,804,Overcast clouds,c04n,21
2026/8/17 21:15,0,29,35.2,82,25.6,994,1,152,3.2,14,99,-26,298.9,0,0,0,0,0,0,n,804,Overcast clouds,c04n,21
2026/8/17 21:30,0,28.7,34.7,84,25.7,995,0.8,183,2.8,14,100,-29,301.3,0,0,0,0,0,0,n,804,Overcast clouds,c04n,21
2026/8/17 21:45,0,28.4,34.2,86,25.8,995,0.6,214,2.4,15,100,-31.9,303.8,0,0,0,0,0,0,n,804,Overcast clouds,c04n,21
2026/8/17 22:00,0,28.1,33.7,88,25.9,995,0.4,246,2,16,100,-34.9,306.2,0,0,0,0,0,0,n,804,Overcast clouds,c04n,22
2026/8/17 22:15,0,28,33.5,88,25.8,995,0.5,258,1.9,16,100,-37.4,309.7,0,0,0,0,0,0,n,804,Overcast clouds,c04n,22
2026/8/17 22:30,0,28,33.4,89,26,995,0.6,270,1.8,16,100,-40,313.1,0,0,0,0,0,0,n,804,Overcast clouds,c04n,22
2026/8/17 22:45,0,27.9,33.4,90,26.1,995,0.7,282,1.7,16,100,-42.5,316.5,0,0,0,0,0,0,n,804,Overcast clouds,c04n,22
2026/8/17 23:00,0,27.8,33.1,90,26,995,0.8,294,1.6,16,100,-45.1,320,0,0,0,0,0,0,n,804,Overcast clouds,c04n,23
2026/8/17 23:15,0,27.7,32.8,90,25.9,995,0.8,306,2,16,100,-46.8,324.8,0,0,0,0,0,0,n,804,Overcast clouds,c04n,23
2026/8/17 23:30,0,27.6,32.7,91,26,995,0.8,318,2.4,16,100,-48.6,329.7,0,0,0,0,0,0,n,804,Overcast clouds,c04n,23
2026/8/17 23:45,0,27.5,32.5,92,26.1,995,0.8,330,2.8,16,100,-50.4,334.6,0,0,0,0,0,0,n,804,Overcast clouds,c04n,23
2026/8/18 0:00,0,27.4,32.2,92,26,995,0.8,342,3.2,16,100,-52.1,339.4,0,0,0,0,0,0,n,804,Overcast clouds,c04n,0
2026/8/18 0:15,0,27.3,31.9,92,25.9,995,0.8,342,3,16,100,-52.6,255.5,0,0,0,0,0,0,n,804,Overcast clouds,c04n,0
2026/8/18 0:30,0,27.2,31.6,92,25.8,995,0.8,343,2.8,10,100,-53.2,171.5,0,0,0,0,0,0,n,804,Overcast clouds,c04n,0
2026/8/18 0:45,0,27.1,31.2,92,25.7,995,0.8,344,2.6,10,100,-53.7,87.6,0,0,0,0,0,0,n,804,Overcast clouds,c04n,0
2026/8/18 1:00,0,27,30.9,92,25.6,995,0.8,344,2.4,10,100,-54.2,3.7,0,0,0,0,0,0,n,804,Overcast clouds,c04n,1
2026/8/18 1:15,0,27,30.9,92,25.6,995,0.9,344,2.5,12,100,-53.3,9.5,0,0,0,0,0,0,n,804,Overcast clouds,c04n,1
2026/8/18 1:30,0,27,30.9,92,25.6,995,1,345,2.6,10,100,-52.4,15.3,0,0,0,0,0,0,n,804,Overcast clouds,c04n,1
2026/8/18 1:45,0,27,30.9,92,25.6,994,1.1,346,2.7,10,100,-51.4,21.1,0,0,0,0,0,0,n,804,Overcast clouds,c04n,1
2026/8/18 2:00,0,27,30.9,92,25.6,994,1.2,346,2.8,12,100,-50.5,26.9,0,0,0,0,0,0,n,804,Overcast clouds,c04n,2
2026/8/18 2:15,0,27,30.9,92,25.6,994,1.3,345,2.8,12,100,-48.5,31.4,0,0,0,0,0,0,n,804,Overcast clouds,c04n,2
2026/8/18 2:30,0,27,30.9,92,25.6,994,1.4,344,2.8,9,100,-46.4,35.8,0,0,0,0,0,0,n,804,Overcast clouds,c04n,2
2026/8/18 2:45,0,27,30.9,92,25.6,994,1.5,343,2.8,9,100,-44.4,40.2,0,0,0,0,0,0,n,804,Overcast clouds,c04n,2
2026/8/18 3:00,0,27,30.9,92,25.6,994,1.6,342,2.8,9,100,-42.4,44.6,0,0,0,0,0,0,n,804,Overcast clouds,c04n,3
2026/8/18 3:15,0,26.9,30.7,92,25.5,994,1.5,342,2.8,9,100,-39.7,47.7,0,0,0,0,0,0,n,804,Overcast clouds,c04n,3
2026/8/18 3:30,0,26.9,30.6,93,25.6,994,1.4,343,2.8,10,100,-37,50.8,0,0,0,0,0,0,n,804,Overcast clouds,c04n,3
2026/8/18 3:45,0,26.8,30.5,94,25.7,994,1.3,344,2.8,10,100,-34.3,53.9,0,0,0,0,0,0,n,804,Overcast clouds,c04n,3
2026/8/18 4:00,0,26.7,30.2,94,25.7,994,1.2,344,2.8,10,100,-31.6,57.1,0,0,0,0,0,0,n,804,Overcast clouds,c04n,4
2026/8/18 4:15,0,26.7,30.2,94,25.7,994,1.2,340,2.8,12,100,-28.6,59.3,0,0,0,0,0,0,n,804,Overcast clouds,c04n,4
2026/8/18 4:30,0,26.7,30.2,94,25.7,994,1.2,337,2.8,13,100,-25.5,61.5,0,0,0,0,0,0,n,804,Overcast clouds,c04n,4
2026/8/18 4:45,0,26.7,30.2,94,25.7,994,1.2,334,2.8,13,100,-22.5,63.8,0,0,0,0,0,0,n,804,Overcast clouds,c04n,4
2026/8/18 5:00,0,26.7,30.2,94,25.7,994,1.2,330,2.8,14,100,-19.4,66,0,0,0,0,0,0,n,804,Overcast clouds,c04n,5
2026/8/18 5:15,0,27,31.1,94,25.9,994,1.3,249,2.9,14,100,-16.2,67.8,0,0,0,0,0,0,n,804,Overcast clouds,c04n,5
2026/8/18 5:30,0,27.3,31.8,93,26,994,1.4,168,3,7,100,-12.9,69.5,0,0,0,0,0,0,n,804,Overcast clouds,c04n,5
2026/8/18 5:45,0,27.5,32.6,92,26.1,994,1.5,87,3.1,7,100,-9.7,71.2,0,0,0,0,0,0,n,804,Overcast clouds,c04n,5
2026/8/18 6:00,0,27.8,33.4,92,26.4,994,1.6,6,3.2,7,100,-6.5,73,0,0,0,0,0,0,n,804,Overcast clouds,c04n,6
2026/8/18 6:15,0,27.7,33.1,92,26.3,994,1.6,8,3.7,11,100,-3.1,74.4,19,10,10,0,0,0,d,804,Overcast clouds,c04n,6
2026/8/18 6:30,1.18,27.6,32.8,92,26.2,995,1.6,10,4.2,11,100,0.3,75.8,39,21,21,0.6,0,0,d,804,Overcast clouds,c04n,6
2026/8/18 6:45,4.82,27.5,32.5,92,26.1,995,1.6,12,4.7,12,100,3.6,77.3,58,31,31,0.6,0,0,d,804,Overcast clouds,c04d,6
2026/8/18 7:00,8.53,27.4,32.2,92,26,995,1.6,14,5.2,12,100,7,78.7,78,42,42,0.6,0,0,d,804,Overcast clouds,c04d,7
2026/8/18 7:15,13.86,27.3,31.9,92,25.9,995,1.8,16,5.5,13,100,10.4,80.1,134,50,52,0.7,0,0,d,804,Overcast clouds,c04d,7
2026/8/18 7:30,26.05,27.2,31.7,93,26,995,2,19,5.8,14,100,13.8,81.4,191,59,61,0.7,0,0,d,804,Overcast clouds,c04d,7
2026/8/18 7:45,41.79,27.1,31.5,94,26,995,2.2,22,6.1,9,100,17.2,82.7,248,68,71,0.7,0,0,d,804,Overcast clouds,c04d,7
2026/8/18 8:00,53.52,27,31.2,94,25.9,995,2.4,24,6.4,10,100,20.7,84,305,77,81,0.8,0,0,d,804,Overcast clouds,c04d,8
2026/8/18 8:15,68.61,26.9,30.9,94,25.9,995,2.4,27,6.5,10,100,24.1,85.4,364,82,87,0.9,0,0,d,804,Overcast clouds,c04d,8
2026/8/18 8:30,76.41,26.9,30.8,95,26,995,2.4,30,6.6,10,100,27.6,86.7,424,87,93,1,0,0,d,804,Overcast clouds,c04d,8
2026/8/18 8:45,74.49,26.8,30.7,96,26.1,995,2.4,33,6.7,10,100,31,88.1,483,92,99,1.1,0,0,d,804,Overcast clouds,c04d,8
2026/8/18 9:00,121.26,26.7,30.4,96,26,995,2.4,36,6.8,10,100,34.5,89.4,542,97,105,1.3,0,0,d,804,Overcast clouds,c04d,9
2026/8/18 9:15,150.38,27.3,31.8,93,26,995,2.6,36,6.9,12,100,37.9,91,595,101,110,1.4,0,0,d,804,Overcast clouds,c04d,9
2026/8/18 9:30,159.04,27.8,33.1,90,26,995,2.8,37,7,10,100,41.4,92.6,648,104,115,1.6,0,0,d,804,Overcast clouds,c04d,9
2026/8/18 9:45,171.01,28.4,34.3,87,26,995,3,38,7.1,10,100,44.8,94.2,701,108,120,1.8,0,0,d,804,Overcast clouds,c04d,9
2026/8/18 10:00,93.82,28.9,35.3,84,25.9,995,3.2,38,7.2,10,100,48.3,95.8,753,111,124,2,0,0,d,804,Overcast clouds,c04d,10
2026/8/18 10:15,107.19,29,35.6,84,26,995,3.2,38,7.3,12,100,51.7,98.2,794,113,126,2.2,0,0,d,804,Overcast clouds,c04d,10
2026/8/18 10:30,128.01,29.1,35.7,83,25.9,996,3.2,37,7.4,13,100,55.1,100.5,835,115,130,2.4,0,0,d,804,Overcast clouds,c04d,10
2026/8/18 10:45,64.19,29.2,35.8,82,25.8,996,3.2,36,7.5,13,100,58.5,102.9,876,118,134,2.6,0,0,d,804,Overcast clouds,c04d,10
2026/8/18 11:00,38.01,29.3,36.1,82,25.9,996,3.2,36,7.6,13,100,61.9,105.3,916,120,136,2.8,0,0,d,804,Overcast clouds,c04d,11
2026/8/18 11:15,72.15,29.5,36.3,81,25.9,996,3.3,38,7.6,14,100,65.1,110.5,941,121,138,3,0,0,d,804,Overcast clouds,c04d,11
2026/8/18 11:30,50.18,29.7,36.6,80,25.8,996,3.4,40,7.6,14,100,68.2,115.8,966,122,140,3.2,0,0,d,804,Overcast clouds,c04d,11
2026/8/18 11:45,14.43,29.8,37.1,80,26,995,3.5,42,7.6,15,99,71.3,121,991,123,170,3.4,0,0,d,804,Overcast clouds,c04d,11
2026/8/18 12:00,13.3,30,37.4,79,26,995,3.6,44,7.6,16,99,74.5,126.3,1015,125,174,3.5,0,0,d,804,Overcast clouds,c04d,12
2026/8/18 12:15,3.96,30.4,38.2,78,26.1,995,3.3,48,7.5,16,99,75.9,142.9,1022,125,173,3.6,0,0,d,804,Overcast clouds,c04d,12
2026/8/18 12:30,3.97,30.8,39.4,78,26.5,996,3,52,7.4,13,100,77.3,159.5,1028,125,141,3.6,0,0,d,804,Overcast clouds,c04d,12
2026/8/18 12:45,3.88,31.1,40.2,77,26.6,996,2.7,56,7.3,16,100,78.7,176.1,1035,125,140,3.6,0.25,0,d,804,Overcast clouds,c04d,12
2026/8/18 13:00,67.27,31.5,41.1,76,26.7,996,2.4,60,7.2,16,100,80.1,192.7,1042,126,141,3.6,0.5,0,d,231,Thunderstorm with drizzle,t04d,13
2026/8/18 13:15,65.07,31.6,41,75,26.6,996,2.3,64,7.3,16,100,77.8,205.1,1030,125,140,3.6,0.25,0,d,804,Overcast clouds,c04d,13
2026/8/18 13:30,76.4,31.7,41,74,26.5,995,2.2,67,7.4,10,100,75.6,217.6,1017,125,140,3.5,0,0,d,804,Overcast clouds,c04d,13
2026/8/18 13:45,93.89,31.8,41.3,74,26.6,995,2.1,70,7.5,10,100,73.3,230,1005,124,139,3.4,0,0,d,804,Overcast clouds,c04d,13
2026/8/18 14:00,108.92,31.9,41.2,73,26.4,994,2,74,7.6,10,100,71,242.4,993,124,139,3.3,0,0,d,804,Overcast clouds,c04d,14
2026/8/18 14:15,114.28,32.2,41.3,71,26.2,994,1.9,76,6.9,12,100,67.7,246.3,963,122,138,3.1,0,0,d,804,Overcast clouds,c04d,14
2026/8/18 14:30,120.87,32.5,41.4,69,26,994,1.8,79,6.2,16,100,64.4,250.2,933,121,137,3,0,0,d,804,Overcast clouds,c04d,14
2026/8/18 14:45,93.66,32.7,41.4,67,25.8,994,1.7,82,5.5,16,100,61.2,254.1,904,119,136,2.8,0,0,d,804,Overcast clouds,c04d,14
2026/8/18 15:00,24.42,33,41.4,65,25.5,994,1.6,84,4.8,16,100,57.9,258,874,118,135,2.6,0,0,d,804,Overcast clouds,c04d,15
2026/8/18 15:15,10.41,32.3,40.4,68,25.6,994,1.4,84,4.9,16,100,54.5,260,829,115,131,2.4,0,0,d,804,Overcast clouds,c04d,15
2026/8/18 15:30,3.92,31.5,39.6,72,25.8,994,1.2,85,5,10,100,51,262.1,784,113,127,2.2,0,0,d,804,Overcast clouds,c04d,15
2026/8/18 15:45,3.94,30.8,38.7,76,26,993,1,86,5.1,10,99,47.6,264.1,739,110,145,2,0.25,0,d,804,Overcast clouds,c04d,15
2026/8/18 16:00,3.93,30,37.4,79,26,993,0.8,86,5.2,10,99,44.2,266.2,695,107,140,1.8,0.5,0,d,301,Drizzle,d02d,16
2026/8/18 16:15,3.91,30.1,37.7,79,26,993,0.9,78,5,12,99,40.7,267.6,639,104,121,1.6,1.25,0,d,500,Light rain,r01d,16
2026/8/18 16:30,3.89,30.2,38,79,26.1,993,1,70,4.8,13,100,37.3,269.1,584,100,89,1.4,2,0,d,500,Light rain,r01d,16
2026/8/18 16:45,3.88,30.3,38.3,79,26.2,993,1.1,62,4.6,13,100,33.8,270.6,528,96,77,1.2,3.5,0,d,500,Light rain,r01d,16
2026/8/18 17:00,62.96,30.4,38.6,79,26.3,992,1.2,54,4.4,13,100,30.3,272.1,473,92,67,1.1,5,0,d,501,Moderate rain,r02d,17
2026/8/18 17:15,51.33,30,37.7,80,26.2,993,1.5,56,4.9,14,100,26.9,273.4,413,86,49,1,8,0,d,501,Moderate rain,r02d,17
2026/8/18 17:30,10.7,29.7,37.1,82,26.2,993,1.8,58,5.4,15,100,23.4,274.7,353,80,38,0.9,11,0,d,501,Moderate rain,r02d,17
2026/8/18 17:45,1.46,29.3,36.2,83,26.1,994,2.1,60,5.9,15,100,20,276.1,293,74,35,0.8,17,0,d,502,Heavy rain,r03d,17
2026/8/18 18:00,0,28.9,35.3,84,25.9,994,2.4,62,6.4,16,100,16.5,277.4,233,68,32,0.7,23,0,d,502,Heavy rain,r03d,18
2026/8/18 18:15,0,28.5,34.4,85,25.8,994,2.2,62,6.3,16,100,13.1,278.7,181,57,27,0.7,19.25,0,d,502,Heavy rain,r03d,18
2026/8/18 18:30,0,28.2,33.5,86,25.6,994,2,63,6.2,16,100,9.7,280.1,129,46,22,0.7,15.5,0,d,502,Heavy rain,r03d,18
2026/8/18 18:45,0,27.8,32.6,87,25.4,993,1.8,64,6.1,16,100,6.3,281.4,76,35,18,0.6,9.25,0,d,501,Moderate rain,r02d,18
2026/8/18 19:00,0.02,27.4,31.6,88,25.2,993,1.6,64,6,16,100,2.9,282.8,24,24,20,0.6,3,0,d,500,Light rain,r01n,19
2026/8/18 19:15,0,27.4,31.6,88,25.2,993,1.6,61,5.4,16,100,-0.4,284.3,18,18,16,0,2,0,d,500,Light rain,r01n,19
2026/8/18 19:30,0,27.4,31.8,89,25.4,994,1.6,58,4.8,10,100,-3.8,285.8,12,12,12,0,1,0,d,500,Light rain,r01n,19
2026/8/18 19:45,0,27.4,31.9,90,25.6,994,1.6,55,4.2,10,100,-7.1,287.3,6,6,6,0,0.5,0,d,231,Thunderstorm with drizzle,t04n,19
2026/8/18 20:00,0,27.4,31.9,90,25.6,994,1.6,52,3.6,12,100,-10.4,288.8,0,0,0,0,0,0,n,804,Overcast clouds,c04n,20
2026/8/18 20:15,0,27.4,31.9,90,25.6,994,1.5,51,3.4,12,100,-13.6,290.6,0,0,0,0,0,0,n,804,Overcast clouds,c04n,20
2026/8/18 20:30,0,27.4,31.9,90,25.6,995,1.4,50,3.2,10,100,-16.8,292.5,0,0,0,0,0,0,n,804,Overcast clouds,c04n,20
2026/8/18 20:45,0,27.4,31.9,90,25.6,995,1.3,49,3,10,100,-20,294.3,0,0,0,0,0,0,n,804,Overcast clouds,c04n,20
2026/8/18 21:00,0,27.4,31.9,90,25.6,995,1.2,48,2.8,10,100,-23.3,296.2,0,0,0,0,0,0,n,804,Overcast clouds,c04n,21
2026/8/18 21:15,0,27.2,31.5,91,25.6,995,1.3,53,2.8,12,100,-26.2,298.6,0,0,0,0,0,0,n,804,Overcast clouds,c04n,21
2026/8/18 21:30,0,27.1,31.1,92,25.6,996,1.4,58,2.8,10,100,-29.2,301.1,0,0,0,0,0,0,n,804,Overcast clouds,c04n,21
2026/8/18 21:45,0,26.9,30.7,93,25.6,996,1.5,63,2.8,10,100,-32.2,303.5,0,0,0,0,0,0,n,804,Overcast clouds,c04n,21
2026/8/18 22:00,0,26.7,30.2,94,25.7,996,1.6,68,2.8,12,100,-35.1,306,0,0,0,0,0,0,n,804,Overcast clouds,c04n,22
2026/8/18 22:15,0,26.7,30.2,94,25.7,996,1.6,68,2.7,12,100,-37.7,309.4,0,0,0,0,0.75,0,n,301,Drizzle,d02n,22
2026/8/18 22:30,0,26.7,30.2,94,25.7,996,1.6,67,2.6,13,100,-40.2,312.9,0,0,0,0,1.5,0,n,500,Light rain,r01n,22
2026/8/18 22:45,0,26.7,30.2,94,25.7,996,1.6,66,2.5,13,100,-42.8,316.3,0,0,0,0,2.25,0,n,500,Light rain,r01n,22
2026/8/18 23:00,0,26.7,30.2,94,25.7,996,1.6,66,2.4,14,100,-45.3,319.8,0,0,0,0,3,0,n,200,Thunderstorm with light rain,t01n,23
2026/8/18 23:15,0,26.7,30.2,94,25.7,996,1.5,60,2.2,14,100,-47.1,324.7,0,0,0,0,2.5,0,n,200,Thunderstorm with light rain,t01n,23
2026/8/18 23:30,0,26.7,30.3,95,25.8,996,1.4,54,2,10,100,-48.9,329.5,0,0,0,0,2,0,n,200,Thunderstorm with light rain,t01n,23
2026/8/18 23:45,0,26.7,30.4,96,26,995,1.3,48,1.8,10,100,-50.7,334.4,0,0,0,0,1.25,0,n,200,Thunderstorm with light rain,t01n,23
2026/8/19 0:00,0,26.7,30.4,96,26,995,1.2,42,1.6,10,100,-52.5,339.3,0,0,0,0,0.5,0,n,231,Thunderstorm with drizzle,t04n,0
2026/8/19 0:15,0,26.7,30.4,96,26,995,1.1,121,1.6,12,100,-53,255.4,0,0,0,0,0.5,0,n,231,Thunderstorm with drizzle,t04n,0
2026/8/19 0:30,0,26.7,30.4,96,26,995,1,200,1.6,10,100,-53.5,171.6,0,0,0,0,0.5,0,n,231,Thunderstorm with drizzle,t04n,0
2026/8/19 0:45,0,26.7,30.4,96,26,995,0.9,279,1.6,10,100,-54,87.7,0,0,0,0,0.25,0,n,804,Overcast clouds,c04n,0
2026/8/19 1:00,0,26.7,30.4,96,26,995,0.8,358,1.6,12,100,-54.5,3.8,0,0,0,0,0,0,n,804,Overcast clouds,c04n,1
2026/8/19 1:15,0,26.7,30.4,96,26,995,0.9,355,1.6,12,100,-53.6,9.7,0,0,0,0,0,0,n,804,Overcast clouds,c04n,1
2026/8/19 1:30,0,26.7,30.4,96,26,995,1,352,1.6,10,100,-52.7,15.5,0,0,0,0,0,0,n,804,Overcast clouds,c04n,1
2026/8/19 1:45,0,26.7,30.4,96,26,995,1.1,349,1.6,10,100,-51.7,21.4,0,0,0,0,0,0,n,804,Overcast clouds,c04n,1
2026/8/19 2:00,0,26.7,30.4,96,26,995,1.2,346,1.6,10,100,-50.8,27.2,0,0,0,0,0,0,n,804,Overcast clouds,c04n,2
2026/8/19 2:15,0,26.7,30.4,96,26,995,1.3,347,2.4,12,100,-48.7,31.7,0,0,0,0,0,0,n,804,Overcast clouds,c04n,2
2026/8/19 2:30,0,26.7,30.4,96,26,995,1.4,348,3.2,10,100,-46.7,36.1,0,0,0,0,0,0,n,804,Overcast clouds,c04n,2
2026/8/19 2:45,0,26.7,30.4,96,26,995,1.5,349,4,10,99,-44.6,40.5,0,0,0,0,0,0,n,804,Overcast clouds,c04n,2
2026/8/19 3:00,0,26.7,30.4,96,26,995,1.6,350,4.8,10,99,-42.6,45,0,0,0,0,0,0,n,804,Overcast clouds,c04n,3
2026/8/19 3:15,0,26.5,27.7,96,25.8,995,1.6,264,4.8,10,99,-39.9,48.1,0,0,0,0,0,0,n,804,Overcast clouds,c04n,3
2026/8/19 3:30,0,26.3,27.5,97,25.8,995,1.6,177,4.8,10,100,-37.2,51.2,0,0,0,0,0,0,n,741,Fog,a05n,3
2026/8/19 3:45,0,26.1,27.3,98,25.8,994,1.6,90,4.8,10,100,-34.5,54.3,0,0,0,0,0,0,n,741,Fog,a05n,3
2026/8/19 4:00,0,25.9,27.1,98,25.6,994,1.6,4,4.8,10,100,-31.8,57.4,0,0,0,0,0,0,n,741,Fog,a05n,4
2026/8/19 4:15,0,25.9,27.1,98,25.6,994,1.7,4,4.7,12,100,-28.7,59.6,0,0,0,0,0,0,n,741,Fog,a05n,4
2026/8/19 4:30,0,25.9,27.1,98,25.6,995,1.8,5,4.6,10,100,-25.6,61.9,0,0,0,0,0,0,n,741,Fog,a05n,4
2026/8/19 4:45,0,25.9,27.1,98,25.6,995,1.9,6,4.5,10,100,-22.6,64.1,0,0,0,0,0,0,n,741,Fog,a05n,4
2026/8/19 5:00,0,25.9,27.1,98,25.6,995,2,6,4.4,10,100,-19.5,66.4,0,0,0,0,0,0,n,741,Fog,a05n,5
2026/8/19 5:15,0,26,27.2,98,25.7,995,2,8,4.6,12,100,-16.3,68.1,0,0,0,0,0,0,n,741,Fog,a05n,5
2026/8/19 5:30,0,26.1,27.3,98,25.8,995,2,9,4.8,12,100,-13,69.8,0,0,0,0,0,0,n,741,Fog,a05n,5
2026/8/19 5:45,0,26.2,27.4,98,25.9,995,2,10,5,13,100,-9.8,71.5,0,0,0,0,0,0,n,741,Fog,a05n,5
2026/8/19 6:00,0,26.3,27.5,98,26,995,2,12,5.2,14,100,-6.5,73.3,0,0,0,0,0,0,n,741,Fog,a05n,6
2026/8/19 6:15,0.14,26.3,27.5,98,26,995,2.1,97,5.3,14,100,-3.2,74.7,19,10,10,0,0,0,d,741,Fog,a05n,6
2026/8/19 6:30,1.19,26.3,27.5,97,25.8,995,2.2,182,5.4,10,99,0.2,76.2,38,21,22,0.6,0,0,d,741,Fog,a05n,6
2026/8/19 6:45,5.52,26.3,27.5,96,25.6,995,2.3,267,5.5,10,98,3.5,77.6,57,31,35,0.7,0,0,d,804,Overcast clouds,c04d,6
2026/8/19 7:00,11.09,26.3,27.5,96,25.6,995,2.4,352,5.6,10,98,6.9,79.1,77,41,46,0.7,0,0,d,804,Overcast clouds,c04d,7
2026/8/19 7:15,23.6,26.3,27.5,96,25.6,995,2.4,352,5.8,11,98,10.3,80.4,133,50,60,0.7,0,0,d,804,Overcast clouds,c04d,7
2026/8/19 7:30,27.71,26.3,27.5,96,25.6,996,2.4,353,6,8,98,13.8,81.7,190,59,73,0.7,0,0,d,804,Overcast clouds,c04d,7
2026/8/19 7:45,46.9,26.3,27.5,96,25.6,996,2.4,354,6.2,8,98,17.2,83.1,247,68,86,0.8,0,0,d,804,Overcast clouds,c04d,7
2026/8/19 8:00,33.05,26.3,27.5,96,25.6,996,2.4,354,6.4,8,98,20.6,84.4,304,77,100,0.8,0,0,d,804,Overcast clouds,c04d,8
2026/8/19 8:15,51.99,26.4,27.6,96,25.7,996,2.4,268,6.6,8,98,24.1,85.7,363,82,109,0.9,0,0,d,804,Overcast clouds,c04d,8
2026/8/19 8:30,58.46,26.5,27.7,95,25.6,996,2.4,182,6.8,8,97,27.5,87.1,423,87,132,1.1,0,0,d,804,Overcast clouds,c04d,8
2026/8/19 8:45,54.63,26.6,27.8,94,25.6,996,2.4,96,7,8,96,31,88.5,482,92,157,1.2,0.5,0,d,301,Drizzle,d02d,8
2026/8/19 9:00,46.46,26.7,30.2,94,25.7,996,2.4,10,7.2,8,96,34.4,89.8,542,97,170,1.4,1,0,d,500,Light rain,r01d,9
2026/8/19 9:15,30.16,27.4,32,92,25.9,996,2.5,13,7.6,8,96,37.9,91.4,594,101,180,1.6,0.75,0,d,301,Drizzle,d02d,9
2026/8/19 9:30,37.85,28,33.7,90,26.2,997,2.6,16,8,10,96,41.3,93.1,647,104,189,1.8,0.5,0,d,301,Drizzle,d02d,9
2026/8/19 9:45,29.5,28.7,35.4,88,26.5,997,2.7,19,8.4,10,96,44.8,94.7,700,108,200,2,0.5,0,d,301,Drizzle,d02d,9
2026/8/19 10:00,68.27,29.3,37.1,86,26.7,997,2.8,22,8.8,10,96,48.2,96.3,753,111,209,2.2,0.5,0,d,301,Drizzle,d02d,10
2026/8/19 10:15,44.11,29.5,37.7,86,26.9,997,3,22,8.9,11,96,51.6,98.7,794,113,216,2.4,0.75,0,d,301,Drizzle,d02d,10
2026/8/19 10:30,34.85,29.7,38,85,26.9,997,3.2,22,9,10,97,55,101.1,834,115,200,2.6,1,0,d,500,Light rain,r01d,10
2026/8/19 10:45,83.56,29.8,38.3,84,26.8,996,3.4,22,9.1,10,98,58.4,103.5,875,118,182,2.7,0.75,0,d,301,Drizzle,d02d,10
2026/8/19 11:00,116.43,30,38.8,84,27,996,3.6,22,9.2,10,98,61.8,106,916,120,186,3,0.5,0,d,301,Drizzle,d02d,11
2026/8/19 11:15,203.69,30.2,39.4,84,27.2,996,3.7,24,9.5,12,98,65,111.3,941,121,188,3.1,0.25,0,d,804,Overcast clouds,c04d,11
2026/8/19 11:30,126.12,30.4,39.7,83,27.1,996,3.8,27,9.8,12,97,68.1,116.6,965,122,219,3.4,0,0,d,804,Overcast clouds,c04d,11
2026/8/19 11:45,103.37,30.5,40,82,27.1,996,3.9,30,10.1,10,96,71.2,122,990,123,131,3.6,0,0,d,804,Overcast clouds,c04d,11
2026/8/19 12:00,212.8,30.7,40.6,82,27.3,996,4,32,10.4,10,96,74.3,127.3,1015,125,133,3.8,0,0,d,804,Overcast clouds,c04d,12
2026/8/19 12:15,179.12,31.2,41.1,79,27.1,996,4.1,35,10.6,10,96,75.7,143.7,1021,125,135,3.8,0.75,0,d,301,Drizzle,d02d,12
2026/8/19 12:30,74,31.7,41.6,76,26.9,996,4.2,38,10.8,10,97,77.1,160,1028,125,211,3.8,1.5,0,d,500,Light rain,r01d,12
2026/8/19 12:45,3.99,32.1,41.9,73,26.7,996,4.3,41,11,10,98,78.4,176.3,1034,125,180,3.8,1.75,0,d,500,Light rain,r01d,12
2026/8/19 13:00,4.08,32.6,42.2,70,26.4,995,4.4,44,11.2,10,98,79.8,192.7,1041,126,179,3.8,2,0,d,500,Light rain,r01d,13
2026/8/19 13:15,44.89,32.6,42.2,70,26.4,995,4.3,43,11.1,8,98,77.5,204.9,1029,125,187,3.7,1.25,0,d,500,Light rain,r01d,13
2026/8/19 13:30,23.38,32.6,42.2,70,26.4,995,4.2,42,11,10,98,75.3,217.1,1016,125,202,3.6,0.5,0,d,301,Drizzle,d02d,13
2026/8/19 13:45,0.04,32.6,42.2,70,26.4,995,4.1,41,10.9,10,98,73,229.4,1004,124,200,3.5,1,0,d,500,Light rain,r01d,13
2026/8/19 14:00,9.76,32.6,42.2,70,26.4,995,4,40,10.8,10,98,70.8,241.6,992,124,180,3.5,1.5,0,d,500,Light rain,r01d,14
2026/8/19 14:15,87.95,32.8,42.8,70,26.6,995,4,40,11,9,98,67.5,245.6,962,122,194,3.3,0.75,0,d,301,Drizzle,d02d,14
2026/8/19 14:30,50.6,33,42.9,69,26.5,995,4,39,11.2,10,99,64.2,249.6,932,121,163,3,0,0,d,804,Overcast clouds,c04d,14
2026/8/19 14:45,63.65,33.1,43,68,26.4,995,4,38,11.4,10,100,61,253.5,902,119,133,2.8,0,0,d,804,Overcast clouds,c04d,14
2026/8/19 15:00,78.45,33.3,43.5,68,26.6,994,4,38,11.6,11,100,57.7,257.5,872,118,131,2.6,0,0,d,804,Overcast clouds,c04d,15
2026/8/19 15:15,36.16,33.4,43.4,67,26.4,994,4,38,11.6,11,100,54.3,259.5,827,115,128,2.4,0,0,d,804,Overcast clouds,c04d,15
2026/8/19 15:30,0,33.5,43.3,66,26.3,994,4,38,11.6,10,100,50.9,261.6,782,112,124,2.2,0,0,d,804,Overcast clouds,c04d,15
2026/8/19 15:45,28.68,33.6,43.6,66,26.4,994,4,38,11.6,10,100,47.4,263.7,737,110,121,2,0,0,d,804,Overcast clouds,c04d,15
2026/8/19 16:00,2.62,33.7,43.5,65,26.2,994,4,38,11.6,10,100,44,265.8,693,107,118,1.8,0,0,d,804,Overcast clouds,c04d,16
2026/8/19 16:15,2.6,33.6,43.2,65,26.1,994,3.8,43,10.4,9,100,40.6,267.3,637,103,113,1.6,0,0,d,804,Overcast clouds,c04d,16
2026/8/19 16:30,143.11,33.5,42.9,65,26,993,3.6,48,9.2,8,100,37.1,268.8,581,100,110,1.4,0,0,d,804,Overcast clouds,c04d,16
2026/8/19 16:45,66.51,33.4,42.6,65,25.9,993,3.4,53,8,8,100,33.6,270.3,526,96,105,1.2,0,0,d,804,Overcast clouds,c04d,16
2026/8/19 17:00,19.32,33.3,42.3,65,25.8,992,3.2,58,6.8,8,100,30.2,271.8,470,92,100,1.1,0,0,d,804,Overcast clouds,c04d,17
2026/8/19 17:15,2.57,32.5,41.1,68,25.8,992,2.8,62,6.1,8,100,26.7,273.1,410,86,93,1,0.25,0,d,804,Overcast clouds,c04d,17
2026/8/19 17:30,2.59,31.7,40.1,72,26,992,2.4,66,5.4,8,100,23.3,274.4,350,80,85,0.9,0.5,0,d,301,Drizzle,d02d,17
2026/8/19 17:45,57.58,30.8,39,76,26.1,992,2,70,4.7,10,100,19.8,275.8,290,74,67,0.8,1.5,0,d,500,Light rain,r01d,17
2026/8/19 18:00,35.99,30,37.4,79,26,992,1.6,74,4,10,100,16.4,277.1,231,68,58,0.7,2.5,0,d,500,Light rain,r01d,18
2026/8/19 18:15,10.14,29.9,37.4,80,26.1,992,1.4,66,3.5,10,100,13,278.4,178,57,51,0.7,1.75,0,d,500,Light rain,r01d,18
2026/8/19 18:30,13.53,29.8,37.1,80,26,993,1.2,59,3,10,99,9.5,279.8,126,45,50,0.7,1,0,d,500,Light rain,r01d,18
2026/8/19 18:45,8.69,29.7,36.8,80,25.9,993,1,52,2.5,10,98,6.1,281.1,74,34,39,0.7,0.5,0,d,301,Drizzle,d02d,18
2026/8/19 19:00,2.19,29.6,36.7,81,26,993,0.8,44,2,10,98,2.7,282.5,22,23,24,0.7,0,0,d,804,Overcast clouds,c04n,19
2026/8/19 19:15,0.33,29.6,37,82,26.2,993,1,40,1.9,12,98,-0.6,284,16,17,18,0,0,0,d,804,Overcast clouds,c04n,19
2026/8/19 19:30,0.06,29.6,37,82,26.2,994,1.2,37,1.8,10,97,-4,285.5,11,11,12,0,0,0,d,804,Overcast clouds,c04n,19
2026/8/19 19:45,0,29.6,37.3,83,26.4,994,1.4,34,1.7,10,96,-7.3,287,5,6,7,0,0,0,d,804,Overcast clouds,c04n,19
2026/8/19 20:00,0,29.6,37.5,84,26.6,994,1.6,30,1.6,10,96,-10.6,288.5,0,0,0,0,0,0,n,804,Overcast clouds,c04n,20
2026/8/19 20:15,0,29.5,37.3,84,26.5,994,1.7,26,1.8,10,96,-13.8,290.4,0,0,0,0,0,0,n,804,Overcast clouds,c04n,20
2026/8/19 20:30,0,29.5,37.3,85,26.7,994,1.8,22,2,10,96,-17.1,292.2,0,0,0,0,0,0,n,804,Overcast clouds,c04n,20
2026/8/19 20:45,0,29.4,37.3,86,26.8,994,1.9,18,2.2,10,95,-20.3,294.1,0,0,0,0,0,0,n,804,Overcast clouds,c04n,20
2026/8/19 21:00,0,29.3,37.1,86,26.7,994,2,14,2.4,10,95,-23.5,295.9,0,0,0,0,0,0,n,804,Overcast clouds,c04n,21
2026/8/19 21:15,0,29.3,37.1,86,26.7,994,1.9,16,2.7,12,94,-26.5,298.4,0,0,0,0,0,0,n,804,Overcast clouds,c04n,21
2026/8/19 21:30,0,29.3,37.1,86,26.7,995,1.8,17,3,10,94,-29.4,300.8,0,0,0,0,0,0,n,804,Overcast clouds,c04n,21
2026/8/19 21:45,0,29.3,37.1,86,26.7,995,1.7,18,3.3,10,94,-32.4,303.3,0,0,0,0,0,0,n,804,Overcast clouds,c04n,21
2026/8/19 22:00,0,29.3,37.1,86,26.7,995,1.6,20,3.6,8,93,-35.4,305.7,0,0,0,0,0,0,n,804,Overcast clouds,c04n,22
2026/8/19 22:15,0,29.2,36.7,86,26.6,995,1.7,20,4.1,8,93,-38,309.2,0,0,0,0,0,0,n,804,Overcast clouds,c04n,22
2026/8/19 22:30,0,29.1,36.7,87,26.7,995,1.8,21,4.6,13,93,-40.5,312.6,0,0,0,0,0,0,n,804,Overcast clouds,c04n,22
2026/8/19 22:45,0,29,36.6,88,26.8,995,1.9,22,5.1,13,93,-43.1,316.1,0,0,0,0,0,0,n,804,Overcast clouds,c04n,22
2026/8/19 23:00,0,28.9,36.3,88,26.7,995,2,22,5.6,14,93,-45.6,319.5,0,0,0,0,0,0,n,804,Overcast clouds,c04n,23
2026/8/19 23:15,0,28.8,35.9,88,26.6,995,2,26,5.9,14,93,-47.4,324.5,0,0,0,0,0,0,n,804,Overcast clouds,c04n,23
2026/8/19 23:30,0,28.7,35.6,88,26.5,995,2,29,6.2,10,93,-49.2,329.4,0,0,0,0,0,0,n,804,Overcast clouds,c04n,23
2026/8/19 23:45,0,28.6,35.3,88,26.4,995,2,32,6.5,10,93,-51,334.3,0,0,0,0,0,0,n,804,Overcast clouds,c04n,23
2026/8/20 0:00,0,28.5,35,88,26.3,995,2,36,6.8,10,93,-52.8,339.2,0,0,0,0,0,0,n,804,Overcast clouds,c04n,0
2026/8/20 0:15,0,28.3,34.6,89,26.3,995,2,37,6.3,12,94,-53.3,255.4,0,0,0,0,0,0,n,804,Overcast clouds,c04n,0
2026/8/20 0:30,0,28.2,34.2,90,26.4,995,2,38,5.8,12,94,-53.8,171.6,0,0,0,0,0,0,n,804,Overcast clouds,c04n,0
2026/8/20 0:45,0,28,33.8,91,26.4,995,2,39,5.3,13,94,-54.3,87.7,0,0,0,0,0,0,n,804,Overcast clouds,c04n,0
2026/8/20 1:00,0,27.8,33.4,92,26.4,995,2,40,4.8,14,95,-54.9,3.9,0,0,0,0,0,0,n,804,Overcast clouds,c04n,1
2026/8/20 1:15,0,27.9,33.7,92,26.5,995,2.1,38,4.8,14,94,-53.9,9.8,0,0,0,0,0,0,n,804,Overcast clouds,c04n,1
2026/8/20 1:30,0,28,33.8,91,26.3,995,2.2,37,4.8,15,92,-53,15.7,0,0,0,0,0,0,n,804,Overcast clouds,c04n,1
2026/8/20 1:45,0,28,33.8,90,26.2,994,2.3,36,4.8,15,90,-52,21.6,0,0,0,0,0,0,n,804,Overcast clouds,c04n,1
2026/8/20 2:00,0,28.1,34.1,90,26.3,994,2.4,34,4.8,16,89,-51.1,27.5,0,0,0,0,0,0,n,804,Overcast clouds,c04n,2
2026/8/20 2:15,0,28,33.8,90,26.2,994,2.4,30,4.8,10,85,-49,32,0,0,0,0,0,0,n,804,Overcast clouds,c04n,2
2026/8/20 2:30,0,28,33.8,91,26.3,994,2.4,27,4.8,10,81,-46.9,36.4,0,0,0,0,0,0,n,804,Overcast clouds,c04n,2
2026/8/20 2:45,0,27.9,33.7,92,26.5,994,2.4,24,4.8,10,77,-44.8,40.9,0,0,0,0,0,0,n,804,Overcast clouds,c04n,2
2026/8/20 3:00,0,27.8,33.4,92,26.4,994,2.4,20,4.8,10,73,-42.8,45.3,0,0,0,0,0,0,n,804,Overcast clouds,c04n,3
2026/8/20 3:15,0,27.7,33.1,92,26.3,994,2.3,18,4.8,12,70,-40.1,48.4,0,0,0,0,0,0,n,803,Broken clouds,c03n,3
2026/8/20 3:30,0,27.6,32.8,92,26.2,994,2.2,17,4.8,13,67,-37.3,51.5,0,0,0,0,0,0,n,803,Broken clouds,c03n,3
2026/8/20 3:45,0,27.5,32.5,92,26.1,994,2.1,16,4.8,13,64,-34.6,54.6,0,0,0,0,0,0,n,803,Broken clouds,c03n,3
2026/8/20 4:00,0,27.4,32.2,92,26,994,2,14,4.8,14,61,-31.9,57.7,0,0,0,0,0,0,n,803,Broken clouds,c03n,4
2026/8/20 4:15,0,27.4,32.2,92,26,994,2,12,4.6,14,60,-28.8,60,0,0,0,0,0,0,n,803,Broken clouds,c03n,4
2026/8/20 4:30,0,27.4,32.2,92,26,994,2,9,4.4,15,59,-25.8,62.2,0,0,0,0,0,0,n,803,Broken clouds,c03n,4
2026/8/20 4:45,0,27.4,32.2,92,26,994,2,6,4.2,15,58,-22.7,64.4,0,0,0,0,0,0,n,803,Broken clouds,c03n,4
2026/8/20 5:00,0,27.4,32.2,92,26,994,2,4,4,16,57,-19.7,66.7,0,0,0,0,0,0,n,803,Broken clouds,c03n,5
2026/8/20 5:15,0,27.6,32.7,92,26.2,994,2.1,92,4.1,16,59,-16.4,68.4,0,0,0,0,0,0,n,803,Broken clouds,c03n,5
2026/8/20 5:30,0,27.8,33.3,92,26.3,994,2.2,181,4.2,16,60,-13.1,70.1,0,0,0,0,0,0,n,803,Broken clouds,c03n,5
2026/8/20 5:45,0,27.9,33.9,92,26.5,994,2.3,270,4.3,16,62,-9.9,71.9,0,0,0,0,0,0,n,803,Broken clouds,c03n,5
2026/8/20 6:00,0,28.1,34.4,92,26.7,994,2.4,358,4.4,16,64,-6.6,73.6,0,0,0,0,0,0,n,803,Broken clouds,c03n,6
2026/8/20 6:15,0,28.1,34.4,92,26.7,994,2.5,268,4.7,16,66,-3.3,75,19,10,13,0,0,0,d,803,Broken clouds,c03n,6
2026/8/20 6:30,2.63,28.1,34.4,92,26.7,994,2.6,179,5,16,68,0.1,76.5,38,21,26,1.1,0,0,d,803,Broken clouds,c03n,6
2026/8/20 6:45,8.47,28.1,34.4,92,26.7,994,2.7,90,5.3,16,71,3.5,77.9,57,31,36,1,0,0,d,804,Overcast clouds,c04d,6
2026/8/20 7:00,17.06,28.1,34.4,92,26.7,994,2.8,0,5.6,16,73,6.8,79.4,76,41,46,1,0,0,d,804,Overcast clouds,c04d,7
2026/8/20 7:15,29.94,28.3,35.1,92,26.9,994,2.8,2,5.8,16,60,10.3,80.7,132,50,100,1.2,0,0,d,803,Broken clouds,c03d,7
2026/8/20 7:30,42.78,28.5,35.6,91,26.9,994,2.8,5,6,16,48,13.7,82.1,189,59,159,1.5,0,0,d,803,Broken clouds,c03d,7
2026/8/20 7:45,53.8,28.7,36,90,26.9,994,2.8,8,6.2,16,35,17.1,83.4,246,68,219,1.8,0,0,d,802,Scattered clouds,c02d,7
2026/8/20 8:00,46.78,28.9,36.7,90,27.1,994,2.8,10,6.4,16,22,20.5,84.7,303,76,276,2.2,0,0,d,802,Scattered clouds,c02d,8
2026/8/20 8:15,87,29,36.8,89,27,994,2.9,14,6.7,16,26,24,86.1,363,82,329,2.3,0,0,d,802,Scattered clouds,c02d,8
2026/8/20 8:30,103.46,29.1,36.9,88,26.9,995,3,17,7,16,30,27.5,87.5,422,87,380,2.5,0,0,d,802,Scattered clouds,c02d,8
2026/8/20 8:45,123.17,29.2,37,87,26.8,995,3.1,20,7.3,16,35,30.9,88.9,482,92,430,2.7,0,0,d,802,Scattered clouds,c02d,8
2026/8/20 9:00,131.83,29.3,37.1,86,26.7,995,3.2,24,7.6,16,39,34.4,90.2,541,97,476,3,0,0,d,802,Scattered clouds,c02d,9
2026/8/20 9:15,131.47,30.1,38.6,82,26.7,995,3.3,24,8.7,16,35,37.8,91.9,594,101,530,3.5,0,0,d,802,Scattered clouds,c02d,9
2026/8/20 9:30,124.7,31,40,78,26.7,995,3.4,25,9.8,16,32,41.3,93.5,647,104,582,4,0,0,d,802,Scattered clouds,c02d,9
2026/8/20 9:45,25.44,31.8,41.6,75,26.8,995,3.5,26,10.9,16,28,44.7,95.2,700,108,634,4.7,0,0,d,802,Scattered clouds,c02d,9
2026/8/20 10:00,3.9,32.6,42.6,71,26.6,995,3.6,26,12,16,24,48.2,96.8,752,111,685,5.4,0,0,d,802,Scattered clouds,c02d,10
2026/8/20 10:15,3.92,32.8,42.8,70,26.6,995,3.8,26,11.9,16,21,51.6,99.3,793,113,725,6.1,0,0,d,802,Scattered clouds,c02d,10
2026/8/20 10:30,3.89,33,42.9,69,26.5,995,4,26,11.8,16,18,55,101.7,834,115,764,6.8,0,0,d,801,Few clouds,c02d,10
2026/8/20 10:45,32.16,33.1,43,68,26.4,995,4.2,26,11.7,16,16,58.4,104.2,875,118,803,7.5,0,0,d,801,Few clouds,c02d,10
2026/8/20 11:00,88.74,33.3,43.1,67,26.3,995,4.4,26,11.6,16,13,61.7,106.6,915,120,840,8.3,0,0,d,801,Few clouds,c02d,11
2026/8/20 11:15,59.95,33.3,43.1,67,26.3,995,4.5,26,12.1,16,14,64.8,112.1,940,121,863,8.7,0,0,d,801,Few clouds,c02d,11
2026/8/20 11:30,3.88,33.3,43.1,67,26.3,995,4.6,27,12.6,8,16,67.9,117.5,965,122,886,9.1,0,0,d,801,Few clouds,c02d,11
2026/8/20 11:45,3.94,33.3,43.1,67,26.3,995,4.7,28,13.1,8,17,71,122.9,989,123,907,9.4,0,0,d,801,Few clouds,c02d,11
2026/8/20 12:00,3.89,33.3,43.1,67,26.3,994,4.8,28,13.6,8,18,74.2,128.4,1014,125,930,9.8,0,0,d,801,Few clouds,c02d,12
2026/8/20 12:15,40.56,33.7,43.4,65,26.2,994,4.8,28,13.7,8,19,75.5,144.4,1021,125,936,9.8,0,0,d,801,Few clouds,c02d,12
2026/8/20 12:30,27.84,34.1,43.6,63,26,994,4.8,27,13.8,16,20,76.8,160.5,1027,125,942,9.9,0,0,d,801,Few clouds,c02d,12
2026/8/20 12:45,16.85,34.4,43.8,61,25.8,994,4.8,26,13.9,16,21,78.1,176.5,1034,125,949,9.9,0,0,d,802,Scattered clouds,c02d,12
2026/8/20 13:00,19.54,34.8,44,59,25.6,993,4.8,26,14,16,22,79.5,192.6,1040,126,954,9.9,0,0,d,802,Scattered clouds,c02d,13
2026/8/20 13:15,10.2,34.7,44.2,60,25.8,993,4.8,26,14.1,16,22,77.2,204.7,1028,125,943,9.7,0,0,d,802,Scattered clouds,c02d,13
2026/8/20 13:30,96.91,34.6,43.9,60,25.7,993,4.8,25,14.2,16,22,75,216.8,1015,125,931,9.5,0,0,d,802,Scattered clouds,c02d,13
2026/8/20 13:45,103.87,34.5,43.6,60,25.6,993,4.8,24,14.3,16,21,72.8,228.8,1003,124,921,9.4,0,0,d,802,Scattered clouds,c02d,13
2026/8/20 14:00,91.82,34.4,43.7,61,25.8,992,4.8,24,14.4,16,21,70.5,240.9,991,123,909,9.1,0,0,d,802,Scattered clouds,c02d,14
2026/8/20 14:15,35.18,34.5,44,61,25.9,992,4.7,26,14.2,16,21,67.3,244.9,961,122,881,8.6,0,0,d,802,Scattered clouds,c02d,14
2026/8/20 14:30,167.04,34.6,43.9,60,25.7,992,4.6,27,14,10,22,64,248.9,931,120,854,8.1,0,0,d,802,Scattered clouds,c02d,14
2026/8/20 14:45,38.42,34.7,44.2,60,25.8,992,4.5,28,13.8,10,22,60.8,252.9,901,119,826,7.6,0,0,d,802,Scattered clouds,c02d,14
2026/8/20 15:00,4.64,34.8,44.5,60,25.9,991,4.4,30,13.6,10,22,57.5,257,870,117,797,7.1,0,0,d,802,Scattered clouds,c02d,15
2026/8/20 15:15,4.6,34.9,44.3,59,25.7,991,4.3,30,13.1,12,22,54.1,259.1,825,115,757,6.5,0,0,d,802,Scattered clouds,c02d,15
2026/8/20 15:30,130.35,35,44.1,58,25.5,991,4.2,31,12.6,12,21,50.7,261.2,780,112,717,5.9,0,0,d,802,Scattered clouds,c02d,15
2026/8/20 15:45,141.47,35.1,43.9,57,25.3,991,4.1,32,12.1,12,20,47.3,263.3,735,110,677,5.4,0,0,d,801,Few clouds,c02d,15
2026/8/20 16:00,82.35,35.2,43.7,56,25.1,990,4,32,11.6,12,20,43.9,265.4,690,107,636,4.9,0,0,d,801,Few clouds,c02d,16
2026/8/20 16:15,84.02,34.9,43.4,57,25.1,990,3.7,36,11,12,30,40.4,266.9,635,103,578,4,0,0,d,802,Scattered clouds,c02d,16
2026/8/20 16:30,101.68,34.7,43.1,58,25.2,990,3.4,39,10.4,12,40,36.9,268.4,579,99,512,3.2,0,0,d,802,Scattered clouds,c02d,16
2026/8/20 16:45,16.05,34.4,42.4,58,24.9,990,3.1,42,9.8,12,49,33.5,269.9,523,96,443,2.6,0,0,d,803,Broken clouds,c03d,16
2026/8/20 17:00,56.82,34.1,42,59,24.9,990,2.8,46,9.2,13,59,30,271.4,468,92,363,2.1,0,0,d,803,Broken clouds,c03d,17
2026/8/20 17:15,45.53,33,41.3,65,25.5,990,2.7,51,8.9,10,64,26.6,272.8,408,86,296,1.7,0,0,d,803,Broken clouds,c03d,17
2026/8/20 17:30,46.07,31.9,40,70,25.7,990,2.6,56,8.6,10,68,23.1,274.1,348,80,237,1.5,0,0,d,803,Broken clouds,c03d,17
2026/8/20 17:45,11.08,30.7,38.7,76,26,990,2.5,61,8.3,10,73,19.7,275.4,288,74,176,1.2,0,0,d,804,Overcast clouds,c04d,17
2026/8/20 18:00,10.48,29.6,37,82,26.2,990,2.4,66,8,10,78,16.2,276.8,228,68,122,1.1,0,0,d,804,Overcast clouds,c04d,18
2026/8/20 18:15,18.33,29.6,37,82,26.2,991,2.3,60,7.9,10,84,12.8,278.1,176,56,74,0.9,0,0,d,804,Overcast clouds,c04d,18
2026/8/20 18:30,16.19,29.6,37,82,26.2,991,2.2,55,7.8,10,89,9.4,279.5,124,45,83,0.8,0,0,d,804,Overcast clouds,c04d,18
2026/8/20 18:45,8.92,29.6,36.7,81,26,991,2.1,50,7.7,10,94,5.9,280.8,72,33,46,0.7,0,0,d,804,Overcast clouds,c04d,18
2026/8/20 19:00,4.41,29.6,36.7,81,26,991,2,44,7.6,10,100,2.5,282.2,20,22,22,0.6,0,0,d,804,Overcast clouds,c04n,19
2026/8/20 19:15,2.39,29.5,36.5,81,25.9,991,2,41,7.3,12,99,-0.8,283.7,15,16,16,0,0,0,d,804,Overcast clouds,c04n,19
2026/8/20 19:30,0.06,29.5,36.5,82,26,992,2,38,7,10,98,-4.2,285.2,10,11,12,0,0,0,d,804,Overcast clouds,c04n,19
2026/8/20 19:45,0,29.4,36.3,82,26,992,2,35,6.7,10,98,-7.5,286.7,5,5,5,0,0,0,d,804,Overcast clouds,c04n,19
2026/8/20 20:00,0,29.3,36.1,82,25.9,992,2,32,6.4,10,97,-10.8,288.2,0,0,0,0,0,0,n,804,Overcast clouds,c04n,20
2026/8/20 20:15,0,29.3,36.1,82,25.9,992,1.7,28,6.1,12,96,-14,290.1,0,0,0,0,0.5,0,n,231,Thunderstorm with drizzle,t04n,20
2026/8/20 20:30,0,29.3,36.1,82,25.9,992,1.4,23,5.8,12,94,-17.3,291.9,0,0,0,0,1,0,n,200,Thunderstorm with light rain,t01n,20
2026/8/20 20:45,0,29.3,36.1,82,25.9,992,1.1,18,5.5,12,93,-20.5,293.8,0,0,0,0,0.5,0,n,231,Thunderstorm with drizzle,t04n,20
2026/8/20 21:00,0,29.3,36.1,82,25.9,992,0.8,14,5.2,12,92,-23.7,295.6,0,0,0,0,0,0,n,804,Overcast clouds,c04n,21
2026/8/20 21:15,0,29.1,35.7,83,25.9,992,1,20,5.2,13,89,-26.7,298.1,0,0,0,0,0.5,0,n,231,Thunderstorm with drizzle,t04n,21
2026/8/20 21:30,0,28.9,35.3,84,25.9,993,1.2,25,5.2,15,86,-29.7,300.5,0,0,0,0,1,0,n,200,Thunderstorm with light rain,t01n,21
2026/8/20 21:45,0,28.7,34.9,85,25.9,993,1.4,30,5.2,15,84,-32.7,303,0,0,0,0,1,0,n,500,Light rain,r01n,21
2026/8/20 22:00,0,28.5,34.5,86,25.9,993,1.6,36,5.2,16,81,-35.7,305.4,0,0,0,0,1,0,n,500,Light rain,r01n,22
2026/8/20 22:15,0,28.4,34.4,87,26,993,1.7,40,5.3,16,82,-38.2,308.9,0,0,0,0,1.25,0,n,500,Light rain,r01n,22
2026/8/20 22:30,0,28.3,34.3,88,26.1,993,1.8,43,5.4,10,82,-40.8,312.4,0,0,0,0,1.5,0,n,500,Light rain,r01n,22
2026/8/20 22:45,0,28.2,34.2,89,26.2,993,1.9,46,5.5,10,83,-43.4,315.9,0,0,0,0,3.5,0,n,500,Light rain,r01n,22
2026/8/20 23:00,0,28.1,34.1,90,26.3,993,2,50,5.6,10,84,-45.9,319.3,0,0,0,0,5.5,0,n,501,Moderate rain,r02n,23
2026/8/20 23:15,0,28.1,34.1,90,26.3,993,2.1,45,6.2,12,86,-47.7,324.3,0,0,0,0,5.75,0,n,201,Thunderstorm with rain,t02n,23
2026/8/20 23:30,0,28.1,34.1,90,26.3,993,2.2,40,6.8,13,87,-49.5,329.2,0,0,0,0,6,0,n,201,Thunderstorm with rain,t02n,23
2026/8/20 23:45,0,28.1,34.1,90,26.3,993,2.3,35,7.4,13,88,-51.3,334.2,0,0,0,0,4.75,0,n,201,Thunderstorm with rain,t02n,23
2026/8/21 0:00,0,28.1,34.1,90,26.3,993,2.4,30,8,13,90,-53.1,339.1,0,0,0,0,3.5,0,n,200,Thunderstorm with light rain,t01n,0
2026/8/21 0:15,0,28,33.8,90,26.2,993,2.4,23,7.6,14,90,-53.6,255.4,0,0,0,0,3,0,n,200,Thunderstorm with light rain,t01n,0
2026/8/21 0:30,0,28,33.8,91,26.3,993,2.4,16,7.2,14,91,-54.1,171.6,0,0,0,0,2.5,0,n,200,Thunderstorm with light rain,t01n,0
2026/8/21 0:45,0,27.9,33.7,92,26.5,992,2.4,9,6.8,15,92,-54.7,87.8,0,0,0,0,2.75,0,n,200,Thunderstorm with light rain,t01n,0
2026/8/21 1:00,0,27.8,33.4,92,26.4,992,2.4,2,6.4,16,92,-55.2,4.1,0,0,0,0,3,0,n,200,Thunderstorm with light rain,t01n,1
2026/8/21 1:15,0,27.8,33.4,92,26.4,992,2.5,89,6.3,16,92,-54.2,10,0,0,0,0,3.25,0,n,500,Light rain,r01n,1
2026/8/21 1:30,0,27.8,33.4,92,26.4,992,2.6,176,6.2,6,92,-53.3,16,0,0,0,0,3.5,0,n,500,Light rain,r01n,1
2026/8/21 1:45,0,27.8,33.4,92,26.4,992,2.7,263,6.1,6,92,-52.3,21.9,0,0,0,0,3.75,0,n,500,Light rain,r01n,1
2026/8/21 2:00,0,27.8,33.4,92,26.4,992,2.8,350,6,6,92,-51.3,27.9,0,0,0,0,4,0,n,501,Moderate rain,r02n,2
2026/8/21 2:15,0,27.8,33.4,92,26.4,992,2.9,350,6,6,94,-49.2,32.3,0,0,0,0,2.5,0,n,500,Light rain,r01n,2
2026/8/21 2:30,0,27.8,33.3,91,26.2,992,3,350,6,8,95,-47.2,36.8,0,0,0,0,1,0,n,500,Light rain,r01n,2
2026/8/21 2:45,0,27.8,33.1,90,26,991,3.1,350,6,8,96,-45.1,41.2,0,0,0,0,0.5,0,n,301,Drizzle,d02n,2
2026/8/21 3:00,0,27.8,33.1,90,26,991,3.2,350,6,8,98,-43,45.7,0,0,0,0,0,0,n,804,Overcast clouds,c04n,3
2026/8/21 3:15,0,27.6,32.7,91,26,991,3.3,350,6.1,8,98,-40.2,48.8,0,0,0,0,0,0,n,804,Overcast clouds,c04n,3
2026/8/21 3:30,0,27.4,32.2,92,26,991,3.4,349,6.2,16,99,-37.5,51.9,0,0,0,0,0,0,n,804,Overcast clouds,c04n,3
2026/8/21 3:45,0,27.2,31.7,93,26,990,3.5,348,6.3,16,100,-34.8,55,0,0,0,0,0,0,n,804,Overcast clouds,c04n,3
2026/8/21 4:00,0,27,31.2,94,25.9,990,3.6,348,6.4,16,100,-32.1,58.1,0,0,0,0,0,0,n,804,Overcast clouds,c04n,4
2026/8/21 4:15,0,27,31.2,94,25.9,990,3.8,262,6.8,16,100,-29,60.3,0,0,0,0,0,0,n,804,Overcast clouds,c04n,4
2026/8/21 4:30,0,27,31.2,94,25.9,990,4,177,7.2,9,100,-25.9,62.6,0,0,0,0,0,0,n,804,Overcast clouds,c04n,4
2026/8/21 4:45,0,27,31.2,94,25.9,990,4.2,92,7.6,9,100,-22.8,64.8,0,0,0,0,0,0,n,804,Overcast clouds,c04n,4
2026/8/21 5:00,0,27,31.2,94,25.9,990,4.4,6,8,9,100,-19.8,67,0,0,0,0,0,0,n,804,Overcast clouds,c04n,5
2026/8/21 5:15,0,27.1,31.5,94,26,990,4.2,10,8.3,9,100,-16.5,68.7,0,0,0,0,0,0,n,804,Overcast clouds,c04n,5
2026/8/21 5:30,0,27.2,31.7,93,26,991,4,13,8.6,9,100,-13.2,70.5,0,0,0,0,0,0,n,804,Overcast clouds,c04n,5
2026/8/21 5:45,0,27.3,31.9,92,25.9,991,3.8,16,8.9,14,100,-10,72.2,0,0,0,0,0,0,n,804,Overcast clouds,c04n,5
2026/8/21 6:00,0,27.4,32.2,92,26,991,3.6,20,9.2,14,100,-6.7,73.9,0,0,0,0,0,0,n,804,Overcast clouds,c04n,6
2026/8/21 6:15,0,27.4,32.2,92,26,991,3.9,28,9.4,14,100,-3.3,75.4,19,10,10,0,0,0,d,804,Overcast clouds,c04n,6
2026/8/21 6:30,0.87,27.4,32.2,92,26,992,4.2,35,9.6,14,100,0,76.8,37,20,20,0.6,0,0,d,804,Overcast clouds,c04n,6
2026/8/21 6:45,3.43,27.4,32.2,92,26,992,4.5,42,9.8,16,100,3.4,78.3,56,31,31,0.6,0,0,d,804,Overcast clouds,c04d,6
2026/8/21 7:00,2.87,27.4,32.2,92,26,992,4.8,50,10,16,100,6.8,79.7,75,41,41,0.6,0,0,d,804,Overcast clouds,c04d,7
2026/8/21 7:15,5.84,27.2,31.6,92,25.8,992,4.7,53,9.9,16,100,10.2,81.1,132,50,52,0.7,0,0,d,804,Overcast clouds,c04d,7
2026/8/21 7:30,6.17,27.1,31.2,93,25.8,992,4.6,56,9.8,12,100,13.6,82.4,189,59,61,0.7,0,0,d,804,Overcast clouds,c04d,7
2026/8/21 7:45,0.02,26.9,30.8,94,25.8,992,4.5,59,9.7,12,100,17.1,83.8,245,67,70,0.7,0,0,d,804,Overcast clouds,c04d,7
2026/8/21 8:00,0,26.7,30.2,94,25.7,992,4.4,62,9.6,12,100,20.5,85.1,302,76,81,0.8,0,0,d,804,Overcast clouds,c04d,8
2026/8/21 8:15,0.02,26.6,27.8,94,25.6,992,4.3,60,9.4,12,100,23.9,86.5,362,82,88,0.9,0.5,0,d,301,Drizzle,d02d,8
2026/8/21 8:30,43.04,26.5,27.7,95,25.6,993,4.2,57,9.2,16,100,27.4,87.9,421,87,94,1,1,0,d,500,Light rain,r01d,8
2026/8/21 8:45,46.36,26.4,27.6,96,25.7,993,4.1,54,9,16,100,30.9,89.2,481,92,100,1.1,0.5,0,d,301,Drizzle,d02d,8
2026/8/21 9:00,52.86,26.3,27.5,96,25.6,993,4,52,8.8,16,100,34.3,90.6,540,97,106,1.3,0,0,d,804,Overcast clouds,c04d,9
2026/8/21 9:15,59.43,27,31,94,25.9,993,4,50,8.7,16,100,37.8,92.3,593,101,111,1.4,0,0,d,804,Overcast clouds,c04d,9
2026/8/21 9:30,72.55,27.6,32.7,91,26,993,4,47,8.6,10,100,41.2,94,646,104,115,1.6,0,0,d,804,Overcast clouds,c04d,9
2026/8/21 9:45,66.64,28.3,34.2,88,26.1,993,4,44,8.5,10,100,44.7,95.6,699,108,119,1.8,0,0,d,804,Overcast clouds,c04d,9
2026/8/21 10:00,43.29,28.9,35.8,86,26.3,993,4,42,8.4,10,100,48.1,97.3,752,111,122,2,0,0,d,804,Overcast clouds,c04d,10
2026/8/21 10:15,27.84,29,36.1,86,26.4,993,4,40,8.9,10,100,51.5,99.8,793,113,125,2.2,0,0,d,804,Overcast clouds,c04d,10
2026/8/21 10:30,33.28,29.1,36.4,86,26.5,993,4,38,9.4,10,100,54.9,102.3,833,115,127,2.4,0,0,d,804,Overcast clouds,c04d,10
2026/8/21 10:45,30.06,29.2,36.7,86,26.6,993,4,36,9.9,10,100,58.3,104.8,874,118,130,2.6,0,0,d,804,Overcast clouds,c04d,10
2026/8/21 11:00,53.95,29.3,37.1,86,26.7,993,4,34,10.4,10,100,61.7,107.3,915,120,133,2.8,0,0,d,804,Overcast clouds,c04d,11
2026/8/21 11:15,117.6,29.4,37.1,85,26.6,993,4.1,34,10.8,10,100,64.7,112.8,939,121,134,3,0,0,d,804,Overcast clouds,c04d,11
2026/8/21 11:30,137.77,29.5,37,84,26.5,993,4.2,35,11.2,10,100,67.8,118.4,964,122,137,3.2,0,0,d,804,Overcast clouds,c04d,11
2026/8/21 11:45,124.26,29.5,37,83,26.3,993,4.3,36,11.6,10,100,70.9,123.9,989,123,139,3.3,0,0,d,804,Overcast clouds,c04d,11
2026/8/21 12:00,124.72,29.6,37,82,26.2,993,4.4,36,12,10,100,74,129.4,1013,125,142,3.4,0,0,d,804,Overcast clouds,c04d,12
2026/8/21 12:15,124.59,29.6,37,82,26.2,993,4.4,37,12,9,100,75.3,145.2,1020,125,142,3.5,0,0,d,804,Overcast clouds,c04d,12
2026/8/21 12:30,149.25,29.6,37,82,26.2,993,4.4,38,12,9,100,76.5,161,1026,125,142,3.5,0,0,d,804,Overcast clouds,c04d,12
2026/8/21 12:45,169.38,29.6,36.7,81,26,992,4.4,39,12,6,100,77.8,176.8,1033,125,143,3.6,0,0,d,804,Overcast clouds,c04d,12
2026/8/21 13:00,19.05,29.6,36.7,81,26,992,4.4,40,12,6,100,79.1,192.6,1039,126,144,3.6,0,0,d,804,Overcast clouds,c04d,13
2026/8/21 13:15,142.41,29.7,36.8,80,25.9,992,4.3,40,11.9,6,100,76.9,204.5,1027,125,144,3.5,0,0,d,804,Overcast clouds,c04d,13
2026/8/21 13:30,128.89,29.8,36.8,79,25.8,992,4.2,39,11.8,6,100,74.7,216.4,1014,125,144,3.5,0,0,d,804,Overcast clouds,c04d,13
2026/8/21 13:45,85.57,29.9,36.8,78,25.6,992,4.1,38,11.7,6,100,72.5,228.3,1002,124,143,3.4,0,0,d,804,Overcast clouds,c04d,13
2026/8/21 14:00,22.78,30,36.8,77,25.5,991,4,38,11.6,6,100,70.3,240.2,989,123,143,3.3,0,0,d,804,Overcast clouds,c04d,14
2026/8/21 14:15,4.02,29.8,36.6,78,25.6,991,3.9,36,11.2,6,100,67.1,244.3,959,122,141,3.1,0,0,d,804,Overcast clouds,c04d,14
2026/8/21 14:30,155.37,29.7,36.6,80,25.8,991,3.8,33,10.8,11,100,63.8,248.3,929,120,137,2.9,0,0,d,804,Overcast clouds,c04d,14
2026/8/21 14:45,61.43,29.5,36.3,81,25.9,990,3.7,30,10.4,11,100,60.6,252.4,899,119,135,2.8,0,0,d,804,Overcast clouds,c04d,14
2026/8/21 15:00,4,29.3,36.1,82,25.9,990,3.6,28,10,11,100,57.4,256.4,869,117,132,2.6,0,0,d,804,Overcast clouds,c04d,15
2026/8/21 15:15,4,29.3,36.3,83,26.1,990,3.4,29,9.7,11,100,53.9,258.6,824,115,129,2.4,0,0,d,804,Overcast clouds,c04d,15
2026/8/21 15:30,3.96,29.3,36.6,84,26.3,990,3.2,30,9.4,11,100,50.5,260.7,778,112,124,2.1,0,0,d,804,Overcast clouds,c04d,15
2026/8/21 15:45,4.01,29.3,36.8,85,26.5,990,3,31,9.1,13,100,47.1,262.8,733,110,120,1.9,0,0,d,804,Overcast clouds,c04d,15
2026/8/21 16:00,54.54,29.3,37.1,86,26.7,990,2.8,32,8.8,13,100,43.7,264.9,688,107,116,1.8,0,0,d,804,Overcast clouds,c04d,16
2026/8/21 16:15,44.99,29.4,37.3,86,26.8,990,2.8,34,8.6,13,100,40.2,266.5,632,103,111,1.6,0,0,d,804,Overcast clouds,c04d,16
2026/8/21 16:30,20,29.5,37.3,85,26.7,990,2.8,37,8.4,16,100,36.8,268,577,99,106,1.4,0,0,d,804,Overcast clouds,c04d,16
2026/8/21 16:45,23.62,29.5,37.3,84,26.5,990,2.8,40,8.2,16,100,33.3,269.5,521,95,102,1.2,0,0,d,804,Overcast clouds,c04d,16
2026/8/21 17:00,0.04,29.6,37.5,84,26.6,989,2.8,42,8,16,100,29.8,271.1,465,91,97,1.1,0,0,d,804,Overcast clouds,c04d,17
2026/8/21 17:15,0.01,29.2,36.8,86,26.6,990,2.6,39,8,16,100,26.4,272.4,405,85,90,1,0.25,0,d,804,Overcast clouds,c04d,17
2026/8/21 17:30,12.82,28.9,35.9,87,26.5,990,2.4,36,8,6,100,22.9,273.8,345,79,83,0.9,0.5,0,d,301,Drizzle,d02d,17
2026/8/21 17:45,13.76,28.5,34.9,88,26.3,990,2.2,33,8,6,100,19.5,275.1,285,73,77,0.8,0.25,0,d,804,Overcast clouds,c04d,17
2026/8/21 18:00,18.12,28.1,34.1,90,26.3,990,2,30,8,6,100,16,276.5,225,67,69,0.7,0,0,d,804,Overcast clouds,c04d,18
2026/8/21 18:15,17.48,28,33.8,90,26.2,990,2,30,7.3,6,100,12.6,277.8,173,56,58,0.7,0,0,d,804,Overcast clouds,c04d,18
2026/8/21 18:30,0,28,33.8,91,26.3,990,2,29,6.6,6,100,9.2,279.2,121,44,45,0.6,0,0,d,804,Overcast clouds,c04d,18
2026/8/21 18:45,0,27.9,33.7,92,26.5,990,2,28,5.9,16,100,5.8,280.5,70,32,32,0.6,0,0,d,804,Overcast clouds,c04d,18
2026/8/21 19:00,1.48,27.8,33.4,92,26.4,990,2,28,5.2,16,100,2.4,281.9,18,21,21,0.6,0,0,d,804,Overcast clouds,c04n,19
2026/8/21 19:15,0.11,27.8,33.4,92,26.4,990,2.2,29,5.6,16,100,-1,283.4,14,16,16,0,0.25,0,d,804,Overcast clouds,c04n,19
2026/8/21 19:30,0.01,27.8,33.4,92,26.4,991,2.4,30,6,16,100,-4.3,284.9,9,10,10,0,0.5,0,d,301,Drizzle,d02n,19
2026/8/21 19:45,0,27.8,33.4,92,26.4,991,2.6,31,6.4,16,100,-7.7,286.4,5,5,5,0,0.5,0,d,301,Drizzle,d02n,19
2026/8/21 20:00,0,27.8,33.4,92,26.4,991,2.8,32,6.8,16,100,-11,288,0,0,0,0,0.5,0,n,301,Drizzle,d02n,20
2026/8/21 20:15,0,27.7,33.1,92,26.3,991,2.8,35,6.7,16,100,-14.3,289.8,0,0,0,0,0.5,0,n,301,Drizzle,d02n,20
2026/8/21 20:30,0,27.6,32.8,92,26.2,991,2.8,38,6.6,16,100,-17.5,291.7,0,0,0,0,0.5,0,n,301,Drizzle,d02n,20
2026/8/21 20:45,0,27.5,32.5,92,26.1,991,2.8,41,6.5,16,100,-20.7,293.5,0,0,0,0,0.5,0,n,301,Drizzle,d02n,20
2026/8/21 21:00,0,27.4,32.2,92,26,991,2.8,44,6.4,16,100,-23.9,295.4,0,0,0,0,0.5,0,n,301,Drizzle,d02n,21
2026/8/21 21:15,0,27.3,31.9,92,25.9,991,2.9,46,6.4,16,100,-26.9,297.8,0,0,0,0,0.75,0,n,301,Drizzle,d02n,21
2026/8/21 21:30,0,27.2,31.6,92,25.8,992,3,47,6.4,16,100,-29.9,300.3,0,0,0,0,1,0,n,500,Light rain,r01n,21
2026/8/21 21:45,0,27.1,31.2,92,25.7,992,3.1,48,6.4,16,100,-32.9,302.7,0,0,0,0,2,0,n,500,Light rain,r01n,21
2026/8/21 22:00,0,27,30.9,92,25.6,992,3.2,50,6.4,16,100,-35.9,305.2,0,0,0,0,3,0,n,200,Thunderstorm with light rain,t01n,22
2026/8/21 22:15,0,26.8,30.6,94,25.8,992,3.2,48,6.4,16,100,-38.5,308.7,0,0,0,0,3.25,0,n,200,Thunderstorm with light rain,t01n,22
2026/8/21 22:30,0,26.7,27.9,95,25.8,992,3.2,46,6.4,16,100,-41.1,312.1,0,0,0,0,3.5,0,n,200,Thunderstorm with light rain,t01n,22
2026/8/21 22:45,0,26.5,27.7,96,25.8,992,3.2,44,6.4,16,100,-43.7,315.6,0,0,0,0,3.75,0,n,500,Light rain,r01n,22
2026/8/21 23:00,0,26.3,27.5,98,26,992,3.2,42,6.4,16,100,-46.2,319.1,0,0,0,0,4,0,n,501,Moderate rain,r02n,23
2026/8/21 23:15,0,26.3,27.5,98,26,992,3.2,40,6.6,16,100,-48,324.1,0,0,0,0,3.75,0,n,500,Light rain,r01n,23
2026/8/21 23:30,0,26.3,27.5,98,26,992,3.2,39,6.8,16,100,-49.8,329.1,0,0,0,0,3.5,0,n,200,Thunderstorm with light rain,t01n,23
2026/8/21 23:45,0,26.3,27.5,98,26,992,3.2,38,7,16,100,-51.6,334.1,0,0,0,0,3.25,0,n,200,Thunderstorm with light rain,t01n,23
2026/8/22 0:00,0,26.3,27.5,98,26,992,3.2,36,7.2,16,100,-53.4,339.1,0,0,0,0,3,0,n,200,Thunderstorm with light rain,t01n,0
2026/8/22 0:15,0,26.3,27.5,98,26,992,3.2,36,7.3,16,100,-54,255.3,0,0,0,0,2,0,n,500,Light rain,r01n,0
2026/8/22 0:30,0,26.3,27.5,98,26,992,3.2,36,7.4,10,100,-54.5,171.6,0,0,0,0,1,0,n,500,Light rain,r01n,0
2026/8/22 0:45,0,26.3,27.5,98,26,992,3.2,36,7.5,8,100,-55,87.9,0,0,0,0,1.25,0,n,500,Light rain,r01n,0
2026/8/22 1:00,0,26.3,27.5,98,26,992,3.2,36,7.6,8,100,-55.5,4.2,0,0,0,0,1.5,0,n,500,Light rain,r01n,1
2026/8/22 1:15,0,26.4,27.7,98,26.1,992,3.3,36,7.5,8,100,-54.5,10.2,0,0,0,0,1,0,n,500,Light rain,r01n,1
2026/8/22 1:30,0,26.5,27.7,97,26,992,3.4,37,7.4,8,100,-53.6,16.2,0,0,0,0,0.5,0,n,301,Drizzle,d02n,1
2026/8/22 1:45,0,26.6,27.8,96,25.9,991,3.5,38,7.3,7,100,-52.6,22.2,0,0,0,0,0.25,0,n,804,Overcast clouds,c04n,1
2026/8/22 2:00,0,26.7,30.4,96,26,991,3.6,38,7.2,7,100,-51.6,28.2,0,0,0,0,0,0,n,804,Overcast clouds,c04n,2
2026/8/22 2:15,0,26.7,30.4,96,26,991,3.8,37,7.5,7,100,-49.5,32.7,0,0,0,0,0,0,n,804,Overcast clouds,c04n,2
2026/8/22 2:30,0,26.7,30.4,96,26,991,4,36,7.8,12,100,-47.4,37.1,0,0,0,0,0,0,n,804,Overcast clouds,c04n,2
2026/8/22 2:45,0,26.7,30.4,96,26,991,4.2,35,8.1,12,100,-45.3,41.6,0,0,0,0,0,0,n,804,Overcast clouds,c04n,2
2026/8/22 3:00,0,26.7,30.4,96,26,991,4.4,34,8.4,12,100,-43.2,46.1,0,0,0,0,0,0,n,804,Overcast clouds,c04n,3
2026/8/22 3:15,0,26.6,27.8,96,25.9,991,4.4,34,8.5,12,100,-40.4,49.2,0,0,0,0,0,0,n,804,Overcast clouds,c04n,3
2026/8/22 3:30,0,26.5,27.7,96,25.8,991,4.4,34,8.6,10,100,-37.7,52.3,0,0,0,0,0,0,n,804,Overcast clouds,c04n,3
2026/8/22 3:45,0,26.4,27.6,96,25.7,990,4.4,34,8.7,10,100,-34.9,55.4,0,0,0,0,0,0,n,804,Overcast clouds,c04n,3
2026/8/22 4:00,0,26.3,27.5,96,25.6,990,4.4,34,8.8,10,100,-32.2,58.5,0,0,0,0,0,0,n,804,Overcast clouds,c04n,4
2026/8/22 4:15,0,26.3,27.5,96,25.6,990,4.6,34,9,10,100,-29.1,60.7,0,0,0,0,0,0,n,804,Overcast clouds,c04n,4
2026/8/22 4:30,0,26.3,27.5,96,25.6,990,4.8,35,9.2,16,100,-26,62.9,0,0,0,0,0,0,n,804,Overcast clouds,c04n,4
2026/8/22 4:45,0,26.3,27.5,96,25.6,990,5,36,9.4,16,100,-23,65.1,0,0,0,0,0.25,0,n,804,Overcast clouds,c04n,4
2026/8/22 5:00,0,26.3,27.5,96,25.6,990,5.2,36,9.6,16,100,-19.9,67.4,0,0,0,0,0.5,0,n,231,Thunderstorm with drizzle,t04n,5
2026/8/22 5:15,0,26.4,27.6,96,25.7,990,5,36,9.7,16,100,-16.6,69.1,0,0,0,0,0.5,0,n,301,Drizzle,d02n,5
2026/8/22 5:30,0,26.5,27.7,96,25.8,990,4.8,37,9.8,16,100,-13.3,70.8,0,0,0,0,0.5,0,n,301,Drizzle,d02n,5
2026/8/22 5:45,0,26.6,27.8,96,25.9,990,4.6,38,9.9,16,100,-10.1,72.5,0,0,0,0,1,0,n,500,Light rain,r01n,5
2026/8/22 6:00,0,26.7,30.4,96,26,990,4.4,38,10,16,100,-6.8,74.3,0,0,0,0,1.5,0,n,500,Light rain,r01n,6
2026/8/22 6:15,0,26.7,30.4,96,26,990,4.4,40,10.1,16,100,-3.4,75.7,18,10,9,0,2.25,0,d,500,Light rain,r01n,6
2026/8/22 6:30,0.01,26.7,30.3,95,25.8,991,4.4,41,10.2,13,100,0,77.2,37,20,16,0.6,3,0,d,500,Light rain,r01n,6
2026/8/22 6:45,0.93,26.7,30.2,94,25.7,991,4.4,42,10.3,13,100,3.3,78.6,55,30,23,0.6,4,0,d,501,Moderate rain,r02d,6
2026/8/22 7:00,2.03,26.7,30.2,94,25.7,991,4.4,44,10.4,13,100,6.7,80.1,74,41,30,0.6,5,0,d,501,Moderate rain,r02d,7
2026/8/22 7:15,2.01,26.6,27.8,94,25.6,991,4.4,45,10.4,13,100,10.1,81.4,131,50,36,0.7,5,0,d,501,Moderate rain,r02d,7
2026/8/22 7:30,3.26,26.5,27.7,95,25.6,992,4.4,46,10.4,15,100,13.6,82.8,188,58,42,0.7,5,0,d,501,Moderate rain,r02d,7
2026/8/22 7:45,3.7,26.4,27.6,96,25.7,992,4.4,47,10.4,15,100,17,84.1,245,67,49,0.7,5,0,d,501,Moderate rain,r02d,7
2026/8/22 8:00,5.09,26.3,27.5,96,25.6,992,4.4,48,10.4,15,100,20.4,85.5,302,76,55,0.8,5,0,d,501,Moderate rain,r02d,8
2026/8/22 8:15,7.45,26.2,27.4,96,25.5,992,4.5,48,10.7,15,100,23.9,86.8,361,82,65,0.9,3.75,0,d,500,Light rain,r01d,8
2026/8/22 8:30,6.59,26.1,27.3,97,25.6,992,4.6,49,11,10,100,27.3,88.2,421,87,74,1,2.5,0,d,500,Light rain,r01d,8
2026/8/22 8:45,6.69,26,27.2,98,25.7,992,4.7,50,11.3,10,100,30.8,89.6,480,92,84,1.1,1.75,0,d,500,Light rain,r01d,8
2026/8/22 9:00,12.28,25.9,27.1,98,25.6,992,4.8,50,11.6,11,100,34.3,91,540,97,107,1.3,1,0,d,500,Light rain,r01d,9
2026/8/22 9:15,21.41,26.1,27.3,97,25.6,992,4.7,51,11.6,12,100,37.7,92.7,593,101,112,1.4,0.75,0,d,301,Drizzle,d02d,9
2026/8/22 9:30,4.53,26.3,27.5,96,25.6,993,4.6,52,11.6,10,100,41.2,94.4,646,104,116,1.6,0.5,0,d,301,Drizzle,d02d,9
2026/8/22 9:45,27.15,26.5,27.7,95,25.6,993,4.5,53,11.6,10,100,44.6,96.1,698,108,121,1.8,0.25,0,d,804,Overcast clouds,c04d,9
2026/8/22 10:00,20.78,26.7,30.2,94,25.7,993,4.4,54,11.6,10,100,48.1,97.8,751,111,125,2,0,0,d,804,Overcast clouds,c04d,10
2026/8/22 10:15,31.1,26.7,30.2,94,25.7,993,4.4,53,11.8,10,100,51.4,100.3,792,113,128,2.2,0,0,d,804,Overcast clouds,c04d,10
2026/8/22 10:30,9.48,26.7,30.2,94,25.7,993,4.4,52,12,11,100,54.8,102.9,833,115,130,2.4,0,0,d,804,Overcast clouds,c04d,10
2026/8/22 10:45,26.14,26.7,30.2,94,25.7,993,4.4,51,12.2,11,100,58.2,105.5,874,118,134,2.6,0,0,d,804,Overcast clouds,c04d,10
2026/8/22 11:00,52.94,26.7,30.2,94,25.7,993,4.4,50,12.4,12,100,61.6,108,914,120,137,2.8,0,0,d,804,Overcast clouds,c04d,11
2026/8/22 11:15,53.47,26.7,30.2,94,25.7,993,4.3,52,12.1,12,100,64.6,113.6,939,121,139,3,0,0,d,804,Overcast clouds,c04d,11
2026/8/22 11:30,57.51,26.7,30.2,94,25.7,993,4.2,53,11.8,9,100,67.7,119.2,964,122,140,3.1,0,0,d,804,Overcast clouds,c04d,11
2026/8/22 11:45,112.37,26.7,30.2,94,25.7,992,4.1,54,11.5,9,100,70.7,124.8,988,123,142,3.3,0,0,d,804,Overcast clouds,c04d,11
2026/8/22 12:00,121.79,26.7,30.2,94,25.7,992,4,56,11.2,9,100,73.8,130.4,1013,125,144,3.4,0,0,d,804,Overcast clouds,c04d,12
2026/8/22 12:15,126.24,27,31,93,25.7,992,3.9,56,11.2,9,100,75,146,1019,125,144,3.5,0,0,d,804,Overcast clouds,c04d,12
2026/8/22 12:30,104.95,27.3,31.7,92,25.8,992,3.8,56,11.2,9,100,76.3,161.5,1025,125,144,3.5,0,0,d,804,Overcast clouds,c04d,12
2026/8/22 12:45,89.15,27.5,32.4,91,25.9,992,3.7,56,11.2,16,100,77.5,177,1032,125,143,3.6,0,0,d,804,Overcast clouds,c04d,12
2026/8/22 13:00,48.98,27.8,33.1,90,26,992,3.6,56,11.2,16,100,78.8,192.5,1038,126,144,3.6,0,0,d,804,Overcast clouds,c04d,13
2026/8/22 13:15,6.52,28,33.7,90,26.2,992,3.6,56,11.1,16,100,76.6,204.3,1026,125,142,3.5,0,0,d,804,Overcast clouds,c04d,13
2026/8/22 13:30,108.98,28.2,34,89,26.2,992,3.6,55,11,12,100,74.4,216,1013,125,142,3.5,0,0,d,804,Overcast clouds,c04d,13
2026/8/22 13:45,135.65,28.3,34.4,88,26.1,991,3.6,54,10.9,12,100,72.2,227.7,1001,124,141,3.4,0.25,0,d,804,Overcast clouds,c04d,13
2026/8/22 14:00,197.37,28.5,35,88,26.3,991,3.6,54,10.8,12,100,70,239.5,988,123,139,3.3,0.5,0,d,301,Drizzle,d02d,14
2026/8/22 14:15,104.69,28.6,35.3,88,26.4,991,3.5,53,10.8,12,100,66.8,243.6,958,122,137,3.1,0.5,0,d,301,Drizzle,d02d,14
2026/8/22 14:30,142.55,28.7,35.8,89,26.7,991,3.4,52,10.8,10,100,63.6,247.7,927,120,133,2.9,0.5,0,d,301,Drizzle,d02d,14
2026/8/22 14:45,107.8,28.8,36.4,90,27,990,3.3,51,10.8,10,100,60.4,251.8,897,119,130,2.7,0.75,0,d,301,Drizzle,d02d,14
2026/8/22 15:00,79.44,28.9,36.7,90,27.1,990,3.2,50,10.8,10,100,57.2,255.9,867,117,127,2.6,1,0,d,500,Light rain,r01d,15
2026/8/22 15:15,45.23,29,37.1,90,27.2,990,3.1,48,10.2,8,100,53.7,258.1,822,115,124,2.3,0.75,0,d,301,Drizzle,d02d,15
2026/8/22 15:30,21.5,29.1,37.2,89,27.1,990,3,46,9.6,8,100,50.3,260.2,776,112,121,2.1,0.5,0,d,301,Drizzle,d02d,15
2026/8/22 15:45,2.58,29.2,37.3,88,27,990,2.9,44,9,12,100,46.9,262.4,731,110,118,1.9,0.75,0,d,301,Drizzle,d02d,15
2026/8/22 16:00,29.35,29.3,37.6,88,27.1,990,2.8,42,8.4,12,100,43.5,264.5,686,107,115,1.7,1,0,d,500,Light rain,r01d,16
2026/8/22 16:15,65.01,29.4,37.9,88,27.2,990,2.8,39,8,13,100,40.1,266.1,630,103,110,1.5,1,0,d,500,Light rain,r01d,16
2026/8/22 16:30,56.26,29.5,37.8,87,27.1,990,2.8,36,7.6,10,100,36.6,267.6,574,99,105,1.4,1,0,d,500,Light rain,r01d,16
2026/8/22 16:45,63.19,29.5,37.8,86,26.9,990,2.8,33,7.2,10,100,33.1,269.2,518,95,101,1.2,0.75,0,d,301,Drizzle,d02d,16
2026/8/22 17:00,42.34,29.6,38.1,86,27,989,2.8,30,6.8,10,100,29.7,270.7,462,91,96,1.1,0.5,0,d,301,Drizzle,d02d,17
2026/8/22 17:15,49.82,29.2,37.3,88,27,990,2.9,30,7,12,100,26.2,272.1,402,85,89,0.9,0.25,0,d,804,Overcast clouds,c04d,17
2026/8/22 17:30,34.91,28.9,36.3,89,26.9,990,3,29,7.2,10,100,22.8,273.5,342,79,82,0.8,0,0,d,804,Overcast clouds,c04d,17
2026/8/22 17:45,29.87,28.5,35.3,90,26.7,990,3.1,28,7.4,10,100,19.3,274.8,282,73,76,0.8,0,0,d,804,Overcast clouds,c04d,17
2026/8/22 18:00,22.65,28.1,34.4,92,26.7,990,3.2,28,7.6,10,100,15.9,276.2,222,67,69,0.7,0,0,d,804,Overcast clouds,c04d,18
2026/8/22 18:15,19.53,28,34.2,92,26.6,990,3.1,32,7.5,7,100,12.4,277.5,171,55,57,0.7,0,0,d,804,Overcast clouds,c04d,18
2026/8/22 18:30,17.71,28,33.9,92,26.5,990,3,35,7.4,7,100,9,278.9,119,43,44,0.6,0,0,d,804,Overcast clouds,c04d,18
2026/8/22 18:45,7.1,27.9,33.7,92,26.5,990,2.9,38,7.3,6,100,5.6,280.3,68,31,31,0.6,0,0,d,804,Overcast clouds,c04d,18
2026/8/22 19:00,3.9,27.8,33.4,92,26.4,990,2.8,42,7.2,5,100,2.2,281.6,16,20,20,0.6,0,0,d,804,Overcast clouds,c04n,19
2026/8/22 19:15,0.24,27.7,33.1,92,26.3,990,2.9,42,6.9,5,100,-1.2,283.1,12,15,15,0,0.25,0,d,804,Overcast clouds,c04n,19
2026/8/22 19:30,0,27.6,33,93,26.4,991,3,42,6.6,10,100,-4.5,284.6,8,10,10,0,0.5,0,d,301,Drizzle,d02n,19
2026/8/22 19:45,0,27.5,32.8,94,26.4,991,3.1,42,6.3,10,100,-7.9,286.2,4,5,5,0,0.5,0,d,301,Drizzle,d02n,19
2026/8/22 20:00,0,27.4,32.4,94,26.3,991,3.2,42,6,10,100,-11.2,287.7,0,0,0,0,0.5,0,n,231,Thunderstorm with drizzle,t04n,20
2026/8/22 20:15,0,27.4,32.4,94,26.3,991,3.3,46,6.1,10,100,-14.5,289.5,0,0,0,0,1.25,0,n,200,Thunderstorm with light rain,t01n,20
2026/8/22 20:30,0,27.4,32.4,94,26.3,991,3.4,50,6.2,13,100,-17.7,291.4,0,0,0,0,2,0,n,200,Thunderstorm with light rain,t01n,20
2026/8/22 20:45,0,27.4,32.4,94,26.3,991,3.5,54,6.3,13,100,-20.9,293.2,0,0,0,0,2,0,n,200,Thunderstorm with light rain,t01n,20
2026/8/22 21:00,0,27.4,32.4,94,26.3,991,3.6,58,6.4,13,100,-24.2,295.1,0,0,0,0,2,0,n,200,Thunderstorm with light rain,t01n,21
2026/8/22 21:15,0,27.4,32.4,94,26.3,991,3.6,61,6.6,14,100,-27.2,297.5,0,0,0,0,2,0,n,200,Thunderstorm with light rain,t01n,21
2026/8/22 21:30,0,27.4,32.4,94,26.3,992,3.6,64,6.8,14,100,-30.2,300,0,0,0,0,2,0,n,200,Thunderstorm with light rain,t01n,21
2026/8/22 21:45,0,27.4,32.4,94,26.3,992,3.6,67,7,15,100,-33.2,302.4,0,0,0,0,1.75,0,n,200,Thunderstorm with light rain,t01n,21
2026/8/22 22:00,0,27.4,32.4,94,26.3,992,3.6,70,7.2,16,100,-36.2,304.9,0,0,0,0,1.5,0,n,200,Thunderstorm with light rain,t01n,22
2026/8/22 22:15,0,27.2,31.9,94,26.2,992,3.6,70,7.2,16,100,-38.8,308.4,0,0,0,0,1.25,0,n,200,Thunderstorm with light rain,t01n,22
2026/8/22 22:30,0,27.1,31.4,95,26.2,992,3.6,69,7.2,10,100,-41.4,311.9,0,0,0,0,1,0,n,200,Thunderstorm with light rain,t01n,22
2026/8/22 22:45,0,26.9,31,96,26.2,992,3.6,68,7.2,10,100,-43.9,315.4,0,0,0,0,1,0,n,200,Thunderstorm with light rain,t01n,22
2026/8/22 23:00,0,26.7,30.4,96,26,992,3.6,68,7.2,10,100,-46.5,318.9,0,0,0,0,1,0,n,200,Thunderstorm with light rain,t01n,23
2026/8/22 23:15,0,26.7,30.4,96,26,992,3.5,66,7.1,12,100,-48.4,323.9,0,0,0,0,1,0,n,200,Thunderstorm with light rain,t01n,23
2026/8/22 23:30,0,26.7,30.4,96,26,993,3.4,64,7,10,100,-50.2,328.9,0,0,0,0,1,0,n,200,Thunderstorm with light rain,t01n,23
2026/8/22 23:45,0,26.7,30.4,96,26,993,3.3,62,6.9,10,100,-52,333.9,0,0,0,0,0.5,0,n,231,Thunderstorm with drizzle,t04n,23
2026/8/23 0:00,0,26.7,30.4,96,26,993,3.2,60,6.8,10,100,-53.8,339,0,0,0,0,0,0,n,804,Overcast clouds,c04n,0
2026/8/23 0:15,0,26.6,27.8,96,25.9,993,3.2,58,6.5,12,100,-54.3,255.3,0,0,0,0,0,0,n,804,Overcast clouds,c04n,0
2026/8/23 0:30,0,26.5,27.7,97,26,993,3.2,56,6.2,13,100,-54.8,171.7,0,0,0,0,0,0,n,741,Fog,a05n,0
2026/8/23 0:45,0,26.4,27.7,98,26.1,992,3.2,54,5.9,9,100,-55.3,88,0,0,0,0,0.25,0,n,741,Fog,a05n,0
2026/8/23 1:00,0,26.3,27.5,98,26,992,3.2,52,5.6,9,100,-55.8,4.4,0,0,0,0,0.5,0,n,231,Thunderstorm with drizzle,t04n,1
2026/8/23 1:15,0,26.3,27.5,98,26,992,3.2,50,6,9,100,-54.8,10.4,0,0,0,0,0.75,0,n,301,Drizzle,d02n,1
2026/8/23 1:30,0,26.3,27.5,98,26,992,3.2,47,6.4,15,100,-53.9,16.4,0,0,0,0,1,0,n,200,Thunderstorm with light rain,t01n,1
2026/8/23 1:45,0,26.3,27.5,98,26,992,3.2,44,6.8,15,100,-52.9,22.5,0,0,0,0,1.5,0,n,200,Thunderstorm with light rain,t01n,1
2026/8/23 2:00,0,26.3,27.5,98,26,992,3.2,42,7.2,16,100,-51.9,28.5,0,0,0,0,2,0,n,200,Thunderstorm with light rain,t01n,2
2026/8/23 2:15,0,26.3,27.5,98,26,992,3.3,40,7.3,16,100,-49.7,33,0,0,0,0,1.5,0,n,500,Light rain,r01n,2
2026/8/23 2:30,0,26.3,27.5,97,25.8,992,3.4,37,7.4,10,100,-47.6,37.5,0,0,0,0,1,0,n,500,Light rain,r01n,2
2026/8/23 2:45,0,26.3,27.5,96,25.6,991,3.5,34,7.5,10,100,-45.5,42,0,0,0,0,1,0,n,500,Light rain,r01n,2
2026/8/23 3:00,0,26.3,27.5,96,25.6,991,3.6,32,7.6,10,100,-43.4,46.4,0,0,0,0,1,0,n,500,Light rain,r01n,3
2026/8/23 3:15,0,26.3,27.5,96,25.6,991,3.6,31,7.5,12,100,-40.6,49.5,0,0,0,0,1,0,n,500,Light rain,r01n,3
2026/8/23 3:30,0,26.3,27.5,96,25.6,991,3.6,30,7.4,10,100,-37.9,52.6,0,0,0,0,1,0,n,500,Light rain,r01n,3
2026/8/23 3:45,0,26.3,27.5,96,25.6,991,3.6,29,7.3,10,100,-35.1,55.7,0,0,0,0,1,0,n,500,Light rain,r01n,3
2026/8/23 4:00,0,26.3,27.5,96,25.6,991,3.6,28,7.2,12,100,-32.4,58.8,0,0,0,0,1,0,n,500,Light rain,r01n,4
2026/8/23 4:15,0,26.2,27.4,96,25.5,991,3.7,28,7.2,12,100,-29.3,61,0,0,0,0,1.5,0,n,500,Light rain,r01n,4
2026/8/23 4:30,0,26.1,27.3,97,25.6,991,3.8,27,7.2,13,100,-26.2,63.3,0,0,0,0,2,0,n,500,Light rain,r01n,4
2026/8/23 4:45,0,26,27.2,98,25.7,991,3.9,26,7.2,13,100,-23.1,65.5,0,0,0,0,2.5,0,n,500,Light rain,r01n,4
2026/8/23 5:00,0,25.9,27.1,98,25.6,991,4,26,7.2,14,100,-20,67.7,0,0,0,0,3,0,n,500,Light rain,r01n,5
2026/8/23 5:15,0,26,27.2,98,25.7,991,3.9,25,7.1,14,100,-16.7,69.4,0,0,0,0,2.5,0,n,500,Light rain,r01n,5
2026/8/23 5:30,0,26.1,27.3,97,25.6,991,3.8,24,7,10,100,-13.4,71.2,0,0,0,0,2,0,n,500,Light rain,r01n,5
2026/8/23 5:45,0,26.2,27.4,96,25.5,991,3.7,23,6.9,10,100,-10.2,72.9,0,0,0,0,1.5,0,n,500,Light rain,r01n,5
2026/8/23 6:00,0,26.3,27.5,96,25.6,991,3.6,22,6.8,10,100,-6.9,74.6,0,0,0,0,1,0,n,500,Light rain,r01n,6
2026/8/23 6:15,0,26.3,27.5,96,25.6,991,3.6,23,6.7,12,100,-3.5,76,18,10,10,0,0.5,0,d,301,Drizzle,d02n,6
2026/8/23 6:30,0.11,26.3,27.5,96,25.6,991,3.6,24,6.6,10,100,-0.1,77.5,36,20,20,0,0,0,d,804,Overcast clouds,c04n,6
2026/8/23 6:45,1.71,26.3,27.5,96,25.6,991,3.6,25,6.5,10,100,3.3,78.9,55,30,30,0.6,0,0,d,804,Overcast clouds,c04d,6
2026/8/23 7:00,3.52,26.3,27.5,96,25.6,991,3.6,26,6.4,10,100,6.6,80.4,73,40,41,0.6,0,0,d,804,Overcast clouds,c04d,7
2026/8/23 7:15,10.99,26.3,27.5,96,25.6,991,3.5,28,6.6,12,100,10.1,81.8,130,49,51,0.7,0,0,d,804,Overcast clouds,c04d,7
2026/8/23 7:30,16.4,26.3,27.5,96,25.6,992,3.4,31,6.8,13,100,13.5,83.1,187,58,61,0.7,0,0,d,804,Overcast clouds,c04d,7
2026/8/23 7:45,23.08,26.3,27.5,96,25.6,992,3.3,34,7,13,100,16.9,84.5,244,67,71,0.7,0.25,0,d,804,Overcast clouds,c04d,7
2026/8/23 8:00,27.79,26.3,27.5,96,25.6,992,3.2,36,7.2,14,100,20.4,85.8,301,76,81,0.8,0.5,0,d,301,Drizzle,d02d,8
2026/8/23 8:15,39.72,26.2,27.4,96,25.5,992,3.2,36,7.3,14,100,23.8,87.2,360,81,87,0.9,0.25,0,d,804,Overcast clouds,c04d,8
2026/8/23 8:30,43.12,26.1,27.3,97,25.6,992,3.2,36,7.4,15,100,27.3,88.6,420,87,94,1,0,0,d,741,Fog,a05d,8
2026/8/23 8:45,60.44,26,27.2,98,25.7,992,3.2,36,7.5,15,100,30.8,90,479,92,100,1.1,0,0,d,741,Fog,a05d,8
2026/8/23 9:00,89.28,25.9,27.1,98,25.6,992,3.2,36,7.6,16,100,34.2,91.5,539,97,107,1.3,0,0,d,741,Fog,a05d,9
2026/8/23 9:15,112.28,26.5,27.6,95,25.6,992,3.4,38,7.9,16,100,37.7,93.2,592,101,112,1.4,0,0,d,804,Overcast clouds,c04d,9
2026/8/23 9:30,131.93,27,30.9,92,25.6,993,3.6,40,8.2,10,100,41.1,94.9,645,104,116,1.6,0,0,d,804,Overcast clouds,c04d,9
2026/8/23 9:45,132.32,27.6,32.2,89,25.6,993,3.8,42,8.5,10,100,44.6,96.6,698,108,121,1.8,0,0,d,804,Overcast clouds,c04d,9
2026/8/23 10:00,169.6,28.1,33.4,86,25.5,993,4,44,8.8,10,100,48,98.3,751,111,125,2,0,0,d,804,Overcast clouds,c04d,10
2026/8/23 10:15,105.09,28.2,33.6,86,25.6,993,4.1,46,9.1,12,100,51.4,100.9,792,113,128,2.2,0,0,d,804,Overcast clouds,c04d,10
2026/8/23 10:30,83.35,28.3,33.9,86,25.7,993,4.2,47,9.4,13,100,54.7,103.5,832,115,130,2.4,0,0,d,804,Overcast clouds,c04d,10
2026/8/23 10:45,65.74,28.4,34.2,86,25.8,993,4.3,48,9.7,13,100,58.1,106.1,873,118,134,2.6,0,0,d,804,Overcast clouds,c04d,10
2026/8/23 11:00,98.53,28.5,34.5,86,25.9,993,4.4,50,10,14,100,61.5,108.7,914,120,136,2.8,0,0,d,804,Overcast clouds,c04d,11
2026/8/23 11:15,146.66,28.6,34.9,86,26,993,4.3,48,10.2,14,100,64.5,114.4,938,121,137,3,0,0,d,804,Overcast clouds,c04d,11
2026/8/23 11:30,79.18,28.7,35.2,86,26.1,993,4.2,47,10.4,15,100,67.5,120.1,963,122,138,3.1,0,0,d,804,Overcast clouds,c04d,11
2026/8/23 11:45,132.18,28.8,35.5,86,26.2,992,4.1,46,10.6,15,100,70.6,125.8,987,123,139,3.3,0.5,0,d,301,Drizzle,d02d,11
2026/8/23 12:00,90.26,28.9,35.8,86,26.3,992,4,44,10.8,16,100,73.6,131.5,1012,125,141,3.4,1,0,d,500,Light rain,r01d,12
2026/8/23 12:15,37.1,29.3,36.7,85,26.5,992,4.1,44,11,16,100,74.8,146.7,1018,125,140,3.5,0.75,0,d,301,Drizzle,d02d,12
2026/8/23 12:30,43.52,29.7,37.7,84,26.7,992,4.2,43,11.2,10,100,76,162,1025,125,140,3.5,0.5,0,d,301,Drizzle,d02d,12
2026/8/23 12:45,122.59,30,38.3,82,26.6,992,4.3,42,11.4,10,99,77.2,177.2,1031,125,171,3.6,0.5,0,d,301,Drizzle,d02d,12
2026/8/23 13:00,107.98,30.4,39.2,81,26.8,991,4.4,42,11.6,10,99,78.4,192.5,1037,126,172,3.7,0.5,0,d,301,Drizzle,d02d,13
2026/8/23 13:15,135.55,30.5,39.2,80,26.6,991,4.4,42,11.7,8,99,76.3,204.1,1024,125,171,3.6,0.25,0,d,804,Overcast clouds,c04d,13
2026/8/23 13:30,98.36,30.6,39.1,79,26.5,991,4.4,43,11.8,8,100,74.1,215.6,1012,125,140,3.4,0,0,d,804,Overcast clouds,c04d,13
2026/8/23 13:45,41.95,30.6,39,78,26.3,991,4.4,44,11.9,8,100,72,227.2,999,124,140,3.4,0,0,d,804,Overcast clouds,c04d,13
2026/8/23 14:00,75.8,30.7,38.9,77,26.2,991,4.4,44,12,7,100,69.8,238.8,987,123,139,3.3,0,0,d,804,Overcast clouds,c04d,14
2026/8/23 14:15,24.69,30.6,39,78,26.3,991,4.5,44,11.3,7,100,66.6,243,956,122,137,3.1,0,0,d,804,Overcast clouds,c04d,14
2026/8/23 14:30,36.18,30.6,39.1,79,26.5,991,4.6,44,10.6,5,100,63.4,247.1,926,120,134,2.9,0,0,d,804,Overcast clouds,c04d,14
2026/8/23 14:45,106.91,30.5,39.2,80,26.6,991,4.7,44,9.9,5,100,60.2,251.2,895,119,132,2.7,0,0,d,804,Overcast clouds,c04d,14
2026/8/23 15:00,172.18,30.4,39.2,81,26.8,990,4.8,44,9.2,5,100,57,255.4,865,117,129,2.6,0,0,d,804,Overcast clouds,c04d,15
2026/8/23 15:15,85.77,30.4,38.9,80,26.6,990,4.6,41,9.3,5,100,53.6,257.6,820,115,127,2.3,0,0,d,804,Overcast clouds,c04d,15
2026/8/23 15:30,0,30.4,38.9,80,26.6,990,4.4,38,9.4,5,99,50.2,259.8,774,112,146,2.2,0,0,d,804,Overcast clouds,c04d,15
2026/8/23 15:45,106.19,30.4,38.9,80,26.6,990,4.2,35,9.5,5,98,46.7,261.9,729,109,163,2,0,0,d,804,Overcast clouds,c04d,15
2026/8/23 16:00,102.58,30.4,38.6,79,26.3,990,4,32,9.6,5,98,43.3,264.1,683,107,158,1.8,0,0,d,804,Overcast clouds,c04d,16
2026/8/23 16:15,27.8,30.1,38.1,80,26.3,990,3.9,31,8.9,5,98,39.9,265.7,627,103,150,1.6,0,0,d,804,Overcast clouds,c04d,16
2026/8/23 16:30,3.94,29.9,37.2,80,26,990,3.8,30,8.2,5,98,36.4,267.3,571,99,142,1.4,0,0,d,804,Overcast clouds,c04d,16
2026/8/23 16:45,3.96,29.6,36.6,81,26,990,3.7,29,7.5,5,98,33,268.8,515,95,134,1.3,0,0,d,804,Overcast clouds,c04d,16
2026/8/23 17:00,3.96,29.3,36.1,82,25.9,989,3.6,28,6.8,5,98,29.5,270.4,459,91,126,1.1,0,0,d,804,Overcast clouds,c04d,17
2026/8/23 17:15,3.94,29.1,35.7,83,25.9,990,3.1,33,6.5,5,98,26,271.8,399,85,115,1,0,0,d,804,Overcast clouds,c04d,17
2026/8/23 17:30,92.69,28.9,35.3,84,25.9,990,2.6,38,6.2,12,99,22.6,273.1,339,79,94,0.9,0,0,d,804,Overcast clouds,c04d,17
2026/8/23 17:45,19.73,28.7,34.9,85,25.9,990,2.1,43,5.9,12,100,19.1,274.5,279,73,77,0.8,0,0,d,804,Overcast clouds,c04d,17
2026/8/23 18:00,3.86,28.5,34.5,86,25.9,990,1.6,48,5.6,12,100,15.7,275.9,219,66,69,0.7,0,0,d,804,Overcast clouds,c04d,18
2026/8/23 18:15,26.21,28.4,34.2,86,25.8,990,1.7,48,5.5,12,100,12.2,277.2,168,54,56,0.7,0.25,0,d,804,Overcast clouds,c04d,18
2026/8/23 18:30,0,28.3,34.1,87,25.9,990,1.8,49,5.4,10,100,8.8,278.6,117,43,44,0.6,0.5,0,d,231,Thunderstorm with drizzle,t04d,18
2026/8/23 18:45,0.02,28.2,34,88,26,990,1.9,50,5.3,10,100,5.4,280,66,31,32,0.6,1,0,d,200,Thunderstorm with light rain,t01d,18
2026/8/23 19:00,0,28.1,33.7,88,25.9,990,2,50,5.2,10,100,2,281.3,14,19,17,0.6,1.5,0,d,200,Thunderstorm with light rain,t01n,19
2026/8/23 19:15,0,28.1,33.7,88,25.9,990,2.2,54,5.2,11,100,-1.4,282.8,11,14,13,0,1.5,0,d,200,Thunderstorm with light rain,t01n,19
2026/8/23 19:30,0,28.1,33.7,88,25.9,991,2.4,57,5.2,1,100,-4.7,284.4,7,9,8,0,1.5,0,d,200,Thunderstorm with light rain,t01n,19
2026/8/23 19:45,0,28.1,33.7,88,25.9,991,2.6,60,5.2,1,100,-8.1,285.9,4,5,4,0,2.5,0,d,200,Thunderstorm with light rain,t01n,19
2026/8/23 20:00,0,28.1,33.7,88,25.9,991,2.8,64,5.2,1,100,-11.5,287.4,0,0,0,0,3.5,0,n,200,Thunderstorm with light rain,t01n,20
2026/8/23 20:15,0,28.1,33.7,88,25.9,991,2.8,68,5.2,4,100,-14.7,289.2,0,0,0,0,4,0,n,201,Thunderstorm with rain,t02n,20
2026/8/23 20:30,0,28.1,33.7,88,25.9,991,2.8,71,5.2,9,100,-17.9,291.1,0,0,0,0,4.5,0,n,201,Thunderstorm with rain,t02n,20
2026/8/23 20:45,0,28.1,33.7,88,25.9,991,2.8,74,5.2,9,100,-21.1,292.9,0,0,0,0,4.75,0,n,501,Moderate rain,r02n,20
2026/8/23 21:00,0,28.1,33.7,88,25.9,991,2.8,78,5.2,11,100,-24.4,294.8,0,0,0,0,5,0,n,501,Moderate rain,r02n,21
2026/8/23 21:15,0,27.9,33.3,89,25.9,991,2.9,77,5.5,12,100,-27.4,297.2,0,0,0,0,4.5,0,n,501,Moderate rain,r02n,21
2026/8/23 21:30,0,27.8,33,90,26,992,3,76,5.8,10,100,-30.4,299.7,0,0,0,0,4,0,n,501,Moderate rain,r02n,21
2026/8/23 21:45,0,27.6,32.6,91,26,992,3.1,75,6.1,10,99,-33.4,302.2,0,0,0,0,4.5,0,n,501,Moderate rain,r02n,21
2026/8/23 22:00,0,27.4,32.2,92,26,992,3.2,74,6.4,10,99,-36.4,304.6,0,0,0,0,5,0,n,201,Thunderstorm with rain,t02n,22
2026/8/23 22:15,0,27.3,31.9,92,25.9,992,3.3,73,6.5,12,99,-39,308.1,0,0,0,0,6,0,n,201,Thunderstorm with rain,t02n,22
2026/8/23 22:30,0,27.2,31.7,93,26,992,3.4,72,6.6,9,100,-41.6,311.6,0,0,0,0,7,0,n,501,Moderate rain,r02n,22
2026/8/23 22:45,0,27.1,31.5,94,26,992,3.5,71,6.7,9,100,-44.2,315.1,0,0,0,0,5.75,0,n,501,Moderate rain,r02n,22
2026/8/23 23:00,0,27,31.2,94,25.9,992,3.6,70,6.8,9,100,-46.8,318.6,0,0,0,0,4.5,0,n,501,Moderate rain,r02n,23
2026/8/23 23:15,0,27,31.2,94,25.9,992,3.5,70,6.6,12,100,-48.7,323.7,0,0,0,0,3.25,0,n,200,Thunderstorm with light rain,t01n,23
2026/8/23 23:30,0,27,31.2,94,25.9,992,3.4,69,6.4,10,100,-50.5,328.8,0,0,0,0,2,0,n,500,Light rain,r01n,23
2026/8/23 23:45,0,27,31.2,94,25.9,992,3.3,68,6.2,10,99,-52.3,333.8,0,0,0,0,1.25,0,n,500,Light rain,r01n,23
2026/8/24 0:00,0,27,31.2,94,25.9,992,3.2,68,6,10,99,-54.1,338.9,0,0,0,0,0.5,0,n,301,Drizzle,d02n,0
2026/8/24 0:15,0,26.9,30.9,94,25.9,992,3.1,68,6.1,12,99,-54.6,255.3,0,0,0,0,0.5,0,n,301,Drizzle,d02n,0
2026/8/24 0:30,0,26.9,30.7,94,25.8,992,3,68,6.2,12,100,-55.2,171.7,0,0,0,0,0.5,0,n,301,Drizzle,d02n,0
2026/8/24 0:45,0,26.8,30.5,94,25.7,992,2.9,68,6.3,13,100,-55.7,88.1,0,0,0,0,0.25,0,n,804,Overcast clouds,c04n,0
2026/8/24 1:00,0,26.7,30.2,94,25.7,992,2.8,68,6.4,14,100,-56.2,4.5,0,0,0,0,0,0,n,804,Overcast clouds,c04n,1
2026/8/24 1:15,0,26.7,30.2,94,25.7,992,2.8,65,6.5,14,100,-55.2,10.6,0,0,0,0,0,0,n,804,Overcast clouds,c04n,1
2026/8/24 1:30,0,26.7,30.3,95,25.8,992,2.8,62,6.6,15,100,-54.2,16.7,0,0,0,0,0,0,n,804,Overcast clouds,c04n,1
2026/8/24 1:45,0,26.7,30.4,96,26,992,2.8,59,6.7,15,100,-53.2,22.8,0,0,0,0,0,0,n,804,Overcast clouds,c04n,1
2026/8/24 2:00,0,26.7,30.4,96,26,992,2.8,56,6.8,16,100,-52.1,28.9,0,0,0,0,0,0,n,804,Overcast clouds,c04n,2
2026/8/24 2:15,0,26.8,30.7,96,26.1,992,2.8,55,6.4,16,100,-50,33.4,0,0,0,0,0,0,n,804,Overcast clouds,c04n,2
2026/8/24 2:30,0,26.9,30.8,95,26,992,2.8,54,6,16,100,-47.9,37.8,0,0,0,0,0,0,n,804,Overcast clouds,c04n,2
2026/8/24 2:45,0,26.9,30.9,94,25.9,991,2.8,53,5.6,16,100,-45.7,42.3,0,0,0,0,0,0,n,804,Overcast clouds,c04n,2
2026/8/24 3:00,0,27,31.2,94,25.9,991,2.8,52,5.2,16,100,-43.6,46.8,0,0,0,0,0,0,n,804,Overcast clouds,c04n,3
2026/8/24 3:15,0,26.9,30.9,94,25.9,991,2.9,50,5.3,16,100,-40.8,49.9,0,0,0,0,0,0,n,804,Overcast clouds,c04n,3
2026/8/24 3:30,0,26.9,30.7,94,25.8,991,3,49,5.4,10,100,-38,53,0,0,0,0,0,0,n,804,Overcast clouds,c04n,3
2026/8/24 3:45,0,26.8,30.5,94,25.7,991,3.1,48,5.5,10,100,-35.3,56.1,0,0,0,0,0,0,n,804,Overcast clouds,c04n,3
2026/8/24 4:00,0,26.7,30.2,94,25.7,991,3.2,46,5.6,12,100,-32.5,59.2,0,0,0,0,0,0,n,804,Overcast clouds,c04n,4
2026/8/24 4:15,0,26.7,30.2,94,25.7,991,3.2,44,5.6,12,100,-29.4,61.4,0,0,0,0,0.75,0,n,301,Drizzle,d02n,4
2026/8/24 4:30,0,26.7,30.2,94,25.7,991,3.2,42,5.6,10,100,-26.3,63.6,0,0,0,0,1.5,0,n,500,Light rain,r01n,4
2026/8/24 4:45,0,26.7,30.2,94,25.7,991,3.2,40,5.6,10,100,-23.2,65.8,0,0,0,0,2,0,n,500,Light rain,r01n,4
2026/8/24 5:00,0,26.7,30.2,94,25.7,991,3.2,38,5.6,10,100,-20.1,68.1,0,0,0,0,2.5,0,n,500,Light rain,r01n,5
2026/8/24 5:15,0,26.7,30.2,94,25.7,991,3.1,40,5.6,12,100,-16.8,69.8,0,0,0,0,1.75,0,n,500,Light rain,r01n,5
2026/8/24 5:30,0,26.7,30.3,95,25.8,991,3,41,5.6,13,100,-13.5,71.5,0,0,0,0,1,0,n,500,Light rain,r01n,5
2026/8/24 5:45,0,26.7,30.4,96,26,991,2.9,42,5.6,13,100,-10.2,73.2,0,0,0,0,0.75,0,n,301,Drizzle,d02n,5
2026/8/24 6:00,0,26.7,30.4,96,26,991,2.8,44,5.6,13,100,-7,74.9,0,0,0,0,0.5,0,n,301,Drizzle,d02n,6
2026/8/24 6:15,0.01,26.7,30.4,96,26,991,2.9,46,5.7,14,100,-3.6,76.4,18,10,10,0,0.25,0,d,804,Overcast clouds,c04n,6
2026/8/24 6:30,0.2,26.7,30.4,96,26,991,3,48,5.8,14,99,-0.2,77.8,36,20,21,0,0,0,d,804,Overcast clouds,c04n,6
2026/8/24 6:45,1.3,26.7,30.4,96,26,991,3.1,50,5.9,15,98,3.2,79.3,54,30,34,0.7,0,0,d,804,Overcast clouds,c04d,6
2026/8/24 7:00,4.28,26.7,30.4,96,26,991,3.2,52,6,16,98,6.6,80.8,72,40,45,0.7,0,0,d,804,Overcast clouds,c04d,7
2026/8/24 7:15,8.82,26.7,30.4,96,26,991,3.1,52,6.1,16,98,10,82.1,129,49,58,0.7,0,0,d,804,Overcast clouds,c04d,7
2026/8/24 7:30,7.64,26.7,30.4,96,26,992,3,52,6.2,16,99,13.4,83.5,186,58,66,0.7,0,0,d,804,Overcast clouds,c04d,7
2026/8/24 7:45,17.53,26.7,30.4,96,26,992,2.9,52,6.3,16,100,16.9,84.8,243,67,70,0.7,0,0,d,804,Overcast clouds,c04d,7
2026/8/24 8:00,32.54,26.7,30.4,96,26,992,2.8,52,6.4,16,100,20.3,86.2,300,76,80,0.8,0,0,d,804,Overcast clouds,c04d,8
2026/8/24 8:15,33.01,26.7,30.4,96,26,992,2.8,54,6.6,16,100,23.8,87.6,359,81,86,0.9,0,0,d,804,Overcast clouds,c04d,8
2026/8/24 8:30,21.35,26.7,30.4,96,26,992,2.8,55,6.8,16,100,27.2,89,419,87,93,1,0,0,d,804,Overcast clouds,c04d,8
2026/8/24 8:45,59.06,26.7,30.4,96,26,992,2.8,56,7,16,100,30.7,90.4,479,92,99,1.1,0.25,0,d,804,Overcast clouds,c04d,8
2026/8/24 9:00,22.22,26.7,30.4,96,26,992,2.8,58,7.2,16,100,34.2,91.9,538,97,105,1.3,0.5,0,d,301,Drizzle,d02d,9
2026/8/24 9:15,32.74,27.3,32,94,26.2,992,3,57,7.5,16,100,37.6,93.6,591,101,110,1.4,0.5,0,d,301,Drizzle,d02d,9
2026/8/24 9:30,49.93,27.8,33.4,92,26.4,993,3.2,56,7.8,10,100,41.1,95.3,644,104,113,1.6,0.5,0,d,301,Drizzle,d02d,9
2026/8/24 9:45,75.29,28.4,34.9,90,26.5,993,3.4,55,8.1,10,100,44.5,97.1,697,108,118,1.8,0.5,0,d,301,Drizzle,d02d,9
2026/8/24 10:00,90.96,28.9,36.3,88,26.7,993,3.6,54,8.4,12,100,47.9,98.8,750,111,121,2,0.5,0,d,301,Drizzle,d02d,10
2026/8/24 10:15,85.55,28.9,36.3,88,26.7,993,3.4,52,8.7,12,100,51.3,101.5,791,113,124,2.2,0.5,0,d,301,Drizzle,d02d,10
2026/8/24 10:30,106.9,28.9,36,87,26.5,993,3.2,51,9,10,100,54.7,104.1,832,115,127,2.4,0.5,0,d,301,Drizzle,d02d,10
2026/8/24 10:45,120.92,28.9,35.8,86,26.3,993,3,50,9.3,10,99,58,106.8,872,118,158,2.7,0.75,0,d,301,Drizzle,d02d,10
2026/8/24 11:00,125.03,28.9,35.8,86,26.3,993,2.8,48,9.6,10,99,61.4,109.4,913,120,162,2.9,1,0,d,500,Light rain,r01d,11
2026/8/24 11:15,4.91,28.9,35.8,86,26.3,993,3,49,9.7,12,99,64.4,115.2,938,121,164,3,0.5,0,d,301,Drizzle,d02d,11
2026/8/24 11:30,50.34,28.9,35.8,86,26.3,993,3.2,50,9.8,10,100,67.4,120.9,962,122,137,3.1,0,0,d,804,Overcast clouds,c04d,11
2026/8/24 11:45,28.69,28.9,35.8,86,26.3,992,3.4,51,9.9,10,100,70.4,126.7,987,123,139,3.3,0,0,d,804,Overcast clouds,c04d,11
2026/8/24 12:00,8.23,28.9,35.8,86,26.3,992,3.6,52,10,10,100,73.4,132.5,1011,125,141,3.4,0,0,d,804,Overcast clouds,c04d,12
2026/8/24 12:15,2.6,29.4,37,85,26.6,992,3.5,52,10.1,10,100,74.6,147.5,1017,125,140,3.5,0,0,d,804,Overcast clouds,c04d,12
2026/8/24 12:30,2.6,29.8,38.2,84,26.8,992,3.4,53,10.2,8,100,75.7,162.5,1024,125,139,3.5,0,0,d,804,Overcast clouds,c04d,12
2026/8/24 12:45,2.62,30.3,39.1,82,26.8,992,3.3,54,10.3,8,100,76.9,177.5,1030,125,139,3.6,0.25,0,d,804,Overcast clouds,c04d,12
2026/8/24 13:00,2.59,30.7,40.2,81,27.1,992,3.2,54,10.4,6,100,78.1,192.5,1036,126,139,3.6,0.5,0,d,301,Drizzle,d02d,13
2026/8/24 13:15,2.62,31,40.9,80,27.1,992,3.1,58,10.4,6,100,75.9,203.9,1023,125,137,3.5,0.75,0,d,301,Drizzle,d02d,13
2026/8/24 13:30,2.65,31.3,41.5,79,27.2,992,3,63,10.4,10,100,73.8,215.3,1011,125,137,3.4,1,0,d,500,Light rain,r01d,13
2026/8/24 13:45,2.62,31.6,42.2,78,27.3,992,2.9,68,10.4,10,99,71.7,226.7,998,124,165,3.4,0.5,0,d,301,Drizzle,d02d,13
2026/8/24 14:00,2.59,31.9,42.8,77,27.4,991,2.8,72,10.4,10,99,69.5,238.1,985,123,163,3.3,0,0,d,804,Overcast clouds,c04d,14
2026/8/24 14:15,2.6,32.1,43,76,27.3,991,2.8,76,10.1,10,99,66.3,242.3,955,122,161,3.2,0,0,d,804,Overcast clouds,c04d,14
2026/8/24 14:30,2.59,32.3,42.7,74,27,991,2.8,80,9.8,10,100,63.2,246.5,924,120,131,2.9,0,0,d,804,Overcast clouds,c04d,14
2026/8/24 14:45,128.23,32.4,42.5,72,26.7,991,2.8,84,9.5,10,100,60,250.7,894,119,131,2.7,0.25,0,d,804,Overcast clouds,c04d,14
2026/8/24 15:00,129.25,32.6,42.6,71,26.6,990,2.8,88,9.2,10,100,56.8,254.9,863,117,129,2.5,0.5,0,d,301,Drizzle,d02d,15
2026/8/24 15:15,25.37,32.2,41.8,72,26.5,990,2.9,90,9.2,10,100,53.4,257.1,818,115,127,2.3,0.25,0,d,804,Overcast clouds,c04d,15
2026/8/24 15:30,3.94,31.9,41.4,74,26.6,990,3,92,9.2,13,100,50,259.3,772,112,123,2.1,0,0,d,804,Overcast clouds,c04d,15
2026/8/24 15:45,4.04,31.5,41,76,26.7,990,3.1,94,9.2,13,99,46.6,261.5,727,109,141,2,0,0,d,804,Overcast clouds,c04d,15
2026/8/24 16:00,62.62,31.1,40.2,77,26.6,989,3.2,96,9.2,14,99,43.2,263.7,681,107,137,1.8,0,0,d,804,Overcast clouds,c04d,16
2026/8/24 16:15,41.49,30.9,39.9,78,26.6,990,3,92,8.6,14,98,39.7,265.3,625,103,149,1.6,0,0,d,804,Overcast clouds,c04d,16
2026/8/24 16:30,16.51,30.8,39.7,79,26.7,990,2.8,88,8,15,98,36.2,266.9,569,99,140,1.4,0,0,d,804,Overcast clouds,c04d,16
2026/8/24 16:45,9.13,30.6,39.5,80,26.7,990,2.6,84,7.4,15,98,32.8,268.5,513,95,132,1.2,0,0,d,804,Overcast clouds,c04d,16
2026/8/24 17:00,55.24,30.4,39.2,81,26.8,990,2.4,80,6.8,16,97,29.3,270.1,457,91,137,1.1,0,0,d,804,Overcast clouds,c04d,17
2026/8/24 17:15,102.23,29.9,38,82,26.5,990,2,84,6.1,16,98,25.9,271.4,396,85,114,1,0,0,d,804,Overcast clouds,c04d,17
2026/8/24 17:30,45.75,29.5,37,84,26.5,990,1.6,87,5.4,10,98,22.4,272.8,336,78,102,0.9,0,0,d,804,Overcast clouds,c04d,17
2026/8/24 17:45,23.67,29,35.8,85,26.2,990,1.2,90,4.7,10,98,18.9,274.2,276,72,92,0.8,0,0,d,804,Overcast clouds,c04d,17
2026/8/24 18:00,21.18,28.5,34.5,86,25.9,990,0.8,94,4,12,99,15.5,275.6,216,66,75,0.7,0,0,d,804,Overcast clouds,c04d,18
2026/8/24 18:15,13.96,28.5,34.5,86,25.9,990,1,110,4,12,98,12.1,276.9,165,54,66,0.7,0,0,d,804,Overcast clouds,c04d,18
2026/8/24 18:30,11.26,28.5,34.3,85,25.7,990,1.2,125,4,10,98,8.6,278.3,114,42,50,0.7,0,0,d,804,Overcast clouds,c04d,18
2026/8/24 18:45,4.36,28.5,34.1,84,25.5,990,1.4,140,4,10,98,5.2,279.7,63,30,34,0.7,0,0,d,804,Overcast clouds,c04d,18
2026/8/24 19:00,1.9,28.5,34.1,84,25.5,990,1.6,156,4,10,97,1.8,281,13,17,18,0.7,0,0,d,804,Overcast clouds,c04n,19
2026/8/24 19:15,0.24,28.4,34,85,25.6,990,1.7,157,4.1,12,97,-1.6,282.6,9,13,14,0,0,0,d,804,Overcast clouds,c04n,19
2026/8/24 19:30,0.02,28.3,33.9,86,25.7,991,1.8,158,4.2,12,96,-4.9,284.1,6,9,10,0,0,0,d,804,Overcast clouds,c04n,19
2026/8/24 19:45,0,28.2,33.8,87,25.8,991,1.9,159,4.3,13,96,-8.3,285.6,3,4,4,0,0,0,d,804,Overcast clouds,c04n,19
2026/8/24 20:00,0,28.1,33.7,88,25.9,991,2,160,4.4,14,96,-11.7,287.1,0,0,0,0,0,0,n,804,Overcast clouds,c04n,20
2026/8/24 20:15,0,28,33.5,88,25.8,991,1.8,161,3.9,14,96,-14.9,289,0,0,0,0,0,0,n,804,Overcast clouds,c04n,20
2026/8/24 20:30,0,28,33.4,89,26,992,1.6,162,3.4,15,96,-18.1,290.8,0,0,0,0,0,0,n,804,Overcast clouds,c04n,20
2026/8/24 20:45,0,27.9,33.4,90,26.1,992,1.4,163,2.9,15,96,-21.4,292.7,0,0,0,0,0.25,0,n,804,Overcast clouds,c04n,20
2026/8/24 21:00,0,27.8,33.1,90,26,992,1.2,164,2.4,16,96,-24.6,294.5,0,0,0,0,0.5,0,n,301,Drizzle,d02n,21
2026/8/24 21:15,0,27.6,32.7,91,26,992,1.2,158,2.1,16,96,-27.6,297,0,0,0,0,0.75,0,n,301,Drizzle,d02n,21
2026/8/24 21:30,0,27.4,32.2,92,26,992,1.2,151,1.8,16,96,-30.7,299.4,0,0,0,0,1,0,n,500,Light rain,r01n,21
2026/8/24 21:45,0,27.2,31.7,93,26,992,1.2,144,1.5,16,97,-33.7,301.9,0,0,0,0,1.25,0,n,500,Light rain,r01n,21
2026/8/24 22:00,0,27,31.2,94,25.9,992,1.2,138,1.2,16,97,-36.7,304.3,0,0,0,0,1.5,0,n,500,Light rain,r01n,22
2026/8/24 22:15,0,26.9,30.9,94,25.9,992,1.2,134,1.5,16,97,-39.3,307.9,0,0,0,0,1,0,n,500,Light rain,r01n,22
2026/8/24 22:30,0,26.9,30.8,95,26,992,1.2,129,1.8,10,96,-41.9,311.4,0,0,0,0,0.5,0,n,301,Drizzle,d02n,22
2026/8/24 22:45,0,26.8,30.7,96,26.1,992,1.2,124,2.1,10,96,-44.5,314.9,0,0,0,0,0.25,0,n,804,Overcast clouds,c04n,22
2026/8/24 23:00,0,26.7,30.4,96,26,992,1.2,120,2.4,12,96,-47.2,318.4,0,0,0,0,0,0,n,804,Overcast clouds,c04n,23
2026/8/24 23:15,0,26.8,30.7,96,26.1,992,1.2,130,2.4,12,97,-49,323.5,0,0,0,0,0,0,n,804,Overcast clouds,c04n,23
2026/8/24 23:30,0,26.9,30.8,95,26,992,1.2,139,2.4,10,98,-50.8,328.6,0,0,0,0,0,0,n,804,Overcast clouds,c04n,23
2026/8/24 23:45,0,26.9,30.9,94,25.9,992,1.2,148,2.4,10,99,-52.6,333.7,0,0,0,0,0,0,n,804,Overcast clouds,c04n,23
2026/8/25 0:00,0,27,31.2,94,25.9,992,1.2,158,2.4,12,100,-54.5,338.8,0,0,0,0,0,0,n,804,Overcast clouds,c04n,0
2026/8/25 0:15,0,26.8,30.7,95,26,992,1.2,164,2.4,12,100,-55,255.3,0,0,0,0,0,0,n,804,Overcast clouds,c04n,0
2026/8/25 0:30,0,26.7,27.9,96,26,992,1.2,170,2.4,13,99,-55.5,171.7,0,0,0,0,0,0,n,804,Overcast clouds,c04n,0
2026/8/25 0:45,0,26.5,27.7,97,26,992,1.2,176,2.4,13,98,-56,88.2,0,0,0,0,0,0,n,741,Fog,a05n,0
2026/8/25 1:00,0,26.3,27.5,98,26,992,1.2,182,2.4,14,98,-56.5,4.7,0,0,0,0,0,0,n,741,Fog,a05n,1
2026/8/25 1:15,0,26.3,27.5,98,26,992,1.2,183,2.5,14,98,-55.5,10.8,0,0,0,0,0,0,n,741,Fog,a05n,1
2026/8/25 1:30,0.01,26.3,27.5,97,25.8,992,1.2,184,2.6,10,99,-54.5,17,0,0,0,0,0,0,n,741,Fog,a05n,1
2026/8/25 1:45,0,26.3,27.5,96,25.6,992,1.2,185,2.7,10,100,-53.4,23.1,0,0,0,0,0,0,n,804,Overcast clouds,c04n,1
2026/8/25 2:00,0,26.3,27.5,96,25.6,992,1.2,186,2.8,12,100,-52.4,29.2,0,0,0,0,0,0,n,804,Overcast clouds,c04n,2
2026/8/25 2:15,0,26.3,27.5,96,25.6,992,1,182,2.7,12,98,-50.3,33.7,0,0,0,0,0,0,n,804,Overcast clouds,c04n,2
2026/8/25 2:30,0,26.3,27.5,96,25.6,992,0.8,179,2.6,13,97,-48.1,38.2,0,0,0,0,0,0,n,804,Overcast clouds,c04n,2
2026/8/25 2:45,0,26.3,27.5,96,25.6,991,0.6,176,2.5,13,96,-45.9,42.7,0,0,0,0,0,0,n,804,Overcast clouds,c04n,2
2026/8/25 3:00,0,26.3,27.5,96,25.6,991,0.4,172,2.4,14,94,-43.8,47.2,0,0,0,0,0,0,n,804,Overcast clouds,c04n,3
2026/8/25 3:15,0,26.3,27.5,96,25.6,991,0.5,129,2.6,14,90,-41,50.3,0,0,0,0,0,0,n,804,Overcast clouds,c04n,3
2026/8/25 3:30,0,26.3,27.5,96,25.6,992,0.6,86,2.8,10,85,-38.2,53.4,0,0,0,0,0,0,n,804,Overcast clouds,c04n,3
2026/8/25 3:45,0,26.3,27.5,96,25.6,992,0.7,43,3,10,80,-35.4,56.5,0,0,0,0,0,0,n,804,Overcast clouds,c04n,3
2026/8/25 4:00,0,26.3,27.5,96,25.6,992,0.8,0,3.2,10,76,-32.7,59.6,0,0,0,0,0,0,n,804,Overcast clouds,c04n,4
2026/8/25 4:15,0,26.3,27.5,96,25.6,992,1,88,3.5,12,82,-29.5,61.8,0,0,0,0,0,0,n,804,Overcast clouds,c04n,4
2026/8/25 4:30,0,26.3,27.5,96,25.6,992,1.2,175,3.8,10,88,-26.4,64,0,0,0,0,0,0,n,804,Overcast clouds,c04n,4
2026/8/25 4:45,0,26.3,27.5,96,25.6,992,1.4,262,4.1,10,94,-23.3,66.2,0,0,0,0,0,0,n,804,Overcast clouds,c04n,4
2026/8/25 5:00,0,26.3,27.5,96,25.6,992,1.6,350,4.4,10,100,-20.2,68.4,0,0,0,0,0,0,n,804,Overcast clouds,c04n,5
2026/8/25 5:15,0,26.3,27.5,96,25.6,992,1.6,349,4.7,12,99,-16.9,70.1,0,0,0,0,0.25,0,n,804,Overcast clouds,c04n,5
2026/8/25 5:30,0,26.3,27.5,97,25.8,992,1.6,348,5,10,98,-13.6,71.8,0,0,0,0,0.5,0,n,301,Drizzle,d02n,5
2026/8/25 5:45,0,26.3,27.5,98,26,992,1.6,347,5.3,10,98,-10.3,73.6,0,0,0,0,0.25,0,n,741,Fog,a05n,5
2026/8/25 6:00,0,26.3,27.5,98,26,992,1.6,346,5.6,12,97,-7,75.3,0,0,0,0,0,0,n,741,Fog,a05n,6
2026/8/25 6:15,0,26.2,27.4,98,25.9,992,1.6,260,5.7,12,97,-3.7,76.7,18,10,12,0,0,0,d,741,Fog,a05n,6
2026/8/25 6:30,0.49,26.1,27.3,98,25.8,992,1.6,174,5.8,13,98,-0.3,78.2,35,20,22,0,0,0,d,741,Fog,a05n,6
2026/8/25 6:45,1.75,26,27.2,98,25.7,992,1.6,88,5.9,13,98,3.1,79.6,53,30,34,0.7,0,0,d,741,Fog,a05d,6
2026/8/25 7:00,5.12,25.9,27.1,98,25.6,992,1.6,2,6,14,98,6.5,81.1,71,40,45,0.7,0,0,d,741,Fog,a05d,7
2026/8/25 7:15,12.81,25.8,27,98,25.5,992,1.6,8,5.4,14,96,9.9,82.5,128,49,66,0.7,0,0,d,741,Fog,a05d,7
2026/8/25 7:30,9.58,25.8,26.9,98,25.4,992,1.6,13,4.8,15,95,13.4,83.8,185,58,87,0.8,0,0,d,741,Fog,a05d,7
2026/8/25 7:45,9.23,25.7,26.9,98,25.3,992,1.6,18,4.2,15,94,16.8,85.2,242,67,112,0.8,0,0,d,741,Fog,a05d,7
2026/8/25 8:00,18.81,25.6,26.8,98,25.3,992,1.6,24,3.6,15,92,20.3,86.5,299,76,148,0.9,0,0,d,741,Fog,a05d,8
2026/8/25 8:15,0.11,25.7,26.9,98,25.3,992,1.6,22,3.7,16,93,23.7,88,359,81,79,1,0.25,0,d,741,Fog,a05d,8
2026/8/25 8:30,28.7,25.8,26.9,98,25.4,992,1.6,20,3.8,10,94,27.2,89.4,418,87,166,1.1,0.5,0,d,301,Drizzle,d02d,8
2026/8/25 8:45,34.11,25.8,27,98,25.5,992,1.6,18,3.9,10,94,30.6,90.8,478,92,92,1.3,0.25,0,d,741,Fog,a05d,8
2026/8/25 9:00,67.99,25.9,27.1,98,25.6,992,1.6,16,4,12,95,34.1,92.3,538,97,184,1.4,0,0,d,741,Fog,a05d,9
2026/8/25 9:15,39.86,26.7,27.8,94,25.6,992,1.6,16,4.2,12,95,37.5,94,591,101,197,1.6,0,0,d,804,Overcast clouds,c04d,9
2026/8/25 9:30,37.36,27.4,31.9,90,25.6,992,1.6,16,4.4,7,94,41,95.8,644,104,124,1.8,0,0,d,804,Overcast clouds,c04d,9
2026/8/25 9:45,36.7,28.2,33.5,86,25.6,992,1.6,16,4.6,7,94,44.4,97.6,697,107,135,2,0,0,d,804,Overcast clouds,c04d,9
2026/8/25 10:00,41.22,28.9,34.9,82,25.5,992,1.6,16,4.8,7,94,47.9,99.3,750,111,145,2.3,0,0,d,804,Overcast clouds,c04d,10
2026/8/25 10:15,22.38,29.1,35.2,81,25.5,992,1.6,16,5.4,11,95,51.2,102,790,113,132,2.4,0,0,d,804,Overcast clouds,c04d,10
2026/8/25 10:30,57.78,29.3,35.4,80,25.4,993,1.6,17,6,11,96,54.6,104.7,831,115,116,2.6,0,0,d,804,Overcast clouds,c04d,10
2026/8/25 10:45,80.54,29.4,36,80,25.6,993,1.6,18,6.6,12,98,57.9,107.4,872,118,187,2.7,0,0,d,804,Overcast clouds,c04d,10
2026/8/25 11:00,82.19,29.6,36.2,79,25.6,993,1.6,18,7.2,12,99,61.3,110.1,912,120,165,2.9,0,0,d,804,Overcast clouds,c04d,11
2026/8/25 11:15,77.76,29.6,36.5,80,25.8,993,1.5,22,7.2,13,99,64.3,115.9,937,121,167,3,0,0,d,804,Overcast clouds,c04d,11
2026/8/25 11:30,83.12,29.6,36.5,80,25.8,993,1.4,26,7.2,14,100,67.2,121.8,961,122,140,3.1,0,0,d,804,Overcast clouds,c04d,11
2026/8/25 11:45,130.52,29.6,36.5,80,25.8,992,1.3,30,7.2,6,100,70.2,127.6,986,123,141,3.3,0,0,d,804,Overcast clouds,c04d,11
2026/8/25 12:00,129.13,29.6,36.7,81,26,992,1.2,34,7.2,6,100,73.2,133.5,1011,125,143,3.4,0,0,d,804,Overcast clouds,c04d,12
2026/8/25 12:15,103.82,30.2,37.6,78,25.9,992,1.2,50,7.1,6,100,74.3,148.2,1017,125,143,3.5,0,0,d,804,Overcast clouds,c04d,12
2026/8/25 12:30,93.29,30.8,38.7,76,26,992,1.2,66,7,16,99,75.5,162.9,1023,125,174,3.6,0,0,d,804,Overcast clouds,c04d,12
2026/8/25 12:45,29.33,31.3,39.8,74,26.1,992,1.2,82,6.9,16,98,76.6,177.7,1029,125,204,3.7,0,0,d,804,Overcast clouds,c04d,12
2026/8/25 13:00,3.97,31.9,40.5,71,26,991,1.2,98,6.8,16,98,77.7,192.4,1035,126,206,3.7,0,0,d,804,Overcast clouds,c04d,13
2026/8/25 13:15,3.92,32,40.3,70,25.8,991,1.3,117,6.6,16,98,75.6,203.7,1022,125,205,3.7,0,0,d,804,Overcast clouds,c04d,13
2026/8/25 13:30,3.96,32.1,40.6,70,25.9,991,1.4,136,6.4,10,97,73.5,215,1009,125,233,3.7,0,0,d,804,Overcast clouds,c04d,13
2026/8/25 13:45,3.95,32.1,40.8,70,26,991,1.5,155,6.2,10,96,71.4,226.2,996,124,137,3.6,0,0,d,804,Overcast clouds,c04d,13
2026/8/25 14:00,3.93,32.2,40.6,69,25.8,991,1.6,174,6,10,96,69.3,237.5,984,123,136,3.5,0,0,d,804,Overcast clouds,c04d,14
2026/8/25 14:15,54.48,31.9,40.2,70,25.8,991,1.6,166,5.6,12,96,66.1,241.7,953,122,132,3.3,0,0,d,804,Overcast clouds,c04d,14
2026/8/25 14:30,57.99,31.7,39.4,70,25.5,991,1.6,158,5.2,12,96,62.9,245.9,922,120,129,3.2,0,0,d,804,Overcast clouds,c04d,14
2026/8/25 14:45,26.93,31.4,39,71,25.5,991,1.6,150,4.8,13,97,59.7,250.1,892,119,216,2.9,0.25,0,d,804,Overcast clouds,c04d,14
2026/8/25 15:00,68.57,31.1,38.5,72,25.4,990,1.6,142,4.4,13,97,56.6,254.4,861,117,210,2.7,0.5,0,d,301,Drizzle,d02d,15
2026/8/25 15:15,84.8,30.9,38.3,73,25.5,990,1.7,134,4.5,14,98,53.2,256.6,815,115,180,2.4,0.25,0,d,804,Overcast clouds,c04d,15
2026/8/25 15:30,44.66,30.8,38.1,74,25.6,990,1.8,127,4.6,14,98,49.8,258.8,770,112,173,2.2,0,0,d,804,Overcast clouds,c04d,15
2026/8/25 15:45,3.91,30.6,37.9,75,25.6,990,1.9,120,4.7,14,98,46.4,261.1,724,109,166,2,0,0,d,804,Overcast clouds,c04d,15
2026/8/25 16:00,3.88,30.4,37.7,76,25.7,989,2,112,4.8,15,99,43,263.3,678,107,140,1.7,0,0,d,804,Overcast clouds,c04d,16
2026/8/25 16:15,3.91,30.5,37.9,76,25.8,989,1.7,106,4.2,15,99,39.5,264.9,622,103,133,1.6,0,0,d,804,Overcast clouds,c04d,16
2026/8/25 16:30,3.95,30.6,38.1,76,25.8,989,1.4,101,3.6,16,100,36.1,266.5,566,99,109,1.3,0,0,d,804,Overcast clouds,c04d,16
2026/8/25 16:45,53.08,30.6,38.4,76,25.9,989,1.1,96,3,16,100,32.6,268.1,510,95,103,1.2,0,0,d,804,Overcast clouds,c04d,16
2026/8/25 17:00,43.3,30.7,38.6,76,26,989,0.8,90,2.4,16,100,29.1,269.7,454,91,98,1,0,0,d,804,Overcast clouds,c04d,17
2026/8/25 17:15,72.69,30.4,38.1,77,25.9,990,0.9,71,2.3,16,100,25.7,271.1,393,84,90,0.9,0,0,d,804,Overcast clouds,c04d,17
2026/8/25 17:30,34.34,30.2,37.6,78,25.9,990,1,52,2.2,16,100,22.2,272.5,333,78,83,0.8,0,0,d,804,Overcast clouds,c04d,17
2026/8/25 17:45,50.08,29.9,36.7,78,25.6,990,1.1,33,2.1,7,99,18.8,273.9,273,72,85,0.8,0,0,d,804,Overcast clouds,c04d,17
2026/8/25 18:00,3.92,29.6,36.2,79,25.6,990,1.2,14,2,7,99,15.3,275.3,213,66,76,0.7,0,0,d,804,Overcast clouds,c04d,18
2026/8/25 18:15,3.93,29.5,36.2,80,25.7,990,1.2,95,1.9,7,99,11.9,276.6,162,53,60,0.7,0,0,d,804,Overcast clouds,c04d,18
2026/8/25 18:30,4.22,29.5,36,80,25.6,990,1.2,176,1.8,16,99,8.4,278,112,41,46,0.7,0,0,d,804,Overcast clouds,c04d,18
2026/8/25 18:45,3.3,29.4,36,81,25.8,990,1.2,257,1.7,16,99,5,279.4,61,29,31,0.6,0,0,d,804,Overcast clouds,c04d,18
2026/8/25 19:00,1.61,29.3,36.1,82,25.9,990,1.2,338,1.6,16,99,1.6,280.7,11,16,16,0.6,0,0,d,804,Overcast clouds,c04n,19
2026/8/25 19:15,0.19,29.2,35.8,82,25.8,990,1.3,254,1.9,16,99,-1.8,282.3,8,12,12,0,0,0,d,804,Overcast clouds,c04n,19
2026/8/25 19:30,0.01,29.1,35.7,83,25.9,991,1.4,171,2.2,16,99,-5.1,283.8,5,8,8,0,0,0,d,804,Overcast clouds,c04n,19
2026/8/25 19:45,0.01,29,35.6,84,26,991,1.5,88,2.5,16,99,-8.5,285.3,3,4,4,0,0,0,d,804,Overcast clouds,c04n,19
2026/8/25 20:00,0.01,28.9,35.3,84,25.9,991,1.6,4,2.8,16,99,-11.9,286.8,0,0,0,0,0,0,n,804,Overcast clouds,c04n,20
2026/8/25 20:15,0,28.9,35.3,84,25.9,991,1.6,14,3,16,99,-15.1,288.7,0,0,0,0,0,0,n,804,Overcast clouds,c04n,20
2026/8/25 20:30,0.01,28.9,35.3,84,25.9,991,1.6,25,3.2,10,100,-18.4,290.5,0,0,0,0,0,0,n,804,Overcast clouds,c04n,20
2026/8/25 20:45,0.01,28.9,35.3,84,25.9,991,1.6,36,3.4,10,100,-21.6,292.4,0,0,0,0,0,0,n,804,Overcast clouds,c04n,20
2026/8/25 21:00,0,28.9,35.3,84,25.9,991,1.6,46,3.6,10,100,-24.9,294.2,0,0,0,0,0,0,n,804,Overcast clouds,c04n,21
2026/8/25 21:15,0,28.6,34.9,86,26,991,1.6,51,3.5,12,100,-27.9,296.7,0,0,0,0,0,0,n,804,Overcast clouds,c04n,21
2026/8/25 21:30,0,28.4,34.3,87,26,992,1.6,56,3.4,13,100,-30.9,299.1,0,0,0,0,0,0,n,804,Overcast clouds,c04n,21
2026/8/25 21:45,0,28.1,33.6,88,25.9,992,1.6,61,3.3,13,100,-33.9,301.6,0,0,0,0,0,0,n,804,Overcast clouds,c04n,21
2026/8/25 22:00,0,27.8,33.1,90,26,992,1.6,66,3.2,14,100,-37,304.1,0,0,0,0,0,0,n,804,Overcast clouds,c04n,22
2026/8/25 22:15,0,27.7,32.8,90,25.9,992,1.7,67,3.1,14,100,-39.6,307.6,0,0,0,0,0,0,n,804,Overcast clouds,c04n,22
2026/8/25 22:30,0,27.6,32.7,91,26,993,1.8,68,3,14,100,-42.2,311.1,0,0,0,0,0,0,n,804,Overcast clouds,c04n,22
2026/8/25 22:45,0,27.5,32.5,92,26.1,993,1.9,69,2.9,15,99,-44.8,314.6,0,0,0,0,0,0,n,804,Overcast clouds,c04n,22
2026/8/25 23:00,0,27.4,32.2,92,26,993,2,70,2.8,15,99,-47.5,318.2,0,0,0,0,0,0,n,804,Overcast clouds,c04n,23
2026/8/25 23:15,0,27.4,32.2,92,26,993,1.9,66,2.8,16,99,-49.3,323.3,0,0,0,0,0,0,n,804,Overcast clouds,c04n,23
2026/8/25 23:30,0,27.4,32.2,92,26,993,1.8,63,2.8,16,100,-51.1,328.4,0,0,0,0,0,0,n,804,Overcast clouds,c04n,23
2026/8/25 23:45,0,27.4,32.2,92,26,993,1.7,60,2.8,16,100,-53,333.5,0,0,0,0,0,0,n,804,Overcast clouds,c04n,23
2026/8/26 0:00,0,27.4,32.2,92,26,993,1.6,56,2.8,16,100,-54.8,338.7,0,0,0,0,0,0,n,804,Overcast clouds,c04n,0
2026/8/26 0:15,0,27.2,31.6,92,25.8,993,1.6,50,2.8,16,100,-55.3,255.2,0,0,0,0,0,0,n,804,Overcast clouds,c04n,0
2026/8/26 0:30,0,27.1,31.2,93,25.8,993,1.6,44,2.8,5,100,-55.8,171.8,0,0,0,0,0,0,n,804,Overcast clouds,c04n,0
2026/8/26 0:45,0,26.9,30.8,94,25.8,992,1.6,38,2.8,5,100,-56.3,88.3,0,0,0,0,0,0,n,804,Overcast clouds,c04n,0
2026/8/26 1:00,0,26.7,30.2,94,25.7,992,1.6,32,2.8,5,100,-56.9,4.9,0,0,0,0,0,0,n,804,Overcast clouds,c04n,1
2026/8/26 1:15,0,26.7,30.2,94,25.7,992,1.6,30,2.9,9,100,-55.8,11,0,0,0,0,0,0,n,804,Overcast clouds,c04n,1
2026/8/26 1:30,0,26.7,30.3,95,25.8,992,1.6,27,3,10,100,-54.8,17.2,0,0,0,0,0,0,n,804,Overcast clouds,c04n,1
2026/8/26 1:45,0,26.7,30.4,96,26,992,1.6,24,3.1,11,99,-53.7,23.4,0,0,0,0,0,0,n,804,Overcast clouds,c04n,1
2026/8/26 2:00,0,26.7,30.4,96,26,992,1.6,22,3.2,12,99,-52.7,29.6,0,0,0,0,0,0,n,804,Overcast clouds,c04n,2
2026/8/26 2:15,0,26.7,30.4,96,26,992,1.6,22,3.2,13,99,-50.5,34.1,0,0,0,0,0,0,n,804,Overcast clouds,c04n,2
2026/8/26 2:30,0,26.7,30.4,96,26,992,1.6,22,3.2,12,100,-48.3,38.6,0,0,0,0,0,0,n,804,Overcast clouds,c04n,2
2026/8/26 2:45,0,26.7,30.4,96,26,991,1.6,22,3.2,13,100,-46.2,43.1,0,0,0,0,0,0,n,804,Overcast clouds,c04n,2
2026/8/26 3:00,0,26.7,30.4,96,26,991,1.6,22,3.2,14,100,-44,47.6,0,0,0,0,0,0,n,804,Overcast clouds,c04n,3
2026/8/26 3:15,0,26.7,30.4,96,26,991,1.6,22,3.2,14,100,-41.2,50.7,0,0,0,0,0,0,n,804,Overcast clouds,c04n,3
2026/8/26 3:30,0,26.7,30.4,96,26,991,1.6,21,3.2,10,99,-38.4,53.8,0,0,0,0,0,0,n,804,Overcast clouds,c04n,3
2026/8/26 3:45,0,26.7,30.4,96,26,991,1.6,20,3.2,10,98,-35.6,56.9,0,0,0,0,0.25,0,n,804,Overcast clouds,c04n,3
2026/8/26 4:00,0.01,26.7,30.4,96,26,991,1.6,20,3.2,10,98,-32.8,60,0,0,0,0,0.5,0,n,301,Drizzle,d02n,4
2026/8/26 4:15,0,26.7,30.4,96,26,991,1.6,19,3.2,11,98,-29.7,62.2,0,0,0,0,0.75,0,n,301,Drizzle,d02n,4
2026/8/26 4:30,0,26.7,30.4,96,26,991,1.6,18,3.2,13,98,-26.6,64.4,0,0,0,0,1,0,n,500,Light rain,r01n,4
2026/8/26 4:45,0,26.7,30.4,96,26,991,1.6,17,3.2,13,99,-23.4,66.6,0,0,0,0,1.5,0,n,500,Light rain,r01n,4
2026/8/26 5:00,0,26.7,30.4,96,26,991,1.6,16,3.2,13,99,-20.3,68.8,0,0,0,0,2,0,n,500,Light rain,r01n,5
2026/8/26 5:15,0,26.9,31,96,26.2,991,1.6,19,3.1,14,99,-17,70.5,0,0,0,0,2,0,n,500,Light rain,r01n,5
2026/8/26 5:30,0,27.1,31.4,95,26.2,992,1.6,22,3,10,99,-13.7,72.2,0,0,0,0,2,0,n,500,Light rain,r01n,5
2026/8/26 5:45,0,27.2,31.9,94,26.2,992,1.6,25,2.9,10,99,-10.4,73.9,0,0,0,0,2,0,n,500,Light rain,r01n,5
2026/8/26 6:00,0,27.4,32.4,94,26.3,992,1.6,28,2.8,12,99,-7.1,75.6,0,0,0,0,2,0,n,500,Light rain,r01n,6
2026/8/26 6:15,0.01,27.4,32.4,94,26.3,992,1.6,24,2.8,12,98,-3.7,77.1,17,10,10,0,1.5,0,d,500,Light rain,r01n,6
2026/8/26 6:30,2.14,27.4,32.4,94,26.3,992,1.6,21,2.8,13,98,-0.3,78.5,35,20,22,0,1,0,d,500,Light rain,r01n,6
2026/8/26 6:45,5.19,27.4,32.4,94,26.3,992,1.6,18,2.8,13,98,3,80,52,30,33,0.7,0.75,0,d,301,Drizzle,d02d,6
2026/8/26 7:00,10.07,27.4,32.4,94,26.3,992,1.6,14,2.8,14,97,6.4,81.4,70,40,46,0.7,0.5,0,d,301,Drizzle,d02d,7
2026/8/26 7:15,20.88,27.4,32.4,94,26.3,992,1.5,100,3,14,96,9.9,82.8,127,49,65,0.7,0.5,0,d,301,Drizzle,d02d,7
2026/8/26 7:30,18.63,27.4,32.6,95,26.5,992,1.4,185,3.2,10,96,13.3,84.2,184,58,81,0.7,0.5,0,d,301,Drizzle,d02d,7
2026/8/26 7:45,29.93,27.4,32.7,96,26.7,992,1.3,270,3.4,10,96,16.8,85.6,241,67,97,0.8,0.5,0,d,301,Drizzle,d02d,7
2026/8/26 8:00,22.85,27.4,32.7,96,26.7,992,1.2,356,3.6,10,95,20.2,86.9,298,76,122,0.9,0.5,0,d,301,Drizzle,d02d,8
2026/8/26 8:15,33.98,27.6,33.2,95,26.7,992,1.2,354,4,12,95,23.7,88.4,358,81,136,1,0.5,0,d,301,Drizzle,d02d,8
2026/8/26 8:30,47.18,27.8,33.6,94,26.7,993,1.2,353,4.4,13,94,27.1,89.8,418,87,163,1.1,0.5,0,d,301,Drizzle,d02d,8
2026/8/26 8:45,65.47,27.9,34,93,26.7,993,1.2,352,4.8,13,94,30.6,91.3,477,92,90,1.3,0.25,0,d,804,Overcast clouds,c04d,8
2026/8/26 9:00,57.65,28.1,34.4,92,26.7,993,1.2,350,5.2,14,94,34.1,92.7,537,97,101,1.4,0,0,d,804,Overcast clouds,c04d,9
2026/8/26 9:15,79.66,28.7,35.7,89,26.7,993,1.4,352,5.3,14,93,37.5,94.5,590,101,126,1.6,0,0,d,804,Overcast clouds,c04d,9
2026/8/26 9:30,113.89,29.3,36.9,86,26.7,993,1.6,353,5.4,15,92,40.9,96.3,643,104,154,1.9,0,0,d,804,Overcast clouds,c04d,9
2026/8/26 9:45,0,29.8,38.3,84,26.8,993,1.8,354,5.5,15,90,44.4,98.1,696,107,200,2.2,0,0,d,804,Overcast clouds,c04d,9
2026/8/26 10:00,74.62,30.4,39.2,81,26.8,993,2,356,5.6,16,89,47.8,99.8,749,111,233,2.5,0,0,d,804,Overcast clouds,c04d,10
2026/8/26 10:15,94.19,30.5,39.5,81,26.8,993,2,357,5.7,16,91,51.1,102.6,790,113,208,2.6,0,0,d,804,Overcast clouds,c04d,10
2026/8/26 10:30,93.39,30.6,39.7,81,26.9,993,2,358,5.8,10,93,54.5,105.3,830,115,177,2.8,0,0,d,804,Overcast clouds,c04d,10
2026/8/26 10:45,124.18,30.6,40,81,27,993,2,359,5.9,10,95,57.8,108.1,871,118,139,2.9,0,0,d,804,Overcast clouds,c04d,10
2026/8/26 11:00,119.46,30.7,40.2,81,27.1,993,2,360,6,10,97,61.2,110.8,912,120,212,3,0,0,d,804,Overcast clouds,c04d,11
2026/8/26 11:15,118.97,30.8,40.2,80,26.9,993,1.8,274,5.9,12,98,64.1,116.7,936,121,189,3.1,0,0,d,804,Overcast clouds,c04d,11
2026/8/26 11:30,102.7,30.9,39.9,78,26.6,993,1.6,188,5.8,10,98,67.1,122.6,961,122,193,3.3,0,0,d,804,Overcast clouds,c04d,11
2026/8/26 11:45,53.53,31,39.8,77,26.5,993,1.4,102,5.7,10,99,70,128.5,985,123,168,3.3,0,0,d,804,Overcast clouds,c04d,11
2026/8/26 12:00,12.36,31.1,39.8,76,26.4,993,1.2,16,5.6,9,100,73,134.4,1010,125,141,3.4,0,0,d,804,Overcast clouds,c04d,12
2026/8/26 12:15,7.63,31.2,40.1,76,26.5,993,1.1,27,5.4,9,100,74.1,148.9,1016,125,141,3.5,0,0,d,804,Overcast clouds,c04d,12
2026/8/26 12:30,3.92,31.3,40.1,75,26.3,993,1,38,5.2,13,100,75.2,163.4,1022,125,141,3.5,0,0,d,804,Overcast clouds,c04d,12
2026/8/26 12:45,96.43,31.4,40,74,26.2,993,0.9,49,5,13,99,76.3,177.9,1028,125,173,3.6,0,0,d,804,Overcast clouds,c04d,12
2026/8/26 13:00,99.99,31.5,40.3,74,26.3,992,0.8,60,4.8,14,99,77.4,192.4,1034,126,174,3.7,0,0,d,804,Overcast clouds,c04d,13
2026/8/26 13:15,56.47,31.7,40.9,74,26.5,992,0.8,127,4.8,14,99,75.3,203.5,1021,125,172,3.6,0,0,d,804,Overcast clouds,c04d,13
2026/8/26 13:30,4.94,31.9,41.4,74,26.6,992,0.8,194,4.8,10,99,73.2,214.6,1008,124,169,3.5,0,0,d,804,Overcast clouds,c04d,13
2026/8/26 13:45,3.95,32,41.6,73,26.6,992,0.8,261,4.8,10,99,71.1,225.7,995,124,169,3.4,0,0,d,804,Overcast clouds,c04d,13
2026/8/26 14:00,3.97,32.2,42.2,73,26.7,992,0.8,328,4.8,10,99,69,236.8,982,123,166,3.3,0,0,d,804,Overcast clouds,c04d,14
2026/8/26 14:15,92.6,32.2,41.8,72,26.5,992,0.9,334,4.9,12,96,65.8,241.1,951,122,129,3.3,0,0,d,804,Overcast clouds,c04d,14
2026/8/26 14:30,83.58,32.2,41.8,72,26.5,992,1,339,5,10,92,62.7,245.3,920,120,221,3.4,0,0,d,804,Overcast clouds,c04d,14
2026/8/26 14:45,39.41,32.2,41.8,72,26.5,992,1.1,344,5.1,10,89,59.5,249.6,890,119,279,3.4,0,0,d,804,Overcast clouds,c04d,14
2026/8/26 15:00,0,32.2,41.4,71,26.3,991,1.2,350,5.2,10,86,56.4,253.8,859,117,327,3.3,0,0,d,804,Overcast clouds,c04d,15
2026/8/26 15:15,0,31.8,40.6,72,26.1,991,1.2,345,5.1,12,89,53,256.1,813,114,256,2.9,0,0,d,804,Overcast clouds,c04d,15
2026/8/26 15:30,0,31.5,40.2,74,26.2,991,1.2,340,5,10,92,49.6,258.4,767,112,186,2.5,0,0,d,804,Overcast clouds,c04d,15
2026/8/26 15:45,109.38,31.1,39.7,76,26.3,991,1.2,335,4.9,10,94,46.2,260.6,722,109,137,2.1,0.25,0,d,804,Overcast clouds,c04d,15
2026/8/26 16:00,30.5,30.7,38.9,77,26.2,991,1.2,330,4.8,12,97,42.8,262.9,676,107,177,1.8,0.5,0,d,301,Drizzle,d02d,16
2026/8/26 16:15,23.32,30.6,39,78,26.3,991,1.4,330,4.5,12,97,39.3,264.5,620,102,166,1.6,0.75,0,d,301,Drizzle,d02d,16
2026/8/26 16:30,30.44,30.6,38.8,78,26.3,991,1.6,330,4.2,13,98,35.9,266.1,563,98,140,1.4,1,0,d,500,Light rain,r01d,16
2026/8/26 16:45,24.56,30.5,38.5,78,26.2,991,1.8,330,3.9,13,98,32.4,267.7,507,94,120,1.2,1.25,0,d,500,Light rain,r01d,16
2026/8/26 17:00,20.78,30.4,38.6,79,26.3,991,2,330,3.6,14,98,29,269.4,451,90,110,1.1,1.5,0,d,500,Light rain,r01d,17
2026/8/26 17:15,22.98,29.9,37.7,81,26.3,991,1.7,261,3.4,14,98,25.5,270.8,390,84,102,1,1.25,0,d,500,Light rain,r01d,17
2026/8/26 17:30,25.57,29.5,37,84,26.5,991,1.4,192,3.2,15,99,22,272.1,330,78,92,0.8,1,0,d,500,Light rain,r01d,17
2026/8/26 17:45,16.12,29,36,86,26.4,991,1.1,123,3,15,100,18.6,273.5,270,72,75,0.8,0.75,0,d,301,Drizzle,d02d,17
2026/8/26 18:00,14.61,28.5,35,88,26.3,991,0.8,54,2.8,15,100,15.1,274.9,210,65,67,0.7,0.5,0,d,301,Drizzle,d02d,18
2026/8/26 18:15,11.17,28.5,35,88,26.3,991,0.8,76,2.7,16,100,11.7,276.3,160,53,55,0.7,0.75,0,d,231,Thunderstorm with drizzle,t04d,18
2026/8/26 18:30,6.09,28.5,35,88,26.3,991,0.8,97,2.6,10,99,8.3,277.7,109,40,44,0.7,1,0,d,200,Thunderstorm with light rain,t01d,18
2026/8/26 18:45,5.2,28.5,35,88,26.3,991,0.8,118,2.5,10,98,4.8,279.1,59,28,28,0.7,1.5,0,d,200,Thunderstorm with light rain,t01d,18
2026/8/26 19:00,0.96,28.5,35,88,26.3,991,0.8,140,2.4,12,98,1.4,280.5,9,15,13,0.7,2,0,d,200,Thunderstorm with light rain,t01n,19
2026/8/26 19:15,0.04,28.5,35,88,26.3,991,0.9,140,2.4,12,98,-2,282,7,11,10,0,2,0,d,200,Thunderstorm with light rain,t01n,19
2026/8/26 19:30,0,28.5,35.2,89,26.5,992,1,141,2.4,13,99,-5.4,283.5,5,7,6,0,2,0,d,500,Light rain,r01n,19
2026/8/26 19:45,0,28.5,35.4,90,26.7,992,1.1,142,2.4,13,100,-8.7,285,2,4,3,0,3,0,d,500,Light rain,r01n,19
2026/8/26 20:00,0.03,28.5,35.4,90,26.7,992,1.2,142,2.4,14,100,-12.1,286.5,0,0,0,0,4,0,n,501,Moderate rain,r02n,20
2026/8/26 20:15,0.04,28.4,35,90,26.6,992,1.3,144,2.7,14,100,-15.3,288.4,0,0,0,0,4,0,n,501,Moderate rain,r02n,20
2026/8/26 20:30,0.03,28.3,34.7,90,26.5,992,1.4,147,3,14,100,-18.6,290.2,0,0,0,0,4,0,n,501,Moderate rain,r02n,20
2026/8/26 20:45,0.03,28.2,34.4,90,26.4,992,1.5,150,3.3,15,100,-21.8,292.1,0,0,0,0,3.25,0,n,500,Light rain,r01n,20
2026/8/26 21:00,0.03,28.1,34.1,90,26.3,992,1.6,152,3.6,15,100,-25.1,293.9,0,0,0,0,2.5,0,n,500,Light rain,r01n,21
2026/8/26 21:15,0.03,28,33.8,90,26.2,993,1.5,156,3.2,16,100,-28.1,296.4,0,0,0,0,1.75,0,n,500,Light rain,r01n,21
2026/8/26 21:30,0.03,28,33.8,91,26.3,993,1.4,159,2.8,10,100,-31.2,298.9,0,0,0,0,1,0,n,500,Light rain,r01n,21
2026/8/26 21:45,0.04,27.9,33.7,92,26.5,994,1.3,162,2.4,10,99,-34.2,301.3,0,0,0,0,0.5,0,n,301,Drizzle,d02n,21
2026/8/26 22:00,0.05,27.8,33.4,92,26.4,994,1.2,166,2,12,99,-37.3,303.8,0,0,0,0,0,0,n,804,Overcast clouds,c04n,22
2026/8/26 22:15,0.03,27.7,33.1,92,26.3,994,1.2,158,1.9,12,99,-39.9,307.3,0,0,0,0,0,0,n,804,Overcast clouds,c04n,22
2026/8/26 22:30,0.02,27.6,33,93,26.4,994,1.2,151,1.8,10,100,-42.5,310.8,0,0,0,0,0,0,n,804,Overcast clouds,c04n,22
2026/8/26 22:45,0.04,27.5,32.8,94,26.4,994,1.2,144,1.7,10,100,-45.1,314.4,0,0,0,0,0,0,n,804,Overcast clouds,c04n,22
2026/8/26 23:00,0.02,27.4,32.4,94,26.3,994,1.2,136,1.6,12,100,-47.8,317.9,0,0,0,0,0,0,n,804,Overcast clouds,c04n,23
2026/8/26 23:15,0.02,27.3,32.1,94,26.2,994,1.2,137,1.5,12,100,-49.6,323.1,0,0,0,0,0,0,n,804,Overcast clouds,c04n,23
2026/8/26 23:30,0.04,27.2,31.9,95,26.3,994,1.2,138,1.4,13,100,-51.5,328.2,0,0,0,0,0,0,n,804,Overcast clouds,c04n,23
2026/8/26 23:45,0.02,27.1,31.7,96,26.4,994,1.2,139,1.3,13,99,-53.3,333.4,0,0,0,0,0.25,0,n,804,Overcast clouds,c04n,23
2026/8/27 0:00,0.01,27,31.4,96,26.3,994,1.2,140,1.2,14,99,-55.2,338.6,0,0,0,0,0.5,0,n,301,Drizzle,d02n,0
2026/8/27 0:15,0.01,26.9,31.1,96,26.2,994,1.2,159,1.2,14,99,-55.7,255.2,0,0,0,0,0.5,0,n,301,Drizzle,d02n,0
2026/8/27 0:30,0.01,26.9,31,97,26.3,994,1.2,178,1.2,15,100,-56.2,171.8,0,0,0,0,0.5,0,n,301,Drizzle,d02n,0
2026/8/27 0:45,0.01,26.8,30.8,98,26.4,994,1.2,197,1.2,15,100,-56.7,88.4,0,0,0,0,0.25,0,n,741,Fog,a05n,0
2026/8/27 1:00,0.01,26.7,30.6,98,26.4,994,1.2,216,1.2,16,100,-57.2,5,0,0,0,0,0,0,n,741,Fog,a05n,1
2026/8/27 1:15,0.01,26.7,30.6,98,26.4,994,1.2,231,1.3,16,100,-56.1,11.3,0,0,0,0,0,0,n,741,Fog,a05n,1
2026/8/27 1:30,0.01,26.7,30.6,98,26.4,994,1.2,246,1.4,16,100,-55.1,17.5,0,0,0,0,0,0,n,741,Fog,a05n,1
2026/8/27 1:45,0.01,26.7,30.6,98,26.4,994,1.2,261,1.5,16,100,-54,23.7,0,0,0,0,0,0,n,741,Fog,a05n,1
2026/8/27 2:00,0.01,26.7,30.6,98,26.4,994,1.2,276,1.6,16,100,-53,29.9,0,0,0,0,0,0,n,741,Fog,a05n,2
2026/8/27 2:15,0.01,26.7,30.6,98,26.4,994,1.2,276,1.7,16,100,-50.8,34.5,0,0,0,0,0,0,n,741,Fog,a05n,2
2026/8/27 2:30,0.01,26.7,30.6,98,26.4,994,1.2,276,1.8,10,100,-48.6,39,0,0,0,0,0,0,n,741,Fog,a05n,2
2026/8/27 2:45,0.01,26.7,30.6,98,26.4,993,1.2,276,1.9,10,100,-46.4,43.5,0,0,0,0,0,0,n,741,Fog,a05n,2
2026/8/27 3:00,0.01,26.7,30.6,98,26.4,993,1.2,276,2,10,100,-44.2,48,0,0,0,0,0,0,n,741,Fog,a05n,3
2026/8/27 3:15,0.01,26.7,30.6,98,26.4,993,1.2,280,2.2,12,100,-41.4,51.1,0,0,0,0,0,0,n,741,Fog,a05n,3
2026/8/27 3:30,0,26.7,30.6,98,26.4,993,1.2,283,2.4,6,100,-38.6,54.2,0,0,0,0,0,0,n,741,Fog,a05n,3
2026/8/27 3:45,0.01,26.7,30.6,98,26.4,993,1.2,286,2.6,5,100,-35.8,57.3,0,0,0,0,0,0,n,741,Fog,a05n,3
2026/8/27 4:00,0,26.7,30.6,98,26.4,993,1.2,290,2.8,5,100,-32.9,60.3,0,0,0,0,0,0,n,741,Fog,a05n,4
2026/8/27 4:15,0,26.7,30.6,98,26.4,993,1.2,294,2.7,4,100,-29.8,62.5,0,0,0,0,0.25,0,n,741,Fog,a05n,4
2026/8/27 4:30,0,26.7,30.6,98,26.4,993,1.2,297,2.6,10,100,-26.7,64.7,0,0,0,0,0.5,0,n,301,Drizzle,d02n,4
2026/8/27 4:45,0.01,26.7,30.6,98,26.4,993,1.2,300,2.5,10,100,-23.6,66.9,0,0,0,0,0.25,0,n,741,Fog,a05n,4
2026/8/27 5:00,0.01,26.7,30.6,98,26.4,993,1.2,304,2.4,10,100,-20.4,69.1,0,0,0,0,0,0,n,741,Fog,a05n,5
2026/8/27 5:15,0.01,26.9,31.1,97,26.4,993,1.1,286,2.1,9,100,-17.1,70.8,0,0,0,0,0,0,n,741,Fog,a05n,5
2026/8/27 5:30,0.01,27.1,31.5,96,26.4,993,1,268,1.8,13,100,-13.8,72.6,0,0,0,0,0,0,n,804,Overcast clouds,c04n,5
2026/8/27 5:45,0.01,27.2,32,95,26.4,993,0.9,250,1.5,13,100,-10.5,74.3,0,0,0,0,0,0,n,804,Overcast clouds,c04n,5
2026/8/27 6:00,0.01,27.4,32.4,94,26.3,993,0.8,232,1.2,14,100,-7.2,76,0,0,0,0,0,0,n,804,Overcast clouds,c04n,6
2026/8/27 6:15,0.02,27.4,32.4,94,26.3,993,0.8,245,1.4,14,100,-3.8,77.4,17,10,10,0,0,0,d,804,Overcast clouds,c04n,6
2026/8/27 6:30,0.01,27.4,32.3,93,26.2,994,0.8,258,1.6,16,100,-0.4,78.9,35,20,20,0,0,0,d,804,Overcast clouds,c04n,6
2026/8/27 6:45,2.22,27.4,32.2,92,26,994,0.8,271,1.8,3,100,3,80.3,52,30,30,0.6,0,0,d,804,Overcast clouds,c04d,6
2026/8/27 7:00,5.01,27.4,32.2,92,26,994,0.8,284,2,3,100,6.4,81.8,69,39,39,0.6,0,0,d,804,Overcast clouds,c04d,7
2026/8/27 7:15,1.71,27.3,32,93,26.1,994,1,289,2.2,3,100,9.8,83.2,126,49,45,0.7,1.25,0,d,500,Light rain,r01d,7
2026/8/27 7:30,12.8,27.2,31.8,94,26.1,994,1.2,294,2.4,8,100,13.3,84.5,183,58,49,0.7,2.5,0,d,500,Light rain,r01d,7
2026/8/27 7:45,8.15,27.1,31.6,95,26.2,994,1.4,299,2.6,8,100,16.7,85.9,240,67,57,0.7,2.5,0,d,500,Light rain,r01d,7
2026/8/27 8:00,12.18,27,31.4,96,26.3,994,1.6,304,2.8,8,100,20.2,87.3,297,76,64,0.8,2.5,0,d,500,Light rain,r01d,8
2026/8/27 8:15,9.54,27,31.4,96,26.3,994,1.6,304,3,11,100,23.6,88.8,357,81,64,0.9,3.75,0,d,500,Light rain,r01d,8
2026/8/27 8:30,16.2,27,31.4,96,26.3,994,1.6,303,3.2,6,100,27.1,90.2,417,86,62,1,5,0,d,501,Moderate rain,r02d,8
2026/8/27 8:45,15.32,27,31.4,96,26.3,994,1.6,302,3.4,6,100,30.5,91.7,477,92,69,1.1,4.5,0,d,501,Moderate rain,r02d,8
2026/8/27 9:00,8.54,27,31.4,96,26.3,994,1.6,302,3.6,6,100,34,93.1,536,97,75,1.3,4,0,d,501,Moderate rain,r02d,9
2026/8/27 9:15,5.68,27.3,32.2,95,26.4,994,1.4,302,3.6,10,100,37.4,94.9,589,101,77,1.4,4.25,0,d,501,Moderate rain,r02d,9
2026/8/27 9:30,7.54,27.6,32.9,94,26.5,995,1.2,303,3.6,10,100,40.9,96.7,642,104,78,1.6,4.5,0,d,501,Moderate rain,r02d,9
2026/8/27 9:45,9.9,27.8,33.7,93,26.6,995,1,304,3.6,12,100,44.3,98.6,695,107,85,1.8,3.5,0,d,500,Light rain,r01d,9
2026/8/27 10:00,11.95,28.1,34.4,92,26.7,995,0.8,304,3.6,13,100,47.7,100.4,749,111,94,2,2.5,0,d,500,Light rain,r01d,10
2026/8/27 10:15,29.33,28.4,35,90,26.6,995,0.9,299,3.6,13,100,51.1,103.1,789,113,101,2.2,2,0,d,500,Light rain,r01d,10
2026/8/27 10:30,56.1,28.7,35.8,89,26.7,995,1,294,3.6,14,100,54.4,105.9,830,115,109,2.4,1.5,0,d,500,Light rain,r01d,10
2026/8/27 10:45,51.83,29,36.6,88,26.8,995,1.1,289,3.6,15,100,57.7,108.7,870,118,115,2.6,1.25,0,d,500,Light rain,r01d,10
2026/8/27 11:00,59.37,29.3,37.1,86,26.7,995,1.2,284,3.6,16,100,61.1,111.5,911,120,132,2.8,1,0,d,500,Light rain,r01d,11
2026/8/27 11:15,61.81,29.2,36.7,86,26.6,995,1.3,290,3.7,16,100,64,117.5,936,121,134,3,1,0,d,500,Light rain,r01d,11
2026/8/27 11:30,82.29,29.1,36.7,87,26.7,995,1.4,296,3.8,10,100,66.9,123.5,960,122,135,3.1,1,0,d,500,Light rain,r01d,11
2026/8/27 11:45,71.77,29,36.6,88,26.8,995,1.5,302,3.9,10,100,69.8,129.4,984,123,136,3.3,1,0,d,200,Thunderstorm with light rain,t01d,11
2026/8/27 12:00,14.55,28.9,36.3,88,26.7,995,1.6,308,4,10,100,72.8,135.4,1009,125,139,3.4,1,0,d,200,Thunderstorm with light rain,t01d,12
2026/8/27 12:15,11.94,28.8,36.2,89,26.8,995,1.5,315,3.8,9,100,73.8,149.7,1015,125,139,3.4,0.75,0,d,231,Thunderstorm with drizzle,t04d,12
2026/8/27 12:30,25.88,28.7,36,90,26.9,995,1.4,322,3.6,9,100,74.9,163.9,1021,125,138,3.5,0.5,0,d,231,Thunderstorm with drizzle,t04d,12
2026/8/27 12:45,21.51,28.6,35.9,91,27,994,1.3,329,3.4,13,100,76,178.2,1027,125,138,3.5,0.25,0,d,804,Overcast clouds,c04d,12
2026/8/27 13:00,25.2,28.5,35.8,92,27.1,994,1.2,336,3.2,13,100,77,192.4,1033,126,138,3.6,0,0,d,804,Overcast clouds,c04d,13
2026/8/27 13:15,25.43,28.5,35.6,91,26.9,994,1.2,262,3.3,14,100,74.9,203.4,1019,125,138,3.5,0,0,d,804,Overcast clouds,c04d,13
2026/8/27 13:30,44.39,28.5,35.4,90,26.7,994,1.2,189,3.4,15,100,72.9,214.3,1006,124,138,3.4,0,0,d,804,Overcast clouds,c04d,13
2026/8/27 13:45,56.11,28.5,35.2,89,26.5,993,1.2,116,3.5,15,100,70.8,225.2,993,124,139,3.3,0,0,d,804,Overcast clouds,c04d,13
2026/8/27 14:00,50.83,28.5,35,88,26.3,993,1.2,42,3.6,16,100,68.7,236.2,980,123,138,3.2,0,0,d,804,Overcast clouds,c04d,14
2026/8/27 14:15,57.52,28.5,35,88,26.3,993,1.3,44,3.5,16,100,65.6,240.5,949,122,137,3,0,0,d,804,Overcast clouds,c04d,14
2026/8/27 14:30,43.01,28.5,35,88,26.3,993,1.4,47,3.4,10,100,62.4,244.8,919,120,134,2.9,0,0,d,804,Overcast clouds,c04d,14
2026/8/27 14:45,42.09,28.5,35,88,26.3,992,1.5,50,3.3,10,100,59.3,249,888,119,133,2.7,0.25,0,d,804,Overcast clouds,c04d,14
2026/8/27 15:00,30.71,28.5,35,88,26.3,992,1.6,52,3.2,10,100,56.1,253.3,857,117,130,2.5,0.5,0,d,231,Thunderstorm with drizzle,t04d,15
2026/8/27 15:15,16.77,28.2,34.3,89,26.2,992,1.4,42,3,12,100,52.7,255.6,811,114,127,2.3,0.25,0,d,804,Overcast clouds,c04d,15
2026/8/27 15:30,17.87,28,33.6,90,26.2,992,1.2,32,2.8,10,100,49.4,257.9,765,112,124,2.1,0,0,d,804,Overcast clouds,c04d,15
2026/8/27 15:45,43.99,27.7,32.9,91,26.1,992,1,22,2.6,10,100,46,260.2,719,109,121,1.9,0,0,d,804,Overcast clouds,c04d,15
2026/8/27 16:00,52.54,27.4,32.2,92,26,992,0.8,12,2.4,12,100,42.6,262.5,673,106,117,1.7,0,0,d,804,Overcast clouds,c04d,16
2026/8/27 16:15,63.05,27.5,32.3,91,25.9,992,0.8,97,2.2,12,100,39.1,264.1,617,102,112,1.5,0,0,d,804,Overcast clouds,c04d,16
2026/8/27 16:30,67.19,27.6,32.5,90,25.8,992,0.8,182,2,13,100,35.7,265.8,560,98,107,1.3,0,0,d,804,Overcast clouds,c04d,16
2026/8/27 16:45,68.37,27.7,32.7,89,25.7,992,0.8,267,1.8,13,100,32.2,267.4,504,94,103,1.2,0,0,d,804,Overcast clouds,c04d,16
2026/8/27 17:00,37.04,27.8,32.8,88,25.6,992,0.8,352,1.6,14,100,28.8,269,448,90,98,1,0,0,d,804,Overcast clouds,c04d,17
2026/8/27 17:15,60.73,27.2,31.3,91,25.6,992,0.7,290,1.6,14,100,25.3,270.4,387,84,91,0.9,0,0,d,804,Overcast clouds,c04d,17
2026/8/27 17:30,42.28,26.5,27.7,94,25.5,992,0.6,227,1.6,15,100,21.8,271.8,327,77,83,0.8,0,0,d,804,Overcast clouds,c04d,17
2026/8/27 17:45,32.48,25.9,27,97,25.3,992,0.5,164,1.6,15,100,18.4,273.2,267,71,75,0.8,0,0,d,741,Fog,a05d,17
2026/8/27 18:00,25.63,25.2,26.4,100,25.2,992,0.4,102,1.6,16,100,14.9,274.6,207,65,68,0.7,0,0,d,741,Fog,a05d,18
2026/8/27 18:15,15.64,25.3,26.5,100,25.3,992,0.5,117,1.5,16,100,11.5,276,157,52,54,0.7,0,0,d,741,Fog,a05d,18
2026/8/27 18:30,11.38,25.4,26.6,99,25.2,992,0.6,132,1.4,10,100,8.1,277.4,107,39,41,0.6,0,0,d,741,Fog,a05d,18
2026/8/27 18:45,4.63,25.5,26.7,98,25.2,992,0.7,147,1.3,10,100,4.6,278.8,57,26,27,0.6,0,0,d,741,Fog,a05d,18
2026/8/27 19:00,2.02,25.6,26.8,98,25.3,992,0.8,162,1.2,10,100,1.2,280.2,8,14,14,0.6,0,0,d,741,Fog,a05n,19
2026/8/27 19:15,0.09,25.6,26.8,98,25.3,992,0.9,166,1.1,12,100,-2.2,281.7,6,10,10,0,0,0,d,741,Fog,a05n,19
2026/8/27 19:30,0,25.6,26.8,98,25.3,993,1,170,1,13,100,-5.6,283.2,4,7,7,0,0,0,d,741,Fog,a05n,19
2026/8/27 19:45,0,25.6,26.8,98,25.3,993,1.1,174,1.1,13,100,-8.9,284.7,2,3,3,0,0,0,d,741,Fog,a05n,19
2026/8/27 20:00,0,25.6,26.8,98,25.3,993,1.2,178,1.2,14,100,-12.3,286.2,0,0,0,0,0,0,n,741,Fog,a05n,20
2026/8/27 20:15,0,25.6,26.8,98,25.3,993,1.1,182,1.1,14,100,-15.6,288.1,0,0,0,0,0,0,n,741,Fog,a05n,20
2026/8/27 20:30,0,25.6,26.8,98,25.3,994,1,187,1,15,100,-18.8,289.9,0,0,0,0,0,0,n,741,Fog,a05n,20
2026/8/27 20:45,0,25.6,26.8,98,25.3,994,0.9,192,0.9,15,100,-22.1,291.8,0,0,0,0,0,0,n,741,Fog,a05n,20
2026/8/27 21:00,0,25.6,26.8,98,25.3,994,0.8,196,0.8,16,100,-25.3,293.6,0,0,0,0,0,0,n,741,Fog,a05n,21
2026/8/27 21:15,0,25.6,26.8,98,25.3,994,0.8,204,0.8,16,100,-28.4,296.1,0,0,0,0,0,0,n,741,Fog,a05n,21
2026/8/27 21:30,0,25.6,26.8,99,25.4,995,0.8,213,0.8,16,100,-31.4,298.6,0,0,0,0,0,0,n,741,Fog,a05n,21
2026/8/27 21:45,0,25.6,26.8,100,25.6,995,0.8,222,0.8,16,100,-34.5,301,0,0,0,0,0,0,n,741,Fog,a05n,21
2026/8/27 22:00,0,25.6,26.8,100,25.6,995,0.8,230,0.8,16,100,-37.5,303.5,0,0,0,0,0,0,n,741,Fog,a05n,22
2026/8/27 22:15,0,25.6,26.8,100,25.6,995,0.7,241,0.9,16,100,-40.2,307,0,0,0,0,0,0,n,741,Fog,a05n,22
2026/8/27 22:30,0,25.6,26.8,100,25.6,995,0.6,252,1,10,100,-42.8,310.6,0,0,0,0,0,0,n,741,Fog,a05n,22
2026/8/27 22:45,0,25.6,26.8,100,25.6,995,0.5,263,1.1,10,100,-45.5,314.1,0,0,0,0,0,0,n,741,Fog,a05n,22
2026/8/27 23:00,0,25.6,26.8,100,25.6,995,0.4,274,1.2,10,100,-48.1,317.7,0,0,0,0,0,0,n,741,Fog,a05n,23
2026/8/27 23:15,0,25.6,26.8,100,25.6,995,0.5,272,1.2,10,100,-50,322.9,0,0,0,0,0,0,n,741,Fog,a05n,23
2026/8/27 23:30,0,25.6,26.8,100,25.6,996,0.6,271,1.2,10,100,-51.8,328.1,0,0,0,0,0,0,n,741,Fog,a05n,23
2026/8/27 23:45,0,25.6,26.8,100,25.6,996,0.7,270,1.2,10,100,-53.7,333.3,0,0,0,0,0,0,n,741,Fog,a05n,23
2026/8/28 0:00,0,25.6,26.8,100,25.6,996,0.8,268,1.2,10,100,-55.5,338.5,0,0,0,0,0,0,n,741,Fog,a05n,0
2026/8/28 0:15,0,25.6,26.8,100,25.6,996,0.8,267,1.1,10,100,-56,255.2,0,0,0,0,0,0,n,741,Fog,a05n,0
2026/8/28 0:30,0,25.6,26.8,100,25.6,996,0.8,266,1,10,100,-56.5,171.9,0,0,0,0,0,0,n,741,Fog,a05n,0
2026/8/28 0:45,0,25.6,26.8,100,25.6,995,0.8,265,0.9,10,100,-57,88.5,0,0,0,0,0,0,n,741,Fog,a05n,0
2026/8/28 1:00,0,25.6,26.8,100,25.6,995,0.8,264,0.8,10,100,-57.5,5.2,0,0,0,0,0,0,n,741,Fog,a05n,1
2026/8/28 1:15,0,25.7,26.9,100,25.7,995,0.8,262,0.9,12,100,-56.5,11.5,0,0,0,0,0,0,n,741,Fog,a05n,1
2026/8/28 1:30,0,25.8,27,100,25.8,995,0.8,261,1,10,100,-55.4,17.8,0,0,0,0,0,0,n,741,Fog,a05n,1
2026/8/28 1:45,0,25.8,27.1,100,25.8,994,0.8,260,1.1,10,100,-54.3,24,0,0,0,0,0,0,n,741,Fog,a05n,1
2026/8/28 2:00,0,25.9,27.2,100,25.9,994,0.8,258,1.2,10,100,-53.3,30.3,0,0,0,0,0,0,n,741,Fog,a05n,2
2026/8/28 2:15,0,25.9,27.2,100,25.9,994,0.8,263,1.4,12,100,-51,34.9,0,0,0,0,0,0,n,741,Fog,a05n,2
2026/8/28 2:30,0,25.9,27.2,100,25.9,994,0.8,268,1.6,10,100,-48.8,39.4,0,0,0,0,0,0,n,741,Fog,a05n,2
2026/8/28 2:45,0,25.9,27.2,100,25.9,994,0.8,273,1.8,10,100,-46.6,43.9,0,0,0,0,0,0,n,741,Fog,a05n,2
2026/8/28 3:00,0,25.9,27.2,100,25.9,994,0.8,278,2,12,100,-44.4,48.5,0,0,0,0,0,0,n,741,Fog,a05n,3
2026/8/28 3:15,0,25.9,27.2,100,25.9,994,0.8,282,2,12,100,-41.6,51.5,0,0,0,0,0,0,n,741,Fog,a05n,3
2026/8/28 3:30,0,25.9,27.1,99,25.7,994,0.8,286,2,12,100,-38.7,54.6,0,0,0,0,0,0,n,741,Fog,a05n,3
2026/8/28 3:45,0,25.9,27.1,98,25.6,994,0.8,290,2,12,100,-35.9,57.7,0,0,0,0,0,0,n,741,Fog,a05n,3
2026/8/28 4:00,0,25.9,27.1,98,25.6,994,0.8,294,2,12,100,-33.1,60.7,0,0,0,0,0,0,n,741,Fog,a05n,4
2026/8/28 4:15,0,25.9,27.1,98,25.6,994,0.8,286,2,12,100,-29.9,62.9,0,0,0,0,0,0,n,741,Fog,a05n,4
2026/8/28 4:30,0,25.9,27.1,99,25.7,994,0.8,279,2,10,100,-26.8,65.1,0,0,0,0,0,0,n,741,Fog,a05n,4
2026/8/28 4:45,0,25.9,27.2,100,25.9,993,0.8,272,2,10,100,-23.7,67.3,0,0,0,0,0,0,n,741,Fog,a05n,4
2026/8/28 5:00,0,25.9,27.2,100,25.9,993,0.8,264,2,10,100,-20.5,69.5,0,0,0,0,0,0,n,741,Fog,a05n,5
2026/8/28 5:15,0,25.8,27.1,100,25.8,993,0.8,270,2,10,100,-17.2,71.2,0,0,0,0,0,0,n,741,Fog,a05n,5
2026/8/28 5:30,0,25.8,27,100,25.8,994,0.8,277,2,5,100,-13.9,72.9,0,0,0,0,0,0,n,741,Fog,a05n,5
2026/8/28 5:45,0,25.7,26.9,100,25.7,994,0.8,284,2,5,100,-10.6,74.6,0,0,0,0,0,0,n,741,Fog,a05n,5
2026/8/28 6:00,0,25.6,26.8,100,25.6,994,0.8,290,2,9,100,-7.3,76.3,0,0,0,0,0,0,n,741,Fog,a05n,6
2026/8/28 6:15,0.03,25.5,26.7,100,25.5,991,0.6,298,1.7,9,90,-3.9,77.8,17,10,15,0,0,0,d,741,Fog,a05n,6
2026/8/28 6:30,1.24,25.4,26.6,99,25.2,988,0.4,307,1.4,5,81,-0.5,79.2,34,20,36,0,0,0,d,741,Fog,a05n,6
2026/8/28 6:45,5.6,25.3,26.4,98,25,985,0.2,316,1.1,5,72,2.9,80.7,51,29,32,1,0,0,d,741,Fog,a05d,6
2026/8/28 7:00,13.01,25.2,26.3,98,24.9,982,0,324,0.8,5,62,6.3,82.2,68,39,51,1.2,0,0,d,741,Fog,a05d,7
2026/8/28 7:15,25.43,25.3,26.4,98,25,982,0,320,0.8,9,63,9.8,83.5,125,48,92,1.2,0,0,d,741,Fog,a05d,7
2026/8/28 7:30,30.49,25.4,26.6,98,25.1,982,0,315,0.8,10,64,13.2,84.9,182,58,132,1.2,0,0,d,741,Fog,a05d,7
2026/8/28 7:45,34.9,25.5,26.7,98,25.2,982,0,310,0.8,11,66,16.6,86.3,239,67,169,1.3,0,0,d,741,Fog,a05d,7
2026/8/28 8:00,27.14,25.6,26.8,98,25.3,982,0,306,0.8,12,67,20.1,87.7,296,76,205,1.4,0,0,d,741,Fog,a05d,8
2026/8/28 8:15,32.94,25.8,26.9,97,25.3,982,0,306,0.9,13,69,23.6,89.1,356,81,238,1.5,0,0,d,741,Fog,a05d,8
2026/8/28 8:30,52.68,26,27.1,96,25.3,982,0,306,1,14,72,27,90.6,416,86,262,1.6,0,0,d,804,Overcast clouds,c04d,8
2026/8/28 8:45,101.47,26.1,27.3,95,25.3,982,0,306,1.1,15,74,30.5,92.1,476,92,286,1.7,0,0,d,804,Overcast clouds,c04d,8
2026/8/28 9:00,144.12,26.3,27.4,94,25.3,982,0,306,1.2,16,76,33.9,93.6,536,97,305,1.9,0,0,d,804,Overcast clouds,c04d,9
2026/8/28 9:15,143.63,26.5,27.6,94,25.4,982,0.1,304,1.3,16,69,37.4,95.4,589,101,394,2.4,0,0,d,803,Broken clouds,c03d,9
2026/8/28 9:30,98.26,26.7,27.8,93,25.4,982,0.2,301,1.4,13,62,40.8,97.2,642,104,479,2.9,0,0,d,803,Broken clouds,c03d,9
2026/8/28 9:45,122.53,26.8,30.4,92,25.4,982,0.3,298,1.5,13,55,44.2,99.1,695,107,560,3.6,0,0,d,803,Broken clouds,c03d,9
2026/8/28 10:00,78.8,27,30.9,92,25.6,982,0.4,296,1.6,13,48,47.7,100.9,748,111,634,4.3,0,0,d,803,Broken clouds,c03d,10
2026/8/28 10:15,110.49,27.3,31.7,91,25.7,982,0.5,298,1.9,13,55,51,103.7,788,113,634,4.4,0,0,d,803,Broken clouds,c03d,10
2026/8/28 10:30,128.41,27.6,32.4,90,25.8,982,0.6,299,2.2,13,62,54.3,106.6,829,115,617,4.4,0,0,d,803,Broken clouds,c03d,10
2026/8/28 10:45,158.71,27.8,33,89,25.8,982,0.7,300,2.5,16,69,57.6,109.4,870,118,580,4.4,0,0,d,803,Broken clouds,c03d,10
2026/8/28 11:00,155.66,28.1,33.7,88,25.9,982,0.8,302,2.8,16,76,61,112.2,910,120,516,4.3,0,0,d,804,Overcast clouds,c04d,11
2026/8/28 11:15,129.91,28.3,34.3,88,26.1,982,0.8,305,3,16,80,63.8,118.3,935,121,466,4.3,0,0,d,804,Overcast clouds,c04d,11
2026/8/28 11:30,46.63,28.5,34.7,87,26.1,982,0.8,308,3.2,16,84,66.7,124.3,959,122,405,4.2,0,0,d,804,Overcast clouds,c04d,11
2026/8/28 11:45,90.88,28.7,35.2,86,26.1,982,0.8,311,3.4,16,87,69.6,130.3,983,123,353,4.2,0,0,d,804,Overcast clouds,c04d,11
2026/8/28 12:00,102.88,28.9,35.8,86,26.3,982,0.8,314,3.6,16,91,72.5,136.4,1008,125,268,4.1,0,0,d,804,Overcast clouds,c04d,12
2026/8/28 12:15,47.41,29.1,36.1,85,26.3,982,0.9,314,3.8,16,88,73.6,150.4,1014,125,341,4.4,0,0,d,804,Overcast clouds,c04d,12
2026/8/28 12:30,19.87,29.3,36.4,84,26.3,981,1,315,4,16,85,74.6,164.4,1020,125,410,4.6,0,0,d,804,Overcast clouds,c04d,12
2026/8/28 12:45,8,29.4,36.7,83,26.2,981,1.1,316,4.2,16,82,75.6,178.4,1025,125,473,4.9,0,0,d,804,Overcast clouds,c04d,12
2026/8/28 13:00,41.59,29.6,37,82,26.2,980,1.2,316,4.4,16,79,76.7,192.4,1031,126,532,5.2,0,0,d,804,Overcast clouds,c04d,13
2026/8/28 13:15,112.36,29.6,37,82,26.2,980,1.2,314,4.5,16,76,74.6,203.2,1018,125,576,5.3,0,0,d,804,Overcast clouds,c04d,13
2026/8/28 13:30,175.77,29.6,37,82,26.2,980,1.2,311,4.6,16,74,72.6,214,1005,124,599,5.4,0,0,d,804,Overcast clouds,c04d,13
2026/8/28 13:45,78.64,29.6,37,82,26.2,980,1.2,308,4.7,16,71,70.5,224.8,992,124,634,5.4,0,0,d,804,Overcast clouds,c04d,13
2026/8/28 14:00,32.67,29.6,37,82,26.2,980,1.2,306,4.8,16,68,68.5,235.6,979,123,663,5.5,0,0,d,803,Broken clouds,c03d,14
2026/8/28 14:15,47.95,29.6,37,82,26.2,980,1.1,308,4.7,16,73,65.3,239.9,948,122,579,4.9,0,0,d,804,Overcast clouds,c04d,14
2026/8/28 14:30,88.7,29.6,37,82,26.2,979,1,309,4.6,10,78,62.2,244.2,917,120,489,4.3,0,0,d,804,Overcast clouds,c04d,14
2026/8/28 14:45,0.02,29.6,37,82,26.2,979,0.9,310,4.5,10,82,59,248.5,886,118,409,3.7,0,0,d,804,Overcast clouds,c04d,14
2026/8/28 15:00,59.41,29.6,37,82,26.2,978,0.8,312,4.4,10,87,55.9,252.8,855,117,307,3.2,0,0,d,804,Overcast clouds,c04d,15
2026/8/28 15:15,65.25,29.5,36.8,82,26.1,978,0.8,316,4.3,12,86,52.5,255.1,809,114,308,3,0,0,d,804,Overcast clouds,c04d,15
2026/8/28 15:30,94.5,29.5,36.8,83,26.3,978,0.8,320,4.2,11,85,49.1,257.5,763,112,306,2.8,0,0,d,804,Overcast clouds,c04d,15
2026/8/28 15:45,12.99,29.4,36.8,84,26.4,978,0.8,324,4.1,11,84,45.8,259.8,717,109,302,2.5,0.25,0,d,804,Overcast clouds,c04d,15
2026/8/28 16:00,3.96,29.3,36.6,84,26.3,978,0.8,328,4,11,83,42.4,262.1,671,106,296,2.3,0.5,0,d,301,Drizzle,d02d,16
2026/8/28 16:15,4.01,29.2,36.3,84,26.2,978,0.8,333,4,11,85,38.9,263.7,614,102,247,2,0.5,0,d,301,Drizzle,d02d,16
2026/8/28 16:30,34.8,29.1,35.9,84,26.1,978,0.8,338,4,10,88,35.5,265.4,558,98,188,1.7,0.5,0,d,301,Drizzle,d02d,16
2026/8/28 16:45,29.59,29,35.6,84,26,978,0.8,343,4,10,90,32,267,501,94,146,1.4,0.25,0,d,804,Overcast clouds,c04d,16
2026/8/28 17:00,57.33,28.9,35.3,84,25.9,978,0.8,348,4,10,92,28.6,268.7,445,90,108,1.2,0,0,d,804,Overcast clouds,c04d,17
2026/8/28 17:15,45.72,28.7,34.9,85,25.9,978,0.8,264,3.8,12,86,25.1,270.1,384,84,147,1.2,0,0,d,804,Overcast clouds,c04d,17
2026/8/28 17:30,78.13,28.5,34.5,86,25.9,978,0.8,179,3.6,13,80,21.7,271.5,324,77,162,1.2,0,0,d,804,Overcast clouds,c04d,17
2026/8/28 17:45,14.65,28.3,34.1,87,25.9,978,0.8,94,3.4,13,74,18.2,272.9,264,71,158,1.2,0,0,d,804,Overcast clouds,c04d,17
2026/8/28 18:00,12.17,28.1,33.7,88,25.9,978,0.8,10,3.2,14,68,14.7,274.3,203,64,138,1.2,0,0,d,803,Broken clouds,c03d,18
2026/8/28 18:15,14.94,28.1,33.7,88,25.9,978,0.7,16,3.1,14,68,11.3,275.7,154,51,104,1.1,0,0,d,803,Broken clouds,c03d,18
2026/8/28 18:30,17.13,28.1,33.5,87,25.7,978,0.6,21,3,15,68,7.9,277.1,105,38,71,1.1,0,0,d,803,Broken clouds,c03d,18
2026/8/28 18:45,3.52,28.1,33.4,86,25.5,978,0.5,26,2.9,15,68,4.4,278.5,55,25,37,1.1,0,0,d,803,Broken clouds,c03d,18
2026/8/28 19:00,1.46,28.1,33.4,86,25.5,978,0.4,32,2.8,16,68,1,279.9,6,12,16,1.1,0,0,d,803,Broken clouds,c03n,19
2026/8/28 19:15,0.2,27.9,33,87,25.6,979,0.4,36,2.6,16,66,-2.4,281.4,5,9,12,0,0,0,d,803,Broken clouds,c03n,19
2026/8/28 19:30,0.04,27.8,32.7,88,25.6,979,0.4,41,2.4,16,65,-5.8,282.9,3,6,8,0,0,0,d,803,Broken clouds,c03n,19
2026/8/28 19:45,0,27.6,32.3,89,25.6,980,0.4,46,2.2,16,64,-9.1,284.4,2,3,4,0,0,0,d,803,Broken clouds,c03n,19
2026/8/28 20:00,0,27.4,31.9,90,25.6,980,0.4,50,2,16,62,-12.5,286,0,0,0,0,0,0,n,803,Broken clouds,c03n,20
2026/8/28 20:15,0,27.3,31.6,90,25.5,980,0.3,56,1.9,16,55,-15.8,287.8,0,0,0,0,0,0,n,803,Broken clouds,c03n,20
2026/8/28 20:30,0,27.2,31.4,91,25.6,980,0.2,61,1.8,16,48,-19.1,289.7,0,0,0,0,0,0,n,803,Broken clouds,c03n,20
2026/8/28 20:45,0.01,27.1,31.2,92,25.7,980,0.1,66,1.7,16,41,-22.3,291.5,0,0,0,0,0,0,n,803,Broken clouds,c03n,20
2026/8/28 21:00,0,27,30.9,92,25.6,980,0,72,1.6,16,34,-25.6,293.4,0,0,0,0,0,0,n,802,Scattered clouds,c02n,21
2026/8/28 21:15,0,27,30.9,92,25.6,981,0,56,1.5,16,32,-28.6,295.8,0,0,0,0,0,0,n,802,Scattered clouds,c02n,21
2026/8/28 21:30,0,27,30.9,92,25.6,981,0,39,1.4,16,30,-31.7,298.3,0,0,0,0,0,0,n,802,Scattered clouds,c02n,21
2026/8/28 21:45,0,27,30.9,92,25.6,982,0,22,1.3,16,27,-34.7,300.7,0,0,0,0,0,0,n,802,Scattered clouds,c02n,21
2026/8/28 22:00,0,27,30.9,92,25.6,982,0,6,1.2,16,25,-37.8,303.2,0,0,0,0,0,0,n,802,Scattered clouds,c02n,22
2026/8/28 22:15,0,26.9,30.7,92,25.5,982,0,6,1.2,16,24,-40.5,306.7,0,0,0,0,0,0,n,802,Scattered clouds,c02n,22
2026/8/28 22:30,0,26.9,30.6,93,25.6,982,0,5,1.2,16,23,-43.1,310.3,0,0,0,0,0,0,n,802,Scattered clouds,c02n,22
2026/8/28 22:45,0,26.8,30.5,94,25.7,982,0,4,1.2,16,22,-45.8,313.9,0,0,0,0,0,0,n,802,Scattered clouds,c02n,22
2026/8/28 23:00,0,26.7,30.2,94,25.7,982,0,4,1.2,16,21,-48.4,317.4,0,0,0,0,0,0,n,802,Scattered clouds,c02n,23
2026/8/28 23:15,0,26.6,27.8,94,25.6,982,0,46,1.3,16,22,-50.3,322.7,0,0,0,0,0,0,n,802,Scattered clouds,c02n,23
2026/8/28 23:30,0,26.5,27.7,95,25.6,982,0,89,1.4,16,22,-52.2,327.9,0,0,0,0,0,0,n,802,Scattered clouds,c02n,23
2026/8/28 23:45,0,26.4,27.6,96,25.7,982,0,132,1.5,16,23,-54,333.2,0,0,0,0,0,0,n,802,Scattered clouds,c02n,23
2026/8/29 0:00,0,26.3,27.5,96,25.6,982,0,174,1.6,16,24,-55.9,338.4,0,0,0,0,0,0,n,802,Scattered clouds,c02n,0
2026/8/29 0:15,0,26.2,27.4,96,25.5,982,0,214,1.6,16,22,-56.4,255.2,0,0,0,0,0,0,n,802,Scattered clouds,c02n,0
2026/8/29 0:30,0,26.1,27.3,96,25.4,981,0,255,1.6,16,20,-56.9,171.9,0,0,0,0,0,0,n,801,Few clouds,c02n,0
2026/8/29 0:45,0,26,27.2,96,25.3,981,0,296,1.6,16,18,-57.4,88.7,0,0,0,0,0,0,n,801,Few clouds,c02n,0
2026/8/29 1:00,0,25.9,27.1,96,25.2,980,0,336,1.6,16,16,-57.9,5.4,0,0,0,0,0,0,n,801,Few clouds,c02n,1
2026/8/29 1:15,0,25.9,27.1,96,25.2,980,0,314,1.7,16,18,-56.8,11.8,0,0,0,0,0,0,n,801,Few clouds,c02n,1
2026/8/29 1:30,0,25.9,27,95,25,980,0,292,1.8,10,20,-55.7,18.1,0,0,0,0,0,0,n,801,Few clouds,c02n,1
2026/8/29 1:45,0,25.9,27,94,24.9,980,0,270,1.9,10,23,-54.6,24.4,0,0,0,0,0,0,n,802,Scattered clouds,c02n,1
2026/8/29 2:00,0,25.9,27,94,24.9,980,0,248,2,10,25,-53.5,30.7,0,0,0,0,0,0,n,802,Scattered clouds,c02n,2
2026/8/29 2:15,0,25.8,26.9,94,24.8,980,0,254,2,12,26,-51.3,35.3,0,0,0,0,0,0,n,802,Scattered clouds,c02n,2
2026/8/29 2:30,0,25.8,26.9,95,24.9,980,0,260,2,12,26,-49.1,39.8,0,0,0,0,0,0,n,802,Scattered clouds,c02n,2
2026/8/29 2:45,0,25.7,26.8,96,25,980,0,266,2,13,27,-46.8,44.3,0,0,0,0,0,0,n,802,Scattered clouds,c02n,2
2026/8/29 3:00,0,25.6,26.7,96,24.9,980,0,272,2,14,28,-44.6,48.9,0,0,0,0,0,0,n,802,Scattered clouds,c02n,3
2026/8/29 3:15,0,25.6,26.7,96,24.9,980,0,282,2,14,33,-41.8,51.9,0,0,0,0,0,0,n,802,Scattered clouds,c02n,3
2026/8/29 3:30,0,25.6,26.7,96,24.9,980,0,293,2,15,38,-38.9,55,0,0,0,0,0,0,n,802,Scattered clouds,c02n,3
2026/8/29 3:45,0,25.6,26.7,96,24.9,980,0,304,2,15,43,-36.1,58.1,0,0,0,0,0,0,n,803,Broken clouds,c03n,3
2026/8/29 4:00,0,25.6,26.7,96,24.9,980,0,314,2,16,48,-33.2,61.1,0,0,0,0,0,0,n,803,Broken clouds,c03n,4
2026/8/29 4:15,0,25.5,26.6,96,24.8,980,0,316,2.1,16,51,-30.1,63.3,0,0,0,0,0,0,n,803,Broken clouds,c03n,4
2026/8/29 4:30,0,25.4,26.5,96,24.7,980,0,318,2.2,10,54,-26.9,65.5,0,0,0,0,0,0,n,803,Broken clouds,c03n,4
2026/8/29 4:45,0.01,25.3,26.4,96,24.6,980,0,320,2.3,10,58,-23.8,67.7,0,0,0,0,0,0,n,803,Broken clouds,c03n,4
2026/8/29 5:00,0,25.2,26.3,96,24.5,980,0,322,2.4,10,61,-20.6,69.9,0,0,0,0,0,0,n,803,Broken clouds,c03n,5
2026/8/29 5:15,0,25.2,26.3,96,24.5,980,0,318,2.5,12,62,-17.3,71.6,0,0,0,0,0,0,n,803,Broken clouds,c03n,5
2026/8/29 5:30,0,25.2,26.3,96,24.5,980,0,313,2.6,10,62,-14,73.3,0,0,0,0,0,0,n,803,Broken clouds,c03n,5
2026/8/29 5:45,0.01,25.2,26.3,96,24.5,980,0,308,2.7,10,62,-10.7,75,0,0,0,0,0,0,n,803,Broken clouds,c03n,5
2026/8/29 6:00,0.01,25.2,26.3,96,24.5,980,0,304,2.8,10,63,-7.4,76.7,0,0,0,0,0,0,n,803,Broken clouds,c03n,6
2026/8/29 6:15,0,25.2,26.3,96,24.5,980,0.1,304,2.9,12,68,-4,78.1,17,10,12,0,0,0,d,803,Broken clouds,c03n,6
2026/8/29 6:30,0.28,25.2,26.3,96,24.5,980,0.2,304,3,10,74,-0.6,79.6,34,19,21,0,0,0,d,804,Overcast clouds,c04n,6
2026/8/29 6:45,3.08,25.2,26.3,96,24.5,980,0.3,304,3.1,10,79,2.8,81.1,50,29,54,0.9,0,0,d,804,Overcast clouds,c04n,6
2026/8/29 7:00,8.47,25.2,26.3,96,24.5,980,0.4,304,3.2,11,84,6.2,82.5,67,39,67,0.9,0,0,d,804,Overcast clouds,c04d,7
2026/8/29 7:15,17.91,25.3,26.4,96,24.6,980,0.4,294,3.3,11,86,9.7,83.9,124,48,48,0.9,0,0,d,804,Overcast clouds,c04d,7
2026/8/29 7:30,19.83,25.4,26.5,95,24.5,980,0.4,285,3.4,11,88,13.1,85.3,181,57,62,0.9,0,0,d,804,Overcast clouds,c04d,7
2026/8/29 7:45,27.5,25.5,26.6,94,24.5,980,0.4,276,3.5,11,90,16.6,86.7,238,67,71,0.9,0,0,d,804,Overcast clouds,c04d,7
2026/8/29 8:00,34.47,25.6,26.7,94,24.6,980,0.4,266,3.6,11,92,20,88.1,296,76,148,0.9,0,0,d,804,Overcast clouds,c04d,8
2026/8/29 8:15,32.85,25.8,26.9,94,24.7,980,0.4,264,3.4,11,87,23.5,89.5,355,81,130,1.1,0,0,d,804,Overcast clouds,c04d,8
2026/8/29 8:30,38.94,26,27.1,94,24.9,980,0.4,263,3.2,10,82,27,91,415,86,194,1.4,0,0,d,804,Overcast clouds,c04d,8
2026/8/29 8:45,35.39,26.1,27.2,94,25.1,980,0.4,262,3,10,78,30.4,92.5,475,92,255,1.6,0,0,d,804,Overcast clouds,c04d,8
2026/8/29 9:00,37.87,26.3,27.4,94,25.3,980,0.4,260,2.8,10,73,33.9,94,535,97,329,2,0,0,d,804,Overcast clouds,c04d,9
2026/8/29 9:15,11.94,26.5,27.6,93,25.2,981,0.5,266,2.9,12,74,37.3,95.8,588,100,353,2.2,0.5,0,d,301,Drizzle,d02d,9
2026/8/29 9:30,16.81,26.7,27.8,92,25.2,981,0.6,271,3,10,74,40.7,97.7,641,104,385,2.5,1,0,d,500,Light rain,r01d,9
2026/8/29 9:45,23.38,26.8,30.3,91,25.2,982,0.7,276,3.1,10,75,44.2,99.6,694,107,406,2.8,1,0,d,500,Light rain,r01d,9
2026/8/29 10:00,30.47,27,30.7,90,25.2,982,0.8,282,3.2,10,76,47.6,101.4,747,111,426,3,1,0,d,500,Light rain,r01d,10
2026/8/29 10:15,30.04,27.4,31.6,88,25.2,982,0.8,290,3.5,12,74,50.9,104.3,788,113,473,3.4,1,0,d,500,Light rain,r01d,10
2026/8/29 10:30,30.76,27.8,32.5,87,25.4,982,0.8,297,3.8,10,72,54.2,107.2,828,115,521,3.9,1,0,d,500,Light rain,r01d,10
2026/8/29 10:45,29.23,28.1,33.4,86,25.6,982,0.8,304,4.1,10,71,57.5,110,869,118,558,4.3,0.75,0,d,231,Thunderstorm with drizzle,t04d,10
2026/8/29 11:00,34.05,28.5,34.1,84,25.5,982,0.8,312,4.4,10,69,60.8,112.9,910,120,608,4.7,0.5,0,d,231,Thunderstorm with drizzle,t04d,11
2026/8/29 11:15,45.05,28.8,34.7,83,25.6,982,0.8,318,4.7,12,57,63.7,119,934,121,737,5.8,0.25,0,d,803,Broken clouds,c03d,11
2026/8/29 11:30,79.33,29.1,35.3,82,25.7,981,0.8,324,5,5,44,66.6,125.1,958,122,831,7,0,0,d,803,Broken clouds,c03d,11
2026/8/29 11:45,95.59,29.3,36.1,82,25.9,981,0.8,330,5.3,5,32,69.4,131.2,983,123,887,8.2,0,0,d,802,Scattered clouds,c02d,11
2026/8/29 12:00,118.24,29.6,36.7,81,26,980,0.8,336,5.6,4,20,72.3,137.3,1007,125,923,9.4,0,0,d,801,Few clouds,c02d,12
2026/8/29 12:15,163.72,29.7,37,81,26.1,980,0.9,340,5.6,4,21,73.3,151.1,1013,125,928,9.5,0,0,d,802,Scattered clouds,c02d,12
2026/8/29 12:30,141.28,29.8,37.6,82,26.4,980,1,343,5.6,8,22,74.3,164.9,1018,125,930,9.5,0,0,d,802,Scattered clouds,c02d,12
2026/8/29 12:45,12.25,29.9,37.9,82,26.5,980,1.1,346,5.6,8,24,75.3,178.6,1024,125,933,9.4,0,0,d,802,Scattered clouds,c02d,12
2026/8/29 13:00,84.98,30,38.2,82,26.6,980,1.2,350,5.6,8,25,76.3,192.4,1030,126,937,9.5,0,0,d,802,Scattered clouds,c02d,13
2026/8/29 13:15,39.75,30.2,38.5,81,26.5,980,1.3,264,5.9,8,32,74.3,203.1,1017,125,915,8.7,0,0,d,802,Scattered clouds,c02d,13
2026/8/29 13:30,0,30.4,38.8,80,26.5,980,1.4,178,6.2,10,40,72.2,213.7,1003,124,881,7.9,0,0,d,802,Scattered clouds,c02d,13
2026/8/29 13:45,0.02,30.5,38.7,78,26.2,980,1.5,92,6.5,10,47,70.2,224.3,990,124,842,7.2,0,0,d,803,Broken clouds,c03d,13
2026/8/29 14:00,72.84,30.7,38.9,77,26.2,980,1.6,6,6.8,10,54,68.2,235,977,123,791,6.5,0,0,d,803,Broken clouds,c03d,14
2026/8/29 14:15,149.47,30.8,38.9,76,26.1,980,1.6,8,6.9,9,56,65,239.3,946,122,752,6,0,0,d,803,Broken clouds,c03d,14
2026/8/29 14:30,65.51,30.9,39.2,76,26.2,979,1.6,10,7,10,58,61.9,243.6,915,120,713,5.5,0,0,d,803,Broken clouds,c03d,14
2026/8/29 14:45,23.68,31,39.2,75,26,979,1.6,12,7.1,10,61,58.8,248,883,118,665,5,0,0,d,803,Broken clouds,c03d,14
2026/8/29 15:00,12.85,31.1,39.1,74,25.9,978,1.6,14,7.2,10,63,55.7,252.3,852,117,626,4.5,0,0,d,803,Broken clouds,c03d,15
2026/8/29 15:15,41.99,31.3,39.1,72,25.6,978,1.5,12,6.7,10,54,52.3,254.7,806,114,654,4.6,0.25,0,d,803,Broken clouds,c03d,15
2026/8/29 15:30,10.56,31.5,39.3,71,25.6,978,1.4,10,6.2,6,46,48.9,257,760,111,652,4.5,0.5,0,d,301,Drizzle,d02d,15
2026/8/29 15:45,4.82,31.7,39.5,70,25.5,978,1.3,8,5.7,6,37,45.5,259.3,714,109,637,4.5,0.25,0,d,802,Scattered clouds,c02d,15
2026/8/29 16:00,4.02,31.9,39.4,68,25.2,978,1.2,6,5.2,5,28,42.2,261.7,668,106,610,4.3,0,0,d,802,Scattered clouds,c02d,16
2026/8/29 16:15,4,31.9,39.4,68,25.2,978,1.1,91,4.7,5,24,38.7,263.3,611,102,560,4,0,0,d,802,Scattered clouds,c02d,16
2026/8/29 16:30,123.16,31.9,39.1,67,25,978,1,176,4.2,10,20,35.3,265,555,98,512,3.6,0,0,d,801,Few clouds,c02d,16
2026/8/29 16:45,76.98,31.9,38.7,66,24.7,978,0.9,261,3.7,10,16,31.8,266.7,498,94,461,3.3,0,0,d,801,Few clouds,c02d,16
2026/8/29 17:00,49.58,31.9,38.7,66,24.7,978,0.8,346,3.2,10,12,28.4,268.3,441,90,408,3,0,0,d,801,Few clouds,c02d,17
2026/8/29 17:15,41.55,31.9,38.7,66,24.7,978,0.7,342,3.1,7,9,24.9,269.7,381,83,353,2.8,0,0,d,801,Few clouds,c02d,17
2026/8/29 17:30,40.58,31.9,38.7,66,24.7,978,0.6,339,3,10,6,21.5,271.2,321,77,297,2.5,0,0,d,801,Few clouds,c02d,17
2026/8/29 17:45,32.43,31.9,38.7,66,24.7,978,0.5,336,2.9,10,3,18,272.6,260,70,241,2.4,0,0,d,801,Few clouds,c02d,17
2026/8/29 18:00,27.45,31.9,38.7,66,24.7,978,0.4,332,2.8,10,0,14.5,274,200,64,185,2.2,0,0,d,800,Clear Sky,c01d,18
2026/8/29 18:15,21.08,31.5,38.4,68,24.9,978,0.4,317,2.6,12,0,11.1,275.4,151,51,140,2.1,0,0,d,800,Clear Sky,c01d,18
2026/8/29 18:30,12.56,31.2,38,70,25,978,0.4,302,2.4,13,0,7.7,276.8,102,37,94,2.1,0,0,d,800,Clear Sky,c01d,18
2026/8/29 18:45,6.8,30.8,37.6,72,25.1,978,0.4,287,2.2,13,1,4.2,278.2,54,24,50,2,0,0,d,800,Clear Sky,c01d,18
2026/8/29 19:00,2.63,30.4,37.1,74,25.2,978,0.4,272,2,14,1,0.8,279.6,5,11,15,2,0,0,d,800,Clear Sky,c01n,19
2026/8/29 19:15,0.45,30,36.6,76,25.3,979,0.4,273,2,14,1,-2.6,281.1,4,8,11,0,0,0,d,800,Clear Sky,c01n,19
2026/8/29 19:30,0,29.7,35.8,77,25.2,979,0.4,274,2,10,0,-6,282.6,2,5,7,0,0,0,d,800,Clear Sky,c01n,19
2026/8/29 19:45,0,29.3,35.1,78,25,980,0.4,275,2,10,0,-9.4,284.1,1,3,4,0,0,0,d,800,Clear Sky,c01n,19
2026/8/29 20:00,0,28.9,34.5,80,25.1,980,0.4,276,2,10,0,-12.8,285.7,0,0,0,0,0,0,n,800,Clear Sky,c01n,20
2026/8/29 20:15,0,28.6,33.9,81,25,980,0.4,275,1.9,12,0,-16,287.5,0,0,0,0,0,0,n,800,Clear Sky,c01n,20
2026/8/29 20:30,0,28.4,33.3,82,25,980,0.4,274,1.8,10,0,-19.3,289.4,0,0,0,0,0,0,n,800,Clear Sky,c01n,20
2026/8/29 20:45,0,28.1,32.8,83,24.9,980,0.4,273,1.7,10,0,-22.6,291.2,0,0,0,0,0,0,n,800,Clear Sky,c01n,20
2026/8/29 21:00,0.01,27.8,32.2,84,24.8,980,0.4,272,1.6,10,0,-25.8,293.1,0,0,0,0,0,0,n,800,Clear Sky,c01n,21
2026/8/29 21:15,0,27.7,31.9,84,24.7,980,0.4,273,1.6,12,0,-28.9,295.5,0,0,0,0,0,0,n,800,Clear Sky,c01n,21
2026/8/29 21:30,0,27.6,31.7,84,24.6,980,0.4,274,1.6,10,0,-32,298,0,0,0,0,0,0,n,800,Clear Sky,c01n,21
2026/8/29 21:45,0,27.5,31.4,84,24.5,980,0.4,275,1.6,10,0,-35,300.4,0,0,0,0,0,0,n,800,Clear Sky,c01n,21
2026/8/29 22:00,0,27.4,31.1,84,24.5,980,0.4,276,1.6,10,0,-38.1,302.9,0,0,0,0,0,0,n,800,Clear Sky,c01n,22
2026/8/29 22:15,0,27.2,30.8,85,24.5,980,0.3,274,1.6,12,0,-40.7,306.5,0,0,0,0,0,0,n,800,Clear Sky,c01n,22
2026/8/29 22:30,0,27.1,30.5,86,24.5,980,0.2,273,1.6,10,0,-43.4,310,0,0,0,0,0,0,n,800,Clear Sky,c01n,22
2026/8/29 22:45,0,26.9,30.1,87,24.5,980,0.1,272,1.6,10,0,-46.1,313.6,0,0,0,0,0,0,n,800,Clear Sky,c01n,22
2026/8/29 23:00,0,26.7,29.7,88,24.5,980,0,270,1.6,10,0,-48.7,317.2,0,0,0,0,0,0,n,800,Clear Sky,c01n,23
2026/8/29 23:15,0,26.6,27.6,88,24.4,980,0.1,274,1.6,12,0,-50.6,322.4,0,0,0,0,0,0,n,800,Clear Sky,c01n,23
2026/8/29 23:30,0,26.5,27.5,88,24.3,980,0.2,279,1.6,10,0,-52.5,327.7,0,0,0,0,0,0,n,800,Clear Sky,c01n,23
2026/8/29 23:45,0,26.4,27.4,88,24.2,980,0.3,284,1.6,10,0,-54.4,333,0,0,0,0,0,0,n,800,Clear Sky,c01n,23
2026/8/30 0:00,0,26.3,27.3,88,24.2,980,0.4,288,1.6,10,0,-56.2,338.3,0,0,0,0,0,0,n,800,Clear Sky,c01n,0
2026/8/30 0:15,0,26.2,27.2,90,24.4,980,0.4,294,1.6,12,2,-56.7,255.1,0,0,0,0,0,0,n,801,Few clouds,c02n,0
2026/8/30 0:30,0,26.1,27.1,91,24.5,980,0.4,299,1.6,10,4,-57.2,172,0,0,0,0,0,0,n,801,Few clouds,c02n,0
2026/8/30 0:45,0.01,26,27.1,92,24.6,980,0.4,304,1.6,10,5,-57.7,88.8,0,0,0,0,0,0,n,801,Few clouds,c02n,0
2026/8/30 1:00,0,25.9,27,94,24.9,980,0.4,310,1.6,12,7,-58.2,5.6,0,0,0,0,0,0,n,801,Few clouds,c02n,1
2026/8/30 1:15,0,25.8,26.9,94,24.8,980,0.4,310,1.7,12,8,-57.1,12,0,0,0,0,0,0,n,801,Few clouds,c02n,1
2026/8/30 1:30,0,25.8,26.9,95,24.9,980,0.4,309,1.8,10,9,-56,18.4,0,0,0,0,0,0,n,801,Few clouds,c02n,1
2026/8/30 1:45,0,25.7,26.8,96,25,980,0.4,308,1.9,10,10,-54.9,24.7,0,0,0,0,0,0,n,801,Few clouds,c02n,1
2026/8/30 2:00,0,25.6,26.7,96,24.9,980,0.4,308,2,10,11,-53.8,31.1,0,0,0,0,0,0,n,801,Few clouds,c02n,2
2026/8/30 2:15,0,25.5,26.6,96,24.8,980,0.5,312,2,12,12,-51.6,35.7,0,0,0,0,0,0,n,801,Few clouds,c02n,2
2026/8/30 2:30,0,25.4,26.5,96,24.7,979,0.6,315,2,16,12,-49.3,40.2,0,0,0,0,0,0,n,801,Few clouds,c02n,2
2026/8/30 2:45,0,25.3,26.4,96,24.6,979,0.7,318,2,16,13,-47.1,44.8,0,0,0,0,0,0,n,801,Few clouds,c02n,2
2026/8/30 3:00,0,25.2,26.3,96,24.5,978,0.8,322,2,16,14,-44.8,49.3,0,0,0,0,0,0,n,801,Few clouds,c02n,3
2026/8/30 3:15,0,25.2,26.3,96,24.5,978,0.7,322,2.1,16,25,-41.9,52.4,0,0,0,0,0,0,n,802,Scattered clouds,c02n,3
2026/8/30 3:30,0,25.2,26.3,96,24.5,978,0.6,322,2.2,16,36,-39.1,55.4,0,0,0,0,0,0,n,802,Scattered clouds,c02n,3
2026/8/30 3:45,0,25.2,26.3,96,24.5,978,0.5,322,2.3,16,46,-36.2,58.5,0,0,0,0,0,0,n,803,Broken clouds,c03n,3
2026/8/30 4:00,0,25.2,26.3,96,24.5,978,0.4,322,2.4,16,57,-33.4,61.5,0,0,0,0,0,0,n,803,Broken clouds,c03n,4
2026/8/30 4:15,0,25.2,26.3,96,24.5,979,0.4,318,2.3,16,51,-30.2,63.7,0,0,0,0,0,0,n,803,Broken clouds,c03n,4
2026/8/30 4:30,0,25.2,26.3,96,24.5,979,0.4,313,2.2,8,44,-27.1,65.9,0,0,0,0,0,0,n,803,Broken clouds,c03n,4
2026/8/30 4:45,0,25.2,26.3,96,24.5,980,0.4,308,2.1,8,38,-23.9,68.1,0,0,0,0,0,0,n,802,Scattered clouds,c02n,4
2026/8/30 5:00,0,25.2,26.3,96,24.5,980,0.4,304,2,8,32,-20.7,70.2,0,0,0,0,0,0,n,802,Scattered clouds,c02n,5
2026/8/30 5:15,0,25.3,26.4,96,24.6,980,0.4,308,2,11,48,-17.4,71.9,0,0,0,0,0,0,n,803,Broken clouds,c03n,5
2026/8/30 5:30,0,25.4,26.5,95,24.5,980,0.4,312,2,16,64,-14.1,73.6,0,0,0,0,0,0,n,803,Broken clouds,c03n,5
2026/8/30 5:45,0,25.5,26.6,94,24.5,980,0.4,316,2,16,81,-10.8,75.3,0,0,0,0,0,0,n,804,Overcast clouds,c04n,5
2026/8/30 6:00,0,25.6,26.7,94,24.6,980,0.4,320,2,16,97,-7.5,77,0,0,0,0,0,0,n,804,Overcast clouds,c04n,6
2026/8/30 6:15,0,25.6,26.6,92,24.2,980,0.6,321,2.4,16,98,-4,78.5,17,10,11,0,0,0,d,804,Overcast clouds,c04n,6
2026/8/30 6:30,0.21,25.6,26.5,89,23.6,980,0.8,322,2.8,10,98,-0.6,80,33,19,22,0,0,0,d,804,Overcast clouds,c04n,6
2026/8/30 6:45,2.58,25.6,26.5,86,23.1,980,1,323,3.2,10,99,2.8,81.4,50,29,32,0.6,0.25,0,d,804,Overcast clouds,c04n,6
2026/8/30 7:00,4.14,25.6,26.4,84,22.7,980,1.2,324,3.6,12,100,6.2,82.9,66,39,40,0.6,0.5,0,d,301,Drizzle,d02d,7
2026/8/30 7:15,9.09,25.6,26.4,83,22.5,980,1.1,314,3.7,12,99,9.6,84.3,123,48,55,0.7,0.25,0,d,804,Overcast clouds,c04d,7
2026/8/30 7:30,7.48,25.6,26.4,82,22.3,980,1,303,3.8,10,98,13.1,85.7,181,57,73,0.7,0,0,d,804,Overcast clouds,c04d,7
2026/8/30 7:45,8.32,25.6,26.3,81,22.1,980,0.9,292,3.9,10,98,16.5,87,238,66,88,0.8,0,0,d,804,Overcast clouds,c04d,7
2026/8/30 8:00,18.44,25.6,26.3,80,21.9,980,0.8,282,4,10,97,20,88.4,295,76,112,0.8,0,0,d,804,Overcast clouds,c04d,8
2026/8/30 8:15,45.81,25.7,26.4,80,22,980,0.8,285,3.8,12,95,23.4,89.9,355,81,144,1,0,0,d,804,Overcast clouds,c04d,8
2026/8/30 8:30,49.57,25.8,26.5,80,22,980,0.8,288,3.6,13,93,26.9,91.4,414,86,97,1.1,0,0,d,804,Overcast clouds,c04d,8
2026/8/30 8:45,60.96,25.8,26.6,80,22.1,980,0.8,291,3.4,13,91,30.4,92.9,474,92,135,1.3,0,0,d,804,Overcast clouds,c04d,8
2026/8/30 9:00,50.31,25.9,26.6,80,22.2,980,0.8,294,3.2,13,89,33.8,94.4,534,97,177,1.5,0,0,d,804,Overcast clouds,c04d,9
2026/8/30 9:15,42.31,26.2,26.9,80,22.4,980,0.9,296,3.3,14,82,37.2,96.3,587,100,280,2,0,0,d,804,Overcast clouds,c04d,9
2026/8/30 9:30,44.47,26.5,27.2,79,22.5,980,1,298,3.4,10,76,40.7,98.2,640,104,372,2.4,0,0,d,804,Overcast clouds,c04d,9
2026/8/30 9:45,30.83,26.7,29,78,22.6,980,1.1,300,3.5,10,70,44.1,100.1,693,107,463,3,0,0,d,803,Broken clouds,c03d,9
2026/8/30 10:00,126.16,27,29.6,78,22.8,980,1.2,302,3.6,12,63,47.5,101.9,746,111,557,3.6,0,0,d,803,Broken clouds,c03d,10
2026/8/30 10:15,100.07,27.3,30,77,22.9,980,1.3,304,3.8,12,67,50.8,104.9,787,113,554,3.8,0,0,d,803,Broken clouds,c03d,10
2026/8/30 10:30,55.54,27.6,30.5,76,22.9,980,1.4,306,4,13,70,54.1,107.8,828,115,552,4,0,0,d,803,Broken clouds,c03d,10
2026/8/30 10:45,113.43,27.8,31.1,76,23.2,980,1.5,308,4.2,13,74,57.4,110.7,868,118,529,4.1,0,0,d,804,Overcast clouds,c04d,10
2026/8/30 11:00,104.76,28.1,31.6,75,23.2,980,1.6,310,4.4,14,78,60.7,113.6,909,120,496,4.2,0,0,d,804,Overcast clouds,c04d,11
2026/8/30 11:15,57.01,28.1,31.6,75,23.2,980,1.6,314,4.5,14,82,63.6,119.8,933,121,442,4.1,0,0,d,804,Overcast clouds,c04d,11
2026/8/30 11:30,26.51,28.1,31.6,75,23.2,980,1.6,319,4.6,10,86,66.4,125.9,957,122,377,4.1,0,0,d,804,Overcast clouds,c04d,11
2026/8/30 11:45,21.52,28.1,31.6,75,23.2,980,1.6,324,4.7,10,91,69.2,132.1,982,123,274,3.9,0,0,d,804,Overcast clouds,c04d,11
2026/8/30 12:00,22.74,28.1,31.6,75,23.2,980,1.6,328,4.8,10,95,72.1,138.2,1006,125,178,3.8,0,0,d,804,Overcast clouds,c04d,12
2026/8/30 12:15,21.01,27.8,31.1,76,23.2,980,1.8,331,5.2,12,95,73.1,151.8,1011,125,179,3.8,0,0,d,804,Overcast clouds,c04d,12
2026/8/30 12:30,26.31,27.6,30.8,78,23.4,980,2,334,5.6,16,96,74,165.3,1017,125,151,3.8,0,0,d,804,Overcast clouds,c04d,12
2026/8/30 12:45,26.9,27.3,30.3,79,23.3,980,2.2,337,6,16,96,75,178.9,1023,125,152,3.8,0.5,0,d,301,Drizzle,d02d,12
2026/8/30 13:00,24.85,27,29.7,80,23.3,980,2.4,340,6.4,16,96,75.9,192.4,1029,126,153,3.8,1,0,d,500,Light rain,r01d,13
2026/8/30 13:15,49.41,26.7,29.3,82,23.4,980,2.7,335,6.9,16,95,73.9,202.9,1015,125,166,3.8,2,0,d,500,Light rain,r01d,13
2026/8/30 13:30,0.02,26.5,27.3,83,23.3,980,3,330,7.4,15,94,71.9,213.4,1002,124,185,3.8,3,0,d,500,Light rain,r01d,13
2026/8/30 13:45,30.26,26.2,27,84,23.3,980,3.3,325,7.9,15,94,69.9,223.9,988,124,179,3.7,3.5,0,d,500,Light rain,r01d,13
2026/8/30 14:00,17.8,25.9,26.8,86,23.4,980,3.6,320,8.4,15,93,67.9,234.4,975,123,198,3.7,4,0,d,501,Moderate rain,r02d,14
2026/8/30 14:15,23.37,25.8,26.7,86,23.3,980,3.5,320,8.4,15,94,64.8,238.7,944,121,169,3.4,3.75,0,d,500,Light rain,r01d,14
2026/8/30 14:30,16.34,25.8,26.6,86,23.2,980,3.4,321,8.4,10,96,61.7,243.1,912,120,115,3.1,3.5,0,d,500,Light rain,r01d,14
2026/8/30 14:45,17.1,25.7,26.5,86,23.2,980,3.3,322,8.4,10,98,58.6,247.5,881,118,161,2.8,3,0,d,500,Light rain,r01d,14
2026/8/30 15:00,15.83,25.6,26.5,86,23.1,980,3.2,322,8.4,10,99,55.5,251.8,850,117,139,2.5,2.5,0,d,500,Light rain,r01d,15
2026/8/30 15:15,15.42,25.4,26.3,87,23.1,980,3,322,8,12,99,52.1,254.2,804,114,142,2.3,1.75,0,d,500,Light rain,r01d,15
2026/8/30 15:30,21,25.2,26.1,88,23.1,979,2.8,321,7.6,13,99,48.7,256.6,757,111,156,2.1,1,0,d,500,Light rain,r01d,15
2026/8/30 15:45,24.93,25,25.9,88,22.9,979,2.6,320,7.2,13,99,45.3,258.9,711,109,152,1.9,0.5,0,d,301,Drizzle,d02d,15
2026/8/30 16:00,11.7,24.8,25.7,89,22.9,978,2.4,320,6.8,13,99,42,261.3,665,106,146,1.7,0,0,d,804,Overcast clouds,c04d,16
2026/8/30 16:15,13.4,24.8,25.7,90,23,978,2.4,321,6.6,14,99,38.5,263,608,102,138,1.5,0.25,0,d,804,Overcast clouds,c04d,16
2026/8/30 16:30,16.87,24.8,25.7,90,23,978,2.4,322,6.4,14,100,35.1,264.6,552,98,114,1.3,0.5,0,d,301,Drizzle,d02d,16
2026/8/30 16:45,15.4,24.8,25.7,90,23,978,2.4,323,6.2,15,100,31.6,266.3,495,94,108,1.1,0.75,0,d,301,Drizzle,d02d,16
2026/8/30 17:00,15.07,24.8,25.7,91,23.2,978,2.4,324,6,16,100,28.2,268,438,89,101,1,1,0,d,500,Light rain,r01d,17
2026/8/30 17:15,21.16,24.7,25.6,92,23.3,978,2.3,324,5.8,16,100,24.7,269.4,378,83,93,0.9,1,0,d,500,Light rain,r01d,17
2026/8/30 17:30,12.57,24.6,25.5,92,23.2,978,2.2,323,5.6,10,100,21.3,270.8,317,76,85,0.8,1,0,d,500,Light rain,r01d,17
2026/8/30 17:45,7.23,24.5,25.4,93,23.3,978,2.1,322,5.4,10,99,17.8,272.2,257,70,84,0.8,0.75,0,d,301,Drizzle,d02d,17
2026/8/30 18:00,4.41,24.4,25.3,94,23.4,978,2,322,5.2,10,99,14.3,273.7,197,64,75,0.7,0.5,0,d,301,Drizzle,d02d,18
2026/8/30 18:15,7.94,24.4,25.3,93,23.2,979,1.9,322,5.1,12,99,10.9,275.1,148,50,58,0.7,0.25,0,d,804,Overcast clouds,c04d,18
2026/8/30 18:30,6.88,24.4,25.3,92,23,979,1.8,323,5,10,99,7.5,276.5,100,36,42,0.7,0,0,d,804,Overcast clouds,c04d,18
2026/8/30 18:45,4.37,24.4,25.3,92,23,980,1.7,324,4.9,10,99,4,277.9,52,23,26,0.6,0,0,d,804,Overcast clouds,c04d,18
2026/8/30 19:00,0.37,24.4,25.3,91,22.8,980,1.6,324,4.8,10,99,0.6,279.3,3,9,9,0.6,0,0,d,804,Overcast clouds,c04n,19
2026/8/30 19:15,0.05,24.3,25.2,92,22.9,980,1.5,322,4.6,12,99,-2.8,280.8,3,7,7,0,0,0,d,804,Overcast clouds,c04n,19
2026/8/30 19:30,0.02,24.3,25.1,92,22.9,980,1.4,321,4.4,13,99,-6.2,282.3,2,5,5,0,0,0,d,804,Overcast clouds,c04n,19
2026/8/30 19:45,0,24.2,25.1,93,23,980,1.3,320,4.2,13,99,-9.6,283.8,1,2,2,0,0,0,d,804,Overcast clouds,c04n,19
2026/8/30 20:00,0,24.1,25,94,23.1,980,1.2,318,4,14,99,-13,285.4,0,0,0,0,0,0,n,804,Overcast clouds,c04n,20
2026/8/30 20:15,0,24.1,25,93,22.9,980,1.3,318,4.1,14,98,-16.2,287.2,0,0,0,0,0,0,n,804,Overcast clouds,c04n,20
2026/8/30 20:30,0,24.1,25,92,22.7,980,1.4,319,4.2,10,97,-19.5,289.1,0,0,0,0,0,0,n,804,Overcast clouds,c04n,20
2026/8/30 20:45,0,24.1,25,92,22.7,980,1.5,320,4.3,10,96,-22.8,290.9,0,0,0,0,0,0,n,804,Overcast clouds,c04n,20
2026/8/30 21:00,0,24.1,24.9,91,22.5,980,1.6,320,4.4,10,95,-26.1,292.8,0,0,0,0,0,0,n,804,Overcast clouds,c04n,21
2026/8/30 21:15,0,24.2,25,90,22.4,980,1.5,323,4.3,12,95,-29.1,295.2,0,0,0,0,0,0,n,804,Overcast clouds,c04n,21
2026/8/30 21:30,0,24.3,25.1,90,22.5,980,1.4,326,4.2,13,96,-32.2,297.7,0,0,0,0,0,0,n,804,Overcast clouds,c04n,21
2026/8/30 21:45,0.01,24.3,25.2,90,22.6,980,1.3,329,4.1,13,96,-35.3,300.1,0,0,0,0,0,0,n,804,Overcast clouds,c04n,21
2026/8/30 22:00,0.01,24.4,25.2,89,22.5,980,1.2,332,4,14,96,-38.4,302.6,0,0,0,0,0,0,n,804,Overcast clouds,c04n,22
2026/8/30 22:15,0,24.4,25.2,89,22.5,980,1.2,333,3.9,14,94,-41,306.2,0,0,0,0,0,0,n,804,Overcast clouds,c04n,22
2026/8/30 22:30,0.01,24.4,25.2,89,22.5,980,1.2,334,3.8,14,92,-43.7,309.7,0,0,0,0,0,0,n,804,Overcast clouds,c04n,22
2026/8/30 22:45,0.01,24.4,25.2,89,22.5,980,1.2,335,3.7,15,89,-46.4,313.3,0,0,0,0,0,0,n,804,Overcast clouds,c04n,22
2026/8/30 23:00,0.01,24.4,25.2,89,22.5,980,1.2,336,3.6,15,87,-49.1,316.9,0,0,0,0,0,0,n,804,Overcast clouds,c04n,23
2026/8/30 23:15,0.01,24.3,25.2,90,22.6,980,1.2,328,3.6,16,90,-51,322.2,0,0,0,0,0,0,n,804,Overcast clouds,c04n,23
2026/8/30 23:30,0,24.3,25.1,90,22.5,980,1.2,321,3.6,10,93,-52.8,327.6,0,0,0,0,0,0,n,804,Overcast clouds,c04n,23
2026/8/30 23:45,0,24.2,25,90,22.4,980,1.2,314,3.6,10,96,-54.7,332.9,0,0,0,0,0,0,n,804,Overcast clouds,c04n,23
2026/8/31 0:00,0,24.1,24.9,91,22.5,980,1.2,306,3.6,12,99,-56.6,338.2,0,0,0,0,0,0,n,804,Overcast clouds,c04n,0
2026/8/31 0:15,0.01,24.3,25.1,89,22.3,980,1.3,312,3.8,12,97,-57.1,255.1,0,0,0,0,0,0,n,804,Overcast clouds,c04n,0
2026/8/31 0:30,0.01,24.5,25.2,88,22.3,980,1.4,318,4,10,94,-57.6,172,0,0,0,0,0,0,n,804,Overcast clouds,c04n,0
2026/8/31 0:45,0.01,24.6,25.4,86,22.1,980,1.5,324,4.2,10,92,-58.1,88.9,0,0,0,0,0,0,n,804,Overcast clouds,c04n,0
2026/8/31 1:00,0.01,24.8,25.5,84,21.9,980,1.6,330,4.4,10,90,-58.6,5.8,0,0,0,0,0,0,n,804,Overcast clouds,c04n,1
2026/8/31 1:15,0.01,24.8,25.5,84,21.9,980,1.5,329,4.7,12,91,-57.5,12.3,0,0,0,0,0,0,n,804,Overcast clouds,c04n,1
2026/8/31 1:30,0,24.8,25.5,83,21.7,980,1.4,328,5,13,92,-56.3,18.7,0,0,0,0,0,0,n,804,Overcast clouds,c04n,1
2026/8/31 1:45,0.01,24.8,25.5,82,21.5,980,1.3,327,5.3,13,92,-55.2,25.1,0,0,0,0,0,0,n,804,Overcast clouds,c04n,1
2026/8/31 2:00,0.01,24.8,25.5,82,21.5,980,1.2,326,5.6,13,93,-54.1,31.5,0,0,0,0,0,0,n,804,Overcast clouds,c04n,2
2026/8/31 2:15,0.01,24.7,25.4,82,21.4,980,1.2,326,5.3,14,88,-51.8,36.1,0,0,0,0,0,0,n,804,Overcast clouds,c04n,2
2026/8/31 2:30,0.01,24.6,25.3,83,21.5,979,1.2,327,5,15,83,-49.5,40.6,0,0,0,0,0,0,n,804,Overcast clouds,c04n,2
2026/8/31 2:45,0,24.5,25.2,84,21.6,979,1.2,328,4.7,15,78,-47.3,45.2,0,0,0,0,0,0,n,804,Overcast clouds,c04n,2
2026/8/31 3:00,0.01,24.4,25.1,84,21.5,978,1.2,328,4.4,16,73,-45,49.7,0,0,0,0,0,0,n,804,Overcast clouds,c04n,3
2026/8/31 3:15,0.01,24.4,25.1,84,21.5,978,1.3,330,4.4,16,64,-42.1,52.8,0,0,0,0,0,0,n,803,Broken clouds,c03n,3
2026/8/31 3:30,0,24.4,25.1,83,21.3,978,1.4,333,4.4,10,56,-39.3,55.8,0,0,0,0,0,0,n,803,Broken clouds,c03n,3
2026/8/31 3:45,0,24.4,25,82,21.1,978,1.5,336,4.4,10,48,-36.4,58.9,0,0,0,0,0,0,n,803,Broken clouds,c03n,3
2026/8/31 4:00,0,24.4,25,82,21.1,978,1.6,338,4.4,10,39,-33.5,61.9,0,0,0,0,0,0,n,802,Scattered clouds,c02n,4
2026/8/31 4:15,0,24.3,25,82,21.1,978,1.5,338,4.4,12,47,-30.4,64.1,0,0,0,0,0,0,n,803,Broken clouds,c03n,4
2026/8/31 4:30,0,24.3,24.9,82,21,978,1.4,337,4.4,13,56,-27.2,66.3,0,0,0,0,0,0,n,803,Broken clouds,c03n,4
2026/8/31 4:45,0,24.2,24.8,82,20.9,978,1.3,336,4.4,13,64,-24,68.4,0,0,0,0,0,0,n,803,Broken clouds,c03n,4
2026/8/31 5:00,0.01,24.1,24.7,82,20.8,978,1.2,336,4.4,13,72,-20.8,70.6,0,0,0,0,0,0,n,804,Overcast clouds,c04n,5
2026/8/31 5:15,0.01,24.1,24.7,82,20.8,979,1.2,335,4.3,14,72,-17.5,72.3,0,0,0,0,0,0,n,804,Overcast clouds,c04n,5
2026/8/31 5:30,0,24.1,24.7,82,20.8,979,1.2,334,4.2,10,72,-14.2,74,0,0,0,0,0,0,n,804,Overcast clouds,c04n,5
2026/8/31 5:45,0.01,24.1,24.7,82,20.8,980,1.2,333,4.1,10,73,-10.9,75.7,0,0,0,0,0,0,n,804,Overcast clouds,c04n,5
2026/8/31 6:00,0,24.1,24.7,82,20.8,980,1.2,332,4,12,73,-7.5,77.4,0,0,0,0,0,0,n,804,Overcast clouds,c04n,6
2026/8/31 6:15,0.03,24.1,24.7,82,20.8,980,1.2,333,4,12,57,-4.1,78.9,16,10,13,0,0,0,d,803,Broken clouds,c03n,6
2026/8/31 6:30,0.94,24.1,24.7,83,21,980,1.2,334,4,10,40,-0.7,80.3,33,19,30,0,0,0,d,802,Scattered clouds,c02n,6
2026/8/31 6:45,3.72,24.1,24.8,84,21.2,980,1.2,335,4,10,24,2.7,81.8,49,29,46,1.7,0,0,d,802,Scattered clouds,c02n,6
2026/8/31 7:00,9.65,24.1,24.8,84,21.2,980,1.2,336,4,10,8,6.1,83.2,66,39,62,1.9,0,0,d,801,Few clouds,c02d,7
2026/8/31 7:15,19.59,24.4,25.1,84,21.5,980,1.3,336,4,12,8,9.6,84.6,123,48,115,2,0,0,d,801,Few clouds,c02d,7
2026/8/31 7:30,13.3,24.7,25.3,83,21.6,980,1.4,335,4,13,8,13,86,180,57,169,2.1,0,0,d,801,Few clouds,c02d,7
2026/8/31 7:45,53.44,24.9,25.6,82,21.6,980,1.5,334,4,13,8,16.5,87.4,237,66,222,2.2,0,0,d,801,Few clouds,c02d,7
2026/8/31 8:00,87.39,25.2,25.9,82,21.9,980,1.6,334,4,13,8,19.9,88.8,294,76,276,2.4,0,0,d,801,Few clouds,c02d,8
2026/8/31 8:15,88.22,25.4,26.1,81,21.9,981,1.7,335,4.2,14,22,23.4,90.3,354,81,330,2.4,0,0,d,802,Scattered clouds,c02d,8
2026/8/31 8:30,95.75,25.6,26.2,80,21.8,981,1.8,336,4.4,16,35,26.8,91.8,414,86,378,2.4,0,0,d,802,Scattered clouds,c02d,8
2026/8/31 8:45,123.58,25.7,26.4,79,21.8,982,1.9,337,4.6,16,48,30.3,93.4,473,92,409,2.4,0,0,d,803,Broken clouds,c03d,8
2026/8/31 9:00,87.08,25.9,26.6,78,21.8,982,2,338,4.8,16,62,33.8,94.9,533,97,406,2.3,0,0,d,803,Broken clouds,c03d,9
2026/8/31 9:15,59.55,26.1,26.8,78,22,982,2,340,5,16,67,37.2,96.8,586,100,414,2.4,0,0,d,803,Broken clouds,c03d,9
2026/8/31 9:30,91.38,26.3,27,78,22.2,982,2,341,5.2,10,72,40.6,98.7,640,104,411,2.6,0,0,d,804,Overcast clouds,c04d,9
2026/8/31 9:45,140.64,26.5,27.2,77,22.1,982,2,342,5.4,10,78,44,100.6,693,107,381,2.6,0,0,d,804,Overcast clouds,c04d,9
2026/8/31 10:00,120.65,26.7,28.9,77,22.3,982,2,344,5.6,10,83,47.4,102.5,746,111,342,2.7,0,0,d,804,Overcast clouds,c04d,10
2026/8/31 10:15,106.57,26.7,28.9,77,22.3,982,2.1,345,6.1,12,85,50.7,105.4,786,113,329,2.9,0,0,d,804,Overcast clouds,c04d,10
2026/8/31 10:30,81.47,26.7,28.9,78,22.5,982,2.2,346,6.6,10,88,54,108.4,827,115,292,3,0,0,d,804,Overcast clouds,c04d,10
2026/8/31 10:45,83.74,26.7,28.9,78,22.5,982,2.3,347,7.1,10,90,57.3,111.4,867,118,266,3.1,0,0,d,804,Overcast clouds,c04d,10
2026/8/31 11:00,102.08,26.7,28.9,78,22.5,982,2.4,348,7.6,10,92,60.6,114.3,908,120,234,3.3,0,0,d,804,Overcast clouds,c04d,11
2026/8/31 11:15,113.8,26.6,27.4,79,22.7,982,2.3,345,7.8,12,93,63.4,120.5,932,121,216,3.4,0,0,d,804,Overcast clouds,c04d,11
2026/8/31 11:30,208.44,26.5,27.3,80,22.8,982,2.2,342,8,12,94,66.2,126.7,956,122,196,3.5,0,0,d,804,Overcast clouds,c04d,11
2026/8/31 11:45,124.66,26.4,27.2,81,22.9,982,2.1,339,8.2,13,96,69,132.9,981,123,148,3.5,0,0,d,804,Overcast clouds,c04d,11
2026/8/31 12:00,129.64,26.3,27.1,82,23,982,2,336,8.4,14,97,71.9,139.1,1005,125,123,3.6,0,0,d,804,Overcast clouds,c04d,12
2026/8/31 12:15,123.8,26.2,27,82,22.9,982,1.9,336,8,14,98,72.8,152.5,1010,125,217,3.6,0,0,d,804,Overcast clouds,c04d,12
2026/8/31 12:30,30.55,26.1,26.9,83,23,982,1.8,335,7.6,10,98,73.7,165.8,1016,125,217,3.6,0,0,d,804,Overcast clouds,c04d,12
2026/8/31 12:45,76.56,26,26.8,84,23.1,982,1.7,334,7.2,10,98,74.6,179.1,1021,125,217,3.6,0,0,d,804,Overcast clouds,c04d,12
2026/8/31 13:00,34.4,25.9,26.7,84,23,982,1.6,334,6.8,10,99,75.6,192.4,1027,126,189,3.6,0,0,d,804,Overcast clouds,c04d,13
2026/8/31 13:15,19.63,25.9,26.7,84,23,982,1.5,335,6.4,10,99,73.6,202.8,1014,125,187,3.5,0,0,d,804,Overcast clouds,c04d,13
2026/8/31 13:30,9.7,25.9,26.8,85,23.2,981,1.4,336,6,10,98,71.6,213.1,1000,124,214,3.5,0,0,d,804,Overcast clouds,c04d,13
2026/8/31 13:45,64.39,25.9,26.8,86,23.4,981,1.3,337,5.6,10,98,69.6,223.4,987,124,212,3.4,0,0,d,804,Overcast clouds,c04d,13
2026/8/31 14:00,64.32,25.9,26.8,86,23.4,980,1.2,338,5.2,10,98,67.6,233.8,973,123,209,3.3,0,0,d,804,Overcast clouds,c04d,14
2026/8/31 14:15,56.09,26,26.9,86,23.5,980,1.1,339,4.8,10,97,64.5,238.2,942,121,231,3.2,0,0,d,804,Overcast clouds,c04d,14
2026/8/31 14:30,0,26.1,27,86,23.6,980,1,340,4.4,10,96,61.4,242.5,910,120,134,3.1,0,0,d,804,Overcast clouds,c04d,14
2026/8/31 14:45,24.32,26.2,27.1,86,23.7,980,0.9,341,4,10,95,58.3,246.9,879,118,154,2.9,0,0,d,804,Overcast clouds,c04d,14
2026/8/31 15:00,18.75,26.3,27.2,86,23.8,980,0.8,342,3.6,11,94,55.2,251.3,848,117,170,2.8,0,0,d,804,Overcast clouds,c04d,15
2026/8/31 15:15,15.3,26.4,27.3,86,23.9,980,0.9,343,3.5,11,94,51.8,253.7,801,114,161,2.5,0,0,d,804,Overcast clouds,c04d,15
2026/8/31 15:30,33.51,26.5,27.4,85,23.8,980,1,344,3.4,10,94,48.5,256.1,755,111,152,2.3,0,0,d,804,Overcast clouds,c04d,15
2026/8/31 15:45,0,26.6,27.5,84,23.7,980,1.1,345,3.3,10,93,45.1,258.5,708,108,161,2.1,0,0,d,804,Overcast clouds,c04d,15
2026/8/31 16:00,62.13,26.7,29.4,84,23.8,980,1.2,346,3.2,10,93,41.8,260.9,662,106,150,1.9,0,0,d,804,Overcast clouds,c04d,16
2026/8/31 16:15,34.29,26.7,29.4,84,23.8,980,1.1,345,3.3,10,94,38.3,262.6,605,102,122,1.7,0,0,d,804,Overcast clouds,c04d,16
2026/8/31 16:30,50.68,26.7,29.3,83,23.6,980,1,344,3.4,10,95,34.9,264.2,548,97,96,1.4,0,0,d,804,Overcast clouds,c04d,16
2026/8/31 16:45,28.03,26.7,29.2,82,23.4,980,0.9,343,3.5,10,96,31.4,265.9,492,93,164,1.2,0,0,d,804,Overcast clouds,c04d,16
2026/8/31 17:00,25.36,26.7,29.2,82,23.4,980,0.8,342,3.6,10,97,28,267.6,435,89,139,1.1,0,0,d,804,Overcast clouds,c04d,17
2026/8/31 17:15,13.76,26.6,27.5,82,23.3,980,0.8,256,3.5,12,97,24.5,269.1,375,83,126,1,0,0,d,804,Overcast clouds,c04d,17
2026/8/31 17:30,2.61,26.5,27.4,83,23.4,980,0.8,171,3.4,13,97,21.1,270.5,314,76,112,0.9,0,0,d,804,Overcast clouds,c04d,17
2026/8/31 17:45,5.05,26.4,27.3,84,23.5,980,0.8,86,3.3,13,97,17.6,271.9,254,70,99,0.8,0,0,d,804,Overcast clouds,c04d,17
2026/8/31 18:00,7.68,26.3,27.2,84,23.4,980,0.8,0,3.2,14,97,14.1,273.4,193,63,85,0.7,0,0,d,804,Overcast clouds,c04d,18
2026/8/31 18:15,6.21,26.3,27.2,84,23.4,980,0.7,90,2.9,14,94,10.7,274.8,146,49,77,0.7,0,0,d,804,Overcast clouds,c04d,18
2026/8/31 18:30,5.83,26.3,27.2,83,23.2,980,0.6,179,2.6,10,90,7.2,276.2,98,35,64,0.8,0,0,d,804,Overcast clouds,c04d,18
2026/8/31 18:45,2.96,26.3,27.1,82,23,980,0.5,268,2.3,10,86,3.8,277.6,50,21,40,0.8,0,0,d,804,Overcast clouds,c04n,18
2026/8/31 19:00,1.14,26.3,27.1,82,23,980,0.4,358,2,12,83,0.4,279,2,8,9,0.9,0,0,d,804,Overcast clouds,c04n,19
2026/8/31 19:15,0.11,26.2,27,82,22.9,980,0.5,270,2.2,12,81,-3,280.5,2,6,7,0,0,0,d,804,Overcast clouds,c04n,19
2026/8/31 19:30,0,26.1,26.9,81,22.6,980,0.6,182,2.4,10,80,-6.4,282,1,4,4,0,0,0,d,804,Overcast clouds,c04n,19
2026/8/31 19:45,0,26,26.7,80,22.3,980,0.7,94,2.6,10,78,-9.8,283.5,1,2,3,0,0,0,d,804,Overcast clouds,c04n,19
2026/8/31 20:00,0,25.9,26.6,80,22.2,980,0.8,6,2.8,10,76,-13.2,285.1,0,0,0,0,0,0,n,804,Overcast clouds,c04n,20
2026/8/31 20:15,0.01,25.9,26.6,79,22,981,0.9,4,3,12,74,-16.5,286.9,0,0,0,0,0,0,n,804,Overcast clouds,c04n,20
2026/8/31 20:30,0.01,25.9,26.6,78,21.8,981,1,3,3.2,13,72,-19.8,288.8,0,0,0,0,0,0,n,804,Overcast clouds,c04n,20
2026/8/31 20:45,0,25.9,26.5,76,21.3,982,1.1,2,3.4,13,70,-23,290.6,0,0,0,0,0,0,n,803,Broken clouds,c03n,20
2026/8/31 21:00,0,25.9,26.5,75,21.1,982,1.2,0,3.6,14,68,-26.3,292.4,0,0,0,0,0,0,n,803,Broken clouds,c03n,21
2026/8/31 21:15,0,25.8,26.4,74,20.8,982,1.2,0,3.6,14,58,-29.4,294.9,0,0,0,0,0,0,n,803,Broken clouds,c03n,21
2026/8/31 21:30,0,25.8,26.3,73,20.5,982,1.2,1,3.6,10,48,-32.5,297.4,0,0,0,0,0,0,n,803,Broken clouds,c03n,21
2026/8/31 21:45,0,25.7,26.2,72,20.2,982,1.2,2,3.6,10,37,-35.6,299.8,0,0,0,0,0,0,n,802,Scattered clouds,c02n,21
2026/8/31 22:00,0,25.6,26.1,71,19.9,982,1.2,2,3.6,10,27,-38.6,302.3,0,0,0,0,0,0,n,802,Scattered clouds,c02n,22
2026/8/31 22:15,0,25.5,26,71,19.9,982,1.1,91,3.5,12,21,-41.3,305.9,0,0,0,0,0,0,n,802,Scattered clouds,c02n,22
2026/8/31 22:30,0,25.4,25.8,71,19.8,982,1,180,3.4,10,15,-44,309.5,0,0,0,0,0,0,n,801,Few clouds,c02n,22
2026/8/31 22:45,0,25.3,25.7,71,19.7,982,0.9,269,3.3,10,9,-46.7,313,0,0,0,0,0,0,n,801,Few clouds,c02n,22
2026/8/31 23:00,0.01,25.2,25.6,71,19.6,982,0.8,358,3.2,12,3,-49.4,316.6,0,0,0,0,0,0,n,801,Few clouds,c02n,23
2026/8/31 23:15,0.01,25.1,25.5,72,19.7,982,0.8,356,3.1,12,5,-51.3,322,0,0,0,0,0,0,n,801,Few clouds,c02n,23
2026/8/31 23:30,0.01,25,25.4,72,19.6,982,0.8,354,3,10,7,-53.2,327.4,0,0,0,0,0,0,n,801,Few clouds,c02n,23
2026/8/31 23:45,0.01,24.9,25.3,72,19.5,982,0.8,352,2.9,10,9,-55.1,332.7,0,0,0,0,0,0,n,801,Few clouds,c02n,23
