period_start,n,corr
2019-01-01 08:00:00,3,0.9997176203242243
2019-01-01 09:00:00,4,0.996433069070437
2019-01-01 10:00:00,4,0.9990436383181157
2019-01-01 11:00:00,4,0.9974172275814172
2019-01-01 12:00:00,4,0.9982178869588887
2019-01-01 13:00:00,4,-0.5744407266680761
2019-01-01 14:00:00,4,0.9964257760653414
2019-01-01 15:00:00,4,0.9982194276758198
2019-01-01 16:00:00,4,0.9996529061578975
2019-01-01 17:00:00,4,0.9990877840350416
2019-01-01 18:00:00,3,0.9820898794385515
2019-01-02 08:00:00,3,0.9999598281160791
2019-01-02 09:00:00,4,0.996969114296326
2019-01-02 10:00:00,4,0.9991190433595977
2019-01-02 11:00:00,4,0.9976334875105505
2019-01-02 12:00:00,4,0.9994690540675752
2019-01-02 13:00:00,4,0.7547342447067444
2019-01-02 14:00:00,4,0.9914363082005447
2019-01-02 15:00:00,4,0.999539316988009
2019-01-02 16:00:00,4,0.9995909251635787
2019-01-02 17:00:00,4,0.9963610635047068
2019-01-02 18:00:00,3,0.9990960163645964
2019-01-03 08:00:00,3,0.9999332620954092
2019-01-03 09:00:00,4,0.9974107288205383
2019-01-03 10:00:00,4,0.9965003944594835
2019-01-03 11:00:00,4,0.9973199915497263
2019-01-03 12:00:00,4,0.9994608379828634
2019-01-03 13:00:00,4,0.8525849825128478
2019-01-03 14:00:00,4,0.9422623212727568
2019-01-03 15:00:00,4,0.9803764129926894
2019-01-03 16:00:00,4,0.9842970752999489
2019-01-03 17:00:00,4,0.999141372379122
2019-01-03 18:00:00,3,0.997798351479043
2019-01-04 08:00:00,3,0.9999294229331527
2019-01-04 09:00:00,4,0.9967688996838262
2019-01-04 10:00:00,4,0.9976392358354744
2019-01-04 11:00:00,4,0.9979032140308576
2019-01-04 12:00:00,4,0.9940525826922934
2019-01-04 13:00:00,4,0.8537240686884465
2019-01-04 14:00:00,4,0.9914361956280712
2019-01-04 15:00:00,4,0.9999159196650057
2019-01-04 16:00:00,4,0.997479307736796
2019-01-04 17:00:00,4,0.9987673212689435
2019-01-04 18:00:00,3,0.9990173878294716
2019-01-05 08:00:00,3,0.9979878104210305
2019-01-05 09:00:00,4,0.9966835135448313
2019-01-05 10:00:00,4,0.9976556587865678
2019-01-05 11:00:00,4,0.9963748461103948
2019-01-05 12:00:00,4,0.9532134240638058
2019-01-05 13:00:00,4,-0.8825898005468641
2019-01-05 14:00:00,4,0.9960823586466728
2019-01-05 15:00:00,4,0.9966663338329809
2019-01-05 16:00:00,4,0.9994109832559921
2019-01-05 17:00:00,4,0.9974483088031754
2019-01-05 18:00:00,3,0.9978530703270659
2019-01-06 08:00:00,3,0.9998769790835679
2019-01-06 09:00:00,4,0.9969049290158326
2019-01-06 10:00:00,4,0.9970512304844248
2019-01-06 11:00:00,4,0.9978654568219215
2019-01-06 12:00:00,4,0.9911283982219465
2019-01-06 13:00:00,4,-0.44956976290247597
2019-01-06 14:00:00,4,0.9809813450902517
2019-01-06 15:00:00,4,0.9985181951381171
2019-01-06 16:00:00,4,0.9995397114194651
2019-01-06 17:00:00,4,0.9992493267122222
2019-01-06 18:00:00,3,0.9975672042940186
2019-01-07 08:00:00,3,0.9995746766766214
2019-01-07 09:00:00,4,0.9966505456802821
2019-01-07 10:00:00,4,0.9977068207280283
2019-01-07 11:00:00,4,0.9978655536678332
2019-01-07 12:00:00,4,0.9967073992113157
2019-01-07 13:00:00,4,-0.13407422173419814
2019-01-07 14:00:00,4,0.9961206641546435
2019-01-07 15:00:00,4,0.9997816569507414
2019-01-07 16:00:00,4,0.9980197673424586
2019-01-07 17:00:00,4,0.9985262913227058
2019-01-07 18:00:00,3,0.9998714538441938
2019-01-08 09:00:00,4,0.9976402311998195
2019-01-08 10:00:00,4,0.9992247846393247
2019-01-08 11:00:00,4,0.9961502550192161
2019-01-08 12:00:00,4,0.9993376659829506
2019-01-08 13:00:00,4,0.9997516139879731
2019-01-08 14:00:00,4,0.9936897230205981
2019-01-08 15:00:00,4,0.975540169474702
2019-01-08 16:00:00,4,0.9628876651721294
2019-01-08 17:00:00,4,0.9986996321117161
2019-01-08 18:00:00,3,0.9919237285794488
2019-01-09 08:00:00,3,0.9946139082125244
2019-01-09 09:00:00,4,0.9868571646287352
2019-01-09 10:00:00,4,0.99557826477809
2019-01-09 11:00:00,4,0.9983847536568403
2019-01-09 12:00:00,4,0.8791254864835558
2019-01-09 13:00:00,4,0.5117225754813265
2019-01-09 14:00:00,4,0.7091612642060203
2019-01-09 15:00:00,4,0.9989912821900124
2019-01-09 16:00:00,4,0.9967224949954133
2019-01-09 17:00:00,4,0.6281152831814968
2019-01-09 18:00:00,4,0.9948655622610463
2019-01-10 08:00:00,3,0.9989647118816871
2019-01-10 09:00:00,4,0.9916105841440896
2019-01-10 10:00:00,4,0.9990031583747684
2019-01-10 11:00:00,4,0.9980823286751436
2019-01-10 12:00:00,4,0.999932091736171
2019-01-10 13:00:00,4,0.7732174949953625
2019-01-10 14:00:00,4,0.9383184915996615
2019-01-10 15:00:00,4,0.9926593062394612
2019-01-10 16:00:00,4,0.9867057803018128
2019-01-10 17:00:00,4,0.9434784471008493
2019-01-10 18:00:00,4,0.9994452060105135
2019-01-11 08:00:00,3,0.9989811325253738
2019-01-11 09:00:00,4,0.9963807391718394
2019-01-11 10:00:00,4,0.9975948610287828
2019-01-11 11:00:00,4,0.9982375790841259
2019-01-11 12:00:00,4,0.9947042987749667
2019-01-11 13:00:00,4,0.103686003267958
2019-01-11 14:00:00,4,0.9909110148704326
2019-01-11 15:00:00,4,0.9963840386993313
2019-01-11 16:00:00,4,0.9993705175968998
2019-01-11 17:00:00,4,0.9978874353696039
2019-01-11 18:00:00,3,0.9994578311856819
2019-01-12 08:00:00,3,0.9979188333185088
2019-01-12 09:00:00,4,0.9975845339470931
2019-01-12 10:00:00,4,0.9979584819410002
2019-01-12 11:00:00,4,0.9969983451403507
2019-01-12 12:00:00,4,0.9987389250819995
2019-01-12 13:00:00,4,-0.7296418318730289
2019-01-12 14:00:00,4,0.9934367391513246
2019-01-12 15:00:00,4,0.9997926326593847
2019-01-12 16:00:00,4,0.9999054562526974
2019-01-12 17:00:00,4,0.9992393114306746
2019-01-12 18:00:00,4,0.9987945118730692
2019-01-13 08:00:00,3,0.9988472334799
2019-01-13 09:00:00,4,0.9977238412325153
2019-01-13 10:00:00,4,0.9972266802877615
2019-01-13 11:00:00,4,0.9958488097392171
2019-01-13 12:00:00,4,0.9982461439593983
2019-01-13 13:00:00,4,-0.999972142132886
2019-01-13 14:00:00,4,0.9809023431841026
2019-01-13 15:00:00,4,0.9999843223316056
2019-01-13 16:00:00,4,0.9995160116520919
2019-01-13 17:00:00,4,0.9896796854062694
2019-01-13 18:00:00,4,0.9984562386624286
2019-01-14 08:00:00,3,0.9981130149828039
2019-01-14 09:00:00,4,0.9941982814133747
2019-01-14 10:00:00,4,0.9992636927075293
2019-01-14 11:00:00,4,0.9962314905453282
2019-01-14 12:00:00,4,0.9924612548064131
2019-01-14 13:00:00,4,0.9867123535251647
2019-01-14 14:00:00,4,0.9949849529053629
2019-01-14 15:00:00,4,0.9956666213901366
2019-01-14 16:00:00,4,0.9978380729070208
2019-01-14 17:00:00,4,0.9981321324802245
2019-01-14 18:00:00,4,0.999876341727081
2019-01-15 08:00:00,3,0.9954211202068894
2019-01-15 09:00:00,4,0.9987157588676548
2019-01-15 10:00:00,4,0.49975429154119205
2019-01-15 11:00:00,4,0.9969212599800885
2019-01-15 12:00:00,4,0.8898850992560455
2019-01-15 13:00:00,4,
2019-01-15 14:00:00,4,
2019-01-15 15:00:00,4,
2019-01-15 16:00:00,4,
2019-01-15 17:00:00,4,0.6958777928112383
2019-01-15 18:00:00,4,0.9917946216227429
2019-01-16 08:00:00,3,0.9957203641349861
2019-01-16 09:00:00,4,0.9982569029265951
2019-01-16 10:00:00,4,0.9977564570159398
2019-01-16 11:00:00,4,0.9941887799204016
2019-01-16 12:00:00,4,0.9929440870576677
2019-01-16 13:00:00,4,0.916681562741914
2019-01-16 14:00:00,4,0.9087791678347635
2019-01-16 15:00:00,4,0.9977660814198088
2019-01-16 16:00:00,4,0.9953508699800759
2019-01-16 17:00:00,4,0.9975120258293995
2019-01-16 18:00:00,4,0.9977518163152
2019-01-17 08:00:00,3,0.995120487506001
2019-01-17 09:00:00,4,0.9977087409463774
2019-01-17 10:00:00,4,0.9981734602639328
2019-01-17 11:00:00,4,0.9988376069973663
2019-01-17 12:00:00,4,0.977476882185176
2019-01-17 13:00:00,4,0.9243143476185387
2019-01-17 14:00:00,4,0.9368134468415958
2019-01-17 15:00:00,4,0.9986650666917134
2019-01-17 16:00:00,4,0.9969854039827302
2019-01-17 17:00:00,4,0.9976732745841225
2019-01-17 18:00:00,4,0.9981164617700128
2019-01-18 08:00:00,3,0.9971795963004062
2019-01-18 09:00:00,4,0.9980175419112549
2019-01-18 10:00:00,4,0.9984721293060868
2019-01-18 11:00:00,4,0.9974949762367874
2019-01-18 12:00:00,4,0.992655535832949
2019-01-18 13:00:00,4,-0.5498116910741456
2019-01-18 14:00:00,4,0.46249810255399426
2019-01-18 15:00:00,4,0.9998209730967276
2019-01-18 16:00:00,4,0.9998543061445163
2019-01-18 17:00:00,4,0.9972016719970616
2019-01-18 18:00:00,4,0.9984502964058163
2019-01-19 08:00:00,3,0.9978278330348164
2019-01-19 09:00:00,4,0.9980459530971281
2019-01-19 10:00:00,4,0.9991851547653581
2019-01-19 11:00:00,4,0.9964864822982334
2019-01-19 12:00:00,4,0.9963083127845678
2019-01-19 13:00:00,4,0.3535983409907063
2019-01-19 14:00:00,4,0.9131131193308392
2019-01-19 15:00:00,4,0.9999383668482205
2019-01-19 16:00:00,4,0.997450766414642
2019-01-19 17:00:00,4,0.9966366205897556
2019-01-19 18:00:00,4,0.9986267018851132
2019-01-20 08:00:00,3,0.9972526118663743
2019-01-20 09:00:00,4,0.9973868952452527
2019-01-20 10:00:00,4,0.9983187126305791
2019-01-20 11:00:00,4,0.994877777395138
2019-01-20 12:00:00,4,0.9969374429880209
2019-01-20 13:00:00,4,0.9010729839580089
2019-01-20 14:00:00,4,0.9441223434270283
2019-01-20 15:00:00,4,0.9996777508827854
2019-01-20 16:00:00,4,0.9989023233764083
2019-01-20 17:00:00,4,0.9801994917523863
2019-01-20 18:00:00,4,0.9986859854512842
2019-01-21 08:00:00,3,0.9941581368460153
2019-01-21 09:00:00,4,0.9980720002972187
2019-01-21 10:00:00,4,0.9993837015358753
2019-01-21 11:00:00,4,0.9992061494677502
2019-01-21 12:00:00,4,0.9983776308251195
2019-01-21 13:00:00,4,0.5978828133511166
2019-01-21 14:00:00,4,0.9287157004257315
2019-01-21 15:00:00,4,0.9755908154954372
2019-01-21 16:00:00,4,0.9983341264323924
2019-01-21 17:00:00,4,0.9434941846907927
2019-01-21 18:00:00,4,0.9986708524691201
2019-01-22 08:00:00,3,0.9933133030742148
2019-01-22 09:00:00,4,0.9971743483896058
2019-01-22 10:00:00,4,0.9436700139609182
2019-01-22 11:00:00,4,0.4759379381931955
2019-01-22 12:00:00,4,0.9967890742170683
2019-01-22 13:00:00,4,0.9562742454903683
2019-01-22 14:00:00,4,0.11685299314704159
2019-01-22 15:00:00,4,0.9509878753856866
2019-01-22 16:00:00,4,0.9995914870147283
2019-01-22 17:00:00,4,0.9947079835656444
2019-01-22 18:00:00,4,0.9982077188400296
2019-01-23 08:00:00,3,0.9916109785213995
2019-01-23 09:00:00,4,0.9988179052311444
2019-01-23 10:00:00,4,0.99955928073641
2019-01-23 11:00:00,4,0.9974961015404815
2019-01-23 12:00:00,4,0.9972957116371307
2019-01-23 13:00:00,4,0.5640093712575878
2019-01-23 14:00:00,4,0.9567342675612216
2019-01-23 15:00:00,4,0.9993639323560637
2019-01-23 16:00:00,4,0.9993881095735374
2019-01-23 17:00:00,4,0.9980559111215198
2019-01-23 18:00:00,4,0.9991149541837453
2019-01-24 08:00:00,3,0.9861137468569767
2019-01-24 09:00:00,4,0.9984023526668538
2019-01-24 10:00:00,4,0.9987613444400756
2019-01-24 11:00:00,4,0.9971032379263182
2019-01-24 12:00:00,4,0.9997016609815459
2019-01-24 13:00:00,4,-0.35296195859122104
2019-01-24 14:00:00,4,0.9787304639732377
2019-01-24 15:00:00,4,0.9990150226991636
2019-01-24 16:00:00,4,0.9990396299614767
2019-01-24 17:00:00,4,0.99800874327934
2019-01-24 18:00:00,4,0.9992190378725109
2019-01-25 08:00:00,3,0.9862078632559832
2019-01-25 09:00:00,4,0.9984673492441526
2019-01-25 10:00:00,4,0.9990930953691332
2019-01-25 11:00:00,4,0.9973697550019021
2019-01-25 12:00:00,4,0.9809931852735329
2019-01-25 13:00:00,4,0.5585125069430323
2019-01-25 14:00:00,4,0.958286911322266
2019-01-25 15:00:00,4,0.999467244303409
2019-01-25 16:00:00,4,0.99955405055796
2019-01-25 17:00:00,4,0.9975472749438047
2019-01-25 18:00:00,4,0.9993596664217178
2019-01-26 08:00:00,3,0.9839450499240131
2019-01-26 09:00:00,4,0.9987263542705529
2019-01-26 10:00:00,4,0.9988311600291446
2019-01-26 11:00:00,4,0.9972542545381252
2019-01-26 12:00:00,4,0.9987717423073608
2019-01-26 13:00:00,4,0.7803768396233969
2019-01-26 14:00:00,4,0.9636933230358997
2019-01-26 15:00:00,4,0.9995975292392029
2019-01-26 16:00:00,4,0.9987865983608301
2019-01-26 17:00:00,4,0.998793993555468
2019-01-26 18:00:00,4,0.9994143971333099
2019-01-27 08:00:00,3,0.9862406709243895
2019-01-27 09:00:00,4,0.9982830405467498
2019-01-27 10:00:00,4,0.9992747573524642
2019-01-27 11:00:00,4,0.9965576820828834
2019-01-27 12:00:00,4,0.9963200167855755
2019-01-27 13:00:00,4,0.5994293623369839
2019-01-27 14:00:00,4,0.9665942054426462
2019-01-27 15:00:00,4,0.9991057894634922
2019-01-27 16:00:00,4,0.9989043913234895
2019-01-27 17:00:00,4,0.9983741203862435
2019-01-27 18:00:00,4,0.9995629695243813
2019-01-28 08:00:00,3,0.9927804163298937
2019-01-28 09:00:00,4,0.998523193964116
2019-01-28 10:00:00,4,0.9992603573392217
2019-01-28 11:00:00,4,0.996027027870263
2019-01-28 12:00:00,4,0.9954693330864768
2019-01-28 13:00:00,4,0.9235624480093969
2019-01-28 14:00:00,4,0.9651516670198707
2019-01-28 15:00:00,4,0.9983152294447588
2019-01-28 16:00:00,4,0.9985670574018454
2019-01-28 17:00:00,4,0.9823143524940622
2019-01-28 18:00:00,4,0.8722251812590673
2019-01-29 08:00:00,3,0.998742880757639
2019-01-29 09:00:00,4,0.9988627377148376
2019-01-29 10:00:00,4,0.9998716712586332
2019-01-29 11:00:00,4,0.9970807358055729
2019-01-29 12:00:00,4,0.9923242161444958
2019-01-29 13:00:00,4,0.945179024780939
2019-01-29 14:00:00,4,0.576774700232177
2019-01-29 15:00:00,4,0.9968869247738155
2019-01-29 16:00:00,4,0.9904123965598188
2019-01-29 17:00:00,4,0.9765086424218131
2019-01-29 18:00:00,4,0.9998808831744912
2019-01-30 09:00:00,4,0.9995369683116273
2019-01-30 10:00:00,4,0.9774043821209156
2019-01-30 11:00:00,4,0.9991224466266299
2019-01-30 12:00:00,4,0.9980879804765476
2019-01-30 13:00:00,4,0.9988197049498303
2019-01-30 14:00:00,4,0.9804115797263324
2019-01-30 15:00:00,4,0.9042496809031445
2019-01-30 16:00:00,4,0.8888786151671594
2019-01-30 17:00:00,4,0.8799050115969841
2019-01-30 18:00:00,4,0.9961359102673294
2019-01-31 08:00:00,3,0.9504106467385085
2019-01-31 09:00:00,4,0.9987372353823951
2019-01-31 10:00:00,4,0.9993720897511424
2019-01-31 11:00:00,4,0.9969191709179214
2019-01-31 12:00:00,4,0.9986584046032122
2019-01-31 13:00:00,4,0.46517511969237035
2019-01-31 14:00:00,4,0.9498312928953717
2019-01-31 15:00:00,4,0.9975981172709335
2019-01-31 16:00:00,4,0.9988600410016372
2019-01-31 17:00:00,4,0.9975142364595915
2019-01-31 18:00:00,4,0.9995522662927561
2019-02-01 08:00:00,3,0.9649551510197052
2019-02-01 09:00:00,4,0.9983562339407543
2019-02-01 10:00:00,4,0.9988869803039486
2019-02-01 11:00:00,4,0.9958706424685344
2019-02-01 12:00:00,4,0.9865741933961578
2019-02-01 13:00:00,4,0.3087003642411597
2019-02-01 14:00:00,4,-0.3014123333798402
2019-02-01 15:00:00,4,0.9973935760193554
2019-02-01 16:00:00,4,0.9982537456380761
2019-02-01 17:00:00,4,0.9987850072343033
2019-02-01 18:00:00,4,0.9997653519219997
2019-02-02 08:00:00,3,0.9450343219165794
2019-02-02 09:00:00,4,0.9985034109262108
2019-02-02 10:00:00,4,0.999454847453454
2019-02-02 11:00:00,4,0.9934405767426043
2019-02-02 12:00:00,4,0.9903316120315829
2019-02-02 13:00:00,4,0.8555384969117411
2019-02-02 14:00:00,4,0.9608075695854921
2019-02-02 15:00:00,4,0.996846446545909
2019-02-02 16:00:00,4,0.9996953012507606
2019-02-02 17:00:00,4,0.9981961666454032
2019-02-02 18:00:00,4,0.9998406993339262
2019-02-03 08:00:00,3,0.919288950518716
2019-02-03 09:00:00,4,0.9986867469873545
2019-02-03 10:00:00,4,0.9988254141856395
2019-02-03 11:00:00,4,0.9953463765429372
2019-02-03 12:00:00,4,0.9917255145957729
2019-02-03 13:00:00,4,0.23562316977686557
2019-02-03 14:00:00,4,0.8340814567705169
2019-02-03 15:00:00,4,0.9949420499439141
2019-02-03 16:00:00,4,0.999349823520091
2019-02-03 17:00:00,4,0.9987748461148533
2019-02-03 18:00:00,4,0.9996712189285901
2019-02-04 08:00:00,3,0.9594155836593659
2019-02-04 09:00:00,4,0.9943582286157565
2019-02-04 10:00:00,4,0.9879819010463912
2019-02-04 11:00:00,4,0.9958657424004581
2019-02-04 12:00:00,4,0.9909317151688415
2019-02-04 13:00:00,4,0.9117311120868468
2019-02-04 14:00:00,4,0.9734271389972682
2019-02-04 15:00:00,4,0.9975726752504361
2019-02-04 16:00:00,4,0.9996107749188045
2019-02-04 17:00:00,4,0.9971726687868722
2019-02-04 18:00:00,4,0.9998341445138588
2019-02-05 08:00:00,4,0.9935889070573668
2019-02-05 09:00:00,4,0.9902339844594245
2019-02-05 10:00:00,4,0.9988694116900008
2019-02-05 11:00:00,4,0.9938921358545743
2019-02-05 12:00:00,4,0.986828094597959
2019-02-05 13:00:00,4,0.9427102727104433
2019-02-05 14:00:00,4,0.9657816936655678
2019-02-05 15:00:00,4,0.9984370106062
2019-02-05 16:00:00,4,0.9994894538136532
2019-02-05 17:00:00,4,0.9982967954604306
2019-02-05 18:00:00,4,0.9997174514504897
2019-02-06 08:00:00,4,0.9942705076036662
2019-02-06 09:00:00,4,0.9863117153305355
2019-02-06 10:00:00,4,0.9992704527058602
2019-02-06 11:00:00,4,0.996088672583844
2019-02-06 12:00:00,4,0.9958767260609545
2019-02-06 13:00:00,4,0.5540315015582845
2019-02-06 14:00:00,4,0.9569182809459033
2019-02-06 15:00:00,4,0.9988056594319394
2019-02-06 16:00:00,4,0.9999797803737261
2019-02-06 17:00:00,4,0.9983694962250557
2019-02-06 18:00:00,4,0.999731199624878
2019-02-07 08:00:00,4,0.9893065913420339
2019-02-07 09:00:00,4,0.9866004127212255
2019-02-07 10:00:00,4,0.9994059077130044
2019-02-07 11:00:00,4,0.9943838885704552
2019-02-07 12:00:00,4,0.9935384424575138
2019-02-07 13:00:00,4,0.8959087680219754
2019-02-07 14:00:00,4,0.9908264564317576
2019-02-07 15:00:00,4,0.994490772160872
2019-02-07 16:00:00,4,0.9983661485694958
2019-02-07 17:00:00,4,0.9980607617924662
2019-02-07 18:00:00,4,0.9999288161039129
2019-02-08 08:00:00,4,0.9653828837740606
2019-02-08 09:00:00,4,0.9869336627841095
2019-02-08 10:00:00,4,0.9986152938562889
2019-02-08 11:00:00,4,0.995369086055262
2019-02-08 12:00:00,4,0.9978412506199975
2019-02-08 13:00:00,4,0.8334269578483836
2019-02-08 14:00:00,4,0.9641906761899001
2019-02-08 15:00:00,4,0.9917539683286216
2019-02-08 16:00:00,4,0.9988884523744552
2019-02-08 17:00:00,4,0.99939466239324
2019-02-08 18:00:00,4,0.9997216269814667
2019-02-09 08:00:00,4,0.9718166386655723
2019-02-09 09:00:00,4,0.9884569517894858
2019-02-09 10:00:00,4,0.9995427674016674
2019-02-09 11:00:00,4,0.9948017891086486
2019-02-09 12:00:00,4,0.9956983334854715
2019-02-09 13:00:00,4,0.3721287059088326
2019-02-09 14:00:00,4,0.9978212375072584
2019-02-09 15:00:00,4,0.9874133198627911
2019-02-09 16:00:00,4,0.9966775356817357
2019-02-09 17:00:00,4,0.9435476149948766
2019-02-09 18:00:00,4,0.9960585322786822
2019-02-10 08:00:00,4,0.93164600239864
2019-02-10 09:00:00,4,0.9997185692556142
2019-02-10 10:00:00,4,0.9997275415524027
2019-02-10 11:00:00,4,0.9964538272600364
2019-02-10 12:00:00,4,0.9976824179203331
2019-02-10 13:00:00,4,0.238043461215032
2019-02-10 14:00:00,4,0.6698727746326757
2019-02-10 15:00:00,4,0.9970534001082538
2019-02-10 16:00:00,4,0.9996965718909887
2019-02-10 17:00:00,4,0.9392980391526956
2019-02-10 18:00:00,4,0.9994066328516089
2019-02-11 08:00:00,4,0.9717292706517866
2019-02-11 09:00:00,4,0.9976100506231795
2019-02-11 10:00:00,4,0.9993618676698522
2019-02-11 11:00:00,4,0.9976991729301141
2019-02-11 12:00:00,4,0.9996195773363815
2019-02-11 13:00:00,4,0.8952140157683873
2019-02-11 14:00:00,4,0.9807446643065119
2019-02-11 15:00:00,4,0.9948604621819227
2019-02-11 16:00:00,4,0.9882330885801314
2019-02-11 17:00:00,4,0.9940146221435957
2019-02-11 18:00:00,4,0.9996327414589511
2019-02-12 08:00:00,4,0.9760046066280573
2019-02-12 09:00:00,4,0.9984442419081864
2019-02-12 10:00:00,4,0.9959171693394718
2019-02-12 11:00:00,4,0.9956721859634627
2019-02-12 12:00:00,4,0.9912879859262008
2019-02-12 13:00:00,4,0.729101367418835
2019-02-12 14:00:00,4,0.886503216523132
2019-02-12 15:00:00,4,0.9688413414992303
2019-02-12 16:00:00,4,0.9979947924602258
2019-02-12 17:00:00,4,0.9974967966649465
2019-02-12 18:00:00,4,0.9998913401447674
2019-02-13 08:00:00,4,0.9829489019568122
2019-02-13 09:00:00,4,0.9975881640497736
2019-02-13 10:00:00,4,0.9991015609196777
2019-02-13 11:00:00,4,0.9964503408698329
2019-02-13 12:00:00,4,0.996703871371493
2019-02-13 13:00:00,4,0.9800066069172831
2019-02-13 14:00:00,4,0.9712740323416948
2019-02-13 15:00:00,4,0.9978100010245782
2019-02-13 16:00:00,4,0.9998695298557453
2019-02-13 17:00:00,4,0.9982172797295811
2019-02-13 18:00:00,4,0.9996189160059806
2019-02-14 08:00:00,4,0.9941600971169512
2019-02-14 09:00:00,4,0.998169423736856
2019-02-14 10:00:00,4,0.9987703013070647
2019-02-14 11:00:00,4,0.9953108178186796
2019-02-14 12:00:00,4,0.9956741380869565
2019-02-14 13:00:00,4,0.8324769380428071
2019-02-14 14:00:00,4,0.9839307005053441
2019-02-14 15:00:00,4,0.9959770677535891
2019-02-14 16:00:00,4,0.9980855709309917
2019-02-14 17:00:00,4,0.9984485570050301
2019-02-14 18:00:00,4,0.999780499942741
2019-02-15 08:00:00,4,0.9973805003403708
2019-02-15 09:00:00,4,0.9981068365363289
2019-02-15 10:00:00,4,0.9993753769451996
2019-02-15 11:00:00,4,0.9948295021768746
2019-02-15 12:00:00,4,0.9938567726414952
2019-02-15 13:00:00,4,0.636986203053037
2019-02-15 14:00:00,4,0.9697921568812397
2019-02-15 15:00:00,4,0.9949426224430302
2019-02-15 16:00:00,4,0.9997433002230032
2019-02-15 17:00:00,4,0.9948945524444925
2019-02-15 18:00:00,4,0.9930989278719813
2019-02-16 08:00:00,4,0.9984369387754123
2019-02-16 09:00:00,4,0.9984508966439268
2019-02-16 10:00:00,4,0.9997759995215677
2019-02-16 11:00:00,4,0.9961545878088465
2019-02-16 12:00:00,4,0.9791931561383177
2019-02-16 13:00:00,4,0.9528854357473544
2019-02-16 14:00:00,4,0.9733241087502486
2019-02-16 15:00:00,4,0.7899417556700753
2019-02-16 16:00:00,4,0.9993700846263056
2019-02-16 17:00:00,4,0.9952704556908671
2019-02-16 18:00:00,4,0.999815558763781
2019-02-17 09:00:00,4,0.9991061495670143
2019-02-17 10:00:00,4,0.9985921844995491
2019-02-17 11:00:00,4,0.9785213541005926
2019-02-17 12:00:00,4,0.9993220648119737
2019-02-17 13:00:00,4,0.999656681534282
2019-02-17 14:00:00,4,0.9986233881982776
2019-02-17 15:00:00,4,0.9950890755791614
2019-02-17 16:00:00,4,0.9805597547043874
2019-02-17 17:00:00,4,0.9409262283950834
2019-02-17 18:00:00,4,0.9986454984251041
2019-02-18 08:00:00,4,0.999657485382548
2019-02-18 09:00:00,4,0.998691095879043
2019-02-18 10:00:00,4,0.9978887520354731
2019-02-18 11:00:00,4,0.9968718319645646
2019-02-18 12:00:00,4,0.8268093496313496
2019-02-18 13:00:00,4,0.9611689665980099
2019-02-18 14:00:00,4,0.5361439709412162
2019-02-18 15:00:00,4,0.8725938842132714
2019-02-18 16:00:00,4,0.6629461703975559
2019-02-18 17:00:00,4,0.9457436443290262
2019-02-18 18:00:00,4,0.9949319256611449
2019-02-19 08:00:00,4,0.9989377038482198
2019-02-19 09:00:00,4,0.999841160798098
2019-02-19 10:00:00,4,0.8815466810093664
2019-02-19 11:00:00,4,0.9996443386286927
2019-02-19 12:00:00,4,0.9810067092950405
2019-02-19 13:00:00,4,0.8869102626309332
2019-02-19 14:00:00,4,0.9988926029523865
2019-02-19 15:00:00,4,0.984763527960138
2019-02-19 16:00:00,4,0.5652993024948355
2019-02-19 17:00:00,4,0.9695783516095751
2019-02-19 18:00:00,4,0.9734560519174275
2019-02-20 08:00:00,4,0.99893931619231
2019-02-20 09:00:00,4,0.9981754066286934
2019-02-20 10:00:00,4,0.9986552778119154
2019-02-20 11:00:00,4,0.9988006582884753
2019-02-20 12:00:00,4,0.984231188535001
2019-02-20 13:00:00,4,0.8042657352935191
2019-02-20 14:00:00,4,0.9999744525785794
2019-02-20 15:00:00,4,0.9648484522956763
2019-02-20 16:00:00,4,0.947953715982765
2019-02-20 17:00:00,4,0.9910614074216568
2019-02-20 18:00:00,4,0.9961375752256125
2019-02-21 08:00:00,4,0.9984198570614653
2019-02-21 09:00:00,4,0.9985222448838711
2019-02-21 10:00:00,4,0.9999919100046033
2019-02-21 11:00:00,4,0.9951164396239379
2019-02-21 12:00:00,4,0.9969316811597201
2019-02-21 13:00:00,4,0.9070473954895543
2019-02-21 14:00:00,4,0.9584288453099558
2019-02-21 15:00:00,4,0.9960393677541519
2019-02-21 16:00:00,4,0.9992404333716465
2019-02-21 17:00:00,4,0.999342368676189
2019-02-21 18:00:00,4,0.9999608332130882
2019-02-22 08:00:00,4,0.9993396398567109
2019-02-22 09:00:00,4,0.9990544581542432
2019-02-22 10:00:00,4,0.9997528401748506
2019-02-22 11:00:00,4,0.99681403562283
2019-02-22 12:00:00,4,0.9762307988083332
2019-02-22 13:00:00,4,0.9265104677524217
2019-02-22 14:00:00,4,0.9899212375163553
2019-02-22 15:00:00,4,0.998308796979647
2019-02-22 16:00:00,4,0.9954791399787746
2019-02-22 17:00:00,4,0.9862482268322588
2019-02-22 18:00:00,4,0.9195573339888301
2019-02-23 08:00:00,4,0.996940708502397
2019-02-23 09:00:00,4,0.9963468923533191
2019-02-23 10:00:00,4,0.9998219762967064
2019-02-23 11:00:00,4,0.9983441569343356
2019-02-23 12:00:00,4,0.9869009607541597
2019-02-23 13:00:00,4,0.5305634607888362
2019-02-23 14:00:00,4,0.9602621817503388
2019-02-23 15:00:00,4,0.9833966199474075
2019-02-23 16:00:00,4,0.9952277460563517
2019-02-23 17:00:00,4,0.7846977096352277
2019-02-23 18:00:00,4,0.9990470656525436
2019-02-24 08:00:00,3,0.9992776474629088
2019-02-24 09:00:00,4,0.9969192085757079
2019-02-24 10:00:00,4,0.999557215873092
2019-02-24 11:00:00,4,0.9985064343134663
2019-02-24 12:00:00,4,0.9959427137025958
2019-02-24 13:00:00,4,0.18350864193143343
2019-02-24 14:00:00,4,0.37572413303490193
2019-02-24 15:00:00,4,0.9995626595067727
2019-02-24 16:00:00,4,0.9489456390912128
2019-02-24 17:00:00,4,0.9989505489834667
2019-02-24 18:00:00,4,0.9998560472206236
2019-02-25 08:00:00,4,0.9997117140485262
2019-02-25 09:00:00,4,0.9971812235763381
2019-02-25 10:00:00,4,0.998095440694352
2019-02-25 11:00:00,4,0.9218921817758866
2019-02-25 12:00:00,4,0.9929743515353565
2019-02-25 13:00:00,4,0.752089484223304
2019-02-25 14:00:00,4,0.42031227660916726
2019-02-25 15:00:00,4,0.8687368801784341
2019-02-25 16:00:00,4,0.9858837502947767
2019-02-25 17:00:00,4,0.8523855518112103
2019-02-25 18:00:00,4,0.9995563052746265
2019-02-26 08:00:00,4,0.9978906305230539
2019-02-26 09:00:00,4,0.997948377092569
2019-02-26 10:00:00,4,0.7745966692414834
2019-02-26 11:00:00,4,0.9687510144819931
2019-02-26 12:00:00,4,0.9697449908257516
2019-02-26 13:00:00,4,0.9974302236566165
2019-02-26 14:00:00,4,-0.6807757323900533
2019-02-26 15:00:00,4,0.9899507007244948
2019-02-26 16:00:00,4,0.8777694852927903
2019-02-26 17:00:00,4,0.9860408672541842
2019-02-26 18:00:00,4,0.9992950256858864
2019-02-27 08:00:00,4,0.9961779580139303
2019-02-27 09:00:00,4,0.9866042360807618
2019-02-27 10:00:00,4,0.9979671290726106
2019-02-27 11:00:00,4,0.9891643282619059
2019-02-27 12:00:00,4,0.9758756369402369
2019-02-27 13:00:00,4,0.8950158978206172
2019-02-27 14:00:00,4,0.9912159919436846
2019-02-27 15:00:00,4,0.9991282180173693
2019-02-27 16:00:00,4,0.9888191195853322
2019-02-27 17:00:00,4,0.9131239983123793
2019-02-27 18:00:00,4,0.9993242689906124
2019-02-28 08:00:00,4,0.999142380077066
2019-02-28 09:00:00,4,0.9987206042144128
2019-02-28 10:00:00,4,0.9830496448759628
2019-02-28 11:00:00,4,0.9978866088708275
2019-02-28 12:00:00,4,0.9744702548721471
2019-02-28 13:00:00,4,0.9832458455229993
2019-02-28 14:00:00,4,0.11188697175684628
2019-02-28 15:00:00,4,0.9942740854918877
2019-02-28 16:00:00,4,0.9947965878833298
2019-02-28 17:00:00,4,0.9897273929099861
2019-02-28 18:00:00,4,0.9994956861567827
2019-03-01 08:00:00,4,0.9993000579994199
2019-03-01 09:00:00,4,0.9895953164258772
2019-03-01 10:00:00,4,0.9805910717893902
2019-03-01 11:00:00,4,0.9936923501948003
2019-03-01 12:00:00,4,0.9962162029375127
2019-03-01 13:00:00,4,0.9953328864034949
2019-03-01 14:00:00,4,0.9971457285981814
2019-03-01 15:00:00,4,0.9919250340966731
2019-03-01 16:00:00,4,0.9993755229909265
2019-03-01 17:00:00,4,0.9687772106695018
2019-03-01 18:00:00,4,0.9985532726602685
2019-03-02 08:00:00,4,0.9982075741990728
2019-03-02 09:00:00,4,0.9962919198535873
2019-03-02 10:00:00,4,0.9987898342193526
2019-03-02 11:00:00,4,0.9968917208690354
2019-03-02 12:00:00,4,0.8901178522674591
2019-03-02 13:00:00,4,0.8531012108009892
2019-03-02 14:00:00,4,0.9817418616900377
2019-03-02 15:00:00,4,0.9946178877293588
2019-03-02 16:00:00,4,0.9935169449065642
2019-03-02 17:00:00,4,0.9693051255606023
2019-03-02 18:00:00,4,0.9974620011895277
2019-03-03 08:00:00,4,0.994340785638403
2019-03-03 09:00:00,4,0.9971920477933672
2019-03-03 10:00:00,4,0.9936699647582237
2019-03-03 11:00:00,4,0.9939595917163022
2019-03-03 12:00:00,4,0.9705850137498605
2019-03-03 13:00:00,4,0.8767751374959266
2019-03-03 14:00:00,4,0.9315846314603371
2019-03-03 15:00:00,4,0.9867802164880192
2019-03-03 16:00:00,4,0.997183044941963
2019-03-03 17:00:00,4,0.9892422327043167
2019-03-03 18:00:00,4,0.9950162796468516
2019-03-04 08:00:00,4,0.9998368455042808
2019-03-04 09:00:00,4,0.9994264729274113
2019-03-04 10:00:00,4,0.977446478739048
2019-03-04 11:00:00,4,0.9951355138942082
2019-03-04 12:00:00,4,0.9969890824052827
2019-03-04 13:00:00,4,0.978602218082918
2019-03-04 14:00:00,4,0.9979839765898789
2019-03-04 15:00:00,4,0.8734972131376717
2019-03-04 16:00:00,4,0.9544239995006771
2019-03-04 17:00:00,4,0.9886918242271153
2019-03-04 18:00:00,4,0.9975272705934739
2019-03-05 08:00:00,4,0.9898080836825532
2019-03-05 09:00:00,4,0.987669685839581
2019-03-05 10:00:00,4,0.9441739604841105
2019-03-05 11:00:00,4,0.9223200321152755
2019-03-05 12:00:00,4,0.988603030248619
2019-03-05 13:00:00,4,0.9814328389422573
2019-03-05 14:00:00,4,0.9938882066337195
2019-03-05 15:00:00,4,0.997081037116327
2019-03-05 16:00:00,4,0.9647898654559278
2019-03-05 17:00:00,4,0.9993398763498873
2019-03-05 18:00:00,4,0.9983051946036334
2019-03-06 08:00:00,4,0.9908476855941041
2019-03-06 09:00:00,4,0.9981662335479812
2019-03-06 10:00:00,4,0.999424231792662
2019-03-06 11:00:00,4,0.9976505776910549
2019-03-06 12:00:00,4,0.9931820311352717
2019-03-06 13:00:00,4,0.828675776525265
2019-03-06 14:00:00,4,0.9661837071866999
2019-03-06 15:00:00,4,0.9982792097236041
2019-03-06 16:00:00,4,0.9076846473218215
2019-03-06 17:00:00,4,0.9932392384239469
2019-03-06 18:00:00,4,0.9982410833429953
2019-03-07 08:00:00,4,0.999630122852585
2019-03-07 09:00:00,4,0.9978845951694719
2019-03-07 10:00:00,4,0.6854299012922659
2019-03-07 11:00:00,4,0.9861537405965723
2019-03-07 12:00:00,4,0.9830006702866239
2019-03-07 13:00:00,4,0.8946439569397354
2019-03-07 14:00:00,4,0.9971566691265257
2019-03-07 15:00:00,4,0.5358141294545681
2019-03-07 16:00:00,4,0.9623939061077197
2019-03-07 17:00:00,4,0.9755820696909723
2019-03-07 18:00:00,4,0.9998721398345951
2019-03-08 08:00:00,4,0.9991793362263705
2019-03-08 09:00:00,4,0.9966902612669142
2019-03-08 10:00:00,4,0.9984363966330052
2019-03-08 11:00:00,4,0.9828236163893133
2019-03-08 12:00:00,4,0.9643801087018333
2019-03-08 13:00:00,4,0.9570800386372605
2019-03-08 14:00:00,4,0.9805294602927357
2019-03-08 15:00:00,4,0.9781840119568477
2019-03-08 16:00:00,4,0.9947326626253843
2019-03-08 17:00:00,4,0.9983406207156699
2019-03-08 18:00:00,4,0.9998694746732812
2019-03-09 08:00:00,4,0.9988731539497363
2019-03-09 09:00:00,4,0.9774308009838818
2019-03-09 10:00:00,4,0.9997338297657341
2019-03-09 11:00:00,4,0.9997889555689629
2019-03-09 12:00:00,4,0.9867056320214868
2019-03-09 13:00:00,4,0.9763327051378148
2019-03-09 14:00:00,4,0.9756582245879318
2019-03-09 15:00:00,4,0.9792118002605716
2019-03-09 16:00:00,4,0.8952304507281835
2019-03-09 17:00:00,4,0.9633442495381523
2019-03-09 18:00:00,4,0.9999296410645448
2019-03-10 08:00:00,4,0.9995013192375708
2019-03-10 09:00:00,4,0.9995534253683437
2019-03-10 10:00:00,4,0.9978922845713571
2019-03-10 11:00:00,4,0.9997196182604466
2019-03-10 12:00:00,4,0.9846169810920167
2019-03-10 13:00:00,4,0.8580527496295912
2019-03-10 14:00:00,4,0.9361408636384163
2019-03-10 15:00:00,4,0.9901475047703016
2019-03-10 16:00:00,4,0.9980323120855431
2019-03-10 17:00:00,4,0.9556103621868126
2019-03-10 18:00:00,4,0.9548437222466015
2019-03-11 08:00:00,4,0.992990645227685
2019-03-11 09:00:00,4,0.9981135439231583
2019-03-11 10:00:00,4,0.9976755985394269
2019-03-11 11:00:00,4,0.9784289639805921
2019-03-11 12:00:00,4,0.9891939133599424
2019-03-11 13:00:00,4,0.9267163107673797
2019-03-11 14:00:00,4,0.9997566874560609
2019-03-11 15:00:00,4,0.4009058038540366
2019-03-11 16:00:00,4,0.9695798650324281
2019-03-11 17:00:00,4,0.999072610676392
2019-03-11 18:00:00,4,0.9998287132837097
2019-03-12 08:00:00,4,0.9982696384852148
2019-03-12 09:00:00,4,0.9989073397262926
2019-03-12 10:00:00,4,0.9956431313234668
2019-03-12 11:00:00,4,0.999875826826171
2019-03-12 12:00:00,4,0.989506278285521
2019-03-12 13:00:00,4,-0.5988094379366302
2019-03-12 14:00:00,4,0.0702791427554499
2019-03-12 15:00:00,4,0.9985812610416707
2019-03-12 16:00:00,4,0.9979739182307106
2019-03-12 17:00:00,4,0.999960586946674
2019-03-12 18:00:00,4,0.9996440536738656
2019-03-13 08:00:00,4,0.9978218034984958
2019-03-13 09:00:00,4,0.998690532597708
2019-03-13 10:00:00,4,0.9994093935560565
2019-03-13 11:00:00,4,0.9985410185151893
2019-03-13 12:00:00,4,0.9909143566043227
2019-03-13 13:00:00,4,0.9986139531180506
2019-03-13 14:00:00,4,0.9997851499334188
2019-03-13 15:00:00,4,0.9964306226649416
2019-03-13 16:00:00,4,0.9998072809874202
2019-03-13 17:00:00,4,0.999320051160754
2019-03-13 18:00:00,4,0.9999913577276381
2019-03-14 08:00:00,4,0.9966832156085849
2019-03-14 09:00:00,4,0.9988387279086446
2019-03-14 10:00:00,4,0.9996893056676707
2019-03-14 11:00:00,4,0.9651282735754029
2019-03-14 12:00:00,4,0.95968494838181
2019-03-14 13:00:00,4,0.9630094511671183
2019-03-14 14:00:00,4,0.8204018828295063
2019-03-14 15:00:00,4,0.9392710935272445
2019-03-14 16:00:00,4,0.9879265803622869
2019-03-14 17:00:00,4,0.9987051729147313
2019-03-14 18:00:00,4,0.9999578382444774
2019-03-15 08:00:00,4,0.9953014610373799
2019-03-15 09:00:00,4,0.9981520230023929
2019-03-15 10:00:00,4,0.9959989187589882
2019-03-15 11:00:00,4,0.9321144025464597
2019-03-15 12:00:00,4,0.8018751741227512
2019-03-15 13:00:00,4,0.9718808293359027
2019-03-15 14:00:00,4,0.9923248012082329
2019-03-15 15:00:00,4,0.9924786742773407
2019-03-15 16:00:00,4,0.9998518759861035
2019-03-15 17:00:00,4,0.9984726995147687
2019-03-15 18:00:00,4,0.9973488888988475
2019-03-16 08:00:00,4,0.9964118612950074
2019-03-16 09:00:00,4,0.9921732523197586
2019-03-16 10:00:00,4,0.999486402057901
2019-03-16 11:00:00,4,0.999649670268236
2019-03-16 12:00:00,4,0.9973629154969995
2019-03-16 13:00:00,4,0.5948387898226815
2019-03-16 14:00:00,4,0.9996586295564753
2019-03-16 15:00:00,4,0.9989099145278955
2019-03-16 16:00:00,4,0.9981050618211585
2019-03-16 17:00:00,4,0.9991383797369725
2019-03-16 18:00:00,4,0.9977576535538625
2019-03-17 08:00:00,4,0.9955389025247635
2019-03-17 09:00:00,4,0.9992753279676112
2019-03-17 10:00:00,4,0.9996265292158668
2019-03-17 11:00:00,4,0.9991255955089187
2019-03-17 12:00:00,4,0.9210974169521238
2019-03-17 13:00:00,4,0.9763536674518555
2019-03-17 14:00:00,4,0.9878716669857789
2019-03-17 15:00:00,4,0.9943433682198648
2019-03-17 16:00:00,4,0.8845984786565653
2019-03-17 17:00:00,4,0.9799453711497411
2019-03-17 18:00:00,4,0.9997560314835638
2019-03-18 08:00:00,4,0.9751456304125646
2019-03-18 09:00:00,4,0.9921546809959334
2019-03-18 10:00:00,4,0.9998062942929161
2019-03-18 11:00:00,4,0.9997905695293742
2019-03-18 12:00:00,4,0.9957681455213014
2019-03-18 13:00:00,4,0.9787482553819016
2019-03-18 14:00:00,4,0.9851553050862026
2019-03-18 15:00:00,4,0.9982007404790569
2019-03-18 16:00:00,4,0.9998548875210953
2019-03-18 17:00:00,4,0.9991130103253634
2019-03-18 18:00:00,4,0.9999921594678856
2019-03-18 19:00:00,3,0.9990456469201044
2019-03-19 08:00:00,4,0.9995588558540104
2019-03-19 09:00:00,4,0.999088169816313
2019-03-19 10:00:00,4,0.9965057095998928
2019-03-19 11:00:00,4,0.994202007471885
2019-03-19 12:00:00,4,0.9990056279653682
2019-03-19 13:00:00,4,0.6757563336577181
2019-03-19 14:00:00,4,0.9945190104121805
2019-03-19 15:00:00,4,0.9990469819578878
2019-03-19 16:00:00,4,0.9455949459680238
2019-03-19 17:00:00,4,0.9978151829168576
2019-03-19 18:00:00,4,0.9990976244514252
2019-03-19 19:00:00,3,0.9986655998221776
2019-03-20 08:00:00,4,0.9535232308275773
2019-03-20 09:00:00,4,0.9922971702785719
2019-03-20 10:00:00,4,0.9995742747566109
2019-03-20 11:00:00,4,0.9951940599397505
2019-03-20 12:00:00,4,0.15710874095050475
2019-03-20 13:00:00,4,0.9884922671244116
2019-03-20 14:00:00,4,0.9922740482320346
2019-03-20 15:00:00,4,0.997278005683598
2019-03-20 16:00:00,4,0.9999716114804522
2019-03-20 17:00:00,4,0.9278719832851253
2019-03-20 18:00:00,4,0.9999060433963541
2019-03-20 19:00:00,3,0.9977791912046731
2019-03-21 08:00:00,4,0.9344690468553054
2019-03-21 09:00:00,4,0.9946026920476211
2019-03-21 10:00:00,4,0.9981326482484163
2019-03-21 11:00:00,4,0.9981212444297555
2019-03-21 12:00:00,4,0.7021180400288463
2019-03-21 13:00:00,4,0.1743697152356585
2019-03-21 14:00:00,4,0.9903053494999589
2019-03-21 15:00:00,4,0.9470296379234554
2019-03-21 16:00:00,4,0.8950053034314022
2019-03-21 17:00:00,4,0.9539552635395699
2019-03-21 18:00:00,4,0.9999175794297579
2019-03-21 19:00:00,3,0.9986047756219586
2019-03-22 08:00:00,4,0.9317751097096842
2019-03-22 09:00:00,4,0.9944731090006604
2019-03-22 10:00:00,4,0.9988831849927534
2019-03-22 11:00:00,4,0.9987864340236596
2019-03-22 12:00:00,4,0.9980541354723746
2019-03-22 13:00:00,4,-0.272238143393258
2019-03-22 14:00:00,4,0.9885636806246084
2019-03-22 15:00:00,4,0.9999103786737545
2019-03-22 16:00:00,4,0.9908138240614385
2019-03-22 17:00:00,4,0.9883341497794057
2019-03-22 18:00:00,4,0.9999923766465845
2019-03-22 19:00:00,3,0.9989887642089178
2019-03-23 08:00:00,4,0.9996501157794432
2019-03-23 09:00:00,4,0.9998790675955048
2019-03-23 10:00:00,4,0.9913978746255929
2019-03-23 11:00:00,4,0.9996821558821929
2019-03-23 12:00:00,4,0.9313902978650849
2019-03-23 13:00:00,4,0.9391141685370968
2019-03-23 14:00:00,4,0.9610311498138833
2019-03-23 15:00:00,4,0.9947987022153231
2019-03-23 16:00:00,4,0.9772693222214107
2019-03-23 17:00:00,4,0.9538554996335398
2019-03-23 18:00:00,4,0.9975059641790406
2019-03-23 19:00:00,3,0.9998834839589215
2019-03-24 08:00:00,4,0.98646596908389
2019-03-24 09:00:00,4,0.9960807319019586
2019-03-24 10:00:00,4,0.986466332947993
2019-03-24 11:00:00,4,0.9986423520357525
2019-03-24 12:00:00,4,0.9720519421443571
2019-03-24 13:00:00,4,0.9963680895804411
2019-03-24 14:00:00,4,0.9350456249427792
2019-03-24 15:00:00,4,0.9955111873312492
2019-03-24 16:00:00,4,0.9757573456177243
2019-03-24 17:00:00,4,0.9960266700390821
2019-03-24 18:00:00,4,0.9999529142876254
2019-03-24 19:00:00,3,0.9983729104729469
2019-03-25 08:00:00,4,0.9931950838519457
2019-03-25 09:00:00,4,0.993709848870548
2019-03-25 10:00:00,4,0.9997751438449656
2019-03-25 11:00:00,4,0.9998475404917216
2019-03-25 12:00:00,4,0.9947928983898863
2019-03-25 13:00:00,4,-0.6337844875448118
2019-03-25 14:00:00,4,0.9875445089266833
2019-03-25 15:00:00,4,0.9955276365988672
2019-03-25 16:00:00,4,0.9999426098079028
2019-03-25 17:00:00,4,0.999400682935018
2019-03-25 18:00:00,4,0.9999462103883577
2019-03-25 19:00:00,3,0.9981157938088572
2019-03-26 08:00:00,4,0.9790899262386129
2019-03-26 09:00:00,4,0.9897177602941042
2019-03-26 10:00:00,4,0.9990718300790571
2019-03-26 11:00:00,4,0.9999182103981373
2019-03-26 12:00:00,4,0.9938727337429365
2019-03-26 13:00:00,4,0.6840442819830524
2019-03-26 14:00:00,4,0.9903992727458641
2019-03-26 15:00:00,4,0.9990991878411545
2019-03-26 16:00:00,4,0.9988130850205432
2019-03-26 17:00:00,4,0.9984056071361113
2019-03-26 18:00:00,4,0.9999705602016011
2019-03-26 19:00:00,3,0.9999984961779088
2019-03-27 08:00:00,4,0.9690015201659213
2019-03-27 09:00:00,4,0.9919555305586273
2019-03-27 10:00:00,4,0.9999245866892406
2019-03-27 11:00:00,4,0.9954924884591012
2019-03-27 12:00:00,4,0.9571922029285005
2019-03-27 13:00:00,4,0.9437412120826384
2019-03-27 14:00:00,4,0.9999496286722177
2019-03-27 15:00:00,4,0.99793399825745
2019-03-27 16:00:00,4,0.9990747394661208
2019-03-27 17:00:00,4,0.9999850258124519
2019-03-27 19:00:00,3,5.796430493460873e-17
2019-03-28 07:00:00,3,0.9995898457829534
2019-03-28 08:00:00,4,0.9998697706131664
2019-03-28 09:00:00,4,0.9994643025766743
2019-03-28 10:00:00,4,0.9998471135209605
2019-03-28 11:00:00,4,0.9928425654222957
2019-03-28 12:00:00,4,0.9895143363152881
2019-03-28 13:00:00,4,0.840454667674809
2019-03-28 14:00:00,4,0.9919997550138004
2019-03-28 15:00:00,4,0.9995214348608797
2019-03-28 16:00:00,4,0.8221904691925865
2019-03-28 17:00:00,4,0.9866594184432373
2019-03-28 18:00:00,4,0.9996766517578488
2019-03-28 19:00:00,3,0.99969320385495
2019-03-29 07:00:00,3,0.9999978366000012
2019-03-29 08:00:00,4,0.9326307539649178
2019-03-29 09:00:00,4,0.9783059174513512
2019-03-29 10:00:00,4,0.9997565733894286
2019-03-29 11:00:00,4,0.9997682307820229
2019-03-29 12:00:00,4,0.9894371710260534
2019-03-29 13:00:00,4,0.4839625115044905
2019-03-29 14:00:00,4,0.9905767464285961
2019-03-29 15:00:00,4,0.9932828393117478
2019-03-29 16:00:00,4,0.9997618933912601
2019-03-29 17:00:00,4,0.9983163108536341
2019-03-29 18:00:00,4,0.9999083484058019
2019-03-29 19:00:00,3,0.998476319485728
2019-03-30 07:00:00,3,0.9999703896519091
2019-03-30 08:00:00,4,0.9210026842357457
2019-03-30 09:00:00,4,0.9747527055843295
2019-03-30 10:00:00,4,0.9996083777303767
2019-03-30 11:00:00,4,0.9997958204138152
2019-03-30 12:00:00,4,0.9954644804255497
2019-03-30 13:00:00,4,0.5628024251037085
2019-03-30 14:00:00,4,0.9920127592655298
2019-03-30 15:00:00,4,0.9951246685213971
2019-03-30 16:00:00,4,0.9993802981606461
2019-03-30 17:00:00,4,0.9988525194746828
2019-03-30 18:00:00,4,0.9999971297807325
2019-03-30 19:00:00,3,0.9935610812822607
2019-03-31 07:00:00,3,0.9999940224649447
2019-03-31 08:00:00,4,0.9527660001722278
2019-03-31 09:00:00,4,0.9882843645270855
2019-03-31 10:00:00,4,0.9991716545990543
2019-03-31 11:00:00,4,0.9988959911765193
2019-03-31 12:00:00,4,0.9949893634093562
2019-03-31 13:00:00,4,0.9586470267627345
2019-03-31 14:00:00,4,0.9884962860074429
2019-03-31 15:00:00,4,0.9096037918070178
2019-03-31 16:00:00,4,0.9192971897497069
2019-03-31 17:00:00,4,0.9994637760034899
2019-03-31 18:00:00,4,0.9008636134103924
2019-03-31 19:00:00,3,0.9999918285120554
2019-04-01 08:00:00,4,0.9926452840927232
2019-04-01 09:00:00,4,0.9966657341323294
2019-04-01 10:00:00,4,0.9995606375450886
2019-04-01 11:00:00,4,0.9977453348694693
2019-04-01 12:00:00,4,0.9993973670164807
2019-04-01 13:00:00,4,0.9359398320512263
2019-04-01 14:00:00,4,0.9994952210550277
2019-04-01 15:00:00,4,0.9998755302123645
2019-04-01 16:00:00,4,0.9962489867694967
2019-04-01 17:00:00,4,0.9993066232365362
2019-04-01 18:00:00,4,0.9984778443759746
2019-04-01 19:00:00,3,0.9999137282226674
2019-04-02 07:00:00,3,0.9996105668097018
2019-04-02 08:00:00,4,0.9901118342262387
2019-04-02 09:00:00,4,0.9943614385663508
2019-04-02 10:00:00,4,0.9999174129239441
2019-04-02 11:00:00,4,0.9905936698161972
2019-04-02 12:00:00,4,0.9850081688485886
2019-04-02 13:00:00,4,0.9609954765806672
2019-04-02 14:00:00,4,0.9763403083739511
2019-04-02 15:00:00,4,0.9643254781300115
2019-04-02 16:00:00,4,0.9985833725672321
2019-04-02 17:00:00,4,0.9524983469276367
2019-04-02 18:00:00,4,0.9961951054727533
2019-04-02 19:00:00,3,0.9950899305628957
2019-04-03 07:00:00,3,0.9990897524991593
2019-04-03 08:00:00,4,0.9881337186447516
2019-04-03 09:00:00,4,0.9974012523058586
2019-04-03 10:00:00,4,0.9929183976474573
2019-04-03 11:00:00,4,0.9963750227948114
2019-04-03 12:00:00,4,0.9884334424149289
2019-04-03 13:00:00,4,0.9770035835893985
2019-04-03 14:00:00,4,0.9979750680568702
2019-04-03 15:00:00,4,0.9997779061378986
2019-04-03 16:00:00,4,0.7766347255904206
2019-04-03 17:00:00,4,0.9996907278384937
2019-04-03 18:00:00,4,0.9903523683619988
2019-04-04 07:00:00,3,0.9997060887960696
2019-04-04 08:00:00,4,0.9800730762859737
2019-04-04 09:00:00,4,0.9870304876462592
2019-04-04 10:00:00,4,0.9984847431149599
2019-04-04 11:00:00,4,0.9976573885857982
2019-04-04 12:00:00,4,0.9970292544384443
2019-04-04 13:00:00,4,0.8460979810816889
2019-04-04 14:00:00,4,0.9995757349102103
2019-04-04 15:00:00,4,0.9853480674916631
2019-04-04 16:00:00,4,0.9886097871616102
2019-04-04 17:00:00,4,0.9926023544890601
2019-04-04 18:00:00,4,0.9993434917149088
2019-04-04 19:00:00,3,0.9899512499363594
2019-04-05 07:00:00,3,0.9947984073061567
2019-04-05 08:00:00,4,0.9949894363159418
2019-04-05 09:00:00,4,0.9983198930998085
2019-04-05 10:00:00,4,0.9799704182861357
2019-04-05 11:00:00,4,0.9048646572519974
2019-04-05 12:00:00,4,0.8685969996521341
2019-04-05 13:00:00,4,0.7150693036852354
2019-04-05 14:00:00,4,0.6380252398182754
2019-04-05 15:00:00,4,0.998995668646661
2019-04-05 16:00:00,4,0.9988604412814067
2019-04-05 17:00:00,4,0.9999853368157988
2019-04-05 18:00:00,4,0.9531747204873705
2019-04-06 07:00:00,3,0.9962406874543879
2019-04-06 08:00:00,4,0.9973018745982692
2019-04-06 09:00:00,4,0.9940268640632554
2019-04-06 10:00:00,4,0.9591130345661808
2019-04-06 11:00:00,4,0.9942537788378595
2019-04-06 12:00:00,4,0.9972328948793854
2019-04-06 13:00:00,4,0.9406094332186753
2019-04-06 14:00:00,4,0.9958881925046443
2019-04-06 15:00:00,4,0.9929018348324513
2019-04-06 16:00:00,4,0.999999125412043
2019-04-06 17:00:00,4,0.9993411925381255
2019-04-06 18:00:00,4,0.999785526393428
2019-04-06 19:00:00,3,0.9806469293992356
2019-04-07 07:00:00,3,0.9676223552396386
2019-04-07 08:00:00,4,0.9995069587614184
2019-04-07 09:00:00,4,0.9983651793549718
2019-04-07 10:00:00,4,0.9996676806095262
2019-04-07 11:00:00,4,0.9977921687863756
2019-04-07 12:00:00,4,0.9941483803198846
2019-04-07 13:00:00,4,0.9851156305493897
2019-04-07 14:00:00,4,0.9992494544500322
2019-04-07 15:00:00,4,0.9959394643426372
2019-04-07 16:00:00,4,0.9865478636229392
2019-04-07 17:00:00,4,0.9879433125606976
2019-04-07 18:00:00,4,0.999903885006412
2019-04-07 19:00:00,3,0.9917230149217737
2019-04-08 07:00:00,3,0.9980005565180963
2019-04-08 08:00:00,4,0.9972448901342559
2019-04-08 09:00:00,4,0.9996190755595106
2019-04-08 10:00:00,4,0.9943811575676924
2019-04-08 11:00:00,4,0.9992957572820839
2019-04-08 12:00:00,4,0.999675864992587
2019-04-08 13:00:00,4,0.8417196837130698
2019-04-08 14:00:00,4,0.8879589970757763
2019-04-08 15:00:00,4,0.8641231933748638
2019-04-08 16:00:00,4,0.9888344277490861
2019-04-08 17:00:00,4,0.9673836083496653
2019-04-08 18:00:00,4,0.9412447951436471
2019-04-08 19:00:00,3,0.9997164398403177
2019-04-09 07:00:00,3,0.9591994958594903
2019-04-09 08:00:00,4,0.997390203571538
2019-04-09 09:00:00,4,0.9986404460890123
2019-04-09 10:00:00,4,0.9832523272104797
2019-04-09 11:00:00,4,0.9968520157008559
2019-04-09 12:00:00,4,0.9993648080215384
2019-04-09 13:00:00,4,0.9816985771961311
2019-04-09 14:00:00,4,0.9873088886321877
2019-04-09 15:00:00,4,0.7718902763075457
2019-04-09 16:00:00,4,0.9655493594903939
2019-04-09 17:00:00,4,0.9683924117647305
2019-04-09 18:00:00,4,0.9996870981734751
2019-04-09 19:00:00,3,0.991409825684378
2019-04-10 07:00:00,3,0.995613649788238
2019-04-10 08:00:00,4,0.9999115150476583
2019-04-10 09:00:00,4,0.9577098340391582
2019-04-10 10:00:00,4,0.979290329175167
2019-04-10 11:00:00,4,0.998745410123043
2019-04-10 12:00:00,4,0.8179542258119652
2019-04-10 13:00:00,4,0.2790006071164567
2019-04-10 14:00:00,4,-0.32137873672243716
2019-04-10 15:00:00,4,0.9917876313807331
2019-04-10 16:00:00,4,0.964741720700297
2019-04-10 17:00:00,4,0.930077768421045
2019-04-10 18:00:00,4,0.9987237000281532
2019-04-10 19:00:00,3,0.999488427369278
2019-04-11 07:00:00,4,0.9974311144849182
2019-04-11 08:00:00,4,0.9999664201316406
2019-04-11 09:00:00,4,0.9985121732002742
2019-04-11 10:00:00,4,0.999817045893485
2019-04-11 11:00:00,4,0.9982210201673988
2019-04-11 12:00:00,4,0.9983313177338329
2019-04-11 13:00:00,4,0.9434115166843967
2019-04-11 14:00:00,4,0.9986017483343874
2019-04-11 15:00:00,4,0.9988386410137337
2019-04-11 16:00:00,4,0.9977478800572773
2019-04-11 17:00:00,4,0.9994329059265948
2019-04-11 18:00:00,4,0.9998913649216108
2019-04-11 19:00:00,3,0.9907038858302297
2019-04-12 07:00:00,4,0.9921999490421295
2019-04-12 08:00:00,4,0.999896337198819
2019-04-12 09:00:00,4,0.9978106404989936
2019-04-12 10:00:00,4,0.9993135476888448
2019-04-12 11:00:00,4,0.9957975130552172
2019-04-12 12:00:00,4,0.9961822001684908
2019-04-12 13:00:00,4,0.9020500093786545
2019-04-12 14:00:00,4,0.9991681887948335
2019-04-12 15:00:00,4,0.9979648326714068
2019-04-12 16:00:00,4,0.999265195578673
2019-04-12 17:00:00,4,0.9993142753956242
2019-04-12 18:00:00,4,0.9990712798631036
2019-04-12 19:00:00,3,0.9868688027306843
2019-04-13 07:00:00,4,0.9920903842642428
2019-04-13 08:00:00,4,0.9998639053293181
2019-04-13 09:00:00,4,0.9984816403337476
2019-04-13 10:00:00,4,0.9994731885496505
2019-04-13 11:00:00,4,0.9969522742187624
2019-04-13 12:00:00,4,0.9515310884536503
2019-04-13 13:00:00,4,0.8066443906392846
2019-04-13 14:00:00,4,0.9992051676143237
2019-04-13 15:00:00,4,0.9974309209438498
2019-04-13 16:00:00,4,0.9995730656492271
2019-04-13 17:00:00,4,0.9997342532866352
2019-04-13 18:00:00,4,0.9999167544088885
2019-04-13 19:00:00,3,0.9986366969227681
2019-04-14 07:00:00,4,0.9986175952827434
2019-04-14 08:00:00,4,0.9984369036262856
2019-04-14 09:00:00,4,0.9900369715805556
2019-04-14 10:00:00,4,0.9908807889482144
2019-04-14 11:00:00,4,0.6180327459274176
2019-04-14 12:00:00,4,0.9906953344434504
2019-04-14 13:00:00,4,0.9986276172497702
2019-04-14 14:00:00,4,0.9937484305537525
2019-04-14 15:00:00,4,0.998924638939805
2019-04-14 16:00:00,4,0.9971595619101522
2019-04-14 17:00:00,4,0.9193492513933291
2019-04-14 18:00:00,4,0.9994616298051285
2019-04-14 19:00:00,3,0.9974356907525632
2019-04-15 07:00:00,4,0.9953686783335939
2019-04-15 08:00:00,4,0.9956352526866276
2019-04-15 09:00:00,4,0.9990144674812084
2019-04-15 10:00:00,4,0.999469698228003
2019-04-15 11:00:00,4,0.9964576433633071
2019-04-15 12:00:00,4,0.988361711206216
2019-04-15 13:00:00,4,-0.16214048465721573
2019-04-15 14:00:00,4,0.99852358050066
2019-04-15 15:00:00,4,0.9680574538712737
2019-04-15 16:00:00,4,0.9912400578410747
2019-04-15 17:00:00,4,0.989798440882303
2019-04-15 18:00:00,4,0.999028262685838
2019-04-15 19:00:00,3,0.9882012905877372
2019-04-16 07:00:00,3,0.9998865716811813
2019-04-16 08:00:00,4,0.9934634770964424
2019-04-16 09:00:00,4,0.9990260117687023
2019-04-16 10:00:00,4,0.9823166999810766
2019-04-16 11:00:00,4,0.9000692392994171
2019-04-16 12:00:00,4,0.8973957319549971
2019-04-16 13:00:00,4,0.9221859612917945
2019-04-16 14:00:00,4,0.9980870915913668
2019-04-16 15:00:00,4,0.9673675391902993
2019-04-16 16:00:00,4,0.9933524486290274
2019-04-16 17:00:00,4,0.9956294945501067
2019-04-16 18:00:00,4,0.9933185952891763
2019-04-16 19:00:00,3,0.9995772622425001
2019-04-17 07:00:00,4,0.9953482909857683
2019-04-17 08:00:00,4,0.9933598226876028
2019-04-17 09:00:00,4,0.9987695938569879
2019-04-17 10:00:00,4,0.9989548483805292
2019-04-17 11:00:00,4,0.9945544140702954
2019-04-17 12:00:00,4,0.9988875008699499
2019-04-17 13:00:00,4,0.8236634965565964
2019-04-17 14:00:00,4,0.9979982537862601
2019-04-17 15:00:00,4,0.993312961815454
2019-04-17 16:00:00,4,0.959615138243382
2019-04-17 17:00:00,4,0.9872758803572987
2019-04-17 18:00:00,4,0.9949300686796758
2019-04-17 19:00:00,3,0.992976029422206
2019-04-18 07:00:00,4,0.9882574919416028
2019-04-18 08:00:00,4,0.9903280589483097
2019-04-18 09:00:00,4,0.9986933717488549
2019-04-18 10:00:00,4,0.9987350226589795
2019-04-18 11:00:00,4,0.9964096397314094
2019-04-18 12:00:00,4,0.9995189399230107
2019-04-18 13:00:00,4,0.951940287640866
2019-04-18 14:00:00,4,0.9983431615935879
2019-04-18 15:00:00,4,0.9975049901967469
2019-04-18 16:00:00,4,0.9699376030051937
2019-04-18 17:00:00,4,0.9642295250000898
2019-04-18 18:00:00,4,0.9765937454767373
2019-04-18 19:00:00,4,0.9976925675058098
2019-04-19 07:00:00,4,0.9891565450153672
2019-04-19 08:00:00,4,0.9894270671731085
2019-04-19 09:00:00,4,0.9987014809821158
2019-04-19 10:00:00,4,0.9998848511882583
2019-04-19 11:00:00,4,0.9974153430537667
2019-04-19 12:00:00,4,0.9993055685500764
2019-04-19 13:00:00,4,-0.673944562612328
2019-04-19 14:00:00,4,0.9612305658195522
2019-04-19 15:00:00,4,0.9821046543198688
2019-04-19 16:00:00,4,0.9940465610455357
2019-04-19 17:00:00,4,0.9997481870307385
2019-04-19 18:00:00,4,0.9994839589606073
2019-04-19 19:00:00,3,0.9984290372505612
2019-04-20 07:00:00,4,0.9816160770358412
2019-04-20 08:00:00,4,0.9913387119015541
2019-04-20 09:00:00,4,0.9985750731022527
2019-04-20 10:00:00,4,0.9996170374749748
2019-04-20 11:00:00,4,0.9937286134233495
2019-04-20 12:00:00,4,0.9984547206067812
2019-04-20 13:00:00,4,0.23047318104918144
2019-04-20 14:00:00,4,0.997321146143371
2019-04-20 15:00:00,4,0.9984704122840408
2019-04-20 16:00:00,4,0.9983961082513523
2019-04-20 17:00:00,4,0.9997697328880282
2019-04-20 18:00:00,4,0.9987564954365542
2019-04-20 19:00:00,3,0.9946269026314616
2019-04-21 07:00:00,4,0.9963466658994796
2019-04-21 08:00:00,4,0.9943376736643139
2019-04-21 09:00:00,4,0.9987806785641926
2019-04-21 10:00:00,4,0.9991329452125423
2019-04-21 11:00:00,4,0.9980229157913405
2019-04-21 12:00:00,4,0.8997675564109443
2019-04-21 13:00:00,4,0.9930565894919174
2019-04-21 14:00:00,4,0.9956157844326108
2019-04-21 15:00:00,4,0.9859948775132565
2019-04-21 16:00:00,4,0.9965806215824414
2019-04-21 17:00:00,4,0.9950756003430624
2019-04-21 18:00:00,4,0.9926624820368455
2019-04-21 19:00:00,4,0.997638491065708
2019-04-22 07:00:00,4,0.9973077932354278
2019-04-22 08:00:00,4,0.9926345459322037
2019-04-22 09:00:00,4,0.9983874687834104
2019-04-22 10:00:00,4,0.9912893807570269
2019-04-22 11:00:00,4,0.999229748365301
2019-04-22 12:00:00,4,0.9669880756355306
2019-04-22 13:00:00,4,0.9942216041154857
2019-04-22 14:00:00,4,0.9613729609465367
2019-04-22 15:00:00,4,0.9869725947203544
2019-04-22 16:00:00,4,0.9995493818695738
2019-04-22 17:00:00,4,0.9995418501265396
2019-04-22 18:00:00,4,0.9999781338848612
2019-04-22 19:00:00,3,0.9960988873037138
2019-04-23 07:00:00,4,0.9970294423739082
2019-04-23 08:00:00,4,0.9992656285498818
2019-04-23 09:00:00,4,0.9966588223333943
2019-04-23 10:00:00,4,0.9941306276764389
2019-04-23 11:00:00,4,0.831489107610387
2019-04-23 12:00:00,4,0.9974961853551465
2019-04-23 13:00:00,4,0.78062520071584
2019-04-23 14:00:00,4,0.7248598632944627
2019-04-23 15:00:00,4,0.9922551347857029
2019-04-23 16:00:00,4,0.9988736991957415
2019-04-23 17:00:00,4,0.9992241695269038
2019-04-23 18:00:00,4,0.9998633644108514
2019-04-23 19:00:00,3,0.9979051292523731
2019-04-24 07:00:00,4,0.9889872345153333
2019-04-24 08:00:00,4,0.9919311267152832
2019-04-24 09:00:00,4,0.9993874740666149
2019-04-24 10:00:00,4,0.9997822335712339
2019-04-24 11:00:00,4,0.9894349094466417
2019-04-24 12:00:00,4,0.9971265168318391
2019-04-24 13:00:00,4,0.8213902265872279
2019-04-24 14:00:00,4,0.9987170472341251
2019-04-24 15:00:00,4,0.9930399680342815
2019-04-24 16:00:00,4,0.9999378523738999
2019-04-24 17:00:00,4,0.9990565385835057
2019-04-24 18:00:00,4,0.999646379864722
2019-04-24 19:00:00,3,0.9996742965468227
2019-04-25 07:00:00,4,0.9928840823663048
2019-04-25 08:00:00,4,0.9979640088485177
2019-04-25 09:00:00,4,0.9989851285945538
2019-04-25 10:00:00,4,0.9999459285272702
2019-04-25 11:00:00,4,0.9966161526569411
2019-04-25 12:00:00,4,0.9997974192598713
2019-04-25 13:00:00,4,0.350086950915356
2019-04-25 14:00:00,4,0.9996791635251616
2019-04-25 15:00:00,4,0.9979001539241352
2019-04-25 16:00:00,4,0.9994693345115873
2019-04-25 17:00:00,4,0.9999437491344083
2019-04-25 18:00:00,4,0.9800606604998385
2019-04-25 19:00:00,3,0.9979032124279253
2019-04-26 07:00:00,4,0.9871544267417892
2019-04-26 08:00:00,4,0.9979587923321819
2019-04-26 09:00:00,4,0.9996299177822474
2019-04-26 10:00:00,4,0.9992430058037198
2019-04-26 11:00:00,4,0.9928496368280565
2019-04-26 12:00:00,4,0.9986025512002256
2019-04-26 13:00:00,4,0.0753405443123144
2019-04-26 14:00:00,4,0.9928372451697814
2019-04-26 15:00:00,4,0.9581817880046174
2019-04-26 16:00:00,4,0.9999905292884808
2019-04-26 17:00:00,4,0.9999714999380954
2019-04-26 18:00:00,4,0.9989929743650504
2019-04-26 19:00:00,4,0.996603014291494
2019-04-27 07:00:00,4,0.988404161966184
2019-04-27 08:00:00,4,0.997122936273858
2019-04-27 09:00:00,4,0.9995561749127776
2019-04-27 10:00:00,4,0.9981027012526864
2019-04-27 11:00:00,4,0.9873717073939312
2019-04-27 12:00:00,4,0.9956672002497647
2019-04-27 13:00:00,4,0.5832805172573701
2019-04-27 14:00:00,4,0.9994114244128565
2019-04-27 15:00:00,4,0.98644999949683
2019-04-27 16:00:00,4,0.9988701863645899
2019-04-27 17:00:00,4,0.999904052669819
2019-04-27 18:00:00,4,0.999313370015254
2019-04-27 19:00:00,4,0.9934841194593701
2019-04-28 07:00:00,4,0.9968459030201634
2019-04-28 08:00:00,4,0.9988686610905053
2019-04-28 09:00:00,4,0.9999087461989915
2019-04-28 10:00:00,4,0.9999049274663772
2019-04-28 11:00:00,4,0.9980232995808476
2019-04-28 12:00:00,4,0.9998608025719279
2019-04-28 13:00:00,4,0.46595997764722796
2019-04-28 14:00:00,4,0.9861566668042314
2019-04-28 15:00:00,4,0.9804983672461155
2019-04-28 16:00:00,4,0.9939548582547809
2019-04-28 17:00:00,4,0.9999763952617089
2019-04-28 18:00:00,4,0.9955430309164066
2019-04-28 19:00:00,3,0.9995713775612607
2019-04-29 07:00:00,4,0.999802298213732
2019-04-29 08:00:00,4,0.9999621837302244
2019-04-29 09:00:00,4,0.9975754841350409
2019-04-29 10:00:00,4,0.6388172529446214
2019-04-29 11:00:00,4,-0.7122296881431567
2019-04-29 12:00:00,4,-0.3043584015144899
2019-04-29 13:00:00,4,-0.24706712050273621
2019-04-29 14:00:00,4,0.8340061150091767
2019-04-29 15:00:00,4,0.9153276649327327
2019-04-29 16:00:00,4,0.9999542502675228
2019-04-29 17:00:00,4,0.9984680753533717
2019-04-29 18:00:00,4,0.9990204805082351
2019-04-29 19:00:00,3,0.9998020137529717
2019-04-30 07:00:00,4,0.9995834688647834
2019-04-30 08:00:00,4,0.9991296845442452
2019-04-30 09:00:00,4,0.9971160489521967
2019-04-30 10:00:00,4,0.9646879669682668
2019-04-30 11:00:00,4,0.5509592584491648
2019-04-30 12:00:00,4,0.8450378794614112
2019-04-30 13:00:00,4,0.9837445417325752
2019-04-30 14:00:00,4,0.9882593090901525
2019-04-30 15:00:00,4,0.9859781958569837
2019-04-30 16:00:00,4,0.9870972513104607
2019-04-30 17:00:00,4,0.9963848621917168
2019-04-30 18:00:00,4,0.9986561075075505
2019-04-30 19:00:00,3,0.999981377198837
2019-05-01 07:00:00,4,0.9981189324038593
2019-05-01 08:00:00,4,0.9991116381571672
2019-05-01 09:00:00,4,0.9665191741440232
2019-05-01 10:00:00,4,0.9968238104888403
2019-05-01 11:00:00,4,0.9778852545236606
2019-05-01 12:00:00,4,0.9869174378488901
2019-05-01 13:00:00,4,0.9982658473025003
2019-05-01 14:00:00,4,0.9729406990988557
2019-05-01 15:00:00,4,0.9340598452112606
2019-05-01 16:00:00,4,0.9998672061221717
2019-05-01 17:00:00,4,0.9973040776673467
2019-05-01 18:00:00,4,0.9998504043328678
2019-05-01 19:00:00,4,0.9986835769443052
2019-05-02 07:00:00,4,0.9989084520271145
2019-05-02 08:00:00,4,0.9870738129883109
2019-05-02 09:00:00,4,0.9991172723208493
2019-05-02 10:00:00,4,0.9764658735958148
2019-05-02 11:00:00,4,0.9218960517409218
2019-05-02 12:00:00,4,0.9848907329245175
2019-05-02 13:00:00,4,0.9493704699021513
2019-05-02 14:00:00,4,0.9911033325936158
2019-05-02 15:00:00,4,0.9907989037509177
2019-05-02 16:00:00,4,0.9854293842744541
2019-05-02 17:00:00,4,0.99955690398581
2019-05-02 18:00:00,4,0.9964756676453743
2019-05-02 19:00:00,4,0.9985012465856093
2019-05-03 07:00:00,4,0.9917762855944049
2019-05-03 08:00:00,4,0.996624947840301
2019-05-03 09:00:00,4,0.9976369364881164
2019-05-03 10:00:00,4,0.9986796562962146
2019-05-03 11:00:00,4,0.998145106162133
2019-05-03 12:00:00,4,0.9895997686623434
2019-05-03 13:00:00,4,0.9997681946188847
2019-05-03 14:00:00,4,0.7493823249497024
2019-05-03 15:00:00,4,0.9830013306302322
2019-05-03 16:00:00,4,0.839612142615941
2019-05-03 17:00:00,4,0.9982923039275211
2019-05-03 18:00:00,4,0.9982934718916495
2019-05-03 19:00:00,4,0.989443703236878
2019-05-04 07:00:00,4,0.9784324635283073
2019-05-04 08:00:00,4,0.9997386900967279
2019-05-04 09:00:00,4,0.9996919455644275
2019-05-04 10:00:00,4,0.9563603972305471
2019-05-04 11:00:00,4,0.9830576888803688
2019-05-04 12:00:00,4,0.9396161724251227
2019-05-04 13:00:00,4,0.9997988210361597
2019-05-04 14:00:00,4,0.9826987662448946
2019-05-04 15:00:00,4,0.9989978722587615
2019-05-04 16:00:00,4,0.9970980971470382
2019-05-04 17:00:00,4,0.9040437299694931
2019-05-04 18:00:00,4,0.9830854095729531
2019-05-04 19:00:00,4,0.9400173461280408
2019-05-05 07:00:00,4,0.9866984161837564
2019-05-05 08:00:00,4,0.9999068449063248
2019-05-05 09:00:00,4,0.9996426060988632
2019-05-05 10:00:00,4,0.989674116929798
2019-05-05 11:00:00,4,0.9795915690914906
2019-05-05 12:00:00,4,0.8759556817832101
2019-05-05 13:00:00,4,0.9518908787523886
2019-05-05 14:00:00,4,0.735358514069243
2019-05-05 15:00:00,4,0.8260959546720189
2019-05-05 16:00:00,4,0.9838446573902281
2019-05-05 17:00:00,4,0.9917054624359662
2019-05-05 18:00:00,4,0.9911068414105195
2019-05-05 19:00:00,3,0.9945359324927434
2019-05-06 07:00:00,4,0.9993896642933001
2019-05-06 08:00:00,4,0.996133097790759
2019-05-06 09:00:00,4,0.9556911081667043
2019-05-06 10:00:00,4,0.8908233417584266
2019-05-06 11:00:00,4,0.9155661887310664
2019-05-06 12:00:00,4,0.9865906018208662
2019-05-06 13:00:00,4,0.8461365470152516
2019-05-06 14:00:00,4,0.978558526450726
2019-05-06 15:00:00,4,0.9890065139095128
2019-05-06 16:00:00,4,0.9836975925008129
2019-05-06 17:00:00,4,0.9173969703701265
2019-05-06 18:00:00,4,0.9849088228952441
2019-05-06 19:00:00,4,0.93750881734616
2019-05-07 07:00:00,4,0.987249540236799
2019-05-07 08:00:00,4,0.9926426880367214
2019-05-07 09:00:00,4,0.9957348009688538
2019-05-07 10:00:00,4,0.997004956466643
2019-05-07 11:00:00,4,0.9977469141059865
2019-05-07 12:00:00,4,0.9957701348744417
2019-05-07 13:00:00,4,-0.48962194018556726
2019-05-07 14:00:00,4,0.9994037224601885
2019-05-07 15:00:00,4,0.9885467573725206
2019-05-07 16:00:00,4,0.9990356331604241
2019-05-07 17:00:00,4,0.9909752680768205
2019-05-07 18:00:00,4,0.9929875434576211
2019-05-07 19:00:00,4,0.9995601377885142
2019-05-08 07:00:00,4,0.9947551790201556
2019-05-08 08:00:00,4,0.9978747437047902
2019-05-08 09:00:00,4,0.9270044744635086
2019-05-08 10:00:00,4,0.9979913655259698
2019-05-08 11:00:00,4,0.9993028230735775
2019-05-08 12:00:00,4,0.9941047318580349
2019-05-08 13:00:00,4,0.7866128505741731
2019-05-08 14:00:00,4,0.4519624026466613
2019-05-08 15:00:00,4,0.9994228427051333
2019-05-08 16:00:00,4,0.9932998883939004
2019-05-08 17:00:00,4,0.7702464994819254
2019-05-08 18:00:00,4,0.9969444525798854
2019-05-08 19:00:00,4,0.9985569240907789
2019-05-09 07:00:00,4,0.9980702075346435
2019-05-09 08:00:00,4,0.9974514314082964
2019-05-09 09:00:00,4,0.7780515466174882
2019-05-09 10:00:00,4,0.9994715421254322
2019-05-09 11:00:00,4,0.9988870064139672
2019-05-09 12:00:00,4,0.9895999551777791
2019-05-09 13:00:00,4,0.9404376505656359
2019-05-09 14:00:00,4,0.47727129758241493
2019-05-09 15:00:00,4,0.9710819957600169
2019-05-09 16:00:00,4,0.9938481534424041
2019-05-09 17:00:00,4,0.9840990656297119
2019-05-09 18:00:00,4,0.9876366724683739
2019-05-09 19:00:00,4,0.9989672942296478
2019-05-10 07:00:00,4,0.9996800839523233
2019-05-10 08:00:00,4,0.9992908803488653
2019-05-10 09:00:00,4,0.7457295084914259
2019-05-10 10:00:00,4,0.6390484176783237
2019-05-10 11:00:00,4,0.9782222680496584
2019-05-10 12:00:00,4,0.9919949069036572
2019-05-10 13:00:00,4,0.9919526999247835
2019-05-10 14:00:00,4,0.9976734801035998
2019-05-10 15:00:00,4,0.8682945888689735
2019-05-10 16:00:00,4,0.998812806205486
2019-05-10 17:00:00,4,0.9997630049829964
2019-05-10 18:00:00,4,0.9998294043864713
2019-05-10 19:00:00,4,0.9995083641329873
2019-05-11 07:00:00,4,0.9969707146202806
2019-05-11 08:00:00,4,0.9988789560477913
2019-05-11 09:00:00,4,-0.12595537087322894
2019-05-11 10:00:00,4,0.9964423097307701
2019-05-11 11:00:00,4,0.9956185970408651
2019-05-11 12:00:00,4,0.9796200368996917
2019-05-11 13:00:00,4,0.9889043260370091
2019-05-11 14:00:00,4,0.938669713126698
2019-05-11 15:00:00,4,0.9987389547457814
2019-05-11 16:00:00,4,0.9808909411966568
2019-05-11 17:00:00,4,0.997569930272712
2019-05-11 18:00:00,4,0.9864441598546845
2019-05-11 19:00:00,4,0.9942760892312369
2019-05-12 07:00:00,4,0.9920398844173632
2019-05-12 08:00:00,4,0.9974740271255681
2019-05-12 09:00:00,4,-0.352195054853916
2019-05-12 10:00:00,4,0.9888626617790277
2019-05-12 11:00:00,4,0.9966957529819318
2019-05-12 12:00:00,4,0.9985006545439425
2019-05-12 13:00:00,4,0.9983439948544679
2019-05-12 14:00:00,4,0.9992640302321365
2019-05-12 15:00:00,4,0.9665228017766826
2019-05-12 16:00:00,4,0.9482604539027194
2019-05-12 17:00:00,4,0.9902440104679908
2019-05-12 18:00:00,4,0.9990131014472176
2019-05-12 19:00:00,4,0.9994716846438508
2019-05-13 07:00:00,4,0.9860589378682649
2019-05-13 08:00:00,4,0.9954305839872901
2019-05-13 09:00:00,4,-0.14934953275914636
2019-05-13 10:00:00,4,0.9782438616012702
2019-05-13 11:00:00,4,0.9911471773596625
2019-05-13 12:00:00,4,0.9307618502856532
2019-05-13 13:00:00,4,0.9796911663549995
2019-05-13 14:00:00,4,0.9836164694229973
2019-05-13 15:00:00,4,0.5174528063226961
2019-05-13 16:00:00,4,0.9955542605116386
2019-05-13 17:00:00,4,0.9679231181571679
2019-05-13 18:00:00,4,0.9982900125964536
2019-05-13 19:00:00,4,0.9998574021737509
2019-05-14 07:00:00,4,0.996621264829373
2019-05-14 08:00:00,4,0.9967059130512105
2019-05-14 09:00:00,4,-0.18937897681701216
2019-05-14 10:00:00,4,0.9912973139781434
2019-05-14 11:00:00,4,0.9956990860492504
2019-05-14 12:00:00,4,0.9998009252725969
2019-05-14 13:00:00,4,0.7254062775639044
2019-05-14 14:00:00,4,0.9731854892364253
2019-05-14 15:00:00,4,0.37188340784977275
2019-05-14 16:00:00,4,0.9887369017747001
2019-05-14 17:00:00,4,0.999811922798892
2019-05-14 18:00:00,4,0.9993234632410336
2019-05-14 19:00:00,4,0.9953768222782334
2019-05-15 07:00:00,4,0.9901484238390665
2019-05-15 08:00:00,4,0.9953450823691679
2019-05-15 09:00:00,4,-0.21919264857311344
2019-05-15 10:00:00,4,0.9924118811175959
2019-05-15 11:00:00,4,0.9919861773264191
2019-05-15 12:00:00,4,0.9725803864146289
2019-05-15 13:00:00,4,0.9652229841591212
2019-05-15 14:00:00,4,0.9990456579172938
2019-05-15 15:00:00,4,0.9898539911721832
2019-05-15 16:00:00,4,0.98301862121369
2019-05-15 17:00:00,4,0.9574763711897644
2019-05-15 18:00:00,4,0.9807932125587402
2019-05-15 19:00:00,4,0.9989753726248992
2019-05-16 07:00:00,4,0.9848315385060518
2019-05-16 08:00:00,4,0.9946154390033247
2019-05-16 09:00:00,4,-0.2556998232113595
2019-05-16 10:00:00,4,0.9898668353783674
2019-05-16 11:00:00,4,0.9998792162471825
2019-05-16 12:00:00,4,0.18849526043091655
2019-05-16 13:00:00,4,-0.3375127147101242
2019-05-16 14:00:00,4,0.8534032724726298
2019-05-16 15:00:00,4,0.9337351651999896
2019-05-16 16:00:00,4,0.9671214272694623
2019-05-16 17:00:00,4,0.9449135976446903
2019-05-16 18:00:00,4,0.9984896540290142
2019-05-16 19:00:00,4,0.998934209591139
2019-05-17 07:00:00,4,0.8600986810943168
2019-05-17 08:00:00,4,0.9956251959064796
2019-05-17 09:00:00,4,-0.16707637760161798
2019-05-17 10:00:00,4,0.9914441001670724
2019-05-17 11:00:00,4,0.9894958120066888
2019-05-17 12:00:00,4,0.9900302228121194
2019-05-17 13:00:00,4,0.9956070017007451
2019-05-17 14:00:00,4,0.9849886691537287
2019-05-17 15:00:00,4,0.9937748177155871
2019-05-17 16:00:00,4,0.7476274582227554
2019-05-17 17:00:00,4,0.9867820414574761
2019-05-17 18:00:00,4,0.9697662187654177
2019-05-17 19:00:00,4,0.8608492345022083
2019-05-18 07:00:00,4,0.9849557468949064
2019-05-18 08:00:00,4,0.9962370394844139
2019-05-18 09:00:00,4,-0.23752626982277544
2019-05-18 10:00:00,4,0.9950166410658615
2019-05-18 11:00:00,4,0.996261300658749
2019-05-18 12:00:00,4,0.998214473764794
2019-05-18 13:00:00,4,0.8001045233792978
2019-05-18 14:00:00,4,0.9980758611478553
2019-05-18 15:00:00,4,-0.9674080670469966
2019-05-18 16:00:00,4,0.6400863789381132
2019-05-18 17:00:00,4,0.9996583257084022
2019-05-18 18:00:00,4,0.9991720524196847
2019-05-18 19:00:00,4,0.9995121043635425
2019-05-19 07:00:00,4,0.976453156656802
2019-05-19 08:00:00,4,0.9952362101029516
2019-05-19 09:00:00,4,-0.24076666081011536
2019-05-19 10:00:00,4,0.9946873662080171
2019-05-19 11:00:00,4,0.9913650660969195
2019-05-19 12:00:00,4,0.9987819078287197
2019-05-19 13:00:00,4,0.7007495052829318
2019-05-19 14:00:00,4,0.9995206126377513
2019-05-19 15:00:00,4,0.9984199907979181
2019-05-19 16:00:00,4,0.9844542046739014
2019-05-19 17:00:00,4,0.9995002112167793
2019-05-19 18:00:00,4,0.9995646356670249
2019-05-19 19:00:00,4,0.9915463371890707
2019-05-20 07:00:00,4,0.9840619071374584
2019-05-20 08:00:00,4,0.9968290219521843
2019-05-20 09:00:00,4,-0.02212341600674333
2019-05-20 10:00:00,4,0.9932684354607797
2019-05-20 11:00:00,4,0.9264275664509488
2019-05-20 12:00:00,4,0.996672954572574
2019-05-20 13:00:00,4,0.5342292178443236
2019-05-20 14:00:00,4,0.2750597941849219
2019-05-20 15:00:00,4,0.9984370979847687
2019-05-20 16:00:00,4,0.4799412384360276
2019-05-20 17:00:00,4,0.9985245142312794
2019-05-20 18:00:00,4,0.9996828890148722
2019-05-20 19:00:00,4,0.9969215945055449
2019-05-21 07:00:00,4,0.9805307001167671
2019-05-21 08:00:00,4,0.9971522389681128
2019-05-21 09:00:00,4,-0.11860892545855595
2019-05-21 10:00:00,4,0.9966967751201755
2019-05-21 11:00:00,4,0.996735195011891
2019-05-21 12:00:00,4,0.9927085839434261
2019-05-21 13:00:00,4,0.9311957526115106
2019-05-21 14:00:00,4,0.996862345392769
2019-05-21 15:00:00,4,0.9999155212925115
2019-05-21 16:00:00,4,0.9969730574571793
2019-05-21 17:00:00,4,0.9999750553995813
2019-05-21 18:00:00,4,0.9991804590349155
2019-05-21 19:00:00,4,0.9954364339225487
2019-05-22 07:00:00,4,0.9998079468562473
2019-05-22 08:00:00,4,0.9995090315241947
2019-05-22 09:00:00,4,0.9931660992580386
2019-05-22 10:00:00,4,0.9016594590708972
2019-05-22 11:00:00,4,0.904095114092213
2019-05-22 12:00:00,4,0.7297215143108343
2019-05-22 13:00:00,4,-0.7753750516175353
2019-05-22 14:00:00,4,0.9628469211279482
2019-05-22 15:00:00,4,0.9743679186941098
2019-05-22 16:00:00,4,0.9833216957416967
2019-05-22 17:00:00,4,0.9949329673849696
2019-05-22 18:00:00,4,0.9663661331179447
2019-05-22 19:00:00,4,0.9988524875343434
2019-05-23 07:00:00,4,0.9974145570015344
2019-05-23 08:00:00,4,0.9991368739715997
2019-05-23 09:00:00,4,0.41819764042111934
2019-05-23 10:00:00,4,0.9883311863670767
2019-05-23 11:00:00,4,0.998325150030639
2019-05-23 12:00:00,4,0.9842973163241568
2019-05-23 13:00:00,4,0.9251680318658098
2019-05-23 14:00:00,4,0.950312370572497
2019-05-23 15:00:00,4,0.43977748461435395
2019-05-23 16:00:00,4,0.9672576850856227
2019-05-23 17:00:00,4,0.9941333306632094
2019-05-23 18:00:00,4,0.9997321443624638
2019-05-23 19:00:00,4,0.9982263474036769
2019-05-24 07:00:00,4,0.998027912409418
2019-05-24 08:00:00,4,0.9971371074522464
2019-05-24 09:00:00,4,0.4839095328627603
2019-05-24 10:00:00,4,0.9992767060931608
2019-05-24 11:00:00,4,0.9961302245200149
2019-05-24 12:00:00,4,0.8899179376146491
2019-05-24 13:00:00,4,0.8407152091744571
2019-05-24 14:00:00,4,0.9893889416986336
2019-05-24 15:00:00,4,0.9975354825510434
2019-05-24 16:00:00,4,0.9998813599862109
2019-05-24 17:00:00,4,0.9797034951577872
2019-05-24 18:00:00,4,0.9753473657115656
2019-05-24 19:00:00,4,0.9984609943666138
2019-05-25 07:00:00,4,0.9935145929695754
2019-05-25 08:00:00,4,0.9957238481150672
2019-05-25 09:00:00,4,0.12823572609135542
2019-05-25 10:00:00,4,0.9972820671412299
2019-05-25 11:00:00,4,0.9964188125511164
2019-05-25 12:00:00,4,0.8449590636102507
2019-05-25 13:00:00,4,0.8339496802532764
2019-05-25 14:00:00,4,0.9601927182531251
2019-05-25 15:00:00,4,0.21007876257761143
2019-05-25 16:00:00,4,0.7082412053272518
2019-05-25 17:00:00,4,0.9948437812268921
2019-05-25 18:00:00,4,0.9917686441619707
2019-05-25 19:00:00,4,0.9955085335797068
2019-05-26 07:00:00,4,0.9857635063999377
2019-05-26 08:00:00,4,0.9964353885716756
2019-05-26 09:00:00,4,0.24412520996224882
2019-05-26 10:00:00,4,0.9990639114599689
2019-05-26 11:00:00,4,0.756593096523211
2019-05-26 12:00:00,4,0.9822410875244183
2019-05-26 13:00:00,4,0.9435104850279072
2019-05-26 14:00:00,4,0.9952351723648565
2019-05-26 15:00:00,4,0.998113745772607
2019-05-26 16:00:00,4,-0.4015806403801042
2019-05-26 17:00:00,4,0.997438927972667
2019-05-26 18:00:00,4,0.9954100949793598
2019-05-26 19:00:00,4,0.9980375051825414
2019-05-27 07:00:00,4,0.9992990816611357
2019-05-27 08:00:00,4,0.9876713445484689
2019-05-27 09:00:00,4,0.9821699591765224
2019-05-27 10:00:00,4,0.6904304436455904
2019-05-27 11:00:00,4,0.5716628792198893
2019-05-27 12:00:00,4,0.9986205888979622
2019-05-27 13:00:00,4,0.9431158151736291
2019-05-27 14:00:00,4,0.9012194495173591
2019-05-27 15:00:00,4,0.9920300044267196
2019-05-27 16:00:00,4,0.999844263355193
2019-05-27 17:00:00,4,0.990610667783814
2019-05-27 18:00:00,4,0.9988118252300401
2019-05-28 07:00:00,4,0.9885066292766512
2019-05-28 08:00:00,4,0.9978440286406497
2019-05-28 09:00:00,4,0.9954677081699489
2019-05-28 10:00:00,4,0.8918633401167433
2019-05-28 11:00:00,4,0.9980149452913917
2019-05-28 12:00:00,4,0.8814875445315021
2019-05-28 13:00:00,4,0.720707238226788
2019-05-28 14:00:00,4,0.9097830381084729
2019-05-28 15:00:00,4,-0.14444725538122757
2019-05-28 16:00:00,4,0.9792632875632241
2019-05-28 17:00:00,4,0.9937005912571533
2019-05-28 18:00:00,4,0.9992222968338523
2019-05-28 19:00:00,4,0.9966851010377713
2019-05-29 07:00:00,4,0.9944836644186891
2019-05-29 08:00:00,4,0.996732011281806
2019-05-29 09:00:00,4,0.51435369236489
2019-05-29 10:00:00,4,0.9922214352841358
2019-05-29 11:00:00,4,0.9968015992029847
2019-05-29 12:00:00,4,0.7645158246158734
2019-05-29 13:00:00,4,0.0059242242961301435
2019-05-29 14:00:00,4,0.9947563620662202
2019-05-29 15:00:00,4,0.9861600055783541
2019-05-29 16:00:00,4,0.8363886445080204
2019-05-29 17:00:00,4,0.9944631122255283
2019-05-29 18:00:00,4,0.9991607338096192
2019-05-29 19:00:00,4,0.9955806640654842
2019-05-30 07:00:00,4,0.9895921147887261
2019-05-30 08:00:00,4,0.9983232183807063
2019-05-30 09:00:00,4,0.5476970028046805
2019-05-30 10:00:00,4,0.9974971590649009
2019-05-30 11:00:00,4,0.9882606972265215
2019-05-30 12:00:00,4,0.9937342029622367
2019-05-30 13:00:00,4,0.4286380826094541
2019-05-30 14:00:00,4,0.9986013407249847
2019-05-30 15:00:00,4,0.9996938813669
2019-05-30 16:00:00,4,0.9570233428409359
2019-05-30 17:00:00,4,0.9856444309224548
2019-05-30 18:00:00,4,0.9953142709531481
2019-05-30 19:00:00,4,0.99768966330704
2019-05-31 07:00:00,4,0.9992193034516268
2019-05-31 08:00:00,4,0.9994642556496487
2019-05-31 09:00:00,4,0.9949503732720181
2019-05-31 10:00:00,4,0.9801781239799497
2019-05-31 11:00:00,4,0.9237323791153739
2019-05-31 12:00:00,4,0.8842291745529457
2019-05-31 13:00:00,4,0.9916274665480845
2019-05-31 14:00:00,4,0.9995178009226311
2019-05-31 15:00:00,4,0.9755078856120597
2019-05-31 16:00:00,4,0.9983084228359308
2019-05-31 17:00:00,4,0.9998396206095099
2019-05-31 18:00:00,4,0.9996787839232636
2019-05-31 19:00:00,4,0.9974728249291308
2019-06-01 08:00:00,4,0.9998248528132155
2019-06-01 09:00:00,4,0.9999225993561376
2019-06-01 10:00:00,4,0.998096126519408
2019-06-01 11:00:00,4,0.9840839092255779
2019-06-01 12:00:00,4,0.9970836895858883
2019-06-01 13:00:00,4,0.9944218579967445
2019-06-01 14:00:00,4,0.9901157444597993
2019-06-01 15:00:00,4,0.9976366433800673
2019-06-01 16:00:00,4,0.9997005912738091
2019-06-01 17:00:00,4,0.9770943792474723
2019-06-01 18:00:00,4,0.9883103798289978
2019-06-02 07:00:00,4,0.9997034971208728
2019-06-02 08:00:00,4,0.9999246313010507
2019-06-02 09:00:00,4,0.9970775110756674
2019-06-02 10:00:00,4,0.9914946100426376
2019-06-02 11:00:00,4,0.990500334005143
2019-06-02 12:00:00,4,0.99848306032498
2019-06-02 13:00:00,4,-0.596558817783773
2019-06-02 14:00:00,4,0.9984894382572781
2019-06-02 15:00:00,4,0.9985420743974697
2019-06-02 16:00:00,4,0.9977463932399254
2019-06-02 17:00:00,4,0.9998432969461386
2019-06-02 18:00:00,4,0.9983698842181221
2019-06-02 19:00:00,4,0.9985747967589547
2019-06-03 07:00:00,4,0.996942211942878
2019-06-03 08:00:00,4,0.9963398658679652
2019-06-03 09:00:00,4,0.21387398788474563
2019-06-03 10:00:00,4,0.9988399503869168
2019-06-03 11:00:00,4,0.9757081846212062
2019-06-03 12:00:00,4,0.9275978217026275
2019-06-03 13:00:00,4,0.9957199284008932
2019-06-03 14:00:00,4,0.9861461234425551
2019-06-03 15:00:00,4,0.983442605198647
2019-06-03 16:00:00,4,0.9744223728091487
2019-06-03 17:00:00,4,0.9998619975947375
2019-06-03 18:00:00,4,0.9994527339093752
2019-06-03 19:00:00,4,0.9977752324810444
2019-06-04 07:00:00,4,0.9990918997350613
2019-06-04 08:00:00,4,0.9964763370392441
2019-06-04 09:00:00,4,0.6480900628686749
2019-06-04 10:00:00,4,0.052042531472836974
2019-06-04 11:00:00,4,0.9696684924648483
2019-06-04 12:00:00,4,0.9973162218287073
2019-06-04 13:00:00,4,0.9904304660618037
2019-06-04 14:00:00,4,0.9107748988962835
2019-06-04 15:00:00,4,0.9811749673363885
2019-06-04 16:00:00,4,0.7362926500403116
2019-06-04 17:00:00,4,0.7682498531172112
2019-06-04 18:00:00,4,0.8704966310257229
2019-06-04 19:00:00,4,0.9996776897081182
2019-06-05 07:00:00,4,0.955901254242599
2019-06-05 08:00:00,4,0.9962231052731323
2019-06-05 09:00:00,4,0.26209478674862796
2019-06-05 10:00:00,4,0.9964485666150993
2019-06-05 11:00:00,4,0.995844248406596
2019-06-05 12:00:00,4,0.9552276795137193
2019-06-05 13:00:00,4,0.8458265828157489
2019-06-05 14:00:00,4,0.993992801360306
2019-06-05 15:00:00,4,0.9956322261295022
2019-06-05 16:00:00,4,0.9954429113841453
2019-06-05 17:00:00,4,0.9993516696882014
2019-06-05 18:00:00,4,0.9980043240132834
2019-06-05 19:00:00,4,0.9911759995044794
2019-06-06 07:00:00,4,0.9815588076654523
2019-06-06 08:00:00,4,0.9953850493497286
2019-06-06 09:00:00,4,0.47748168247051964
2019-06-06 10:00:00,4,0.9988068185047122
2019-06-06 11:00:00,4,0.8165164399141984
2019-06-06 12:00:00,4,0.8484933239075755
2019-06-06 13:00:00,4,0.9869414985131981
2019-06-06 14:00:00,4,0.11062984014040117
2019-06-06 15:00:00,4,0.7321877654263319
2019-06-06 16:00:00,4,0.997374005197682
2019-06-06 17:00:00,4,0.998257639094094
2019-06-06 18:00:00,4,0.9984657569453288
2019-06-06 19:00:00,4,0.9997776718048947
2019-06-07 07:00:00,4,0.9893167434857348
2019-06-07 08:00:00,4,0.9970323627198395
2019-06-07 09:00:00,4,0.6860408740189207
2019-06-07 10:00:00,4,0.9940881398206042
2019-06-07 11:00:00,4,0.9953678758768957
2019-06-07 12:00:00,4,0.04709819749276208
2019-06-07 13:00:00,4,0.9188236570554944
2019-06-07 14:00:00,4,0.9978698802767466
2019-06-07 15:00:00,4,0.9767534076298526
2019-06-07 16:00:00,4,0.9829959038736943
2019-06-07 17:00:00,4,0.9967322397300304
2019-06-07 18:00:00,4,0.9908288946544321
2019-06-07 19:00:00,4,0.9964014358194135
2019-06-08 07:00:00,4,0.9795105566790036
2019-06-08 08:00:00,4,0.9998971128060692
2019-06-08 09:00:00,4,0.9514162532776186
2019-06-08 10:00:00,4,0.9978649908570033
2019-06-08 11:00:00,4,0.9972367842143051
2019-06-08 12:00:00,4,0.4878954346086279
2019-06-08 13:00:00,4,0.9638910251432266
2019-06-08 14:00:00,4,0.8863871563978163
2019-06-08 15:00:00,4,0.9418055397594666
2019-06-08 16:00:00,4,0.9996569093434127
2019-06-08 17:00:00,4,0.9738625197098335
2019-06-08 18:00:00,4,0.9962632990948309
2019-06-08 19:00:00,4,0.9996630358130115
2019-06-09 07:00:00,4,0.95300788172998
2019-06-09 08:00:00,4,0.9936772714357044
2019-06-09 09:00:00,4,0.25622150844288166
2019-06-09 10:00:00,4,0.9906405452874724
2019-06-09 11:00:00,4,0.9937104768663325
2019-06-09 12:00:00,4,0.9757174489282133
2019-06-09 13:00:00,4,0.6098371530588819
2019-06-09 14:00:00,4,0.7841593610472437
2019-06-09 15:00:00,4,0.8340696982092156
2019-06-09 16:00:00,4,0.9601348642236003
2019-06-09 17:00:00,4,0.9770761941118288
2019-06-09 18:00:00,4,0.9694790766763207
2019-06-09 19:00:00,4,0.9999851425048755
2019-06-10 07:00:00,4,0.9666250348421085
2019-06-10 08:00:00,4,0.9998658436649799
2019-06-10 09:00:00,4,0.9131955929725117
2019-06-10 10:00:00,4,0.9930349689043344
2019-06-10 11:00:00,4,0.754049313447478
2019-06-10 12:00:00,4,-0.9143560139866974
2019-06-10 13:00:00,4,0.4920280178213101
2019-06-10 14:00:00,4,0.9980662500934678
2019-06-10 15:00:00,4,0.9958281158091767
2019-06-10 16:00:00,4,0.7891070073996
2019-06-10 17:00:00,4,0.9983156891767891
2019-06-10 18:00:00,4,0.9744624667158922
2019-06-10 19:00:00,4,0.9214053256481108
2019-06-11 07:00:00,4,0.9990844357175537
2019-06-11 08:00:00,4,0.9939676575294822
2019-06-11 09:00:00,4,0.2609414450539685
2019-06-11 10:00:00,4,0.9894416049805748
2019-06-11 11:00:00,4,0.9662595894207178
2019-06-11 12:00:00,4,0.5937170299572618
2019-06-11 13:00:00,4,0.6038348797272147
2019-06-11 14:00:00,4,0.9871208824965665
2019-06-11 15:00:00,4,0.26382583744460036
2019-06-11 16:00:00,4,0.7224244236088383
2019-06-11 17:00:00,4,0.9808809139692312
2019-06-11 18:00:00,4,0.9769073040920219
2019-06-11 19:00:00,4,0.9975382604362448
2019-06-12 07:00:00,4,0.9493689828564654
2019-06-12 08:00:00,4,0.9957478768936888
2019-06-12 09:00:00,4,0.023414935069379302
2019-06-12 10:00:00,4,0.9486839336994005
2019-06-12 11:00:00,4,0.9124167354987962
2019-06-12 12:00:00,4,0.6648392077181298
2019-06-12 13:00:00,4,-0.9382545872256705
2019-06-12 14:00:00,4,0.9943510878143444
2019-06-12 15:00:00,4,0.9622187484199426
2019-06-12 16:00:00,4,0.9959065351636714
2019-06-12 17:00:00,4,0.9997584721499706
2019-06-12 18:00:00,4,0.9986303309967666
2019-06-12 19:00:00,4,0.9945770280907795
2019-06-13 07:00:00,4,0.9645507094657104
2019-06-13 08:00:00,4,0.9743031730683867
2019-06-13 09:00:00,4,0.9961164451609048
2019-06-13 10:00:00,4,0.9574431243049456
2019-06-13 11:00:00,4,0.991663339324627
2019-06-13 12:00:00,4,0.9956285669964233
2019-06-13 13:00:00,4,0.9701485028967711
2019-06-13 14:00:00,4,0.9802815000903453
2019-06-13 15:00:00,4,0.9932012430117675
2019-06-13 16:00:00,4,0.9530042384204973
2019-06-13 17:00:00,4,0.9990100989100232
2019-06-13 18:00:00,4,0.9991766508190111
2019-06-13 19:00:00,4,0.9948910235736732
2019-06-14 07:00:00,4,0.9997605925195099
2019-06-14 08:00:00,4,0.9961381920129159
2019-06-14 09:00:00,4,0.23755899036967804
2019-06-14 10:00:00,4,0.9650691571537185
2019-06-14 11:00:00,4,0.9432817046128241
2019-06-14 12:00:00,4,0.9456984739604493
2019-06-14 13:00:00,4,0.9987996308709248
2019-06-14 14:00:00,4,0.9982590420941093
2019-06-14 15:00:00,4,0.9999263331331016
2019-06-14 16:00:00,4,0.9771902988500057
2019-06-14 17:00:00,4,0.9816558274288204
2019-06-14 18:00:00,4,0.997971648793225
2019-06-14 19:00:00,4,0.9986297144508397
2019-06-15 07:00:00,4,0.9997351536113029
2019-06-15 08:00:00,4,0.9927413467729536
2019-06-15 09:00:00,4,0.9567079130883435
2019-06-15 10:00:00,4,0.9583274332498931
2019-06-15 11:00:00,4,0.9747897475915266
2019-06-15 12:00:00,4,0.9811647956501158
2019-06-15 13:00:00,4,0.9250772145804176
2019-06-15 14:00:00,4,0.9936375216323804
2019-06-15 15:00:00,4,-0.29474305763665576
2019-06-15 16:00:00,4,0.9847760501203338
2019-06-15 17:00:00,4,0.9846160436123267
2019-06-15 18:00:00,4,0.997303817012711
2019-06-15 19:00:00,4,0.9973815132855238
2019-06-16 07:00:00,4,0.998932397234126
2019-06-16 08:00:00,4,0.99948063965446
2019-06-16 09:00:00,4,0.9714200774729821
2019-06-16 10:00:00,4,0.9960635511313027
2019-06-16 11:00:00,4,0.9890617307902855
2019-06-16 12:00:00,4,0.9633578723541435
2019-06-16 13:00:00,4,0.22915427146754566
2019-06-16 14:00:00,4,0.8586982751918905
2019-06-16 15:00:00,4,0.9858171687723924
2019-06-16 16:00:00,4,0.9985842548418068
2019-06-16 17:00:00,4,0.9877726424828075
2019-06-16 18:00:00,4,0.9999372035088173
2019-06-16 19:00:00,4,0.9773800155849238
2019-06-17 07:00:00,4,0.9918626131082682
2019-06-17 08:00:00,4,0.8423012838020859
2019-06-17 09:00:00,4,0.6135613476062015
2019-06-17 10:00:00,4,0.9921897855312265
2019-06-17 11:00:00,4,-0.33176240790130823
2019-06-17 12:00:00,4,0.9829040533122534
2019-06-17 13:00:00,4,0.9569249098327872
2019-06-17 14:00:00,4,0.9909580679381228
2019-06-17 15:00:00,4,-0.3659599813968126
2019-06-17 16:00:00,4,0.9870136469556285
2019-06-17 17:00:00,4,0.8730586433599642
2019-06-17 18:00:00,4,0.9995984932895424
2019-06-17 19:00:00,4,0.9962677750550081
2019-06-18 07:00:00,4,0.99928182991129
2019-06-18 08:00:00,4,0.995511131153538
2019-06-18 09:00:00,4,0.9823665586542112
2019-06-18 10:00:00,4,0.9406105882989146
2019-06-18 11:00:00,4,0.8992869836908601
2019-06-18 12:00:00,4,0.958178940033554
2019-06-18 13:00:00,4,0.959879781928075
2019-06-18 14:00:00,4,0.9598488967772033
2019-06-18 15:00:00,4,0.986598906506981
2019-06-18 16:00:00,4,0.9975049214661805
2019-06-18 17:00:00,4,0.9826897789841367
2019-06-18 18:00:00,4,0.9993850003253978
2019-06-18 19:00:00,4,0.9993387140190416
2019-06-19 07:00:00,4,0.999894626116535
2019-06-19 08:00:00,4,0.9934541583739214
2019-06-19 09:00:00,4,0.9914604592298938
2019-06-19 10:00:00,4,0.9978185595328182
2019-06-19 11:00:00,4,0.443510649415582
2019-06-19 12:00:00,4,0.30622073525707383
2019-06-19 13:00:00,4,0.9840519093537065
2019-06-19 14:00:00,4,0.999025582772734
2019-06-19 15:00:00,4,0.14112053257514715
2019-06-19 16:00:00,4,0.9992359499797518
2019-06-19 17:00:00,4,0.9997001386083336
2019-06-19 18:00:00,4,0.9993621490319132
2019-06-20 07:00:00,4,0.9567465272491349
2019-06-20 08:00:00,4,0.9963324760348695
2019-06-20 09:00:00,4,-0.03282593977906676
2019-06-20 10:00:00,4,0.9925699170274539
2019-06-20 11:00:00,4,0.48711158417219325
2019-06-20 12:00:00,4,-0.17024692790589321
2019-06-20 13:00:00,4,0.662957147403882
2019-06-20 14:00:00,4,0.7937903720728158
2019-06-20 15:00:00,4,0.6626142406855742
2019-06-20 16:00:00,4,0.9964526887870435
2019-06-20 17:00:00,4,0.9985475236275431
2019-06-20 18:00:00,4,0.996719734628822
2019-06-20 19:00:00,4,0.9979802810794426
2019-06-21 07:00:00,4,0.9528458784681004
2019-06-21 08:00:00,4,0.9917908154228712
2019-06-21 09:00:00,4,-0.1959276233108031
2019-06-21 10:00:00,4,0.9901120416812886
2019-06-21 11:00:00,4,0.9681640412582724
2019-06-21 12:00:00,4,-0.18645597327435565
2019-06-21 13:00:00,4,0.9238736160792317
2019-06-21 14:00:00,4,0.9854765199447977
2019-06-21 15:00:00,4,0.773344625093168
2019-06-21 16:00:00,4,0.994139342400643
2019-06-21 17:00:00,4,0.9999881240335793
2019-06-21 18:00:00,4,0.998561736989312
2019-06-21 19:00:00,4,0.9902325123932461
2019-06-22 07:00:00,4,0.9771566383561869
2019-06-22 08:00:00,4,0.9973055914585927
2019-06-22 09:00:00,4,-0.007581362521867884
2019-06-22 10:00:00,4,0.9835840251051369
2019-06-22 11:00:00,4,0.9993950000403229
2019-06-22 12:00:00,4,0.99671443841331
2019-06-22 13:00:00,4,0.6594120944707561
2019-06-22 14:00:00,4,0.9998616108281233
2019-06-22 15:00:00,4,0.995545253855582
2019-06-22 16:00:00,4,0.8954397791212556
2019-06-22 17:00:00,4,0.9892110317528785
2019-06-22 18:00:00,4,0.9968204867227591
2019-06-22 19:00:00,4,0.999676564959736
2019-06-23 07:00:00,4,0.9998918482811243
2019-06-23 08:00:00,4,0.9987873501739544
2019-06-23 09:00:00,4,0.9963368049609016
2019-06-23 10:00:00,4,0.9859878261995793
2019-06-23 11:00:00,4,0.9983415330429661
2019-06-23 12:00:00,4,0.996353616873519
2019-06-23 13:00:00,4,0.9946079184268676
2019-06-23 14:00:00,4,0.9990308247042243
2019-06-23 15:00:00,4,0.9993119628160674
2019-06-23 16:00:00,4,0.9812267848069087
2019-06-23 17:00:00,4,0.955784324916509
2019-06-23 18:00:00,4,0.9996368535083703
2019-06-23 19:00:00,4,0.9987080809800721
2019-06-24 07:00:00,4,0.9994527576720694
2019-06-24 08:00:00,4,0.9492602686451445
2019-06-24 09:00:00,4,0.9919943269430629
2019-06-24 10:00:00,4,0.9903013636508337
2019-06-24 11:00:00,4,0.9970373205385072
2019-06-24 12:00:00,4,0.9996563494887284
2019-06-24 13:00:00,4,0.8146640252299995
2019-06-24 14:00:00,4,0.5534322181986036
2019-06-24 15:00:00,4,0.8124395242751499
2019-06-24 16:00:00,4,0.9975212570664769
2019-06-24 17:00:00,4,0.9402376743204639
2019-06-24 18:00:00,4,0.995787412902489
2019-06-24 19:00:00,4,0.9998198866614201
2019-06-25 07:00:00,3,0.9859078737959635
2019-06-25 08:00:00,4,0.9991756625918006
2019-06-25 09:00:00,4,0.8928876291665346
2019-06-25 10:00:00,4,0.988249868994812
2019-06-25 11:00:00,4,0.9959593134754715
2019-06-25 12:00:00,4,0.9975400303116813
2019-06-25 13:00:00,4,0.9989769600432116
2019-06-25 14:00:00,4,0.9011987418848367
2019-06-25 15:00:00,4,0.716962612975816
2019-06-25 16:00:00,4,0.7698655012809347
2019-06-25 17:00:00,4,0.8446903006519355
2019-06-25 18:00:00,4,0.9699421061505695
2019-06-25 19:00:00,4,0.9902802914350486
2019-06-26 08:00:00,4,0.981198806462195
2019-06-26 09:00:00,4,0.9865054071943462
2019-06-26 10:00:00,4,0.9988995341164234
2019-06-26 11:00:00,4,0.8668363464146923
2019-06-26 12:00:00,4,0.9997033467955753
2019-06-26 13:00:00,4,0.9953609010460509
2019-06-26 14:00:00,4,0.9792456727427334
2019-06-26 15:00:00,4,0.9763953903883791
2019-06-26 16:00:00,4,0.9803115829325996
2019-06-26 17:00:00,4,0.9953929541656513
2019-06-26 18:00:00,4,0.9874618614957194
2019-06-26 19:00:00,4,0.9985137354205226
2019-06-27 07:00:00,4,0.999542765436598
2019-06-27 08:00:00,4,0.9979206618844096
2019-06-27 09:00:00,4,0.24796660840056203
2019-06-27 10:00:00,4,0.9952933195998533
2019-06-27 11:00:00,4,0.9855358994129807
2019-06-27 12:00:00,4,0.17534865593097954
2019-06-27 13:00:00,4,0.581590252398487
2019-06-27 14:00:00,4,0.9947112272071311
2019-06-27 15:00:00,4,0.9917411985643777
2019-06-27 16:00:00,4,0.9984178098830931
2019-06-27 17:00:00,4,0.999570246877287
2019-06-27 18:00:00,4,0.9967337908015181
2019-06-27 19:00:00,4,0.992177522293446
2019-06-28 07:00:00,4,0.999670015089369
2019-06-28 08:00:00,4,0.997944163502619
2019-06-28 09:00:00,4,0.46521949399478507
2019-06-28 10:00:00,4,0.9865041031462569
2019-06-28 11:00:00,4,0.9998874437018502
2019-06-28 12:00:00,4,0.9981897564406985
2019-06-28 13:00:00,4,0.997456060385162
2019-06-28 14:00:00,4,0.951754450433867
2019-06-28 15:00:00,4,0.8351755535180007
2019-06-28 16:00:00,4,0.9964657039301961
2019-06-28 17:00:00,4,0.2959782619761745
2019-06-28 18:00:00,4,0.9784101610255616
2019-06-28 19:00:00,4,0.9984214490877705
2019-06-29 07:00:00,4,0.9777297328135544
2019-06-29 08:00:00,4,0.9995193445536907
2019-06-29 09:00:00,4,0.9992292743765023
2019-06-29 10:00:00,4,0.9954489371006408
2019-06-29 11:00:00,4,0.9985816031886497
2019-06-29 12:00:00,4,0.99872216187336
2019-06-29 13:00:00,4,0.9976043631372381
2019-06-29 14:00:00,4,0.9762537372617828
2019-06-29 15:00:00,4,0.984658949656584
2019-06-29 16:00:00,4,0.9971602867067746
2019-06-29 17:00:00,4,0.9972733940259749
2019-06-29 18:00:00,4,0.9975575492320012
2019-06-29 19:00:00,4,0.9996734156620941
2019-06-30 07:00:00,4,0.9988978461149681
2019-06-30 08:00:00,4,0.999929379297849
2019-06-30 09:00:00,4,0.9984860954040111
2019-06-30 10:00:00,4,0.8829227173180216
2019-06-30 11:00:00,4,0.9307883227446054
2019-06-30 12:00:00,4,0.8162014382599547
2019-06-30 13:00:00,4,0.9859834172085915
2019-06-30 14:00:00,4,0.9777547628792269
2019-06-30 15:00:00,4,0.9944567352258864
2019-06-30 16:00:00,4,0.987017217349296
2019-06-30 17:00:00,4,0.9453060869383633
2019-06-30 18:00:00,4,0.9972197695538202
2019-06-30 19:00:00,4,0.9970589633195779
2019-07-01 07:00:00,4,0.9996378768249546
2019-07-01 08:00:00,4,0.999050813128677
2019-07-01 09:00:00,4,0.8452271795607053
2019-07-01 10:00:00,4,0.9979149115119749
2019-07-01 11:00:00,4,0.927908751409563
2019-07-01 12:00:00,4,0.902965765523804
2019-07-01 13:00:00,4,0.7723608602861637
2019-07-01 14:00:00,4,0.8469758649121588
2019-07-01 15:00:00,4,0.9230958050312702
2019-07-01 16:00:00,4,0.9075426577090002
2019-07-01 17:00:00,4,0.9987461758309816
2019-07-01 18:00:00,4,0.995650822772191
2019-07-01 19:00:00,4,0.9982933257062283
2019-07-02 07:00:00,4,0.9291133802076819
2019-07-02 08:00:00,4,0.9993345586138024
2019-07-02 09:00:00,4,-0.10251854883327145
2019-07-02 10:00:00,4,0.9939350829473352
2019-07-02 11:00:00,4,0.9961741440297645
2019-07-02 12:00:00,4,0.9976650466190325
2019-07-02 13:00:00,4,0.7616824238076629
2019-07-02 14:00:00,4,0.9993019887796617
2019-07-02 15:00:00,4,0.5561012657015875
2019-07-02 16:00:00,4,0.9084530773099487
2019-07-02 17:00:00,4,0.999789153602746
2019-07-02 18:00:00,4,0.9984802480077942
2019-07-02 19:00:00,4,0.9985283734924114
2019-07-03 07:00:00,4,0.9983664600867991
2019-07-03 08:00:00,4,0.9995006381561107
2019-07-03 09:00:00,4,0.8316848630211487
2019-07-03 10:00:00,4,0.9916800204648083
2019-07-03 11:00:00,4,0.947235161572543
2019-07-03 12:00:00,4,0.9975232488892294
2019-07-03 13:00:00,4,0.9885213568062315
2019-07-03 14:00:00,4,0.9991384279125546
2019-07-03 15:00:00,4,0.8472154187091102
2019-07-03 16:00:00,4,0.9993064318979502
2019-07-03 17:00:00,4,0.9927720622764677
2019-07-03 18:00:00,4,0.9382297816122707
2019-07-03 19:00:00,4,0.9993399414840046
2019-07-04 07:00:00,4,0.9865457792614915
2019-07-04 08:00:00,4,0.988127979648577
2019-07-04 09:00:00,4,0.8251999334290693
2019-07-04 10:00:00,4,0.01596696552752729
2019-07-04 11:00:00,4,0.873017476205094
2019-07-04 12:00:00,4,0.8836499798412386
2019-07-04 13:00:00,4,0.9667639376864633
2019-07-04 14:00:00,4,0.9998193757560094
2019-07-04 15:00:00,4,0.9999892685467641
2019-07-04 16:00:00,4,0.9993431038637628
2019-07-04 17:00:00,4,0.9997344610856808
2019-07-04 18:00:00,4,0.9994935788985112
2019-07-04 19:00:00,4,0.9999848785147746
2019-07-05 07:00:00,4,0.9714515249276613
2019-07-05 08:00:00,4,0.9997952345743194
2019-07-05 09:00:00,4,0.9992594260254944
2019-07-05 10:00:00,4,0.9890276661994297
2019-07-05 11:00:00,4,0.993220959526346
2019-07-05 12:00:00,4,0.9963910916058825
2019-07-05 13:00:00,4,0.9994783641329601
2019-07-05 14:00:00,4,0.9992816250508585
2019-07-05 15:00:00,4,0.9868333414032558
2019-07-05 16:00:00,4,0.977771403855155
2019-07-05 17:00:00,4,0.6418087701209847
2019-07-05 18:00:00,4,0.9989315452948511
2019-07-05 19:00:00,4,0.9999397545862194
2019-07-06 07:00:00,4,0.7968890348443852
2019-07-06 08:00:00,4,0.8876660638141122
2019-07-06 09:00:00,4,0.9986760736993443
2019-07-06 10:00:00,4,0.8367612001624963
2019-07-06 11:00:00,4,0.9980049414248894
2019-07-06 12:00:00,4,0.9010197983620417
2019-07-06 13:00:00,4,0.9735235244988167
2019-07-06 14:00:00,4,0.9977194223919816
2019-07-06 15:00:00,4,0.9903444260265432
2019-07-06 16:00:00,4,0.996040009587413
2019-07-06 17:00:00,4,0.9629904202491921
2019-07-06 18:00:00,4,0.9992818904886768
2019-07-06 19:00:00,4,0.9999334152691113
2019-07-07 07:00:00,4,0.9855048818010615
2019-07-07 08:00:00,4,0.9912694583605222
2019-07-07 09:00:00,4,0.8621181924054712
2019-07-07 10:00:00,4,0.9681245851865351
2019-07-07 11:00:00,4,0.9982600783379457
2019-07-07 12:00:00,4,0.8778360909128397
2019-07-07 13:00:00,4,0.89338308629223
2019-07-07 14:00:00,4,0.9783848992400241
2019-07-07 15:00:00,4,0.9920691225087646
2019-07-07 16:00:00,4,0.9959523314002102
2019-07-07 17:00:00,4,0.9992484958845754
2019-07-07 18:00:00,4,0.9996926633451635
2019-07-07 19:00:00,4,0.9995027896388421
2019-07-08 07:00:00,4,0.9945769433864604
2019-07-08 08:00:00,4,0.9962204380707259
2019-07-08 09:00:00,4,0.8276904891934662
2019-07-08 10:00:00,4,0.8105989579929814
2019-07-08 11:00:00,4,0.8744749012999656
2019-07-08 12:00:00,4,0.9437517078522717
2019-07-08 13:00:00,4,0.9939285449609963
2019-07-08 14:00:00,4,0.9976016528619679
2019-07-08 15:00:00,4,0.9988013258953071
2019-07-08 16:00:00,4,0.9954808530473372
2019-07-08 17:00:00,4,0.9911241729156097
2019-07-08 18:00:00,4,0.999077892279482
2019-07-08 19:00:00,3,0.9967921087291073
2019-07-09 07:00:00,4,0.9990127763839652
2019-07-09 08:00:00,4,0.8837359957856654
2019-07-09 09:00:00,4,0.9723255695873382
2019-07-09 10:00:00,4,0.9483223517939823
2019-07-09 11:00:00,4,0.9350578422517924
2019-07-09 12:00:00,4,0.9491732732335009
2019-07-09 13:00:00,4,0.8888063011019445
2019-07-09 14:00:00,4,0.8920388715315583
2019-07-09 15:00:00,4,0.9754866171607823
2019-07-09 16:00:00,4,0.9897293800722444
2019-07-09 17:00:00,4,0.9803129360687438
2019-07-09 18:00:00,4,0.8653747034170722
2019-07-09 19:00:00,4,0.8276792104083706
2019-07-10 07:00:00,4,0.9975542610843824
2019-07-10 08:00:00,4,0.9560750276350225
2019-07-10 09:00:00,4,0.9924060788964971
2019-07-10 10:00:00,4,0.9908197609236952
2019-07-10 11:00:00,4,0.9986428971233697
2019-07-10 12:00:00,4,0.989745433725881
2019-07-10 13:00:00,4,0.9997395685314541
2019-07-10 14:00:00,4,0.9785338057997849
2019-07-10 15:00:00,4,0.8614817775178459
2019-07-10 16:00:00,4,0.883276776714486
2019-07-10 17:00:00,4,0.9901196485640174
2019-07-10 18:00:00,4,0.8648373114138729
2019-07-10 19:00:00,4,0.9961465501695015
2019-07-11 07:00:00,4,0.9990995696068629
2019-07-11 08:00:00,4,0.9979772003161224
2019-07-11 09:00:00,4,0.9997008445771669
2019-07-11 10:00:00,4,0.996714310602397
2019-07-11 11:00:00,4,0.9652800646618291
2019-07-11 12:00:00,4,0.8391288237710695
2019-07-11 13:00:00,4,0.8947162920920418
2019-07-11 14:00:00,4,0.9214282469067333
2019-07-11 15:00:00,4,0.863742877950687
2019-07-11 16:00:00,4,0.9983512703127363
2019-07-11 17:00:00,4,0.9999626038151583
2019-07-11 18:00:00,4,0.9990857192316446
2019-07-11 19:00:00,4,0.7971437655692776
2019-07-12 07:00:00,4,0.9996998489077811
2019-07-12 08:00:00,4,0.9967746758170176
2019-07-12 09:00:00,4,0.9799781745240803
2019-07-12 10:00:00,4,0.9959254331734246
2019-07-12 11:00:00,4,0.9752552635202032
2019-07-12 12:00:00,4,0.9690406778528504
2019-07-12 13:00:00,4,0.997266444545808
2019-07-12 14:00:00,4,0.981745190401964
2019-07-12 15:00:00,4,0.9902587106273527
2019-07-12 16:00:00,4,0.9999378379339543
2019-07-12 17:00:00,4,0.9995546430151429
2019-07-12 18:00:00,4,0.9999830860906991
2019-07-12 19:00:00,4,0.9999726549997676
2019-07-13 07:00:00,4,0.9995048531037293
2019-07-13 08:00:00,4,0.9999054705784183
2019-07-13 09:00:00,4,0.9926816930431092
2019-07-13 10:00:00,4,0.9986308776145641
2019-07-13 11:00:00,4,0.9761961004854407
2019-07-13 12:00:00,4,0.9932998981656377
2019-07-13 13:00:00,4,0.9980123387457043
2019-07-13 14:00:00,4,0.9935782935768449
2019-07-13 15:00:00,4,0.9913633703603655
2019-07-13 16:00:00,4,0.9927430375859848
2019-07-13 17:00:00,4,0.9873086031033144
2019-07-13 18:00:00,4,0.9996776306582146
2019-07-13 19:00:00,4,0.9999301275477014
2019-07-14 07:00:00,4,0.9719788371845436
2019-07-14 08:00:00,4,0.9959861946519339
2019-07-14 09:00:00,4,0.953639158161663
2019-07-14 10:00:00,4,0.9595469695012716
2019-07-14 11:00:00,4,0.9759625845966383
2019-07-14 12:00:00,4,0.8725931462681359
2019-07-14 13:00:00,4,0.6782986251730324
2019-07-14 14:00:00,4,0.9478289122561381
2019-07-14 15:00:00,4,0.9889765027361089
2019-07-14 16:00:00,4,0.9488465490382701
2019-07-14 17:00:00,4,0.9975916164548816
2019-07-14 18:00:00,4,0.9997373976693545
2019-07-14 19:00:00,4,0.9991757407218137
2019-07-15 07:00:00,4,0.998722357639962
2019-07-15 08:00:00,4,0.9999574040992663
2019-07-15 09:00:00,4,0.9775113948145272
2019-07-15 10:00:00,4,0.9959633057720285
2019-07-15 11:00:00,4,0.9721113024788343
2019-07-15 12:00:00,4,0.9944858033537438
2019-07-15 13:00:00,4,0.9468749738489085
2019-07-15 14:00:00,4,0.8222316407650675
2019-07-15 15:00:00,4,0.9983655646969222
2019-07-15 16:00:00,4,0.9817069845325712
2019-07-15 17:00:00,4,0.9976542376832306
2019-07-15 18:00:00,4,0.9941551989123892
2019-07-15 19:00:00,4,0.9976080261541485
2019-07-16 07:00:00,4,0.9927472795215959
2019-07-16 08:00:00,4,0.9994982572682976
2019-07-16 09:00:00,4,0.585143599144887
2019-07-16 10:00:00,4,0.981158937092868
2019-07-16 11:00:00,4,0.8116055899730384
2019-07-16 12:00:00,4,0.9361729029986128
2019-07-16 13:00:00,4,0.4212755526154238
2019-07-16 14:00:00,4,0.9717651246538928
2019-07-16 15:00:00,4,0.9407503100263932
2019-07-16 16:00:00,4,0.9326860256181633
2019-07-16 17:00:00,4,0.9175792210313443
2019-07-16 18:00:00,4,0.903558050890144
2019-07-16 19:00:00,4,0.9982771625292717
2019-07-17 07:00:00,3,0.9419898891361236
2019-07-17 08:00:00,4,0.9999975388013956
2019-07-17 09:00:00,4,0.9965469741875576
2019-07-17 10:00:00,4,0.9592025966941622
2019-07-17 11:00:00,4,0.9907596286536999
2019-07-17 12:00:00,4,-0.799050788675597
2019-07-17 13:00:00,4,-0.16519092976083016
2019-07-17 14:00:00,4,0.945085453312408
2019-07-17 15:00:00,4,0.9963660010183444
2019-07-17 16:00:00,4,0.8428754713798677
2019-07-17 17:00:00,4,0.9984802250140625
2019-07-17 18:00:00,4,0.9969734959109647
2019-07-17 19:00:00,4,0.9963261345886868
2019-07-18 07:00:00,4,0.9899276350020504
2019-07-18 08:00:00,4,0.9946455298151791
2019-07-18 09:00:00,4,0.9935473452842105
2019-07-18 10:00:00,4,0.9712245892182301
2019-07-18 11:00:00,4,0.9917092572171871
2019-07-18 12:00:00,4,0.9975820910017028
2019-07-18 13:00:00,4,0.9032790970917884
2019-07-18 14:00:00,4,0.9981301319789093
2019-07-18 15:00:00,4,0.9996237849703683
2019-07-18 16:00:00,4,0.10225504189201076
2019-07-18 17:00:00,4,0.9999369712107457
2019-07-18 18:00:00,4,0.9999420382226801
2019-07-18 19:00:00,4,0.9996194489794794
2019-07-19 08:00:00,4,0.9944942615925081
2019-07-19 09:00:00,4,0.9678600021335314
2019-07-19 10:00:00,4,0.9977051189512444
2019-07-19 11:00:00,4,0.9826465154642738
2019-07-19 12:00:00,4,0.9583502482379307
2019-07-19 13:00:00,4,0.9142194260917041
2019-07-19 14:00:00,4,0.7426158477505191
2019-07-19 15:00:00,4,0.9979904936923228
2019-07-19 16:00:00,4,0.9994163249463298
2019-07-19 17:00:00,4,0.9988495505372758
2019-07-19 18:00:00,4,0.9320207366890322
2019-07-19 19:00:00,4,0.9996879416133326
2019-07-20 07:00:00,4,0.9784588331844511
2019-07-20 08:00:00,4,0.9987125720713428
2019-07-20 09:00:00,4,0.7817342356909738
2019-07-20 10:00:00,4,0.9418722174679534
2019-07-20 11:00:00,4,0.98892799488437
2019-07-20 12:00:00,4,0.9815097527225115
2019-07-20 13:00:00,4,0.9983297139495306
2019-07-20 14:00:00,4,0.9990851810662159
2019-07-20 15:00:00,4,0.9977969892307894
2019-07-20 16:00:00,4,0.9981887480985193
2019-07-20 17:00:00,4,0.999418563506091
2019-07-20 18:00:00,4,0.990189021271991
2019-07-20 19:00:00,4,0.9954592421409768
2019-07-21 07:00:00,4,0.9938343917567557
2019-07-21 08:00:00,4,0.9982244693528802
2019-07-21 09:00:00,4,0.8570843454587449
2019-07-21 10:00:00,4,0.9284438401592938
2019-07-21 11:00:00,4,0.9983862991701004
2019-07-21 12:00:00,4,0.845824099323217
2019-07-21 13:00:00,4,0.8948524379233901
2019-07-21 14:00:00,4,0.9040649826933165
2019-07-21 15:00:00,4,0.9145562734208518
2019-07-21 16:00:00,4,0.9933901452101155
2019-07-21 17:00:00,4,0.9858836840628175
2019-07-21 18:00:00,4,0.9997875305583535
2019-07-21 19:00:00,4,0.9996715085515203
2019-07-22 07:00:00,4,0.9973261229636222
2019-07-22 08:00:00,4,0.9988276877773214
2019-07-22 09:00:00,4,0.8481151829564549
2019-07-22 10:00:00,4,0.9986511103865114
2019-07-22 11:00:00,4,0.9996982230792809
2019-07-22 12:00:00,4,0.9987263809643715
2019-07-22 13:00:00,4,0.9911647335029703
2019-07-22 14:00:00,4,0.9968575845561385
2019-07-22 15:00:00,4,0.9917440608886009
2019-07-22 16:00:00,4,0.999050183224954
2019-07-22 17:00:00,4,0.995681699697304
2019-07-22 18:00:00,4,0.9997813436575612
2019-07-22 19:00:00,4,0.9527415555312243
2019-07-23 07:00:00,4,0.972988573182989
2019-07-23 08:00:00,4,0.9988039077863503
2019-07-23 09:00:00,4,0.9870301682567223
2019-07-23 10:00:00,4,0.9030961478266696
2019-07-23 11:00:00,4,0.5527687946562596
2019-07-23 12:00:00,4,0.9051480114654459
2019-07-23 13:00:00,4,0.9551627835460051
2019-07-23 14:00:00,4,0.9881979080746967
2019-07-23 15:00:00,4,0.9824185343929565
2019-07-23 16:00:00,4,0.9981664665429857
2019-07-23 17:00:00,4,0.9833568737358491
2019-07-23 18:00:00,4,0.9994723006763897
2019-07-23 19:00:00,4,0.9902627930712286
2019-07-24 07:00:00,4,0.9905459142044442
2019-07-24 08:00:00,4,0.9895773396849598
2019-07-24 09:00:00,4,0.9009103960996219
2019-07-24 10:00:00,4,0.905928938371868
2019-07-24 11:00:00,4,0.7919484701817542
2019-07-24 12:00:00,4,0.802238185637177
2019-07-24 13:00:00,4,0.2631304709344797
2019-07-24 14:00:00,4,0.9958956802724152
2019-07-24 15:00:00,4,0.9947823380229281
2019-07-24 16:00:00,4,0.9985177230251627
2019-07-24 17:00:00,4,0.9884286658099194
2019-07-24 18:00:00,4,0.9954033500659906
2019-07-24 19:00:00,4,0.9994419637059418
2019-07-25 07:00:00,4,0.9998277534324664
2019-07-25 08:00:00,4,0.9998233697290277
2019-07-25 09:00:00,4,0.7384502098545921
2019-07-25 10:00:00,4,0.7691240175029301
2019-07-25 11:00:00,4,0.9515241899003433
2019-07-25 12:00:00,4,0.9949759309060587
2019-07-25 13:00:00,4,0.9675924758320238
2019-07-25 14:00:00,4,0.995265711199327
2019-07-25 15:00:00,4,0.9986478862765921
2019-07-25 16:00:00,4,0.9992321272411951
2019-07-25 17:00:00,4,0.9985197951647372
2019-07-25 18:00:00,4,0.9983203627087438
2019-07-25 19:00:00,4,0.998532694715253
2019-07-26 07:00:00,4,0.9834162158555323
2019-07-26 08:00:00,4,0.9935004800357168
2019-07-26 09:00:00,4,0.8579450829630436
2019-07-26 10:00:00,4,0.9806208431483705
2019-07-26 11:00:00,4,0.9287750257162921
2019-07-26 12:00:00,4,0.7259478895977738
2019-07-26 13:00:00,4,0.6038718725926757
2019-07-26 14:00:00,4,0.9327130841345803
2019-07-26 15:00:00,4,0.9571659114563936
2019-07-26 16:00:00,4,0.860966926337819
2019-07-26 17:00:00,4,0.9998196519436133
2019-07-26 18:00:00,4,0.9997507859592685
2019-07-26 19:00:00,4,0.9999399218894528
2019-07-27 07:00:00,4,0.9992416669103389
2019-07-27 08:00:00,4,0.9995394700361526
2019-07-27 09:00:00,4,0.9995127349030934
2019-07-27 10:00:00,4,0.9986629785360535
2019-07-27 11:00:00,4,0.9893776435625812
2019-07-27 12:00:00,4,0.610725488186277
2019-07-27 13:00:00,4,0.9844044790694059
2019-07-27 14:00:00,4,0.9994055637582316
2019-07-27 15:00:00,4,0.9228419395093387
2019-07-27 16:00:00,4,0.8401016941904552
2019-07-27 17:00:00,4,0.791439298095517
2019-07-27 18:00:00,4,0.9993896435620833
2019-07-27 19:00:00,4,0.9922763039418107
2019-07-28 07:00:00,4,0.9990203880085792
2019-07-28 08:00:00,4,0.9379875010286909
2019-07-28 09:00:00,4,0.8752889727947935
2019-07-28 10:00:00,4,0.6258200771485034
2019-07-28 11:00:00,4,0.7737264137919065
2019-07-28 12:00:00,4,0.984496838209956
2019-07-28 13:00:00,4,0.9337739932245838
2019-07-28 14:00:00,4,0.9909668750961252
2019-07-28 15:00:00,4,0.9947768386424903
2019-07-28 16:00:00,4,0.9999233324201485
2019-07-28 17:00:00,4,0.9995181807779432
2019-07-28 18:00:00,4,0.9988696791481596
2019-07-28 19:00:00,4,0.9796722173030474
2019-07-29 08:00:00,4,0.9994414158681844
2019-07-29 09:00:00,4,0.9705552372204531
2019-07-29 10:00:00,4,0.991591258074652
2019-07-29 11:00:00,4,0.994289576597586
2019-07-29 12:00:00,4,0.9974202348591562
2019-07-29 13:00:00,4,0.9988067539365534
2019-07-29 14:00:00,4,0.9984457906989566
2019-07-29 15:00:00,4,0.9973172360528236
2019-07-29 16:00:00,4,0.999821690105367
2019-07-29 17:00:00,4,0.9968787021946017
2019-07-29 18:00:00,4,0.9997591219093842
2019-07-29 19:00:00,4,0.9999745119160843
2019-07-30 07:00:00,4,0.9801026043524047
2019-07-30 08:00:00,4,0.9795798828262046
2019-07-30 09:00:00,4,0.9937962526796718
2019-07-30 10:00:00,4,0.9870220499564887
2019-07-30 11:00:00,4,0.9673478990567331
2019-07-30 12:00:00,4,0.9731367775312193
2019-07-30 13:00:00,4,0.9983369218831417
2019-07-30 14:00:00,4,0.9943230949438018
2019-07-30 15:00:00,4,0.9990673184078918
2019-07-30 16:00:00,4,0.995973018494785
2019-07-30 17:00:00,4,0.9932650850801318
2019-07-30 18:00:00,4,0.973971333214648
2019-07-30 19:00:00,4,0.9999418971267411
2019-07-31 07:00:00,4,0.9989306617010738
2019-07-31 08:00:00,4,0.9990215275457327
2019-07-31 09:00:00,4,0.9841963533869924
2019-07-31 10:00:00,4,0.02843593840222638
2019-07-31 11:00:00,4,0.85600092632058
2019-07-31 12:00:00,4,0.6677291895279397
2019-07-31 13:00:00,4,0.9971702870999952
2019-07-31 14:00:00,4,0.8410942211997134
2019-07-31 15:00:00,4,0.7906635795877213
2019-07-31 16:00:00,4,0.9947689492344535
2019-07-31 17:00:00,4,0.9801201528550414
2019-07-31 18:00:00,4,0.9970747659815634
2019-07-31 19:00:00,4,0.9964862112220638
2019-08-01 07:00:00,4,0.9923803561663009
2019-08-01 08:00:00,4,0.9531724366200746
2019-08-01 09:00:00,4,0.9066605771031003
2019-08-01 10:00:00,4,0.9990114983584375
2019-08-01 11:00:00,4,0.9238634059804867
2019-08-01 12:00:00,4,0.977672633451259
2019-08-01 13:00:00,4,0.9644735588058528
2019-08-01 14:00:00,4,0.84500478132759
2019-08-01 15:00:00,4,0.9565861937131476
2019-08-01 16:00:00,4,0.9955523362011838
2019-08-01 17:00:00,4,0.9382017307236936
2019-08-01 18:00:00,4,0.9052810531438094
2019-08-01 19:00:00,4,0.9815477873751796
2019-08-02 07:00:00,4,0.999944999406476
2019-08-02 08:00:00,4,0.9999631979470393
2019-08-02 09:00:00,4,0.9991220212401617
2019-08-02 10:00:00,4,0.9846487986566331
2019-08-02 11:00:00,4,0.9955384312469521
2019-08-02 12:00:00,4,0.5878524367499428
2019-08-02 13:00:00,4,0.20095043829817638
2019-08-02 14:00:00,4,0.7612717817465484
2019-08-02 15:00:00,4,-0.33281149638965196
2019-08-02 16:00:00,4,0.968758766584098
2019-08-02 17:00:00,4,0.9940294182777349
2019-08-02 18:00:00,4,0.9991072450025319
2019-08-02 19:00:00,4,0.978657794224255
2019-08-03 07:00:00,4,0.9985117315200441
2019-08-03 08:00:00,4,0.9910963915119194
2019-08-03 09:00:00,4,0.9731617046433347
2019-08-03 10:00:00,4,0.9369630840456106
2019-08-03 11:00:00,4,0.9923018723318657
2019-08-03 12:00:00,4,0.9908034504397091
2019-08-03 13:00:00,4,0.9768592331396247
2019-08-03 14:00:00,4,0.7924991318986372
2019-08-03 15:00:00,4,0.9075255310544961
2019-08-03 16:00:00,4,0.934184888280755
2019-08-03 17:00:00,4,0.9732250733624873
2019-08-03 18:00:00,4,0.9942375054566442
2019-08-03 19:00:00,4,0.997743742881269
2019-08-04 07:00:00,4,0.9999375142096243
2019-08-04 08:00:00,4,-0.1835256132409661
2019-08-04 09:00:00,4,0.6515775453632294
2019-08-04 10:00:00,4,0.9716317397620333
2019-08-04 11:00:00,4,0.2230570366370909
2019-08-04 12:00:00,4,0.9807442082319876
2019-08-04 13:00:00,4,0.8259690431096856
2019-08-04 14:00:00,4,0.9858495631281159
2019-08-04 15:00:00,4,0.9967982008582467
2019-08-04 16:00:00,4,0.9753262470175197
2019-08-04 17:00:00,4,0.9304218791153823
2019-08-04 18:00:00,4,0.9865940363697006
2019-08-04 19:00:00,4,0.9996618289921441
2019-08-05 07:00:00,4,0.9999391746840658
2019-08-05 08:00:00,4,0.9903096654256622
2019-08-05 09:00:00,4,0.7490032714494002
2019-08-05 10:00:00,4,0.9769006933373718
2019-08-05 11:00:00,4,0.8860606090051037
2019-08-05 12:00:00,4,0.9327785561379239
2019-08-05 13:00:00,4,0.9994228188195513
2019-08-05 14:00:00,4,0.9968277946286991
2019-08-05 15:00:00,4,0.9852800825959613
2019-08-05 16:00:00,4,0.9576799876101861
2019-08-05 17:00:00,4,0.9486145383041011
2019-08-05 18:00:00,4,0.9778693410850923
2019-08-05 19:00:00,4,0.9817323409391219
2019-08-06 07:00:00,4,0.9975646689486408
2019-08-06 08:00:00,4,0.9998370808992915
2019-08-06 09:00:00,4,0.9878772838763874
2019-08-06 10:00:00,4,0.9998902096149215
2019-08-06 11:00:00,4,0.8166136489065794
2019-08-06 12:00:00,4,0.8957729726032251
2019-08-06 13:00:00,4,0.99715652783609
2019-08-06 14:00:00,4,0.725246430090673
2019-08-06 15:00:00,4,0.7096586599451159
2019-08-06 16:00:00,4,0.9984478998924176
2019-08-06 17:00:00,4,0.9711527912172788
2019-08-06 18:00:00,4,0.9998538020289073
2019-08-06 19:00:00,4,0.9998708735498285
2019-08-07 09:00:00,4,0.7990555735088956
2019-08-07 10:00:00,4,0.9896776436856957
2019-08-07 11:00:00,4,0.9604274924406259
2019-08-07 12:00:00,4,0.927042420433134
2019-08-07 13:00:00,4,0.9640892185695086
2019-08-07 14:00:00,4,0.7352884286679049
2019-08-07 15:00:00,4,0.8900884804051293
2019-08-07 16:00:00,4,0.8720391174206229
2019-08-07 17:00:00,4,0.9964149864958078
2019-08-07 18:00:00,4,0.9995658458737039
2019-08-07 19:00:00,4,0.9998156487176199
2019-08-08 07:00:00,4,0.996595662633788
2019-08-08 08:00:00,4,0.9994101795051613
2019-08-08 09:00:00,4,0.9992617130168165
2019-08-08 10:00:00,4,0.9230795778700698
2019-08-08 11:00:00,4,0.93014163084558
2019-08-08 12:00:00,4,0.7542396756870156
2019-08-08 13:00:00,4,0.5230819895294243
2019-08-08 14:00:00,4,0.9523865823282761
2019-08-08 15:00:00,4,0.9658512707531508
2019-08-08 16:00:00,4,0.7852515131336048
2019-08-08 17:00:00,4,0.8939938971832948
2019-08-08 18:00:00,4,0.9994694216735606
2019-08-08 19:00:00,4,0.9997137594722101
2019-08-09 07:00:00,4,0.9839521264780994
2019-08-09 08:00:00,4,0.9955256797703915
2019-08-09 09:00:00,4,0.9914735198877642
2019-08-09 10:00:00,4,0.9224074344739127
2019-08-09 11:00:00,4,0.9387720628056578
2019-08-09 12:00:00,4,0.9979982605952007
2019-08-09 13:00:00,4,0.995489456619169
2019-08-09 14:00:00,4,0.9135320152832891
2019-08-09 15:00:00,4,0.9689011761777069
2019-08-09 16:00:00,4,0.8850962411068477
2019-08-09 17:00:00,4,0.7457042604844909
2019-08-09 18:00:00,4,0.9958379706459842
2019-08-09 19:00:00,4,0.9836821515377535
2019-08-10 07:00:00,4,0.999146336627335
2019-08-10 08:00:00,4,0.950390954215067
2019-08-10 09:00:00,4,0.9173143142672529
2019-08-10 10:00:00,4,0.5458655010050234
2019-08-10 11:00:00,4,0.8932249653657167
2019-08-10 12:00:00,4,0.9967186286446112
2019-08-10 13:00:00,4,0.9970869731117915
2019-08-10 14:00:00,4,0.5513245262953042
2019-08-10 15:00:00,4,0.7537533180275989
2019-08-10 16:00:00,4,0.9999651573686905
2019-08-10 17:00:00,4,0.9990773212787303
2019-08-10 18:00:00,4,0.9996731742994706
2019-08-10 19:00:00,4,0.9894219511726271
2019-08-11 07:00:00,4,0.9923617576831085
2019-08-11 08:00:00,4,0.9981593549593978
2019-08-11 09:00:00,4,0.9943866772912474
2019-08-11 10:00:00,4,0.9998848442933352
2019-08-11 11:00:00,4,0.9968251536120072
2019-08-11 12:00:00,4,0.9961808883813701
2019-08-11 13:00:00,4,0.9909987369494125
2019-08-11 14:00:00,4,0.9954066207821156
2019-08-11 15:00:00,4,0.9987643184018223
2019-08-11 16:00:00,4,0.9991774205183636
2019-08-11 17:00:00,4,0.9999653686658341
2019-08-11 18:00:00,4,0.9999190541010492
2019-08-11 19:00:00,4,0.9921482412447615
2019-08-12 07:00:00,4,0.9934301740146814
2019-08-12 08:00:00,4,0.9969116182188168
2019-08-12 09:00:00,4,0.9997431059023058
2019-08-12 10:00:00,4,0.9982318660211577
2019-08-12 11:00:00,4,0.9922895514473749
2019-08-12 12:00:00,4,0.9997383275191329
2019-08-12 13:00:00,4,0.9978762388882578
2019-08-12 14:00:00,4,0.9996498899414591
2019-08-12 15:00:00,4,0.9917618294800069
2019-08-12 16:00:00,4,0.999448290841935
2019-08-12 17:00:00,4,0.9993457129963245
2019-08-12 18:00:00,4,0.9998787037904797
2019-08-12 19:00:00,4,0.9834386574969716
2019-08-13 07:00:00,4,0.9889365733704325
2019-08-13 08:00:00,4,0.9979643822903829
2019-08-13 09:00:00,4,0.9987623051833004
2019-08-13 10:00:00,4,0.9937795463282703
2019-08-13 11:00:00,4,0.9972632565842764
2019-08-13 12:00:00,4,0.9998949473168142
2019-08-13 13:00:00,4,0.8358532564669539
2019-08-13 14:00:00,4,0.9968608692787023
2019-08-13 15:00:00,4,0.9923296017334607
2019-08-13 16:00:00,4,0.9997287083131624
2019-08-13 17:00:00,4,0.9999166533283519
2019-08-13 18:00:00,4,0.9998515729726678
2019-08-13 19:00:00,4,0.988085291858267
2019-08-14 08:00:00,4,0.9925132923759961
2019-08-14 09:00:00,4,0.9982582260788314
2019-08-14 10:00:00,4,0.6874206580037253
2019-08-14 11:00:00,4,0.014290145549820069
2019-08-14 12:00:00,4,0.9770359685536256
2019-08-14 13:00:00,4,0.9202289357416167
2019-08-14 14:00:00,4,0.970099292337924
2019-08-14 15:00:00,4,0.991073648933138
2019-08-14 16:00:00,4,0.9862980091235116
2019-08-14 17:00:00,4,0.9902258204645935
2019-08-14 18:00:00,4,0.9856043250769447
2019-08-14 19:00:00,4,0.9994437936004892
2019-08-15 07:00:00,4,0.9870720221144513
2019-08-15 08:00:00,4,0.9979414013698824
2019-08-15 09:00:00,4,0.9982730099846425
2019-08-15 10:00:00,4,0.952624138990043
2019-08-15 11:00:00,4,0.9870837469573686
2019-08-15 12:00:00,4,0.9604428005258606
2019-08-15 13:00:00,4,0.9379736774365044
2019-08-15 14:00:00,4,0.9992631328814207
2019-08-15 15:00:00,4,0.9954803130924103
2019-08-15 16:00:00,4,0.9995709173082247
2019-08-15 17:00:00,4,0.9999530691405378
2019-08-15 18:00:00,4,0.9998590541224565
2019-08-15 19:00:00,4,0.9932501286205343
2019-08-16 07:00:00,4,0.9873322879407364
2019-08-16 08:00:00,4,0.9982884346872132
2019-08-16 09:00:00,4,0.9992983535697958
2019-08-16 10:00:00,4,0.9977946793527618
2019-08-16 11:00:00,4,0.9971246972154616
2019-08-16 12:00:00,4,0.9985917521049285
2019-08-16 13:00:00,4,0.9483675831363056
2019-08-16 14:00:00,4,0.9956564754367055
2019-08-16 15:00:00,4,0.9949678966103561
2019-08-16 16:00:00,4,0.9969341415329606
2019-08-16 17:00:00,4,0.9997083529331893
2019-08-16 18:00:00,4,0.9999328388894717
2019-08-16 19:00:00,4,0.9996815791975471
2019-08-17 07:00:00,4,0.9941758770904591
2019-08-17 08:00:00,4,0.9998009801957826
2019-08-17 09:00:00,4,0.9995189346689356
2019-08-17 10:00:00,4,0.9992993872228026
2019-08-17 11:00:00,4,0.9953208061340427
2019-08-17 12:00:00,4,0.9993653527911297
2019-08-17 13:00:00,4,0.9447852834787994
2019-08-17 14:00:00,4,0.9767870295298339
2019-08-17 15:00:00,4,0.9952790334319873
2019-08-17 16:00:00,4,0.9960632052993516
2019-08-17 17:00:00,4,0.9994376030572333
2019-08-17 18:00:00,4,0.999863740776765
2019-08-17 19:00:00,4,0.9984362682057477
2019-08-18 07:00:00,4,0.9994515322290843
2019-08-18 08:00:00,4,0.9999182038119009
2019-08-18 09:00:00,4,0.9997293168296277
2019-08-18 10:00:00,4,0.9996111991763007
2019-08-18 11:00:00,4,0.9985204033496533
2019-08-18 12:00:00,4,0.9918807743916253
2019-08-18 13:00:00,4,0.9961450357433219
2019-08-18 14:00:00,4,0.9812482098439936
2019-08-18 15:00:00,4,0.9954500669381191
2019-08-18 16:00:00,4,0.9966341055086866
2019-08-18 17:00:00,4,0.9996127508655275
2019-08-18 18:00:00,4,0.9997620337845257
2019-08-18 19:00:00,4,0.997882366181747
2019-08-19 07:00:00,4,0.9987370495588425
2019-08-19 08:00:00,4,0.999899733976268
2019-08-19 09:00:00,4,0.9997387353475766
2019-08-19 10:00:00,4,0.9980192739073422
2019-08-19 11:00:00,4,0.996971540439526
2019-08-19 12:00:00,4,0.9931283424955251
2019-08-19 13:00:00,4,0.9780208208357121
2019-08-19 14:00:00,4,0.9967305050376749
2019-08-19 15:00:00,4,0.993946234308488
2019-08-19 16:00:00,4,0.9879690071229853
2019-08-19 17:00:00,4,0.9999140451499944
2019-08-19 18:00:00,4,0.9991231696509094
2019-08-19 19:00:00,3,0.9991187047800597
2019-08-20 07:00:00,4,0.9996681069299648
2019-08-20 08:00:00,4,0.9960017324028216
2019-08-20 09:00:00,4,0.9995606089863679
2019-08-20 10:00:00,4,0.999950976058818
2019-08-20 11:00:00,4,0.993408947066891
2019-08-20 12:00:00,4,0.9975426218402796
2019-08-20 13:00:00,4,0.8997045011417938
2019-08-20 14:00:00,4,0.983180360496343
2019-08-20 15:00:00,4,0.9885061270262921
2019-08-20 16:00:00,4,0.8836029172718315
2019-08-20 17:00:00,4,0.9999048646482745
2019-08-20 18:00:00,4,0.9995169294630029
2019-08-20 19:00:00,3,0.9999939028913507
2019-08-21 07:00:00,4,0.99913236076447
2019-08-21 08:00:00,4,0.9997664430843639
2019-08-21 09:00:00,4,0.9835919206177283
2019-08-21 10:00:00,4,0.9520452687350287
2019-08-21 11:00:00,4,0.9368980153212637
2019-08-21 12:00:00,4,0.9638361903369673
2019-08-21 13:00:00,4,0.538218700061833
2019-08-21 14:00:00,4,0.9911720715950801
2019-08-21 15:00:00,4,0.9962535833151893
2019-08-21 16:00:00,4,0.9999653378716745
2019-08-21 17:00:00,4,0.9999528379313701
2019-08-21 18:00:00,4,0.9999314138466656
2019-08-21 19:00:00,4,0.9998380598330561
2019-08-22 07:00:00,4,0.9904283320841987
2019-08-22 08:00:00,4,0.9973568388790992
2019-08-22 09:00:00,4,0.9965111608842655
2019-08-22 10:00:00,4,0.9953480419092057
2019-08-22 11:00:00,4,0.9999059627726321
2019-08-22 12:00:00,4,0.9997473819082542
2019-08-22 13:00:00,4,0.9996960894000053
2019-08-22 14:00:00,4,0.9947898280650591
2019-08-22 15:00:00,4,0.9863817961043415
2019-08-22 16:00:00,4,0.9991714500149115
2019-08-22 17:00:00,4,0.9976327117368864
2019-08-22 18:00:00,4,0.9995265246973383
2019-08-22 19:00:00,3,0.5996552288657135
2019-08-23 07:00:00,3,0.8979387425938274
2019-08-23 08:00:00,4,0.704301324379264
2019-08-23 09:00:00,4,0.7014153757370155
2019-08-23 10:00:00,4,0.990504133734377
2019-08-23 11:00:00,4,0.9976752921240455
2019-08-23 12:00:00,4,0.24579199287647702
2019-08-23 13:00:00,4,0.985017980524019
2019-08-23 14:00:00,4,0.9822859848428305
2019-08-23 15:00:00,4,0.998049898997635
2019-08-23 16:00:00,4,0.99792425173896
2019-08-23 17:00:00,4,0.9491616380380509
2019-08-23 18:00:00,4,0.9956912112069811
2019-08-23 19:00:00,4,0.9989763308127089
2019-08-24 07:00:00,4,0.9978420555794795
2019-08-24 08:00:00,4,0.9887115453348994
2019-08-24 09:00:00,4,-0.746032903406192
2019-08-24 10:00:00,4,-0.9974951779545995
2019-08-24 11:00:00,4,0.5156547487206833
2019-08-24 12:00:00,4,0.9778682946478999
2019-08-24 13:00:00,4,0.9946892160390803
2019-08-24 14:00:00,4,0.9969701717089152
2019-08-24 15:00:00,4,0.9929473397686854
2019-08-24 16:00:00,4,0.9498012729494512
2019-08-24 17:00:00,4,0.9986949994484419
2019-08-24 18:00:00,4,0.999529103082592
2019-08-24 19:00:00,4,0.9949094153089667
2019-08-25 07:00:00,4,0.9992094526158906
2019-08-25 08:00:00,4,0.9942714519638138
2019-08-25 09:00:00,4,0.9995021251449421
2019-08-25 10:00:00,4,0.998369272375202
2019-08-25 11:00:00,4,0.9887752675686081
2019-08-25 12:00:00,4,0.9929581362813923
2019-08-25 13:00:00,4,0.9511790081866172
2019-08-25 14:00:00,4,0.9747899622819457
2019-08-25 15:00:00,4,0.9719478026146129
2019-08-25 16:00:00,4,0.9999287079156329
2019-08-25 17:00:00,4,0.9998579302009558
2019-08-25 18:00:00,4,0.9999100717935846
2019-08-25 19:00:00,4,0.9996213679187843
2019-08-26 07:00:00,4,0.9995429154425025
2019-08-26 08:00:00,4,0.9975291925132351
2019-08-26 09:00:00,4,0.9992698473630196
2019-08-26 10:00:00,4,0.9999576042082391
2019-08-26 11:00:00,4,0.9999789297284272
2019-08-26 12:00:00,4,0.9958965676355275
2019-08-26 13:00:00,4,0.65693865792552
2019-08-26 14:00:00,4,0.9924962425448159
2019-08-26 15:00:00,4,0.9941347008814049
2019-08-26 16:00:00,4,0.9888109468958154
2019-08-26 17:00:00,4,0.9906104455281616
2019-08-26 18:00:00,4,0.9993112884443456
2019-08-26 19:00:00,4,0.9980708130092316
2019-08-27 07:00:00,3,0.9996678068360682
2019-08-27 08:00:00,4,0.9841176847868911
2019-08-27 09:00:00,4,0.9769939592235252
2019-08-27 10:00:00,4,0.9852771190725852
2019-08-27 11:00:00,4,0.9943942445751056
2019-08-27 12:00:00,4,0.8429381950136129
2019-08-27 13:00:00,4,0.9392786796501383
2019-08-27 14:00:00,4,0.9895323185823668
2019-08-27 15:00:00,4,0.9579551917330988
2019-08-27 16:00:00,4,0.9958183187960223
2019-08-27 17:00:00,4,0.9884428192683571
2019-08-27 18:00:00,4,0.9999942978541829
2019-08-28 08:00:00,4,0.9883503406405924
2019-08-28 09:00:00,4,0.9769140468985518
2019-08-28 10:00:00,4,0.35170351702013264
2019-08-28 11:00:00,4,0.7971139504947606
2019-08-28 12:00:00,4,0.9589105422665777
2019-08-28 13:00:00,4,0.994925904251501
2019-08-28 14:00:00,4,0.985897144198007
2019-08-28 15:00:00,4,0.3243969690749271
2019-08-28 16:00:00,4,0.19200224723953235
2019-08-28 17:00:00,4,0.9960458291239546
2019-08-28 18:00:00,4,0.9772333606423934
2019-08-28 19:00:00,4,0.9987661395740166
2019-08-29 07:00:00,3,0.99711250982963
2019-08-29 08:00:00,4,0.9900913869728667
2019-08-29 09:00:00,4,0.9258817549816848
2019-08-29 10:00:00,4,0.7342001117394261
2019-08-29 11:00:00,4,0.972540027454955
2019-08-29 12:00:00,4,0.995668013674048
2019-08-29 13:00:00,4,0.8156617983197421
2019-08-29 14:00:00,4,0.9989644480428113
2019-08-29 15:00:00,4,-0.011273835848333556
2019-08-29 16:00:00,4,0.962042381031286
2019-08-29 17:00:00,4,0.8019863583396194
2019-08-29 18:00:00,4,0.9796274773481312
2019-08-29 19:00:00,3,0.9978106167054553
2019-08-30 07:00:00,4,0.9986844560602451
2019-08-30 08:00:00,4,0.9988464319511919
2019-08-30 09:00:00,4,0.9992737704349518
2019-08-30 10:00:00,4,0.2587326980531942
2019-08-30 11:00:00,4,0.7145645309882225
2019-08-30 12:00:00,4,0.9897139857338222
2019-08-30 13:00:00,4,0.9965832687500126
2019-08-30 14:00:00,4,0.9937131415874758
2019-08-30 15:00:00,4,0.998097779295065
2019-08-30 16:00:00,4,0.7872680959748087
2019-08-30 17:00:00,4,0.9997683374973962
2019-08-30 18:00:00,4,0.9998447408779798
2019-08-31 07:00:00,4,0.9974936551859415
2019-08-31 08:00:00,4,0.999596333499482
2019-08-31 09:00:00,4,0.8285764960105169
2019-08-31 10:00:00,4,0.9867462797690628
2019-08-31 11:00:00,4,0.9946971085034754
2019-08-31 12:00:00,4,0.988843104105262
2019-08-31 13:00:00,4,0.9484995213163067
2019-08-31 14:00:00,4,0.9357078247986481
2019-08-31 15:00:00,4,0.9998836301467745
2019-08-31 16:00:00,4,0.9746729187808899
2019-08-31 17:00:00,4,0.9948063906495429
2019-08-31 18:00:00,4,0.9664086170415894
2019-08-31 19:00:00,3,0.9997742296549447
2019-09-01 08:00:00,4,0.9974725733717345
2019-09-01 09:00:00,4,0.9871273705397055
2019-09-01 10:00:00,4,0.9503328434843739
2019-09-01 11:00:00,4,-0.33786432599228255
2019-09-01 12:00:00,4,0.998958324480124
2019-09-01 13:00:00,4,0.3760611673251051
2019-09-01 14:00:00,4,0.825335204383899
2019-09-01 15:00:00,4,0.9584100525709627
2019-09-01 16:00:00,4,0.954095761648006
2019-09-01 17:00:00,4,0.9926004021709298
2019-09-01 18:00:00,4,0.9996598704736228
2019-09-01 19:00:00,3,0.9992041589908517
2019-09-02 07:00:00,3,0.9990435941957593
2019-09-02 08:00:00,4,0.985191993210766
2019-09-02 09:00:00,4,0.9759250601701145
2019-09-02 10:00:00,4,0.9999813149750525
2019-09-02 11:00:00,4,0.9986083845655431
2019-09-02 12:00:00,4,0.9965709849114421
2019-09-02 13:00:00,4,0.9800204312417198
2019-09-02 14:00:00,4,0.9984456057211434
2019-09-02 15:00:00,4,0.9975013032790776
2019-09-02 16:00:00,4,0.997152634265313
2019-09-02 17:00:00,4,0.9985104653002739
2019-09-02 18:00:00,4,0.9984412260468528
2019-09-02 19:00:00,3,0.9967540405260592
2019-09-03 08:00:00,4,0.9040392719931396
2019-09-03 09:00:00,4,0.36797121191960636
2019-09-03 10:00:00,4,0.9979215941997034
2019-09-03 11:00:00,4,0.9649635594650512
2019-09-03 12:00:00,4,0.9992077978056882
2019-09-03 13:00:00,4,0.9625572815211132
2019-09-03 14:00:00,4,0.9680467884445301
2019-09-03 15:00:00,4,0.9083668835759261
2019-09-03 16:00:00,4,0.9131791451358711
2019-09-03 17:00:00,4,0.968371265863309
2019-09-03 18:00:00,4,0.9939479736236717
2019-09-03 19:00:00,3,0.999785971888284
2019-09-04 07:00:00,3,0.9999974244772726
2019-09-04 08:00:00,4,0.9998477738922898
2019-09-04 09:00:00,4,0.9310624325763069
2019-09-04 10:00:00,4,0.9693325812885009
2019-09-04 11:00:00,4,0.9945652635799936
2019-09-04 12:00:00,4,0.9200021663151289
2019-09-04 13:00:00,4,0.97312731301414
2019-09-04 14:00:00,4,0.9999787861577302
2019-09-04 15:00:00,4,0.9685312065588859
2019-09-04 16:00:00,4,0.9998193896991266
2019-09-04 17:00:00,4,0.9970117646442658
2019-09-04 18:00:00,4,0.9986629397441592
2019-09-05 08:00:00,4,0.9995270383138896
2019-09-05 09:00:00,4,0.9948326961301153
2019-09-05 10:00:00,4,0.7141879299675941
2019-09-05 11:00:00,4,0.9632023734661688
2019-09-05 12:00:00,4,0.9923123713618496
2019-09-05 13:00:00,4,0.9737979378192757
2019-09-05 14:00:00,4,0.9895332568518793
2019-09-05 15:00:00,4,0.9994382099226354
2019-09-05 16:00:00,4,0.6930391966174161
2019-09-05 17:00:00,4,0.3442392880204534
2019-09-05 18:00:00,4,0.9972048287886789
2019-09-06 07:00:00,4,0.9942812068578325
2019-09-06 08:00:00,4,0.9955557661764041
2019-09-06 09:00:00,4,0.9737474207481523
2019-09-06 10:00:00,4,0.9778440493165702
2019-09-06 11:00:00,4,0.9396397368686741
2019-09-06 12:00:00,4,0.9883110110797572
2019-09-06 13:00:00,4,0.9800580029464785
2019-09-06 14:00:00,4,0.5155684164449352
2019-09-06 15:00:00,4,0.9299237261557901
2019-09-06 16:00:00,4,0.9729207741233777
2019-09-06 17:00:00,4,0.9517334864940084
2019-09-06 18:00:00,4,0.9999372435320704
2019-09-06 19:00:00,3,0.9988941541035716
2019-09-07 07:00:00,3,0.9999478727372894
2019-09-07 08:00:00,4,0.9982482319269095
2019-09-07 09:00:00,4,0.9819327474854765
2019-09-07 10:00:00,4,0.787499121219776
2019-09-07 11:00:00,4,0.9990555880017337
2019-09-07 12:00:00,4,0.9968288624288203
2019-09-07 13:00:00,4,0.9838029735946774
2019-09-07 14:00:00,4,0.3516083428464277
2019-09-07 15:00:00,4,0.9801874281634059
2019-09-07 16:00:00,4,0.9973909972185542
2019-09-07 17:00:00,4,0.945026732660969
2019-09-07 18:00:00,4,0.9997982944715451
2019-09-07 19:00:00,3,0.9991250527791238
2019-09-08 07:00:00,3,0.9848642177352763
2019-09-08 08:00:00,4,0.9985704001931626
2019-09-08 09:00:00,4,0.9995929148522988
2019-09-08 10:00:00,4,0.9992127938474328
2019-09-08 11:00:00,4,0.9998414614130545
2019-09-08 12:00:00,4,0.9999986107289575
2019-09-08 13:00:00,4,0.9996153996271457
2019-09-08 14:00:00,4,0.999650487640159
2019-09-08 15:00:00,4,0.998420818385172
2019-09-08 16:00:00,4,0.9885490188541214
2019-09-08 17:00:00,4,0.9988244800052275
2019-09-08 18:00:00,4,0.9998763279874135
2019-09-09 07:00:00,3,0.9996943191451081
2019-09-09 08:00:00,4,0.9977444522034268
2019-09-09 09:00:00,4,0.9342050937396814
2019-09-09 10:00:00,4,0.986034108403099
2019-09-09 11:00:00,4,0.9986706844639411
2019-09-09 12:00:00,4,0.9912921486442487
2019-09-09 13:00:00,4,0.917973778099213
2019-09-09 14:00:00,4,0.9901517128447169
2019-09-09 15:00:00,4,0.9889513330060798
2019-09-09 16:00:00,4,0.6909329494490063
2019-09-09 17:00:00,4,0.9979011815056922
2019-09-09 18:00:00,4,0.9953788941358961
2019-09-10 07:00:00,4,0.9903942903032078
2019-09-10 08:00:00,4,-0.09171108143458315
2019-09-10 09:00:00,4,0.9917357018876829
2019-09-10 10:00:00,4,0.9844861501270561
2019-09-10 11:00:00,4,0.8810041848997658
2019-09-10 12:00:00,4,0.9859134543763911
2019-09-10 13:00:00,4,0.6570386915535763
2019-09-10 14:00:00,4,0.9997750992104669
2019-09-10 15:00:00,4,0.9401922771391543
2019-09-10 16:00:00,4,0.9993585329571707
2019-09-10 17:00:00,4,0.9759437703723356
2019-09-10 18:00:00,4,0.9461278397381728
2019-09-11 07:00:00,4,0.9955183407419715
2019-09-11 08:00:00,4,0.9994338179737632
2019-09-11 09:00:00,4,0.8715066000668794
2019-09-11 10:00:00,4,0.9759583366922865
2019-09-11 11:00:00,4,0.7996526511434267
2019-09-11 12:00:00,4,0.998078959495498
2019-09-11 13:00:00,4,0.9844590456921982
2019-09-11 14:00:00,4,0.971288617385469
2019-09-11 15:00:00,4,0.989874764922658
2019-09-11 16:00:00,4,0.8560728181288705
2019-09-11 17:00:00,4,0.9691182425188787
2019-09-11 18:00:00,4,0.9991115949089093
2019-09-12 07:00:00,4,0.9931183341889289
2019-09-12 08:00:00,4,0.9978631638059047
2019-09-12 09:00:00,4,0.9185835439745917
2019-09-12 10:00:00,4,0.9931919130681317
2019-09-12 11:00:00,4,0.9818960598572313
2019-09-12 12:00:00,4,0.998983791635348
2019-09-12 13:00:00,4,0.991179034931915
2019-09-12 14:00:00,4,0.9890455593021523
2019-09-12 15:00:00,4,0.973569225996117
2019-09-12 16:00:00,4,0.9984067660262503
2019-09-12 17:00:00,4,0.9881716599369421
2019-09-12 18:00:00,4,0.9995783342508454
2019-09-12 19:00:00,3,0.999711010779275
2019-09-13 07:00:00,3,0.998666777843652
2019-09-13 08:00:00,4,0.9981979879406891
2019-09-13 09:00:00,4,0.9975949248635361
2019-09-13 10:00:00,4,0.9963902731268994
2019-09-13 11:00:00,4,0.9868086156974367
2019-09-13 12:00:00,4,0.9400059807262912
2019-09-13 13:00:00,4,0.9812196902286335
2019-09-13 14:00:00,4,0.9145157329083334
2019-09-13 15:00:00,4,0.9977122895047934
2019-09-13 16:00:00,4,0.9790845565251405
2019-09-13 17:00:00,4,0.9976126418611106
2019-09-13 18:00:00,4,0.9997291726573929
2019-09-14 07:00:00,3,0.9927638323460918
2019-09-14 08:00:00,4,0.9986293565752957
2019-09-14 09:00:00,4,0.9973272712493596
2019-09-14 10:00:00,4,0.9998079430858234
2019-09-14 11:00:00,4,0.9998517108550669
2019-09-14 12:00:00,4,0.9069495467363373
2019-09-14 13:00:00,4,0.8907478079740532
2019-09-14 14:00:00,4,0.9907816726770364
2019-09-14 15:00:00,4,0.9962975965688224
2019-09-14 16:00:00,4,0.9792795308329999
2019-09-14 17:00:00,4,0.9841550979666035
2019-09-14 18:00:00,4,0.9974550278132915
2019-09-15 08:00:00,4,0.9998751519247941
2019-09-15 09:00:00,4,0.9966636937569517
2019-09-15 10:00:00,4,0.9950417673823043
2019-09-15 11:00:00,4,0.1791782501629707
2019-09-15 12:00:00,4,0.9716966747559568
2019-09-15 13:00:00,4,0.9983026458117487
2019-09-15 14:00:00,4,0.9605527670017612
2019-09-15 15:00:00,4,0.9800185337910502
2019-09-15 16:00:00,4,0.9948089475670223
2019-09-15 17:00:00,4,0.49411998644913147
2019-09-15 18:00:00,4,0.9991435119035561
2019-09-16 07:00:00,3,0.9712817827860567
2019-09-16 08:00:00,4,0.9998537358260488
2019-09-16 09:00:00,4,0.9999508595474698
2019-09-16 10:00:00,4,0.977897421478088
2019-09-16 11:00:00,4,0.9972712677784697
2019-09-16 12:00:00,4,0.9543454866910432
2019-09-16 13:00:00,4,0.9815338797806193
2019-09-16 14:00:00,4,0.6688161626033495
2019-09-16 15:00:00,4,0.9368529005169599
2019-09-16 16:00:00,4,0.9752799799118772
2019-09-16 17:00:00,4,0.964534245863216
2019-09-16 18:00:00,4,0.9981765469394074
2019-09-17 07:00:00,3,0.9972823265055776
2019-09-17 08:00:00,4,0.9821170737430459
2019-09-17 09:00:00,4,0.9988664795702028
2019-09-17 10:00:00,4,0.8728745370595857
2019-09-17 11:00:00,4,0.9860955116883878
2019-09-17 12:00:00,4,0.9988959810498454
2019-09-17 13:00:00,4,0.9709496102769103
2019-09-17 14:00:00,4,0.6298507712665082
2019-09-17 15:00:00,4,0.8028454400222435
2019-09-17 16:00:00,4,0.986850473491035
2019-09-17 17:00:00,4,0.33610379397327833
2019-09-17 18:00:00,4,0.9786755538056606
2019-09-18 07:00:00,3,0.9995797565747783
2019-09-18 08:00:00,4,0.9995252696165318
2019-09-18 09:00:00,4,0.9957030647171549
2019-09-18 10:00:00,4,0.9954571852698032
2019-09-18 11:00:00,4,0.999574659955261
2019-09-18 12:00:00,4,0.4853452430730309
2019-09-18 13:00:00,4,-0.06590107518428047
2019-09-18 14:00:00,4,0.9934264220223673
2019-09-18 15:00:00,4,0.9953036699148936
2019-09-18 16:00:00,4,0.9998993907976882
2019-09-18 17:00:00,4,0.998679903609429
2019-09-18 18:00:00,4,0.9999136797978428
2019-09-19 07:00:00,3,0.9993266389186757
2019-09-19 08:00:00,4,0.9970667417113757
2019-09-19 09:00:00,4,0.9990474137093339
2019-09-19 10:00:00,4,0.996279200057824
2019-09-19 11:00:00,4,-0.5240137766198645
2019-09-19 12:00:00,4,0.9641403183347672
2019-09-19 13:00:00,4,0.10584442406664095
2019-09-19 14:00:00,4,0.9981835069520423
2019-09-19 15:00:00,4,0.9086540397191802
2019-09-19 16:00:00,4,0.99932155467228
2019-09-19 17:00:00,4,0.9923388046701224
2019-09-19 18:00:00,4,0.9962664771713186
2019-09-20 07:00:00,3,0.9986242022650691
2019-09-20 08:00:00,4,0.999669596065898
2019-09-20 09:00:00,4,0.998932981357888
2019-09-20 10:00:00,4,0.9906588999672147
2019-09-20 11:00:00,4,0.9999638379078559
2019-09-20 12:00:00,4,0.9971630245301784
2019-09-20 13:00:00,4,0.9853986758183295
2019-09-20 14:00:00,4,0.9964325381073952
2019-09-20 15:00:00,4,0.9990847287875968
2019-09-20 16:00:00,4,0.9863304204896485
2019-09-20 17:00:00,4,0.9983720204643426
2019-09-20 18:00:00,4,0.9995869341174195
2019-09-21 07:00:00,3,
2019-09-21 08:00:00,4,0.9948943197084229
2019-09-21 09:00:00,4,0.9797446277236811
2019-09-21 10:00:00,4,0.9651079776167799
2019-09-21 11:00:00,4,0.6400566357081338
2019-09-21 12:00:00,4,0.9992099068040838
2019-09-21 13:00:00,4,0.9943232884198113
2019-09-21 14:00:00,4,0.9961925803365915
2019-09-21 15:00:00,4,0.9997938680340838
2019-09-21 16:00:00,4,0.989032116529947
2019-09-21 17:00:00,4,0.9948369071698521
2019-09-21 18:00:00,4,0.9999883186779407
2019-09-22 07:00:00,3,0.9958952946660177
2019-09-22 08:00:00,4,0.9999715959021654
2019-09-22 09:00:00,4,0.9992577701506016
2019-09-22 10:00:00,4,0.9823789103978249
2019-09-22 11:00:00,4,0.9898218104033738
2019-09-22 12:00:00,4,0.9148414104649513
2019-09-22 13:00:00,4,0.9675439513759756
2019-09-22 14:00:00,4,0.9820300457426959
2019-09-22 15:00:00,4,0.9642545376476012
2019-09-22 16:00:00,4,0.9993851734520511
2019-09-22 17:00:00,4,0.9730898289169384
2019-09-22 18:00:00,4,0.9986853504164573
2019-09-23 07:00:00,3,0.9967466777681548
2019-09-23 08:00:00,4,0.997491667654865
2019-09-23 09:00:00,4,0.9819673556935591
2019-09-23 10:00:00,4,0.9955578533756617
2019-09-23 11:00:00,4,0.999471760229402
2019-09-23 12:00:00,4,0.9926815212506082
2019-09-23 13:00:00,4,0.9896226836907676
2019-09-23 14:00:00,4,0.9920900531057951
2019-09-23 15:00:00,4,0.9870741435873815
2019-09-23 16:00:00,4,0.983363589263609
2019-09-23 17:00:00,4,0.999544879538237
2019-09-23 18:00:00,4,0.9998151061525149
2019-09-24 08:00:00,4,0.9960849054128845
2019-09-24 09:00:00,4,0.9999522919945076
2019-09-24 10:00:00,4,0.9993716259880454
2019-09-24 11:00:00,4,0.9974027811575231
2019-09-24 12:00:00,4,0.9903630482351417
2019-09-24 13:00:00,4,0.995430734588655
2019-09-24 14:00:00,4,0.9890455864752437
2019-09-24 15:00:00,4,0.9998991454965188
2019-09-24 16:00:00,4,0.9997499819137607
2019-09-24 17:00:00,4,0.9957877743680628
2019-09-24 18:00:00,4,0.9952896622120274
2019-09-25 08:00:00,4,0.9858607959032533
2019-09-25 09:00:00,4,0.9987760327083445
2019-09-25 10:00:00,4,0.9931741316428185
2019-09-25 11:00:00,4,0.9978526703337328
2019-09-25 12:00:00,4,0.9993541205056662
2019-09-25 13:00:00,4,0.9962634270563667
2019-09-25 14:00:00,4,0.996693384848896
2019-09-25 15:00:00,4,0.9888947941443348
2019-09-25 16:00:00,4,0.9288407553736077
2019-09-25 17:00:00,4,0.977487103865803
2019-09-25 18:00:00,4,0.9922705529642525
2019-09-26 07:00:00,3,0.9792023054401665
2019-09-26 08:00:00,4,0.9989157121164584
2019-09-26 09:00:00,4,0.9993074448270343
2019-09-26 10:00:00,4,0.9780879794418816
2019-09-26 11:00:00,4,0.9131175340501215
2019-09-26 12:00:00,4,-0.7888659415910393
2019-09-26 13:00:00,4,0.9292807801531803
2019-09-26 14:00:00,4,0.8769013790401493
2019-09-26 15:00:00,4,-0.20874189898102305
2019-09-26 16:00:00,4,0.9988433629509829
2019-09-26 17:00:00,4,0.9996919050832878
2019-09-26 18:00:00,4,0.9992834490149562
2019-09-27 07:00:00,3,0.9913317142290736
2019-09-27 08:00:00,4,0.9968460130206682
2019-09-27 09:00:00,4,0.9866370803552748
2019-09-27 10:00:00,4,0.9939250798319655
2019-09-27 11:00:00,4,0.7637821604715869
2019-09-27 12:00:00,4,0.698542811025738
2019-09-27 13:00:00,4,-0.6584585140481161
2019-09-27 14:00:00,4,0.940711391773105
2019-09-27 15:00:00,4,0.9982065424456967
2019-09-27 16:00:00,4,0.9985286349456306
2019-09-27 17:00:00,4,0.9986211588925166
2019-09-27 18:00:00,4,0.9994830871102852
2019-09-28 07:00:00,3,0.9998807168100967
2019-09-28 08:00:00,4,0.9999205412877025
2019-09-28 09:00:00,4,0.9665643716435719
2019-09-28 10:00:00,4,0.9722023710397601
2019-09-28 11:00:00,4,0.9953396610109436
2019-09-28 12:00:00,4,0.9868705046810772
2019-09-28 13:00:00,4,0.9251960625944563
2019-09-28 14:00:00,4,0.9910481596265288
2019-09-28 15:00:00,4,0.9977904646158178
2019-09-28 16:00:00,4,0.9982188443643333
2019-09-28 17:00:00,4,0.9997390971705064
2019-09-28 18:00:00,4,0.9998443107116971
2019-09-29 07:00:00,3,0.9968936830152558
2019-09-29 08:00:00,4,0.9816813141362943
2019-09-29 09:00:00,4,0.9962735032547676
2019-09-29 10:00:00,4,0.9999982625411222
2019-09-29 11:00:00,4,0.9995871586543291
2019-09-29 12:00:00,4,0.9924792393281743
2019-09-29 13:00:00,4,-0.197890655594501
2019-09-29 14:00:00,4,0.9923754587968135
2019-09-29 15:00:00,4,0.9982369767633565
2019-09-29 16:00:00,4,0.999361048373405
2019-09-29 17:00:00,4,0.998071207674372
2019-09-29 18:00:00,4,0.9994482147068963
2019-09-30 07:00:00,3,0.9998980443801311
2019-09-30 08:00:00,4,0.9998885520534961
2019-09-30 09:00:00,4,0.9987044678959485
2019-09-30 10:00:00,4,0.9806588685267864
2019-09-30 11:00:00,4,0.9895546742048926
2019-09-30 12:00:00,4,0.7261200466423476
2019-09-30 13:00:00,4,0.9935366503646149
2019-09-30 14:00:00,4,0.9990688647723519
2019-09-30 15:00:00,4,0.7493891180962273
2019-09-30 16:00:00,4,0.9919087982684843
2019-09-30 17:00:00,4,0.9998395737375304
2019-09-30 18:00:00,4,0.9988493165976121
2019-10-01 07:00:00,3,0.999955261802836
2019-10-01 08:00:00,4,0.9986088427569528
2019-10-01 09:00:00,4,0.995967960716796
2019-10-01 10:00:00,4,0.9967481018879373
2019-10-01 11:00:00,4,0.9983249782020419
2019-10-01 12:00:00,4,0.8835407166293895
2019-10-01 13:00:00,4,0.9498382621245659
2019-10-01 14:00:00,4,0.9477577735363018
2019-10-01 15:00:00,4,0.9996746110075112
2019-10-01 16:00:00,4,0.858501934838821
2019-10-01 17:00:00,4,0.9845157986506137
2019-10-01 18:00:00,4,0.9998369997635179
2019-10-02 07:00:00,3,0.996886674475228
2019-10-02 08:00:00,4,0.9854751430051392
2019-10-02 09:00:00,4,0.9826626458675725
2019-10-02 10:00:00,4,0.7860074085007693
2019-10-02 11:00:00,4,0.9251737728490633
2019-10-02 12:00:00,4,0.40687852960480425
2019-10-02 13:00:00,4,0.4715757406805761
2019-10-02 14:00:00,4,0.7603979276301168
2019-10-02 15:00:00,4,0.9999459999372262
2019-10-02 16:00:00,4,0.9050879273819407
2019-10-02 17:00:00,4,0.9999805554117642
2019-10-02 18:00:00,4,0.999948336828942
2019-10-03 07:00:00,3,0.9913059505615944
2019-10-03 08:00:00,4,0.983469038833547
2019-10-03 09:00:00,4,0.9976449512044534
2019-10-03 10:00:00,4,0.9901884081428639
2019-10-03 11:00:00,4,0.9994898423611484
2019-10-03 12:00:00,4,0.9596958694801812
2019-10-03 13:00:00,4,0.9660556451610414
2019-10-03 14:00:00,4,0.9331941414229667
2019-10-03 15:00:00,4,0.9904845220999761
2019-10-03 16:00:00,4,0.996490287747807
2019-10-03 17:00:00,4,0.5810473446726604
2019-10-03 18:00:00,4,0.9959200680560352
2019-10-04 08:00:00,4,0.9894227533271361
2019-10-04 09:00:00,4,0.9875475475608166
2019-10-04 10:00:00,4,0.9862524228797173
2019-10-04 11:00:00,4,0.883518716274278
2019-10-04 12:00:00,4,0.9616546214317179
2019-10-04 13:00:00,4,0.9247411081664813
2019-10-04 14:00:00,4,0.7968017099209261
2019-10-04 15:00:00,4,0.6547127248796155
2019-10-04 16:00:00,4,0.7181144409109567
2019-10-04 17:00:00,4,0.9463903281623761
2019-10-04 18:00:00,4,0.9998105782676266
2019-10-05 07:00:00,3,0.9536176306302855
2019-10-05 08:00:00,4,0.9969178704331465
2019-10-05 09:00:00,4,0.999708243623145
2019-10-05 10:00:00,4,0.9968621244255976
2019-10-05 11:00:00,4,0.9622805103054145
2019-10-05 12:00:00,4,0.9692418263546825
2019-10-05 13:00:00,4,0.931871741441081
2019-10-05 14:00:00,4,0.389558474488396
2019-10-05 15:00:00,4,0.9948274967090176
2019-10-05 16:00:00,4,0.675807143411014
2019-10-05 17:00:00,4,0.9429407994543523
2019-10-05 18:00:00,4,0.997755856563549
2019-10-06 08:00:00,4,0.9977825213056356
2019-10-06 09:00:00,4,0.9666801886639619
2019-10-06 10:00:00,4,0.9982857950705035
2019-10-06 11:00:00,4,0.9998666870570387
2019-10-06 12:00:00,4,0.9089396542921858
2019-10-06 13:00:00,4,0.9799423933801089
2019-10-06 14:00:00,4,0.9630919134581127
2019-10-06 15:00:00,4,0.6319714611750651
2019-10-06 16:00:00,4,0.9395599654000004
2019-10-06 17:00:00,4,0.9718338510189731
2019-10-06 18:00:00,4,0.9999454280340746
2019-10-07 08:00:00,4,0.9999858122021001
2019-10-07 09:00:00,4,0.9997993512826929
2019-10-07 10:00:00,4,0.998906440216064
2019-10-07 11:00:00,4,0.9996415819991487
2019-10-07 12:00:00,4,0.9994283249124588
2019-10-07 13:00:00,4,0.9820998286216411
2019-10-07 14:00:00,4,0.7924041098698884
2019-10-07 15:00:00,4,0.9897215177564943
2019-10-07 16:00:00,4,0.9635639726080709
2019-10-07 17:00:00,4,0.9923302217646015
2019-10-07 18:00:00,4,0.9998796042389053
2019-10-08 08:00:00,4,0.9999017710634085
2019-10-08 09:00:00,4,0.9982145623777273
2019-10-08 10:00:00,4,0.9961424429537641
2019-10-08 11:00:00,4,0.9646854432902572
2019-10-08 12:00:00,4,0.8261945003794184
2019-10-08 13:00:00,4,0.3788132232173966
2019-10-08 14:00:00,4,0.9183350884516605
2019-10-08 15:00:00,4,0.9646052557343109
2019-10-08 16:00:00,4,0.9837200214324247
2019-10-08 17:00:00,4,0.9222271427605703
2019-10-08 18:00:00,4,0.9998267467617973
2019-10-09 07:00:00,3,0.9999999543538544
2019-10-09 08:00:00,4,0.9951487333272504
2019-10-09 09:00:00,4,0.9974018284900975
2019-10-09 10:00:00,4,0.9942123477745487
2019-10-09 11:00:00,4,0.999531272557894
2019-10-09 12:00:00,4,0.997853606485287
2019-10-09 13:00:00,4,0.9462294246652081
2019-10-09 14:00:00,4,0.7157511374598362
2019-10-09 15:00:00,4,0.4947905687658579
2019-10-09 16:00:00,4,0.9774703857861947
2019-10-09 17:00:00,4,0.8558624820179074
2019-10-09 18:00:00,4,0.9835110815855433
2019-10-10 07:00:00,3,0.9974769595556799
2019-10-10 08:00:00,4,0.9999415776754746
2019-10-10 09:00:00,4,0.9961950340254939
2019-10-10 10:00:00,4,0.9151815119796776
2019-10-10 11:00:00,4,0.9860575823864658
2019-10-10 12:00:00,4,0.99198576809972
2019-10-10 13:00:00,4,0.9893856577572998
2019-10-10 14:00:00,4,0.271856647287096
2019-10-10 15:00:00,4,0.9797736145713971
2019-10-10 16:00:00,4,0.9971790211686502
2019-10-10 17:00:00,4,0.9285203257242701
2019-10-10 18:00:00,4,0.9955367319887679
2019-10-11 07:00:00,3,0.9947145060178785
2019-10-11 08:00:00,4,0.9980690429218086
2019-10-11 09:00:00,4,0.9953225457364528
2019-10-11 10:00:00,4,0.9715492129059605
2019-10-11 11:00:00,4,0.9815823075885245
2019-10-11 12:00:00,4,0.9883417934242813
2019-10-11 13:00:00,4,0.9667817712032556
2019-10-11 14:00:00,4,0.9906934747143313
2019-10-11 15:00:00,4,0.9523375028477457
2019-10-11 16:00:00,4,0.9912735498012827
2019-10-11 17:00:00,4,0.9610572212359051
2019-10-11 18:00:00,4,0.9948516213975059
2019-10-12 08:00:00,4,0.9918098565954426
2019-10-12 09:00:00,4,0.985707240670856
2019-10-12 10:00:00,4,0.9961053709854928
2019-10-12 11:00:00,4,0.9997197496120459
2019-10-12 12:00:00,4,0.9806348141463994
2019-10-12 13:00:00,4,-0.014070938292251515
2019-10-12 14:00:00,4,0.9986653712815253
2019-10-12 15:00:00,4,0.9987362618319852
2019-10-12 16:00:00,4,0.9996382479417276
2019-10-12 17:00:00,4,0.9992732256021487
2019-10-12 18:00:00,4,0.9995906534182316
2019-10-13 08:00:00,4,0.9819457464199148
2019-10-13 09:00:00,4,0.9822606693654423
2019-10-13 10:00:00,4,0.9439465920248852
2019-10-13 11:00:00,4,0.9908068119069884
2019-10-13 12:00:00,4,0.6466769027324073
2019-10-13 13:00:00,4,-0.2880630653883461
2019-10-13 14:00:00,4,0.9896538461364509
2019-10-13 15:00:00,4,0.9956197206075705
2019-10-13 16:00:00,4,0.9995784259798562
2019-10-13 17:00:00,4,0.9919138148626643
2019-10-13 18:00:00,4,0.9996975605851932
2019-10-14 08:00:00,4,0.9999685552383902
2019-10-14 09:00:00,4,0.9856084764936311
2019-10-14 10:00:00,4,0.9915561397138931
2019-10-14 11:00:00,4,0.9655676033041898
2019-10-14 12:00:00,4,0.9378090500194524
2019-10-14 13:00:00,4,0.8183445563909445
2019-10-14 14:00:00,4,0.9210069716748095
2019-10-14 15:00:00,4,0.9999501610204494
2019-10-14 16:00:00,4,0.9957600236976876
2019-10-14 17:00:00,4,0.9914025364732576
2019-10-14 18:00:00,4,0.9992247094970467
2019-10-15 08:00:00,4,0.9872411869292144
2019-10-15 09:00:00,4,0.9998763560866967
2019-10-15 10:00:00,4,0.9978366122322271
2019-10-15 11:00:00,4,0.9937081225726442
2019-10-15 12:00:00,4,0.9990321776315373
2019-10-15 13:00:00,4,0.970979008978092
2019-10-15 14:00:00,4,0.9986651934739607
2019-10-15 15:00:00,4,0.9999888197021636
2019-10-15 16:00:00,4,0.9992403662253215
2019-10-15 17:00:00,4,0.9999706347208553
2019-10-15 18:00:00,3,0.9928273516316535
2019-10-16 08:00:00,4,0.9973606302339078
2019-10-16 09:00:00,4,0.827102487027634
2019-10-16 10:00:00,4,0.994058422418114
2019-10-16 11:00:00,4,0.9341752240274344
2019-10-16 12:00:00,4,0.8486975079571447
2019-10-16 13:00:00,4,-0.41412533731645434
2019-10-16 14:00:00,4,0.8315084086017471
2019-10-16 15:00:00,4,0.9987489168531739
2019-10-16 16:00:00,4,0.9957789261669545
2019-10-16 17:00:00,4,0.9955949093066622
2019-10-16 18:00:00,4,0.9997211138164226
2019-10-17 08:00:00,4,0.9555349884230608
2019-10-17 09:00:00,4,0.9981792701556357
2019-10-17 10:00:00,4,0.9506829461991192
2019-10-17 11:00:00,4,0.9864782024939442
2019-10-17 12:00:00,4,0.5712010575968407
2019-10-17 13:00:00,4,0.43781469049632044
2019-10-17 14:00:00,4,0.8167108001838997
2019-10-17 15:00:00,4,0.6263041970192108
2019-10-17 16:00:00,4,0.9950191796014717
2019-10-17 17:00:00,4,0.9987091854537364
2019-10-17 18:00:00,3,0.9999138761100206
2019-10-18 08:00:00,4,0.9482335644997071
2019-10-18 09:00:00,4,0.935424701118574
2019-10-18 10:00:00,4,0.9819957003826515
2019-10-18 11:00:00,4,0.9861308594179223
2019-10-18 12:00:00,4,-0.436762484617946
2019-10-18 13:00:00,4,0.8020783314927062
2019-10-18 14:00:00,4,0.976754236763411
2019-10-18 15:00:00,4,0.9957877753470388
2019-10-18 16:00:00,4,0.9987683187006337
2019-10-18 17:00:00,4,0.9999351882626863
2019-10-18 18:00:00,4,0.9996661151084607
2019-10-19 08:00:00,4,0.9866055263245679
2019-10-19 09:00:00,4,0.9918583988058818
2019-10-19 10:00:00,4,0.22353413152838017
2019-10-19 11:00:00,4,0.8874817326713412
2019-10-19 12:00:00,4,-0.32899191333761385
2019-10-19 13:00:00,4,-0.40387281742775255
2019-10-19 14:00:00,4,0.9940583126279544
2019-10-19 15:00:00,4,0.8862068696387257
2019-10-19 16:00:00,4,0.3964254210736388
2019-10-19 17:00:00,4,0.9892408058916852
2019-10-19 18:00:00,4,0.9891535294156594
2019-10-20 08:00:00,4,0.9995869316167566
2019-10-20 09:00:00,4,0.9978559427865281
2019-10-20 10:00:00,4,0.9946083232473818
2019-10-20 11:00:00,4,0.9947065014211673
2019-10-20 12:00:00,4,0.9947788085661203
2019-10-20 13:00:00,4,-0.1404082900642859
2019-10-20 14:00:00,4,0.9967435103804354
2019-10-20 15:00:00,4,0.999611939551023
2019-10-20 16:00:00,4,0.998709502072881
2019-10-20 17:00:00,4,0.999892698553613
2019-10-20 18:00:00,3,0.9999420942534949
2019-10-21 08:00:00,4,0.9938816220075282
2019-10-21 09:00:00,4,0.9979145238558526
2019-10-21 10:00:00,4,0.9785943603143753
2019-10-21 11:00:00,4,0.9355097990112999
2019-10-21 12:00:00,4,0.988539138759852
2019-10-21 13:00:00,4,-0.4787229551817712
2019-10-21 14:00:00,4,0.999839296036402
2019-10-21 15:00:00,4,0.9879349367749737
2019-10-21 16:00:00,4,0.9998773837871158
2019-10-21 17:00:00,4,0.9984537567886261
2019-10-21 18:00:00,4,0.9994872480355367
2019-10-22 06:00:00,4,
2019-10-22 07:00:00,4,0.7745966692414833
2019-10-22 08:00:00,4,0.9929536167164448
2019-10-22 09:00:00,4,0.9822662886724087
2019-10-22 10:00:00,4,0.950376635824883
2019-10-22 11:00:00,4,0.7674395105203567
2019-10-22 12:00:00,4,0.9883372385259385
2019-10-22 13:00:00,4,0.9991005183976281
2019-10-22 14:00:00,4,0.9922423893631875
2019-10-22 15:00:00,4,0.9962658177027368
2019-10-22 16:00:00,4,0.9997543863153453
2019-10-22 17:00:00,4,0.9997254512392648
2019-10-22 18:00:00,4,0.9996009295472943
2019-10-23 08:00:00,4,0.9994901479371199
2019-10-23 09:00:00,4,0.9974745318029365
2019-10-23 10:00:00,4,0.9946838453366812
2019-10-23 11:00:00,4,0.9963448723931342
2019-10-23 12:00:00,4,0.9997540581353518
2019-10-23 13:00:00,4,-0.8815954721569503
2019-10-23 14:00:00,4,0.5175792181692482
2019-10-23 15:00:00,4,0.9336302496899677
2019-10-23 16:00:00,4,0.9981848918845132
2019-10-23 17:00:00,4,0.9997581862479902
2019-10-23 18:00:00,3,0.999827025155149
2019-10-24 08:00:00,4,0.986205401082501
2019-10-24 09:00:00,4,0.9799623387352581
2019-10-24 10:00:00,4,0.9964956283520388
2019-10-24 11:00:00,4,0.997406629767931
2019-10-24 12:00:00,4,0.9992601960532489
2019-10-24 13:00:00,4,0.9953367111205298
2019-10-24 14:00:00,4,0.9991576390061242
2019-10-24 15:00:00,4,0.998598650528406
2019-10-24 16:00:00,4,0.9939332069406613
2019-10-24 17:00:00,4,0.9815336013129672
2019-10-24 18:00:00,3,0.9982181424011607
2019-10-25 08:00:00,4,0.9990425939348632
2019-10-25 09:00:00,4,0.9983414393956908
2019-10-25 10:00:00,4,0.9996307565822898
2019-10-25 11:00:00,4,0.9995257005941012
2019-10-25 12:00:00,4,0.9991549578626728
2019-10-25 13:00:00,4,0.9999460953322581
2019-10-25 14:00:00,4,0.9968194773680207
2019-10-25 15:00:00,4,0.9965320857450778
2019-10-25 16:00:00,4,0.9998577668487947
2019-10-25 17:00:00,4,0.9866187014113752
2019-10-25 18:00:00,3,0.9997534309734372
2019-10-26 08:00:00,4,0.9246045878135157
2019-10-26 09:00:00,4,0.9997888517066527
2019-10-26 10:00:00,4,0.9590231981671854
2019-10-26 11:00:00,4,0.998777610487493
2019-10-26 12:00:00,4,0.9999378939790766
2019-10-26 13:00:00,4,0.9915551467445708
2019-10-26 14:00:00,4,0.8766834924982778
2019-10-26 15:00:00,4,0.9987303268027715
2019-10-26 16:00:00,4,0.9967085365648503
2019-10-26 17:00:00,4,0.971742826486124
2019-10-26 18:00:00,3,0.9055516231414384
2019-10-27 08:00:00,4,0.9992787057383675
2019-10-27 09:00:00,4,0.9399804905081678
2019-10-27 10:00:00,4,0.8317800401852203
2019-10-27 11:00:00,4,0.9980019365447713
2019-10-27 12:00:00,4,0.982387476810273
2019-10-27 13:00:00,4,0.9713140827661487
2019-10-27 14:00:00,4,0.9703646213323235
2019-10-27 15:00:00,4,0.9704615930129011
2019-10-27 16:00:00,4,0.9969625850350627
2019-10-27 17:00:00,4,0.9975401557106786
2019-10-27 18:00:00,3,0.9911855261768566
2019-10-28 08:00:00,4,0.988917265537784
2019-10-28 09:00:00,4,0.9985308777518388
2019-10-28 10:00:00,4,0.9764185617735789
2019-10-28 11:00:00,4,0.9986125204604157
2019-10-28 12:00:00,4,0.7417096534326939
2019-10-28 13:00:00,4,0.9788755938574863
2019-10-28 14:00:00,4,0.884941055758415
2019-10-28 15:00:00,4,0.9985002983695604
2019-10-28 16:00:00,4,0.9988238875718145
2019-10-28 17:00:00,4,0.9998520919572237
2019-10-28 18:00:00,3,0.9994637282976582
2019-10-29 08:00:00,4,0.999502350359581
2019-10-29 09:00:00,4,0.9999704712918942
2019-10-29 10:00:00,4,0.9992341968569352
2019-10-29 11:00:00,4,0.999362937798449
2019-10-29 12:00:00,4,0.9863673335971485
2019-10-29 13:00:00,4,0.8794779979219277
2019-10-29 14:00:00,4,0.9983771385288958
2019-10-29 15:00:00,4,0.9997077138295261
2019-10-29 16:00:00,4,0.9999534299084357
2019-10-29 17:00:00,4,0.9997496210391839
2019-10-29 18:00:00,3,0.999877753053751
2019-10-30 08:00:00,4,0.9941645997508565
2019-10-30 09:00:00,4,0.9979107742637707
2019-10-30 10:00:00,4,0.9825074286161695
2019-10-30 11:00:00,4,0.6707424118983858
2019-10-30 12:00:00,4,0.6144872828625695
2019-10-30 13:00:00,4,0.7919628055276111
2019-10-30 14:00:00,4,0.9664733660842647
2019-10-30 15:00:00,4,0.9854335053617326
2019-10-30 16:00:00,4,0.9990337327092039
2019-10-30 17:00:00,4,0.9997241602323526
2019-10-30 18:00:00,3,0.999588981990684
2019-10-31 08:00:00,4,0.9615973590517806
2019-10-31 09:00:00,4,0.8979637438159452
2019-10-31 10:00:00,4,0.9991636318596588
2019-10-31 11:00:00,4,0.9946204845937464
2019-10-31 12:00:00,4,0.9991697009124022
2019-10-31 13:00:00,4,-0.773767731987711
2019-10-31 14:00:00,4,0.9996799005561651
2019-10-31 15:00:00,4,0.7639442114775009
2019-10-31 16:00:00,4,0.9977834785801596
2019-10-31 17:00:00,4,0.9907185961489229
2019-10-31 18:00:00,3,0.9998936286179517
2019-11-01 08:00:00,4,0.9963021580437883
2019-11-01 09:00:00,4,0.9978629900837058
2019-11-01 10:00:00,4,
2019-11-01 11:00:00,4,0.7745966692414833
2019-11-01 12:00:00,4,0.9920993651343092
2019-11-01 13:00:00,4,-0.8365187586090513
2019-11-01 14:00:00,4,0.9901805606179099
2019-11-01 15:00:00,4,0.9944825407173821
2019-11-01 16:00:00,4,0.9999146723819403
2019-11-01 17:00:00,4,0.9993815366385853
2019-11-01 18:00:00,3,0.9999747742086006
2019-11-02 08:00:00,4,0.988434980673946
2019-11-02 09:00:00,4,0.9986224186055344
2019-11-02 10:00:00,4,0.9928204520463045
2019-11-02 11:00:00,4,0.9959258269522517
2019-11-02 12:00:00,4,0.9947054800925665
2019-11-02 13:00:00,4,-0.19728426720833422
2019-11-02 14:00:00,4,0.9709379928238201
2019-11-02 15:00:00,4,0.9917290728279171
2019-11-02 16:00:00,4,0.9989498756886344
2019-11-02 17:00:00,4,0.9995653023916794
2019-11-02 18:00:00,3,0.9990550399920266
2019-11-03 08:00:00,4,0.9970120734311877
2019-11-03 09:00:00,4,0.9838148944881417
2019-11-03 10:00:00,4,0.9942606167151308
2019-11-03 11:00:00,4,0.9729868947791181
2019-11-03 12:00:00,4,0.9951761311968179
2019-11-03 13:00:00,4,-0.6981235836527955
2019-11-03 14:00:00,4,0.9996977031241885
2019-11-03 15:00:00,4,0.9999364003115221
2019-11-03 16:00:00,4,0.9996739631780838
2019-11-03 17:00:00,4,0.9994717505908695
2019-11-03 18:00:00,3,0.999614028084256
2019-11-04 08:00:00,4,0.9954509725079727
2019-11-04 09:00:00,4,0.9919150760348959
2019-11-04 10:00:00,4,0.9908520086922723
2019-11-04 11:00:00,4,0.9880140217440759
2019-11-04 12:00:00,4,0.9615664208786545
2019-11-04 13:00:00,4,0.9953063662035744
2019-11-04 14:00:00,4,0.9713062932521441
2019-11-04 15:00:00,4,0.9675600656572199
2019-11-04 16:00:00,4,0.9378791059152572
2019-11-04 17:00:00,4,0.9961911093685725
2019-11-04 18:00:00,3,0.9994939514932338
2019-11-05 08:00:00,4,0.9881768132403758
2019-11-05 09:00:00,4,0.9885228759754922
2019-11-05 10:00:00,4,0.9999212159325516
2019-11-05 11:00:00,4,0.9964117813628199
2019-11-05 12:00:00,4,0.9987571564087939
2019-11-05 13:00:00,4,0.996300496920541
2019-11-05 14:00:00,4,0.9980391308054997
2019-11-05 15:00:00,4,0.9165954606941533
2019-11-05 16:00:00,4,0.3726910895451967
2019-11-05 17:00:00,4,0.9995902846801078
2019-11-05 18:00:00,3,0.9993889083282652
2019-11-06 08:00:00,4,0.9879883183432335
2019-11-06 09:00:00,4,0.998076259153563
2019-11-06 10:00:00,4,0.9956486289961989
2019-11-06 11:00:00,4,0.9954135827127518
2019-11-06 12:00:00,4,0.989502351031467
2019-11-06 13:00:00,4,0.1340635099295917
2019-11-06 14:00:00,4,0.9992142533580249
2019-11-06 15:00:00,4,0.9989667533123929
2019-11-06 16:00:00,4,0.9996386896768982
2019-11-06 17:00:00,4,0.9988086975167335
2019-11-06 18:00:00,3,0.999857245819509
2019-11-07 08:00:00,4,0.9995643608079217
2019-11-07 09:00:00,4,0.9850957226309945
2019-11-07 10:00:00,4,0.9957575456444775
2019-11-07 11:00:00,4,0.9337344008169768
2019-11-07 12:00:00,4,0.9249193316422938
2019-11-07 13:00:00,4,-0.9421140952415191
2019-11-07 14:00:00,4,0.9980710778177433
2019-11-07 15:00:00,4,0.8174318620846307
2019-11-07 16:00:00,4,0.04068131755911014
2019-11-07 17:00:00,4,0.9998833728231831
2019-11-07 18:00:00,3,0.9996207556159241
2019-11-08 08:00:00,4,0.9976946818913915
2019-11-08 09:00:00,4,0.9979821508716701
2019-11-08 10:00:00,4,0.9953310409430122
2019-11-08 11:00:00,4,0.989225730955984
2019-11-08 12:00:00,4,0.9877131181180013
2019-11-08 13:00:00,4,0.40228999514495206
2019-11-08 14:00:00,4,
2019-11-08 15:00:00,4,0.7745966692414835
2019-11-08 16:00:00,4,0.9847959218125376
2019-11-08 17:00:00,4,0.9999938983437573
2019-11-08 18:00:00,3,0.9996068757780713
2019-11-09 08:00:00,4,0.9872697845839176
2019-11-09 09:00:00,4,0.9423912646296252
2019-11-09 10:00:00,4,0.9942591051788199
2019-11-09 11:00:00,4,0.9969165399739902
2019-11-09 12:00:00,4,0.9725283442649107
2019-11-09 13:00:00,4,-0.833922098774887
2019-11-09 14:00:00,4,0.9919754027154793
2019-11-09 15:00:00,4,0.9333828404646093
2019-11-09 16:00:00,4,0.898661630635691
2019-11-09 17:00:00,4,0.9997123936768159
2019-11-09 18:00:00,3,0.9997823706497282
2019-11-10 08:00:00,4,0.9972268994740365
2019-11-10 09:00:00,4,0.9963314812788535
2019-11-10 10:00:00,4,0.9990250928000217
2019-11-10 11:00:00,4,0.9982729757928306
2019-11-10 12:00:00,4,0.982239226663572
2019-11-10 13:00:00,4,0.9990748157111488
2019-11-10 14:00:00,4,0.9998605883070539
2019-11-10 15:00:00,4,0.9978733740328557
2019-11-10 16:00:00,4,0.9949587961130995
2019-11-10 17:00:00,4,0.9994664081944776
2019-11-11 08:00:00,4,0.8635148691643396
2019-11-11 09:00:00,4,
2019-11-11 10:00:00,4,0.7745966692414833
2019-11-11 11:00:00,4,0.9954419175091537
2019-11-11 12:00:00,4,0.9437574053318317
2019-11-11 13:00:00,4,0.9301907555054924
2019-11-11 14:00:00,4,0.989321680660947
2019-11-11 15:00:00,4,0.5876869005414
2019-11-11 16:00:00,4,0.9990076272623731
2019-11-11 17:00:00,4,0.9997381516468923
2019-11-11 18:00:00,3,0.9998639588852375
2019-11-12 08:00:00,4,0.9850065545274165
2019-11-12 09:00:00,4,0.8925887996226356
2019-11-12 10:00:00,4,0.6710635390236824
2019-11-12 11:00:00,4,0.9697008894305016
2019-11-12 12:00:00,4,0.9409788345696871
2019-11-12 13:00:00,4,-0.8620476106307884
2019-11-12 14:00:00,4,0.9473608095047281
2019-11-12 15:00:00,4,0.996945978612361
2019-11-12 16:00:00,4,0.9999831758862188
2019-11-12 17:00:00,4,0.9984947899612281
2019-11-12 18:00:00,3,0.9996057429911945
2019-11-13 08:00:00,4,0.9952494858311088
2019-11-13 09:00:00,4,0.9993023492952658
2019-11-13 10:00:00,4,0.9742082466508372
2019-11-13 11:00:00,4,0.9993539305053242
2019-11-13 12:00:00,4,0.9961286920376061
2019-11-13 13:00:00,4,0.998313617721472
2019-11-13 14:00:00,4,0.9760836124725324
2019-11-13 15:00:00,4,0.99665012026456
2019-11-13 16:00:00,4,0.9922928218220475
2019-11-13 17:00:00,4,0.9973845400353607
2019-11-14 08:00:00,4,0.9946275567573761
2019-11-14 09:00:00,4,0.997653609596914
2019-11-14 10:00:00,4,0.9993376095015711
2019-11-14 11:00:00,4,0.970715723432252
2019-11-14 12:00:00,4,0.9976830349135106
2019-11-14 13:00:00,4,0.989835656031322
2019-11-14 14:00:00,4,0.9700916662877447
2019-11-14 15:00:00,4,0.9958685452788874
2019-11-14 16:00:00,4,0.9999181052373449
2019-11-14 17:00:00,4,0.9993812116384818
2019-11-15 08:00:00,4,0.9947609499534515
2019-11-15 09:00:00,4,0.9979682348685055
2019-11-15 10:00:00,4,0.9948717385689159
2019-11-15 11:00:00,4,0.9919241413863795
2019-11-15 12:00:00,4,0.8773418065481102
2019-11-15 13:00:00,4,-0.8180022832942225
2019-11-15 14:00:00,4,0.9985045200933936
2019-11-15 15:00:00,4,0.9988993785101299
2019-11-15 16:00:00,4,0.9999741907553038
2019-11-15 17:00:00,4,0.9990072201314716
2019-11-15 18:00:00,3,0.99919771079252
2019-11-16 08:00:00,4,0.9947340176212205
2019-11-16 09:00:00,4,0.9987373302677058
2019-11-16 10:00:00,4,0.9931964940809365
2019-11-16 11:00:00,4,0.9973482617790608
2019-11-16 12:00:00,4,0.9892195747432588
2019-11-16 13:00:00,4,-0.7944422837881423
2019-11-16 14:00:00,4,0.9996193878996112
2019-11-16 15:00:00,4,0.9985977252407793
2019-11-16 16:00:00,4,0.9994780794889917
2019-11-16 17:00:00,4,0.9992393079542701
2019-11-16 18:00:00,3,0.9989584154047428
2019-11-17 08:00:00,4,0.9955536781086302
2019-11-17 09:00:00,4,0.9976468165682417
2019-11-17 10:00:00,4,0.9914575505505799
2019-11-17 11:00:00,4,0.995662044600111
2019-11-17 12:00:00,4,0.9677694371127424
2019-11-17 13:00:00,4,-0.5233229216050943
2019-11-17 14:00:00,4,0.999229634576089
2019-11-17 15:00:00,4,0.9968870500785331
2019-11-17 16:00:00,4,0.9998509231177378
2019-11-17 17:00:00,4,0.9991013548047547
2019-11-17 18:00:00,3,0.9988421759490699
2019-11-18 08:00:00,4,0.9930625905505802
2019-11-18 09:00:00,4,0.9969072680010428
2019-11-18 10:00:00,4,0.9740553594850554
2019-11-18 11:00:00,4,0.9966301357691275
2019-11-18 12:00:00,4,0.9728075416282794
2019-11-18 13:00:00,4,0.9923806386303876
2019-11-18 14:00:00,4,0.8901598783966221
2019-11-18 15:00:00,4,0.7280057648041294
2019-11-18 16:00:00,4,0.9655075647089679
2019-11-18 17:00:00,4,0.9904873746242944
2019-11-19 08:00:00,4,0.9964820512323567
2019-11-19 09:00:00,4,0.99821839034118
2019-11-19 10:00:00,4,0.9949906713835752
2019-11-19 11:00:00,4,0.9996381880333144
2019-11-19 12:00:00,4,0.9348804192453785
2019-11-19 13:00:00,4,0.7010938130735934
2019-11-19 14:00:00,4,0.8149214852811331
2019-11-19 15:00:00,4,0.9434393074105782
2019-11-19 16:00:00,4,0.9999794624867386
2019-11-19 17:00:00,4,0.9984515547212007
2019-11-19 18:00:00,3,0.9982704715366588
2019-11-20 08:00:00,4,0.9934113483364129
2019-11-20 09:00:00,4,0.9985171287215866
2019-11-20 10:00:00,4,0.9950867838341623
2019-11-20 11:00:00,4,0.9999706749197009
2019-11-20 12:00:00,4,0.9864269287331653
2019-11-20 13:00:00,4,-0.4009205356239467
2019-11-20 14:00:00,4,0.8228786524667568
2019-11-20 15:00:00,4,0.900695090491221
2019-11-20 16:00:00,4,0.9725804493145787
2019-11-20 17:00:00,4,0.9991674659558528
2019-11-20 18:00:00,3,0.999239810886089
2019-11-21 08:00:00,4,0.9931989563900236
2019-11-21 09:00:00,4,0.9978858650241162
2019-11-21 10:00:00,4,0.9937160839140753
2019-11-21 11:00:00,4,0.999591803368552
2019-11-21 12:00:00,4,0.9882753485950139
2019-11-21 13:00:00,4,-0.6730124230710343
2019-11-21 14:00:00,4,0.9980873401733339
2019-11-21 15:00:00,4,0.9997108033597364
2019-11-21 16:00:00,4,0.9997949947039859
2019-11-21 17:00:00,4,0.9990970091934248
2019-11-22 08:00:00,4,0.9932099456590309
2019-11-22 09:00:00,4,0.9976888354532404
2019-11-22 10:00:00,4,0.9961445186779656
2019-11-22 11:00:00,4,0.9997771592775119
2019-11-22 12:00:00,4,0.983509411239928
2019-11-22 13:00:00,4,-0.5995137096395102
2019-11-22 14:00:00,4,0.9996300639908762
2019-11-22 15:00:00,4,0.999026407650093
2019-11-22 16:00:00,4,0.9941198916070505
2019-11-22 17:00:00,4,0.9993207475857868
2019-11-22 18:00:00,3,0.9995985756703618
2019-11-23 08:00:00,4,0.9940481317194654
2019-11-23 09:00:00,4,-0.8544528314966852
2019-11-23 10:00:00,4,
2019-11-23 11:00:00,4,
2019-11-23 12:00:00,4,
2019-11-23 13:00:00,4,
2019-11-23 14:00:00,4,
2019-11-23 15:00:00,4,-0.991165558533609
2019-11-23 16:00:00,4,-0.9202107119915134
2019-11-23 17:00:00,4,0.9981002317620362
2019-11-24 08:00:00,4,0.9994761160149359
2019-11-24 09:00:00,4,0.9826869383904153
2019-11-24 10:00:00,4,0.7746045991133013
2019-11-24 11:00:00,4,0.9985370199098648
2019-11-24 12:00:00,4,0.9974449019677011
2019-11-24 13:00:00,4,0.9949593478932924
2019-11-24 14:00:00,4,0.9956114033517818
2019-11-24 15:00:00,4,0.9923402987843651
2019-11-24 16:00:00,4,0.9100938914330147
2019-11-24 17:00:00,4,0.9972774132702086
2019-11-25 08:00:00,4,0.9999314429695936
2019-11-25 09:00:00,4,0.9997307457581561
2019-11-25 10:00:00,4,0.8959331550075138
2019-11-25 11:00:00,4,0.9997518729768837
2019-11-25 12:00:00,4,0.998318585806959
2019-11-25 13:00:00,4,0.9599582503524774
2019-11-25 14:00:00,4,0.9073974944441072
2019-11-25 15:00:00,4,0.9994797228492065
2019-11-25 16:00:00,4,0.9805376015086248
2019-11-25 17:00:00,4,0.8081216019263886
2019-11-26 08:00:00,4,0.9994813386676477
2019-11-26 09:00:00,4,0.9947231219079065
2019-11-26 10:00:00,4,0.9970971523861845
2019-11-26 11:00:00,4,0.9965019131755386
2019-11-26 12:00:00,4,0.9635005058403714
2019-11-26 13:00:00,4,-0.10986632732576887
2019-11-26 14:00:00,4,0.9954472183263968
2019-11-26 15:00:00,4,0.9978132817370841
2019-11-26 16:00:00,4,0.9996034309912498
2019-11-26 17:00:00,4,0.9990620105117194
2019-11-26 18:00:00,3,0.9989312257256379
2019-11-27 08:00:00,4,0.99564848744007
2019-11-27 09:00:00,4,0.9980045801274249
2019-11-27 10:00:00,4,0.9946966163955311
2019-11-27 11:00:00,4,0.9990940629089673
2019-11-27 12:00:00,4,0.9486776528180334
2019-11-27 13:00:00,4,-0.354132457671864
2019-11-27 14:00:00,4,0.9999201105048261
2019-11-27 15:00:00,4,0.9995586407849099
2019-11-27 16:00:00,4,0.9998411491665951
2019-11-27 17:00:00,4,0.9992261179054001
2019-11-28 08:00:00,4,0.9953489805726048
2019-11-28 09:00:00,4,0.9980732762194564
2019-11-28 10:00:00,4,0.9951053211695551
2019-11-28 11:00:00,4,0.9997125119982145
2019-11-28 12:00:00,4,0.9853634921934594
2019-11-28 13:00:00,4,-0.4830249383345803
2019-11-28 14:00:00,4,0.9956285134333931
2019-11-28 15:00:00,4,0.9986782016834159
2019-11-28 16:00:00,4,0.9998770088890648
2019-11-28 17:00:00,4,0.9985979770767627
2019-11-29 08:00:00,4,0.9949900749076224
2019-11-29 09:00:00,4,0.9975457656246747
2019-11-29 10:00:00,4,0.9932848992714727
2019-11-29 11:00:00,4,0.9990817053790387
2019-11-29 12:00:00,4,0.9691578944810942
2019-11-29 13:00:00,4,-0.3446378605568412
2019-11-29 14:00:00,4,0.9996804136309766
2019-11-29 15:00:00,4,0.9994489155777032
2019-11-29 16:00:00,4,0.999999202956867
2019-11-29 17:00:00,4,0.9983385255496746
2019-11-30 08:00:00,4,0.9945679141203514
2019-11-30 09:00:00,4,0.9975851940771255
2019-11-30 10:00:00,4,0.993871643998272
2019-11-30 11:00:00,4,0.998867275896967
2019-11-30 12:00:00,4,0.9982401857811424
2019-11-30 13:00:00,4,0.9893969909686172
2019-11-30 14:00:00,4,0.9997471845092718
2019-11-30 15:00:00,4,0.9871098483142329
2019-11-30 16:00:00,4,0.9802075839781094
2019-11-30 17:00:00,4,0.998266644496292
2019-11-30 18:00:00,3,0.9993458818279479
2019-12-01 08:00:00,4,0.9945881300220397
2019-12-01 09:00:00,4,0.9964368498694536
2019-12-01 10:00:00,4,0.9942237045094731
2019-12-01 11:00:00,4,0.9992542693486248
2019-12-01 12:00:00,4,0.9835496023717472
2019-12-01 13:00:00,4,-0.37604658960371506
2019-12-01 14:00:00,4,0.9511375846091363
2019-12-01 15:00:00,4,0.9930047776116316
2019-12-01 16:00:00,4,0.9998480326442848
2019-12-01 17:00:00,4,0.9986387113148288
2019-12-02 08:00:00,4,
2019-12-02 09:00:00,4,
2019-12-02 10:00:00,4,0.8556232847463748
2019-12-02 11:00:00,4,0.9961166967571511
2019-12-02 12:00:00,4,0.9956469316641674
2019-12-02 13:00:00,4,0.99721089498133
2019-12-02 14:00:00,4,0.8571009504014944
2019-12-02 15:00:00,4,0.8743441432312935
2019-12-02 16:00:00,4,0.9983052127495469
2019-12-02 17:00:00,4,0.9984380713902303
2019-12-03 08:00:00,4,0.9992720672361126
2019-12-03 09:00:00,4,0.8011033419973477
2019-12-03 10:00:00,4,0.9919935920114497
2019-12-03 11:00:00,4,0.9654406064273837
2019-12-03 12:00:00,4,0.9538054661260001
2019-12-03 13:00:00,4,0.7902960332792417
2019-12-03 14:00:00,4,0.9109519036754311
2019-12-03 15:00:00,4,0.8773529079590808
2019-12-03 16:00:00,4,0.9935844518786987
2019-12-03 17:00:00,4,0.9764324356760813
2019-12-04 08:00:00,4,0.9984606351835955
2019-12-04 09:00:00,4,0.9707176635946697
2019-12-04 10:00:00,4,0.9774150687260598
2019-12-04 11:00:00,4,0.9963721036253993
2019-12-04 12:00:00,4,0.9994138986027414
2019-12-04 13:00:00,4,0.8870147842503049
2019-12-04 14:00:00,4,0.8380922715178806
2019-12-04 15:00:00,4,0.9990157118452885
2019-12-04 16:00:00,4,0.9964433637551708
2019-12-04 17:00:00,4,0.999565264602247
2019-12-05 08:00:00,4,0.999844132975675
2019-12-05 09:00:00,4,0.9593734944924743
2019-12-05 10:00:00,4,0.40137289244506325
2019-12-05 11:00:00,4,0.8396931360988941
2019-12-05 12:00:00,4,0.9872225627107588
2019-12-05 13:00:00,4,0.16298037576257365
2019-12-05 14:00:00,4,0.16802119599353899
2019-12-05 15:00:00,4,0.9995315382235567
2019-12-05 16:00:00,4,0.999987887855685
2019-12-05 17:00:00,4,0.9992716891955404
2019-12-05 18:00:00,3,0.9987615600804278
2019-12-06 08:00:00,4,0.9948874751064327
2019-12-06 09:00:00,4,0.9974628726916306
2019-12-06 10:00:00,4,0.9698342786658048
2019-12-06 11:00:00,4,0.997335508536359
2019-12-06 12:00:00,4,0.9973635021775226
2019-12-06 13:00:00,4,0.33175965868382845
2019-12-06 14:00:00,4,0.9983531543717912
2019-12-06 15:00:00,4,0.9991008522198245
2019-12-06 16:00:00,4,0.9986336311912504
2019-12-06 17:00:00,4,0.9990362277259036
2019-12-07 08:00:00,4,0.9954852274487153
2019-12-07 09:00:00,4,0.9974529155282982
2019-12-07 10:00:00,4,0.9958680901492323
2019-12-07 11:00:00,4,0.9984002116297509
2019-12-07 12:00:00,4,0.9994182657823568
2019-12-07 13:00:00,4,-0.9894265283859771
2019-12-07 14:00:00,4,0.9998990957183626
2019-12-07 15:00:00,4,0.9975816256324416
2019-12-07 16:00:00,4,0.9994612138868897
2019-12-07 17:00:00,4,0.9983929869846112
2019-12-08 08:00:00,4,0.9952654060063614
2019-12-08 09:00:00,4,0.9979169394933098
2019-12-08 10:00:00,4,0.9961072608013614
2019-12-08 11:00:00,4,0.9985488222040706
2019-12-08 12:00:00,4,0.9950033050434804
2019-12-08 13:00:00,4,-0.5700853652405149
2019-12-08 14:00:00,4,0.9967883866410336
2019-12-08 15:00:00,4,0.9937808722726572
2019-12-08 16:00:00,4,0.9870826140011173
2019-12-08 17:00:00,4,0.9461746896340012
2019-12-08 18:00:00,3,0.9999990755322182
2019-12-09 08:00:00,3,0.9999238734876004
2019-12-09 09:00:00,4,0.16057465565335502
2019-12-09 10:00:00,4,0.9941548728197264
2019-12-09 11:00:00,4,0.8217637165092875
2019-12-09 12:00:00,4,0.9282141659377015
2019-12-09 13:00:00,4,0.3386911763781989
2019-12-09 14:00:00,4,0.985449312968143
2019-12-09 15:00:00,4,0.9952716400057865
2019-12-09 16:00:00,4,0.9993035490510007
2019-12-09 17:00:00,4,0.9994802961195315
2019-12-10 08:00:00,4,0.9942883508769929
2019-12-10 09:00:00,4,0.9989328910588119
2019-12-10 10:00:00,4,0.9961707677190081
2019-12-10 11:00:00,4,0.9975082955088688
2019-12-10 12:00:00,4,0.870972448350864
2019-12-10 13:00:00,4,-0.592388750900299
2019-12-10 14:00:00,4,0.9983136445403051
2019-12-10 15:00:00,4,0.9995600134146231
2019-12-10 16:00:00,4,0.9999673779759457
2019-12-10 17:00:00,4,0.9987784011365388
2019-12-11 08:00:00,4,0.9956869596966024
2019-12-11 09:00:00,4,0.962134577064046
2019-12-11 10:00:00,4,0.9836259963293107
2019-12-11 11:00:00,4,0.9999443858607558
2019-12-11 12:00:00,4,0.9426185379006685
2019-12-11 13:00:00,4,0.9701427376080105
2019-12-11 14:00:00,4,0.971442096202616
2019-12-11 15:00:00,4,0.9994793481615495
2019-12-11 16:00:00,4,0.9928986944123074
2019-12-11 17:00:00,4,0.9934510028803933
2019-12-12 08:00:00,4,0.9978576752672331
2019-12-12 09:00:00,4,0.9978492376373529
2019-12-12 10:00:00,4,0.9981130608206102
2019-12-12 11:00:00,4,0.9991197077265157
2019-12-12 12:00:00,4,0.9967330452190213
2019-12-12 13:00:00,4,0.26113884683062816
2019-12-12 14:00:00,4,0.990822010586416
2019-12-12 15:00:00,4,0.9985777620590137
2019-12-12 16:00:00,4,0.9994717327969875
2019-12-12 17:00:00,4,0.9989422924524113
2019-12-13 08:00:00,4,0.9917105523066966
2019-12-13 09:00:00,4,0.9976409074300119
2019-12-13 10:00:00,4,0.9954223803195964
2019-12-13 11:00:00,4,0.9981167660909069
2019-12-13 12:00:00,4,0.9994794815585127
2019-12-13 13:00:00,4,-0.8154440241429627
2019-12-13 14:00:00,4,0.9966975746392801
2019-12-13 15:00:00,4,0.9997202140071105
2019-12-13 16:00:00,4,0.9999479765262131
2019-12-13 17:00:00,4,0.998935657989711
2019-12-14 08:00:00,4,0.9896169228878009
2019-12-14 09:00:00,4,0.9966314815116913
2019-12-14 10:00:00,4,0.9984371965055582
2019-12-14 11:00:00,4,0.9978296633419517
2019-12-14 12:00:00,4,0.9988861113802237
2019-12-14 13:00:00,4,-0.3367222607639464
2019-12-14 14:00:00,4,0.9928523408041948
2019-12-14 15:00:00,4,0.9988401322082727
2019-12-14 16:00:00,4,0.9997922508558629
2019-12-14 17:00:00,4,0.9984105187957674
2019-12-14 18:00:00,3,0.9988383768258693
2019-12-15 08:00:00,4,0.9909898514427483
2019-12-15 09:00:00,4,0.9970735520175326
2019-12-15 10:00:00,4,0.9950715213990529
2019-12-15 11:00:00,4,0.9991562396988507
2019-12-15 12:00:00,4,0.997793380442099
2019-12-15 13:00:00,4,0.6451028339347532
2019-12-15 14:00:00,4,0.9988407507877674
2019-12-15 15:00:00,4,0.9977653693622974
2019-12-15 16:00:00,4,0.9999884003852028
2019-12-15 17:00:00,4,0.9986835663051681
2019-12-15 18:00:00,3,0.999135240204711
2019-12-16 08:00:00,4,0.990932218787404
2019-12-16 09:00:00,4,0.9969285678795758
2019-12-16 10:00:00,4,0.9945186020735841
2019-12-16 11:00:00,4,0.9995354069126199
2019-12-16 12:00:00,4,0.991901395009916
2019-12-16 13:00:00,4,0.8930331099362878
2019-12-16 14:00:00,4,0.9974121590409157
2019-12-16 15:00:00,4,0.9983861872044153
2019-12-16 16:00:00,4,0.999774942547101
2019-12-16 17:00:00,4,0.9979874101306242
2019-12-16 18:00:00,3,0.9988237342987264
2019-12-17 08:00:00,4,0.9934205420818724
2019-12-17 09:00:00,4,0.9964608712876761
2019-12-17 10:00:00,4,0.9975071717158628
2019-12-17 11:00:00,4,0.9989915461560598
2019-12-17 12:00:00,4,0.9944305037736232
2019-12-17 13:00:00,4,0.2830674445753741
2019-12-17 14:00:00,4,0.9988757150921413
2019-12-17 15:00:00,4,0.9994035476368774
2019-12-17 16:00:00,4,0.9998386721872718
2019-12-17 17:00:00,4,0.9986140176560784
2019-12-17 18:00:00,3,0.9989283289863309
2019-12-18 08:00:00,4,0.9959104990611302
2019-12-18 09:00:00,4,0.9959709130670971
2019-12-18 10:00:00,4,0.9970707335221751
2019-12-18 11:00:00,4,0.9981979656905741
2019-12-18 12:00:00,4,0.9997166625449013
2019-12-18 13:00:00,4,0.3564462451657896
2019-12-18 14:00:00,4,0.8070767804905836
2019-12-18 15:00:00,4,0.9984684526069033
2019-12-18 16:00:00,4,0.9980647847672323
2019-12-18 17:00:00,4,0.9992464475723374
2019-12-18 18:00:00,3,0.9988961039138676
2019-12-19 08:00:00,4,0.9997489598453018
2019-12-19 09:00:00,4,0.9590518315961378
2019-12-19 10:00:00,4,0.999145043530963
2019-12-19 11:00:00,4,0.9919517256741308
2019-12-19 12:00:00,4,0.9011362081510743
2019-12-19 13:00:00,4,0.9882707388084134
2019-12-19 14:00:00,4,0.9992266972310456
2019-12-19 15:00:00,4,0.9998642157800472
2019-12-19 16:00:00,4,0.9969082308512716
2019-12-19 17:00:00,4,0.9968212702337291
2019-12-20 08:00:00,4,0.9977605905178695
2019-12-20 09:00:00,4,0.9971036223105699
2019-12-20 10:00:00,4,0.9971188788157459
2019-12-20 11:00:00,4,0.9979169783683215
2019-12-20 12:00:00,4,0.9607437636785011
2019-12-20 13:00:00,4,0.41140598711476506
2019-12-20 14:00:00,4,0.9948522077344947
2019-12-20 15:00:00,4,0.9625956311787868
2019-12-20 16:00:00,4,0.9979249162579161
2019-12-20 17:00:00,4,0.7344295821351183
2019-12-20 18:00:00,3,0.9810800961603933
2019-12-21 08:00:00,4,0.9963913263578943
2019-12-21 09:00:00,4,0.9972029794591893
2019-12-21 10:00:00,4,0.9960038926517761
2019-12-21 11:00:00,4,0.997973278380577
2019-12-21 12:00:00,4,0.9995269986055504
2019-12-21 13:00:00,4,0.19412934789888825
2019-12-21 14:00:00,4,0.6862968313927249
2019-12-21 15:00:00,4,0.9992865845102129
2019-12-21 16:00:00,4,0.9999556587232685
2019-12-21 17:00:00,4,0.9896806284435393
2019-12-21 18:00:00,3,0.9999677825977564
2019-12-22 08:00:00,3,0.9936465398071721
2019-12-22 09:00:00,4,0.9955451167605965
2019-12-22 10:00:00,4,0.9965571188793384
2019-12-22 11:00:00,4,0.9970000772120813
2019-12-22 12:00:00,4,0.9955473156004275
2019-12-22 13:00:00,4,0.5675162120563151
2019-12-22 14:00:00,4,0.997738846631036
2019-12-22 15:00:00,4,0.9988472930778026
2019-12-22 16:00:00,4,0.9999492790885168
2019-12-22 17:00:00,4,0.9984747103617772
2019-12-22 18:00:00,3,0.9985803388979483
2019-12-23 08:00:00,3,0.9931873029783945
2019-12-23 09:00:00,4,0.9962427711691938
2019-12-23 10:00:00,4,0.9957587669000771
2019-12-23 11:00:00,4,0.9974120235345635
2019-12-23 12:00:00,4,0.9913081613111292
2019-12-23 13:00:00,4,-0.6613425898244478
2019-12-23 14:00:00,4,0.9887865071604184
2019-12-23 15:00:00,4,0.9985234912434712
2019-12-23 16:00:00,4,0.9999988549452461
2019-12-23 17:00:00,4,0.9975389302669515
2019-12-23 18:00:00,3,0.9993299125247077
2019-12-24 08:00:00,3,0.9943827255410665
2019-12-24 09:00:00,4,0.9963512828146296
2019-12-24 10:00:00,4,0.9962977957106864
2019-12-24 11:00:00,4,0.9968398118014846
2019-12-24 12:00:00,4,0.9988356013276826
2019-12-24 13:00:00,4,-0.2970142963973901
2019-12-24 14:00:00,4,0.9973709311277429
2019-12-24 15:00:00,4,0.998571544886178
2019-12-24 16:00:00,4,0.9986445989487586
2019-12-24 17:00:00,4,0.9964366334168867
2019-12-24 18:00:00,3,0.9984672861900279
2019-12-25 08:00:00,3,0.9947362082291307
2019-12-25 09:00:00,4,0.9953604432450004
2019-12-25 10:00:00,4,0.9940939888120479
2019-12-25 11:00:00,4,0.9978978006403577
2019-12-25 12:00:00,4,0.9983178085037124
2019-12-25 13:00:00,4,0.7794716324173601
2019-12-25 14:00:00,4,0.9942411366752718
2019-12-25 15:00:00,4,0.9974346987384642
2019-12-25 16:00:00,4,0.9999238101592123
2019-12-25 17:00:00,4,0.9981711485097432
2019-12-25 18:00:00,3,0.998529029542801
2019-12-26 08:00:00,3,0.9954274961048648
2019-12-26 09:00:00,4,0.9961004920470853
2019-12-26 10:00:00,4,0.9684964445742411
2019-12-26 11:00:00,4,0.9904117710381254
2019-12-26 12:00:00,4,0.9904173779027373
2019-12-26 13:00:00,4,0.8507047095526781
2019-12-26 14:00:00,4,0.9957879451387913
2019-12-26 15:00:00,4,0.7882203167406614
2019-12-26 16:00:00,4,0.9943603530811989
2019-12-26 17:00:00,4,0.9963374904536938
2019-12-26 18:00:00,3,0.9980870972608794
2019-12-27 08:00:00,3,0.9978364567250951
2019-12-27 09:00:00,4,0.9964058850728216
2019-12-27 10:00:00,4,0.9372537110365605
2019-12-27 11:00:00,4,0.9803778605191865
2019-12-27 12:00:00,4,0.9504252670959369
2019-12-27 13:00:00,4,0.6641719464719218
2019-12-27 14:00:00,4,0.9733359276421089
2019-12-27 15:00:00,4,0.9712025795395971
2019-12-27 16:00:00,4,0.9909494640609308
2019-12-27 17:00:00,4,0.9049030703000094
2019-12-28 09:00:00,4,0.9975480662489734
2019-12-28 10:00:00,4,0.9989743132481071
2019-12-28 11:00:00,4,0.99480955005156
2019-12-28 12:00:00,4,0.9999373092301155
2019-12-28 13:00:00,4,0.9737680671116897
2019-12-28 14:00:00,4,0.9812880315340133
2019-12-28 15:00:00,4,0.9932599389409806
2019-12-28 16:00:00,4,0.9802353564282464
2019-12-28 17:00:00,4,0.9969266739288613
2019-12-28 18:00:00,3,0.9996602047442215
2019-12-29 08:00:00,3,0.9991840872865272
2019-12-29 09:00:00,4,0.9969975881960361
2019-12-29 10:00:00,4,0.9952683573242876
2019-12-29 11:00:00,4,0.9974674052478397
2019-12-29 12:00:00,4,0.9987788000065015
2019-12-29 13:00:00,4,0.5559497428793482
2019-12-29 14:00:00,4,0.984346156161193
2019-12-29 15:00:00,4,0.9985402337646712
2019-12-29 16:00:00,4,0.9998519727210188
2019-12-29 17:00:00,4,0.9961405369901942
2019-12-29 18:00:00,3,0.9981772788933421
2019-12-30 08:00:00,3,0.9995024244927332
2019-12-30 09:00:00,4,0.9960076124893184
2019-12-30 10:00:00,4,0.996631976414262
2019-12-30 11:00:00,4,0.9974694887179449
2019-12-30 12:00:00,4,0.9990383652833862
2019-12-30 13:00:00,4,0.4764199239016088
2019-12-30 14:00:00,4,0.9817015065521305
2019-12-30 15:00:00,4,0.998789779666143
2019-12-30 16:00:00,4,0.9984893787266349
2019-12-30 17:00:00,4,0.9979989316529034
2019-12-30 18:00:00,3,0.9989911288191012
2019-12-31 08:00:00,4,0.9975068155281552
2019-12-31 09:00:00,4,0.9943511529538407
2019-12-31 10:00:00,4,0.8223862821673198
2019-12-31 11:00:00,4,0.9924315863124044
2019-12-31 12:00:00,4,0.891633041346064
2019-12-31 13:00:00,4,0.8828528520472936
2019-12-31 14:00:00,4,0.9893950641908439
2019-12-31 15:00:00,4,0.9996651905198769
2019-12-31 16:00:00,4,0.9999407190359788
2019-12-31 17:00:00,4,0.9987977149373674
2019-12-31 18:00:00,3,0.9991934764585889
2020-01-01 08:00:00,3,0.9999544852752674
2020-01-01 09:00:00,4,0.9972349916478348
2020-01-01 10:00:00,4,0.9963233438868695
2020-01-01 11:00:00,4,0.9914581739382867
2020-01-01 12:00:00,4,0.9941921330819068
2020-01-01 13:00:00,4,0.8507245943897912
2020-01-01 14:00:00,4,0.9975507255620278
2020-01-01 15:00:00,4,0.999867943280847
2020-01-01 16:00:00,4,0.9986041525923565
2020-01-01 17:00:00,4,0.998430301141646
2020-01-01 18:00:00,3,0.9993666554013525
2020-01-02 08:00:00,4,0.9996617984714615
2020-01-02 09:00:00,4,0.9755492360089616
2020-01-02 10:00:00,4,0.9980118655292032
2020-01-02 11:00:00,4,0.9930775160327311
2020-01-02 12:00:00,4,0.273954217001587
2020-01-02 13:00:00,4,0.8858572584932143
2020-01-02 14:00:00,4,0.9943657281686801
2020-01-02 15:00:00,4,0.9800205247423308
2020-01-02 16:00:00,4,0.9989327351363237
2020-01-02 17:00:00,4,-0.6427035037811262
2020-01-02 18:00:00,3,0.9976396815067973
2020-01-03 08:00:00,3,0.9998637285927515
2020-01-03 09:00:00,4,0.9959034949803128
2020-01-03 10:00:00,4,0.9390210482759459
2020-01-03 11:00:00,4,0.9937253820943576
2020-01-03 12:00:00,4,0.9839730529715865
2020-01-03 13:00:00,4,0.9936392738202587
2020-01-03 14:00:00,4,0.971392806838168
2020-01-03 15:00:00,4,0.999503148607634
2020-01-03 16:00:00,4,0.9976070052099395
2020-01-03 17:00:00,4,0.9123293156897334
2020-01-03 18:00:00,3,0.999369033634226
2020-01-04 09:00:00,4,0.9998420620377413
2020-01-04 10:00:00,4,0.9805472495929117
2020-01-04 11:00:00,4,0.9997386752657309
2020-01-04 12:00:00,4,0.9975409832593359
2020-01-04 13:00:00,4,0.9900274592243006
2020-01-04 14:00:00,4,0.9971427903303469
2020-01-04 15:00:00,4,0.9980279112264173
2020-01-04 16:00:00,4,0.9976177468197847
2020-01-04 17:00:00,4,0.9978943715064325
2020-01-05 08:00:00,3,0.9987222279462805
2020-01-05 09:00:00,4,0.9823272911706424
2020-01-05 10:00:00,4,0.9886528947624881
2020-01-05 11:00:00,4,0.9940043117708774
2020-01-05 12:00:00,4,0.9971114316363839
2020-01-05 13:00:00,4,0.9677630367332474
2020-01-05 14:00:00,4,0.9907149455893844
2020-01-05 15:00:00,4,0.9979580606959344
2020-01-05 16:00:00,4,0.9894092973626971
2020-01-05 17:00:00,4,0.9991149130775352
2020-01-06 08:00:00,3,0.9997431246613228
2020-01-06 09:00:00,4,0.9482269587897876
2020-01-06 10:00:00,4,0.9897560608180421
2020-01-06 11:00:00,4,0.9999094855692735
2020-01-06 12:00:00,4,0.912018367915033
2020-01-06 13:00:00,4,0.9693613339014656
2020-01-06 14:00:00,4,0.9881047445062167
2020-01-06 15:00:00,4,0.9765998147862281
2020-01-06 16:00:00,4,0.9980717107008517
2020-01-06 17:00:00,4,0.9976069687498981
2020-01-06 18:00:00,4,0.9984312006307703
2020-01-07 08:00:00,3,0.9996483684158638
2020-01-07 09:00:00,4,0.9966587042340835
2020-01-07 10:00:00,4,0.9973917496283322
2020-01-07 11:00:00,4,0.9976681708984888
2020-01-07 12:00:00,4,0.9969850473592444
2020-01-07 13:00:00,4,0.288967612710914
2020-01-07 14:00:00,4,0.9896969948513926
2020-01-07 15:00:00,4,0.9994229906990647
2020-01-07 16:00:00,4,0.99991557670324
2020-01-07 17:00:00,4,0.9952142096425468
2020-01-07 18:00:00,3,0.9994638464025821
2020-01-08 08:00:00,3,0.999431932154137
2020-01-08 09:00:00,4,0.9972127853646215
2020-01-08 10:00:00,4,0.9978493006397747
2020-01-08 11:00:00,4,0.9922246602435805
2020-01-08 12:00:00,4,0.9832439545600715
2020-01-08 13:00:00,4,-0.37992950561520195
2020-01-08 14:00:00,4,0.9833351501807418
2020-01-08 15:00:00,4,0.9999085856130774
2020-01-08 16:00:00,4,0.9990329791306133
2020-01-08 17:00:00,4,0.9879525625366803
2020-01-08 18:00:00,4,0.9992055234492646
2020-01-09 08:00:00,3,0.9987355969371339
2020-01-09 09:00:00,4,0.9972001010793119
2020-01-09 10:00:00,4,0.9976775528964107
2020-01-09 11:00:00,4,0.9998499569619212
2020-01-09 12:00:00,4,0.9719390383664811
2020-01-09 13:00:00,4,0.999796804911621
2020-01-09 14:00:00,4,0.9806914272704664
2020-01-09 15:00:00,4,0.9900558057432465
2020-01-09 16:00:00,4,0.9539280739941968
2020-01-09 17:00:00,4,0.9959712994947737
2020-01-09 18:00:00,3,0.7400355036514823
2020-01-10 08:00:00,3,0.9982148326424174
2020-01-10 09:00:00,4,0.9946118137276576
2020-01-10 10:00:00,4,0.9997542475018594
2020-01-10 11:00:00,4,0.9955147426684774
2020-01-10 12:00:00,4,0.9791967991845447
2020-01-10 13:00:00,4,0.9968348741149375
2020-01-10 14:00:00,4,0.9319998552187556
2020-01-10 15:00:00,4,0.9960582146038851
2020-01-10 16:00:00,4,0.9594331213719296
2020-01-10 17:00:00,4,0.9972633800745668
2020-01-10 18:00:00,4,0.8291264318860601
2020-01-11 08:00:00,3,0.9988416378535478
2020-01-11 09:00:00,4,0.9970308125450099
2020-01-11 10:00:00,4,0.9967268342831203
2020-01-11 11:00:00,4,0.9962101214267784
2020-01-11 12:00:00,4,0.9988311840466445
2020-01-11 13:00:00,4,0.7348372619808374
2020-01-11 14:00:00,4,0.9688536494010165
2020-01-11 15:00:00,4,0.9996055583103102
2020-01-11 16:00:00,4,0.9774682168867114
2020-01-11 17:00:00,4,0.9975050035988147
2020-01-11 18:00:00,4,0.998727980724001
2020-01-12 08:00:00,3,0.9983349662949116
2020-01-12 09:00:00,4,0.9973170902473151
2020-01-12 10:00:00,4,0.998593568580602
2020-01-12 11:00:00,4,0.9970300978858576
2020-01-12 12:00:00,4,0.9998076901051783
2020-01-12 13:00:00,4,0.6261256536209269
2020-01-12 14:00:00,4,0.9671341256113732
2020-01-12 15:00:00,4,0.999898262074997
2020-01-12 16:00:00,4,0.9992495188760405
2020-01-12 17:00:00,4,0.9983339325890642
2020-01-12 18:00:00,4,0.998359617849564
2020-01-13 08:00:00,3,0.9981365563409768
2020-01-13 09:00:00,4,0.9973120068424691
2020-01-13 10:00:00,4,0.9984250774537551
2020-01-13 11:00:00,4,0.9932629316787486
2020-01-13 12:00:00,4,0.9885083648641738
2020-01-13 13:00:00,4,0.7786582540374883
2020-01-13 14:00:00,4,0.9602425033004701
2020-01-13 15:00:00,4,0.9995283670084654
2020-01-13 16:00:00,4,0.999579711090019
2020-01-13 17:00:00,4,0.9992927297468512
2020-01-13 18:00:00,4,0.998702838746493
2020-01-14 08:00:00,3,0.99725594053629
2020-01-14 09:00:00,4,0.9974219868126936
2020-01-14 10:00:00,4,0.9983721729110737
2020-01-14 11:00:00,4,0.9977680750659211
2020-01-14 12:00:00,4,0.9958641332499482
2020-01-14 13:00:00,4,0.15793937527719304
2020-01-14 14:00:00,4,0.9852563234118901
2020-01-14 15:00:00,4,0.9998693625652001
2020-01-14 16:00:00,4,0.9997262621957933
2020-01-14 17:00:00,4,0.9979289591302931
2020-01-14 18:00:00,4,0.9985459144063296
2020-01-15 08:00:00,3,0.9975913005064357
2020-01-15 09:00:00,4,0.9975448323914216
2020-01-15 10:00:00,4,0.9989522592985951
2020-01-15 11:00:00,4,0.9969193848525577
2020-01-15 12:00:00,4,0.9964098899402539
2020-01-15 13:00:00,4,0.8404304148774732
2020-01-15 14:00:00,4,0.9718741928033702
2020-01-15 15:00:00,4,0.9998815334753712
2020-01-15 16:00:00,4,0.9986797826595595
2020-01-15 17:00:00,4,0.9979595578075316
2020-01-15 18:00:00,4,0.9975723709581724
2020-01-16 08:00:00,3,0.9979519062560572
2020-01-16 09:00:00,4,0.9968279921557494
2020-01-16 10:00:00,4,0.9991078412487926
2020-01-16 11:00:00,4,0.9956969651369589
2020-01-16 12:00:00,4,0.9968269427222501
2020-01-16 13:00:00,4,0.5733049009038366
2020-01-16 14:00:00,4,0.9559012438536146
2020-01-16 15:00:00,4,0.9999729168301261
2020-01-16 16:00:00,4,0.9997730399234805
2020-01-16 17:00:00,4,0.9988468159350172
2020-01-16 18:00:00,4,0.9988591534696283
2020-01-17 08:00:00,3,0.9972439649168284
2020-01-17 09:00:00,4,0.997230649579032
2020-01-17 10:00:00,4,0.9985682324497348
2020-01-17 11:00:00,4,0.9969451883876141
2020-01-17 12:00:00,4,0.9948731030843183
2020-01-17 13:00:00,4,0.7902689007342137
2020-01-17 14:00:00,4,0.9722131599903748
2020-01-17 15:00:00,4,0.9997217795291563
2020-01-17 16:00:00,4,0.9982428412289764
2020-01-17 17:00:00,4,0.9982285613641647
2020-01-17 18:00:00,4,0.9983081538576335
2020-01-18 08:00:00,3,0.9975160891233765
2020-01-18 09:00:00,4,0.9975647588953868
2020-01-18 10:00:00,4,0.9980566356079162
2020-01-18 11:00:00,4,0.9953914988487765
2020-01-18 12:00:00,4,0.9976516151490934
2020-01-18 13:00:00,4,0.9288932703793416
2020-01-18 14:00:00,4,0.9766563958221753
2020-01-18 15:00:00,4,0.9998519361529937
2020-01-18 16:00:00,4,0.9993393478305795
2020-01-18 17:00:00,4,0.9974391365857332
2020-01-18 18:00:00,4,0.9975609743000265
2020-01-19 08:00:00,3,0.9959723680634209
2020-01-19 09:00:00,4,0.9978251945338792
2020-01-19 10:00:00,4,0.9980644677301369
2020-01-19 11:00:00,4,0.9971300854376377
2020-01-19 12:00:00,4,0.9995567196385319
2020-01-19 13:00:00,4,0.7827813024988391
2020-01-19 14:00:00,4,0.9672906826091628
2020-01-19 15:00:00,4,0.9998166501817198
2020-01-19 16:00:00,4,
2020-01-19 17:00:00,4,
2020-01-19 18:00:00,4,
2020-01-19 20:00:00,3,
2020-01-20 08:00:00,3,0.9959833227641907
2020-01-20 09:00:00,4,0.998189555250463
2020-01-20 10:00:00,4,0.9185995584610852
2020-01-20 11:00:00,4,0.9632155128456095
2020-01-20 12:00:00,4,0.9966107713699968
2020-01-20 13:00:00,4,0.9554096985150929
2020-01-20 14:00:00,4,0.9753510571736927
2020-01-20 15:00:00,4,0.3043011045690989
2020-01-20 16:00:00,4,0.9993145337112992
2020-01-20 17:00:00,4,0.9991419073901491
2020-01-20 18:00:00,4,0.9992008523357789
2020-01-21 08:00:00,3,0.9943798843617737
2020-01-21 09:00:00,4,0.9918438369446204
2020-01-21 10:00:00,4,0.9989643069326803
2020-01-21 11:00:00,4,0.9978554495522023
2020-01-21 12:00:00,4,0.16265677978660248
2020-01-21 13:00:00,4,0.8962925002405325
2020-01-21 14:00:00,4,0.9962110586789851
2020-01-21 15:00:00,4,0.993898829212436
2020-01-21 16:00:00,4,0.996747334426442
2020-01-21 17:00:00,4,0.9812835104081935
2020-01-21 18:00:00,4,0.9992531310776718
2020-01-22 08:00:00,3,0.9925179897778232
2020-01-22 09:00:00,4,0.9978248533998666
2020-01-22 10:00:00,4,0.9987610914790995
2020-01-22 11:00:00,4,0.9969778071891681
2020-01-22 12:00:00,4,0.9884430699047098
2020-01-22 13:00:00,4,0.08162204886420088
2020-01-22 14:00:00,4,0.9837305247455503
2020-01-22 15:00:00,4,0.9998958751435315
2020-01-22 16:00:00,4,0.9972093180123406
2020-01-22 17:00:00,4,0.9569514129390925
2020-01-22 18:00:00,4,0.9975831808651717
2020-01-23 08:00:00,3,0.9930772784797363
2020-01-23 09:00:00,4,0.9978668635299427
2020-01-23 10:00:00,4,0.9982382408324519
2020-01-23 11:00:00,4,0.997284458568303
2020-01-23 12:00:00,4,0.9944584999258216
2020-01-23 13:00:00,4,0.25882756712205846
2020-01-23 14:00:00,4,0.9324801264902148
2020-01-23 15:00:00,4,0.9997037177682777
2020-01-23 16:00:00,4,0.9991821346566615
2020-01-23 17:00:00,4,0.9992833527322744
2020-01-23 18:00:00,4,0.9990705703826793
2020-01-24 08:00:00,3,0.9863689279219714
2020-01-24 09:00:00,4,0.9973328770359712
2020-01-24 10:00:00,4,0.9997570897109641
2020-01-24 11:00:00,4,0.9957228309544687
2020-01-24 12:00:00,4,0.9151754246315708
2020-01-24 13:00:00,4,0.8932472065476279
2020-01-24 14:00:00,4,0.9976509529293432
2020-01-24 15:00:00,4,0.9964455690417723
2020-01-24 16:00:00,4,0.9982793408306886
2020-01-24 17:00:00,4,0.9984250801236757
2020-01-24 18:00:00,4,0.9905939056036197
2020-01-25 08:00:00,3,0.9944609889445528
2020-01-25 09:00:00,4,0.9663528357903016
2020-01-25 10:00:00,4,0.9821774718133889
2020-01-25 11:00:00,4,0.8661883261407114
2020-01-25 12:00:00,4,0.9991417922727058
2020-01-25 13:00:00,4,0.9321436618981921
2020-01-25 14:00:00,4,0.9943990805990258
2020-01-25 15:00:00,4,0.9721210455691832
2020-01-25 16:00:00,4,0.9961315538346561
2020-01-25 17:00:00,4,0.9995553386959561
2020-01-25 18:00:00,4,0.9989224358666343
2020-01-26 08:00:00,3,0.9193233093549604
2020-01-26 09:00:00,4,0.9997728194343893
2020-01-26 10:00:00,4,0.8765361605747712
2020-01-26 11:00:00,4,0.9521596503338974
2020-01-26 12:00:00,4,0.9961597087932248
2020-01-26 13:00:00,4,0.9426323472070228
2020-01-26 14:00:00,4,0.17237763438141288
2020-01-26 15:00:00,4,0.9890566981685425
2020-01-26 16:00:00,4,0.9988889319308544
2020-01-26 17:00:00,4,0.9987475928801846
2020-01-26 18:00:00,4,0.9991785581213992
2020-01-27 08:00:00,3,0.9840953542922339
2020-01-27 09:00:00,4,0.9983113616327927
2020-01-27 10:00:00,4,0.9984879146931814
2020-01-27 11:00:00,4,0.9952953677229736
2020-01-27 12:00:00,4,0.9975369889160348
2020-01-27 13:00:00,4,0.6253367109415767
2020-01-27 14:00:00,4,0.9696792135025039
2020-01-27 15:00:00,4,0.9979293103069536
2020-01-27 16:00:00,4,0.9977562539305462
2020-01-27 17:00:00,4,0.9919158828467368
2020-01-27 18:00:00,4,0.9946998602344999
2020-01-28 08:00:00,3,0.9906235463997936
2020-01-28 09:00:00,4,0.9984469472664214
2020-01-28 10:00:00,4,0.9977202502007619
2020-01-28 11:00:00,4,0.996969636288668
2020-01-28 12:00:00,4,0.9984190133196792
2020-01-28 13:00:00,4,-0.8468195483570006
2020-01-28 14:00:00,4,0.6490709995778686
2020-01-28 15:00:00,4,0.9067610493833733
2020-01-28 16:00:00,4,0.9997788184222373
2020-01-28 17:00:00,4,0.999936168210161
2020-01-28 18:00:00,4,0.9995894645095249
2020-01-29 08:00:00,3,0.9997048565886197
2020-01-29 09:00:00,4,0.9984465418329904
2020-01-29 10:00:00,4,0.9999487199407523
2020-01-29 11:00:00,4,0.9977932503740876
2020-01-29 12:00:00,4,0.9966092631930872
2020-01-29 13:00:00,4,0.8295365049188891
2020-01-29 14:00:00,4,0.7866350518479207
2020-01-29 15:00:00,4,0.8787166146568948
2020-01-29 16:00:00,4,0.9463417688951752
2020-01-29 17:00:00,4,0.9317780490738932
2020-01-29 18:00:00,4,0.9981328506153654
2020-01-30 08:00:00,3,0.9988125439989459
2020-01-30 09:00:00,4,0.999406618604777
2020-01-30 10:00:00,4,0.9566318108141532
2020-01-30 11:00:00,4,0.9889810899702405
2020-01-30 12:00:00,4,0.9391330120234956
2020-01-30 13:00:00,4,0.9675111183518235
2020-01-30 14:00:00,4,0.8033641552021678
2020-01-30 15:00:00,4,0.9430663889099234
2020-01-30 16:00:00,4,0.8277561451264186
2020-01-30 17:00:00,4,0.9758869637363267
2020-01-30 18:00:00,4,0.9921255662254405
2020-01-31 08:00:00,3,0.9822397419468099
2020-01-31 09:00:00,4,0.9990645298839217
2020-01-31 10:00:00,4,0.9992644131231013
2020-01-31 11:00:00,4,0.996884088947844
2020-01-31 12:00:00,4,0.9984248975333561
2020-01-31 13:00:00,4,-0.8752591093477148
2020-01-31 14:00:00,4,0.9447322336691754
2020-01-31 15:00:00,4,0.9839399161620466
2020-01-31 16:00:00,4,0.9713857020891437
2020-01-31 17:00:00,4,0.9749526062283908
2020-01-31 18:00:00,4,0.9961853850621971
2020-02-01 08:00:00,3,0.9786174468416043
2020-02-01 09:00:00,4,0.998808001021472
2020-02-01 10:00:00,4,0.9865778307716448
2020-02-01 11:00:00,4,0.9994688881161542
2020-02-01 12:00:00,4,0.9820816417719398
2020-02-01 13:00:00,4,0.9133458772642803
2020-02-01 14:00:00,4,0.9641428338737026
2020-02-01 15:00:00,4,0.9758636219380485
2020-02-01 16:00:00,4,0.8041310805009252
2020-02-01 17:00:00,4,0.999975789093815
2020-02-01 18:00:00,4,0.9766703378381998
2020-02-02 08:00:00,3,0.9761806464378072
2020-02-02 09:00:00,4,0.9986838915341247
2020-02-02 10:00:00,4,0.9994050529773092
2020-02-02 11:00:00,4,0.9979899048257908
2020-02-02 12:00:00,4,0.9735989479983224
2020-02-02 13:00:00,4,0.8817308135173448
2020-02-02 14:00:00,4,-0.19892933027386311
2020-02-02 15:00:00,4,0.9931960285070919
2020-02-02 16:00:00,4,0.9975302972896632
2020-02-02 17:00:00,4,0.9983439761915889
2020-02-02 18:00:00,4,0.9985025922747992
2020-02-03 08:00:00,3,0.9998891483271409
2020-02-03 09:00:00,4,0.969139711111817
2020-02-03 10:00:00,4,0.9916616969216545
2020-02-03 11:00:00,4,0.9962310899628702
2020-02-03 12:00:00,4,0.997928830126222
2020-02-03 13:00:00,4,0.5405456515379824
2020-02-03 14:00:00,4,0.9947059730511671
2020-02-03 15:00:00,4,0.9402694697944586
2020-02-03 16:00:00,4,0.9499612402253674
2020-02-03 17:00:00,4,0.8536841178538835
2020-02-03 18:00:00,4,0.9928223085310498
2020-02-04 08:00:00,4,0.9848324811169837
2020-02-04 09:00:00,4,0.9967874912106625
2020-02-04 10:00:00,4,0.9996503252376809
2020-02-04 11:00:00,4,0.9972660509329212
2020-02-04 12:00:00,4,0.9988297970498612
2020-02-04 13:00:00,4,0.7083866537641864
2020-02-04 14:00:00,4,0.973566099739058
2020-02-04 15:00:00,4,0.9960705618141827
2020-02-04 16:00:00,4,0.9991212179772677
2020-02-04 17:00:00,4,0.9979772697155673
2020-02-04 18:00:00,4,0.9993517974542332
2020-02-05 08:00:00,4,0.9954452712924339
2020-02-05 09:00:00,4,0.9897047456373379
2020-02-05 10:00:00,4,0.7640168494837366
2020-02-05 11:00:00,4,0.997081725896932
2020-02-05 12:00:00,4,0.8183897025213677
2020-02-05 13:00:00,4,-0.39948139225716306
2020-02-05 14:00:00,4,0.911699471984839
2020-02-05 15:00:00,4,0.9989422718572945
2020-02-05 16:00:00,4,0.9970026933874692
2020-02-05 17:00:00,4,0.9942785325897289
2020-02-05 18:00:00,4,0.9433904262349716
2020-02-06 08:00:00,4,0.99941013038313
2020-02-06 09:00:00,4,0.991934206295943
2020-02-06 10:00:00,4,0.9991565066233813
2020-02-06 11:00:00,4,0.995720471041855
2020-02-06 12:00:00,4,0.9873134818205576
2020-02-06 13:00:00,4,0.8586674324623265
2020-02-06 14:00:00,4,0.979184839369148
2020-02-06 15:00:00,4,0.9984034047320671
2020-02-06 16:00:00,4,0.9995606341682682
2020-02-06 17:00:00,4,0.9986972488782628
2020-02-06 18:00:00,4,0.9997305263596752
2020-02-07 08:00:00,4,0.9989399290060605
2020-02-07 09:00:00,4,0.9916549503353354
2020-02-07 10:00:00,4,0.9993105181008548
2020-02-07 11:00:00,4,0.9966428841060987
2020-02-07 12:00:00,4,0.9857386355765686
2020-02-07 13:00:00,4,0.7534855257554616
2020-02-07 14:00:00,4,0.8848345181298357
2020-02-07 15:00:00,4,0.9979227426324748
2020-02-07 16:00:00,4,0.999556508783967
2020-02-07 17:00:00,4,0.9988443997419557
2020-02-07 18:00:00,4,0.9996751366841854
2020-02-08 08:00:00,4,0.9987844658361923
2020-02-08 09:00:00,4,0.9990184383361852
2020-02-08 10:00:00,4,0.7342108762613136
2020-02-08 11:00:00,4,0.9999378108433562
2020-02-08 12:00:00,4,0.9907756055501442
2020-02-08 13:00:00,4,0.9987639286854626
2020-02-08 14:00:00,4,0.9994525209240339
2020-02-08 15:00:00,4,0.9765336870193105
2020-02-08 16:00:00,4,0.8036445076600784
2020-02-08 17:00:00,4,0.9984705655645533
2020-02-08 18:00:00,4,0.9993219807429643
2020-02-09 08:00:00,3,0.8797560689142642
2020-02-09 09:00:00,4,0.996701360363809
2020-02-09 10:00:00,4,0.9992612585884444
2020-02-09 11:00:00,4,0.9996716266532983
2020-02-09 12:00:00,4,0.9546235736877923
2020-02-09 13:00:00,4,0.9984299275415456
2020-02-09 14:00:00,4,0.9984397852209341
2020-02-09 15:00:00,4,0.9975318044749579
2020-02-09 16:00:00,4,0.9984145184566778
2020-02-09 17:00:00,4,0.9968939535781339
2020-02-09 18:00:00,4,0.8531911030681043
2020-02-10 08:00:00,3,0.997277418244166
2020-02-10 09:00:00,4,0.9903884561381678
2020-02-10 10:00:00,4,0.9391072649948984
2020-02-10 11:00:00,4,0.9955088854564056
2020-02-10 12:00:00,4,0.9886572086245126
2020-02-10 13:00:00,4,0.9882141959024263
2020-02-10 14:00:00,4,0.9984361726427261
2020-02-10 15:00:00,4,0.9857551731279695
2020-02-10 16:00:00,4,0.9875806041985989
2020-02-10 17:00:00,4,-0.19857869939818207
2020-02-10 18:00:00,4,0.999928296975973
2020-02-11 08:00:00,4,0.9726821801303286
2020-02-11 09:00:00,4,0.9977871393162264
2020-02-11 10:00:00,4,0.9982697004844511
2020-02-11 11:00:00,4,0.9957589290878543
2020-02-11 12:00:00,4,0.9979754142445306
2020-02-11 13:00:00,4,0.92468074727157
2020-02-11 14:00:00,4,0.9814625381473439
2020-02-11 15:00:00,4,0.9977761718251483
2020-02-11 16:00:00,4,0.9991789355740115
2020-02-11 17:00:00,4,0.9982078226579917
2020-02-11 18:00:00,4,0.9998814434443584
2020-02-12 08:00:00,4,0.9865657302566492
2020-02-12 09:00:00,4,0.9975416542096046
2020-02-12 10:00:00,4,0.9318224674912372
2020-02-12 11:00:00,4,0.97246404738059
2020-02-12 12:00:00,4,0.9749069312194039
2020-02-12 13:00:00,4,0.9990540886593268
2020-02-12 14:00:00,4,0.9948479702472178
2020-02-12 15:00:00,4,0.9997687309187538
2020-02-12 16:00:00,4,0.9998411480670544
2020-02-12 17:00:00,4,0.9986268738994327
2020-02-12 18:00:00,4,0.9992777641185845
2020-02-13 08:00:00,4,0.9670431711130251
2020-02-13 09:00:00,4,0.9913334217146534
2020-02-13 10:00:00,4,0.9976439452452208
2020-02-13 11:00:00,4,0.9954247965334038
2020-02-13 12:00:00,4,0.9938678797885102
2020-02-13 13:00:00,4,0.7898907275837865
2020-02-13 14:00:00,4,0.9783494585223402
2020-02-13 15:00:00,4,0.9976936401733797
2020-02-13 16:00:00,4,0.9987231054749522
2020-02-13 17:00:00,4,0.9977716147202138
2020-02-13 18:00:00,4,0.9999919687293745
2020-02-14 08:00:00,4,0.9996354855814811
2020-02-14 09:00:00,4,0.9975650668847127
2020-02-14 10:00:00,4,0.9712616503733547
2020-02-14 11:00:00,4,0.9993253985101653
2020-02-14 12:00:00,4,0.9989447372048814
2020-02-14 13:00:00,4,0.4923271552486755
2020-02-14 14:00:00,4,0.9583172999544836
2020-02-14 15:00:00,4,0.9979225103971159
2020-02-14 16:00:00,4,0.9994899623033838
2020-02-14 17:00:00,4,0.997847948903704
2020-02-14 18:00:00,4,0.9927363031043488
2020-02-15 08:00:00,4,0.9991906731118552
2020-02-15 09:00:00,4,0.9967667572061972
2020-02-15 10:00:00,4,0.9899769337457714
2020-02-15 11:00:00,4,0.992235138012162
2020-02-15 12:00:00,4,0.999269550678314
2020-02-15 13:00:00,4,0.9999054477593261
2020-02-15 14:00:00,4,0.9988570616286332
2020-02-15 15:00:00,4,0.9998281135948398
2020-02-15 16:00:00,4,0.9939091635730151
2020-02-15 17:00:00,4,0.9997480471223104
2020-02-15 18:00:00,4,0.9986964556682257
2020-02-16 08:00:00,3,0.9997972347402241
2020-02-16 09:00:00,4,0.9974874600823843
2020-02-16 10:00:00,4,0.9999292507278357
2020-02-16 11:00:00,4,0.9933714083141801
2020-02-16 12:00:00,4,0.9963394586194562
2020-02-16 13:00:00,4,0.9994471768288674
2020-02-16 14:00:00,4,0.9878012473174175
2020-02-16 15:00:00,4,0.9997264620967853
2020-02-16 16:00:00,4,0.9937542069491306
2020-02-16 17:00:00,4,0.8174770887066354
2020-02-16 18:00:00,4,0.9997522793018991
2020-02-17 08:00:00,3,0.9998384615725625
2020-02-17 09:00:00,4,0.9970281005262196
2020-02-17 10:00:00,4,0.9996272889427639
2020-02-17 11:00:00,4,0.9945217539169927
2020-02-17 12:00:00,4,0.9999244943527509
2020-02-17 13:00:00,4,0.9999795042992304
2020-02-17 14:00:00,4,0.9960990308297049
2020-02-17 15:00:00,4,0.9995816613106655
2020-02-17 16:00:00,4,0.7678807681685259
2020-02-17 17:00:00,4,0.9990344604753953
2020-02-17 18:00:00,4,0.9959420445628453
2020-02-18 08:00:00,3,0.9877579176310424
2020-02-18 09:00:00,4,0.9981630907938303
2020-02-18 10:00:00,4,0.998469691816443
2020-02-18 11:00:00,4,0.9904367874544046
2020-02-18 12:00:00,4,0.9926412395003804
2020-02-18 13:00:00,4,0.9030242204135882
2020-02-18 14:00:00,4,0.9693961117577818
2020-02-18 15:00:00,4,0.9927594654710029
2020-02-18 16:00:00,4,0.999682897964726
2020-02-18 17:00:00,4,0.9965225641361937
2020-02-18 18:00:00,4,0.9998155523826895
2020-02-19 08:00:00,4,0.9992045230644
2020-02-19 09:00:00,4,0.9990934095756044
2020-02-19 10:00:00,4,0.9993537460378973
2020-02-19 11:00:00,4,0.9991355992707941
2020-02-19 12:00:00,4,0.9917059481730093
2020-02-19 13:00:00,4,0.7678395471526831
2020-02-19 14:00:00,4,0.994821028839872
2020-02-19 15:00:00,4,0.9672687473864963
2020-02-19 16:00:00,4,0.9971680902134901
2020-02-19 17:00:00,4,0.9985771905521201
2020-02-19 18:00:00,4,0.9997906723381855
2020-02-20 08:00:00,4,
2020-02-20 09:00:00,4,
2020-02-20 10:00:00,4,0.9181486900133514
2020-02-20 11:00:00,4,0.9963540172900626
2020-02-20 12:00:00,4,0.978279203387062
2020-02-20 13:00:00,4,0.85857883508548
2020-02-20 14:00:00,4,0.9510023921005846
2020-02-20 15:00:00,4,0.9917435362089434
2020-02-20 16:00:00,4,0.9996049351506715
2020-02-20 17:00:00,4,0.9984968257387263
2020-02-20 18:00:00,4,0.9998062305956968
2020-02-21 08:00:00,4,0.9983106763467551
2020-02-21 09:00:00,4,0.9985996392520199
2020-02-21 10:00:00,4,0.9992272548069894
2020-02-21 11:00:00,4,0.9938957972081003
2020-02-21 12:00:00,4,0.9890879080939622
2020-02-21 13:00:00,4,0.9807421212334715
2020-02-21 14:00:00,4,0.9852622818953034
2020-02-21 15:00:00,4,0.9959647237449357
2020-02-21 16:00:00,4,0.9998752630326923
2020-02-21 17:00:00,4,0.9990963023122427
2020-02-21 18:00:00,4,0.9997650239533228
2020-02-22 08:00:00,4,0.9992913014927336
2020-02-22 09:00:00,4,0.9987240947597424
2020-02-22 10:00:00,4,0.9995414318078316
2020-02-22 11:00:00,4,0.9977666493463659
2020-02-22 12:00:00,4,0.9751923847442646
2020-02-22 13:00:00,4,0.9930279225814904
2020-02-22 14:00:00,4,0.9827852193361735
2020-02-22 15:00:00,4,0.9546377702339081
2020-02-22 16:00:00,4,0.9997714326845717
2020-02-22 17:00:00,4,0.9969206164969451
2020-02-22 18:00:00,4,0.9994888590519765
2020-02-23 08:00:00,4,0.999572640097329
2020-02-23 09:00:00,4,0.9998966495875168
2020-02-23 10:00:00,4,0.9576869387198164
2020-02-23 11:00:00,4,0.9995060123912954
2020-02-23 12:00:00,4,0.9962290968445233
2020-02-23 13:00:00,4,0.9372283278515569
2020-02-23 14:00:00,4,0.9934899773939924
2020-02-23 15:00:00,4,0.960744947342903
2020-02-23 16:00:00,4,0.9933348295856788
2020-02-23 17:00:00,4,0.999294053606111
2020-02-23 18:00:00,4,0.9988044911132068
2020-02-24 08:00:00,4,0.9992235545095433
2020-02-24 09:00:00,4,0.9940124761343215
2020-02-24 10:00:00,4,0.9928573811704066
2020-02-24 11:00:00,4,0.9977975390632777
2020-02-24 12:00:00,4,0.6115357101188369
2020-02-24 13:00:00,4,0.955888196100491
2020-02-24 14:00:00,4,0.9813778364178529
2020-02-24 15:00:00,4,0.9708281913546287
2020-02-24 16:00:00,4,0.999628695691262
2020-02-24 17:00:00,4,0.92855647845396
2020-02-24 18:00:00,4,0.9358044224919129
2020-02-25 08:00:00,4,0.9996162479150684
2020-02-25 09:00:00,4,0.9984274417815527
2020-02-25 10:00:00,4,0.9993104194386144
2020-02-25 11:00:00,4,0.9988583464292218
2020-02-25 12:00:00,4,0.9966134395630766
2020-02-25 13:00:00,4,-0.5432996843512193
2020-02-25 14:00:00,4,0.9481076555119315
2020-02-25 15:00:00,4,0.9927699124093102
2020-02-25 16:00:00,4,0.9998630233472446
2020-02-25 17:00:00,4,0.9988611520163498
2020-02-25 18:00:00,4,0.9995854553605212
2020-02-26 08:00:00,4,0.9972756015121688
2020-02-26 09:00:00,4,0.9975529091268188
2020-02-26 10:00:00,4,0.9987815337502897
2020-02-26 11:00:00,4,0.9965674534248731
2020-02-26 12:00:00,4,0.9920380262408757
2020-02-26 13:00:00,4,0.6767164206558273
2020-02-26 14:00:00,4,0.9985956156614917
2020-02-26 15:00:00,4,0.9340999692211605
2020-02-26 16:00:00,4,0.9844431501980464
2020-02-26 17:00:00,4,0.7485592044960845
2020-02-26 18:00:00,4,0.9987761802435905
2020-02-27 09:00:00,4,0.9987669432221364
2020-02-27 10:00:00,4,0.9996096033666395
2020-02-27 11:00:00,4,0.9810205272970767
2020-02-27 12:00:00,4,0.9952089892772679
2020-02-27 13:00:00,4,0.5667119805813963
2020-02-27 14:00:00,4,0.673991034791457
2020-02-27 15:00:00,4,
2020-02-27 16:00:00,4,0.7745966692414836
2020-02-27 17:00:00,4,0.952276895997879
2020-02-27 18:00:00,4,0.9955047850002068
2020-02-28 08:00:00,4,0.9995732225671148
2020-02-28 09:00:00,4,0.9999219293364969
2020-02-28 10:00:00,4,0.999844163028049
2020-02-28 11:00:00,4,0.9992052548223822
2020-02-28 12:00:00,4,0.9877561534302822
2020-02-28 13:00:00,4,0.9864536829963865
2020-02-28 14:00:00,4,0.964487155292377
2020-02-28 15:00:00,4,0.9970604195713438
2020-02-28 16:00:00,4,0.5973314684202774
2020-02-28 17:00:00,4,0.7187981114310169
2020-02-28 18:00:00,4,0.9958997022267876
2020-02-29 08:00:00,4,0.9875226506722189
2020-02-29 09:00:00,4,0.997894198955095
2020-02-29 10:00:00,4,0.9996916151807352
2020-02-29 11:00:00,4,0.9977197442528062
2020-02-29 12:00:00,4,0.9766464859065624
2020-02-29 13:00:00,4,0.9807476665955918
2020-02-29 14:00:00,4,0.9810108051198269
2020-02-29 15:00:00,4,0.9874088762534907
2020-02-29 16:00:00,4,0.9951757807580902
2020-02-29 17:00:00,4,0.9966786734646801
2020-02-29 18:00:00,4,0.9999738234720975
2020-03-01 08:00:00,4,0.998722595808653
2020-03-01 09:00:00,4,0.9973363608451471
2020-03-01 10:00:00,4,0.9996581290128365
2020-03-01 11:00:00,4,0.9968769452794123
2020-03-01 12:00:00,4,0.9859509356611773
2020-03-01 13:00:00,4,-0.307565861183583
2020-03-01 14:00:00,4,0.8955146363852252
2020-03-01 15:00:00,4,0.9927414422715795
2020-03-01 16:00:00,4,0.9989839955550531
2020-03-01 17:00:00,4,0.9984069498437922
2020-03-01 18:00:00,4,0.9998988407486863
2020-03-02 08:00:00,4,0.9960581826123427
2020-03-02 09:00:00,4,0.996911555293576
2020-03-02 10:00:00,4,0.9989677917833544
2020-03-02 11:00:00,4,0.9976875548064231
2020-03-02 12:00:00,4,0.997283243667898
2020-03-02 13:00:00,4,0.8366239150442764
2020-03-02 14:00:00,4,0.9660651761823292
2020-03-02 15:00:00,4,0.9548829880389005
2020-03-02 16:00:00,4,0.9818998519897112
2020-03-02 17:00:00,4,0.9633986449884696
2020-03-02 18:00:00,4,0.863494854575952
2020-03-03 08:00:00,4,0.9992739613713829
2020-03-03 09:00:00,4,0.8933002703667215
2020-03-03 10:00:00,4,0.9974366520014663
2020-03-03 11:00:00,4,0.9999334838365724
2020-03-03 12:00:00,4,0.9477781020614782
2020-03-03 13:00:00,4,0.9946061302111073
2020-03-03 14:00:00,4,0.9968099558867936
2020-03-03 15:00:00,4,0.9972276187030561
2020-03-03 16:00:00,4,0.9755965910521801
2020-03-03 17:00:00,4,0.9936314655673403
2020-03-03 18:00:00,4,0.9826944577773863
2020-03-04 08:00:00,4,0.999670290333147
2020-03-04 09:00:00,4,0.9995314496514663
2020-03-04 10:00:00,4,0.9986091546327596
2020-03-04 11:00:00,4,0.9889239037852641
2020-03-04 12:00:00,4,0.9986349859642886
2020-03-04 13:00:00,4,0.9997166680294434
2020-03-04 14:00:00,4,0.9965428933705588
2020-03-04 15:00:00,4,0.9998714485214176
2020-03-04 16:00:00,4,0.9024835061574521
2020-03-04 17:00:00,4,0.9996813942319488
2020-03-04 18:00:00,4,0.9805908519379155
2020-03-05 07:00:00,4,
2020-03-05 08:00:00,4,0.7745966692414834
2020-03-05 09:00:00,4,0.9975186648375465
2020-03-05 10:00:00,4,0.9995869575668082
2020-03-05 11:00:00,4,0.9983383868346324
2020-03-05 12:00:00,4,0.9734248652029991
2020-03-05 13:00:00,4,0.05806256035858289
2020-03-05 14:00:00,4,0.9992847061437503
2020-03-05 15:00:00,4,0.6670074464876846
2020-03-05 16:00:00,4,0.9999980637566798
2020-03-05 17:00:00,4,0.9974952498162488
2020-03-05 18:00:00,4,0.9998532966621723
2020-03-06 08:00:00,4,0.9973598285270141
2020-03-06 09:00:00,4,0.9983067846079104
2020-03-06 10:00:00,4,0.9818356773036384
2020-03-06 11:00:00,4,0.9909997954120294
2020-03-06 12:00:00,4,0.9824520029448702
2020-03-06 13:00:00,4,0.25188169583165354
2020-03-06 14:00:00,4,0.9914810621019252
2020-03-06 15:00:00,4,0.9808054929700903
2020-03-06 16:00:00,4,0.993145983815253
2020-03-06 17:00:00,4,0.9690639958612955
2020-03-06 18:00:00,4,0.999913544515141
2020-03-07 08:00:00,4,0.9985279524704895
2020-03-07 09:00:00,4,0.997495033414424
2020-03-07 10:00:00,4,0.999311520161539
2020-03-07 11:00:00,4,0.9978697900637156
2020-03-07 12:00:00,4,0.9805691967501287
2020-03-07 13:00:00,4,0.9899586927223014
2020-03-07 14:00:00,4,0.9989310204354804
2020-03-07 15:00:00,4,0.5970828369624338
2020-03-07 16:00:00,4,0.99636474129151
2020-03-07 17:00:00,4,0.9983814333638134
2020-03-07 18:00:00,4,0.9997134132963408
2020-03-08 08:00:00,4,0.9974062630146807
2020-03-08 09:00:00,4,0.9972042790145884
2020-03-08 10:00:00,4,0.999666073772937
2020-03-08 11:00:00,4,0.9452017795123477
2020-03-08 12:00:00,4,0.9866850194242175
2020-03-08 13:00:00,4,0.9990160729626615
2020-03-08 14:00:00,4,0.8835031685958186
2020-03-08 15:00:00,4,0.8421947859617491
2020-03-08 16:00:00,4,0.9917357783646187
2020-03-08 17:00:00,4,0.9472083016727438
2020-03-08 18:00:00,4,0.999937389674505
2020-03-09 08:00:00,4,0.9839342273300301
2020-03-09 09:00:00,4,0.9965634988193015
2020-03-09 10:00:00,4,0.9991986783167026
2020-03-09 11:00:00,4,0.9991177412821856
2020-03-09 12:00:00,4,0.9838470175012536
2020-03-09 13:00:00,4,0.9007996427791767
2020-03-09 14:00:00,4,0.9877421448817996
2020-03-09 15:00:00,4,0.9694332349790487
2020-03-09 16:00:00,4,0.9939894964774354
2020-03-09 17:00:00,4,0.8427519425932976
2020-03-09 18:00:00,4,0.9980291327038865
2020-03-10 08:00:00,4,0.9975980023386326
2020-03-10 09:00:00,4,0.9906688387192475
2020-03-10 10:00:00,4,0.9894238918586218
2020-03-10 11:00:00,4,0.9943029315061471
2020-03-10 12:00:00,4,-0.4045723454908482
2020-03-10 13:00:00,4,0.9847484917491482
2020-03-10 14:00:00,4,0.9757403522646233
2020-03-10 15:00:00,4,0.9931674782406903
2020-03-10 16:00:00,4,0.9834579810188395
2020-03-10 17:00:00,4,-0.30983691820708337
2020-03-10 18:00:00,4,
2020-03-11 08:00:00,4,0.9921601064636651
2020-03-11 09:00:00,4,0.9984339651488595
2020-03-11 10:00:00,4,0.9986159286374408
2020-03-11 11:00:00,4,0.9981388107695089
2020-03-11 12:00:00,4,0.99581171630936
2020-03-11 13:00:00,4,-0.7475629194112995
2020-03-11 14:00:00,4,-0.26271119422448436
2020-03-11 15:00:00,4,0.992880354635784
2020-03-11 16:00:00,4,0.9995618829787707
2020-03-11 17:00:00,4,0.9883615215148672
2020-03-11 18:00:00,4,0.9999726700743032
2020-03-12 08:00:00,4,0.9957914993769487
2020-03-12 09:00:00,4,0.9977206886266816
2020-03-12 10:00:00,4,0.9999961379813705
2020-03-12 11:00:00,4,0.9986704755768411
2020-03-12 12:00:00,4,0.9995347824577874
2020-03-12 13:00:00,4,0.5840136696550072
2020-03-12 14:00:00,4,0.972803819955212
2020-03-12 15:00:00,4,0.9920709792291806
2020-03-12 16:00:00,4,0.9987529368097746
2020-03-12 17:00:00,4,0.9982334342636949
2020-03-12 18:00:00,4,0.9999194908777356
2020-03-13 08:00:00,4,0.9832423378637546
2020-03-13 09:00:00,4,0.9969907049199758
2020-03-13 10:00:00,4,0.9995875904545287
2020-03-13 11:00:00,4,0.9996086074965485
2020-03-13 12:00:00,4,0.9954390163558658
2020-03-13 13:00:00,4,-0.11852172153430326
2020-03-13 14:00:00,4,0.9976632814223562
2020-03-13 15:00:00,4,0.9962342249761331
2020-03-13 16:00:00,4,0.9992529247269788
2020-03-13 17:00:00,4,0.9989131335009616
2020-03-13 18:00:00,4,0.9998638343181661
2020-03-14 08:00:00,4,0.9809091891168845
2020-03-14 09:00:00,4,0.9943235559487609
2020-03-14 10:00:00,4,0.9988630782741894
2020-03-14 11:00:00,4,0.9989359224318756
2020-03-14 12:00:00,4,0.9978792797931823
2020-03-14 13:00:00,4,-0.4819292347117082
2020-03-14 14:00:00,4,0.9913497387614577
2020-03-14 15:00:00,4,0.9930962257621915
2020-03-14 16:00:00,4,0.9993104243087376
2020-03-14 17:00:00,4,0.9985843492313697
2020-03-14 18:00:00,4,0.9999343311924843
2020-03-15 08:00:00,4,0.9884987190854425
2020-03-15 09:00:00,4,0.9915029244909719
2020-03-15 10:00:00,4,0.9982237143289342
2020-03-15 11:00:00,4,0.9998185246149739
2020-03-15 12:00:00,4,0.998468499574246
2020-03-15 13:00:00,4,0.5352477102289007
2020-03-15 14:00:00,4,0.8696849763827315
2020-03-15 15:00:00,4,0.9995552597471175
2020-03-15 16:00:00,4,0.9770710322016497
2020-03-15 17:00:00,4,0.9716144620126328
2020-03-15 18:00:00,4,0.9943011746116466
2020-03-16 08:00:00,4,0.9918838201650088
2020-03-16 09:00:00,4,0.9871700181127284
2020-03-16 10:00:00,4,0.9990461943821943
2020-03-16 11:00:00,4,0.9962649225553368
2020-03-16 12:00:00,4,0.9964471177906695
2020-03-16 13:00:00,4,0.9999522854298896
2020-03-16 14:00:00,4,0.9999762703789834
2020-03-16 15:00:00,4,0.9950717146397097
2020-03-16 16:00:00,4,0.9946209197302079
2020-03-16 17:00:00,4,0.9981375263894273
2020-03-16 18:00:00,4,0.9992776429440838
2020-03-17 08:00:00,4,0.9989791052696173
2020-03-17 09:00:00,4,0.9999683890822855
2020-03-17 10:00:00,4,0.9348605324215213
2020-03-17 11:00:00,4,
2020-03-17 12:00:00,4,0.8443203623862084
2020-03-17 13:00:00,4,0.6444151878146274
2020-03-17 14:00:00,4,0.9944204842814622
2020-03-17 15:00:00,4,0.9306487926527135
2020-03-17 16:00:00,4,0.9935232827580027
2020-03-17 17:00:00,4,0.9939366380197683
2020-03-17 18:00:00,4,0.9539572852057115
2020-03-17 19:00:00,3,0.9995315609612686
2020-03-18 08:00:00,4,0.977306539942755
2020-03-18 09:00:00,4,0.9951521990119543
2020-03-18 10:00:00,4,0.9991174050434259
2020-03-18 11:00:00,4,0.9996205606644493
2020-03-18 12:00:00,4,0.9992594628013859
2020-03-18 13:00:00,4,-0.4699999759188664
2020-03-18 14:00:00,4,0.7624781688871963
2020-03-18 15:00:00,4,0.667467961528987
2020-03-18 16:00:00,4,0.9984506329173471
2020-03-18 17:00:00,4,0.999274744838973
2020-03-18 18:00:00,4,0.9984912264807914
2020-03-19 08:00:00,4,0.9992054494248154
2020-03-19 09:00:00,4,0.9871552488588222
2020-03-19 10:00:00,4,0.9921748775392623
2020-03-19 11:00:00,4,0.8431394432133971
2020-03-19 12:00:00,4,0.5073290511466316
2020-03-19 13:00:00,4,0.9975536448124779
2020-03-19 14:00:00,4,0.9437448295326989
2020-03-19 15:00:00,4,0.9456303020452561
2020-03-19 16:00:00,4,0.999991309396028
2020-03-19 17:00:00,4,0.9993382718302751
2020-03-19 18:00:00,4,0.9997785889440424
2020-03-20 08:00:00,4,0.9645009792591395
2020-03-20 09:00:00,4,0.9958324971318147
2020-03-20 10:00:00,4,0.9995838555120271
2020-03-20 11:00:00,4,0.9986793077707804
2020-03-20 12:00:00,4,0.9884023173162194
2020-03-20 13:00:00,4,-0.9440599290469912
2020-03-20 14:00:00,4,0.9926909970588798
2020-03-20 15:00:00,4,0.9984815597114924
2020-03-20 16:00:00,4,0.9944546755969531
2020-03-20 17:00:00,4,0.9994916532118805
2020-03-20 18:00:00,4,0.9987299938459232
2020-03-21 08:00:00,4,0.9400400616991628
2020-03-21 09:00:00,4,0.9966001507753439
2020-03-21 10:00:00,4,0.9941579464697059
2020-03-21 11:00:00,4,0.9985663390370857
2020-03-21 12:00:00,4,0.9978747059293274
2020-03-21 13:00:00,4,0.7830081275430012
2020-03-21 14:00:00,4,0.9872478643797078
2020-03-21 15:00:00,4,0.9990377107330951
2020-03-21 16:00:00,4,0.9995718079525141
2020-03-21 17:00:00,4,0.998459252362014
2020-03-21 18:00:00,4,0.9999839012885869
2020-03-21 19:00:00,3,0.9997967713272373
2020-03-22 08:00:00,4,0.983988684792395
2020-03-22 09:00:00,4,0.9941092217819535
2020-03-22 10:00:00,4,0.9999229362272442
2020-03-22 11:00:00,4,0.999774578050025
2020-03-22 12:00:00,4,0.990669702637638
2020-03-22 13:00:00,4,-0.08741347447953668
2020-03-22 14:00:00,4,0.9802945964112847
2020-03-22 15:00:00,4,0.9996366719779209
2020-03-22 16:00:00,4,0.9982947134718921
2020-03-22 17:00:00,4,0.9482638278299267
2020-03-22 18:00:00,4,0.9968416910824467
2020-03-22 19:00:00,3,0.999759184884911
2020-03-23 08:00:00,4,0.9972524250307906
2020-03-23 09:00:00,4,0.983188280755991
2020-03-23 10:00:00,4,0.9998644667151478
2020-03-23 11:00:00,4,0.9997755638551133
2020-03-23 12:00:00,4,0.9651505909492452
2020-03-23 13:00:00,4,0.9998146637609295
2020-03-23 14:00:00,4,0.9921176699693061
2020-03-23 15:00:00,4,0.9992870220315596
2020-03-23 16:00:00,4,0.9955422150776279
2020-03-23 17:00:00,4,0.9984279948529631
2020-03-23 18:00:00,4,0.999829795124876
2020-03-24 08:00:00,4,0.9894401559054035
2020-03-24 09:00:00,4,0.9936405012286187
2020-03-24 10:00:00,4,0.9993404512371795
2020-03-24 11:00:00,4,0.9997772805397065
2020-03-24 12:00:00,4,0.9938378344134465
2020-03-24 13:00:00,4,0.9217001722173318
2020-03-24 14:00:00,4,0.5633905145334857
2020-03-24 15:00:00,4,0.993792638479535
2020-03-24 16:00:00,4,0.9929363246941899
2020-03-24 17:00:00,4,0.9960652747690492
2020-03-24 18:00:00,4,0.9990907966910982
2020-03-24 19:00:00,3,0.9999291590306035
2020-03-25 08:00:00,4,0.9636516756495696
2020-03-25 09:00:00,4,0.9895656052212932
2020-03-25 10:00:00,4,0.9999713714512499
2020-03-25 11:00:00,4,0.9993264541964876
2020-03-25 12:00:00,4,0.9996403877684001
2020-03-25 13:00:00,4,0.7279415502001222
2020-03-25 14:00:00,4,0.8139227055533652
2020-03-25 15:00:00,4,0.9489515440915605
2020-03-25 16:00:00,4,0.9995188915089065
2020-03-25 17:00:00,4,0.9985517417508393
2020-03-25 18:00:00,4,0.9994669905150694
2020-03-25 19:00:00,3,0.9974895277485671
2020-03-26 08:00:00,4,0.923571614227005
2020-03-26 09:00:00,4,0.9877201083826461
2020-03-26 10:00:00,4,0.9996313078280903
2020-03-26 11:00:00,4,0.9997111674890744
2020-03-26 12:00:00,4,0.9951741122838468
2020-03-26 13:00:00,4,0.19607880309950543
2020-03-26 14:00:00,4,0.9656083907982321
2020-03-26 15:00:00,4,0.9972673857899412
2020-03-26 16:00:00,4,0.9993704046452673
2020-03-26 17:00:00,4,0.9977667240041805
2020-03-26 18:00:00,4,0.9811562594456753
2020-03-26 19:00:00,3,0.9966906334026027
2020-03-27 07:00:00,3,0.9999994343714834
2020-03-27 08:00:00,4,0.8811067261498337
2020-03-27 09:00:00,4,0.9892936950818366
2020-03-27 10:00:00,4,0.9997682287015909
2020-03-27 11:00:00,4,0.9980165902270097
2020-03-27 12:00:00,4,0.9797634756489231
2020-03-27 13:00:00,4,0.9594335437853947
2020-03-27 14:00:00,4,0.9808753074217705
2020-03-27 15:00:00,4,0.9984795068461314
2020-03-27 16:00:00,4,0.9993849814048154
2020-03-27 17:00:00,4,0.9988758120507992
2020-03-27 18:00:00,4,0.9953546856017953
2020-03-27 19:00:00,3,0.9991512008222253
2020-03-28 08:00:00,4,0.9668522676700998
2020-03-28 09:00:00,4,0.9129298111960006
2020-03-28 10:00:00,4,0.9888411736296336
2020-03-28 11:00:00,4,0.929823624542243
2020-03-28 12:00:00,4,0.8018326754327941
2020-03-28 13:00:00,4,0.9133153237313973
2020-03-28 14:00:00,4,0.9954178827578808
2020-03-28 15:00:00,4,0.8868212177820727
2020-03-28 16:00:00,4,0.9849727296001912
2020-03-28 17:00:00,4,0.9927192492034255
2020-03-28 18:00:00,4,0.815926101350707
2020-03-28 19:00:00,3,0.9995688463900426
2020-03-29 08:00:00,4,0.9873722333598687
2020-03-29 09:00:00,4,0.9937948572754118
2020-03-29 10:00:00,4,0.9999909831462209
2020-03-29 11:00:00,4,0.999299573406202
2020-03-29 12:00:00,4,0.9992567983570048
2020-03-29 13:00:00,4,0.9949560900724091
2020-03-29 14:00:00,4,0.9569358380713827
2020-03-29 15:00:00,4,0.9972707801903838
2020-03-29 16:00:00,4,0.9996030986237132
2020-03-29 17:00:00,4,0.9987023382775972
2020-03-29 18:00:00,4,0.9998869024103271
2020-03-29 19:00:00,3,0.997149669671978
2020-03-30 07:00:00,3,0.9999970248686875
2020-03-30 08:00:00,4,0.9212709700500494
2020-03-30 09:00:00,4,0.9815615469256395
2020-03-30 10:00:00,4,0.9992937051418614
2020-03-30 11:00:00,4,0.9991951198341953
2020-03-30 12:00:00,4,0.9800125788121917
2020-03-30 13:00:00,4,0.879640439868929
2020-03-30 14:00:00,4,0.9794982456196846
2020-03-30 15:00:00,4,0.9933426777607626
2020-03-30 16:00:00,4,0.9994432652687384
2020-03-30 17:00:00,4,0.9993105819134578
2020-03-30 18:00:00,4,0.9999999450215256
2020-03-30 19:00:00,3,0.9983665093378503
2020-03-31 07:00:00,3,0.9998432033310019
2020-03-31 08:00:00,4,0.9617146156392798
2020-03-31 09:00:00,4,0.9844642501291488
2020-03-31 10:00:00,4,0.999907915176025
2020-03-31 11:00:00,4,0.99934827207447
2020-03-31 12:00:00,4,0.9994828408659793
2020-03-31 13:00:00,4,0.8886880278737826
2020-03-31 14:00:00,4,0.9816483903027962
2020-03-31 15:00:00,4,0.9957899105143396
2020-03-31 16:00:00,4,0.9999980084393523
2020-03-31 17:00:00,4,0.9997169678980173
2020-03-31 18:00:00,4,0.9999782131217103
2020-03-31 19:00:00,3,0.9986872118330884
2020-04-01 08:00:00,4,0.9910020624881961
2020-04-01 09:00:00,4,0.9930526011995634
2020-04-01 10:00:00,4,0.9929455361907321
2020-04-01 11:00:00,4,0.9989079543002353
2020-04-01 12:00:00,4,0.9998775253190298
2020-04-01 13:00:00,4,0.06299026637773501
2020-04-01 14:00:00,4,0.6012296925231929
2020-04-01 15:00:00,4,0.9999668456301986
2020-04-01 16:00:00,4,0.9995696516014513
2020-04-01 17:00:00,4,0.99881927443563
2020-04-01 18:00:00,4,0.9992925560379745
2020-04-01 19:00:00,3,0.9975966614106165
2020-04-02 07:00:00,3,0.9988833257325872
2020-04-02 08:00:00,4,0.9985942321785023
2020-04-02 09:00:00,4,0.9973791319664485
2020-04-02 10:00:00,4,0.9950192248329424
2020-04-02 11:00:00,4,0.9989095831560428
2020-04-02 12:00:00,4,0.9937859963567651
2020-04-02 13:00:00,4,0.9539701696212163
2020-04-02 14:00:00,4,0.9693128255715995
2020-04-02 15:00:00,4,0.9673718223280827
2020-04-02 16:00:00,4,0.9985445543906245
2020-04-02 17:00:00,4,0.999263662960083
2020-04-02 18:00:00,4,0.9620100129173089
2020-04-03 07:00:00,3,0.9995908520096771
2020-04-03 08:00:00,4,0.9995051597682537
2020-04-03 09:00:00,4,0.9988186829862805
2020-04-03 10:00:00,4,0.9986634036259843
2020-04-03 11:00:00,4,0.9985064587546093
2020-04-03 12:00:00,4,0.9979075269943348
2020-04-03 13:00:00,4,0.9553239809463112
2020-04-03 14:00:00,4,0.9859528880747511
2020-04-03 15:00:00,4,0.9928863654199529
2020-04-03 16:00:00,4,0.997462585334709
2020-04-03 17:00:00,4,0.9987462059716997
2020-04-03 18:00:00,4,0.9980846083249862
2020-04-03 19:00:00,3,0.9997476365240688
2020-04-04 07:00:00,3,0.9997617067299013
2020-04-04 08:00:00,4,0.99858329068069
2020-04-04 09:00:00,4,0.9992878321645335
2020-04-04 10:00:00,4,0.9978670831105441
2020-04-04 11:00:00,4,0.9991753117726684
2020-04-04 12:00:00,4,0.9984477209250376
2020-04-04 13:00:00,4,0.9982625480422674
2020-04-04 14:00:00,4,0.9954037705493809
2020-04-04 15:00:00,4,0.990046631104924
2020-04-04 16:00:00,4,0.9365879760896686
2020-04-04 17:00:00,4,0.9999742784528103
2020-04-04 18:00:00,4,0.9925674611337614
2020-04-04 19:00:00,3,0.99945527413025
2020-04-05 07:00:00,3,0.9993330482634982
2020-04-05 08:00:00,4,0.9997920386114708
2020-04-05 09:00:00,4,0.9986244945716028
2020-04-05 10:00:00,4,0.9997731693276126
2020-04-05 11:00:00,4,0.9989015497180923
2020-04-05 12:00:00,4,0.9968626620365458
2020-04-05 13:00:00,4,0.881244191481586
2020-04-05 14:00:00,4,0.9979344397972949
2020-04-05 15:00:00,4,0.9996451849594905
2020-04-05 16:00:00,4,0.9953013801282838
2020-04-05 17:00:00,4,0.9960910018491177
2020-04-05 18:00:00,4,0.9901519037777915
2020-04-05 19:00:00,3,0.9986490818505519
2020-04-06 07:00:00,3,0.9817816044257409
2020-04-06 08:00:00,4,0.9988542240970519
2020-04-06 09:00:00,4,0.9987818657934391
2020-04-06 10:00:00,4,0.9967808637476454
2020-04-06 11:00:00,4,0.9997696902657734
2020-04-06 12:00:00,4,0.9988964098286811
2020-04-06 13:00:00,4,0.7486273849241856
2020-04-06 14:00:00,4,0.942052827344792
2020-04-06 15:00:00,4,0.6580590358059561
2020-04-06 16:00:00,4,0.9879765777108316
2020-04-06 17:00:00,4,0.9995728421210076
2020-04-06 18:00:00,4,0.9999203251411516
2020-04-06 19:00:00,3,0.9975992425325756
2020-04-07 07:00:00,3,0.9985904650480119
2020-04-07 08:00:00,4,0.9973295912453984
2020-04-07 09:00:00,4,0.9987380866603217
2020-04-07 10:00:00,4,0.999977381540539
2020-04-07 11:00:00,4,0.998680486737465
2020-04-07 12:00:00,4,0.998885374045571
2020-04-07 13:00:00,4,0.977288301330207
2020-04-07 14:00:00,4,0.9965540264282589
2020-04-07 15:00:00,4,0.9955242634877511
2020-04-07 16:00:00,4,0.992443491439084
2020-04-07 17:00:00,4,0.925183996224742
2020-04-07 18:00:00,4,0.9922801296765219
2020-04-07 19:00:00,3,0.9998917026477849
2020-04-08 07:00:00,4,0.9966332309637309
2020-04-08 08:00:00,4,0.9998599118979283
2020-04-08 09:00:00,4,0.9984049529813191
2020-04-08 10:00:00,4,0.9999563926545754
2020-04-08 11:00:00,4,0.9844579438257348
2020-04-08 12:00:00,4,0.9908076435135379
2020-04-08 13:00:00,4,0.6913754811572448
2020-04-08 14:00:00,4,0.9988543894780451
2020-04-08 15:00:00,4,0.9156370833508835
2020-04-08 16:00:00,4,0.9465460807000124
2020-04-08 17:00:00,4,0.9999463539758604
2020-04-08 18:00:00,4,0.9991960163110999
2020-04-08 19:00:00,3,0.9960045580913374
2020-04-09 07:00:00,4,0.9989073873972906
2020-04-09 08:00:00,4,0.9999131020414956
2020-04-09 09:00:00,4,0.9989959701699127
2020-04-09 10:00:00,4,0.9998150890108161
2020-04-09 11:00:00,4,0.9968577074201554
2020-04-09 12:00:00,4,0.9875665623896088
2020-04-09 13:00:00,4,0.9935835231168351
2020-04-09 14:00:00,4,0.9862989475705549
2020-04-09 15:00:00,4,0.8752012900903658
2020-04-09 16:00:00,4,0.9986377174513119
2020-04-09 17:00:00,4,0.9978503820097606
2020-04-09 18:00:00,4,0.998782162307095
2020-04-09 19:00:00,3,0.9993023854429753
2020-04-10 07:00:00,3,0.9989017601299818
2020-04-10 08:00:00,4,0.9991325154454768
2020-04-10 09:00:00,4,0.9979494980165052
2020-04-10 10:00:00,4,0.9988951722274869
2020-04-10 11:00:00,4,0.9998875543115014
2020-04-10 12:00:00,4,0.9657389115596251
2020-04-10 13:00:00,4,0.9991314309906875
2020-04-10 14:00:00,4,0.9997598281457095
2020-04-10 15:00:00,4,0.9993113983630931
2020-04-10 16:00:00,4,0.9932775122760014
2020-04-10 17:00:00,4,0.9707650055123781
2020-04-10 18:00:00,4,0.999412110545149
2020-04-10 19:00:00,3,0.997052271683952
2020-04-11 07:00:00,4,0.9975892054535141
2020-04-11 08:00:00,4,0.9995501356768813
2020-04-11 09:00:00,4,0.9986521439187325
2020-04-11 10:00:00,4,0.9972752057986719
2020-04-11 11:00:00,4,0.9972519040548307
2020-04-11 12:00:00,4,0.9191190003014369
2020-04-11 13:00:00,4,0.800203148753246
2020-04-11 14:00:00,4,0.9982272049943712
2020-04-11 15:00:00,4,0.9895086387391445
2020-04-11 16:00:00,4,0.9978388115765181
2020-04-11 17:00:00,4,0.9996071196096727
2020-04-11 18:00:00,4,0.999971602558056
2020-04-11 19:00:00,3,0.9990988357143288
2020-04-12 07:00:00,4,0.9997602010261691
2020-04-12 08:00:00,4,0.9997452100170725
2020-04-12 09:00:00,4,0.9986969120513072
2020-04-12 10:00:00,4,0.973123954292106
2020-04-12 11:00:00,4,0.9140245789619248
2020-04-12 12:00:00,4,0.9984698343038718
2020-04-12 13:00:00,4,0.22519460378981956
2020-04-12 14:00:00,4,0.9986068580338145
2020-04-12 15:00:00,4,0.9986337395410089
2020-04-12 16:00:00,4,0.9983703766886656
2020-04-12 17:00:00,4,0.9995962458839704
2020-04-12 18:00:00,4,0.9934053107320239
2020-04-13 07:00:00,3,0.9982881287419844
2020-04-13 08:00:00,4,0.9964354671529678
2020-04-13 09:00:00,4,0.9952396414820923
2020-04-13 10:00:00,4,0.9768798671432515
2020-04-13 11:00:00,4,0.9768921167363014
2020-04-13 12:00:00,4,0.9743016228478926
2020-04-13 13:00:00,4,0.9944050210706586
2020-04-13 14:00:00,4,0.9984836364378664
2020-04-13 15:00:00,4,0.9970037272118587
2020-04-13 16:00:00,4,0.8856383463042824
2020-04-13 17:00:00,4,0.9781962575784038
2020-04-13 18:00:00,4,0.9954683752374546
2020-04-14 07:00:00,4,0.9970941111469389
2020-04-14 08:00:00,4,0.9966240341113649
2020-04-14 09:00:00,4,0.9997708310239489
2020-04-14 10:00:00,4,0.9991255622184526
2020-04-14 11:00:00,4,0.9951880273635438
2020-04-14 12:00:00,4,0.8846942049320253
2020-04-14 13:00:00,4,0.9088672920367414
2020-04-14 14:00:00,4,0.9993960340130784
2020-04-14 15:00:00,4,0.9950981860438273
2020-04-14 16:00:00,4,0.9991939421076703
2020-04-14 17:00:00,4,0.9998659472127537
2020-04-14 18:00:00,4,0.9998350079924213
2020-04-14 19:00:00,3,0.9985591723799784
2020-04-15 07:00:00,4,0.9977869156877847
2020-04-15 08:00:00,4,0.9944325662346939
2020-04-15 09:00:00,4,0.9991170834540208
2020-04-15 10:00:00,4,0.9989070676897887
2020-04-15 11:00:00,4,0.9992215012241421
2020-04-15 12:00:00,4,0.9990675303611934
2020-04-15 13:00:00,4,0.9912299175545991
2020-04-15 14:00:00,4,0.9986073644233939
2020-04-15 15:00:00,4,0.9918703317872468
2020-04-15 16:00:00,4,0.9999655500378798
2020-04-15 17:00:00,4,0.9996399337933267
2020-04-15 18:00:00,4,0.9995954409648812
2020-04-15 19:00:00,3,0.9982949436779225
2020-04-16 07:00:00,4,0.9983540642963272
2020-04-16 08:00:00,4,0.9936309815331794
2020-04-16 09:00:00,4,0.9993494657796923
2020-04-16 10:00:00,4,0.9950482740742508
2020-04-16 11:00:00,4,0.9957959701463904
2020-04-16 12:00:00,4,0.925842083023088
2020-04-16 13:00:00,4,0.9979937392906485
2020-04-16 14:00:00,4,0.6911303915954972
2020-04-16 15:00:00,4,0.9919703836501416
2020-04-16 16:00:00,4,0.9983258006123386
2020-04-16 17:00:00,4,0.989368692060517
2020-04-16 18:00:00,4,0.9999862667204987
2020-04-16 19:00:00,3,0.9921953688334155
2020-04-17 07:00:00,4,0.9988464639240228
2020-04-17 08:00:00,4,0.9936901864200139
2020-04-17 09:00:00,4,0.99986067053226
2020-04-17 10:00:00,4,0.9685397279553225
2020-04-17 11:00:00,4,0.9981475500483156
2020-04-17 12:00:00,4,0.9990302911517568
2020-04-17 13:00:00,4,0.9614965421976844
2020-04-17 14:00:00,4,0.527364714118073
2020-04-17 15:00:00,4,0.9139624172313732
2020-04-17 16:00:00,4,0.9771893299093936
2020-04-17 17:00:00,4,0.999030681154552
2020-04-17 18:00:00,4,0.9991804902898624
2020-04-17 19:00:00,3,0.9923763128620477
2020-04-18 07:00:00,4,0.9956130839322422
2020-04-18 08:00:00,4,0.9901777535197388
2020-04-18 09:00:00,4,0.9988581639984906
2020-04-18 10:00:00,4,0.9748356092894445
2020-04-18 11:00:00,4,0.9775216905980909
2020-04-18 12:00:00,4,0.9907042301407012
2020-04-18 13:00:00,4,0.8369879272173469
2020-04-18 14:00:00,4,0.9954928389730799
2020-04-18 15:00:00,4,0.9681915667141374
2020-04-18 16:00:00,4,0.9897075215447109
2020-04-18 17:00:00,4,0.9993799355562973
2020-04-18 18:00:00,4,0.998997890033986
2020-04-18 19:00:00,3,0.9980696787827891
2020-04-19 07:00:00,4,0.9894555060569971
2020-04-19 08:00:00,4,0.9902545639552164
2020-04-19 09:00:00,4,0.9993908691183933
2020-04-19 10:00:00,4,0.995111912444785
2020-04-19 11:00:00,4,0.996200996569104
2020-04-19 12:00:00,4,0.9811693775697605
2020-04-19 13:00:00,4,0.8171892381944198
2020-04-19 14:00:00,4,0.9642889162532019
2020-04-19 15:00:00,4,0.9837179351147978
2020-04-19 16:00:00,4,0.9628130157187226
2020-04-19 17:00:00,4,0.9683828728561423
2020-04-19 18:00:00,4,0.9901449491805631
2020-04-19 19:00:00,4,0.9995219232915635
2020-04-20 07:00:00,4,0.9907802580962966
2020-04-20 08:00:00,4,0.9904843689580999
2020-04-20 09:00:00,4,0.9990287519709148
2020-04-20 10:00:00,4,0.9999444616371757
2020-04-20 11:00:00,4,0.9955712610330028
2020-04-20 12:00:00,4,0.9825734318938584
2020-04-20 13:00:00,4,-0.5771457600493213
2020-04-20 14:00:00,4,0.9817478878197641
2020-04-20 15:00:00,4,0.9182771593025004
2020-04-20 16:00:00,4,0.9984734609150644
2020-04-20 17:00:00,4,0.9628431904784426
2020-04-20 18:00:00,4,0.9927759438360995
2020-04-20 19:00:00,3,0.9981588018068752
2020-04-21 07:00:00,4,0.9907085769927302
2020-04-21 08:00:00,4,0.9896103270978608
2020-04-21 09:00:00,4,0.998875823291247
2020-04-21 10:00:00,4,0.9998270342647413
2020-04-21 11:00:00,4,0.6641018802391869
2020-04-21 12:00:00,4,0.8963166156265266
2020-04-21 13:00:00,4,0.6939705197424929
2020-04-21 14:00:00,4,0.9944201800478087
2020-04-21 15:00:00,4,0.998407811672593
2020-04-21 16:00:00,4,0.9990251716836369
2020-04-21 17:00:00,4,0.9962797391605438
2020-04-21 18:00:00,4,0.9797521175948726
2020-04-21 19:00:00,3,0.9975860204767728
2020-04-22 07:00:00,4,0.9976667496033848
2020-04-22 08:00:00,4,0.9978085974337089
2020-04-22 09:00:00,4,0.9774659790514326
2020-04-22 10:00:00,4,0.9985075941637789
2020-04-22 11:00:00,4,0.9782687374896534
2020-04-22 12:00:00,4,0.9113531850969308
2020-04-22 13:00:00,4,0.9960643328775433
2020-04-22 14:00:00,4,0.9875686686284378
2020-04-22 15:00:00,4,0.9991218085462247
2020-04-22 16:00:00,4,0.9997478831787512
2020-04-22 17:00:00,4,0.9939490398781502
2020-04-22 18:00:00,4,0.9948467154132618
2020-04-23 07:00:00,3,0.9993543296788688
2020-04-23 08:00:00,4,0.9998181262740875
2020-04-23 09:00:00,4,0.8572190078718224
2020-04-23 10:00:00,4,0.8086821533788382
2020-04-23 11:00:00,4,0.9966968108450359
2020-04-23 12:00:00,4,0.9896337720053744
2020-04-23 13:00:00,4,0.9827288255576997
2020-04-23 14:00:00,4,0.9321700644037628
2020-04-23 15:00:00,4,0.9157715894545708
2020-04-23 16:00:00,4,0.9986430482196453
2020-04-23 17:00:00,4,0.979167262244322
2020-04-23 18:00:00,4,0.9979297017074815
2020-04-23 19:00:00,4,0.9991346685090124
2020-04-24 07:00:00,3,0.950784713421756
2020-04-24 08:00:00,4,0.9999417170651508
2020-04-24 09:00:00,4,0.9999696220927285
2020-04-24 10:00:00,4,0.9942860647322876
2020-04-24 11:00:00,4,
2020-04-24 12:00:00,4,
2020-04-24 13:00:00,4,0.4528522255260393
2020-04-24 14:00:00,4,0.9975840078983856
2020-04-24 15:00:00,4,0.9939986250446401
2020-04-24 16:00:00,4,0.9934946954333983
2020-04-24 17:00:00,4,0.9997532492909134
2020-04-24 18:00:00,4,0.9989852647768079
2020-04-25 08:00:00,4,0.9966518734969569
2020-04-25 09:00:00,4,0.9863301871229935
2020-04-25 10:00:00,4,0.9912159735023557
2020-04-25 11:00:00,4,0.9842111153220529
2020-04-25 12:00:00,4,0.7686526070803096
2020-04-25 13:00:00,4,-0.5999159056108582
2020-04-25 14:00:00,4,0.994949736367347
2020-04-25 15:00:00,4,0.9797095142405435
2020-04-25 16:00:00,4,0.9893160156128387
2020-04-25 17:00:00,4,0.6805960328135272
2020-04-25 18:00:00,4,0.9964889487022179
2020-04-26 07:00:00,4,0.9981284599740888
2020-04-26 08:00:00,4,0.9819749968204086
2020-04-26 09:00:00,4,0.9097137889754063
2020-04-26 10:00:00,4,0.991381767766069
2020-04-26 11:00:00,4,0.9946281795586565
2020-04-26 12:00:00,4,0.9772305161300973
2020-04-26 13:00:00,4,0.9994830915643753
2020-04-26 14:00:00,4,0.9959326178260003
2020-04-26 15:00:00,4,0.9998224458620268
2020-04-26 16:00:00,4,0.9982065019167152
2020-04-26 17:00:00,4,0.9524702277636496
2020-04-26 18:00:00,4,0.9997230619997669
2020-04-26 19:00:00,3,0.9494775294120459
2020-04-27 07:00:00,4,0.999846043324316
2020-04-27 08:00:00,4,0.9992603760412127
2020-04-27 09:00:00,4,0.9880651296451319
2020-04-27 10:00:00,4,0.9997075038439103
2020-04-27 11:00:00,4,0.9992410694049533
2020-04-27 12:00:00,4,0.9114733977017113
2020-04-27 13:00:00,4,0.9819957959258863
2020-04-27 14:00:00,4,0.9708158385879218
2020-04-27 15:00:00,4,0.9938281594751032
2020-04-27 16:00:00,4,0.9944906736770708
2020-04-27 17:00:00,4,0.991007811322425
2020-04-27 18:00:00,4,0.9998453589923236
2020-04-27 19:00:00,4,0.9999152387886281
2020-04-28 07:00:00,4,0.9999612737049873
2020-04-28 08:00:00,4,0.9994274892115785
2020-04-28 09:00:00,4,0.9995596672255072
2020-04-28 10:00:00,4,0.9736469112833362
2020-04-28 11:00:00,4,0.948371336959585
2020-04-28 12:00:00,4,-0.609808476766491
2020-04-28 13:00:00,4,0.7744544045907276
2020-04-28 14:00:00,4,0.955275767393106
2020-04-28 15:00:00,4,0.9974756453037845
2020-04-28 16:00:00,4,0.998364815033868
2020-04-28 17:00:00,4,0.9996894164896222
2020-04-28 18:00:00,4,0.9315020952880184
2020-04-28 19:00:00,4,0.9985695807571895
2020-04-29 07:00:00,4,0.9994769022934241
2020-04-29 08:00:00,4,0.9987667612686423
2020-04-29 09:00:00,4,0.9957629681490902
2020-04-29 10:00:00,4,0.979880053462509
2020-04-29 11:00:00,4,0.9928882178844749
2020-04-29 12:00:00,4,0.9976543523588849
2020-04-29 13:00:00,4,0.998843184894484
2020-04-29 14:00:00,4,0.9888244172778694
2020-04-29 15:00:00,4,0.9999426899887655
2020-04-29 16:00:00,4,0.9849746745428908
2020-04-29 17:00:00,4,0.9904050150797282
2020-04-29 18:00:00,4,0.939769913246869
2020-04-29 19:00:00,3,0.9999473314020765
2020-04-30 07:00:00,4,0.9992992999275415
2020-04-30 08:00:00,4,0.9993519187800823
2020-04-30 09:00:00,4,0.9999073321048564
2020-04-30 10:00:00,4,0.9953307675851923
2020-04-30 11:00:00,4,0.980829304267327
2020-04-30 12:00:00,4,0.9882640012491843
2020-04-30 13:00:00,4,0.36441073397964463
2020-04-30 14:00:00,4,0.8941430076581447
2020-04-30 15:00:00,4,0.9863304501205643
2020-04-30 16:00:00,4,0.9234954060672462
2020-04-30 17:00:00,4,0.9951970493190373
2020-04-30 18:00:00,4,0.999282854373326
2020-05-01 07:00:00,4,0.9996113050088586
2020-05-01 08:00:00,4,0.9978241624570391
2020-05-01 09:00:00,4,0.9959305878097815
2020-05-01 10:00:00,4,0.9778612262502129
2020-05-01 11:00:00,4,0.9961310850721852
2020-05-01 12:00:00,4,0.8582814818877786
2020-05-01 13:00:00,4,0.5279255059748974
2020-05-01 14:00:00,4,0.9954440229952157
2020-05-01 15:00:00,4,0.9490668622260506
2020-05-01 16:00:00,4,0.9969458859101096
2020-05-01 17:00:00,4,0.9999827574540427
2020-05-01 18:00:00,4,0.999684034160722
2020-05-01 19:00:00,4,0.9919660040728869
2020-05-02 07:00:00,4,0.9858157703356037
2020-05-02 08:00:00,4,0.9956858663327892
2020-05-02 09:00:00,4,0.9966703294466697
2020-05-02 10:00:00,4,0.9999560670241988
2020-05-02 11:00:00,4,0.9963350566846426
2020-05-02 12:00:00,4,0.9999407530438287
2020-05-02 13:00:00,4,0.9812660754031597
2020-05-02 14:00:00,4,0.9711697788183401
2020-05-02 15:00:00,4,0.99979961246241
2020-05-02 16:00:00,4,0.9888098634595291
2020-05-02 17:00:00,4,0.9998338953847116
2020-05-02 18:00:00,4,0.999837610477183
2020-05-02 19:00:00,4,0.9935650688251333
2020-05-03 07:00:00,4,0.9926050897955861
2020-05-03 08:00:00,4,0.9967210834379293
2020-05-03 09:00:00,4,0.9927131619914223
2020-05-03 10:00:00,4,0.9900502331739814
2020-05-03 11:00:00,4,0.9962570028022832
2020-05-03 12:00:00,4,0.9980662978508561
2020-05-03 13:00:00,4,0.13473292229153352
2020-05-03 14:00:00,4,0.9866960663555637
2020-05-03 15:00:00,4,0.9994269640175515
2020-05-03 16:00:00,4,0.983655642244778
2020-05-03 17:00:00,4,0.994985665338139
2020-05-03 18:00:00,4,0.9999533276174107
2020-05-03 19:00:00,4,0.956321140829725
2020-05-04 06:00:00,3,
2020-05-04 07:00:00,4,0.9901968919189745
2020-05-04 08:00:00,4,0.9777756903665297
2020-05-04 09:00:00,4,0.9991333986034756
2020-05-04 10:00:00,4,0.9986283816709663
2020-05-04 11:00:00,4,0.9945843609784167
2020-05-04 12:00:00,4,0.9791543686287283
2020-05-04 13:00:00,4,0.9946072009971664
2020-05-04 14:00:00,4,0.8358260131063411
2020-05-04 15:00:00,4,0.996056175710527
2020-05-04 16:00:00,4,0.9612448793128094
2020-05-04 17:00:00,4,0.9977013866483809
2020-05-04 18:00:00,4,0.8753395655637002
2020-05-04 19:00:00,4,0.9917711787103911
2020-05-05 07:00:00,4,0.981797387804796
2020-05-05 08:00:00,4,0.9939638740240961
2020-05-05 09:00:00,4,0.9873702237086146
2020-05-05 10:00:00,4,0.9852036537557409
2020-05-05 11:00:00,4,0.996908829675994
2020-05-05 12:00:00,4,0.9801932856259615
2020-05-05 13:00:00,4,0.9932640512442501
2020-05-05 14:00:00,4,0.9981860598281753
2020-05-05 15:00:00,4,0.7698892420303406
2020-05-05 16:00:00,4,0.9986594101932164
2020-05-05 17:00:00,4,0.9452211697867536
2020-05-05 18:00:00,4,0.9957299809839372
2020-05-05 19:00:00,4,0.9965309928319577
2020-05-06 07:00:00,4,0.967189379120765
2020-05-06 08:00:00,4,0.9946075734357951
2020-05-06 09:00:00,4,0.9660775487098869
2020-05-06 10:00:00,4,0.9997668595561043
2020-05-06 11:00:00,4,0.9937549674089131
2020-05-06 12:00:00,4,0.9895957792908111
2020-05-06 13:00:00,4,-0.7731349967538871
2020-05-06 14:00:00,4,0.8925148537571594
2020-05-06 15:00:00,4,0.7939327875839439
2020-05-06 16:00:00,4,0.9252356906756652
2020-05-06 17:00:00,4,0.9748629795610804
2020-05-06 18:00:00,4,0.9991830597041128
2020-05-06 19:00:00,4,0.99937114215302
2020-05-07 07:00:00,4,0.9742927362895281
2020-05-07 08:00:00,4,0.9989416841712331
2020-05-07 09:00:00,4,0.981732811346967
2020-05-07 10:00:00,4,0.9894839361541372
2020-05-07 11:00:00,4,0.9988273303491318
2020-05-07 12:00:00,4,0.9983430110943592
2020-05-07 13:00:00,4,0.972742245681751
2020-05-07 14:00:00,4,0.9821266624659366
2020-05-07 15:00:00,4,0.9980494451737828
2020-05-07 16:00:00,4,0.9968888983278461
2020-05-07 17:00:00,4,0.9998944553951412
2020-05-07 18:00:00,4,0.9987037352469323
2020-05-07 19:00:00,4,0.9994079135656434
2020-05-08 07:00:00,4,0.9617161592442459
2020-05-08 08:00:00,4,0.9947800020551223
2020-05-08 09:00:00,4,0.13238143283804177
2020-05-08 10:00:00,4,0.9987631586806094
2020-05-08 11:00:00,4,0.9963705551423646
2020-05-08 12:00:00,4,0.9995309534240796
2020-05-08 13:00:00,4,0.7187800091561614
2020-05-08 14:00:00,4,0.9974353295038765
2020-05-08 15:00:00,4,0.9883045555711428
2020-05-08 16:00:00,4,0.9990133496020434
2020-05-08 17:00:00,4,0.9782223035310712
2020-05-08 18:00:00,4,0.9993017889105911
2020-05-08 19:00:00,4,0.9991660842147722
2020-05-09 07:00:00,4,0.9714605031459081
2020-05-09 08:00:00,4,0.9949189050336547
2020-05-09 09:00:00,4,-0.14744336484962345
2020-05-09 10:00:00,4,0.9988211114406479
2020-05-09 11:00:00,4,0.9920665932611165
2020-05-09 12:00:00,4,0.9378891730058333
2020-05-09 13:00:00,4,0.7901156684348086
2020-05-09 14:00:00,4,0.9094971200741517
2020-05-09 15:00:00,4,0.8494209530480327
2020-05-09 16:00:00,4,0.9939004739615176
2020-05-09 17:00:00,4,0.9771269736503806
2020-05-09 18:00:00,4,0.9987818685775897
2020-05-09 19:00:00,4,0.9987913447069846
2020-05-10 07:00:00,4,0.977792382323679
2020-05-10 08:00:00,4,0.9946097127725508
2020-05-10 09:00:00,4,-0.22412808283192973
2020-05-10 10:00:00,4,0.9981506461179618
2020-05-10 11:00:00,4,0.9975061784356061
2020-05-10 12:00:00,4,0.9982955845257804
2020-05-10 13:00:00,4,0.42577187716277237
2020-05-10 14:00:00,4,0.9961879879040869
2020-05-10 15:00:00,4,0.9974669050551905
2020-05-10 16:00:00,4,0.9972386617598121
2020-05-10 17:00:00,4,0.9999252506724862
2020-05-10 18:00:00,4,0.9975222067454478
2020-05-10 19:00:00,4,0.9999671330687442
2020-05-11 07:00:00,4,0.9847104638411354
2020-05-11 08:00:00,4,0.9955163461361188
2020-05-11 09:00:00,4,0.8437358982727915
2020-05-11 10:00:00,4,0.9342586622914459
2020-05-11 11:00:00,4,0.8470861913457269
2020-05-11 12:00:00,4,0.9982537415903475
2020-05-11 13:00:00,4,0.9403775146892626
2020-05-11 14:00:00,4,0.9918592119316381
2020-05-11 15:00:00,4,0.9932501932549852
2020-05-11 16:00:00,4,0.9964404567934695
2020-05-11 17:00:00,4,0.9992040941745857
2020-05-11 18:00:00,4,0.9988310966918137
2020-05-11 19:00:00,4,0.9993735604838972
2020-05-12 07:00:00,4,0.9918772801301655
2020-05-12 08:00:00,4,0.9974485979674785
2020-05-12 09:00:00,4,-0.3559912234982581
2020-05-12 10:00:00,4,0.9957189114211
2020-05-12 11:00:00,4,0.9806036183599164
2020-05-12 12:00:00,4,0.7382881246501152
2020-05-12 13:00:00,4,0.9986385850598198
2020-05-12 14:00:00,4,0.9452647412559839
2020-05-12 15:00:00,4,0.9865406256267559
2020-05-12 16:00:00,4,0.9779506273278241
2020-05-12 17:00:00,4,0.9691881874650627
2020-05-12 18:00:00,4,0.9995486813732982
2020-05-12 19:00:00,4,0.9975388443949312
2020-05-13 07:00:00,4,0.9897813769156781
2020-05-13 08:00:00,4,0.9974799867910387
2020-05-13 09:00:00,4,0.8696844352194425
2020-05-13 10:00:00,4,0.9942608729949312
2020-05-13 11:00:00,4,0.9793845458121982
2020-05-13 12:00:00,4,0.9730933872882512
2020-05-13 13:00:00,4,0.9837912099298115
2020-05-13 14:00:00,4,0.9969232980247582
2020-05-13 15:00:00,4,0.9996378432446267
2020-05-13 16:00:00,4,0.9862063171616805
2020-05-13 17:00:00,4,0.9993832832421868
2020-05-13 18:00:00,4,0.999975638354315
2020-05-13 19:00:00,4,0.9999689852886666
2020-05-14 07:00:00,4,0.9744463589568007
2020-05-14 08:00:00,4,0.9949237389268394
2020-05-14 09:00:00,4,-0.2682795187511658
2020-05-14 10:00:00,4,0.9989389157103439
2020-05-14 11:00:00,4,0.9912185467804244
2020-05-14 12:00:00,4,0.9989323994967156
2020-05-14 13:00:00,4,-0.12046099129959306
2020-05-14 14:00:00,4,0.9279173032267214
2020-05-14 15:00:00,4,0.9956310151994598
2020-05-14 16:00:00,4,0.9898551051575629
2020-05-14 17:00:00,4,0.9252244705621245
2020-05-14 18:00:00,4,0.9984640487281996
2020-05-14 19:00:00,4,0.9995098933095287
2020-05-15 07:00:00,4,0.9738101104294078
2020-05-15 08:00:00,4,0.9949225791493227
2020-05-15 09:00:00,4,-0.2712418779463272
2020-05-15 10:00:00,4,0.9973651051138968
2020-05-15 11:00:00,4,0.9870058570495146
2020-05-15 12:00:00,4,0.9927493798844422
2020-05-15 13:00:00,4,0.946117945862736
2020-05-15 14:00:00,4,0.9939953949317178
2020-05-15 15:00:00,4,0.997185338861953
2020-05-15 16:00:00,4,0.9951595533128184
2020-05-15 17:00:00,4,0.9921749527281064
2020-05-15 18:00:00,4,0.9980192179709962
2020-05-15 19:00:00,4,0.9901427626759881
2020-05-16 07:00:00,4,0.9806655486067294
2020-05-16 08:00:00,4,0.9960843959047363
2020-05-16 09:00:00,4,-0.1845752873101997
2020-05-16 10:00:00,4,0.999135047126659
2020-05-16 11:00:00,4,0.9922159273397679
2020-05-16 12:00:00,4,0.980757947573623
2020-05-16 13:00:00,4,0.9974297650044144
2020-05-16 14:00:00,4,0.9671445048294695
2020-05-16 15:00:00,4,0.990928357793766
2020-05-16 16:00:00,4,0.9841874850771687
2020-05-16 17:00:00,4,0.9995610771536805
2020-05-16 18:00:00,4,0.99939131630219
2020-05-16 19:00:00,3,0.997488837620271
2020-05-17 07:00:00,4,0.9998411559210948
2020-05-17 08:00:00,4,0.9971274944033739
2020-05-17 09:00:00,4,0.9940035555684013
2020-05-17 10:00:00,4,0.9769233127313326
2020-05-17 11:00:00,4,0.5529077543901811
2020-05-17 12:00:00,4,0.9211728390952849
2020-05-17 13:00:00,4,0.9667605609844675
2020-05-17 14:00:00,4,0.968090127401173
2020-05-17 15:00:00,4,0.9952755485674394
2020-05-17 16:00:00,4,0.991969948572182
2020-05-17 17:00:00,4,0.8530416327366451
2020-05-17 18:00:00,4,0.9996932948080367
2020-05-17 19:00:00,4,0.9977476834923793
2020-05-18 07:00:00,4,0.9999253239526467
2020-05-18 08:00:00,4,0.9794138351947842
2020-05-18 09:00:00,4,0.9844921917694631
2020-05-18 10:00:00,4,0.8433078866455094
2020-05-18 11:00:00,4,0.8632495019740427
2020-05-18 12:00:00,4,0.9349367323131685
2020-05-18 13:00:00,4,0.999255919198886
2020-05-18 14:00:00,4,0.9967008901104447
2020-05-18 15:00:00,4,0.9958013599265361
2020-05-18 16:00:00,4,0.9733009960587666
2020-05-18 17:00:00,4,0.9676856705659531
2020-05-18 18:00:00,4,0.9726912837922355
2020-05-18 19:00:00,4,0.9929519796465055
2020-05-19 07:00:00,4,0.9801655641777582
2020-05-19 08:00:00,4,0.9958828746858563
2020-05-19 09:00:00,4,-0.21994438657696183
2020-05-19 10:00:00,4,0.9968574446343036
2020-05-19 11:00:00,4,0.9909313030984845
2020-05-19 12:00:00,4,0.9970032913728506
2020-05-19 13:00:00,4,0.9921700412751765
2020-05-19 14:00:00,4,0.8190473856089655
2020-05-19 15:00:00,4,0.989134896646045
2020-05-19 16:00:00,4,0.96588669181909
2020-05-19 17:00:00,4,0.8851317117627605
2020-05-19 18:00:00,4,0.9980204273484388
2020-05-19 19:00:00,4,0.9998676826767555
2020-05-20 07:00:00,4,0.9998937474373719
2020-05-20 08:00:00,4,0.9994240949733374
2020-05-20 09:00:00,4,0.638175548185221
2020-05-20 10:00:00,4,0.9886082771185946
2020-05-20 11:00:00,4,0.9040977383765958
2020-05-20 12:00:00,4,0.9969475714793313
2020-05-20 13:00:00,4,0.9990288487428007
2020-05-20 14:00:00,4,0.9985230854963808
2020-05-20 15:00:00,4,0.8866758698756669
2020-05-20 16:00:00,4,0.9925676102192084
2020-05-20 17:00:00,4,0.9750705195118805
2020-05-20 18:00:00,4,0.9988347543184279
2020-05-20 19:00:00,4,0.99937081624764
2020-05-21 07:00:00,4,0.9937654360205636
2020-05-21 08:00:00,4,0.947132721004382
2020-05-21 09:00:00,4,0.9510476241023892
2020-05-21 10:00:00,4,0.9951828502164295
2020-05-21 11:00:00,4,0.9966137329476751
2020-05-21 12:00:00,4,0.9892435612362289
2020-05-21 13:00:00,4,0.9266408527719463
2020-05-21 14:00:00,4,0.8641262627391124
2020-05-21 15:00:00,4,0.9887919601020482
2020-05-21 16:00:00,4,0.999169201029861
2020-05-21 17:00:00,4,0.9978509330595039
2020-05-21 18:00:00,4,0.9992978760909267
2020-05-21 19:00:00,4,0.9987077705527025
2020-05-22 07:00:00,4,0.9990719317669691
2020-05-22 08:00:00,4,0.9608255885192176
2020-05-22 09:00:00,4,0.9849483182522694
2020-05-22 10:00:00,4,0.9957731772006634
2020-05-22 11:00:00,4,0.739553044695248
2020-05-22 12:00:00,4,0.9991722272876163
2020-05-22 13:00:00,4,0.821960695644066
2020-05-22 14:00:00,4,0.9970363119896755
2020-05-22 15:00:00,4,0.9986955507725378
2020-05-22 16:00:00,4,0.9998923664764586
2020-05-22 17:00:00,4,0.9061016885478936
2020-05-22 18:00:00,4,0.9975724933422074
2020-05-22 19:00:00,4,0.9988806057136154
2020-05-23 08:00:00,4,0.9444378015824259
2020-05-23 09:00:00,4,0.9852517748069035
2020-05-23 10:00:00,4,0.881363316402526
2020-05-23 11:00:00,4,0.8837931896505974
2020-05-23 12:00:00,4,0.9369201682656702
2020-05-23 13:00:00,4,0.8057640022807455
2020-05-23 14:00:00,4,0.9984050128912838
2020-05-23 15:00:00,4,0.9992200162056205
2020-05-23 16:00:00,4,0.9913089554943049
2020-05-23 17:00:00,4,0.9994359568347637
2020-05-23 18:00:00,4,0.9990058131405788
2020-05-23 19:00:00,4,0.9994509237766904
2020-05-24 07:00:00,4,0.9777035377977499
2020-05-24 08:00:00,4,0.9990245346207739
2020-05-24 09:00:00,4,-0.20214741122330937
2020-05-24 10:00:00,4,0.8165424834981214
2020-05-24 11:00:00,4,0.695787515326326
2020-05-24 12:00:00,4,0.9993242176647029
2020-05-24 13:00:00,4,0.9998917627187099
2020-05-24 14:00:00,4,0.9516561713769033
2020-05-24 15:00:00,4,0.9879841679489113
2020-05-24 16:00:00,4,0.9933502957221513
2020-05-24 17:00:00,4,0.9999547931529655
2020-05-24 18:00:00,4,0.9779066832634096
2020-05-24 19:00:00,4,0.9974733845333632
2020-05-25 07:00:00,4,0.9986610946567087
2020-05-25 08:00:00,4,0.9995472846640958
2020-05-25 09:00:00,4,0.999705448965842
2020-05-25 10:00:00,4,0.9226632367138631
2020-05-25 11:00:00,4,0.985349888147751
2020-05-25 12:00:00,4,0.9991665778602845
2020-05-25 13:00:00,4,0.9995267560251734
2020-05-25 14:00:00,4,0.998656310007327
2020-05-25 15:00:00,4,0.9949954330467344
2020-05-25 16:00:00,4,0.9893447650080748
2020-05-25 17:00:00,4,0.9983017981831387
2020-05-25 18:00:00,4,0.9893562680903181
2020-05-26 07:00:00,4,0.9863837378175524
2020-05-26 08:00:00,4,0.9983494778656873
2020-05-26 09:00:00,4,0.9950094999295458
2020-05-26 10:00:00,4,0.9965759537295075
2020-05-26 11:00:00,4,0.9995036603868065
2020-05-26 12:00:00,4,0.9972647794023539
2020-05-26 13:00:00,4,0.9954805251640466
2020-05-26 14:00:00,4,0.9978781349111653
2020-05-26 15:00:00,4,0.9983420360694121
2020-05-26 16:00:00,4,0.9989458889505833
2020-05-26 17:00:00,4,0.9990701006840549
2020-05-26 18:00:00,4,0.9992856005609806
2020-05-26 19:00:00,3,0.9564649271429858
2020-05-27 07:00:00,4,0.961658544448543
2020-05-27 08:00:00,4,0.9916030456823078
2020-05-27 09:00:00,4,0.9987755147436366
2020-05-27 10:00:00,4,0.914445641037842
2020-05-27 11:00:00,4,0.9979967614506838
2020-05-27 12:00:00,4,0.9540851996391712
2020-05-27 13:00:00,4,0.8704479916855388
2020-05-27 14:00:00,4,0.9822945380562939
2020-05-27 15:00:00,4,0.9665426075438154
2020-05-27 16:00:00,4,0.9188094348729001
2020-05-27 17:00:00,4,0.9718978900170331
2020-05-27 18:00:00,4,0.9784843748000526
2020-05-27 19:00:00,3,0.9906409997183527
2020-05-28 07:00:00,4,0.9146665674251794
2020-05-28 08:00:00,4,0.9841167411887192
2020-05-28 09:00:00,4,0.9203785692065783
2020-05-28 10:00:00,4,0.9950552136761943
2020-05-28 11:00:00,4,0.6780214033338715
2020-05-28 12:00:00,4,0.9381248422039297
2020-05-28 13:00:00,4,-0.36877825810504067
2020-05-28 14:00:00,4,0.9579625700215875
2020-05-28 15:00:00,4,0.8998582673805775
2020-05-28 16:00:00,4,0.6213377996622845
2020-05-28 17:00:00,4,0.4697489517938009
2020-05-28 18:00:00,4,0.9926982431058884
2020-05-28 19:00:00,4,0.9163073948211854
2020-05-29 07:00:00,4,0.9993928574320378
2020-05-29 08:00:00,4,0.9974843283711978
2020-05-29 09:00:00,4,0.9983780260966826
2020-05-29 10:00:00,4,0.9824996458460342
2020-05-29 11:00:00,4,0.799826024392967
2020-05-29 12:00:00,4,0.8444236043507248
2020-05-29 13:00:00,4,0.9940755716141911
2020-05-29 14:00:00,4,0.8735151653932551
2020-05-29 15:00:00,4,0.9944002337899027
2020-05-29 16:00:00,4,0.9995623478682452
2020-05-29 17:00:00,4,0.9995044740973755
2020-05-29 18:00:00,4,0.998274305529278
2020-05-29 19:00:00,4,0.9914369872190817
2020-05-30 07:00:00,4,0.9813698485179476
2020-05-30 08:00:00,4,0.9938310789522549
2020-05-30 09:00:00,4,0.09217814137686502
2020-05-30 10:00:00,4,0.9909284851005025
2020-05-30 11:00:00,4,0.9970218449571772
2020-05-30 12:00:00,4,0.9951786067783694
2020-05-30 13:00:00,4,0.9728943759219971
2020-05-30 14:00:00,4,0.9697022832382912
2020-05-30 15:00:00,4,0.9991301854639327
2020-05-30 16:00:00,4,0.9683446121057883
2020-05-30 17:00:00,4,0.9608623143359605
2020-05-30 18:00:00,4,0.9981990717275158
2020-05-30 19:00:00,3,0.9986568306087789
2020-05-31 07:00:00,4,0.968997688469789
2020-05-31 08:00:00,4,0.992475008160953
2020-05-31 09:00:00,4,0.09759732159752617
2020-05-31 10:00:00,4,0.989566162819415
2020-05-31 11:00:00,4,0.998494398453899
2020-05-31 12:00:00,4,0.9528992485670508
2020-05-31 13:00:00,4,0.7221233145584739
2020-05-31 14:00:00,4,0.47313155113935806
2020-05-31 15:00:00,4,0.9511710957642601
2020-05-31 16:00:00,4,0.9515669976216412
2020-05-31 17:00:00,4,0.9958243936564686
2020-05-31 18:00:00,4,0.9057918289445701
2020-05-31 19:00:00,4,0.9956128275130939
2020-06-01 07:00:00,4,0.9793620677058488
2020-06-01 08:00:00,4,0.9950263672841266
2020-06-01 09:00:00,4,0.2509642686246167
2020-06-01 10:00:00,4,0.9796989440279539
2020-06-01 11:00:00,4,-0.6193406103753235
2020-06-01 12:00:00,4,0.8347728120041785
2020-06-01 13:00:00,4,0.9977045140856279
2020-06-01 14:00:00,4,0.5262824055094519
2020-06-01 15:00:00,4,0.7547179156620226
2020-06-01 16:00:00,4,0.9998305922959358
2020-06-01 17:00:00,4,0.9706366079485309
2020-06-01 18:00:00,4,0.986132881778544
2020-06-01 19:00:00,4,0.9948123085694838
2020-06-02 07:00:00,4,0.9530684838336029
2020-06-02 08:00:00,4,0.999232145975689
2020-06-02 09:00:00,4,0.9993055149580935
2020-06-02 10:00:00,4,0.986153247123057
2020-06-02 11:00:00,4,0.9990419154055583
2020-06-02 12:00:00,4,0.9963812270916146
2020-06-02 13:00:00,4,0.11020927300449475
2020-06-02 14:00:00,4,0.9586831584059043
2020-06-02 15:00:00,4,0.9582110001367354
2020-06-02 16:00:00,4,0.6996039050928641
2020-06-02 17:00:00,4,0.9956875246788441
2020-06-02 18:00:00,4,0.9969289122894196
2020-06-02 19:00:00,4,0.9997125640258566
2020-06-03 07:00:00,4,0.999464554661583
2020-06-03 08:00:00,4,0.9972846829256915
2020-06-03 09:00:00,4,0.4601273895995816
2020-06-03 10:00:00,4,0.8456591402983125
2020-06-03 11:00:00,4,0.7586293231692602
2020-06-03 12:00:00,4,0.8949611955914178
2020-06-03 13:00:00,4,-0.2791469136429709
2020-06-03 14:00:00,4,0.885738792599644
2020-06-03 15:00:00,4,0.8381558719777016
2020-06-03 16:00:00,4,0.9994601915495065
2020-06-03 17:00:00,4,0.847088552750546
2020-06-03 18:00:00,4,0.9905363296568163
2020-06-03 19:00:00,4,0.9995442396221399
2020-06-04 07:00:00,4,0.9997900547324376
2020-06-04 08:00:00,4,0.9998897835901861
2020-06-04 09:00:00,4,0.21554693961473098
2020-06-04 10:00:00,4,0.9925053901632049
2020-06-04 11:00:00,4,0.9513589951570082
2020-06-04 12:00:00,4,0.9864793816993763
2020-06-04 13:00:00,4,0.9758221387381252
2020-06-04 14:00:00,4,0.9733405385492293
2020-06-04 15:00:00,4,0.9989823514945649
2020-06-04 16:00:00,4,0.9995908077451912
2020-06-04 17:00:00,4,0.9979665368050195
2020-06-04 18:00:00,4,0.9985869580070005
2020-06-04 19:00:00,4,0.9989628257626696
2020-06-05 07:00:00,4,0.989693394503433
2020-06-05 08:00:00,4,0.9998065612089065
2020-06-05 09:00:00,4,-0.1833260922604753
2020-06-05 10:00:00,4,0.947689274905038
2020-06-05 11:00:00,4,0.90229250435159
2020-06-05 12:00:00,4,0.6858839029284164
2020-06-05 13:00:00,4,-0.3292909321537719
2020-06-05 14:00:00,4,0.9361793959219308
2020-06-05 15:00:00,4,0.9900664836268871
2020-06-05 16:00:00,4,0.9853534292838829
2020-06-05 17:00:00,4,0.9829376156043094
2020-06-05 18:00:00,4,0.9999781891239021
2020-06-05 19:00:00,4,0.9979634554437582
2020-06-06 07:00:00,4,0.9962184544824886
2020-06-06 08:00:00,4,0.9898896122654165
2020-06-06 09:00:00,4,0.9628902775698298
2020-06-06 10:00:00,4,0.9431146842314971
2020-06-06 11:00:00,4,0.9927688365084545
2020-06-06 12:00:00,4,0.838129582511068
2020-06-06 13:00:00,4,0.8685665911728664
2020-06-06 14:00:00,4,0.9863634379581901
2020-06-06 15:00:00,4,0.9840916081101025
2020-06-06 16:00:00,4,0.9789955097158112
2020-06-06 17:00:00,4,0.9796475551481717
2020-06-06 18:00:00,4,0.9917690644519931
2020-06-06 19:00:00,4,0.9853314717772931
2020-06-07 07:00:00,4,0.9514069270546804
2020-06-07 08:00:00,4,0.9938556457322932
2020-06-07 09:00:00,4,0.1636632717558001
2020-06-07 10:00:00,4,0.9934794487388389
2020-06-07 11:00:00,4,0.9862853498848656
2020-06-07 12:00:00,4,0.7211135082534621
2020-06-07 13:00:00,4,0.9958835475268735
2020-06-07 14:00:00,4,0.9897927692381986
2020-06-07 15:00:00,4,0.7824239572532653
2020-06-07 16:00:00,4,0.9657656737192837
2020-06-07 17:00:00,4,0.9988724639267466
2020-06-07 18:00:00,4,0.9983351371004816
2020-06-07 19:00:00,4,0.9958428292821726
2020-06-08 07:00:00,4,0.9441253788389699
2020-06-08 08:00:00,4,0.9949178347059826
2020-06-08 09:00:00,4,0.18719457680587764
2020-06-08 10:00:00,4,0.9930749001103731
2020-06-08 11:00:00,4,0.9972938263425914
2020-06-08 12:00:00,4,0.9939493068799061
2020-06-08 13:00:00,4,0.6573779934367419
2020-06-08 14:00:00,4,0.9995848850011502
2020-06-08 15:00:00,4,0.9922062584658137
2020-06-08 16:00:00,4,0.9839566770154108
2020-06-08 17:00:00,4,0.9964626190189034
2020-06-08 18:00:00,4,0.9988857744070234
2020-06-08 19:00:00,4,0.9978498044690014
2020-06-09 07:00:00,4,0.9998664262378616
2020-06-09 08:00:00,4,0.9976305571782265
2020-06-09 09:00:00,4,0.9683934033651951
2020-06-09 10:00:00,4,0.9644021975212363
2020-06-09 11:00:00,4,0.5632793458976397
2020-06-09 12:00:00,4,0.7371307543731979
2020-06-09 13:00:00,4,0.25001738784671407
2020-06-09 14:00:00,4,0.6827163502882826
2020-06-09 15:00:00,4,0.8965844520443914
2020-06-09 16:00:00,4,0.9502481855710047
2020-06-09 17:00:00,4,0.990938417887292
2020-06-09 18:00:00,4,0.9974128640262997
2020-06-09 19:00:00,4,0.9999822040726322
2020-06-10 07:00:00,4,0.9999150584723873
2020-06-10 08:00:00,4,0.9975860515280905
2020-06-10 09:00:00,4,0.9810165955703867
2020-06-10 10:00:00,4,0.9515979553522617
2020-06-10 11:00:00,4,0.9946307557765035
2020-06-10 12:00:00,4,0.9541565942505125
2020-06-10 13:00:00,4,0.8996227789191029
2020-06-10 14:00:00,4,0.05746120005154931
2020-06-10 15:00:00,4,0.9986391482883245
2020-06-10 16:00:00,4,0.891470756639897
2020-06-10 17:00:00,4,0.9960047650686724
2020-06-10 18:00:00,4,0.9989350870000916
2020-06-10 19:00:00,4,0.99795289237467
2020-06-11 07:00:00,4,0.9948966243578696
2020-06-11 08:00:00,4,0.9914648034170664
2020-06-11 09:00:00,4,0.9714782465508036
2020-06-11 10:00:00,4,0.965752388757395
2020-06-11 11:00:00,4,0.826480154052102
2020-06-11 12:00:00,4,0.5834270286381913
2020-06-11 13:00:00,4,0.8239981379665843
2020-06-11 14:00:00,4,0.9982640476797343
2020-06-11 15:00:00,4,0.7398869095625267
2020-06-11 16:00:00,4,-0.8899325141847554
2020-06-11 17:00:00,4,0.9747016486976142
2020-06-11 18:00:00,4,0.9913252587612313
2020-06-11 19:00:00,4,0.9997627493335208
2020-06-12 07:00:00,4,0.9375706508354935
2020-06-12 08:00:00,4,0.9881680866590109
2020-06-12 09:00:00,4,0.8296132061235485
2020-06-12 10:00:00,4,0.9576339567603133
2020-06-12 11:00:00,4,0.9620486595517004
2020-06-12 12:00:00,4,0.9749136587616852
2020-06-12 13:00:00,4,0.3228328043622768
2020-06-12 14:00:00,4,0.994475652931905
2020-06-12 15:00:00,4,0.7852964507465339
2020-06-12 16:00:00,4,0.9018526869168445
2020-06-12 17:00:00,4,0.8122391845910868
2020-06-12 18:00:00,4,0.9831948520161785
2020-06-12 19:00:00,4,0.9964893114063578
2020-06-13 07:00:00,4,0.9646715386261983
2020-06-13 08:00:00,4,0.9958028717320537
2020-06-13 09:00:00,4,0.8476129280931928
2020-06-13 10:00:00,4,0.9944021643069928
2020-06-13 11:00:00,4,0.9992126268733055
2020-06-13 12:00:00,4,0.6820098583504685
2020-06-13 13:00:00,4,0.9914261489793602
2020-06-13 14:00:00,4,0.9906117201650214
2020-06-13 15:00:00,4,0.9758564561034115
2020-06-13 16:00:00,4,0.9368149394209216
2020-06-13 17:00:00,4,0.9994170735555883
2020-06-13 18:00:00,4,0.999945549035055
2020-06-13 19:00:00,4,0.9999972163895114
2020-06-14 07:00:00,3,0.9549897766395996
2020-06-14 08:00:00,4,0.9982640699218152
2020-06-14 09:00:00,4,0.9988441675096159
2020-06-14 10:00:00,4,0.9825511460958567
2020-06-14 11:00:00,4,0.9974134254962099
2020-06-14 12:00:00,4,0.9980432773848169
2020-06-14 13:00:00,4,0.9476391178059798
2020-06-14 14:00:00,4,0.8998454387334852
2020-06-14 15:00:00,4,0.9813172193223342
2020-06-14 16:00:00,4,0.9649864352796932
2020-06-14 17:00:00,4,0.984200285311155
2020-06-14 18:00:00,4,0.9976077447335543
2020-06-14 19:00:00,4,0.9825531299154465
2020-06-15 07:00:00,4,0.9896921500177384
2020-06-15 08:00:00,4,0.9841518449620926
2020-06-15 09:00:00,4,0.22752426407080478
2020-06-15 10:00:00,4,-0.13442515816532338
2020-06-15 11:00:00,4,0.9311836344644997
2020-06-15 12:00:00,4,0.4603308786208188
2020-06-15 13:00:00,4,0.9965784196234642
2020-06-15 14:00:00,4,0.998892764801229
2020-06-15 15:00:00,4,0.9769589237769897
2020-06-15 16:00:00,4,0.9664778319047465
2020-06-15 17:00:00,4,0.8785296233366479
2020-06-15 18:00:00,4,0.9586172293372194
2020-06-15 19:00:00,4,0.9990055919468686
2020-06-16 07:00:00,4,0.9999989912730255
2020-06-16 08:00:00,4,0.9999153566842179
2020-06-16 09:00:00,4,0.423716712626467
2020-06-16 10:00:00,4,0.9855971365796462
2020-06-16 11:00:00,4,0.9636556986750793
2020-06-16 12:00:00,4,0.9615190510519724
2020-06-16 13:00:00,4,0.8698824784365881
2020-06-16 14:00:00,4,0.6461476668832803
2020-06-16 15:00:00,4,0.7579649232354019
2020-06-16 16:00:00,4,0.9844645734414514
2020-06-16 17:00:00,4,0.9679354788397825
2020-06-16 18:00:00,4,0.9998671761378966
2020-06-17 07:00:00,4,0.9615828363292155
2020-06-17 08:00:00,4,0.9945573640041258
2020-06-17 09:00:00,4,-0.04119329968275032
2020-06-17 10:00:00,4,0.9726807181043494
2020-06-17 11:00:00,4,0.9972219088034386
2020-06-17 12:00:00,4,0.9060081343431613
2020-06-17 13:00:00,4,0.8020432697370395
2020-06-17 14:00:00,4,0.9367483221812953
2020-06-17 15:00:00,4,0.6492476788602511
2020-06-17 16:00:00,4,0.8435341978175491
2020-06-17 17:00:00,4,0.9987781731693337
2020-06-17 18:00:00,4,0.9940451447552063
2020-06-17 19:00:00,4,0.9975766110469225
2020-06-18 07:00:00,4,0.9941635573330465
2020-06-18 08:00:00,4,0.9999062778013958
2020-06-18 09:00:00,4,0.9866206175633047
2020-06-18 10:00:00,4,0.97846729477823
2020-06-18 11:00:00,4,0.99673481369589
2020-06-18 12:00:00,4,0.9783512606292817
2020-06-18 13:00:00,4,0.9928022511061082
2020-06-18 14:00:00,4,0.9749647163962604
2020-06-18 15:00:00,4,0.9917521790585385
2020-06-18 16:00:00,4,0.8179747301674092
2020-06-18 17:00:00,4,0.9796814609390462
2020-06-18 18:00:00,4,0.9952215948603025
2020-06-18 19:00:00,4,0.9994029502565445
2020-06-19 07:00:00,3,
2020-06-19 08:00:00,4,0.9996588298271053
2020-06-19 09:00:00,4,0.32537261454900523
2020-06-19 10:00:00,4,0.9997751349877583
2020-06-19 11:00:00,4,0.9909932062294255
2020-06-19 12:00:00,4,0.9914771013023482
2020-06-19 13:00:00,4,-0.15036934081519607
2020-06-19 14:00:00,4,0.723391292311725
2020-06-19 15:00:00,4,-0.2163097346175032
2020-06-19 16:00:00,4,0.9702262396092549
2020-06-19 17:00:00,4,0.9981816530916183
2020-06-19 18:00:00,4,0.9926683337216068
2020-06-19 19:00:00,4,0.9891835069872059
2020-06-20 07:00:00,4,0.9971759878569754
2020-06-20 08:00:00,4,0.9874471330018298
2020-06-20 09:00:00,4,0.7132516985675983
2020-06-20 10:00:00,4,0.8292014451510469
2020-06-20 11:00:00,4,0.7524068316430661
2020-06-20 12:00:00,4,0.2599037502622522
2020-06-20 13:00:00,4,0.8293648483581063
2020-06-20 14:00:00,4,0.9262318501127641
2020-06-20 15:00:00,4,0.9872453059300961
2020-06-20 16:00:00,4,0.967746985859069
2020-06-20 17:00:00,4,0.9778409981063936
2020-06-20 18:00:00,4,0.989080221365883
2020-06-20 19:00:00,4,0.8935102569569008
2020-06-21 07:00:00,4,0.9995431054128706
2020-06-21 08:00:00,4,0.9914907369327751
2020-06-21 09:00:00,4,0.6826506010854364
2020-06-21 10:00:00,4,0.9990165895832925
2020-06-21 11:00:00,4,0.5120728961631907
2020-06-21 12:00:00,4,0.1362038552095348
2020-06-21 13:00:00,4,-0.4523553732531112
2020-06-21 14:00:00,4,0.9978365577739026
2020-06-21 15:00:00,4,0.9999848521156511
2020-06-21 16:00:00,4,0.9581829137343705
2020-06-21 17:00:00,4,0.9739310655410899
2020-06-21 18:00:00,4,0.9820920419672847
2020-06-21 19:00:00,4,0.9960184092401771
2020-06-22 07:00:00,4,0.9417950716776634
2020-06-22 08:00:00,4,0.9926090921450109
2020-06-22 09:00:00,4,-0.3594808191996777
2020-06-22 10:00:00,4,0.990612598552275
2020-06-22 11:00:00,4,-0.06426012607866788
2020-06-22 12:00:00,4,0.9633934437842193
2020-06-22 13:00:00,4,-0.214137120391189
2020-06-22 14:00:00,4,0.9463663717055713
2020-06-22 15:00:00,4,-0.020247800730888714
2020-06-22 16:00:00,4,0.9912135538052916
2020-06-22 17:00:00,4,0.9868290305947115
2020-06-22 18:00:00,4,0.7912899136299955
2020-06-22 19:00:00,4,0.9965047097250341
2020-06-23 07:00:00,4,0.9661715067451969
2020-06-23 08:00:00,4,0.9700899011798427
2020-06-23 09:00:00,4,-0.48309380251384615
2020-06-23 10:00:00,4,0.9943940170282056
2020-06-23 11:00:00,4,0.6307381484173911
2020-06-23 12:00:00,4,0.9434814957590469
2020-06-23 13:00:00,4,0.9816827903906763
2020-06-23 14:00:00,4,0.9244880014662682
2020-06-23 15:00:00,4,0.9979484334408444
2020-06-23 16:00:00,4,0.963983980134298
2020-06-23 17:00:00,4,0.9720461500127947
2020-06-23 18:00:00,4,0.9945696163088792
2020-06-23 19:00:00,4,0.9978978250929358
2020-06-24 07:00:00,4,0.9768123729661373
2020-06-24 08:00:00,4,0.9445006746097513
2020-06-24 09:00:00,4,0.9979200419508256
2020-06-24 10:00:00,4,0.9809400165319886
2020-06-24 11:00:00,4,0.8135066066122199
2020-06-24 12:00:00,4,0.9912971983386389
2020-06-24 13:00:00,4,0.8534132477143094
2020-06-24 14:00:00,4,-0.17307974966770423
2020-06-24 15:00:00,4,0.3621909001854316
2020-06-24 16:00:00,4,0.9820643902676215
2020-06-24 17:00:00,4,0.9437468556783201
2020-06-24 18:00:00,4,0.9745881028598733
2020-06-24 19:00:00,4,0.9988881165623957
2020-06-25 07:00:00,4,0.9948329780807101
2020-06-25 08:00:00,4,0.9963501123806032
2020-06-25 09:00:00,4,-0.449609272628219
2020-06-25 10:00:00,4,0.998612870702616
2020-06-25 11:00:00,4,0.6980640174549605
2020-06-25 12:00:00,4,0.9556899079918878
2020-06-25 13:00:00,4,0.34656664110118524
2020-06-25 14:00:00,4,0.9974330505733993
2020-06-25 15:00:00,4,0.9797902512932994
2020-06-25 16:00:00,4,0.9406887438536946
2020-06-25 17:00:00,4,0.9629458855243387
2020-06-25 18:00:00,4,0.9947916630638952
2020-06-25 19:00:00,4,0.9800649271682859
2020-06-26 07:00:00,4,0.9956164685603317
2020-06-26 08:00:00,4,0.9957710766710296
2020-06-26 09:00:00,4,0.9742590613908225
2020-06-26 10:00:00,4,0.9816500288823597
2020-06-26 11:00:00,4,0.8082902651601168
2020-06-26 12:00:00,4,0.6831087566293512
2020-06-26 13:00:00,4,0.5443049722678094
2020-06-26 14:00:00,4,0.7597724131211118
2020-06-26 15:00:00,4,-0.183128087396709
2020-06-26 16:00:00,4,0.9917516963861117
2020-06-26 17:00:00,4,0.9977850636909422
2020-06-26 18:00:00,4,0.9741934518879165
2020-06-26 19:00:00,4,0.9494657516083983
2020-06-27 07:00:00,4,0.999944043984081
2020-06-27 08:00:00,4,0.9948185593302086
2020-06-27 09:00:00,4,0.6183483245872706
2020-06-27 10:00:00,4,0.9847546469993832
2020-06-27 11:00:00,4,0.9631227504484259
2020-06-27 12:00:00,4,0.9947252398769563
2020-06-27 13:00:00,4,0.9706346151274884
2020-06-27 14:00:00,4,0.9853161378563383
2020-06-27 15:00:00,4,-0.18342489273652082
2020-06-27 16:00:00,4,0.9876690270031214
2020-06-27 17:00:00,4,0.9974011611789878
2020-06-27 18:00:00,4,0.7313948825800393
2020-06-27 19:00:00,4,0.9997936402195294
2020-06-28 07:00:00,4,0.9905306683418953
2020-06-28 08:00:00,4,0.9968128448180177
2020-06-28 09:00:00,4,-0.3398439275250194
2020-06-28 10:00:00,4,0.9905626652267362
2020-06-28 11:00:00,4,0.9953863215159777
2020-06-28 12:00:00,4,0.9128121096466969
2020-06-28 13:00:00,4,0.9205083298738128
2020-06-28 14:00:00,4,0.7943855247754946
2020-06-28 15:00:00,4,0.9655483338457476
2020-06-28 16:00:00,4,0.9945848151997181
2020-06-28 17:00:00,4,0.9997018289095815
2020-06-28 18:00:00,4,0.9968907497417588
2020-06-28 19:00:00,4,0.984587083884568
2020-06-29 07:00:00,4,0.999760353824127
2020-06-29 08:00:00,4,0.9943642748529116
2020-06-29 09:00:00,4,0.9796490455338491
2020-06-29 10:00:00,4,0.6502587383605941
2020-06-29 11:00:00,4,0.9391210326963467
2020-06-29 12:00:00,4,0.8748970848121969
2020-06-29 13:00:00,4,0.8748136999619
2020-06-29 14:00:00,4,0.7555425518221701
2020-06-29 15:00:00,4,0.6986611645233592
2020-06-29 16:00:00,4,0.7736995886224202
2020-06-29 17:00:00,4,0.9991091006433743
2020-06-29 18:00:00,4,0.979601503561403
2020-06-29 19:00:00,4,0.9921843354071518
2020-06-30 08:00:00,4,0.7718620790628871
2020-06-30 09:00:00,4,0.8734571169002084
2020-06-30 10:00:00,4,0.9995001194211924
2020-06-30 11:00:00,4,0.9876828796096402
2020-06-30 12:00:00,4,0.9337417266296517
2020-06-30 13:00:00,4,0.9691264824640856
2020-06-30 14:00:00,4,0.8202857457118184
2020-06-30 15:00:00,4,0.9950232918413972
2020-06-30 16:00:00,4,0.5749664857901795
2020-06-30 17:00:00,4,0.7277360098860464
2020-06-30 18:00:00,4,0.9995356132281363
2020-06-30 19:00:00,4,0.998718795096437
2020-07-01 07:00:00,4,0.995371230934551
2020-07-01 08:00:00,4,0.9832475302031851
2020-07-01 09:00:00,4,0.9018130822727549
2020-07-01 10:00:00,4,0.8653661894197725
2020-07-01 11:00:00,4,0.9906129226320289
2020-07-01 12:00:00,4,0.8416339254906391
2020-07-01 13:00:00,4,0.9404242862919652
2020-07-01 14:00:00,4,0.9849797316971937
2020-07-01 15:00:00,4,0.6872336394758582
2020-07-01 16:00:00,4,0.8770638437639012
2020-07-01 17:00:00,4,0.9637435730888688
2020-07-01 18:00:00,4,0.9866396112588606
2020-07-01 19:00:00,4,0.9557203531556046
2020-07-02 07:00:00,4,0.9993020239189644
2020-07-02 08:00:00,4,0.9997738961217363
2020-07-02 09:00:00,4,0.9975211431630868
2020-07-02 10:00:00,4,0.9732030777568664
2020-07-02 11:00:00,4,0.9653787799364765
2020-07-02 12:00:00,4,0.974971402181742
2020-07-02 13:00:00,4,0.7149279950618544
2020-07-02 14:00:00,4,0.9301922627269987
2020-07-02 15:00:00,4,0.9423706038360953
2020-07-02 16:00:00,4,0.9939413078426959
2020-07-02 17:00:00,4,0.9985166295404257
2020-07-02 18:00:00,4,0.8176063671543342
2020-07-02 19:00:00,4,0.99927712380377
2020-07-03 07:00:00,4,0.998949446791165
2020-07-03 08:00:00,4,0.9056171941106547
2020-07-03 09:00:00,4,0.9710129906502887
2020-07-03 10:00:00,4,0.9918971076781009
2020-07-03 11:00:00,4,0.9973679582634625
2020-07-03 12:00:00,4,0.8707052739055194
2020-07-03 13:00:00,4,0.9897339129147442
2020-07-03 14:00:00,4,0.971999056068121
2020-07-03 15:00:00,4,0.9593554400577196
2020-07-03 16:00:00,4,0.9880096511319285
2020-07-03 17:00:00,4,0.9291097435400343
2020-07-03 18:00:00,4,0.9959676522443697
2020-07-03 19:00:00,4,0.998250932431902
2020-07-04 07:00:00,4,0.9875202219919041
2020-07-04 08:00:00,4,0.9975796093656062
2020-07-04 09:00:00,4,0.8431250758636636
2020-07-04 10:00:00,4,0.9542738265532734
2020-07-04 11:00:00,4,0.8880734106843889
2020-07-04 12:00:00,4,0.9614162581276776
2020-07-04 13:00:00,4,-0.8390199310192765
2020-07-04 14:00:00,4,0.7744105053191099
2020-07-04 15:00:00,4,-0.6998639900877262
2020-07-04 16:00:00,4,0.9385198795554981
2020-07-04 17:00:00,4,0.6902742915056033
2020-07-04 18:00:00,4,0.99385131130195
2020-07-04 19:00:00,4,0.994509805250051
2020-07-05 07:00:00,4,0.9912796798257492
2020-07-05 08:00:00,4,0.9884308953036366
2020-07-05 09:00:00,4,0.64884001020872
2020-07-05 10:00:00,4,0.7385487660392374
2020-07-05 11:00:00,4,0.9970338548186749
2020-07-05 12:00:00,4,0.9954038106777168
2020-07-05 13:00:00,4,0.8322497862048086
2020-07-05 14:00:00,4,0.6700318837627818
2020-07-05 15:00:00,4,0.9993036948626877
2020-07-05 16:00:00,4,0.9840255760342259
2020-07-05 17:00:00,4,0.4075675511505479
2020-07-05 18:00:00,4,0.9917553066723233
2020-07-05 19:00:00,4,0.9987283448470367
2020-07-06 07:00:00,4,0.9957402313932651
2020-07-06 08:00:00,4,0.9987861399405323
2020-07-06 09:00:00,4,0.6318527736703418
2020-07-06 10:00:00,4,0.9881096463577399
2020-07-06 11:00:00,4,0.9518997180794139
2020-07-06 12:00:00,4,0.8835173542176699
2020-07-06 13:00:00,4,0.6870935619140679
2020-07-06 14:00:00,4,0.9971804529092609
2020-07-06 15:00:00,4,0.8090973859311738
2020-07-06 16:00:00,4,0.9525870483864121
2020-07-06 17:00:00,4,-0.2930446288811098
2020-07-06 18:00:00,4,0.9871876222720113
2020-07-06 19:00:00,4,0.9948127491620092
2020-07-07 07:00:00,4,0.9923657715522639
2020-07-07 08:00:00,4,0.9958041281064098
2020-07-07 09:00:00,4,0.8118346311616076
2020-07-07 10:00:00,4,0.9232566107387746
2020-07-07 11:00:00,4,0.9982583189875583
2020-07-07 12:00:00,4,0.9727057882050201
2020-07-07 13:00:00,4,0.8006688270611789
2020-07-07 14:00:00,4,0.8625778397647739
2020-07-07 15:00:00,4,0.983021064573165
2020-07-07 16:00:00,4,0.9776386738954617
2020-07-07 17:00:00,4,0.9657336186204533
2020-07-07 18:00:00,4,0.9854705115759468
2020-07-07 19:00:00,4,0.937172974120559
2020-07-08 08:00:00,4,0.6887418771237764
2020-07-08 09:00:00,4,0.9647157767711896
2020-07-08 10:00:00,4,0.6949623272592848
2020-07-08 11:00:00,4,0.8523591496229445
2020-07-08 12:00:00,4,0.7900747064914834
2020-07-08 13:00:00,4,0.7528368948035603
2020-07-08 14:00:00,4,0.9770468894108545
2020-07-08 15:00:00,4,0.9825788868382059
2020-07-08 16:00:00,4,0.955557936845404
2020-07-08 17:00:00,4,0.9931530281720046
2020-07-08 18:00:00,4,0.995670456271823
2020-07-08 19:00:00,4,0.9543296654866735
2020-07-09 07:00:00,3,0.9660684601372249
2020-07-09 08:00:00,4,0.9643724026368558
2020-07-09 09:00:00,4,0.9846918558843024
2020-07-09 10:00:00,4,0.9783544033066869
2020-07-09 11:00:00,4,0.9658439333757891
2020-07-09 12:00:00,4,0.9700399240618595
2020-07-09 13:00:00,4,0.9327243725562657
2020-07-09 14:00:00,4,0.9815799395751698
2020-07-09 15:00:00,4,0.8893636497664303
2020-07-09 16:00:00,4,0.9997676565137195
2020-07-09 17:00:00,4,0.9764383246973606
2020-07-09 18:00:00,4,0.9095307893044502
2020-07-09 19:00:00,4,0.9993675820473272
2020-07-10 07:00:00,3,0.9959672076138805
2020-07-10 08:00:00,4,0.9980119615549551
2020-07-10 09:00:00,4,0.9071455709714945
2020-07-10 10:00:00,4,0.9372231184494773
2020-07-10 11:00:00,4,0.7342715695419954
2020-07-10 12:00:00,4,0.9325928844634502
2020-07-10 13:00:00,4,0.8970599294777926
2020-07-10 14:00:00,4,0.9238035529095314
2020-07-10 15:00:00,4,0.9111768912728037
2020-07-10 16:00:00,4,0.6817611270899331
2020-07-10 17:00:00,4,0.9796871574232325
2020-07-10 18:00:00,4,0.7005951336100409
2020-07-10 19:00:00,4,0.9974390335167044
2020-07-11 07:00:00,4,0.9999097937212771
2020-07-11 08:00:00,4,0.992488839206052
2020-07-11 09:00:00,4,0.8565353030549647
2020-07-11 10:00:00,4,0.46813784431217503
2020-07-11 11:00:00,4,0.9918461996923851
2020-07-11 12:00:00,4,0.8413379559019157
2020-07-11 13:00:00,4,0.8898760227985556
2020-07-11 14:00:00,4,0.9543791660076324
2020-07-11 15:00:00,4,0.8698668779875816
2020-07-11 16:00:00,4,0.9984799015538066
2020-07-11 17:00:00,4,0.9922884625414651
2020-07-11 18:00:00,4,0.9996707562195354
2020-07-11 19:00:00,4,0.971191216364149
2020-07-12 07:00:00,4,0.9977013431515412
2020-07-12 08:00:00,4,0.9875024922478711
2020-07-12 09:00:00,4,0.9921965721475755
2020-07-12 10:00:00,4,0.9984281490747487
2020-07-12 11:00:00,4,0.7041738890742258
2020-07-12 12:00:00,4,0.9912456769967508
2020-07-12 13:00:00,4,0.997792351293543
2020-07-12 14:00:00,4,0.985103414676404
2020-07-12 15:00:00,4,0.9920962967819564
2020-07-12 16:00:00,4,0.6331493043694421
2020-07-12 17:00:00,4,0.9692334275678393
2020-07-12 18:00:00,4,0.9943885535408761
2020-07-12 19:00:00,4,0.9940009913102023
2020-07-13 07:00:00,4,0.9911833998499513
2020-07-13 08:00:00,4,0.6902513681156371
2020-07-13 09:00:00,4,0.9069112642578354
2020-07-13 10:00:00,4,-0.16260818501051116
2020-07-13 11:00:00,4,0.7660126230875343
2020-07-13 12:00:00,4,0.9574137463048442
2020-07-13 13:00:00,4,0.9684372030311454
2020-07-13 14:00:00,4,0.9178969606510629
2020-07-13 15:00:00,4,0.9032119617710054
2020-07-13 16:00:00,4,0.9338103481335844
2020-07-13 17:00:00,4,0.9711889701749983
2020-07-13 18:00:00,4,0.9891969798020384
2020-07-13 19:00:00,4,0.9946976296235347
2020-07-14 07:00:00,4,0.9824466540265989
2020-07-14 08:00:00,4,0.9891231305363049
2020-07-14 09:00:00,4,0.9661653879532465
2020-07-14 10:00:00,4,0.9919652213033201
2020-07-14 11:00:00,4,0.9244110305826182
2020-07-14 12:00:00,4,0.9762241380277442
2020-07-14 13:00:00,4,0.9458776175040835
2020-07-14 14:00:00,4,0.9583741716402913
2020-07-14 15:00:00,4,0.675515272686732
2020-07-14 16:00:00,4,0.9503698782985763
2020-07-14 17:00:00,4,0.8775727527900083
2020-07-14 18:00:00,4,0.9808915816213702
2020-07-14 19:00:00,4,0.9841751382642652
2020-07-15 07:00:00,4,0.9997676963480877
2020-07-15 08:00:00,4,0.991420443232809
2020-07-15 09:00:00,4,0.9806754693644261
2020-07-15 10:00:00,4,0.9497105734658845
2020-07-15 11:00:00,4,0.987630434566874
2020-07-15 12:00:00,4,0.9914565881430337
2020-07-15 13:00:00,4,0.9986522992669133
2020-07-15 14:00:00,4,0.9676093385491434
2020-07-15 15:00:00,4,0.9747351550845711
2020-07-15 16:00:00,4,0.9667112520696219
2020-07-15 17:00:00,4,0.9810954477295776
2020-07-15 18:00:00,4,0.9563389413988371
2020-07-15 19:00:00,4,0.9990212739089794
2020-07-16 07:00:00,4,0.9999463190246031
2020-07-16 08:00:00,4,0.4330489445983963
2020-07-16 09:00:00,4,0.9995497922725864
2020-07-16 10:00:00,4,0.8303922354527795
2020-07-16 11:00:00,4,0.9337322787103274
2020-07-16 12:00:00,4,0.9318449980067494
2020-07-16 13:00:00,4,0.9499934380509053
2020-07-16 14:00:00,4,0.9175963940559987
2020-07-16 15:00:00,4,0.9983354619987319
2020-07-16 16:00:00,4,0.9467726324057684
2020-07-16 17:00:00,4,0.9233582055234529
2020-07-16 18:00:00,4,0.9961239018348562
2020-07-16 19:00:00,4,0.9977500751341017
2020-07-17 07:00:00,4,0.9991410783279419
2020-07-17 08:00:00,4,0.9990901035012281
2020-07-17 09:00:00,4,0.9945045772260098
2020-07-17 10:00:00,4,0.9898762079105833
2020-07-17 11:00:00,4,0.942720566068052
2020-07-17 12:00:00,4,0.9266979194200028
2020-07-17 13:00:00,4,0.9876468960289235
2020-07-17 14:00:00,4,0.9889640716116365
2020-07-17 15:00:00,4,0.9994210728081698
2020-07-17 16:00:00,4,0.9984402028509839
2020-07-17 17:00:00,4,0.8845803640996825
2020-07-17 18:00:00,4,0.9996661805773914
2020-07-17 19:00:00,4,0.8526801330531969
2020-07-18 07:00:00,4,0.997026885454585
2020-07-18 08:00:00,4,0.9930636391338812
2020-07-18 09:00:00,4,0.9793670137789177
2020-07-18 10:00:00,4,0.75251957812982
2020-07-18 11:00:00,4,0.9896881048056303
2020-07-18 12:00:00,4,0.9918024053194989
2020-07-18 13:00:00,4,0.8971518730383495
2020-07-18 14:00:00,4,-0.09618586543009805
2020-07-18 15:00:00,4,-0.7879145259710243
2020-07-18 16:00:00,4,0.7851233657183627
2020-07-18 17:00:00,4,0.999478233281924
2020-07-18 18:00:00,4,0.9982422942674106
2020-07-18 19:00:00,4,0.9880693750887827
2020-07-19 08:00:00,4,0.9938612065672031
2020-07-19 09:00:00,4,0.9972564869077029
2020-07-19 10:00:00,4,0.979651962927603
2020-07-19 11:00:00,4,-0.38700260215624815
2020-07-19 12:00:00,4,0.8545500482444522
2020-07-19 13:00:00,4,0.9519931292852654
2020-07-19 14:00:00,4,0.9897248224592157
2020-07-19 15:00:00,4,0.9987024280810318
2020-07-19 16:00:00,4,0.999188522526441
2020-07-19 17:00:00,4,0.9952304732706905
2020-07-19 18:00:00,4,0.9426395150476894
2020-07-19 19:00:00,4,0.9125902997214289
2020-07-20 07:00:00,4,0.9434543854627166
2020-07-20 08:00:00,4,0.8788335891664447
2020-07-20 09:00:00,4,0.6243084763309775
2020-07-20 10:00:00,4,0.9280525593577893
2020-07-20 11:00:00,4,0.7387955240489064
2020-07-20 12:00:00,4,0.965440396768234
2020-07-20 13:00:00,4,0.4251893191112352
2020-07-20 14:00:00,4,0.7564203206600089
2020-07-20 15:00:00,4,0.9996845681705702
2020-07-20 16:00:00,4,0.9816509596128027
2020-07-20 17:00:00,4,0.9170316358688453
2020-07-20 18:00:00,4,0.9159419282953757
2020-07-20 19:00:00,4,0.9954760725289286
2020-07-21 07:00:00,4,0.9306926270020482
2020-07-21 08:00:00,4,0.9854189700495514
2020-07-21 09:00:00,4,0.9945953486893594
2020-07-21 10:00:00,4,-0.39442204715573265
2020-07-21 11:00:00,4,0.7719406186793157
2020-07-21 12:00:00,4,0.3576577443283066
2020-07-21 13:00:00,4,0.6580210115398766
2020-07-21 14:00:00,4,0.9944508027407485
2020-07-21 15:00:00,4,0.903605119217344
2020-07-21 16:00:00,4,-0.047801416503804456
2020-07-21 17:00:00,4,0.8904686878153549
2020-07-21 18:00:00,4,0.9831052068801408
2020-07-21 19:00:00,4,0.9948755662193813
2020-07-22 07:00:00,4,0.9917946380452061
2020-07-22 08:00:00,4,0.9945307868550614
2020-07-22 09:00:00,4,0.8320179578060729
2020-07-22 10:00:00,4,0.9888829367197053
2020-07-22 11:00:00,4,0.8830540466802069
2020-07-22 12:00:00,4,0.684931805441316
2020-07-22 13:00:00,4,0.8550994091843875
2020-07-22 14:00:00,4,0.9796472804707228
2020-07-22 15:00:00,4,0.9973568382319451
2020-07-22 16:00:00,4,0.8191436397166777
2020-07-22 17:00:00,4,0.9343062454654518
2020-07-22 18:00:00,4,0.998359068644913
2020-07-22 19:00:00,4,0.9970120150799582
2020-07-23 07:00:00,4,0.9943100795979776
2020-07-23 08:00:00,4,0.9965813355280002
2020-07-23 09:00:00,4,0.9579970559158024
2020-07-23 10:00:00,4,0.4551917038272865
2020-07-23 11:00:00,4,0.9133750635408497
2020-07-23 12:00:00,4,0.9747946684887626
2020-07-23 13:00:00,4,0.4605867589735001
2020-07-23 14:00:00,4,0.7984939856222821
2020-07-23 15:00:00,4,0.42611780332682436
2020-07-23 16:00:00,4,-0.8405030424129892
2020-07-23 17:00:00,4,0.8872937249091336
2020-07-23 18:00:00,4,0.08876996265161004
2020-07-23 19:00:00,4,0.9985583421470151
2020-07-24 07:00:00,4,0.9867800399955209
2020-07-24 08:00:00,4,0.9970879709461657
2020-07-24 09:00:00,4,0.9916373673275105
2020-07-24 10:00:00,4,0.8367714382331565
2020-07-24 11:00:00,4,0.48419012824374286
2020-07-24 12:00:00,4,0.70004175127866
2020-07-24 13:00:00,4,0.7594478341360026
2020-07-24 14:00:00,4,0.894421732998158
2020-07-24 15:00:00,4,0.9926685227283286
2020-07-24 16:00:00,4,0.5101133909302443
2020-07-24 17:00:00,4,0.9994710319311823
2020-07-24 18:00:00,4,0.9997910357777707
2020-07-24 19:00:00,4,0.9901895391308564
2020-07-25 07:00:00,4,0.9969448125905618
2020-07-25 08:00:00,4,0.9863134249048207
2020-07-25 09:00:00,4,0.9761522237560635
2020-07-25 10:00:00,4,0.9786391178781796
2020-07-25 11:00:00,4,0.5633796728689603
2020-07-25 12:00:00,4,0.9053973143727521
2020-07-25 13:00:00,4,0.9019618641556582
2020-07-25 14:00:00,4,0.9333090357269832
2020-07-25 15:00:00,4,0.8338792595210772
2020-07-25 16:00:00,4,0.7169054515461603
2020-07-25 17:00:00,4,0.9420971194278003
2020-07-25 18:00:00,4,0.9705017543447815
2020-07-25 19:00:00,4,0.9977359352202131
2020-07-26 07:00:00,4,0.9275412230741743
2020-07-26 08:00:00,4,0.9687530893654369
2020-07-26 09:00:00,4,0.9634389740351157
2020-07-26 10:00:00,4,0.982415584118809
2020-07-26 11:00:00,4,0.9989057312468305
2020-07-26 12:00:00,4,0.9842239947005003
2020-07-26 13:00:00,4,0.9013603846479248
2020-07-26 14:00:00,4,0.8938428041278722
2020-07-26 15:00:00,4,0.9883882974725664
2020-07-26 16:00:00,4,0.8819441824366707
2020-07-26 17:00:00,4,0.9493374119980015
2020-07-26 18:00:00,4,0.9576229249220751
2020-07-26 19:00:00,4,0.9973995428192538
2020-07-27 07:00:00,4,0.9922724398549756
2020-07-27 08:00:00,4,0.797570453129695
2020-07-27 09:00:00,4,0.8362215583134665
2020-07-27 10:00:00,4,0.5188879447137305
2020-07-27 11:00:00,4,0.6337519311505397
2020-07-27 12:00:00,4,0.9594667278019448
2020-07-27 13:00:00,4,-0.9923360856324592
2020-07-27 14:00:00,4,0.9982859136641665
2020-07-27 15:00:00,4,0.9981921061173352
2020-07-27 16:00:00,4,0.9997769385190761
2020-07-27 17:00:00,4,0.999978290664497
2020-07-27 18:00:00,4,0.9991906846758517
2020-07-27 19:00:00,4,0.9853789370374655
2020-07-28 07:00:00,4,0.993211349386494
2020-07-28 08:00:00,4,0.9967529773460662
2020-07-28 09:00:00,4,0.9995772444633744
2020-07-28 10:00:00,4,0.8851411548567895
2020-07-28 11:00:00,4,0.9935816635437192
2020-07-28 12:00:00,4,0.9563845843860139
2020-07-28 13:00:00,4,0.9998958502348848
2020-07-28 14:00:00,4,0.9955228660255218
2020-07-28 15:00:00,4,0.9997821770537105
2020-07-28 16:00:00,4,0.9988639851505978
2020-07-28 17:00:00,4,0.9991956304327589
2020-07-28 18:00:00,4,0.9994117250956328
2020-07-28 19:00:00,4,0.9985458340104897
2020-07-29 07:00:00,4,0.9981632207597768
2020-07-29 08:00:00,4,0.9940951942663088
2020-07-29 09:00:00,4,0.9998157755424173
2020-07-29 10:00:00,4,0.8706634046606662
2020-07-29 11:00:00,4,0.9493322058024114
2020-07-29 12:00:00,4,0.9653711399757965
2020-07-29 13:00:00,4,0.9864844413629263
2020-07-29 14:00:00,4,0.9811686757844452
2020-07-29 15:00:00,4,0.9800101369406669
2020-07-29 16:00:00,4,0.9991359023597246
2020-07-29 17:00:00,4,0.9848375748490588
2020-07-29 18:00:00,4,0.99757687436391
2020-07-29 19:00:00,4,0.9998300705923673
2020-07-30 07:00:00,3,0.9983563708538954
2020-07-30 08:00:00,4,0.9995615046238409
2020-07-30 09:00:00,4,0.9985152401975221
2020-07-30 10:00:00,4,0.9992751561008958
2020-07-30 11:00:00,4,0.9882534785594951
2020-07-30 12:00:00,4,0.9753617026116066
2020-07-30 13:00:00,4,0.9860616441432654
2020-07-30 14:00:00,4,0.9822131519103485
2020-07-30 15:00:00,4,0.9992394733349897
2020-07-30 16:00:00,4,0.9323196979352536
2020-07-30 17:00:00,4,0.99942279265034
2020-07-30 18:00:00,4,0.999527238407542
2020-07-30 19:00:00,4,0.9694031532836956
2020-07-31 07:00:00,3,0.9695852186033209
2020-07-31 08:00:00,4,0.9983093220295369
2020-07-31 09:00:00,4,0.9964238305444292
2020-07-31 10:00:00,4,0.9997071615026989
2020-07-31 11:00:00,4,0.9940870715948193
2020-07-31 12:00:00,4,0.9804761451273396
2020-07-31 13:00:00,4,0.986882543704677
2020-07-31 14:00:00,4,0.9950025589005607
2020-07-31 15:00:00,4,0.6530108881869414
2020-07-31 16:00:00,4,0.9899738840625775
2020-07-31 17:00:00,4,0.97397185218116
2020-07-31 18:00:00,4,0.93464473773873
2020-07-31 19:00:00,4,0.9935068774943754
2020-08-01 07:00:00,4,0.9943082672650347
2020-08-01 08:00:00,4,0.9947318543940908
2020-08-01 09:00:00,4,0.743130356502459
2020-08-01 10:00:00,4,0.8186415093374839
2020-08-01 11:00:00,4,0.9956282412838536
2020-08-01 12:00:00,4,0.9939362293089422
2020-08-01 13:00:00,4,0.4842225095660522
2020-08-01 14:00:00,4,0.9025049591000878
2020-08-01 15:00:00,4,0.9978009711540882
2020-08-01 16:00:00,4,0.9948647424549306
2020-08-01 17:00:00,4,0.9197693306183279
2020-08-01 18:00:00,4,0.9988502392712361
2020-08-01 19:00:00,4,0.9949013621635722
2020-08-02 07:00:00,4,0.9657675953369974
2020-08-02 08:00:00,4,0.9994235306133077
2020-08-02 09:00:00,4,0.9428339072832845
2020-08-02 10:00:00,4,0.9617606320469014
2020-08-02 11:00:00,4,0.9793109879503021
2020-08-02 12:00:00,4,0.9285395433996548
2020-08-02 13:00:00,4,0.28430742690862976
2020-08-02 14:00:00,4,0.9681649229231184
2020-08-02 15:00:00,4,0.8121100771361613
2020-08-02 16:00:00,4,0.9593226259661053
2020-08-02 17:00:00,4,0.9980160215479584
2020-08-02 18:00:00,4,0.9729999316520711
2020-08-02 19:00:00,4,0.9654154030450699
2020-08-03 07:00:00,3,0.9987486647698335
2020-08-03 08:00:00,4,0.9993731163995729
2020-08-03 09:00:00,4,0.987652598597453
2020-08-03 10:00:00,4,0.5229519141370627
2020-08-03 11:00:00,4,0.8471543561013231
2020-08-03 12:00:00,4,0.0913024038310047
2020-08-03 13:00:00,4,0.6929589907417595
2020-08-03 14:00:00,4,0.9343923101286675
2020-08-03 15:00:00,4,0.9837395135178074
2020-08-03 16:00:00,4,0.9473013187283781
2020-08-03 17:00:00,4,0.47168264367770985
2020-08-03 18:00:00,4,0.9902759213266794
2020-08-03 19:00:00,4,0.3562143141184445
2020-08-04 07:00:00,4,
2020-08-04 08:00:00,4,
2020-08-04 09:00:00,4,
2020-08-04 10:00:00,4,
2020-08-04 11:00:00,4,
2020-08-04 12:00:00,4,
2020-08-04 13:00:00,4,
2020-08-04 14:00:00,4,
2020-08-04 15:00:00,4,
2020-08-04 16:00:00,4,
2020-08-04 17:00:00,4,
2020-08-04 18:00:00,4,
2020-08-04 19:00:00,4,
2020-08-05 07:00:00,4,
2020-08-05 08:00:00,4,
2020-08-05 09:00:00,4,
2020-08-05 10:00:00,4,
2020-08-05 11:00:00,4,
2020-08-05 12:00:00,4,
2020-08-05 13:00:00,4,
2020-08-05 14:00:00,4,
2020-08-05 15:00:00,4,
2020-08-05 16:00:00,4,
2020-08-05 17:00:00,4,
2020-08-05 18:00:00,4,
2020-08-05 19:00:00,4,
2020-08-06 07:00:00,4,0.987332223826724
2020-08-06 08:00:00,4,0.9997091864511021
2020-08-06 09:00:00,4,0.8927733320954758
2020-08-06 10:00:00,4,0.9917081628137843
2020-08-06 11:00:00,4,0.946877361002989
2020-08-06 12:00:00,4,0.9106545826013241
2020-08-06 13:00:00,4,0.9887280353467041
2020-08-06 14:00:00,4,0.9683188010028764
2020-08-06 15:00:00,4,0.9960542144688199
2020-08-06 16:00:00,4,0.9996236469365387
2020-08-06 17:00:00,4,0.999973136041502
2020-08-06 18:00:00,4,0.999845818646479
2020-08-06 19:00:00,4,0.9837786923753022
2020-08-07 07:00:00,3,0.9998357277622346
2020-08-07 08:00:00,4,0.9931387547299929
2020-08-07 09:00:00,4,0.7429097347695651
2020-08-07 10:00:00,4,0.9974883395693844
2020-08-07 11:00:00,4,0.9080959589215913
2020-08-07 12:00:00,4,0.9974491330510097
2020-08-07 13:00:00,4,0.902258801973971
2020-08-07 14:00:00,4,0.998532582657142
2020-08-07 15:00:00,4,0.9989233498570106
2020-08-07 16:00:00,4,0.9999325147901396
2020-08-07 17:00:00,4,0.9274536560765961
2020-08-07 18:00:00,4,0.9999930365354704
2020-08-07 19:00:00,4,0.9999897514456447
2020-08-08 07:00:00,4,0.9995018185373801
2020-08-08 08:00:00,4,0.9987823774272703
2020-08-08 09:00:00,4,0.9986886282020623
2020-08-08 10:00:00,4,0.9748999391864677
2020-08-08 11:00:00,4,0.7264705966143753
2020-08-08 12:00:00,4,0.07487280424925151
2020-08-08 13:00:00,4,0.859425546235189
2020-08-08 14:00:00,4,0.9988326327649877
2020-08-08 15:00:00,4,0.9791091887325194
2020-08-08 16:00:00,4,0.9611315026364035
2020-08-08 17:00:00,4,0.7701035859218958
2020-08-08 18:00:00,4,0.9998432037330574
2020-08-08 19:00:00,3,0.9982820758090217
2020-08-09 07:00:00,3,-0.18898223650461407
2020-08-09 08:00:00,4,0.995089006825036
2020-08-09 09:00:00,4,0.8219639756647225
2020-08-09 10:00:00,4,0.8919410796249101
2020-08-09 11:00:00,4,0.9549221819964036
2020-08-09 12:00:00,4,0.42920925422997963
2020-08-09 13:00:00,4,0.8902960108930069
2020-08-09 14:00:00,4,0.7320342390570553
2020-08-09 15:00:00,4,0.8904856523863224
2020-08-09 16:00:00,4,0.9539571933857479
2020-08-09 17:00:00,4,0.9952082344684666
2020-08-09 18:00:00,4,0.9975913701000492
2020-08-09 19:00:00,4,0.9962630451276991
2020-08-10 07:00:00,4,0.9879099294582266
2020-08-10 08:00:00,4,0.9961971012922693
2020-08-10 09:00:00,4,0.895153450421698
2020-08-10 10:00:00,4,0.9815190751215283
2020-08-10 11:00:00,4,0.9944878456789024
2020-08-10 12:00:00,4,0.8680368328720863
2020-08-10 13:00:00,4,0.5240080341452766
2020-08-10 14:00:00,4,0.4033326383126761
2020-08-10 15:00:00,4,0.9785426224693883
2020-08-10 16:00:00,4,0.9983891871206827
2020-08-10 17:00:00,4,0.9593867532928493
2020-08-10 18:00:00,4,0.9982483272416741
2020-08-10 19:00:00,4,0.9959556312279388
2020-08-11 07:00:00,4,0.999299773339162
2020-08-11 08:00:00,4,0.9993833038598877
2020-08-11 09:00:00,4,0.9997465231457183
2020-08-11 10:00:00,4,0.9976437074428746
2020-08-11 11:00:00,4,0.9088499352433657
2020-08-11 12:00:00,4,0.9749357366977475
2020-08-11 13:00:00,4,0.9934934805264324
2020-08-11 14:00:00,4,0.9005665932697147
2020-08-11 15:00:00,4,0.99588889756172
2020-08-11 16:00:00,4,0.991352954929852
2020-08-11 17:00:00,4,0.9982274011250164
2020-08-11 18:00:00,4,0.9994110988227523
2020-08-11 19:00:00,4,0.9996216657349009
2020-08-12 07:00:00,4,0.9994106557987937
2020-08-12 08:00:00,4,0.9994304364014953
2020-08-12 09:00:00,4,0.9999006261189587
2020-08-12 10:00:00,4,0.9929694357334902
2020-08-12 11:00:00,4,0.9813868683689945
2020-08-12 12:00:00,4,0.9996581584696562
2020-08-12 13:00:00,4,0.9995790317187682
2020-08-12 14:00:00,4,0.9987542964288725
2020-08-12 15:00:00,4,0.998732247505553
2020-08-12 16:00:00,4,0.9944060893046097
2020-08-12 17:00:00,4,0.9999713517056792
2020-08-12 18:00:00,4,0.9999865592815754
2020-08-12 19:00:00,4,0.9996569959083239
2020-08-13 08:00:00,4,0.9989528765600943
2020-08-13 09:00:00,4,0.9475562326024835
2020-08-13 10:00:00,4,0.977516061801254
2020-08-13 11:00:00,4,0.32929219252326153
2020-08-13 12:00:00,4,0.9774397689433976
2020-08-13 13:00:00,4,0.9964216848640977
2020-08-13 14:00:00,4,0.9879810711389148
2020-08-13 15:00:00,4,0.7925440010120921
2020-08-13 16:00:00,4,0.9226262560983501
2020-08-13 17:00:00,4,0.9826359785460933
2020-08-13 18:00:00,4,0.923195565467004
2020-08-13 19:00:00,4,0.9999050201207922
2020-08-14 07:00:00,4,0.9910761081319104
2020-08-14 08:00:00,4,0.9991582360424829
2020-08-14 09:00:00,4,0.9949844166080193
2020-08-14 10:00:00,4,0.9052798675435925
2020-08-14 11:00:00,4,0.9959530243203105
2020-08-14 12:00:00,4,0.9975740830001644
2020-08-14 13:00:00,4,0.9758607739850427
2020-08-14 14:00:00,4,0.9899313155005215
2020-08-14 15:00:00,4,0.9947960708391692
2020-08-14 16:00:00,4,0.9567714953232516
2020-08-14 17:00:00,4,0.97409413343266
2020-08-14 18:00:00,4,0.9996746917161966
2020-08-14 19:00:00,4,0.9985621511562403
2020-08-15 07:00:00,4,0.9999655776290499
2020-08-15 08:00:00,4,0.9996445067844045
2020-08-15 09:00:00,4,0.9984962879940301
2020-08-15 10:00:00,4,0.9993129394516537
2020-08-15 11:00:00,4,0.9985051622745742
2020-08-15 12:00:00,4,0.9922867656435521
2020-08-15 13:00:00,4,0.9994958990149804
2020-08-15 14:00:00,4,0.9960286332100189
2020-08-15 15:00:00,4,0.9949355492858571
2020-08-15 16:00:00,4,0.9958170579492461
2020-08-15 17:00:00,4,0.9931761244223619
2020-08-15 18:00:00,4,0.9985525666179442
2020-08-15 19:00:00,4,0.9998610481650138
2020-08-16 07:00:00,3,0.9999619274907627
2020-08-16 08:00:00,4,0.9996628751033757
2020-08-16 09:00:00,4,0.9998465734271099
2020-08-16 10:00:00,4,0.9993847594085414
2020-08-16 11:00:00,4,0.9932747012679431
2020-08-16 12:00:00,4,0.9999967445588729
2020-08-16 13:00:00,4,0.9942130154836476
2020-08-16 14:00:00,4,0.9521330865362521
2020-08-16 15:00:00,4,0.9866399269062142
2020-08-16 16:00:00,4,0.9998809528796787
2020-08-16 17:00:00,4,0.9988103533479226
2020-08-16 18:00:00,4,0.9993197425907806
2020-08-16 19:00:00,3,0.9956681533494891
2020-08-17 07:00:00,3,0.9941349850591907
2020-08-17 08:00:00,4,0.9973321378771747
2020-08-17 09:00:00,4,0.9979572579293005
2020-08-17 10:00:00,4,0.7174324810071813
2020-08-17 11:00:00,4,0.9214949402356917
2020-08-17 12:00:00,4,0.9823307360959119
2020-08-17 13:00:00,4,0.9989462718419996
2020-08-17 14:00:00,4,0.9960057234196472
2020-08-17 15:00:00,4,0.9991859995155518
2020-08-17 16:00:00,4,0.9801140045577376
2020-08-17 17:00:00,4,0.9773553143350712
2020-08-17 18:00:00,4,0.9975772234642886
2020-08-17 19:00:00,4,0.9953635309514675
2020-08-18 07:00:00,4,0.9989963717490605
2020-08-18 08:00:00,4,0.9787791421814492
2020-08-18 09:00:00,4,0.9983048147566176
2020-08-18 10:00:00,4,0.991686607498637
2020-08-18 11:00:00,4,0.9810597083821783
2020-08-18 12:00:00,4,0.9457222105605164
2020-08-18 13:00:00,4,0.9896476668521792
2020-08-18 14:00:00,4,0.6335224124611882
2020-08-18 15:00:00,4,0.9908435152419875
2020-08-18 16:00:00,4,0.9922507119996611
2020-08-18 17:00:00,4,0.995439124521007
2020-08-18 18:00:00,4,0.9924990330663153
2020-08-18 19:00:00,3,0.9963281288239161
2020-08-19 07:00:00,3,0.9856997303899326
2020-08-19 08:00:00,4,0.8402916883111635
2020-08-19 09:00:00,4,0.9994452324802221
2020-08-19 10:00:00,4,0.8694042974298154
2020-08-19 11:00:00,4,0.6899576485187162
2020-08-19 12:00:00,4,0.579250067783219
2020-08-19 13:00:00,4,0.7661169388827167
2020-08-19 14:00:00,4,-0.9882919327067629
2020-08-19 15:00:00,4,0.9575571668282896
2020-08-19 16:00:00,4,0.6557772922027879
2020-08-19 17:00:00,4,0.7531690119505885
2020-08-19 18:00:00,4,0.9988916669011255
2020-08-19 19:00:00,4,0.9944389141722564
2020-08-20 07:00:00,4,0.996123264138573
2020-08-20 08:00:00,4,0.9487485735696962
2020-08-20 09:00:00,4,0.9898743935064328
2020-08-20 10:00:00,4,0.23411529800795605
2020-08-20 11:00:00,4,0.8156897958256286
2020-08-20 12:00:00,4,0.9714445499261238
2020-08-20 13:00:00,4,0.9738250931854635
2020-08-20 14:00:00,4,0.9956647907124673
2020-08-20 15:00:00,4,0.9557297359363844
2020-08-20 16:00:00,4,0.9994594620497336
2020-08-20 17:00:00,4,0.9694090761902259
2020-08-20 18:00:00,4,0.9998396568911742
2020-08-20 19:00:00,4,0.9925382163887385
2020-08-21 07:00:00,4,0.9994367554607866
2020-08-21 08:00:00,4,0.9921265343812348
2020-08-21 09:00:00,4,0.9411462330801121
2020-08-21 10:00:00,4,0.9932970389767041
2020-08-21 11:00:00,4,0.9738929931992588
2020-08-21 12:00:00,4,0.875543519720604
2020-08-21 13:00:00,4,-0.45701516646375784
2020-08-21 14:00:00,4,0.825660013562678
2020-08-21 15:00:00,4,0.9835927371326022
2020-08-21 16:00:00,4,0.9911268580362208
2020-08-21 17:00:00,4,0.999500672020009
2020-08-21 18:00:00,4,0.9997471500277142
2020-08-21 19:00:00,4,0.9957858718634053
2020-08-22 07:00:00,4,0.9999864669568435
2020-08-22 08:00:00,4,0.9899685906045923
2020-08-22 09:00:00,4,0.9711885994586288
2020-08-22 10:00:00,4,-0.09670011820143325
2020-08-22 11:00:00,4,0.9995442331938613
2020-08-22 12:00:00,4,0.9936393203292484
2020-08-22 13:00:00,4,0.8793168786288127
2020-08-22 14:00:00,4,0.9973684898071825
2020-08-22 15:00:00,4,0.9954884377832139
2020-08-22 16:00:00,4,0.9999121083168098
2020-08-22 17:00:00,4,0.9996622358695691
2020-08-22 18:00:00,4,0.9995853621718296
2020-08-22 19:00:00,4,0.981569275345296
2020-08-23 07:00:00,4,0.9940979972382891
2020-08-23 08:00:00,4,0.9961520779280469
2020-08-23 09:00:00,4,0.9991969035809717
2020-08-23 10:00:00,4,0.40851825064955327
2020-08-23 11:00:00,4,0.638728137636123
2020-08-23 12:00:00,4,0.9869637248395374
2020-08-23 13:00:00,4,0.986307703017967
2020-08-23 14:00:00,4,0.9862030150003586
2020-08-23 15:00:00,4,0.9955383754429596
2020-08-23 16:00:00,4,0.9905512905249473
2020-08-23 17:00:00,4,0.999674115395728
2020-08-23 18:00:00,4,0.9999727409713934
2020-08-23 19:00:00,3,0.9615441795286961
2020-08-24 08:00:00,4,0.3390530536102212
2020-08-24 09:00:00,3,
2020-08-24 10:00:00,4,0.9572700182487521
2020-08-24 11:00:00,4,0.9950175848817735
2020-08-24 12:00:00,4,0.9972757388918466
2020-08-24 13:00:00,4,0.9878336159718163
2020-08-24 14:00:00,4,0.9887185010798171
2020-08-24 15:00:00,4,0.35295093151912305
2020-08-24 16:00:00,4,0.9209984209008641
2020-08-24 17:00:00,4,0.8211311138639551
2020-08-24 18:00:00,4,0.9958215804947261
2020-08-24 19:00:00,3,0.9974355755882612
2020-08-25 07:00:00,4,0.9982871530759665
2020-08-25 08:00:00,4,0.9611600307618002
2020-08-25 09:00:00,4,0.965267317350582
2020-08-25 10:00:00,4,0.3973211816926771
2020-08-25 11:00:00,4,-0.1525326037543262
2020-08-25 12:00:00,4,0.9737112137163197
2020-08-25 13:00:00,4,0.9911408128843998
2020-08-25 14:00:00,4,0.5007438338716281
2020-08-25 15:00:00,4,0.9290357056320172
2020-08-25 16:00:00,4,0.9993475843345182
2020-08-25 17:00:00,4,0.9990319924229017
2020-08-25 18:00:00,4,0.9999410750311133
2020-08-25 19:00:00,3,0.9898103691584681
2020-08-26 07:00:00,4,0.9933805620609912
2020-08-26 08:00:00,4,0.99369494653819
2020-08-26 09:00:00,4,0.9995520665364789
2020-08-26 10:00:00,4,0.999808708173397
2020-08-26 11:00:00,4,0.9947176559933903
2020-08-26 12:00:00,4,0.9992036026477378
2020-08-26 13:00:00,4,0.9809767408855761
2020-08-26 14:00:00,4,0.9974976718222867
2020-08-26 15:00:00,4,0.9953944296570523
2020-08-26 16:00:00,4,0.9999722144652047
2020-08-26 17:00:00,4,0.999642370961334
2020-08-26 18:00:00,4,0.9999167463525154
2020-08-26 19:00:00,3,0.9955033688843286
2020-08-27 07:00:00,4,0.9936280866499393
2020-08-27 08:00:00,4,0.9887836584268606
2020-08-27 09:00:00,4,0.9993951073558192
2020-08-27 10:00:00,4,0.9994354746542597
2020-08-27 11:00:00,4,0.9987822740192638
2020-08-27 12:00:00,4,0.998910283847428
2020-08-27 13:00:00,4,0.9574885583380595
2020-08-27 14:00:00,4,0.9997919847839252
2020-08-27 15:00:00,4,0.9955172633635938
2020-08-27 16:00:00,4,0.9999638651528236
2020-08-27 17:00:00,4,0.9989773873867211
2020-08-27 18:00:00,4,0.9998675041661819
2020-08-27 19:00:00,3,0.9915238427351677
2020-08-28 07:00:00,3,0.992436218094123
2020-08-28 08:00:00,4,0.7125653863988906
2020-08-28 09:00:00,4,0.9231029158687734
2020-08-28 10:00:00,4,0.22600652025299464
2020-08-28 11:00:00,4,0.9766902318823883
2020-08-28 12:00:00,4,0.9831886351128023
2020-08-28 13:00:00,4,0.9083082791373666
2020-08-28 14:00:00,4,0.8475094236524067
2020-08-28 15:00:00,4,0.9889351709871766
2020-08-28 16:00:00,4,0.9827515909823752
2020-08-28 17:00:00,4,0.9633879232322639
2020-08-28 18:00:00,4,0.9994396629354549
2020-08-29 08:00:00,4,0.9828449616296945
2020-08-29 09:00:00,4,0.9916043217309242
2020-08-29 10:00:00,4,0.9968394117626315
2020-08-29 11:00:00,4,0.6045242019732042
2020-08-29 12:00:00,4,0.9766277394023198
2020-08-29 13:00:00,4,0.805287026761429
2020-08-29 14:00:00,4,0.6565395287335867
2020-08-29 15:00:00,4,0.9405327688655618
2020-08-29 16:00:00,4,0.9965424824483808
2020-08-29 17:00:00,4,0.9990961290522242
2020-08-29 18:00:00,4,0.9465005786524651
2020-08-29 19:00:00,3,0.9958508138818088
2020-08-30 08:00:00,4,0.9913976269317445
2020-08-30 09:00:00,4,0.9996016318087662
2020-08-30 10:00:00,4,0.9978699709199843
2020-08-30 11:00:00,4,0.9959611219458019
2020-08-30 12:00:00,4,0.9876537244416547
2020-08-30 13:00:00,4,0.9856527442210435
2020-08-30 14:00:00,4,0.9956403108977517
2020-08-30 15:00:00,4,0.9811402163205049
2020-08-30 16:00:00,4,0.9246704929496311
2020-08-30 17:00:00,4,0.9691065882107335
2020-08-30 18:00:00,4,0.9245889426316056
2020-08-30 19:00:00,3,0.7057994092959792
2020-08-31 07:00:00,3,0.9989389523079649
2020-08-31 08:00:00,4,0.9968785395264393
2020-08-31 09:00:00,4,0.9998494714451536
2020-08-31 10:00:00,4,0.8699106376033123
2020-08-31 11:00:00,4,0.9971649298560203
2020-08-31 12:00:00,4,0.3520929667853516
2020-08-31 13:00:00,4,0.9863040519747935
2020-08-31 14:00:00,4,0.9220687859184751
2020-08-31 15:00:00,4,0.9957307733215531
2020-08-31 16:00:00,4,0.993967806093084
2020-08-31 17:00:00,4,0.9967856589502868
2020-08-31 18:00:00,4,0.9999580389814527
2020-08-31 19:00:00,3,0.9865975545279818
2020-09-01 07:00:00,4,0.993592743919178
2020-09-01 08:00:00,4,0.996321786583538
2020-09-01 09:00:00,4,0.9885466483349219
2020-09-01 10:00:00,4,0.8662139708023284
2020-09-01 11:00:00,4,0.9928106999982292
2020-09-01 12:00:00,4,0.31866766692415655
2020-09-01 13:00:00,4,-0.358539598597491
2020-09-01 14:00:00,4,0.9955281664061751
2020-09-01 15:00:00,4,0.9133142454123738
2020-09-01 16:00:00,4,0.6902315130810522
2020-09-01 17:00:00,4,0.9997472750289212
2020-09-01 18:00:00,4,0.9999236074326985
2020-09-01 19:00:00,3,0.991013803369819
2020-09-02 07:00:00,3,0.9958948914099841
2020-09-02 08:00:00,4,0.9997254803391444
2020-09-02 09:00:00,4,0.9989589511450573
2020-09-02 10:00:00,4,0.9997664062552355
2020-09-02 11:00:00,4,0.9964547583105565
2020-09-02 12:00:00,4,0.9961963859939039
2020-09-02 13:00:00,4,0.7401147766253786
2020-09-02 14:00:00,4,0.9952286136497928
2020-09-02 15:00:00,4,0.9969291629131849
2020-09-02 16:00:00,4,0.9976805658198511
2020-09-02 17:00:00,4,0.9987069176927879
2020-09-02 18:00:00,4,0.9997388914850328
2020-09-02 19:00:00,3,0.9913603750133422
2020-09-03 07:00:00,4,0.9950503702111306
2020-09-03 08:00:00,4,0.9953110961628946
2020-09-03 09:00:00,4,0.9979212021035632
2020-09-03 10:00:00,4,0.9804657180940607
2020-09-03 11:00:00,4,0.9781264933383337
2020-09-03 12:00:00,4,0.737234468291224
2020-09-03 13:00:00,4,0.9935803224623209
2020-09-03 14:00:00,4,0.8583871660914952
2020-09-03 15:00:00,4,0.9609023493337603
2020-09-03 16:00:00,4,0.9078093349309142
2020-09-03 17:00:00,4,0.9973454822078752
2020-09-03 18:00:00,4,0.9996065644322206
2020-09-04 07:00:00,3,0.999947132314337
2020-09-04 08:00:00,4,0.9993652552952083
2020-09-04 09:00:00,4,0.9985533191437078
2020-09-04 10:00:00,4,0.9998322853039989
2020-09-04 11:00:00,4,0.9593168486535186
2020-09-04 12:00:00,4,0.9786536822689639
2020-09-04 13:00:00,4,0.993087010766396
2020-09-04 14:00:00,4,0.9966923456996949
2020-09-04 15:00:00,4,0.9959915587129259
2020-09-04 16:00:00,4,0.991225858941287
2020-09-04 17:00:00,4,0.9970507970373431
2020-09-04 18:00:00,4,0.9991209824916865
2020-09-05 07:00:00,3,0.966329274552261
2020-09-05 08:00:00,4,0.9999964869334049
2020-09-05 09:00:00,4,0.9994477622577039
2020-09-05 10:00:00,4,0.9997240650015802
2020-09-05 11:00:00,4,0.9985487267691545
2020-09-05 12:00:00,4,0.8508255902387977
2020-09-05 13:00:00,4,0.9312003354311571
2020-09-05 14:00:00,4,0.6414486345932093
2020-09-05 15:00:00,4,0.921760640348163
2020-09-05 16:00:00,4,0.9935119715101329
2020-09-05 17:00:00,4,0.9993627391705958
2020-09-05 18:00:00,4,0.9999964432675598
2020-09-05 19:00:00,3,0.9977112656943044
2020-09-06 08:00:00,4,0.997306530302091
2020-09-06 09:00:00,4,0.9920762068451795
2020-09-06 10:00:00,4,0.9439843517315991
2020-09-06 11:00:00,4,0.8778601439114914
2020-09-06 12:00:00,4,0.9820203720057505
2020-09-06 13:00:00,4,0.7636486128205935
2020-09-06 14:00:00,4,0.9832830218772551
2020-09-06 15:00:00,4,0.9997420940361756
2020-09-06 16:00:00,4,0.9982570513246181
2020-09-06 17:00:00,4,0.9997967265035962
2020-09-06 18:00:00,4,0.9999321420354753
2020-09-07 07:00:00,3,0.9999171157843602
2020-09-07 08:00:00,4,0.9999150905731624
2020-09-07 09:00:00,4,0.9522588762564429
2020-09-07 10:00:00,4,0.906070050156946
2020-09-07 11:00:00,4,0.6012895499037612
2020-09-07 12:00:00,4,0.9884189383342935
2020-09-07 13:00:00,4,0.9852022099445292
2020-09-07 14:00:00,4,0.9233705685201585
2020-09-07 15:00:00,4,0.6233131378797611
2020-09-07 16:00:00,4,0.9814373275372666
2020-09-07 17:00:00,4,0.996385773280125
2020-09-07 18:00:00,4,0.9999894292935468
2020-09-08 07:00:00,3,0.9997904135571081
2020-09-08 08:00:00,4,0.9990429598123085
2020-09-08 09:00:00,4,0.9978273511014221
2020-09-08 10:00:00,4,0.9990130265328124
2020-09-08 11:00:00,4,0.9983881929877104
2020-09-08 12:00:00,4,0.9991677358084129
2020-09-08 13:00:00,4,0.9937922451817455
2020-09-08 14:00:00,4,0.9960184053163842
2020-09-08 15:00:00,4,0.9002842317852434
2020-09-08 16:00:00,4,0.978249085757537
2020-09-08 17:00:00,4,0.99987220130237
2020-09-08 18:00:00,4,0.9874657934947151
2020-09-09 07:00:00,3,0.9983929465212481
2020-09-09 08:00:00,4,0.9983737892091608
2020-09-09 09:00:00,4,0.9976760632321797
2020-09-09 10:00:00,4,0.9081824937958018
2020-09-09 11:00:00,4,0.9852923717666483
2020-09-09 12:00:00,4,0.9962176202171205
2020-09-09 13:00:00,4,0.9998724258602738
2020-09-09 14:00:00,4,0.9980231813270716
2020-09-09 15:00:00,4,0.9843677157824693
2020-09-09 16:00:00,4,0.9690232153991829
2020-09-09 17:00:00,4,0.9882507367141729
2020-09-09 18:00:00,4,0.9984403931024227
2020-09-10 08:00:00,4,0.993197526624162
2020-09-10 09:00:00,4,0.9642897481727138
2020-09-10 10:00:00,4,0.968923701617648
2020-09-10 11:00:00,4,0.9998955626027712
2020-09-10 12:00:00,4,0.996886601260188
2020-09-10 13:00:00,4,0.797170010594708
2020-09-10 14:00:00,4,0.9934562500333501
2020-09-10 15:00:00,4,0.9978211862484937
2020-09-10 16:00:00,4,0.7953767700811479
2020-09-10 17:00:00,4,0.9969235861276835
2020-09-10 18:00:00,4,0.9873457561386781
2020-09-11 07:00:00,3,0.9980486909808961
2020-09-11 08:00:00,4,0.22475270448016205
2020-09-11 09:00:00,4,0.9257267201719696
2020-09-11 10:00:00,4,0.9856000139745521
2020-09-11 11:00:00,4,0.9979619761117209
2020-09-11 12:00:00,4,0.9574423172872304
2020-09-11 13:00:00,4,0.9635376962605487
2020-09-11 14:00:00,4,0.5590674962094341
2020-09-11 15:00:00,4,0.9156472204198236
2020-09-11 16:00:00,4,0.9490795986231506
2020-09-11 17:00:00,4,0.7790420411618425
2020-09-11 18:00:00,4,0.9955153478440982
2020-09-12 07:00:00,3,0.9984732958072015
2020-09-12 08:00:00,4,0.9946221914913171
2020-09-12 09:00:00,4,0.9941446020395367
2020-09-12 10:00:00,4,0.9713307216847361
2020-09-12 11:00:00,4,0.988948624143614
2020-09-12 12:00:00,4,0.9335217694105018
2020-09-12 13:00:00,4,0.8764972997753007
2020-09-12 14:00:00,4,0.9908122481960299
2020-09-12 15:00:00,4,0.6941061997737343
2020-09-12 16:00:00,4,0.9482376664443837
2020-09-12 17:00:00,4,0.9912776984330669
2020-09-12 18:00:00,4,0.9912478540144678
2020-09-13 08:00:00,4,0.9697091006380749
2020-09-13 09:00:00,4,0.9835046987855733
2020-09-13 10:00:00,4,0.985130637863231
2020-09-13 11:00:00,4,0.9911321984017697
2020-09-13 12:00:00,4,0.9860333786223852
2020-09-13 13:00:00,4,0.9966734241542244
2020-09-13 14:00:00,4,0.9817978604746096
2020-09-13 15:00:00,4,0.9799556276356185
2020-09-13 16:00:00,4,0.948928266577729
2020-09-13 17:00:00,4,0.9936351828363482
2020-09-13 18:00:00,4,0.9970695297477391
2020-09-14 08:00:00,4,0.9987539144105434
2020-09-14 09:00:00,4,0.9890995118986763
2020-09-14 10:00:00,4,0.9915240683715368
2020-09-14 11:00:00,4,0.9542566140650599
2020-09-14 12:00:00,4,0.9918669278257349
2020-09-14 13:00:00,4,0.7353635101654881
2020-09-14 14:00:00,4,0.9985583021927297
2020-09-14 15:00:00,4,0.9949472238251367
2020-09-14 16:00:00,4,0.7843943342149754
2020-09-14 17:00:00,4,0.992751797572236
2020-09-14 18:00:00,4,0.995830745276401
2020-09-15 08:00:00,4,0.9994663684116917
2020-09-15 09:00:00,4,0.9999462287279581
2020-09-15 10:00:00,4,0.9789270689764591
2020-09-15 11:00:00,4,0.9718946108115732
2020-09-15 12:00:00,4,0.8678997379478305
2020-09-15 13:00:00,4,0.9986197094221465
2020-09-15 14:00:00,4,0.9749890146548146
2020-09-15 15:00:00,4,0.5405454786028223
2020-09-15 16:00:00,4,0.9979494109113838
2020-09-15 17:00:00,4,0.9986397230810761
2020-09-15 18:00:00,4,0.9995022857972975
2020-09-16 07:00:00,3,0.9999978034069743
2020-09-16 08:00:00,4,0.9999960501870555
2020-09-16 09:00:00,4,0.9371564029161107
2020-09-16 10:00:00,4,0.990768141829081
2020-09-16 11:00:00,4,0.9799272041225457
2020-09-16 12:00:00,4,0.973419068712783
2020-09-16 13:00:00,4,0.819758324346915
2020-09-16 14:00:00,4,0.8328680919420027
2020-09-16 15:00:00,4,0.9966864016636122
2020-09-16 16:00:00,4,0.9987516500457753
2020-09-16 17:00:00,4,0.9990062277500795
2020-09-16 18:00:00,4,0.9998633504020853
2020-09-17 08:00:00,4,0.17354915217049777
2020-09-17 09:00:00,4,0.99902291962593
2020-09-17 10:00:00,4,0.9991012697227126
2020-09-17 11:00:00,4,0.9993667062589007
2020-09-17 12:00:00,4,0.9716586273951765
2020-09-17 13:00:00,4,0.9976467934496566
2020-09-17 14:00:00,4,0.9997215229567209
2020-09-17 15:00:00,4,0.9991557095654762
2020-09-17 16:00:00,4,0.9902982141148577
2020-09-17 17:00:00,4,
2020-09-17 18:00:00,4,0.9871890909301062
2020-09-18 08:00:00,4,0.9999608341078539
2020-09-18 09:00:00,4,0.9913593705850624
2020-09-18 10:00:00,4,0.9985641378478819
2020-09-18 11:00:00,4,0.9561268893755762
2020-09-18 12:00:00,4,0.9062540689983106
2020-09-18 13:00:00,4,0.9913238507346949
2020-09-18 14:00:00,4,0.9950204876128774
2020-09-18 15:00:00,4,0.9024637121096719
2020-09-18 16:00:00,4,0.9958267931344443
2020-09-18 17:00:00,4,0.9729198800134039
2020-09-18 18:00:00,4,0.9996400614137585
2020-09-19 08:00:00,4,0.9997307058163579
2020-09-19 09:00:00,4,0.41711944325486194
2020-09-19 10:00:00,4,0.07495414021170194
2020-09-19 11:00:00,4,0.9221713654724213
2020-09-19 12:00:00,4,0.5004877450086788
2020-09-19 13:00:00,4,0.9558742984787785
2020-09-19 14:00:00,4,0.9211157949471972
2020-09-19 15:00:00,4,0.9684600370310089
2020-09-19 16:00:00,4,0.9993707623292817
2020-09-19 17:00:00,4,0.9993644638354181
2020-09-19 18:00:00,4,0.9996957383648298
2020-09-20 07:00:00,3,0.96924190843107
2020-09-20 08:00:00,4,0.999950843775048
2020-09-20 09:00:00,4,0.9997274687341591
2020-09-20 10:00:00,4,0.9761206399346802
2020-09-20 11:00:00,4,0.9756363325987344
2020-09-20 12:00:00,4,0.9780710994963189
2020-09-20 13:00:00,4,0.9980250089059358
2020-09-20 14:00:00,4,0.996319541700405
2020-09-20 15:00:00,4,0.9775441744703205
2020-09-20 16:00:00,4,0.9662844456585625
2020-09-20 17:00:00,4,0.9988784432187544
2020-09-20 18:00:00,4,0.9911341358929778
2020-09-21 07:00:00,3,0.9971746795390817
2020-09-21 08:00:00,4,0.9226976621997096
2020-09-21 09:00:00,4,0.9888803923588394
2020-09-21 10:00:00,4,0.9388135759330193
2020-09-21 11:00:00,4,0.9522395658988767
2020-09-21 12:00:00,4,0.9974612579848374
2020-09-21 13:00:00,4,0.9966025771165038
2020-09-21 14:00:00,4,0.4675358718517277
2020-09-21 15:00:00,4,0.9950332698202985
2020-09-21 16:00:00,4,0.9753051293498055
2020-09-21 17:00:00,4,0.9953604344405761
2020-09-21 18:00:00,4,0.9933104082954701
2020-09-22 07:00:00,3,0.9840326907116957
2020-09-22 08:00:00,4,0.9989432149749989
2020-09-22 09:00:00,4,0.999214119867082
2020-09-22 10:00:00,4,0.9944700038372034
2020-09-22 11:00:00,4,0.9438728049696978
2020-09-22 12:00:00,4,0.9952677198537416
2020-09-22 13:00:00,4,0.4948289498726419
2020-09-22 14:00:00,4,0.027190071246681744
2020-09-22 15:00:00,4,0.9575309750642889
2020-09-22 16:00:00,4,0.886003041797585
2020-09-22 17:00:00,4,0.9996098430024576
2020-09-22 18:00:00,4,0.9995224749407525
2020-09-23 12:00:00,3,
2020-09-23 13:00:00,4,
2020-09-23 14:00:00,4,
2020-09-23 15:00:00,4,
2020-09-23 16:00:00,4,
2020-09-23 17:00:00,4,
2020-09-23 18:00:00,4,
2020-09-24 08:00:00,4,0.9941043019163759
2020-09-24 09:00:00,4,0.984812521065294
2020-09-24 10:00:00,4,0.9052764072445889
2020-09-24 11:00:00,4,0.9885262650595424
2020-09-24 12:00:00,4,0.8877931621153208
2020-09-24 13:00:00,4,0.9793768635955824
2020-09-24 14:00:00,4,0.9737847217963193
2020-09-24 15:00:00,4,0.9892063532880712
2020-09-24 16:00:00,4,0.9858819379141115
2020-09-24 17:00:00,4,0.999707975703912
2020-09-24 18:00:00,4,0.9993140553969876
2020-09-25 07:00:00,3,0.9821644617253373
2020-09-25 08:00:00,4,0.9995575808726703
2020-09-25 09:00:00,4,0.9995365274619298
2020-09-25 10:00:00,4,0.9953881793951416
2020-09-25 11:00:00,4,0.9892823189297332
2020-09-25 12:00:00,4,0.9346589901367959
2020-09-25 13:00:00,4,0.9990303248484083
2020-09-25 14:00:00,4,0.9994415861165346
2020-09-25 15:00:00,4,0.9233338462887558
2020-09-25 16:00:00,4,0.9820450510591116
2020-09-25 17:00:00,4,0.9937853813540078
2020-09-25 18:00:00,4,0.9762468921204491
2020-09-26 08:00:00,4,0.9496576138447711
2020-09-26 09:00:00,4,0.9908525779483707
2020-09-26 10:00:00,4,0.9988806359706021
2020-09-26 11:00:00,4,0.9997878043113677
2020-09-26 12:00:00,4,0.9644298828032027
2020-09-26 13:00:00,4,0.9998943938784113
2020-09-26 14:00:00,4,0.9754612398878919
2020-09-26 15:00:00,4,0.9729684978425638
2020-09-26 16:00:00,4,0.9626621648057576
2020-09-26 17:00:00,4,0.9754968495221927
2020-09-26 18:00:00,4,0.9998705391591004
2020-09-27 07:00:00,3,0.9804100296636983
2020-09-27 08:00:00,4,0.9997572082006879
2020-09-27 09:00:00,4,0.971960616299985
2020-09-27 10:00:00,4,0.9940321990799067
2020-09-27 11:00:00,4,0.9489762547286578
2020-09-27 12:00:00,4,0.9850219918178278
2020-09-27 13:00:00,4,-0.29617171349221466
2020-09-27 14:00:00,4,0.9898253502350525
2020-09-27 15:00:00,4,0.9847208775287853
2020-09-27 16:00:00,4,0.8317439622140377
2020-09-27 17:00:00,4,0.9999226939201526
2020-09-27 18:00:00,4,0.9965570949547495
2020-09-28 07:00:00,3,0.9636578591737024
2020-09-28 08:00:00,4,0.9666712336868382
2020-09-28 09:00:00,4,0.9946527126515617
2020-09-28 10:00:00,4,0.9938728371971519
2020-09-28 11:00:00,4,0.318832813027752
2020-09-28 12:00:00,4,0.8948867216752591
2020-09-28 13:00:00,4,0.618684912475037
2020-09-28 14:00:00,4,0.8057627864416465
2020-09-28 15:00:00,4,0.906631868656371
2020-09-28 16:00:00,4,0.9887778849283511
2020-09-28 17:00:00,4,0.9715113654888978
2020-09-28 18:00:00,4,0.9994617080325449
2020-09-29 08:00:00,4,0.9997500142808871
2020-09-29 09:00:00,4,0.9967154818333692
2020-09-29 10:00:00,4,0.670154359699972
2020-09-29 11:00:00,4,0.9973238910244279
2020-09-29 12:00:00,4,0.8368598347368941
2020-09-29 13:00:00,4,0.8314679935805926
2020-09-29 14:00:00,4,0.9377336828077962
2020-09-29 15:00:00,4,0.9558597834022858
2020-09-29 16:00:00,4,0.8681843991808029
2020-09-29 17:00:00,4,0.9744629268129602
2020-09-29 18:00:00,4,0.9995953998071057
2020-09-30 08:00:00,4,0.9977124591139449
2020-09-30 09:00:00,4,0.9945595335974176
2020-09-30 10:00:00,4,0.998933052952505
2020-09-30 11:00:00,4,0.9917346384448988
2020-09-30 12:00:00,4,0.9773497459417887
2020-09-30 13:00:00,4,0.43133907530993015
2020-09-30 14:00:00,4,0.9999767018110102
2020-09-30 15:00:00,4,0.999325752746588
2020-09-30 16:00:00,4,0.9994990289595577
2020-09-30 17:00:00,4,0.9999408510285598
2020-09-30 18:00:00,4,0.9998833186044777
2020-10-01 07:00:00,3,0.9970090122519164
2020-10-01 08:00:00,4,0.9941710561467894
2020-10-01 09:00:00,4,0.924214536403013
2020-10-01 10:00:00,4,0.9620462181998676
2020-10-01 11:00:00,4,0.9684363673659518
2020-10-01 12:00:00,4,0.9445744805109939
2020-10-01 13:00:00,4,0.8044929274759955
2020-10-01 14:00:00,4,0.07702133841032677
2020-10-01 15:00:00,4,0.9856711179882242
2020-10-01 16:00:00,4,0.998694223755176
2020-10-01 17:00:00,4,0.9995407529446491
2020-10-01 18:00:00,4,0.9997852508930931
2020-10-02 08:00:00,4,0.9724316183727713
2020-10-02 09:00:00,4,0.9516915464750195
2020-10-02 10:00:00,4,0.9935162843560472
2020-10-02 11:00:00,4,0.5398672536519443
2020-10-02 12:00:00,4,0.9977823205769027
2020-10-02 13:00:00,4,0.9960917341997456
2020-10-02 14:00:00,4,0.548838425018286
2020-10-02 15:00:00,4,0.9850214061094065
2020-10-02 16:00:00,4,0.9992587941138901
2020-10-02 17:00:00,4,0.9999088865484622
2020-10-02 18:00:00,4,0.9957862958774922
2020-10-03 07:00:00,3,0.9937941718976102
2020-10-03 08:00:00,4,0.9999594213822014
2020-10-03 09:00:00,4,0.9986861583953944
2020-10-03 10:00:00,4,0.7173540629862973
2020-10-03 11:00:00,4,0.9253258048137116
2020-10-03 12:00:00,4,0.8378101516717225
2020-10-03 13:00:00,4,-0.762777756519307
2020-10-03 14:00:00,4,0.9759684898262356
2020-10-03 15:00:00,4,0.9980956923030813
2020-10-03 16:00:00,4,0.9928788610981942
2020-10-03 17:00:00,4,0.9959717930400228
2020-10-03 18:00:00,4,0.9998868072887636
2020-10-04 08:00:00,4,0.9930121684002021
2020-10-04 09:00:00,4,0.9937021842333812
2020-10-04 10:00:00,4,0.9702168263944674
2020-10-04 11:00:00,4,0.9765544738438107
2020-10-04 12:00:00,4,0.559004155327203
2020-10-04 13:00:00,4,0.5530265204695245
2020-10-04 14:00:00,4,0.7354718354191306
2020-10-04 15:00:00,4,0.9973329818584902
2020-10-04 16:00:00,4,0.999866049644782
2020-10-04 17:00:00,4,0.9982365844061828
2020-10-04 18:00:00,4,0.9998576429990866
2020-10-05 08:00:00,4,0.9996759093865069
2020-10-05 09:00:00,4,0.7606629842681781
2020-10-05 10:00:00,4,0.982554102900319
2020-10-05 11:00:00,4,0.9942947402624629
2020-10-05 12:00:00,4,0.9917978055480631
2020-10-05 13:00:00,4,0.8871796449102021
2020-10-05 14:00:00,4,0.5818511623966569
2020-10-05 15:00:00,4,0.995443158674277
2020-10-05 16:00:00,4,0.9767243157084049
2020-10-05 17:00:00,4,0.9993631888962106
2020-10-05 18:00:00,4,0.9982033105131002
2020-10-06 08:00:00,4,0.9783078056866544
2020-10-06 09:00:00,4,0.9976318117320189
2020-10-06 10:00:00,4,0.9993733778579228
2020-10-06 11:00:00,4,0.984248246591861
2020-10-06 12:00:00,4,0.9981890838405023
2020-10-06 13:00:00,4,0.9936107916210551
2020-10-06 14:00:00,4,0.9690020744141898
2020-10-06 15:00:00,4,0.9792367864629735
2020-10-06 16:00:00,4,0.9952522603535334
2020-10-06 17:00:00,4,0.9904354549234791
2020-10-06 18:00:00,4,0.99767430434365
2020-10-07 08:00:00,4,0.9994859594994079
2020-10-07 09:00:00,4,0.9991892415849646
2020-10-07 10:00:00,4,0.9992286830193018
2020-10-07 11:00:00,4,0.9974394866164157
2020-10-07 12:00:00,4,0.9990991029772407
2020-10-07 13:00:00,4,0.9720559525836687
2020-10-07 14:00:00,4,0.9914753960872351
2020-10-07 15:00:00,4,0.9929933414916583
2020-10-07 16:00:00,4,0.9928043988245037
2020-10-07 17:00:00,4,0.9767348255542246
2020-10-07 18:00:00,3,0.9998019372486885
2020-10-08 08:00:00,4,0.9662321111623857
2020-10-08 09:00:00,4,0.9555251597777747
2020-10-08 10:00:00,4,0.9871955982327701
2020-10-08 11:00:00,4,-0.3571706203535158
2020-10-08 12:00:00,4,-0.315180790846321
2020-10-08 13:00:00,4,0.6337378854326259
2020-10-08 14:00:00,4,0.9964764462332759
2020-10-08 15:00:00,4,0.8733951836070433
2020-10-08 16:00:00,4,0.4126084835458814
2020-10-08 17:00:00,4,0.9993510639708078
2020-10-08 18:00:00,4,0.9877614476807484
2020-10-09 08:00:00,4,0.9937026837338625
2020-10-09 09:00:00,4,0.9653347709615828
2020-10-09 10:00:00,4,0.5842345263904954
2020-10-09 11:00:00,4,-0.9371962259893634
2020-10-09 12:00:00,4,0.9229261747440253
2020-10-09 13:00:00,4,0.8048942098248194
2020-10-09 14:00:00,4,0.676726729070156
2020-10-09 15:00:00,4,0.766260096195633
2020-10-09 16:00:00,4,0.8929365607917389
2020-10-09 17:00:00,4,0.8822567900780373
2020-10-09 18:00:00,4,0.9481921276700065
2020-10-10 08:00:00,4,0.9944945428219097
2020-10-10 09:00:00,4,0.9915429019816026
2020-10-10 10:00:00,4,0.9618816810708063
2020-10-10 11:00:00,4,0.9940468641636959
2020-10-10 12:00:00,4,0.7867116384787789
2020-10-10 13:00:00,4,0.9391209929566607
2020-10-10 14:00:00,4,0.8513135657951039
2020-10-10 15:00:00,4,0.33884719585153705
2020-10-10 16:00:00,4,0.18936246158539852
2020-10-10 17:00:00,4,0.817612820021218
2020-10-10 18:00:00,4,0.9423779159224783
2020-10-11 08:00:00,4,0.9970090939276135
2020-10-11 09:00:00,4,0.9669806764851651
2020-10-11 10:00:00,4,0.940184121398138
2020-10-11 11:00:00,4,0.9763482051986223
2020-10-11 12:00:00,4,0.9973022340972737
2020-10-11 13:00:00,4,0.7428361310010559
2020-10-11 14:00:00,4,-0.12000585938870041
2020-10-11 15:00:00,4,0.794202832318714
2020-10-11 16:00:00,4,-0.27284962516065137
2020-10-11 17:00:00,4,0.9885083416673819
2020-10-11 18:00:00,4,0.9989831237376896
2020-10-12 08:00:00,4,0.8756942446372459
2020-10-12 09:00:00,4,0.9856798578226038
2020-10-12 10:00:00,4,0.9673051165226025
2020-10-12 11:00:00,4,0.8725143264583637
2020-10-12 12:00:00,4,0.8702964791309695
2020-10-12 13:00:00,4,0.9792564640300689
2020-10-12 14:00:00,4,0.8901404570365842
2020-10-12 15:00:00,4,0.9093438114083058
2020-10-12 16:00:00,4,0.980255640010848
2020-10-12 17:00:00,4,0.920069642753045
2020-10-12 18:00:00,4,0.9998043548906913
2020-10-13 08:00:00,4,0.9993551099390353
2020-10-13 09:00:00,4,0.9738650061050638
2020-10-13 10:00:00,4,0.9807840688844102
2020-10-13 11:00:00,4,0.7519021263342431
2020-10-13 12:00:00,4,0.9924128190210848
2020-10-13 13:00:00,4,0.8951079132230683
2020-10-13 14:00:00,4,0.9508974615189424
2020-10-13 15:00:00,4,0.9678937870130803
2020-10-13 16:00:00,4,0.8904027094076484
2020-10-13 17:00:00,4,0.9873281686501084
2020-10-13 18:00:00,4,0.945727321456439
2020-10-14 08:00:00,4,0.9975719463704183
2020-10-14 09:00:00,4,0.9958751494643294
2020-10-14 10:00:00,4,0.9823358676613138
2020-10-14 11:00:00,4,0.968232373714483
2020-10-14 12:00:00,4,-0.4907509821083749
2020-10-14 13:00:00,4,0.7010420080335588
2020-10-14 14:00:00,4,0.9774147659043068
2020-10-14 15:00:00,4,0.9808797770510392
2020-10-14 16:00:00,4,0.9955666469141019
2020-10-14 17:00:00,4,0.9999202209189135
2020-10-14 18:00:00,4,0.9998253688349688
2020-10-15 08:00:00,4,0.9972742249860143
2020-10-15 09:00:00,4,0.9978801082485549
2020-10-15 10:00:00,4,0.9156931256350136
2020-10-15 11:00:00,4,0.8747599684041574
2020-10-15 12:00:00,4,0.9698697113835862
2020-10-15 13:00:00,4,0.020119390642182714
2020-10-15 14:00:00,4,0.9821438698265745
2020-10-15 15:00:00,4,0.7295786822156785
2020-10-15 16:00:00,4,0.9828513372058906
2020-10-15 17:00:00,4,0.9829339785994019
2020-10-15 18:00:00,4,0.9894725582163248
2020-10-16 08:00:00,4,0.9862692689600671
2020-10-16 09:00:00,4,0.9617091116181042
2020-10-16 10:00:00,4,0.906016621386496
2020-10-16 11:00:00,4,-0.019851795975775386
2020-10-16 12:00:00,4,0.9918155254634078
2020-10-16 13:00:00,4,0.9515222241581698
2020-10-16 14:00:00,4,0.9542691809391285
2020-10-16 15:00:00,4,0.8870885838647249
2020-10-16 16:00:00,4,0.9878834300332536
2020-10-16 17:00:00,4,0.9892673513217568
2020-10-16 18:00:00,3,0.9979435419489358
2020-10-17 08:00:00,4,0.9917891101062267
2020-10-17 09:00:00,4,0.9646926317904941
2020-10-17 10:00:00,4,0.674962986868297
2020-10-17 11:00:00,4,0.884037196166458
2020-10-17 12:00:00,4,0.6469332214589446
2020-10-17 13:00:00,4,0.45024395329351297
2020-10-17 14:00:00,4,0.789715010392026
2020-10-17 15:00:00,4,0.4849163500898428
2020-10-17 16:00:00,4,0.9313755872964625
2020-10-17 17:00:00,4,0.9986178072384715
2020-10-17 18:00:00,3,0.9352689821882321
2020-10-18 08:00:00,4,0.9792759575451773
2020-10-18 09:00:00,4,0.9909188358254717
2020-10-18 10:00:00,4,0.9656833912777646
2020-10-18 11:00:00,4,0.8459925827130332
2020-10-18 12:00:00,4,0.8319995272020515
2020-10-18 13:00:00,4,0.7722764345339661
2020-10-18 14:00:00,4,0.9554741438719541
2020-10-18 15:00:00,4,0.9351358818089016
2020-10-18 16:00:00,4,0.6760912335266543
2020-10-18 17:00:00,4,0.9926402481457965
2020-10-18 18:00:00,3,0.8450507300093795
2020-10-19 08:00:00,4,0.9925079152190175
2020-10-19 09:00:00,4,0.9893968253941207
2020-10-19 10:00:00,4,0.9966762717921944
2020-10-19 11:00:00,4,0.5643051450169434
2020-10-19 12:00:00,4,0.8739059504218379
2020-10-19 13:00:00,4,0.785252687218603
2020-10-19 14:00:00,4,0.9909700437028549
2020-10-19 15:00:00,4,0.9834019666771359
2020-10-19 16:00:00,4,0.878118167155649
2020-10-19 17:00:00,4,0.8982229612428041
2020-10-19 18:00:00,3,0.9899934335798782
2020-10-20 08:00:00,4,0.9900649481248436
2020-10-20 09:00:00,4,0.9999497511861704
2020-10-20 10:00:00,4,0.9278296826897175
2020-10-20 11:00:00,4,0.9490824459218755
2020-10-20 12:00:00,4,0.8961784057855252
2020-10-20 13:00:00,4,0.859049741044407
2020-10-20 14:00:00,4,0.9825634888726115
2020-10-20 15:00:00,4,0.9939316342709618
2020-10-20 16:00:00,4,0.9458867746934996
2020-10-20 17:00:00,4,0.9990869210072097
2020-10-21 08:00:00,4,0.9994408480222728
2020-10-21 09:00:00,4,0.9997456341979434
2020-10-21 10:00:00,4,0.9960789907214376
2020-10-21 11:00:00,4,0.9348812678866206
2020-10-21 12:00:00,4,-0.7321206423478834
2020-10-21 13:00:00,4,0.9422278157948979
2020-10-21 14:00:00,4,0.8295173013740448
2020-10-21 15:00:00,4,0.9953026124430278
2020-10-21 16:00:00,4,0.7327882238641797
2020-10-21 17:00:00,4,0.7570499607479135
2020-10-21 18:00:00,4,0.9987789059888563
2020-10-22 08:00:00,4,0.9857594858493323
2020-10-22 09:00:00,4,0.8541418236850505
2020-10-22 10:00:00,4,0.8377102475117716
2020-10-22 11:00:00,4,0.754560630032022
2020-10-22 12:00:00,4,0.9823218205753498
2020-10-22 13:00:00,4,0.9679837330911158
2020-10-22 14:00:00,4,0.9924623114836524
2020-10-22 15:00:00,4,0.9715946141943984
2020-10-22 16:00:00,4,0.9709597975332773
2020-10-22 17:00:00,4,0.9952074363393733
2020-10-22 18:00:00,3,0.9852403373610646
2020-10-23 08:00:00,4,0.9703025408071307
2020-10-23 09:00:00,4,0.8950381648590833
2020-10-23 10:00:00,4,0.9957643488767227
2020-10-23 11:00:00,4,0.972155305530865
2020-10-23 12:00:00,4,0.9728850036584252
2020-10-23 13:00:00,4,0.6713429309980551
2020-10-23 14:00:00,4,0.9290404480126497
2020-10-23 15:00:00,4,0.9018443567309344
2020-10-23 16:00:00,4,0.9659494188426858
2020-10-23 17:00:00,4,0.9975471317403581
2020-10-23 18:00:00,3,0.9353266834684113
2020-10-24 08:00:00,4,0.9876307855337048
2020-10-24 09:00:00,4,0.9632744586119977
2020-10-24 10:00:00,4,0.9943885302612526
2020-10-24 11:00:00,4,0.9872783184883965
2020-10-24 12:00:00,4,0.9813624254055388
2020-10-24 13:00:00,4,0.7055225597209845
2020-10-24 14:00:00,4,0.3877731258239524
2020-10-24 15:00:00,4,-0.22141602462974544
2020-10-24 16:00:00,4,0.998892334377753
2020-10-24 17:00:00,4,0.9998930586057848
2020-10-24 18:00:00,3,0.9991579378169544
2020-10-25 08:00:00,4,0.9992149517447652
2020-10-25 09:00:00,4,0.9972144472023088
2020-10-25 10:00:00,4,0.9935289295798881
2020-10-25 11:00:00,4,0.9867111622911069
2020-10-25 12:00:00,4,0.9921529092549056
2020-10-25 13:00:00,4,-0.7419001539380274
2020-10-25 14:00:00,4,0.9884015883921528
2020-10-25 15:00:00,4,0.9992353523807225
2020-10-25 16:00:00,4,0.9777501520476011
2020-10-25 17:00:00,4,0.9998122197739376
2020-10-25 18:00:00,3,0.9995468188329338
2020-10-26 09:00:00,4,0.7850296486738026
2020-10-26 10:00:00,4,0.9975247982893625
2020-10-26 11:00:00,4,0.9704399933219211
2020-10-26 12:00:00,4,0.6872163022867541
2020-10-26 13:00:00,4,0.4423856066384184
2020-10-26 14:00:00,4,0.8508235137445808
2020-10-26 15:00:00,4,0.9981454948604814
2020-10-26 16:00:00,4,0.999289694830826
2020-10-26 17:00:00,4,0.9996037556274064
2020-10-26 18:00:00,4,0.9993427792431657
2020-10-27 09:00:00,4,0.9949441117303858
2020-10-27 10:00:00,4,0.9958570207675886
2020-10-27 11:00:00,4,0.8343484111713515
2020-10-27 12:00:00,4,0.65597717225751
2020-10-27 13:00:00,4,0.016443316343117576
2020-10-27 14:00:00,4,0.9422444366272241
2020-10-27 15:00:00,4,0.9785308300980486
2020-10-27 16:00:00,4,0.9993801045570236
2020-10-27 17:00:00,4,0.9995715786329279
2020-10-27 18:00:00,3,0.9998493540151773
2020-10-28 08:00:00,4,0.9999358678266048
2020-10-28 09:00:00,4,0.9949182353704409
2020-10-28 10:00:00,4,0.7613148825151864
2020-10-28 11:00:00,4,0.9857080927313072
2020-10-28 12:00:00,4,0.3600249637643564
2020-10-28 13:00:00,4,0.7642636840082738
2020-10-28 14:00:00,4,0.6499606782503835
2020-10-28 15:00:00,4,0.9924685626504677
2020-10-28 16:00:00,4,0.9906304997629461
2020-10-28 17:00:00,4,0.9610268994080107
2020-10-28 18:00:00,3,0.9999946654035592
2020-10-29 08:00:00,4,0.9998060376420586
2020-10-29 09:00:00,4,0.9853912919811224
2020-10-29 10:00:00,4,0.9904950188012406
2020-10-29 11:00:00,4,-0.23620731404015954
2020-10-29 12:00:00,4,0.9731404809045343
2020-10-29 13:00:00,4,-0.531610542072352
2020-10-29 14:00:00,4,0.9005768759227888
2020-10-29 15:00:00,4,0.997313389945594
2020-10-29 16:00:00,4,0.9964555703315258
2020-10-29 17:00:00,4,0.9243043966537259
2020-10-29 18:00:00,3,0.999989430067877
2020-10-30 08:00:00,4,0.998936463029558
2020-10-30 09:00:00,4,0.9988890853287774
2020-10-30 10:00:00,4,0.9737754365383452
2020-10-30 11:00:00,4,0.985680591063507
2020-10-30 12:00:00,4,0.978951191735459
2020-10-30 13:00:00,4,0.9994891304416054
2020-10-30 14:00:00,4,0.9296942417830443
2020-10-30 15:00:00,4,0.9889773773785968
2020-10-30 16:00:00,4,0.9946433637506297
2020-10-30 17:00:00,4,0.9722988817226765
2020-10-30 18:00:00,3,0.9997051997874244
2020-10-31 08:00:00,4,0.9999797425621859
2020-10-31 09:00:00,4,0.9996184837406921
2020-10-31 10:00:00,4,0.9987726410668899
2020-10-31 11:00:00,4,0.07008866689495204
2020-10-31 12:00:00,4,0.9958300243996966
2020-10-31 13:00:00,4,0.562991132377964
2020-10-31 14:00:00,4,0.9988653595718507
2020-10-31 15:00:00,4,0.9977465956679488
2020-10-31 16:00:00,4,0.9935579605268147
2020-10-31 17:00:00,4,0.9854057715199164
2020-10-31 18:00:00,3,0.8888884787368401
2020-11-01 08:00:00,4,0.9946178940339883
2020-11-01 09:00:00,4,0.9982239156352063
2020-11-01 10:00:00,4,0.9991630346359626
2020-11-01 11:00:00,4,0.8538280566402646
2020-11-01 12:00:00,4,0.9878217337409706
2020-11-01 13:00:00,4,0.944249646345128
2020-11-01 14:00:00,4,0.9753914054329236
2020-11-01 15:00:00,4,0.9267270590365739
2020-11-01 16:00:00,4,0.8389980902553237
2020-11-01 17:00:00,4,0.9988752198093264
2020-11-01 18:00:00,3,0.9903380184821838
2020-11-02 08:00:00,4,0.9071925972325834
2020-11-02 09:00:00,4,0.9987537643069638
2020-11-02 10:00:00,4,0.9945427978958922
2020-11-02 11:00:00,4,0.9959692658369069
2020-11-02 12:00:00,4,0.9998310010473772
2020-11-02 13:00:00,4,0.9813752379690065
2020-11-02 14:00:00,4,0.9987267512265733
2020-11-02 15:00:00,4,0.9917850131781945
2020-11-02 16:00:00,4,0.9992144800913122
2020-11-02 17:00:00,4,0.9976210763919162
2020-11-03 08:00:00,4,0.9880905548330162
2020-11-03 09:00:00,4,0.931588216415857
2020-11-03 10:00:00,4,0.9722304510049209
2020-11-03 11:00:00,4,0.8848055184560454
2020-11-03 12:00:00,4,0.9889749354514304
2020-11-03 13:00:00,4,0.6918648107040755
2020-11-03 14:00:00,4,0.9921538947573517
2020-11-03 15:00:00,4,0.8041747772479628
2020-11-03 16:00:00,4,0.9949571567754898
2020-11-03 17:00:00,4,0.9713534460647776
2020-11-04 08:00:00,4,0.992534666329446
2020-11-04 09:00:00,4,0.8862569694015403
2020-11-04 10:00:00,4,0.9262335232452565
2020-11-04 11:00:00,4,0.8452115269225954
2020-11-04 12:00:00,4,0.955832423748492
2020-11-04 13:00:00,4,0.5543947344136537
2020-11-04 14:00:00,4,0.9694518204008314
2020-11-04 15:00:00,4,0.9049420374263816
2020-11-04 16:00:00,4,0.9983206099993127
2020-11-04 17:00:00,4,0.9997110110745403
2020-11-04 18:00:00,3,0.999421387824183
2020-11-05 08:00:00,4,0.9194584479718899
2020-11-05 09:00:00,4,0.9924814700976553
2020-11-05 10:00:00,4,-0.3628615380522536
2020-11-05 11:00:00,4,0.9683771671760267
2020-11-05 12:00:00,4,-0.08681816220541826
2020-11-05 13:00:00,4,-0.829551694274981
2020-11-05 14:00:00,4,0.9995299944217263
2020-11-05 15:00:00,4,0.9999613510566099
2020-11-05 16:00:00,4,0.9994631588151835
2020-11-05 17:00:00,4,0.9982978492314001
2020-11-05 18:00:00,3,0.9996266199900727
2020-11-06 08:00:00,4,0.9922569348035988
2020-11-06 09:00:00,4,0.5120293056080573
2020-11-06 10:00:00,4,0.9661982345815238
2020-11-06 11:00:00,4,0.9918854925743965
2020-11-06 12:00:00,4,0.06316451005933173
2020-11-06 13:00:00,4,0.7889323883508561
2020-11-06 14:00:00,4,0.6970465404685702
2020-11-06 15:00:00,4,0.9991234002243763
2020-11-06 16:00:00,4,0.9886621758696063
2020-11-06 17:00:00,4,0.9477124299302427
2020-11-06 18:00:00,3,0.999683362183112
2020-11-07 08:00:00,4,0.9956722281070253
2020-11-07 09:00:00,4,0.8060088048158502
2020-11-07 10:00:00,4,0.9901522072183233
2020-11-07 11:00:00,4,0.9971086966568653
2020-11-07 12:00:00,4,0.9740988358864924
2020-11-07 13:00:00,4,-0.30092809416759825
2020-11-07 14:00:00,4,0.9711353743863775
2020-11-07 15:00:00,4,0.9998510582637528
2020-11-07 16:00:00,4,0.9993656216801399
2020-11-07 17:00:00,4,0.9991263690273993
2020-11-07 18:00:00,3,0.9999335558150624
2020-11-08 08:00:00,4,0.9948163593684446
2020-11-08 09:00:00,4,0.9941267766818571
2020-11-08 10:00:00,4,0.9959870058777504
2020-11-08 11:00:00,4,0.9989260076210905
2020-11-08 12:00:00,4,0.9938449601375714
2020-11-08 13:00:00,4,-0.1145233698514044
2020-11-08 14:00:00,4,0.8925207620746769
2020-11-08 15:00:00,4,0.5654081474582039
2020-11-08 16:00:00,4,0.9981462319310795
2020-11-08 17:00:00,4,0.9986491958424527
2020-11-08 18:00:00,3,0.9990345643469866
2020-11-09 08:00:00,4,0.9997534482292877
2020-11-09 09:00:00,4,0.9956426671457033
2020-11-09 10:00:00,4,0.9916989862591113
2020-11-09 11:00:00,4,-0.2347292937741222
2020-11-09 12:00:00,4,0.9714074899931112
2020-11-09 13:00:00,4,-0.9382076858307388
2020-11-09 14:00:00,4,0.7993432320875113
2020-11-09 15:00:00,4,0.5554888771210936
2020-11-09 16:00:00,4,0.7869867470025532
2020-11-09 17:00:00,4,0.7344765184195494
2020-11-09 18:00:00,3,0.9975621468181571
2020-11-10 08:00:00,4,0.9892018743003382
2020-11-10 09:00:00,4,0.977975405482076
2020-11-10 10:00:00,4,0.8929958499816892
2020-11-10 11:00:00,4,0.9521954892033873
2020-11-10 12:00:00,4,0.9723642441414321
2020-11-10 13:00:00,4,0.9780184943612755
2020-11-10 14:00:00,4,0.5757200611969432
2020-11-10 15:00:00,4,0.059376548803571384
2020-11-10 16:00:00,4,0.9994982214371712
2020-11-10 17:00:00,4,0.9993282654900011
2020-11-10 18:00:00,3,0.9995525707398576
2020-11-11 08:00:00,4,0.9995370584575046
2020-11-11 09:00:00,4,0.9996370647329694
2020-11-11 10:00:00,4,0.9995888719064605
2020-11-11 11:00:00,4,0.977610431399454
2020-11-11 12:00:00,4,0.9717569947518307
2020-11-11 13:00:00,4,0.07528088570819895
2020-11-11 14:00:00,4,0.9949460956019651
2020-11-11 15:00:00,4,0.9906811534148982
2020-11-11 16:00:00,4,0.9991108649261131
2020-11-11 17:00:00,4,0.9990868667069311
2020-11-11 18:00:00,3,0.999952497618383
2020-11-12 08:00:00,4,0.9886788882211344
2020-11-12 09:00:00,4,0.9939935565889856
2020-11-12 10:00:00,4,0.9951647982523392
2020-11-12 11:00:00,4,0.9887591466517719
2020-11-12 12:00:00,4,0.8968675811568926
2020-11-12 13:00:00,4,-0.5625090332768766
2020-11-12 14:00:00,4,0.9996075065578044
2020-11-12 15:00:00,4,0.9984280065308264
2020-11-12 16:00:00,4,0.9952478858703968
2020-11-12 17:00:00,4,0.9981624279109157
2020-11-12 18:00:00,3,0.9998011277760827
2020-11-13 08:00:00,4,0.9982773093963243
2020-11-13 09:00:00,4,0.9999872609522372
2020-11-13 10:00:00,4,0.9841956069662144
2020-11-13 11:00:00,4,0.9218943671590811
2020-11-13 12:00:00,4,0.8267748815229738
2020-11-13 13:00:00,4,0.6882794275446138
2020-11-13 14:00:00,4,0.9874617267656297
2020-11-13 15:00:00,4,0.9997725290103592
2020-11-13 16:00:00,4,0.9990054415916979
2020-11-13 17:00:00,4,0.9997870223660885
2020-11-14 08:00:00,4,0.9995021546309457
2020-11-14 09:00:00,4,0.7787020996557331
2020-11-14 10:00:00,4,0.7369920104961886
2020-11-14 11:00:00,4,0.9943820990298106
2020-11-14 12:00:00,4,0.9717317625107922
2020-11-14 13:00:00,4,0.2645711207156446
2020-11-14 14:00:00,4,0.9979557504994729
2020-11-14 15:00:00,4,0.9937354068663076
2020-11-14 16:00:00,4,0.9999847111007806
2020-11-14 17:00:00,4,0.9992633845696017
2020-11-15 08:00:00,4,0.9941409954365549
2020-11-15 09:00:00,4,0.9986069742742835
2020-11-15 10:00:00,4,0.9956593643939846
2020-11-15 11:00:00,4,0.9998550756514577
2020-11-15 12:00:00,4,0.9578605613091964
2020-11-15 13:00:00,4,-0.7902198216194176
2020-11-15 14:00:00,4,0.9994606164466376
2020-11-15 15:00:00,4,0.9870123851246868
2020-11-15 16:00:00,4,0.9989564076651696
2020-11-15 17:00:00,4,0.9994527023666461
2020-11-16 08:00:00,4,0.9923655290316951
2020-11-16 09:00:00,4,0.9970872886991212
2020-11-16 10:00:00,4,0.9935602578009886
2020-11-16 11:00:00,4,0.999953970183878
2020-11-16 12:00:00,4,0.8578746651923315
2020-11-16 13:00:00,4,-0.5733439811327137
2020-11-16 14:00:00,4,0.9985839508990052
2020-11-16 15:00:00,4,0.9993955997233405
2020-11-16 16:00:00,4,0.9999854932481199
2020-11-16 17:00:00,4,0.9990303368310633
2020-11-17 08:00:00,4,0.9957729046157799
2020-11-17 09:00:00,4,0.9980198109539453
2020-11-17 10:00:00,4,0.9937890363234165
2020-11-17 11:00:00,4,0.9997174792162143
2020-11-17 12:00:00,4,0.9754160116448397
2020-11-17 13:00:00,4,0.9813373721367318
2020-11-17 14:00:00,4,0.9991030532223242
2020-11-17 15:00:00,4,0.9982804889554225
2020-11-17 16:00:00,4,0.9989191894119893
2020-11-17 17:00:00,4,0.9569844487873697
2020-11-17 18:00:00,3,0.9909950742539249
2020-11-18 08:00:00,4,0.9955555123433169
2020-11-18 09:00:00,4,0.9409824895230507
2020-11-18 10:00:00,4,0.9838557050706772
2020-11-18 11:00:00,4,0.9998608632043754
2020-11-18 12:00:00,4,0.9541526277494566
2020-11-18 13:00:00,4,-0.7646406770821801
2020-11-18 14:00:00,4,0.9853057323483568
2020-11-18 15:00:00,4,0.9575215096096957
2020-11-18 16:00:00,4,0.9969812445978669
2020-11-18 17:00:00,4,0.9940666729626927
2020-11-19 08:00:00,4,0.996551184397146
2020-11-19 09:00:00,4,0.9968190882150777
2020-11-19 10:00:00,4,0.9942979540128647
2020-11-19 11:00:00,4,0.9987627510960739
2020-11-19 12:00:00,4,0.8198587474324127
2020-11-19 13:00:00,4,-0.9307362671673919
2020-11-19 14:00:00,4,0.994095685301395
2020-11-19 15:00:00,4,0.9990507004599148
2020-11-19 16:00:00,4,0.9999767820352746
2020-11-19 17:00:00,4,0.9982493041328949
2020-11-20 08:00:00,4,0.9970355814396767
2020-11-20 09:00:00,4,0.9965128926840334
2020-11-20 10:00:00,4,0.9932725439115269
2020-11-20 11:00:00,4,0.9997133040152096
2020-11-20 12:00:00,4,0.7797245874952693
2020-11-20 13:00:00,4,-0.756567821468875
2020-11-20 14:00:00,4,0.9994621634375535
2020-11-20 15:00:00,4,0.9996084521299894
2020-11-20 16:00:00,4,0.9999731838082084
2020-11-20 17:00:00,4,0.9982936818485841
2020-11-20 18:00:00,3,0.9988697109968658
2020-11-21 08:00:00,4,0.9933301717797434
2020-11-21 09:00:00,4,0.996974439007229
2020-11-21 10:00:00,4,0.9950079131091315
2020-11-21 11:00:00,4,0.9993408695140388
2020-11-21 12:00:00,4,0.9873269349678442
2020-11-21 13:00:00,4,-0.7498841194785155
2020-11-21 14:00:00,4,0.9991710939663838
2020-11-21 15:00:00,4,0.9994241679122371
2020-11-21 16:00:00,4,0.9997452903779629
2020-11-21 17:00:00,4,0.9986708534511012
2020-11-22 08:00:00,4,0.9973224886553409
2020-11-22 09:00:00,4,0.9824354719391615
2020-11-22 10:00:00,4,0.9578754278313389
2020-11-22 11:00:00,4,0.9946561581082417
2020-11-22 12:00:00,4,0.941703874400708
2020-11-22 13:00:00,4,0.9838584825648541
2020-11-22 14:00:00,4,0.993477738992621
2020-11-22 15:00:00,4,0.9453732619680246
2020-11-22 16:00:00,4,0.9783734470897095
2020-11-22 17:00:00,4,0.9925502014677205
2020-11-23 08:00:00,4,0.9968911817178616
2020-11-23 09:00:00,4,0.9973313258535802
2020-11-23 10:00:00,4,0.9967205490416147
2020-11-23 11:00:00,4,0.9999174457319489
2020-11-23 12:00:00,4,0.9249542152655634
2020-11-23 13:00:00,4,0.9256019831092209
2020-11-23 14:00:00,4,0.9714952344752684
2020-11-23 15:00:00,4,0.9945241669776249
2020-11-23 16:00:00,4,0.9998525009797666
2020-11-23 17:00:00,4,0.9981941142907795
2020-11-24 08:00:00,4,0.995299856306526
2020-11-24 09:00:00,4,0.9976723245943003
2020-11-24 10:00:00,4,0.9941093741463409
2020-11-24 11:00:00,4,0.9997479355370769
2020-11-24 12:00:00,4,0.9352403655524755
2020-11-24 13:00:00,4,0.8239297447651182
2020-11-24 14:00:00,4,0.9881890656480427
2020-11-24 15:00:00,4,0.9688468626996131
2020-11-24 16:00:00,4,0.9967800251061013
2020-11-24 17:00:00,4,0.9988879436219817
2020-11-25 08:00:00,4,0.9952043100832745
2020-11-25 09:00:00,4,0.9970199369589846
2020-11-25 10:00:00,4,0.9979342885612575
2020-11-25 11:00:00,4,0.9979944216198505
2020-11-25 12:00:00,4,0.9922358179007918
2020-11-25 13:00:00,4,-0.8286388027698272
2020-11-25 14:00:00,4,0.9988495649841781
2020-11-25 15:00:00,4,0.9990752734105646
2020-11-25 16:00:00,4,0.9999780483832339
2020-11-25 17:00:00,4,0.9989173156156071
2020-11-26 08:00:00,4,0.996605062242718
2020-11-26 09:00:00,4,0.9985642645422607
2020-11-26 10:00:00,4,0.992641608331905
2020-11-26 11:00:00,4,0.9994394374178646
2020-11-26 12:00:00,4,0.9930699859389089
2020-11-26 13:00:00,4,-0.6951329446748732
2020-11-26 14:00:00,4,0.991435409292698
2020-11-26 15:00:00,4,0.9893423418389763
2020-11-26 16:00:00,4,0.9999206450354547
2020-11-26 17:00:00,4,0.9988100752233948
2020-11-27 08:00:00,4,0.9954720448021277
2020-11-27 09:00:00,4,0.9969267281513147
2020-11-27 10:00:00,4,0.992539610575139
2020-11-27 11:00:00,4,0.9979763512328973
2020-11-27 12:00:00,4,0.12496444153171908
2020-11-27 13:00:00,4,0.980524867230646
2020-11-27 14:00:00,4,0.9904784848347077
2020-11-27 15:00:00,4,0.9993084932632975
2020-11-27 16:00:00,4,0.9999721578096388
2020-11-27 17:00:00,4,0.998321813334644
2020-11-28 08:00:00,4,0.9955540983749885
2020-11-28 09:00:00,4,0.9996440078563572
2020-11-28 10:00:00,4,0.9916187316371015
2020-11-28 11:00:00,4,0.9991236614842868
2020-11-28 12:00:00,4,0.9910979499594408
2020-11-28 13:00:00,4,-0.44303681617153823
2020-11-28 14:00:00,4,0.9999469416912898
2020-11-28 15:00:00,4,0.9999570352675465
2020-11-28 16:00:00,4,0.9999778071406635
2020-11-28 17:00:00,4,0.9996758011949187
2020-11-29 08:00:00,4,0.9999144449814129
2020-11-29 09:00:00,4,0.997458742293763
2020-11-29 10:00:00,4,0.936652758644173
2020-11-29 11:00:00,4,0.9694211437449479
2020-11-29 12:00:00,4,0.9988225870160443
2020-11-29 13:00:00,4,0.007533870994666094
2020-11-29 14:00:00,4,0.9952507319258816
2020-11-29 15:00:00,4,0.9976669138300203
2020-11-29 16:00:00,4,0.9997979173455277
2020-11-29 17:00:00,4,0.9996534697347245
2020-11-30 08:00:00,4,0.8971917303714151
2020-11-30 09:00:00,4,0.9993763058116345
2020-11-30 10:00:00,4,0.9959695493237095
2020-11-30 11:00:00,4,0.9576320460065726
2020-11-30 12:00:00,4,0.9984761386015854
2020-11-30 13:00:00,4,-0.8408304691948248
2020-11-30 14:00:00,4,0.9844167017070713
2020-11-30 15:00:00,4,0.9994126299519682
2020-11-30 16:00:00,4,0.9997717299346229
2020-11-30 17:00:00,4,0.9988578481807194
2020-11-30 18:00:00,3,0.9987912305868056
2020-12-01 08:00:00,4,0.9965420748982858
2020-12-01 09:00:00,4,0.997609595224563
2020-12-01 10:00:00,4,0.9952422171498678
2020-12-01 11:00:00,4,0.9966208451116737
2020-12-01 12:00:00,4,0.9853857700698568
2020-12-01 13:00:00,4,-0.5365068799759652
2020-12-01 14:00:00,4,0.9933233856317243
2020-12-01 15:00:00,4,0.9989940091513078
2020-12-01 16:00:00,4,0.9996544858280354
2020-12-01 17:00:00,4,0.9990939188437868
2020-12-02 08:00:00,4,0.9956547091593956
2020-12-02 09:00:00,4,0.9968548978670436
2020-12-02 10:00:00,4,0.9754371450681836
2020-12-02 11:00:00,4,0.9923150817580568
2020-12-02 12:00:00,4,0.9941308227030454
2020-12-02 13:00:00,4,-0.9609189445186334
2020-12-02 14:00:00,4,0.9998166904310394
2020-12-02 15:00:00,4,0.89021436842637
2020-12-02 16:00:00,4,0.9569900876909037
2020-12-02 17:00:00,4,0.9988132444716282
2020-12-03 08:00:00,4,0.9991534051926041
2020-12-03 09:00:00,4,0.9896394862184006
2020-12-03 10:00:00,4,0.19383183854047037
2020-12-03 11:00:00,4,0.9934381600845685
2020-12-03 12:00:00,4,0.9965891714004393
2020-12-03 13:00:00,4,0.8897530222182505
2020-12-03 14:00:00,4,0.7527896585710716
2020-12-03 15:00:00,4,0.9020981996587902
2020-12-03 16:00:00,4,0.9999440310712534
2020-12-03 17:00:00,4,0.9986679037125529
2020-12-04 08:00:00,4,0.8509039634537362
2020-12-04 09:00:00,4,0.98152742395966
2020-12-04 10:00:00,4,0.9916301221338094
2020-12-04 11:00:00,4,0.9991984275879067
2020-12-04 12:00:00,4,0.9968427403522174
2020-12-04 13:00:00,4,-0.5977067615863214
2020-12-04 14:00:00,4,0.9956320716149443
2020-12-04 15:00:00,4,0.997478322582055
2020-12-04 16:00:00,4,0.9973498848756006
2020-12-04 17:00:00,4,0.9999328823158209
2020-12-05 08:00:00,4,0.994796893009482
2020-12-05 09:00:00,4,0.9974005606117333
2020-12-05 10:00:00,4,0.9963676066173025
2020-12-05 11:00:00,4,0.9098718317040589
2020-12-05 12:00:00,4,0.994891829985729
2020-12-05 13:00:00,4,0.41644609540449556
2020-12-05 14:00:00,4,0.9991902408751265
2020-12-05 15:00:00,4,0.9673774254900462
2020-12-05 16:00:00,4,0.6833863022894147
2020-12-05 17:00:00,4,0.9134212097891898
2020-12-06 08:00:00,4,0.9940687763414962
2020-12-06 09:00:00,4,0.9967613048487269
2020-12-06 10:00:00,4,0.9975589943837976
2020-12-06 11:00:00,4,0.9986384015675001
2020-12-06 12:00:00,4,0.996555210810665
2020-12-06 13:00:00,4,-0.8356234043345097
2020-12-06 14:00:00,4,0.9788646120643651
2020-12-06 15:00:00,4,0.9997306624415704
2020-12-06 16:00:00,4,0.9997900498732909
2020-12-06 17:00:00,4,0.9982621530682729
2020-12-06 18:00:00,3,0.9994761275935367
2020-12-07 08:00:00,4,0.9944362936515209
2020-12-07 09:00:00,4,0.9968220857323853
2020-12-07 10:00:00,4,0.9943553533946266
2020-12-07 11:00:00,4,0.9991784227915326
2020-12-07 12:00:00,4,0.9968764916243786
2020-12-07 13:00:00,4,-0.897134326734788
2020-12-07 14:00:00,4,0.9619273904850486
2020-12-07 15:00:00,4,0.8947403142913238
2020-12-07 16:00:00,4,0.9507982736343277
2020-12-07 17:00:00,4,0.9833129178068641
2020-12-08 08:00:00,4,0.9927078678566541
2020-12-08 09:00:00,4,0.9964920168599962
2020-12-08 10:00:00,4,0.9960278044358035
2020-12-08 11:00:00,4,0.9994870691857942
2020-12-08 12:00:00,4,0.9994387744227367
2020-12-08 13:00:00,4,-0.4542092999220994
2020-12-08 14:00:00,4,0.9865959720817296
2020-12-08 15:00:00,4,0.9994053540494043
2020-12-08 16:00:00,4,0.9998490359282842
2020-12-08 17:00:00,4,0.9986832045753637
2020-12-09 08:00:00,4,0.9932241226335281
2020-12-09 09:00:00,4,0.9957121767466109
2020-12-09 10:00:00,4,0.9954265430717053
2020-12-09 11:00:00,4,0.9961170099879068
2020-12-09 12:00:00,4,0.9712007532401314
2020-12-09 13:00:00,4,-0.9531560185916894
2020-12-09 14:00:00,4,0.9951747305669826
2020-12-09 15:00:00,4,0.9983020877421491
2020-12-09 16:00:00,4,0.9999431056158907
2020-12-09 17:00:00,4,0.9986736452854501
2020-12-10 08:00:00,4,0.9919921669732509
2020-12-10 09:00:00,4,0.9681943395856857
2020-12-10 10:00:00,4,0.9996302272454098
2020-12-10 11:00:00,4,0.9933523163388855
2020-12-10 12:00:00,4,0.9810664671607031
2020-12-10 13:00:00,4,0.9963995518444656
2020-12-10 14:00:00,4,0.9913979715513084
2020-12-10 15:00:00,4,0.992103423313783
2020-12-10 16:00:00,4,0.8473313356929708
2020-12-10 17:00:00,4,0.9987430207160756
2020-12-11 08:00:00,4,0.9910700700620031
2020-12-11 09:00:00,4,0.9960859301553048
2020-12-11 10:00:00,4,0.9975128537077198
2020-12-11 11:00:00,4,0.9963668188267505
2020-12-11 12:00:00,4,0.9955617360512822
2020-12-11 13:00:00,4,-0.8528546260815018
2020-12-11 14:00:00,4,0.9985622989895192
2020-12-11 15:00:00,4,0.9996468836614892
2020-12-11 16:00:00,4,0.999989225474151
2020-12-11 17:00:00,4,0.9985270710696608
2020-12-12 08:00:00,4,0.9908125681888234
2020-12-12 09:00:00,4,0.9955881260008803
2020-12-12 10:00:00,4,0.9968764978910263
2020-12-12 11:00:00,4,0.9948319625568235
2020-12-12 12:00:00,4,0.999041642729821
2020-12-12 13:00:00,4,-0.6491564600905154
2020-12-12 14:00:00,4,0.9948017916716879
2020-12-12 15:00:00,4,0.9982168977394481
2020-12-12 16:00:00,4,0.9997947340301695
2020-12-12 17:00:00,4,0.998544758101042
2020-12-13 08:00:00,4,0.9893935510421193
2020-12-13 09:00:00,4,0.9959632809328182
2020-12-13 10:00:00,4,0.9955905224720736
2020-12-13 11:00:00,4,0.9967230374972428
2020-12-13 12:00:00,4,0.9986750212930591
2020-12-13 13:00:00,4,-0.9075057173434369
2020-12-13 14:00:00,4,0.9917667334707942
2020-12-13 15:00:00,4,0.9991304553933331
2020-12-13 16:00:00,4,0.9999471955390877
2020-12-13 17:00:00,4,0.9979786036039947
2020-12-13 18:00:00,3,0.9989138983343296
2020-12-14 08:00:00,3,0.9851885723002074
2020-12-14 09:00:00,4,0.9954184694955613
2020-12-14 10:00:00,4,0.9969547254491448
2020-12-14 11:00:00,4,0.9986729656589752
2020-12-14 12:00:00,4,0.9976162586518837
2020-12-14 13:00:00,4,-0.9369787096764769
2020-12-14 14:00:00,4,0.9996863144967651
2020-12-14 15:00:00,4,0.9990841215994944
2020-12-14 16:00:00,4,0.9999808612227978
2020-12-14 17:00:00,4,0.998252162852033
2020-12-14 18:00:00,3,0.9992301056149134
2020-12-15 08:00:00,4,0.9929107025269021
2020-12-15 09:00:00,4,0.9959301199765661
2020-12-15 10:00:00,4,0.9969021387229305
2020-12-15 11:00:00,4,0.9980518162746864
2020-12-15 12:00:00,4,0.9936484283675528
2020-12-15 13:00:00,4,-0.9629975450378295
2020-12-15 14:00:00,4,0.4869550134238258
2020-12-15 15:00:00,4,0.9995337456763862
2020-12-15 16:00:00,4,0.9999978802698013
2020-12-15 17:00:00,4,0.9983363809919618
2020-12-15 18:00:00,3,0.9987228793225372
2020-12-16 08:00:00,4,0.9925716557133034
2020-12-16 09:00:00,4,0.9956764962572974
2020-12-16 10:00:00,4,0.9966495205026517
2020-12-16 11:00:00,4,0.9809601780128901
2020-12-16 12:00:00,4,0.9842414564623113
2020-12-16 13:00:00,4,-0.9972990092718905
2020-12-16 14:00:00,4,0.9873983110712525
2020-12-16 15:00:00,4,0.9986580451422545
2020-12-16 16:00:00,4,0.9998261228574097
2020-12-16 17:00:00,4,0.9980013892315306
2020-12-16 18:00:00,3,0.9995457347113742
2020-12-17 08:00:00,4,0.9941285636843447
2020-12-17 09:00:00,4,0.9955979505699597
2020-12-17 10:00:00,4,0.9977429397089416
2020-12-17 11:00:00,4,0.9986180185423116
2020-12-17 12:00:00,4,0.9980055661659418
2020-12-17 13:00:00,4,-0.08667772209026152
2020-12-17 14:00:00,4,0.9319197316178227
2020-12-17 15:00:00,4,0.9985372940677248
2020-12-17 16:00:00,4,0.999637762546785
2020-12-17 17:00:00,4,0.9984924711206759
2020-12-17 18:00:00,3,0.9990437021755624
2020-12-18 08:00:00,3,0.9962611843813426
2020-12-18 09:00:00,4,0.997796760762032
2020-12-18 10:00:00,4,0.9979492973752295
2020-12-18 11:00:00,4,0.9999732281744355
2020-12-18 12:00:00,4,0.8028298056570232
2020-12-18 13:00:00,4,0.9701468196313379
2020-12-18 14:00:00,4,0.9864950485034634
2020-12-18 15:00:00,4,0.9995789877511693
2020-12-18 16:00:00,4,0.9996499669928621
2020-12-18 17:00:00,4,0.9931722868294967
2020-12-18 18:00:00,3,0.9989547565754143
2020-12-19 08:00:00,3,0.9992637929650229
2020-12-19 09:00:00,4,0.9942673199570848
2020-12-19 10:00:00,4,0.9976782225681665
2020-12-19 11:00:00,4,0.9976550963263981
2020-12-19 12:00:00,4,0.9977361184395237
2020-12-19 13:00:00,4,-0.8885137656913163
2020-12-19 14:00:00,4,0.9868301060530067
2020-12-19 15:00:00,4,0.9993615978524398
2020-12-19 16:00:00,4,0.9999075167588246
2020-12-19 17:00:00,4,0.9987650294024537
2020-12-19 18:00:00,3,0.9998413682422788
2020-12-20 08:00:00,3,0.9956270036828152
2020-12-20 09:00:00,4,0.9993796955498274
2020-12-20 10:00:00,4,0.9994553586179864
2020-12-20 11:00:00,4,0.9938650343651052
2020-12-20 12:00:00,4,0.9495191802810334
2020-12-20 13:00:00,4,0.9744523348936498
2020-12-20 14:00:00,4,0.9787689526380302
2020-12-20 15:00:00,4,0.9951616521461667
2020-12-20 16:00:00,4,0.9990922256153305
2020-12-20 17:00:00,4,0.9982843394038999
2020-12-20 18:00:00,3,0.9995652676940238
2020-12-21 08:00:00,3,0.9979486045791384
2020-12-21 09:00:00,4,0.9951420435859228
2020-12-21 10:00:00,4,0.9877479389106747
2020-12-21 11:00:00,4,0.9934302129281866
2020-12-21 12:00:00,4,0.9339692984191065
2020-12-21 13:00:00,4,0.8573417149326826
2020-12-21 14:00:00,4,0.9991095126668135
2020-12-21 15:00:00,4,0.995928788513768
2020-12-21 16:00:00,4,0.9992424986339195
2020-12-21 17:00:00,4,0.9981494202184548
2020-12-21 18:00:00,3,0.9987244591301687
2020-12-22 09:00:00,4,0.9997703255199192
2020-12-22 10:00:00,4,0.8481413859015332
2020-12-22 11:00:00,4,0.9940693129260254
2020-12-22 12:00:00,4,0.928368993894409
2020-12-22 13:00:00,4,0.9259096672365033
2020-12-22 14:00:00,4,0.7070733052707192
2020-12-22 15:00:00,4,0.9973384335827863
2020-12-22 16:00:00,4,0.9972477134725053
2020-12-22 17:00:00,4,0.9994625705735801
2020-12-22 18:00:00,3,0.7931265876299376
2020-12-23 08:00:00,3,0.9996079040392305
2020-12-23 09:00:00,4,0.994474307494242
2020-12-23 10:00:00,4,0.7954718400541767
2020-12-23 11:00:00,4,0.8081084858702231
2020-12-23 12:00:00,4,0.9727393715530651
2020-12-23 13:00:00,4,0.8789167744133746
2020-12-23 14:00:00,4,0.9796137894765778
2020-12-23 15:00:00,4,0.9964588838069947
2020-12-23 16:00:00,4,0.999918254305026
2020-12-23 17:00:00,4,0.9989439777994342
2020-12-23 18:00:00,3,0.999386575291656
2020-12-24 08:00:00,3,0.99987406354272
2020-12-24 09:00:00,4,0.8733620800710193
2020-12-24 10:00:00,4,0.995613657375355
2020-12-24 11:00:00,4,0.9987441017930586
2020-12-24 12:00:00,4,0.90562028791907
2020-12-24 13:00:00,4,0.8903200575106621
2020-12-24 14:00:00,4,0.9789617135098966
2020-12-24 15:00:00,4,0.9987232581799492
2020-12-24 16:00:00,4,0.9947330266737113
2020-12-24 17:00:00,4,0.9976869784927272
2020-12-24 18:00:00,3,0.9995612484599566
2020-12-25 08:00:00,3,0.9973156490581245
2020-12-25 09:00:00,4,0.9952108600631137
2020-12-25 10:00:00,4,0.9960883797089254
2020-12-25 11:00:00,4,0.9989482180668191
2020-12-25 12:00:00,4,0.9958783767406916
2020-12-25 13:00:00,4,-0.7645238372410134
2020-12-25 14:00:00,4,0.9864618895348185
2020-12-25 15:00:00,4,0.9983612001768966
2020-12-25 16:00:00,4,0.9990455303515198
2020-12-25 17:00:00,4,0.9988585246892842
2020-12-25 18:00:00,3,0.9989357004199585
2020-12-26 08:00:00,3,0.998138975079268
2020-12-26 09:00:00,4,0.9944818585098731
2020-12-26 10:00:00,4,0.9966871187812197
2020-12-26 11:00:00,4,0.984875878396421
2020-12-26 12:00:00,4,0.9985387524475493
2020-12-26 13:00:00,4,-0.4573628695892175
2020-12-26 14:00:00,4,0.9914971278342658
2020-12-26 15:00:00,4,0.9952328788118495
2020-12-26 16:00:00,4,0.9988533450010907
2020-12-26 17:00:00,4,0.9978167790952719
2020-12-26 18:00:00,3,0.9996532379995526
2020-12-27 08:00:00,3,0.9994917509209672
2020-12-27 09:00:00,4,0.9973203892236318
2020-12-27 10:00:00,4,0.9994287383180441
2020-12-27 11:00:00,4,0.9871925745246894
2020-12-27 12:00:00,4,0.881891299142769
2020-12-27 13:00:00,4,0.9762056084266062
2020-12-27 14:00:00,4,0.9917074993872633
2020-12-27 15:00:00,4,0.9897728102334957
2020-12-27 16:00:00,4,0.9999838626511001
2020-12-27 17:00:00,4,0.998424538079017
2020-12-27 18:00:00,3,0.9996997076507095
2020-12-28 08:00:00,3,0.9986489227902158
2020-12-28 09:00:00,4,0.9949325814041685
2020-12-28 10:00:00,4,0.9961513991575449
2020-12-28 11:00:00,4,0.9978692851171304
2020-12-28 12:00:00,4,0.999455621695548
2020-12-28 13:00:00,4,-0.6713483983862644
2020-12-28 14:00:00,4,0.99385162303087
2020-12-28 15:00:00,4,0.9996736412771986
2020-12-28 16:00:00,4,0.9995784917457753
2020-12-28 17:00:00,4,0.9965906942691832
2020-12-28 18:00:00,3,0.9993503342777273
2020-12-29 08:00:00,3,0.9987949988091872
2020-12-29 09:00:00,4,0.9944091414305706
2020-12-29 10:00:00,4,0.9932186121844081
2020-12-29 11:00:00,4,0.9669463074476077
2020-12-29 12:00:00,4,0.9390863692780071
2020-12-29 13:00:00,4,0.9346980567262557
2020-12-29 14:00:00,4,0.9965461143162169
2020-12-29 15:00:00,4,0.9974016484857536
2020-12-29 16:00:00,4,0.9843947956237894
2020-12-29 17:00:00,4,0.9844149766534539
2020-12-29 18:00:00,3,0.9989505863175366
2020-12-30 08:00:00,3,0.9977961284002783
2020-12-30 09:00:00,4,0.960867607273266
2020-12-30 10:00:00,4,0.9779452094118293
2020-12-30 11:00:00,4,0.8950924483210981
2020-12-30 12:00:00,4,0.925833433503734
2020-12-30 13:00:00,4,0.9978932674092776
2020-12-30 14:00:00,4,0.9789432055810068
2020-12-30 15:00:00,4,0.8791451834704881
2020-12-30 16:00:00,4,0.9994943831652642
2020-12-30 17:00:00,4,0.9996020199379755
2020-12-30 18:00:00,3,0.9999387242272004
2020-12-31 08:00:00,3,0.9941553210473696
2020-12-31 09:00:00,4,0.9998289608664569
2020-12-31 10:00:00,4,0.998039826418434
2020-12-31 11:00:00,4,0.9964646237619669
2020-12-31 12:00:00,4,0.9230627522396175
2020-12-31 13:00:00,4,0.7952559991185866
2020-12-31 14:00:00,4,-0.36504501786942756
2020-12-31 15:00:00,4,0.9983713865468794
2020-12-31 16:00:00,4,0.9998926199680142
2020-12-31 17:00:00,4,0.998256899082979
2020-12-31 18:00:00,3,0.9989687175798746
