timestamp,y_true,y_pred
2026-08-04 10:00:00,0.7289008,0.6907292
2026-08-04 10:15:00,0.74601233,0.71332127
2026-08-04 10:30:00,0.75416124,0.72872424
2026-08-04 10:45:00,0.76405275,0.7385571
2026-08-04 11:00:00,0.7412306,0.75468373
2026-08-04 11:15:00,0.7842087,0.759411
2026-08-04 11:30:00,0.8271868,0.7688004
2026-08-04 11:45:00,0.8144833,0.7807287
2026-08-04 12:00:00,0.8392607,0.7811422
2026-08-04 12:15:00,0.8089858,0.7855485
2026-08-04 12:30:00,0.80510813,0.7748362
2026-08-04 12:45:00,0.80123043,0.7633716
2026-08-04 13:00:00,0.80323064,0.75873566
2026-08-04 13:15:00,0.77941746,0.75449574
2026-08-04 13:30:00,0.7814182,0.7422848
2026-08-04 13:45:00,0.746424,0.7314125
2026-08-04 14:00:00,0.763852,0.7143634
2026-08-04 14:15:00,0.7569042,0.7046638
2026-08-04 14:30:00,0.7472617,0.6940584
2026-08-04 14:45:00,0.752666,0.6758026
2026-08-04 15:00:00,0.71046937,0.66844964
2026-08-04 15:15:00,0.6692162,0.6341008
2026-08-04 15:30:00,0.6479636,0.5984812
2026-08-04 15:45:00,0.62671095,0.5723535
2026-08-04 16:00:00,0.6054583,0.5528091
2026-08-04 16:15:00,0.56951773,0.5319736
2026-08-04 16:30:00,0.5345266,0.50214714
2026-08-04 16:45:00,0.5117672,0.47088718
2026-08-04 17:00:00,0.48005158,0.4512545
2026-08-04 17:15:00,0.44539154,0.42802483
2026-08-04 17:30:00,0.41194955,0.39776415
2026-08-04 17:45:00,0.37769955,0.36240196
2026-08-04 18:00:00,0.33239025,0.3352821
2026-08-04 18:15:00,0.31893066,0.31825253
2026-08-04 18:30:00,0.2959752,0.3058371
2026-08-04 18:45:00,0.28929222,0.29459527
2026-08-04 19:00:00,0.28252816,0.28575605
2026-08-04 19:15:00,0.28252816,0.28242323
2026-08-04 19:30:00,0.28252816,0.28160644
2026-08-04 19:45:00,0.28252816,0.28090388
2026-08-04 20:00:00,0.28252816,0.28066644
2026-08-04 20:15:00,0.28252816,0.28066868
2026-08-04 20:30:00,0.28252816,0.2807037
2026-08-04 20:45:00,0.28252816,0.28079
2026-08-04 21:00:00,0.28252816,0.28085506
2026-08-04 21:15:00,0.28252816,0.28078598
2026-08-04 21:30:00,0.28252816,0.28074348
2026-08-04 21:45:00,0.28252816,0.28084967
2026-08-04 22:00:00,0.28252816,0.28094333
2026-08-04 22:15:00,0.28252816,0.28081623
2026-08-04 22:30:00,0.28252816,0.28073043
2026-08-04 22:45:00,0.28252816,0.28081012
2026-08-04 23:00:00,0.28252816,0.28090793
2026-08-04 23:15:00,0.28252816,0.28093264
2026-08-04 23:30:00,0.28252816,0.28094608
2026-08-04 23:45:00,0.28252816,0.28093487
2026-08-05 00:00:00,0.28252816,0.2809331
2026-08-05 00:15:00,0.28252816,0.28094476
2026-08-05 00:30:00,0.28252816,0.28101006
2026-08-05 00:45:00,0.28252816,0.28109148
2026-08-05 01:00:00,0.28252816,0.28112224
2026-08-05 01:15:00,0.28252816,0.28114936
2026-08-05 01:30:00,0.28252816,0.28122053
2026-08-05 01:45:00,0.28252816,0.2813209
2026-08-05 02:00:00,0.28252816,0.28136927
2026-08-05 02:15:00,0.28252816,0.28144073
2026-08-05 02:30:00,0.28252816,0.28154445
2026-08-05 02:45:00,0.28252816,0.28164682
2026-08-05 03:00:00,0.28252816,0.2817206
2026-08-05 03:15:00,0.28252816,0.28177747
2026-08-05 03:30:00,0.28252816,0.28187963
2026-08-05 03:45:00,0.28252816,0.2819843
2026-08-05 04:00:00,0.28252816,0.28202766
2026-08-05 04:15:00,0.28252816,0.28216097
2026-08-05 04:30:00,0.28252816,0.28233534
2026-08-05 04:45:00,0.28252816,0.28248504
2026-08-05 05:00:00,0.28252816,0.28252786
2026-08-05 05:15:00,0.28252816,0.2824217
2026-08-05 05:30:00,0.2893166,0.2830054
2026-08-05 05:45:00,0.29607677,0.28322145
2026-08-05 06:00:00,0.30283695,0.28594485
2026-08-05 06:15:00,0.30959713,0.2966577
2026-08-05 06:30:00,0.3341487,0.31789625
2026-08-05 06:45:00,0.36003312,0.35669115
2026-08-05 07:00:00,0.38819885,0.39054993
2026-08-05 07:15:00,0.4190653,0.40976924
2026-08-05 07:30:00,0.44989532,0.42817032
2026-08-05 07:45:00,0.46030104,0.45393413
2026-08-05 08:00:00,0.4707068,0.4746765
2026-08-05 08:15:00,0.50325733,0.47621515
2026-08-05 08:30:00,0.58756745,0.49070925
2026-08-05 08:45:00,0.67187756,0.55746007
2026-08-05 09:00:00,0.6710472,0.6231698
2026-08-05 09:15:00,0.6702169,0.63952345
2026-08-05 09:30:00,0.66423416,0.64331734
2026-08-05 09:45:00,0.69233733,0.64834577
2026-08-05 10:00:00,0.60411924,0.6782665
2026-08-05 10:15:00,0.51590115,0.64481425
2026-08-05 10:30:00,0.4335089,0.575087
2026-08-05 10:45:00,0.55504143,0.52544487
2026-08-05 11:00:00,0.6765739,0.54459774
2026-08-05 11:15:00,0.8205014,0.62858474
2026-08-05 11:30:00,0.65867937,0.70658755
2026-08-05 11:45:00,0.4968574,0.6726314
2026-08-05 12:00:00,0.5332047,0.5862106
2026-08-05 12:15:00,0.5695518,0.58241177
2026-08-05 12:30:00,0.70540875,0.58374643
2026-08-05 12:45:00,0.64801663,0.65542835
2026-08-05 13:00:00,0.59062445,0.66014695
2026-08-05 13:15:00,0.4997443,0.62145644
2026-08-05 13:30:00,0.6510188,0.5538321
2026-08-05 13:45:00,0.8022933,0.5729828
2026-08-05 14:00:00,0.7778497,0.6678252
2026-08-05 14:15:00,0.75340605,0.678963
2026-08-05 14:30:00,0.6082126,0.67515534
2026-08-05 14:45:00,0.46301913,0.5731851
2026-08-05 15:00:00,0.43047535,0.50620127
2026-08-05 15:15:00,0.39793152,0.48419613
2026-08-05 15:30:00,0.37160566,0.4578691
2026-08-05 15:45:00,0.34218723,0.44845015
2026-08-05 16:00:00,0.3419433,0.4064035
2026-08-05 16:15:00,0.32741535,0.38422355
2026-08-05 16:30:00,0.31476372,0.36689955
2026-08-05 16:45:00,0.3021121,0.3472862
2026-08-05 17:00:00,0.3042852,0.33158606
2026-08-05 17:15:00,0.31265986,0.31751215
2026-08-05 17:30:00,0.32193998,0.30783623
2026-08-05 17:45:00,0.32380226,0.30175406
2026-08-05 18:00:00,0.31788582,0.29929405
2026-08-05 18:15:00,0.3126646,0.29514384
2026-08-05 18:30:00,0.30483156,0.2895442
2026-08-05 18:45:00,0.29509488,0.2863346
2026-08-05 19:00:00,0.28252816,0.28526813
2026-08-05 19:15:00,0.28252816,0.28531933
2026-08-05 19:30:00,0.28252816,0.28521153
2026-08-05 19:45:00,0.28252816,0.28358394
2026-08-05 20:00:00,0.28252816,0.28242388
2026-08-05 20:15:00,0.28252816,0.28261825
2026-08-05 20:30:00,0.28252816,0.28233165
2026-08-05 20:45:00,0.28252816,0.28211558
2026-08-05 21:00:00,0.28252816,0.28203514
2026-08-05 21:15:00,0.28252816,0.28166512
2026-08-05 21:30:00,0.28252816,0.28112245
2026-08-05 21:45:00,0.28252816,0.28091258
2026-08-05 22:00:00,0.28252816,0.2815121
2026-08-05 22:15:00,0.28252816,0.2817886
2026-08-05 22:30:00,0.28252816,0.2827673
2026-08-05 22:45:00,0.28252816,0.2836794
2026-08-05 23:00:00,0.28252816,0.28314078
2026-08-05 23:15:00,0.28252816,0.28386882
2026-08-05 23:30:00,0.28252816,0.2839315
2026-08-05 23:45:00,0.28252816,0.2839013
2026-08-06 00:00:00,0.28252816,0.28314617
2026-08-06 00:15:00,0.28252816,0.28238776
2026-08-06 00:30:00,0.28252816,0.28177437
2026-08-06 00:45:00,0.28252816,0.28115574
2026-08-06 01:00:00,0.28252816,0.28088534
2026-08-06 01:15:00,0.28252816,0.28079805
2026-08-06 01:30:00,0.28252816,0.2808712
2026-08-06 01:45:00,0.28252816,0.2810408
2026-08-06 02:00:00,0.28252816,0.28117535
2026-08-06 02:15:00,0.28252816,0.2813198
2026-08-06 02:30:00,0.28252816,0.28147545
2026-08-06 02:45:00,0.28252816,0.28162107
2026-08-06 03:00:00,0.28252816,0.2819155
2026-08-06 03:15:00,0.28252816,0.28229138
2026-08-06 03:30:00,0.28252816,0.28233367
2026-08-06 03:45:00,0.28252816,0.28291863
2026-08-06 04:00:00,0.28252816,0.28310674
2026-08-06 04:15:00,0.28252816,0.28328368
2026-08-06 04:30:00,0.28252816,0.28339806
2026-08-06 04:45:00,0.28252816,0.28348622
2026-08-06 05:00:00,0.28252816,0.2834869
2026-08-06 05:15:00,0.28252816,0.28374067
2026-08-06 05:30:00,0.28366244,0.28576174
2026-08-06 05:45:00,0.2922592,0.28737432
2026-08-06 06:00:00,0.30677912,0.29024115
2026-08-06 06:15:00,0.30791906,0.3002557
2026-08-06 06:30:00,0.30527082,0.31878757
2026-08-06 06:45:00,0.31948394,0.33525437
2026-08-06 07:00:00,0.3543466,0.36216885
2026-08-06 07:15:00,0.38920927,0.3836468
2026-08-06 07:30:00,0.40904778,0.3981489
2026-08-06 07:45:00,0.42888632,0.41758406
2026-08-06 08:00:00,0.46384227,0.44518682
2026-08-06 08:15:00,0.51602685,0.4744106
2026-08-06 08:30:00,0.59970605,0.51049465
2026-08-06 08:45:00,0.6377699,0.56323504
2026-08-06 09:00:00,0.6802451,0.6065651
2026-08-06 09:15:00,0.7242671,0.64738184
2026-08-06 09:30:00,0.6785501,0.6767832
2026-08-06 09:45:00,0.63283324,0.66911936
2026-08-06 10:00:00,0.60883933,0.6567004
2026-08-06 10:15:00,0.57070446,0.6467682
2026-08-06 10:30:00,0.5325695,0.616217
2026-08-06 10:45:00,0.54715025,0.58210367
2026-08-06 11:00:00,0.561731,0.5876546
2026-08-06 11:15:00,0.6132779,0.59559524
2026-08-06 11:30:00,0.6453812,0.60540617
2026-08-06 11:45:00,0.637447,0.6330117
2026-08-06 12:00:00,0.7256515,0.6236501
2026-08-06 12:15:00,0.813856,0.66439164
2026-08-06 12:30:00,0.81390244,0.71796966
2026-08-06 12:45:00,0.8139489,0.7301223
2026-08-06 13:00:00,0.7378411,0.73665214
2026-08-06 13:15:00,0.6692072,0.70903623
2026-08-06 13:30:00,0.68060994,0.6693625
2026-08-06 13:45:00,0.69903296,0.6586654
2026-08-06 14:00:00,0.71745604,0.6648872
2026-08-06 14:15:00,0.74289954,0.6644912
2026-08-06 14:30:00,0.75241953,0.66607165
2026-08-06 14:45:00,0.7176689,0.661224
2026-08-06 15:00:00,0.68309903,0.63179076
2026-08-06 15:15:00,0.67418516,0.6047069
2026-08-06 15:30:00,0.6449283,0.5914591
2026-08-06 15:45:00,0.6289997,0.5667993
2026-08-06 16:00:00,0.5907737,0.54619944
2026-08-06 16:15:00,0.5649968,0.5200591
2026-08-06 16:30:00,0.5346102,0.48962232
2026-08-06 16:45:00,0.5004288,0.4622187
2026-08-06 17:00:00,0.4625717,0.44533628
2026-08-06 17:15:00,0.43688166,0.41996813
2026-08-06 17:30:00,0.40435845,0.38853604
2026-08-06 17:45:00,0.3725913,0.3554601
2026-08-06 18:00:00,0.33298272,0.3314228
2026-08-06 18:15:00,0.318612,0.31711546
2026-08-06 18:30:00,0.30679807,0.3054457
2026-08-06 18:45:00,0.29498413,0.2936137
2026-08-06 19:00:00,0.28252816,0.2851946
2026-08-06 19:15:00,0.28252816,0.28235933
2026-08-06 19:30:00,0.28252816,0.28161576
2026-08-06 19:45:00,0.28252816,0.280954
2026-08-06 20:00:00,0.28252816,0.28074458
2026-08-06 20:15:00,0.28252816,0.2806684
2026-08-06 20:30:00,0.28252816,0.28068462
2026-08-06 20:45:00,0.28252816,0.2807598
2026-08-06 21:00:00,0.28252816,0.28083214
2026-08-06 21:15:00,0.28252816,0.28079614
2026-08-06 21:30:00,0.28252816,0.28077617
2026-08-06 21:45:00,0.28252816,0.28086403
2026-08-06 22:00:00,0.28252816,0.28092957
2026-08-06 22:15:00,0.28252816,0.28085628
2026-08-06 22:30:00,0.28252816,0.28080675
2026-08-06 22:45:00,0.28252816,0.2808705
2026-08-06 23:00:00,0.28252816,0.28093243
2026-08-06 23:15:00,0.28252816,0.2809445
2026-08-06 23:30:00,0.28252816,0.28092682
2026-08-06 23:45:00,0.28252816,0.28093004
2026-08-07 00:00:00,0.28252816,0.2809647
2026-08-07 00:15:00,0.28252816,0.28101096
2026-08-07 00:30:00,0.28252816,0.2810658
2026-08-07 00:45:00,0.28252816,0.28112257
2026-08-07 01:00:00,0.28252816,0.28114986
2026-08-07 01:15:00,0.28252816,0.28117937
2026-08-07 01:30:00,0.28252816,0.28123882
2026-08-07 01:45:00,0.28252816,0.28131533
2026-08-07 02:00:00,0.28252816,0.28132045
2026-08-07 02:15:00,0.28252816,0.28136152
2026-08-07 02:30:00,0.28252816,0.28146076
2026-08-07 02:45:00,0.28252816,0.2815815
2026-08-07 03:00:00,0.28252816,0.28167337
2026-08-07 03:15:00,0.28252816,0.28173906
2026-08-07 03:30:00,0.28252816,0.28183898
2026-08-07 03:45:00,0.28252816,0.2819368
2026-08-07 04:00:00,0.28252816,0.28193098
2026-08-07 04:15:00,0.28252816,0.28204498
2026-08-07 04:30:00,0.28252816,0.28223616
2026-08-07 04:45:00,0.28252816,0.2824604
2026-08-07 05:00:00,0.28252816,0.2827533
2026-08-07 05:15:00,0.28252816,0.28290027
2026-08-07 05:30:00,0.28837422,0.28286424
2026-08-07 05:45:00,0.29417163,0.283629
2026-08-07 06:00:00,0.29996905,0.28889936
2026-08-07 06:15:00,0.31417143,0.29328704
2026-08-07 06:30:00,0.3324012,0.3148726
2026-08-07 06:45:00,0.35241544,0.35766688
2026-08-07 07:00:00,0.37618342,0.38290823
2026-08-07 07:15:00,0.40240416,0.39540026
2026-08-07 07:30:00,0.43292153,0.41599715
2026-08-07 07:45:00,0.45907485,0.4263951
2026-08-07 08:00:00,0.48749965,0.45275393
2026-08-07 08:15:00,0.51810557,0.48990533
2026-08-07 08:30:00,0.54299945,0.5176258
2026-08-07 08:45:00,0.5771871,0.5406228
2026-08-07 09:00:00,0.6061213,0.571736
2026-08-07 09:15:00,0.6243913,0.593652
2026-08-07 09:30:00,0.650627,0.604637
2026-08-07 09:45:00,0.67537093,0.6223415
2026-08-07 10:00:00,0.69801044,0.65512836
2026-08-07 10:15:00,0.71624255,0.68384194
2026-08-07 10:30:00,0.7436082,0.71808827
2026-08-07 10:45:00,0.748391,0.7242979
2026-08-07 11:00:00,0.7531738,0.72687876
2026-08-07 11:15:00,0.7718683,0.73443645
2026-08-07 11:30:00,0.79056275,0.7476722
2026-08-07 11:45:00,0.78223675,0.75296724
2026-08-07 12:00:00,0.8174044,0.7499052
2026-08-07 12:15:00,0.81409216,0.7578864
2026-08-07 12:30:00,0.8107798,0.7562282
2026-08-07 12:45:00,0.7830089,0.75046444
2026-08-07 13:00:00,0.7361732,0.74012136
2026-08-07 13:15:00,0.67706835,0.7170304
2026-08-07 13:30:00,0.6001967,0.6770992
2026-08-07 13:45:00,0.5233251,0.6209327
2026-08-07 14:00:00,0.42868665,0.5661174
2026-08-07 14:15:00,0.42350352,0.52001333
2026-08-07 14:30:00,0.4183204,0.48312154
2026-08-07 14:45:00,0.4038239,0.45250386
2026-08-07 15:00:00,0.48800588,0.4287097
2026-08-07 15:15:00,0.5721878,0.44017807
2026-08-07 15:30:00,0.631322,0.46689725
2026-08-07 15:45:00,0.51587397,0.5003916
2026-08-07 16:00:00,0.400426,0.47398138
2026-08-07 16:15:00,0.44127613,0.441213
2026-08-07 16:30:00,0.4821263,0.4251584
2026-08-07 16:45:00,0.44224262,0.41886684
2026-08-07 17:00:00,0.43700138,0.41191852
2026-08-07 17:15:00,0.4185098,0.40628082
2026-08-07 17:30:00,0.3791625,0.37622234
2026-08-07 17:45:00,0.34378445,0.33867252
2026-08-07 18:00:00,0.33803925,0.3239742
2026-08-07 18:15:00,0.32230926,0.3163523
2026-08-07 18:30:00,0.30768967,0.3073865
2026-08-07 18:45:00,0.29307008,0.29349476
2026-08-07 19:00:00,0.28252816,0.28533587
2026-08-07 19:15:00,0.28252816,0.28242722
2026-08-07 19:30:00,0.28252816,0.28172886
2026-08-07 19:45:00,0.28252816,0.28096485
2026-08-07 20:00:00,0.28252816,0.28066722
2026-08-07 20:15:00,0.28252816,0.28062665
2026-08-07 20:30:00,0.28252816,0.28068405
2026-08-07 20:45:00,0.28252816,0.28075615
2026-08-07 21:00:00,0.28252816,0.2808246
2026-08-07 21:15:00,0.28252816,0.2808008
2026-08-07 21:30:00,0.28252816,0.28077734
2026-08-07 21:45:00,0.28252816,0.28082883
2026-08-07 22:00:00,0.28252816,0.28087053
2026-08-07 22:15:00,0.28252816,0.2808629
2026-08-07 22:30:00,0.28252816,0.28085732
2026-08-07 22:45:00,0.28252816,0.2808903
2026-08-07 23:00:00,0.28252816,0.28091606
2026-08-07 23:15:00,0.28252816,0.28091693
2026-08-07 23:30:00,0.28252816,0.28091633
2026-08-07 23:45:00,0.28252816,0.2821933
2026-08-08 00:00:00,0.28252816,0.28297156
2026-08-08 00:15:00,0.28252816,0.28232163
2026-08-08 00:30:00,0.28252816,0.28298578
2026-08-08 00:45:00,0.28252816,0.28275958
2026-08-08 01:00:00,0.28252816,0.2828111
2026-08-08 01:15:00,0.28252816,0.28288317
2026-08-08 01:30:00,0.28252816,0.282759
2026-08-08 01:45:00,0.28252816,0.28281608
2026-08-08 02:00:00,0.28252816,0.2823228
2026-08-08 02:15:00,0.28252816,0.28130105
2026-08-08 02:30:00,0.28252816,0.28135478
2026-08-08 02:45:00,0.28252816,0.28130466
2026-08-08 03:00:00,0.28252816,0.28142518
2026-08-08 03:15:00,0.28252816,0.28143588
2026-08-08 03:30:00,0.28252816,0.28154024
2026-08-08 03:45:00,0.28252816,0.2817223
2026-08-08 04:00:00,0.28252816,0.281861
2026-08-08 04:15:00,0.28252816,0.2820565
2026-08-08 04:30:00,0.28252816,0.28226227
2026-08-08 04:45:00,0.28252816,0.28242064
2026-08-08 05:00:00,0.28252816,0.28252336
2026-08-08 05:15:00,0.28252816,0.28266707
2026-08-08 05:30:00,0.28252816,0.28333658
2026-08-08 05:45:00,0.29233262,0.2852738
2026-08-08 06:00:00,0.30513817,0.28985208
2026-08-08 06:15:00,0.3178523,0.2982266
2026-08-08 06:30:00,0.332628,0.31909537
2026-08-08 06:45:00,0.32635048,0.35650018
2026-08-08 07:00:00,0.37609842,0.3865318
2026-08-08 07:15:00,0.4258464,0.40689227
2026-08-08 07:30:00,0.4309184,0.4312799
2026-08-08 07:45:00,0.4730497,0.4567199
2026-08-08 08:00:00,0.50025624,0.4840504
2026-08-08 08:15:00,0.5224824,0.5116681
2026-08-08 08:30:00,0.5696988,0.5276027
2026-08-08 08:45:00,0.570758,0.55700874
2026-08-08 09:00:00,0.57181716,0.5775863
2026-08-08 09:15:00,0.57287633,0.58649504
2026-08-08 09:30:00,0.5739355,0.590917
2026-08-08 09:45:00,0.6756129,0.59483755
2026-08-08 10:00:00,0.71797466,0.64087033
2026-08-08 10:15:00,0.71968496,0.6821673
2026-08-08 10:30:00,0.74295723,0.70310414
2026-08-08 10:45:00,0.76622957,0.7252109
2026-08-08 11:00:00,0.78950185,0.7422505
2026-08-08 11:15:00,0.8127742,0.7591221
2026-08-08 11:30:00,0.8100511,0.77155805
2026-08-08 11:45:00,0.8129416,0.77369547
2026-08-08 12:00:00,0.8158322,0.77094865
2026-08-08 12:15:00,0.8248204,0.76845616
2026-08-08 12:30:00,0.84819525,0.76874685
2026-08-08 12:45:00,0.8309724,0.7714454
2026-08-08 13:00:00,0.61660457,0.76539826
2026-08-08 13:15:00,0.40223673,0.6768365
2026-08-08 13:30:00,0.463694,0.549731
2026-08-08 13:45:00,0.5251513,0.53105253
2026-08-08 14:00:00,0.4874548,0.5297108
2026-08-08 14:15:00,0.4497583,0.5156563
2026-08-08 14:30:00,0.46063936,0.50531
2026-08-08 14:45:00,0.4818436,0.48453552
2026-08-08 15:00:00,0.5030478,0.46298578
2026-08-08 15:15:00,0.43383855,0.45565838
2026-08-08 15:30:00,0.36462927,0.448928
2026-08-08 15:45:00,0.35797608,0.40726972
2026-08-08 16:00:00,0.4216873,0.37892008
2026-08-08 16:15:00,0.4182083,0.37258565
2026-08-08 16:30:00,0.35636574,0.37197283
2026-08-08 16:45:00,0.42560238,0.3539767
2026-08-08 17:00:00,0.49483895,0.36087245
2026-08-08 17:15:00,0.50642866,0.38328648
2026-08-08 17:30:00,0.4845348,0.39714473
2026-08-08 17:45:00,0.4292866,0.38280582
2026-08-08 18:00:00,0.34210634,0.34623542
2026-08-08 18:15:00,0.3337471,0.3103914
2026-08-08 18:30:00,0.3253878,0.2889867
2026-08-08 18:45:00,0.3027133,0.28608477
2026-08-08 19:00:00,0.28252816,0.28548205
2026-08-08 19:15:00,0.28252816,0.28566352
2026-08-08 19:30:00,0.28252816,0.28549975
2026-08-08 19:45:00,0.28252816,0.283842
2026-08-08 20:00:00,0.28252816,0.28279442
2026-08-08 20:15:00,0.28252816,0.2829924
2026-08-08 20:30:00,0.28252816,0.28265652
2026-08-08 20:45:00,0.28252816,0.28192666
2026-08-08 21:00:00,0.28252816,0.28130737
2026-08-08 21:15:00,0.28252816,0.28094462
2026-08-08 21:30:00,0.28252816,0.28070244
2026-08-08 21:45:00,0.28252816,0.2806667
2026-08-08 22:00:00,0.28252816,0.28075823
2026-08-08 22:15:00,0.28252816,0.2808646
2026-08-08 22:30:00,0.28252816,0.28093863
2026-08-08 22:45:00,0.28252816,0.28094116
2026-08-08 23:00:00,0.28252816,0.2809103
2026-08-08 23:15:00,0.28252816,0.28108752
2026-08-08 23:30:00,0.28252816,0.2812169
2026-08-08 23:45:00,0.28252816,0.28121448
2026-08-09 00:00:00,0.28252816,0.28112456
2026-08-09 00:15:00,0.28252816,0.2810735
2026-08-09 00:30:00,0.28252816,0.28107747
2026-08-09 00:45:00,0.28252816,0.28110862
2026-08-09 01:00:00,0.28252816,0.28114688
2026-08-09 01:15:00,0.28252816,0.28120455
2026-08-09 01:30:00,0.28252816,0.2812629
2026-08-09 01:45:00,0.28252816,0.28130892
2026-08-09 02:00:00,0.28252816,0.28135505
2026-08-09 02:15:00,0.28252816,0.2814032
2026-08-09 02:30:00,0.28252816,0.2814809
2026-08-09 02:45:00,0.28252816,0.2815685
2026-08-09 03:00:00,0.28252816,0.28165904
2026-08-09 03:15:00,0.28252816,0.28177524
2026-08-09 03:30:00,0.28252816,0.28187612
2026-08-09 03:45:00,0.28252816,0.28195652
2026-08-09 04:00:00,0.28252816,0.28202656
2026-08-09 04:15:00,0.28252816,0.28213507
2026-08-09 04:30:00,0.28252816,0.28224063
2026-08-09 04:45:00,0.28252816,0.28232718
2026-08-09 05:00:00,0.28252816,0.28240296
2026-08-09 05:15:00,0.28252816,0.28251955
2026-08-09 05:30:00,0.28252816,0.28314897
2026-08-09 05:45:00,0.28836936,0.28504604
2026-08-09 06:00:00,0.29991257,0.28923804
2026-08-09 06:15:00,0.31402078,0.29660776
2026-08-09 06:30:00,0.32812896,0.31635654
2026-08-09 06:45:00,0.35812566,0.35305318
2026-08-09 07:00:00,0.38791066,0.39188477
2026-08-09 07:15:00,0.41964918,0.41352051
2026-08-09 07:30:00,0.4624859,0.4327786
2026-08-09 07:45:00,0.49338895,0.46466637
2026-08-09 08:00:00,0.5241703,0.49456865
2026-08-09 08:15:00,0.5554782,0.51954216
2026-08-09 08:30:00,0.58594143,0.5451805
2026-08-09 08:45:00,0.61509204,0.5702565
2026-08-09 09:00:00,0.64134943,0.59870315
2026-08-09 09:15:00,0.6633154,0.6258255
2026-08-09 09:30:00,0.6903753,0.6497567
2026-08-09 09:45:00,0.71220356,0.67643833
2026-08-09 10:00:00,0.72792137,0.7025353
2026-08-09 10:15:00,0.7472978,0.72199094
2026-08-09 10:30:00,0.7666743,0.73693633
2026-08-09 10:45:00,0.78605086,0.7503806
2026-08-09 11:00:00,0.79579115,0.7685981
2026-08-09 11:15:00,0.7938665,0.781022
2026-08-09 11:30:00,0.8036098,0.7836303
2026-08-09 11:45:00,0.80548716,0.7821133
2026-08-09 12:00:00,0.8073646,0.77951413
2026-08-09 12:15:00,0.8070184,0.77558196
2026-08-09 12:30:00,0.80721045,0.7702762
2026-08-09 12:45:00,0.8190314,0.7645929
2026-08-09 13:00:00,0.8308524,0.7632125
2026-08-09 13:15:00,0.79762393,0.76238275
2026-08-09 13:30:00,0.7835518,0.75136966
2026-08-09 13:45:00,0.7796935,0.7391687
2026-08-09 14:00:00,0.76558125,0.73128927
2026-08-09 14:15:00,0.76045823,0.71641415
2026-08-09 14:30:00,0.7530158,0.7040341
2026-08-09 14:45:00,0.7390877,0.6886641
2026-08-09 15:00:00,0.72515965,0.6678444
2026-08-09 15:15:00,0.72208357,0.6438319
2026-08-09 15:30:00,0.6831668,0.6260059
2026-08-09 15:45:00,0.6414655,0.59079826
2026-08-09 16:00:00,0.6706327,0.55139446
2026-08-09 16:15:00,0.63133335,0.5428576
2026-08-09 16:30:00,0.5920341,0.5250216
2026-08-09 16:45:00,0.53574467,0.49396688
2026-08-09 17:00:00,0.49594665,0.46407944
2026-08-09 17:15:00,0.47412148,0.42284924
2026-08-09 17:30:00,0.42180282,0.37775865
2026-08-09 17:45:00,0.39644545,0.34821287
2026-08-09 18:00:00,0.3537485,0.32990426
2026-08-09 18:15:00,0.3291452,0.31529677
2026-08-09 18:30:00,0.31452778,0.3067109
2026-08-09 18:45:00,0.2999104,0.29590574
2026-08-09 19:00:00,0.28252816,0.2852623
2026-08-09 19:15:00,0.28252816,0.28272843
2026-08-09 19:30:00,0.28252816,0.28161493
2026-08-09 19:45:00,0.28252816,0.28079876
2026-08-09 20:00:00,0.28252816,0.28067365
2026-08-09 20:15:00,0.28252816,0.2806083
2026-08-09 20:30:00,0.28252816,0.28065687
2026-08-09 20:45:00,0.28252816,0.2810169
2026-08-09 21:00:00,0.28252816,0.28128666
2026-08-09 21:15:00,0.28252816,0.28107238
2026-08-09 21:30:00,0.28252816,0.28117558
2026-08-09 21:45:00,0.28252816,0.28122288
2026-08-09 22:00:00,0.28252816,0.28125477
2026-08-09 22:15:00,0.28252816,0.28115675
2026-08-09 22:30:00,0.28252816,0.28115118
2026-08-09 22:45:00,0.28252816,0.2811468
2026-08-09 23:00:00,0.28252816,0.28135282
2026-08-09 23:15:00,0.28252816,0.28167915
2026-08-09 23:30:00,0.28252816,0.2813915
2026-08-09 23:45:00,0.28252816,0.2816306
2026-08-10 00:00:00,0.28252816,0.2814799
2026-08-10 00:15:00,0.28252816,0.28126708
2026-08-10 00:30:00,0.28252816,0.28117034
2026-08-10 00:45:00,0.28252816,0.2811256
2026-08-10 01:00:00,0.28252816,0.2811959
2026-08-10 01:15:00,0.28252816,0.28121272
2026-08-10 01:30:00,0.28252816,0.2813249
2026-08-10 01:45:00,0.28252816,0.28150436
2026-08-10 02:00:00,0.28252816,0.28163764
2026-08-10 02:15:00,0.28252816,0.2816676
2026-08-10 02:30:00,0.28252816,0.2817319
2026-08-10 02:45:00,0.28252816,0.28183985
2026-08-10 03:00:00,0.28252816,0.28192562
2026-08-10 03:15:00,0.28252816,0.28199005
2026-08-10 03:30:00,0.28252816,0.28203404
2026-08-10 03:45:00,0.28252816,0.28209168
2026-08-10 04:00:00,0.28252816,0.28224114
2026-08-10 04:15:00,0.28252816,0.2824643
2026-08-10 04:30:00,0.28252816,0.28265652
2026-08-10 04:45:00,0.28252816,0.28282318
2026-08-10 05:00:00,0.28252816,0.28279725
2026-08-10 05:15:00,0.28252816,0.28365684
2026-08-10 05:30:00,0.28252816,0.28424767
2026-08-10 05:45:00,0.29361308,0.28462696
2026-08-10 06:00:00,0.30469796,0.28620425
2026-08-10 06:15:00,0.31578285,0.3050096
2026-08-10 06:30:00,0.32137957,0.316498
2026-08-10 06:45:00,0.34012362,0.33729354
2026-08-10 07:00:00,0.37170568,0.37173253
2026-08-10 07:15:00,0.3723417,0.3820685
2026-08-10 07:30:00,0.3954733,0.39044285
2026-08-10 07:45:00,0.4149472,0.41003975
2026-08-10 08:00:00,0.4183637,0.43457046
2026-08-10 08:15:00,0.42178023,0.4556739
2026-08-10 08:30:00,0.42274898,0.45783222
2026-08-10 08:45:00,0.42371774,0.45549315
2026-08-10 09:00:00,0.4123946,0.46377912
2026-08-10 09:15:00,0.45074993,0.45114252
2026-08-10 09:30:00,0.45769936,0.45401502
2026-08-10 09:45:00,0.4772647,0.46236
2026-08-10 10:00:00,0.5111068,0.4695958
2026-08-10 10:15:00,0.56067973,0.49287063
2026-08-10 10:30:00,0.49895078,0.5286243
2026-08-10 10:45:00,0.43722183,0.51332414
2026-08-10 11:00:00,0.45581886,0.4775775
2026-08-10 11:15:00,0.44324848,0.47667164
2026-08-10 11:30:00,0.47469664,0.46861672
2026-08-10 11:45:00,0.47420156,0.47067094
2026-08-10 12:00:00,0.46434033,0.47271878
2026-08-10 12:15:00,0.45447907,0.4632988
2026-08-10 12:30:00,0.39412296,0.44975272
2026-08-10 12:45:00,0.33376685,0.4244721
2026-08-10 13:00:00,0.3488877,0.39762604
2026-08-10 13:15:00,0.36400858,0.38476822
2026-08-10 13:30:00,0.3420722,0.3792678
2026-08-10 13:45:00,0.35105866,0.36940607
2026-08-10 14:00:00,0.36004514,0.36548355
2026-08-10 14:15:00,0.37471938,0.36375996
2026-08-10 14:30:00,0.40911603,0.3618207
2026-08-10 14:45:00,0.376284,0.36748958
2026-08-10 15:00:00,0.34100705,0.36869293
2026-08-10 15:15:00,0.33592135,0.35925624
2026-08-10 15:30:00,0.3384856,0.35108703
2026-08-10 15:45:00,0.33492544,0.3455654
2026-08-10 16:00:00,0.3313653,0.34190744
2026-08-10 16:15:00,0.32252607,0.33439517
2026-08-10 16:30:00,0.3182493,0.32489568
2026-08-10 16:45:00,0.31336972,0.31471023
2026-08-10 17:00:00,0.3084902,0.30592528
2026-08-10 17:15:00,0.30361065,0.29901683
2026-08-10 17:30:00,0.29873112,0.2944489
2026-08-10 17:45:00,0.29127303,0.2921852
2026-08-10 18:00:00,0.2872019,0.2902172
2026-08-10 18:15:00,0.28506592,0.2877717
2026-08-10 18:30:00,0.28292993,0.28585526
2026-08-10 18:45:00,0.28272906,0.28516632
2026-08-10 19:00:00,0.28252816,0.28502154
2026-08-10 19:15:00,0.28252816,0.28530815
2026-08-10 19:30:00,0.28252816,0.28532025
2026-08-10 19:45:00,0.28252816,0.28474563
2026-08-10 20:00:00,0.28252816,0.28448564
2026-08-10 20:15:00,0.28252816,0.28452545
2026-08-10 20:30:00,0.28252816,0.2844972
2026-08-10 20:45:00,0.28252816,0.2844969
2026-08-10 21:00:00,0.28252816,0.2845349
2026-08-10 21:15:00,0.28252816,0.284577
2026-08-10 21:30:00,0.28252816,0.284566
2026-08-10 21:45:00,0.28252816,0.2845604
2026-08-10 22:00:00,0.28252816,0.2845856
2026-08-10 22:15:00,0.28252816,0.2845574
2026-08-10 22:30:00,0.28252816,0.28452447
2026-08-10 22:45:00,0.28252816,0.28451014
2026-08-10 23:00:00,0.28252816,0.28458768
2026-08-10 23:15:00,0.28252816,0.28466362
2026-08-10 23:30:00,0.28252816,0.2847265
2026-08-10 23:45:00,0.28252816,0.2848153
2026-08-11 00:00:00,0.28252816,0.28472838
2026-08-11 00:15:00,0.28252816,0.28458753
2026-08-11 00:30:00,0.28252816,0.28451914
2026-08-11 00:45:00,0.28252816,0.28454697
2026-08-11 01:00:00,0.28252816,0.2843977
2026-08-11 01:15:00,0.28252816,0.28454345
2026-08-11 01:30:00,0.28252816,0.28456467
2026-08-11 01:45:00,0.28252816,0.28457627
2026-08-11 02:00:00,0.28252816,0.28442258
2026-08-11 02:15:00,0.28252816,0.2843488
2026-08-11 02:30:00,0.28252816,0.28432414
2026-08-11 02:45:00,0.28252816,0.28431424
2026-08-11 03:00:00,0.28252816,0.28431544
2026-08-11 03:15:00,0.28252816,0.28427407
2026-08-11 03:30:00,0.28252816,0.28424168
2026-08-11 03:45:00,0.28252816,0.28423014
2026-08-11 04:00:00,0.28252816,0.28422078
2026-08-11 04:15:00,0.28252816,0.28431186
2026-08-11 04:30:00,0.28252816,0.28404298
2026-08-11 04:45:00,0.28252816,0.2839169
2026-08-11 05:00:00,0.28252816,0.2842471
2026-08-11 05:15:00,0.28252816,0.28436002
2026-08-11 05:30:00,0.28252816,0.28416434
2026-08-11 05:45:00,0.28284717,0.2838089
2026-08-11 06:00:00,0.2831396,0.28371352
2026-08-11 06:15:00,0.28598148,0.28393546
2026-08-11 06:30:00,0.28672788,0.28533632
2026-08-11 06:45:00,0.28831235,0.2946755
2026-08-11 07:00:00,0.29428935,0.3032609
2026-08-11 07:15:00,0.30026639,0.30838305
2026-08-11 07:30:00,0.30725244,0.31262988
2026-08-11 07:45:00,0.3142385,0.31546152
2026-08-11 08:00:00,0.33522123,0.3248162
2026-08-11 08:15:00,0.3423543,0.33113164
2026-08-11 08:30:00,0.31181705,0.34391865
2026-08-11 08:45:00,0.32151785,0.3451547
2026-08-11 09:00:00,0.40810233,0.34854543
2026-08-11 09:15:00,0.41000015,0.37438178
2026-08-11 09:30:00,0.41189796,0.39552408
2026-08-11 09:45:00,0.34544888,0.40616322
2026-08-11 10:00:00,0.34947628,0.39535272
2026-08-11 10:15:00,0.34006405,0.38331676
2026-08-11 10:30:00,0.367925,0.37206876
2026-08-11 10:45:00,0.36891508,0.37013334
2026-08-11 11:00:00,0.36990517,0.37319487
2026-08-11 11:15:00,0.36312354,0.3701107
2026-08-11 11:30:00,0.3430191,0.36691257
2026-08-11 11:45:00,0.40373775,0.3610632
2026-08-11 12:00:00,0.4145158,0.3675602
2026-08-11 12:15:00,0.33655882,0.37621704
2026-08-11 12:30:00,0.34422287,0.36667824
2026-08-11 12:45:00,0.3629032,0.35921738
2026-08-11 13:00:00,0.3624148,0.35738954
2026-08-11 13:15:00,0.36192638,0.3554304
2026-08-11 13:30:00,0.4281687,0.3562472
2026-08-11 13:45:00,0.494411,0.37245739
2026-08-11 14:00:00,0.43440998,0.40627846
2026-08-11 14:15:00,0.37440896,0.41169807
2026-08-11 14:30:00,0.355218,0.39281398
2026-08-11 14:45:00,0.34137073,0.38071588
2026-08-11 15:00:00,0.32752347,0.35828546
2026-08-11 15:15:00,0.3190199,0.3429066
2026-08-11 15:30:00,0.31128454,0.3335162
2026-08-11 15:45:00,0.31292,0.32688993
2026-08-11 16:00:00,0.30183163,0.31991667
2026-08-11 16:15:00,0.29878226,0.3129055
2026-08-11 16:30:00,0.2971336,0.30807376
2026-08-11 16:45:00,0.29610568,0.30031562
2026-08-11 17:00:00,0.2939301,0.2942576
2026-08-11 17:15:00,0.2924917,0.29031345
2026-08-11 17:30:00,0.2899605,0.28751677
2026-08-11 17:45:00,0.28827605,0.28566837
2026-08-11 18:00:00,0.2863011,0.28443402
2026-08-11 18:15:00,0.28501394,0.28395614
2026-08-11 18:30:00,0.2837268,0.28386566
2026-08-11 18:45:00,0.2831275,0.28410754
2026-08-11 19:00:00,0.28252816,0.28439134
2026-08-11 19:15:00,0.28252816,0.2851447
2026-08-11 19:30:00,0.28252816,0.28544942
2026-08-11 19:45:00,0.28252816,0.28495625
2026-08-11 20:00:00,0.28252816,0.28455332
2026-08-11 20:15:00,0.28252816,0.28456292
2026-08-11 20:30:00,0.28252816,0.2846278
2026-08-11 20:45:00,0.28252816,0.2846426
2026-08-11 21:00:00,0.28252816,0.2846464
2026-08-11 21:15:00,0.28252816,0.28485203
2026-08-11 21:30:00,0.28252816,0.28468403
2026-08-11 21:45:00,0.28252816,0.28439137
2026-08-11 22:00:00,0.28252816,0.28465036
2026-08-11 22:15:00,0.28252816,0.284838
2026-08-11 22:30:00,0.28252816,0.28481337
2026-08-11 22:45:00,0.28252816,0.2846602
2026-08-11 23:00:00,0.28252816,0.2846825
2026-08-11 23:15:00,0.28252816,0.2848266
2026-08-11 23:30:00,0.28252816,0.28458607
2026-08-11 23:45:00,0.28252816,0.2842888
2026-08-12 00:00:00,0.28252816,0.28456184
2026-08-12 00:15:00,0.28252816,0.28470448
2026-08-12 00:30:00,0.28252816,0.28470215
2026-08-12 00:45:00,0.28252816,0.28459013
2026-08-12 01:00:00,0.28252816,0.2845514
2026-08-12 01:15:00,0.28252816,0.2845102
2026-08-12 01:30:00,0.28252816,0.28466174
2026-08-12 01:45:00,0.28252816,0.28428176
2026-08-12 02:00:00,0.28252816,0.2844621
2026-08-12 02:15:00,0.28252816,0.28441513
2026-08-12 02:30:00,0.28252816,0.28448665
2026-08-12 02:45:00,0.28252816,0.2842856
2026-08-12 03:00:00,0.28252816,0.2842535
2026-08-12 03:15:00,0.28252816,0.28436998
2026-08-12 03:30:00,0.28252816,0.28415266
2026-08-12 03:45:00,0.28252816,0.28390545
2026-08-12 04:00:00,0.28252816,0.28429088
2026-08-12 04:15:00,0.28252816,0.28439456
2026-08-12 04:30:00,0.28252816,0.2831533
2026-08-12 04:45:00,0.28252816,0.2826838
2026-08-12 05:00:00,0.28252816,0.28198048
2026-08-12 05:15:00,0.28252816,0.2810716
2026-08-12 05:30:00,0.28252816,0.28081626
2026-08-12 05:45:00,0.28252816,0.28152245
2026-08-12 06:00:00,0.28316107,0.2833595
2026-08-12 06:15:00,0.2842549,0.2868833
2026-08-12 06:30:00,0.2867676,0.30053595
2026-08-12 06:45:00,0.28771433,0.32601538
2026-08-12 07:00:00,0.29458246,0.34162518
2026-08-12 07:15:00,0.30145058,0.3532154
2026-08-12 07:30:00,0.30359545,0.3573867
2026-08-12 07:45:00,0.30169317,0.36997542
2026-08-12 08:00:00,0.30141792,0.35894498
2026-08-12 08:15:00,0.2995049,0.35442036
2026-08-12 08:30:00,0.30145752,0.3558557
2026-08-12 08:45:00,0.31225452,0.35084873
2026-08-12 09:00:00,0.32305148,0.34440458
2026-08-12 09:15:00,0.3282994,0.34592256
2026-08-12 09:30:00,0.33354732,0.34940618
2026-08-12 09:45:00,0.34553507,0.3512293
2026-08-12 10:00:00,0.36118072,0.3548175
2026-08-12 10:15:00,0.35606295,0.35938323
2026-08-12 10:30:00,0.3287974,0.36298263
2026-08-12 10:45:00,0.34279865,0.35965836
2026-08-12 11:00:00,0.3652775,0.36105883
2026-08-12 11:15:00,0.36629134,0.3656628
2026-08-12 11:30:00,0.33648813,0.36793554
2026-08-12 11:45:00,0.32712495,0.3647236
2026-08-12 12:00:00,0.33064494,0.35831037
2026-08-12 12:15:00,0.34851232,0.35348395
2026-08-12 12:30:00,0.3663797,0.35131183
2026-08-12 12:45:00,0.3324502,0.35684553
2026-08-12 13:00:00,0.33922455,0.35714707
2026-08-12 13:15:00,0.33023483,0.356085
2026-08-12 13:30:00,0.33052862,0.35191065
2026-08-12 13:45:00,0.33082238,0.34558904
2026-08-12 14:00:00,0.3302875,0.3429115
2026-08-12 14:15:00,0.3465766,0.33883083
2026-08-12 14:30:00,0.38477087,0.33838025
2026-08-12 14:45:00,0.36846235,0.34209055
2026-08-12 15:00:00,0.35215384,0.34370083
2026-08-12 15:15:00,0.34216902,0.3397999
2026-08-12 15:30:00,0.3354996,0.33486098
2026-08-12 15:45:00,0.32771048,0.32955566
2026-08-12 16:00:00,0.3269004,0.32392538
2026-08-12 16:15:00,0.3260903,0.31838727
2026-08-12 16:30:00,0.3320228,0.3124076
2026-08-12 16:45:00,0.30562806,0.3040854
2026-08-12 17:00:00,0.29929936,0.29645595
2026-08-12 17:15:00,0.2956319,0.29173765
2026-08-12 17:30:00,0.29096472,0.288741
2026-08-12 17:45:00,0.2875056,0.28663275
2026-08-12 18:00:00,0.28685904,0.28571847
2026-08-12 18:15:00,0.2846936,0.28530565
2026-08-12 18:30:00,0.28252816,0.2848859
2026-08-12 18:45:00,0.28252816,0.2848042
2026-08-12 19:00:00,0.28252816,0.2848837
2026-08-12 19:15:00,0.28252816,0.28525767
2026-08-12 19:30:00,0.28252816,0.28537267
2026-08-12 19:45:00,0.28252816,0.28482538
2026-08-12 20:00:00,0.28252816,0.28449327
2026-08-12 20:15:00,0.28252816,0.28455484
2026-08-12 20:30:00,0.28252816,0.28458822
2026-08-12 20:45:00,0.28252816,0.28460425
2026-08-12 21:00:00,0.28252816,0.28461194
2026-08-12 21:15:00,0.28252816,0.28460708
2026-08-12 21:30:00,0.28252816,0.28460553
2026-08-12 21:45:00,0.28252816,0.28451046
2026-08-12 22:00:00,0.28252816,0.2842868
2026-08-12 22:15:00,0.28252816,0.2843756
2026-08-12 22:30:00,0.28252816,0.2845482
2026-08-12 22:45:00,0.28252816,0.2845766
2026-08-12 23:00:00,0.28252816,0.28453073
2026-08-12 23:15:00,0.28252816,0.28449002
2026-08-12 23:30:00,0.28252816,0.28446653
2026-08-12 23:45:00,0.28252816,0.28445026
2026-08-13 00:00:00,0.28252816,0.2844657
2026-08-13 00:15:00,0.28252816,0.28443682
2026-08-13 00:30:00,0.28252816,0.28438613
2026-08-13 00:45:00,0.28252816,0.28431895
2026-08-13 01:00:00,0.28252816,0.28429216
2026-08-13 01:15:00,0.28252816,0.28432912
2026-08-13 01:30:00,0.28252816,0.2843063
2026-08-13 01:45:00,0.28252816,0.2841762
2026-08-13 02:00:00,0.28252816,0.28407657
2026-08-13 02:15:00,0.28252816,0.28404158
2026-08-13 02:30:00,0.28252816,0.28393865
2026-08-13 02:45:00,0.28252816,0.28398025
2026-08-13 03:00:00,0.28252816,0.28396416
2026-08-13 03:15:00,0.28252816,0.28393346
2026-08-13 03:30:00,0.28252816,0.28392714
2026-08-13 03:45:00,0.28252816,0.28391066
2026-08-13 04:00:00,0.28252816,0.2839054
2026-08-13 04:15:00,0.28252816,0.2840505
2026-08-13 04:30:00,0.28252816,0.28408158
2026-08-13 04:45:00,0.28252816,0.284022
2026-08-13 05:00:00,0.28252816,0.28414565
2026-08-13 05:15:00,0.28252816,0.2841473
2026-08-13 05:30:00,0.28252816,0.28416675
2026-08-13 05:45:00,0.28252816,0.28428742
2026-08-13 06:00:00,0.2838459,0.28471562
2026-08-13 06:15:00,0.2856867,0.2854596
2026-08-13 06:30:00,0.288412,0.28844002
2026-08-13 06:45:00,0.29414734,0.30294055
2026-08-13 07:00:00,0.2998499,0.31328943
2026-08-13 07:15:00,0.32227466,0.31490684
2026-08-13 07:30:00,0.35534388,0.32370722
2026-08-13 07:45:00,0.35917976,0.3525324
2026-08-13 08:00:00,0.35057154,0.37764275
2026-08-13 08:15:00,0.38415036,0.38320345
2026-08-13 08:30:00,0.38922602,0.39874455
2026-08-13 08:45:00,0.35881633,0.40998745
2026-08-13 09:00:00,0.35534242,0.39144593
2026-08-13 09:15:00,0.3857523,0.3771837
2026-08-13 09:30:00,0.40105164,0.3895904
2026-08-13 09:45:00,0.40763122,0.39554858
2026-08-13 10:00:00,0.42482397,0.4035946
2026-08-13 10:15:00,0.4465635,0.4055515
2026-08-13 10:30:00,0.4699294,0.41362914
2026-08-13 10:45:00,0.4770521,0.4196569
2026-08-13 11:00:00,0.47087276,0.43002898
2026-08-13 11:15:00,0.4085802,0.43723488
2026-08-13 11:30:00,0.37306553,0.42413646
2026-08-13 11:45:00,0.41387415,0.40405482
2026-08-13 12:00:00,0.45468277,0.40496105
2026-08-13 12:15:00,0.48669147,0.41645566
2026-08-13 12:30:00,0.589221,0.4309392
2026-08-13 12:45:00,0.5405053,0.478494
2026-08-13 13:00:00,0.49178955,0.49030402
2026-08-13 13:15:00,0.47602496,0.46798718
2026-08-13 13:30:00,0.47839352,0.4593611
2026-08-13 13:45:00,0.48393923,0.44880742
2026-08-13 14:00:00,0.6103081,0.44433457
2026-08-13 14:15:00,0.5362524,0.48952422
2026-08-13 14:30:00,0.4621966,0.48678625
2026-08-13 14:45:00,0.42882857,0.4522531
2026-08-13 15:00:00,0.40205818,0.42858666
2026-08-13 15:15:00,0.40192556,0.3996673
2026-08-13 15:30:00,0.38842493,0.38148534
2026-08-13 15:45:00,0.37492436,0.3705474
2026-08-13 16:00:00,0.36142373,0.3626945
2026-08-13 16:15:00,0.34970126,0.3520667
2026-08-13 16:30:00,0.31800023,0.3434165
2026-08-13 16:45:00,0.3173338,0.33652836
2026-08-13 17:00:00,0.31362343,0.3325436
2026-08-13 17:15:00,0.30991304,0.32882738
2026-08-13 17:30:00,0.3095873,0.32214168
2026-08-13 17:45:00,0.30275565,0.3167545
2026-08-13 18:00:00,0.295924,0.3089615
2026-08-13 18:15:00,0.29033688,0.29943544
2026-08-13 18:30:00,0.28474972,0.29354256
2026-08-13 18:45:00,0.28317347,0.28867397
2026-08-13 19:00:00,0.28252816,0.28465325
2026-08-13 19:15:00,0.28252816,0.28278133
2026-08-13 19:30:00,0.28252816,0.28237122
2026-08-13 19:45:00,0.28252816,0.2817486
2026-08-13 20:00:00,0.28252816,0.28132138
2026-08-13 20:15:00,0.28252816,0.28125057
2026-08-13 20:30:00,0.28252816,0.2813852
2026-08-13 20:45:00,0.28252816,0.2814624
2026-08-13 21:00:00,0.28252816,0.28149107
2026-08-13 21:15:00,0.28252816,0.28152397
2026-08-13 21:30:00,0.28252816,0.2815561
2026-08-13 21:45:00,0.28252816,0.2815728
2026-08-13 22:00:00,0.28252816,0.2834451
2026-08-13 22:15:00,0.28252816,0.28430796
2026-08-13 22:30:00,0.28252816,0.2835509
2026-08-13 22:45:00,0.28252816,0.28426602
2026-08-13 23:00:00,0.28252816,0.28406993
2026-08-13 23:15:00,0.28252816,0.28422365
2026-08-13 23:30:00,0.28252816,0.28433186
2026-08-13 23:45:00,0.28252816,0.28438216
2026-08-14 00:00:00,0.28252816,0.28441328
2026-08-14 00:15:00,0.28252816,0.28440502
2026-08-14 00:30:00,0.28252816,0.28440443
2026-08-14 00:45:00,0.28252816,0.2844146
2026-08-14 01:00:00,0.28252816,0.28441706
2026-08-14 01:15:00,0.28252816,0.2843885
2026-08-14 01:30:00,0.28252816,0.28437257
2026-08-14 01:45:00,0.28252816,0.28434747
2026-08-14 02:00:00,0.28252816,0.2843323
2026-08-14 02:15:00,0.28252816,0.28430837
2026-08-14 02:30:00,0.28252816,0.28427616
2026-08-14 02:45:00,0.28252816,0.28376472
2026-08-14 03:00:00,0.28252816,0.28317365
2026-08-14 03:15:00,0.28252816,0.28288797
2026-08-14 03:30:00,0.28252816,0.28250057
2026-08-14 03:45:00,0.28252816,0.2821557
2026-08-14 04:00:00,0.28252816,0.28206268
2026-08-14 04:15:00,0.28252816,0.28207192
2026-08-14 04:30:00,0.28252816,0.28220102
2026-08-14 04:45:00,0.28252816,0.28236735
2026-08-14 05:00:00,0.28252816,0.28249812
2026-08-14 05:15:00,0.28252816,0.28259388
2026-08-14 05:30:00,0.28252816,0.2828842
2026-08-14 05:45:00,0.28393644,0.28372243
2026-08-14 06:00:00,0.29582182,0.28582403
2026-08-14 06:15:00,0.3065459,0.2853299
2026-08-14 06:30:00,0.3067782,0.28862774
2026-08-14 06:45:00,0.31443104,0.3195053
2026-08-14 07:00:00,0.32469442,0.33706376
2026-08-14 07:15:00,0.3450213,0.34073865
2026-08-14 07:30:00,0.35226628,0.35162327
2026-08-14 07:45:00,0.3595113,0.36919478
2026-08-14 08:00:00,0.3667563,0.3845161
2026-08-14 08:15:00,0.38886458,0.39967403
2026-08-14 08:30:00,0.4287433,0.41485476
2026-08-14 08:45:00,0.51666194,0.4386394
2026-08-14 09:00:00,0.6045806,0.49718
2026-08-14 09:15:00,0.55602384,0.5675074
2026-08-14 09:30:00,0.5074671,0.56006527
2026-08-14 09:45:00,0.492546,0.5221832
2026-08-14 10:00:00,0.5214188,0.49294484
2026-08-14 10:15:00,0.57308817,0.49889588
2026-08-14 10:30:00,0.5883461,0.5372052
2026-08-14 10:45:00,0.622293,0.5659677
2026-08-14 11:00:00,0.6562399,0.5868275
2026-08-14 11:15:00,0.8225309,0.60118973
2026-08-14 11:30:00,0.9371059,0.70301354
2026-08-14 11:45:00,0.7954012,0.7684699
2026-08-14 12:00:00,0.65369666,0.7438828
2026-08-14 12:15:00,0.6737999,0.67542696
2026-08-14 12:30:00,0.62394476,0.63987947
2026-08-14 12:45:00,0.57408965,0.592635
2026-08-14 13:00:00,0.53757566,0.5952034
2026-08-14 13:15:00,0.57858384,0.57444227
2026-08-14 13:30:00,0.6195921,0.555193
2026-08-14 13:45:00,0.65048397,0.5437293
2026-08-14 14:00:00,0.6813759,0.5743497
2026-08-14 14:15:00,0.83550644,0.60050535
2026-08-14 14:30:00,0.7878328,0.66945577
2026-08-14 14:45:00,0.7401593,0.6614193
2026-08-14 15:00:00,0.65174824,0.6097341
2026-08-14 15:15:00,0.56333727,0.56545866
2026-08-14 15:30:00,0.40270913,0.5136275
2026-08-14 15:45:00,0.40253097,0.46295762
2026-08-14 16:00:00,0.4223942,0.43160602
2026-08-14 16:15:00,0.42672396,0.42648494
2026-08-14 16:30:00,0.47315317,0.40662807
2026-08-14 16:45:00,0.5497904,0.42850992
2026-08-14 17:00:00,0.4721424,0.44876617
2026-08-14 17:15:00,0.3944944,0.4045745
2026-08-14 17:30:00,0.37488407,0.36318073
2026-08-14 17:45:00,0.34884462,0.34285408
2026-08-14 18:00:00,0.32280517,0.32560498
2026-08-14 18:15:00,0.31093785,0.31298968
2026-08-14 18:30:00,0.29760668,0.2954952
2026-08-14 18:45:00,0.28610718,0.28730637
2026-08-14 19:00:00,0.28252816,0.28461266
2026-08-14 19:15:00,0.28252816,0.284221
2026-08-14 19:30:00,0.28252816,0.28399876
2026-08-14 19:45:00,0.28252816,0.28335026
2026-08-14 20:00:00,0.28252816,0.28291708
2026-08-14 20:15:00,0.28252816,0.28303
2026-08-14 20:30:00,0.28252816,0.28311923
2026-08-14 20:45:00,0.28252816,0.28296095
2026-08-14 21:00:00,0.28252816,0.28242457
2026-08-14 21:15:00,0.28252816,0.28215864
2026-08-14 21:30:00,0.28252816,0.2821936
2026-08-14 21:45:00,0.28252816,0.28177488
2026-08-14 22:00:00,0.28252816,0.28186733
2026-08-14 22:15:00,0.28252816,0.2818155
2026-08-14 22:30:00,0.28252816,0.28156614
2026-08-14 22:45:00,0.28252816,0.28157565
2026-08-14 23:00:00,0.28252816,0.28161305
2026-08-14 23:15:00,0.28252816,0.28151876
2026-08-14 23:30:00,0.28252816,0.28168622
2026-08-14 23:45:00,0.28252816,0.28170285
2026-08-15 00:00:00,0.28252816,0.28173435
2026-08-15 00:15:00,0.28252816,0.28342918
2026-08-15 00:30:00,0.28252816,0.28403315
2026-08-15 00:45:00,0.28252816,0.28346106
2026-08-15 01:00:00,0.28252816,0.28399286
2026-08-15 01:15:00,0.28252816,0.28383055
2026-08-15 01:30:00,0.28252816,0.2840016
2026-08-15 01:45:00,0.28252816,0.2841238
2026-08-15 02:00:00,0.28252816,0.28417206
2026-08-15 02:15:00,0.28252816,0.28418165
2026-08-15 02:30:00,0.28252816,0.2841966
2026-08-15 02:45:00,0.28252816,0.2842332
2026-08-15 03:00:00,0.28252816,0.28426948
2026-08-15 03:15:00,0.28252816,0.2842443
2026-08-15 03:30:00,0.28252816,0.28422734
2026-08-15 03:45:00,0.28252816,0.28424972
2026-08-15 04:00:00,0.28252816,0.28427595
2026-08-15 04:15:00,0.28252816,0.28424838
2026-08-15 04:30:00,0.28252816,0.28423202
2026-08-15 04:45:00,0.28252816,0.2842425
2026-08-15 05:00:00,0.28252816,0.28425112
2026-08-15 05:15:00,0.28252816,0.28422973
2026-08-15 05:30:00,0.28252816,0.2841039
2026-08-15 05:45:00,0.2833491,0.28560135
2026-08-15 06:00:00,0.28976288,0.28650984
2026-08-15 06:15:00,0.30944484,0.2886523
2026-08-15 06:30:00,0.34168732,0.30316654
2026-08-15 06:45:00,0.32790032,0.33609498
2026-08-15 07:00:00,0.34768593,0.3727162
2026-08-15 07:15:00,0.43468106,0.3913001
2026-08-15 07:30:00,0.43996835,0.4233228
2026-08-15 07:45:00,0.4452556,0.45275807
2026-08-15 08:00:00,0.40688682,0.47217053
2026-08-15 08:15:00,0.512812,0.47927582
2026-08-15 08:30:00,0.6187372,0.50424033
2026-08-15 08:45:00,0.5759436,0.55945635
2026-08-15 09:00:00,0.53315,0.5835714
2026-08-15 09:15:00,0.5085369,0.58418465
2026-08-15 09:30:00,0.4959787,0.56835884
2026-08-15 09:45:00,0.627438,0.5514866
2026-08-15 10:00:00,0.7588973,0.5941807
2026-08-15 10:15:00,0.72443944,0.68860173
2026-08-15 10:30:00,0.6899816,0.7093149
2026-08-15 10:45:00,0.7636782,0.69949126
2026-08-15 11:00:00,0.83737475,0.7242424
2026-08-15 11:15:00,0.8221485,0.7608317
2026-08-15 11:30:00,0.82373804,0.77424383
2026-08-15 11:45:00,0.8253276,0.78419673
2026-08-15 12:00:00,0.8616339,0.7805109
2026-08-15 12:15:00,0.8582331,0.7795217
2026-08-15 12:30:00,0.84864557,0.7813703
2026-08-15 12:45:00,0.6524798,0.78181195
2026-08-15 13:00:00,0.71996343,0.7122449
2026-08-15 13:15:00,0.7874471,0.701138
2026-08-15 13:30:00,0.83011454,0.72151613
2026-08-15 13:45:00,0.83037484,0.7284448
2026-08-15 14:00:00,0.8058315,0.7270938
2026-08-15 14:15:00,0.6191966,0.71530116
2026-08-15 14:30:00,0.4325617,0.596433
2026-08-15 14:45:00,0.41804945,0.50548804
2026-08-15 15:00:00,0.40677178,0.48898804
2026-08-15 15:15:00,0.46955425,0.45647776
2026-08-15 15:30:00,0.5323367,0.44305143
2026-08-15 15:45:00,0.6451595,0.45031044
2026-08-15 16:00:00,0.65553325,0.5020217
2026-08-15 16:15:00,0.56166416,0.5137833
2026-08-15 16:30:00,0.46779513,0.48376876
2026-08-15 16:45:00,0.45814818,0.43504286
2026-08-15 17:00:00,0.44850123,0.40308103
2026-08-15 17:15:00,0.41221333,0.3813155
2026-08-15 17:30:00,0.33111644,0.36302653
2026-08-15 17:45:00,0.33041567,0.3410508
2026-08-15 18:00:00,0.3297149,0.32721806
2026-08-15 18:15:00,0.30876768,0.31269377
2026-08-15 18:30:00,0.29702586,0.30166006
2026-08-15 18:45:00,0.28728026,0.2932315
2026-08-15 19:00:00,0.28252816,0.28538078
2026-08-15 19:15:00,0.28252816,0.28247944
2026-08-15 19:30:00,0.28252816,0.28174472
2026-08-15 19:45:00,0.28252816,0.2807365
2026-08-15 20:00:00,0.28252816,0.28054786
2026-08-15 20:15:00,0.28252816,0.2807202
2026-08-15 20:30:00,0.28252816,0.28070447
2026-08-15 20:45:00,0.28252816,0.28069562
2026-08-15 21:00:00,0.28252816,0.28078964
2026-08-15 21:15:00,0.28252816,0.28078997
2026-08-15 21:30:00,0.28252816,0.28078058
2026-08-15 21:45:00,0.28252816,0.28086415
2026-08-15 22:00:00,0.28252816,0.28090623
2026-08-15 22:15:00,0.28252816,0.28088558
2026-08-15 22:30:00,0.28252816,0.2808848
2026-08-15 22:45:00,0.28252816,0.2809383
2026-08-15 23:00:00,0.28252816,0.28099644
2026-08-15 23:15:00,0.28252816,0.28100312
2026-08-15 23:30:00,0.28252816,0.28095546
2026-08-15 23:45:00,0.28252816,0.28094012
2026-08-16 00:00:00,0.28252816,0.28097653
2026-08-16 00:15:00,0.28252816,0.28104866
2026-08-16 00:30:00,0.28252816,0.2811504
2026-08-16 00:45:00,0.28252816,0.2812601
2026-08-16 01:00:00,0.28252816,0.2812816
2026-08-16 01:15:00,0.28252816,0.28131878
2026-08-16 01:30:00,0.28252816,0.2814118
2026-08-16 01:45:00,0.28252816,0.2815287
2026-08-16 02:00:00,0.28252816,0.2816113
2026-08-16 02:15:00,0.28252816,0.28162214
2026-08-16 02:30:00,0.28252816,0.28169554
2026-08-16 02:45:00,0.28252816,0.28181195
2026-08-16 03:00:00,0.28252816,0.28189462
2026-08-16 03:15:00,0.28252816,0.2820346
2026-08-16 03:30:00,0.28252816,0.28219292
2026-08-16 03:45:00,0.28252816,0.2817745
2026-08-16 04:00:00,0.28252816,0.28182274
2026-08-16 04:15:00,0.28252816,0.28201717
2026-08-16 04:30:00,0.28252816,0.28238
2026-08-16 04:45:00,0.28252816,0.28273344
2026-08-16 05:00:00,0.28252816,0.28281978
2026-08-16 05:15:00,0.28252816,0.28293788
2026-08-16 05:30:00,0.28252816,0.2832098
2026-08-16 05:45:00,0.28781262,0.28351963
2026-08-16 06:00:00,0.3077833,0.2848011
2026-08-16 06:15:00,0.33308148,0.28835937
2026-08-16 06:30:00,0.3452585,0.30470276
2026-08-16 06:45:00,0.3451808,0.35522634
2026-08-16 07:00:00,0.34510309,0.38659698
2026-08-16 07:15:00,0.38141286,0.38886437
2026-08-16 07:30:00,0.44437438,0.39395964
2026-08-16 07:45:00,0.52709,0.43518272
2026-08-16 08:00:00,0.5470953,0.4941007
2026-08-16 08:15:00,0.5588699,0.5417466
2026-08-16 08:30:00,0.5913279,0.5613391
2026-08-16 08:45:00,0.61396074,0.577219
2026-08-16 09:00:00,0.5995319,0.59743285
2026-08-16 09:15:00,0.56056714,0.6081636
2026-08-16 09:30:00,0.5216024,0.59642744
2026-08-16 09:45:00,0.6467006,0.57975006
2026-08-16 10:00:00,0.77179885,0.62697184
2026-08-16 10:15:00,0.77274525,0.7008616
2026-08-16 10:30:00,0.77369165,0.7328235
2026-08-16 10:45:00,0.8141169,0.7475664
2026-08-16 11:00:00,0.8293551,0.765054
2026-08-16 11:15:00,0.86095345,0.7704799
2026-08-16 11:30:00,0.7160219,0.7883634
2026-08-16 11:45:00,0.57109034,0.76120824
2026-08-16 12:00:00,0.4771831,0.65603215
2026-08-16 12:15:00,0.5968002,0.5611222
2026-08-16 12:30:00,0.7164173,0.58820343
2026-08-16 12:45:00,0.8771899,0.655465
2026-08-16 13:00:00,0.72867596,0.7291347
2026-08-16 13:15:00,0.58016205,0.7132417
2026-08-16 13:30:00,0.3677614,0.6078149
2026-08-16 13:45:00,0.44059387,0.52217036
2026-08-16 14:00:00,0.51342636,0.5033213
2026-08-16 14:15:00,0.623173,0.51383364
2026-08-16 14:30:00,0.7329196,0.55075884
2026-08-16 14:45:00,0.718877,0.6081176
2026-08-16 15:00:00,0.70483434,0.59662855
2026-08-16 15:15:00,0.68095756,0.57816094
2026-08-16 15:30:00,0.6570807,0.5626847
2026-08-16 15:45:00,0.6170092,0.54967415
2026-08-16 16:00:00,0.57393074,0.5254323
2026-08-16 16:15:00,0.50624645,0.49357414
2026-08-16 16:30:00,0.35880977,0.45927224
2026-08-16 16:45:00,0.34682164,0.4173754
2026-08-16 17:00:00,0.32388097,0.37614232
2026-08-16 17:15:00,0.316438,0.35680804
2026-08-16 17:30:00,0.30550948,0.3418272
2026-08-16 17:45:00,0.29968557,0.33105826
2026-08-16 18:00:00,0.29494295,0.32251668
2026-08-16 18:15:00,0.29186147,0.31086785
2026-08-16 18:30:00,0.28878,0.30043176
2026-08-16 18:45:00,0.28569853,0.29196113
2026-08-16 19:00:00,0.28252816,0.2845234
2026-08-16 19:15:00,0.28252816,0.28229427
2026-08-16 19:30:00,0.28252816,0.28157663
2026-08-16 19:45:00,0.28252816,0.28088814
2026-08-16 20:00:00,0.28252816,0.28068292
2026-08-16 20:15:00,0.28252816,0.2805932
2026-08-16 20:30:00,0.28252816,0.2806118
2026-08-16 20:45:00,0.28252816,0.28075096
2026-08-16 21:00:00,0.28252816,0.28084683
2026-08-16 21:15:00,0.28252816,0.28081438
2026-08-16 21:30:00,0.28252816,0.28078607
2026-08-16 21:45:00,0.28252816,0.2809794
2026-08-16 22:00:00,0.28252816,0.28108016
2026-08-16 22:15:00,0.28252816,0.2809712
2026-08-16 22:30:00,0.28252816,0.28099874
2026-08-16 22:45:00,0.28252816,0.28107086
2026-08-16 23:00:00,0.28252816,0.28106853
2026-08-16 23:15:00,0.28252816,0.28100073
2026-08-16 23:30:00,0.28252816,0.28099233
2026-08-16 23:45:00,0.28252816,0.2810353
2026-08-17 00:00:00,0.28252816,0.28101277
2026-08-17 00:15:00,0.28252816,0.28098688
2026-08-17 00:30:00,0.28252816,0.28105116
2026-08-17 00:45:00,0.28252816,0.2811575
2026-08-17 01:00:00,0.28252816,0.28119266
2026-08-17 01:15:00,0.28252816,0.28123537
2026-08-17 01:30:00,0.28252816,0.2813288
2026-08-17 01:45:00,0.28252816,0.28148544
2026-08-17 02:00:00,0.28252816,0.28174138
2026-08-17 02:15:00,0.28252816,0.28162262
2026-08-17 02:30:00,0.28252816,0.28197557
2026-08-17 02:45:00,0.28252816,0.28226456
2026-08-17 03:00:00,0.28252816,0.28264394
2026-08-17 03:15:00,0.28252816,0.2827718
2026-08-17 03:30:00,0.28252816,0.28267214
2026-08-17 03:45:00,0.28252816,0.2835227
2026-08-17 04:00:00,0.28252816,0.28341407
2026-08-17 04:15:00,0.28252816,0.28211856
2026-08-17 04:30:00,0.28252816,0.28224987
2026-08-17 04:45:00,0.28252816,0.28206033
2026-08-17 05:00:00,0.28252816,0.2826419
2026-08-17 05:15:00,0.28252816,0.2827083
2026-08-17 05:30:00,0.28252816,0.2833283
2026-08-17 05:45:00,0.28252816,0.28411183
2026-08-17 06:00:00,0.29627636,0.28516296
2026-08-17 06:15:00,0.30859986,0.28718176
2026-08-17 06:30:00,0.32846144,0.29979485
2026-08-17 06:45:00,0.354451,0.34601888
2026-08-17 07:00:00,0.37067908,0.37898815
2026-08-17 07:15:00,0.40538633,0.3935096
2026-08-17 07:30:00,0.435727,0.40777248
2026-08-17 07:45:00,0.4663644,0.43456066
2026-08-17 08:00:00,0.5011378,0.46603274
2026-08-17 08:15:00,0.5330052,0.5053888
2026-08-17 08:30:00,0.5635613,0.52983505
2026-08-17 08:45:00,0.60351026,0.5540974
2026-08-17 09:00:00,0.6312041,0.5877357
2026-08-17 09:15:00,0.6483333,0.6101855
2026-08-17 09:30:00,0.6599337,0.6247889
2026-08-17 09:45:00,0.6635947,0.6440855
2026-08-17 10:00:00,0.69213223,0.6586381
2026-08-17 10:15:00,0.7206696,0.68025887
2026-08-17 10:30:00,0.76626813,0.7026392
2026-08-17 10:45:00,0.7673938,0.7288711
2026-08-17 11:00:00,0.71426755,0.7507938
2026-08-17 11:15:00,0.735108,0.73748565
2026-08-17 11:30:00,0.7005259,0.7334646
2026-08-17 11:45:00,0.74842143,0.70200336
2026-08-17 12:00:00,0.78338766,0.7153734
2026-08-17 12:15:00,0.81835395,0.7365558
2026-08-17 12:30:00,0.7924048,0.748744
2026-08-17 12:45:00,0.76645553,0.73057926
2026-08-17 13:00:00,0.6400366,0.70742154
2026-08-17 13:15:00,0.51361763,0.63605905
2026-08-17 13:30:00,0.42591727,0.54719234
2026-08-17 13:45:00,0.44953567,0.51834536
2026-08-17 14:00:00,0.47315407,0.5052702
2026-08-17 14:15:00,0.46717972,0.4894123
2026-08-17 14:30:00,0.41019034,0.46945128
2026-08-17 14:45:00,0.39691865,0.44266093
2026-08-17 15:00:00,0.38529953,0.41993904
2026-08-17 15:15:00,0.37368038,0.3974545
2026-08-17 15:30:00,0.3841203,0.38234133
2026-08-17 15:45:00,0.3914053,0.37661082
2026-08-17 16:00:00,0.45357978,0.38022888
2026-08-17 16:15:00,0.5157543,0.38507545
2026-08-17 16:30:00,0.4746797,0.42345244
2026-08-17 16:45:00,0.43360507,0.43050456
2026-08-17 17:00:00,0.4034599,0.40584505
2026-08-17 17:15:00,0.3968056,0.37716502
2026-08-17 17:30:00,0.33677834,0.351512
2026-08-17 17:45:00,0.32019427,0.32854056
2026-08-17 18:00:00,0.31642643,0.31323123
2026-08-17 18:15:00,0.31265858,0.29990378
2026-08-17 18:30:00,0.29999948,0.29036826
2026-08-17 18:45:00,0.28524435,0.28610462
2026-08-17 19:00:00,0.28252816,0.28467542
2026-08-17 19:15:00,0.28252816,0.28453162
2026-08-17 19:30:00,0.28252816,0.28432223
2026-08-17 19:45:00,0.28252816,0.28362584
2026-08-17 20:00:00,0.28252816,0.283425
2026-08-17 20:15:00,0.28252816,0.28344482
2026-08-17 20:30:00,0.28252816,0.283395
2026-08-17 20:45:00,0.28252816,0.28342417
2026-08-17 21:00:00,0.28252816,0.28353673
2026-08-17 21:15:00,0.28252816,0.2836782
2026-08-17 21:30:00,0.28252816,0.2835572
2026-08-17 21:45:00,0.28252816,0.2835043
2026-08-17 22:00:00,0.28252816,0.28357548
2026-08-17 22:15:00,0.28252816,0.28352574
2026-08-17 22:30:00,0.28252816,0.28351846
2026-08-17 22:45:00,0.28252816,0.28335893
2026-08-17 23:00:00,0.28252816,0.2832723
2026-08-17 23:15:00,0.28252816,0.2831636
2026-08-17 23:30:00,0.28252816,0.28363845
2026-08-17 23:45:00,0.28252816,0.2841502
2026-08-18 00:00:00,0.28252816,0.28359085
2026-08-18 00:15:00,0.28252816,0.28412992
2026-08-18 00:30:00,0.28252816,0.28429237
2026-08-18 00:45:00,0.28252816,0.28405294
2026-08-18 01:00:00,0.28252816,0.28428224
2026-08-18 01:15:00,0.28252816,0.28421983
2026-08-18 01:30:00,0.28252816,0.28424045
2026-08-18 01:45:00,0.28252816,0.28392154
2026-08-18 02:00:00,0.28252816,0.28351456
2026-08-18 02:15:00,0.28252816,0.28359327
2026-08-18 02:30:00,0.28252816,0.28330532
2026-08-18 02:45:00,0.28252816,0.28292575
2026-08-18 03:00:00,0.28252816,0.28218377
2026-08-18 03:15:00,0.28252816,0.28192326
2026-08-18 03:30:00,0.28252816,0.28174663
2026-08-18 03:45:00,0.28252816,0.28218538
2026-08-18 04:00:00,0.28252816,0.28244117
2026-08-18 04:15:00,0.28252816,0.28261822
2026-08-18 04:30:00,0.28252816,0.28348213
2026-08-18 04:45:00,0.28252816,0.28356385
2026-08-18 05:00:00,0.28252816,0.28341112
2026-08-18 05:15:00,0.28252816,0.2839146
2026-08-18 05:30:00,0.28252816,0.28381822
2026-08-18 05:45:00,0.28252816,0.2836267
2026-08-18 06:00:00,0.28971663,0.28403997
2026-08-18 06:15:00,0.29715848,0.28458604
2026-08-18 06:30:00,0.30190897,0.2921041
2026-08-18 06:45:00,0.3159674,0.3185975
2026-08-18 07:00:00,0.37777153,0.34271896
2026-08-18 07:15:00,0.40366122,0.3731829
2026-08-18 07:30:00,0.3856656,0.40017834
2026-08-18 07:45:00,0.44850588,0.41736746
2026-08-18 08:00:00,0.51134616,0.45515016
2026-08-18 08:15:00,0.50927675,0.49907875
2026-08-18 08:30:00,0.45940787,0.5174885
2026-08-18 08:45:00,0.508999,0.5038522
2026-08-18 09:00:00,0.52773154,0.51747096
2026-08-18 09:15:00,0.5464641,0.5340357
2026-08-18 09:30:00,0.51575994,0.5455549
2026-08-18 09:45:00,0.62724745,0.54594827
2026-08-18 10:00:00,0.73873496,0.596197
2026-08-18 10:15:00,0.79389143,0.6711061
2026-08-18 10:30:00,0.7486142,0.7184231
2026-08-18 10:45:00,0.74604297,0.73597133
2026-08-18 11:00:00,0.74347174,0.7432318
2026-08-18 11:15:00,0.7836064,0.7386493
2026-08-18 11:30:00,0.84759134,0.7085886
2026-08-18 11:45:00,0.77891576,0.776071
2026-08-18 12:00:00,0.7102401,0.7681387
2026-08-18 12:15:00,0.7651236,0.7227757
2026-08-18 12:30:00,0.7998773,0.72509235
2026-08-18 12:45:00,0.834631,0.7406498
2026-08-18 13:00:00,0.79254097,0.7513912
2026-08-18 13:15:00,0.7912349,0.7471682
2026-08-18 13:30:00,0.6826554,0.7312223
2026-08-18 13:45:00,0.57407594,0.6703733
2026-08-18 14:00:00,0.48422182,0.61110175
2026-08-18 14:15:00,0.469274,0.55530167
2026-08-18 14:30:00,0.5249748,0.52488977
2026-08-18 14:45:00,0.48857534,0.5129022
2026-08-18 15:00:00,0.5178261,0.50181395
2026-08-18 15:15:00,0.56332004,0.5035178
2026-08-18 15:30:00,0.608814,0.5015477
2026-08-18 15:45:00,0.56896275,0.5074779
2026-08-18 16:00:00,0.5291115,0.49388218
2026-08-18 16:15:00,0.38725823,0.4723667
2026-08-18 16:30:00,0.3841695,0.4303115
2026-08-18 16:45:00,0.34011543,0.39437377
2026-08-18 17:00:00,0.3430588,0.37785783
2026-08-18 17:15:00,0.3508257,0.35595655
2026-08-18 17:30:00,0.34875116,0.34160587
2026-08-18 17:45:00,0.3300348,0.3285169
2026-08-18 18:00:00,0.29764038,0.317954
2026-08-18 18:15:00,0.29106605,0.30574703
2026-08-18 18:30:00,0.29076365,0.29792377
2026-08-18 18:45:00,0.2866459,0.28779966
2026-08-18 19:00:00,0.28252816,0.28384846
2026-08-18 19:15:00,0.28252816,0.2829278
2026-08-18 19:30:00,0.28252816,0.28276303
2026-08-18 19:45:00,0.28252816,0.28156313
2026-08-18 20:00:00,0.28252816,0.28120333
2026-08-18 20:15:00,0.28252816,0.2816015
2026-08-18 20:30:00,0.28252816,0.28130716
2026-08-18 20:45:00,0.28252816,0.28149807
2026-08-18 21:00:00,0.28252816,0.2817224
2026-08-18 21:15:00,0.28252816,0.2815142
2026-08-18 21:30:00,0.28252816,0.28128606
2026-08-18 21:45:00,0.28252816,0.28111893
2026-08-18 22:00:00,0.28252816,0.28092518
2026-08-18 22:15:00,0.28252816,0.2808969
2026-08-18 22:30:00,0.28252816,0.28084
2026-08-18 22:45:00,0.28252816,0.280871
2026-08-18 23:00:00,0.28252816,0.2808905
2026-08-18 23:15:00,0.28252816,0.28084278
2026-08-18 23:30:00,0.28252816,0.28084117
2026-08-18 23:45:00,0.28252816,0.28156015
2026-08-19 00:00:00,0.28252816,0.28232604
2026-08-19 00:15:00,0.28252816,0.28146353
2026-08-19 00:30:00,0.28252816,0.28208333
2026-08-19 00:45:00,0.28252816,0.282397
2026-08-19 01:00:00,0.28252816,0.28213307
2026-08-19 01:15:00,0.28252816,0.28223205
2026-08-19 01:30:00,0.28252816,0.28214532
2026-08-19 01:45:00,0.28252816,0.2821159
2026-08-19 02:00:00,0.28252816,0.28226176
2026-08-19 02:15:00,0.28252816,0.282268
2026-08-19 02:30:00,0.28252816,0.28237796
2026-08-19 02:45:00,0.28252816,0.28325292
2026-08-19 03:00:00,0.28252816,0.2835832
2026-08-19 03:15:00,0.28252816,0.28324628
2026-08-19 03:30:00,0.28252816,0.28357664
2026-08-19 03:45:00,0.28252816,0.28342012
2026-08-19 04:00:00,0.28252816,0.283234
2026-08-19 04:15:00,0.28252816,0.28321984
2026-08-19 04:30:00,0.28252816,0.28303707
2026-08-19 04:45:00,0.28252816,0.2827662
2026-08-19 05:00:00,0.28252816,0.28299862
2026-08-19 05:15:00,0.28252816,0.28292635
2026-08-19 05:30:00,0.28252816,0.2831749
2026-08-19 05:45:00,0.28252816,0.28358227
2026-08-19 06:00:00,0.29509026,0.28441697
2026-08-19 06:15:00,0.306447,0.28816298
2026-08-19 06:30:00,0.31886944,0.30364004
2026-08-19 06:45:00,0.32631332,0.3208315
2026-08-19 07:00:00,0.38592538,0.3609817
2026-08-19 07:15:00,0.39159304,0.38527563
2026-08-19 07:30:00,0.39726073,0.41250145
2026-08-19 07:45:00,0.42560893,0.4288232
2026-08-19 08:00:00,0.4539571,0.45131475
2026-08-19 08:15:00,0.5400546,0.47433928
2026-08-19 08:30:00,0.5695889,0.5135354
2026-08-19 08:45:00,0.56033576,0.55479175
2026-08-19 09:00:00,0.60429096,0.5662956
2026-08-19 09:15:00,0.60843575,0.58459485
2026-08-19 09:30:00,0.6125805,0.59231234
2026-08-19 09:45:00,0.5938571,0.58705837
2026-08-19 10:00:00,0.63116467,0.5806108
2026-08-19 10:15:00,0.62299764,0.6088344
2026-08-19 10:30:00,0.6379119,0.6051922
2026-08-19 10:45:00,0.71037877,0.6191033
2026-08-19 11:00:00,0.7828456,0.66612077
2026-08-19 11:15:00,0.7876693,0.717306
2026-08-19 11:30:00,0.747496,0.7201198
2026-08-19 11:45:00,0.6851449,0.71034205
2026-08-19 12:00:00,0.6227939,0.6864705
2026-08-19 12:15:00,0.60087913,0.6221765
2026-08-19 12:30:00,0.54865634,0.58462876
2026-08-19 12:45:00,0.49643362,0.5582302
2026-08-19 13:00:00,0.54346913,0.5383946
2026-08-19 13:15:00,0.59050465,0.5358865
2026-08-19 13:30:00,0.5167664,0.5437062
2026-08-19 13:45:00,0.4430282,0.51219606
2026-08-19 14:00:00,0.45352352,0.47119153
2026-08-19 14:15:00,0.4189824,0.44855344
2026-08-19 14:30:00,0.39444506,0.43260142
2026-08-19 14:45:00,0.38535714,0.41371906
2026-08-19 15:00:00,0.40308934,0.40528822
2026-08-19 15:15:00,0.47881237,0.39878878
2026-08-19 15:30:00,0.48541254,0.40765494
2026-08-19 15:45:00,0.41323757,0.4248405
2026-08-19 16:00:00,0.41728938,0.4096455
2026-08-19 16:15:00,0.42134115,0.38429135
2026-08-19 16:30:00,0.3809572,0.38273925
2026-08-19 16:45:00,0.42403036,0.35589096
2026-08-19 17:00:00,0.39513254,0.34491768
2026-08-19 17:15:00,0.3662347,0.34295225
2026-08-19 17:30:00,0.34129488,0.3338829
2026-08-19 17:45:00,0.31115046,0.3206883
2026-08-19 18:00:00,0.30499917,0.31101108
2026-08-19 18:15:00,0.30010223,0.2997632
2026-08-19 18:30:00,0.2942442,0.2902378
2026-08-19 18:45:00,0.2883862,0.2862106
2026-08-19 19:00:00,0.28252816,0.2842947
2026-08-19 19:15:00,0.28252816,0.28401372
2026-08-19 19:30:00,0.28252816,0.28389055
2026-08-19 19:45:00,0.28252816,0.28311655
2026-08-19 20:00:00,0.28252816,0.28265285
2026-08-19 20:15:00,0.28252816,0.28273052
2026-08-19 20:30:00,0.28252816,0.28214505
2026-08-19 20:45:00,0.28252816,0.28324378
2026-08-19 21:00:00,0.28252816,0.2828265
2026-08-19 21:15:00,0.28252816,0.28198287
2026-08-19 21:30:00,0.28252816,0.28258598
2026-08-19 21:45:00,0.28252816,0.2823382
2026-08-19 22:00:00,0.28252816,0.28376254
2026-08-19 22:15:00,0.28252816,0.28411314
2026-08-19 22:30:00,0.28252816,0.28265503
2026-08-19 22:45:00,0.28252816,0.28265727
2026-08-19 23:00:00,0.28252816,0.2832614
2026-08-19 23:15:00,0.28252816,0.28289062
2026-08-19 23:30:00,0.28252816,0.28336525
2026-08-19 23:45:00,0.28252816,0.28323486
2026-08-20 00:00:00,0.28252816,0.28261727
2026-08-20 00:15:00,0.28252816,0.28250006
2026-08-20 00:30:00,0.28252816,0.28242344
2026-08-20 00:45:00,0.28252816,0.28207797
2026-08-20 01:00:00,0.28252816,0.2820345
2026-08-20 01:15:00,0.28252816,0.28198695
2026-08-20 01:30:00,0.28252816,0.28195405
2026-08-20 01:45:00,0.28252816,0.28200084
2026-08-20 02:00:00,0.28252816,0.28203475
2026-08-20 02:15:00,0.28252816,0.28203574
2026-08-20 02:30:00,0.28252816,0.28207085
2026-08-20 02:45:00,0.28252816,0.28210613
2026-08-20 03:00:00,0.28252816,0.28224912
2026-08-20 03:15:00,0.28252816,0.2823769
2026-08-20 03:30:00,0.28252816,0.28244978
2026-08-20 03:45:00,0.28252816,0.28258115
2026-08-20 04:00:00,0.28252816,0.28267318
2026-08-20 04:15:00,0.28252816,0.28273442
2026-08-20 04:30:00,0.28252816,0.2828416
2026-08-20 04:45:00,0.28252816,0.282927
2026-08-20 05:00:00,0.28252816,0.2829899
2026-08-20 05:15:00,0.28252816,0.2830656
2026-08-20 05:30:00,0.28252816,0.28323743
2026-08-20 05:45:00,0.28252816,0.2835885
2026-08-20 06:00:00,0.285882,0.2841822
2026-08-20 06:15:00,0.29625285,0.28564122
2026-08-20 06:30:00,0.30420375,0.29494566
2026-08-20 06:45:00,0.31876177,0.3298588
2026-08-20 07:00:00,0.33787075,0.35933542
2026-08-20 07:15:00,0.32190427,0.37508726
2026-08-20 07:30:00,0.31716162,0.38062167
2026-08-20 07:45:00,0.34544507,0.3637123
2026-08-20 08:00:00,0.35802254,0.3726306
2026-08-20 08:15:00,0.35789335,0.4027461
2026-08-20 08:30:00,0.3608923,0.42005295
2026-08-20 08:45:00,0.3369192,0.40242934
2026-08-20 09:00:00,0.3881023,0.37773663
2026-08-20 09:15:00,0.43725032,0.38861725
2026-08-20 09:30:00,0.48639837,0.43022156
2026-08-20 09:45:00,0.48723257,0.45272017
2026-08-20 10:00:00,0.44911447,0.4607644
2026-08-20 10:15:00,0.4549737,0.4566704
2026-08-20 10:30:00,0.5346414,0.45763588
2026-08-20 10:45:00,0.5102947,0.4798068
2026-08-20 11:00:00,0.485948,0.48657948
2026-08-20 11:15:00,0.5440573,0.47908282
2026-08-20 11:30:00,0.60216665,0.49644792
2026-08-20 11:45:00,0.54385626,0.5287566
2026-08-20 12:00:00,0.4855459,0.5174929
2026-08-20 12:15:00,0.47145373,0.49884975
2026-08-20 12:30:00,0.38703597,0.4841748
2026-08-20 12:45:00,0.346806,0.44013056
2026-08-20 13:00:00,0.3477118,0.4119609
2026-08-20 13:15:00,0.38155788,0.39556402
2026-08-20 13:30:00,0.37310287,0.39030534
2026-08-20 13:45:00,0.39374074,0.380548
2026-08-20 14:00:00,0.5463695,0.3788069
2026-08-20 14:15:00,0.5293995,0.44191265
2026-08-20 14:30:00,0.51242954,0.47211143
2026-08-20 14:45:00,0.49074215,0.47565526
2026-08-20 15:00:00,0.48837304,0.46584308
2026-08-20 15:15:00,0.48729855,0.45226377
2026-08-20 15:30:00,0.42526904,0.44378555
2026-08-20 15:45:00,0.3827397,0.42051482
2026-08-20 16:00:00,0.36267188,0.39026517
2026-08-20 16:15:00,0.38681006,0.35898525
2026-08-20 16:30:00,0.40562373,0.34202442
2026-08-20 16:45:00,0.37043914,0.34488446
2026-08-20 17:00:00,0.35650003,0.34352666
2026-08-20 17:15:00,0.33103827,0.33355105
2026-08-20 17:30:00,0.32635576,0.31782416
2026-08-20 17:45:00,0.33483008,0.30605218
2026-08-20 18:00:00,0.30748525,0.2991601
2026-08-20 18:15:00,0.29553324,0.28945735
2026-08-20 18:30:00,0.2835812,0.28578907
2026-08-20 18:45:00,0.2830778,0.28517997
2026-08-20 19:00:00,0.28252816,0.28502455
2026-08-20 19:15:00,0.28252816,0.28538346
2026-08-20 19:30:00,0.28252816,0.2854101
2026-08-20 19:45:00,0.28252816,0.28488538
2026-08-20 20:00:00,0.28252816,0.28467262
2026-08-20 20:15:00,0.28252816,0.28467637
2026-08-20 20:30:00,0.28252816,0.2846529
2026-08-20 20:45:00,0.28252816,0.28469065
2026-08-20 21:00:00,0.28252816,0.28473064
2026-08-20 21:15:00,0.28252816,0.2847654
2026-08-20 21:30:00,0.28252816,0.28473857
2026-08-20 21:45:00,0.28252816,0.28471628
2026-08-20 22:00:00,0.28252816,0.2847413
2026-08-20 22:15:00,0.28252816,0.28470832
2026-08-20 22:30:00,0.28252816,0.2836876
2026-08-20 22:45:00,0.28252816,0.28302857
2026-08-20 23:00:00,0.28252816,0.28308854
2026-08-20 23:15:00,0.28252816,0.28235546
2026-08-20 23:30:00,0.28252816,0.28213555
2026-08-20 23:45:00,0.28252816,0.2820119
2026-08-21 00:00:00,0.28252816,0.2818786
2026-08-21 00:15:00,0.28252816,0.28185472
2026-08-21 00:30:00,0.28252816,0.28175527
2026-08-21 00:45:00,0.28252816,0.28168404
2026-08-21 01:00:00,0.28252816,0.28166845
2026-08-21 01:15:00,0.28252816,0.2814893
2026-08-21 01:30:00,0.28252816,0.2813493
2026-08-21 01:45:00,0.28252816,0.28159302
2026-08-21 02:00:00,0.28252816,0.28152466
2026-08-21 02:15:00,0.28252816,0.2815635
2026-08-21 02:30:00,0.28252816,0.28185394
2026-08-21 02:45:00,0.28252816,0.28197423
2026-08-21 03:00:00,0.28252816,0.28217027
2026-08-21 03:15:00,0.28252816,0.28184003
2026-08-21 03:30:00,0.28252816,0.2818385
2026-08-21 03:45:00,0.28252816,0.28174078
2026-08-21 04:00:00,0.28252816,0.28191608
2026-08-21 04:15:00,0.28252816,0.2833619
2026-08-21 04:30:00,0.28252816,0.28312263
2026-08-21 04:45:00,0.28252816,0.28242254
2026-08-21 05:00:00,0.28252816,0.28249535
2026-08-21 05:15:00,0.28252816,0.28371096
2026-08-21 05:30:00,0.28252816,0.28387916
2026-08-21 05:45:00,0.28252816,0.28306648
2026-08-21 06:00:00,0.28252816,0.28349712
2026-08-21 06:15:00,0.29588592,0.28394133
2026-08-21 06:30:00,0.3088961,0.2858339
2026-08-21 06:45:00,0.3166732,0.29827124
2026-08-21 07:00:00,0.32775822,0.3234347
2026-08-21 07:15:00,0.33884323,0.33275306
2026-08-21 07:30:00,0.36574334,0.33972892
2026-08-21 07:45:00,0.43428046,0.36385682
2026-08-21 08:00:00,0.5031874,0.4096641
2026-08-21 08:15:00,0.54805344,0.46148944
2026-08-21 08:30:00,0.57383657,0.50446534
2026-08-21 08:45:00,0.600238,0.5332563
2026-08-21 09:00:00,0.6515068,0.5579572
2026-08-21 09:15:00,0.694551,0.5918275
2026-08-21 09:30:00,0.71520615,0.6321845
2026-08-21 09:45:00,0.7845549,0.66311634
2026-08-21 10:00:00,0.81139827,0.7201886
2026-08-21 10:15:00,0.7706134,0.7510468
2026-08-21 10:30:00,0.68690175,0.7423613
2026-08-21 10:45:00,0.70481074,0.699925
2026-08-21 11:00:00,0.6601519,0.68439674
2026-08-21 11:15:00,0.6086378,0.65003645
2026-08-21 11:30:00,0.5571238,0.603726
2026-08-21 11:45:00,0.4987545,0.5678996
2026-08-21 12:00:00,0.5194287,0.5225158
2026-08-21 12:15:00,0.5401029,0.51788366
2026-08-21 12:30:00,0.5264934,0.52319026
2026-08-21 12:45:00,0.38888133,0.5171493
2026-08-21 13:00:00,0.40304363,0.4727533
2026-08-21 13:15:00,0.41720593,0.43821532
2026-08-21 13:30:00,0.39037815,0.42165685
2026-08-21 13:45:00,0.40808067,0.40029883
2026-08-21 14:00:00,0.5441933,0.3984541
2026-08-21 14:15:00,0.68030596,0.45238566
2026-08-21 14:30:00,0.5841024,0.53027934
2026-08-21 14:45:00,0.48789892,0.52396786
2026-08-21 15:00:00,0.37561318,0.48394752
2026-08-21 15:15:00,0.3480809,0.4358096
2026-08-21 15:30:00,0.3331465,0.39741617
2026-08-21 15:45:00,0.3613474,0.37866846
2026-08-21 16:00:00,0.38477525,0.37412718
2026-08-21 16:15:00,0.38807297,0.37135255
2026-08-21 16:30:00,0.37580812,0.3584293
2026-08-21 16:45:00,0.381994,0.3453143
2026-08-21 17:00:00,0.39039165,0.33849037
2026-08-21 17:15:00,0.37576786,0.3392336
2026-08-21 17:30:00,0.34351936,0.33442825
2026-08-21 17:45:00,0.32610235,0.3192366
2026-08-21 18:00:00,0.34270775,0.3009885
2026-08-21 18:15:00,0.32632405,0.29000485
2026-08-21 18:30:00,0.31226507,0.2861205
2026-08-21 18:45:00,0.2934228,0.28538102
2026-08-21 19:00:00,0.28252816,0.28517857
2026-08-21 19:15:00,0.28252816,0.28378254
2026-08-21 19:30:00,0.28252816,0.28228542
2026-08-21 19:45:00,0.28252816,0.28177512
2026-08-21 20:00:00,0.28252816,0.2806835
2026-08-21 20:15:00,0.28252816,0.2806051
2026-08-21 20:30:00,0.28252816,0.28070074
2026-08-21 20:45:00,0.28252816,0.28076735
2026-08-21 21:00:00,0.28252816,0.28087252
2026-08-21 21:15:00,0.28252816,0.2809354
2026-08-21 21:30:00,0.28252816,0.28094673
2026-08-21 21:45:00,0.28252816,0.28097484
2026-08-21 22:00:00,0.28252816,0.2810262
2026-08-21 22:15:00,0.28252816,0.2810377
2026-08-21 22:30:00,0.28252816,0.2810098
2026-08-21 22:45:00,0.28252816,0.2809994
2026-08-21 23:00:00,0.28252816,0.2810506
2026-08-21 23:15:00,0.28252816,0.2810964
2026-08-21 23:30:00,0.28252816,0.2812004
2026-08-21 23:45:00,0.28252816,0.28126124
2026-08-22 00:00:00,0.28252816,0.28124696
2026-08-22 00:15:00,0.28252816,0.28119346
2026-08-22 00:30:00,0.28252816,0.2811827
2026-08-22 00:45:00,0.28252816,0.2812231
2026-08-22 01:00:00,0.28252816,0.2812461
2026-08-22 01:15:00,0.28252816,0.28128478
2026-08-22 01:30:00,0.28252816,0.28135616
2026-08-22 01:45:00,0.28252816,0.28143874
2026-08-22 02:00:00,0.28252816,0.2814716
2026-08-22 02:15:00,0.28252816,0.2815399
2026-08-22 02:30:00,0.28252816,0.28164712
2026-08-22 02:45:00,0.28252816,0.28158054
2026-08-22 03:00:00,0.28252816,0.2816747
2026-08-22 03:15:00,0.28252816,0.28182825
2026-08-22 03:30:00,0.28252816,0.28232965
2026-08-22 03:45:00,0.28252816,0.28257284
2026-08-22 04:00:00,0.28252816,0.28255293
2026-08-22 04:15:00,0.28252816,0.2827777
2026-08-22 04:30:00,0.28252816,0.28249568
2026-08-22 04:45:00,0.28252816,0.28296953
2026-08-22 05:00:00,0.28252816,0.28325924
2026-08-22 05:15:00,0.28252816,0.28336835
2026-08-22 05:30:00,0.28252816,0.2834927
2026-08-22 05:45:00,0.28252816,0.28368425
2026-08-22 06:00:00,0.28252816,0.28407952
2026-08-22 06:15:00,0.3150912,0.2846871
2026-08-22 06:30:00,0.33785835,0.29159513
2026-08-22 06:45:00,0.34713554,0.3318573
2026-08-22 07:00:00,0.36241755,0.37678042
2026-08-22 07:15:00,0.36174148,0.39215034
2026-08-22 07:30:00,0.41909945,0.39628434
2026-08-22 07:45:00,0.47645745,0.4192726
2026-08-22 08:00:00,0.50187624,0.45675457
2026-08-22 08:15:00,0.47180873,0.5006788
2026-08-22 08:30:00,0.41926047,0.5096605
2026-08-22 08:45:00,0.36671218,0.48585552
2026-08-22 09:00:00,0.36978528,0.4812951
2026-08-22 09:15:00,0.39522043,0.4751842
2026-08-22 09:30:00,0.44801334,0.47208318
2026-08-22 09:45:00,0.5656196,0.48077378
2026-08-22 10:00:00,0.68322587,0.5328797
2026-08-22 10:15:00,0.7275036,0.6077905
2026-08-22 10:30:00,0.6861874,0.66264236
2026-08-22 10:45:00,0.64487123,0.670709
2026-08-22 11:00:00,0.6450128,0.64764786
2026-08-22 11:15:00,0.5816173,0.63843364
2026-08-22 11:30:00,0.5182218,0.60865784
2026-08-22 11:45:00,0.4460277,0.5696533
2026-08-22 12:00:00,0.5424741,0.5267556
2026-08-22 12:15:00,0.63892055,0.52563286
2026-08-22 12:30:00,0.69376016,0.56032145
2026-08-22 12:45:00,0.6716733,0.6002125
2026-08-22 13:00:00,0.64958656,0.6108718
2026-08-22 13:15:00,0.58361477,0.5940063
2026-08-22 13:30:00,0.50282747,0.55674124
2026-08-22 13:45:00,0.5250968,0.51098675
2026-08-22 14:00:00,0.547366,0.5091976
2026-08-22 14:15:00,0.693015,0.50586104
2026-08-22 14:30:00,0.8386639,0.5539818
2026-08-22 14:45:00,0.7630209,0.6353296
2026-08-22 15:00:00,0.6873778,0.64133704
2026-08-22 15:15:00,0.6583139,0.5978813
2026-08-22 15:30:00,0.62701607,0.5485017
2026-08-22 15:45:00,0.5998478,0.52098656
2026-08-22 16:00:00,0.5635872,0.5087891
2026-08-22 16:15:00,0.537001,0.49310583
2026-08-22 16:30:00,0.5118699,0.46776655
2026-08-22 16:45:00,0.4740721,0.4347792
2026-08-22 17:00:00,0.44283873,0.40004957
2026-08-22 17:15:00,0.4091559,0.3695122
2026-08-22 17:30:00,0.31541303,0.3465494
2026-08-22 17:45:00,0.31208488,0.32895628
2026-08-22 18:00:00,0.32077014,0.31446692
2026-08-22 18:15:00,0.3036164,0.3047111
2026-08-22 18:30:00,0.29105768,0.29505405
2026-08-22 18:45:00,0.2836989,0.28827348
2026-08-22 19:00:00,0.28252816,0.2839629
2026-08-22 19:15:00,0.28252816,0.28217548
2026-08-22 19:30:00,0.28252816,0.28153986
2026-08-22 19:45:00,0.28252816,0.28071544
2026-08-22 20:00:00,0.28252816,0.2804731
2026-08-22 20:15:00,0.28252816,0.28060997
2026-08-22 20:30:00,0.28252816,0.28076774
2026-08-22 20:45:00,0.28252816,0.28085
2026-08-22 21:00:00,0.28252816,0.28092664
2026-08-22 21:15:00,0.28252816,0.28095493
2026-08-22 21:30:00,0.28252816,0.2809263
2026-08-22 21:45:00,0.28252816,0.28092596
2026-08-22 22:00:00,0.28252816,0.2809556
2026-08-22 22:15:00,0.28252816,0.28092727
2026-08-22 22:30:00,0.28252816,0.2809162
2026-08-22 22:45:00,0.28252816,0.2809683
2026-08-22 23:00:00,0.28252816,0.28101373
2026-08-22 23:15:00,0.28252816,0.2810299
2026-08-22 23:30:00,0.28252816,0.28104076
2026-08-22 23:45:00,0.28252816,0.2810584
2026-08-23 00:00:00,0.28252816,0.2810775
2026-08-23 00:15:00,0.28252816,0.28110346
2026-08-23 00:30:00,0.28252816,0.28115383
2026-08-23 00:45:00,0.28252816,0.2812108
2026-08-23 01:00:00,0.28252816,0.28123248
2026-08-23 01:15:00,0.28252816,0.28126255
2026-08-23 01:30:00,0.28252816,0.28132504
2026-08-23 01:45:00,0.28252816,0.28140458
2026-08-23 02:00:00,0.28252816,0.28143787
2026-08-23 02:15:00,0.28252816,0.2815009
2026-08-23 02:30:00,0.28252816,0.28159946
2026-08-23 02:45:00,0.28252816,0.28170037
2026-08-23 03:00:00,0.28252816,0.2817381
2026-08-23 03:15:00,0.28252816,0.2818313
2026-08-23 03:30:00,0.28252816,0.28196317
2026-08-23 03:45:00,0.28252816,0.28208688
2026-08-23 04:00:00,0.28252816,0.2821843
2026-08-23 04:15:00,0.28252816,0.2823238
2026-08-23 04:30:00,0.28252816,0.28246218
2026-08-23 04:45:00,0.28252816,0.28254953
2026-08-23 05:00:00,0.28252816,0.2825436
2026-08-23 05:15:00,0.28252816,0.2826598
2026-08-23 05:30:00,0.28252816,0.2830291
2026-08-23 05:45:00,0.28252816,0.2838135
2026-08-23 06:00:00,0.28252816,0.28497007
2026-08-23 06:15:00,0.30219498,0.28638226
2026-08-23 06:30:00,0.3199119,0.296654
2026-08-23 06:45:00,0.34512734,0.33057866
2026-08-23 07:00:00,0.37547255,0.3702283
2026-08-23 07:15:00,0.40904716,0.39613175
2026-08-23 07:30:00,0.44807154,0.41849458
2026-08-23 07:45:00,0.48709595,0.44884348
2026-08-23 08:00:00,0.4840179,0.48387825
2026-08-23 08:15:00,0.40818107,0.5044351
2026-08-23 08:30:00,0.56571704,0.4914953
2026-08-23 08:45:00,0.7232531,0.5271288
2026-08-23 09:00:00,0.69107336,0.6157992
2026-08-23 09:15:00,0.6588937,0.6581199
2026-08-23 09:30:00,0.5322484,0.66880214
2026-08-23 09:45:00,0.5193654,0.60787857
2026-08-23 10:00:00,0.50648236,0.57362354
2026-08-23 10:15:00,0.45756,0.5722888
2026-08-23 10:30:00,0.47011214,0.5618937
2026-08-23 10:45:00,0.40749714,0.5481311
2026-08-23 11:00:00,0.56839734,0.49604297
2026-08-23 11:15:00,0.72929764,0.52722234
2026-08-23 11:30:00,0.94085395,0.61542666
2026-08-23 11:45:00,0.9054751,0.7580022
2026-08-23 12:00:00,0.777596,0.7809166
2026-08-23 12:15:00,0.6699737,0.73286664
2026-08-23 12:30:00,0.56235135,0.6435853
2026-08-23 12:45:00,0.47498596,0.57045937
2026-08-23 13:00:00,0.42948645,0.5366321
2026-08-23 13:15:00,0.47443748,0.517661
2026-08-23 13:30:00,0.51938856,0.5057152
2026-08-23 13:45:00,0.50406253,0.4996672
2026-08-23 14:00:00,0.5127847,0.4886467
2026-08-23 14:15:00,0.52150697,0.4857207
2026-08-23 14:30:00,0.5077163,0.4785905
2026-08-23 14:45:00,0.5681127,0.46262547
2026-08-23 15:00:00,0.50056595,0.46985716
2026-08-23 15:15:00,0.43301916,0.45819753
2026-08-23 15:30:00,0.3948989,0.43189752
2026-08-23 15:45:00,0.3978563,0.4023119
2026-08-23 16:00:00,0.49919644,0.3810717
2026-08-23 16:15:00,0.5714052,0.39446136
2026-08-23 16:30:00,0.52281046,0.42500758
2026-08-23 16:45:00,0.47421587,0.43188983
2026-08-23 17:00:00,0.4563155,0.39221185
2026-08-23 17:15:00,0.31595868,0.36750513
2026-08-23 17:30:00,0.33051094,0.33583453
2026-08-23 17:45:00,0.3340982,0.32503045
2026-08-23 18:00:00,0.33768547,0.3159657
2026-08-23 18:15:00,0.3056206,0.30499682
2026-08-23 18:30:00,0.2955057,0.29330698
2026-08-23 18:45:00,0.28590605,0.2870202
2026-08-23 19:00:00,0.28252816,0.283499
2026-08-23 19:15:00,0.28252816,0.28196284
2026-08-23 19:30:00,0.28252816,0.28128734
2026-08-23 19:45:00,0.28252816,0.28068173
2026-08-23 20:00:00,0.28252816,0.28057185
2026-08-23 20:15:00,0.28252816,0.2807204
2026-08-23 20:30:00,0.28252816,0.2807639
2026-08-23 20:45:00,0.28252816,0.28079584
2026-08-23 21:00:00,0.28252816,0.28089336
2026-08-23 21:15:00,0.28252816,0.28091565
2026-08-23 21:30:00,0.28252816,0.28090394
2026-08-23 21:45:00,0.28252816,0.28095034
2026-08-23 22:00:00,0.28252816,0.28098562
2026-08-23 22:15:00,0.28252816,0.28098235
2026-08-23 22:30:00,0.28252816,0.2809818
2026-08-23 22:45:00,0.28252816,0.28100905
2026-08-23 23:00:00,0.28252816,0.28102383
2026-08-23 23:15:00,0.28252816,0.28101888
2026-08-23 23:30:00,0.28252816,0.28105423
2026-08-23 23:45:00,0.28252816,0.28107277
2026-08-24 00:00:00,0.28252816,0.2810595
2026-08-24 00:15:00,0.28252816,0.28104883
2026-08-24 00:30:00,0.28252816,0.28111008
2026-08-24 00:45:00,0.28252816,0.28365338
2026-08-24 01:00:00,0.28252816,0.28429836
2026-08-24 01:15:00,0.28252816,0.28305277
2026-08-24 01:30:00,0.28252816,0.28386953
2026-08-24 01:45:00,0.28252816,0.2837708
2026-08-24 02:00:00,0.28252816,0.28398985
2026-08-24 02:15:00,0.28252816,0.2841137
2026-08-24 02:30:00,0.28252816,0.2841663
2026-08-24 02:45:00,0.28252816,0.28422922
2026-08-24 03:00:00,0.28252816,0.2842862
2026-08-24 03:15:00,0.28252816,0.28427652
2026-08-24 03:30:00,0.28252816,0.28426826
2026-08-24 03:45:00,0.28252816,0.28430468
2026-08-24 04:00:00,0.28252816,0.28434616
2026-08-24 04:15:00,0.28252816,0.28431958
2026-08-24 04:30:00,0.28252816,0.28430247
2026-08-24 04:45:00,0.28252816,0.28431115
2026-08-24 05:00:00,0.28252816,0.2843167
2026-08-24 05:15:00,0.28252816,0.28430936
2026-08-24 05:30:00,0.28252816,0.28429642
2026-08-24 05:45:00,0.28252816,0.2843161
2026-08-24 06:00:00,0.28252816,0.28441566
2026-08-24 06:15:00,0.29965952,0.28457785
2026-08-24 06:30:00,0.3135941,0.28595442
2026-08-24 06:45:00,0.3239063,0.29727268
2026-08-24 07:00:00,0.36173072,0.3237003
2026-08-24 07:15:00,0.35709065,0.34569287
2026-08-24 07:30:00,0.38311428,0.35443127
2026-08-24 07:45:00,0.35719213,0.3728211
2026-08-24 08:00:00,0.41846263,0.3868004
2026-08-24 08:15:00,0.39506695,0.41695678
2026-08-24 08:30:00,0.37167126,0.42986405
2026-08-24 08:45:00,0.40110627,0.41716114
2026-08-24 09:00:00,0.44622174,0.40814173
2026-08-24 09:15:00,0.47129887,0.43954015
2026-08-24 09:30:00,0.49637604,0.4480229
2026-08-24 09:45:00,0.5130401,0.45852596
2026-08-24 10:00:00,0.5153495,0.50149405
2026-08-24 10:15:00,0.4844178,0.5074595
2026-08-24 10:30:00,0.5063548,0.49403933
2026-08-24 10:45:00,0.6179353,0.50013006
2026-08-24 11:00:00,0.5493627,0.56007093
2026-08-24 11:15:00,0.48079014,0.55385876
2026-08-24 11:30:00,0.48629045,0.52570754
2026-08-24 11:45:00,0.4727353,0.5193344
2026-08-24 12:00:00,0.45918012,0.49806786
2026-08-24 12:15:00,0.42656946,0.48115373
2026-08-24 12:30:00,0.47139245,0.4682964
2026-08-24 12:45:00,0.5162154,0.4687453
2026-08-24 13:00:00,0.4700482,0.47521874
2026-08-24 13:15:00,0.5148816,0.46705538
2026-08-24 13:30:00,0.6035731,0.47944543
2026-08-24 13:45:00,0.566926,0.5179754
2026-08-24 14:00:00,0.5302789,0.5173702
2026-08-24 14:15:00,0.5703442,0.5078122
2026-08-24 14:30:00,0.6104094,0.51677686
2026-08-24 14:45:00,0.6472877,0.52083343
2026-08-24 15:00:00,0.6917683,0.53838956
2026-08-24 15:15:00,0.5815705,0.5688385
2026-08-24 15:30:00,0.47137266,0.5361619
2026-08-24 15:45:00,0.5176115,0.4705202
2026-08-24 16:00:00,0.5638503,0.45612472
2026-08-24 16:15:00,0.5116886,0.45842516
2026-08-24 16:30:00,0.45952684,0.4524256
2026-08-24 16:45:00,0.44443804,0.42781854
2026-08-24 17:00:00,0.42934924,0.4023983
2026-08-24 17:15:00,0.40166268,0.3675394
2026-08-24 17:30:00,0.36629516,0.34277433
2026-08-24 17:45:00,0.33517095,0.32853565
2026-08-24 18:00:00,0.32023835,0.31632665
2026-08-24 18:15:00,0.31957904,0.30065376
2026-08-24 18:30:00,0.30722874,0.29092285
2026-08-24 18:45:00,0.29487845,0.28580183
2026-08-24 19:00:00,0.28252816,0.28275612
2026-08-24 19:15:00,0.28252816,0.28179085
2026-08-24 19:30:00,0.28252816,0.28138828
2026-08-24 19:45:00,0.28252816,0.28072813
2026-08-24 20:00:00,0.28252816,0.28057992
2026-08-24 20:15:00,0.28252816,0.28069928
2026-08-24 20:30:00,0.28252816,0.28076583
2026-08-24 20:45:00,0.28252816,0.28078064
2026-08-24 21:00:00,0.28252816,0.280855
2026-08-24 21:15:00,0.28252816,0.28086588
2026-08-24 21:30:00,0.28252816,0.28086817
2026-08-24 21:45:00,0.28252816,0.28092474
2026-08-24 22:00:00,0.28252816,0.28095654
2026-08-24 22:15:00,0.28252816,0.28093505
2026-08-24 22:30:00,0.28252816,0.28092328
2026-08-24 22:45:00,0.28252816,0.2809683
2026-08-24 23:00:00,0.28252816,0.28099227
2026-08-24 23:15:00,0.28252816,0.2809762
2026-08-24 23:30:00,0.28252816,0.2809708
2026-08-24 23:45:00,0.28252816,0.2810148
2026-08-25 00:00:00,0.28252816,0.2810372
2026-08-25 00:15:00,0.28252816,0.28104365
2026-08-25 00:30:00,0.28252816,0.28108248
2026-08-25 00:45:00,0.28252816,0.2811621
2026-08-25 01:00:00,0.28252816,0.28120434
2026-08-25 01:15:00,0.28252816,0.2812418
2026-08-25 01:30:00,0.28252816,0.28130436
2026-08-25 01:45:00,0.28252816,0.28137866
2026-08-25 02:00:00,0.28252816,0.281442
2026-08-25 02:15:00,0.28252816,0.28148344
2026-08-25 02:30:00,0.28252816,0.28155306
2026-08-25 02:45:00,0.28252816,0.28163707
2026-08-25 03:00:00,0.28252816,0.28168324
2026-08-25 03:15:00,0.28252816,0.28178498
2026-08-25 03:30:00,0.28252816,0.28192043
2026-08-25 03:45:00,0.28252816,0.28205103
2026-08-25 04:00:00,0.28252816,0.28214973
2026-08-25 04:15:00,0.28252816,0.28228304
2026-08-25 04:30:00,0.28252816,0.28241974
2026-08-25 04:45:00,0.28252816,0.28252354
2026-08-25 05:00:00,0.28252816,0.28260127
2026-08-25 05:15:00,0.28252816,0.28273967
2026-08-25 05:30:00,0.28252816,0.2830845
2026-08-25 05:45:00,0.28252816,0.28368887
2026-08-25 06:00:00,0.28252816,0.28454697
2026-08-25 06:15:00,0.30470502,0.28570393
2026-08-25 06:30:00,0.31860855,0.29521602
2026-08-25 06:45:00,0.34256545,0.3285279
2026-08-25 07:00:00,0.37168548,0.36910918
2026-08-25 07:15:00,0.4048928,0.39405853
2026-08-25 07:30:00,0.4371187,0.4154109
2026-08-25 07:45:00,0.4740056,0.44300893
2026-08-25 08:00:00,0.44594353,0.4724984
2026-08-25 08:15:00,0.41788146,0.4868115
2026-08-25 08:30:00,0.41627368,0.4877042
2026-08-25 08:45:00,0.4907502,0.4910637
2026-08-25 09:00:00,0.58944833,0.512451
2026-08-25 09:15:00,0.6018475,0.5643571
2026-08-25 09:30:00,0.66187763,0.5911396
2026-08-25 09:45:00,0.72190773,0.62804794
2026-08-25 10:00:00,0.7387564,0.6707612
2026-08-25 10:15:00,0.7804949,0.6965618
2026-08-25 10:30:00,0.7713527,0.7261114
2026-08-25 10:45:00,0.78872514,0.739781
2026-08-25 11:00:00,0.81376344,0.7527952
2026-08-25 11:15:00,0.8098252,0.7678601
2026-08-25 11:30:00,0.8278857,0.77367437
2026-08-25 11:45:00,0.8093194,0.78238285
2026-08-25 12:00:00,0.82428443,0.78077877
2026-08-25 12:15:00,0.83916,0.7815355
2026-08-25 12:30:00,0.86186874,0.7809787
2026-08-25 12:45:00,0.8845775,0.7839341
2026-08-25 13:00:00,0.8275751,0.78906024
2026-08-25 13:15:00,0.8258496,0.7758198
2026-08-25 13:30:00,0.6315171,0.76282954
2026-08-25 13:45:00,0.5138327,0.6643598
2026-08-25 14:00:00,0.3961483,0.5718158
2026-08-25 14:15:00,0.5815649,0.52384275
2026-08-25 14:30:00,0.7669815,0.53167593
2026-08-25 14:45:00,0.7458321,0.6044409
2026-08-25 15:00:00,0.7246826,0.6142125
2026-08-25 15:15:00,0.72718024,0.617666
2026-08-25 15:30:00,0.6545808,0.5849019
2026-08-25 15:45:00,0.5079316,0.5264933
2026-08-25 16:00:00,0.36128235,0.4749207
2026-08-25 16:15:00,0.44937608,0.4480819
2026-08-25 16:30:00,0.5374698,0.429502
2026-08-25 16:45:00,0.49016392,0.42675695
2026-08-25 17:00:00,0.44285804,0.41218287
2026-08-25 17:15:00,0.40221524,0.38521746
2026-08-25 17:30:00,0.37012997,0.34525153
2026-08-25 17:45:00,0.34216028,0.32408014
2026-08-25 18:00:00,0.3167701,0.314147
2026-08-25 18:15:00,0.30820963,0.30241495
2026-08-25 18:30:00,0.29964915,0.29130155
2026-08-25 18:45:00,0.29108864,0.28491947
2026-08-25 19:00:00,0.28252816,0.2824306
2026-08-25 19:15:00,0.28252816,0.28157216
2026-08-25 19:30:00,0.28252816,0.28124714
2026-08-25 19:45:00,0.28252816,0.28072503
2026-08-25 20:00:00,0.28252816,0.2806017
2026-08-25 20:15:00,0.28252816,0.28066579
2026-08-25 20:30:00,0.28252816,0.2807274
2026-08-25 20:45:00,0.28252816,0.2807775
2026-08-25 21:00:00,0.28252816,0.28086
2026-08-25 21:15:00,0.28252816,0.2808625
2026-08-25 21:30:00,0.28252816,0.28084862
2026-08-25 21:45:00,0.28252816,0.28089038
2026-08-25 22:00:00,0.28252816,0.2809244
2026-08-25 22:15:00,0.28252816,0.28092477
2026-08-25 22:30:00,0.28252816,0.28092566
2026-08-25 22:45:00,0.28252816,0.28094664
2026-08-25 23:00:00,0.28252816,0.28097346
2026-08-25 23:15:00,0.28252816,0.2809834
2026-08-25 23:30:00,0.28252816,0.28097603
2026-08-25 23:45:00,0.28252816,0.28098506
2026-08-26 00:00:00,0.28252816,0.2809938
2026-08-26 00:15:00,0.28252816,0.28100464
2026-08-26 00:30:00,0.28252816,0.28105104
2026-08-26 00:45:00,0.28252816,0.28113744
2026-08-26 01:00:00,0.28252816,0.2811628
2026-08-26 01:15:00,0.28252816,0.28119028
2026-08-26 01:30:00,0.28252816,0.28126478
2026-08-26 01:45:00,0.28252816,0.2813648
2026-08-26 02:00:00,0.28252816,0.28144318
2026-08-26 02:15:00,0.28252816,0.2814587
2026-08-26 02:30:00,0.28252816,0.28152052
2026-08-26 02:45:00,0.28252816,0.28162012
2026-08-26 03:00:00,0.28252816,0.2816934
2026-08-26 03:15:00,0.28252816,0.281823
2026-08-26 03:30:00,0.28252816,0.28197974
2026-08-26 03:45:00,0.28252816,0.28212076
2026-08-26 04:00:00,0.28252816,0.28222474
2026-08-26 04:15:00,0.28252816,0.28236538
2026-08-26 04:30:00,0.28252816,0.28250736
2026-08-26 04:45:00,0.28252816,0.28261256
2026-08-26 05:00:00,0.28252816,0.28267062
2026-08-26 05:15:00,0.28252816,0.28271627
2026-08-26 05:30:00,0.28252816,0.28295982
2026-08-26 05:45:00,0.28252816,0.28352284
2026-08-26 06:00:00,0.28252816,0.28425774
2026-08-26 06:15:00,0.3045868,0.28523916
2026-08-26 06:30:00,0.31827915,0.29425502
2026-08-26 06:45:00,0.34102052,0.32699504
2026-08-26 07:00:00,0.3702872,0.36696142
2026-08-26 07:15:00,0.4011653,0.39266944
2026-08-26 07:30:00,0.43685034,0.4132455
2026-08-26 07:45:00,0.47215152,0.44262004
2026-08-26 08:00:00,0.5071018,0.4749321
2026-08-26 08:15:00,0.5354951,0.5065321
2026-08-26 08:30:00,0.57192254,0.5315239
2026-08-26 08:45:00,0.5968337,0.55657977
2026-08-26 09:00:00,0.63253295,0.5842328
2026-08-26 09:15:00,0.6693397,0.6116848
2026-08-26 09:30:00,0.6863377,0.63571
2026-08-26 09:45:00,0.73351276,0.6579273
2026-08-26 10:00:00,0.63325274,0.6923404
2026-08-26 10:15:00,0.5329926,0.6734501
2026-08-26 10:30:00,0.61385554,0.62066543
2026-08-26 10:45:00,0.6947185,0.6387025
2026-08-26 11:00:00,0.78337926,0.6860763
2026-08-26 11:15:00,0.81277466,0.73190135
2026-08-26 11:30:00,0.84217,0.76231444
2026-08-26 11:45:00,0.8530862,0.77336776
2026-08-26 12:00:00,0.86945724,0.7750552
2026-08-26 12:15:00,0.871462,0.7811341
2026-08-26 12:30:00,0.8143568,0.78624964
2026-08-26 12:45:00,0.84698445,0.7684549
2026-08-26 13:00:00,0.879612,0.7674432
2026-08-26 13:15:00,0.6674207,0.7748362
2026-08-26 13:30:00,0.45522928,0.69501954
2026-08-26 13:45:00,0.44639573,0.5574825
2026-08-26 14:00:00,0.6127303,0.53099966
2026-08-26 14:15:00,0.77906495,0.54680085
2026-08-26 14:30:00,0.7377676,0.62620926
2026-08-26 14:45:00,0.69647026,0.6402489
2026-08-26 15:00:00,0.5407224,0.6156697
2026-08-26 15:15:00,0.38497454,0.51204616
2026-08-26 15:30:00,0.37605852,0.4592094
2026-08-26 15:45:00,0.3671425,0.43359396
2026-08-26 16:00:00,0.367373,0.41414255
2026-08-26 16:15:00,0.44645557,0.39602745
2026-08-26 16:30:00,0.52553815,0.39627558
2026-08-26 16:45:00,0.47983506,0.4108994
2026-08-26 17:00:00,0.43413198,0.4035794
2026-08-26 17:15:00,0.39833614,0.3732327
2026-08-26 17:30:00,0.32818508,0.3431454
2026-08-26 17:45:00,0.32780996,0.3224055
2026-08-26 18:00:00,0.31422755,0.31144905
2026-08-26 18:15:00,0.29662088,0.29992813
2026-08-26 18:30:00,0.29192328,0.290395
2026-08-26 18:45:00,0.28722572,0.28491688
2026-08-26 19:00:00,0.28252816,0.28249344
2026-08-26 19:15:00,0.28252816,0.2815469
2026-08-26 19:30:00,0.28252816,0.28116766
2026-08-26 19:45:00,0.28252816,0.2807374
2026-08-26 20:00:00,0.28252816,0.2806473
2026-08-26 20:15:00,0.28252816,0.2806276
2026-08-26 20:30:00,0.28252816,0.28069076
2026-08-26 20:45:00,0.28252816,0.28080475
2026-08-26 21:00:00,0.28252816,0.28090978
2026-08-26 21:15:00,0.28252816,0.28093484
2026-08-26 21:30:00,0.28252816,0.2808872
2026-08-26 21:45:00,0.28252816,0.2808761
2026-08-26 22:00:00,0.28252816,0.28091493
2026-08-26 22:15:00,0.28252816,0.28089947
2026-08-26 22:30:00,0.28252816,0.28088722
2026-08-26 22:45:00,0.28252816,0.2809362
2026-08-26 23:00:00,0.28252816,0.28097993
2026-08-26 23:15:00,0.28252816,0.28099355
2026-08-26 23:30:00,0.28252816,0.28100207
2026-08-26 23:45:00,0.28252816,0.2810179
2026-08-27 00:00:00,0.28252816,0.28103447
2026-08-27 00:15:00,0.28252816,0.2810587
2026-08-27 00:30:00,0.28252816,0.2811044
2026-08-27 00:45:00,0.28252816,0.28115994
2026-08-27 01:00:00,0.28252816,0.28118223
2026-08-27 01:15:00,0.28252816,0.28121293
2026-08-27 01:30:00,0.28252816,0.28127468
2026-08-27 01:45:00,0.28252816,0.28134876
2026-08-27 02:00:00,0.28252816,0.28141028
2026-08-27 02:15:00,0.28252816,0.2814185
2026-08-27 02:30:00,0.28252816,0.2814736
2026-08-27 02:45:00,0.28252816,0.28155616
2026-08-27 03:00:00,0.28252816,0.28167272
2026-08-27 03:15:00,0.28252816,0.28183386
2026-08-27 03:30:00,0.28252816,0.2819667
2026-08-27 03:45:00,0.28252816,0.2820622
2026-08-27 04:00:00,0.28252816,0.28187764
2026-08-27 04:15:00,0.28252816,0.28187102
2026-08-27 04:30:00,0.28252816,0.28219363
2026-08-27 04:45:00,0.28252816,0.28219157
2026-08-27 05:00:00,0.28252816,0.28228155
2026-08-27 05:15:00,0.28252816,0.28237265
2026-08-27 05:30:00,0.28252816,0.28255627
2026-08-27 05:45:00,0.28252816,0.28285247
2026-08-27 06:00:00,0.28252816,0.28342038
2026-08-27 06:15:00,0.29641163,0.2842367
2026-08-27 06:30:00,0.3055687,0.29145178
2026-08-27 06:45:00,0.31342137,0.3172362
2026-08-27 07:00:00,0.3216942,0.3543008
2026-08-27 07:15:00,0.32914484,0.37189692
2026-08-27 07:30:00,0.37501544,0.377633
2026-08-27 07:45:00,0.4030983,0.39533278
2026-08-27 08:00:00,0.37822336,0.42415267
2026-08-27 08:15:00,0.39910024,0.43818867
2026-08-27 08:30:00,0.46405742,0.4472701
2026-08-27 08:45:00,0.44731593,0.47939438
2026-08-27 09:00:00,0.4853976,0.49439436
2026-08-27 09:15:00,0.49710515,0.5101867
2026-08-27 09:30:00,0.6459652,0.5231905
2026-08-27 09:45:00,0.67429864,0.5807427
2026-08-27 10:00:00,0.64939547,0.62252784
2026-08-27 10:15:00,0.72064364,0.6454494
2026-08-27 10:30:00,0.7918918,0.68592393
2026-08-27 10:45:00,0.7749583,0.719854
2026-08-27 11:00:00,0.7580248,0.7338308
2026-08-27 11:15:00,0.79163766,0.7440411
2026-08-27 11:30:00,0.8024516,0.75955737
2026-08-27 11:45:00,0.71534467,0.76004016
2026-08-27 12:00:00,0.6282377,0.7334191
2026-08-27 12:15:00,0.55548656,0.69085264
2026-08-27 12:30:00,0.66409445,0.62985563
2026-08-27 12:45:00,0.77270234,0.63180006
2026-08-27 13:00:00,0.7358266,0.68779373
2026-08-27 13:15:00,0.7077098,0.687742
2026-08-27 13:30:00,0.68397224,0.6672512
2026-08-27 13:45:00,0.6602347,0.63290954
2026-08-27 14:00:00,0.5602328,0.6055905
2026-08-27 14:15:00,0.6436572,0.56436515
2026-08-27 14:30:00,0.7270815,0.5791328
2026-08-27 14:45:00,0.6977476,0.6020639
2026-08-27 15:00:00,0.61004555,0.58353573
2026-08-27 15:15:00,0.58009505,0.5500412
2026-08-27 15:30:00,0.5598424,0.52099967
2026-08-27 15:45:00,0.53958976,0.48588717
2026-08-27 16:00:00,0.529035,0.46713218
2026-08-27 16:15:00,0.5089989,0.46182507
2026-08-27 16:30:00,0.47059876,0.45278502
2026-08-27 16:45:00,0.43417567,0.42219228
2026-08-27 17:00:00,0.39656222,0.3865916
2026-08-27 17:15:00,0.38108727,0.35627174
2026-08-27 17:30:00,0.33073512,0.33684045
2026-08-27 17:45:00,0.32479972,0.32250166
2026-08-27 18:00:00,0.3047709,0.31100705
2026-08-27 18:15:00,0.29920462,0.29897103
2026-08-27 18:30:00,0.29086637,0.29042417
2026-08-27 18:45:00,0.28252816,0.2856755
2026-08-27 19:00:00,0.28252816,0.28293324
2026-08-27 19:15:00,0.28252816,0.2817982
2026-08-27 19:30:00,0.28252816,0.28135848
2026-08-27 19:45:00,0.28252816,0.2807465
2026-08-27 20:00:00,0.28252816,0.2805987
2026-08-27 20:15:00,0.28252816,0.28060153
2026-08-27 20:30:00,0.28252816,0.2806997
2026-08-27 20:45:00,0.28252816,0.28083152
2026-08-27 21:00:00,0.28252816,0.2809096
2026-08-27 21:15:00,0.28252816,0.2808896
2026-08-27 21:30:00,0.28252816,0.28086933
2026-08-27 21:45:00,0.28252816,0.2809157
2026-08-27 22:00:00,0.28252816,0.28095037
2026-08-27 22:15:00,0.28252816,0.28093135
2026-08-27 22:30:00,0.28252816,0.2809225
2026-08-27 22:45:00,0.28252816,0.2809563
2026-08-27 23:00:00,0.28252816,0.2810039
2026-08-27 23:15:00,0.28252816,0.28103122
2026-08-27 23:30:00,0.28252816,0.28100076
2026-08-27 23:45:00,0.28252816,0.28095907
2026-08-28 00:00:00,0.28252816,0.28097698
2026-08-28 00:15:00,0.28252816,0.28105476
2026-08-28 00:30:00,0.28252816,0.28114465
2026-08-28 00:45:00,0.28252816,0.28122708
2026-08-28 01:00:00,0.28252816,0.2812858
2026-08-28 01:15:00,0.28252816,0.28134423
2026-08-28 01:30:00,0.28252816,0.2814112
2026-08-28 01:45:00,0.28252816,0.2814743
2026-08-28 02:00:00,0.28252816,0.28152847
2026-08-28 02:15:00,0.28252816,0.2816095
2026-08-28 02:30:00,0.28252816,0.28170496
2026-08-28 02:45:00,0.28252816,0.2817835
2026-08-28 03:00:00,0.28252816,0.28180215
2026-08-28 03:15:00,0.28252816,0.2818979
2026-08-28 03:30:00,0.28252816,0.28204465
2026-08-28 03:45:00,0.28252816,0.28217742
2026-08-28 04:00:00,0.28252816,0.28221568
2026-08-28 04:15:00,0.28252816,0.28234679
2026-08-28 04:30:00,0.28252816,0.28251392
2026-08-28 04:45:00,0.28252816,0.28266096
2026-08-28 05:00:00,0.28252816,0.28247938
2026-08-28 05:15:00,0.28252816,0.2828896
2026-08-28 05:30:00,0.28252816,0.2827885
2026-08-28 05:45:00,0.28252816,0.28333345
2026-08-28 06:00:00,0.28252816,0.2837358
2026-08-28 06:15:00,0.28453147,0.28417328
2026-08-28 06:30:00,0.28891355,0.2874203
2026-08-28 06:45:00,0.29320455,0.3010366
2026-08-28 07:00:00,0.30738014,0.31991392
2026-08-28 07:15:00,0.30563426,0.3290283
2026-08-28 07:30:00,0.3209241,0.3295403
2026-08-28 07:45:00,0.33856815,0.33954477
2026-08-28 08:00:00,0.3402131,0.3569997
2026-08-28 08:15:00,0.33384025,0.36673236
2026-08-28 08:30:00,0.3506794,0.36286694
2026-08-28 08:45:00,0.3438116,0.36087134
2026-08-28 09:00:00,0.38294575,0.36239856
2026-08-28 09:15:00,0.34266838,0.37973958
2026-08-28 09:30:00,0.35428247,0.37830934
2026-08-28 09:45:00,0.3613567,0.37166926
2026-08-28 10:00:00,0.3663289,0.37549004
2026-08-28 10:15:00,0.39413846,0.3812277
2026-08-28 10:30:00,0.44718164,0.39705074
2026-08-28 10:45:00,0.503987,0.41673017
2026-08-28 11:00:00,0.52131665,0.46403778
2026-08-28 11:15:00,0.551074,0.46543074
2026-08-28 11:30:00,0.58083135,0.49708205
2026-08-28 11:45:00,0.60740536,0.50934273
2026-08-28 12:00:00,0.5568433,0.5371231
2026-08-28 12:15:00,0.5814065,0.5432151
2026-08-28 12:30:00,0.60596955,0.551595
2026-08-28 12:45:00,0.5861918,0.5582879
2026-08-28 13:00:00,0.5574633,0.55189514
2026-08-28 13:15:00,0.6072407,0.5412234
2026-08-28 13:30:00,0.5644964,0.5503359
2026-08-28 13:45:00,0.52069604,0.53153956
2026-08-28 14:00:00,0.4768956,0.50381595
2026-08-28 14:15:00,0.47419965,0.4841323
2026-08-28 14:30:00,0.4806956,0.46467525
2026-08-28 14:45:00,0.45791143,0.44951373
2026-08-28 15:00:00,0.4354018,0.43311659
2026-08-28 15:15:00,0.39036867,0.42319256
2026-08-28 15:30:00,0.41297632,0.4014675
2026-08-28 15:45:00,0.4038477,0.38811502
2026-08-28 16:00:00,0.39471906,0.38084817
2026-08-28 16:15:00,0.38559043,0.37719113
2026-08-28 16:30:00,0.3764618,0.37302133
2026-08-28 16:45:00,0.3619069,0.36341605
2026-08-28 17:00:00,0.3523373,0.3507694
2026-08-28 17:15:00,0.35151565,0.3373359
2026-08-28 17:30:00,0.33279216,0.32733977
2026-08-28 17:45:00,0.31839573,0.31588304
2026-08-28 18:00:00,0.30192333,0.3071801
2026-08-28 18:15:00,0.29303202,0.3012201
2026-08-28 18:30:00,0.28414068,0.29435906
2026-08-28 18:45:00,0.2825868,0.28820008
2026-08-28 19:00:00,0.28252816,0.28448644
2026-08-28 19:15:00,0.28252816,0.2821167
2026-08-28 19:30:00,0.28252816,0.28127453
2026-08-28 19:45:00,0.28252816,0.28071392
2026-08-28 20:00:00,0.28252816,0.28056043
2026-08-28 20:15:00,0.28252816,0.28059593
2026-08-28 20:30:00,0.28252816,0.28072858
2026-08-28 20:45:00,0.28252816,0.2808632
2026-08-28 21:00:00,0.28252816,0.2809291
2026-08-28 21:15:00,0.28252816,0.28094316
2026-08-28 21:30:00,0.28252816,0.28095028
2026-08-28 21:45:00,0.28252816,0.2809791
2026-08-28 22:00:00,0.28252816,0.2809914
2026-08-28 22:15:00,0.28252816,0.28099555
2026-08-28 22:30:00,0.28252816,0.28101656
2026-08-28 22:45:00,0.28252816,0.2810518
2026-08-28 23:00:00,0.28252816,0.28106335
2026-08-28 23:15:00,0.28252816,0.2810813
2026-08-28 23:30:00,0.28252816,0.28109303
2026-08-28 23:45:00,0.28252816,0.28112698
2026-08-29 00:00:00,0.28252816,0.2811746
2026-08-29 00:15:00,0.28252816,0.28124142
2026-08-29 00:30:00,0.28252816,0.28130436
2026-08-29 00:45:00,0.28252816,0.28134948
2026-08-29 01:00:00,0.28252816,0.281356
2026-08-29 01:15:00,0.28252816,0.28140035
2026-08-29 01:30:00,0.28252816,0.28147712
2026-08-29 01:45:00,0.28252816,0.28155768
2026-08-29 02:00:00,0.28252816,0.28158644
2026-08-29 02:15:00,0.28252816,0.28166175
2026-08-29 02:30:00,0.28252816,0.28176898
2026-08-29 02:45:00,0.28252816,0.28187105
2026-08-29 03:00:00,0.28252816,0.28194213
2026-08-29 03:15:00,0.28252816,0.28199613
2026-08-29 03:30:00,0.28252816,0.28209314
2026-08-29 03:45:00,0.28252816,0.28220662
2026-08-29 04:00:00,0.28252816,0.2823148
2026-08-29 04:15:00,0.28252816,0.28245622
2026-08-29 04:30:00,0.28252816,0.2825888
2026-08-29 04:45:00,0.28252816,0.28253123
2026-08-29 05:00:00,0.28252816,0.2830415
2026-08-29 05:15:00,0.28252816,0.28269935
2026-08-29 05:30:00,0.28252816,0.2830811
2026-08-29 05:45:00,0.28252816,0.28351784
2026-08-29 06:00:00,0.28252816,0.28393185
2026-08-29 06:15:00,0.28764883,0.28427187
2026-08-29 06:30:00,0.30016273,0.28755698
2026-08-29 06:45:00,0.31280634,0.3059157
2026-08-29 07:00:00,0.31642106,0.33115637
2026-08-29 07:15:00,0.30538976,0.34108505
2026-08-29 07:30:00,0.30316696,0.3368827
2026-08-29 07:45:00,0.31592953,0.3413602
2026-08-29 08:00:00,0.33015832,0.3446303
2026-08-29 08:15:00,0.3598361,0.34833077
2026-08-29 08:30:00,0.38951388,0.36167645
2026-08-29 08:45:00,0.390703,0.38301438
2026-08-29 09:00:00,0.43212047,0.4031796
2026-08-29 09:15:00,0.47353792,0.43744078
2026-08-29 09:30:00,0.5267395,0.4686603
2026-08-29 09:45:00,0.62281543,0.505499
2026-08-29 10:00:00,0.7188914,0.5708275
2026-08-29 10:15:00,0.73559856,0.6551006
2026-08-29 10:30:00,0.742663,0.69242096
2026-08-29 10:45:00,0.7570137,0.6934538
2026-08-29 11:00:00,0.777285,0.6986395
2026-08-29 11:15:00,0.75014406,0.7109946
2026-08-29 11:30:00,0.77342105,0.7029977
2026-08-29 11:45:00,0.7926922,0.7145504
2026-08-29 12:00:00,0.8018664,0.72216487
2026-08-29 12:15:00,0.8030973,0.72414505
2026-08-29 12:30:00,0.80717784,0.7262958
2026-08-29 12:45:00,0.7739199,0.72690797
2026-08-29 13:00:00,0.79638,0.70806587
2026-08-29 13:15:00,0.7810613,0.7061184
2026-08-29 13:30:00,0.75773096,0.69730306
2026-08-29 13:45:00,0.60730845,0.6874808
2026-08-29 14:00:00,0.6759548,0.5794016
2026-08-29 14:15:00,0.74460125,0.573051
2026-08-29 14:30:00,0.718312,0.5998275
2026-08-29 14:45:00,0.6920228,0.59512013
2026-08-29 15:00:00,0.62521225,0.5933833
2026-08-29 15:15:00,0.6253835,0.55120003
2026-08-29 15:30:00,0.59047073,0.5197244
2026-08-29 15:45:00,0.5688205,0.4956748
2026-08-29 16:00:00,0.53249615,0.4879015
2026-08-29 16:15:00,0.49886087,0.46974188
2026-08-29 16:30:00,0.47192287,0.43607616
2026-08-29 16:45:00,0.443945,0.39898175
2026-08-29 17:00:00,0.41513267,0.37086576
2026-08-29 17:15:00,0.38632035,0.35178128
2026-08-29 17:30:00,0.35750806,0.3378486
2026-08-29 17:45:00,0.32786608,0.32331425
2026-08-29 18:00:00,0.32214475,0.3107385
2026-08-29 18:15:00,0.3017133,0.29838982
2026-08-29 18:30:00,0.29212072,0.2902519
2026-08-29 18:45:00,0.28252816,0.2858284
2026-08-29 19:00:00,0.28252816,0.28294724
2026-08-29 19:15:00,0.28252816,0.2816409
2026-08-29 19:30:00,0.28252816,0.28114057
2026-08-29 19:45:00,0.28252816,0.28072774
2026-08-29 20:00:00,0.28252816,0.2806075
2026-08-29 20:15:00,0.28252816,0.28063852
2026-08-29 20:30:00,0.28252816,0.280792
2026-08-29 20:45:00,0.28252816,0.28091142
2026-08-29 21:00:00,0.28252816,0.28100225
2026-08-29 21:15:00,0.28252816,0.28101966
2026-08-29 21:30:00,0.28252816,0.2809697
2026-08-29 21:45:00,0.28252816,0.28096363
2026-08-29 22:00:00,0.28252816,0.28097403
2026-08-29 22:15:00,0.28252816,0.28095466
2026-08-29 22:30:00,0.28252816,0.28094605
2026-08-29 22:45:00,0.28252816,0.28096938
2026-08-29 23:00:00,0.28252816,0.28102744
2026-08-29 23:15:00,0.28252816,0.2810162
2026-08-29 23:30:00,0.28252816,0.28102645
2026-08-29 23:45:00,0.28252816,0.2810611
2026-08-30 00:00:00,0.28252816,0.28110528
2026-08-30 00:15:00,0.28252816,0.28113943
2026-08-30 00:30:00,0.28252816,0.28119615
2026-08-30 00:45:00,0.28252816,0.2812631
2026-08-30 01:00:00,0.28252816,0.28132468
2026-08-30 01:15:00,0.28252816,0.28139606
2026-08-30 01:30:00,0.28252816,0.28147393
2026-08-30 01:45:00,0.28252816,0.28153753
2026-08-30 02:00:00,0.28252816,0.2815524
2026-08-30 02:15:00,0.28252816,0.28162566
2026-08-30 02:30:00,0.28252816,0.28174376
2026-08-30 02:45:00,0.28252816,0.2818595
2026-08-30 03:00:00,0.28252816,0.28195217
2026-08-30 03:15:00,0.28252816,0.28206924
2026-08-30 03:30:00,0.28252816,0.2821813
2026-08-30 03:45:00,0.28252816,0.28224927
2026-08-30 04:00:00,0.28252816,0.2821993
2026-08-30 04:15:00,0.28252816,0.28228432
2026-08-30 04:30:00,0.28252816,0.28245986
2026-08-30 04:45:00,0.28252816,0.2826331
2026-08-30 05:00:00,0.28252816,0.2827098
2026-08-30 05:15:00,0.28252816,0.28280452
2026-08-30 05:30:00,0.28252816,0.28305095
2026-08-30 05:45:00,0.28252816,0.2835476
2026-08-30 06:00:00,0.28252816,0.28284875
2026-08-30 06:15:00,0.28700316,0.28310293
2026-08-30 06:30:00,0.290087,0.28788713
2026-08-30 06:45:00,0.30268633,0.30888423
2026-08-30 07:00:00,0.31241953,0.34835246
2026-08-30 07:15:00,0.31817,0.35728544
2026-08-30 07:30:00,0.31051826,0.35681537
2026-08-30 07:45:00,0.33826244,0.36216348
2026-08-30 08:00:00,0.36371836,0.3736832
2026-08-30 08:15:00,0.4329793,0.3738691
2026-08-30 08:30:00,0.4559382,0.42340174
2026-08-30 08:45:00,0.42021233,0.47665757
2026-08-30 09:00:00,0.40593782,0.48705995
2026-08-30 09:15:00,0.40953606,0.45606947
2026-08-30 09:30:00,0.41313428,0.43598753
2026-08-30 09:45:00,0.43672135,0.4286368
2026-08-30 10:00:00,0.4301731,0.443514
2026-08-30 10:15:00,0.39882568,0.44766146
2026-08-30 10:30:00,0.42790398,0.4270873
2026-08-30 10:45:00,0.43712252,0.41777766
2026-08-30 11:00:00,0.43550563,0.4276121
2026-08-30 11:15:00,0.44144505,0.42930865
2026-08-30 11:30:00,0.44738442,0.43546098
2026-08-30 11:45:00,0.46209222,0.43333554
2026-08-30 12:00:00,0.47679996,0.44733828
2026-08-30 12:15:00,0.4812498,0.45515937
2026-08-30 12:30:00,0.56036186,0.46403903
2026-08-30 12:45:00,0.54453266,0.49401724
2026-08-30 13:00:00,0.52870345,0.51145947
2026-08-30 13:15:00,0.5350338,0.5049976
2026-08-30 13:30:00,0.47956753,0.5060921
2026-08-30 13:45:00,0.46581468,0.48809436
2026-08-30 14:00:00,0.4832005,0.46758533
2026-08-30 14:15:00,0.5136319,0.4658053
2026-08-30 14:30:00,0.5440632,0.4700033
2026-08-30 14:45:00,0.5299599,0.47346377
2026-08-30 15:00:00,0.44662893,0.477758
2026-08-30 15:15:00,0.41983047,0.44940645
2026-08-30 15:30:00,0.43584722,0.42891398
2026-08-30 15:45:00,0.45323586,0.41513717
2026-08-30 16:00:00,0.4424702,0.40851587
2026-08-30 16:15:00,0.438899,0.39900076
2026-08-30 16:30:00,0.4208864,0.38927758
2026-08-30 16:45:00,0.4229626,0.37260056
2026-08-30 17:00:00,0.3685548,0.35383335
2026-08-30 17:15:00,0.3874304,0.33771524
2026-08-30 17:30:00,0.3518698,0.32691333
2026-08-30 17:45:00,0.3313026,0.31802446
2026-08-30 18:00:00,0.30507714,0.3076343
2026-08-30 18:15:00,0.295597,0.2964645
2026-08-30 18:30:00,0.29124072,0.2898865
2026-08-30 18:45:00,0.28688443,0.28552935
2026-08-30 19:00:00,0.28252816,0.28344923
2026-08-30 19:15:00,0.28252816,0.28401
2026-08-30 19:30:00,0.28252816,0.28335235
2026-08-30 19:45:00,0.28252816,0.28165364
2026-08-30 20:00:00,0.28252816,0.28104323
2026-08-30 20:15:00,0.28252816,0.2809355
2026-08-30 20:30:00,0.28252816,0.28077093
2026-08-30 20:45:00,0.28252816,0.28113398
2026-08-30 21:00:00,0.28252816,0.28153837
2026-08-30 21:15:00,0.28252816,0.2812645
2026-08-30 21:30:00,0.28252816,0.28149092
2026-08-30 21:45:00,0.28252816,0.28127685
2026-08-30 22:00:00,0.28252816,0.2811677
2026-08-30 22:15:00,0.28252816,0.28090754
2026-08-30 22:30:00,0.28252816,0.2808704
2026-08-30 22:45:00,0.28252816,0.28085643
2026-08-30 23:00:00,0.28252816,0.2809387
2026-08-30 23:15:00,0.28252816,0.28101513
2026-08-30 23:30:00,0.28252816,0.28107822
2026-08-30 23:45:00,0.28252816,0.28112528
2026-08-31 00:00:00,0.28252816,0.28115973
2026-08-31 00:15:00,0.28252816,0.28119788
2026-08-31 00:30:00,0.28252816,0.28123367
2026-08-31 00:45:00,0.28252816,0.28122348
2026-08-31 01:00:00,0.28252816,0.2811987
2026-08-31 01:15:00,0.28252816,0.28124315
2026-08-31 01:30:00,0.28252816,0.28135535
2026-08-31 01:45:00,0.28252816,0.28147218
2026-08-31 02:00:00,0.28252816,0.2815503
2026-08-31 02:15:00,0.28252816,0.28156382
2026-08-31 02:30:00,0.28252816,0.28162777
2026-08-31 02:45:00,0.28252816,0.28139666
2026-08-31 03:00:00,0.28252816,0.28169587
2026-08-31 03:15:00,0.28252816,0.28185907
2026-08-31 03:30:00,0.28252816,0.282217
2026-08-31 03:45:00,0.28252816,0.2825297
2026-08-31 04:00:00,0.28252816,0.28260607
2026-08-31 04:15:00,0.28252816,0.28264433
2026-08-31 04:30:00,0.28252816,0.2826804
2026-08-31 04:45:00,0.28252816,0.28374678
2026-08-31 05:00:00,0.28252816,0.2836634
2026-08-31 05:15:00,0.28252816,0.28247526
2026-08-31 05:30:00,0.28252816,0.2826818
2026-08-31 05:45:00,0.28252816,0.28277725
2026-08-31 06:00:00,0.28252816,0.28368038
2026-08-31 06:15:00,0.30179763,0.28459176
2026-08-31 06:30:00,0.3153447,0.29207313
2026-08-31 06:45:00,0.33959675,0.32287684
2026-08-31 07:00:00,0.3709899,0.36606908
2026-08-31 07:15:00,0.40589154,0.39327884
2026-08-31 07:30:00,0.44176513,0.41292793
2026-08-31 07:45:00,0.47858936,0.42990088
2026-08-31 08:00:00,0.51432085,0.4707865
2026-08-31 08:15:00,0.54830813,0.5072939
2026-08-31 08:30:00,0.581115,0.5332384
2026-08-31 08:45:00,0.6118851,0.5608178
2026-08-31 09:00:00,0.64198726,0.5905835
2026-08-31 09:15:00,0.6693443,0.61783844
2026-08-31 09:30:00,0.69184774,0.6402023
2026-08-31 09:45:00,0.71860915,0.6669053
2026-08-31 10:00:00,0.7428099,0.69653594
2026-08-31 10:15:00,0.75950027,0.72209764
2026-08-31 10:30:00,0.77366114,0.73844814
2026-08-31 10:45:00,0.78310925,0.7603378
2026-08-31 11:00:00,0.78864145,0.76599014
2026-08-31 11:15:00,0.7944218,0.77084315
2026-08-31 11:30:00,0.80020213,0.77254295
2026-08-31 11:45:00,0.8044677,0.7734344
2026-08-31 12:00:00,0.8051531,0.77620745
2026-08-31 12:15:00,0.8078933,0.7774354
2026-08-31 12:30:00,0.79731494,0.7740401
2026-08-31 12:45:00,0.798114,0.76403433
2026-08-31 13:00:00,0.78971744,0.75939834
2026-08-31 13:15:00,0.78828895,0.7501354
2026-08-31 13:30:00,0.7801624,0.7399897
2026-08-31 13:45:00,0.7680286,0.72801256
2026-08-31 14:00:00,0.7565981,0.71480024
2026-08-31 14:15:00,0.743477,0.6994356
2026-08-31 14:30:00,0.71944106,0.6800761
2026-08-31 14:45:00,0.70013726,0.65186334
2026-08-31 15:00:00,0.6775073,0.6243849
2026-08-31 15:15:00,0.65293765,0.5966166
2026-08-31 15:30:00,0.6261101,0.575057
2026-08-31 15:45:00,0.5968188,0.5512476
2026-08-31 16:00:00,0.56848776,0.5251445
2026-08-31 16:15:00,0.52995884,0.49465555
2026-08-31 16:30:00,0.49686557,0.46761757
2026-08-31 16:45:00,0.45825267,0.44844344
2026-08-31 17:00:00,0.42566985,0.4177263
2026-08-31 17:15:00,0.39245325,0.37758675
2026-08-31 17:30:00,0.35984766,0.34637287
2026-08-31 17:45:00,0.33134726,0.32456863
2026-08-31 18:00:00,0.30937323,0.3113495
2026-08-31 18:15:00,0.29468188,0.29668564
2026-08-31 18:30:00,0.28623635,0.2883055
2026-08-31 18:45:00,0.28252816,0.28437734
2026-08-31 19:00:00,0.28252816,0.28222686
2026-08-31 19:15:00,0.28252816,0.28138316
2026-08-31 19:30:00,0.28252816,0.28107092
2026-08-31 19:45:00,0.28252816,0.28073743
2026-08-31 20:00:00,0.28252816,0.28067896
2026-08-31 20:15:00,0.28252816,0.28065628
2026-08-31 20:30:00,0.28252816,0.28070164
2026-08-31 20:45:00,0.28252816,0.28078738
2026-08-31 21:00:00,0.28252816,0.28084472
2026-08-31 21:15:00,0.28252816,0.28087273
2026-08-31 21:30:00,0.28252816,0.28088441
2026-08-31 21:45:00,0.28252816,0.2808984
2026-08-31 22:00:00,0.28252816,0.28090852
2026-08-31 22:15:00,0.28252816,0.28091437
2026-08-31 22:30:00,0.28252816,0.28091213
2026-08-31 22:45:00,0.28252816,0.28091574
2026-08-31 23:00:00,0.28252816,0.28094283
2026-08-31 23:15:00,0.28252816,0.28092313
2026-08-31 23:30:00,0.28252816,0.28102708
2026-08-31 23:45:00,0.28252816,0.28111863
