period_start,n,corr
2019-01-01 08:00:00,3,0.9997080439529102
2019-01-01 09:00:00,4,0.9849749814979991
2019-01-01 10:00:00,4,0.9994699722687373
2019-01-01 11:00:00,4,0.9975445676397402
2019-01-01 12:00:00,4,0.9956300924586295
2019-01-01 13:00:00,4,0.8834014410520056
2019-01-01 14:00:00,4,0.988425084013617
2019-01-01 15:00:00,4,0.9995461717423235
2019-01-01 16:00:00,4,0.8448579073747663
2019-01-01 17:00:00,4,0.9996548681624553
2019-01-01 18:00:00,4,0.9966852597764049
2019-01-01 19:00:00,4,
2019-01-01 20:00:00,4,
2019-01-01 21:00:00,4,
2019-01-01 22:00:00,4,
2019-01-01 23:00:00,4,
2019-01-02 00:00:00,4,
2019-01-02 01:00:00,4,
2019-01-02 02:00:00,4,
2019-01-02 03:00:00,4,
2019-01-02 04:00:00,4,
2019-01-02 05:00:00,4,
2019-01-02 06:00:00,4,
2019-01-02 07:00:00,4,
2019-01-02 08:00:00,4,0.9999097660586854
2019-01-02 09:00:00,4,0.9744505595990534
2019-01-02 10:00:00,4,0.9992503344551347
2019-01-02 11:00:00,4,0.9966871358985369
2019-01-02 12:00:00,4,0.999986080171624
2019-01-02 13:00:00,4,0.8158937828835178
2019-01-02 14:00:00,4,0.9979505530708159
2019-01-02 15:00:00,4,0.9995139266123714
2019-01-02 16:00:00,4,0.9993893980999651
2019-01-02 17:00:00,4,0.9999450580514861
2019-01-02 18:00:00,4,0.9949698898122071
2019-01-02 19:00:00,4,
2019-01-02 20:00:00,4,
2019-01-02 21:00:00,4,
2019-01-02 22:00:00,4,
2019-01-02 23:00:00,4,
2019-01-03 00:00:00,4,
2019-01-03 01:00:00,4,
2019-01-03 02:00:00,4,
2019-01-03 03:00:00,4,
2019-01-03 04:00:00,4,
2019-01-03 05:00:00,4,
2019-01-03 06:00:00,4,
2019-01-03 07:00:00,4,
2019-01-03 08:00:00,4,0.9998483046844691
2019-01-03 09:00:00,4,0.9563300682286443
2019-01-03 10:00:00,4,0.9997269025220547
2019-01-03 11:00:00,4,0.9988732429542467
2019-01-03 12:00:00,4,0.9945107379513399
2019-01-03 13:00:00,4,0.9788067082485907
2019-01-03 14:00:00,4,0.9833946376517985
2019-01-03 15:00:00,4,0.9839899981188245
2019-01-03 16:00:00,4,0.9973854468088094
2019-01-03 17:00:00,4,0.9993644458689804
2019-01-03 18:00:00,4,0.9914383093965087
2019-01-04 08:00:00,3,0.9997781479369142
2019-01-04 09:00:00,4,0.9042785132542431
2019-01-04 10:00:00,4,0.9995787049289157
2019-01-04 11:00:00,4,0.9993557297694984
2019-01-04 12:00:00,4,0.9994202199464152
2019-01-04 13:00:00,4,-0.7270047198727622
2019-01-04 14:00:00,4,0.9902633152901407
2019-01-04 15:00:00,4,0.9956476777617093
2019-01-04 16:00:00,4,0.9997391659916544
2019-01-04 17:00:00,4,0.9999622521200727
2019-01-04 18:00:00,4,0.996007670455726
2019-01-05 08:00:00,3,0.9991457741212477
2019-01-05 09:00:00,4,0.8669302622127287
2019-01-05 10:00:00,4,0.9996068471038431
2019-01-05 11:00:00,4,0.9976618935082205
2019-01-05 12:00:00,4,0.89642516363162
2019-01-05 13:00:00,4,0.9927360402788624
2019-01-05 14:00:00,4,0.9998329472083283
2019-01-05 15:00:00,4,0.999974721893592
2019-01-05 16:00:00,4,0.9994472054608308
2019-01-05 17:00:00,4,0.9999975578118573
2019-01-05 18:00:00,4,0.9949504137719952
2019-01-05 19:00:00,4,
2019-01-05 20:00:00,4,
2019-01-05 21:00:00,4,
2019-01-05 22:00:00,4,
2019-01-05 23:00:00,4,
2019-01-06 00:00:00,4,
2019-01-06 01:00:00,4,
2019-01-06 02:00:00,4,
2019-01-06 03:00:00,4,
2019-01-06 04:00:00,4,
2019-01-06 05:00:00,4,
2019-01-06 06:00:00,4,
2019-01-06 07:00:00,4,
2019-01-06 08:00:00,4,0.9997674936867395
2019-01-06 09:00:00,4,0.8665970980666016
2019-01-06 10:00:00,4,0.9996561180898148
2019-01-06 11:00:00,4,0.997833993731618
2019-01-06 12:00:00,4,0.9997429750036427
2019-01-06 13:00:00,4,0.9883111618956543
2019-01-06 14:00:00,4,0.8032717954770002
2019-01-06 15:00:00,4,0.998709008049958
2019-01-06 16:00:00,4,0.9998548557770902
2019-01-06 17:00:00,4,0.9999935449103673
2019-01-06 18:00:00,4,0.9951443254429329
2019-01-07 08:00:00,3,0.9986806434338036
2019-01-07 09:00:00,4,0.8615916615442752
2019-01-07 10:00:00,4,0.9993421441704794
2019-01-07 11:00:00,4,0.9990048777587635
2019-01-07 12:00:00,4,0.9908810338511346
2019-01-07 13:00:00,4,0.5280651092095788
2019-01-07 14:00:00,4,0.9987915388749823
2019-01-07 15:00:00,4,0.9992503673440495
2019-01-07 16:00:00,4,0.9997357764573194
2019-01-07 17:00:00,4,0.9999905891449049
2019-01-07 18:00:00,4,0.9957453618107466
2019-01-08 08:00:00,3,0.998300070345631
2019-01-08 09:00:00,4,0.9974333952016887
2019-01-08 10:00:00,4,0.999880837094413
2019-01-08 11:00:00,4,0.99938988909785
2019-01-08 12:00:00,4,0.9896400296619607
2019-01-08 13:00:00,4,0.9984253018980948
2019-01-08 14:00:00,4,0.9993108723065623
2019-01-08 15:00:00,4,0.9692900001984801
2019-01-08 16:00:00,4,0.9996060008920908
2019-01-08 17:00:00,4,0.9994971310151577
2019-01-08 18:00:00,3,0.9902267262853581
2019-01-09 08:00:00,3,0.9880939645170655
2019-01-09 09:00:00,4,0.971599216878832
2019-01-09 10:00:00,4,0.9797688876185728
2019-01-09 11:00:00,4,0.9963931554825692
2019-01-09 12:00:00,4,0.9129779803378856
2019-01-09 13:00:00,4,0.9787093755856332
2019-01-09 14:00:00,4,0.953304495958311
2019-01-09 15:00:00,4,0.9024050556638427
2019-01-09 16:00:00,4,0.9998673093828926
2019-01-09 17:00:00,4,0.9998198196947243
2019-01-09 18:00:00,4,0.9979348940084987
2019-01-10 08:00:00,3,0.9670964595865496
2019-01-10 09:00:00,4,0.998609531234235
2019-01-10 10:00:00,4,0.9999202802071738
2019-01-10 11:00:00,4,0.9906448803855332
2019-01-10 12:00:00,4,0.9963963713843782
2019-01-10 13:00:00,4,0.9968932685302518
2019-01-10 14:00:00,4,0.9995024959655462
2019-01-10 15:00:00,4,0.9944612436319665
2019-01-10 16:00:00,4,0.9991685306591858
2019-01-10 17:00:00,4,0.9870064570269074
2019-01-10 18:00:00,4,0.9665276999864775
2019-01-11 08:00:00,3,0.9903195778159509
2019-01-11 09:00:00,4,0.9663738753605723
2019-01-11 10:00:00,4,0.9999759123305333
2019-01-11 11:00:00,4,0.9966917873267013
2019-01-11 12:00:00,4,0.9955282074013475
2019-01-11 13:00:00,4,0.9316471225791911
2019-01-11 14:00:00,4,0.9993682754231602
2019-01-11 15:00:00,4,0.9938062750450521
2019-01-11 16:00:00,4,0.998768563368831
2019-01-11 17:00:00,4,0.9999120882065602
2019-01-11 18:00:00,4,0.9955098685553047
2019-01-12 08:00:00,3,0.9964634457210836
2019-01-12 09:00:00,4,0.9770610138388531
2019-01-12 10:00:00,4,0.9990608582422184
2019-01-12 11:00:00,4,0.9989968474342681
2019-01-12 12:00:00,4,0.9963031746712205
2019-01-12 13:00:00,4,0.9821546143162364
2019-01-12 14:00:00,4,0.9409013558316163
2019-01-12 15:00:00,4,0.9998822343789228
2019-01-12 16:00:00,4,0.9997966118723145
2019-01-12 17:00:00,4,0.9999842578111311
2019-01-12 18:00:00,4,0.9953553170756638
2019-01-13 08:00:00,3,0.9964778504764735
2019-01-13 09:00:00,4,0.9864176606401256
2019-01-13 10:00:00,4,0.9983042611541157
2019-01-13 11:00:00,4,0.9955720963417826
2019-01-13 12:00:00,4,0.9944901825795107
2019-01-13 13:00:00,4,0.9568434644124042
2019-01-13 14:00:00,4,0.9976537245620506
2019-01-13 15:00:00,4,0.9965873306082957
2019-01-13 16:00:00,4,0.9998605365174991
2019-01-13 17:00:00,4,0.99992131840097
2019-01-13 18:00:00,4,0.9962450325026107
2019-01-14 08:00:00,3,0.9966231247000943
2019-01-14 09:00:00,4,0.9935810255444196
2019-01-14 10:00:00,4,0.9999736077427542
2019-01-14 11:00:00,4,0.9979088676533711
2019-01-14 12:00:00,4,0.9962382532646358
2019-01-14 13:00:00,4,0.7237747965722295
2019-01-14 14:00:00,4,0.7818089574677713
2019-01-14 15:00:00,4,0.9983336493155214
2019-01-14 16:00:00,4,0.9998113757144679
2019-01-14 17:00:00,4,0.9999655893008077
2019-01-14 18:00:00,4,0.9973164188551854
2019-01-15 08:00:00,3,0.9719189649569496
2019-01-15 09:00:00,4,0.9936127459045015
2019-01-15 10:00:00,4,0.9998393645766065
2019-01-15 11:00:00,4,0.9988154949376606
2019-01-15 12:00:00,4,0.9975670588787268
2019-01-15 13:00:00,4,0.9430294483400391
2019-01-15 14:00:00,4,0.9956184131896504
2019-01-15 15:00:00,4,0.5884981063564857
2019-01-15 16:00:00,4,0.9991627700238
2019-01-15 17:00:00,4,0.9999166765605924
2019-01-15 18:00:00,4,0.9985366137394146
2019-01-16 08:00:00,3,0.9970197810347823
2019-01-16 09:00:00,4,0.7736599589068176
2019-01-16 10:00:00,4,
2019-01-16 11:00:00,4,
2019-01-16 12:00:00,4,
2019-01-16 13:00:00,4,
2019-01-16 14:00:00,4,
2019-01-16 15:00:00,4,
2019-01-16 16:00:00,4,-0.5654997383934123
2019-01-16 17:00:00,4,0.9999751431940546
2019-01-16 18:00:00,4,0.9942776877740568
2019-01-17 08:00:00,3,0.9955227993061765
2019-01-17 09:00:00,4,0.9822527625699323
2019-01-17 10:00:00,4,0.9953949348968141
2019-01-17 11:00:00,4,0.9989234922011013
2019-01-17 12:00:00,4,0.9979858748445037
2019-01-17 13:00:00,4,0.9885751536130467
2019-01-17 14:00:00,4,0.9874408501725014
2019-01-17 15:00:00,4,0.9998007355311448
2019-01-17 16:00:00,4,0.9984757571718983
2019-01-17 17:00:00,4,0.9999873044901438
2019-01-17 18:00:00,4,0.9950604427325852
2019-01-18 08:00:00,3,0.994516773491225
2019-01-18 09:00:00,4,0.9902657454839371
2019-01-18 10:00:00,4,0.997080567143189
2019-01-18 11:00:00,4,0.9988677493624619
2019-01-18 12:00:00,4,0.9988394743960473
2019-01-18 13:00:00,4,0.926768536398297
2019-01-18 14:00:00,4,0.997993505829039
2019-01-18 15:00:00,4,0.9993745764553662
2019-01-18 16:00:00,4,0.9996024926827937
2019-01-18 17:00:00,4,0.9998518621065595
2019-01-18 18:00:00,4,0.9948919969788892
2019-01-19 08:00:00,3,0.9889345355335006
2019-01-19 09:00:00,4,0.9944029188061042
2019-01-19 10:00:00,4,0.9960983528722966
2019-01-19 11:00:00,4,0.9992857928463055
2019-01-19 12:00:00,4,0.9908142925516192
2019-01-19 13:00:00,4,0.9638580683439594
2019-01-19 14:00:00,4,0.9444780910955882
2019-01-19 15:00:00,4,0.9999153324531826
2019-01-19 16:00:00,4,0.9995436595522906
2019-01-19 17:00:00,4,0.999532163676591
2019-01-19 18:00:00,4,0.9955389590858155
2019-01-20 08:00:00,3,0.9778932376030914
2019-01-20 09:00:00,4,0.998467532465565
2019-01-20 10:00:00,4,0.9963159200064832
2019-01-20 11:00:00,4,0.9987844000864654
2019-01-20 12:00:00,4,0.9992863846808957
2019-01-20 13:00:00,4,0.9406760362251261
2019-01-20 14:00:00,4,0.9896710259228433
2019-01-20 15:00:00,4,0.9984004177598774
2019-01-20 16:00:00,4,0.9994754279810745
2019-01-20 17:00:00,4,0.9999334697648897
2019-01-20 18:00:00,4,0.9979131548806052
2019-01-21 08:00:00,3,0.9643922000113561
2019-01-21 09:00:00,4,0.9997048326626705
2019-01-21 10:00:00,4,0.998123775091882
2019-01-21 11:00:00,4,0.9955424238320263
2019-01-21 12:00:00,4,0.9989170398404558
2019-01-21 13:00:00,4,0.9816887225957157
2019-01-21 14:00:00,4,0.9892875581640368
2019-01-21 15:00:00,4,0.985624733078555
2019-01-21 16:00:00,4,0.9982853688509056
2019-01-21 17:00:00,4,0.999896434876023
2019-01-21 18:00:00,4,0.9966592000010733
2019-01-22 08:00:00,3,0.959740864748917
2019-01-22 09:00:00,4,0.9933202601469296
2019-01-22 10:00:00,4,0.9993550115310214
2019-01-22 11:00:00,4,0.9986480367331887
2019-01-22 12:00:00,4,0.7984493399742286
2019-01-22 13:00:00,4,0.9428378311101856
2019-01-22 14:00:00,4,0.8220112624926699
2019-01-22 15:00:00,4,0.9979074778523338
2019-01-22 16:00:00,4,0.9877835695034649
2019-01-22 17:00:00,4,0.9999394394628368
2019-01-22 18:00:00,4,0.9975131144809806
2019-01-23 08:00:00,3,0.9635324215479484
2019-01-23 09:00:00,4,0.9880824386269226
2019-01-23 10:00:00,4,0.9979580256841492
2019-01-23 11:00:00,4,0.9968955262044761
2019-01-23 12:00:00,4,0.9948197445571051
2019-01-23 13:00:00,4,0.7864401611283899
2019-01-23 14:00:00,4,0.9995767620168778
2019-01-23 15:00:00,4,0.9855175106091473
2019-01-23 16:00:00,4,0.9995044328577484
2019-01-23 17:00:00,4,0.9997808884515903
2019-01-23 18:00:00,4,0.9970222168417195
2019-01-24 08:00:00,3,0.9731714026226611
2019-01-24 09:00:00,4,0.986967466238553
2019-01-24 10:00:00,4,0.9989123923207626
2019-01-24 11:00:00,4,0.9992581865193719
2019-01-24 12:00:00,4,0.9956432535950508
2019-01-24 13:00:00,4,0.9714454224785432
2019-01-24 14:00:00,4,0.9968892499384222
2019-01-24 15:00:00,4,0.9983647580309158
2019-01-24 16:00:00,4,0.9995023218119315
2019-01-24 17:00:00,4,0.9996292952576077
2019-01-24 18:00:00,4,0.9973839912628367
2019-01-25 08:00:00,3,0.9825588262934595
2019-01-25 09:00:00,4,0.9898693784593048
2019-01-25 10:00:00,4,0.9999399522211445
2019-01-25 11:00:00,4,0.9994069773476364
2019-01-25 12:00:00,4,0.9989692667193929
2019-01-25 13:00:00,4,0.7731667320498586
2019-01-25 14:00:00,4,0.9967032145238613
2019-01-25 15:00:00,4,0.9999294792611222
2019-01-25 16:00:00,4,0.9988871032120291
2019-01-25 17:00:00,4,0.9994445771277772
2019-01-25 18:00:00,4,0.9966631714130973
2019-01-26 08:00:00,3,0.9760281034397984
2019-01-26 09:00:00,4,0.9901798030630734
2019-01-26 10:00:00,4,0.9949324030089324
2019-01-26 11:00:00,4,0.999191510997117
2019-01-26 12:00:00,4,0.9924256252249066
2019-01-26 13:00:00,4,0.03964990624337406
2019-01-26 14:00:00,4,0.9932605387146737
2019-01-26 15:00:00,4,0.9967343028509779
2019-01-26 16:00:00,4,0.9995680903535132
2019-01-26 17:00:00,4,0.9998623389874961
2019-01-26 18:00:00,4,0.9982787669851734
2019-01-27 08:00:00,3,0.939375828615416
2019-01-27 09:00:00,4,0.9873877312645568
2019-01-27 10:00:00,4,0.9879968832389953
2019-01-27 11:00:00,4,0.9990802157607933
2019-01-27 12:00:00,4,0.9992946654030879
2019-01-27 13:00:00,4,0.9775552244596218
2019-01-27 14:00:00,4,0.9822976214501238
2019-01-27 15:00:00,4,0.9999128571929858
2019-01-27 16:00:00,4,0.9941310920832205
2019-01-27 17:00:00,4,0.999474594679775
2019-01-27 18:00:00,4,0.9985477720801252
2019-01-28 08:00:00,3,0.978727669618529
2019-01-28 09:00:00,4,0.9847084818065396
2019-01-28 10:00:00,4,0.9896265380764423
2019-01-28 11:00:00,4,0.9992891781678481
2019-01-28 12:00:00,4,0.9994522136170007
2019-01-28 13:00:00,4,0.9680745708581255
2019-01-28 14:00:00,4,0.9468854417439138
2019-01-28 15:00:00,4,0.9848927271841894
2019-01-28 16:00:00,4,0.9948636256863937
2019-01-28 17:00:00,4,0.9997074286819423
2019-01-28 18:00:00,4,0.998476739544769
2019-01-29 08:00:00,3,0.9864679500076071
2019-01-29 09:00:00,4,0.9777063244841397
2019-01-29 10:00:00,4,0.9890419847053843
2019-01-29 11:00:00,4,0.9875872543192333
2019-01-29 12:00:00,4,0.9941202997107503
2019-01-29 13:00:00,4,0.9737320824542859
2019-01-29 14:00:00,4,0.9516413334583838
2019-01-29 15:00:00,4,0.9046928082218327
2019-01-29 16:00:00,4,0.9590070616623191
2019-01-29 17:00:00,4,0.9997613101442178
2019-01-29 18:00:00,4,
2019-01-30 08:00:00,3,0.9760088613028776
2019-01-30 09:00:00,4,0.9995384340851882
2019-01-30 10:00:00,4,0.9948399330109827
2019-01-30 11:00:00,4,0.9953729252324185
2019-01-30 12:00:00,4,0.8994535653094876
2019-01-30 13:00:00,4,0.9958312839596076
2019-01-30 14:00:00,4,0.997369556204165
2019-01-30 15:00:00,4,0.9915168227548689
2019-01-30 16:00:00,4,0.9851532975939306
2019-01-30 17:00:00,4,0.9916939810168196
2019-01-30 18:00:00,4,0.9971323988291517
2019-01-31 08:00:00,3,0.9979962838601998
2019-01-31 09:00:00,4,0.9810250101615774
2019-01-31 10:00:00,4,0.9906979799702506
2019-01-31 11:00:00,4,0.9983546165187511
2019-01-31 12:00:00,4,0.9996957115838517
2019-01-31 13:00:00,4,0.9830092686248584
2019-01-31 14:00:00,4,0.9977843798865569
2019-01-31 15:00:00,4,0.9997304210144043
2019-01-31 16:00:00,4,0.999123276247399
2019-01-31 17:00:00,4,0.9994949630926178
2019-01-31 18:00:00,4,0.9990185423696637
2019-02-01 08:00:00,3,0.9973732139758869
2019-02-01 09:00:00,4,0.9762800473400536
2019-02-01 10:00:00,4,0.993534272394704
2019-02-01 11:00:00,4,0.9986300106391153
2019-02-01 12:00:00,4,0.9992943990158936
2019-02-01 13:00:00,4,0.8252458673975269
2019-02-01 14:00:00,4,-0.24937707831894929
2019-02-01 15:00:00,4,0.9988783539270414
2019-02-01 16:00:00,4,0.9975891000588338
2019-02-01 17:00:00,4,0.9997001140042596
2019-02-01 18:00:00,4,0.9994101366044706
2019-02-02 08:00:00,3,0.9989878745501941
2019-02-02 09:00:00,4,0.956146447670988
2019-02-02 10:00:00,4,0.9952604539259179
2019-02-02 11:00:00,4,0.9996675049568052
2019-02-02 12:00:00,4,0.998798887741296
2019-02-02 13:00:00,4,0.3098608784166027
2019-02-02 14:00:00,4,0.9993447792612028
2019-02-02 15:00:00,4,0.9992832039171641
2019-02-02 16:00:00,4,0.9987529897680635
2019-02-02 17:00:00,4,0.9958156104634375
2019-02-02 18:00:00,4,0.9947877305779987
2019-02-03 08:00:00,3,0.9746441154177391
2019-02-03 09:00:00,4,0.9518607052606534
2019-02-03 10:00:00,4,0.9928554215298147
2019-02-03 11:00:00,4,0.9984436939234009
2019-02-03 12:00:00,4,0.9946501406886857
2019-02-03 13:00:00,4,0.8922671737834429
2019-02-03 14:00:00,4,0.9992729377095709
2019-02-03 15:00:00,4,0.9991329585358124
2019-02-03 16:00:00,4,0.9981799507729866
2019-02-03 17:00:00,4,0.9993465943510301
2019-02-03 18:00:00,4,0.9997208342017756
2019-02-04 08:00:00,3,0.8120153599441474
2019-02-04 09:00:00,4,0.9632469004125572
2019-02-04 10:00:00,4,0.9954086658751444
2019-02-04 11:00:00,4,0.9990063010746927
2019-02-04 12:00:00,4,0.9950595615824371
2019-02-04 13:00:00,4,0.8276268818058722
2019-02-04 14:00:00,4,0.829318965058761
2019-02-04 15:00:00,4,0.9947648025487725
2019-02-04 16:00:00,4,0.9979491512273589
2019-02-04 17:00:00,4,0.9992581759769007
2019-02-04 18:00:00,4,0.9995657779586032
2019-02-05 08:00:00,3,0.9621413233992147
2019-02-05 09:00:00,4,0.9786686920342879
2019-02-05 10:00:00,4,0.9947556949430114
2019-02-05 11:00:00,4,0.9990823940333972
2019-02-05 12:00:00,4,0.998895298882445
2019-02-05 13:00:00,4,0.9978573474572274
2019-02-05 14:00:00,4,0.9978207177411607
2019-02-05 15:00:00,4,0.9933633990275019
2019-02-05 16:00:00,4,0.9924490883438378
2019-02-05 17:00:00,4,0.9988771526997906
2019-02-05 18:00:00,4,0.9997003688811875
2019-02-06 08:00:00,3,0.9522047216306693
2019-02-06 09:00:00,4,0.9866301030582255
2019-02-06 10:00:00,4,0.9999133643563503
2019-02-06 11:00:00,4,0.9983909864089688
2019-02-06 12:00:00,4,0.9937017531661867
2019-02-06 13:00:00,4,0.9315146105716196
2019-02-06 14:00:00,4,0.9756727272629884
2019-02-06 15:00:00,4,0.9991402083432975
2019-02-06 16:00:00,4,0.999618003543644
2019-02-06 17:00:00,4,0.9991500745023771
2019-02-06 18:00:00,4,0.9998501740305988
2019-02-07 08:00:00,3,0.8871069307355415
2019-02-07 09:00:00,4,0.9900902014639628
2019-02-07 10:00:00,4,0.999787087287804
2019-02-07 11:00:00,4,0.9984872423476467
2019-02-07 12:00:00,4,0.9989190544919376
2019-02-07 13:00:00,4,0.8179052417267795
2019-02-07 14:00:00,4,0.9968393776360487
2019-02-07 15:00:00,4,0.9865530615600531
2019-02-07 16:00:00,4,0.9935676363245904
2019-02-07 17:00:00,4,0.998968105807681
2019-02-07 18:00:00,4,0.9999161323185624
2019-02-08 08:00:00,3,0.9920140903154056
2019-02-08 09:00:00,4,0.99053258268687
2019-02-08 10:00:00,4,0.9988682196616201
2019-02-08 11:00:00,4,0.9968546178834881
2019-02-08 12:00:00,4,0.9942761492081452
2019-02-08 13:00:00,4,0.9635152396538054
2019-02-08 14:00:00,4,0.9790855622291527
2019-02-08 15:00:00,4,0.9991330435160727
2019-02-08 16:00:00,4,0.9959798019073937
2019-02-08 17:00:00,4,0.9993305912777236
2019-02-08 18:00:00,4,0.9998493529744581
2019-02-09 08:00:00,3,0.9848716810692258
2019-02-09 09:00:00,4,0.9964968977425668
2019-02-09 10:00:00,4,0.9976457080947545
2019-02-09 11:00:00,4,0.9989415098460602
2019-02-09 12:00:00,4,0.9997434368062628
2019-02-09 13:00:00,4,0.9817656401264934
2019-02-09 14:00:00,4,0.962689811586198
2019-02-09 15:00:00,4,0.9898002366211198
2019-02-09 16:00:00,4,0.9984324346087556
2019-02-09 17:00:00,4,0.976575992987355
2019-02-09 18:00:00,4,0.9957512431338384
2019-02-10 08:00:00,4,0.9930044868605812
2019-02-10 09:00:00,4,0.9988038369771362
2019-02-10 10:00:00,4,0.9965001373442139
2019-02-10 11:00:00,4,0.9513617228571383
2019-02-10 12:00:00,4,0.9957750990316426
2019-02-10 13:00:00,4,0.6642200849206031
2019-02-10 14:00:00,4,0.9816378880005175
2019-02-10 15:00:00,4,0.999435215859268
2019-02-10 16:00:00,4,0.9936001974668238
2019-02-10 17:00:00,4,0.9951917707066216
2019-02-10 18:00:00,4,0.9984072212646187
2019-02-11 08:00:00,4,0.9334436526769502
2019-02-11 09:00:00,4,0.9999788298606205
2019-02-11 10:00:00,4,0.9993326492586442
2019-02-11 11:00:00,4,0.9947097461783907
2019-02-11 12:00:00,4,0.9955889473232806
2019-02-11 13:00:00,4,0.9868870011751903
2019-02-11 14:00:00,4,0.8732568219754394
2019-02-11 15:00:00,4,0.9990538586380628
2019-02-11 16:00:00,4,0.9921926476444674
2019-02-11 17:00:00,4,0.9995770528510959
2019-02-11 18:00:00,4,0.9997992656082447
2019-02-12 08:00:00,4,0.9995031306300562
2019-02-12 09:00:00,4,0.9999876015445209
2019-02-12 10:00:00,4,0.9987039028694173
2019-02-12 11:00:00,4,0.9998563819669305
2019-02-12 12:00:00,4,0.9952196067855233
2019-02-12 13:00:00,4,0.3649417538360495
2019-02-12 14:00:00,4,0.9868704776139225
2019-02-12 15:00:00,4,0.999798821465732
2019-02-12 16:00:00,4,0.9991359505737284
2019-02-12 17:00:00,4,0.9997993737175809
2019-02-12 18:00:00,4,0.9998950873517317
2019-02-13 08:00:00,4,0.9956198998218477
2019-02-13 09:00:00,4,0.9999117449043513
2019-02-13 10:00:00,4,0.998263902490795
2019-02-13 11:00:00,4,0.9994135219184643
2019-02-13 12:00:00,4,0.9985701979059154
2019-02-13 13:00:00,4,0.701468436095296
2019-02-13 14:00:00,4,0.276056442088523
2019-02-13 15:00:00,4,0.9993789380051239
2019-02-13 16:00:00,4,0.9961095140977572
2019-02-13 17:00:00,4,0.9991722130184796
2019-02-13 18:00:00,4,0.9996967985408678
2019-02-14 08:00:00,4,0.9990075235965539
2019-02-14 09:00:00,4,0.9998340750984502
2019-02-14 10:00:00,4,0.9986795937367255
2019-02-14 11:00:00,4,0.9981824327107859
2019-02-14 12:00:00,4,0.9998667542564905
2019-02-14 13:00:00,4,0.9210005425120789
2019-02-14 14:00:00,4,0.9937333039169586
2019-02-14 15:00:00,4,0.9993508048449904
2019-02-14 16:00:00,4,0.9940047207903787
2019-02-14 17:00:00,4,0.9994649674156467
2019-02-14 18:00:00,4,0.9997558994904153
2019-02-14 19:00:00,4,1.0
2019-02-14 20:00:00,4,
2019-02-14 21:00:00,4,
2019-02-14 22:00:00,4,
2019-02-14 23:00:00,4,
2019-02-15 00:00:00,4,
2019-02-15 01:00:00,4,
2019-02-15 02:00:00,4,
2019-02-15 03:00:00,4,
2019-02-15 04:00:00,4,
2019-02-15 05:00:00,4,
2019-02-15 06:00:00,4,
2019-02-15 07:00:00,4,
2019-02-15 08:00:00,4,0.9893604465252219
2019-02-15 09:00:00,4,0.9997008758892518
2019-02-15 10:00:00,4,0.9995148599046465
2019-02-15 11:00:00,4,0.9896231287089704
2019-02-15 12:00:00,4,0.9948425393197852
2019-02-15 13:00:00,4,0.9744122644887486
2019-02-15 14:00:00,4,0.9979590070742343
2019-02-15 15:00:00,4,0.998740521388048
2019-02-15 16:00:00,4,0.9765141293538863
2019-02-15 17:00:00,4,0.9974118518356551
2019-02-15 18:00:00,4,0.9988115637825923
2019-02-16 08:00:00,4,0.9895644110762959
2019-02-16 09:00:00,4,0.9997941388992402
2019-02-16 10:00:00,4,0.9978031039818128
2019-02-16 11:00:00,4,0.997074653697935
2019-02-16 12:00:00,4,0.9992889074681901
2019-02-16 13:00:00,4,0.5320477083084018
2019-02-16 14:00:00,4,0.9997943125752096
2019-02-16 15:00:00,4,0.993366050973224
2019-02-16 16:00:00,4,0.9816689625545765
2019-02-16 17:00:00,4,0.9875627220856699
2019-02-16 18:00:00,4,0.9998469900639719
2019-02-17 08:00:00,3,0.8825502975419957
2019-02-17 09:00:00,4,0.9772312842390347
2019-02-17 10:00:00,4,0.9946518198476123
2019-02-17 11:00:00,4,0.500402287612708
2019-02-17 12:00:00,4,0.9997696600508672
2019-02-17 13:00:00,4,0.9994999561739931
2019-02-17 14:00:00,4,0.9993006040601594
2019-02-17 15:00:00,4,0.9966410862125036
2019-02-18 08:00:00,4,0.9907337814593643
2019-02-18 09:00:00,4,0.9998887002114479
2019-02-18 10:00:00,4,0.9988279381568231
2019-02-18 11:00:00,4,0.999003754716843
2019-02-18 12:00:00,4,0.9992982965717518
2019-02-18 13:00:00,4,0.8653527958072078
2019-02-18 14:00:00,4,0.867264326602001
2019-02-18 15:00:00,4,0.9992304441070932
2019-02-18 16:00:00,4,0.9984832888105444
2019-02-18 17:00:00,4,0.9995093783073007
2019-02-18 18:00:00,4,0.9997163053225848
2019-02-19 08:00:00,4,0.9907055917464439
2019-02-19 09:00:00,4,0.9847486480783868
2019-02-19 10:00:00,4,0.9997872730756169
2019-02-19 11:00:00,4,0.9960306923883044
2019-02-19 12:00:00,4,0.9857382045395241
2019-02-19 13:00:00,4,0.9755068428070739
2019-02-19 14:00:00,4,0.9569310015286405
2019-02-19 15:00:00,4,0.9921172931515294
2019-02-19 16:00:00,4,0.9984201613734109
2019-02-19 17:00:00,4,0.9979318982591282
2019-02-19 18:00:00,4,0.999828979279368
2019-02-20 08:00:00,4,0.9928263494223202
2019-02-20 09:00:00,4,0.999836942461456
2019-02-20 10:00:00,4,0.9942797169182482
2019-02-20 11:00:00,4,0.9914272903087264
2019-02-20 12:00:00,4,0.98833583160151
2019-02-20 13:00:00,4,0.9988765459893034
2019-02-20 14:00:00,4,0.9995923099512836
2019-02-20 15:00:00,4,0.9692208745793904
2019-02-20 16:00:00,4,0.9837142217055937
2019-02-20 17:00:00,4,0.9383791309425176
2019-02-20 18:00:00,4,0.9974081627650422
2019-02-20 19:00:00,4,0.999087528317728
2019-02-20 20:00:00,4,
2019-02-20 21:00:00,4,
2019-02-20 22:00:00,4,
2019-02-20 23:00:00,4,
2019-02-21 00:00:00,4,
2019-02-21 01:00:00,4,
2019-02-21 02:00:00,4,
2019-02-21 03:00:00,4,
2019-02-21 04:00:00,4,
2019-02-21 05:00:00,4,
2019-02-21 06:00:00,4,
2019-02-21 07:00:00,4,
2019-02-21 08:00:00,4,0.99679852210035
2019-02-21 09:00:00,4,0.9998478629779123
2019-02-21 10:00:00,4,0.998603733984691
2019-02-21 11:00:00,4,0.9993659841756536
2019-02-21 12:00:00,4,0.9952535575105158
2019-02-21 13:00:00,4,-0.45696064349548793
2019-02-21 14:00:00,4,0.9976131502139609
2019-02-21 15:00:00,4,0.9979475073866626
2019-02-21 16:00:00,4,0.9894809346779587
2019-02-21 17:00:00,4,0.9995567439986505
2019-02-21 18:00:00,4,0.9996875528875618
2019-02-22 08:00:00,4,0.996832989325709
2019-02-22 09:00:00,4,0.9996215050649777
2019-02-22 10:00:00,4,0.9988509457032637
2019-02-22 11:00:00,4,0.998424561486467
2019-02-22 12:00:00,4,0.9808297546268939
2019-02-22 13:00:00,4,0.9086255573611232
2019-02-22 14:00:00,4,0.8101492110975989
2019-02-22 15:00:00,4,0.7491830862489303
2019-02-22 16:00:00,4,0.9943204401924639
2019-02-22 17:00:00,4,0.9974213391537613
2019-02-22 18:00:00,4,0.9801837296711708
2019-02-23 08:00:00,4,0.9956852087435324
2019-02-23 09:00:00,4,0.999199909462156
2019-02-23 10:00:00,4,0.9998015173997975
2019-02-23 11:00:00,4,0.9995345941593756
2019-02-23 12:00:00,4,0.9987665407335156
2019-02-23 13:00:00,4,0.9997727691710452
2019-02-23 14:00:00,4,0.9746975247389736
2019-02-23 15:00:00,4,0.9780939893713904
2019-02-23 16:00:00,4,0.9913661031172035
2019-02-23 17:00:00,4,0.9990030752906405
2019-02-23 18:00:00,4,0.9995191599869974
2019-02-23 19:00:00,4,0.9965363458597123
2019-02-23 20:00:00,4,
2019-02-23 21:00:00,4,
2019-02-23 22:00:00,4,
2019-02-23 23:00:00,4,
2019-02-24 00:00:00,4,
2019-02-24 01:00:00,4,
2019-02-24 02:00:00,4,
2019-02-24 03:00:00,4,
2019-02-24 04:00:00,4,
2019-02-24 05:00:00,4,
2019-02-24 06:00:00,4,
2019-02-24 07:00:00,4,
2019-02-24 08:00:00,4,0.9949748459648162
2019-02-24 09:00:00,4,0.9884404756788131
2019-02-24 10:00:00,4,0.9981502010505416
2019-02-24 11:00:00,4,0.9797795283195795
2019-02-24 12:00:00,4,0.9778151464078598
2019-02-24 13:00:00,4,0.9780708866659162
2019-02-24 14:00:00,4,0.8797861665372071
2019-02-24 15:00:00,4,0.974868884449681
2019-02-24 16:00:00,4,0.9977081746818022
2019-02-24 17:00:00,4,0.9998621201445573
2019-02-24 18:00:00,4,0.9997081003498974
2019-02-25 08:00:00,4,0.9954106385522749
2019-02-25 09:00:00,4,0.9997857742724965
2019-02-25 10:00:00,4,0.99866614700902
2019-02-25 11:00:00,4,0.9421266813855366
2019-02-25 12:00:00,4,0.9998477084701698
2019-02-25 13:00:00,4,0.9224316504618162
2019-02-25 14:00:00,4,0.934387479866654
2019-02-25 15:00:00,4,0.9786764171931923
2019-02-25 16:00:00,4,0.9905076766631012
2019-02-25 17:00:00,4,0.8755155472438686
2019-02-25 18:00:00,4,0.9995606570210308
2019-02-26 08:00:00,4,0.9905873294687062
2019-02-26 09:00:00,4,0.9990672849347051
2019-02-26 10:00:00,4,0.7745966692414834
2019-02-26 11:00:00,4,0.8654511572198216
2019-02-26 12:00:00,4,0.9468404273507198
2019-02-26 13:00:00,4,0.9440914500625354
2019-02-26 14:00:00,4,0.9974748649576732
2019-02-26 15:00:00,4,0.9843687388781512
2019-02-26 16:00:00,4,0.9991806570032326
2019-02-26 17:00:00,4,0.9997846908033595
2019-02-26 18:00:00,4,0.9995033403954305
2019-02-26 19:00:00,4,0.9975077845299197
2019-02-26 20:00:00,4,
2019-02-26 21:00:00,4,
2019-02-26 22:00:00,4,
2019-02-26 23:00:00,4,
2019-02-27 00:00:00,4,
2019-02-27 01:00:00,4,
2019-02-27 02:00:00,4,
2019-02-27 03:00:00,4,
2019-02-27 04:00:00,4,
2019-02-27 05:00:00,4,
2019-02-27 06:00:00,4,
2019-02-27 07:00:00,4,
2019-02-27 08:00:00,4,0.9912760258848714
2019-02-27 09:00:00,4,0.9996351521753838
2019-02-27 10:00:00,4,0.9990523723336149
2019-02-27 11:00:00,4,0.8378605436754103
2019-02-27 12:00:00,4,0.9868967225096329
2019-02-27 13:00:00,4,0.9965706809674331
2019-02-27 14:00:00,4,0.9923303123527902
2019-02-27 15:00:00,4,0.9983140820289435
2019-02-27 16:00:00,4,0.9894314840814891
2019-02-27 17:00:00,4,0.9976637265249775
2019-02-27 18:00:00,4,0.9898722648581016
2019-02-27 19:00:00,4,0.9969277961190806
2019-02-27 20:00:00,4,
2019-02-27 21:00:00,4,
2019-02-27 22:00:00,4,
2019-02-27 23:00:00,4,
2019-02-28 00:00:00,4,
2019-02-28 01:00:00,4,
2019-02-28 02:00:00,4,
2019-02-28 03:00:00,4,
2019-02-28 04:00:00,4,
2019-02-28 05:00:00,4,
2019-02-28 06:00:00,4,
2019-02-28 07:00:00,4,
2019-02-28 08:00:00,4,0.9893794066625979
2019-02-28 09:00:00,4,0.9998884253505419
2019-02-28 10:00:00,4,0.9983686185631414
2019-02-28 11:00:00,4,0.9967801886981076
2019-02-28 12:00:00,4,0.9932375165999031
2019-02-28 13:00:00,4,0.9960436006598528
2019-02-28 14:00:00,4,0.9956012959281325
2019-02-28 15:00:00,4,0.9999065585685099
2019-02-28 16:00:00,4,0.9998941137132865
2019-02-28 17:00:00,4,0.9974601364455856
2019-02-28 18:00:00,4,0.9903939507814316
2019-03-01 08:00:00,4,0.8793003183534199
2019-03-01 09:00:00,4,0.9968976628892512
2019-03-01 10:00:00,4,0.9979314218014976
2019-03-01 11:00:00,4,0.9423183255250396
2019-03-01 12:00:00,4,0.9975240503987304
2019-03-01 13:00:00,4,0.9978872494428067
2019-03-01 14:00:00,4,0.9952261977192168
2019-03-01 15:00:00,4,0.9762056532068398
2019-03-01 16:00:00,4,0.9956252213400044
2019-03-01 17:00:00,4,0.9622467825356343
2019-03-01 18:00:00,4,0.9998712504658231
2019-03-01 19:00:00,4,0.9976264696984443
2019-03-01 20:00:00,4,
2019-03-01 21:00:00,4,
2019-03-01 22:00:00,4,
2019-03-01 23:00:00,4,
2019-03-02 00:00:00,4,
2019-03-02 01:00:00,4,
2019-03-02 02:00:00,4,
2019-03-02 03:00:00,4,
2019-03-02 04:00:00,4,
2019-03-02 05:00:00,4,
2019-03-02 06:00:00,4,
2019-03-02 07:00:00,4,
2019-03-02 08:00:00,4,0.9917942802791628
2019-03-02 09:00:00,4,0.9998360276939663
2019-03-02 10:00:00,4,0.9993605718214214
2019-03-02 11:00:00,4,0.9981948824236618
2019-03-02 12:00:00,4,0.9988687936004098
2019-03-02 13:00:00,4,0.9697705327917616
2019-03-02 14:00:00,4,0.9843193832921968
2019-03-02 15:00:00,4,0.9567932183052268
2019-03-02 16:00:00,4,0.7799343998862267
2019-03-02 17:00:00,4,0.9999158795269768
2019-03-02 18:00:00,4,0.9992439612753453
2019-03-02 19:00:00,4,0.9998111186844745
2019-03-02 20:00:00,4,
2019-03-02 21:00:00,4,
2019-03-02 22:00:00,4,
2019-03-02 23:00:00,4,
2019-03-03 00:00:00,4,
2019-03-03 01:00:00,4,
2019-03-03 02:00:00,4,
2019-03-03 03:00:00,4,
2019-03-03 04:00:00,4,
2019-03-03 05:00:00,4,
2019-03-03 06:00:00,4,
2019-03-03 07:00:00,4,
2019-03-03 08:00:00,4,0.9923897492464381
2019-03-03 09:00:00,4,0.9981126890842211
2019-03-03 10:00:00,4,0.998952474392486
2019-03-03 11:00:00,4,0.9980792128760312
2019-03-03 12:00:00,4,0.9998146508301111
2019-03-03 13:00:00,4,-0.45395989277728627
2019-03-03 14:00:00,4,0.9713522575442395
2019-03-03 15:00:00,4,0.9998202253344158
2019-03-03 16:00:00,4,0.9835220829382725
2019-03-03 17:00:00,4,0.9999372509248142
2019-03-03 18:00:00,4,0.99945323300903
2019-03-03 19:00:00,4,0.9926158519327354
2019-03-03 20:00:00,4,
2019-03-03 21:00:00,4,
2019-03-03 22:00:00,4,
2019-03-03 23:00:00,4,
2019-03-04 00:00:00,4,
2019-03-04 01:00:00,4,
2019-03-04 02:00:00,4,
2019-03-04 03:00:00,4,
2019-03-04 04:00:00,4,
2019-03-04 05:00:00,4,
2019-03-04 06:00:00,4,
2019-03-04 07:00:00,4,
2019-03-04 08:00:00,4,0.8544105312224444
2019-03-04 09:00:00,4,0.9969363708130923
2019-03-04 10:00:00,4,0.99615874188028
2019-03-04 11:00:00,4,0.999174875310659
2019-03-04 12:00:00,4,0.9941466310864888
2019-03-04 13:00:00,4,0.9929333947379732
2019-03-04 14:00:00,4,0.9949867518094898
2019-03-04 15:00:00,4,0.99733747725696
2019-03-04 16:00:00,4,0.9942015147597585
2019-03-04 17:00:00,4,0.9982691689261264
2019-03-04 18:00:00,4,0.9999699869250945
2019-03-05 08:00:00,4,0.9906247916572135
2019-03-05 09:00:00,4,0.9999555596788253
2019-03-05 10:00:00,4,0.9888354718666273
2019-03-05 11:00:00,4,0.9967524624451325
2019-03-05 12:00:00,4,0.997649551880408
2019-03-05 13:00:00,4,0.8889415564265043
2019-03-05 14:00:00,4,0.9961931747195635
2019-03-05 15:00:00,4,0.9693820067377965
2019-03-05 16:00:00,4,0.9709815617528362
2019-03-05 17:00:00,4,0.9945512697956552
2019-03-05 18:00:00,4,0.9991565056608884
2019-03-06 08:00:00,4,0.9980488499670278
2019-03-06 09:00:00,4,0.9932702438476483
2019-03-06 10:00:00,4,0.9765842365090243
2019-03-06 11:00:00,4,0.9943827724646382
2019-03-06 12:00:00,4,0.9975006395727228
2019-03-06 13:00:00,4,0.9958028303465825
2019-03-06 14:00:00,4,0.9986307082669679
2019-03-06 15:00:00,4,0.9902588803665388
2019-03-06 16:00:00,4,0.9853059714748225
2019-03-06 17:00:00,4,0.9889833845284906
2019-03-06 18:00:00,4,0.9986259703392089
2019-03-07 08:00:00,4,0.9931213649207449
2019-03-07 09:00:00,4,0.7724701251881995
2019-03-07 10:00:00,4,0.9998146849814576
2019-03-07 11:00:00,4,0.9945573451775416
2019-03-07 12:00:00,4,0.9815039006039723
2019-03-07 13:00:00,4,0.9899691918908599
2019-03-07 14:00:00,4,0.9970050335087458
2019-03-07 15:00:00,4,0.9263986339250918
2019-03-07 16:00:00,4,0.9716951428531123
2019-03-07 17:00:00,4,0.9945778062004488
2019-03-07 18:00:00,4,0.9996149524990149
2019-03-07 19:00:00,4,0.98582689651545
2019-03-07 20:00:00,4,
2019-03-07 21:00:00,4,
2019-03-07 22:00:00,4,
2019-03-07 23:00:00,4,
2019-03-08 00:00:00,4,
2019-03-08 01:00:00,4,
2019-03-08 02:00:00,4,
2019-03-08 03:00:00,4,
2019-03-08 04:00:00,4,
2019-03-08 05:00:00,4,
2019-03-08 06:00:00,4,
2019-03-08 07:00:00,4,
2019-03-08 08:00:00,4,0.9932763787293915
2019-03-08 09:00:00,4,0.9996927723191409
2019-03-08 10:00:00,4,0.9977988151381273
2019-03-08 11:00:00,4,0.8962268021578091
2019-03-08 12:00:00,4,0.9841300177639576
2019-03-08 13:00:00,4,0.9455687826034059
2019-03-08 14:00:00,4,0.9999683334230783
2019-03-08 15:00:00,4,0.9951921853538828
2019-03-08 16:00:00,4,0.987128659647446
2019-03-08 17:00:00,4,0.9877311568232975
2019-03-08 18:00:00,4,0.9977445454398002
2019-03-08 19:00:00,4,0.9525310711818055
2019-03-08 20:00:00,4,
2019-03-08 21:00:00,4,
2019-03-08 22:00:00,4,
2019-03-09 08:00:00,4,0.9997073657739123
2019-03-09 09:00:00,4,0.9995559624126481
2019-03-09 10:00:00,4,0.9877050120685458
2019-03-09 11:00:00,4,0.9974683400165784
2019-03-09 12:00:00,4,0.9953945106094995
2019-03-09 13:00:00,4,0.9997958469435699
2019-03-09 14:00:00,4,0.9875509193733987
2019-03-09 15:00:00,4,0.9924873831536472
2019-03-09 16:00:00,4,0.9806987720158457
2019-03-09 17:00:00,4,0.9970752131162489
2019-03-09 18:00:00,4,0.9861186268198368
2019-03-09 19:00:00,4,0.9998247366136408
2019-03-09 20:00:00,4,
2019-03-09 21:00:00,4,
2019-03-09 22:00:00,4,
2019-03-09 23:00:00,4,
2019-03-10 00:00:00,4,
2019-03-10 01:00:00,4,
2019-03-10 02:00:00,4,
2019-03-10 03:00:00,4,
2019-03-10 04:00:00,4,
2019-03-10 05:00:00,4,
2019-03-10 06:00:00,4,
2019-03-10 07:00:00,4,
2019-03-10 08:00:00,4,0.9962238182357077
2019-03-10 09:00:00,4,0.9996708260923456
2019-03-10 10:00:00,4,0.9966129422866647
2019-03-10 11:00:00,4,0.9982493557063842
2019-03-10 12:00:00,4,0.9974306650211718
2019-03-10 13:00:00,4,0.010882942501757621
2019-03-10 14:00:00,4,0.48058426922766745
2019-03-10 15:00:00,4,0.987331118774377
2019-03-10 16:00:00,4,0.9990621206612222
2019-03-10 17:00:00,4,0.9989065132691716
2019-03-10 18:00:00,4,0.9863150230766115
2019-03-10 19:00:00,4,0.9940545460212397
2019-03-10 20:00:00,4,
2019-03-10 21:00:00,4,
2019-03-10 22:00:00,4,
2019-03-10 23:00:00,4,
2019-03-11 00:00:00,4,
2019-03-11 01:00:00,4,
2019-03-11 02:00:00,4,
2019-03-11 03:00:00,4,
2019-03-11 04:00:00,4,
2019-03-11 05:00:00,4,
2019-03-11 06:00:00,4,
2019-03-11 07:00:00,4,1.0
2019-03-11 08:00:00,4,0.9981514601169335
2019-03-11 09:00:00,4,0.9996629083175746
2019-03-11 10:00:00,4,0.9988073028479846
2019-03-11 11:00:00,4,0.9978901527745746
2019-03-11 12:00:00,4,0.9994688487781119
2019-03-11 13:00:00,4,0.8621505700595191
2019-03-11 14:00:00,4,0.9948155781847556
2019-03-11 15:00:00,4,0.1582476230019418
2019-03-11 16:00:00,4,0.99876773997093
2019-03-11 17:00:00,4,0.9896414104355303
2019-03-11 18:00:00,4,0.9999008265485754
2019-03-11 19:00:00,3,0.9916771350758548
2019-03-12 08:00:00,4,0.9982025271306644
2019-03-12 09:00:00,4,0.9998162789568507
2019-03-12 10:00:00,4,0.9890510884471365
2019-03-12 11:00:00,4,0.9904838837757471
2019-03-12 12:00:00,4,0.999762988885798
2019-03-12 13:00:00,4,0.9625626481918041
2019-03-12 14:00:00,4,0.9935859634100098
2019-03-12 15:00:00,4,0.9989650813497087
2019-03-12 16:00:00,4,0.9652152139685772
2019-03-12 17:00:00,4,0.9900906995303561
2019-03-12 18:00:00,4,0.9982217720282963
2019-03-12 19:00:00,3,0.996803853983187
2019-03-13 08:00:00,4,0.9985724993262352
2019-03-13 09:00:00,4,0.9989669600658544
2019-03-13 10:00:00,4,0.9986336248480877
2019-03-13 11:00:00,4,0.997310966924139
2019-03-13 12:00:00,4,0.9987931410771773
2019-03-13 13:00:00,4,0.5985208346161396
2019-03-13 14:00:00,4,0.9968838930789894
2019-03-13 15:00:00,4,0.9994741626177723
2019-03-13 16:00:00,4,0.9943951288021708
2019-03-13 17:00:00,4,0.9987966532317266
2019-03-13 18:00:00,4,0.9998416626956578
2019-03-13 19:00:00,3,0.9956554362828668
2019-03-14 08:00:00,4,0.9993021996247604
2019-03-14 09:00:00,4,0.9543924673011733
2019-03-14 10:00:00,4,0.9511091832028205
2019-03-14 11:00:00,4,0.9985713869718814
2019-03-14 12:00:00,4,0.9994944221816199
2019-03-14 13:00:00,4,0.9210097067193975
2019-03-14 14:00:00,4,0.24554984689064288
2019-03-14 15:00:00,4,0.99677144796892
2019-03-14 16:00:00,4,0.9953187952854365
2019-03-14 17:00:00,4,0.999178915478523
2019-03-14 18:00:00,4,0.9996082106235575
2019-03-14 19:00:00,3,0.9855191180626629
2019-03-15 08:00:00,4,0.9921646306246218
2019-03-15 09:00:00,4,0.9998206148670347
2019-03-15 10:00:00,4,0.9982966954136742
2019-03-15 11:00:00,4,0.9999606895939687
2019-03-15 12:00:00,4,0.9980129689565954
2019-03-15 13:00:00,4,0.9198477758569534
2019-03-15 14:00:00,4,0.9997870718262646
2019-03-15 15:00:00,4,0.9982873723546029
2019-03-15 16:00:00,4,0.9976331148693426
2019-03-15 17:00:00,4,0.9965240149093774
2019-03-15 18:00:00,4,0.9999418623384576
2019-03-15 19:00:00,4,0.9878470705577017
2019-03-15 20:00:00,4,
2019-03-15 21:00:00,4,
2019-03-15 22:00:00,4,
2019-03-15 23:00:00,4,
2019-03-16 00:00:00,4,
2019-03-16 01:00:00,4,
2019-03-16 02:00:00,4,
2019-03-16 03:00:00,4,
2019-03-16 04:00:00,4,
2019-03-16 05:00:00,4,
2019-03-16 06:00:00,4,
2019-03-16 07:00:00,4,0.9999049035176513
2019-03-16 08:00:00,4,0.9989151831534776
2019-03-16 09:00:00,4,0.999057820756464
2019-03-16 10:00:00,4,0.9982847344695424
2019-03-16 11:00:00,4,0.9999862084021742
2019-03-16 12:00:00,4,0.9238425088703939
2019-03-16 13:00:00,4,0.9993735510264917
2019-03-16 14:00:00,4,0.9982023294252151
2019-03-16 15:00:00,4,0.9775924327876567
2019-03-16 16:00:00,4,0.936733706241469
2019-03-16 17:00:00,4,0.9994579194699525
2019-03-16 18:00:00,4,0.9976348380879767
2019-03-16 19:00:00,4,0.9565988181038154
2019-03-16 20:00:00,4,
2019-03-16 21:00:00,4,
2019-03-16 22:00:00,4,
2019-03-16 23:00:00,4,
2019-03-17 00:00:00,4,
2019-03-17 01:00:00,4,
2019-03-17 02:00:00,4,
2019-03-17 03:00:00,4,
2019-03-17 04:00:00,4,
2019-03-17 05:00:00,4,
2019-03-17 06:00:00,4,
2019-03-17 07:00:00,4,0.9994651434980635
2019-03-17 08:00:00,4,0.9991948018157476
2019-03-17 09:00:00,4,0.8618125866388885
2019-03-17 10:00:00,4,0.9914447673044504
2019-03-17 11:00:00,4,0.9840046870655268
2019-03-17 12:00:00,4,0.8720335976773556
2019-03-17 13:00:00,4,0.7860800372148572
2019-03-17 14:00:00,4,0.997781920654836
2019-03-17 15:00:00,4,0.9921783767068645
2019-03-17 16:00:00,4,0.9966057228037594
2019-03-17 17:00:00,4,0.9997583263655073
2019-03-17 18:00:00,4,0.9998088196982203
2019-03-17 19:00:00,3,0.9892064594326706
2019-03-18 08:00:00,4,0.9993459480095678
2019-03-18 09:00:00,4,0.9992957933696426
2019-03-18 10:00:00,4,0.996473708600664
2019-03-18 11:00:00,4,0.9978110453362151
2019-03-18 12:00:00,4,0.9995640146432233
2019-03-18 13:00:00,4,0.1487330585042986
2019-03-18 14:00:00,4,0.9903697150940576
2019-03-18 15:00:00,4,0.9932988397304173
2019-03-18 16:00:00,4,0.9485055184020681
2019-03-18 17:00:00,4,0.9966016999549738
2019-03-18 18:00:00,4,0.9998816934977404
2019-03-18 19:00:00,4,0.971736932448684
2019-03-18 20:00:00,4,
2019-03-18 21:00:00,4,
2019-03-18 22:00:00,4,
2019-03-18 23:00:00,4,
2019-03-19 00:00:00,4,
2019-03-19 01:00:00,4,
2019-03-19 02:00:00,4,
2019-03-19 03:00:00,4,
2019-03-19 04:00:00,4,
2019-03-19 05:00:00,4,
2019-03-19 06:00:00,4,
2019-03-19 07:00:00,4,
2019-03-19 08:00:00,4,0.9995111116762659
2019-03-19 09:00:00,4,0.9997816959619891
2019-03-19 10:00:00,4,0.9984804092662865
2019-03-19 11:00:00,4,0.9884378646819808
2019-03-19 12:00:00,4,0.9711872763674989
2019-03-19 13:00:00,4,0.9980352862603589
2019-03-19 14:00:00,4,0.9964575977048435
2019-03-19 15:00:00,4,0.9900459585384018
2019-03-19 16:00:00,4,0.9942089401849734
2019-03-19 17:00:00,4,0.920273156817753
2019-03-19 18:00:00,4,0.9997429327660872
2019-03-19 19:00:00,4,0.9917796323245918
2019-03-19 20:00:00,4,
2019-03-19 21:00:00,4,
2019-03-19 22:00:00,4,
2019-03-19 23:00:00,4,
2019-03-20 00:00:00,4,
2019-03-20 01:00:00,4,
2019-03-20 02:00:00,4,
2019-03-20 03:00:00,4,
2019-03-20 04:00:00,4,
2019-03-20 05:00:00,4,
2019-03-20 06:00:00,4,
2019-03-20 07:00:00,4,0.9997480426119153
2019-03-20 08:00:00,4,0.9991560761757019
2019-03-20 09:00:00,4,0.9991773876344858
2019-03-20 10:00:00,4,0.9970226648865608
2019-03-20 11:00:00,4,0.9515583684506769
2019-03-20 12:00:00,4,0.9860560391378389
2019-03-20 13:00:00,4,0.9874736563208014
2019-03-20 14:00:00,4,0.9870487500998916
2019-03-20 15:00:00,4,0.9914917447031826
2019-03-20 16:00:00,4,0.9981425508647448
2019-03-20 17:00:00,4,0.9925726570196176
2019-03-20 18:00:00,4,0.9940401486278191
2019-03-20 19:00:00,4,0.9933061820429897
2019-03-20 20:00:00,4,
2019-03-20 21:00:00,4,
2019-03-20 22:00:00,4,
2019-03-20 23:00:00,4,
2019-03-21 00:00:00,4,
2019-03-21 01:00:00,4,
2019-03-21 02:00:00,4,
2019-03-21 03:00:00,4,
2019-03-21 04:00:00,4,
2019-03-21 05:00:00,4,
2019-03-21 06:00:00,4,
2019-03-21 07:00:00,4,0.9995812912840605
2019-03-21 08:00:00,4,0.9996554579777718
2019-03-21 09:00:00,4,0.9995090645922313
2019-03-21 10:00:00,4,0.997953903394561
2019-03-21 11:00:00,4,0.9961222283196036
2019-03-21 12:00:00,4,0.9968779188739407
2019-03-21 13:00:00,4,0.8512806798817499
2019-03-21 14:00:00,4,0.9311516038038042
2019-03-21 15:00:00,4,0.9938268760398005
2019-03-21 16:00:00,4,0.9823755787570406
2019-03-21 17:00:00,4,0.9989897106884912
2019-03-21 18:00:00,4,0.9993530253470255
2019-03-21 19:00:00,3,0.9984358429520517
2019-03-22 08:00:00,4,0.998898206371379
2019-03-22 09:00:00,4,0.999051101228777
2019-03-22 10:00:00,4,0.9962929812006077
2019-03-22 11:00:00,4,0.9988707806265219
2019-03-22 12:00:00,4,0.9863239354106366
2019-03-22 13:00:00,4,0.9264581266485987
2019-03-22 14:00:00,4,0.983695012902952
2019-03-22 15:00:00,4,0.7599896602536406
2019-03-22 16:00:00,4,0.9394201367489163
2019-03-22 17:00:00,4,0.9910800929367117
2019-03-22 18:00:00,4,0.9997545911438978
2019-03-22 19:00:00,3,0.9926190641559793
2019-03-23 08:00:00,4,0.9663498064684227
2019-03-23 09:00:00,4,0.9856302658893317
2019-03-23 10:00:00,4,0.9996611014568365
2019-03-23 11:00:00,4,0.9972120165892665
2019-03-23 12:00:00,4,0.9711044352764546
2019-03-23 13:00:00,4,0.9974115794249577
2019-03-23 14:00:00,4,0.981696180601955
2019-03-23 15:00:00,4,0.9989455913534859
2019-03-23 16:00:00,4,0.9997566829059084
2019-03-23 17:00:00,4,0.9986536556333607
2019-03-23 18:00:00,4,0.9976583870807011
2019-03-23 19:00:00,3,0.9950951805536098
2019-03-24 08:00:00,4,0.9989620959933613
2019-03-24 09:00:00,4,0.953661572680537
2019-03-24 10:00:00,4,0.998435416718065
2019-03-24 11:00:00,4,0.9749529871800048
2019-03-24 12:00:00,4,0.0983868572979558
2019-03-24 13:00:00,4,0.9989717034906412
2019-03-24 14:00:00,4,0.9345394625064812
2019-03-24 15:00:00,4,0.9923186246859143
2019-03-24 16:00:00,4,0.9839491222254868
2019-03-24 17:00:00,4,0.9996468101950782
2019-03-24 18:00:00,4,0.9996410135896907
2019-03-24 19:00:00,3,0.9968284129925418
2019-03-25 08:00:00,4,0.9990091017764765
2019-03-25 09:00:00,4,0.9985146317662187
2019-03-25 10:00:00,4,0.99813909220986
2019-03-25 11:00:00,4,0.9993802227386329
2019-03-25 12:00:00,4,0.9931697390007734
2019-03-25 13:00:00,4,0.9750626313335956
2019-03-25 14:00:00,4,0.9285217684538503
2019-03-25 15:00:00,4,0.9448751559680828
2019-03-25 16:00:00,4,0.9995585386300475
2019-03-25 17:00:00,4,0.9902106593282349
2019-03-25 18:00:00,4,0.9993254088015258
2019-03-25 19:00:00,4,0.970366481620375
2019-03-25 20:00:00,4,
2019-03-25 21:00:00,4,
2019-03-25 22:00:00,4,
2019-03-25 23:00:00,4,
2019-03-26 00:00:00,4,
2019-03-26 01:00:00,4,
2019-03-26 02:00:00,4,
2019-03-26 03:00:00,4,
2019-03-26 04:00:00,4,
2019-03-26 05:00:00,4,
2019-03-26 06:00:00,4,
2019-03-26 07:00:00,4,0.9941348467724346
2019-03-26 08:00:00,4,0.998984025645318
2019-03-26 09:00:00,4,0.9995501118499425
2019-03-26 10:00:00,4,0.9932141387450323
2019-03-26 11:00:00,4,0.999377364543629
2019-03-26 12:00:00,4,0.9968642875585529
2019-03-26 13:00:00,4,0.31984156718582296
2019-03-26 14:00:00,4,0.9921134609648069
2019-03-26 15:00:00,4,0.999614067376615
2019-03-26 16:00:00,4,0.999396712497795
2019-03-26 17:00:00,4,0.8454635395271936
2019-03-26 18:00:00,4,0.9999512476401923
2019-03-26 19:00:00,4,0.9918566021154971
2019-03-26 20:00:00,4,
2019-03-26 21:00:00,4,
2019-03-26 22:00:00,4,
2019-03-26 23:00:00,4,
2019-03-27 00:00:00,4,
2019-03-27 01:00:00,4,
2019-03-27 02:00:00,4,
2019-03-27 03:00:00,4,
2019-03-27 04:00:00,4,
2019-03-27 05:00:00,4,
2019-03-27 06:00:00,4,
2019-03-27 07:00:00,4,0.9845181168038268
2019-03-27 08:00:00,4,0.9996035069061985
2019-03-27 09:00:00,4,0.999548960792851
2019-03-27 10:00:00,4,0.9984494388315799
2019-03-27 11:00:00,4,0.9997319219452055
2019-03-27 12:00:00,4,0.99399475270474
2019-03-27 13:00:00,4,0.9938260144090119
2019-03-27 14:00:00,4,0.9985853504225782
2019-03-27 15:00:00,4,0.997713813563502
2019-03-27 16:00:00,4,0.9999378492209943
2019-03-27 17:00:00,4,0.9980478884214208
2019-03-27 18:00:00,4,0.9992405513228975
2019-03-27 19:00:00,3,0.9987928717235232
2019-03-28 08:00:00,4,0.9993954956594787
2019-03-28 09:00:00,4,0.9948750948192923
2019-03-28 10:00:00,4,0.9994982483430891
2019-03-28 11:00:00,4,0.9971660657487617
2019-03-28 12:00:00,4,0.9894284645139446
2019-03-28 13:00:00,4,0.9963483970649147
2019-03-28 14:00:00,4,0.9799509162270393
2019-03-28 15:00:00,4,0.9940961220976994
2019-03-28 16:00:00,4,0.9999689376808872
2019-03-28 17:00:00,4,0.9886231286525188
2019-03-28 18:00:00,4,0.9974689525783415
2019-03-28 19:00:00,4,0.9956748230169176
2019-03-28 20:00:00,4,
2019-03-28 21:00:00,4,
2019-03-28 22:00:00,4,
2019-03-28 23:00:00,4,
2019-03-29 00:00:00,4,
2019-03-29 01:00:00,4,
2019-03-29 02:00:00,4,
2019-03-29 03:00:00,4,
2019-03-29 04:00:00,4,
2019-03-29 05:00:00,4,
2019-03-29 06:00:00,4,
2019-03-29 07:00:00,4,0.9996569746549822
2019-03-29 08:00:00,4,0.9996820452085561
2019-03-29 09:00:00,4,0.9993063858151289
2019-03-29 10:00:00,4,0.9970558375421021
2019-03-29 11:00:00,4,0.9994133882765196
2019-03-29 12:00:00,4,0.9944724373177287
2019-03-29 13:00:00,4,0.9688499683239864
2019-03-29 14:00:00,4,0.9965605627829988
2019-03-29 15:00:00,4,0.9919109910152365
2019-03-29 16:00:00,4,0.9980996188595107
2019-03-29 17:00:00,4,0.9998799906027139
2019-03-29 18:00:00,4,0.9998778680241919
2019-03-29 19:00:00,3,0.9928514579025401
2019-03-30 07:00:00,3,0.9965609378628926
2019-03-30 08:00:00,4,0.9992831567684556
2019-03-30 09:00:00,4,0.9985162247756714
2019-03-30 10:00:00,4,0.9956828287734477
2019-03-30 11:00:00,4,0.9979152314096993
2019-03-30 12:00:00,4,0.9876811178807241
2019-03-30 13:00:00,4,0.38204746370216347
2019-03-30 14:00:00,4,-0.6754417315357578
2019-03-30 15:00:00,4,0.8996461952715572
2019-03-30 16:00:00,4,0.9853533767418362
2019-03-30 17:00:00,4,0.9997514483312188
2019-03-30 18:00:00,4,0.9998484457929021
2019-03-30 19:00:00,3,0.9944238642300958
2019-03-31 07:00:00,3,0.9982278890406995
2019-03-31 08:00:00,4,0.999574203663086
2019-03-31 09:00:00,4,0.9991626660274446
2019-03-31 10:00:00,4,0.999036373130584
2019-03-31 11:00:00,4,0.998385735126144
2019-03-31 12:00:00,4,0.9937795607487941
2019-03-31 13:00:00,4,0.9976422081925901
2019-03-31 14:00:00,4,0.9577632505172062
2019-03-31 15:00:00,4,0.8669172496777825
2019-03-31 16:00:00,4,0.8978785870906285
2019-03-31 17:00:00,4,0.999896302423363
2019-03-31 18:00:00,4,0.9996601982565841
2019-03-31 19:00:00,4,0.9984764800071647
2019-03-31 20:00:00,4,
2019-03-31 21:00:00,4,
2019-03-31 22:00:00,4,
2019-03-31 23:00:00,4,
2019-04-01 00:00:00,4,
2019-04-01 01:00:00,4,
2019-04-01 02:00:00,4,
2019-04-01 03:00:00,4,
2019-04-01 04:00:00,4,
2019-04-01 05:00:00,4,
2019-04-01 06:00:00,4,
2019-04-01 07:00:00,4,0.999509587514923
2019-04-01 08:00:00,4,0.9915419894279235
2019-04-01 09:00:00,4,0.9985366235602319
2019-04-01 10:00:00,4,0.9974210224687158
2019-04-01 11:00:00,4,0.9959291422133939
2019-04-01 12:00:00,4,0.9150256307970324
2019-04-01 13:00:00,4,0.9705850417881795
2019-04-01 14:00:00,4,0.9994453136298989
2019-04-01 15:00:00,4,0.9997295875253285
2019-04-01 16:00:00,4,0.9994054750637077
2019-04-01 17:00:00,4,0.9901475359894606
2019-04-01 18:00:00,4,0.9996029961235859
2019-04-01 19:00:00,3,0.94758720452678
2019-04-02 07:00:00,3,0.9998224197240765
2019-04-02 08:00:00,4,0.9990696598007283
2019-04-02 09:00:00,4,0.999332354282664
2019-04-02 10:00:00,4,0.908500093494246
2019-04-02 11:00:00,4,0.9905119992442046
2019-04-02 12:00:00,4,0.9774844277455927
2019-04-02 13:00:00,4,0.9939427602464771
2019-04-02 14:00:00,4,0.9997566113730282
2019-04-02 15:00:00,4,0.9983399723819496
2019-04-02 16:00:00,4,0.9936957205513429
2019-04-02 17:00:00,4,0.9951542032305892
2019-04-02 18:00:00,4,0.9976977066710491
2019-04-02 19:00:00,3,0.9948307830209874
2019-04-03 07:00:00,3,0.9928309324561435
2019-04-03 08:00:00,4,0.9977418174212674
2019-04-03 09:00:00,4,0.9999723751118466
2019-04-03 10:00:00,4,0.9989225146311728
2019-04-03 11:00:00,4,0.999171155639784
2019-04-03 12:00:00,4,0.5808101124301214
2019-04-03 13:00:00,4,0.9737708731508238
2019-04-03 14:00:00,4,0.9946581434563891
2019-04-03 15:00:00,4,0.9990731020697051
2019-04-03 16:00:00,4,0.9970493451807789
2019-04-03 17:00:00,4,0.986317787390774
2019-04-03 18:00:00,4,0.9863205474348764
2019-04-03 19:00:00,4,0.9942335369696379
2019-04-03 20:00:00,4,
2019-04-03 21:00:00,4,
2019-04-03 22:00:00,4,
2019-04-03 23:00:00,4,
2019-04-04 00:00:00,4,
2019-04-04 01:00:00,4,
2019-04-04 02:00:00,4,
2019-04-04 03:00:00,4,
2019-04-04 04:00:00,4,
2019-04-04 05:00:00,4,
2019-04-04 06:00:00,4,
2019-04-04 07:00:00,4,0.9397627295639539
2019-04-04 08:00:00,4,0.9966121909101652
2019-04-04 09:00:00,4,0.9491716479313657
2019-04-04 10:00:00,4,0.9996783277255787
2019-04-04 11:00:00,4,0.9995706198437065
2019-04-04 12:00:00,4,0.5187665423331153
2019-04-04 13:00:00,4,0.9227248822983599
2019-04-04 14:00:00,4,0.9888489531685853
2019-04-04 15:00:00,4,0.9631829099753619
2019-04-04 16:00:00,4,0.9983429734769441
2019-04-04 17:00:00,4,0.06363636560402455
2019-04-04 18:00:00,4,0.9979366149666714
2019-04-04 19:00:00,3,0.9757311083645719
2019-04-05 07:00:00,3,0.9805103932658689
2019-04-05 08:00:00,4,0.9878703576019159
2019-04-05 09:00:00,4,0.9565849007875566
2019-04-05 10:00:00,4,0.999877326144893
2019-04-05 11:00:00,4,0.9953367907525799
2019-04-05 12:00:00,4,0.9971935332914188
2019-04-05 13:00:00,4,0.9952153715362716
2019-04-05 14:00:00,4,0.9951151777321426
2019-04-05 15:00:00,4,0.9950921219602542
2019-04-05 16:00:00,4,0.9893932539244924
2019-04-05 17:00:00,4,0.9939879044316663
2019-04-05 18:00:00,4,0.9996901196372873
2019-04-05 19:00:00,4,0.983479214936271
2019-04-06 07:00:00,3,0.9669999136836271
2019-04-06 08:00:00,4,0.9988510717369695
2019-04-06 09:00:00,4,0.9937715612432336
2019-04-06 10:00:00,4,0.8918376459456627
2019-04-06 11:00:00,4,0.9959568033832249
2019-04-06 12:00:00,4,0.9774251977259463
2019-04-06 13:00:00,4,0.5217472107758294
2019-04-06 14:00:00,4,0.992999088784674
2019-04-06 15:00:00,4,0.9952228203302086
2019-04-06 16:00:00,4,0.9998026087352065
2019-04-06 17:00:00,4,0.9996571884359843
2019-04-06 18:00:00,4,0.9998747634232883
2019-04-06 19:00:00,4,0.9855032216319786
2019-04-06 20:00:00,4,
2019-04-06 21:00:00,4,
2019-04-06 22:00:00,4,
2019-04-06 23:00:00,4,
2019-04-07 00:00:00,4,
2019-04-07 01:00:00,4,
2019-04-07 02:00:00,4,
2019-04-07 03:00:00,4,
2019-04-07 04:00:00,4,
2019-04-07 05:00:00,4,
2019-04-07 06:00:00,4,
2019-04-07 07:00:00,4,0.9941182715669173
2019-04-07 08:00:00,4,0.9993777983671999
2019-04-07 09:00:00,4,0.9986563060605442
2019-04-07 10:00:00,4,0.9931331336835301
2019-04-07 11:00:00,4,0.9976468286147031
2019-04-07 12:00:00,4,0.9753334129156036
2019-04-07 13:00:00,4,0.7250615919563523
2019-04-07 14:00:00,4,0.985057618604615
2019-04-07 15:00:00,4,0.9974491365324321
2019-04-07 16:00:00,4,0.9995993934511044
2019-04-07 17:00:00,4,0.9968646592805462
2019-04-07 18:00:00,4,0.9996932918890452
2019-04-07 19:00:00,4,0.9916662402197172
2019-04-07 20:00:00,4,
2019-04-07 21:00:00,4,
2019-04-07 22:00:00,4,
2019-04-07 23:00:00,4,
2019-04-08 00:00:00,4,
2019-04-08 01:00:00,4,
2019-04-08 02:00:00,4,
2019-04-08 03:00:00,4,
2019-04-08 04:00:00,4,
2019-04-08 05:00:00,4,
2019-04-08 06:00:00,4,
2019-04-08 07:00:00,4,0.9974456833781926
2019-04-08 08:00:00,4,0.8981268350722792
2019-04-08 09:00:00,4,0.9841602454130289
2019-04-08 10:00:00,4,0.9993289089115109
2019-04-08 11:00:00,4,0.973383135317877
2019-04-08 12:00:00,4,0.9887459065060838
2019-04-08 13:00:00,4,0.993429150101855
2019-04-08 14:00:00,4,0.9975402622749775
2019-04-08 15:00:00,4,0.9935711586553359
2019-04-08 16:00:00,4,0.9744825428875244
2019-04-08 17:00:00,4,0.9808949723618915
2019-04-08 18:00:00,4,0.9565236628453369
2019-04-08 19:00:00,4,0.966679672385069
2019-04-09 07:00:00,3,0.9973865233873588
2019-04-09 08:00:00,4,0.9995557309777822
2019-04-09 09:00:00,4,0.9994391340036746
2019-04-09 10:00:00,4,0.9957780859549342
2019-04-09 11:00:00,4,0.9998002317705708
2019-04-09 12:00:00,4,0.9891419053381347
2019-04-09 13:00:00,4,0.9542211922969814
2019-04-09 14:00:00,4,0.9711700748537128
2019-04-09 15:00:00,4,0.9994676488237973
2019-04-09 16:00:00,4,0.9935922398392708
2019-04-09 17:00:00,4,0.9945306224844531
2019-04-09 18:00:00,4,0.9988318929623627
2019-04-09 19:00:00,4,0.989210717835276
2019-04-10 07:00:00,3,0.9964639108132741
2019-04-10 08:00:00,4,0.9998872533353239
2019-04-10 09:00:00,4,0.9999757449714977
2019-04-10 10:00:00,4,0.9949915009132914
2019-04-10 11:00:00,4,0.9569233787010745
2019-04-10 12:00:00,4,0.9992621104407045
2019-04-10 13:00:00,4,0.9463703303058048
2019-04-10 14:00:00,4,0.8865221520222764
2019-04-10 15:00:00,4,0.9662743237602891
2019-04-10 16:00:00,4,0.9994946459431451
2019-04-10 17:00:00,4,0.9979326040262012
2019-04-10 18:00:00,4,0.999455668941728
2019-04-10 19:00:00,4,0.9936982274898207
2019-04-10 20:00:00,4,
2019-04-10 21:00:00,4,
2019-04-10 22:00:00,4,
2019-04-10 23:00:00,4,
2019-04-11 00:00:00,4,
2019-04-11 01:00:00,4,
2019-04-11 02:00:00,4,
2019-04-11 03:00:00,4,
2019-04-11 04:00:00,4,
2019-04-11 05:00:00,4,
2019-04-11 06:00:00,4,
2019-04-11 07:00:00,4,0.9991086674834486
2019-04-11 08:00:00,4,0.9995574332982865
2019-04-11 09:00:00,4,0.9992034110472665
2019-04-11 10:00:00,4,0.9937609750152683
2019-04-11 11:00:00,4,0.9980057665565701
2019-04-11 12:00:00,4,0.988431513158137
2019-04-11 13:00:00,4,0.9825301252067
2019-04-11 14:00:00,4,0.9989884065012047
2019-04-11 15:00:00,4,0.9532062130395911
2019-04-11 16:00:00,4,0.9868618445213758
2019-04-11 17:00:00,4,0.9998834773022378
2019-04-11 18:00:00,4,0.9678805312519145
2019-04-11 19:00:00,3,0.9967608413094573
2019-04-12 07:00:00,3,0.9974485811643764
2019-04-12 08:00:00,4,0.9997523275195068
2019-04-12 09:00:00,4,0.9990144465785309
2019-04-12 10:00:00,4,0.996640481742223
2019-04-12 11:00:00,4,0.9997284085795092
2019-04-12 12:00:00,4,0.9806542671697056
2019-04-12 13:00:00,4,0.9706573841602367
2019-04-12 14:00:00,4,0.9856139496715275
2019-04-12 15:00:00,4,0.9290517767359123
2019-04-12 16:00:00,4,0.999285910077753
2019-04-12 17:00:00,4,0.999862794466381
2019-04-12 18:00:00,4,0.9993428467353506
2019-04-12 19:00:00,4,0.9682716139622991
2019-04-13 07:00:00,4,0.9977669343557684
2019-04-13 08:00:00,4,0.9994376247444076
2019-04-13 09:00:00,4,0.9980724463466453
2019-04-13 10:00:00,4,0.9968605848571015
2019-04-13 11:00:00,4,0.9995030485775607
2019-04-13 12:00:00,4,0.991590848496842
2019-04-13 13:00:00,4,0.9873851479532724
2019-04-13 14:00:00,4,0.9984822249085349
2019-04-13 15:00:00,4,0.9984427219270839
2019-04-13 16:00:00,4,0.9997712786555164
2019-04-13 17:00:00,4,0.9997809436927562
2019-04-13 18:00:00,4,0.9998515027078239
2019-04-13 19:00:00,4,0.9707384519892477
2019-04-13 20:00:00,4,
2019-04-13 21:00:00,4,
2019-04-13 22:00:00,4,
2019-04-13 23:00:00,4,
2019-04-14 00:00:00,4,
2019-04-14 01:00:00,4,
2019-04-14 02:00:00,4,
2019-04-14 03:00:00,4,
2019-04-14 04:00:00,4,
2019-04-14 05:00:00,4,
2019-04-14 06:00:00,4,
2019-04-14 07:00:00,4,0.9934082301241169
2019-04-14 08:00:00,4,0.9987084923309265
2019-04-14 09:00:00,4,0.9977387031618046
2019-04-14 10:00:00,4,0.9964336051788109
2019-04-14 11:00:00,4,0.992507568378672
2019-04-14 12:00:00,4,0.9887965252194331
2019-04-14 13:00:00,4,0.9678953432947764
2019-04-14 14:00:00,4,0.9818603696662503
2019-04-14 15:00:00,4,0.9441110896276854
2019-04-14 16:00:00,4,0.9999892264151391
2019-04-14 17:00:00,4,0.9985509482945385
2019-04-14 18:00:00,4,0.9932790153592423
2019-04-14 19:00:00,4,0.9901088886596602
2019-04-14 20:00:00,4,
2019-04-14 21:00:00,4,
2019-04-14 22:00:00,4,
2019-04-14 23:00:00,4,
2019-04-15 00:00:00,4,
2019-04-15 01:00:00,4,
2019-04-15 02:00:00,4,
2019-04-15 03:00:00,4,
2019-04-15 04:00:00,4,
2019-04-15 05:00:00,4,
2019-04-15 06:00:00,4,
2019-04-15 07:00:00,4,0.9978574880364804
2019-04-15 08:00:00,4,0.9992811998485516
2019-04-15 09:00:00,4,0.9990190325485576
2019-04-15 10:00:00,4,0.9724305453380705
2019-04-15 11:00:00,4,0.9529369751790642
2019-04-15 12:00:00,4,0.9283361763364796
2019-04-15 13:00:00,4,0.9880331209510539
2019-04-15 14:00:00,4,0.9897396044227019
2019-04-15 15:00:00,4,0.15825412214344592
2019-04-15 16:00:00,4,0.9971462773561678
2019-04-15 17:00:00,4,0.9981561382136918
2019-04-15 18:00:00,4,0.642930341078858
2019-04-15 19:00:00,3,0.9925596871571591
2019-04-16 08:00:00,4,0.9972295163473354
2019-04-16 09:00:00,4,0.9934544809537247
2019-04-16 10:00:00,4,0.999224581149428
2019-04-16 11:00:00,4,0.8307379232770766
2019-04-16 12:00:00,4,0.8647964459020278
2019-04-16 13:00:00,4,0.9535724790331396
2019-04-16 14:00:00,4,0.9980573049057695
2019-04-16 15:00:00,4,0.9778145588409058
2019-04-16 16:00:00,4,0.9888202378789368
2019-04-16 17:00:00,4,0.9999369275715896
2019-04-16 18:00:00,4,0.9949506717223362
2019-04-16 19:00:00,4,0.9941693987003711
2019-04-16 20:00:00,4,
2019-04-16 21:00:00,4,
2019-04-16 22:00:00,4,
2019-04-16 23:00:00,4,
2019-04-17 00:00:00,4,
2019-04-17 01:00:00,4,
2019-04-17 02:00:00,4,
2019-04-17 03:00:00,4,
2019-04-17 04:00:00,4,
2019-04-17 05:00:00,4,
2019-04-17 06:00:00,4,
2019-04-17 07:00:00,4,0.9972493286774325
2019-04-17 08:00:00,4,0.9996298304702217
2019-04-17 09:00:00,4,0.9991487998481631
2019-04-17 10:00:00,4,0.9979199623884519
2019-04-17 11:00:00,4,0.995210461039977
2019-04-17 12:00:00,4,0.966217812058536
2019-04-17 13:00:00,4,0.7098309900547376
2019-04-17 14:00:00,4,0.9455284662764706
2019-04-17 15:00:00,4,0.5718532283966334
2019-04-17 16:00:00,4,0.9904236650724607
2019-04-17 17:00:00,4,0.9814750752838007
2019-04-17 18:00:00,4,0.9889876756560521
2019-04-17 19:00:00,4,
2019-04-17 20:00:00,4,
2019-04-17 21:00:00,4,
2019-04-17 22:00:00,4,
2019-04-17 23:00:00,4,
2019-04-18 00:00:00,4,
2019-04-18 01:00:00,4,
2019-04-18 02:00:00,4,
2019-04-18 03:00:00,4,
2019-04-18 04:00:00,4,
2019-04-18 05:00:00,4,
2019-04-18 06:00:00,4,
2019-04-18 07:00:00,4,
2019-04-18 08:00:00,4,
2019-04-18 09:00:00,4,
2019-04-18 10:00:00,4,
2019-04-18 11:00:00,4,
2019-04-18 12:00:00,4,
2019-04-18 13:00:00,4,
2019-04-18 14:00:00,4,-0.2411209311491118
2019-04-18 15:00:00,4,0.9521528687646529
2019-04-18 16:00:00,4,0.9862081914002
2019-04-18 17:00:00,4,0.9903177787400468
2019-04-18 18:00:00,4,0.9953739397720203
2019-04-18 19:00:00,4,0.993550402042339
2019-04-19 07:00:00,4,0.9990316808674768
2019-04-19 08:00:00,4,0.9997280358458813
2019-04-19 09:00:00,4,0.9987695967335048
2019-04-19 10:00:00,4,0.9945587683698993
2019-04-19 11:00:00,4,0.9994895160230591
2019-04-19 12:00:00,4,0.9949657884217228
2019-04-19 13:00:00,4,0.6662904856617822
2019-04-19 14:00:00,4,0.9855661457792108
2019-04-19 15:00:00,4,0.9956721270981982
2019-04-19 16:00:00,4,0.9880894695517521
2019-04-19 17:00:00,4,0.9848968970027948
2019-04-19 18:00:00,4,0.9939065924428193
2019-04-19 19:00:00,4,0.9599217874149889
2019-04-19 20:00:00,4,
2019-04-19 21:00:00,4,
2019-04-19 22:00:00,4,
2019-04-19 23:00:00,4,
2019-04-20 00:00:00,4,
2019-04-20 01:00:00,4,
2019-04-20 02:00:00,4,
2019-04-20 03:00:00,4,
2019-04-20 04:00:00,4,
2019-04-20 05:00:00,4,
2019-04-20 06:00:00,4,
2019-04-20 07:00:00,4,0.9981392923750922
2019-04-20 08:00:00,4,0.9996130178087002
2019-04-20 09:00:00,4,0.9986697759012604
2019-04-20 10:00:00,4,0.9969997337963209
2019-04-20 11:00:00,4,0.9995552744828373
2019-04-20 12:00:00,4,0.9942697991164101
2019-04-20 13:00:00,4,0.9646639000345337
2019-04-20 14:00:00,4,0.9838493410694409
2019-04-20 15:00:00,4,0.9965634375962015
2019-04-20 16:00:00,4,0.9914567932699055
2019-04-20 17:00:00,4,0.9993266462969602
2019-04-20 18:00:00,4,0.9951002341337678
2019-04-20 19:00:00,4,0.9828724101719969
2019-04-21 07:00:00,4,0.9882977157039691
2019-04-21 08:00:00,4,0.9998910333789202
2019-04-21 09:00:00,4,0.993683033962246
2019-04-21 10:00:00,4,0.9687444895687412
2019-04-21 11:00:00,4,0.9195605469782043
2019-04-21 12:00:00,4,0.9395702831608721
2019-04-21 13:00:00,4,0.9896996408902644
2019-04-21 14:00:00,4,0.9895588741188719
2019-04-21 15:00:00,4,0.998270303394758
2019-04-21 16:00:00,4,0.9949360471232791
2019-04-21 17:00:00,4,0.9995944342030864
2019-04-21 18:00:00,4,0.9977813948979019
2019-04-21 19:00:00,4,0.9961328856093681
2019-04-21 20:00:00,4,
2019-04-21 21:00:00,4,
2019-04-21 22:00:00,4,
2019-04-21 23:00:00,4,
2019-04-22 00:00:00,4,
2019-04-22 01:00:00,4,
2019-04-22 02:00:00,4,
2019-04-22 03:00:00,4,
2019-04-22 04:00:00,4,
2019-04-22 05:00:00,4,
2019-04-22 06:00:00,4,
2019-04-22 07:00:00,4,0.9748942659992978
2019-04-22 08:00:00,4,0.9998769886112271
2019-04-22 09:00:00,4,0.9988748530154835
2019-04-22 10:00:00,4,0.9972587399521434
2019-04-22 11:00:00,4,0.9994736824794215
2019-04-22 12:00:00,4,0.8176263957783656
2019-04-22 13:00:00,4,0.9883968260618795
2019-04-22 14:00:00,4,0.9974775155845741
2019-04-22 15:00:00,4,0.9707854152150659
2019-04-22 16:00:00,4,0.9372200659991475
2019-04-22 17:00:00,4,0.9925683640842339
2019-04-22 18:00:00,4,0.9987710195663503
2019-04-22 19:00:00,4,0.9990673533691116
2019-04-22 20:00:00,4,
2019-04-22 21:00:00,4,
2019-04-22 22:00:00,4,
2019-04-22 23:00:00,4,
2019-04-23 00:00:00,4,
2019-04-23 01:00:00,4,
2019-04-23 02:00:00,4,
2019-04-23 03:00:00,4,
2019-04-23 04:00:00,4,
2019-04-23 05:00:00,4,
2019-04-23 06:00:00,4,
2019-04-23 07:00:00,4,0.994405387927176
2019-04-23 08:00:00,4,0.9969775831159343
2019-04-23 09:00:00,4,0.999685896822998
2019-04-23 10:00:00,4,0.9984710443941732
2019-04-23 11:00:00,4,0.9997641535087245
2019-04-23 12:00:00,4,0.9965185852513138
2019-04-23 13:00:00,4,0.97315401479603
2019-04-23 14:00:00,4,0.955131566903842
2019-04-23 15:00:00,4,0.9822428463897563
2019-04-23 16:00:00,4,0.9900662772131389
2019-04-23 17:00:00,4,0.9974848235362238
2019-04-23 18:00:00,4,0.9973202735505583
2019-04-23 19:00:00,4,0.9883874814271534
2019-04-23 20:00:00,4,
2019-04-23 21:00:00,4,
2019-04-23 22:00:00,4,
2019-04-23 23:00:00,4,
2019-04-24 00:00:00,4,
2019-04-24 01:00:00,4,
2019-04-24 02:00:00,4,
2019-04-24 03:00:00,4,
2019-04-24 04:00:00,4,
2019-04-24 05:00:00,4,
2019-04-24 06:00:00,4,
2019-04-24 07:00:00,4,0.9696938724771718
2019-04-24 08:00:00,4,0.9784423271113443
2019-04-24 09:00:00,4,0.9945692900099236
2019-04-24 10:00:00,4,0.99134108906524
2019-04-24 11:00:00,4,0.9703653123611228
2019-04-24 12:00:00,4,0.9635463670795892
2019-04-24 13:00:00,4,0.9224914753225482
2019-04-24 14:00:00,4,0.975395818674377
2019-04-24 15:00:00,4,0.9954490080630545
2019-04-24 16:00:00,4,0.99976623870179
2019-04-24 17:00:00,4,0.9996650763988095
2019-04-24 18:00:00,4,0.9970698964832012
2019-04-24 19:00:00,4,
2019-04-24 20:00:00,4,
2019-04-24 21:00:00,4,
2019-04-24 22:00:00,4,
2019-04-24 23:00:00,4,
2019-04-25 00:00:00,4,
2019-04-25 01:00:00,4,
2019-04-25 02:00:00,4,
2019-04-25 03:00:00,4,
2019-04-25 04:00:00,4,
2019-04-25 05:00:00,4,
2019-04-25 06:00:00,4,
2019-04-25 07:00:00,4,0.972274610950197
2019-04-25 08:00:00,4,0.9888074565358516
2019-04-25 09:00:00,4,0.9996983956756075
2019-04-25 10:00:00,4,0.9959881899473697
2019-04-25 11:00:00,4,0.9999690514978756
2019-04-25 12:00:00,4,0.9928479912758025
2019-04-25 13:00:00,4,0.6429863149982082
2019-04-25 14:00:00,4,0.4412425209800647
2019-04-25 15:00:00,4,0.9995323480741759
2019-04-25 16:00:00,4,0.9923249118631443
2019-04-25 17:00:00,4,0.9994646298292165
2019-04-25 18:00:00,4,0.9953432796210783
2019-04-25 19:00:00,4,0.9997712268737935
2019-04-25 20:00:00,4,
2019-04-25 21:00:00,4,
2019-04-25 22:00:00,4,
2019-04-25 23:00:00,4,
2019-04-26 00:00:00,4,
2019-04-26 01:00:00,4,
2019-04-26 02:00:00,4,
2019-04-26 03:00:00,4,
2019-04-26 04:00:00,4,
2019-04-26 05:00:00,4,
2019-04-26 06:00:00,4,
2019-04-26 07:00:00,4,0.9616049727630231
2019-04-26 08:00:00,4,0.9993428946933456
2019-04-26 09:00:00,4,0.9997394160250331
2019-04-26 10:00:00,4,0.9965555987267488
2019-04-26 11:00:00,4,0.9994737808622473
2019-04-26 12:00:00,4,0.9963698582551068
2019-04-26 13:00:00,4,0.7791235301707068
2019-04-26 14:00:00,4,0.9813097328560209
2019-04-26 15:00:00,4,0.9988745318824518
2019-04-26 16:00:00,4,0.9994710255637371
2019-04-26 17:00:00,4,0.9999322243384756
2019-04-26 18:00:00,4,0.9948318566283231
2019-04-26 19:00:00,4,0.9919689601175344
2019-04-27 07:00:00,4,0.9598890533848274
2019-04-27 08:00:00,4,0.9997650520286806
2019-04-27 09:00:00,4,0.9981332908878202
2019-04-27 10:00:00,4,0.9977467361165202
2019-04-27 11:00:00,4,0.9998685160161327
2019-04-27 12:00:00,4,0.9968274277932389
2019-04-27 13:00:00,4,0.9610077779368894
2019-04-27 14:00:00,4,0.8248106030023369
2019-04-27 15:00:00,4,0.9897855771742634
2019-04-27 16:00:00,4,0.9477084546989376
2019-04-27 17:00:00,4,0.9811675879489272
2019-04-27 18:00:00,4,0.9993636994487224
2019-04-27 19:00:00,4,0.9909761996525618
2019-04-27 20:00:00,4,
2019-04-27 21:00:00,4,
2019-04-27 22:00:00,4,
2019-04-27 23:00:00,4,
2019-04-28 00:00:00,4,
2019-04-28 01:00:00,4,
2019-04-28 02:00:00,4,
2019-04-28 03:00:00,4,
2019-04-28 04:00:00,4,
2019-04-28 05:00:00,4,
2019-04-28 06:00:00,4,
2019-04-28 07:00:00,4,0.9666148643534854
2019-04-28 08:00:00,4,0.9994495045886742
2019-04-28 09:00:00,4,0.9994392407580093
2019-04-28 10:00:00,4,0.9984006225627589
2019-04-28 11:00:00,4,0.9994821090818363
2019-04-28 12:00:00,4,-0.0063435372871133554
2019-04-28 13:00:00,4,0.9116456446023253
2019-04-28 14:00:00,4,0.9970101886566947
2019-04-28 15:00:00,4,0.9809273153677793
2019-04-28 16:00:00,4,0.9998176222100881
2019-04-28 17:00:00,4,0.8234164151481466
2019-04-28 18:00:00,4,0.9999854884965353
2019-04-28 19:00:00,4,0.9937837923589425
2019-04-29 07:00:00,4,0.9892746660026221
2019-04-29 08:00:00,4,0.9995275450099064
2019-04-29 09:00:00,4,0.9980382157268899
2019-04-29 10:00:00,4,0.9961810148609325
2019-04-29 11:00:00,4,0.9978146081103494
2019-04-29 12:00:00,4,0.997492238176528
2019-04-29 13:00:00,4,0.9972524523768641
2019-04-29 14:00:00,4,0.9983939017895647
2019-04-29 15:00:00,4,0.9980553764260285
2019-04-29 16:00:00,4,0.9988722815772242
2019-04-29 17:00:00,4,0.9995106216052559
2019-04-29 18:00:00,4,0.9906570969682088
2019-04-29 19:00:00,3,0.958036277875956
2019-04-30 07:00:00,4,0.9965580451741043
2019-04-30 08:00:00,4,0.9988701709724049
2019-04-30 09:00:00,4,0.9987671080522206
2019-04-30 10:00:00,4,0.991581801297966
2019-04-30 11:00:00,4,0.9706674387909833
2019-04-30 12:00:00,4,0.9900476074377829
2019-04-30 13:00:00,4,0.9982499694105226
2019-04-30 14:00:00,4,0.9977370266591039
2019-04-30 15:00:00,4,0.9990298542913205
2019-04-30 16:00:00,4,0.971889257993743
2019-04-30 17:00:00,4,0.9965380175182483
2019-04-30 18:00:00,4,0.9574331040190694
2019-04-30 19:00:00,4,
2019-05-01 07:00:00,4,0.9837110981597882
2019-05-01 08:00:00,4,0.9970010771648606
2019-05-01 09:00:00,4,0.99687206005771
2019-05-01 10:00:00,4,0.9832339099747438
2019-05-01 11:00:00,4,0.9734904506733515
2019-05-01 12:00:00,4,0.9736561610184782
2019-05-01 13:00:00,4,0.9946619511723216
2019-05-01 14:00:00,4,0.9957875342857702
2019-05-01 15:00:00,4,0.9918307501754631
2019-05-01 16:00:00,4,0.9980791582651205
2019-05-01 17:00:00,4,0.9296204414586128
2019-05-01 18:00:00,4,0.999251234992439
2019-05-01 19:00:00,4,0.8869832512778885
2019-05-02 07:00:00,4,0.9819932294568766
2019-05-02 08:00:00,4,0.997785859848053
2019-05-02 09:00:00,4,0.9972459328531655
2019-05-02 10:00:00,4,0.9898032497230566
2019-05-02 11:00:00,4,0.975338807586511
2019-05-02 12:00:00,4,0.7413891967793002
2019-05-02 13:00:00,4,0.9930150106574274
2019-05-02 14:00:00,4,0.9807451927066526
2019-05-02 15:00:00,4,0.9949707666691834
2019-05-02 16:00:00,4,0.9993411956377397
2019-05-02 17:00:00,4,0.9998537899081986
2019-05-02 18:00:00,4,0.9355226070329377
2019-05-02 19:00:00,3,0.9970984364658313
2019-05-03 07:00:00,4,0.9522088960850953
2019-05-03 08:00:00,4,0.9997220704949585
2019-05-03 09:00:00,4,0.9987298163751769
2019-05-03 10:00:00,4,0.9960468684195395
2019-05-03 11:00:00,4,0.9993275772924983
2019-05-03 12:00:00,4,0.9804852041126286
2019-05-03 13:00:00,4,0.5210209954220192
2019-05-03 14:00:00,4,0.9876615581300233
2019-05-03 15:00:00,4,0.9965185905154424
2019-05-03 16:00:00,4,0.9951743918836967
2019-05-03 17:00:00,4,0.9796465510954752
2019-05-03 18:00:00,4,0.9982543157614373
2019-05-03 19:00:00,4,0.9837143816822468
2019-05-04 07:00:00,4,0.9995893031492673
2019-05-04 08:00:00,4,0.9997643146490128
2019-05-04 09:00:00,4,0.9927791827638928
2019-05-04 10:00:00,4,0.9885110679691649
2019-05-04 11:00:00,4,0.9969839713555776
2019-05-04 12:00:00,4,0.9999404826095581
2019-05-04 13:00:00,4,0.9924825380096166
2019-05-04 14:00:00,4,0.9908296223681963
2019-05-04 15:00:00,4,0.9981223190339055
2019-05-04 16:00:00,4,0.9659103778361445
2019-05-04 17:00:00,4,0.9989385544088413
2019-05-04 18:00:00,4,0.9999402928183665
2019-05-04 19:00:00,4,0.9990893670959183
2019-05-05 07:00:00,4,0.9998545011415826
2019-05-05 08:00:00,4,0.9957512806920477
2019-05-05 09:00:00,4,0.9996029202982609
2019-05-05 10:00:00,4,0.9870976003081512
2019-05-05 11:00:00,4,0.9776239328039451
2019-05-05 12:00:00,4,0.9888410501506759
2019-05-05 13:00:00,4,0.997432633804742
2019-05-05 14:00:00,4,0.9817345126528162
2019-05-05 15:00:00,4,0.9085952946538697
2019-05-05 16:00:00,4,0.9891254716028212
2019-05-05 17:00:00,4,0.9849637933887028
2019-05-05 18:00:00,4,0.999756188438127
2019-05-05 19:00:00,3,0.9127005774420365
2019-05-06 07:00:00,4,0.9963851635435216
2019-05-06 08:00:00,4,0.999634038545379
2019-05-06 09:00:00,4,0.999524451877084
2019-05-06 10:00:00,4,0.8784833753909175
2019-05-06 11:00:00,4,0.9463418272022378
2019-05-06 12:00:00,4,0.999670069770043
2019-05-06 13:00:00,4,0.9825555736993679
2019-05-06 14:00:00,4,0.9826650703697508
2019-05-06 15:00:00,4,0.9863486414468237
2019-05-06 16:00:00,4,0.9249703729781658
2019-05-06 17:00:00,4,0.9914887500981533
2019-05-06 18:00:00,4,0.999000501418003
2019-05-06 19:00:00,4,0.942247053512225
2019-05-07 07:00:00,4,0.950855236565512
2019-05-07 08:00:00,4,0.9994962842634315
2019-05-07 09:00:00,4,0.9991684495430829
2019-05-07 10:00:00,4,0.9979704837270804
2019-05-07 11:00:00,4,0.9992146999572744
2019-05-07 12:00:00,4,0.9962637089594883
2019-05-07 13:00:00,4,0.5906269779066964
2019-05-07 14:00:00,4,0.6344053842695783
2019-05-07 15:00:00,4,0.9902481095929183
2019-05-07 16:00:00,4,0.9897853471751217
2019-05-07 17:00:00,4,0.9901507872467067
2019-05-07 18:00:00,4,0.9943382284485642
2019-05-07 19:00:00,4,0.9969813030445356
2019-05-07 20:00:00,4,
2019-05-07 21:00:00,4,
2019-05-07 22:00:00,4,
2019-05-07 23:00:00,4,
2019-05-08 00:00:00,4,
2019-05-08 01:00:00,4,
2019-05-08 02:00:00,4,
2019-05-08 03:00:00,4,
2019-05-08 04:00:00,4,
2019-05-08 05:00:00,4,
2019-05-08 06:00:00,4,
2019-05-08 07:00:00,4,0.9628387353495342
2019-05-08 08:00:00,4,0.9998696025892478
2019-05-08 09:00:00,4,0.9997096562802439
2019-05-08 10:00:00,4,0.9912904990347281
2019-05-08 11:00:00,4,0.9548329842754077
2019-05-08 12:00:00,4,0.9997071967615575
2019-05-08 13:00:00,4,0.972639469825382
2019-05-08 14:00:00,4,0.9902103781350681
2019-05-08 15:00:00,4,0.9859541295688611
2019-05-08 16:00:00,4,0.9005464835830419
2019-05-08 17:00:00,4,0.848706415301661
2019-05-08 18:00:00,4,0.9235773672639099
2019-05-08 19:00:00,4,0.9967945082564444
2019-05-08 20:00:00,4,
2019-05-08 21:00:00,4,
2019-05-08 22:00:00,4,
2019-05-08 23:00:00,4,
2019-05-09 00:00:00,4,
2019-05-09 01:00:00,4,
2019-05-09 02:00:00,4,
2019-05-09 03:00:00,4,
2019-05-09 04:00:00,4,
2019-05-09 05:00:00,4,
2019-05-09 06:00:00,4,
2019-05-09 07:00:00,4,0.9972847414921462
2019-05-09 08:00:00,4,0.9998792151103991
2019-05-09 09:00:00,4,0.99916661016359
2019-05-09 10:00:00,4,0.9843831415077616
2019-05-09 11:00:00,4,0.9956873684536124
2019-05-09 12:00:00,4,0.9999807589113372
2019-05-09 13:00:00,4,0.9890388424356968
2019-05-09 14:00:00,4,0.996299467462512
2019-05-09 15:00:00,4,0.9999892951091965
2019-05-09 16:00:00,4,0.9955884778799751
2019-05-09 17:00:00,4,0.9995661286877273
2019-05-09 18:00:00,4,0.9972243248324424
2019-05-10 07:00:00,4,
2019-05-10 08:00:00,4,0.999152069486662
2019-05-10 09:00:00,4,0.9988894353447344
2019-05-10 10:00:00,4,0.9996133174739281
2019-05-10 11:00:00,4,0.999396886538495
2019-05-10 12:00:00,4,0.9888660037943848
2019-05-10 13:00:00,4,0.9949193184627605
2019-05-10 14:00:00,4,0.9923077754686895
2019-05-10 15:00:00,4,0.9980933343035601
2019-05-10 16:00:00,4,0.9963020427232906
2019-05-10 17:00:00,4,0.992352122123178
2019-05-10 18:00:00,4,0.997241003705791
2019-05-10 19:00:00,4,0.9998817959950248
2019-05-11 07:00:00,4,0.989374345862804
2019-05-11 08:00:00,4,0.9990530459688608
2019-05-11 09:00:00,4,0.9559968596104467
2019-05-11 10:00:00,4,0.9996469893011046
2019-05-11 11:00:00,4,0.9774149681837028
2019-05-11 12:00:00,4,0.9800673776893049
2019-05-11 13:00:00,4,0.9798281585767564
2019-05-11 14:00:00,4,0.9960440004941203
2019-05-11 15:00:00,4,0.9974512951743078
2019-05-11 16:00:00,4,0.9970380190170997
2019-05-11 17:00:00,4,0.9997618423081382
2019-05-11 18:00:00,4,0.999902761520104
2019-05-11 19:00:00,4,0.9928987565359708
2019-05-11 20:00:00,4,
2019-05-11 21:00:00,4,
2019-05-11 22:00:00,4,
2019-05-11 23:00:00,4,
2019-05-12 00:00:00,4,
2019-05-12 01:00:00,4,
2019-05-12 02:00:00,4,
2019-05-12 03:00:00,4,
2019-05-12 04:00:00,4,
2019-05-12 05:00:00,4,
2019-05-12 06:00:00,4,1.0
2019-05-12 07:00:00,4,0.9996748993670694
2019-05-12 08:00:00,4,0.9941681899291329
2019-05-12 09:00:00,4,0.9982299214293802
2019-05-12 10:00:00,4,0.9622463159703228
2019-05-12 11:00:00,4,0.9998858780111787
2019-05-12 12:00:00,4,0.9962791958006981
2019-05-12 13:00:00,4,0.9327624610493577
2019-05-12 14:00:00,4,0.9886886535936957
2019-05-12 15:00:00,4,0.9954207575981717
2019-05-12 16:00:00,4,0.9970299569827359
2019-05-12 17:00:00,4,0.9826516153644659
2019-05-12 18:00:00,4,0.975968603078729
2019-05-12 19:00:00,4,0.9999964697029041
2019-05-12 20:00:00,4,
2019-05-12 21:00:00,4,
2019-05-12 22:00:00,4,
2019-05-12 23:00:00,4,
2019-05-13 00:00:00,4,
2019-05-13 01:00:00,4,
2019-05-13 02:00:00,4,
2019-05-13 03:00:00,4,
2019-05-13 04:00:00,4,
2019-05-13 05:00:00,4,
2019-05-13 06:00:00,4,
2019-05-13 07:00:00,4,0.9717818944000457
2019-05-13 08:00:00,4,0.9997322402100914
2019-05-13 09:00:00,4,0.9989695494349581
2019-05-13 10:00:00,4,0.9621434590413587
2019-05-13 11:00:00,4,0.9965632389328775
2019-05-13 12:00:00,4,0.9959973475695848
2019-05-13 13:00:00,4,0.984360432448028
2019-05-13 14:00:00,4,0.9987241556406329
2019-05-13 15:00:00,4,0.999164257892882
2019-05-13 16:00:00,4,0.9788206571615053
2019-05-13 17:00:00,4,0.998253044977685
2019-05-13 18:00:00,4,0.9985842415511795
2019-05-13 19:00:00,4,0.9996606427671454
2019-05-13 20:00:00,4,
2019-05-13 21:00:00,4,
2019-05-13 22:00:00,4,
2019-05-13 23:00:00,4,
2019-05-14 00:00:00,4,
2019-05-14 01:00:00,4,
2019-05-14 02:00:00,4,
2019-05-14 03:00:00,4,
2019-05-14 04:00:00,4,
2019-05-14 05:00:00,4,
2019-05-14 06:00:00,4,
2019-05-14 07:00:00,4,0.998154689854624
2019-05-14 08:00:00,4,0.9957808296808044
2019-05-14 09:00:00,4,0.9983949846415846
2019-05-14 10:00:00,4,0.9972311280351127
2019-05-14 11:00:00,4,0.9894953539652819
2019-05-14 12:00:00,4,0.8960444571181355
2019-05-14 13:00:00,4,0.17717788351972608
2019-05-14 14:00:00,4,0.9850106135019241
2019-05-14 15:00:00,4,0.9930957990239416
2019-05-14 16:00:00,4,0.9990911892693115
2019-05-14 17:00:00,4,0.9893357738689627
2019-05-14 18:00:00,4,0.9927502375423112
2019-05-14 19:00:00,4,0.9950940102072164
2019-05-15 07:00:00,4,0.9840246876093259
2019-05-15 08:00:00,4,0.999821728251807
2019-05-15 09:00:00,4,0.9993511235931731
2019-05-15 10:00:00,4,0.9959844920842259
2019-05-15 11:00:00,4,0.9999806892271709
2019-05-15 12:00:00,4,0.9971361679033197
2019-05-15 13:00:00,4,0.7646912646060792
2019-05-15 14:00:00,4,0.9890813176270736
2019-05-15 15:00:00,4,0.9711869507780133
2019-05-15 16:00:00,4,0.7208339873918235
2019-05-15 17:00:00,4,0.9909666087872288
2019-05-15 18:00:00,4,0.9983006768323798
2019-05-15 19:00:00,4,0.9996269933234397
2019-05-15 20:00:00,4,
2019-05-15 21:00:00,4,
2019-05-15 22:00:00,4,
2019-05-15 23:00:00,4,
2019-05-16 00:00:00,4,
2019-05-16 01:00:00,4,
2019-05-16 02:00:00,4,
2019-05-16 03:00:00,4,
2019-05-16 04:00:00,4,
2019-05-16 05:00:00,4,
2019-05-16 06:00:00,4,
2019-05-16 07:00:00,4,0.9721199972519369
2019-05-16 08:00:00,4,0.9999350638155329
2019-05-16 09:00:00,4,0.9989595891614744
2019-05-16 10:00:00,4,0.9995672448580152
2019-05-16 11:00:00,4,0.9998547105878095
2019-05-16 12:00:00,4,0.9898831113125635
2019-05-16 13:00:00,4,0.983461051610862
2019-05-16 14:00:00,4,0.8121118086312269
2019-05-16 15:00:00,4,0.9839004733661592
2019-05-16 16:00:00,4,0.981267642814856
2019-05-16 17:00:00,4,0.9961572196340543
2019-05-16 18:00:00,4,0.9950668278734869
2019-05-16 19:00:00,4,0.9876660895007934
2019-05-16 20:00:00,4,
2019-05-16 21:00:00,4,
2019-05-16 22:00:00,4,
2019-05-16 23:00:00,4,
2019-05-17 00:00:00,4,
2019-05-17 01:00:00,4,
2019-05-17 02:00:00,4,
2019-05-17 03:00:00,4,
2019-05-17 04:00:00,4,
2019-05-17 05:00:00,4,
2019-05-17 06:00:00,4,
2019-05-17 07:00:00,4,0.9685832996283392
2019-05-17 08:00:00,4,0.9997183537264775
2019-05-17 09:00:00,4,0.9992200473004044
2019-05-17 10:00:00,4,0.9988328078432647
2019-05-17 11:00:00,4,0.9993304071057447
2019-05-17 12:00:00,4,0.9988887706564085
2019-05-17 13:00:00,4,0.8419928175862174
2019-05-17 14:00:00,4,0.9838753217043865
2019-05-17 15:00:00,4,0.9933332223830631
2019-05-17 16:00:00,4,0.9995524792717628
2019-05-17 17:00:00,4,0.9935724439873889
2019-05-17 18:00:00,4,0.9679081672807296
2019-05-17 19:00:00,4,0.9975551052103653
2019-05-18 07:00:00,4,0.9689163549231333
2019-05-18 08:00:00,4,0.9999025408640065
2019-05-18 09:00:00,4,0.9993180463173222
2019-05-18 10:00:00,4,0.9988116146949411
2019-05-18 11:00:00,4,0.9998347672746611
2019-05-18 12:00:00,4,0.9939152571422439
2019-05-18 13:00:00,4,0.31530435832605885
2019-05-18 14:00:00,4,0.9776954585049581
2019-05-18 15:00:00,4,0.9866183768461335
2019-05-18 16:00:00,4,0.9592679030640314
2019-05-18 17:00:00,4,0.9998531975604044
2019-05-18 18:00:00,4,0.9970565163589186
2019-05-18 19:00:00,4,0.990509283802497
2019-05-18 20:00:00,4,
2019-05-18 21:00:00,4,
2019-05-18 22:00:00,4,
2019-05-18 23:00:00,4,
2019-05-19 00:00:00,4,
2019-05-19 01:00:00,4,
2019-05-19 02:00:00,4,
2019-05-19 03:00:00,4,
2019-05-19 04:00:00,4,
2019-05-19 05:00:00,4,
2019-05-19 06:00:00,4,
2019-05-19 07:00:00,4,0.9756133633649701
2019-05-19 08:00:00,4,0.9997819067983845
2019-05-19 09:00:00,4,0.9995178965693914
2019-05-19 10:00:00,4,0.9991255827330006
2019-05-19 11:00:00,4,0.809536242628239
2019-05-19 12:00:00,4,0.20616528857914765
2019-05-19 13:00:00,4,0.31382791763129697
2019-05-19 14:00:00,4,0.9935752105187156
2019-05-19 15:00:00,4,0.9714305981583287
2019-05-19 16:00:00,4,0.9962156411443688
2019-05-19 17:00:00,4,0.998211729683469
2019-05-19 18:00:00,4,0.9905000417067725
2019-05-19 19:00:00,4,0.9950289751752136
2019-05-20 07:00:00,4,0.9846814624643355
2019-05-20 08:00:00,4,0.9999406267284439
2019-05-20 09:00:00,4,0.999665384776539
2019-05-20 10:00:00,4,0.9950145819218853
2019-05-20 11:00:00,4,0.9978813831450613
2019-05-20 12:00:00,4,0.9746200272425763
2019-05-20 13:00:00,4,0.9512328416549629
2019-05-20 14:00:00,4,0.6760293974831479
2019-05-20 15:00:00,4,0.9884875065522742
2019-05-20 16:00:00,4,0.9984684989232123
2019-05-20 17:00:00,4,0.9999612639127806
2019-05-20 18:00:00,4,0.9970630728906701
2019-05-20 19:00:00,4,0.988721677044715
2019-05-20 20:00:00,4,
2019-05-20 21:00:00,4,
2019-05-20 22:00:00,4,
2019-05-20 23:00:00,4,
2019-05-21 00:00:00,4,
2019-05-21 01:00:00,4,
2019-05-21 02:00:00,4,
2019-05-21 03:00:00,4,
2019-05-21 04:00:00,4,
2019-05-21 05:00:00,4,
2019-05-21 06:00:00,4,
2019-05-21 07:00:00,4,0.989646047902036
2019-05-21 08:00:00,4,0.9998647861365484
2019-05-21 09:00:00,4,0.9990522398685157
2019-05-21 10:00:00,4,0.9994118089354972
2019-05-21 11:00:00,4,0.9997415657985025
2019-05-21 12:00:00,4,0.9976826254412116
2019-05-21 13:00:00,4,0.9988299838755962
2019-05-21 14:00:00,4,0.9727009964268261
2019-05-21 15:00:00,4,0.9999659150268614
2019-05-21 16:00:00,4,0.9988552493969228
2019-05-21 17:00:00,4,0.9898349075341729
2019-05-21 18:00:00,4,0.9988740331220446
2019-05-21 19:00:00,4,0.9945038661177605
2019-05-22 07:00:00,4,0.9990836538727059
2019-05-22 08:00:00,4,0.9994801316002965
2019-05-22 09:00:00,4,0.9751937620233025
2019-05-22 10:00:00,4,0.981012315532048
2019-05-22 11:00:00,4,0.9796267692521884
2019-05-22 12:00:00,4,0.98862034762743
2019-05-22 13:00:00,4,0.9496737788750974
2019-05-22 14:00:00,4,0.9211653085650657
2019-05-22 15:00:00,4,0.9958681606225215
2019-05-22 16:00:00,4,0.9634085378052192
2019-05-22 17:00:00,4,0.8010262065061744
2019-05-22 18:00:00,4,0.999980306737285
2019-05-22 19:00:00,4,0.9850831586746982
2019-05-22 20:00:00,4,
2019-05-22 21:00:00,4,
2019-05-22 22:00:00,4,
2019-05-22 23:00:00,4,
2019-05-23 00:00:00,4,
2019-05-23 01:00:00,4,
2019-05-23 02:00:00,4,
2019-05-23 03:00:00,4,
2019-05-23 04:00:00,4,
2019-05-23 05:00:00,4,
2019-05-23 06:00:00,4,1.0
2019-05-23 07:00:00,4,0.9993276196888291
2019-05-23 08:00:00,4,0.9963894981741374
2019-05-23 09:00:00,4,0.9999550073271836
2019-05-23 10:00:00,4,0.9275360739254576
2019-05-23 11:00:00,4,0.9764237501897448
2019-05-23 12:00:00,4,0.9942832894518815
2019-05-23 13:00:00,4,0.9995449786426889
2019-05-23 14:00:00,4,0.9943570136306776
2019-05-23 15:00:00,4,0.9150315305051766
2019-05-23 16:00:00,4,0.9633592273972273
2019-05-23 17:00:00,4,0.9951048184273555
2019-05-23 18:00:00,4,0.9801514461252869
2019-05-23 19:00:00,4,0.9845661521651745
2019-05-24 07:00:00,4,0.9988472157645535
2019-05-24 08:00:00,4,0.9998131462000146
2019-05-24 09:00:00,4,0.9996168961837065
2019-05-24 10:00:00,4,0.9053159085638349
2019-05-24 11:00:00,4,0.9996198448096781
2019-05-24 12:00:00,4,0.9815402945812876
2019-05-24 13:00:00,4,0.9083437413038838
2019-05-24 14:00:00,4,0.9901444699459054
2019-05-24 15:00:00,4,0.9966386463929272
2019-05-24 16:00:00,4,0.9208684682640222
2019-05-24 17:00:00,4,0.9249862025160264
2019-05-24 18:00:00,4,0.9929391890006766
2019-05-24 19:00:00,4,0.9996346739056038
2019-05-25 07:00:00,4,0.9986287881526171
2019-05-25 08:00:00,4,0.9999035480303073
2019-05-25 09:00:00,4,0.999484307483596
2019-05-25 10:00:00,4,0.9999886684216146
2019-05-25 11:00:00,4,0.9986357187811986
2019-05-25 12:00:00,4,0.5618911442889212
2019-05-25 13:00:00,4,0.8756992482664036
2019-05-25 14:00:00,4,-0.3911330677251328
2019-05-25 15:00:00,4,0.9920302820017256
2019-05-25 16:00:00,4,0.9926913043602282
2019-05-25 17:00:00,4,0.9804258068026979
2019-05-25 18:00:00,4,0.9006257424722833
2019-05-25 19:00:00,4,0.9974171431344769
2019-05-25 20:00:00,4,
2019-05-25 21:00:00,4,
2019-05-25 22:00:00,4,
2019-05-25 23:00:00,4,
2019-05-26 00:00:00,4,
2019-05-26 01:00:00,4,
2019-05-26 02:00:00,4,
2019-05-26 03:00:00,4,
2019-05-26 04:00:00,4,
2019-05-26 05:00:00,4,
2019-05-26 06:00:00,4,1.0
2019-05-26 07:00:00,4,0.9991733478281383
2019-05-26 08:00:00,4,0.9917951599373573
2019-05-26 09:00:00,4,0.9997037883160166
2019-05-26 10:00:00,4,0.9976724521146594
2019-05-26 11:00:00,4,0.9919410023704899
2019-05-26 12:00:00,4,0.9998843295695058
2019-05-26 13:00:00,4,0.4308616696515875
2019-05-26 14:00:00,4,0.9881291412771598
2019-05-26 15:00:00,4,0.9952403184852423
2019-05-26 16:00:00,4,0.9951783006720151
2019-05-26 17:00:00,4,0.9996834946919706
2019-05-26 18:00:00,4,0.9997598523568623
2019-05-26 19:00:00,4,0.9861389084523723
2019-05-27 07:00:00,4,0.959096060798866
2019-05-27 08:00:00,4,0.9998975974831403
2019-05-27 09:00:00,4,0.9993619922929305
2019-05-27 10:00:00,4,0.9899314501646654
2019-05-27 11:00:00,4,0.999002105461538
2019-05-27 12:00:00,4,0.9977992453136447
2019-05-27 13:00:00,4,0.8809101886827403
2019-05-27 14:00:00,4,0.996234988508265
2019-05-27 15:00:00,4,0.9966151526575854
2019-05-27 16:00:00,4,0.9227286537128832
2019-05-27 17:00:00,4,0.9619992357200702
2019-05-27 18:00:00,4,0.9304711801879622
2019-05-27 19:00:00,4,0.999508105196439
2019-05-28 07:00:00,4,0.9974425494309771
2019-05-28 08:00:00,4,0.9990470661065383
2019-05-28 09:00:00,4,0.9981574955094485
2019-05-28 10:00:00,4,0.9794041798248025
2019-05-28 11:00:00,4,0.89221226201418
2019-05-28 12:00:00,4,0.9485676931189625
2019-05-28 13:00:00,4,0.7071582207467582
2019-05-28 14:00:00,4,0.9966450662473716
2019-05-28 15:00:00,4,0.9921142203602445
2019-05-28 16:00:00,4,0.9994908048197347
2019-05-28 17:00:00,4,0.9979153698070458
2019-05-28 18:00:00,4,0.999101040632763
2019-05-28 19:00:00,4,0.9986369987754172
2019-05-28 20:00:00,4,
2019-05-28 21:00:00,4,
2019-05-28 22:00:00,4,
2019-05-28 23:00:00,4,
2019-05-29 00:00:00,4,
2019-05-29 01:00:00,4,
2019-05-29 02:00:00,4,
2019-05-29 03:00:00,4,
2019-05-29 04:00:00,4,
2019-05-29 05:00:00,4,
2019-05-29 06:00:00,4,0.9995601710233178
2019-05-29 07:00:00,4,0.9877357136893428
2019-05-29 08:00:00,4,0.9997542785904395
2019-05-29 09:00:00,4,0.9998730021972747
2019-05-29 10:00:00,4,0.9865166171165601
2019-05-29 11:00:00,4,0.9347539282827066
2019-05-29 12:00:00,4,0.9896368028632139
2019-05-29 13:00:00,4,0.9620183979832604
2019-05-29 14:00:00,4,0.7852566877790905
2019-05-29 15:00:00,4,0.9817436631488451
2019-05-29 16:00:00,4,0.9996844201677815
2019-05-29 17:00:00,4,0.9614803266565533
2019-05-29 18:00:00,4,0.9637227984085455
2019-05-29 19:00:00,4,0.9933725862011756
2019-05-30 07:00:00,4,0.993219333835308
2019-05-30 08:00:00,4,0.9950719593704084
2019-05-30 09:00:00,4,0.9690910907297744
2019-05-30 10:00:00,4,0.9547906548811267
2019-05-30 11:00:00,4,0.8753551309370375
2019-05-30 12:00:00,4,0.9457478021273522
2019-05-30 13:00:00,4,0.9996229867323774
2019-05-30 14:00:00,4,0.9583705578910692
2019-05-30 15:00:00,4,0.9716543746888273
2019-05-30 16:00:00,4,0.9986361591968463
2019-05-30 17:00:00,4,0.998451684609102
2019-05-30 18:00:00,4,0.9986560606875023
2019-05-30 19:00:00,4,0.9997440429030806
2019-05-31 07:00:00,4,0.9925690363055578
2019-05-31 08:00:00,4,0.998088008417665
2019-05-31 09:00:00,4,0.9784390538735049
2019-05-31 10:00:00,4,0.999729852575372
2019-05-31 11:00:00,4,0.9978988198386316
2019-05-31 12:00:00,4,0.9988937327908383
2019-05-31 13:00:00,4,0.8072903325252637
2019-05-31 14:00:00,4,0.989940461258171
2019-05-31 15:00:00,4,0.9846382856911424
2019-05-31 16:00:00,4,0.9950406436640002
2019-05-31 17:00:00,4,0.9954569117772496
2019-05-31 18:00:00,4,0.9982285975422371
2019-05-31 19:00:00,4,0.9987727984482949
2019-05-31 20:00:00,4,
2019-05-31 21:00:00,4,
2019-05-31 22:00:00,4,
2019-05-31 23:00:00,4,
2019-06-01 00:00:00,4,
2019-06-01 01:00:00,4,
2019-06-01 02:00:00,4,
2019-06-01 03:00:00,4,
2019-06-01 04:00:00,4,
2019-06-01 05:00:00,4,
2019-06-01 06:00:00,4,
2019-06-01 07:00:00,4,0.9902858668077603
2019-06-01 08:00:00,4,0.9992706940867172
2019-06-01 09:00:00,4,0.998710314210904
2019-06-01 10:00:00,4,0.9969380247283184
2019-06-01 11:00:00,4,0.9969814523519348
2019-06-01 12:00:00,4,0.9781941664224363
2019-06-01 13:00:00,4,0.9998424851189976
2019-06-01 14:00:00,4,0.9971939422450694
2019-06-01 15:00:00,4,0.9964348333726998
2019-06-01 16:00:00,4,0.9989731358777213
2019-06-01 17:00:00,4,0.9999358400971593
2019-06-01 18:00:00,4,0.992059275894671
2019-06-01 19:00:00,4,0.9989316905625377
2019-06-01 20:00:00,4,
2019-06-01 21:00:00,4,
2019-06-01 22:00:00,4,
2019-06-01 23:00:00,4,
2019-06-02 00:00:00,4,
2019-06-02 01:00:00,4,
2019-06-02 02:00:00,4,
2019-06-02 03:00:00,4,
2019-06-02 04:00:00,4,
2019-06-02 05:00:00,4,
2019-06-02 06:00:00,4,0.9962675534608971
2019-06-02 07:00:00,4,0.9740053730868028
2019-06-02 08:00:00,4,0.9992154153510787
2019-06-02 09:00:00,4,0.8898316492444068
2019-06-02 10:00:00,4,0.9895084788223908
2019-06-02 11:00:00,4,0.989226536139608
2019-06-02 12:00:00,4,0.9972678154099123
2019-06-02 13:00:00,4,0.9922726560327291
2019-06-02 14:00:00,4,0.99828065988201
2019-06-02 15:00:00,4,0.995066984276569
2019-06-02 16:00:00,4,0.9984314006313895
2019-06-02 17:00:00,4,0.9973125208453482
2019-06-02 18:00:00,4,0.9962184576938246
2019-06-02 19:00:00,4,0.9700100238788503
2019-06-02 20:00:00,4,
2019-06-02 21:00:00,4,
2019-06-02 22:00:00,4,
2019-06-02 23:00:00,4,
2019-06-03 00:00:00,4,
2019-06-03 01:00:00,4,
2019-06-03 02:00:00,4,
2019-06-03 03:00:00,4,
2019-06-03 04:00:00,4,
2019-06-03 05:00:00,4,
2019-06-03 06:00:00,4,0.9984701891173825
2019-06-03 07:00:00,4,0.9925005773068439
2019-06-03 08:00:00,4,0.9993478893847703
2019-06-03 09:00:00,4,0.9968847691839917
2019-06-03 10:00:00,4,0.9951365889675255
2019-06-03 11:00:00,4,0.9926151122101928
2019-06-03 12:00:00,4,0.9943694984626058
2019-06-03 13:00:00,4,0.6665762650409044
2019-06-03 14:00:00,4,0.9783368353264146
2019-06-03 15:00:00,4,0.9875303866233389
2019-06-03 16:00:00,4,0.999917467090572
2019-06-03 17:00:00,4,0.9917318746457036
2019-06-03 18:00:00,4,0.9938564489812719
2019-06-03 19:00:00,4,0.9978675586916518
2019-06-04 07:00:00,4,0.9969940654337957
2019-06-04 08:00:00,4,0.9964570429303551
2019-06-04 09:00:00,4,0.9988535172322663
2019-06-04 10:00:00,4,0.9990577523428019
2019-06-04 11:00:00,4,0.9985901603207133
2019-06-04 12:00:00,4,0.9801193440583682
2019-06-04 13:00:00,4,0.9923379158325886
2019-06-04 14:00:00,4,0.9556031705226804
2019-06-04 15:00:00,4,0.9897786589477787
2019-06-04 16:00:00,4,0.9918996901784767
2019-06-04 17:00:00,4,0.8693440282211505
2019-06-04 18:00:00,4,0.880947268160466
2019-06-04 19:00:00,4,0.9982285871181079
2019-06-04 20:00:00,4,
2019-06-04 21:00:00,4,
2019-06-04 22:00:00,4,
2019-06-04 23:00:00,4,
2019-06-05 00:00:00,4,
2019-06-05 01:00:00,4,
2019-06-05 02:00:00,4,
2019-06-05 03:00:00,4,
2019-06-05 04:00:00,4,
2019-06-05 05:00:00,4,
2019-06-05 06:00:00,4,
2019-06-05 07:00:00,4,0.9841670915587883
2019-06-05 08:00:00,4,0.9978937108781101
2019-06-05 09:00:00,4,0.9998916905818862
2019-06-05 10:00:00,4,0.9996241568345716
2019-06-05 11:00:00,4,0.9986109921415843
2019-06-05 12:00:00,4,0.9999342739388712
2019-06-05 13:00:00,4,0.7011476799629133
2019-06-05 14:00:00,4,0.9980111687623646
2019-06-05 15:00:00,4,0.9239310935590614
2019-06-05 16:00:00,4,0.9737764012258124
2019-06-05 17:00:00,4,0.7768839210428832
2019-06-05 18:00:00,4,0.9945776584137946
2019-06-05 19:00:00,4,0.9960162991645296
2019-06-05 20:00:00,4,
2019-06-05 21:00:00,4,
2019-06-05 22:00:00,4,
2019-06-05 23:00:00,4,
2019-06-06 00:00:00,4,
2019-06-06 01:00:00,4,
2019-06-06 02:00:00,4,
2019-06-06 03:00:00,4,
2019-06-06 04:00:00,4,
2019-06-06 05:00:00,4,
2019-06-06 06:00:00,4,1.0
2019-06-06 07:00:00,4,0.9984839416462301
2019-06-06 08:00:00,4,0.9953826048150962
2019-06-06 09:00:00,4,0.9995320731737382
2019-06-06 10:00:00,4,0.999831484572285
2019-06-06 11:00:00,4,0.9972992888818624
2019-06-06 12:00:00,4,0.9788618877884508
2019-06-06 13:00:00,4,0.95424220325352
2019-06-06 14:00:00,4,0.9750218744968371
2019-06-06 15:00:00,4,0.8881409330733012
2019-06-06 16:00:00,4,0.9454059878433287
2019-06-06 17:00:00,4,0.9447594192633629
2019-06-06 18:00:00,4,0.9981501607437119
2019-06-06 19:00:00,4,0.9788050219639223
2019-06-06 20:00:00,4,
2019-06-06 21:00:00,4,
2019-06-06 22:00:00,4,
2019-06-06 23:00:00,4,
2019-06-07 00:00:00,4,
2019-06-07 01:00:00,4,
2019-06-07 02:00:00,4,
2019-06-07 03:00:00,4,
2019-06-07 04:00:00,4,
2019-06-07 05:00:00,4,
2019-06-07 06:00:00,4,0.9976474040540496
2019-06-07 07:00:00,4,0.990706530408084
2019-06-07 08:00:00,4,0.9970510642141438
2019-06-07 09:00:00,4,0.9998150874202474
2019-06-07 10:00:00,4,0.996536256228179
2019-06-07 11:00:00,4,0.9937631832914059
2019-06-07 12:00:00,4,0.9529516384841945
2019-06-07 13:00:00,4,0.9901494446590721
2019-06-07 14:00:00,4,0.7217129605706518
2019-06-07 15:00:00,4,0.9642667524720074
2019-06-07 16:00:00,4,0.9029655804553193
2019-06-07 17:00:00,4,0.9914167457520533
2019-06-07 18:00:00,4,0.9991350748699219
2019-06-07 19:00:00,4,0.9705869543129734
2019-06-07 20:00:00,4,1.0
2019-06-07 21:00:00,4,
2019-06-07 22:00:00,4,
2019-06-07 23:00:00,4,
2019-06-08 00:00:00,4,
2019-06-08 01:00:00,4,
2019-06-08 02:00:00,4,
2019-06-08 03:00:00,4,
2019-06-08 04:00:00,4,
2019-06-08 05:00:00,4,
2019-06-08 06:00:00,4,
2019-06-08 07:00:00,4,0.999409792742867
2019-06-08 08:00:00,4,0.9832749960673935
2019-06-08 09:00:00,4,0.9967500737872498
2019-06-08 10:00:00,4,0.9993094144575054
2019-06-08 11:00:00,4,0.9992437569319621
2019-06-08 12:00:00,4,0.9799901484360033
2019-06-08 13:00:00,4,0.9946928062191511
2019-06-08 14:00:00,4,0.9927206165341133
2019-06-08 15:00:00,4,0.9934504749088953
2019-06-08 16:00:00,4,0.9959044870046515
2019-06-08 17:00:00,4,0.9845697931903141
2019-06-08 18:00:00,4,0.9774915986793193
2019-06-08 19:00:00,4,0.9531645031068711
2019-06-08 20:00:00,4,0.9998115410169474
2019-06-08 21:00:00,4,
2019-06-08 22:00:00,4,
2019-06-08 23:00:00,4,
2019-06-09 00:00:00,4,
2019-06-09 01:00:00,4,
2019-06-09 02:00:00,4,
2019-06-09 03:00:00,4,
2019-06-09 04:00:00,4,
2019-06-09 05:00:00,4,
2019-06-09 06:00:00,4,
2019-06-09 07:00:00,4,0.986245766200083
2019-06-09 08:00:00,4,0.9949381914271235
2019-06-09 09:00:00,4,0.9999859348820528
2019-06-09 10:00:00,4,0.9986653491919582
2019-06-09 11:00:00,4,0.9950078697440412
2019-06-09 12:00:00,4,0.7529249527721835
2019-06-09 13:00:00,4,0.8436130002231845
2019-06-09 14:00:00,4,0.9675019486443738
2019-06-09 15:00:00,4,0.8652459950500059
2019-06-09 16:00:00,4,0.9359977879048849
2019-06-09 17:00:00,4,0.9966117289497912
2019-06-09 18:00:00,4,0.9996328990410916
2019-06-09 19:00:00,4,0.9829646466269173
2019-06-10 07:00:00,4,0.9606000577524442
2019-06-10 08:00:00,4,0.9920774841833916
2019-06-10 09:00:00,4,0.9975403026118896
2019-06-10 10:00:00,4,0.12665942012055473
2019-06-10 11:00:00,4,0.9765319914489895
2019-06-10 12:00:00,4,0.9896780536815145
2019-06-10 13:00:00,4,0.9823516146845402
2019-06-10 14:00:00,4,0.9660485658837664
2019-06-10 15:00:00,4,0.9987566925024552
2019-06-10 16:00:00,4,0.9823346377987171
2019-06-10 17:00:00,4,0.9954513151872585
2019-06-10 18:00:00,4,0.998287886967496
2019-06-10 19:00:00,4,0.9996893286720109
2019-06-10 20:00:00,4,
2019-06-10 21:00:00,4,
2019-06-10 22:00:00,4,
2019-06-10 23:00:00,4,
2019-06-11 00:00:00,4,
2019-06-11 01:00:00,4,
2019-06-11 02:00:00,4,
2019-06-11 03:00:00,4,
2019-06-11 04:00:00,4,
2019-06-11 05:00:00,4,
2019-06-11 06:00:00,4,
2019-06-11 07:00:00,4,0.9711031313552926
2019-06-11 08:00:00,4,0.9923656801034147
2019-06-11 09:00:00,4,0.9998547859232053
2019-06-11 10:00:00,4,0.9993513461776623
2019-06-11 11:00:00,4,0.9969237499567212
2019-06-11 12:00:00,4,0.937921062576921
2019-06-11 13:00:00,4,0.97507394558256
2019-06-11 14:00:00,4,0.9281581353470181
2019-06-11 15:00:00,4,0.9974044497944424
2019-06-11 16:00:00,4,0.8287080500455023
2019-06-11 17:00:00,4,0.9954593305942732
2019-06-11 18:00:00,4,0.9942420728036264
2019-06-11 19:00:00,4,0.9646226074408532
2019-06-12 07:00:00,4,0.9924865338564738
2019-06-12 08:00:00,4,0.9999762638897022
2019-06-12 09:00:00,4,0.9824061991336905
2019-06-12 10:00:00,4,0.9925098595825611
2019-06-12 11:00:00,4,0.8578940298814943
2019-06-12 12:00:00,4,0.9976671374662344
2019-06-12 13:00:00,4,0.8758786811663473
2019-06-12 14:00:00,4,0.996217616295957
2019-06-12 15:00:00,4,0.9994526908699359
2019-06-12 16:00:00,4,0.999619374565003
2019-06-12 17:00:00,4,0.9842331129785696
2019-06-12 18:00:00,4,0.985761274316072
2019-06-12 19:00:00,4,0.9315330136135789
2019-06-12 20:00:00,4,
2019-06-12 21:00:00,4,
2019-06-12 22:00:00,4,
2019-06-12 23:00:00,4,
2019-06-13 00:00:00,4,
2019-06-13 01:00:00,4,
2019-06-13 02:00:00,4,
2019-06-13 03:00:00,4,
2019-06-13 04:00:00,4,
2019-06-13 05:00:00,4,
2019-06-13 06:00:00,4,
2019-06-13 07:00:00,4,0.9986820613938082
2019-06-13 08:00:00,4,0.999754677117239
2019-06-13 09:00:00,4,0.9876000947429987
2019-06-13 10:00:00,4,0.9994701816528885
2019-06-13 11:00:00,4,0.9757098095906509
2019-06-13 12:00:00,4,0.9153405072290918
2019-06-13 13:00:00,4,-0.37507277694490815
2019-06-13 14:00:00,4,0.981778244637883
2019-06-13 15:00:00,4,0.9969867845251833
2019-06-13 16:00:00,4,0.9988749379985087
2019-06-13 17:00:00,4,0.9985752728065944
2019-06-13 18:00:00,4,0.9933407271006132
2019-06-13 19:00:00,4,0.9994125792190746
2019-06-14 07:00:00,4,0.9989848507227251
2019-06-14 08:00:00,4,0.9987948397882074
2019-06-14 09:00:00,4,0.8854151682056682
2019-06-14 10:00:00,4,0.9528743869223459
2019-06-14 11:00:00,4,0.9395722069431648
2019-06-14 12:00:00,4,0.9965343545589368
2019-06-14 13:00:00,4,0.9938682232720659
2019-06-14 14:00:00,4,0.9986401885452453
2019-06-14 15:00:00,4,0.966645442252874
2019-06-14 16:00:00,4,0.9834441898528538
2019-06-14 17:00:00,4,0.935631589363498
2019-06-14 18:00:00,4,0.9974635928545644
2019-06-14 19:00:00,4,0.9824884387477957
2019-06-14 20:00:00,4,0.9931270663228415
2019-06-14 21:00:00,4,
2019-06-14 22:00:00,4,
2019-06-14 23:00:00,4,
2019-06-15 00:00:00,4,
2019-06-15 01:00:00,4,
2019-06-15 02:00:00,4,
2019-06-15 03:00:00,4,
2019-06-15 04:00:00,4,
2019-06-15 05:00:00,4,
2019-06-15 06:00:00,4,
2019-06-15 07:00:00,4,0.8433792019963443
2019-06-15 08:00:00,4,0.9944125157060084
2019-06-15 09:00:00,4,0.9780917300762586
2019-06-15 10:00:00,4,0.9997035134133625
2019-06-15 11:00:00,4,0.8602623259204527
2019-06-15 12:00:00,4,0.9983046645714079
2019-06-15 13:00:00,4,0.9857075860422001
2019-06-15 14:00:00,4,0.9525897321609332
2019-06-15 15:00:00,4,0.948853188428861
2019-06-15 16:00:00,4,0.9984147791724043
2019-06-15 17:00:00,4,0.9908708421226802
2019-06-15 18:00:00,4,0.8977747776295422
2019-06-15 19:00:00,4,0.9977656571836496
2019-06-16 07:00:00,4,0.9978315478531998
2019-06-16 08:00:00,4,0.999785299759725
2019-06-16 09:00:00,4,0.9965071729630276
2019-06-16 10:00:00,4,0.9826235523706247
2019-06-16 11:00:00,4,0.9997063626681382
2019-06-16 12:00:00,4,0.9987344709788861
2019-06-16 13:00:00,4,0.9981382902495035
2019-06-16 14:00:00,4,0.9859869026646683
2019-06-16 15:00:00,4,0.9821375031367986
2019-06-16 16:00:00,4,0.9974914220112983
2019-06-16 17:00:00,4,0.9998838767331101
2019-06-16 18:00:00,4,
2019-06-16 19:00:00,4,0.5420566118957751
2019-06-16 20:00:00,4,0.8650737116353977
2019-06-16 21:00:00,4,
2019-06-16 22:00:00,4,
2019-06-16 23:00:00,4,
2019-06-17 00:00:00,4,
2019-06-17 01:00:00,4,
2019-06-17 02:00:00,4,
2019-06-17 03:00:00,4,
2019-06-17 04:00:00,4,
2019-06-17 05:00:00,4,
2019-06-17 06:00:00,4,
2019-06-17 07:00:00,4,0.9982910401100618
2019-06-17 08:00:00,4,0.8824263947573439
2019-06-17 09:00:00,4,0.9884071688431704
2019-06-17 10:00:00,4,0.9019144969412531
2019-06-17 11:00:00,4,0.9634932414703083
2019-06-17 12:00:00,4,0.9859236664107962
2019-06-17 13:00:00,4,0.9984565198410189
2019-06-17 14:00:00,4,0.9169694478308843
2019-06-17 15:00:00,4,0.9949670473713718
2019-06-17 16:00:00,4,0.9710943100838566
2019-06-17 17:00:00,4,0.9383484731121524
2019-06-17 18:00:00,4,0.9990463719369597
2019-06-17 19:00:00,4,0.9884167516176324
2019-06-18 07:00:00,4,0.9903327548547969
2019-06-18 08:00:00,4,0.9998523387611191
2019-06-18 09:00:00,4,0.9910255990961012
2019-06-18 10:00:00,4,0.7275047929722164
2019-06-18 11:00:00,4,0.9887379815541129
2019-06-18 12:00:00,4,0.9990207897315009
2019-06-18 13:00:00,4,0.6564763555698471
2019-06-18 14:00:00,4,0.9954175528752577
2019-06-18 15:00:00,4,0.9886434403797882
2019-06-18 16:00:00,4,0.9684027974082309
2019-06-18 17:00:00,4,0.9028771840390034
2019-06-18 18:00:00,4,0.999036341962636
2019-06-18 19:00:00,4,0.9951752583811394
2019-06-19 07:00:00,4,0.9999717745572448
2019-06-19 08:00:00,4,0.9991165140077181
2019-06-19 09:00:00,4,0.9936457043623835
2019-06-19 10:00:00,4,0.8388722616541004
2019-06-19 11:00:00,4,0.6779243028530272
2019-06-19 12:00:00,4,0.9984066903210302
2019-06-19 13:00:00,4,0.9926762144686178
2019-06-19 14:00:00,4,0.9712098295453702
2019-06-19 15:00:00,4,0.9935323796249361
2019-06-19 16:00:00,4,0.9937815583155948
2019-06-19 17:00:00,4,0.9994151513475356
2019-06-19 18:00:00,4,0.9971963678328734
2019-06-19 19:00:00,4,0.9990150511992603
2019-06-19 20:00:00,4,0.9999652397612154
2019-06-19 21:00:00,4,
2019-06-19 22:00:00,4,
2019-06-19 23:00:00,4,
2019-06-20 00:00:00,4,
2019-06-20 01:00:00,4,
2019-06-20 02:00:00,4,
2019-06-20 03:00:00,4,
2019-06-20 04:00:00,4,
2019-06-20 05:00:00,4,
2019-06-20 06:00:00,4,
2019-06-20 07:00:00,4,0.9754874924422267
2019-06-20 08:00:00,4,0.9843009614272843
2019-06-20 09:00:00,4,0.9981136328945263
2019-06-20 10:00:00,4,0.9994794686581749
2019-06-20 11:00:00,4,0.9927326086224151
2019-06-20 12:00:00,4,0.9999124172340196
2019-06-20 13:00:00,4,0.9540685615227641
2019-06-20 14:00:00,4,0.5723970083751122
2019-06-20 15:00:00,4,0.971223639980148
2019-06-20 16:00:00,4,0.9991022952069131
2019-06-20 17:00:00,4,0.9981373879834649
2019-06-20 18:00:00,4,0.9937297577380637
2019-06-20 19:00:00,4,0.9650831343620476
2019-06-20 20:00:00,4,0.9994303566140817
2019-06-20 21:00:00,4,
2019-06-20 22:00:00,4,
2019-06-20 23:00:00,4,
2019-06-21 00:00:00,4,
2019-06-21 01:00:00,4,
2019-06-21 02:00:00,4,
2019-06-21 03:00:00,4,
2019-06-21 04:00:00,4,
2019-06-21 05:00:00,4,
2019-06-21 06:00:00,4,
2019-06-21 07:00:00,4,
2019-06-21 08:00:00,4,
2019-06-21 09:00:00,4,
2019-06-21 10:00:00,4,
2019-06-21 11:00:00,4,
2019-06-21 12:00:00,4,
2019-06-21 13:00:00,4,
2019-06-21 14:00:00,4,
2019-06-21 15:00:00,4,
2019-06-21 16:00:00,4,
2019-06-21 17:00:00,4,
2019-06-21 18:00:00,4,
2019-06-21 19:00:00,4,
2019-06-21 20:00:00,4,
2019-06-21 21:00:00,4,
2019-06-21 22:00:00,4,
2019-06-21 23:00:00,4,
2019-06-22 00:00:00,4,
2019-06-22 01:00:00,4,
2019-06-22 02:00:00,4,
2019-06-22 03:00:00,4,
2019-06-22 04:00:00,4,
2019-06-22 05:00:00,4,
2019-06-22 06:00:00,4,
2019-06-22 07:00:00,4,
2019-06-22 08:00:00,4,
2019-06-22 09:00:00,4,
2019-06-22 10:00:00,4,
2019-06-22 11:00:00,4,
2019-06-22 12:00:00,4,
2019-06-22 13:00:00,4,
2019-06-22 14:00:00,4,
2019-06-22 15:00:00,4,
2019-06-22 16:00:00,4,
2019-06-22 17:00:00,4,
2019-06-22 18:00:00,4,
2019-06-22 19:00:00,4,
2019-06-22 20:00:00,4,
2019-06-22 21:00:00,4,
2019-06-22 22:00:00,4,
2019-06-22 23:00:00,4,
2019-06-23 00:00:00,4,
2019-06-23 01:00:00,4,
2019-06-23 02:00:00,4,
2019-06-23 03:00:00,4,
2019-06-23 04:00:00,4,
2019-06-23 05:00:00,4,
2019-06-23 06:00:00,4,
2019-06-23 07:00:00,4,
2019-06-23 08:00:00,4,
2019-06-23 09:00:00,4,
2019-06-23 10:00:00,4,
2019-06-23 11:00:00,4,
2019-06-23 12:00:00,4,
2019-06-23 13:00:00,4,
2019-06-23 14:00:00,4,
2019-06-23 15:00:00,4,
2019-06-23 16:00:00,4,
2019-06-23 17:00:00,4,
2019-06-23 18:00:00,4,
2019-06-23 19:00:00,4,
2019-06-23 20:00:00,4,
2019-06-23 21:00:00,4,
2019-06-23 22:00:00,4,
2019-06-23 23:00:00,4,
2019-06-24 00:00:00,4,
2019-06-24 01:00:00,4,
2019-06-24 02:00:00,4,
2019-06-24 03:00:00,4,
2019-06-24 04:00:00,4,
2019-06-24 05:00:00,4,
2019-06-24 06:00:00,4,
2019-06-24 07:00:00,4,
2019-06-24 08:00:00,4,
2019-06-24 09:00:00,4,
2019-06-24 10:00:00,4,
2019-06-24 11:00:00,4,
2019-06-24 12:00:00,4,
2019-06-24 13:00:00,4,
2019-06-24 14:00:00,4,
2019-06-24 15:00:00,4,
2019-06-24 16:00:00,4,
2019-06-24 17:00:00,4,
2019-06-24 18:00:00,4,
2019-06-24 19:00:00,4,
2019-06-25 07:00:00,4,
2019-06-25 08:00:00,4,
2019-06-25 09:00:00,4,
2019-06-25 10:00:00,4,
2019-06-25 11:00:00,4,
2019-06-25 12:00:00,4,
2019-06-25 13:00:00,4,
2019-06-25 14:00:00,4,
2019-06-25 15:00:00,4,
2019-06-25 16:00:00,4,
2019-06-25 17:00:00,4,
2019-06-25 18:00:00,4,
2019-06-25 19:00:00,4,
2019-06-26 07:00:00,4,0.9848435489618502
2019-06-26 08:00:00,4,0.9998286525461311
2019-06-26 09:00:00,4,0.9738776876732662
2019-06-26 10:00:00,4,0.983282503030874
2019-06-26 11:00:00,4,0.9674479145078454
2019-06-26 12:00:00,4,0.977907724568041
2019-06-26 13:00:00,4,0.9990143892494395
2019-06-26 14:00:00,4,0.9967842614622688
2019-06-26 15:00:00,4,0.9943855522873855
2019-06-26 16:00:00,4,0.932410831632336
2019-06-26 17:00:00,4,0.9029218547012509
2019-06-26 18:00:00,4,0.9998787496373073
2019-06-26 19:00:00,4,0.9992698163729701
2019-06-26 20:00:00,4,
2019-06-26 21:00:00,4,
2019-06-26 22:00:00,4,
2019-06-26 23:00:00,4,
2019-06-27 00:00:00,4,
2019-06-27 01:00:00,4,
2019-06-27 02:00:00,4,
2019-06-27 03:00:00,4,
2019-06-27 04:00:00,4,
2019-06-27 05:00:00,4,
2019-06-27 06:00:00,4,1.0
2019-06-27 07:00:00,4,0.9956301830750374
2019-06-27 08:00:00,4,0.9964834493236827
2019-06-27 09:00:00,4,0.9969402972227817
2019-06-27 10:00:00,4,0.9483360307926814
2019-06-27 11:00:00,4,0.8544088238428535
2019-06-27 12:00:00,4,0.9986368140610864
2019-06-27 13:00:00,4,0.9427259446380072
2019-06-27 14:00:00,4,0.9968559495083774
2019-06-27 15:00:00,4,0.9764856601109443
2019-06-27 16:00:00,4,0.9911058170242143
2019-06-27 17:00:00,4,0.8853641990306577
2019-06-27 18:00:00,4,0.9951461870999582
2019-06-27 19:00:00,4,0.9748236368420224
2019-06-28 07:00:00,4,0.9856410962264752
2019-06-28 08:00:00,4,0.943604166957864
2019-06-28 09:00:00,4,0.6997095700004413
2019-06-28 10:00:00,4,0.9999707183661579
2019-06-28 11:00:00,4,0.9961367887389204
2019-06-28 12:00:00,4,0.9981215522916973
2019-06-28 13:00:00,4,0.9377788802593789
2019-06-28 14:00:00,4,0.9854513185595765
2019-06-28 15:00:00,4,0.9847918522713167
2019-06-28 16:00:00,4,0.9454987510144824
2019-06-28 17:00:00,4,0.9932568342169871
2019-06-28 18:00:00,4,0.9821571113607668
2019-06-28 19:00:00,4,0.9983815550789992
2019-06-28 20:00:00,4,
2019-06-28 21:00:00,4,
2019-06-28 22:00:00,4,
2019-06-28 23:00:00,4,
2019-06-29 00:00:00,4,
2019-06-29 01:00:00,4,
2019-06-29 02:00:00,4,
2019-06-29 03:00:00,4,
2019-06-29 04:00:00,4,
2019-06-29 05:00:00,4,
2019-06-29 06:00:00,4,
2019-06-29 07:00:00,4,0.9982778064795506
2019-06-29 08:00:00,4,0.9906227438867874
2019-06-29 09:00:00,4,0.9991702639810853
2019-06-29 10:00:00,4,0.9982124004649354
2019-06-29 11:00:00,4,0.9853711668752511
2019-06-29 12:00:00,4,0.99468142403206
2019-06-29 13:00:00,4,0.9790289775262887
2019-06-29 14:00:00,4,0.9917805448792772
2019-06-29 15:00:00,4,0.9989748591155186
2019-06-29 16:00:00,4,0.9999836793998872
2019-06-29 17:00:00,4,0.9949241484082192
2019-06-29 18:00:00,4,0.997641517548828
2019-06-29 19:00:00,3,0.9968265993948047
2019-06-30 07:00:00,4,0.961753270357898
2019-06-30 08:00:00,4,0.968095584957898
2019-06-30 09:00:00,4,0.9999418438936195
2019-06-30 10:00:00,4,0.9981391732994166
2019-06-30 11:00:00,4,0.9999286859424831
2019-06-30 12:00:00,4,0.9995584537769514
2019-06-30 13:00:00,4,0.9945542492473372
2019-06-30 14:00:00,4,0.9745292414364448
2019-06-30 15:00:00,4,0.9944373326906023
2019-06-30 16:00:00,4,0.9984833563826171
2019-06-30 17:00:00,4,0.9373713357482202
2019-06-30 18:00:00,4,0.9989787583545776
2019-06-30 19:00:00,4,0.9943110402950026
2019-06-30 20:00:00,4,
2019-06-30 21:00:00,4,
2019-06-30 22:00:00,4,
2019-06-30 23:00:00,4,
2019-07-01 00:00:00,4,
2019-07-01 01:00:00,4,
2019-07-01 02:00:00,4,
2019-07-01 03:00:00,4,
2019-07-01 04:00:00,4,
2019-07-01 05:00:00,4,
2019-07-01 06:00:00,4,
2019-07-01 07:00:00,4,0.9982121132796301
2019-07-01 08:00:00,4,0.9996314201301267
2019-07-01 09:00:00,4,0.9999648702920744
2019-07-01 10:00:00,4,0.9984806982455083
2019-07-01 11:00:00,4,0.9980268420942106
2019-07-01 12:00:00,4,0.9999733742299534
2019-07-01 13:00:00,4,0.9997260680879534
2019-07-01 14:00:00,4,0.9976458669941526
2019-07-01 15:00:00,4,0.9929590713002316
2019-07-01 16:00:00,4,0.9617390162592603
2019-07-01 17:00:00,4,0.9998487956959934
2019-07-01 18:00:00,4,0.9999642459901693
2019-07-01 19:00:00,4,0.9973850665976759
2019-07-01 20:00:00,4,
2019-07-01 21:00:00,4,
2019-07-01 22:00:00,4,
2019-07-01 23:00:00,4,
2019-07-02 00:00:00,4,
2019-07-02 01:00:00,4,
2019-07-02 02:00:00,4,
2019-07-02 03:00:00,4,
2019-07-02 04:00:00,4,
2019-07-02 05:00:00,4,
2019-07-02 06:00:00,4,
2019-07-02 07:00:00,4,0.9942426944894572
2019-07-02 08:00:00,4,0.9986687301705695
2019-07-02 09:00:00,4,0.9993459167357419
2019-07-02 10:00:00,4,0.9998692539952097
2019-07-02 11:00:00,4,0.6770777799301106
2019-07-02 12:00:00,4,0.6486851049112015
2019-07-02 13:00:00,4,0.9553454818429616
2019-07-02 14:00:00,4,0.9924959119518382
2019-07-02 15:00:00,4,0.8818307601413129
2019-07-02 16:00:00,4,0.9819670768631962
2019-07-02 17:00:00,4,0.999318173254972
2019-07-02 18:00:00,4,0.9961050616962953
2019-07-02 19:00:00,4,0.9930087845444757
2019-07-02 20:00:00,4,
2019-07-02 21:00:00,4,
2019-07-02 22:00:00,4,
2019-07-02 23:00:00,4,
2019-07-03 00:00:00,4,
2019-07-03 01:00:00,4,
2019-07-03 02:00:00,4,
2019-07-03 03:00:00,4,
2019-07-03 04:00:00,4,
2019-07-03 05:00:00,4,
2019-07-03 06:00:00,4,
2019-07-03 07:00:00,4,0.97595798803316
2019-07-03 08:00:00,4,0.9998995225927549
2019-07-03 09:00:00,4,0.999853434904987
2019-07-03 10:00:00,4,0.9992677926010568
2019-07-03 11:00:00,4,0.995892838388161
2019-07-03 12:00:00,4,0.9912123698576558
2019-07-03 13:00:00,4,0.9992299569030502
2019-07-03 14:00:00,4,0.7535542719236857
2019-07-03 15:00:00,4,0.9937566664364788
2019-07-03 16:00:00,4,0.985631946228718
2019-07-03 17:00:00,4,0.9922313886846325
2019-07-03 18:00:00,4,0.994297226814555
2019-07-03 19:00:00,4,0.9911150991186896
2019-07-03 20:00:00,4,
2019-07-03 21:00:00,4,
2019-07-03 22:00:00,4,
2019-07-03 23:00:00,4,
2019-07-04 00:00:00,4,
2019-07-04 01:00:00,4,
2019-07-04 02:00:00,4,
2019-07-04 03:00:00,4,
2019-07-04 04:00:00,4,
2019-07-04 05:00:00,4,
2019-07-04 06:00:00,4,
2019-07-04 07:00:00,4,0.9693488857274426
2019-07-04 08:00:00,4,0.9996584980026207
2019-07-04 09:00:00,4,0.9625880112965051
2019-07-04 10:00:00,4,0.986623590422931
2019-07-04 11:00:00,4,0.9518401390480747
2019-07-04 12:00:00,4,0.9901249699126803
2019-07-04 13:00:00,4,0.9781036387435648
2019-07-04 14:00:00,4,0.9874241181260027
2019-07-04 15:00:00,4,0.967258645054313
2019-07-04 16:00:00,4,0.9228103235657857
2019-07-04 17:00:00,4,0.9978532068674478
2019-07-04 18:00:00,4,0.9986370888653765
2019-07-04 19:00:00,4,0.9945389610063865
2019-07-04 20:00:00,4,
2019-07-04 21:00:00,4,
2019-07-04 22:00:00,4,
2019-07-04 23:00:00,4,
2019-07-05 00:00:00,4,
2019-07-05 01:00:00,4,
2019-07-05 02:00:00,4,
2019-07-05 03:00:00,4,
2019-07-05 04:00:00,4,
2019-07-05 05:00:00,4,
2019-07-05 06:00:00,4,
2019-07-05 07:00:00,4,0.9827393838255433
2019-07-05 08:00:00,4,0.9995887182724057
2019-07-05 09:00:00,4,0.9848485270481344
2019-07-05 10:00:00,4,0.8951101471443232
2019-07-05 11:00:00,4,0.9179299207309628
2019-07-05 12:00:00,4,0.9551083777412229
2019-07-05 13:00:00,4,0.9903810697251549
2019-07-05 14:00:00,4,0.995727742191505
2019-07-05 15:00:00,4,0.997182408200878
2019-07-05 16:00:00,4,0.9704893629674434
2019-07-05 17:00:00,4,0.8762406648822192
2019-07-05 18:00:00,4,0.9883915148837367
2019-07-05 19:00:00,4,0.9998518138549998
2019-07-05 20:00:00,4,
2019-07-05 21:00:00,4,
2019-07-05 22:00:00,4,
2019-07-05 23:00:00,4,
2019-07-06 00:00:00,4,
2019-07-06 01:00:00,4,
2019-07-06 02:00:00,4,
2019-07-06 03:00:00,4,
2019-07-06 04:00:00,4,
2019-07-06 05:00:00,4,
2019-07-06 06:00:00,4,
2019-07-06 07:00:00,4,0.9736111063222036
2019-07-06 08:00:00,4,0.9901666808894561
2019-07-06 09:00:00,4,0.9940288183155769
2019-07-06 10:00:00,4,0.9835904282154926
2019-07-06 11:00:00,4,0.9804532809587982
2019-07-06 12:00:00,4,0.9989904749105779
2019-07-06 13:00:00,4,0.9956445628912738
2019-07-06 14:00:00,4,0.9913740022667368
2019-07-06 15:00:00,4,0.9893696833581702
2019-07-06 16:00:00,4,0.8910625546019919
2019-07-06 17:00:00,4,0.9850699549805344
2019-07-06 18:00:00,4,0.996344819845281
2019-07-06 19:00:00,4,0.9995313892852936
2019-07-06 20:00:00,4,
2019-07-06 21:00:00,4,
2019-07-06 22:00:00,4,
2019-07-06 23:00:00,4,
2019-07-07 00:00:00,4,
2019-07-07 01:00:00,4,
2019-07-07 02:00:00,4,
2019-07-07 03:00:00,4,
2019-07-07 04:00:00,4,
2019-07-07 05:00:00,4,
2019-07-07 06:00:00,4,
2019-07-07 07:00:00,4,0.9953947986076026
2019-07-07 08:00:00,4,0.9975536673978963
2019-07-07 09:00:00,4,0.9997124941602546
2019-07-07 10:00:00,4,0.9735833371678155
2019-07-07 11:00:00,4,0.9862562799990477
2019-07-07 12:00:00,4,0.9859891103545098
2019-07-07 13:00:00,4,0.9801085896221868
2019-07-07 14:00:00,4,0.99967676354623
2019-07-07 15:00:00,4,0.9874839282789405
2019-07-07 16:00:00,4,0.9977935899096851
2019-07-07 17:00:00,4,0.9990009062440276
2019-07-07 18:00:00,4,0.990951938971654
2019-07-07 19:00:00,4,0.9988912054129474
2019-07-08 07:00:00,4,0.9999225354910758
2019-07-08 08:00:00,4,0.9872455914483378
2019-07-08 09:00:00,4,0.994529831036137
2019-07-08 10:00:00,4,0.9975152971752519
2019-07-08 11:00:00,4,0.983237005946907
2019-07-08 12:00:00,4,0.9991756688369994
2019-07-08 13:00:00,4,0.96159660069623
2019-07-08 14:00:00,4,0.9941994245559759
2019-07-08 15:00:00,4,0.9472463119805683
2019-07-08 16:00:00,4,0.9969111515527942
2019-07-08 17:00:00,4,0.9073612066352029
2019-07-08 18:00:00,4,
2019-07-09 07:00:00,4,0.9572775308659822
2019-07-09 08:00:00,4,0.99877873755494
2019-07-09 09:00:00,4,0.9768870128129175
2019-07-09 10:00:00,4,0.9583797066969971
2019-07-09 11:00:00,4,0.9983567598995198
2019-07-09 12:00:00,4,0.9614735262709402
2019-07-09 13:00:00,4,0.9787729297132353
2019-07-09 14:00:00,4,0.9950678942675275
2019-07-09 15:00:00,4,0.9998613330065051
2019-07-09 16:00:00,4,0.9995702530118024
2019-07-09 17:00:00,4,0.9994213229471656
2019-07-09 18:00:00,4,0.9989512141391377
2019-07-09 19:00:00,4,0.9789747482164267
2019-07-10 07:00:00,4,0.979036884519221
2019-07-10 08:00:00,4,0.9998472945676443
2019-07-10 09:00:00,4,0.9436525451815291
2019-07-10 10:00:00,4,0.9965001867279376
2019-07-10 11:00:00,4,0.985677740364133
2019-07-10 12:00:00,4,0.9971382917449376
2019-07-10 13:00:00,4,0.8140851724128467
2019-07-10 14:00:00,4,0.9993621604207988
2019-07-10 15:00:00,4,0.9911111724240241
2019-07-10 16:00:00,4,0.9928920483042596
2019-07-10 17:00:00,4,0.9962358103271488
2019-07-10 18:00:00,4,0.9992190214298873
2019-07-10 19:00:00,4,0.9982966157194169
2019-07-11 07:00:00,4,0.999922452277949
2019-07-11 08:00:00,4,0.9848294387024689
2019-07-11 09:00:00,4,0.998306610034373
2019-07-11 10:00:00,4,0.996324395037584
2019-07-11 11:00:00,4,0.9981822239547866
2019-07-11 12:00:00,4,0.9953613329013904
2019-07-11 13:00:00,4,0.9976694627085871
2019-07-11 14:00:00,4,0.9971907401732153
2019-07-11 15:00:00,4,0.9964262939560543
2019-07-11 16:00:00,4,0.999000915325091
2019-07-11 17:00:00,4,0.9927218916115393
2019-07-11 18:00:00,4,0.998382512937053
2019-07-11 19:00:00,4,0.9996847497895737
2019-07-11 20:00:00,4,
2019-07-11 21:00:00,4,
2019-07-11 22:00:00,4,
2019-07-11 23:00:00,4,
2019-07-12 00:00:00,4,
2019-07-12 01:00:00,4,
2019-07-12 02:00:00,4,
2019-07-12 03:00:00,4,
2019-07-12 04:00:00,4,
2019-07-12 05:00:00,4,
2019-07-12 06:00:00,4,
2019-07-12 07:00:00,4,0.9987142800932146
2019-07-12 08:00:00,4,0.9983476710660759
2019-07-12 09:00:00,4,0.9802424601235062
2019-07-12 10:00:00,4,0.9668217360631647
2019-07-12 11:00:00,4,0.9400228942529285
2019-07-12 12:00:00,4,0.9990621766646705
2019-07-12 13:00:00,4,0.9982042138844893
2019-07-12 14:00:00,4,0.9883210479912665
2019-07-12 15:00:00,4,0.9908170437435508
2019-07-12 16:00:00,4,0.9957047826030248
2019-07-12 17:00:00,4,0.9668594958832416
2019-07-12 18:00:00,4,0.9989161184715333
2019-07-12 19:00:00,4,0.9989065103640694
2019-07-13 07:00:00,4,0.9973665173025427
2019-07-13 08:00:00,4,0.9933430827602698
2019-07-13 09:00:00,4,0.9995168866003925
2019-07-13 10:00:00,4,0.9972066587440234
2019-07-13 11:00:00,4,0.9995361409004708
2019-07-13 12:00:00,4,0.9830654442268819
2019-07-13 13:00:00,4,0.9398110008619069
2019-07-13 14:00:00,4,0.9954838069750755
2019-07-13 15:00:00,4,0.9949304775843276
2019-07-13 16:00:00,4,0.9996591068408729
2019-07-13 17:00:00,4,0.9554869064052077
2019-07-13 18:00:00,4,0.9962853144177057
2019-07-13 19:00:00,4,0.9981656471690163
2019-07-14 07:00:00,4,0.9764118023685489
2019-07-14 08:00:00,4,0.9932409193326405
2019-07-14 09:00:00,4,0.9963147708963613
2019-07-14 10:00:00,4,0.9992115122723566
2019-07-14 11:00:00,4,0.9997605653808446
2019-07-14 12:00:00,4,0.8621484201896081
2019-07-14 13:00:00,4,0.9896281606640943
2019-07-14 14:00:00,4,0.884342116060552
2019-07-14 15:00:00,4,0.9907902153328204
2019-07-14 16:00:00,4,0.9393443162945915
2019-07-14 17:00:00,4,0.9958470225312299
2019-07-14 18:00:00,4,0.9964419706382058
2019-07-14 19:00:00,4,0.9926945956066711
2019-07-14 20:00:00,4,
2019-07-14 21:00:00,4,
2019-07-14 22:00:00,4,
2019-07-14 23:00:00,4,
2019-07-15 00:00:00,4,
2019-07-15 01:00:00,4,
2019-07-15 02:00:00,4,
2019-07-15 03:00:00,4,
2019-07-15 04:00:00,4,
2019-07-15 05:00:00,4,
2019-07-15 06:00:00,4,
2019-07-15 07:00:00,4,0.9991377475388458
2019-07-15 08:00:00,4,0.9983919812295536
2019-07-15 09:00:00,4,0.9979757020799435
2019-07-15 10:00:00,4,0.9923749466212989
2019-07-15 11:00:00,4,0.9911520367977137
2019-07-15 12:00:00,4,0.9964253794293465
2019-07-15 13:00:00,4,0.8261802976355714
2019-07-15 14:00:00,4,0.9962148061498917
2019-07-15 15:00:00,4,0.9980477721598688
2019-07-15 16:00:00,4,0.9970714945785535
2019-07-15 17:00:00,4,0.9779330203143131
2019-07-15 18:00:00,4,0.9967089013131741
2019-07-15 19:00:00,4,0.9999125485111781
2019-07-15 20:00:00,4,1.0
2019-07-15 21:00:00,4,
2019-07-15 22:00:00,4,
2019-07-15 23:00:00,4,
2019-07-16 00:00:00,4,
2019-07-16 01:00:00,4,
2019-07-16 02:00:00,4,
2019-07-16 03:00:00,4,
2019-07-16 04:00:00,4,
2019-07-16 05:00:00,4,
2019-07-16 06:00:00,4,
2019-07-16 07:00:00,4,0.9988405492056466
2019-07-16 08:00:00,4,0.9981830119238675
2019-07-16 09:00:00,4,0.7916970927376469
2019-07-16 10:00:00,4,0.9680035388906089
2019-07-16 11:00:00,4,0.8942231484201184
2019-07-16 12:00:00,4,0.9758761756212984
2019-07-16 13:00:00,4,0.9978104321308867
2019-07-16 14:00:00,4,0.9986863387349709
2019-07-16 15:00:00,4,0.77700795307405
2019-07-16 16:00:00,4,0.993889475126886
2019-07-16 17:00:00,4,0.9981518540963815
2019-07-16 18:00:00,4,0.9998567878764619
2019-07-16 19:00:00,4,0.9688918762496455
2019-07-17 07:00:00,4,0.9980237914580804
2019-07-17 08:00:00,4,0.9997384936292807
2019-07-17 09:00:00,4,0.8943520477792488
2019-07-17 10:00:00,4,0.9215797958563282
2019-07-17 11:00:00,4,0.9960532227568643
2019-07-17 12:00:00,4,0.6260527660526416
2019-07-17 13:00:00,4,0.9975785453602707
2019-07-17 14:00:00,4,0.9972635925235792
2019-07-17 15:00:00,4,0.5270541709518304
2019-07-17 16:00:00,4,0.9999383870762859
2019-07-17 17:00:00,4,0.9997756229484492
2019-07-17 18:00:00,4,0.9976345159411932
2019-07-17 19:00:00,4,0.9654118289155482
2019-07-18 07:00:00,4,0.9983362459734203
2019-07-18 08:00:00,4,0.9978310273329424
2019-07-18 09:00:00,4,0.9987220797621504
2019-07-18 10:00:00,4,0.9901203629848261
2019-07-18 11:00:00,4,0.9709854296064606
2019-07-18 12:00:00,4,0.9891258662740836
2019-07-18 13:00:00,4,0.9432076957175124
2019-07-18 14:00:00,4,0.9244741626241394
2019-07-18 15:00:00,4,0.9922894214472913
2019-07-18 16:00:00,4,0.9960188501053698
2019-07-18 17:00:00,4,0.9994195210283076
2019-07-18 18:00:00,4,0.9172942877713954
2019-07-18 19:00:00,4,0.9990140908249177
2019-07-19 01:00:00,4,
2019-07-19 02:00:00,4,
2019-07-19 03:00:00,4,
2019-07-19 04:00:00,4,
2019-07-19 05:00:00,4,
2019-07-19 06:00:00,4,
2019-07-19 07:00:00,4,0.977014375244557
2019-07-19 08:00:00,4,0.9996329015492771
2019-07-19 09:00:00,4,0.9999761594692811
2019-07-19 10:00:00,4,0.9978966681205611
2019-07-19 11:00:00,4,0.9975192026641397
2019-07-19 12:00:00,4,0.9946365199661865
2019-07-19 13:00:00,4,0.9867209461685419
2019-07-19 14:00:00,4,0.9970749110648841
2019-07-19 15:00:00,4,0.9995746483593726
2019-07-19 16:00:00,4,0.9978183601996642
2019-07-19 17:00:00,4,0.9978825435887447
2019-07-19 18:00:00,4,0.9576050506004452
2019-07-19 19:00:00,4,0.9960076126635073
2019-07-20 07:00:00,4,0.9983024572929503
2019-07-20 08:00:00,4,0.9989161941583861
2019-07-20 09:00:00,4,0.9972598377695614
2019-07-20 10:00:00,4,0.967122264745657
2019-07-20 11:00:00,4,0.9981836279876889
2019-07-20 12:00:00,4,0.9998288682152353
2019-07-20 13:00:00,4,0.996688351494772
2019-07-20 14:00:00,4,0.993980323158532
2019-07-20 15:00:00,4,0.9883165460457053
2019-07-20 16:00:00,4,0.8171671366980521
2019-07-20 17:00:00,4,0.9973952787736622
2019-07-20 18:00:00,4,0.9916260504944449
2019-07-20 19:00:00,4,0.9987150385076893
2019-07-20 20:00:00,4,0.9988076414075141
2019-07-20 21:00:00,4,
2019-07-20 22:00:00,4,
2019-07-20 23:00:00,4,
2019-07-21 00:00:00,4,
2019-07-21 01:00:00,4,
2019-07-21 02:00:00,4,
2019-07-21 03:00:00,4,
2019-07-21 04:00:00,4,
2019-07-21 05:00:00,4,
2019-07-21 06:00:00,4,
2019-07-21 07:00:00,4,0.8629508671507252
2019-07-21 08:00:00,4,0.9882570276037531
2019-07-21 09:00:00,4,0.9899232747935771
2019-07-21 10:00:00,4,0.9986336138423195
2019-07-21 11:00:00,4,0.985813418805661
2019-07-21 12:00:00,4,0.9355911380103924
2019-07-21 13:00:00,4,0.9945395180728155
2019-07-21 14:00:00,4,0.9909164256451879
2019-07-21 15:00:00,4,0.9973398996385474
2019-07-21 16:00:00,4,0.9947706023557567
2019-07-21 17:00:00,4,0.998794614710172
2019-07-21 18:00:00,4,0.9998648381175611
2019-07-21 19:00:00,4,0.9963756030056795
2019-07-22 07:00:00,4,0.9879746950188838
2019-07-22 08:00:00,4,0.9987282784690452
2019-07-22 09:00:00,4,0.9991485620773713
2019-07-22 10:00:00,4,0.988213550686877
2019-07-22 11:00:00,4,0.9988546413782483
2019-07-22 12:00:00,4,0.9950492820313981
2019-07-22 13:00:00,4,0.9897304825422932
2019-07-22 14:00:00,4,0.9999241110915849
2019-07-22 15:00:00,4,0.990036805656172
2019-07-22 16:00:00,4,0.9978183393853706
2019-07-22 17:00:00,4,0.9929785875978373
2019-07-22 18:00:00,4,0.9993574544779927
2019-07-22 19:00:00,4,0.9992413517934696
2019-07-23 07:00:00,4,0.960376823455463
2019-07-23 08:00:00,4,0.9992880476773919
2019-07-23 09:00:00,4,0.9871332168018055
2019-07-23 10:00:00,4,0.9995466837274581
2019-07-23 11:00:00,4,0.6849565159698601
2019-07-23 12:00:00,4,0.9979498259342897
2019-07-23 13:00:00,4,0.9985373460885614
2019-07-23 14:00:00,4,0.9989845924237444
2019-07-23 15:00:00,4,0.9983026197453544
2019-07-23 16:00:00,4,0.9879447519008746
2019-07-23 17:00:00,4,0.9729323319073394
2019-07-23 18:00:00,4,0.9719255258199391
2019-07-23 19:00:00,4,0.9982825448481576
2019-07-23 20:00:00,4,
2019-07-23 21:00:00,4,
2019-07-23 22:00:00,4,
2019-07-23 23:00:00,4,
2019-07-24 00:00:00,4,
2019-07-24 01:00:00,4,
2019-07-24 02:00:00,4,
2019-07-24 03:00:00,4,
2019-07-24 04:00:00,4,
2019-07-24 05:00:00,4,
2019-07-24 06:00:00,4,
2019-07-24 07:00:00,4,0.999451348515301
2019-07-24 08:00:00,4,0.9911606441691639
2019-07-24 09:00:00,4,0.9998631227531289
2019-07-24 10:00:00,4,0.8254984473127213
2019-07-24 11:00:00,4,0.9872048412118547
2019-07-24 12:00:00,4,0.9957349331234603
2019-07-24 13:00:00,4,0.9915017259268947
2019-07-24 14:00:00,4,0.9998876700465785
2019-07-24 15:00:00,4,0.966198951450751
2019-07-24 16:00:00,4,0.9990465676582857
2019-07-24 17:00:00,4,0.9999206775902725
2019-07-24 18:00:00,4,0.999386200210222
2019-07-24 19:00:00,4,0.9988228355551917
2019-07-25 07:00:00,4,0.9358087600168256
2019-07-25 08:00:00,4,0.9185362295028635
2019-07-25 09:00:00,4,0.5885939680332553
2019-07-25 10:00:00,4,0.7615557755617002
2019-07-25 11:00:00,4,0.9769030755809287
2019-07-25 12:00:00,4,0.9969688448028011
2019-07-25 13:00:00,4,0.9858680274581182
2019-07-25 14:00:00,4,0.9893258556943556
2019-07-25 15:00:00,4,0.9980302604942254
2019-07-25 16:00:00,4,0.5415021032067747
2019-07-25 17:00:00,4,0.9938856911982774
2019-07-25 18:00:00,4,0.9973069762912095
2019-07-25 19:00:00,4,0.999999893100675
2019-07-26 07:00:00,4,0.997582681379379
2019-07-26 08:00:00,4,0.9981564493192502
2019-07-26 09:00:00,4,0.9948173781557402
2019-07-26 10:00:00,4,0.9632450660754133
2019-07-26 11:00:00,4,0.9514036220897292
2019-07-26 12:00:00,4,0.9975129274010022
2019-07-26 13:00:00,4,0.9884956689385601
2019-07-26 14:00:00,4,0.9892650812598837
2019-07-26 15:00:00,4,0.9886334405787729
2019-07-26 16:00:00,4,0.9950757685197745
2019-07-26 17:00:00,4,0.9970166541630108
2019-07-26 18:00:00,4,0.9918864246553812
2019-07-26 19:00:00,4,0.995621354874399
2019-07-27 07:00:00,4,0.9740414133968008
2019-07-27 08:00:00,4,0.9996431731213291
2019-07-27 09:00:00,4,0.9871380991021736
2019-07-27 10:00:00,4,0.999063701870996
2019-07-27 11:00:00,4,0.9936620285593728
2019-07-27 12:00:00,4,0.9990900056011018
2019-07-27 13:00:00,4,0.10350087935451921
2019-07-27 14:00:00,4,0.14900678900134237
2019-07-27 15:00:00,4,0.9831546564317368
2019-07-27 16:00:00,4,0.9998912671770261
2019-07-27 17:00:00,4,0.9997944117102063
2019-07-27 18:00:00,4,0.9984684023925806
2019-07-27 19:00:00,4,0.986263145209243
2019-07-27 20:00:00,4,
2019-07-27 21:00:00,4,
2019-07-27 22:00:00,4,
2019-07-27 23:00:00,4,
2019-07-28 00:00:00,4,
2019-07-28 01:00:00,4,
2019-07-28 02:00:00,4,
2019-07-28 03:00:00,4,
2019-07-28 04:00:00,4,
2019-07-28 05:00:00,4,
2019-07-28 06:00:00,4,
2019-07-28 07:00:00,4,0.9980818681507402
2019-07-28 08:00:00,4,0.9426429452993771
2019-07-28 09:00:00,4,0.9859606420690115
2019-07-28 10:00:00,4,0.9982833834477666
2019-07-28 11:00:00,4,0.993318053870319
2019-07-28 12:00:00,4,0.8356171658421099
2019-07-28 13:00:00,4,0.9933901649322864
2019-07-28 14:00:00,4,0.9942957219188847
2019-07-28 15:00:00,4,0.9977098089464164
2019-07-28 16:00:00,4,0.999868105867701
2019-07-28 17:00:00,4,0.8121081500371207
2019-07-28 18:00:00,4,0.9991086498623077
2019-07-28 19:00:00,3,0.9680697207518904
2019-07-29 08:00:00,4,0.9977074449855496
2019-07-29 09:00:00,4,0.9889091643508782
2019-07-29 10:00:00,4,0.9984086265371445
2019-07-29 11:00:00,4,0.9876445794725478
2019-07-29 12:00:00,4,0.9923585288888039
2019-07-29 13:00:00,4,0.8905028415365243
2019-07-29 14:00:00,4,0.9980952082714085
2019-07-29 15:00:00,4,0.9742104868630538
2019-07-29 16:00:00,4,0.9996099535901831
2019-07-29 17:00:00,4,0.9458727596395426
2019-07-29 18:00:00,4,0.9988244346694826
2019-07-29 19:00:00,4,0.9989534626444052
2019-07-29 20:00:00,4,
2019-07-29 21:00:00,4,
2019-07-29 22:00:00,4,
2019-07-29 23:00:00,4,
2019-07-30 00:00:00,4,
2019-07-30 01:00:00,4,
2019-07-30 02:00:00,4,
2019-07-30 03:00:00,4,
2019-07-30 04:00:00,4,
2019-07-30 05:00:00,4,
2019-07-30 06:00:00,4,
2019-07-30 07:00:00,4,
2019-07-30 08:00:00,4,0.9974676243081431
2019-07-30 09:00:00,4,0.9909698177392545
2019-07-30 10:00:00,4,0.9961819861023657
2019-07-30 11:00:00,4,0.9918462043458626
2019-07-30 12:00:00,4,0.9999501296977917
2019-07-30 13:00:00,4,0.9982861646901383
2019-07-30 14:00:00,4,0.915158084511416
2019-07-30 15:00:00,4,0.9998163549315036
2019-07-30 16:00:00,4,0.9852230934020231
2019-07-30 17:00:00,4,0.9467352460544337
2019-07-30 18:00:00,4,0.9848438437355004
2019-07-30 19:00:00,4,0.9663137943501142
2019-07-31 07:00:00,4,0.9900889815451185
2019-07-31 08:00:00,4,0.9963711330408859
2019-07-31 09:00:00,4,0.99518915667614
2019-07-31 10:00:00,4,0.998893620241113
2019-07-31 11:00:00,4,0.9323477889320285
2019-07-31 12:00:00,4,0.9644255172928433
2019-07-31 13:00:00,4,0.9765802457357377
2019-07-31 14:00:00,4,0.9949887223063606
2019-07-31 15:00:00,4,0.7597042607966762
2019-07-31 16:00:00,4,0.9955021236673532
2019-07-31 17:00:00,4,0.9927030247555907
2019-07-31 18:00:00,4,0.9989987543797221
2019-07-31 19:00:00,4,0.9943747169211496
2019-07-31 20:00:00,4,
2019-07-31 21:00:00,4,
2019-07-31 22:00:00,4,
2019-07-31 23:00:00,4,
2019-08-01 00:00:00,4,
2019-08-01 01:00:00,4,
2019-08-01 02:00:00,4,
2019-08-01 03:00:00,4,
2019-08-01 04:00:00,4,
2019-08-01 05:00:00,4,
2019-08-01 06:00:00,4,
2019-08-01 07:00:00,4,0.9795689793949234
2019-08-01 08:00:00,4,0.9995484011485664
2019-08-01 09:00:00,4,0.9977573511258673
2019-08-01 10:00:00,4,0.9949745260527104
2019-08-01 11:00:00,4,0.9374820792278282
2019-08-01 12:00:00,4,0.9901412797282445
2019-08-01 13:00:00,4,0.9715851523926152
2019-08-01 14:00:00,4,0.9908452319962875
2019-08-01 15:00:00,4,0.9958879769356072
2019-08-01 16:00:00,4,0.98732725182182
2019-08-01 17:00:00,4,0.9168040453807567
2019-08-01 18:00:00,4,0.9662915918848531
2019-08-01 19:00:00,4,0.9963267112277788
2019-08-01 20:00:00,4,
2019-08-01 21:00:00,4,
2019-08-01 22:00:00,4,
2019-08-01 23:00:00,4,
2019-08-02 00:00:00,4,
2019-08-02 01:00:00,4,
2019-08-02 02:00:00,4,
2019-08-02 03:00:00,4,
2019-08-02 04:00:00,4,
2019-08-02 05:00:00,4,
2019-08-02 06:00:00,4,
2019-08-02 07:00:00,4,0.9609095113995034
2019-08-02 08:00:00,4,0.9998366169759738
2019-08-02 09:00:00,4,0.9820854046305062
2019-08-02 10:00:00,4,0.9958467966690379
2019-08-02 11:00:00,4,0.8412135195204838
2019-08-02 12:00:00,4,0.9661844462812994
2019-08-02 13:00:00,4,0.6469844031212056
2019-08-02 14:00:00,4,0.9744564270739822
2019-08-02 15:00:00,4,0.9678375286410734
2019-08-02 16:00:00,4,0.8748888430491057
2019-08-02 17:00:00,4,0.9991224181640784
2019-08-02 18:00:00,4,0.9327050976826915
2019-08-02 19:00:00,4,0.9970503806256086
2019-08-03 07:00:00,3,
2019-08-03 08:00:00,4,
2019-08-03 09:00:00,4,0.9889356853285759
2019-08-03 10:00:00,4,0.998143261437219
2019-08-03 11:00:00,4,0.999954064468919
2019-08-03 12:00:00,4,0.9993261036495412
2019-08-03 13:00:00,4,0.9589964252891015
2019-08-03 14:00:00,4,0.9970090887359986
2019-08-03 15:00:00,4,0.9846239428646312
2019-08-03 16:00:00,4,0.9645396583065903
2019-08-03 17:00:00,4,0.9690722208251213
2019-08-03 18:00:00,4,0.9944154091028707
2019-08-03 19:00:00,4,0.998854786292643
2019-08-04 07:00:00,4,0.9989619042899642
2019-08-04 08:00:00,4,0.9996624581627575
2019-08-04 09:00:00,4,0.9910760682877694
2019-08-04 10:00:00,4,0.9982040582972187
2019-08-04 11:00:00,4,0.998694447570939
2019-08-04 12:00:00,4,0.8861405529930578
2019-08-04 13:00:00,4,0.9982354411059827
2019-08-04 14:00:00,4,0.9957102399349707
2019-08-04 15:00:00,4,0.8136103766969633
2019-08-04 16:00:00,4,0.9886932684943188
2019-08-04 17:00:00,4,0.6750339722873853
2019-08-04 18:00:00,4,0.9577156333701154
2019-08-04 19:00:00,4,0.9890737029833182
2019-08-05 07:00:00,4,0.6772883890754029
2019-08-05 08:00:00,4,0.45467916550675996
2019-08-05 09:00:00,4,0.9993561221187028
2019-08-05 10:00:00,4,0.9937386203451465
2019-08-05 11:00:00,4,0.9890193045750059
2019-08-05 12:00:00,4,0.9890053860954474
2019-08-05 13:00:00,4,0.9979595832273324
2019-08-05 14:00:00,4,0.9974069894347051
2019-08-05 15:00:00,4,0.9972202380886004
2019-08-05 16:00:00,4,0.9996119089539016
2019-08-05 17:00:00,4,0.9087000896469156
2019-08-05 18:00:00,4,0.9963563528221364
2019-08-05 19:00:00,4,0.9938596296285589
2019-08-05 20:00:00,4,
2019-08-05 21:00:00,4,
2019-08-05 22:00:00,4,
2019-08-05 23:00:00,4,
2019-08-06 00:00:00,4,
2019-08-06 01:00:00,4,
2019-08-06 02:00:00,4,
2019-08-06 03:00:00,4,
2019-08-06 04:00:00,4,
2019-08-06 05:00:00,4,
2019-08-06 06:00:00,4,
2019-08-06 07:00:00,4,
2019-08-06 08:00:00,4,0.9960027542833598
2019-08-06 09:00:00,4,0.9968510816351863
2019-08-06 10:00:00,4,0.9993423942550482
2019-08-06 11:00:00,4,0.9275846819657344
2019-08-06 12:00:00,4,0.9983379462766273
2019-08-06 13:00:00,4,0.8925470842985472
2019-08-06 14:00:00,4,0.9900174060513716
2019-08-06 15:00:00,4,0.9885518554999801
2019-08-06 16:00:00,4,0.9965404335957476
2019-08-06 17:00:00,4,0.9953001824584133
2019-08-06 18:00:00,4,0.9992743762033978
2019-08-06 19:00:00,4,0.9923643913887522
2019-08-06 20:00:00,4,
2019-08-06 21:00:00,4,
2019-08-06 22:00:00,4,
2019-08-06 23:00:00,4,
2019-08-07 00:00:00,4,
2019-08-07 01:00:00,4,
2019-08-07 02:00:00,4,
2019-08-07 03:00:00,4,
2019-08-07 04:00:00,4,
2019-08-07 05:00:00,4,
2019-08-07 06:00:00,4,
2019-08-07 07:00:00,4,
2019-08-07 08:00:00,4,0.9832850715019628
2019-08-07 09:00:00,4,0.9998360563640087
2019-08-07 10:00:00,4,0.9956604148070274
2019-08-07 11:00:00,4,0.9968480336230578
2019-08-07 12:00:00,4,0.9818756540862699
2019-08-07 13:00:00,4,0.8371427885341894
2019-08-07 14:00:00,4,0.9875973538626688
2019-08-07 15:00:00,4,0.9080612422910586
2019-08-07 16:00:00,4,0.5823916778840821
2019-08-07 17:00:00,4,0.9962170549718704
2019-08-07 18:00:00,4,0.9961036859994434
2019-08-07 19:00:00,4,0.9686404023261502
2019-08-08 07:00:00,4,0.9519846857690135
2019-08-08 08:00:00,4,0.9847915287624109
2019-08-08 09:00:00,4,0.9944454414411139
2019-08-08 10:00:00,4,0.9942008315855817
2019-08-08 11:00:00,4,0.9885535688675665
2019-08-08 12:00:00,4,0.998461202236493
2019-08-08 13:00:00,4,0.6140092032590154
2019-08-08 14:00:00,4,0.8902532613160691
2019-08-08 15:00:00,4,0.9931676949802084
2019-08-08 16:00:00,4,0.9076642006325987
2019-08-08 17:00:00,4,0.9117738260903362
2019-08-08 18:00:00,4,0.9841723985080336
2019-08-08 19:00:00,4,0.9976089147814967
2019-08-08 20:00:00,4,
2019-08-08 21:00:00,4,
2019-08-08 22:00:00,4,
2019-08-08 23:00:00,4,
2019-08-09 00:00:00,4,
2019-08-09 01:00:00,4,
2019-08-09 02:00:00,4,
2019-08-09 03:00:00,4,
2019-08-09 04:00:00,4,
2019-08-09 05:00:00,4,
2019-08-09 06:00:00,4,
2019-08-09 07:00:00,4,0.9853494907042739
2019-08-09 08:00:00,4,0.9990713849134266
2019-08-09 09:00:00,4,0.9995990253355398
2019-08-09 10:00:00,4,0.9870973049838428
2019-08-09 11:00:00,4,0.9998490320152909
2019-08-09 12:00:00,4,0.9941521718658839
2019-08-09 13:00:00,4,0.998787257032088
2019-08-09 14:00:00,4,0.9017590404182052
2019-08-09 15:00:00,4,0.9970791546832306
2019-08-09 16:00:00,4,0.9980611089185155
2019-08-09 17:00:00,4,0.9983184184118221
2019-08-09 18:00:00,4,0.971616142067855
2019-08-09 19:00:00,4,0.9528585337898019
2019-08-09 20:00:00,3,
2019-08-10 07:00:00,4,0.9487587614020838
2019-08-10 08:00:00,4,0.9902095380129629
2019-08-10 09:00:00,4,0.998527037415637
2019-08-10 10:00:00,4,0.9947511601507619
2019-08-10 11:00:00,4,0.9995770799625493
2019-08-10 12:00:00,4,0.9327699399336581
2019-08-10 13:00:00,4,0.9927574395484374
2019-08-10 14:00:00,4,0.7549226545106318
2019-08-10 15:00:00,4,0.7317667442299332
2019-08-10 16:00:00,4,0.99820912425804
2019-08-10 17:00:00,4,0.9761423319129325
2019-08-10 18:00:00,4,0.9944554705426573
2019-08-10 19:00:00,4,0.9839883670516394
2019-08-11 07:00:00,4,0.9811848138954694
2019-08-11 08:00:00,4,0.9966842891653459
2019-08-11 09:00:00,4,0.9997334201830371
2019-08-11 10:00:00,4,0.9988445271814109
2019-08-11 11:00:00,4,0.9919801845850699
2019-08-11 12:00:00,4,0.9990941713851724
2019-08-11 13:00:00,4,0.9710774875244863
2019-08-11 14:00:00,4,0.993506392393466
2019-08-11 15:00:00,4,0.9982613511854702
2019-08-11 16:00:00,4,0.7765533986302138
2019-08-11 17:00:00,4,0.9981536370823829
2019-08-11 18:00:00,4,0.9963345615695322
2019-08-11 19:00:00,4,0.9936488499905468
2019-08-11 20:00:00,4,
2019-08-11 21:00:00,4,
2019-08-11 22:00:00,4,
2019-08-11 23:00:00,4,
2019-08-12 00:00:00,4,
2019-08-12 01:00:00,4,
2019-08-12 02:00:00,4,
2019-08-12 03:00:00,4,
2019-08-12 04:00:00,4,
2019-08-12 05:00:00,4,
2019-08-12 06:00:00,4,
2019-08-12 07:00:00,4,0.972500040388846
2019-08-12 08:00:00,4,0.9971222435795579
2019-08-12 09:00:00,4,0.9998474449822442
2019-08-12 10:00:00,4,0.99998896220148
2019-08-12 11:00:00,4,0.9996472729334708
2019-08-12 12:00:00,4,0.9991201677846455
2019-08-12 13:00:00,4,0.8700658040209152
2019-08-12 14:00:00,4,0.9962688313484236
2019-08-12 15:00:00,4,0.9936531781684533
2019-08-12 16:00:00,4,0.9997896277339577
2019-08-12 17:00:00,4,0.999261365968915
2019-08-12 18:00:00,4,0.998093664771054
2019-08-12 19:00:00,4,0.993427219337665
2019-08-12 20:00:00,4,
2019-08-12 21:00:00,4,
2019-08-12 22:00:00,4,
2019-08-13 07:00:00,4,0.9890836167965723
2019-08-13 08:00:00,4,0.9979446535251655
2019-08-13 09:00:00,4,0.9999967300896595
2019-08-13 10:00:00,4,0.9998496911560005
2019-08-13 11:00:00,4,0.9999681228183633
2019-08-13 12:00:00,4,0.9997695784546176
2019-08-13 13:00:00,4,0.9856779570424452
2019-08-13 14:00:00,4,0.999651439072634
2019-08-13 15:00:00,4,0.9891676799889324
2019-08-13 16:00:00,4,0.9736049218003995
2019-08-13 17:00:00,4,0.9964428167178337
2019-08-13 18:00:00,4,0.993613241463614
2019-08-13 19:00:00,4,
2019-08-14 07:00:00,4,0.870963706226884
2019-08-14 08:00:00,4,0.9996703626335396
2019-08-14 09:00:00,4,0.9988089380557976
2019-08-14 10:00:00,4,0.9889045361120357
2019-08-14 11:00:00,4,0.9846040695274514
2019-08-14 12:00:00,4,0.9523474200132167
2019-08-14 13:00:00,4,0.9894769386272896
2019-08-14 14:00:00,4,0.9687519438039379
2019-08-14 15:00:00,4,0.9978521558919108
2019-08-14 16:00:00,4,0.998130192148089
2019-08-14 17:00:00,4,0.9972149941253771
2019-08-14 18:00:00,4,0.9823204891091099
2019-08-14 19:00:00,4,0.9672589966006675
2019-08-15 07:00:00,4,0.9928995293378443
2019-08-15 08:00:00,4,0.9969264939476207
2019-08-15 09:00:00,4,0.9998091345524555
2019-08-15 10:00:00,4,0.9993674607978718
2019-08-15 11:00:00,4,0.999293891182478
2019-08-15 12:00:00,4,0.9994210734291019
2019-08-15 13:00:00,4,0.3824049376814901
2019-08-15 14:00:00,4,0.9984792469530234
2019-08-15 15:00:00,4,0.949530711198207
2019-08-15 16:00:00,4,0.9591945286467047
2019-08-15 17:00:00,4,0.8774938274823925
2019-08-15 18:00:00,4,0.7776404402689411
2019-08-15 19:00:00,4,0.994388047726492
2019-08-15 20:00:00,4,
2019-08-15 21:00:00,4,
2019-08-15 22:00:00,4,
2019-08-15 23:00:00,4,
2019-08-16 00:00:00,4,
2019-08-16 01:00:00,4,
2019-08-16 02:00:00,4,
2019-08-16 03:00:00,4,
2019-08-16 04:00:00,4,
2019-08-16 05:00:00,4,
2019-08-16 06:00:00,4,
2019-08-16 07:00:00,4,0.9960798811766741
2019-08-16 08:00:00,4,0.9979164367454696
2019-08-16 09:00:00,4,0.9998509547076402
2019-08-16 10:00:00,4,0.9999267771761232
2019-08-16 11:00:00,4,0.9987868194759103
2019-08-16 12:00:00,4,0.9996355941877746
2019-08-16 13:00:00,4,0.8504855650235388
2019-08-16 14:00:00,4,0.99974810477123
2019-08-16 15:00:00,4,0.9991671463085602
2019-08-16 16:00:00,4,0.9951885973913612
2019-08-16 17:00:00,4,0.9995413557471867
2019-08-16 18:00:00,4,0.9997727673365239
2019-08-16 19:00:00,4,0.9906079499805098
2019-08-16 20:00:00,4,
2019-08-17 07:00:00,4,0.9941354063466515
2019-08-17 08:00:00,4,0.9968324313763602
2019-08-17 09:00:00,4,0.9998840424693349
2019-08-17 10:00:00,4,0.9996929948358334
2019-08-17 11:00:00,4,0.9998728838719593
2019-08-17 12:00:00,4,0.9993227706497305
2019-08-17 13:00:00,4,0.8699355729219511
2019-08-17 14:00:00,4,0.9994714992134016
2019-08-17 15:00:00,4,0.9865059771039693
2019-08-17 16:00:00,4,0.9993820801286023
2019-08-17 17:00:00,4,0.9994200605915996
2019-08-17 18:00:00,4,0.9996213070283618
2019-08-17 19:00:00,4,0.997613691383098
2019-08-18 07:00:00,4,0.9956459913519567
2019-08-18 08:00:00,4,0.999721457227925
2019-08-18 09:00:00,4,0.9996862879324855
2019-08-18 10:00:00,4,0.9998398387471161
2019-08-18 11:00:00,4,0.9998048978432538
2019-08-18 12:00:00,4,0.9988970630942499
2019-08-18 13:00:00,4,0.9836133364973784
2019-08-18 14:00:00,4,0.7387538224200894
2019-08-18 15:00:00,4,0.9978316825357947
2019-08-18 16:00:00,4,0.9996502987595568
2019-08-18 17:00:00,4,0.999752690335517
2019-08-18 18:00:00,4,0.9745892164423046
2019-08-18 19:00:00,4,0.9988295840241749
2019-08-19 07:00:00,4,0.9830347650540302
2019-08-19 08:00:00,4,0.9829871491413523
2019-08-19 09:00:00,4,0.9979914600399207
2019-08-19 10:00:00,4,0.9833683770151168
2019-08-19 11:00:00,4,0.992881444998927
2019-08-19 12:00:00,4,0.1684690726703453
2019-08-19 13:00:00,4,0.9554904416076743
2019-08-19 14:00:00,4,0.1567236715649369
2019-08-19 15:00:00,4,0.9592327036713436
2019-08-19 16:00:00,4,0.9825824505569921
2019-08-19 17:00:00,4,0.9915769009346905
2019-08-19 18:00:00,4,0.9990875521015273
2019-08-19 19:00:00,4,0.9998269427547786
2019-08-20 07:00:00,4,0.9919058510129627
2019-08-20 08:00:00,4,0.9992900371958432
2019-08-20 09:00:00,4,0.9999621906859226
2019-08-20 10:00:00,4,0.9340842919861824
2019-08-20 11:00:00,4,0.7258921606646151
2019-08-20 12:00:00,4,0.9555104746248051
2019-08-20 13:00:00,4,0.9943824440109735
2019-08-20 14:00:00,4,0.6962388585797459
2019-08-20 15:00:00,4,0.9970101667568668
2019-08-20 16:00:00,4,0.9660512518334534
2019-08-20 17:00:00,4,0.9832597800239832
2019-08-20 18:00:00,4,0.9992640641891238
2019-08-20 19:00:00,4,0.9705854632770515
2019-08-21 07:00:00,4,0.9937408000380916
2019-08-21 08:00:00,4,0.9977747610975846
2019-08-21 09:00:00,4,0.9996193218211016
2019-08-21 10:00:00,4,0.986743377393755
2019-08-21 11:00:00,4,0.8096084504522455
2019-08-21 12:00:00,4,0.9998708164217132
2019-08-21 13:00:00,4,0.9971935589248899
2019-08-21 14:00:00,4,0.9973688774318108
2019-08-21 15:00:00,4,0.9968514498484057
2019-08-21 16:00:00,4,0.9990529483004997
2019-08-21 17:00:00,4,0.9990490779828387
2019-08-21 18:00:00,4,0.793707506263475
2019-08-21 19:00:00,4,0.9994088314490897
2019-08-21 20:00:00,4,
2019-08-21 21:00:00,4,
2019-08-21 22:00:00,4,
2019-08-21 23:00:00,4,
2019-08-22 00:00:00,4,
2019-08-22 01:00:00,4,
2019-08-22 02:00:00,4,
2019-08-22 03:00:00,4,
2019-08-22 04:00:00,4,
2019-08-22 05:00:00,4,
2019-08-22 06:00:00,4,
2019-08-22 07:00:00,4,
2019-08-22 08:00:00,4,
2019-08-22 09:00:00,4,0.9739723429938152
2019-08-22 10:00:00,4,0.9975600181623684
2019-08-22 11:00:00,4,0.993045914305983
2019-08-22 12:00:00,4,0.9866735594437883
2019-08-22 13:00:00,4,0.9915236876240795
2019-08-22 14:00:00,4,0.9966364117714552
2019-08-22 15:00:00,4,0.9994338172348614
2019-08-22 16:00:00,4,0.9594224226126505
2019-08-22 17:00:00,4,0.7028535134033588
2019-08-22 18:00:00,4,0.8144686640443246
2019-08-22 19:00:00,4,0.9924877622524584
2019-08-22 20:00:00,4,
2019-08-22 21:00:00,4,
2019-08-22 22:00:00,4,
2019-08-22 23:00:00,4,
2019-08-23 00:00:00,4,
2019-08-23 01:00:00,4,
2019-08-23 02:00:00,4,
2019-08-23 03:00:00,4,
2019-08-23 04:00:00,4,
2019-08-23 05:00:00,4,
2019-08-23 06:00:00,4,
2019-08-23 07:00:00,4,0.9330592116217111
2019-08-23 08:00:00,4,0.9858044876778093
2019-08-23 09:00:00,4,0.9782857643596732
2019-08-23 10:00:00,4,0.9908016395660443
2019-08-23 11:00:00,4,0.9981385009283279
2019-08-23 12:00:00,4,0.9989313774424428
2019-08-23 13:00:00,4,0.9957572400066538
2019-08-23 14:00:00,4,0.6567114375690029
2019-08-23 15:00:00,4,0.9972568455275388
2019-08-23 16:00:00,4,0.8752989367205423
2019-08-23 17:00:00,4,0.999949838337127
2019-08-23 18:00:00,4,0.997441125497707
2019-08-23 19:00:00,4,0.9965372671302994
2019-08-23 20:00:00,4,
2019-08-23 21:00:00,4,
2019-08-23 22:00:00,4,
2019-08-23 23:00:00,4,
2019-08-24 00:00:00,4,
2019-08-24 01:00:00,4,
2019-08-24 02:00:00,4,
2019-08-24 03:00:00,4,
2019-08-24 04:00:00,4,
2019-08-24 05:00:00,4,
2019-08-24 06:00:00,4,
2019-08-24 07:00:00,4,0.9953335967915341
2019-08-24 08:00:00,4,0.9701491619123158
2019-08-24 09:00:00,4,0.9565520210491271
2019-08-24 10:00:00,4,0.9849746176144861
2019-08-24 11:00:00,4,0.9894210100218267
2019-08-24 12:00:00,4,0.9828459376902968
2019-08-24 13:00:00,4,0.31852178134867687
2019-08-24 14:00:00,4,-0.31834928417674946
2019-08-24 15:00:00,4,0.8985593341654061
2019-08-24 16:00:00,4,0.9858794851411578
2019-08-24 17:00:00,4,0.913492578142945
2019-08-24 18:00:00,4,0.9988563845101386
2019-08-24 19:00:00,4,0.9957295503327096
2019-08-25 07:00:00,4,0.9944238781718459
2019-08-25 08:00:00,4,0.9962890585632166
2019-08-25 09:00:00,4,0.9999762562831329
2019-08-25 10:00:00,4,0.9994793443844433
2019-08-25 11:00:00,4,0.9990183603252467
2019-08-25 12:00:00,4,0.9235188475906964
2019-08-25 13:00:00,4,0.979069284469642
2019-08-25 14:00:00,4,0.9997523408219908
2019-08-25 15:00:00,4,0.9748014126789567
2019-08-25 16:00:00,4,0.9552928871160867
2019-08-25 17:00:00,4,0.9186599953549676
2019-08-25 18:00:00,4,0.9995912868836551
2019-08-25 19:00:00,4,0.9965167605932733
2019-08-25 20:00:00,4,
2019-08-25 21:00:00,4,
2019-08-25 22:00:00,4,
2019-08-25 23:00:00,4,
2019-08-26 00:00:00,4,
2019-08-26 01:00:00,4,
2019-08-26 02:00:00,4,
2019-08-26 03:00:00,4,
2019-08-26 04:00:00,4,
2019-08-26 05:00:00,4,
2019-08-26 06:00:00,4,
2019-08-26 07:00:00,4,0.9946777269138589
2019-08-26 08:00:00,4,0.9978002227107446
2019-08-26 09:00:00,4,0.9999578659904269
2019-08-26 10:00:00,4,0.9997200365406977
2019-08-26 11:00:00,4,0.9985554558210793
2019-08-26 12:00:00,4,0.9987716275476176
2019-08-26 13:00:00,4,0.8872348832443244
2019-08-26 14:00:00,4,0.9971701810025905
2019-08-26 15:00:00,4,0.9982604431151748
2019-08-26 16:00:00,4,0.9994312692373416
2019-08-26 17:00:00,4,0.9983869703826453
2019-08-26 18:00:00,4,0.9995838887262013
2019-08-26 19:00:00,4,0.9938414859589492
2019-08-26 20:00:00,4,
2019-08-26 21:00:00,4,
2019-08-26 22:00:00,4,
2019-08-26 23:00:00,4,
2019-08-27 00:00:00,4,
2019-08-27 01:00:00,4,
2019-08-27 02:00:00,4,
2019-08-27 03:00:00,4,
2019-08-27 04:00:00,4,
2019-08-27 05:00:00,4,
2019-08-27 06:00:00,4,
2019-08-27 07:00:00,4,0.997094163690786
2019-08-27 08:00:00,4,0.9699021837339784
2019-08-27 09:00:00,4,0.8881770974534818
2019-08-27 10:00:00,4,0.9873071617271959
2019-08-27 11:00:00,4,0.9721405006870303
2019-08-27 12:00:00,4,0.9828579562910286
2019-08-27 13:00:00,4,0.99872368560758
2019-08-27 14:00:00,4,0.9481996694721259
2019-08-27 15:00:00,4,0.3189737108468244
2019-08-27 16:00:00,4,0.9950682370603714
2019-08-27 17:00:00,4,0.9981844808298536
2019-08-27 18:00:00,4,0.9981792662585417
2019-08-27 19:00:00,4,0.9814463855738275
2019-08-28 07:00:00,4,0.9834892764600209
2019-08-28 08:00:00,4,0.978319242694405
2019-08-28 09:00:00,4,0.9964657418758878
2019-08-28 10:00:00,4,0.9805770874043856
2019-08-28 11:00:00,4,0.9937386886600552
2019-08-28 12:00:00,4,0.9914357295777971
2019-08-28 13:00:00,4,0.993503247167209
2019-08-28 14:00:00,4,0.9958473196644969
2019-08-28 15:00:00,4,0.9904954817284671
2019-08-28 16:00:00,4,0.9990727052640493
2019-08-28 17:00:00,4,0.9980900849713108
2019-08-28 18:00:00,4,0.9775034763963641
2019-08-28 19:00:00,4,0.9900015794921125
2019-08-29 07:00:00,3,
2019-08-29 08:00:00,4,0.9818115272475616
2019-08-29 09:00:00,4,0.9979719796377082
2019-08-29 10:00:00,4,0.990630799501876
2019-08-29 11:00:00,4,0.9957953507400139
2019-08-29 12:00:00,4,0.980727211776302
2019-08-29 13:00:00,4,0.983070202201464
2019-08-29 14:00:00,4,0.9669308138923426
2019-08-29 15:00:00,4,0.9878005778382692
2019-08-29 16:00:00,4,0.9923753627586162
2019-08-29 17:00:00,4,0.9978719309241599
2019-08-29 18:00:00,4,0.9985403287736992
2019-08-29 19:00:00,3,
2019-08-30 07:00:00,4,0.9438383017050017
2019-08-30 08:00:00,4,0.9993221041340894
2019-08-30 09:00:00,4,0.9211395496921723
2019-08-30 10:00:00,4,0.9890381824582729
2019-08-30 11:00:00,4,0.996342422604932
2019-08-30 12:00:00,4,0.9974071535609536
2019-08-30 13:00:00,4,0.9783731851139945
2019-08-30 14:00:00,4,0.9955461549583193
2019-08-30 15:00:00,4,0.9989384226490232
2019-08-30 16:00:00,4,0.9607092322371092
2019-08-30 17:00:00,4,0.9895314188293386
2019-08-30 18:00:00,4,0.9981001418693978
2019-08-30 19:00:00,4,0.9311546369642215
2019-08-30 20:00:00,4,
2019-08-30 21:00:00,4,
2019-08-30 22:00:00,4,
2019-08-30 23:00:00,4,
2019-08-31 00:00:00,4,
2019-08-31 01:00:00,4,
2019-08-31 02:00:00,4,
2019-08-31 03:00:00,4,
2019-08-31 04:00:00,4,
2019-08-31 05:00:00,4,
2019-08-31 06:00:00,4,
2019-08-31 07:00:00,4,0.9681045832855255
2019-08-31 08:00:00,4,0.9956750022925822
2019-08-31 09:00:00,4,0.9992902080718515
2019-08-31 10:00:00,4,0.9995025047984091
2019-08-31 11:00:00,4,0.9999121067814762
2019-08-31 12:00:00,4,0.9816849479987401
2019-08-31 13:00:00,4,0.9996686931622811
2019-08-31 14:00:00,4,0.9939928552944344
2019-08-31 15:00:00,4,0.9940758049635974
2019-08-31 16:00:00,4,0.9632651242334918
2019-08-31 17:00:00,4,0.9972626646850957
2019-08-31 18:00:00,4,0.9947470002967154
2019-08-31 19:00:00,3,
2019-09-01 07:00:00,4,0.9249419258388994
2019-09-01 08:00:00,4,0.9983388812907822
2019-09-01 09:00:00,4,0.9970118523504772
2019-09-01 10:00:00,4,0.9889053618505708
2019-09-01 11:00:00,4,0.8557211037606912
2019-09-01 12:00:00,4,0.98860604267609
2019-09-01 13:00:00,4,0.947797416013549
2019-09-01 14:00:00,4,0.9941300730118557
2019-09-01 15:00:00,4,0.9940931292177173
2019-09-01 16:00:00,4,0.9976351863746751
2019-09-01 17:00:00,4,0.997578091573813
2019-09-01 18:00:00,4,0.99417831911775
2019-09-01 19:00:00,4,0.922708619738581
2019-09-01 20:00:00,4,
2019-09-01 21:00:00,4,
2019-09-01 22:00:00,4,
2019-09-01 23:00:00,4,
2019-09-02 00:00:00,4,
2019-09-02 01:00:00,4,
2019-09-02 02:00:00,4,
2019-09-02 03:00:00,4,
2019-09-02 04:00:00,4,
2019-09-02 05:00:00,4,
2019-09-02 06:00:00,4,
2019-09-02 07:00:00,4,
2019-09-02 08:00:00,4,0.9979195506368224
2019-09-02 09:00:00,4,0.9996658016935068
2019-09-02 10:00:00,4,0.9962840479683013
2019-09-02 11:00:00,4,0.9898380644961916
2019-09-02 12:00:00,4,0.941276303892873
2019-09-02 13:00:00,4,0.9919996626384893
2019-09-02 14:00:00,4,0.6932336790175823
2019-09-02 15:00:00,4,0.9973970023379817
2019-09-02 16:00:00,4,0.9995593639361054
2019-09-02 17:00:00,4,0.960753758537666
2019-09-02 18:00:00,4,0.9999144619107275
2019-09-02 19:00:00,4,0.9934346919337278
2019-09-03 07:00:00,4,
2019-09-03 08:00:00,4,0.9975824919837651
2019-09-03 09:00:00,4,0.9913228290498297
2019-09-03 10:00:00,4,0.999402096499679
2019-09-03 11:00:00,4,0.9992476543753751
2019-09-03 12:00:00,4,0.9915076746288505
2019-09-03 13:00:00,4,0.9936818503111221
2019-09-03 14:00:00,4,0.9909194129018218
2019-09-03 15:00:00,4,0.9999978791289277
2019-09-03 16:00:00,4,0.9911147895513481
2019-09-03 17:00:00,4,0.918142997600317
2019-09-03 18:00:00,4,0.9998592195728391
2019-09-03 19:00:00,4,0.8268598952898176
2019-09-04 07:00:00,4,0.9894368108132326
2019-09-04 08:00:00,4,0.9679760382359528
2019-09-04 09:00:00,4,0.9738617202441932
2019-09-04 10:00:00,4,0.98697150012004
2019-09-04 11:00:00,4,0.9915650752834994
2019-09-04 12:00:00,4,0.9985618682004387
2019-09-04 13:00:00,4,0.9944828666093856
2019-09-04 14:00:00,4,0.9940555499849522
2019-09-04 15:00:00,4,0.8724154219034157
2019-09-04 16:00:00,4,0.9703512362617532
2019-09-04 17:00:00,4,0.9767240557849168
2019-09-04 18:00:00,4,0.9888710866386109
2019-09-04 19:00:00,4,0.8827587554192723
2019-09-04 20:00:00,4,
2019-09-04 21:00:00,4,
2019-09-04 22:00:00,4,
2019-09-04 23:00:00,4,
2019-09-05 00:00:00,4,
2019-09-05 01:00:00,4,
2019-09-05 02:00:00,4,
2019-09-05 03:00:00,4,
2019-09-05 04:00:00,4,
2019-09-05 05:00:00,4,
2019-09-05 06:00:00,4,
2019-09-05 07:00:00,4,0.99115981388358
2019-09-05 08:00:00,4,0.8310396701744296
2019-09-05 09:00:00,4,0.9938722385937027
2019-09-05 10:00:00,4,0.8577207381976459
2019-09-05 11:00:00,4,0.9977086862022532
2019-09-05 12:00:00,4,0.9966924520175157
2019-09-05 13:00:00,4,0.9998669318928655
2019-09-05 14:00:00,4,0.9684200995499662
2019-09-05 15:00:00,4,0.8458992110005533
2019-09-05 16:00:00,4,0.981462316757249
2019-09-05 17:00:00,4,0.9971505911519514
2019-09-05 18:00:00,4,0.997193262987026
2019-09-05 19:00:00,4,
2019-09-05 20:00:00,4,
2019-09-05 21:00:00,4,
2019-09-05 22:00:00,4,
2019-09-05 23:00:00,4,
2019-09-06 00:00:00,4,
2019-09-06 01:00:00,4,
2019-09-06 02:00:00,4,
2019-09-06 03:00:00,4,
2019-09-06 04:00:00,4,
2019-09-06 05:00:00,4,
2019-09-06 06:00:00,4,
2019-09-06 07:00:00,4,0.9823502380250083
2019-09-06 08:00:00,4,0.9980092324608987
2019-09-06 09:00:00,4,0.9976670974079074
2019-09-06 10:00:00,4,0.9989154849818561
2019-09-06 11:00:00,4,0.9033422595534264
2019-09-06 12:00:00,4,0.9980420621300096
2019-09-06 13:00:00,4,0.9008472847091639
2019-09-06 14:00:00,4,0.9713433191330214
2019-09-06 15:00:00,4,0.9721500348067523
2019-09-06 16:00:00,4,0.9846837956618046
2019-09-06 17:00:00,4,0.9999814946877419
2019-09-06 18:00:00,4,0.9928460257242122
2019-09-06 19:00:00,4,
2019-09-06 20:00:00,4,
2019-09-06 21:00:00,4,
2019-09-06 22:00:00,4,
2019-09-06 23:00:00,4,
2019-09-07 00:00:00,4,
2019-09-07 01:00:00,4,
2019-09-07 02:00:00,4,
2019-09-07 03:00:00,4,
2019-09-07 04:00:00,4,
2019-09-07 05:00:00,4,
2019-09-07 06:00:00,4,
2019-09-07 07:00:00,4,0.9767121709345683
2019-09-07 08:00:00,4,0.9987671977303352
2019-09-07 09:00:00,4,0.9969002799872975
2019-09-07 10:00:00,4,0.9724877632752812
2019-09-07 11:00:00,4,0.9188407599771947
2019-09-07 12:00:00,4,0.9872168059312632
2019-09-07 13:00:00,4,0.9975529998987228
2019-09-07 14:00:00,4,0.999769715543086
2019-09-07 15:00:00,4,0.9956074468522497
2019-09-07 16:00:00,4,0.9376145868020103
2019-09-07 17:00:00,4,0.9992557617382847
2019-09-07 18:00:00,4,0.9991780707459205
2019-09-07 19:00:00,4,0.9275860999131492
2019-09-07 20:00:00,4,
2019-09-07 21:00:00,4,
2019-09-07 22:00:00,4,
2019-09-07 23:00:00,4,
2019-09-08 00:00:00,4,
2019-09-08 01:00:00,4,
2019-09-08 02:00:00,4,
2019-09-08 03:00:00,4,
2019-09-08 04:00:00,4,
2019-09-08 05:00:00,4,
2019-09-08 06:00:00,4,
2019-09-08 07:00:00,4,
2019-09-08 08:00:00,4,0.9997421466124526
2019-09-08 09:00:00,4,0.9995103739402914
2019-09-08 10:00:00,4,0.9219457008145626
2019-09-08 11:00:00,4,0.8038023246022514
2019-09-08 12:00:00,4,0.9868490250321575
2019-09-08 13:00:00,4,0.992774557833105
2019-09-08 14:00:00,4,0.9567143473674258
2019-09-08 15:00:00,4,0.9391181087859218
2019-09-08 16:00:00,4,0.9713650713482228
2019-09-08 17:00:00,4,0.9994330610354687
2019-09-08 18:00:00,4,0.4883321437292172
2019-09-08 19:00:00,3,0.9331059423862237
2019-09-09 07:00:00,4,0.9962370246862298
2019-09-09 08:00:00,4,0.9828844536811516
2019-09-09 09:00:00,4,0.18859908429821623
2019-09-09 10:00:00,4,0.9557383271226609
2019-09-09 11:00:00,4,0.9682280597047309
2019-09-09 12:00:00,4,0.9880845583941487
2019-09-09 13:00:00,4,0.9208176551553708
2019-09-09 14:00:00,4,0.8332801527878945
2019-09-09 15:00:00,4,0.9914440181038431
2019-09-09 16:00:00,4,0.9515037881907479
2019-09-09 17:00:00,4,0.9932217216314544
2019-09-09 18:00:00,4,0.9924497268217555
2019-09-09 19:00:00,3,
2019-09-10 07:00:00,4,0.9944970984851904
2019-09-10 08:00:00,4,0.9733288503156358
2019-09-10 09:00:00,4,0.993468357629219
2019-09-10 10:00:00,4,0.5956929038410851
2019-09-10 11:00:00,4,0.8435018041213901
2019-09-10 12:00:00,4,0.9429140051856636
2019-09-10 13:00:00,4,0.990721383927342
2019-09-10 14:00:00,4,0.9432963828947749
2019-09-10 15:00:00,4,0.9352572674022425
2019-09-10 16:00:00,4,0.8907373112523274
2019-09-10 17:00:00,4,0.9989060039803748
2019-09-10 18:00:00,4,0.927369533650462
2019-09-10 19:00:00,3,0.8418907898006331
2019-09-11 07:00:00,4,0.9951890816814641
2019-09-11 08:00:00,4,0.9998662537397635
2019-09-11 09:00:00,4,0.9979725754225266
2019-09-11 10:00:00,4,0.998989501981116
2019-09-11 11:00:00,4,0.9619729512044987
2019-09-11 12:00:00,4,0.9896045788682316
2019-09-11 13:00:00,4,0.9706015841641298
2019-09-11 14:00:00,4,0.9893235826421163
2019-09-11 15:00:00,4,0.9691494225120927
2019-09-11 16:00:00,4,0.6599517957289537
2019-09-11 17:00:00,4,0.9541069034834456
2019-09-11 18:00:00,4,0.9918640674704424
2019-09-11 19:00:00,4,0.9713401415965105
2019-09-11 20:00:00,4,
2019-09-11 21:00:00,4,
2019-09-11 22:00:00,4,
2019-09-11 23:00:00,4,
2019-09-12 00:00:00,4,
2019-09-12 01:00:00,4,
2019-09-12 02:00:00,4,
2019-09-12 03:00:00,4,
2019-09-12 04:00:00,4,
2019-09-12 05:00:00,4,
2019-09-12 06:00:00,4,
2019-09-12 07:00:00,4,0.9522730980678612
2019-09-12 08:00:00,4,0.9940604317991761
2019-09-12 09:00:00,4,0.9803478075265951
2019-09-12 10:00:00,4,0.9988209571374002
2019-09-12 11:00:00,4,0.8293563833638482
2019-09-12 12:00:00,4,0.997338590757932
2019-09-12 13:00:00,4,0.9976319700696437
2019-09-12 14:00:00,4,0.9957303407930176
2019-09-12 15:00:00,4,0.34024514443862586
2019-09-12 16:00:00,4,0.9997872204160172
2019-09-12 17:00:00,4,0.9881393538426655
2019-09-12 18:00:00,4,0.9959294849197662
2019-09-12 19:00:00,3,
2019-09-13 07:00:00,4,0.9673322561437416
2019-09-13 08:00:00,4,0.9976905893030912
2019-09-13 09:00:00,4,0.9879856318051378
2019-09-13 10:00:00,4,0.9992718559809726
2019-09-13 11:00:00,4,0.86182538701227
2019-09-13 12:00:00,4,0.9829790678138915
2019-09-13 13:00:00,4,0.9956465052461163
2019-09-13 14:00:00,4,0.994436448108848
2019-09-13 15:00:00,4,0.9939070793741235
2019-09-13 16:00:00,4,0.9483738927408172
2019-09-13 17:00:00,4,0.8400546305888318
2019-09-13 18:00:00,4,0.9966006172863526
2019-09-13 19:00:00,3,
2019-09-14 07:00:00,3,
2019-09-14 08:00:00,4,0.9999319619782715
2019-09-14 09:00:00,4,0.9981759059194317
2019-09-14 10:00:00,4,0.736197399169403
2019-09-14 11:00:00,4,0.997295603778001
2019-09-14 12:00:00,4,0.9972076612303259
2019-09-14 13:00:00,4,0.9984005115666356
2019-09-14 14:00:00,4,0.9990509869223558
2019-09-14 15:00:00,4,0.9989877134489559
2019-09-14 16:00:00,4,0.9921518297576173
2019-09-14 17:00:00,4,0.9817865937394826
2019-09-14 18:00:00,4,0.9974230160847538
2019-09-14 19:00:00,3,0.98120709846227
2019-09-15 07:00:00,4,0.9473359724456792
2019-09-15 08:00:00,4,0.993681609954529
2019-09-15 09:00:00,4,0.9733693486448641
2019-09-15 10:00:00,4,0.9826509585589088
2019-09-15 11:00:00,4,0.9993518204210491
2019-09-15 12:00:00,4,0.9894188652942028
2019-09-15 13:00:00,4,0.994924867765087
2019-09-15 14:00:00,4,0.9860192174324354
2019-09-15 15:00:00,4,0.9999025211038902
2019-09-15 16:00:00,4,0.984415201881571
2019-09-15 17:00:00,4,0.9994683760320935
2019-09-15 18:00:00,4,0.975230586981187
2019-09-15 19:00:00,4,
2019-09-15 20:00:00,4,
2019-09-15 21:00:00,4,
2019-09-15 22:00:00,4,
2019-09-15 23:00:00,4,
2019-09-16 00:00:00,4,
2019-09-16 01:00:00,4,
2019-09-16 02:00:00,4,
2019-09-16 03:00:00,4,
2019-09-16 04:00:00,4,
2019-09-16 05:00:00,4,
2019-09-16 06:00:00,4,
2019-09-16 07:00:00,4,0.9901731502275697
2019-09-16 08:00:00,4,0.9977045165018483
2019-09-16 09:00:00,4,0.9998402812539061
2019-09-16 10:00:00,4,0.9790496775572997
2019-09-16 11:00:00,4,0.9770741841891286
2019-09-16 12:00:00,4,0.9991761103861879
2019-09-16 13:00:00,4,0.9968974554457068
2019-09-16 14:00:00,4,0.9624601666875936
2019-09-16 15:00:00,4,0.9499353834771677
2019-09-16 16:00:00,4,0.8868869511742008
2019-09-16 17:00:00,4,0.9986462304891526
2019-09-16 18:00:00,4,0.9982982513449337
2019-09-16 19:00:00,3,0.9385382531129657
2019-09-17 07:00:00,3,0.9296714321103081
2019-09-17 08:00:00,4,0.9991098262347338
2019-09-17 09:00:00,4,0.9988489187325666
2019-09-17 10:00:00,4,0.9982001512064299
2019-09-17 11:00:00,4,0.9969928613948286
2019-09-17 12:00:00,4,0.9879123058507788
2019-09-17 13:00:00,4,0.9908314001371327
2019-09-17 14:00:00,4,0.9953361931050115
2019-09-17 15:00:00,4,0.9211134695622161
2019-09-17 16:00:00,4,0.9989445921254752
2019-09-17 17:00:00,4,0.9176093590989314
2019-09-17 18:00:00,4,0.9991990240181439
2019-09-17 19:00:00,3,0.9632028623019145
2019-09-18 07:00:00,3,
2019-09-18 08:00:00,4,0.9828423330196916
2019-09-18 09:00:00,4,0.9987144868809544
2019-09-18 10:00:00,4,0.9375701585809029
2019-09-18 11:00:00,4,0.9979701334946035
2019-09-18 12:00:00,4,0.9993448516140628
2019-09-18 13:00:00,4,0.9781541506023557
2019-09-18 14:00:00,4,0.28212224891223725
2019-09-18 15:00:00,4,0.9998333360425309
2019-09-18 16:00:00,4,0.9979685074387085
2019-09-18 17:00:00,4,0.9997843527454591
2019-09-18 18:00:00,4,0.9996113457129
2019-09-18 19:00:00,3,0.9103083240709257
2019-09-19 07:00:00,4,0.8690963824470003
2019-09-19 08:00:00,4,0.9983337578582224
2019-09-19 09:00:00,4,0.9988793671165805
2019-09-19 10:00:00,4,0.9984163468038824
2019-09-19 11:00:00,4,0.9832086669435809
2019-09-19 12:00:00,4,0.8723983561073626
2019-09-19 13:00:00,4,0.9751734925308803
2019-09-19 14:00:00,4,0.9966139689471597
2019-09-19 15:00:00,4,0.9956602672622926
2019-09-19 16:00:00,4,0.9927375043933035
2019-09-19 17:00:00,4,0.9996759050828692
2019-09-19 18:00:00,4,0.9983019557729588
2019-09-19 19:00:00,3,0.9697894679522182
2019-09-20 07:00:00,4,
2019-09-20 08:00:00,4,0.99319914324536
2019-09-20 09:00:00,4,0.9904275621246295
2019-09-20 10:00:00,4,0.9704504248699922
2019-09-20 11:00:00,4,0.9998467344528452
2019-09-20 12:00:00,4,0.9980457744191118
2019-09-20 13:00:00,4,0.9981552784385642
2019-09-20 14:00:00,4,0.9988126449594286
2019-09-20 15:00:00,4,0.9767249923788917
2019-09-20 16:00:00,4,0.9992011743202148
2019-09-20 17:00:00,4,0.999817789944078
2019-09-20 18:00:00,4,0.9893461029501324
2019-09-21 07:00:00,4,0.7818293225854221
2019-09-21 08:00:00,4,0.9994121120127086
2019-09-21 09:00:00,4,0.9900472678494485
2019-09-21 10:00:00,4,0.99977552384987
2019-09-21 11:00:00,4,0.9904606495510557
2019-09-21 12:00:00,4,0.9919901309244875
2019-09-21 13:00:00,4,0.9768189310780255
2019-09-21 14:00:00,4,0.9921287961226812
2019-09-21 15:00:00,4,0.9967348141547031
2019-09-21 16:00:00,4,0.9637976371087105
2019-09-21 17:00:00,4,0.9998571224110439
2019-09-21 18:00:00,4,0.998933625806024
2019-09-22 07:00:00,4,0.9821315107440627
2019-09-22 08:00:00,4,0.9837152155661323
2019-09-22 09:00:00,4,0.999238647795672
2019-09-22 10:00:00,4,0.9936576616460114
2019-09-22 11:00:00,4,0.9996800480551382
2019-09-22 12:00:00,4,0.9994955794545635
2019-09-22 13:00:00,4,0.8486145230345058
2019-09-22 14:00:00,4,0.6899142243930845
2019-09-22 15:00:00,4,0.9426925591188065
2019-09-22 16:00:00,4,0.9999824604106363
2019-09-22 17:00:00,4,0.9980739141874035
2019-09-22 18:00:00,4,0.9997809693452571
2019-09-23 07:00:00,4,0.8203161753460856
2019-09-23 08:00:00,4,0.9993982974866281
2019-09-23 09:00:00,4,0.9999436397968136
2019-09-23 10:00:00,4,0.9904321662040493
2019-09-23 11:00:00,4,0.9703531732241841
2019-09-23 12:00:00,4,0.9580216564396554
2019-09-23 13:00:00,4,0.9995921000389243
2019-09-23 14:00:00,4,0.9832131033381858
2019-09-23 15:00:00,4,0.9859268463670086
2019-09-23 16:00:00,4,0.9611904497395468
2019-09-23 17:00:00,4,0.9999223613680477
2019-09-23 18:00:00,4,0.9985493664198722
2019-09-24 07:00:00,3,
2019-09-24 08:00:00,4,0.9673543568347649
2019-09-24 09:00:00,4,0.999569927449699
2019-09-24 10:00:00,4,0.9958829180852831
2019-09-24 11:00:00,4,0.9990304214141007
2019-09-24 12:00:00,4,0.9925214003054691
2019-09-24 13:00:00,4,0.9990720500422957
2019-09-24 14:00:00,4,0.9815284061714314
2019-09-24 15:00:00,4,0.9950333526007148
2019-09-24 16:00:00,4,0.9896730132759078
2019-09-24 17:00:00,4,0.9996048648357065
2019-09-24 18:00:00,4,0.9977827403611794
2019-09-25 07:00:00,3,
2019-09-25 08:00:00,4,0.9992975838916314
2019-09-25 09:00:00,4,0.9994691067495688
2019-09-25 10:00:00,4,0.9961737487238375
2019-09-25 11:00:00,4,0.9270699070012431
2019-09-25 12:00:00,4,0.968110924487817
2019-09-25 13:00:00,4,0.9990679760537813
2019-09-25 14:00:00,4,0.9831593867316962
2019-09-25 15:00:00,4,0.9948169476951239
2019-09-25 16:00:00,4,0.9338386252294993
2019-09-25 17:00:00,4,0.9918522741707967
2019-09-25 18:00:00,4,0.9995440070612379
2019-09-26 07:00:00,4,
2019-09-26 08:00:00,4,0.999128706676369
2019-09-26 09:00:00,4,0.9973612588707663
2019-09-26 10:00:00,4,0.6055987602114934
2019-09-26 11:00:00,4,0.8694981010331333
2019-09-26 12:00:00,4,0.9491340601683912
2019-09-26 13:00:00,4,-0.7498983344491659
2019-09-26 14:00:00,4,0.8407014228981204
2019-09-26 15:00:00,4,0.9526201152606195
2019-09-26 16:00:00,4,0.9970450709976318
2019-09-26 17:00:00,4,0.9985438724736562
2019-09-26 18:00:00,4,0.9972959492972816
2019-09-27 07:00:00,4,0.9547297386030437
2019-09-27 08:00:00,4,0.9889786770995052
2019-09-27 09:00:00,4,0.7640044454571803
2019-09-27 10:00:00,4,0.9941469090146052
2019-09-27 11:00:00,4,0.9866581493405584
2019-09-27 12:00:00,4,0.2596732839847216
2019-09-27 13:00:00,4,0.8775756425309945
2019-09-27 14:00:00,4,0.9972209496390788
2019-09-27 15:00:00,4,0.9934101415012414
2019-09-27 16:00:00,4,0.9817137515859313
2019-09-27 17:00:00,4,0.9875786891389776
2019-09-27 18:00:00,4,0.9906695383735272
2019-09-28 07:00:00,4,0.9792872314470995
2019-09-28 08:00:00,4,0.7590638746127164
2019-09-28 09:00:00,4,0.9526881030952516
2019-09-28 10:00:00,4,0.6721050743384374
2019-09-28 11:00:00,4,0.9580001152791106
2019-09-28 12:00:00,4,0.9967416393036123
2019-09-28 13:00:00,4,0.9336351756500723
2019-09-28 14:00:00,4,0.9993835385293905
2019-09-28 15:00:00,4,0.9996881351575833
2019-09-28 16:00:00,4,0.999912655699143
2019-09-28 17:00:00,4,0.99894313980698
2019-09-28 18:00:00,4,0.9978119129287321
2019-09-29 07:00:00,4,0.9421492556234397
2019-09-29 08:00:00,4,0.9973039036527808
2019-09-29 09:00:00,4,0.9452311051800244
2019-09-29 10:00:00,4,0.9941917273751861
2019-09-29 11:00:00,4,0.9977966486935177
2019-09-29 12:00:00,4,0.9994789685808124
2019-09-29 13:00:00,4,0.9163453554231
2019-09-29 14:00:00,4,0.9962896385628303
2019-09-29 15:00:00,4,0.7780829539165852
2019-09-29 16:00:00,4,0.6325039014753342
2019-09-29 17:00:00,4,0.9957066216938887
2019-09-29 18:00:00,4,0.9974041492906041
2019-09-30 07:00:00,3,0.991569202756076
2019-09-30 08:00:00,4,0.9478898045571096
2019-09-30 09:00:00,4,0.9376525083475148
2019-09-30 10:00:00,4,0.1279242836089009
2019-09-30 11:00:00,4,0.883354894018498
2019-09-30 12:00:00,4,0.9635473213222876
2019-09-30 13:00:00,4,0.9699873947279408
2019-09-30 14:00:00,4,0.8615987846857085
2019-09-30 15:00:00,4,0.9885295314451157
2019-09-30 16:00:00,4,0.9934115240212221
2019-09-30 17:00:00,4,0.9989658819263928
2019-09-30 18:00:00,4,0.9942184269578118
2019-10-01 07:00:00,3,0.9631034216260566
2019-10-01 08:00:00,4,0.8931911765486341
2019-10-01 09:00:00,4,0.9999784611016764
2019-10-01 10:00:00,4,0.9990503349711407
2019-10-01 11:00:00,4,0.9840082751835053
2019-10-01 12:00:00,4,0.909741717399518
2019-10-01 13:00:00,4,0.8324485740895408
2019-10-01 14:00:00,4,0.9700232149577724
2019-10-01 15:00:00,4,0.9909080864320846
2019-10-01 16:00:00,4,0.9999286663641747
2019-10-01 17:00:00,4,0.9972653097753188
2019-10-01 18:00:00,4,0.9942663085107757
2019-10-02 07:00:00,3,0.9709799953395325
2019-10-02 08:00:00,4,0.9940037923837173
2019-10-02 09:00:00,4,0.9931295046902386
2019-10-02 10:00:00,4,0.9994830726770749
2019-10-02 11:00:00,4,0.9998508493617536
2019-10-02 12:00:00,4,0.8714877949830276
2019-10-02 13:00:00,4,0.935909271405915
2019-10-02 14:00:00,4,0.9375434181438927
2019-10-02 15:00:00,4,0.9900096092896273
2019-10-02 16:00:00,4,0.9959727657198842
2019-10-02 17:00:00,4,0.9867543396995263
2019-10-02 18:00:00,4,0.9768239379008589
2019-10-03 07:00:00,3,0.9207332170934345
2019-10-03 08:00:00,4,0.9275404947749113
2019-10-03 09:00:00,4,0.9999505906760664
2019-10-03 10:00:00,4,0.9521013750370835
2019-10-03 11:00:00,4,-0.3588848981602334
2019-10-03 12:00:00,4,0.9038339567961563
2019-10-03 13:00:00,4,0.9967714876039129
2019-10-03 14:00:00,4,0.8576124861523406
2019-10-03 15:00:00,4,0.9932445509012023
2019-10-03 16:00:00,4,0.9707581208099727
2019-10-03 17:00:00,4,0.9893311879631156
2019-10-03 18:00:00,4,0.9970050462955624
2019-10-04 07:00:00,3,0.9606688636255978
2019-10-04 08:00:00,4,0.9966564014960715
2019-10-04 09:00:00,4,0.9960608422500501
2019-10-04 10:00:00,4,0.6876222093309453
2019-10-04 11:00:00,4,0.9777187671740374
2019-10-04 12:00:00,4,0.9007779782379919
2019-10-04 13:00:00,4,0.9768960019226754
2019-10-04 14:00:00,4,0.998359347082695
2019-10-04 15:00:00,4,0.9826519284820722
2019-10-04 16:00:00,4,0.9999311081782243
2019-10-04 17:00:00,4,0.9831226470362163
2019-10-04 18:00:00,4,0.9988436703881981
2019-10-05 07:00:00,3,0.9760468840411286
2019-10-05 08:00:00,4,0.9989127766420203
2019-10-05 09:00:00,4,0.9999253770980594
2019-10-05 10:00:00,4,0.9982110246553717
2019-10-05 11:00:00,4,0.9978583617336018
2019-10-05 12:00:00,4,0.999355226699228
2019-10-05 13:00:00,4,0.9979956848822519
2019-10-05 14:00:00,4,0.7718867007725279
2019-10-05 15:00:00,4,0.9502491103156722
2019-10-05 16:00:00,4,0.9354098120456606
2019-10-05 17:00:00,4,0.8919460105437611
2019-10-05 18:00:00,4,0.9990110308363178
2019-10-06 07:00:00,3,0.9462311420692053
2019-10-06 08:00:00,4,0.9994507614432572
2019-10-06 09:00:00,4,0.9924353147135613
2019-10-06 10:00:00,4,0.9855741650528436
2019-10-06 11:00:00,4,0.971510963722358
2019-10-06 12:00:00,4,0.9987691085410145
2019-10-06 13:00:00,4,0.9939408460200774
2019-10-06 14:00:00,4,0.9849729190760697
2019-10-06 15:00:00,4,0.9941613177419089
2019-10-06 16:00:00,4,0.912973256876193
2019-10-06 17:00:00,4,0.9724543066371741
2019-10-06 18:00:00,4,0.9983456793572627
2019-10-07 07:00:00,4,0.8891909951987566
2019-10-07 08:00:00,4,0.9985651806402558
2019-10-07 09:00:00,4,0.9884637539588087
2019-10-07 10:00:00,4,0.9998526018698367
2019-10-07 11:00:00,4,0.9988219975415081
2019-10-07 12:00:00,4,0.9210523135570748
2019-10-07 13:00:00,4,0.7712983956883884
2019-10-07 14:00:00,4,0.996140323318242
2019-10-07 15:00:00,4,0.9998872729678414
2019-10-07 16:00:00,4,0.999037511527495
2019-10-07 17:00:00,4,0.9882834512725502
2019-10-07 18:00:00,4,0.9998761138092387
2019-10-08 07:00:00,3,0.929968439462536
2019-10-08 08:00:00,4,0.9979212111632275
2019-10-08 09:00:00,4,0.9796899576280517
2019-10-08 10:00:00,4,0.11599032671174432
2019-10-08 11:00:00,4,0.9853393550000209
2019-10-08 12:00:00,4,0.9876400381091497
2019-10-08 13:00:00,4,0.9987949256757745
2019-10-08 14:00:00,4,0.9919754906206198
2019-10-08 15:00:00,4,0.9540910319334034
2019-10-08 16:00:00,4,0.9894900384018753
2019-10-08 17:00:00,4,0.9977735899319663
2019-10-08 18:00:00,4,0.9921324305749333
2019-10-09 07:00:00,4,0.9294039880541574
2019-10-09 08:00:00,4,0.9814873207755578
2019-10-09 09:00:00,4,0.9998857826836056
2019-10-09 10:00:00,4,0.9957941339149872
2019-10-09 11:00:00,4,0.5143783027622205
2019-10-09 12:00:00,4,0.9995658654603347
2019-10-09 13:00:00,4,0.9930272295710101
2019-10-09 14:00:00,4,0.9733432368028893
2019-10-09 15:00:00,4,0.9883280088490028
2019-10-09 16:00:00,4,0.9993413135882602
2019-10-09 17:00:00,4,0.9934581758185065
2019-10-09 18:00:00,4,0.9997796500799112
2019-10-10 07:00:00,3,0.9723392035691245
2019-10-10 08:00:00,4,0.9846683175352725
2019-10-10 09:00:00,4,0.9998949480973509
2019-10-10 10:00:00,4,0.9995877021834816
2019-10-10 11:00:00,4,0.9992215516457233
2019-10-10 12:00:00,4,0.9194645455634716
2019-10-10 13:00:00,4,0.9836819080603756
2019-10-10 14:00:00,4,0.8997958711561342
2019-10-10 15:00:00,4,0.8798742343418005
2019-10-10 16:00:00,4,0.9921758319616795
2019-10-10 17:00:00,4,0.9343613911800993
2019-10-10 18:00:00,4,0.9988001793493148
2019-10-11 07:00:00,3,0.9156631392649884
2019-10-11 08:00:00,4,0.9634685096265032
2019-10-11 09:00:00,4,0.9974442551491867
2019-10-11 10:00:00,4,0.9630076810342284
2019-10-11 11:00:00,4,0.9994729669556596
2019-10-11 12:00:00,4,0.9770610771533829
2019-10-11 13:00:00,4,0.9745535924824835
2019-10-11 14:00:00,4,0.9603413589802524
2019-10-11 15:00:00,4,0.47541005249851026
2019-10-11 16:00:00,4,0.9887459738248134
2019-10-11 17:00:00,4,0.9988416099497367
2019-10-11 18:00:00,4,0.9953501203705658
2019-10-12 07:00:00,3,0.9624108297590915
2019-10-12 08:00:00,4,0.939505771862316
2019-10-12 09:00:00,4,0.9996700632532433
2019-10-12 10:00:00,4,0.999462673430769
2019-10-12 11:00:00,4,0.43979827832262147
2019-10-12 12:00:00,4,0.8200294988195223
2019-10-12 13:00:00,4,-0.12031166205871027
2019-10-12 14:00:00,4,0.9802282513807071
2019-10-12 15:00:00,4,0.9985789083555411
2019-10-12 16:00:00,4,0.9934587602613739
2019-10-12 17:00:00,4,0.9763656103076955
2019-10-12 18:00:00,4,0.9998897357526215
2019-10-13 07:00:00,3,
2019-10-13 08:00:00,4,0.9990932820808387
2019-10-13 09:00:00,4,0.9989310822271696
2019-10-13 10:00:00,4,0.9786576637354363
2019-10-13 11:00:00,4,0.35534183670184644
2019-10-13 12:00:00,4,0.9829904943388005
2019-10-13 13:00:00,4,-0.12977552598668968
2019-10-13 14:00:00,4,0.9966501182953614
2019-10-13 15:00:00,4,0.9988846943563484
2019-10-13 16:00:00,4,0.9834186447858503
2019-10-13 17:00:00,4,0.9996765594782603
2019-10-13 18:00:00,4,0.9728792635248011
2019-10-14 07:00:00,3,0.913090054469381
2019-10-14 08:00:00,4,0.9160721047708661
2019-10-14 09:00:00,4,0.9992864788150468
2019-10-14 10:00:00,4,0.9995302974105451
2019-10-14 11:00:00,4,0.9738223724740817
2019-10-14 12:00:00,4,0.11167738794125917
2019-10-14 13:00:00,4,-0.060371868382304246
2019-10-14 14:00:00,4,0.9622572843376015
2019-10-14 15:00:00,4,0.7677651287081116
2019-10-14 16:00:00,4,0.9988648292405702
2019-10-14 17:00:00,4,0.9986825712118689
2019-10-14 18:00:00,4,0.9942403899995426
2019-10-15 07:00:00,3,0.9465247495186401
2019-10-15 08:00:00,4,0.9788339265671949
2019-10-15 09:00:00,4,0.9993490072861515
2019-10-15 10:00:00,4,0.999685115067248
2019-10-15 11:00:00,4,0.7081651820769101
2019-10-15 12:00:00,4,0.979283173724989
2019-10-15 13:00:00,4,0.8107386363506796
2019-10-15 14:00:00,4,0.9676423504130468
2019-10-15 15:00:00,4,0.985336499948299
2019-10-15 16:00:00,4,0.9970141652854198
2019-10-15 17:00:00,4,0.9993251189079588
2019-10-15 18:00:00,4,0.9994880859940022
2019-10-16 07:00:00,3,0.9684713426059968
2019-10-16 08:00:00,4,0.9444934893416872
2019-10-16 09:00:00,4,0.9987635277213468
2019-10-16 10:00:00,4,0.9998699885999222
2019-10-16 11:00:00,4,0.9522645467324292
2019-10-16 12:00:00,4,0.9769162000517814
2019-10-16 13:00:00,4,0.9981446308097831
2019-10-16 14:00:00,4,0.9117678749373767
2019-10-16 15:00:00,4,0.9888824984117858
2019-10-16 16:00:00,4,0.8404853072657997
2019-10-16 17:00:00,4,0.9970317000719352
2019-10-16 18:00:00,4,0.9969598560848295
2019-10-17 07:00:00,3,0.945744301045604
2019-10-17 08:00:00,4,0.9437223944117006
2019-10-17 09:00:00,4,0.3847644972672471
2019-10-17 10:00:00,4,-0.8825073007034818
2019-10-17 11:00:00,4,
2019-10-17 12:00:00,4,
2019-10-17 13:00:00,4,
2019-10-17 14:00:00,4,
2019-10-17 15:00:00,4,
2019-10-17 16:00:00,4,
2019-10-17 17:00:00,4,
2019-10-17 18:00:00,4,
2019-10-18 07:00:00,3,
2019-10-18 08:00:00,4,
2019-10-18 09:00:00,4,
2019-10-18 10:00:00,4,
2019-10-18 11:00:00,4,
2019-10-18 12:00:00,4,
2019-10-18 13:00:00,4,
2019-10-18 14:00:00,4,
2019-10-18 15:00:00,4,
2019-10-18 16:00:00,4,
2019-10-18 17:00:00,4,
2019-10-18 18:00:00,4,
2019-10-19 07:00:00,3,
2019-10-19 08:00:00,4,
2019-10-19 09:00:00,4,
2019-10-19 10:00:00,4,
2019-10-19 11:00:00,4,
2019-10-19 12:00:00,4,
2019-10-19 13:00:00,4,
2019-10-19 14:00:00,4,
2019-10-19 15:00:00,4,
2019-10-19 16:00:00,4,
2019-10-19 17:00:00,4,
2019-10-19 18:00:00,4,
2019-10-20 07:00:00,3,0.9766981773012803
2019-10-20 08:00:00,4,0.9742381195466191
2019-10-20 09:00:00,4,0.9939392425266445
2019-10-20 10:00:00,4,0.8190738936787035
2019-10-20 11:00:00,4,0.8197063895421827
2019-10-20 12:00:00,4,0.9919738402578215
2019-10-20 13:00:00,4,0.8566477576881191
2019-10-20 14:00:00,4,0.9533986706661626
2019-10-20 15:00:00,4,0.8983855949534866
2019-10-20 16:00:00,4,0.9995224511539512
2019-10-20 17:00:00,4,0.9997552907200744
2019-10-20 18:00:00,4,0.9816415588735671
2019-10-21 07:00:00,3,0.9777070251270669
2019-10-21 08:00:00,4,0.975960325755358
2019-10-21 09:00:00,4,0.9995476823259514
2019-10-21 10:00:00,4,0.9993116593542017
2019-10-21 11:00:00,4,0.9626044201835423
2019-10-21 12:00:00,4,0.9455332773733067
2019-10-21 13:00:00,4,0.9858344597110533
2019-10-21 14:00:00,4,0.961150764206745
2019-10-21 15:00:00,4,0.9716383559391855
2019-10-21 16:00:00,4,0.28928860308333343
2019-10-21 17:00:00,4,0.9877320318671751
2019-10-21 18:00:00,4,0.9996982750426663
2019-10-22 06:00:00,4,
2019-10-22 07:00:00,4,
2019-10-22 08:00:00,4,0.9986946908000421
2019-10-22 09:00:00,4,0.9720261163342572
2019-10-22 10:00:00,4,0.9900788197513278
2019-10-22 11:00:00,4,0.9928116001615602
2019-10-22 12:00:00,4,0.9899961156412356
2019-10-22 13:00:00,4,0.9982306894432044
2019-10-22 14:00:00,4,0.8827249110679485
2019-10-22 15:00:00,4,0.980217247568471
2019-10-22 16:00:00,4,0.9953578950113771
2019-10-22 17:00:00,4,0.9824729642460526
2019-10-22 18:00:00,4,0.9989348825471063
2019-10-23 07:00:00,3,0.967547510267235
2019-10-23 08:00:00,4,0.9723821243617209
2019-10-23 09:00:00,4,0.9939479934876052
2019-10-23 10:00:00,4,0.9997362291979431
2019-10-23 11:00:00,4,0.9985832165032579
2019-10-23 12:00:00,4,0.9989228184001196
2019-10-23 13:00:00,4,0.9944789303022445
2019-10-23 14:00:00,4,0.9997645797244732
2019-10-23 15:00:00,4,0.987032440218623
2019-10-23 16:00:00,4,0.8824058128177579
2019-10-23 17:00:00,4,0.99684251254754
2019-10-23 18:00:00,4,0.9950545314828569
2019-10-24 07:00:00,3,0.9743547036924463
2019-10-24 08:00:00,4,0.9942990386012971
2019-10-24 09:00:00,4,0.3146841123366169
2019-10-24 10:00:00,4,0.9990958162798299
2019-10-24 11:00:00,4,0.9603114619884027
2019-10-24 12:00:00,4,0.9948275336653617
2019-10-24 13:00:00,4,0.990260116048551
2019-10-24 14:00:00,4,0.9838143048614854
2019-10-24 15:00:00,4,0.9992674013245363
2019-10-24 16:00:00,4,0.9754951868113197
2019-10-24 17:00:00,4,0.9985008724228809
2019-10-24 18:00:00,3,0.690743125853457
2019-10-25 08:00:00,4,0.9974223750495789
2019-10-25 09:00:00,4,0.995743111160512
2019-10-25 10:00:00,4,0.9998064570519506
2019-10-25 11:00:00,4,0.999152873182585
2019-10-25 12:00:00,4,0.9874116459205552
2019-10-25 13:00:00,4,0.9963709889111826
2019-10-25 14:00:00,4,0.9990452852596686
2019-10-25 15:00:00,4,0.9885960457145843
2019-10-25 16:00:00,4,0.9871689116304582
2019-10-25 17:00:00,4,0.9972416356635562
2019-10-25 18:00:00,4,
2019-10-26 07:00:00,3,0.9463434607183114
2019-10-26 08:00:00,4,0.9710604000901693
2019-10-26 09:00:00,4,0.9975166445813213
2019-10-26 10:00:00,4,0.9957482381377782
2019-10-26 11:00:00,4,0.9962194664658381
2019-10-26 12:00:00,4,0.9658635411968263
2019-10-26 13:00:00,4,0.9989091994305392
2019-10-26 14:00:00,4,0.9645570443325986
2019-10-26 15:00:00,4,0.9988282068722497
2019-10-26 16:00:00,4,0.9471146721726275
2019-10-26 17:00:00,4,0.9957376590844687
2019-10-26 18:00:00,4,0.9384397119991207
2019-10-27 08:00:00,4,0.9997420792113412
2019-10-27 09:00:00,4,0.9977529294390002
2019-10-27 10:00:00,4,0.5645616455609077
2019-10-27 11:00:00,4,0.922791545289461
2019-10-27 12:00:00,4,0.9732830937363149
2019-10-27 13:00:00,4,0.9738742084044363
2019-10-27 14:00:00,4,0.9994886516607128
2019-10-27 15:00:00,4,0.991679316595273
2019-10-27 16:00:00,4,0.9674933296579689
2019-10-27 17:00:00,4,0.9981877108491439
2019-10-27 18:00:00,4,0.9294213414956893
2019-10-28 08:00:00,4,0.9975790347246407
2019-10-28 09:00:00,4,0.9954497651732821
2019-10-28 10:00:00,4,0.9999326088641234
2019-10-28 11:00:00,4,0.9992079854745574
2019-10-28 12:00:00,4,0.9840572362244204
2019-10-28 13:00:00,4,0.9892469764758959
2019-10-28 14:00:00,4,0.984373781886935
2019-10-28 15:00:00,4,0.9999171033795374
2019-10-28 16:00:00,4,0.9844671205111445
2019-10-28 17:00:00,4,0.9999216645268955
2019-10-28 18:00:00,4,0.989502469950324
2019-10-29 08:00:00,4,0.9970661806337635
2019-10-29 09:00:00,4,0.9922999639729021
2019-10-29 10:00:00,4,0.9933675938166294
2019-10-29 11:00:00,4,0.9844204831083962
2019-10-29 12:00:00,4,0.791028314351415
2019-10-29 13:00:00,4,0.9766976164356167
2019-10-29 14:00:00,4,0.9754780536172616
2019-10-29 15:00:00,4,0.9809503057024177
2019-10-29 16:00:00,4,0.9101880092995496
2019-10-29 17:00:00,4,0.9994239938235467
2019-10-29 18:00:00,4,0.9988395197454067
2019-10-30 07:00:00,3,0.988354770289338
2019-10-30 08:00:00,4,0.9865168876649287
2019-10-30 09:00:00,4,0.9986751331489147
2019-10-30 10:00:00,4,0.9974424248010181
2019-10-30 11:00:00,4,0.9936987543579088
2019-10-30 12:00:00,4,0.5292744598857121
2019-10-30 13:00:00,4,0.9472038079199656
2019-10-30 14:00:00,4,0.9893184509852482
2019-10-30 15:00:00,4,0.8375850710649145
2019-10-30 16:00:00,4,0.9897965424303328
2019-10-30 17:00:00,4,0.9710330936024804
2019-10-30 18:00:00,4,0.9979392301040584
2019-10-31 08:00:00,4,0.9995407139724207
2019-10-31 09:00:00,4,0.9949840235884153
2019-10-31 10:00:00,4,0.9876656114707891
2019-10-31 11:00:00,4,0.969298665644594
2019-10-31 12:00:00,4,0.9731563108761747
2019-10-31 13:00:00,4,0.9892625747660254
2019-10-31 14:00:00,4,0.9991575709596197
2019-10-31 15:00:00,4,0.9814375531698539
2019-10-31 16:00:00,4,0.999029222519995
2019-10-31 17:00:00,4,0.9783270190930274
2019-10-31 18:00:00,4,0.972522462698045
2019-11-01 08:00:00,4,0.9962767756890777
2019-11-01 09:00:00,4,0.9842504748229591
2019-11-01 10:00:00,4,
2019-11-01 11:00:00,4,
2019-11-01 12:00:00,4,-0.7996166605515387
2019-11-01 13:00:00,4,0.9862409177142228
2019-11-01 14:00:00,4,0.9861840156870528
2019-11-01 15:00:00,4,0.9781389242550524
2019-11-01 16:00:00,4,0.9919270182467851
2019-11-01 17:00:00,4,0.9900372580207611
2019-11-01 18:00:00,4,0.9933808296791439
2019-11-02 08:00:00,4,0.9949693563189012
2019-11-02 09:00:00,4,0.9864063511086683
2019-11-02 10:00:00,4,0.8741076670280497
2019-11-02 11:00:00,4,0.9999629896433401
2019-11-02 12:00:00,4,0.9954487060557873
2019-11-02 13:00:00,4,0.9929439984261428
2019-11-02 14:00:00,4,0.993553136156055
2019-11-02 15:00:00,4,0.9990682153661378
2019-11-02 16:00:00,4,0.9841590959608016
2019-11-02 17:00:00,4,0.9947190851884979
2019-11-02 18:00:00,4,0.9918234425965798
2019-11-03 08:00:00,4,0.9952905282937491
2019-11-03 09:00:00,4,0.9890927053612314
2019-11-03 10:00:00,4,0.9995394201790745
2019-11-03 11:00:00,4,0.9863304953003914
2019-11-03 12:00:00,4,0.9713021369490323
2019-11-03 13:00:00,4,0.9511176740766519
2019-11-03 14:00:00,4,0.6240720028087201
2019-11-03 15:00:00,4,0.9505272510238046
2019-11-03 16:00:00,4,0.9981315179029393
2019-11-03 17:00:00,4,0.9702692031929773
2019-11-03 18:00:00,4,0.9987306349803449
2019-11-04 08:00:00,4,0.9609240733798561
2019-11-04 09:00:00,4,0.9786957059213942
2019-11-04 10:00:00,4,0.9838387944743007
2019-11-04 11:00:00,4,0.9637999676296377
2019-11-04 12:00:00,4,0.9862764851456179
2019-11-04 13:00:00,4,0.9648837294074049
2019-11-04 14:00:00,4,0.9894998216672096
2019-11-04 15:00:00,4,0.9999472600913052
2019-11-04 16:00:00,4,0.5785173424777734
2019-11-04 17:00:00,4,0.950121209590222
2019-11-04 18:00:00,4,0.9986085850631334
2019-11-05 08:00:00,4,0.9989615887078584
2019-11-05 09:00:00,4,0.9026677974320478
2019-11-05 10:00:00,4,0.9823536677247992
2019-11-05 11:00:00,4,0.9854700305948406
2019-11-05 12:00:00,4,0.999991908109238
2019-11-05 13:00:00,4,0.9854535338915669
2019-11-05 14:00:00,4,0.9539888090861293
2019-11-05 15:00:00,4,0.9879609855352671
2019-11-05 16:00:00,4,0.9563109569215682
2019-11-05 17:00:00,4,0.9998736387533559
2019-11-05 18:00:00,4,0.9911396514277833
2019-11-06 08:00:00,4,0.9861408429035359
2019-11-06 09:00:00,4,0.9830159985697567
2019-11-06 10:00:00,4,0.999442407565507
2019-11-06 11:00:00,4,0.999285624536093
2019-11-06 12:00:00,4,0.9966518502191402
2019-11-06 13:00:00,4,0.9798288037885675
2019-11-06 14:00:00,4,0.9935260942058631
2019-11-06 15:00:00,4,0.9999984696246944
2019-11-06 16:00:00,4,0.9987499854551714
2019-11-06 17:00:00,4,0.99826893847877
2019-11-06 18:00:00,4,0.9987021387758943
2019-11-07 08:00:00,4,0.9998198557244429
2019-11-07 09:00:00,4,0.9710076388069646
2019-11-07 10:00:00,4,0.7462330880628042
2019-11-07 11:00:00,4,0.9331218951275274
2019-11-07 12:00:00,4,0.9815134440039587
2019-11-07 13:00:00,4,0.9683810698183318
2019-11-07 14:00:00,4,0.9694116641822257
2019-11-07 15:00:00,4,0.9934272592121658
2019-11-07 16:00:00,4,0.823394307360543
2019-11-07 17:00:00,4,0.9597194689748922
2019-11-07 18:00:00,4,0.9983491301058196
2019-11-08 08:00:00,4,0.9986589765322429
2019-11-08 09:00:00,4,0.9939336305132518
2019-11-08 10:00:00,4,0.984404613148379
2019-11-08 11:00:00,4,0.9456127355118449
2019-11-08 12:00:00,4,0.9816060358208195
2019-11-08 13:00:00,4,0.9968704984307116
2019-11-08 14:00:00,4,
2019-11-08 15:00:00,4,0.7745966692414833
2019-11-08 16:00:00,4,0.9821835124177487
2019-11-08 17:00:00,4,0.9988273347613978
2019-11-08 18:00:00,4,0.9950827765737922
2019-11-09 08:00:00,4,0.99655302978657
2019-11-09 09:00:00,4,0.9927001199814179
2019-11-09 10:00:00,4,0.9987290927560952
2019-11-09 11:00:00,4,0.9993906159838462
2019-11-09 12:00:00,4,0.998952245802272
2019-11-09 13:00:00,4,0.9922318624261963
2019-11-09 14:00:00,4,0.9860845285942764
2019-11-09 15:00:00,4,0.9993104859930793
2019-11-09 16:00:00,4,0.9207470285173109
2019-11-09 17:00:00,4,0.9916935896442725
2019-11-09 18:00:00,4,0.997100031957196
2019-11-10 08:00:00,4,0.9595392406098863
2019-11-10 09:00:00,4,0.9970744826470999
2019-11-10 10:00:00,4,0.9964592524241228
2019-11-10 11:00:00,4,0.9984573759207497
2019-11-10 12:00:00,4,0.9094858450126302
2019-11-10 13:00:00,4,0.9910316752541762
2019-11-10 14:00:00,4,0.9977129009158378
2019-11-10 15:00:00,4,0.9992113588538407
2019-11-10 16:00:00,4,0.9976035010481821
2019-11-10 17:00:00,4,0.9888887739753011
2019-11-10 18:00:00,3,
2019-11-11 08:00:00,4,0.8766679847370321
2019-11-11 09:00:00,4,
2019-11-11 10:00:00,4,0.7745966692414837
2019-11-11 11:00:00,4,0.9582698988355961
2019-11-11 12:00:00,4,0.9132757726376503
2019-11-11 13:00:00,4,0.9948512814981192
2019-11-11 14:00:00,4,0.8897994770356852
2019-11-11 15:00:00,4,0.9710693757532709
2019-11-11 16:00:00,4,0.9981995361026539
2019-11-11 17:00:00,4,0.9993147820037525
2019-11-11 18:00:00,3,0.9904627901393085
2019-11-12 08:00:00,4,0.9955678031380275
2019-11-12 09:00:00,4,0.9857309231673851
2019-11-12 10:00:00,4,0.9991053544945699
2019-11-12 11:00:00,4,0.9999438487385974
2019-11-12 12:00:00,4,0.9457375733407918
2019-11-12 13:00:00,4,0.9743587389783078
2019-11-12 14:00:00,4,0.9798308451247622
2019-11-12 15:00:00,4,0.7737136847019787
2019-11-12 16:00:00,4,0.9931084542994288
2019-11-12 17:00:00,4,0.9857945129472899
2019-11-12 18:00:00,3,0.9999500370514767
2019-11-13 08:00:00,4,0.9983660631636164
2019-11-13 09:00:00,4,0.9830309927700515
2019-11-13 10:00:00,4,0.9921339720941397
2019-11-13 11:00:00,4,0.9050278651893267
2019-11-13 12:00:00,4,0.9808496648990901
2019-11-13 13:00:00,4,0.9881608730767772
2019-11-13 14:00:00,4,0.9818868935177767
2019-11-13 15:00:00,4,0.9956308547276944
2019-11-13 16:00:00,4,0.9722610828028203
2019-11-13 17:00:00,4,0.9996287522284713
2019-11-13 18:00:00,3,0.9974505183200162
2019-11-14 08:00:00,4,0.9988289076190219
2019-11-14 09:00:00,4,0.9991795980501268
2019-11-14 10:00:00,4,0.9931319475622493
2019-11-14 11:00:00,4,0.998004623727126
2019-11-14 12:00:00,4,0.994834531572317
2019-11-14 13:00:00,4,0.9595693845891261
2019-11-14 14:00:00,4,0.9097456189432198
2019-11-14 15:00:00,4,0.9416940107547294
2019-11-14 16:00:00,4,0.9295770178834593
2019-11-14 17:00:00,4,0.9999526760318397
2019-11-14 18:00:00,3,0.9988584031839843
2019-11-15 08:00:00,4,0.9992189071003125
2019-11-15 09:00:00,4,0.9988221848878138
2019-11-15 10:00:00,4,0.9571720548388143
2019-11-15 11:00:00,4,0.9982243896306647
2019-11-15 12:00:00,4,0.9998939860741755
2019-11-15 13:00:00,4,0.9844633625495518
2019-11-15 14:00:00,4,0.9983389701955494
2019-11-15 15:00:00,4,0.9996183393705389
2019-11-15 16:00:00,4,0.9989175146058462
2019-11-15 17:00:00,4,0.9990305807166563
2019-11-15 18:00:00,3,0.9981032782737433
2019-11-16 08:00:00,4,0.9995441619819498
2019-11-16 09:00:00,4,0.7684240650955694
2019-11-16 10:00:00,4,0.9826448557843666
2019-11-16 11:00:00,4,0.9914719112410149
2019-11-16 12:00:00,4,0.9987978777471693
2019-11-16 13:00:00,4,0.9998820831838271
2019-11-16 14:00:00,4,0.9987695786988553
2019-11-16 15:00:00,4,0.9998807175603884
2019-11-16 16:00:00,4,0.9994546956808948
2019-11-16 17:00:00,4,0.9987934470776898
2019-11-16 18:00:00,3,0.99995075310466
2019-11-17 08:00:00,4,0.9892338314431155
2019-11-17 09:00:00,4,0.9969183182989007
2019-11-17 10:00:00,4,0.9994599174100658
2019-11-17 11:00:00,4,0.9994819354963137
2019-11-17 12:00:00,4,0.9939204007822717
2019-11-17 13:00:00,4,0.9974540170383993
2019-11-17 14:00:00,4,0.998960376099531
2019-11-17 15:00:00,4,0.999363896070592
2019-11-17 16:00:00,4,0.9967901006636416
2019-11-17 17:00:00,4,0.9989667864330193
2019-11-17 18:00:00,3,0.9998113591030425
2019-11-18 08:00:00,4,0.5178558835208652
2019-11-18 09:00:00,4,0.998628337438685
2019-11-18 10:00:00,4,0.9730617823725788
2019-11-18 11:00:00,4,0.9940380530902889
2019-11-18 12:00:00,4,0.9973126753855146
2019-11-18 13:00:00,4,0.9989628736337748
2019-11-18 14:00:00,4,0.9851574757829503
2019-11-18 15:00:00,4,0.9937772272443752
2019-11-18 16:00:00,4,0.6977791581166701
2019-11-18 17:00:00,4,0.992134042058104
2019-11-18 18:00:00,3,0.9878871695201831
2019-11-19 08:00:00,4,0.9997210188529526
2019-11-19 09:00:00,4,0.9805594038103518
2019-11-19 10:00:00,4,0.9991413972446374
2019-11-19 11:00:00,4,0.6164426881740668
2019-11-19 12:00:00,4,0.8770565558299293
2019-11-19 13:00:00,4,0.9740636908496493
2019-11-19 14:00:00,4,0.9779149173831116
2019-11-19 15:00:00,4,0.9509980500158685
2019-11-19 16:00:00,4,0.999689061272731
2019-11-19 17:00:00,4,0.9975172222790576
2019-11-19 18:00:00,3,0.9967711108457054
2019-11-20 08:00:00,4,0.9969402090092883
2019-11-20 09:00:00,4,0.957898073945026
2019-11-20 10:00:00,4,0.9997331358688777
2019-11-20 11:00:00,4,0.9897340224362087
2019-11-20 12:00:00,4,0.9901030825440033
2019-11-20 13:00:00,4,0.9540798980442831
2019-11-20 14:00:00,4,0.9959962596609692
2019-11-20 15:00:00,4,0.9885301218907364
2019-11-20 16:00:00,4,0.9904666618458444
2019-11-20 17:00:00,4,0.9983289465819694
2019-11-20 18:00:00,3,0.9940094640168635
2019-11-21 08:00:00,4,0.9950886161253768
2019-11-21 09:00:00,4,0.944014541601789
2019-11-21 10:00:00,4,0.9993510602156764
2019-11-21 11:00:00,4,0.999502724535555
2019-11-21 12:00:00,4,0.9871380076346781
2019-11-21 13:00:00,4,0.9892538380009688
2019-11-21 14:00:00,4,0.9978846865909475
2019-11-21 15:00:00,4,0.9999913650229373
2019-11-21 16:00:00,4,0.9985182814973445
2019-11-21 17:00:00,4,0.9990598402350792
2019-11-21 18:00:00,3,0.9983099485994467
2019-11-22 08:00:00,4,0.9960008567370708
2019-11-22 09:00:00,4,0.9450709824208766
2019-11-22 10:00:00,4,0.9998473093230225
2019-11-22 11:00:00,4,0.9996773499163596
2019-11-22 12:00:00,4,0.9983422260692888
2019-11-22 13:00:00,4,0.999968027990934
2019-11-22 14:00:00,4,0.984564582511369
2019-11-22 15:00:00,4,0.9911349209665402
2019-11-22 16:00:00,4,0.9978766236073201
2019-11-22 17:00:00,4,0.9991948384949229
2019-11-22 18:00:00,3,0.9984466075975645
2019-11-23 08:00:00,4,0.995875597985637
2019-11-23 09:00:00,4,0.9443035338918205
2019-11-23 10:00:00,4,0.9985924063840259
2019-11-23 11:00:00,4,0.9998715773415026
2019-11-23 12:00:00,4,0.9590214873293444
2019-11-23 13:00:00,4,0.9810145732087453
2019-11-23 14:00:00,4,0.9947413005951466
2019-11-23 15:00:00,4,0.9760530244178061
2019-11-23 16:00:00,4,0.9918319398785347
2019-11-23 17:00:00,4,0.9996706297185913
2019-11-23 18:00:00,3,0.9975609430813976
2019-11-24 08:00:00,4,0.9988573198983179
2019-11-24 09:00:00,4,0.9975213470235899
2019-11-24 10:00:00,4,0.9958148594558264
2019-11-24 11:00:00,4,0.9462246054905005
2019-11-24 12:00:00,4,0.9918162034236121
2019-11-24 13:00:00,4,0.9968018001180771
2019-11-24 14:00:00,4,0.9485112299053146
2019-11-24 15:00:00,4,0.9996684175215022
2019-11-24 16:00:00,4,0.9925674163825291
2019-11-24 17:00:00,4,0.9949599071797028
2019-11-24 18:00:00,3,0.9339131786359338
2019-11-25 08:00:00,4,0.9850812484588022
2019-11-25 09:00:00,4,0.9997296552407279
2019-11-25 10:00:00,4,0.999948307831729
2019-11-25 11:00:00,4,0.9906131674393515
2019-11-25 12:00:00,4,0.9671534068703315
2019-11-25 13:00:00,4,0.9999090606954174
2019-11-25 14:00:00,4,0.9923098485814701
2019-11-25 15:00:00,4,0.7561962420980805
2019-11-25 16:00:00,4,0.9696878920491628
2019-11-25 17:00:00,4,0.9959549605497097
2019-11-25 18:00:00,3,0.9959049733775779
2019-11-26 08:00:00,4,0.997772491108559
2019-11-26 09:00:00,4,0.971969008654753
2019-11-26 10:00:00,4,0.9995626941808504
2019-11-26 11:00:00,4,0.9997111722990137
2019-11-26 12:00:00,4,0.9883003765926643
2019-11-26 13:00:00,4,0.9885691932097876
2019-11-26 14:00:00,4,0.9958893321486879
2019-11-26 15:00:00,4,0.9331575314602645
2019-11-26 16:00:00,4,0.9980555443339015
2019-11-26 17:00:00,4,0.9997016770821928
2019-11-26 18:00:00,3,0.9956381957206423
2019-11-27 08:00:00,4,0.9989537783181571
2019-11-27 09:00:00,4,0.9836672128444299
2019-11-27 10:00:00,4,0.9995367554063549
2019-11-27 11:00:00,4,0.9998297618723332
2019-11-27 12:00:00,4,0.9998570823078546
2019-11-27 13:00:00,4,0.9777233615511371
2019-11-27 14:00:00,4,0.9998380053839528
2019-11-27 15:00:00,4,0.980547495397129
2019-11-27 16:00:00,4,0.9985257509132965
2019-11-27 17:00:00,4,0.9993553803926726
2019-11-27 18:00:00,3,0.9976725994373499
2019-11-28 08:00:00,4,0.9983574257596866
2019-11-28 09:00:00,4,0.9912527663578622
2019-11-28 10:00:00,4,0.9992665452237601
2019-11-28 11:00:00,4,0.9999725016888026
2019-11-28 12:00:00,4,0.9986609797747044
2019-11-28 13:00:00,4,0.9496766532715804
2019-11-28 14:00:00,4,0.9914794038695071
2019-11-28 15:00:00,4,0.9981925405750542
2019-11-28 16:00:00,4,0.999438539571887
2019-11-28 17:00:00,4,0.9991343175579409
2019-11-28 18:00:00,3,0.9979372354373931
2019-11-29 08:00:00,4,0.9983825075456692
2019-11-29 09:00:00,4,0.9847745768223494
2019-11-29 10:00:00,4,0.999615333178107
2019-11-29 11:00:00,4,0.9986295318505525
2019-11-29 12:00:00,4,0.992088372188567
2019-11-29 13:00:00,4,0.9201595317243053
2019-11-29 14:00:00,4,0.9983603793121725
2019-11-29 15:00:00,4,0.9989366507947328
2019-11-29 16:00:00,4,0.9991532606052849
2019-11-29 17:00:00,4,0.9994718878743214
2019-11-29 18:00:00,3,0.9991343442310949
2019-11-30 08:00:00,4,0.9985107406359904
2019-11-30 09:00:00,4,0.9395832587040149
2019-11-30 10:00:00,4,0.9990838324478395
2019-11-30 11:00:00,4,0.9990776636714913
2019-11-30 12:00:00,4,0.9907189361573373
2019-11-30 13:00:00,4,0.03938830686256863
2019-11-30 14:00:00,4,0.9961711545322365
2019-11-30 15:00:00,4,0.9995308404765507
2019-11-30 16:00:00,4,0.9989574997779165
2019-11-30 17:00:00,4,0.9994558932441308
2019-11-30 18:00:00,3,0.9960914784943515
2019-12-01 08:00:00,4,0.9984934380922242
2019-12-01 09:00:00,4,0.8582347007552019
2019-12-01 10:00:00,4,0.9994890674533107
2019-12-01 11:00:00,4,0.9998031451862552
2019-12-01 12:00:00,4,0.998677386251539
2019-12-01 13:00:00,4,0.9119309077745412
2019-12-01 14:00:00,4,0.9993892381138763
2019-12-01 15:00:00,4,0.9929422299283285
2019-12-01 16:00:00,4,0.997922630984642
2019-12-01 17:00:00,4,0.9992149845698504
2019-12-01 18:00:00,3,0.9989927173584618
2019-12-02 08:00:00,4,
2019-12-02 09:00:00,4,
2019-12-02 10:00:00,4,0.9150607054068819
2019-12-02 11:00:00,4,0.9995073951290723
2019-12-02 12:00:00,4,0.852623293371552
2019-12-02 13:00:00,4,0.9857601857930075
2019-12-02 14:00:00,4,0.9860140665054876
2019-12-02 15:00:00,4,0.40439663628223604
2019-12-02 16:00:00,4,0.9991269544299756
2019-12-02 17:00:00,4,0.9995121516055112
2019-12-02 18:00:00,3,0.995393517986384
2019-12-03 08:00:00,4,0.9981480658025682
2019-12-03 09:00:00,4,0.8632363922560417
2019-12-03 10:00:00,4,0.9997319137072985
2019-12-03 11:00:00,4,0.9994370508083475
2019-12-03 12:00:00,4,0.993650322706131
2019-12-03 13:00:00,4,0.7578554926240936
2019-12-03 14:00:00,4,0.9512294663303414
2019-12-03 15:00:00,4,0.9112139837377143
2019-12-03 16:00:00,4,0.9979434649362711
2019-12-03 17:00:00,4,0.9994102369269233
2019-12-03 18:00:00,3,0.9935442491917489
2019-12-04 08:00:00,4,0.9877842119153334
2019-12-04 09:00:00,4,0.9808862754673651
2019-12-04 10:00:00,4,0.9991848899421181
2019-12-04 11:00:00,4,0.9906439854519202
2019-12-04 12:00:00,4,0.8845709763200572
2019-12-04 13:00:00,4,0.9278299743812923
2019-12-04 14:00:00,4,0.9976020833207176
2019-12-04 15:00:00,4,0.9999072617187764
2019-12-04 16:00:00,4,0.8707580578012268
2019-12-04 17:00:00,4,0.9475310117057363
2019-12-04 18:00:00,3,0.9957685836848552
2019-12-05 08:00:00,4,0.976302946669752
2019-12-05 09:00:00,4,0.8263955357905162
2019-12-05 10:00:00,4,0.9885934358011703
2019-12-05 11:00:00,4,0.9996524169876739
2019-12-05 12:00:00,4,0.9998072697759768
2019-12-05 13:00:00,4,0.7809768140047915
2019-12-05 14:00:00,4,0.5926055811907567
2019-12-05 15:00:00,4,0.9676037232104794
2019-12-05 16:00:00,4,0.9982880581682301
2019-12-05 17:00:00,4,0.9995198625125215
2019-12-05 18:00:00,3,0.9988302579881414
2019-12-06 08:00:00,4,0.9965975568669145
2019-12-06 09:00:00,4,0.9827207031370402
2019-12-06 10:00:00,4,0.9998192056399887
2019-12-06 11:00:00,4,0.9995815759225559
2019-12-06 12:00:00,4,0.9930307580685744
2019-12-06 13:00:00,4,0.988059033475594
2019-12-06 14:00:00,4,0.9977524867462404
2019-12-06 15:00:00,4,0.9953269913447076
2019-12-06 16:00:00,4,0.9996027186019054
2019-12-06 17:00:00,4,0.9995520146250139
2019-12-06 18:00:00,3,0.9947257105955549
2019-12-07 08:00:00,4,0.9735353875761108
2019-12-07 09:00:00,4,0.99154487786761
2019-12-07 10:00:00,4,0.998966706228333
2019-12-07 11:00:00,4,0.9158952186982272
2019-12-07 12:00:00,4,0.9984420616945818
2019-12-07 13:00:00,4,0.9893883069964029
2019-12-07 14:00:00,4,0.999261166551698
2019-12-07 15:00:00,4,0.9977048456636333
2019-12-07 16:00:00,4,0.9998833136889083
2019-12-07 17:00:00,4,0.9994679436083265
2019-12-07 18:00:00,3,0.9947890122982472
2019-12-08 08:00:00,4,0.7924340189830643
2019-12-08 09:00:00,4,0.9975860668840962
2019-12-08 10:00:00,4,0.9996426306126751
2019-12-08 11:00:00,4,0.9984489343389575
2019-12-08 12:00:00,4,0.9994940741886529
2019-12-08 13:00:00,4,0.9922733867213531
2019-12-08 14:00:00,4,0.23953456601899642
2019-12-08 15:00:00,4,0.9446772711318135
2019-12-08 16:00:00,4,0.9929924083034477
2019-12-08 17:00:00,4,0.9972880494936677
2019-12-08 18:00:00,3,0.9971862669646258
2019-12-09 08:00:00,4,0.8793826390861567
2019-12-09 09:00:00,4,0.9890338599556341
2019-12-09 10:00:00,4,0.9996569813846169
2019-12-09 11:00:00,4,0.9830693352009737
2019-12-09 12:00:00,4,0.9980390502171615
2019-12-09 13:00:00,4,0.8831842039601024
2019-12-09 14:00:00,4,0.9819033689238227
2019-12-09 15:00:00,4,0.9940061879414034
2019-12-09 16:00:00,4,0.9520982430099254
2019-12-09 17:00:00,4,0.9600744833595415
2019-12-09 18:00:00,3,0.9901327908499872
2019-12-10 08:00:00,4,0.9799581502078522
2019-12-10 09:00:00,4,0.9981130616466617
2019-12-10 10:00:00,4,0.9313437830291075
2019-12-10 11:00:00,4,0.9009702935216897
2019-12-10 12:00:00,4,0.9856335386911886
2019-12-10 13:00:00,4,0.9841059574309692
2019-12-10 14:00:00,4,0.996415986914578
2019-12-10 15:00:00,4,0.967319818988732
2019-12-10 16:00:00,4,0.998915300823299
2019-12-10 17:00:00,4,0.9998123241991526
2019-12-10 18:00:00,3,0.9921601386022507
2019-12-11 08:00:00,4,0.9519706896602647
2019-12-11 09:00:00,4,0.9988790011071
2019-12-11 10:00:00,4,0.9979762233730851
2019-12-11 11:00:00,4,0.9422026395627747
2019-12-11 12:00:00,4,0.9781102138389175
2019-12-11 13:00:00,4,0.9595588472320731
2019-12-11 14:00:00,4,0.9985562212421061
2019-12-11 15:00:00,4,0.9803525016733806
2019-12-11 16:00:00,4,0.9708056724639353
2019-12-11 17:00:00,4,0.9998801395103967
2019-12-11 18:00:00,3,0.9379883159248354
2019-12-12 08:00:00,4,0.9968792591124982
2019-12-12 09:00:00,4,0.9586796837032661
2019-12-12 10:00:00,4,0.9985779362258103
2019-12-12 11:00:00,4,0.9979504416361876
2019-12-12 12:00:00,4,0.9957136473539508
2019-12-12 13:00:00,4,0.9848103808885057
2019-12-12 14:00:00,4,0.9982423956814342
2019-12-12 15:00:00,4,0.9985312333088365
2019-12-12 16:00:00,4,0.9969933091030353
2019-12-12 17:00:00,4,0.9994525414350712
2019-12-12 18:00:00,3,0.9955582523771396
2019-12-13 08:00:00,4,0.9968666046434665
2019-12-13 09:00:00,4,0.8935247616340847
2019-12-13 10:00:00,4,0.9961039470742764
2019-12-13 11:00:00,4,0.9958817308209476
2019-12-13 12:00:00,4,0.9904234413286828
2019-12-13 13:00:00,4,0.9283116256832371
2019-12-13 14:00:00,4,0.9755709419941606
2019-12-13 15:00:00,4,0.9938109690284588
2019-12-13 16:00:00,4,0.9999229175162128
2019-12-13 17:00:00,4,0.9994361171708895
2019-12-13 18:00:00,3,0.9987989457988949
2019-12-14 08:00:00,4,0.9917675989338391
2019-12-14 09:00:00,4,0.8473150806107729
2019-12-14 10:00:00,4,0.9979322837344496
2019-12-14 11:00:00,4,0.9997510429559312
2019-12-14 12:00:00,4,0.999042220235284
2019-12-14 13:00:00,4,0.7067927650164565
2019-12-14 14:00:00,4,0.9937124111098247
2019-12-14 15:00:00,4,0.9999373803946725
2019-12-14 16:00:00,4,0.999551891093354
2019-12-14 17:00:00,4,0.9995773855755412
2019-12-14 18:00:00,3,0.9983120803490029
2019-12-15 08:00:00,4,0.9944768456561527
2019-12-15 09:00:00,4,0.8616854585475046
2019-12-15 10:00:00,4,0.9992047356240588
2019-12-15 11:00:00,4,0.9999598498004741
2019-12-15 12:00:00,4,0.9956324555843434
2019-12-15 13:00:00,4,0.8719426092280028
2019-12-15 14:00:00,4,0.9988768338201272
2019-12-15 15:00:00,4,0.9992466590930384
2019-12-15 16:00:00,4,0.999199047100677
2019-12-15 17:00:00,4,0.9992422066786965
2019-12-15 18:00:00,3,0.9993486775875254
2019-12-16 08:00:00,4,0.9947738889574136
2019-12-16 09:00:00,4,0.8626931535747302
2019-12-16 10:00:00,4,0.9990974074409825
2019-12-16 11:00:00,4,0.999887698973663
2019-12-16 12:00:00,4,0.9988406784207079
2019-12-16 13:00:00,4,0.8004482763275237
2019-12-16 14:00:00,4,0.9994594841318496
2019-12-16 15:00:00,4,0.9984246247823151
2019-12-16 16:00:00,4,0.999421624166964
2019-12-16 17:00:00,4,0.9988531109955937
2019-12-16 18:00:00,3,0.9966888623813581
2019-12-17 08:00:00,4,0.994485636462981
2019-12-17 09:00:00,4,0.870059291016162
2019-12-17 10:00:00,4,0.9991416833579234
2019-12-17 11:00:00,4,0.9998013501338963
2019-12-17 12:00:00,4,0.8477571515531581
2019-12-17 13:00:00,4,0.26443791956268
2019-12-17 14:00:00,4,0.993220776536663
2019-12-17 15:00:00,4,0.9864878690417087
2019-12-17 16:00:00,4,0.9989086093335238
2019-12-17 17:00:00,4,0.987730258271431
2019-12-17 18:00:00,3,0.9968577337568434
2019-12-18 08:00:00,4,0.9962370051113248
2019-12-18 09:00:00,4,0.8761365586580813
2019-12-18 10:00:00,4,0.9992261465355681
2019-12-18 11:00:00,4,0.9999150499374166
2019-12-18 12:00:00,4,0.9979632563364704
2019-12-18 13:00:00,4,0.9542227097857804
2019-12-18 14:00:00,4,0.9841419019116645
2019-12-18 15:00:00,4,0.881989843377134
2019-12-18 16:00:00,4,0.9998259858517013
2019-12-18 17:00:00,4,0.9991573923704806
2019-12-18 18:00:00,3,0.9986551262864668
2019-12-19 08:00:00,4,0.9892503023288852
2019-12-19 09:00:00,4,0.9980370187099797
2019-12-19 10:00:00,4,0.9986498403410475
2019-12-19 11:00:00,4,0.8760712696319736
2019-12-19 12:00:00,4,0.9855117829087916
2019-12-19 13:00:00,4,0.9887112015506898
2019-12-19 14:00:00,4,0.9994563433512251
2019-12-19 15:00:00,4,0.9984105955729341
2019-12-19 16:00:00,4,0.9985374202253352
2019-12-19 17:00:00,4,0.9849902136125886
2019-12-19 18:00:00,3,0.9974038185327432
2019-12-20 08:00:00,4,0.9815127908143814
2019-12-20 09:00:00,4,0.8270709859751203
2019-12-20 10:00:00,4,0.9963864143756708
2019-12-20 11:00:00,4,0.9997287614255782
2019-12-20 12:00:00,4,0.7389934058291026
2019-12-20 13:00:00,4,0.9948776442820921
2019-12-20 14:00:00,4,0.9988753592932487
2019-12-20 15:00:00,4,0.9966237104321897
2019-12-20 16:00:00,4,0.9943820824280923
2019-12-20 17:00:00,4,0.9978075546876226
2019-12-20 18:00:00,3,0.991464253130122
2019-12-21 08:00:00,4,0.995521075550161
2019-12-21 09:00:00,4,0.8755130238062501
2019-12-21 10:00:00,4,0.9991156943999743
2019-12-21 11:00:00,4,0.9977128450043794
2019-12-21 12:00:00,4,0.9847060234788464
2019-12-21 13:00:00,4,0.8844099264445249
2019-12-21 14:00:00,4,0.7995724384389425
2019-12-21 15:00:00,4,0.9977278476501007
2019-12-21 16:00:00,4,0.9943396770186196
2019-12-21 17:00:00,4,0.999061025662419
2019-12-21 18:00:00,3,0.9988840300030167
2019-12-22 08:00:00,4,0.9938426050721346
2019-12-22 09:00:00,4,0.8599188034484673
2019-12-22 10:00:00,4,0.9992082928523769
2019-12-22 11:00:00,4,0.9994469602019017
2019-12-22 12:00:00,4,0.9981129479834998
2019-12-22 13:00:00,4,0.9094782102129568
2019-12-22 14:00:00,4,0.9978560468172787
2019-12-22 15:00:00,4,0.9962035007598953
2019-12-22 16:00:00,4,0.9990055011942871
2019-12-22 17:00:00,4,0.9986669927170881
2019-12-22 18:00:00,3,0.9993792516450699
2019-12-23 08:00:00,4,0.9909629842916337
2019-12-23 09:00:00,4,0.8491617838343113
2019-12-23 10:00:00,4,0.9986613716280738
2019-12-23 11:00:00,4,0.9985959627654888
2019-12-23 12:00:00,4,0.9944946023863939
2019-12-23 13:00:00,4,0.9916064995511448
2019-12-23 14:00:00,4,0.9942615818348218
2019-12-23 15:00:00,4,0.997930058351841
2019-12-23 16:00:00,4,0.9977906994657696
2019-12-23 17:00:00,4,0.9985309239944177
2019-12-23 18:00:00,3,0.9980415418062317
2019-12-24 08:00:00,4,0.9901611058948513
2019-12-24 09:00:00,4,0.8527011139538541
2019-12-24 10:00:00,4,0.9991389098194899
2019-12-24 11:00:00,4,0.9976569749287735
2019-12-24 12:00:00,4,0.9973981516874744
2019-12-24 13:00:00,4,0.8344961061030012
2019-12-24 14:00:00,4,0.5669264468132876
2019-12-24 15:00:00,4,0.9998210683156143
2019-12-24 16:00:00,4,0.9993239326416633
2019-12-24 17:00:00,4,0.9989935116095158
2019-12-24 18:00:00,4,0.9983973743562464
2019-12-25 08:00:00,4,0.9926045148753008
2019-12-25 09:00:00,4,0.850097793210858
2019-12-25 10:00:00,4,0.9995101939728649
2019-12-25 11:00:00,4,0.9983101568088871
2019-12-25 12:00:00,4,0.997730675057422
2019-12-25 13:00:00,4,0.961700371593781
2019-12-25 14:00:00,4,0.9963650369439131
2019-12-25 15:00:00,4,0.9992923710402357
2019-12-25 16:00:00,4,0.9995588112828898
2019-12-25 17:00:00,4,0.9986848464607362
2019-12-25 18:00:00,4,0.9979880965775504
2019-12-26 08:00:00,4,0.968872508264605
2019-12-26 09:00:00,4,0.9423076416589357
2019-12-26 10:00:00,4,0.9995359345568755
2019-12-26 11:00:00,4,0.9995278353691741
2019-12-26 12:00:00,4,0.5753845076184166
2019-12-26 13:00:00,4,0.9560743503231194
2019-12-26 14:00:00,4,0.9953531846014771
2019-12-26 15:00:00,4,0.8727504503911315
2019-12-26 16:00:00,4,0.9169426309395243
2019-12-26 17:00:00,4,0.997569853378475
2019-12-26 18:00:00,4,0.9942490184830716
2019-12-27 08:00:00,4,0.9891990114224676
2019-12-27 09:00:00,4,0.9268380500690735
2019-12-27 10:00:00,4,0.9764108964671
2019-12-27 11:00:00,4,0.9876029334935797
2019-12-27 12:00:00,4,0.962018488322778
2019-12-27 13:00:00,4,0.9966698535754299
2019-12-27 14:00:00,4,0.991051214818601
2019-12-27 15:00:00,4,0.9943351326373158
2019-12-27 16:00:00,4,0.9997102040032046
2019-12-27 17:00:00,4,0.9969167132293618
2019-12-27 18:00:00,4,0.9248217142450071
2019-12-28 08:00:00,4,0.9866732614351392
2019-12-28 09:00:00,4,0.990031383149754
2019-12-28 10:00:00,4,0.9869837982124106
2019-12-28 11:00:00,4,0.9344869710058376
2019-12-28 12:00:00,4,0.984536716711044
2019-12-28 13:00:00,4,0.9966136889216826
2019-12-28 14:00:00,4,0.9908267136630442
2019-12-28 15:00:00,4,0.9947954480743865
2019-12-28 16:00:00,4,0.9356962902549326
2019-12-28 17:00:00,4,0.9819768033450154
2019-12-28 18:00:00,4,0.9980475370529802
2019-12-29 08:00:00,4,0.9893007547323063
2019-12-29 09:00:00,4,0.9207406960249725
2019-12-29 10:00:00,4,0.9996085085473977
2019-12-29 11:00:00,4,0.9981614351600556
2019-12-29 12:00:00,4,0.9876664039041197
2019-12-29 13:00:00,4,0.9279937107210434
2019-12-29 14:00:00,4,0.9987609053776548
2019-12-29 15:00:00,4,0.9996131161633882
2019-12-29 16:00:00,4,0.9998286559595083
2019-12-29 17:00:00,4,0.9984000921297721
2019-12-29 18:00:00,4,0.9986654715773046
2019-12-30 08:00:00,4,0.9912873434385381
2019-12-30 09:00:00,4,0.931754792458985
2019-12-30 10:00:00,4,0.9985830007958966
2019-12-30 11:00:00,4,0.9998057714137413
2019-12-30 12:00:00,4,0.9884022296984937
2019-12-30 13:00:00,4,0.0033659337930755716
2019-12-30 14:00:00,4,0.9985529326815515
2019-12-30 15:00:00,4,0.9980826960015163
2019-12-30 16:00:00,4,0.9994565110217527
2019-12-30 17:00:00,4,0.9979396982271176
2019-12-30 18:00:00,4,0.9976075887378862
2019-12-31 08:00:00,4,0.9858192893924429
2019-12-31 09:00:00,4,0.948975576524558
2019-12-31 10:00:00,4,0.995521433011109
2019-12-31 11:00:00,4,0.99988973865211
2019-12-31 12:00:00,4,0.9923286142156375
2019-12-31 13:00:00,4,0.8513932393427082
2019-12-31 14:00:00,4,0.9996778478765705
2019-12-31 15:00:00,4,0.99910682270659
2019-12-31 16:00:00,4,0.999258333673706
2019-12-31 17:00:00,4,0.9978557591860462
2019-12-31 18:00:00,4,0.9981531084230252
2020-01-01 08:00:00,4,0.9917865539116512
2020-01-01 09:00:00,4,0.9467859660873726
2020-01-01 10:00:00,4,0.9985904026116564
2020-01-01 11:00:00,4,0.9999432643901758
2020-01-01 12:00:00,4,0.9976560436798487
2020-01-01 13:00:00,4,0.9875278508162335
2020-01-01 14:00:00,4,0.9970676371550029
2020-01-01 15:00:00,4,0.9770391673774698
2020-01-01 16:00:00,4,0.9991377076876655
2020-01-01 17:00:00,4,0.9985200809058761
2020-01-01 18:00:00,4,0.9958312681484469
2020-01-02 08:00:00,4,0.9916302105467313
2020-01-02 09:00:00,4,0.9980074594397799
2020-01-02 10:00:00,4,0.9482535554349732
2020-01-02 11:00:00,4,0.9888002587138036
2020-01-02 12:00:00,4,0.7490482269118404
2020-01-02 13:00:00,4,0.986315429164983
2020-01-02 14:00:00,4,0.9861009212353504
2020-01-02 15:00:00,4,0.9612921200241219
2020-01-02 16:00:00,4,0.9994401594335304
2020-01-02 17:00:00,4,0.9954592563258859
2020-01-02 18:00:00,4,0.9988420626957752
2020-01-03 08:00:00,4,0.9895489422643083
2020-01-03 09:00:00,4,0.9927860801168353
2020-01-03 10:00:00,4,0.9404355936156142
2020-01-03 11:00:00,4,0.9697546482256042
2020-01-03 12:00:00,4,0.9665849139024534
2020-01-03 13:00:00,4,0.9290800790744765
2020-01-03 14:00:00,4,0.9975309148675804
2020-01-03 15:00:00,4,0.9931827713046572
2020-01-03 16:00:00,4,0.9744582165256626
2020-01-03 17:00:00,4,0.9515529981960714
2020-01-03 18:00:00,4,0.9877278360201934
2020-01-04 08:00:00,4,0.9652547443421573
2020-01-04 09:00:00,4,0.997772278926934
2020-01-04 10:00:00,4,0.9985784767504309
2020-01-04 11:00:00,4,0.999023761564412
2020-01-04 12:00:00,4,0.9941233701953446
2020-01-04 13:00:00,4,0.9987780261888441
2020-01-04 14:00:00,4,0.9988074179042004
2020-01-04 15:00:00,4,0.9970966070499708
2020-01-04 16:00:00,4,0.919231841685808
2020-01-04 17:00:00,4,0.989328408491547
2020-01-04 18:00:00,4,0.9880156964222905
2020-01-05 08:00:00,4,0.9803882792667026
2020-01-05 09:00:00,4,0.9717079876669479
2020-01-05 10:00:00,4,0.9985530936250956
2020-01-05 11:00:00,4,0.9750408730669575
2020-01-05 12:00:00,4,0.9975175260702253
2020-01-05 13:00:00,4,0.9077635589834814
2020-01-05 14:00:00,4,0.8186002427483825
2020-01-05 15:00:00,4,0.9893926571051767
2020-01-05 16:00:00,4,0.9985730855217411
2020-01-05 17:00:00,4,0.9962474181120121
2020-01-05 18:00:00,4,0.8665378656811501
2020-01-06 08:00:00,3,
2020-01-06 09:00:00,4,0.9788793121195482
2020-01-06 10:00:00,4,0.9998138763060487
2020-01-06 11:00:00,4,0.9659864326756965
2020-01-06 12:00:00,4,0.9796470455094848
2020-01-06 13:00:00,4,0.9930205965251284
2020-01-06 14:00:00,4,0.9983195382215325
2020-01-06 15:00:00,4,0.9863504186100895
2020-01-06 16:00:00,4,0.9837616631005294
2020-01-06 17:00:00,4,0.9209344837581102
2020-01-06 18:00:00,4,0.9963636155469436
2020-01-07 08:00:00,4,0.9834315671079038
2020-01-07 09:00:00,4,0.9498178238478219
2020-01-07 10:00:00,4,0.9999065138162436
2020-01-07 11:00:00,4,0.9999652372435551
2020-01-07 12:00:00,4,0.9795562455586955
2020-01-07 13:00:00,4,0.9870334465224739
2020-01-07 14:00:00,4,0.9994655294377479
2020-01-07 15:00:00,4,0.9999946893024682
2020-01-07 16:00:00,4,0.9997524494306281
2020-01-07 17:00:00,4,0.998884257804004
2020-01-07 18:00:00,4,0.9996946207635058
2020-01-08 08:00:00,3,0.9616766443951374
2020-01-08 09:00:00,4,0.9740588370673035
2020-01-08 10:00:00,4,0.9192221929039078
2020-01-08 11:00:00,4,0.9464510959406903
2020-01-08 12:00:00,4,0.9938775626774599
2020-01-08 13:00:00,4,0.9737619558705307
2020-01-08 14:00:00,4,0.8734550219228422
2020-01-08 15:00:00,4,0.9939419797495747
2020-01-08 16:00:00,4,0.9998106060578724
2020-01-08 17:00:00,4,0.9950147709294449
2020-01-08 18:00:00,4,0.9743316040429563
2020-01-09 08:00:00,4,0.9932143308618127
2020-01-09 09:00:00,4,0.9116577341284089
2020-01-09 10:00:00,4,0.9996838592010063
2020-01-09 11:00:00,4,0.9999498882603094
2020-01-09 12:00:00,4,0.9975712948220231
2020-01-09 13:00:00,4,0.11273469602831507
2020-01-09 14:00:00,4,0.998857178781336
2020-01-09 15:00:00,4,0.9934514327733983
2020-01-09 16:00:00,4,0.994424027703655
2020-01-09 17:00:00,4,0.9967017941742734
2020-01-09 18:00:00,4,0.9799046688266878
2020-01-10 08:00:00,3,0.9919169418296873
2020-01-10 09:00:00,4,0.8042646706118364
2020-01-10 10:00:00,4,0.9998832826482896
2020-01-10 11:00:00,4,0.9994072761977068
2020-01-10 12:00:00,4,0.999903886538388
2020-01-10 13:00:00,4,0.8943727613369022
2020-01-10 14:00:00,4,0.9971099381210573
2020-01-10 15:00:00,4,0.9960296493502265
2020-01-10 16:00:00,4,0.9997518835519292
2020-01-10 17:00:00,4,0.9983481024850325
2020-01-10 18:00:00,4,0.998114649954962
2020-01-11 08:00:00,3,0.9905140344898646
2020-01-11 09:00:00,4,0.6283480050132656
2020-01-11 10:00:00,4,0.9997472807867159
2020-01-11 11:00:00,4,0.9999995633805542
2020-01-11 12:00:00,4,0.9993759219369741
2020-01-11 13:00:00,4,0.958060002167948
2020-01-11 14:00:00,4,0.9979564880051753
2020-01-11 15:00:00,4,0.969026182787572
2020-01-11 16:00:00,4,0.9967147493789577
2020-01-11 17:00:00,4,0.9912072706376835
2020-01-11 18:00:00,4,0.9987444147602277
2020-01-12 08:00:00,4,0.9863881074526655
2020-01-12 09:00:00,4,0.5982978847314682
2020-01-12 10:00:00,4,0.9994076255564752
2020-01-12 11:00:00,4,0.9989431190091765
2020-01-12 12:00:00,4,0.9995924194065667
2020-01-12 13:00:00,4,0.969118449553635
2020-01-12 14:00:00,4,0.9993143786000529
2020-01-12 15:00:00,4,0.9993448068857027
2020-01-12 16:00:00,4,0.999960454151752
2020-01-12 17:00:00,4,0.9985093725784447
2020-01-12 18:00:00,4,0.999581254257429
2020-01-13 08:00:00,4,0.9843046383034502
2020-01-13 09:00:00,4,0.6126367502969888
2020-01-13 10:00:00,4,0.9994855344065543
2020-01-13 11:00:00,4,0.9997556219983963
2020-01-13 12:00:00,4,0.9986942602822766
2020-01-13 13:00:00,4,0.87725281426134
2020-01-13 14:00:00,4,0.9728550282657493
2020-01-13 15:00:00,4,0.9993923940669871
2020-01-13 16:00:00,4,0.9995463502827409
2020-01-13 17:00:00,4,0.9980176602575751
2020-01-13 18:00:00,4,0.999982847658543
2020-01-14 08:00:00,4,0.9863190348176151
2020-01-14 09:00:00,4,0.8043238204113177
2020-01-14 10:00:00,4,0.9991911857160316
2020-01-14 11:00:00,4,0.9996384908695852
2020-01-14 12:00:00,4,0.9999452392742862
2020-01-14 13:00:00,4,0.7754726947685071
2020-01-14 14:00:00,4,0.998643989692838
2020-01-14 15:00:00,4,0.9957066117866425
2020-01-14 16:00:00,4,0.9997027520625391
2020-01-14 17:00:00,4,0.9973927380306611
2020-01-14 18:00:00,4,0.9996203291893105
2020-01-15 08:00:00,4,0.9841538599138583
2020-01-15 09:00:00,4,0.8659176952848209
2020-01-15 10:00:00,4,0.9998038360427862
2020-01-15 11:00:00,4,0.9998497822728118
2020-01-15 12:00:00,4,0.9996853698522098
2020-01-15 13:00:00,4,0.652995501293641
2020-01-15 14:00:00,4,0.7835082140913288
2020-01-15 15:00:00,4,0.9988311359435394
2020-01-15 16:00:00,4,0.9999345420053053
2020-01-15 17:00:00,4,0.997843061185417
2020-01-15 18:00:00,4,0.9998289832845433
2020-01-16 08:00:00,4,0.9861507498556092
2020-01-16 09:00:00,4,0.9100634103102092
2020-01-16 10:00:00,4,0.9996483433699576
2020-01-16 11:00:00,4,0.9997891717560952
2020-01-16 12:00:00,4,0.9988794776373923
2020-01-16 13:00:00,4,0.8736680764541114
2020-01-16 14:00:00,4,0.9952871272136788
2020-01-16 15:00:00,4,0.9904426975986871
2020-01-16 16:00:00,4,0.9997061500486343
2020-01-16 17:00:00,4,0.9989070479223947
2020-01-16 18:00:00,4,0.9997349109635892
2020-01-17 08:00:00,3,0.9948240562403896
2020-01-17 09:00:00,4,0.9415531304812547
2020-01-17 10:00:00,4,0.9997826011557774
2020-01-17 11:00:00,4,0.999659089785287
2020-01-17 12:00:00,4,0.9985115996615704
2020-01-17 13:00:00,4,0.6552552499996314
2020-01-17 14:00:00,4,0.9903021669000505
2020-01-17 15:00:00,4,0.9959351675917258
2020-01-17 16:00:00,4,0.9997974390957404
2020-01-17 17:00:00,4,0.9981671838819922
2020-01-17 18:00:00,4,0.9996621406212863
2020-01-18 08:00:00,4,0.9867067549121569
2020-01-18 09:00:00,4,0.9481778717833474
2020-01-18 10:00:00,4,0.9996282492054128
2020-01-18 11:00:00,4,0.9999620845407755
2020-01-18 12:00:00,4,0.9985694130016597
2020-01-18 13:00:00,4,0.9951492166276253
2020-01-18 14:00:00,4,0.9991570887509309
2020-01-18 15:00:00,4,0.9995969408836821
2020-01-18 16:00:00,4,0.9999920260325023
2020-01-18 17:00:00,4,0.998155070343341
2020-01-18 18:00:00,4,0.9999170194781374
2020-01-19 08:00:00,4,0.9839240301586983
2020-01-19 09:00:00,4,0.9700650372474579
2020-01-19 10:00:00,4,0.9996778174877688
2020-01-19 11:00:00,4,0.9999164821841768
2020-01-19 12:00:00,4,0.9995828617479157
2020-01-19 13:00:00,4,0.9934380149020733
2020-01-19 14:00:00,4,0.9925972714018382
2020-01-19 15:00:00,4,0.9985945678969624
2020-01-19 16:00:00,4,
2020-01-19 17:00:00,4,
2020-01-19 18:00:00,4,
2020-01-19 20:00:00,3,1.525922447004614e-16
2020-01-20 08:00:00,3,0.9935477561379934
2020-01-20 09:00:00,4,0.9817347990683203
2020-01-20 10:00:00,4,0.952602559547292
2020-01-20 11:00:00,4,0.9464804467483079
2020-01-20 12:00:00,4,0.9889708870338623
2020-01-20 13:00:00,4,0.9775348068814145
2020-01-20 14:00:00,4,0.9839405431068676
2020-01-20 15:00:00,4,0.7993883550605853
2020-01-20 16:00:00,4,0.9888115760483628
2020-01-20 17:00:00,4,0.9981137530768046
2020-01-20 18:00:00,4,0.9999254816312796
2020-01-21 08:00:00,3,0.9933136388197762
2020-01-21 09:00:00,4,0.9886068620439715
2020-01-21 10:00:00,4,0.9170599944329754
2020-01-21 11:00:00,4,0.921518517131999
2020-01-21 12:00:00,4,0.9079661910905049
2020-01-21 13:00:00,4,0.999951769546873
2020-01-21 14:00:00,4,0.9775437418698665
2020-01-21 15:00:00,4,0.8499570324000356
2020-01-21 16:00:00,4,0.9996301588156488
2020-01-21 17:00:00,4,0.9721505885121011
2020-01-21 18:00:00,4,0.9995270319906518
2020-01-22 08:00:00,4,0.9414529965129804
2020-01-22 09:00:00,4,0.954102967696281
2020-01-22 10:00:00,4,0.9992460348851866
2020-01-22 11:00:00,4,0.9996962431483595
2020-01-22 12:00:00,4,0.9964742644908264
2020-01-22 13:00:00,4,0.9993902185115148
2020-01-22 14:00:00,4,0.9473403870893318
2020-01-22 15:00:00,4,0.9992329315015095
2020-01-22 16:00:00,4,0.9810743269801949
2020-01-22 17:00:00,4,0.9977829310248049
2020-01-22 18:00:00,4,0.9944977982157351
2020-01-23 08:00:00,4,0.9611268077186219
2020-01-23 09:00:00,4,0.9301073168838999
2020-01-23 10:00:00,4,0.9990622962261876
2020-01-23 11:00:00,4,0.9999634090773609
2020-01-23 12:00:00,4,0.9985990341221137
2020-01-23 13:00:00,4,0.9905736914737101
2020-01-23 14:00:00,4,0.9994561242765267
2020-01-23 15:00:00,4,0.9985363636567559
2020-01-23 16:00:00,4,0.9904096122567758
2020-01-23 17:00:00,4,0.9885672112620782
2020-01-23 18:00:00,4,0.9912980384042169
2020-01-24 08:00:00,4,0.9778887908844361
2020-01-24 09:00:00,4,0.9984773637887614
2020-01-24 10:00:00,4,0.9981746087740924
2020-01-24 11:00:00,4,0.7095204169035052
2020-01-24 12:00:00,4,0.9909844563174734
2020-01-24 13:00:00,4,0.9978057153480931
2020-01-24 14:00:00,4,0.9955804567652402
2020-01-24 15:00:00,4,0.9977936569017894
2020-01-24 16:00:00,4,0.9868006397288277
2020-01-24 17:00:00,4,0.9974649710245472
2020-01-24 18:00:00,4,0.7606916109901383
2020-01-25 08:00:00,3,
2020-01-25 09:00:00,4,0.9204488226486723
2020-01-25 10:00:00,4,0.6453246903250119
2020-01-25 11:00:00,4,0.9365104519954007
2020-01-25 12:00:00,4,0.9628856116537453
2020-01-25 13:00:00,4,0.9995845090539784
2020-01-25 14:00:00,4,0.9743518580462726
2020-01-25 15:00:00,4,0.9928560281214175
2020-01-25 16:00:00,4,0.9953760505183126
2020-01-25 17:00:00,4,0.9113556259150513
2020-01-25 18:00:00,4,0.9889277197619029
2020-01-26 08:00:00,4,
2020-01-26 09:00:00,4,0.9987993314842649
2020-01-26 10:00:00,4,0.9994602860619434
2020-01-26 11:00:00,4,0.9466983422310191
2020-01-26 12:00:00,4,0.7358282384314055
2020-01-26 13:00:00,4,0.9773047109006903
2020-01-26 14:00:00,4,0.6692966086914202
2020-01-26 15:00:00,4,0.9980533369504746
2020-01-26 16:00:00,4,0.9999197954157644
2020-01-26 17:00:00,4,0.9982862904444733
2020-01-26 18:00:00,4,0.9996276514240376
2020-01-27 08:00:00,4,0.9960927545176887
2020-01-27 09:00:00,4,0.9693953792567908
2020-01-27 10:00:00,4,0.9999685899028098
2020-01-27 11:00:00,4,0.99904262326662
2020-01-27 12:00:00,4,0.9973585740063253
2020-01-27 13:00:00,4,0.9890218104853212
2020-01-27 14:00:00,4,0.9906422558153699
2020-01-27 15:00:00,4,0.9971259960376762
2020-01-27 16:00:00,4,0.9990336001352804
2020-01-27 17:00:00,4,0.9992672048237716
2020-01-27 18:00:00,4,0.99982754341025
2020-01-28 08:00:00,4,0.9945441385287757
2020-01-28 09:00:00,4,0.9691576023072245
2020-01-28 10:00:00,4,0.9996979513976725
2020-01-28 11:00:00,4,0.9998425678553066
2020-01-28 12:00:00,4,0.9995140046252453
2020-01-28 13:00:00,4,0.7932069787486669
2020-01-28 14:00:00,4,0.9062720558801401
2020-01-28 15:00:00,4,0.9196631372905869
2020-01-28 16:00:00,4,0.999156957003138
2020-01-28 17:00:00,4,0.9723604681567014
2020-01-28 18:00:00,4,0.9974009171474424
2020-01-29 08:00:00,4,0.9830630515215845
2020-01-29 09:00:00,4,0.99637177267161
2020-01-29 10:00:00,4,0.9998933780279365
2020-01-29 11:00:00,4,0.9960884469479436
2020-01-29 12:00:00,4,0.8789643688547322
2020-01-29 13:00:00,4,0.5550888029180953
2020-01-29 14:00:00,4,0.7419036612439975
2020-01-29 15:00:00,4,0.9922420173272779
2020-01-29 16:00:00,4,0.999422719658742
2020-01-29 17:00:00,4,0.9960207201848682
2020-01-29 18:00:00,4,0.9963746508430369
2020-01-30 08:00:00,3,0.8977841466728071
2020-01-30 09:00:00,4,0.9962621489634773
2020-01-30 10:00:00,4,0.9805933318474118
2020-01-30 11:00:00,4,0.9968070684076241
2020-01-30 12:00:00,4,0.976147032218024
2020-01-30 13:00:00,4,0.995757030335111
2020-01-30 14:00:00,4,0.9634754432849514
2020-01-30 15:00:00,4,0.9826808207110513
2020-01-30 16:00:00,4,0.9848495220366066
2020-01-30 17:00:00,4,0.9964583123749297
2020-01-30 18:00:00,4,0.9985581831578362
2020-01-31 08:00:00,4,0.9953025374516667
2020-01-31 09:00:00,4,0.9576715104514494
2020-01-31 10:00:00,4,0.9997399662621352
2020-01-31 11:00:00,4,0.9995605371866055
2020-01-31 12:00:00,4,0.997565385062763
2020-01-31 13:00:00,4,0.5416156141583853
2020-01-31 14:00:00,4,0.9916058733899995
2020-01-31 15:00:00,4,0.9229311250201027
2020-01-31 16:00:00,4,0.9981375620893516
2020-01-31 17:00:00,4,0.9930016650426275
2020-01-31 18:00:00,4,0.9855242693761542
2020-02-01 08:00:00,4,0.9967061236860192
2020-02-01 09:00:00,4,0.9292831496827195
2020-02-01 10:00:00,4,0.9995243776216274
2020-02-01 11:00:00,4,0.9999914963351442
2020-02-01 12:00:00,4,0.9946299942730346
2020-02-01 13:00:00,4,0.9803332627360747
2020-02-01 14:00:00,4,0.9916306054572706
2020-02-01 15:00:00,4,0.9889432981664212
2020-02-01 16:00:00,4,0.9997186009489277
2020-02-01 17:00:00,4,0.9997200995800077
2020-02-01 18:00:00,4,0.998869023320906
2020-02-02 08:00:00,4,0.9976085502315069
2020-02-02 09:00:00,4,0.8978832136088201
2020-02-02 10:00:00,4,0.999542710054961
2020-02-02 11:00:00,4,0.999873587965808
2020-02-02 12:00:00,4,-0.21553620038372562
2020-02-02 13:00:00,4,0.9853978026192522
2020-02-02 14:00:00,4,0.8283095425773266
2020-02-02 15:00:00,4,0.9866747456520373
2020-02-02 16:00:00,4,0.9906273186058621
2020-02-02 17:00:00,4,0.9981782977894316
2020-02-02 18:00:00,4,0.9970846194076222
2020-02-03 08:00:00,4,0.9963324827432783
2020-02-03 09:00:00,4,0.9951149782753513
2020-02-03 10:00:00,4,0.9821270803612925
2020-02-03 11:00:00,4,0.9957286071971193
2020-02-03 12:00:00,4,0.9819767806505323
2020-02-03 13:00:00,4,0.9905605817478622
2020-02-03 14:00:00,4,0.9951592653247796
2020-02-03 15:00:00,4,0.9911288368744915
2020-02-03 16:00:00,4,0.9591603060342552
2020-02-03 17:00:00,4,0.9994486024150141
2020-02-03 18:00:00,4,0.9999521062037755
2020-02-04 08:00:00,4,0.9963038518256245
2020-02-04 09:00:00,4,0.9211275217032564
2020-02-04 10:00:00,4,0.999411834155283
2020-02-04 11:00:00,4,0.9999046290507432
2020-02-04 12:00:00,4,0.9992379749102781
2020-02-04 13:00:00,4,0.730464579842837
2020-02-04 14:00:00,4,0.9978495254340575
2020-02-04 15:00:00,4,0.9781095151557274
2020-02-04 16:00:00,4,0.9975142198351938
2020-02-04 17:00:00,4,0.9991964819377301
2020-02-04 18:00:00,4,0.9995869783985658
2020-02-05 08:00:00,4,0.9940596022037517
2020-02-05 09:00:00,4,0.9297645099727393
2020-02-05 10:00:00,4,0.9994945881755701
2020-02-05 11:00:00,4,0.9997691778342227
2020-02-05 12:00:00,4,0.9959995462829916
2020-02-05 13:00:00,4,-0.9272366297696956
2020-02-05 14:00:00,4,0.9711127450537395
2020-02-05 15:00:00,4,0.9859180050526332
2020-02-05 16:00:00,4,0.9804753437707288
2020-02-05 17:00:00,4,0.9881354105875123
2020-02-05 18:00:00,4,0.9995588798039324
2020-02-06 08:00:00,4,0.9761006130760065
2020-02-06 09:00:00,4,0.9268251261352962
2020-02-06 10:00:00,4,0.9996329808986341
2020-02-06 11:00:00,4,0.9999924749310873
2020-02-06 12:00:00,4,0.9894894196947545
2020-02-06 13:00:00,4,0.987109556137736
2020-02-06 14:00:00,4,0.8947231657212613
2020-02-06 15:00:00,4,0.9849314578440901
2020-02-06 16:00:00,4,0.9439339701507449
2020-02-06 17:00:00,4,0.9746713532569827
2020-02-06 18:00:00,4,0.9999192103218058
2020-02-07 08:00:00,4,0.9718969682420693
2020-02-07 09:00:00,4,0.899024862191432
2020-02-07 10:00:00,4,0.9991676761558699
2020-02-07 11:00:00,4,0.9994495777825624
2020-02-07 12:00:00,4,0.997552903820491
2020-02-07 13:00:00,4,0.9628317532931954
2020-02-07 14:00:00,4,0.9882640881560892
2020-02-07 15:00:00,4,0.9691086796194838
2020-02-07 16:00:00,4,0.9829010499931036
2020-02-07 17:00:00,4,0.9688370397974968
2020-02-07 18:00:00,4,0.9999885898365097
2020-02-08 08:00:00,4,0.9321689130526707
2020-02-08 09:00:00,4,0.9999521110596887
2020-02-08 10:00:00,4,0.9777499471311293
2020-02-08 11:00:00,4,0.9647928996424905
2020-02-08 12:00:00,4,0.9448199278641919
2020-02-08 13:00:00,4,0.9764317846294208
2020-02-08 14:00:00,4,0.992961811210137
2020-02-08 15:00:00,4,0.9462753768668298
2020-02-08 16:00:00,4,0.9932242248639636
2020-02-08 17:00:00,4,0.9937542831127466
2020-02-08 18:00:00,4,0.9996740706178142
2020-02-09 08:00:00,4,0.978124119350354
2020-02-09 09:00:00,4,0.9978377141206689
2020-02-09 10:00:00,4,0.9947940365742436
2020-02-09 11:00:00,4,0.9949426440329171
2020-02-09 12:00:00,4,0.9892436295321393
2020-02-09 13:00:00,4,0.9996829450845177
2020-02-09 14:00:00,4,0.9949885833374198
2020-02-09 15:00:00,4,0.9909856137016556
2020-02-09 16:00:00,4,0.9953257645164949
2020-02-09 17:00:00,4,0.9702644851001265
2020-02-09 18:00:00,4,
2020-02-10 08:00:00,4,0.9241295485173444
2020-02-10 09:00:00,4,0.9903153624550934
2020-02-10 10:00:00,4,0.993821225379631
2020-02-10 11:00:00,4,0.9928544756675033
2020-02-10 12:00:00,4,0.9882340286888969
2020-02-10 13:00:00,4,0.8679686053557081
2020-02-10 14:00:00,4,0.9739455933574649
2020-02-10 15:00:00,4,0.9978711101682933
2020-02-10 16:00:00,4,0.9752657407663021
2020-02-10 17:00:00,4,0.9975907532580216
2020-02-10 18:00:00,4,0.9995819449004273
2020-02-11 08:00:00,4,0.9806727729959391
2020-02-11 09:00:00,4,0.8951941699624688
2020-02-11 10:00:00,4,0.999526846210852
2020-02-11 11:00:00,4,0.9999228701479401
2020-02-11 12:00:00,4,0.982518683807984
2020-02-11 13:00:00,4,0.9098386333939568
2020-02-11 14:00:00,4,0.9996093358718305
2020-02-11 15:00:00,4,0.9611934211597083
2020-02-11 16:00:00,4,0.9613504092735797
2020-02-11 17:00:00,4,0.7927702163699478
2020-02-11 18:00:00,4,0.9998554441671875
2020-02-12 08:00:00,4,0.9949153260671504
2020-02-12 09:00:00,4,0.98519904829265
2020-02-12 10:00:00,4,0.9998892729219672
2020-02-12 11:00:00,4,0.997143520043112
2020-02-12 12:00:00,4,0.9994851162659364
2020-02-12 13:00:00,4,0.9616089935496274
2020-02-12 14:00:00,4,0.9921452124472157
2020-02-12 15:00:00,4,0.9757191252669287
2020-02-12 16:00:00,4,0.9862223499421392
2020-02-12 17:00:00,4,0.9983567481946911
2020-02-12 18:00:00,4,0.9995632042408381
2020-02-13 08:00:00,4,0.9906066320245136
2020-02-13 09:00:00,4,0.9916119687671816
2020-02-13 10:00:00,4,0.9995710988667926
2020-02-13 11:00:00,4,0.9972087227369769
2020-02-13 12:00:00,4,0.9998458355939897
2020-02-13 13:00:00,4,-0.19836193359358073
2020-02-13 14:00:00,4,0.9982112007209557
2020-02-13 15:00:00,4,0.9931035988490622
2020-02-13 16:00:00,4,0.9996993369236779
2020-02-13 17:00:00,4,0.9991782840169103
2020-02-13 18:00:00,4,0.999447586575854
2020-02-14 08:00:00,4,0.9836412740054213
2020-02-14 09:00:00,4,0.9794083539068249
2020-02-14 10:00:00,4,0.9104696363543535
2020-02-14 11:00:00,4,0.9322076318011303
2020-02-14 12:00:00,4,0.996409986576977
2020-02-14 13:00:00,4,0.9947470920538894
2020-02-14 14:00:00,4,0.9916046201274361
2020-02-14 15:00:00,4,0.982145233277054
2020-02-14 16:00:00,4,0.8900873948868196
2020-02-14 17:00:00,4,0.9780908236671478
2020-02-14 18:00:00,4,0.9999574631991167
2020-02-15 08:00:00,4,0.9604903058325805
2020-02-15 09:00:00,4,0.9995514391757173
2020-02-15 10:00:00,4,0.9992189050559976
2020-02-15 11:00:00,4,0.9233282566622816
2020-02-15 12:00:00,4,0.8922711204489391
2020-02-15 13:00:00,4,0.9998449647302738
2020-02-15 14:00:00,4,0.9846900193955476
2020-02-15 15:00:00,4,0.995833353336364
2020-02-15 16:00:00,4,0.9917103016957767
2020-02-15 17:00:00,4,0.9989000580139504
2020-02-15 18:00:00,4,0.9988617587708365
2020-02-16 08:00:00,4,0.9956241473893889
2020-02-16 09:00:00,4,0.8654276214036963
2020-02-16 10:00:00,4,0.9912800307323276
2020-02-16 11:00:00,4,0.9998939239376523
2020-02-16 12:00:00,4,0.9972089254981612
2020-02-16 13:00:00,4,0.9938656141299913
2020-02-16 14:00:00,4,0.9974638571924522
2020-02-16 15:00:00,4,0.9986755897656874
2020-02-16 16:00:00,4,0.9648559290178153
2020-02-16 17:00:00,4,0.9954523986554862
2020-02-16 18:00:00,4,0.9992141145283759
2020-02-17 08:00:00,4,0.9391796121369084
2020-02-17 09:00:00,4,0.999525669168632
2020-02-17 10:00:00,4,0.9997845626806929
2020-02-17 11:00:00,4,0.9955804390903472
2020-02-17 12:00:00,4,0.4018495492750525
2020-02-17 13:00:00,4,0.9661576055614428
2020-02-17 14:00:00,4,0.9685133611711043
2020-02-17 15:00:00,4,0.9581061537839796
2020-02-17 16:00:00,4,0.9972958796518241
2020-02-17 17:00:00,4,0.999791256959783
2020-02-17 18:00:00,4,0.9946652404080406
2020-02-18 08:00:00,4,0.990412889763608
2020-02-18 09:00:00,4,0.9914930710483714
2020-02-18 10:00:00,4,0.9976665516540626
2020-02-18 11:00:00,4,0.9994546726467708
2020-02-18 12:00:00,4,0.997358158503635
2020-02-18 13:00:00,4,0.9804444591855274
2020-02-18 14:00:00,4,0.9828667883196675
2020-02-18 15:00:00,4,0.9919096083343703
2020-02-18 16:00:00,4,0.9999561927748389
2020-02-18 17:00:00,4,0.9993670049410041
2020-02-18 18:00:00,4,0.9999697870991481
2020-02-19 08:00:00,4,0.9918362929490526
2020-02-19 09:00:00,4,0.9711978726674333
2020-02-19 10:00:00,4,0.9995555084175464
2020-02-19 11:00:00,4,0.9990996274516303
2020-02-19 12:00:00,4,0.9998128021787799
2020-02-19 13:00:00,4,-0.2616201323528182
2020-02-19 14:00:00,4,0.9877880396535578
2020-02-19 15:00:00,4,0.9919710264051879
2020-02-19 16:00:00,4,0.99428213212167
2020-02-19 17:00:00,4,0.9938454091338356
2020-02-19 18:00:00,4,0.9996257489178997
2020-02-20 08:00:00,4,
2020-02-20 09:00:00,4,
2020-02-20 10:00:00,4,0.9095236036413327
2020-02-20 11:00:00,4,0.9998045279332687
2020-02-20 12:00:00,4,0.9994647174003067
2020-02-20 13:00:00,4,0.9946979218919296
2020-02-20 14:00:00,4,0.9495476756231971
2020-02-20 15:00:00,4,0.8635975916685822
2020-02-20 16:00:00,4,0.9167256054595454
2020-02-20 17:00:00,4,0.9975294218478848
2020-02-20 18:00:00,4,0.9999695518626318
2020-02-21 08:00:00,4,0.9915065141556925
2020-02-21 09:00:00,4,0.942067420081279
2020-02-21 10:00:00,4,0.9997749445589051
2020-02-21 11:00:00,4,0.9992098606461568
2020-02-21 12:00:00,4,0.9965653289705299
2020-02-21 13:00:00,4,0.9924819542107443
2020-02-21 14:00:00,4,0.9932460987038477
2020-02-21 15:00:00,4,0.9968961907243628
2020-02-21 16:00:00,4,0.9998706105510672
2020-02-21 17:00:00,4,0.9993197279471504
2020-02-21 18:00:00,4,0.9999486281675077
2020-02-22 08:00:00,4,0.9852820463210141
2020-02-22 09:00:00,4,0.9408670005407992
2020-02-22 10:00:00,4,0.9786814248628304
2020-02-22 11:00:00,4,0.9972312560378548
2020-02-22 12:00:00,4,0.9830674506830039
2020-02-22 13:00:00,4,0.6873969421585253
2020-02-22 14:00:00,4,0.9908572824311997
2020-02-22 15:00:00,4,0.9688837119391013
2020-02-22 16:00:00,4,0.9975049080621301
2020-02-22 17:00:00,4,0.9979267670639596
2020-02-22 18:00:00,4,0.9997988787460288
2020-02-23 08:00:00,4,0.9827839619770194
2020-02-23 09:00:00,4,0.939613871896882
2020-02-23 10:00:00,4,0.9994975101417174
2020-02-23 11:00:00,4,0.9999191798760405
2020-02-23 12:00:00,4,0.9921634927830509
2020-02-23 13:00:00,4,0.9599619348923889
2020-02-23 14:00:00,4,0.9844323519471069
2020-02-23 15:00:00,4,0.9986692409345916
2020-02-23 16:00:00,4,0.9996928870740659
2020-02-23 17:00:00,4,0.9981772225710973
2020-02-23 18:00:00,4,0.9983964985122541
2020-02-24 08:00:00,4,0.9907773347977179
2020-02-24 09:00:00,4,0.9257809400096582
2020-02-24 10:00:00,4,0.9999828597402579
2020-02-24 11:00:00,4,0.999768413449146
2020-02-24 12:00:00,4,0.9992787652292047
2020-02-24 13:00:00,4,0.9682125614606597
2020-02-24 14:00:00,4,0.949877024407019
2020-02-24 15:00:00,4,0.9017652176078552
2020-02-24 16:00:00,4,0.998160210621623
2020-02-24 17:00:00,4,0.9994522326076184
2020-02-24 18:00:00,4,0.9999095819352697
2020-02-25 08:00:00,4,0.9941242094102501
2020-02-25 09:00:00,4,0.9001263705352087
2020-02-25 10:00:00,4,0.9998371731239913
2020-02-25 11:00:00,4,0.9998969228690154
2020-02-25 12:00:00,4,0.9981739982040795
2020-02-25 13:00:00,4,0.977711777874876
2020-02-25 14:00:00,4,0.9887239782001841
2020-02-25 15:00:00,4,0.9972178587025498
2020-02-25 16:00:00,4,0.7653285402937078
2020-02-25 17:00:00,4,0.9993217621547328
2020-02-25 18:00:00,4,0.9960706797586043
2020-02-26 08:00:00,4,0.9967823097154018
2020-02-26 09:00:00,4,0.9439482201199287
2020-02-26 10:00:00,4,0.999559268722211
2020-02-26 11:00:00,4,0.9996168078963352
2020-02-26 12:00:00,4,0.996534716567403
2020-02-26 13:00:00,4,0.999662282847044
2020-02-26 14:00:00,4,0.9804917048509683
2020-02-26 15:00:00,4,0.9945355352117755
2020-02-26 16:00:00,4,0.9998698761363303
2020-02-26 17:00:00,4,0.9300820084584296
2020-02-26 18:00:00,4,0.9990828556057909
2020-02-26 19:00:00,3,0.9849133628005228
2020-02-27 08:00:00,4,0.9812295222171961
2020-02-27 09:00:00,4,0.9868516804919146
2020-02-27 10:00:00,4,0.9995211647416553
2020-02-27 11:00:00,4,0.9964308684917346
2020-02-27 12:00:00,4,0.9993359661031801
2020-02-27 13:00:00,4,0.9959426437689628
2020-02-27 14:00:00,4,0.6932447350917874
2020-02-27 15:00:00,4,
2020-02-27 16:00:00,4,0.7745966692414833
2020-02-27 17:00:00,4,0.998455953893288
2020-02-27 18:00:00,4,0.9977794429257039
2020-02-27 19:00:00,3,
2020-02-28 08:00:00,4,0.9865741467854374
2020-02-28 09:00:00,4,0.9969594952628361
2020-02-28 10:00:00,4,0.929477726509344
2020-02-28 11:00:00,4,0.9971515180239114
2020-02-28 12:00:00,4,0.9925620302244709
2020-02-28 13:00:00,4,0.8180172861437954
2020-02-28 14:00:00,4,0.995188662861751
2020-02-28 15:00:00,4,0.9148206064554425
2020-02-28 16:00:00,4,0.9694087322646627
2020-02-28 17:00:00,4,0.9999564862379408
2020-02-28 18:00:00,4,0.9772255102387611
2020-02-28 19:00:00,3,0.988368198739335
2020-02-29 08:00:00,4,0.9784212588446244
2020-02-29 09:00:00,4,0.9892093669467754
2020-02-29 10:00:00,4,0.9999047797494008
2020-02-29 11:00:00,4,0.9999853507994819
2020-02-29 12:00:00,4,0.9988938731297109
2020-02-29 13:00:00,4,0.7942706478232122
2020-02-29 14:00:00,4,0.996907380625664
2020-02-29 15:00:00,4,0.997920944508203
2020-02-29 16:00:00,4,0.9994898993673886
2020-02-29 17:00:00,4,0.9874994342854092
2020-02-29 18:00:00,4,0.9990527191785777
2020-02-29 19:00:00,3,0.9932378891189084
2020-03-01 08:00:00,4,0.9780506110489654
2020-03-01 09:00:00,4,0.9916015948103076
2020-03-01 10:00:00,4,0.9995842206761721
2020-03-01 11:00:00,4,0.9997418207584735
2020-03-01 12:00:00,4,0.9999071402443899
2020-03-01 13:00:00,4,0.7561664719243285
2020-03-01 14:00:00,4,0.99525413106081
2020-03-01 15:00:00,4,0.9988266767614618
2020-03-01 16:00:00,4,0.9932145580813946
2020-03-01 17:00:00,4,0.9992363790638634
2020-03-01 18:00:00,4,0.9998300989007948
2020-03-01 19:00:00,3,0.9769288962713292
2020-03-02 08:00:00,4,0.940919209825314
2020-03-02 09:00:00,4,0.9368751718334146
2020-03-02 10:00:00,4,0.9960741647344473
2020-03-02 11:00:00,4,0.9596964362688379
2020-03-02 12:00:00,4,0.9970507606396986
2020-03-02 13:00:00,4,0.9991508644191809
2020-03-02 14:00:00,4,0.9351161271321815
2020-03-02 15:00:00,4,0.7811102801156569
2020-03-02 16:00:00,4,0.9892626102503771
2020-03-02 17:00:00,4,0.998322797861013
2020-03-02 18:00:00,4,0.9995406387931319
2020-03-02 19:00:00,3,0.9765443065528151
2020-03-03 08:00:00,4,0.9226370324562654
2020-03-03 09:00:00,4,0.9968019057994806
2020-03-03 10:00:00,4,0.987597524941189
2020-03-03 11:00:00,4,0.9741657528210392
2020-03-03 12:00:00,4,0.9878666217709264
2020-03-03 13:00:00,4,0.9996242326597357
2020-03-03 14:00:00,4,0.9867998599329703
2020-03-03 15:00:00,4,0.9970282019442506
2020-03-03 16:00:00,4,0.9925246055839532
2020-03-03 17:00:00,4,0.9985979066104097
2020-03-03 18:00:00,4,0.9995385101191361
2020-03-03 19:00:00,3,0.979029804375519
2020-03-04 08:00:00,4,0.9991257421992776
2020-03-04 09:00:00,4,0.9992778274235858
2020-03-04 10:00:00,4,0.9965154429374047
2020-03-04 11:00:00,4,0.9993134471943832
2020-03-04 12:00:00,4,0.8036961334670331
2020-03-04 13:00:00,4,0.9979399883697059
2020-03-04 14:00:00,4,0.9979040850462787
2020-03-04 15:00:00,4,0.989429584794425
2020-03-04 16:00:00,4,0.996278111283208
2020-03-04 17:00:00,4,0.9923591283006454
2020-03-04 18:00:00,4,0.9765282375303592
2020-03-04 19:00:00,3,0.9677249547142199
2020-03-05 07:00:00,4,
2020-03-05 08:00:00,4,0.7745966692414833
2020-03-05 09:00:00,4,0.9983972849533357
2020-03-05 10:00:00,4,0.9997269200982726
2020-03-05 11:00:00,4,0.9997155065951195
2020-03-05 12:00:00,4,0.4132047940305855
2020-03-05 13:00:00,4,0.9921682266914187
2020-03-05 14:00:00,4,0.9641173632527934
2020-03-05 15:00:00,4,0.9986121068264671
2020-03-05 16:00:00,4,0.9304951268425278
2020-03-05 17:00:00,4,0.9999355522144456
2020-03-05 18:00:00,4,0.9999717561875725
2020-03-05 19:00:00,3,0.9881426673339764
2020-03-06 08:00:00,4,0.9370845735763795
2020-03-06 09:00:00,4,0.9991036741681197
2020-03-06 10:00:00,4,0.9999880322666483
2020-03-06 11:00:00,4,0.9985941467178664
2020-03-06 12:00:00,4,0.8099563820692502
2020-03-06 13:00:00,4,0.7167312083254637
2020-03-06 14:00:00,4,0.16716090182512258
2020-03-06 15:00:00,4,0.9767329779230036
2020-03-06 16:00:00,4,0.9993027578425032
2020-03-06 17:00:00,4,0.998896704307315
2020-03-06 18:00:00,4,0.9998821795970262
2020-03-06 19:00:00,3,0.9956945036278971
2020-03-07 08:00:00,4,0.9623625256266777
2020-03-07 09:00:00,4,0.9991870492361622
2020-03-07 10:00:00,4,0.9986014871550976
2020-03-07 11:00:00,4,0.9979667249939859
2020-03-07 12:00:00,4,0.988412503637653
2020-03-07 13:00:00,4,0.974872810673392
2020-03-07 14:00:00,4,0.9829290530608624
2020-03-07 15:00:00,4,0.996656527309437
2020-03-07 16:00:00,4,0.9999302918226491
2020-03-07 17:00:00,4,0.9988442573694943
2020-03-07 18:00:00,4,0.998986467152227
2020-03-07 19:00:00,3,0.9879180016911359
2020-03-08 08:00:00,4,0.9854053675274096
2020-03-08 09:00:00,4,0.9992987446154471
2020-03-08 10:00:00,4,0.9999917158614651
2020-03-08 11:00:00,4,0.9936001557938294
2020-03-08 12:00:00,4,0.9959788098743196
2020-03-08 13:00:00,4,0.9989494919915083
2020-03-08 14:00:00,4,0.791259295130138
2020-03-08 15:00:00,4,0.9982992303604723
2020-03-08 16:00:00,4,0.9901211563738387
2020-03-08 17:00:00,4,0.9986155808758849
2020-03-08 18:00:00,4,0.9858858341275927
2020-03-08 19:00:00,3,0.9874292165845678
2020-03-09 08:00:00,4,0.8295828572653432
2020-03-09 09:00:00,4,0.9914003083971258
2020-03-09 10:00:00,4,0.9994900994066535
2020-03-09 11:00:00,4,0.9999603351788597
2020-03-09 12:00:00,4,0.999728837613563
2020-03-09 13:00:00,4,0.9045486216201908
2020-03-09 14:00:00,4,0.45780300807946345
2020-03-09 15:00:00,4,0.9767671795978621
2020-03-09 16:00:00,4,0.9998163620744426
2020-03-09 17:00:00,4,0.9954236217439162
2020-03-09 18:00:00,4,0.999768832463431
2020-03-09 19:00:00,3,0.9938408976094415
2020-03-10 08:00:00,4,0.9260175317000098
2020-03-10 09:00:00,4,0.990060550578614
2020-03-10 10:00:00,4,0.999764459360651
2020-03-10 11:00:00,4,0.9105879462700188
2020-03-10 12:00:00,4,0.8902695433741667
2020-03-10 13:00:00,4,0.8295377763393313
2020-03-10 14:00:00,4,0.9942089072426191
2020-03-10 15:00:00,4,0.9891086917415983
2020-03-10 16:00:00,4,0.8818139611305462
2020-03-10 17:00:00,4,0.8521775827783619
2020-03-10 18:00:00,4,
2020-03-10 19:00:00,3,0.8660254037844386
2020-03-11 08:00:00,4,0.8485773669395361
2020-03-11 09:00:00,4,0.9821626447717331
2020-03-11 10:00:00,4,0.9995647228397765
2020-03-11 11:00:00,4,0.9336833299321687
2020-03-11 12:00:00,4,0.9998684668365991
2020-03-11 13:00:00,4,0.9930706450844975
2020-03-11 14:00:00,4,0.9936312129714823
2020-03-11 15:00:00,4,0.9604269229053719
2020-03-11 16:00:00,4,0.9274273307696022
2020-03-11 17:00:00,4,0.9950466680879456
2020-03-11 18:00:00,4,0.9935380650302961
2020-03-11 19:00:00,3,0.9968303147455339
2020-03-12 08:00:00,4,0.993198576611255
2020-03-12 09:00:00,4,0.9663696362166119
2020-03-12 10:00:00,4,0.9999854931975362
2020-03-12 11:00:00,4,0.9999310334333404
2020-03-12 12:00:00,4,0.8891517296934315
2020-03-12 13:00:00,4,0.9574710103661944
2020-03-12 14:00:00,4,0.9852293174826426
2020-03-12 15:00:00,4,0.9928952644080644
2020-03-12 16:00:00,4,0.9997308243676344
2020-03-12 17:00:00,4,0.9884046301674858
2020-03-12 18:00:00,4,0.9999195339129469
2020-03-12 19:00:00,3,0.9931097594621363
2020-03-13 08:00:00,4,0.9544311102576346
2020-03-13 09:00:00,4,0.9676597788272296
2020-03-13 10:00:00,4,0.9989710488670667
2020-03-13 11:00:00,4,0.9994573106135266
2020-03-13 12:00:00,4,0.9847238782917748
2020-03-13 13:00:00,4,0.9702832061072231
2020-03-13 14:00:00,4,0.9967055714140619
2020-03-13 15:00:00,4,0.9958827583221129
2020-03-13 16:00:00,4,0.9995628710835754
2020-03-13 17:00:00,4,0.9991279081967336
2020-03-13 18:00:00,4,0.9999936241709259
2020-03-13 19:00:00,3,0.9951810254927773
2020-03-14 08:00:00,4,0.9492352638603568
2020-03-14 09:00:00,4,0.9800074471419943
2020-03-14 10:00:00,4,0.9995965170319229
2020-03-14 11:00:00,4,0.9998774641530984
2020-03-14 12:00:00,4,0.9998723420461088
2020-03-14 13:00:00,4,0.8714119540783801
2020-03-14 14:00:00,4,0.990726010448715
2020-03-14 15:00:00,4,0.9939969717325172
2020-03-14 16:00:00,4,0.9993487624186839
2020-03-14 17:00:00,4,0.9995741880489692
2020-03-14 18:00:00,4,0.9999947680085515
2020-03-14 19:00:00,3,0.9936733885567395
2020-03-15 07:00:00,3,0.9786313514842467
2020-03-15 08:00:00,4,0.9352843741837048
2020-03-15 09:00:00,4,0.9987512471117554
2020-03-15 10:00:00,4,0.999910459762972
2020-03-15 11:00:00,4,0.9998112834240866
2020-03-15 12:00:00,4,0.9983507005460401
2020-03-15 13:00:00,4,0.9961350637169859
2020-03-15 14:00:00,4,0.9982367311078608
2020-03-15 15:00:00,4,0.9925256362502115
2020-03-15 16:00:00,4,0.9937635639340445
2020-03-15 17:00:00,4,0.9967143588844855
2020-03-15 18:00:00,4,0.9996069146728908
2020-03-15 19:00:00,3,0.9494177836988585
2020-03-16 08:00:00,4,0.9607438551449211
2020-03-16 09:00:00,4,0.9997982167642538
2020-03-16 10:00:00,4,0.9998486705557335
2020-03-16 11:00:00,4,0.8978524101777232
2020-03-16 12:00:00,4,0.9617771372049002
2020-03-16 13:00:00,4,0.973613989368396
2020-03-16 14:00:00,4,0.9997558295556649
2020-03-16 15:00:00,4,0.9713333319365469
2020-03-16 16:00:00,4,0.9836353406129325
2020-03-16 17:00:00,4,0.9980322553398093
2020-03-16 18:00:00,4,0.999663220588927
2020-03-16 19:00:00,3,0.9751887545207464
2020-03-17 08:00:00,4,0.993549997301491
2020-03-17 09:00:00,4,0.9980651532540898
2020-03-17 10:00:00,4,0.3368626562818463
2020-03-17 11:00:00,4,
2020-03-17 12:00:00,4,0.930289327632127
2020-03-17 13:00:00,4,0.9930206483318944
2020-03-17 14:00:00,4,0.9869833256656741
2020-03-17 15:00:00,4,0.9848324134087563
2020-03-17 16:00:00,4,0.9793368447509713
2020-03-17 17:00:00,4,0.8751845581065766
2020-03-17 18:00:00,4,0.9996981720557503
2020-03-17 19:00:00,3,0.993576466903268
2020-03-18 08:00:00,4,0.9822898167126531
2020-03-18 09:00:00,4,0.9998019727628268
2020-03-18 10:00:00,4,0.999693278825523
2020-03-18 11:00:00,4,0.9993197166449217
2020-03-18 12:00:00,4,0.9850705152890145
2020-03-18 13:00:00,4,0.9503815387002296
2020-03-18 14:00:00,4,0.9897039904690197
2020-03-18 15:00:00,4,0.8057152323005615
2020-03-18 16:00:00,4,0.999920764042103
2020-03-18 17:00:00,4,0.965291524297752
2020-03-18 18:00:00,4,0.9994708458847459
2020-03-18 19:00:00,3,0.9990135271391367
2020-03-19 07:00:00,3,0.9655674197014676
2020-03-19 08:00:00,4,0.9902549010035807
2020-03-19 09:00:00,4,0.9917401348954408
2020-03-19 10:00:00,4,0.9943089836704203
2020-03-19 11:00:00,4,0.9894692014821636
2020-03-19 12:00:00,4,0.9379659054196187
2020-03-19 13:00:00,4,0.9854722060661152
2020-03-19 14:00:00,4,0.9992510049135289
2020-03-19 15:00:00,4,0.9914045625708376
2020-03-19 16:00:00,4,0.9996036361886095
2020-03-19 17:00:00,4,0.8771263356152736
2020-03-19 18:00:00,4,0.9846271949319043
2020-03-19 19:00:00,3,0.9539587274114176
2020-03-20 07:00:00,3,0.9841841264207145
2020-03-20 08:00:00,4,0.9844905459005823
2020-03-20 09:00:00,4,0.9999087814670775
2020-03-20 10:00:00,4,0.9997138301858576
2020-03-20 11:00:00,4,0.9997635429766939
2020-03-20 12:00:00,4,0.9997974207906266
2020-03-20 13:00:00,4,0.847826959272345
2020-03-20 14:00:00,4,0.9835920283359422
2020-03-20 15:00:00,4,0.9740588270972361
2020-03-20 16:00:00,4,0.9996323526518189
2020-03-20 17:00:00,4,0.9981253971562462
2020-03-20 18:00:00,4,0.9998168996722445
2020-03-20 19:00:00,3,0.9160184855674064
2020-03-21 07:00:00,3,0.9772929092396505
2020-03-21 08:00:00,4,0.9603904367701352
2020-03-21 09:00:00,4,0.999798015137217
2020-03-21 10:00:00,4,0.9999505749264125
2020-03-21 11:00:00,4,0.5834526283954554
2020-03-21 12:00:00,4,0.9645707951796538
2020-03-21 13:00:00,4,0.9960029070050128
2020-03-21 14:00:00,4,0.9827582461881164
2020-03-21 15:00:00,4,0.9950660682672653
2020-03-21 16:00:00,4,0.9971553409759392
2020-03-21 17:00:00,4,0.9965598403107245
2020-03-21 18:00:00,4,0.9877601455075226
2020-03-21 19:00:00,3,0.9983201809134816
2020-03-22 07:00:00,3,0.9389265784409482
2020-03-22 08:00:00,4,0.9841627263656849
2020-03-22 09:00:00,4,0.9999141311724589
2020-03-22 10:00:00,4,0.9996847244730981
2020-03-22 11:00:00,4,0.9998448507070834
2020-03-22 12:00:00,4,0.9959567052585206
2020-03-22 13:00:00,4,0.7572366804627442
2020-03-22 14:00:00,4,0.993914596699381
2020-03-22 15:00:00,4,0.9763690941600314
2020-03-22 16:00:00,4,0.9983680310417697
2020-03-22 17:00:00,4,0.9800829060384406
2020-03-22 18:00:00,4,0.9995285378608957
2020-03-22 19:00:00,3,0.9989684808919848
2020-03-23 07:00:00,3,0.9780084761916689
2020-03-23 08:00:00,4,0.9827678571165609
2020-03-23 09:00:00,4,0.9956436675938791
2020-03-23 10:00:00,4,0.999632750134859
2020-03-23 11:00:00,4,0.9762409495982789
2020-03-23 12:00:00,4,0.9992943213183216
2020-03-23 13:00:00,4,0.9971297391267921
2020-03-23 14:00:00,4,0.9823094017011013
2020-03-23 15:00:00,4,0.993387231024394
2020-03-23 16:00:00,4,0.9991495856928023
2020-03-23 17:00:00,4,0.9999760202828246
2020-03-23 18:00:00,4,0.9978657965979301
2020-03-23 19:00:00,3,0.9532147888700808
2020-03-24 07:00:00,3,0.9309245816208404
2020-03-24 08:00:00,4,0.9887647587503071
2020-03-24 09:00:00,4,0.9959871917123067
2020-03-24 10:00:00,4,0.9993547198737186
2020-03-24 11:00:00,4,0.9136686726667127
2020-03-24 12:00:00,4,0.9491313224311848
2020-03-24 13:00:00,4,0.8995257009187699
2020-03-24 14:00:00,4,0.9999534194714472
2020-03-24 15:00:00,4,0.9961769062715594
2020-03-24 16:00:00,4,0.9828037326465151
2020-03-24 17:00:00,4,0.9982175532141189
2020-03-24 18:00:00,4,0.9998059829860108
2020-03-24 19:00:00,3,0.9962668207112617
2020-03-25 07:00:00,3,0.9799417115138109
2020-03-25 08:00:00,4,0.9900342755265562
2020-03-25 09:00:00,4,0.999834622617535
2020-03-25 10:00:00,4,0.9997800560273928
2020-03-25 11:00:00,4,0.9979680766724206
2020-03-25 12:00:00,4,0.9992742463138674
2020-03-25 13:00:00,4,-0.013184896471547478
2020-03-25 14:00:00,4,0.9467409095020837
2020-03-25 15:00:00,4,0.9993821628629846
2020-03-25 16:00:00,4,0.9972584428899196
2020-03-25 17:00:00,4,0.9936576399728458
2020-03-25 18:00:00,4,0.9978769216600233
2020-03-25 19:00:00,4,0.9511129919385184
2020-03-26 07:00:00,3,0.9884648508559019
2020-03-26 08:00:00,4,0.9828162945698113
2020-03-26 09:00:00,4,0.9999277856803882
2020-03-26 10:00:00,4,0.9996780619903517
2020-03-26 11:00:00,4,0.9994710242850761
2020-03-26 12:00:00,4,0.9994748058110342
2020-03-26 13:00:00,4,-0.997085289949574
2020-03-26 14:00:00,4,0.9560988502639133
2020-03-26 15:00:00,4,0.9808378919633127
2020-03-26 16:00:00,4,0.977223413706715
2020-03-26 17:00:00,4,0.9441757161441986
2020-03-26 18:00:00,4,0.9993901815893371
2020-03-26 19:00:00,3,0.9994550116102094
2020-03-27 07:00:00,3,0.9869895668745129
2020-03-27 08:00:00,4,0.9828508534951581
2020-03-27 09:00:00,4,0.9997660742437603
2020-03-27 10:00:00,4,0.9997959407904132
2020-03-27 11:00:00,4,0.9999273398055928
2020-03-27 12:00:00,4,0.9975660141801909
2020-03-27 13:00:00,4,0.9475073610022984
2020-03-27 14:00:00,4,0.9949505313433215
2020-03-27 15:00:00,4,0.9869360026212262
2020-03-27 16:00:00,4,0.9919476764669769
2020-03-27 17:00:00,4,0.9685940461764274
2020-03-27 18:00:00,4,0.9983969341939664
2020-03-27 19:00:00,4,0.9932378006729389
2020-03-28 07:00:00,3,0.989131379492319
2020-03-28 08:00:00,4,0.9906232115743474
2020-03-28 09:00:00,4,0.9855212031208543
2020-03-28 10:00:00,4,0.6611490091681297
2020-03-28 11:00:00,4,0.8243764931956826
2020-03-28 12:00:00,4,0.9884605181202277
2020-03-28 13:00:00,4,0.9960214430646408
2020-03-28 14:00:00,4,0.993621651246608
2020-03-28 15:00:00,4,0.9883367374537183
2020-03-28 16:00:00,4,0.9800808394554985
2020-03-28 17:00:00,4,0.9838624805339642
2020-03-28 18:00:00,4,0.999953924657308
2020-03-28 19:00:00,4,0.9881295152865557
2020-03-29 07:00:00,3,0.993640677977579
2020-03-29 08:00:00,4,0.9911679157139412
2020-03-29 09:00:00,4,0.9993007156389497
2020-03-29 10:00:00,4,0.9998731867328695
2020-03-29 11:00:00,4,0.9569249853953947
2020-03-29 12:00:00,4,0.9984783707414998
2020-03-29 13:00:00,4,0.14172111895806858
2020-03-29 14:00:00,4,0.998999183455871
2020-03-29 15:00:00,4,0.9752433891599768
2020-03-29 16:00:00,4,0.9958995760478696
2020-03-29 17:00:00,4,0.9999805482090465
2020-03-29 18:00:00,4,0.9998679792452487
2020-03-29 19:00:00,4,0.99319034939006
2020-03-30 07:00:00,4,0.9966093857596607
2020-03-30 08:00:00,4,0.9881037922052377
2020-03-30 09:00:00,4,0.9999188634446848
2020-03-30 10:00:00,4,0.9999014821479947
2020-03-30 11:00:00,4,0.9998332330557881
2020-03-30 12:00:00,4,0.997849308292494
2020-03-30 13:00:00,4,0.9793603182260943
2020-03-30 14:00:00,4,0.9371150014678509
2020-03-30 15:00:00,4,0.9971013294284417
2020-03-30 16:00:00,4,0.9993927394848324
2020-03-30 17:00:00,4,0.9998869428676328
2020-03-30 18:00:00,4,0.9997322135103889
2020-03-30 19:00:00,4,0.984959725574294
2020-03-31 07:00:00,3,0.9976147429807991
2020-03-31 08:00:00,4,0.9963653639460672
2020-03-31 09:00:00,4,0.997894120930768
2020-03-31 10:00:00,4,0.9997458058446826
2020-03-31 11:00:00,4,0.9996785630864758
2020-03-31 12:00:00,4,0.9977234054048116
2020-03-31 13:00:00,4,0.555508576458874
2020-03-31 14:00:00,4,0.9723038093851867
2020-03-31 15:00:00,4,0.9931574055790133
2020-03-31 16:00:00,4,0.9994205009295062
2020-03-31 17:00:00,4,0.999937805732457
2020-03-31 18:00:00,4,0.9996248974118774
2020-03-31 19:00:00,4,0.9920607125273222
2020-04-01 07:00:00,3,0.9997213966146506
2020-04-01 08:00:00,4,0.9988163931734589
2020-04-01 09:00:00,4,0.9962808354946079
2020-04-01 10:00:00,4,0.9998180558448168
2020-04-01 11:00:00,4,0.9958772962070594
2020-04-01 12:00:00,4,0.9882060070990544
2020-04-01 13:00:00,4,0.992939759709483
2020-04-01 14:00:00,4,0.9980141492729497
2020-04-01 15:00:00,4,0.9895426261545456
2020-04-01 16:00:00,4,0.9907401688934613
2020-04-01 17:00:00,4,0.9889646079513881
2020-04-01 18:00:00,4,0.9954681980673301
2020-04-01 19:00:00,4,0.9963586535094443
2020-04-02 07:00:00,4,0.9961517759847418
2020-04-02 08:00:00,4,0.9975030247019178
2020-04-02 09:00:00,4,0.999395240901192
2020-04-02 10:00:00,4,0.999879661982707
2020-04-02 11:00:00,4,0.9999678624015587
2020-04-02 12:00:00,4,0.8571660932608607
2020-04-02 13:00:00,4,0.9864677799000148
2020-04-02 14:00:00,4,0.9995659468168787
2020-04-02 15:00:00,4,0.9789845927915883
2020-04-02 16:00:00,4,0.9897608323251733
2020-04-02 17:00:00,4,0.9967896772008576
2020-04-02 18:00:00,4,0.9973601010687583
2020-04-02 19:00:00,4,0.9944493001849707
2020-04-03 07:00:00,4,0.9947183958963965
2020-04-03 08:00:00,4,0.9984003868052775
2020-04-03 09:00:00,4,0.9975295207579168
2020-04-03 10:00:00,4,0.9635710329595701
2020-04-03 11:00:00,4,0.9998054244802075
2020-04-03 12:00:00,4,0.8008879122873084
2020-04-03 13:00:00,4,0.9656622657418987
2020-04-03 14:00:00,4,0.9971885136884352
2020-04-03 15:00:00,4,0.9939319387600073
2020-04-03 16:00:00,4,0.9903660093235732
2020-04-03 17:00:00,4,0.9992186150902133
2020-04-03 18:00:00,4,0.9563013763509903
2020-04-03 19:00:00,4,0.9748332767357462
2020-04-04 07:00:00,4,0.9969230557343487
2020-04-04 08:00:00,4,0.9992266973021027
2020-04-04 09:00:00,4,0.9975061010115674
2020-04-04 10:00:00,4,0.9997124063271337
2020-04-04 11:00:00,4,0.9988962014850913
2020-04-04 12:00:00,4,0.9544371295168802
2020-04-04 13:00:00,4,0.9895158630414759
2020-04-04 14:00:00,4,0.989703171918583
2020-04-04 15:00:00,4,0.9995238953657279
2020-04-04 16:00:00,4,0.9897098546053628
2020-04-04 17:00:00,4,0.9934109039021547
2020-04-04 18:00:00,4,0.9796946734012433
2020-04-04 19:00:00,4,0.988589588856418
2020-04-05 07:00:00,4,0.9900744171033575
2020-04-05 08:00:00,4,0.9854457795449253
2020-04-05 09:00:00,4,0.9997999133343168
2020-04-05 10:00:00,4,0.9991438810093731
2020-04-05 11:00:00,4,0.9994313982571199
2020-04-05 12:00:00,4,0.9961807262378427
2020-04-05 13:00:00,4,0.988622528651894
2020-04-05 14:00:00,4,0.9793267562601716
2020-04-05 15:00:00,4,0.9946446407824712
2020-04-05 16:00:00,4,0.9446152444749439
2020-04-05 17:00:00,4,0.9875166535684643
2020-04-05 18:00:00,4,0.9994499479208563
2020-04-05 19:00:00,4,0.9879133396935315
2020-04-06 07:00:00,4,0.9897156140558447
2020-04-06 08:00:00,4,0.9983231553403675
2020-04-06 09:00:00,4,0.9833955841143827
2020-04-06 10:00:00,4,0.9999883969124967
2020-04-06 11:00:00,4,0.9986490002798444
2020-04-06 12:00:00,4,0.9995281066315835
2020-04-06 13:00:00,4,0.999697759341189
2020-04-06 14:00:00,4,0.9922743458104559
2020-04-06 15:00:00,4,0.9983388693205516
2020-04-06 16:00:00,4,0.947983657783534
2020-04-06 17:00:00,4,0.9644838441886089
2020-04-06 18:00:00,4,0.9954776058803197
2020-04-06 19:00:00,4,0.996305421788792
2020-04-07 07:00:00,4,0.9924784237578582
2020-04-07 08:00:00,4,0.998051063060363
2020-04-07 09:00:00,4,0.9924219448332076
2020-04-07 10:00:00,4,0.9995040025985925
2020-04-07 11:00:00,4,0.9999642681579685
2020-04-07 12:00:00,4,0.9838932853385806
2020-04-07 13:00:00,4,0.9786572030552473
2020-04-07 14:00:00,4,0.9856560049223467
2020-04-07 15:00:00,4,0.9978198969384575
2020-04-07 16:00:00,4,0.9934313022336035
2020-04-07 17:00:00,4,0.9807956341986394
2020-04-07 18:00:00,4,0.9999429860174771
2020-04-07 19:00:00,4,0.9378915256102244
2020-04-08 07:00:00,4,0.9830151137167683
2020-04-08 08:00:00,4,0.997018648006858
2020-04-08 09:00:00,4,0.9902105779305597
2020-04-08 10:00:00,4,0.9991684889964338
2020-04-08 11:00:00,4,0.9479560960970216
2020-04-08 12:00:00,4,0.8522180773016893
2020-04-08 13:00:00,4,0.8797839876617037
2020-04-08 14:00:00,4,0.9450723430690416
2020-04-08 15:00:00,4,0.9263784306269238
2020-04-08 16:00:00,4,0.9996903799365402
2020-04-08 17:00:00,4,0.994538065405008
2020-04-08 18:00:00,4,0.9975095149428197
2020-04-08 19:00:00,4,0.9658574034577218
2020-04-09 07:00:00,4,0.9929336772753583
2020-04-09 08:00:00,4,0.9990955141491682
2020-04-09 09:00:00,4,0.9917452401453511
2020-04-09 10:00:00,4,0.9998579919327077
2020-04-09 11:00:00,4,0.9997662712135307
2020-04-09 12:00:00,4,0.9901396202156935
2020-04-09 13:00:00,4,0.9969808342859292
2020-04-09 14:00:00,4,0.9934075967116018
2020-04-09 15:00:00,4,0.9596918273697846
2020-04-09 16:00:00,4,0.9985823126472134
2020-04-09 17:00:00,4,0.9959084172259461
2020-04-09 18:00:00,4,0.9881533657743241
2020-04-09 19:00:00,4,0.9696095787245758
2020-04-10 07:00:00,4,0.9879088669704177
2020-04-10 08:00:00,4,0.9980361575945146
2020-04-10 09:00:00,4,0.9924899498531382
2020-04-10 10:00:00,4,0.99986582063727
2020-04-10 11:00:00,4,0.9983675855567989
2020-04-10 12:00:00,4,0.997310241460974
2020-04-10 13:00:00,4,0.9899282841738598
2020-04-10 14:00:00,4,0.9977918514317177
2020-04-10 15:00:00,4,0.9958822935861164
2020-04-10 16:00:00,4,0.954701851333825
2020-04-10 17:00:00,4,0.9987249802058306
2020-04-10 18:00:00,4,0.9998720818067915
2020-04-10 19:00:00,4,0.9987633474620919
2020-04-11 07:00:00,4,0.9962894591953642
2020-04-11 08:00:00,4,0.9983606968397424
2020-04-11 09:00:00,4,0.987023921545368
2020-04-11 10:00:00,4,0.9996757790633396
2020-04-11 11:00:00,4,0.9948624634679398
2020-04-11 12:00:00,4,0.9996339642979758
2020-04-11 13:00:00,4,0.8757325416821946
2020-04-11 14:00:00,4,0.9529628905935263
2020-04-11 15:00:00,4,0.9992623444302141
2020-04-11 16:00:00,4,0.9641510302131787
2020-04-11 17:00:00,4,0.9942049205789958
2020-04-11 18:00:00,4,0.9989648819894766
2020-04-11 19:00:00,4,0.9977455797157909
2020-04-12 07:00:00,4,0.9930727071593608
2020-04-12 08:00:00,4,0.9984020175254217
2020-04-12 09:00:00,4,0.9885074452546024
2020-04-12 10:00:00,4,0.997963373989843
2020-04-12 11:00:00,4,0.9945306276377804
2020-04-12 12:00:00,4,0.568145397628655
2020-04-12 13:00:00,4,0.9980443298137884
2020-04-12 14:00:00,4,0.997286506420006
2020-04-12 15:00:00,4,0.9976726537000549
2020-04-12 16:00:00,4,0.8767251752582346
2020-04-12 17:00:00,4,0.9982263206456419
2020-04-12 18:00:00,4,0.9308102207970166
2020-04-12 19:00:00,4,0.9919492296404967
2020-04-13 07:00:00,4,0.9921423700129451
2020-04-13 08:00:00,4,0.9986159246226114
2020-04-13 09:00:00,4,0.994720539001577
2020-04-13 10:00:00,4,0.9966201836309173
2020-04-13 11:00:00,4,0.9711662474272504
2020-04-13 12:00:00,4,0.9895832995114329
2020-04-13 13:00:00,4,0.9971526518380022
2020-04-13 14:00:00,4,0.9937475734071196
2020-04-13 15:00:00,4,0.979047891398482
2020-04-13 16:00:00,4,0.9983450023853353
2020-04-13 17:00:00,4,
2020-04-13 18:00:00,4,
2020-04-13 19:00:00,4,
2020-04-14 07:00:00,4,0.9903275987062493
2020-04-14 08:00:00,4,0.9997445392829669
2020-04-14 09:00:00,4,0.9543070169096658
2020-04-14 10:00:00,4,0.9832614590544925
2020-04-14 11:00:00,4,0.9739279576207454
2020-04-14 12:00:00,4,0.9964824927654752
2020-04-14 13:00:00,4,0.8389652000409171
2020-04-14 14:00:00,4,0.998853106195065
2020-04-14 15:00:00,4,0.9996668517057982
2020-04-14 16:00:00,4,0.9966595981724735
2020-04-14 17:00:00,4,0.999796664722326
2020-04-14 18:00:00,4,0.998286714909469
2020-04-14 19:00:00,4,0.9447478043731173
2020-04-15 07:00:00,4,0.9957979292559531
2020-04-15 08:00:00,4,0.9983096599369491
2020-04-15 09:00:00,4,0.9951277770271462
2020-04-15 10:00:00,4,0.9999459598823449
2020-04-15 11:00:00,4,0.9998221394549297
2020-04-15 12:00:00,4,0.995660070706558
2020-04-15 13:00:00,4,0.20048870244239902
2020-04-15 14:00:00,4,0.9977728435708704
2020-04-15 15:00:00,4,0.9962081717127673
2020-04-15 16:00:00,4,0.9997781279687286
2020-04-15 17:00:00,4,0.9997807797073544
2020-04-15 18:00:00,4,0.9996805856576356
2020-04-15 19:00:00,4,0.8754416012259999
2020-04-16 07:00:00,4,0.9975716851612936
2020-04-16 08:00:00,4,0.9993087512879535
2020-04-16 09:00:00,4,0.9999480888872041
2020-04-16 10:00:00,4,0.9999038066158084
2020-04-16 11:00:00,4,0.9993645603966933
2020-04-16 12:00:00,4,0.9502314401539621
2020-04-16 13:00:00,4,0.9967947424841022
2020-04-16 14:00:00,4,0.9976009832703105
2020-04-16 15:00:00,4,0.9977471804525324
2020-04-16 16:00:00,4,0.9801959965833631
2020-04-16 17:00:00,4,0.9922504468306259
2020-04-16 18:00:00,4,0.982078561857866
2020-04-16 19:00:00,4,0.9972204394418844
2020-04-17 07:00:00,4,0.9987300818426278
2020-04-17 08:00:00,4,0.9727233744842159
2020-04-17 09:00:00,4,0.9960713065370889
2020-04-17 10:00:00,4,0.9773320807739491
2020-04-17 11:00:00,4,0.9947214108331326
2020-04-17 12:00:00,4,0.9978268431064437
2020-04-17 13:00:00,4,0.9982705058293861
2020-04-17 14:00:00,4,0.9954485799004645
2020-04-17 15:00:00,4,0.9415772262474204
2020-04-17 16:00:00,4,0.9999817835332258
2020-04-17 17:00:00,4,0.9999057461420118
2020-04-17 18:00:00,4,0.9976853362298849
2020-04-17 19:00:00,4,0.9980460546149046
2020-04-18 07:00:00,4,0.9992125798668465
2020-04-18 08:00:00,4,0.9985040734326788
2020-04-18 09:00:00,4,0.9798172460494969
2020-04-18 10:00:00,4,0.9576131472143241
2020-04-18 11:00:00,4,0.9964953620162116
2020-04-18 12:00:00,4,0.699997883961799
2020-04-18 13:00:00,4,0.9152161060356043
2020-04-18 14:00:00,4,0.999766128139839
2020-04-18 15:00:00,4,0.9880674071624541
2020-04-18 16:00:00,4,0.9972538606215463
2020-04-18 17:00:00,4,0.9479992744348514
2020-04-18 18:00:00,4,0.9841652809373512
2020-04-18 19:00:00,4,0.9912315505183154
2020-04-19 07:00:00,4,0.9981716684756513
2020-04-19 08:00:00,4,0.9971346000578488
2020-04-19 09:00:00,4,0.9998991045252247
2020-04-19 10:00:00,4,0.9999920102779978
2020-04-19 11:00:00,4,0.9995698314347966
2020-04-19 12:00:00,4,0.9941928772760003
2020-04-19 13:00:00,4,0.985263335423064
2020-04-19 14:00:00,4,0.9820356748061659
2020-04-19 15:00:00,4,0.9925591839006682
2020-04-19 16:00:00,4,0.9970506126302339
2020-04-19 17:00:00,4,0.9882850433161285
2020-04-19 18:00:00,4,0.9973071906114459
2020-04-19 19:00:00,4,0.987882245501971
2020-04-20 07:00:00,4,0.999867174179383
2020-04-20 08:00:00,4,0.9983672484011867
2020-04-20 09:00:00,4,0.9996103023976884
2020-04-20 10:00:00,4,0.9998923984935285
2020-04-20 11:00:00,4,0.9967506466027003
2020-04-20 12:00:00,4,0.6004854254646023
2020-04-20 13:00:00,4,0.6008737144093621
2020-04-20 14:00:00,4,0.9695389744069343
2020-04-20 15:00:00,4,0.8980806710695559
2020-04-20 16:00:00,4,0.990830461593482
2020-04-20 17:00:00,4,0.9971130503221846
2020-04-20 18:00:00,4,0.8599557768561253
2020-04-20 19:00:00,4,0.9962152810734465
2020-04-21 07:00:00,4,0.9978982257641593
2020-04-21 08:00:00,4,0.998528590476038
2020-04-21 09:00:00,4,0.9998990199961438
2020-04-21 10:00:00,4,0.9979916678610379
2020-04-21 11:00:00,4,0.9180151296187483
2020-04-21 12:00:00,4,0.9997811164346792
2020-04-21 13:00:00,4,0.9992015987266348
2020-04-21 14:00:00,4,0.9969246949590185
2020-04-21 15:00:00,4,0.994055579487107
2020-04-21 16:00:00,4,0.9935380923409477
2020-04-21 17:00:00,4,0.989588662761054
2020-04-21 18:00:00,4,0.8984045245525206
2020-04-21 19:00:00,4,0.9955852976199553
2020-04-22 07:00:00,4,0.9935341131403082
2020-04-22 08:00:00,4,0.9992226342225362
2020-04-22 09:00:00,4,0.9980144421424354
2020-04-22 10:00:00,4,0.9815070541653217
2020-04-22 11:00:00,4,0.9748595982864736
2020-04-22 12:00:00,4,0.9633110565768723
2020-04-22 13:00:00,4,0.9919942259420599
2020-04-22 14:00:00,4,0.983407979825628
2020-04-22 15:00:00,4,0.9976988219131799
2020-04-22 16:00:00,4,0.9996403363438106
2020-04-22 17:00:00,4,0.9998619650184095
2020-04-22 18:00:00,4,0.9947894484033474
2020-04-22 19:00:00,4,0.9288761373723522
2020-04-22 20:00:00,4,
2020-04-22 21:00:00,4,
2020-04-22 22:00:00,4,
2020-04-22 23:00:00,4,
2020-04-23 00:00:00,4,
2020-04-23 01:00:00,4,
2020-04-23 02:00:00,4,
2020-04-23 03:00:00,4,
2020-04-23 04:00:00,4,
2020-04-23 05:00:00,4,
2020-04-23 06:00:00,4,
2020-04-23 07:00:00,4,0.9865272440334117
2020-04-23 08:00:00,4,0.9987229596347569
2020-04-23 09:00:00,4,0.9985619482811706
2020-04-23 10:00:00,4,0.9436177330964104
2020-04-23 11:00:00,4,0.9833666779253812
2020-04-23 12:00:00,4,0.9719300090472685
2020-04-23 13:00:00,4,0.9941856822803363
2020-04-23 14:00:00,4,0.9809368840227544
2020-04-23 15:00:00,4,0.9980798285046758
2020-04-23 16:00:00,4,0.999703492243866
2020-04-23 17:00:00,4,0.9686732490349402
2020-04-23 18:00:00,4,0.9896489911178529
2020-04-23 19:00:00,4,0.8755186783918479
2020-04-23 20:00:00,4,
2020-04-23 21:00:00,4,
2020-04-23 22:00:00,4,
2020-04-23 23:00:00,4,
2020-04-24 00:00:00,4,
2020-04-24 01:00:00,4,
2020-04-24 02:00:00,4,
2020-04-24 03:00:00,4,
2020-04-24 04:00:00,4,
2020-04-24 05:00:00,4,
2020-04-24 06:00:00,4,
2020-04-24 07:00:00,4,0.9913781347960823
2020-04-24 08:00:00,4,0.9997065346389105
2020-04-24 09:00:00,4,0.9976995265011864
2020-04-24 10:00:00,4,0.9908556924669731
2020-04-24 11:00:00,4,
2020-04-24 12:00:00,4,
2020-04-24 13:00:00,4,-0.8621380217287467
2020-04-24 14:00:00,4,0.9914366129345438
2020-04-24 15:00:00,4,0.9744594574522518
2020-04-24 16:00:00,4,0.9999634322104903
2020-04-24 17:00:00,4,0.9936927578519543
2020-04-24 18:00:00,4,0.9858782725417865
2020-04-24 19:00:00,3,
2020-04-25 07:00:00,4,0.8860826930672754
2020-04-25 08:00:00,4,0.9997403781778219
2020-04-25 09:00:00,4,0.9925428329042905
2020-04-25 10:00:00,4,0.964647218923156
2020-04-25 11:00:00,4,0.9673753567798719
2020-04-25 12:00:00,4,0.9980166159284368
2020-04-25 13:00:00,4,0.9887170562528353
2020-04-25 14:00:00,4,0.957043421036152
2020-04-25 15:00:00,4,0.9987488332577856
2020-04-25 16:00:00,4,0.9987148289129711
2020-04-25 17:00:00,4,0.9916689696168058
2020-04-25 18:00:00,4,0.9978220454232246
2020-04-25 19:00:00,4,0.9516413072524949
2020-04-26 07:00:00,4,0.9748447218355524
2020-04-26 08:00:00,4,0.9995132385336084
2020-04-26 09:00:00,4,0.9968609440860591
2020-04-26 10:00:00,4,0.9967142534327801
2020-04-26 11:00:00,4,0.997344957663102
2020-04-26 12:00:00,4,0.9345495389234094
2020-04-26 13:00:00,4,0.9977954762588743
2020-04-26 14:00:00,4,0.9824902520075677
2020-04-26 15:00:00,4,0.998839007077679
2020-04-26 16:00:00,4,0.9948921298017909
2020-04-26 17:00:00,4,0.9900937770813676
2020-04-26 18:00:00,4,0.9990351294674584
2020-04-26 19:00:00,4,0.9312278411504039
2020-04-26 20:00:00,4,
2020-04-26 21:00:00,4,
2020-04-26 22:00:00,4,
2020-04-26 23:00:00,4,
2020-04-27 00:00:00,4,
2020-04-27 01:00:00,4,
2020-04-27 02:00:00,4,
2020-04-27 03:00:00,4,
2020-04-27 04:00:00,4,
2020-04-27 05:00:00,4,
2020-04-27 06:00:00,4,
2020-04-27 07:00:00,4,0.9997602660920788
2020-04-27 08:00:00,4,0.9711936986833153
2020-04-27 09:00:00,4,0.8834154142849154
2020-04-27 10:00:00,4,0.998206937525494
2020-04-27 11:00:00,4,0.9949833493296677
2020-04-27 12:00:00,4,0.9999482011346648
2020-04-27 13:00:00,4,0.9997815949225164
2020-04-27 14:00:00,4,0.9834751757959042
2020-04-27 15:00:00,4,0.9969543163222746
2020-04-27 16:00:00,4,0.9999715070198677
2020-04-27 17:00:00,4,0.99572647274739
2020-04-27 18:00:00,4,0.9974292066286023
2020-04-27 19:00:00,4,0.9898778538170049
2020-04-28 07:00:00,4,0.9977423231906017
2020-04-28 08:00:00,4,0.9982500971203456
2020-04-28 09:00:00,4,0.9961367587075858
2020-04-28 10:00:00,4,0.9996498634068768
2020-04-28 11:00:00,4,0.9897273715773333
2020-04-28 12:00:00,4,0.9853074495420203
2020-04-28 13:00:00,4,0.22224046612354148
2020-04-28 14:00:00,4,0.960211894922333
2020-04-28 15:00:00,4,0.5031806359653672
2020-04-28 16:00:00,4,0.9717429890318696
2020-04-28 17:00:00,4,0.9446793462985286
2020-04-28 18:00:00,4,0.9990971766290401
2020-04-28 19:00:00,4,0.9999637387243596
2020-04-29 07:00:00,4,0.9997182304749157
2020-04-29 08:00:00,4,0.9934183096237649
2020-04-29 09:00:00,4,0.9991812728078654
2020-04-29 10:00:00,4,0.9986177810013432
2020-04-29 11:00:00,4,0.994152740355946
2020-04-29 12:00:00,4,0.9889920430911348
2020-04-29 13:00:00,4,0.9899647608466425
2020-04-29 14:00:00,4,0.9990128206459467
2020-04-29 15:00:00,4,0.997239222095956
2020-04-29 16:00:00,4,0.9920765423877986
2020-04-29 17:00:00,4,0.9954428471770954
2020-04-29 18:00:00,4,0.9998224747611147
2020-04-29 19:00:00,4,0.9548259967811843
2020-04-30 07:00:00,4,0.9911962802515751
2020-04-30 08:00:00,4,0.9946185472060306
2020-04-30 09:00:00,4,0.924303603236021
2020-04-30 10:00:00,4,0.9816657437074681
2020-04-30 11:00:00,4,0.9793782390945995
2020-04-30 12:00:00,4,0.9949891828446016
2020-04-30 13:00:00,4,0.90927953883767
2020-04-30 14:00:00,4,0.9899251285311965
2020-04-30 15:00:00,4,0.9985596887429666
2020-04-30 16:00:00,4,0.9730657940001873
2020-04-30 17:00:00,4,0.9977626202489681
2020-04-30 18:00:00,4,0.9941883130946595
2020-04-30 19:00:00,4,0.9897592917547439
2020-04-30 20:00:00,4,
2020-04-30 21:00:00,4,
2020-04-30 22:00:00,4,
2020-04-30 23:00:00,4,
2020-05-01 00:00:00,4,
2020-05-01 01:00:00,4,
2020-05-01 02:00:00,4,
2020-05-01 03:00:00,4,
2020-05-01 04:00:00,4,
2020-05-01 05:00:00,4,
2020-05-01 06:00:00,4,
2020-05-01 07:00:00,4,0.9866471518417308
2020-05-01 08:00:00,4,0.9842742750958098
2020-05-01 09:00:00,4,0.9970340365667537
2020-05-01 10:00:00,4,0.9971212212752975
2020-05-01 11:00:00,4,0.9939391831157945
2020-05-01 12:00:00,4,0.9186388666767756
2020-05-01 13:00:00,4,0.8736981594219216
2020-05-01 14:00:00,4,0.9830398892648324
2020-05-01 15:00:00,4,0.9888823125476486
2020-05-01 16:00:00,4,0.9984361929104375
2020-05-01 17:00:00,4,0.8556647999776795
2020-05-01 18:00:00,4,0.9990399506521365
2020-05-01 19:00:00,4,0.555599036764597
2020-05-02 07:00:00,4,0.9990162425784056
2020-05-02 08:00:00,4,0.9986431666400395
2020-05-02 09:00:00,4,0.9690884064558144
2020-05-02 10:00:00,4,0.5319462310437388
2020-05-02 11:00:00,4,0.847987471575611
2020-05-02 12:00:00,4,0.945822028461279
2020-05-02 13:00:00,4,0.9999787802044673
2020-05-02 14:00:00,4,0.9929550283003493
2020-05-02 15:00:00,4,0.990768112193275
2020-05-02 16:00:00,4,0.9893016755234934
2020-05-02 17:00:00,4,0.998492600327659
2020-05-02 18:00:00,4,0.9839367180342667
2020-05-02 19:00:00,4,0.9572561636809881
2020-05-02 20:00:00,4,
2020-05-02 21:00:00,4,
2020-05-02 22:00:00,4,
2020-05-02 23:00:00,4,
2020-05-03 00:00:00,4,
2020-05-03 01:00:00,4,
2020-05-03 02:00:00,4,
2020-05-03 03:00:00,4,
2020-05-03 04:00:00,4,
2020-05-03 05:00:00,4,
2020-05-03 06:00:00,4,
2020-05-03 07:00:00,4,0.9717868726504293
2020-05-03 08:00:00,4,0.9927046400574531
2020-05-03 09:00:00,4,0.998233502351116
2020-05-03 10:00:00,4,0.9998861427233409
2020-05-03 11:00:00,4,0.9869439431375353
2020-05-03 12:00:00,4,0.9922851171263785
2020-05-03 13:00:00,4,0.9861807547877741
2020-05-03 14:00:00,4,0.9978181178340823
2020-05-03 15:00:00,4,0.9974403928464718
2020-05-03 16:00:00,4,0.9945961150486631
2020-05-03 17:00:00,4,0.9991540946432035
2020-05-03 18:00:00,4,0.9423217767686906
2020-05-03 19:00:00,4,0.9967227738686626
2020-05-03 20:00:00,4,
2020-05-03 21:00:00,4,
2020-05-03 22:00:00,4,
2020-05-03 23:00:00,4,
2020-05-04 00:00:00,4,
2020-05-04 01:00:00,4,
2020-05-04 02:00:00,4,
2020-05-04 03:00:00,4,
2020-05-04 04:00:00,4,
2020-05-04 05:00:00,4,
2020-05-04 06:00:00,4,
2020-05-04 07:00:00,4,0.9580685875121909
2020-05-04 08:00:00,4,0.997125057231236
2020-05-04 09:00:00,4,0.9997422667805397
2020-05-04 10:00:00,4,0.9997705107340925
2020-05-04 11:00:00,4,0.8929605673288555
2020-05-04 12:00:00,4,0.9802553699959671
2020-05-04 13:00:00,4,0.7926660178251093
2020-05-04 14:00:00,4,0.9985398433598126
2020-05-04 15:00:00,4,0.9966370113433352
2020-05-04 16:00:00,4,0.9819696899957258
2020-05-04 17:00:00,4,0.9384159268388363
2020-05-04 18:00:00,4,0.9810512974907226
2020-05-04 19:00:00,4,0.998466518122742
2020-05-05 07:00:00,4,0.984766507816398
2020-05-05 08:00:00,4,0.9988092951499645
2020-05-05 09:00:00,4,0.9712485063207855
2020-05-05 10:00:00,4,0.9999505751742894
2020-05-05 11:00:00,4,0.9930025403098888
2020-05-05 12:00:00,4,0.9992201935958784
2020-05-05 13:00:00,4,0.9832788932992343
2020-05-05 14:00:00,4,0.9906776335907368
2020-05-05 15:00:00,4,0.9894147305672455
2020-05-05 16:00:00,4,0.9986429007411846
2020-05-05 17:00:00,4,0.9980555850601748
2020-05-05 18:00:00,4,0.8882373067269989
2020-05-05 19:00:00,4,0.9978268601982231
2020-05-05 20:00:00,4,
2020-05-05 21:00:00,4,
2020-05-05 22:00:00,4,
2020-05-05 23:00:00,4,
2020-05-06 00:00:00,4,
2020-05-06 01:00:00,4,
2020-05-06 02:00:00,4,
2020-05-06 03:00:00,4,
2020-05-06 04:00:00,4,
2020-05-06 05:00:00,4,
2020-05-06 06:00:00,4,
2020-05-06 07:00:00,4,0.9820161981842775
2020-05-06 08:00:00,4,0.998795870561411
2020-05-06 09:00:00,4,0.9995930954825342
2020-05-06 10:00:00,4,0.999327748304177
2020-05-06 11:00:00,4,0.9986958631228919
2020-05-06 12:00:00,4,0.9187318840201701
2020-05-06 13:00:00,4,0.9946715649383997
2020-05-06 14:00:00,4,0.9930886226686949
2020-05-06 15:00:00,4,0.9136472199335911
2020-05-06 16:00:00,4,0.9660782853399842
2020-05-06 17:00:00,4,0.9962240830915289
2020-05-06 18:00:00,4,0.9805751175412633
2020-05-06 19:00:00,4,0.990703050342272
2020-05-06 20:00:00,4,
2020-05-06 21:00:00,4,
2020-05-06 22:00:00,4,
2020-05-06 23:00:00,4,
2020-05-07 00:00:00,4,
2020-05-07 01:00:00,4,
2020-05-07 02:00:00,4,
2020-05-07 03:00:00,4,
2020-05-07 04:00:00,4,
2020-05-07 05:00:00,4,
2020-05-07 06:00:00,4,
2020-05-07 07:00:00,4,0.9876922745786252
2020-05-07 08:00:00,4,0.9987121046774456
2020-05-07 09:00:00,4,0.8279257922982849
2020-05-07 10:00:00,4,0.9992564550759997
2020-05-07 11:00:00,4,0.9994373394806519
2020-05-07 12:00:00,4,0.9997578815138902
2020-05-07 13:00:00,4,0.8077662752787979
2020-05-07 14:00:00,4,0.9978086214949797
2020-05-07 15:00:00,4,0.9999686509577088
2020-05-07 16:00:00,4,0.9998107072469916
2020-05-07 17:00:00,4,0.9998600829112122
2020-05-07 18:00:00,4,0.9985324839787402
2020-05-07 19:00:00,4,0.9980392510236216
2020-05-08 07:00:00,4,0.9823756572330197
2020-05-08 08:00:00,4,0.9992340194121999
2020-05-08 09:00:00,4,0.9998466767205951
2020-05-08 10:00:00,4,0.9999354587485408
2020-05-08 11:00:00,4,0.9994460372012732
2020-05-08 12:00:00,4,0.7425551441622541
2020-05-08 13:00:00,4,0.3467367301201619
2020-05-08 14:00:00,4,0.9705483950082285
2020-05-08 15:00:00,4,-0.7703929959738173
2020-05-08 16:00:00,4,0.9959697973004578
2020-05-08 17:00:00,4,0.9362901811850389
2020-05-08 18:00:00,4,0.5448357006003306
2020-05-08 19:00:00,4,0.8201079204406689
2020-05-09 07:00:00,4,0.9835109258468262
2020-05-09 08:00:00,4,0.9990657333428241
2020-05-09 09:00:00,4,0.9998118627850362
2020-05-09 10:00:00,4,0.9991924578519269
2020-05-09 11:00:00,4,0.5944064428389643
2020-05-09 12:00:00,4,0.9942290055216229
2020-05-09 13:00:00,4,0.9761771223766298
2020-05-09 14:00:00,4,0.9898013733217985
2020-05-09 15:00:00,4,0.9311860616581432
2020-05-09 16:00:00,4,0.9938688895816307
2020-05-09 17:00:00,4,0.9997874400243502
2020-05-09 18:00:00,4,0.9451925580990873
2020-05-09 19:00:00,4,0.9990744815146175
2020-05-10 07:00:00,4,0.9853837787544303
2020-05-10 08:00:00,4,0.9990044501013315
2020-05-10 09:00:00,4,0.9998530778515897
2020-05-10 10:00:00,4,0.999939406440448
2020-05-10 11:00:00,4,0.9996148007205796
2020-05-10 12:00:00,4,0.9758594544999812
2020-05-10 13:00:00,4,0.9878198918755579
2020-05-10 14:00:00,4,0.9995438910128829
2020-05-10 15:00:00,4,0.9982794624654409
2020-05-10 16:00:00,4,0.9384603057539992
2020-05-10 17:00:00,4,0.9909732549081393
2020-05-10 18:00:00,4,0.9979923070305607
2020-05-10 19:00:00,4,0.9990295321466093
2020-05-11 07:00:00,4,0.9902311804455911
2020-05-11 08:00:00,4,0.991225350213159
2020-05-11 09:00:00,4,0.9631324422702658
2020-05-11 10:00:00,4,0.9960444676528715
2020-05-11 11:00:00,4,0.9976374118734821
2020-05-11 12:00:00,4,0.9727831472374872
2020-05-11 13:00:00,4,0.8735346651935895
2020-05-11 14:00:00,4,0.9756816252324614
2020-05-11 15:00:00,4,0.9928073824150181
2020-05-11 16:00:00,4,0.9993367972303939
2020-05-11 17:00:00,4,0.993765981982869
2020-05-11 18:00:00,4,0.8316308106740157
2020-05-11 19:00:00,4,0.9987271608192104
2020-05-12 07:00:00,4,0.9995941040647023
2020-05-12 08:00:00,4,0.9972733263039182
2020-05-12 09:00:00,4,0.8755243639663429
2020-05-12 10:00:00,4,0.9147298872861672
2020-05-12 11:00:00,4,0.9858801310154609
2020-05-12 12:00:00,4,0.9701379399092768
2020-05-12 13:00:00,4,0.9993785273292869
2020-05-12 14:00:00,4,0.9930861248771963
2020-05-12 15:00:00,4,0.98088396693139
2020-05-12 16:00:00,4,0.9839092105119891
2020-05-12 17:00:00,4,0.8251681913187994
2020-05-12 18:00:00,4,0.9982219832813415
2020-05-12 19:00:00,4,0.991957798600547
2020-05-13 07:00:00,4,0.9864965583773818
2020-05-13 08:00:00,4,0.9996135928525106
2020-05-13 09:00:00,4,0.99993119597682
2020-05-13 10:00:00,4,0.9986805682798254
2020-05-13 11:00:00,4,0.9897403107767699
2020-05-13 12:00:00,4,0.953970517230941
2020-05-13 13:00:00,4,0.9794551720805069
2020-05-13 14:00:00,4,0.6764250000286045
2020-05-13 15:00:00,4,0.9659756389538228
2020-05-13 16:00:00,4,0.9584379799585977
2020-05-13 17:00:00,4,0.9989223230601022
2020-05-13 18:00:00,4,0.994922938126943
2020-05-13 19:00:00,4,0.9728563821971298
2020-05-14 07:00:00,4,0.9908875664047548
2020-05-14 08:00:00,4,0.9770065653111709
2020-05-14 09:00:00,4,0.999673553147129
2020-05-14 10:00:00,4,0.9945527419781304
2020-05-14 11:00:00,4,0.9524273016585538
2020-05-14 12:00:00,4,0.939273736761881
2020-05-14 13:00:00,4,0.9948296574152301
2020-05-14 14:00:00,4,0.9828151186074423
2020-05-14 15:00:00,4,0.9976612270366007
2020-05-14 16:00:00,4,0.9974087568325947
2020-05-14 17:00:00,4,0.9809307755572911
2020-05-14 18:00:00,4,0.9734980540650775
2020-05-14 19:00:00,4,0.9923146980857821
2020-05-15 04:00:00,3,
2020-05-15 05:00:00,3,
2020-05-15 06:00:00,4,
2020-05-15 07:00:00,4,0.9877627651852604
2020-05-15 08:00:00,4,0.9989431472416731
2020-05-15 09:00:00,4,0.9999351817334023
2020-05-15 10:00:00,4,0.9999569056809975
2020-05-15 11:00:00,4,0.9998332668571027
2020-05-15 12:00:00,4,0.9973431135384945
2020-05-15 13:00:00,4,0.9481670697597514
2020-05-15 14:00:00,4,0.9225127592012091
2020-05-15 15:00:00,4,0.9951670586234408
2020-05-15 16:00:00,4,0.8599845330218079
2020-05-15 17:00:00,4,0.8580445074374812
2020-05-15 18:00:00,4,0.9998387099279882
2020-05-15 19:00:00,4,0.9989084158406305
2020-05-16 07:00:00,4,0.9860097932271362
2020-05-16 08:00:00,4,0.9990097794158165
2020-05-16 09:00:00,4,0.9253099726277877
2020-05-16 10:00:00,4,0.9549711492084244
2020-05-16 11:00:00,4,0.9923385236370859
2020-05-16 12:00:00,4,0.7646482152115566
2020-05-16 13:00:00,4,0.9804123545933292
2020-05-16 14:00:00,4,0.998714631818768
2020-05-16 15:00:00,4,0.9997233543605359
2020-05-16 16:00:00,4,0.9985300198737471
2020-05-16 17:00:00,4,0.9998673140975518
2020-05-16 18:00:00,4,0.923277814353691
2020-05-16 19:00:00,4,
2020-05-17 07:00:00,4,
2020-05-17 08:00:00,4,0.9850815325052726
2020-05-17 09:00:00,4,0.9984252053969286
2020-05-17 10:00:00,4,0.9978813064501045
2020-05-17 11:00:00,4,0.9948445738119952
2020-05-17 12:00:00,4,0.9921481669987081
2020-05-17 13:00:00,4,0.9225046949325002
2020-05-17 14:00:00,4,0.9623129878408399
2020-05-17 15:00:00,4,0.962825527871712
2020-05-17 16:00:00,4,0.9944015653718634
2020-05-17 17:00:00,4,0.996559290209231
2020-05-17 18:00:00,4,0.9939478595949429
2020-05-17 19:00:00,4,
2020-05-18 07:00:00,4,0.9894024490964235
2020-05-18 08:00:00,4,0.9997040870151891
2020-05-18 09:00:00,4,0.9639941276444677
2020-05-18 10:00:00,4,0.9991057409221414
2020-05-18 11:00:00,4,0.993064408542178
2020-05-18 12:00:00,4,0.9834585850686518
2020-05-18 13:00:00,4,0.9886033933085254
2020-05-18 14:00:00,4,0.9931802912534848
2020-05-18 15:00:00,4,0.9957352204060583
2020-05-18 16:00:00,4,0.9934822261259235
2020-05-18 17:00:00,4,0.8835005544987288
2020-05-18 18:00:00,4,0.8033152908342136
2020-05-18 19:00:00,4,0.9984419351686141
2020-05-19 07:00:00,4,0.9838854815450017
2020-05-19 08:00:00,4,0.9864230581597783
2020-05-19 09:00:00,4,0.9900744915581043
2020-05-19 10:00:00,4,0.9994432852295546
2020-05-19 11:00:00,4,0.9805187793847473
2020-05-19 12:00:00,4,0.5642275936811803
2020-05-19 13:00:00,4,0.9895626292938344
2020-05-19 14:00:00,4,0.8001527350612658
2020-05-19 15:00:00,4,0.9733848934028348
2020-05-19 16:00:00,4,0.9951611508185741
2020-05-19 17:00:00,4,0.9620907848923566
2020-05-19 18:00:00,4,0.9968625492299772
2020-05-19 19:00:00,4,0.9907591358041579
2020-05-20 06:00:00,3,
2020-05-20 07:00:00,4,0.984137308328691
2020-05-20 08:00:00,4,0.9997076462961376
2020-05-20 09:00:00,4,0.991398392637082
2020-05-20 10:00:00,4,0.9815560341148047
2020-05-20 11:00:00,4,0.9988977395219185
2020-05-20 12:00:00,4,0.9868644320306308
2020-05-20 13:00:00,4,0.9938489714583243
2020-05-20 14:00:00,4,0.9977583160124502
2020-05-20 15:00:00,4,0.9992133590576924
2020-05-20 16:00:00,4,0.9982747559691842
2020-05-20 17:00:00,4,0.9978464329164608
2020-05-20 18:00:00,4,0.8312940434381892
2020-05-20 19:00:00,4,0.9707540116614441
2020-05-21 07:00:00,4,0.9941622409361058
2020-05-21 08:00:00,4,0.9997713111164661
2020-05-21 09:00:00,4,0.9449380532747733
2020-05-21 10:00:00,4,0.9954976168929354
2020-05-21 11:00:00,4,0.9977794904442976
2020-05-21 12:00:00,4,0.9975856400403196
2020-05-21 13:00:00,4,0.9905701830769573
2020-05-21 14:00:00,4,0.9999530542893975
2020-05-21 15:00:00,4,0.9992519123972023
2020-05-21 16:00:00,4,0.9944323465800451
2020-05-21 17:00:00,4,0.9873314641090635
2020-05-21 18:00:00,4,0.9881595326622347
2020-05-21 19:00:00,4,0.9993759887608566
2020-05-22 06:00:00,3,0.8518081840876907
2020-05-22 07:00:00,4,0.9965327647934833
2020-05-22 08:00:00,4,0.9909396463820043
2020-05-22 09:00:00,4,0.9900606213122579
2020-05-22 10:00:00,4,0.9755370923865251
2020-05-22 11:00:00,4,0.987203043555069
2020-05-22 12:00:00,4,0.9968707414039609
2020-05-22 13:00:00,4,0.9757943780054731
2020-05-22 14:00:00,4,0.9939857006115816
2020-05-22 15:00:00,4,0.9790984662381379
2020-05-22 16:00:00,4,-0.624178531326609
2020-05-22 17:00:00,4,0.9950995707242996
2020-05-22 18:00:00,4,0.9465878070065518
2020-05-22 19:00:00,4,
2020-05-23 07:00:00,4,0.9986541381301499
2020-05-23 08:00:00,4,0.9784764317340496
2020-05-23 09:00:00,4,0.9485235846938074
2020-05-23 10:00:00,4,0.9765059941730159
2020-05-23 11:00:00,4,0.9940967624013574
2020-05-23 12:00:00,4,0.9994920318606714
2020-05-23 13:00:00,4,0.9313888682430581
2020-05-23 14:00:00,4,0.9935464611615845
2020-05-23 15:00:00,4,0.9975482234094106
2020-05-23 16:00:00,4,0.9975934896140746
2020-05-23 17:00:00,4,0.9208951234524086
2020-05-23 18:00:00,4,0.9983566771841551
2020-05-23 19:00:00,4,0.9837883001378139
2020-05-24 07:00:00,4,0.9830358237003839
2020-05-24 08:00:00,4,0.9850790670979531
2020-05-24 09:00:00,4,0.9962637191623337
2020-05-24 10:00:00,4,0.9709051381721979
2020-05-24 11:00:00,4,0.9472381900985793
2020-05-24 12:00:00,4,0.9801986173278296
2020-05-24 13:00:00,4,0.9299680020834392
2020-05-24 14:00:00,4,0.8917922654552313
2020-05-24 15:00:00,4,0.9997387509927483
2020-05-24 16:00:00,4,0.9825328306037615
2020-05-24 17:00:00,4,0.995732344457999
2020-05-24 18:00:00,4,0.885352009848199
2020-05-24 19:00:00,4,0.9786308523636256
2020-05-25 07:00:00,4,0.9338144885838756
2020-05-25 08:00:00,4,0.9895275578164097
2020-05-25 09:00:00,4,0.9865585048896036
2020-05-25 10:00:00,4,0.7075305166367025
2020-05-25 11:00:00,4,0.999668784015436
2020-05-25 12:00:00,4,0.8433636634121573
2020-05-25 13:00:00,4,0.9993208264875134
2020-05-25 14:00:00,4,0.9992953208444422
2020-05-25 15:00:00,4,0.9994984724849956
2020-05-25 16:00:00,4,0.9960178572264695
2020-05-25 17:00:00,4,0.9996062500719568
2020-05-25 18:00:00,4,0.9728358312048078
2020-05-25 19:00:00,4,
2020-05-26 07:00:00,4,0.9406540901268791
2020-05-26 08:00:00,4,0.7640952670707942
2020-05-26 09:00:00,4,0.9995992048646525
2020-05-26 10:00:00,4,0.9790633246119181
2020-05-26 11:00:00,4,0.9955734699066834
2020-05-26 12:00:00,4,0.9492128249360435
2020-05-26 13:00:00,4,0.9789366478684636
2020-05-26 14:00:00,4,0.935583567119964
2020-05-26 15:00:00,4,0.9994508957824692
2020-05-26 16:00:00,4,0.9966974980023507
2020-05-26 17:00:00,4,0.9620611086081112
2020-05-26 18:00:00,4,0.9358757013996526
2020-05-26 19:00:00,4,0.9367271800076398
2020-05-27 07:00:00,4,0.9992826559984394
2020-05-27 08:00:00,4,0.9990121083297034
2020-05-27 09:00:00,4,0.9969283204828753
2020-05-27 10:00:00,4,0.9721580584738303
2020-05-27 11:00:00,4,0.9917360852742237
2020-05-27 12:00:00,4,0.9798026933200489
2020-05-27 13:00:00,4,0.9989441609572683
2020-05-27 14:00:00,4,0.988642777223792
2020-05-27 15:00:00,4,0.9930010916005539
2020-05-27 16:00:00,4,0.980061980043555
2020-05-27 17:00:00,4,0.998919725882113
2020-05-27 18:00:00,4,0.9917263392664247
2020-05-27 19:00:00,4,0.9661981629393712
2020-05-28 07:00:00,4,0.8105130833172004
2020-05-28 08:00:00,4,0.9960854436709384
2020-05-28 09:00:00,4,0.9998068092319726
2020-05-28 10:00:00,4,0.9994044733223865
2020-05-28 11:00:00,4,0.9847455011393073
2020-05-28 12:00:00,4,0.9141358639203356
2020-05-28 13:00:00,4,0.912864852283654
2020-05-28 14:00:00,4,0.9675603205960589
2020-05-28 15:00:00,4,0.9956797146290673
2020-05-28 16:00:00,4,0.9926861323363432
2020-05-28 17:00:00,4,0.998807397466685
2020-05-28 18:00:00,4,0.9976792173010998
2020-05-28 19:00:00,4,0.9927054510906418
2020-05-29 06:00:00,3,
2020-05-29 07:00:00,4,0.9963295729186903
2020-05-29 08:00:00,4,0.9957884134189878
2020-05-29 09:00:00,4,0.8243082867809708
2020-05-29 10:00:00,4,0.8466352028024984
2020-05-29 11:00:00,4,0.9415080760388044
2020-05-29 12:00:00,4,0.9801515933496002
2020-05-29 13:00:00,4,0.9519823288503226
2020-05-29 14:00:00,4,0.9492638263537145
2020-05-29 15:00:00,4,0.9824303878137575
2020-05-29 16:00:00,4,0.9989967628491428
2020-05-29 17:00:00,4,0.9813154262034713
2020-05-29 18:00:00,4,0.9401389695425496
2020-05-29 19:00:00,4,0.9803552180526206
2020-05-30 06:00:00,3,0.9752516915776781
2020-05-30 07:00:00,4,0.9720952060354338
2020-05-30 08:00:00,4,0.9318961451339661
2020-05-30 09:00:00,4,0.9943330916491685
2020-05-30 10:00:00,4,0.9919319055388742
2020-05-30 11:00:00,4,0.9896125171848356
2020-05-30 12:00:00,4,0.9966102197800759
2020-05-30 13:00:00,4,0.745953612839148
2020-05-30 14:00:00,4,0.9631468121902326
2020-05-30 15:00:00,4,0.9910418431772973
2020-05-30 16:00:00,4,0.9607908265528814
2020-05-30 17:00:00,4,0.9869352494552367
2020-05-30 18:00:00,4,0.9721194016949035
2020-05-30 19:00:00,4,
2020-05-31 06:00:00,3,
2020-05-31 07:00:00,4,0.9842621718750297
2020-05-31 08:00:00,4,0.7501539514251768
2020-05-31 09:00:00,4,0.9723695829197833
2020-05-31 10:00:00,4,0.9983662448685483
2020-05-31 11:00:00,4,0.9894542405945393
2020-05-31 12:00:00,4,-0.8173139084040304
2020-05-31 13:00:00,4,-0.8835320628856866
2020-05-31 14:00:00,4,0.8591920448131026
2020-05-31 15:00:00,4,0.9913843840430524
2020-05-31 16:00:00,4,0.9935250741514133
2020-05-31 17:00:00,4,0.9798262470016492
2020-05-31 18:00:00,4,0.99969611728633
2020-05-31 19:00:00,4,
2020-06-01 06:00:00,3,
2020-06-01 07:00:00,4,0.9893546748976708
2020-06-01 08:00:00,4,0.9992592342158381
2020-06-01 09:00:00,4,0.9862013595937963
2020-06-01 10:00:00,4,0.9843385628424594
2020-06-01 11:00:00,4,0.8611183243687299
2020-06-01 12:00:00,4,0.9372086967015915
2020-06-01 13:00:00,4,0.9835502512204543
2020-06-01 14:00:00,4,0.9343567698712514
2020-06-01 15:00:00,4,0.9953674989099548
2020-06-01 16:00:00,4,0.9966808001074816
2020-06-01 17:00:00,4,0.9940854652056348
2020-06-01 18:00:00,4,0.9706528646517046
2020-06-01 19:00:00,4,0.6778633796919223
2020-06-02 06:00:00,3,
2020-06-02 07:00:00,4,
2020-06-02 08:00:00,4,
2020-06-02 09:00:00,4,
2020-06-02 10:00:00,4,
2020-06-02 11:00:00,4,
2020-06-02 12:00:00,4,
2020-06-02 13:00:00,4,
2020-06-02 14:00:00,4,
2020-06-02 15:00:00,4,
2020-06-02 16:00:00,4,
2020-06-02 17:00:00,4,
2020-06-02 18:00:00,4,
2020-06-02 19:00:00,4,
2020-06-03 06:00:00,3,
2020-06-03 07:00:00,4,
2020-06-03 08:00:00,4,
2020-06-03 09:00:00,4,
2020-06-03 10:00:00,4,
2020-06-03 11:00:00,4,
2020-06-03 12:00:00,4,
2020-06-03 13:00:00,4,
2020-06-03 14:00:00,4,
2020-06-03 15:00:00,4,
2020-06-03 16:00:00,4,
2020-06-03 17:00:00,4,
2020-06-03 18:00:00,4,
2020-06-03 19:00:00,4,
2020-06-04 06:00:00,3,
2020-06-04 07:00:00,4,
2020-06-04 08:00:00,4,
2020-06-04 09:00:00,4,
2020-06-04 10:00:00,4,
2020-06-04 11:00:00,4,
2020-06-04 12:00:00,4,
2020-06-04 13:00:00,4,
2020-06-04 14:00:00,4,
2020-06-04 15:00:00,4,
2020-06-04 16:00:00,4,
2020-06-04 17:00:00,4,
2020-06-04 18:00:00,4,
2020-06-04 19:00:00,4,
2020-06-05 07:00:00,4,
2020-06-05 08:00:00,4,
2020-06-05 09:00:00,4,
2020-06-05 10:00:00,4,
2020-06-05 11:00:00,4,
2020-06-05 12:00:00,4,
2020-06-05 13:00:00,4,
2020-06-05 14:00:00,4,
2020-06-05 15:00:00,4,
2020-06-05 19:00:00,4,
2020-06-06 06:00:00,3,
2020-06-06 07:00:00,4,
2020-06-06 08:00:00,4,
2020-06-06 09:00:00,4,
2020-06-06 10:00:00,4,
2020-06-06 11:00:00,4,
2020-06-06 12:00:00,4,
2020-06-06 13:00:00,4,
2020-06-06 14:00:00,4,
2020-06-06 15:00:00,4,
2020-06-06 16:00:00,4,
2020-06-06 17:00:00,4,
2020-06-06 18:00:00,4,
2020-06-06 19:00:00,4,
2020-06-07 06:00:00,3,0.9524916275089409
2020-06-07 07:00:00,4,0.9741970152883987
2020-06-07 08:00:00,4,0.9979239636612031
2020-06-07 09:00:00,4,0.9997986176971849
2020-06-07 10:00:00,4,0.9988180519387942
2020-06-07 11:00:00,4,0.9774911114179153
2020-06-07 12:00:00,4,0.9956486385858063
2020-06-07 13:00:00,4,0.9856227735582509
2020-06-07 14:00:00,4,0.9868859990030177
2020-06-07 15:00:00,4,0.9943834397941099
2020-06-07 16:00:00,4,0.9965117173495578
2020-06-07 17:00:00,4,0.978678428282081
2020-06-07 18:00:00,4,0.9963534194013501
2020-06-07 19:00:00,4,0.3950188969387139
2020-06-08 06:00:00,3,
2020-06-08 07:00:00,4,0.9825036123101459
2020-06-08 08:00:00,4,0.9982410210281946
2020-06-08 09:00:00,4,0.9999474806436114
2020-06-08 10:00:00,4,0.7802872790804655
2020-06-08 11:00:00,4,-0.9963980072059783
2020-06-08 12:00:00,4,0.2778844860188132
2020-06-08 13:00:00,4,0.9783703339580067
2020-06-08 14:00:00,4,0.9916343145680271
2020-06-08 15:00:00,4,0.9765608308118902
2020-06-08 16:00:00,4,0.9925985510687871
2020-06-08 17:00:00,4,0.9636972231134507
2020-06-08 18:00:00,4,0.6862512218975759
2020-06-08 19:00:00,4,0.9957278534970074
2020-06-09 06:00:00,3,
2020-06-09 07:00:00,4,0.9720084776080107
2020-06-09 08:00:00,4,0.8032863220478885
2020-06-09 09:00:00,4,0.9299859468796888
2020-06-09 10:00:00,4,0.9216613369170819
2020-06-09 11:00:00,4,0.9869196974125349
2020-06-09 12:00:00,4,0.9969806333575838
2020-06-09 13:00:00,4,0.6923037955128026
2020-06-09 14:00:00,4,0.9767578240453523
2020-06-09 15:00:00,4,0.9621571867350844
2020-06-09 16:00:00,4,0.9898460652902296
2020-06-09 17:00:00,4,0.9879629834911066
2020-06-09 18:00:00,4,0.4334458592985673
2020-06-09 19:00:00,4,0.4097587123865005
2020-06-09 20:00:00,3,0.9994925732943126
2020-06-10 07:00:00,4,0.9397603105648978
2020-06-10 08:00:00,4,0.9832029450386219
2020-06-10 09:00:00,4,0.9954927200467144
2020-06-10 10:00:00,4,0.7796539461385827
2020-06-10 11:00:00,4,0.8928339443426281
2020-06-10 12:00:00,4,0.9720905741990702
2020-06-10 13:00:00,4,0.998044173934277
2020-06-10 14:00:00,4,-0.23516657450562609
2020-06-10 15:00:00,4,0.9984166939351239
2020-06-10 16:00:00,4,0.9981201135577936
2020-06-10 17:00:00,4,0.995023207271662
2020-06-10 18:00:00,4,0.9839611181892748
2020-06-10 19:00:00,4,0.9949869985125653
2020-06-11 06:00:00,3,0.9673506988833326
2020-06-11 07:00:00,4,0.9886917141990099
2020-06-11 08:00:00,4,0.957272793813339
2020-06-11 09:00:00,4,0.9755495779269214
2020-06-11 10:00:00,4,0.9971298450221381
2020-06-11 11:00:00,4,0.9930798574023219
2020-06-11 12:00:00,4,0.9886642501071825
2020-06-11 13:00:00,4,0.9899407068658337
2020-06-11 14:00:00,4,0.9960099583250205
2020-06-11 15:00:00,4,0.8778299748234051
2020-06-11 16:00:00,4,0.9853204302296488
2020-06-11 17:00:00,4,0.7961541309374127
2020-06-11 18:00:00,4,0.9993963694053476
2020-06-11 19:00:00,4,0.9925741815606913
2020-06-12 07:00:00,4,0.984421621798962
2020-06-12 08:00:00,4,0.9979363888935479
2020-06-12 09:00:00,4,0.9988627019506351
2020-06-12 10:00:00,4,0.999901580205467
2020-06-12 11:00:00,4,0.9997164920917367
2020-06-12 12:00:00,4,0.9994850418187529
2020-06-12 13:00:00,4,0.958138902209734
2020-06-12 14:00:00,4,0.8584375035197107
2020-06-12 15:00:00,4,0.7867996489137515
2020-06-12 16:00:00,4,0.9464855324002528
2020-06-12 17:00:00,4,0.9592788721598062
2020-06-12 18:00:00,4,0.9821606571731372
2020-06-12 19:00:00,4,0.5459768948904526
2020-06-12 20:00:00,3,
2020-06-13 07:00:00,4,0.9828877396607453
2020-06-13 08:00:00,4,0.9962189414573195
2020-06-13 09:00:00,4,0.9906216075978987
2020-06-13 10:00:00,4,0.9721405498109249
2020-06-13 11:00:00,4,0.865562706507382
2020-06-13 12:00:00,4,0.9889902203929779
2020-06-13 13:00:00,4,0.9830620415261687
2020-06-13 14:00:00,4,-0.2410407150136045
2020-06-13 15:00:00,4,0.9678847731729381
2020-06-13 16:00:00,4,0.9994996461582701
2020-06-13 17:00:00,4,0.9985534169848892
2020-06-13 18:00:00,4,0.9964168470990385
2020-06-13 19:00:00,4,
2020-06-14 07:00:00,4,
2020-06-14 08:00:00,4,0.9934851605494597
2020-06-14 09:00:00,4,0.9992194424414592
2020-06-14 10:00:00,4,0.9881768832706397
2020-06-14 11:00:00,4,0.9978983818936478
2020-06-14 12:00:00,4,0.9312778089558653
2020-06-14 13:00:00,4,0.9969497119927541
2020-06-14 14:00:00,4,0.9962028201729911
2020-06-14 15:00:00,4,0.9931614081275645
2020-06-14 16:00:00,4,0.7134520972785897
2020-06-14 17:00:00,4,0.14134325665247868
2020-06-14 18:00:00,4,0.9689381890144252
2020-06-14 19:00:00,4,0.960483084117209
2020-06-15 06:00:00,3,
2020-06-15 07:00:00,4,0.8580018313771101
2020-06-15 08:00:00,4,0.9993295926987575
2020-06-15 09:00:00,4,0.9954810969473188
2020-06-15 10:00:00,4,0.9988816194722262
2020-06-15 11:00:00,4,0.9917977657507046
2020-06-15 12:00:00,4,0.9987315117701387
2020-06-15 13:00:00,4,0.9912568989204097
2020-06-15 14:00:00,4,0.996678569205974
2020-06-15 15:00:00,4,0.998052654543955
2020-06-15 16:00:00,4,0.9062067053834647
2020-06-15 17:00:00,4,0.597066882632738
2020-06-15 18:00:00,4,0.9800678099885224
2020-06-15 19:00:00,4,0.963231442659274
2020-06-16 07:00:00,4,0.9999472175206195
2020-06-16 08:00:00,4,0.9966404430326219
2020-06-16 09:00:00,4,0.9916083875960466
2020-06-16 10:00:00,4,0.9920506724177317
2020-06-16 11:00:00,4,0.950347068815166
2020-06-16 12:00:00,4,0.9970528604143168
2020-06-16 13:00:00,4,0.8957074914580903
2020-06-16 14:00:00,4,0.9872885481023824
2020-06-16 15:00:00,4,0.9948511399095655
2020-06-16 16:00:00,4,0.9972549435417516
2020-06-16 17:00:00,4,0.827752877764624
2020-06-16 18:00:00,4,0.9802713315447324
2020-06-16 19:00:00,4,0.9528030520728424
2020-06-16 20:00:00,3,0.9759388807631577
2020-06-17 07:00:00,4,0.9755433044461487
2020-06-17 08:00:00,4,0.9607226025917484
2020-06-17 09:00:00,4,0.9989375703540412
2020-06-17 10:00:00,4,0.9983497190561834
2020-06-17 11:00:00,4,0.9720519074929218
2020-06-17 12:00:00,4,0.9795122468625435
2020-06-17 13:00:00,4,0.9807167026118804
2020-06-17 14:00:00,4,0.9999024088812186
2020-06-17 15:00:00,4,0.940592109305685
2020-06-17 16:00:00,4,0.8705334292141386
2020-06-17 17:00:00,4,0.9794803655087049
2020-06-17 18:00:00,4,0.8640725386287466
2020-06-17 19:00:00,4,0.9899182289597173
2020-06-17 20:00:00,3,0.9449843416476961
2020-06-18 07:00:00,4,0.9952161218155194
2020-06-18 08:00:00,4,0.9884099648933599
2020-06-18 09:00:00,4,0.9995870456577868
2020-06-18 10:00:00,4,0.9960406327353847
2020-06-18 11:00:00,4,0.9889565751132047
2020-06-18 12:00:00,4,0.9968542794353271
2020-06-18 13:00:00,4,0.9626452952221211
2020-06-18 14:00:00,4,0.981463240958265
2020-06-18 15:00:00,4,0.9775284814822761
2020-06-18 16:00:00,4,0.9908661941751453
2020-06-18 17:00:00,4,0.9826483725669007
2020-06-18 18:00:00,4,0.9506547674098605
2020-06-18 19:00:00,4,0.9973805696285798
2020-06-18 20:00:00,3,
2020-06-19 06:00:00,3,
2020-06-19 07:00:00,4,0.9863688610117438
2020-06-19 08:00:00,4,0.9895513127478741
2020-06-19 09:00:00,4,0.27096280040949977
2020-06-19 10:00:00,4,0.8533387325055295
2020-06-19 11:00:00,4,0.9548956126126302
2020-06-19 12:00:00,4,0.983062397553923
2020-06-19 13:00:00,4,0.984095576330219
2020-06-19 14:00:00,4,0.6886795066015039
2020-06-19 15:00:00,4,0.9053992174708955
2020-06-19 16:00:00,4,0.993163394126554
2020-06-19 17:00:00,4,0.9984086493127007
2020-06-19 18:00:00,4,0.9988734163411946
2020-06-19 19:00:00,4,0.9440569220510641
2020-06-19 20:00:00,3,
2020-06-20 07:00:00,4,0.8801920920477058
2020-06-20 08:00:00,4,0.9922538423636437
2020-06-20 09:00:00,4,0.9987170646693176
2020-06-20 10:00:00,4,0.9646814922854289
2020-06-20 11:00:00,4,0.7347476282441671
2020-06-20 12:00:00,4,0.06756573238974972
2020-06-20 13:00:00,4,0.5804160028091022
2020-06-20 14:00:00,4,0.9769770345459319
2020-06-20 15:00:00,4,0.8910390470382085
2020-06-20 16:00:00,4,0.9943189347920643
2020-06-20 17:00:00,4,0.9902332228317023
2020-06-20 18:00:00,4,0.7413389966034462
2020-06-20 19:00:00,4,0.9912180864367665
2020-06-20 20:00:00,3,
2020-06-21 07:00:00,4,0.9887353055033152
2020-06-21 08:00:00,4,0.9971858388869128
2020-06-21 09:00:00,4,0.9995179441727812
2020-06-21 10:00:00,4,0.9591682384365817
2020-06-21 11:00:00,4,0.9868650124275087
2020-06-21 12:00:00,4,0.7607050919297089
2020-06-21 13:00:00,4,0.8004346422190596
2020-06-21 14:00:00,4,0.9084117825389445
2020-06-21 15:00:00,4,0.9997667874025311
2020-06-21 16:00:00,4,0.9085325756226005
2020-06-21 17:00:00,4,0.9295471406630532
2020-06-21 18:00:00,4,0.9659692825885077
2020-06-21 19:00:00,4,0.9930628448493494
2020-06-21 20:00:00,3,0.9728856819885575
2020-06-22 07:00:00,4,0.9735755726708771
2020-06-22 08:00:00,4,0.9974928934428027
2020-06-22 09:00:00,4,0.9982561110360519
2020-06-22 10:00:00,4,0.8281834064527873
2020-06-22 11:00:00,4,0.9954120935916102
2020-06-22 12:00:00,4,0.9850594439377183
2020-06-22 13:00:00,4,0.41793931200588036
2020-06-22 14:00:00,4,0.9814118403298365
2020-06-22 15:00:00,4,0.9951947411147188
2020-06-22 16:00:00,4,0.9633196763578247
2020-06-22 17:00:00,4,0.9771409750522354
2020-06-22 18:00:00,4,0.8181691124266185
2020-06-22 19:00:00,4,0.9446522537737362
2020-06-23 07:00:00,4,0.9831921941355429
2020-06-23 08:00:00,4,0.24469027175136082
2020-06-23 09:00:00,4,0.9993251222677607
2020-06-23 10:00:00,4,0.9401855088748727
2020-06-23 11:00:00,4,0.28781420031060295
2020-06-23 12:00:00,4,0.09120991897345952
2020-06-23 13:00:00,4,0.8557196384792493
2020-06-23 14:00:00,4,0.9373506622999376
2020-06-23 15:00:00,4,-0.27474571649193985
2020-06-23 16:00:00,4,0.8522692329396638
2020-06-23 17:00:00,4,0.9844306085008774
2020-06-23 18:00:00,4,0.877144307606583
2020-06-23 19:00:00,4,0.7828213098951555
2020-06-23 20:00:00,4,
2020-06-23 21:00:00,4,
2020-06-23 22:00:00,4,
2020-06-23 23:00:00,4,
2020-06-24 00:00:00,4,
2020-06-24 01:00:00,4,
2020-06-24 02:00:00,4,
2020-06-24 03:00:00,4,
2020-06-24 04:00:00,4,
2020-06-24 05:00:00,4,
2020-06-24 06:00:00,4,0.996549338519117
2020-06-24 07:00:00,4,0.38343533840133953
2020-06-24 08:00:00,4,0.971754934047499
2020-06-24 09:00:00,4,0.4614196803885941
2020-06-24 10:00:00,4,0.9423121656561471
2020-06-24 11:00:00,4,0.9273951919468747
2020-06-24 12:00:00,4,0.9780680341647607
2020-06-24 13:00:00,4,0.972490466806488
2020-06-24 14:00:00,4,0.9820843874401299
2020-06-24 15:00:00,4,0.985553532097817
2020-06-24 16:00:00,4,0.8732671468181685
2020-06-24 17:00:00,4,0.9953822893027908
2020-06-24 18:00:00,4,0.9711614843179318
2020-06-24 19:00:00,4,0.9872039760569916
2020-06-24 20:00:00,3,0.8475091817785765
2020-06-25 07:00:00,4,0.8211726907644497
2020-06-25 08:00:00,4,0.8460784502306881
2020-06-25 09:00:00,4,0.983307038364832
2020-06-25 10:00:00,4,0.9889396900000157
2020-06-25 11:00:00,4,0.9150852786270065
2020-06-25 12:00:00,4,0.9920950930759237
2020-06-25 13:00:00,4,-0.38522830335244523
2020-06-25 14:00:00,4,0.9983112537573464
2020-06-25 15:00:00,4,0.9953935683677756
2020-06-25 16:00:00,4,0.9991570900534523
2020-06-25 17:00:00,4,0.8602060933918557
2020-06-25 18:00:00,4,0.9836375304790685
2020-06-25 19:00:00,4,0.9430373424566786
2020-06-25 20:00:00,3,
2020-06-26 07:00:00,4,0.992036698991897
2020-06-26 08:00:00,4,0.010084112591226234
2020-06-26 09:00:00,4,0.9806609985941666
2020-06-26 10:00:00,4,0.9222487895069135
2020-06-26 11:00:00,4,0.6791720609548739
2020-06-26 12:00:00,4,0.9903623030426655
2020-06-26 13:00:00,4,0.9556797591791395
2020-06-26 14:00:00,4,0.9122123092863387
2020-06-26 15:00:00,4,0.8054744771727305
2020-06-26 16:00:00,4,0.8762237702401586
2020-06-26 17:00:00,4,0.9944100911117374
2020-06-26 18:00:00,4,0.9983384043766793
2020-06-26 19:00:00,4,0.9464260370736227
2020-06-26 20:00:00,3,0.9676311739357424
2020-06-27 07:00:00,4,0.9996316291228193
2020-06-27 08:00:00,4,0.9525577462843156
2020-06-27 09:00:00,4,0.9994362402978582
2020-06-27 10:00:00,4,0.980547404973736
2020-06-27 11:00:00,4,0.8616672725759772
2020-06-27 12:00:00,4,0.8319872135122344
2020-06-27 13:00:00,4,0.99122794073169
2020-06-27 14:00:00,4,0.9972318702222798
2020-06-27 15:00:00,4,0.9830876883295355
2020-06-27 16:00:00,4,0.978375332086721
2020-06-27 17:00:00,4,0.9697414025517339
2020-06-27 18:00:00,4,0.9942371993340298
2020-06-27 19:00:00,4,0.6751429430221305
2020-06-27 20:00:00,3,0.9917262729445098
2020-06-28 07:00:00,4,0.9999964906948052
2020-06-28 08:00:00,4,0.987765528205345
2020-06-28 09:00:00,4,0.990870911147764
2020-06-28 10:00:00,4,0.6160739968589167
2020-06-28 11:00:00,4,0.970748385814266
2020-06-28 12:00:00,4,0.47005910516262034
2020-06-28 13:00:00,4,0.4180416788188631
2020-06-28 14:00:00,4,0.9693592086097317
2020-06-28 15:00:00,4,0.9686165165688871
2020-06-28 16:00:00,4,0.9626782453827347
2020-06-28 17:00:00,4,0.9643885392467287
2020-06-28 18:00:00,4,0.9681557800429766
2020-06-28 19:00:00,4,0.9818048483223587
2020-06-28 20:00:00,4,
2020-06-28 21:00:00,4,
2020-06-28 22:00:00,4,
2020-06-28 23:00:00,4,
2020-06-29 00:00:00,4,
2020-06-29 01:00:00,4,
2020-06-29 02:00:00,4,
2020-06-29 03:00:00,4,
2020-06-29 04:00:00,4,
2020-06-29 05:00:00,4,
2020-06-29 06:00:00,4,
2020-06-29 07:00:00,4,0.9942994865734303
2020-06-29 08:00:00,4,0.9828600954129384
2020-06-29 09:00:00,4,0.9744692537277596
2020-06-29 10:00:00,4,0.5065789034146958
2020-06-29 11:00:00,4,0.9675354140802316
2020-06-29 12:00:00,4,0.8189961281750641
2020-06-29 13:00:00,4,0.9399234765417198
2020-06-29 14:00:00,4,0.800033474680135
2020-06-29 15:00:00,4,0.9268468363028235
2020-06-29 16:00:00,4,0.6797704819476548
2020-06-29 17:00:00,4,0.9991989907588832
2020-06-29 18:00:00,4,0.9981787201547458
2020-06-29 19:00:00,4,0.9670862358437228
2020-06-30 07:00:00,4,0.9117383625226787
2020-06-30 08:00:00,4,0.9979732302791374
2020-06-30 09:00:00,4,0.9958121332868679
2020-06-30 10:00:00,4,0.9622990972521944
2020-06-30 11:00:00,4,0.9832311603194803
2020-06-30 12:00:00,4,0.9218015789274923
2020-06-30 13:00:00,4,0.8973951353285506
2020-06-30 14:00:00,4,0.9216019689055416
2020-06-30 15:00:00,4,-0.5956890970334906
2020-06-30 16:00:00,4,0.9505638689842886
2020-06-30 17:00:00,4,0.8806655414113655
2020-06-30 18:00:00,4,0.9344941280346495
2020-06-30 19:00:00,4,0.9806606966867705
2020-07-01 07:00:00,4,0.9991374173240574
2020-07-01 08:00:00,4,0.9887781878590474
2020-07-01 09:00:00,4,0.9983160681344638
2020-07-01 10:00:00,4,0.9645977010883987
2020-07-01 11:00:00,4,0.8250148877683648
2020-07-01 12:00:00,4,0.9307330211056448
2020-07-01 13:00:00,4,0.9953732660313617
2020-07-01 14:00:00,4,0.9940571482131467
2020-07-01 15:00:00,4,0.8635826706800771
2020-07-01 16:00:00,4,0.8264031262261854
2020-07-01 17:00:00,4,0.966279407664895
2020-07-01 18:00:00,4,0.9183537763495409
2020-07-01 19:00:00,4,0.9966666773873183
2020-07-02 07:00:00,4,0.9943362691002128
2020-07-02 08:00:00,4,0.9896857973509366
2020-07-02 09:00:00,4,0.9975714156886
2020-07-02 10:00:00,4,0.5128308376668347
2020-07-02 11:00:00,4,0.9403692697327939
2020-07-02 12:00:00,4,0.9489046767277659
2020-07-02 13:00:00,4,0.9056474013907413
2020-07-02 14:00:00,4,0.9743327375812624
2020-07-02 15:00:00,4,0.963199142975016
2020-07-02 16:00:00,4,0.987059899871432
2020-07-02 17:00:00,4,0.9970022835225605
2020-07-02 18:00:00,4,0.15153181512561856
2020-07-02 19:00:00,4,0.9943590562736061
2020-07-02 20:00:00,3,
2020-07-03 07:00:00,4,0.9953082337455045
2020-07-03 08:00:00,4,0.8642142744527029
2020-07-03 09:00:00,4,0.10149685750313614
2020-07-03 10:00:00,4,0.9877194247711496
2020-07-03 11:00:00,4,0.9978247103630181
2020-07-03 12:00:00,4,0.921224794699165
2020-07-03 13:00:00,4,0.8750982967582348
2020-07-03 14:00:00,4,0.7696650620866594
2020-07-03 15:00:00,4,0.981572391733638
2020-07-03 16:00:00,4,0.7467992612433361
2020-07-03 17:00:00,4,0.9992096263975341
2020-07-03 18:00:00,4,0.9989846195164058
2020-07-03 19:00:00,4,0.9966919428403676
2020-07-04 07:00:00,4,0.9976145746864815
2020-07-04 08:00:00,4,0.8315296874023593
2020-07-04 09:00:00,4,0.9917323693569218
2020-07-04 10:00:00,4,0.9629012587552748
2020-07-04 11:00:00,4,0.9197754317325423
2020-07-04 12:00:00,4,0.5530553719627183
2020-07-04 13:00:00,4,0.9878105114080579
2020-07-04 14:00:00,4,0.5685185062144728
2020-07-04 15:00:00,4,0.9979171028944914
2020-07-04 16:00:00,4,0.9784919741861007
2020-07-04 17:00:00,4,0.9859425112332024
2020-07-04 18:00:00,4,0.9115808515967135
2020-07-04 19:00:00,4,0.9265642738660849
2020-07-05 07:00:00,4,0.9894936531245105
2020-07-05 08:00:00,4,0.9945388027009691
2020-07-05 09:00:00,4,0.9977213784325442
2020-07-05 10:00:00,4,0.9879718336333837
2020-07-05 11:00:00,4,0.9625424307711778
2020-07-05 12:00:00,4,0.8836119890727377
2020-07-05 13:00:00,4,0.9782163612221352
2020-07-05 14:00:00,4,0.9863759248675528
2020-07-05 15:00:00,4,0.7917506855258152
2020-07-05 16:00:00,4,0.9923575936520699
2020-07-05 17:00:00,4,0.49482784845314776
2020-07-05 18:00:00,4,0.9604781313545492
2020-07-05 19:00:00,4,0.992487503287811
2020-07-06 07:00:00,4,0.9980685704697434
2020-07-06 08:00:00,4,0.9399765369071622
2020-07-06 09:00:00,4,0.08407929019372443
2020-07-06 10:00:00,4,0.9777799713343948
2020-07-06 11:00:00,4,0.9990125935189451
2020-07-06 12:00:00,4,0.9905538519664663
2020-07-06 13:00:00,4,0.7087230335606641
2020-07-06 14:00:00,4,0.9120940079529565
2020-07-06 15:00:00,4,0.99599915722212
2020-07-06 16:00:00,4,0.9469326259510491
2020-07-06 17:00:00,4,0.9268348058998408
2020-07-06 18:00:00,4,0.9915556402877556
2020-07-06 19:00:00,4,0.9993938426652188
2020-07-06 20:00:00,3,
2020-07-07 07:00:00,4,0.9937185788970753
2020-07-07 08:00:00,4,0.9538997459394332
2020-07-07 09:00:00,4,0.8738126608739044
2020-07-07 10:00:00,4,0.962397141020447
2020-07-07 11:00:00,4,0.9501686751310601
2020-07-07 12:00:00,4,0.997782087853193
2020-07-07 13:00:00,4,0.9387486911555741
2020-07-07 14:00:00,4,0.9324166358816182
2020-07-07 15:00:00,4,0.8252927153793398
2020-07-07 16:00:00,4,0.292454374714324
2020-07-07 17:00:00,4,0.9754836203156213
2020-07-07 18:00:00,4,0.9964177067013062
2020-07-07 19:00:00,4,0.9647812551252284
2020-07-08 07:00:00,4,
2020-07-08 08:00:00,4,0.9805779958604616
2020-07-08 09:00:00,4,0.9972142919227488
2020-07-08 10:00:00,4,0.9890829402188909
2020-07-08 11:00:00,4,0.9967336292406676
2020-07-08 12:00:00,4,0.991992860525041
2020-07-08 13:00:00,4,0.9514157783194442
2020-07-08 14:00:00,4,0.992138474214118
2020-07-08 15:00:00,4,0.9943916389290005
2020-07-08 16:00:00,4,0.8024203199019376
2020-07-08 17:00:00,4,0.9230226449676582
2020-07-08 18:00:00,4,0.9989054969022539
2020-07-08 19:00:00,4,0.80969935586952
2020-07-09 07:00:00,4,0.9939178752728075
2020-07-09 08:00:00,4,0.9975202864562654
2020-07-09 09:00:00,4,0.9325113928638807
2020-07-09 10:00:00,4,0.9355213047852746
2020-07-09 11:00:00,4,0.656682852569248
2020-07-09 12:00:00,4,0.982600077893946
2020-07-09 13:00:00,4,0.9478590830241986
2020-07-09 14:00:00,4,0.888122265090902
2020-07-09 15:00:00,4,0.9945808160003712
2020-07-09 16:00:00,4,0.8998198754151371
2020-07-09 17:00:00,4,0.9285178689803283
2020-07-09 18:00:00,4,
2020-07-09 19:00:00,4,
2020-07-10 07:00:00,4,0.9979581026774643
2020-07-10 08:00:00,4,0.9955330558233069
2020-07-10 09:00:00,4,0.8111059275975736
2020-07-10 10:00:00,4,0.08974570800885107
2020-07-10 11:00:00,4,0.8889102003304856
2020-07-10 12:00:00,4,0.9223055600110148
2020-07-10 13:00:00,4,0.4770224651863317
2020-07-10 14:00:00,4,0.9886206066414668
2020-07-10 15:00:00,4,0.9656111969398835
2020-07-10 16:00:00,4,0.9518407179692173
2020-07-10 17:00:00,4,0.9844354974762836
2020-07-10 18:00:00,4,0.9665351535583577
2020-07-10 19:00:00,4,0.9432664961642726
2020-07-10 20:00:00,3,
2020-07-11 07:00:00,4,0.9994929516675443
2020-07-11 08:00:00,4,0.9684548335327582
2020-07-11 09:00:00,4,0.9947306492093441
2020-07-11 10:00:00,4,0.9701280918422645
2020-07-11 11:00:00,4,0.9632646385601836
2020-07-11 12:00:00,4,0.9714429175114871
2020-07-11 13:00:00,4,0.9718324714035881
2020-07-11 14:00:00,4,0.571066580202389
2020-07-11 15:00:00,4,0.818049749802154
2020-07-11 16:00:00,4,0.6285800041340197
2020-07-11 17:00:00,4,0.9377954714229365
2020-07-11 18:00:00,4,0.9972250117963539
2020-07-11 19:00:00,4,0.9882405506514631
2020-07-11 20:00:00,3,
2020-07-12 07:00:00,4,0.9907237285404848
2020-07-12 08:00:00,4,0.9911661140889453
2020-07-12 09:00:00,4,0.9966685746269404
2020-07-12 10:00:00,4,0.9561560926342134
2020-07-12 11:00:00,4,0.9079349300638883
2020-07-12 12:00:00,4,0.9460871954254559
2020-07-12 13:00:00,4,0.989038206679558
2020-07-12 14:00:00,4,0.9971153296817216
2020-07-12 15:00:00,4,0.9991212433477614
2020-07-12 16:00:00,4,0.9838826967011316
2020-07-12 17:00:00,4,0.9913129005439971
2020-07-12 18:00:00,4,0.9843652501748198
2020-07-12 19:00:00,4,0.9942940966244317
2020-07-13 07:00:00,4,0.9994097456806291
2020-07-13 08:00:00,4,0.9994591765608977
2020-07-13 09:00:00,4,0.9843954830373901
2020-07-13 10:00:00,4,0.9244372263661916
2020-07-13 11:00:00,4,0.9537121851091088
2020-07-13 12:00:00,4,0.727550350835784
2020-07-13 13:00:00,4,0.9988546487900533
2020-07-13 14:00:00,4,0.94541928454034
2020-07-13 15:00:00,4,0.9758824720607984
2020-07-13 16:00:00,4,0.8096660768475676
2020-07-13 17:00:00,4,0.9457998243665524
2020-07-13 18:00:00,4,0.971581650786796
2020-07-13 19:00:00,4,0.9994587670875317
2020-07-14 07:00:00,4,0.9970300953093075
2020-07-14 08:00:00,4,0.7042519937148732
2020-07-14 09:00:00,4,0.994518657112167
2020-07-14 10:00:00,4,0.9899820267622288
2020-07-14 11:00:00,4,0.984879417255634
2020-07-14 12:00:00,4,0.999066665680928
2020-07-14 13:00:00,4,0.9709764691697037
2020-07-14 14:00:00,4,0.9553642239518021
2020-07-14 15:00:00,4,0.9843767662392304
2020-07-14 16:00:00,4,0.8901240916912032
2020-07-14 17:00:00,4,0.9070358054485007
2020-07-14 18:00:00,4,0.9978977801915908
2020-07-14 19:00:00,4,0.9748938198489847
2020-07-15 07:00:00,4,0.9971094429284959
2020-07-15 08:00:00,4,0.9393926026248449
2020-07-15 09:00:00,4,0.9987996711338573
2020-07-15 10:00:00,4,0.9942476516041184
2020-07-15 11:00:00,4,0.9856391741086346
2020-07-15 12:00:00,4,0.862018101133291
2020-07-15 13:00:00,4,0.9442305400586097
2020-07-15 14:00:00,4,0.883878145869333
2020-07-15 15:00:00,4,0.8701960381524151
2020-07-15 16:00:00,4,0.9897076635406028
2020-07-15 17:00:00,4,0.9884253500222342
2020-07-15 18:00:00,4,0.9994757127133773
2020-07-15 19:00:00,4,0.9322576513716774
2020-07-16 07:00:00,4,0.9995348140995952
2020-07-16 08:00:00,4,0.9957464027931952
2020-07-16 09:00:00,4,0.9797787881043724
2020-07-16 10:00:00,4,0.8644691180292375
2020-07-16 11:00:00,4,0.9805122994931524
2020-07-16 12:00:00,4,0.9563831812844902
2020-07-16 13:00:00,4,0.9883348190639488
2020-07-16 14:00:00,4,0.9650848913668508
2020-07-16 15:00:00,4,0.9165207581146309
2020-07-16 16:00:00,4,0.9894476329598207
2020-07-16 17:00:00,4,0.8337921654662502
2020-07-16 18:00:00,4,0.9710273872111559
2020-07-16 19:00:00,4,0.9961696807714375
2020-07-17 07:00:00,4,
2020-07-17 08:00:00,4,0.9948486778854105
2020-07-17 09:00:00,4,0.9964188620725306
2020-07-17 10:00:00,4,0.99721293919223
2020-07-17 11:00:00,4,0.9918692713695846
2020-07-17 12:00:00,4,0.5793372256936478
2020-07-17 13:00:00,4,0.5479619432655171
2020-07-17 14:00:00,4,0.9684877323322105
2020-07-17 15:00:00,4,0.9958895979033634
2020-07-17 16:00:00,4,0.9989630682858878
2020-07-17 17:00:00,4,0.9736547694315931
2020-07-17 18:00:00,4,0.99185842134579
2020-07-17 19:00:00,4,0.9861570327227027
2020-07-18 07:00:00,4,0.9712938333985954
2020-07-18 08:00:00,4,0.9984859646531011
2020-07-18 09:00:00,4,0.9947884781597924
2020-07-18 10:00:00,4,0.46440073755533895
2020-07-18 11:00:00,4,0.6932106816965086
2020-07-18 12:00:00,4,0.9521652561615263
2020-07-18 13:00:00,4,0.974628786825615
2020-07-18 14:00:00,4,0.9779704530045173
2020-07-18 15:00:00,4,0.8514787075143447
2020-07-18 16:00:00,4,0.9978672373961952
2020-07-18 17:00:00,4,0.9832418006795125
2020-07-18 18:00:00,4,0.9758540147429584
2020-07-18 19:00:00,4,0.9172428103929028
2020-07-19 07:00:00,4,0.5184468835173667
2020-07-19 08:00:00,4,0.9970952467006888
2020-07-19 09:00:00,4,0.9862922492418981
2020-07-19 10:00:00,4,0.9587362762674004
2020-07-19 11:00:00,4,0.842052226015234
2020-07-19 12:00:00,4,0.9699986298317413
2020-07-19 13:00:00,4,0.9966398785184784
2020-07-19 14:00:00,4,0.7093598316437599
2020-07-19 15:00:00,4,0.986874694808589
2020-07-19 16:00:00,4,0.9990758145843704
2020-07-19 17:00:00,4,0.972161872522972
2020-07-19 18:00:00,4,0.9950750565757052
2020-07-19 19:00:00,4,0.9318637164923678
2020-07-20 07:00:00,4,0.9789486971862887
2020-07-20 08:00:00,4,0.9955998691664005
2020-07-20 09:00:00,4,0.994879128979601
2020-07-20 10:00:00,4,0.9986892904078379
2020-07-20 11:00:00,4,0.9769308142955394
2020-07-20 12:00:00,4,0.9962425005535627
2020-07-20 13:00:00,4,0.8852523397849168
2020-07-20 14:00:00,4,0.8806367768422396
2020-07-20 15:00:00,4,0.9999203867530022
2020-07-20 16:00:00,4,0.9774044644188292
2020-07-20 17:00:00,4,0.9886252932409428
2020-07-20 18:00:00,4,0.9921328268996189
2020-07-20 19:00:00,4,0.9475631296683539
2020-07-21 07:00:00,4,0.9962771550045973
2020-07-21 08:00:00,4,0.9020941125652594
2020-07-21 09:00:00,4,0.9810462458279592
2020-07-21 10:00:00,4,0.9201153977796148
2020-07-21 11:00:00,4,0.6360219067471472
2020-07-21 12:00:00,4,0.9717038111344937
2020-07-21 13:00:00,4,0.6928556992125551
2020-07-21 14:00:00,4,0.7901159537927456
2020-07-21 15:00:00,4,0.9250927925703665
2020-07-21 16:00:00,4,0.9017104604058556
2020-07-21 17:00:00,4,0.9092803888700884
2020-07-21 18:00:00,4,0.8769454417982993
2020-07-21 19:00:00,4,0.9976791611396173
2020-07-21 20:00:00,3,0.9840181048721279
2020-07-22 07:00:00,4,0.9937247598646894
2020-07-22 08:00:00,4,0.9984935837734717
2020-07-22 09:00:00,4,0.9241749099312332
2020-07-22 10:00:00,4,0.45478195996607085
2020-07-22 11:00:00,4,0.9127957124663006
2020-07-22 12:00:00,4,0.9252075296222484
2020-07-22 13:00:00,4,0.8884042453215737
2020-07-22 14:00:00,4,0.39689123969071777
2020-07-22 15:00:00,4,0.5381574669654706
2020-07-22 16:00:00,4,0.971211667564758
2020-07-22 17:00:00,4,0.9127047405604641
2020-07-22 18:00:00,4,0.944006122051472
2020-07-22 19:00:00,4,0.5534408526765575
2020-07-23 07:00:00,4,0.9865648543347387
2020-07-23 08:00:00,4,0.9917486675329139
2020-07-23 09:00:00,4,0.9365322018703593
2020-07-23 10:00:00,4,0.9228899547270517
2020-07-23 11:00:00,4,0.9305963404133542
2020-07-23 12:00:00,4,0.5519500010803814
2020-07-23 13:00:00,4,0.988413488732524
2020-07-23 14:00:00,4,0.8450979588995284
2020-07-23 15:00:00,4,0.7652510448984567
2020-07-23 16:00:00,4,0.6999178119925077
2020-07-23 17:00:00,4,0.988479423162441
2020-07-23 18:00:00,4,0.9882318841664801
2020-07-23 19:00:00,4,0.9872810028790465
2020-07-24 07:00:00,4,0.999942943213233
2020-07-24 08:00:00,4,0.9953493075820223
2020-07-24 09:00:00,4,0.9931986822563197
2020-07-24 10:00:00,4,0.9877405785266691
2020-07-24 11:00:00,4,0.42333484963115103
2020-07-24 12:00:00,4,0.6185087168840272
2020-07-24 13:00:00,4,0.9034411971758185
2020-07-24 14:00:00,4,0.9899891225285125
2020-07-24 15:00:00,4,0.6167200902282873
2020-07-24 16:00:00,4,0.9513350710652583
2020-07-24 17:00:00,4,0.9416395654682461
2020-07-24 18:00:00,4,0.9965733490856978
2020-07-24 19:00:00,4,0.935494774474635
2020-07-25 07:00:00,4,0.9962244250640534
2020-07-25 08:00:00,4,0.9749808699931396
2020-07-25 09:00:00,4,0.9621457481712404
2020-07-25 10:00:00,4,0.9821338503377641
2020-07-25 11:00:00,4,0.9996314544037875
2020-07-25 12:00:00,4,0.990292907932218
2020-07-25 13:00:00,4,0.9724842325953044
2020-07-25 14:00:00,4,0.29036254419479707
2020-07-25 15:00:00,4,0.450638965478016
2020-07-25 16:00:00,4,0.9083594046059762
2020-07-25 17:00:00,4,0.9960371514983156
2020-07-25 18:00:00,4,0.7980951208086389
2020-07-25 19:00:00,4,0.9857969270766024
2020-07-26 07:00:00,3,
2020-07-26 08:00:00,4,0.9755925066550133
2020-07-26 09:00:00,4,0.9965818333918585
2020-07-26 10:00:00,4,0.9394943252572683
2020-07-26 11:00:00,4,0.9869588663845299
2020-07-26 12:00:00,4,0.9996078547855666
2020-07-26 13:00:00,4,0.7331269255945737
2020-07-26 14:00:00,4,0.9996578755141728
2020-07-26 15:00:00,4,0.9990263261053902
2020-07-26 16:00:00,4,0.9916253215672591
2020-07-26 17:00:00,4,0.993458247979128
2020-07-26 18:00:00,4,0.9909360902902161
2020-07-26 19:00:00,4,0.9997727555933682
2020-07-27 07:00:00,4,0.9652087806406586
2020-07-27 08:00:00,4,0.9966326073332554
2020-07-27 09:00:00,4,0.999962615788841
2020-07-27 10:00:00,4,0.9998779783335333
2020-07-27 11:00:00,4,0.9985610906726108
2020-07-27 12:00:00,4,0.9938506206536047
2020-07-27 13:00:00,4,0.5092638270912877
2020-07-27 14:00:00,4,0.9765691029343546
2020-07-27 15:00:00,4,0.995574262372664
2020-07-27 16:00:00,4,0.9972972321940896
2020-07-27 17:00:00,4,0.9930259416663861
2020-07-27 18:00:00,4,0.9938618886425219
2020-07-27 19:00:00,4,0.9812486948353012
2020-07-28 07:00:00,4,0.9866618720386051
2020-07-28 08:00:00,4,0.9929070380101849
2020-07-28 09:00:00,4,0.9775138895961726
2020-07-28 10:00:00,4,0.9967969035095638
2020-07-28 11:00:00,4,0.7705865585224867
2020-07-28 12:00:00,4,0.9849429120386541
2020-07-28 13:00:00,4,0.9849715038395832
2020-07-28 14:00:00,4,0.9615725340325229
2020-07-28 15:00:00,4,0.7739629426094874
2020-07-28 16:00:00,4,0.990313164857129
2020-07-28 17:00:00,4,0.9992633165982221
2020-07-28 18:00:00,4,0.9854433381957368
2020-07-28 19:00:00,4,0.9936402810272548
2020-07-29 07:00:00,4,0.9899780794993204
2020-07-29 08:00:00,4,0.9963115775497133
2020-07-29 09:00:00,4,0.9822177339037627
2020-07-29 10:00:00,4,0.9946011999896304
2020-07-29 11:00:00,4,0.9927536437704662
2020-07-29 12:00:00,4,0.9932310788108237
2020-07-29 13:00:00,4,0.999696803643369
2020-07-29 14:00:00,4,0.9743362137991943
2020-07-29 15:00:00,4,0.9940068084464205
2020-07-29 16:00:00,4,0.9804040450612043
2020-07-29 17:00:00,4,0.9998953729581068
2020-07-29 18:00:00,4,0.9937695141245682
2020-07-29 19:00:00,4,0.9990719468627259
2020-07-30 07:00:00,4,0.9810166178969623
2020-07-30 08:00:00,4,0.9926222264444677
2020-07-30 09:00:00,4,0.9974445908975456
2020-07-30 10:00:00,4,0.9953674592364827
2020-07-30 11:00:00,4,0.9965199569504083
2020-07-30 12:00:00,4,0.9989419544766027
2020-07-30 13:00:00,4,0.997700012060834
2020-07-30 14:00:00,4,0.951721020596008
2020-07-30 15:00:00,4,0.9636259190111334
2020-07-30 16:00:00,4,0.9312635022480552
2020-07-30 17:00:00,4,0.9719578240709306
2020-07-30 18:00:00,4,0.9732368244361603
2020-07-30 19:00:00,4,0.995926914640334
2020-07-31 07:00:00,4,
2020-07-31 08:00:00,4,0.9918655799157202
2020-07-31 09:00:00,4,0.9207446714161883
2020-07-31 10:00:00,4,0.9940399213389495
2020-07-31 11:00:00,4,0.9438908731760248
2020-07-31 12:00:00,4,0.9207222400892232
2020-07-31 13:00:00,4,0.998268421958727
2020-07-31 14:00:00,4,0.9986930178548357
2020-07-31 15:00:00,4,0.99967591063977
2020-07-31 16:00:00,4,0.8457342897964691
2020-07-31 17:00:00,4,0.958602914897253
2020-07-31 18:00:00,4,0.9992001543668785
2020-07-31 19:00:00,4,0.96625076645033
2020-08-01 07:00:00,4,0.9637778910154022
2020-08-01 08:00:00,4,0.9982485622838153
2020-08-01 09:00:00,4,0.9992432182105265
2020-08-01 10:00:00,4,0.999153660972942
2020-08-01 11:00:00,4,-0.14943713736208483
2020-08-01 12:00:00,4,0.4572821780695144
2020-08-01 13:00:00,4,0.20487559349753856
2020-08-01 14:00:00,4,0.8555464702110749
2020-08-01 15:00:00,4,0.990477749166741
2020-08-01 16:00:00,4,0.9963963186065423
2020-08-01 17:00:00,4,0.9613369723061482
2020-08-01 18:00:00,4,0.9735398627888875
2020-08-01 19:00:00,4,0.9997910407637706
2020-08-02 07:00:00,4,0.9955882047797908
2020-08-02 08:00:00,4,0.988254688681602
2020-08-02 09:00:00,4,0.9962176169645732
2020-08-02 10:00:00,4,0.9965716831014194
2020-08-02 11:00:00,4,0.9886746586918249
2020-08-02 12:00:00,4,0.939701253545399
2020-08-02 13:00:00,4,0.9848201131229513
2020-08-02 14:00:00,4,0.9758735883790576
2020-08-02 15:00:00,4,0.9946643731428882
2020-08-02 16:00:00,4,0.9853576968047907
2020-08-02 17:00:00,4,0.9785318622400547
2020-08-02 18:00:00,4,0.9664421898667528
2020-08-02 19:00:00,4,0.9767906095575056
2020-08-03 07:00:00,4,0.9910267284354215
2020-08-03 08:00:00,4,0.9871305427821547
2020-08-03 09:00:00,4,0.9981953926123968
2020-08-03 10:00:00,4,0.8644306766573362
2020-08-03 11:00:00,4,0.9932623054118895
2020-08-03 12:00:00,4,0.9987919237848917
2020-08-03 13:00:00,4,0.9967654513563816
2020-08-03 14:00:00,4,0.959827097763403
2020-08-03 15:00:00,4,0.9846781313623503
2020-08-03 16:00:00,4,0.9992580679806871
2020-08-03 17:00:00,4,0.9795572508651491
2020-08-03 18:00:00,4,0.9882517418799949
2020-08-03 19:00:00,4,0.9948071923547533
2020-08-04 07:00:00,4,0.9894179107357115
2020-08-04 08:00:00,4,0.7617109683651928
2020-08-04 09:00:00,4,0.9748762483731707
2020-08-04 10:00:00,4,0.8326119470297717
2020-08-04 11:00:00,4,-0.3779705624016056
2020-08-04 12:00:00,4,0.9916829880135153
2020-08-04 13:00:00,4,0.04529083628317141
2020-08-04 14:00:00,4,0.787950192816146
2020-08-04 15:00:00,4,0.8951765073190509
2020-08-04 16:00:00,4,0.7902114699469888
2020-08-04 17:00:00,4,0.9248876153847702
2020-08-04 18:00:00,4,0.986279276485192
2020-08-04 19:00:00,4,0.9947156735744344
2020-08-05 07:00:00,4,0.9969392179595236
2020-08-05 08:00:00,4,0.9920377863758708
2020-08-05 09:00:00,4,0.9971736001304962
2020-08-05 10:00:00,4,0.9526037693891591
2020-08-05 11:00:00,4,0.9897910937369633
2020-08-05 12:00:00,4,0.9775863208388669
2020-08-05 13:00:00,4,0.6502930272743982
2020-08-05 14:00:00,4,0.9996987172686671
2020-08-05 15:00:00,4,0.9943696293239204
2020-08-05 16:00:00,4,0.9997028816094642
2020-08-05 17:00:00,4,0.99781403339312
2020-08-05 18:00:00,4,0.9969554823020805
2020-08-05 19:00:00,4,0.9970751962728431
2020-08-06 07:00:00,4,0.9929130087636278
2020-08-06 08:00:00,4,0.9934350463144698
2020-08-06 09:00:00,4,0.9990941275698141
2020-08-06 10:00:00,4,0.9998284231790314
2020-08-06 11:00:00,4,0.9982788494947237
2020-08-06 12:00:00,4,0.9851154293305429
2020-08-06 13:00:00,4,-0.97184837991332
2020-08-06 14:00:00,4,0.9849515813023969
2020-08-06 15:00:00,4,0.9990730723453306
2020-08-06 16:00:00,4,0.9997112915830482
2020-08-06 17:00:00,4,0.8334687632328285
2020-08-06 18:00:00,4,0.9922959429035741
2020-08-06 19:00:00,4,0.9924613266041885
2020-08-07 07:00:00,4,0.9933458481420043
2020-08-07 08:00:00,4,0.999884149241932
2020-08-07 09:00:00,4,0.9977873209976285
2020-08-07 10:00:00,4,0.9987193685929907
2020-08-07 11:00:00,4,0.9870411870656034
2020-08-07 12:00:00,4,0.9975030773483448
2020-08-07 13:00:00,4,0.997672471458585
2020-08-07 14:00:00,4,0.9660536905875745
2020-08-07 15:00:00,4,0.9943462624966684
2020-08-07 16:00:00,4,0.9994435409104053
2020-08-07 17:00:00,4,0.9522594642338869
2020-08-07 18:00:00,4,0.9887001964858048
2020-08-07 19:00:00,4,0.9994030526766514
2020-08-08 07:00:00,4,0.8790533628112378
2020-08-08 08:00:00,4,0.9994168287798528
2020-08-08 09:00:00,4,0.9938650680762485
2020-08-08 10:00:00,4,0.9999633943194155
2020-08-08 11:00:00,4,0.7976893748107375
2020-08-08 12:00:00,4,0.9965170770222912
2020-08-08 13:00:00,4,0.9138541719978592
2020-08-08 14:00:00,4,-0.08915119384658082
2020-08-08 15:00:00,4,0.9959162500318156
2020-08-08 16:00:00,4,0.9822221493040445
2020-08-08 17:00:00,4,0.7542472662749515
2020-08-08 18:00:00,4,0.999285256718136
2020-08-08 19:00:00,4,0.9953652919499815
2020-08-09 07:00:00,4,0.9975047754084767
2020-08-09 08:00:00,4,0.9716427658171362
2020-08-09 09:00:00,4,0.9989741990751404
2020-08-09 10:00:00,4,0.9913873459540158
2020-08-09 11:00:00,4,0.8584498411798797
2020-08-09 12:00:00,4,0.9445855845622537
2020-08-09 13:00:00,4,0.9394274394776952
2020-08-09 14:00:00,4,0.5921948992414746
2020-08-09 15:00:00,4,0.9893660145838116
2020-08-09 16:00:00,4,0.9732780642940573
2020-08-09 17:00:00,4,0.997410747592976
2020-08-09 18:00:00,4,
2020-08-09 19:00:00,4,
2020-08-10 07:00:00,4,0.9881045797401854
2020-08-10 08:00:00,4,0.9733210762676927
2020-08-10 09:00:00,4,0.9800686446694541
2020-08-10 10:00:00,4,0.9660047212047314
2020-08-10 11:00:00,4,-0.26080456914050354
2020-08-10 12:00:00,4,-0.02484455911312629
2020-08-10 13:00:00,4,0.7133527781530808
2020-08-10 14:00:00,4,0.13153685592617106
2020-08-10 15:00:00,4,0.9863361169042975
2020-08-10 16:00:00,4,0.9993019401883285
2020-08-10 17:00:00,4,0.9669408494898097
2020-08-10 18:00:00,4,0.9458107815881781
2020-08-10 19:00:00,4,0.96868099208427
2020-08-11 07:00:00,4,0.9905308313988632
2020-08-11 08:00:00,4,0.9895327482308454
2020-08-11 09:00:00,4,0.9999496217328904
2020-08-11 10:00:00,4,0.9977879712874412
2020-08-11 11:00:00,4,0.9857467548554256
2020-08-11 12:00:00,4,0.9865716804311977
2020-08-11 13:00:00,4,0.9697579527985606
2020-08-11 14:00:00,4,0.7453512117509274
2020-08-11 15:00:00,4,0.9987433203344819
2020-08-11 16:00:00,4,0.9921124589661792
2020-08-11 17:00:00,4,0.9999700328003991
2020-08-11 18:00:00,4,0.9973733845698598
2020-08-11 19:00:00,4,0.9996031892657394
2020-08-12 07:00:00,4,0.8201972819769023
2020-08-12 08:00:00,4,0.9999075637325191
2020-08-12 09:00:00,4,0.9982108193443714
2020-08-12 10:00:00,4,0.9993725851764517
2020-08-12 11:00:00,4,0.995772816233205
2020-08-12 12:00:00,4,0.9148904842099924
2020-08-12 13:00:00,4,0.9672309913820797
2020-08-12 14:00:00,4,0.9997878365474424
2020-08-12 15:00:00,4,0.9993461529855325
2020-08-12 16:00:00,4,0.9764503385689223
2020-08-12 17:00:00,4,0.9840718944543799
2020-08-12 18:00:00,4,0.9944153422021621
2020-08-12 19:00:00,4,0.9980815513325545
2020-08-13 07:00:00,4,
2020-08-13 08:00:00,4,
2020-08-13 09:00:00,4,0.9732360443683721
2020-08-13 10:00:00,4,0.9785190984631441
2020-08-13 11:00:00,4,0.9842525196598448
2020-08-13 12:00:00,4,0.9945537454218718
2020-08-13 13:00:00,4,0.9149834882305482
2020-08-13 14:00:00,4,0.987477956928488
2020-08-13 15:00:00,4,0.9988629536424107
2020-08-13 16:00:00,4,0.9917449362808505
2020-08-13 17:00:00,4,0.6589707434566101
2020-08-13 18:00:00,4,0.9869465297244241
2020-08-13 19:00:00,4,0.9950564287539365
2020-08-14 07:00:00,4,0.9990802758566885
2020-08-14 08:00:00,4,0.932727037594233
2020-08-14 09:00:00,4,0.994215170371676
2020-08-14 10:00:00,4,0.9992889682131689
2020-08-14 11:00:00,4,0.9881009502327712
2020-08-14 12:00:00,4,0.9933220345951509
2020-08-14 13:00:00,4,0.9998098896699305
2020-08-14 14:00:00,4,0.9745311289247183
2020-08-14 15:00:00,4,0.9995026998707196
2020-08-14 16:00:00,4,0.9893476670255217
2020-08-14 17:00:00,4,0.9953135487945177
2020-08-14 18:00:00,4,0.9926433547377441
2020-08-14 19:00:00,4,0.9999647594117687
2020-08-15 07:00:00,4,0.9686615968298931
2020-08-15 08:00:00,4,0.9989441776740147
2020-08-15 09:00:00,4,0.9881851093546128
2020-08-15 10:00:00,4,0.9985000019406274
2020-08-15 11:00:00,4,0.9994234167268906
2020-08-15 12:00:00,4,0.5003951537455675
2020-08-15 13:00:00,4,0.9983789413204041
2020-08-15 14:00:00,4,0.9825371440142447
2020-08-15 15:00:00,4,0.9938693960573318
2020-08-15 16:00:00,4,0.9847808388249765
2020-08-15 17:00:00,4,0.9689091417887404
2020-08-15 18:00:00,4,0.9953474680155723
2020-08-15 19:00:00,4,0.9327235605680291
2020-08-15 20:00:00,4,
2020-08-15 21:00:00,4,
2020-08-15 22:00:00,4,
2020-08-15 23:00:00,4,
2020-08-16 00:00:00,4,
2020-08-16 01:00:00,4,
2020-08-16 02:00:00,4,
2020-08-16 03:00:00,4,
2020-08-16 04:00:00,4,
2020-08-16 05:00:00,4,
2020-08-16 06:00:00,4,
2020-08-16 07:00:00,4,0.9703942549651077
2020-08-16 08:00:00,4,0.9987627776173897
2020-08-16 09:00:00,4,0.9896014908417763
2020-08-16 10:00:00,4,0.9994021484560274
2020-08-16 11:00:00,4,0.9794178250485612
2020-08-16 12:00:00,4,0.9911112564493151
2020-08-16 13:00:00,4,0.9995376513670674
2020-08-16 14:00:00,4,0.9953334189832882
2020-08-16 15:00:00,4,0.9979030242678043
2020-08-16 16:00:00,4,0.9484343205721952
2020-08-16 17:00:00,4,0.9987170339661001
2020-08-16 18:00:00,4,0.9879673330071979
2020-08-16 19:00:00,4,0.9975467260743577
2020-08-16 20:00:00,4,
2020-08-16 21:00:00,4,
2020-08-16 22:00:00,4,
2020-08-16 23:00:00,4,
2020-08-17 00:00:00,4,
2020-08-17 01:00:00,4,
2020-08-17 02:00:00,4,
2020-08-17 03:00:00,4,
2020-08-17 04:00:00,4,
2020-08-17 05:00:00,4,
2020-08-17 06:00:00,4,
2020-08-17 07:00:00,4,0.8143925304881284
2020-08-17 08:00:00,4,0.9997501549760477
2020-08-17 09:00:00,4,0.9432751473455373
2020-08-17 10:00:00,4,0.964611778809587
2020-08-17 11:00:00,4,0.8875174650851202
2020-08-17 12:00:00,4,0.9988092309765441
2020-08-17 13:00:00,4,0.9962198266090753
2020-08-17 14:00:00,4,0.9949868674560969
2020-08-17 15:00:00,4,0.9882997413087214
2020-08-17 16:00:00,4,0.9624696783799211
2020-08-17 17:00:00,4,0.9994552125759548
2020-08-17 18:00:00,4,0.9644192858534256
2020-08-17 19:00:00,4,0.9990815909063451
2020-08-17 20:00:00,4,
2020-08-17 21:00:00,4,
2020-08-17 22:00:00,4,
2020-08-17 23:00:00,4,
2020-08-18 00:00:00,4,
2020-08-18 01:00:00,4,
2020-08-18 02:00:00,4,
2020-08-18 03:00:00,4,
2020-08-18 04:00:00,4,
2020-08-18 05:00:00,4,
2020-08-18 06:00:00,4,
2020-08-18 07:00:00,4,0.9088442059933679
2020-08-18 08:00:00,4,0.9196029662271584
2020-08-18 09:00:00,4,0.9491411279595429
2020-08-18 10:00:00,4,0.9017089272189686
2020-08-18 11:00:00,4,0.9863985164330072
2020-08-18 12:00:00,4,0.9951885276087249
2020-08-18 13:00:00,4,0.9351874741283984
2020-08-18 14:00:00,4,0.9951562043646626
2020-08-18 15:00:00,4,0.9754733099275136
2020-08-18 16:00:00,4,0.9993922425791987
2020-08-18 17:00:00,4,0.9943270451615083
2020-08-18 18:00:00,4,0.9793794094183892
2020-08-18 19:00:00,4,0.833486817660316
2020-08-19 07:00:00,4,0.8415052285540099
2020-08-19 08:00:00,4,0.9994675552525665
2020-08-19 09:00:00,4,0.9974421645764351
2020-08-19 10:00:00,4,0.9992743473400969
2020-08-19 11:00:00,4,0.9583146636644947
2020-08-19 12:00:00,4,0.9645720760903209
2020-08-19 13:00:00,4,0.9979020046353854
2020-08-19 14:00:00,4,0.9970942873961953
2020-08-19 15:00:00,4,0.9991003586763281
2020-08-19 16:00:00,4,0.999713716514169
2020-08-19 17:00:00,4,0.9806362214508179
2020-08-19 18:00:00,4,0.9987796548660617
2020-08-19 19:00:00,4,0.9677621575601538
2020-08-20 07:00:00,4,0.9164412860839272
2020-08-20 08:00:00,4,0.5180084488020443
2020-08-20 09:00:00,4,0.9951175957587384
2020-08-20 10:00:00,4,0.9527625795721836
2020-08-20 11:00:00,4,0.9997376969821447
2020-08-20 12:00:00,4,0.9997389303768728
2020-08-20 13:00:00,4,0.9662640506108869
2020-08-20 14:00:00,4,0.9855000389400138
2020-08-20 15:00:00,4,0.9122968988291246
2020-08-20 16:00:00,4,0.995832875654858
2020-08-20 17:00:00,4,0.9939999997575317
2020-08-20 18:00:00,4,0.9462911581050746
2020-08-20 19:00:00,4,0.996481016088313
2020-08-20 20:00:00,4,
2020-08-20 21:00:00,4,
2020-08-20 22:00:00,4,
2020-08-20 23:00:00,4,
2020-08-21 00:00:00,4,
2020-08-21 01:00:00,4,
2020-08-21 02:00:00,4,
2020-08-21 03:00:00,4,
2020-08-21 04:00:00,4,
2020-08-21 05:00:00,4,
2020-08-21 06:00:00,4,
2020-08-21 07:00:00,4,0.9739818953101129
2020-08-21 08:00:00,4,0.98924444970806
2020-08-21 09:00:00,4,-0.05777784548770011
2020-08-21 10:00:00,4,0.93433388844426
2020-08-21 11:00:00,4,0.928801244248443
2020-08-21 12:00:00,4,0.614772746107601
2020-08-21 13:00:00,4,0.9336879164367489
2020-08-21 14:00:00,4,0.9633893004397187
2020-08-21 15:00:00,4,0.7532082586280877
2020-08-21 16:00:00,4,0.9768367537361834
2020-08-21 17:00:00,4,0.9963901088874161
2020-08-21 18:00:00,4,0.9994376232260742
2020-08-21 19:00:00,4,0.9942181750747232
2020-08-21 20:00:00,4,
2020-08-21 21:00:00,4,
2020-08-21 22:00:00,4,
2020-08-21 23:00:00,4,
2020-08-22 00:00:00,4,
2020-08-22 01:00:00,4,
2020-08-22 02:00:00,4,
2020-08-22 03:00:00,4,
2020-08-22 04:00:00,4,
2020-08-22 05:00:00,4,
2020-08-22 06:00:00,4,
2020-08-22 07:00:00,4,0.9936225382758175
2020-08-22 08:00:00,4,0.9951552529436974
2020-08-22 09:00:00,4,0.9893539693984101
2020-08-22 10:00:00,4,0.9709601834444365
2020-08-22 11:00:00,4,0.9987530350725684
2020-08-22 12:00:00,4,0.7997718800149636
2020-08-22 13:00:00,4,0.8005306031823173
2020-08-22 14:00:00,4,0.992416253280101
2020-08-22 15:00:00,4,0.9919418052778343
2020-08-22 16:00:00,4,0.9521756104652527
2020-08-22 17:00:00,4,0.9683793953941043
2020-08-22 18:00:00,4,0.9997359590141398
2020-08-22 19:00:00,4,0.9947832967613904
2020-08-22 20:00:00,4,
2020-08-22 21:00:00,4,
2020-08-22 22:00:00,4,
2020-08-22 23:00:00,4,
2020-08-23 00:00:00,4,
2020-08-23 01:00:00,4,
2020-08-23 02:00:00,4,
2020-08-23 03:00:00,4,
2020-08-23 04:00:00,4,
2020-08-23 05:00:00,4,
2020-08-23 06:00:00,4,
2020-08-23 07:00:00,4,0.7714946112790612
2020-08-23 08:00:00,4,0.9824763060144626
2020-08-23 09:00:00,4,0.9938012814041423
2020-08-23 10:00:00,4,0.9959682773280659
2020-08-23 11:00:00,4,0.9987154068448245
2020-08-23 12:00:00,4,0.9973552609530769
2020-08-23 13:00:00,4,0.9937488900662225
2020-08-23 14:00:00,4,0.425881058694077
2020-08-23 15:00:00,4,0.9980159270906063
2020-08-23 16:00:00,4,0.34260143303555307
2020-08-23 17:00:00,4,0.7866595590337241
2020-08-23 18:00:00,4,0.9950449359678295
2020-08-23 19:00:00,4,0.9860306199413977
2020-08-24 07:00:00,3,
2020-08-24 08:00:00,4,0.9897652974950446
2020-08-24 09:00:00,4,0.9964103894814735
2020-08-24 10:00:00,4,0.995499299221734
2020-08-24 11:00:00,4,0.9618452802958669
2020-08-24 12:00:00,4,0.9960702430639874
2020-08-24 13:00:00,4,0.9996274589623694
2020-08-24 14:00:00,4,0.9118021103272396
2020-08-24 15:00:00,4,0.9998422400226282
2020-08-24 16:00:00,4,0.9970894407223141
2020-08-24 17:00:00,4,0.9978013737586455
2020-08-24 18:00:00,4,0.9964610286935888
2020-08-24 19:00:00,4,0.9845545596359463
2020-08-25 07:00:00,4,0.9953178146216651
2020-08-25 08:00:00,4,0.16909748157243382
2020-08-25 09:00:00,4,0.9923650807259397
2020-08-25 10:00:00,4,0.9816191505221341
2020-08-25 11:00:00,4,-0.1071654366639607
2020-08-25 12:00:00,4,0.9847031497155099
2020-08-25 13:00:00,4,0.8235731309086205
2020-08-25 14:00:00,4,0.9995605209473322
2020-08-25 15:00:00,4,0.9990438304920926
2020-08-25 16:00:00,4,0.9998500127056702
2020-08-25 17:00:00,4,0.9984985179628219
2020-08-25 18:00:00,4,0.987336234051535
2020-08-25 19:00:00,4,0.9946470187621046
2020-08-26 07:00:00,4,0.9888829925723476
2020-08-26 08:00:00,4,0.9988312492052829
2020-08-26 09:00:00,4,0.9946473727345435
2020-08-26 10:00:00,4,0.9997796309593469
2020-08-26 11:00:00,4,0.9996639197767871
2020-08-26 12:00:00,4,0.9996366546788276
2020-08-26 13:00:00,4,0.8251189080043069
2020-08-26 14:00:00,4,0.9990602027074311
2020-08-26 15:00:00,4,0.9987065316279458
2020-08-26 16:00:00,4,0.9920483398858779
2020-08-26 17:00:00,4,0.9997283987171406
2020-08-26 18:00:00,4,0.996409384857794
2020-08-26 19:00:00,4,0.9748434110398373
2020-08-27 07:00:00,4,0.9641453339532217
2020-08-27 08:00:00,4,0.994506907908228
2020-08-27 09:00:00,4,0.9994931194650888
2020-08-27 10:00:00,4,0.9995480345857841
2020-08-27 11:00:00,4,0.9994941275337806
2020-08-27 12:00:00,4,0.9989757975608333
2020-08-27 13:00:00,4,0.9479451559991436
2020-08-27 14:00:00,4,0.9998545554011125
2020-08-27 15:00:00,4,0.9997134708864575
2020-08-27 16:00:00,4,0.9966169223055323
2020-08-27 17:00:00,4,0.9970506155363416
2020-08-27 18:00:00,4,0.5850753759206259
2020-08-27 19:00:00,4,0.9712243289247819
2020-08-28 07:00:00,4,0.8326871372281731
2020-08-28 08:00:00,4,0.9950761309784816
2020-08-28 09:00:00,4,0.9994864334415439
2020-08-28 10:00:00,4,0.9859958983702566
2020-08-28 11:00:00,4,0.9873741327714416
2020-08-28 12:00:00,4,0.9921640679466979
2020-08-28 13:00:00,4,0.9404946876774971
2020-08-28 14:00:00,4,0.7759196668074162
2020-08-28 15:00:00,4,0.9965755270463823
2020-08-28 16:00:00,4,0.9992527678510111
2020-08-28 17:00:00,4,0.9986975111464972
2020-08-28 18:00:00,4,
2020-08-28 19:00:00,3,
2020-08-29 07:00:00,4,0.9350594872379283
2020-08-29 08:00:00,4,0.9993430929408226
2020-08-29 09:00:00,4,0.9939600241525756
2020-08-29 10:00:00,4,0.9999260454091533
2020-08-29 11:00:00,4,0.99006171899527
2020-08-29 12:00:00,4,0.9969050465092141
2020-08-29 13:00:00,4,0.9641580985468928
2020-08-29 14:00:00,4,0.9977603482929591
2020-08-29 15:00:00,4,0.9982972461439347
2020-08-29 16:00:00,4,0.9901979286937944
2020-08-29 17:00:00,4,0.9862476554052587
2020-08-29 18:00:00,4,0.9987453161969535
2020-08-29 19:00:00,4,0.9941198556190493
2020-08-30 07:00:00,4,0.9434077080552858
2020-08-30 08:00:00,4,0.9925905196781033
2020-08-30 09:00:00,4,0.9971805925640028
2020-08-30 10:00:00,4,0.9998443718692186
2020-08-30 11:00:00,4,0.979878313126204
2020-08-30 12:00:00,4,0.9946225714695563
2020-08-30 13:00:00,4,0.976168672322218
2020-08-30 14:00:00,4,0.9888396755765582
2020-08-30 15:00:00,4,0.9800872633100752
2020-08-30 16:00:00,4,0.9995101416270987
2020-08-30 17:00:00,4,0.9545919895022323
2020-08-30 18:00:00,4,0.9980445118799892
2020-08-30 19:00:00,4,0.9243276140958095
2020-08-31 07:00:00,4,
2020-08-31 08:00:00,4,0.9860815624510163
2020-08-31 09:00:00,4,0.9981440064224237
2020-08-31 10:00:00,4,0.9744224749734557
2020-08-31 11:00:00,4,0.4227637844224728
2020-08-31 12:00:00,4,0.9944643317044265
2020-08-31 13:00:00,4,0.999999883422228
2020-08-31 14:00:00,4,0.9806661662400771
2020-08-31 15:00:00,4,0.9901283911611625
2020-08-31 16:00:00,4,0.9499351434159453
2020-08-31 17:00:00,4,0.9943478782771886
2020-08-31 18:00:00,4,0.9978436271686432
2020-08-31 19:00:00,4,0.9901117317825178
2020-09-01 07:00:00,4,0.9696403512399288
2020-09-01 08:00:00,4,0.9997457587555607
2020-09-01 09:00:00,4,0.9992879186392792
2020-09-01 10:00:00,4,0.9911561319905808
2020-09-01 11:00:00,4,0.6663522492000672
2020-09-01 12:00:00,4,0.9357378245514801
2020-09-01 13:00:00,4,0.5317479698549762
2020-09-01 14:00:00,4,0.6820672101953983
2020-09-01 15:00:00,4,0.965124798509121
2020-09-01 16:00:00,4,0.9847106541707574
2020-09-01 17:00:00,4,0.981217626313268
2020-09-01 18:00:00,4,0.9988177993613441
2020-09-01 19:00:00,4,0.9783533495095666
2020-09-02 07:00:00,4,0.9851157349668233
2020-09-02 08:00:00,4,0.9996151469358943
2020-09-02 09:00:00,4,0.13247606019484115
2020-09-02 10:00:00,4,0.9254935086111373
2020-09-02 11:00:00,4,0.9965495315550148
2020-09-02 12:00:00,4,0.9384682513463106
2020-09-02 13:00:00,4,0.9326033884696588
2020-09-02 14:00:00,4,0.8077516201987605
2020-09-02 15:00:00,4,0.8777861167665927
2020-09-02 16:00:00,4,0.998617037624402
2020-09-02 17:00:00,4,0.9954696133947696
2020-09-02 18:00:00,4,0.9990998276387728
2020-09-02 19:00:00,4,0.9903273845358608
2020-09-03 05:00:00,4,
2020-09-03 06:00:00,4,
2020-09-03 07:00:00,4,
2020-09-03 08:00:00,4,0.99911032713649
2020-09-03 09:00:00,4,0.9985578494714538
2020-09-03 10:00:00,4,0.9760251786837969
2020-09-03 11:00:00,4,0.9927648033323071
2020-09-03 12:00:00,4,0.9895244172590746
2020-09-03 13:00:00,4,0.9576545380915743
2020-09-03 14:00:00,4,0.9705713981428488
2020-09-03 15:00:00,4,0.9927018890786065
2020-09-03 16:00:00,4,0.9974004510776356
2020-09-03 17:00:00,4,0.9995802297373033
2020-09-03 18:00:00,4,0.9998704642723674
2020-09-03 19:00:00,4,0.9776429670738105
2020-09-03 20:00:00,4,
2020-09-03 21:00:00,4,
2020-09-03 22:00:00,4,
2020-09-03 23:00:00,4,
2020-09-04 00:00:00,4,
2020-09-04 01:00:00,4,
2020-09-04 02:00:00,4,
2020-09-04 03:00:00,4,
2020-09-04 04:00:00,4,
2020-09-04 05:00:00,4,
2020-09-04 06:00:00,4,
2020-09-04 07:00:00,4,0.9466409468776873
2020-09-04 08:00:00,4,0.9954226956108094
2020-09-04 09:00:00,4,0.9848962687833087
2020-09-04 10:00:00,4,0.9999384480959187
2020-09-04 11:00:00,4,0.9901078103679019
2020-09-04 12:00:00,4,0.9497824601013588
2020-09-04 13:00:00,4,0.9929369105519189
2020-09-04 14:00:00,4,0.9986707920549636
2020-09-04 15:00:00,4,0.9893194607465771
2020-09-04 16:00:00,4,0.908757347443205
2020-09-04 17:00:00,4,0.9997157491709607
2020-09-04 18:00:00,4,0.9992998101704862
2020-09-04 19:00:00,4,0.7483895642187528
2020-09-05 07:00:00,3,0.926795071808213
2020-09-05 08:00:00,4,0.9976751992144942
2020-09-05 09:00:00,4,0.9964402586306472
2020-09-05 10:00:00,4,0.999622109519616
2020-09-05 11:00:00,4,0.9760297319459473
2020-09-05 12:00:00,4,0.9974553423398353
2020-09-05 13:00:00,4,0.9780967662429211
2020-09-05 14:00:00,4,0.9835085737844546
2020-09-05 15:00:00,4,0.9988895128127735
2020-09-05 16:00:00,4,0.9856852540335308
2020-09-05 17:00:00,4,0.9977928497359904
2020-09-05 18:00:00,4,0.9993663916225591
2020-09-05 19:00:00,4,
2020-09-06 07:00:00,3,0.8660254037844388
2020-09-06 08:00:00,4,0.9994328410337496
2020-09-06 09:00:00,4,0.9917906277811812
2020-09-06 10:00:00,4,0.9701414196267951
2020-09-06 11:00:00,4,0.9964577011733157
2020-09-06 12:00:00,4,0.9842389216659899
2020-09-06 13:00:00,4,0.9872829429363623
2020-09-06 14:00:00,4,0.9152390981833488
2020-09-06 15:00:00,4,0.8142262265570963
2020-09-06 16:00:00,4,0.9954786721530421
2020-09-06 17:00:00,4,0.9991381254430522
2020-09-06 18:00:00,4,0.9992650019553269
2020-09-06 19:00:00,4,0.8006830066653329
2020-09-06 20:00:00,4,
2020-09-06 21:00:00,4,
2020-09-06 22:00:00,4,
2020-09-06 23:00:00,4,
2020-09-07 00:00:00,4,
2020-09-07 01:00:00,4,
2020-09-07 02:00:00,4,
2020-09-07 03:00:00,4,
2020-09-07 04:00:00,4,
2020-09-07 05:00:00,4,
2020-09-07 06:00:00,4,
2020-09-07 07:00:00,4,0.9865319869669467
2020-09-07 08:00:00,4,0.9997996890786203
2020-09-07 09:00:00,4,0.979948433781628
2020-09-07 10:00:00,4,0.9407047631937824
2020-09-07 11:00:00,4,0.9902146201671878
2020-09-07 12:00:00,4,0.9996154482972351
2020-09-07 13:00:00,4,0.7636902272973827
2020-09-07 14:00:00,4,0.8260100385554499
2020-09-07 15:00:00,4,0.9981049601027621
2020-09-07 16:00:00,4,0.9622096641919803
2020-09-07 17:00:00,4,0.9824243963778813
2020-09-07 18:00:00,4,0.9999710531083468
2020-09-07 19:00:00,4,0.9412780595215722
2020-09-07 20:00:00,4,
2020-09-07 21:00:00,4,
2020-09-07 22:00:00,4,
2020-09-07 23:00:00,4,
2020-09-08 00:00:00,4,
2020-09-08 01:00:00,4,
2020-09-08 02:00:00,4,
2020-09-08 03:00:00,4,
2020-09-08 04:00:00,4,
2020-09-08 05:00:00,4,
2020-09-08 06:00:00,4,
2020-09-08 07:00:00,4,0.9819749627758102
2020-09-08 08:00:00,4,0.9969329415290803
2020-09-08 09:00:00,4,0.9790637724758855
2020-09-08 10:00:00,4,0.9334628792693708
2020-09-08 11:00:00,4,0.9827859757468155
2020-09-08 12:00:00,4,0.9961458258348109
2020-09-08 13:00:00,4,0.9989098497702164
2020-09-08 14:00:00,4,0.9926488540598529
2020-09-08 15:00:00,4,0.960444327717426
2020-09-08 16:00:00,4,0.9981950257125458
2020-09-08 17:00:00,4,0.9958172472661091
2020-09-08 18:00:00,4,0.9983984566564348
2020-09-08 19:00:00,3,
2020-09-09 07:00:00,3,
2020-09-09 08:00:00,4,0.9976157183325458
2020-09-09 09:00:00,4,0.9975853010162723
2020-09-09 10:00:00,4,0.9736029257941509
2020-09-09 11:00:00,4,0.9997547834252607
2020-09-09 12:00:00,4,0.997685879549754
2020-09-09 13:00:00,4,0.9887311746694034
2020-09-09 14:00:00,4,0.9692272117882452
2020-09-09 15:00:00,4,0.9908159491154074
2020-09-09 16:00:00,4,0.6411654772700547
2020-09-09 17:00:00,4,0.9908046408605021
2020-09-09 18:00:00,4,0.9961372636035146
2020-09-09 19:00:00,3,0.9127077584389471
2020-09-10 08:00:00,4,0.8800763807518787
2020-09-10 09:00:00,4,0.9944718916579321
2020-09-10 10:00:00,4,0.966203044803952
2020-09-10 11:00:00,4,0.9994256676978205
2020-09-10 12:00:00,4,0.9935267193036723
2020-09-10 13:00:00,4,0.8961074280154632
2020-09-10 14:00:00,4,0.9999695769648055
2020-09-10 15:00:00,4,0.9604318314288305
2020-09-10 16:00:00,4,0.9935029698328091
2020-09-10 17:00:00,4,0.99911501566715
2020-09-10 18:00:00,4,0.9995946646181487
2020-09-10 19:00:00,4,
2020-09-10 20:00:00,4,
2020-09-10 21:00:00,4,
2020-09-10 22:00:00,4,
2020-09-10 23:00:00,4,
2020-09-11 00:00:00,4,
2020-09-11 01:00:00,4,
2020-09-11 02:00:00,4,
2020-09-11 03:00:00,4,
2020-09-11 04:00:00,4,
2020-09-11 05:00:00,4,
2020-09-11 06:00:00,4,
2020-09-11 07:00:00,4,
2020-09-11 08:00:00,4,0.970075133678997
2020-09-11 09:00:00,4,0.9979357175476316
2020-09-11 10:00:00,4,0.9996289713918708
2020-09-11 11:00:00,4,0.9994378547547329
2020-09-11 12:00:00,4,0.9861091055244842
2020-09-11 13:00:00,4,0.9958844646392303
2020-09-11 14:00:00,4,0.9678282431230506
2020-09-11 15:00:00,4,0.9991419168462884
2020-09-11 16:00:00,4,0.9928361457766067
2020-09-11 17:00:00,4,0.999778529286581
2020-09-11 18:00:00,4,0.9983493852542058
2020-09-11 19:00:00,3,0.9713200729748745
2020-09-12 07:00:00,4,0.9428122921180134
2020-09-12 08:00:00,4,0.9974045371026333
2020-09-12 09:00:00,4,0.9999705807262638
2020-09-12 10:00:00,4,0.9640703864257244
2020-09-12 11:00:00,4,0.9960307286159273
2020-09-12 12:00:00,4,0.9788079930777014
2020-09-12 13:00:00,4,0.946740029511096
2020-09-12 14:00:00,4,0.9949339257989149
2020-09-12 15:00:00,4,0.9244970008833925
2020-09-12 16:00:00,4,0.9918992632796324
2020-09-12 17:00:00,4,0.9824863558805842
2020-09-12 18:00:00,4,0.9995945785257145
2020-09-12 19:00:00,3,0.9746805031632322
2020-09-13 08:00:00,4,0.993148626005045
2020-09-13 09:00:00,4,0.9896874192400458
2020-09-13 10:00:00,4,0.9864381101771191
2020-09-13 11:00:00,4,0.9660553570552882
2020-09-13 12:00:00,4,0.9890568852555632
2020-09-13 13:00:00,4,0.9960854950807928
2020-09-13 14:00:00,4,0.9934835087475453
2020-09-13 15:00:00,4,0.9999865575679368
2020-09-13 16:00:00,4,0.9987078320884026
2020-09-13 17:00:00,4,0.9842814627351658
2020-09-13 18:00:00,4,0.9988306228518263
2020-09-13 19:00:00,3,0.9813046604190804
2020-09-14 07:00:00,3,
2020-09-14 08:00:00,4,0.9978981054963522
2020-09-14 09:00:00,4,0.9612383953282296
2020-09-14 10:00:00,4,0.9380576699894562
2020-09-14 11:00:00,4,0.993239603821065
2020-09-14 12:00:00,4,0.9994154601802657
2020-09-14 13:00:00,4,0.995230169762961
2020-09-14 14:00:00,4,0.9989203892168391
2020-09-14 15:00:00,4,0.8974647807656615
2020-09-14 16:00:00,4,0.9427345940496913
2020-09-14 17:00:00,4,0.998140064434199
2020-09-14 18:00:00,4,0.9865912835157782
2020-09-14 19:00:00,3,0.9878082435727041
2020-09-15 07:00:00,3,0.9242820992838512
2020-09-15 08:00:00,4,0.9998859848726742
2020-09-15 09:00:00,4,0.998920052220851
2020-09-15 10:00:00,4,0.9984618589345224
2020-09-15 11:00:00,4,0.9314038153581953
2020-09-15 12:00:00,4,0.9562362041843384
2020-09-15 13:00:00,4,0.9857432519318456
2020-09-15 14:00:00,4,0.9968091508406315
2020-09-15 15:00:00,4,0.9980591330288604
2020-09-15 16:00:00,4,0.9882610614529281
2020-09-15 17:00:00,4,0.997652695566482
2020-09-15 18:00:00,4,0.98397519988646
2020-09-15 19:00:00,4,0.9822524508148743
2020-09-15 20:00:00,4,
2020-09-15 21:00:00,4,
2020-09-15 22:00:00,4,
2020-09-15 23:00:00,4,
2020-09-16 00:00:00,4,
2020-09-16 01:00:00,4,
2020-09-16 02:00:00,4,
2020-09-16 03:00:00,4,
2020-09-16 04:00:00,4,
2020-09-16 05:00:00,4,
2020-09-16 06:00:00,4,
2020-09-16 07:00:00,4,0.8010768493741516
2020-09-16 08:00:00,4,0.9987084688194271
2020-09-16 09:00:00,4,0.9932531605717131
2020-09-16 10:00:00,4,0.9942336296699671
2020-09-16 11:00:00,4,0.5970327211629611
2020-09-16 12:00:00,4,0.9242437981193639
2020-09-16 13:00:00,4,0.9924934824391757
2020-09-16 14:00:00,4,0.9989153414533015
2020-09-16 15:00:00,4,0.9964986502680142
2020-09-16 16:00:00,4,0.9857394117488197
2020-09-16 17:00:00,4,0.9861814717021564
2020-09-16 18:00:00,4,0.9999773472331219
2020-09-16 19:00:00,3,0.9690582663799517
2020-09-17 07:00:00,3,0.9342743739488162
2020-09-17 08:00:00,4,0.9831156362282791
2020-09-17 09:00:00,4,0.9983563622044634
2020-09-17 10:00:00,4,0.9913393922709518
2020-09-17 11:00:00,4,0.9988393345162626
2020-09-17 12:00:00,4,0.9933274335066404
2020-09-17 13:00:00,4,0.9812893285554323
2020-09-17 14:00:00,4,0.9979526466971856
2020-09-17 15:00:00,4,0.964417094102213
2020-09-17 16:00:00,4,0.996124410828907
2020-09-17 17:00:00,4,
2020-09-17 18:00:00,4,0.9951261117920552
2020-09-18 07:00:00,3,0.8158069752713962
2020-09-18 08:00:00,4,0.9788356926013412
2020-09-18 09:00:00,4,0.9668016886714332
2020-09-18 10:00:00,4,0.9966412840121972
2020-09-18 11:00:00,4,0.9814645163685979
2020-09-18 12:00:00,4,0.992155261434756
2020-09-18 13:00:00,4,0.9724717871640727
2020-09-18 14:00:00,4,0.736140187297581
2020-09-18 15:00:00,4,0.9887719018637624
2020-09-18 16:00:00,4,0.8778062506386624
2020-09-18 17:00:00,4,0.9953753181324583
2020-09-18 18:00:00,4,0.9992098761932505
2020-09-19 07:00:00,3,0.9037349783264317
2020-09-19 08:00:00,4,0.9993184884134924
2020-09-19 09:00:00,4,0.999089515612064
2020-09-19 10:00:00,4,0.9993578073666767
2020-09-19 11:00:00,4,0.9535476436801836
2020-09-19 12:00:00,4,0.9995077126236886
2020-09-19 13:00:00,4,0.9939247710513603
2020-09-19 14:00:00,4,0.9993677406518631
2020-09-19 15:00:00,4,0.9767040968692836
2020-09-19 16:00:00,4,0.9991347720411314
2020-09-19 17:00:00,4,0.9361797663925975
2020-09-19 18:00:00,4,0.9825155405194242
2020-09-19 19:00:00,3,0.9136092171791879
2020-09-20 07:00:00,3,0.9406359673746453
2020-09-20 08:00:00,4,0.9979218062320295
2020-09-20 09:00:00,4,0.9941519697576129
2020-09-20 10:00:00,4,0.9950931725226614
2020-09-20 11:00:00,4,0.9475758478655038
2020-09-20 12:00:00,4,0.9896037156784111
2020-09-20 13:00:00,4,0.9853763421725547
2020-09-20 14:00:00,4,0.9975995376378544
2020-09-20 15:00:00,4,0.9925273994797617
2020-09-20 16:00:00,4,0.817591984467362
2020-09-20 17:00:00,4,0.9567550612862454
2020-09-20 18:00:00,4,0.9988264673832352
2020-09-20 19:00:00,3,0.9870949305290254
2020-09-21 07:00:00,3,0.9991706546388902
2020-09-21 08:00:00,4,0.9997859631406126
2020-09-21 09:00:00,4,0.8682612154881477
2020-09-21 10:00:00,4,0.9945172799839638
2020-09-21 11:00:00,4,0.9121741316884577
2020-09-21 12:00:00,4,0.8222415332622858
2020-09-21 13:00:00,4,0.9551357492546013
2020-09-21 14:00:00,4,0.9232461278908866
2020-09-21 15:00:00,4,0.9707223650455039
2020-09-21 16:00:00,4,0.9802521666339478
2020-09-21 17:00:00,4,0.826766722844809
2020-09-21 18:00:00,4,0.9988629644154742
2020-09-21 19:00:00,3,0.9350943355983691
2020-09-22 07:00:00,3,0.8764327034181586
2020-09-22 08:00:00,4,0.9924050925382063
2020-09-22 09:00:00,4,0.9603848589188853
2020-09-22 10:00:00,4,0.9737892172392517
2020-09-22 11:00:00,4,0.994548711902744
2020-09-22 12:00:00,4,0.9878960128094513
2020-09-22 13:00:00,4,0.9994204587742771
2020-09-22 14:00:00,4,0.9807571936610896
2020-09-22 15:00:00,4,0.9728810247768779
2020-09-22 16:00:00,4,0.9613055931765768
2020-09-22 17:00:00,4,0.9890346514087601
2020-09-22 18:00:00,4,0.9998147526062279
2020-09-23 07:00:00,3,0.852378734598302
2020-09-23 08:00:00,4,0.9967502034987777
2020-09-23 09:00:00,4,0.9577279497195783
2020-09-23 10:00:00,4,0.9996607797724755
2020-09-23 11:00:00,4,0.1516914779795541
2020-09-23 12:00:00,4,0.7612803664361569
2020-09-23 13:00:00,4,0.9694588028385399
2020-09-23 14:00:00,4,0.998933936190401
2020-09-23 15:00:00,4,0.9829899642845796
2020-09-23 16:00:00,4,0.999276729489768
2020-09-23 17:00:00,4,0.9970726287007254
2020-09-23 18:00:00,4,0.9958077713096468
2020-09-24 07:00:00,3,
2020-09-24 08:00:00,4,0.9995276747349253
2020-09-24 09:00:00,4,0.9951971940006465
2020-09-24 10:00:00,4,0.9990191958909723
2020-09-24 11:00:00,4,0.9860948075368716
2020-09-24 12:00:00,4,0.959324487944854
2020-09-24 13:00:00,4,0.9984131242441544
2020-09-24 14:00:00,4,0.735977917975847
2020-09-24 15:00:00,4,0.9997765261581457
2020-09-24 16:00:00,4,0.9725712059742386
2020-09-24 17:00:00,4,0.9977669280925837
2020-09-24 18:00:00,4,0.9989144448083488
2020-09-25 07:00:00,4,
2020-09-25 08:00:00,4,0.9937691748558637
2020-09-25 09:00:00,4,0.9889045294215113
2020-09-25 10:00:00,4,0.9988854815679127
2020-09-25 11:00:00,4,0.9460246008784517
2020-09-25 12:00:00,4,0.9473002205187154
2020-09-25 13:00:00,4,0.7702161343169974
2020-09-25 14:00:00,4,0.9967157142417419
2020-09-25 15:00:00,4,0.9995128851274966
2020-09-25 16:00:00,4,0.9782450695645853
2020-09-25 17:00:00,4,0.9921282355887837
2020-09-25 18:00:00,4,0.9841091958057909
2020-09-26 07:00:00,3,
2020-09-26 08:00:00,4,0.9898870425265566
2020-09-26 09:00:00,4,0.9990832287646543
2020-09-26 10:00:00,4,0.9915292545263346
2020-09-26 11:00:00,4,0.9990963613893553
2020-09-26 12:00:00,4,0.9681436165728492
2020-09-26 13:00:00,4,0.9988285700626005
2020-09-26 14:00:00,4,0.9678178635171367
2020-09-26 15:00:00,4,0.8870829674374867
2020-09-26 16:00:00,4,0.9526552489757416
2020-09-26 17:00:00,4,0.9967700008470134
2020-09-26 18:00:00,4,0.9532255594527025
2020-09-27 07:00:00,3,0.9976152078704067
2020-09-27 08:00:00,4,0.9869078395676799
2020-09-27 09:00:00,4,0.9943690945463021
2020-09-27 10:00:00,4,0.997266684080751
2020-09-27 11:00:00,4,0.9936135121086156
2020-09-27 12:00:00,4,0.9989759586688488
2020-09-27 13:00:00,4,0.9944224723047467
2020-09-27 14:00:00,4,0.9726067622027718
2020-09-27 15:00:00,4,0.9933193866774161
2020-09-27 16:00:00,4,0.9958463383497196
2020-09-27 17:00:00,4,0.9836150125020809
2020-09-27 18:00:00,4,0.9991683592807513
2020-09-28 07:00:00,3,0.9158584218985516
2020-09-28 08:00:00,4,0.9967790989268223
2020-09-28 09:00:00,4,0.9754809467598944
2020-09-28 10:00:00,4,0.9930700269510604
2020-09-28 11:00:00,4,0.7815411000878854
2020-09-28 12:00:00,4,0.9708395889586225
2020-09-28 13:00:00,4,0.9907021784576272
2020-09-28 14:00:00,4,0.9715325940976284
2020-09-28 15:00:00,4,0.8102701597926705
2020-09-28 16:00:00,4,0.9695281608335151
2020-09-28 17:00:00,4,0.9082620829395521
2020-09-28 18:00:00,4,0.9999918767694447
2020-09-29 07:00:00,3,0.9672471299049062
2020-09-29 08:00:00,4,0.9999554762654971
2020-09-29 09:00:00,4,0.9928364903081874
2020-09-29 10:00:00,4,0.9984968723021332
2020-09-29 11:00:00,4,0.8916458438018859
2020-09-29 12:00:00,4,0.7440102340798889
2020-09-29 13:00:00,4,0.3830188038121177
2020-09-29 14:00:00,4,0.9987069953037712
2020-09-29 15:00:00,4,0.8961409937646645
2020-09-29 16:00:00,4,0.9935634518524236
2020-09-29 17:00:00,4,0.999850870772238
2020-09-29 18:00:00,4,0.9991827148010232
2020-09-30 07:00:00,3,0.9627222273965945
2020-09-30 08:00:00,4,0.9607515700330143
2020-09-30 09:00:00,4,0.9990659126624563
2020-09-30 10:00:00,4,0.9800100357495474
2020-09-30 11:00:00,4,0.9889424374013267
2020-09-30 12:00:00,4,0.77777112348343
2020-09-30 13:00:00,4,0.7720692087357525
2020-09-30 14:00:00,4,0.9987954638537454
2020-09-30 15:00:00,4,0.9966199018693082
2020-09-30 16:00:00,4,0.8826990163108936
2020-09-30 17:00:00,4,0.9821987382404316
2020-09-30 18:00:00,4,0.999136859435216
2020-10-01 07:00:00,3,0.9647620981486419
2020-10-01 08:00:00,4,0.9494495403827261
2020-10-01 09:00:00,4,0.9994520203821015
2020-10-01 10:00:00,4,0.8978548727448687
2020-10-01 11:00:00,4,0.7513177095720963
2020-10-01 12:00:00,4,0.9515725508512384
2020-10-01 13:00:00,4,0.9369596097485191
2020-10-01 14:00:00,4,0.9931056958361211
2020-10-01 15:00:00,4,0.8839842973714354
2020-10-01 16:00:00,4,0.9900010535551096
2020-10-01 17:00:00,4,0.94595080918771
2020-10-01 18:00:00,4,0.9986973563235443
2020-10-02 07:00:00,3,0.9794522450739097
2020-10-02 08:00:00,4,0.854490375951312
2020-10-02 09:00:00,4,0.9960602924895715
2020-10-02 10:00:00,4,0.9991321869127249
2020-10-02 11:00:00,4,0.9953818579501592
2020-10-02 12:00:00,4,0.8386952066325077
2020-10-02 13:00:00,4,0.9517700545841717
2020-10-02 14:00:00,4,0.9771417587470951
2020-10-02 15:00:00,4,0.99618912250219
2020-10-02 16:00:00,4,0.9618721267385508
2020-10-02 17:00:00,4,0.9966091241519408
2020-10-02 18:00:00,4,0.99678611069519
2020-10-03 07:00:00,3,0.8826554160996011
2020-10-03 08:00:00,4,0.9945189616979434
2020-10-03 09:00:00,4,0.9714295495917381
2020-10-03 10:00:00,4,0.8300438455807598
2020-10-03 11:00:00,4,0.8922464572413878
2020-10-03 12:00:00,4,0.588911944754967
2020-10-03 13:00:00,4,0.9584131307163744
2020-10-03 14:00:00,4,0.9964991119948529
2020-10-03 15:00:00,4,0.9577536289120036
2020-10-03 16:00:00,4,0.998038092807851
2020-10-03 17:00:00,4,0.9981434926676368
2020-10-03 18:00:00,4,0.9999794631085736
2020-10-04 07:00:00,3,0.9442185249922614
2020-10-04 08:00:00,4,0.9738459873898702
2020-10-04 09:00:00,4,0.9869212924896119
2020-10-04 10:00:00,4,0.9907407057302293
2020-10-04 11:00:00,4,0.6226083116307471
2020-10-04 12:00:00,4,0.9937662402395849
2020-10-04 13:00:00,4,0.9020212677794894
2020-10-04 14:00:00,4,0.975638905406147
2020-10-04 15:00:00,4,0.9894109185803871
2020-10-04 16:00:00,4,0.9898888419249867
2020-10-04 17:00:00,4,0.9952135762821618
2020-10-04 18:00:00,4,0.9990266502009767
2020-10-05 07:00:00,3,0.9699301003038289
2020-10-05 08:00:00,4,0.9991187130048281
2020-10-05 09:00:00,4,0.9945029083433531
2020-10-05 10:00:00,4,0.9956296204777875
2020-10-05 11:00:00,4,0.9963733385741061
2020-10-05 12:00:00,4,0.9146889733069644
2020-10-05 13:00:00,4,0.9951888898004353
2020-10-05 14:00:00,4,0.9988419891934316
2020-10-05 15:00:00,4,0.9988395562656593
2020-10-05 16:00:00,4,0.9973676425310328
2020-10-05 17:00:00,4,0.9891351271807128
2020-10-05 18:00:00,4,0.9990941965250806
2020-10-06 07:00:00,3,0.9806637432985401
2020-10-06 08:00:00,4,0.9668499176269376
2020-10-06 09:00:00,4,0.9914418338960415
2020-10-06 10:00:00,4,0.5940548062834724
2020-10-06 11:00:00,4,0.9249900170609732
2020-10-06 12:00:00,4,0.9554801640946877
2020-10-06 13:00:00,4,0.9317167342067015
2020-10-06 14:00:00,4,0.5820643658023219
2020-10-06 15:00:00,4,0.9829979631541849
2020-10-06 16:00:00,4,0.9981247162438357
2020-10-06 17:00:00,4,0.9990430121182735
2020-10-06 18:00:00,4,0.9994530165328788
2020-10-07 08:00:00,4,0.9964607092940382
2020-10-07 09:00:00,4,0.9995277106923978
2020-10-07 10:00:00,4,0.9994231688154236
2020-10-07 11:00:00,4,0.9970130664320134
2020-10-07 12:00:00,4,0.9996093191951078
2020-10-07 13:00:00,4,0.998862448903687
2020-10-07 14:00:00,4,0.9982819963092031
2020-10-07 15:00:00,4,0.995493156197047
2020-10-07 16:00:00,4,0.984896512198056
2020-10-07 17:00:00,4,0.9986685637470339
2020-10-07 18:00:00,4,0.9679709578302633
2020-10-08 07:00:00,3,0.9354336740351757
2020-10-08 08:00:00,4,0.9983769190578103
2020-10-08 09:00:00,4,0.9123358416165009
2020-10-08 10:00:00,4,0.5772827723020519
2020-10-08 11:00:00,4,-0.3724072646473289
2020-10-08 12:00:00,4,0.9816576036178961
2020-10-08 13:00:00,4,0.8989306830908058
2020-10-08 14:00:00,4,0.9619525308393724
2020-10-08 15:00:00,4,0.5132253469228104
2020-10-08 16:00:00,4,0.9459447983739353
2020-10-08 17:00:00,4,0.975026116151598
2020-10-08 18:00:00,4,0.9744914612543738
2020-10-09 08:00:00,4,0.9941567148472465
2020-10-09 09:00:00,4,0.9938440788794425
2020-10-09 10:00:00,4,0.9026910389009271
2020-10-09 11:00:00,4,0.33851495083159444
2020-10-09 12:00:00,4,0.5155003717421467
2020-10-09 13:00:00,4,0.9534910002215117
2020-10-09 14:00:00,4,0.9547210217962263
2020-10-09 15:00:00,4,0.7536473598163353
2020-10-09 16:00:00,4,-0.39369685945204425
2020-10-09 17:00:00,4,0.8971342770901919
2020-10-09 18:00:00,4,0.9530033638142196
2020-10-09 19:00:00,4,
2020-10-09 20:00:00,4,
2020-10-09 23:00:00,3,
2020-10-10 00:00:00,4,
2020-10-10 01:00:00,4,
2020-10-10 02:00:00,4,
2020-10-10 03:00:00,4,
2020-10-10 04:00:00,4,
2020-10-10 05:00:00,4,
2020-10-10 06:00:00,4,
2020-10-10 07:00:00,4,0.9892124888717303
2020-10-10 08:00:00,4,0.9600447637864314
2020-10-10 09:00:00,4,0.9656338729899498
2020-10-10 10:00:00,4,0.8489724878788347
2020-10-10 11:00:00,4,0.7147399463952605
2020-10-10 12:00:00,4,0.9531307898738426
2020-10-10 13:00:00,4,0.07463222657985545
2020-10-10 14:00:00,4,0.9881479532460279
2020-10-10 15:00:00,4,0.9837089105389925
2020-10-10 16:00:00,4,0.8603857405563141
2020-10-10 17:00:00,4,0.9901403232194529
2020-10-10 18:00:00,4,0.9883977550544776
2020-10-11 08:00:00,4,0.9916069940160651
2020-10-11 09:00:00,4,0.9976253915008547
2020-10-11 10:00:00,4,0.8122222869557797
2020-10-11 11:00:00,4,0.3288495479812197
2020-10-11 12:00:00,4,0.9987248176526479
2020-10-11 13:00:00,4,0.8927114119783682
2020-10-11 14:00:00,4,0.2512250125985674
2020-10-11 15:00:00,4,0.9729143249237147
2020-10-11 16:00:00,4,0.9995492825787367
2020-10-11 17:00:00,4,0.8299586741232052
2020-10-11 18:00:00,4,0.9916587561689802
2020-10-11 19:00:00,4,
2020-10-11 20:00:00,4,
2020-10-11 21:00:00,4,
2020-10-11 22:00:00,4,
2020-10-11 23:00:00,4,
2020-10-12 00:00:00,4,
2020-10-12 01:00:00,4,
2020-10-12 02:00:00,4,
2020-10-12 03:00:00,4,
2020-10-12 04:00:00,4,
2020-10-12 05:00:00,4,
2020-10-12 06:00:00,4,
2020-10-12 07:00:00,4,0.9719655564126075
2020-10-12 08:00:00,4,0.9998221188110505
2020-10-12 09:00:00,4,0.9087401088103546
2020-10-12 10:00:00,4,0.9289969399548963
2020-10-12 11:00:00,4,0.9855904575808261
2020-10-12 12:00:00,4,0.9523429528699555
2020-10-12 13:00:00,4,0.950041521446888
2020-10-12 14:00:00,4,0.80696463075248
2020-10-12 15:00:00,4,0.9707589621861001
2020-10-12 16:00:00,4,0.9940700205258737
2020-10-12 17:00:00,4,0.9899147611368873
2020-10-12 18:00:00,4,0.9951715229646153
2020-10-12 19:00:00,4,
2020-10-12 20:00:00,4,
2020-10-12 21:00:00,4,
2020-10-12 22:00:00,4,
2020-10-12 23:00:00,4,
2020-10-13 00:00:00,4,
2020-10-13 01:00:00,4,
2020-10-13 02:00:00,4,
2020-10-13 03:00:00,4,
2020-10-13 04:00:00,4,
2020-10-13 05:00:00,4,
2020-10-13 06:00:00,4,
2020-10-13 07:00:00,4,0.9632580658543632
2020-10-13 08:00:00,4,0.885370017497192
2020-10-13 09:00:00,4,0.9493353933649084
2020-10-13 10:00:00,4,0.8792957307639929
2020-10-13 11:00:00,4,0.8763199533266878
2020-10-13 12:00:00,4,0.8476337656398824
2020-10-13 13:00:00,4,0.937712895470151
2020-10-13 14:00:00,4,0.9771238061796107
2020-10-13 15:00:00,4,0.9551953359253056
2020-10-13 16:00:00,4,0.20380209369974955
2020-10-13 17:00:00,4,0.9906461225652666
2020-10-13 18:00:00,4,0.9999065973671742
2020-10-13 19:00:00,4,
2020-10-13 20:00:00,4,
2020-10-13 21:00:00,4,
2020-10-13 22:00:00,4,
2020-10-13 23:00:00,4,
2020-10-14 00:00:00,4,
2020-10-14 01:00:00,4,
2020-10-14 02:00:00,4,
2020-10-14 03:00:00,4,
2020-10-14 04:00:00,4,
2020-10-14 05:00:00,4,
2020-10-14 06:00:00,4,
2020-10-14 07:00:00,4,0.9271726499455305
2020-10-14 08:00:00,4,0.9798806511697512
2020-10-14 09:00:00,4,0.9998415781816127
2020-10-14 10:00:00,4,0.9858222368677289
2020-10-14 11:00:00,4,0.9888814033397944
2020-10-14 12:00:00,4,0.9659614791748304
2020-10-14 13:00:00,4,0.9687761854414592
2020-10-14 14:00:00,4,0.971261739405229
2020-10-14 15:00:00,4,0.9872215426771757
2020-10-14 16:00:00,4,0.9753935243842827
2020-10-14 17:00:00,4,0.9859632978923331
2020-10-14 18:00:00,4,0.9985059326129118
2020-10-14 19:00:00,4,
2020-10-14 20:00:00,4,
2020-10-14 21:00:00,4,
2020-10-14 22:00:00,4,
2020-10-14 23:00:00,4,
2020-10-15 00:00:00,4,
2020-10-15 01:00:00,4,
2020-10-15 02:00:00,4,
2020-10-15 03:00:00,4,
2020-10-15 04:00:00,4,
2020-10-15 05:00:00,4,
2020-10-15 06:00:00,4,
2020-10-15 07:00:00,4,0.9704493103623255
2020-10-15 08:00:00,4,0.9981542380930831
2020-10-15 09:00:00,4,0.874810967832818
2020-10-15 10:00:00,4,0.9720399079406248
2020-10-15 11:00:00,4,0.9115392634140779
2020-10-15 12:00:00,4,0.9973874663990469
2020-10-15 13:00:00,4,0.41548098408559236
2020-10-15 14:00:00,4,0.9269885972287426
2020-10-15 15:00:00,4,0.8597030282924741
2020-10-15 16:00:00,4,0.9860012360461529
2020-10-15 17:00:00,4,0.9984656044256514
2020-10-15 18:00:00,4,0.9999157981844866
2020-10-16 08:00:00,4,0.7836791946971456
2020-10-16 09:00:00,4,0.90767576173385
2020-10-16 10:00:00,4,0.980394189423968
2020-10-16 11:00:00,4,0.9774619945635732
2020-10-16 12:00:00,4,0.9605828263093449
2020-10-16 13:00:00,4,0.9337711067172395
2020-10-16 14:00:00,4,0.9827574934810123
2020-10-16 15:00:00,4,0.9281714541365327
2020-10-16 16:00:00,4,0.8789521155575052
2020-10-16 17:00:00,4,0.9914712640257718
2020-10-16 18:00:00,4,0.9018946818353155
2020-10-16 19:00:00,4,
2020-10-16 20:00:00,4,
2020-10-16 21:00:00,4,
2020-10-16 22:00:00,4,
2020-10-16 23:00:00,4,
2020-10-17 00:00:00,4,
2020-10-17 01:00:00,4,
2020-10-17 02:00:00,4,
2020-10-17 03:00:00,4,
2020-10-17 04:00:00,4,
2020-10-17 05:00:00,4,
2020-10-17 06:00:00,4,
2020-10-17 07:00:00,4,
2020-10-17 08:00:00,4,0.9805899755002931
2020-10-17 09:00:00,4,0.9059758252689625
2020-10-17 10:00:00,4,0.9540659629432517
2020-10-17 11:00:00,4,0.9984762607487159
2020-10-17 12:00:00,4,0.9658249360123705
2020-10-17 13:00:00,4,0.9999151708973335
2020-10-17 14:00:00,4,0.9925867948718103
2020-10-17 15:00:00,4,0.9958319519585684
2020-10-17 16:00:00,4,0.9971524539705673
2020-10-17 17:00:00,4,0.9998124504978245
2020-10-17 18:00:00,4,0.9950842478259857
2020-10-18 08:00:00,4,0.9988491578712974
2020-10-18 09:00:00,4,0.9828517245452053
2020-10-18 10:00:00,4,0.9906695453461645
2020-10-18 11:00:00,4,0.9964528180514947
2020-10-18 12:00:00,4,0.9748704412458759
2020-10-18 13:00:00,4,0.9624800480013024
2020-10-18 14:00:00,4,0.9964018731775091
2020-10-18 15:00:00,4,0.3365739957079182
2020-10-18 16:00:00,4,0.9161246288793303
2020-10-18 17:00:00,4,0.959784915696593
2020-10-18 18:00:00,4,0.9745646933173515
2020-10-18 19:00:00,4,
2020-10-18 20:00:00,4,
2020-10-18 21:00:00,4,
2020-10-18 22:00:00,4,
2020-10-18 23:00:00,4,
2020-10-19 00:00:00,4,
2020-10-19 01:00:00,4,
2020-10-19 02:00:00,4,
2020-10-19 03:00:00,4,
2020-10-19 04:00:00,4,
2020-10-19 05:00:00,4,
2020-10-19 06:00:00,4,
2020-10-19 07:00:00,4,
2020-10-19 08:00:00,4,0.982573414889447
2020-10-19 09:00:00,4,0.98661213650285
2020-10-19 10:00:00,4,0.9264377648160586
2020-10-19 11:00:00,4,0.8718603269579066
2020-10-19 12:00:00,4,0.8045640021725036
2020-10-19 13:00:00,4,0.9761620149283484
2020-10-19 14:00:00,4,0.9990880894713832
2020-10-19 15:00:00,4,0.9694995514046277
2020-10-19 16:00:00,4,0.9452802093053052
2020-10-19 17:00:00,4,0.4562453913316044
2020-10-19 18:00:00,4,
2020-10-20 08:00:00,4,0.9939543781023372
2020-10-20 09:00:00,4,0.99405159571832
2020-10-20 10:00:00,4,0.9935663396200707
2020-10-20 11:00:00,4,0.9950827315969946
2020-10-20 12:00:00,4,0.8960314643922836
2020-10-20 13:00:00,4,0.9575787867997458
2020-10-20 14:00:00,4,0.9324566248070035
2020-10-20 15:00:00,4,0.9991819898544715
2020-10-20 16:00:00,4,0.9503928895565525
2020-10-20 17:00:00,4,0.9249044606188551
2020-10-20 18:00:00,4,
2020-10-20 19:00:00,4,
2020-10-20 20:00:00,4,
2020-10-20 21:00:00,4,
2020-10-20 22:00:00,4,
2020-10-20 23:00:00,4,
2020-10-21 00:00:00,4,
2020-10-21 01:00:00,4,
2020-10-21 02:00:00,4,
2020-10-21 03:00:00,4,
2020-10-21 04:00:00,4,
2020-10-21 05:00:00,4,
2020-10-21 06:00:00,4,
2020-10-21 07:00:00,4,
2020-10-21 08:00:00,4,0.9491897367941371
2020-10-21 09:00:00,4,0.9886439494937963
2020-10-21 10:00:00,4,0.915512162837363
2020-10-21 11:00:00,4,0.9938151111692751
2020-10-21 12:00:00,4,0.9560107109621626
2020-10-21 13:00:00,4,0.9865148261197267
2020-10-21 14:00:00,4,0.9960929170913873
2020-10-21 15:00:00,4,0.9953674804351821
2020-10-21 16:00:00,4,0.4682906627751928
2020-10-21 17:00:00,4,0.6647376743044421
2020-10-21 18:00:00,4,0.9656235758851498
2020-10-22 08:00:00,4,0.7909705289263879
2020-10-22 09:00:00,4,0.8406597012513126
2020-10-22 10:00:00,4,0.9258084203578317
2020-10-22 11:00:00,4,0.9854841894239557
2020-10-22 12:00:00,4,0.6443312532014444
2020-10-22 13:00:00,4,0.8162839301564394
2020-10-22 14:00:00,4,0.9844568297557674
2020-10-22 15:00:00,4,0.9627204734957724
2020-10-22 16:00:00,4,0.9985768872283197
2020-10-22 17:00:00,4,0.9946646290201578
2020-10-22 18:00:00,4,0.9884430140956452
2020-10-23 08:00:00,4,0.9926561830743085
2020-10-23 09:00:00,4,0.9848008878064367
2020-10-23 10:00:00,4,0.9953865206205107
2020-10-23 11:00:00,4,0.9101855003686216
2020-10-23 12:00:00,4,0.7851249527444908
2020-10-23 13:00:00,4,0.9529029284853945
2020-10-23 14:00:00,4,0.9715222288694919
2020-10-23 15:00:00,4,0.7792916566433872
2020-10-23 16:00:00,4,0.9670415727424676
2020-10-23 17:00:00,4,0.9986403929319616
2020-10-23 18:00:00,4,0.9691845956472784
2020-10-24 08:00:00,4,0.9944205130481559
2020-10-24 09:00:00,4,0.9551581641187564
2020-10-24 10:00:00,4,0.9653956119012354
2020-10-24 11:00:00,4,0.08437189420625887
2020-10-24 12:00:00,4,0.8912987687712267
2020-10-24 13:00:00,4,0.9956859728936782
2020-10-24 14:00:00,4,0.9037826198415346
2020-10-24 15:00:00,4,0.19983644570395737
2020-10-24 16:00:00,4,0.8231078640470247
2020-10-24 17:00:00,4,0.8686077585365937
2020-10-24 18:00:00,4,0.9552984650771629
2020-10-25 08:00:00,4,0.9998422968714326
2020-10-25 09:00:00,4,0.9993134877979492
2020-10-25 10:00:00,4,0.9951931141666449
2020-10-25 11:00:00,4,0.9928808160964961
2020-10-25 12:00:00,4,0.7074928829744705
2020-10-25 13:00:00,4,0.8484143130051593
2020-10-25 14:00:00,4,0.9603637902917982
2020-10-25 15:00:00,4,0.9708916005718868
2020-10-25 16:00:00,4,0.9981382950224557
2020-10-25 17:00:00,4,0.9999991335083362
2020-10-25 18:00:00,4,0.9988034213627168
2020-10-26 08:00:00,4,0.9960671336179987
2020-10-26 09:00:00,4,0.8436755093906081
2020-10-26 10:00:00,4,0.5600995169320448
2020-10-26 11:00:00,4,0.8850386251181355
2020-10-26 12:00:00,4,0.8728923767922974
2020-10-26 13:00:00,4,0.8938535908064913
2020-10-26 14:00:00,4,-0.5205485939224874
2020-10-26 15:00:00,4,0.976212191391729
2020-10-26 16:00:00,4,0.9926238496438452
2020-10-26 17:00:00,4,0.9994592986578446
2020-10-26 18:00:00,4,0.9986387269145406
2020-10-27 08:00:00,4,0.9998633644281353
2020-10-27 09:00:00,4,0.9941893355922395
2020-10-27 10:00:00,4,0.9991122662860046
2020-10-27 11:00:00,4,0.9009949379931709
2020-10-27 12:00:00,4,0.7928325687815243
2020-10-27 13:00:00,4,0.9487743238140377
2020-10-27 14:00:00,4,0.9463824585369678
2020-10-27 15:00:00,4,0.9944743114862618
2020-10-27 16:00:00,4,0.9992075567085634
2020-10-27 17:00:00,4,0.9996027412720754
2020-10-27 18:00:00,4,0.9993021443506827
2020-10-28 08:00:00,4,0.9949997561163353
2020-10-28 09:00:00,4,0.9935531803086286
2020-10-28 10:00:00,4,0.9740126973101899
2020-10-28 11:00:00,4,0.9993882071520377
2020-10-28 12:00:00,4,0.9692145451274408
2020-10-28 13:00:00,4,0.998792269411954
2020-10-28 14:00:00,4,0.9856936155047965
2020-10-28 15:00:00,4,0.9568593111402244
2020-10-28 16:00:00,4,0.9925538845439954
2020-10-28 17:00:00,4,0.9727003872574039
2020-10-28 18:00:00,4,0.9984967705855503
2020-10-29 08:00:00,4,0.973867062776063
2020-10-29 09:00:00,4,0.9988112457111693
2020-10-29 10:00:00,4,0.8256078469152343
2020-10-29 11:00:00,4,0.9334140772722844
2020-10-29 12:00:00,4,0.9099227899218074
2020-10-29 13:00:00,4,0.922460019708186
2020-10-29 14:00:00,4,0.8559998863499151
2020-10-29 15:00:00,4,0.9963538307264829
2020-10-29 16:00:00,4,0.9973781818646718
2020-10-29 17:00:00,4,0.9987612251891955
2020-10-29 18:00:00,4,0.9995524760849591
2020-10-30 08:00:00,4,0.9997881210735388
2020-10-30 09:00:00,4,0.9753584994891737
2020-10-30 10:00:00,4,0.9449583303114242
2020-10-30 11:00:00,4,0.8956423481544096
2020-10-30 12:00:00,4,0.8169541123288648
2020-10-30 13:00:00,4,0.9678039316575122
2020-10-30 14:00:00,4,0.900346035779059
2020-10-30 15:00:00,4,0.7448353438631335
2020-10-30 16:00:00,4,0.9966034763251461
2020-10-30 17:00:00,4,0.9601571876090722
2020-10-30 18:00:00,4,0.9975379375501673
2020-10-31 08:00:00,4,0.9994393809998567
2020-10-31 09:00:00,4,0.9975509221193355
2020-10-31 10:00:00,4,0.9995341033695715
2020-10-31 11:00:00,4,-0.1092103686224304
2020-10-31 12:00:00,4,0.9783302515346054
2020-10-31 13:00:00,4,0.9911213692970052
2020-10-31 14:00:00,4,0.890421049319541
2020-10-31 15:00:00,4,0.9853713967725086
2020-10-31 16:00:00,4,0.9929060731592629
2020-10-31 17:00:00,4,0.9990207015173186
2020-10-31 18:00:00,4,0.9783442627354455
2020-11-01 08:00:00,4,0.9965628906908579
2020-11-01 09:00:00,4,0.8947197969535731
2020-11-01 10:00:00,4,0.8638753640492228
2020-11-01 11:00:00,4,0.8768384414927757
2020-11-01 12:00:00,4,0.9945762630655498
2020-11-01 13:00:00,4,0.9973125750987691
2020-11-01 14:00:00,4,0.9987352266633861
2020-11-01 15:00:00,4,0.9859408871718781
2020-11-01 16:00:00,4,0.9684433064774782
2020-11-01 17:00:00,4,0.9946362296523975
2020-11-01 18:00:00,4,
2020-11-02 08:00:00,4,0.998503949829712
2020-11-02 09:00:00,4,0.9855669687321127
2020-11-02 10:00:00,4,0.9291829855925584
2020-11-02 11:00:00,4,0.9976829520863751
2020-11-02 12:00:00,4,0.9299272375563227
2020-11-02 13:00:00,4,0.9745745587493355
2020-11-02 14:00:00,4,0.9638202421570796
2020-11-02 15:00:00,4,0.9806318000185804
2020-11-02 16:00:00,4,0.930034164153431
2020-11-02 17:00:00,4,0.9960048622230789
2020-11-02 18:00:00,4,0.9419810234524345
2020-11-03 08:00:00,4,0.9995690369018845
2020-11-03 09:00:00,4,0.9977485268296041
2020-11-03 10:00:00,4,0.9989176869816921
2020-11-03 11:00:00,4,0.900186077276168
2020-11-03 12:00:00,4,0.9673526415141118
2020-11-03 13:00:00,4,0.6990639117311903
2020-11-03 14:00:00,4,0.9761286653464156
2020-11-03 15:00:00,4,0.9856819375322601
2020-11-03 16:00:00,4,0.9945919964147046
2020-11-03 17:00:00,4,0.9947628886670423
2020-11-03 18:00:00,4,0.9987991373110292
2020-11-04 08:00:00,4,0.9424768878037921
2020-11-04 09:00:00,4,0.9774540197218665
2020-11-04 10:00:00,4,0.01464497262287469
2020-11-04 11:00:00,4,0.41027238035832747
2020-11-04 12:00:00,4,-0.6595747502984062
2020-11-04 13:00:00,4,0.9842653423924065
2020-11-04 14:00:00,4,0.986648180749269
2020-11-04 15:00:00,4,0.9866437002898437
2020-11-04 16:00:00,4,0.9849812975843687
2020-11-04 17:00:00,4,0.9997112048961506
2020-11-04 18:00:00,4,0.9988151273734339
2020-11-05 08:00:00,4,0.9879300653176272
2020-11-05 09:00:00,4,0.9823834717867798
2020-11-05 10:00:00,4,0.9996037821825161
2020-11-05 11:00:00,4,0.9990563642504584
2020-11-05 12:00:00,4,0.9991073791052363
2020-11-05 13:00:00,4,0.9962408453421531
2020-11-05 14:00:00,4,0.9386445155360883
2020-11-05 15:00:00,4,0.998102640195153
2020-11-05 16:00:00,4,0.9952979177093222
2020-11-05 17:00:00,4,0.9966698616358057
2020-11-05 18:00:00,4,0.9989024342250075
2020-11-06 08:00:00,4,0.9919632353338598
2020-11-06 09:00:00,4,0.9854936402645412
2020-11-06 10:00:00,4,0.9994705454864562
2020-11-06 11:00:00,4,0.9997760159845116
2020-11-06 12:00:00,4,0.996436764461703
2020-11-06 13:00:00,4,-0.43757555359532324
2020-11-06 14:00:00,4,0.9799213888088983
2020-11-06 15:00:00,4,0.9881527308423382
2020-11-06 16:00:00,4,0.9775591434758828
2020-11-06 17:00:00,4,0.9995720702225548
2020-11-06 18:00:00,4,0.9987612446544811
2020-11-07 08:00:00,4,0.9962380187604993
2020-11-07 09:00:00,4,0.9998452982989776
2020-11-07 10:00:00,4,0.9978569348696695
2020-11-07 11:00:00,4,0.9958151148894269
2020-11-07 12:00:00,4,0.5070986981498361
2020-11-07 13:00:00,4,0.9626492285846007
2020-11-07 14:00:00,4,0.9878519712056045
2020-11-07 15:00:00,4,0.9469187281935132
2020-11-07 16:00:00,4,0.9989590778904919
2020-11-07 17:00:00,4,0.9992432775577872
2020-11-07 18:00:00,4,0.9950185761667091
2020-11-08 08:00:00,4,0.9917589458745781
2020-11-08 09:00:00,4,0.9847116283906778
2020-11-08 10:00:00,4,0.9999404784779065
2020-11-08 11:00:00,4,0.9995417555128975
2020-11-08 12:00:00,4,0.9922553266493412
2020-11-08 13:00:00,4,0.6955469059577116
2020-11-08 14:00:00,4,0.9984093755865937
2020-11-08 15:00:00,4,0.7449285346424356
2020-11-08 16:00:00,4,0.6821000891105458
2020-11-08 17:00:00,4,0.9992390716230848
2020-11-08 18:00:00,4,0.9985798923867276
2020-11-09 08:00:00,4,0.998941316494792
2020-11-09 09:00:00,4,0.9901131446688
2020-11-09 10:00:00,4,0.9711384994954335
2020-11-09 11:00:00,4,0.9761038867074082
2020-11-09 12:00:00,4,-0.4914162705553565
2020-11-09 13:00:00,4,0.994627978139343
2020-11-09 14:00:00,4,0.9998564880862095
2020-11-09 15:00:00,4,0.9953982977187398
2020-11-09 16:00:00,4,0.9997681843690384
2020-11-09 17:00:00,4,0.9994842609961936
2020-11-09 18:00:00,4,0.9574285260228738
2020-11-10 08:00:00,4,0.9956369210232417
2020-11-10 09:00:00,4,0.6397809897909874
2020-11-10 10:00:00,4,0.9391258295229481
2020-11-10 11:00:00,4,0.999604751191989
2020-11-10 12:00:00,4,0.9949129053465676
2020-11-10 13:00:00,4,0.9773510790791261
2020-11-10 14:00:00,4,0.9877705599820374
2020-11-10 15:00:00,4,0.9987526534098052
2020-11-10 16:00:00,4,0.999491099711302
2020-11-10 17:00:00,4,0.9981525696946872
2020-11-10 18:00:00,3,0.9998011598695833
2020-11-11 08:00:00,4,0.9854398585962074
2020-11-11 09:00:00,4,0.9984298451204395
2020-11-11 10:00:00,4,0.9998739424979953
2020-11-11 11:00:00,4,0.9999400082234348
2020-11-11 12:00:00,4,0.9995595709668159
2020-11-11 13:00:00,4,0.6838353242391103
2020-11-11 14:00:00,4,-0.3472020598716495
2020-11-11 15:00:00,4,-0.454651907358604
2020-11-11 16:00:00,4,0.9987186280301885
2020-11-11 17:00:00,4,0.9981651226345922
2020-11-11 18:00:00,3,0.9996514987996337
2020-11-12 08:00:00,4,0.9954311403513361
2020-11-12 09:00:00,4,0.9995739575160824
2020-11-12 10:00:00,4,0.998115802146718
2020-11-12 11:00:00,4,0.9782518156851007
2020-11-12 12:00:00,4,0.9880666818743525
2020-11-12 13:00:00,4,0.946666483630106
2020-11-12 14:00:00,4,0.7210329864003356
2020-11-12 15:00:00,4,-0.5634862184634485
2020-11-12 16:00:00,4,0.9992534195714178
2020-11-12 17:00:00,4,0.999325540195519
2020-11-12 18:00:00,3,0.9995558922621026
2020-11-13 08:00:00,4,0.999933412608995
2020-11-13 09:00:00,4,0.9999218605127703
2020-11-13 10:00:00,4,0.9962527813497589
2020-11-13 11:00:00,4,0.5071435732093968
2020-11-13 12:00:00,4,0.9088141122570945
2020-11-13 13:00:00,4,0.9630291590578712
2020-11-13 14:00:00,4,0.9998530157851597
2020-11-13 15:00:00,4,0.9862401473871484
2020-11-13 16:00:00,4,0.998434754478938
2020-11-13 17:00:00,4,0.9992528160510292
2020-11-13 18:00:00,3,0.9988235325429962
2020-11-14 08:00:00,4,0.9985585939886528
2020-11-14 09:00:00,4,0.8154307487955568
2020-11-14 10:00:00,4,0.9985499155044061
2020-11-14 11:00:00,4,0.8049489377108194
2020-11-14 12:00:00,4,0.8490655863833351
2020-11-14 13:00:00,4,0.9420543677261962
2020-11-14 14:00:00,4,0.9975248168070272
2020-11-14 15:00:00,4,0.9959233765753801
2020-11-14 16:00:00,4,0.9991151846600702
2020-11-14 17:00:00,4,0.9985564988669886
2020-11-14 18:00:00,3,0.9980885321134766
2020-11-15 08:00:00,4,0.9990775411913437
2020-11-15 09:00:00,4,0.986958220154394
2020-11-15 10:00:00,4,0.7762258951981874
2020-11-15 11:00:00,4,0.99478545042114
2020-11-15 12:00:00,4,0.9919271885319458
2020-11-15 13:00:00,4,0.8891558178781249
2020-11-15 14:00:00,4,0.9987334355642967
2020-11-15 15:00:00,4,0.9999852027233203
2020-11-15 16:00:00,4,0.9995213967046781
2020-11-15 17:00:00,4,0.9987247757947484
2020-11-15 18:00:00,3,0.9976660311071667
2020-11-16 08:00:00,4,0.999433152929646
2020-11-16 09:00:00,4,0.9911325269270476
2020-11-16 10:00:00,4,0.9997746246285004
2020-11-16 11:00:00,4,0.9940575915061549
2020-11-16 12:00:00,4,0.9636318582690522
2020-11-16 13:00:00,4,0.9994132668023797
2020-11-16 14:00:00,4,0.9994289714604571
2020-11-16 15:00:00,4,0.9962183345507098
2020-11-16 16:00:00,4,0.99897368812537
2020-11-16 17:00:00,4,0.9994303755994173
2020-11-16 18:00:00,3,0.9999305035544553
2020-11-17 08:00:00,4,0.9954368334735916
2020-11-17 09:00:00,4,0.9982973863937215
2020-11-17 10:00:00,4,0.9991360901000951
2020-11-17 11:00:00,4,0.9892509914815655
2020-11-17 12:00:00,4,-0.4501550488449971
2020-11-17 13:00:00,4,0.9987298746918206
2020-11-17 14:00:00,4,0.9473826238393727
2020-11-17 15:00:00,4,0.9476765430714141
2020-11-17 16:00:00,4,0.9839638061044093
2020-11-17 17:00:00,4,0.9751672344821957
2020-11-17 18:00:00,3,0.9989955088052775
2020-11-18 08:00:00,4,0.9939024325470315
2020-11-18 09:00:00,4,0.995251241033175
2020-11-18 10:00:00,4,0.9976668643956761
2020-11-18 11:00:00,4,-0.061000017027981746
2020-11-18 12:00:00,4,0.859443342349495
2020-11-18 13:00:00,4,0.9950811679281247
2020-11-18 14:00:00,4,0.9912534690431677
2020-11-18 15:00:00,4,0.9970044614955121
2020-11-18 16:00:00,4,0.9983194805158383
2020-11-18 17:00:00,4,0.9998532312501585
2020-11-18 18:00:00,3,0.944911182523068
2020-11-19 08:00:00,4,0.9976878795283686
2020-11-19 09:00:00,4,0.8761760403018342
2020-11-19 10:00:00,4,0.9992899063330255
2020-11-19 11:00:00,4,0.999879645627629
2020-11-19 12:00:00,4,0.9931328648489567
2020-11-19 13:00:00,4,0.9588580766298864
2020-11-19 14:00:00,4,0.9980693355978049
2020-11-19 15:00:00,4,0.9998475426010407
2020-11-19 16:00:00,4,0.9991576598784604
2020-11-19 17:00:00,4,0.9988111478629639
2020-11-19 18:00:00,3,0.9999351887095311
2020-11-20 08:00:00,4,0.9998047416475935
2020-11-20 09:00:00,4,0.8568469261143824
2020-11-20 10:00:00,4,0.9986738512350938
2020-11-20 11:00:00,4,0.9991576550035004
2020-11-20 12:00:00,4,0.9805273905930463
2020-11-20 13:00:00,4,0.8550859564514607
2020-11-20 14:00:00,4,0.9786557055831514
2020-11-20 15:00:00,4,0.9994790887330288
2020-11-20 16:00:00,4,0.999199353028205
2020-11-20 17:00:00,4,0.9994157558674115
2020-11-20 18:00:00,3,0.9998432152284511
2020-11-21 08:00:00,4,0.999826749787262
2020-11-21 09:00:00,4,0.9258118507470422
2020-11-21 10:00:00,4,0.9985040342378947
2020-11-21 11:00:00,4,0.9997713173527252
2020-11-21 12:00:00,4,0.9992225967360504
2020-11-21 13:00:00,4,0.9995680799504795
2020-11-21 14:00:00,4,0.9516722982400451
2020-11-21 15:00:00,4,0.9996469010761383
2020-11-21 16:00:00,4,0.9994555551130256
2020-11-21 17:00:00,4,0.9996337537850734
2020-11-21 18:00:00,3,0.9994357161628706
2020-11-22 08:00:00,4,0.994738682979667
2020-11-22 09:00:00,4,0.8148636586128876
2020-11-22 10:00:00,4,0.999754304420259
2020-11-22 11:00:00,4,0.9317834569225064
2020-11-22 12:00:00,4,0.9999985348375053
2020-11-22 13:00:00,4,0.9703168098938629
2020-11-22 14:00:00,4,0.9930885416044641
2020-11-22 15:00:00,4,0.9830856260908923
2020-11-22 16:00:00,4,0.999499195467902
2020-11-22 17:00:00,4,0.9940900792703827
2020-11-22 18:00:00,3,0.9992121900132676
2020-11-23 08:00:00,4,0.9978411124850448
2020-11-23 09:00:00,4,0.9195874675122343
2020-11-23 10:00:00,4,0.9990584019654113
2020-11-23 11:00:00,4,0.9999907945387008
2020-11-23 12:00:00,4,0.999888650534863
2020-11-23 13:00:00,4,0.9997273478934944
2020-11-23 14:00:00,4,0.9927244017047485
2020-11-23 15:00:00,4,0.9888149919698062
2020-11-23 16:00:00,4,0.9982669532222207
2020-11-23 17:00:00,4,0.9982598675236115
2020-11-23 18:00:00,3,0.9963195127999508
2020-11-24 08:00:00,4,0.9985959324205932
2020-11-24 09:00:00,4,0.953078159717499
2020-11-24 10:00:00,4,0.9991854087420835
2020-11-24 11:00:00,4,0.9999151024376431
2020-11-24 12:00:00,4,0.9959417854500545
2020-11-24 13:00:00,4,0.9020786875177026
2020-11-24 14:00:00,4,0.9979624339662303
2020-11-24 15:00:00,4,0.999829561864056
2020-11-24 16:00:00,4,0.9997028755612265
2020-11-24 17:00:00,4,0.9994741639813718
2020-11-24 18:00:00,3,0.9966271986047851
2020-11-25 08:00:00,4,0.9991232258392337
2020-11-25 09:00:00,4,0.9690148808497114
2020-11-25 10:00:00,4,0.9990261153172025
2020-11-25 11:00:00,4,0.9998118541995399
2020-11-25 12:00:00,4,0.9923697272635591
2020-11-25 13:00:00,4,0.9999576526186057
2020-11-25 14:00:00,4,0.9973126141016458
2020-11-25 15:00:00,4,0.9998542683973242
2020-11-25 16:00:00,4,0.9996611567587733
2020-11-25 17:00:00,4,0.9996732173167474
2020-11-25 18:00:00,3,0.9996828513092539
2020-11-26 08:00:00,4,0.9990493107578661
2020-11-26 09:00:00,4,0.9786098970253686
2020-11-26 10:00:00,4,0.999045124102223
2020-11-26 11:00:00,4,0.9997399950186167
2020-11-26 12:00:00,4,0.9975188522478835
2020-11-26 13:00:00,4,0.9926004955004294
2020-11-26 14:00:00,4,0.9960371715129188
2020-11-26 15:00:00,4,0.9130897953276138
2020-11-26 16:00:00,4,0.983276211616837
2020-11-26 17:00:00,4,0.9995491083698959
2020-11-26 18:00:00,3,0.9916644997051866
2020-11-27 08:00:00,4,0.9992782786754362
2020-11-27 09:00:00,4,0.9820646373460186
2020-11-27 10:00:00,4,0.9962887738905887
2020-11-27 11:00:00,4,0.9991094739565435
2020-11-27 12:00:00,4,0.9706258717697988
2020-11-27 13:00:00,4,0.6969449721891255
2020-11-27 14:00:00,4,0.9237023949903195
2020-11-27 15:00:00,4,0.9995804799366679
2020-11-27 16:00:00,4,0.7442998995112038
2020-11-27 17:00:00,4,0.997313989152747
2020-11-27 18:00:00,3,0.9993357667890105
2020-11-28 08:00:00,4,0.9996240721234293
2020-11-28 09:00:00,4,0.9231009386971922
2020-11-28 10:00:00,4,0.9908938940155353
2020-11-28 11:00:00,4,0.9978088158902936
2020-11-28 12:00:00,4,0.9974909297695552
2020-11-28 13:00:00,4,0.9882102608707812
2020-11-28 14:00:00,4,0.9839182737749718
2020-11-28 15:00:00,4,0.9996562478996348
2020-11-28 16:00:00,4,0.9958247437287152
2020-11-28 17:00:00,4,0.9994686916483676
2020-11-28 18:00:00,3,
2020-11-29 08:00:00,4,0.9981960961402677
2020-11-29 09:00:00,4,0.8630163806351826
2020-11-29 10:00:00,4,0.990169863521686
2020-11-29 11:00:00,4,0.9883873663713721
2020-11-29 12:00:00,4,0.9197116691362508
2020-11-29 13:00:00,4,0.9777555258315235
2020-11-29 14:00:00,4,0.9739780594241556
2020-11-29 15:00:00,4,0.9999828839653928
2020-11-29 16:00:00,4,0.9929266012417163
2020-11-29 17:00:00,4,0.9886272431757733
2020-11-29 18:00:00,3,0.9968490204525758
2020-11-30 08:00:00,4,0.969259304632272
2020-11-30 09:00:00,4,0.9964903257761893
2020-11-30 10:00:00,4,0.9726883058205917
2020-11-30 11:00:00,4,0.9936287387797694
2020-11-30 12:00:00,4,0.9933664543745401
2020-11-30 13:00:00,4,0.9965313956570028
2020-11-30 14:00:00,4,0.9631125619145039
2020-11-30 15:00:00,4,0.9998549239152775
2020-11-30 16:00:00,4,0.9990161606676488
2020-11-30 17:00:00,4,0.9995258777785647
2020-11-30 18:00:00,3,0.9935014160776553
2020-12-01 08:00:00,4,0.9978132713021022
2020-12-01 09:00:00,4,0.8502506674537226
2020-12-01 10:00:00,4,0.9991489858394182
2020-12-01 11:00:00,4,0.9999474503829494
2020-12-01 12:00:00,4,0.9939614309299127
2020-12-01 13:00:00,4,0.9920038941521259
2020-12-01 14:00:00,4,0.9988071612373136
2020-12-01 15:00:00,4,0.9998742631752007
2020-12-01 16:00:00,4,0.9985619630066254
2020-12-01 17:00:00,4,0.9997344615846036
2020-12-01 18:00:00,3,0.9967799043353369
2020-12-02 08:00:00,4,0.9982281900722951
2020-12-02 09:00:00,4,0.8659180513159459
2020-12-02 10:00:00,4,0.997930111817784
2020-12-02 11:00:00,4,0.9997080551970378
2020-12-02 12:00:00,4,0.998283112230192
2020-12-02 13:00:00,4,0.9777761500876994
2020-12-02 14:00:00,4,0.9814171571177842
2020-12-02 15:00:00,4,0.9897808817898958
2020-12-02 16:00:00,4,0.9869971100512216
2020-12-02 17:00:00,4,0.93939614543357
2020-12-02 18:00:00,3,0.9955712359950126
2020-12-03 08:00:00,4,0.9952888255403953
2020-12-03 09:00:00,4,0.9959705144243246
2020-12-03 10:00:00,4,0.9699563176880263
2020-12-03 11:00:00,4,0.9451119267913822
2020-12-03 12:00:00,4,0.9573283678111953
2020-12-03 13:00:00,4,0.999791795033199
2020-12-03 14:00:00,4,0.9985098424418021
2020-12-03 15:00:00,4,0.9919363113517765
2020-12-03 16:00:00,4,0.9967264309432041
2020-12-03 17:00:00,4,0.9883418725784484
2020-12-03 18:00:00,3,0.9925957537441243
2020-12-04 08:00:00,4,0.998512452183633
2020-12-04 09:00:00,4,0.9293568326923152
2020-12-04 10:00:00,4,0.9995241428852957
2020-12-04 11:00:00,4,0.9998466902467252
2020-12-04 12:00:00,4,0.9983427274486082
2020-12-04 13:00:00,4,0.9091002826038587
2020-12-04 14:00:00,4,0.9971435831601622
2020-12-04 15:00:00,4,0.9832340058976689
2020-12-04 16:00:00,4,0.9144129464134609
2020-12-04 17:00:00,4,0.9968729649501117
2020-12-04 18:00:00,3,0.9747149815355175
2020-12-05 08:00:00,4,0.9974735199680466
2020-12-05 09:00:00,4,0.9360340398636564
2020-12-05 10:00:00,4,0.9985057485471249
2020-12-05 11:00:00,4,0.999675655026312
2020-12-05 12:00:00,4,0.9923065340617695
2020-12-05 13:00:00,4,-0.9534208868136237
2020-12-05 14:00:00,4,0.9991897117669292
2020-12-05 15:00:00,4,0.9718578975435535
2020-12-05 16:00:00,4,0.9423265486523456
2020-12-05 17:00:00,4,0.9888563917130797
2020-12-05 18:00:00,3,0.9884320328353952
2020-12-06 08:00:00,4,0.9964225931181537
2020-12-06 09:00:00,4,0.9442805675746228
2020-12-06 10:00:00,4,0.9983585078987138
2020-12-06 11:00:00,4,0.9994214057609289
2020-12-06 12:00:00,4,0.9987571828594188
2020-12-06 13:00:00,4,0.9560991656883457
2020-12-06 14:00:00,4,0.9992055764054024
2020-12-06 15:00:00,4,0.9788328660687874
2020-12-06 16:00:00,4,0.9958539841756866
2020-12-06 17:00:00,4,0.9997683349812927
2020-12-06 18:00:00,3,0.9942396463863946
2020-12-07 08:00:00,4,0.9971887289215189
2020-12-07 09:00:00,4,0.9574264267606993
2020-12-07 10:00:00,4,0.9988874539719987
2020-12-07 11:00:00,4,0.9996397282639192
2020-12-07 12:00:00,4,0.9943939883103559
2020-12-07 13:00:00,4,0.9972367165958586
2020-12-07 14:00:00,4,0.92078146881475
2020-12-07 15:00:00,4,0.9851259346982912
2020-12-07 16:00:00,4,0.9931221159808762
2020-12-07 17:00:00,4,0.9978695799914435
2020-12-07 18:00:00,3,0.9893970230403887
2020-12-08 08:00:00,4,
2020-12-08 09:00:00,4,
2020-12-08 10:00:00,4,
2020-12-08 11:00:00,4,
2020-12-08 12:00:00,4,
2020-12-08 13:00:00,4,
2020-12-08 14:00:00,4,
2020-12-08 15:00:00,4,
2020-12-08 16:00:00,4,
2020-12-08 17:00:00,4,
2020-12-08 18:00:00,3,
2020-12-09 08:00:00,4,
2020-12-09 09:00:00,4,
2020-12-09 10:00:00,4,
2020-12-09 11:00:00,4,
2020-12-09 12:00:00,4,
2020-12-09 13:00:00,4,
2020-12-09 14:00:00,4,
2020-12-09 15:00:00,4,
2020-12-09 16:00:00,4,
2020-12-09 17:00:00,4,
2020-12-09 18:00:00,3,
2020-12-10 08:00:00,4,
2020-12-10 09:00:00,4,
2020-12-10 10:00:00,4,
2020-12-10 11:00:00,4,
2020-12-10 12:00:00,4,
2020-12-10 13:00:00,4,
2020-12-10 14:00:00,4,
2020-12-10 15:00:00,4,
2020-12-10 16:00:00,4,
2020-12-10 17:00:00,4,
2020-12-10 18:00:00,3,
2020-12-11 08:00:00,4,
2020-12-11 09:00:00,4,
2020-12-11 10:00:00,4,
2020-12-11 11:00:00,4,
2020-12-11 12:00:00,4,
2020-12-11 13:00:00,4,
2020-12-11 14:00:00,4,
2020-12-11 15:00:00,4,
2020-12-11 16:00:00,4,
2020-12-11 17:00:00,4,
2020-12-11 18:00:00,3,
2020-12-12 08:00:00,4,
2020-12-12 09:00:00,4,
2020-12-12 10:00:00,4,
2020-12-12 11:00:00,4,
2020-12-12 12:00:00,4,
2020-12-12 13:00:00,4,
2020-12-12 14:00:00,4,
2020-12-12 15:00:00,4,
2020-12-12 16:00:00,4,
2020-12-12 17:00:00,4,
2020-12-12 18:00:00,3,
2020-12-13 08:00:00,4,
2020-12-13 09:00:00,4,
2020-12-13 10:00:00,4,
2020-12-13 11:00:00,4,
2020-12-13 12:00:00,4,
2020-12-13 13:00:00,4,
2020-12-13 14:00:00,4,
2020-12-13 15:00:00,4,
2020-12-13 16:00:00,4,
2020-12-13 17:00:00,4,
2020-12-13 18:00:00,3,
2020-12-14 08:00:00,4,
2020-12-14 09:00:00,4,
2020-12-14 10:00:00,4,
2020-12-14 11:00:00,4,
2020-12-14 12:00:00,4,
2020-12-14 13:00:00,4,
2020-12-14 14:00:00,4,
2020-12-14 15:00:00,4,
2020-12-14 16:00:00,4,
2020-12-14 17:00:00,4,
2020-12-14 18:00:00,3,
2020-12-15 08:00:00,4,
2020-12-15 09:00:00,4,
2020-12-15 10:00:00,4,
2020-12-15 11:00:00,4,
2020-12-15 12:00:00,4,
2020-12-15 13:00:00,4,
2020-12-15 14:00:00,4,
2020-12-15 15:00:00,4,
2020-12-15 16:00:00,4,
2020-12-15 17:00:00,4,
2020-12-15 18:00:00,3,
2020-12-16 08:00:00,4,
2020-12-16 09:00:00,4,
2020-12-16 10:00:00,4,
2020-12-16 11:00:00,4,
2020-12-16 12:00:00,4,
2020-12-16 13:00:00,4,
2020-12-16 14:00:00,4,
2020-12-16 15:00:00,4,
2020-12-16 16:00:00,4,
2020-12-16 17:00:00,4,
2020-12-16 18:00:00,3,
2020-12-17 08:00:00,4,
2020-12-17 09:00:00,4,
2020-12-17 10:00:00,4,
2020-12-17 11:00:00,4,
2020-12-17 12:00:00,4,
2020-12-17 13:00:00,4,
2020-12-17 14:00:00,4,
2020-12-17 15:00:00,4,
2020-12-17 16:00:00,4,
2020-12-17 17:00:00,4,
2020-12-17 18:00:00,3,
2020-12-18 08:00:00,4,
2020-12-18 09:00:00,4,
2020-12-18 10:00:00,4,
2020-12-18 11:00:00,4,
2020-12-18 12:00:00,4,
2020-12-18 13:00:00,4,
2020-12-18 14:00:00,4,
2020-12-18 15:00:00,4,
2020-12-18 16:00:00,4,
2020-12-18 17:00:00,4,
2020-12-18 18:00:00,3,
2020-12-19 08:00:00,4,
2020-12-19 09:00:00,4,
2020-12-19 10:00:00,4,
2020-12-19 11:00:00,4,
2020-12-19 12:00:00,4,
2020-12-19 13:00:00,4,
2020-12-19 14:00:00,4,
2020-12-19 15:00:00,4,
2020-12-19 16:00:00,4,
2020-12-19 17:00:00,4,
2020-12-19 18:00:00,3,
2020-12-20 08:00:00,4,
2020-12-20 09:00:00,4,
2020-12-20 10:00:00,4,
2020-12-20 11:00:00,4,
2020-12-20 12:00:00,4,
2020-12-20 13:00:00,4,
2020-12-20 14:00:00,4,
2020-12-20 15:00:00,4,
2020-12-20 16:00:00,4,
2020-12-20 17:00:00,4,
2020-12-20 18:00:00,3,
2020-12-21 08:00:00,4,
2020-12-21 09:00:00,4,
2020-12-21 10:00:00,4,
2020-12-21 11:00:00,4,
2020-12-21 12:00:00,4,
2020-12-21 13:00:00,4,
2020-12-21 14:00:00,4,
2020-12-21 15:00:00,4,
2020-12-21 16:00:00,4,
2020-12-21 17:00:00,4,
2020-12-21 18:00:00,3,
2020-12-22 08:00:00,4,
2020-12-22 09:00:00,4,
2020-12-22 10:00:00,4,
2020-12-22 11:00:00,4,
2020-12-22 12:00:00,4,
2020-12-22 13:00:00,4,
2020-12-22 14:00:00,4,
2020-12-22 15:00:00,4,
2020-12-22 16:00:00,4,
2020-12-22 17:00:00,4,
2020-12-22 18:00:00,3,
2020-12-23 08:00:00,4,
2020-12-23 09:00:00,4,
2020-12-23 10:00:00,4,
2020-12-23 11:00:00,4,
2020-12-23 12:00:00,4,
2020-12-23 13:00:00,4,
2020-12-23 14:00:00,4,
2020-12-23 15:00:00,4,
2020-12-23 16:00:00,4,
2020-12-23 17:00:00,4,
2020-12-23 18:00:00,3,
2020-12-24 08:00:00,4,0.9832038857583394
2020-12-24 09:00:00,4,0.9729638400558311
2020-12-24 10:00:00,4,0.9963010225326109
2020-12-24 11:00:00,4,0.9981833441480941
2020-12-24 12:00:00,4,0.9349117607066653
2020-12-24 13:00:00,4,0.9788345968302411
2020-12-24 14:00:00,4,0.8741303253768813
2020-12-24 15:00:00,4,0.9941206890437495
2020-12-24 16:00:00,4,0.9951583458225518
2020-12-24 17:00:00,4,0.9998117315023648
2020-12-24 18:00:00,4,0.9957122808937175
2020-12-25 08:00:00,4,0.9910216630731661
2020-12-25 09:00:00,4,0.9260816662680026
2020-12-25 10:00:00,4,0.9981367861236148
2020-12-25 11:00:00,4,0.9980330091121109
2020-12-25 12:00:00,4,0.37216266676348025
2020-12-25 13:00:00,4,0.9524899972928675
2020-12-25 14:00:00,4,0.9991779078698735
2020-12-25 15:00:00,4,0.9995870114930511
2020-12-25 16:00:00,4,0.9537163590199833
2020-12-25 17:00:00,4,0.9999580574208987
2020-12-25 18:00:00,4,0.9909385249277312
2020-12-26 08:00:00,4,0.9938086415063941
2020-12-26 09:00:00,4,0.9275221154609791
2020-12-26 10:00:00,4,0.9998481959121666
2020-12-26 11:00:00,4,0.9994807715633247
2020-12-26 12:00:00,4,0.02861224029158122
2020-12-26 13:00:00,4,0.998312353241169
2020-12-26 14:00:00,4,0.9988925481230438
2020-12-26 15:00:00,4,0.9985163107228666
2020-12-26 16:00:00,4,0.9996470554476852
2020-12-26 17:00:00,4,0.9935691868244353
2020-12-26 18:00:00,4,0.9966734869863989
2020-12-27 08:00:00,4,0.9957223688355545
2020-12-27 09:00:00,4,0.9403948844646277
2020-12-27 10:00:00,4,0.997532310594714
2020-12-27 11:00:00,4,0.9994025763184013
2020-12-27 12:00:00,4,0.986719103926323
2020-12-27 13:00:00,4,0.9862046877395935
2020-12-27 14:00:00,4,0.7912730721651811
2020-12-27 15:00:00,4,0.9989907269416891
2020-12-27 16:00:00,4,0.9881162482611352
2020-12-27 17:00:00,4,0.9997512198858144
2020-12-27 18:00:00,4,0.9951477958166274
2020-12-28 08:00:00,4,0.9926329123619709
2020-12-28 09:00:00,4,0.9664103598319395
2020-12-28 10:00:00,4,0.9986334718409646
2020-12-28 11:00:00,4,0.9982342494191807
2020-12-28 12:00:00,4,0.9513044592782344
2020-12-28 13:00:00,4,0.9123775673653445
2020-12-28 14:00:00,4,0.9996478557349181
2020-12-28 15:00:00,4,0.9848869317891543
2020-12-28 16:00:00,4,0.9986318073893926
2020-12-28 17:00:00,4,0.9998937278652299
2020-12-28 18:00:00,4,0.9942847813010611
2020-12-29 08:00:00,4,0.9965840621178114
2020-12-29 09:00:00,4,0.9542323917920356
2020-12-29 10:00:00,4,0.9993393133474606
2020-12-29 11:00:00,4,0.9998725829702646
2020-12-29 12:00:00,4,0.9926941598961587
2020-12-29 13:00:00,4,0.962009737109262
2020-12-29 14:00:00,4,0.9958805169904339
2020-12-29 15:00:00,4,0.9994732648554707
2020-12-29 16:00:00,4,0.999266792200862
2020-12-29 17:00:00,4,0.999220959146781
2020-12-29 18:00:00,4,0.9964114458464909
2020-12-30 08:00:00,4,0.994638966154148
2020-12-30 09:00:00,4,0.9801147316781749
2020-12-30 10:00:00,4,0.9997900589866581
2020-12-30 11:00:00,4,0.9991082564018289
2020-12-30 12:00:00,4,0.9920049820413839
2020-12-30 13:00:00,4,0.9954961842398109
2020-12-30 14:00:00,4,0.9990112590759337
2020-12-30 15:00:00,4,0.9998770012187989
2020-12-30 16:00:00,4,0.9990775815920128
2020-12-30 17:00:00,4,0.9992348741104856
2020-12-30 18:00:00,4,0.9959034909954076
2020-12-31 08:00:00,4,0.9906574044526577
2020-12-31 09:00:00,4,0.9631869685423582
2020-12-31 10:00:00,4,0.9989581421248122
2020-12-31 11:00:00,4,0.9996858657514118
2020-12-31 12:00:00,4,0.998357769439602
2020-12-31 13:00:00,4,0.9661457315203246
2020-12-31 14:00:00,4,0.9955969590686493
2020-12-31 15:00:00,4,0.9993723727466062
2020-12-31 16:00:00,4,0.9990333573308471
2020-12-31 17:00:00,4,0.9993849726073176
2020-12-31 18:00:00,4,0.9975388283726448
