period_start,n,corr
2019-01-01 09:00:00,4,0.9447670373339052
2019-01-01 10:00:00,4,0.9864260913305576
2019-01-01 11:00:00,4,0.9998885567909319
2019-01-01 12:00:00,4,0.9972944072247734
2019-01-01 13:00:00,4,0.5611081513754761
2019-01-01 14:00:00,4,0.9359184174298356
2019-01-01 15:00:00,4,0.9347917850260147
2019-01-01 16:00:00,4,0.996626090889778
2019-01-01 17:00:00,4,0.9994940407951389
2019-01-02 09:00:00,4,0.9998076042741372
2019-01-02 10:00:00,4,0.9896292262396894
2019-01-02 11:00:00,4,0.9998146649839355
2019-01-02 12:00:00,4,0.9995423939433654
2019-01-02 13:00:00,4,0.975965730064806
2019-01-02 14:00:00,4,0.9861028409937926
2019-01-02 15:00:00,4,0.9972779853597622
2019-01-02 16:00:00,4,0.9959376990987096
2019-01-02 17:00:00,4,0.96923230053594
2019-01-03 09:00:00,4,0.9749380349813954
2019-01-03 10:00:00,4,0.9877482456357621
2019-01-03 11:00:00,4,0.9636842727437489
2019-01-03 12:00:00,4,0.9937343193187183
2019-01-03 13:00:00,4,0.7440721385620034
2019-01-03 14:00:00,4,0.9985391666706995
2019-01-03 15:00:00,4,0.997659762488895
2019-01-03 16:00:00,4,0.9970783251670429
2019-01-03 17:00:00,4,0.9701898290787662
2019-01-04 09:00:00,4,0.924171443672699
2019-01-04 10:00:00,4,0.9804607500782657
2019-01-04 11:00:00,4,0.9688700383249282
2019-01-04 12:00:00,4,0.9688277144562472
2019-01-04 13:00:00,4,0.9991288026776008
2019-01-04 14:00:00,4,0.9544047901747741
2019-01-04 15:00:00,4,0.8967835250314526
2019-01-04 16:00:00,4,0.9987456709987689
2019-01-04 17:00:00,4,0.9835234170149406
2019-01-05 09:00:00,3,0.9998061340068799
2019-01-05 10:00:00,4,0.986154315954719
2019-01-05 11:00:00,4,0.9636740863312042
2019-01-05 12:00:00,4,0.9826986713513448
2019-01-05 13:00:00,4,0.7335740313279934
2019-01-05 14:00:00,4,0.9885634812665121
2019-01-05 15:00:00,4,0.9942011789503948
2019-01-05 16:00:00,4,0.9984013134449612
2019-01-05 17:00:00,4,0.9705910701151289
2019-01-06 09:00:00,4,0.9429453275404731
2019-01-06 10:00:00,4,0.9975024937765214
2019-01-06 11:00:00,4,0.604369977334508
2019-01-06 12:00:00,4,0.9734655672917593
2019-01-06 13:00:00,4,0.6577598268676061
2019-01-06 14:00:00,4,0.5978803122430166
2019-01-06 15:00:00,4,0.9964987020068714
2019-01-06 16:00:00,4,0.9981863887479632
2019-01-06 17:00:00,4,0.9708218360071647
2019-01-07 09:00:00,4,0.9130696482115411
2019-01-07 10:00:00,4,0.995860705088531
2019-01-07 11:00:00,4,0.9993149592797803
2019-01-07 12:00:00,4,0.9994948608436774
2019-01-07 13:00:00,4,0.9901218584858971
2019-01-07 14:00:00,4,0.9919685205079375
2019-01-07 15:00:00,4,0.9998501996587444
2019-01-07 16:00:00,4,0.9992643451002291
2019-01-07 17:00:00,4,0.9575871798888131
2019-01-08 09:00:00,4,0.9491273131890806
2019-01-08 10:00:00,4,0.9947201914695734
2019-01-08 11:00:00,4,0.9991237981315988
2019-01-08 12:00:00,4,0.999816828574835
2019-01-08 13:00:00,4,0.9991542931831325
2019-01-08 14:00:00,4,0.9939425755322197
2019-01-08 15:00:00,4,0.99154140953532
2019-01-08 16:00:00,4,0.48420870499645574
2019-01-08 17:00:00,4,0.935218703633426
2019-01-09 09:00:00,4,0.9984606370315565
2019-01-09 10:00:00,4,0.9703639982673242
2019-01-09 11:00:00,4,-0.6634031847295618
2019-01-09 12:00:00,4,-0.9941668240411103
2019-01-09 13:00:00,4,0.830800964027103
2019-01-09 14:00:00,4,0.9666281726481367
2019-01-09 15:00:00,4,-0.9949466321794056
2019-01-09 16:00:00,4,0.91049651683855
2019-01-09 17:00:00,4,0.9751129706359457
2019-01-09 18:00:00,3,0.9929873335635161
2019-01-10 09:00:00,4,0.993224048743896
2019-01-10 10:00:00,4,0.999837407114283
2019-01-10 11:00:00,4,0.9998811283445228
2019-01-10 12:00:00,4,0.9813462313649319
2019-01-10 13:00:00,4,0.8030793049585433
2019-01-10 14:00:00,4,0.8939826625192071
2019-01-10 15:00:00,4,0.9302704489077424
2019-01-10 16:00:00,4,0.9793999626906881
2019-01-10 17:00:00,4,0.717527163892611
2019-01-10 18:00:00,3,0.9972920568717708
2019-01-11 09:00:00,4,0.9084049897501041
2019-01-11 10:00:00,4,0.9646275720673294
2019-01-11 11:00:00,4,0.999923515027501
2019-01-11 12:00:00,4,0.9981438769137667
2019-01-11 13:00:00,4,0.976700955312129
2019-01-11 14:00:00,4,0.9947562713449417
2019-01-11 15:00:00,4,0.9996826250724451
2019-01-11 16:00:00,4,0.9991128478420023
2019-01-11 17:00:00,4,0.979076801947419
2019-01-11 18:00:00,3,0.9982965919067655
2019-01-12 09:00:00,4,0.9985497869546459
2019-01-12 10:00:00,4,0.9754965047691725
2019-01-12 11:00:00,4,0.9999045518255436
2019-01-12 12:00:00,4,0.9980423425406373
2019-01-12 13:00:00,4,0.98997391244885
2019-01-12 14:00:00,4,0.9869001634060389
2019-01-12 15:00:00,4,0.9997381787238714
2019-01-12 16:00:00,4,0.9998362025724779
2019-01-12 17:00:00,4,0.9667481331924798
2019-01-12 18:00:00,3,0.9142542372455298
2019-01-13 09:00:00,4,0.989730927952337
2019-01-13 10:00:00,4,0.9234666170104379
2019-01-13 11:00:00,4,0.9399207796499687
2019-01-13 12:00:00,4,0.7441741775752326
2019-01-13 13:00:00,4,0.9312057231971237
2019-01-13 14:00:00,4,0.9184097279791694
2019-01-13 15:00:00,4,0.8860496160186373
2019-01-13 16:00:00,4,0.775239148200588
2019-01-13 17:00:00,4,0.9909722430186897
2019-01-13 18:00:00,3,0.9798637100971994
2019-01-14 09:00:00,4,0.9984459766559424
2019-01-14 10:00:00,4,0.9935905411789571
2019-01-14 11:00:00,4,0.9962567431675744
2019-01-14 12:00:00,4,0.9994426161762945
2019-01-14 13:00:00,4,0.7695595115069188
2019-01-14 14:00:00,4,0.5675270619409518
2019-01-14 15:00:00,4,0.994214881540183
2019-01-14 16:00:00,4,0.9995386739784465
2019-01-14 17:00:00,4,0.9907299738262194
2019-01-14 18:00:00,3,0.959647307330299
2019-01-15 09:00:00,4,0.9013893055564063
2019-01-15 10:00:00,4,0.8109276149355822
2019-01-15 11:00:00,4,0.5469786524447077
2019-01-15 12:00:00,4,0.9954334485168557
2019-01-15 13:00:00,4,0.9864196805817154
2019-01-15 14:00:00,4,0.24488190143958435
2019-01-15 15:00:00,4,0.9355293158379598
2019-01-15 16:00:00,4,0.9823297774082809
2019-01-15 17:00:00,4,0.8960428934315002
2019-01-15 18:00:00,3,0.9748799472981292
2019-01-16 09:00:00,4,0.9812236509699971
2019-01-16 10:00:00,4,0.9834278504176613
2019-01-16 11:00:00,4,0.9990707216418101
2019-01-16 12:00:00,4,0.9596294757375254
2019-01-16 13:00:00,4,0.002107836534070196
2019-01-16 14:00:00,4,0.6644319894046999
2019-01-16 15:00:00,4,0.9888016256077489
2019-01-16 16:00:00,4,0.5089686734075436
2019-01-16 17:00:00,4,0.9764610928525769
2019-01-16 18:00:00,3,0.9523106659351673
2019-01-17 09:00:00,4,0.9983270539686604
2019-01-17 10:00:00,4,0.7451021198310482
2019-01-17 11:00:00,4,0.9471963357267451
2019-01-17 12:00:00,4,0.32018716187915863
2019-01-17 13:00:00,4,0.9134530467551886
2019-01-17 14:00:00,4,0.35170189694917636
2019-01-17 15:00:00,4,0.8894893766284773
2019-01-17 16:00:00,4,0.9833700601974809
2019-01-17 17:00:00,4,0.9768360007711538
2019-01-17 18:00:00,3,0.983867655323973
2019-01-18 09:00:00,3,0.9984642187204118
2019-01-18 10:00:00,4,0.9985308117402575
2019-01-18 11:00:00,4,0.9824584300618209
2019-01-18 12:00:00,4,0.976424211751271
2019-01-18 13:00:00,4,0.9818244672239181
2019-01-18 14:00:00,4,0.8377951964625455
2019-01-18 15:00:00,4,0.9663923690108592
2019-01-18 16:00:00,4,0.9998253434316406
2019-01-18 17:00:00,4,0.9996401281507641
2019-01-18 18:00:00,3,0.9647729815707684
2019-01-19 09:00:00,4,0.9740721883595428
2019-01-19 10:00:00,4,0.5699731732855127
2019-01-19 11:00:00,4,0.9968100694106903
2019-01-19 12:00:00,4,0.9587538570100019
2019-01-19 13:00:00,4,-0.12151559941670187
2019-01-19 14:00:00,4,0.9829504978211695
2019-01-19 15:00:00,4,0.7585465955251303
2019-01-19 16:00:00,4,0.9833166804985846
2019-01-19 17:00:00,4,0.990204610380766
2019-01-19 18:00:00,3,0.9999772227350523
2019-01-20 09:00:00,4,0.8346546468807127
2019-01-20 10:00:00,4,0.9891483683586086
2019-01-20 11:00:00,4,0.9995978638762814
2019-01-20 12:00:00,4,0.9997016822022267
2019-01-20 13:00:00,4,0.9952961250222238
2019-01-20 14:00:00,4,0.9967668090646555
2019-01-20 15:00:00,4,0.9962760307065479
2019-01-20 16:00:00,4,0.9975349365641585
2019-01-20 17:00:00,4,0.9987613347751861
2019-01-20 18:00:00,3,0.9816510951130402
2019-01-21 09:00:00,4,0.9899934754362822
2019-01-21 10:00:00,4,0.9648818260224392
2019-01-21 11:00:00,4,0.9998475872030926
2019-01-21 12:00:00,4,0.9982107015039857
2019-01-21 13:00:00,4,0.9915191671602385
2019-01-21 14:00:00,4,0.9956059065744498
2019-01-21 15:00:00,4,0.9982698005378371
2019-01-21 16:00:00,4,0.9999198844457452
2019-01-21 17:00:00,4,0.9998518072787138
2019-01-21 18:00:00,3,0.9876567200816064
2019-01-22 09:00:00,4,0.7846538449628969
2019-01-22 10:00:00,4,0.994599871942657
2019-01-22 11:00:00,4,0.9989207233217088
2019-01-22 12:00:00,4,0.9962407755017871
2019-01-22 13:00:00,4,-0.9941533352097669
2019-01-22 14:00:00,4,-0.6144521968030057
2019-01-22 15:00:00,4,0.8533553503028637
2019-01-22 16:00:00,4,0.800894025763956
2019-01-22 17:00:00,4,0.7192631369415596
2019-01-22 18:00:00,3,0.9983245686506611
2019-01-23 09:00:00,4,0.9953785913723767
2019-01-23 10:00:00,4,0.9985438538413081
2019-01-23 11:00:00,4,0.7580634548809568
2019-01-23 12:00:00,4,0.9315914706431404
2019-01-23 13:00:00,4,0.5066836543899591
2019-01-23 14:00:00,4,0.26949602992311755
2019-01-23 15:00:00,4,0.985401298459845
2019-01-23 16:00:00,4,0.9652922750919495
2019-01-23 17:00:00,4,0.9867343672069235
2019-01-23 18:00:00,3,0.9990228305875828
2019-01-24 09:00:00,4,0.9951999765978559
2019-01-24 10:00:00,4,0.9475488735377682
2019-01-24 11:00:00,4,0.8551168139007319
2019-01-24 12:00:00,4,0.825149233275596
2019-01-24 13:00:00,4,0.9952634694786981
2019-01-24 14:00:00,4,0.9123765834263806
2019-01-24 15:00:00,4,0.9952769360632371
2019-01-24 16:00:00,4,0.6022496785938443
2019-01-24 17:00:00,4,0.7876041242700763
2019-01-24 18:00:00,4,0.9991525086399896
2019-01-25 09:00:00,4,0.9985747081107499
2019-01-25 10:00:00,4,0.9972736934590648
2019-01-25 11:00:00,4,0.9994509122915202
2019-01-25 12:00:00,4,0.9999624143009503
2019-01-25 13:00:00,4,0.9970855294648009
2019-01-25 14:00:00,4,0.992002344018539
2019-01-25 15:00:00,4,0.9983927425361812
2019-01-25 16:00:00,4,0.9972294587161254
2019-01-25 17:00:00,4,0.982547513748454
2019-01-25 18:00:00,4,0.9942340074018134
2019-01-26 09:00:00,4,0.9794021035513644
2019-01-26 10:00:00,4,0.563076064415669
2019-01-26 11:00:00,4,0.9702818587329191
2019-01-26 12:00:00,4,0.3538451462705939
2019-01-26 13:00:00,4,0.9038020400078728
2019-01-26 14:00:00,4,0.9006653501253773
2019-01-26 15:00:00,4,0.8551209433147535
2019-01-26 16:00:00,4,0.8471257716504664
2019-01-26 17:00:00,4,0.8850514145167448
2019-01-26 18:00:00,3,0.959942094504134
2019-01-27 09:00:00,4,0.9855762213572062
2019-01-27 10:00:00,4,0.9948906808001107
2019-01-27 11:00:00,4,0.9557259021508322
2019-01-27 12:00:00,4,-0.7048454011081625
2019-01-27 13:00:00,4,-0.6056385702603669
2019-01-27 14:00:00,4,-0.4629073555646577
2019-01-27 15:00:00,4,-0.7691233385938779
2019-01-27 16:00:00,4,-0.507571354605168
2019-01-27 17:00:00,4,0.9977215693642382
2019-01-27 18:00:00,4,0.9843517318395062
2019-01-28 09:00:00,4,0.9593418841820552
2019-01-28 10:00:00,4,0.9745645512745177
2019-01-28 11:00:00,4,0.9413542036011586
2019-01-28 12:00:00,4,0.42093525034897017
2019-01-28 13:00:00,4,0.9031884852491422
2019-01-28 14:00:00,4,0.8219752887339001
2019-01-28 15:00:00,4,0.7464146846677989
2019-01-28 16:00:00,4,0.9672340131923854
2019-01-28 17:00:00,4,0.7122485352740551
2019-01-28 18:00:00,4,0.9743820017376694
2019-01-29 09:00:00,4,0.9962266937530287
2019-01-29 10:00:00,4,0.8897094115086479
2019-01-29 11:00:00,4,0.4397051402336334
2019-01-29 12:00:00,4,0.864237838866452
2019-01-29 13:00:00,4,0.7693527014373376
2019-01-29 14:00:00,4,0.22634558384818237
2019-01-29 15:00:00,4,0.7072783155940788
2019-01-29 16:00:00,4,0.37594716167559594
2019-01-29 17:00:00,4,0.9224529745438342
2019-01-29 18:00:00,4,0.9996520629112641
2019-01-30 09:00:00,4,0.9826937576390095
2019-01-30 10:00:00,4,0.9868184597126105
2019-01-30 11:00:00,4,0.9992710106513161
2019-01-30 12:00:00,4,0.9997644211099872
2019-01-30 13:00:00,4,0.9718313475326706
2019-01-30 14:00:00,4,0.9923018517129525
2019-01-30 15:00:00,4,0.9896316882392836
2019-01-30 16:00:00,4,0.9977973397008916
2019-01-30 17:00:00,4,0.9857238547885214
2019-01-30 18:00:00,4,0.9908913889918493
2019-01-31 09:00:00,4,0.9779487947331229
2019-01-31 10:00:00,4,0.8915637796800371
2019-01-31 11:00:00,4,0.9985868080600316
2019-01-31 12:00:00,4,0.9960356977273365
2019-01-31 13:00:00,4,0.9839939238977763
2019-01-31 14:00:00,4,0.9944541913570932
2019-01-31 15:00:00,4,0.9987951927159248
2019-01-31 16:00:00,4,0.9998841528490384
2019-01-31 17:00:00,4,0.9992881384986675
2019-01-31 18:00:00,4,0.9846308008472879
2019-02-01 09:00:00,4,0.9934677198120645
2019-02-01 10:00:00,4,0.9906531147582639
2019-02-01 11:00:00,4,0.9032159315345671
2019-02-01 12:00:00,4,0.9708443747126404
2019-02-01 13:00:00,4,0.969777552356719
2019-02-01 14:00:00,4,0.9517409140736656
2019-02-01 15:00:00,4,0.858899989686012
2019-02-01 16:00:00,4,0.9909489710411403
2019-02-01 17:00:00,4,0.887221025155633
2019-02-01 18:00:00,4,0.9683242490242254
2019-02-02 09:00:00,4,0.9946921155001078
2019-02-02 10:00:00,4,0.9083221966644858
2019-02-02 11:00:00,4,0.9085912034518149
2019-02-02 12:00:00,4,0.6996288741279826
2019-02-02 13:00:00,4,-0.5023833179625306
2019-02-02 14:00:00,4,-0.5810068042760778
2019-02-02 15:00:00,4,0.6583080790424612
2019-02-02 16:00:00,4,0.27916676064808577
2019-02-02 17:00:00,4,0.9164092056212932
2019-02-02 18:00:00,4,0.9880686273133603
2019-02-03 09:00:00,4,0.9999989204078485
2019-02-03 10:00:00,4,0.9988417672943124
2019-02-03 11:00:00,4,0.9999091116990682
2019-02-03 12:00:00,4,0.9932710149814241
2019-02-03 13:00:00,4,0.9789191255958976
2019-02-03 14:00:00,4,0.8475497672155033
2019-02-03 15:00:00,4,0.6219572336825517
2019-02-03 16:00:00,4,0.9871866530564863
2019-02-03 17:00:00,4,0.9995718998125198
2019-02-03 18:00:00,4,0.998319972889863
2019-02-04 09:00:00,4,0.9999286113656489
2019-02-04 10:00:00,4,0.9995427835760348
2019-02-04 11:00:00,4,0.9586397737836251
2019-02-04 12:00:00,4,-0.49871016638799986
2019-02-04 13:00:00,4,-0.8491998020910897
2019-02-04 14:00:00,4,-0.9487472814529687
2019-02-04 15:00:00,4,-0.9978645958700302
2019-02-04 16:00:00,4,-0.5405770115477803
2019-02-04 17:00:00,4,0.9992088633694173
2019-02-04 18:00:00,4,0.9999175403081473
2019-02-05 09:00:00,4,0.9989836729554816
2019-02-05 10:00:00,4,0.6976155863061353
2019-02-05 11:00:00,4,0.9128248713545949
2019-02-05 12:00:00,4,0.9855211379376408
2019-02-05 13:00:00,4,0.726262510161693
2019-02-05 14:00:00,4,0.4399619098579616
2019-02-05 15:00:00,4,-0.9955296862476067
2019-02-05 16:00:00,4,0.9909394756498539
2019-02-05 17:00:00,4,0.9346065987644442
2019-02-05 18:00:00,4,0.998692831939413
2019-02-06 09:00:00,4,0.9952011099658595
2019-02-06 10:00:00,4,0.4705340324020356
2019-02-06 11:00:00,4,-0.7312830957680373
2019-02-06 12:00:00,4,-0.64175919642338
2019-02-06 13:00:00,4,-0.7740670071543312
2019-02-06 14:00:00,4,0.739233202555165
2019-02-06 15:00:00,4,-0.26376964681186094
2019-02-06 16:00:00,4,0.7901763110691874
2019-02-06 17:00:00,4,0.8596924283977524
2019-02-06 18:00:00,4,0.999605047720964
2019-02-07 09:00:00,4,0.9632205078641832
2019-02-07 10:00:00,4,0.9026665110502952
2019-02-07 11:00:00,4,0.9450385481136505
2019-02-07 12:00:00,4,-0.6758969439114261
2019-02-07 13:00:00,4,-0.9906870041720782
2019-02-07 14:00:00,4,0.9138713138351766
2019-02-07 15:00:00,4,0.6787446419042807
2019-02-07 16:00:00,4,0.30105075978419704
2019-02-07 17:00:00,4,0.6083561875928725
2019-02-07 18:00:00,4,0.9921014550727723
2019-02-08 09:00:00,4,0.9591635513235194
2019-02-08 10:00:00,4,0.739033971603802
2019-02-08 11:00:00,4,0.3638797891366556
2019-02-08 12:00:00,4,0.9670935479837451
2019-02-08 13:00:00,4,0.8207449997928851
2019-02-08 14:00:00,4,0.48067131809501823
2019-02-08 15:00:00,4,0.9733363246819949
2019-02-08 16:00:00,4,0.9401473108928334
2019-02-08 17:00:00,4,0.9824139464885173
2019-02-08 18:00:00,4,0.9991593026745033
2019-02-09 09:00:00,4,0.9964880421193042
2019-02-09 10:00:00,4,0.9472993622745661
2019-02-09 11:00:00,4,0.9992281349704665
2019-02-09 12:00:00,4,0.9445243239331358
2019-02-09 13:00:00,4,0.9815472038641848
2019-02-09 14:00:00,4,0.9395831469375666
2019-02-09 15:00:00,4,0.9838570998585358
2019-02-09 16:00:00,4,0.9983111547562306
2019-02-09 17:00:00,4,0.9469610317297675
2019-02-09 18:00:00,4,0.992441454127572
2019-02-10 09:00:00,4,0.9999326193274986
2019-02-10 10:00:00,4,0.9993059509487198
2019-02-10 11:00:00,4,0.9992301251570854
2019-02-10 12:00:00,4,0.9698615919713796
2019-02-10 13:00:00,4,0.8811473081167251
2019-02-10 14:00:00,4,0.9040641302056692
2019-02-10 15:00:00,4,0.9822653421252894
2019-02-10 16:00:00,4,0.9451207882435965
2019-02-10 17:00:00,4,0.9939150234882191
2019-02-10 18:00:00,4,0.9986134971968804
2019-02-11 09:00:00,4,0.9985430014757869
2019-02-11 10:00:00,4,0.9850640900947433
2019-02-11 11:00:00,4,0.9930446068471132
2019-02-11 12:00:00,4,0.9980954677780794
2019-02-11 13:00:00,4,0.997522057664452
2019-02-11 14:00:00,4,0.8965789332311594
2019-02-11 15:00:00,4,0.9154598946389617
2019-02-11 16:00:00,4,0.9999940484213219
2019-02-11 17:00:00,4,0.9990318718897817
2019-02-11 18:00:00,4,0.9820076078375628
2019-02-12 09:00:00,4,0.9991097711210764
2019-02-12 10:00:00,4,0.8570480456977587
2019-02-12 11:00:00,4,0.9957077227640182
2019-02-12 12:00:00,4,0.7052676552735063
2019-02-12 13:00:00,4,0.977156753345764
2019-02-12 14:00:00,4,0.9974688458803416
2019-02-12 15:00:00,4,0.965768434223088
2019-02-12 16:00:00,4,0.8184586788672912
2019-02-12 17:00:00,4,0.7633297816984513
2019-02-12 18:00:00,4,0.9782630080445808
2019-02-13 09:00:00,4,0.982446403528714
2019-02-13 10:00:00,4,0.9189428800117859
2019-02-13 11:00:00,4,0.8104407627170566
2019-02-13 12:00:00,4,0.4635271109430708
2019-02-13 13:00:00,4,0.9276091831704798
2019-02-13 14:00:00,4,-0.777041552132698
2019-02-13 15:00:00,4,0.2926560282012699
2019-02-13 16:00:00,4,0.9492726232116575
2019-02-13 17:00:00,4,0.8824445557431178
2019-02-13 18:00:00,4,0.999721933687872
2019-02-14 09:00:00,4,0.9955393084691386
2019-02-14 10:00:00,4,0.9998881625631344
2019-02-14 11:00:00,4,0.9987084996337614
2019-02-14 12:00:00,4,0.99996651151555
2019-02-14 13:00:00,4,0.987571000200302
2019-02-14 14:00:00,4,0.9955207749928171
2019-02-14 15:00:00,4,0.9967015983126394
2019-02-14 16:00:00,4,0.9904175322578379
2019-02-14 17:00:00,4,0.9957578166412488
2019-02-14 18:00:00,4,0.994922873136012
2019-02-15 09:00:00,4,0.9984356046025327
2019-02-15 10:00:00,4,0.9973409636916183
2019-02-15 11:00:00,4,0.5585977073854611
2019-02-15 12:00:00,4,-0.9641487517520019
2019-02-15 13:00:00,4,-0.3517401060111918
2019-02-15 14:00:00,4,0.6430238530806631
2019-02-15 15:00:00,4,0.8336046997883385
2019-02-15 16:00:00,4,0.990124437116672
2019-02-15 17:00:00,4,0.9765183821681646
2019-02-15 18:00:00,4,0.9990589037978662
2019-02-16 09:00:00,4,0.9889132172027166
2019-02-16 10:00:00,4,0.5151874784546453
2019-02-16 11:00:00,4,0.6422154278634279
2019-02-16 12:00:00,4,0.7656117968573115
2019-02-16 13:00:00,4,0.8194643183047403
2019-02-16 14:00:00,4,0.8391644641954524
2019-02-16 15:00:00,4,0.7174682781466515
2019-02-16 16:00:00,4,0.7916934846474709
2019-02-16 17:00:00,4,0.7028723744231483
2019-02-16 18:00:00,4,0.9939312391089422
2019-02-17 09:00:00,4,0.9924825599985364
2019-02-17 10:00:00,4,0.9998010621542793
2019-02-17 11:00:00,4,0.9953615253273271
2019-02-17 12:00:00,4,0.9987812520320479
2019-02-17 13:00:00,4,0.05553622142020176
2019-02-17 14:00:00,4,-0.48697605334116467
2019-02-17 15:00:00,4,0.8696876442229111
2019-02-17 16:00:00,4,0.9770789607016688
2019-02-17 17:00:00,4,0.9877767100375887
2019-02-17 18:00:00,4,0.9996287302764549
2019-02-18 09:00:00,4,0.9997540297736929
2019-02-18 10:00:00,4,0.9985353280989603
2019-02-18 11:00:00,4,0.9970836753669183
2019-02-18 12:00:00,4,0.9950245299443539
2019-02-18 13:00:00,4,0.945188679056172
2019-02-18 14:00:00,4,0.9805778239106898
2019-02-18 15:00:00,4,0.9974488853348638
2019-02-18 16:00:00,4,0.9945503503238544
2019-02-18 17:00:00,4,0.9941190424298509
2019-02-18 18:00:00,4,0.9998907606989043
2019-02-19 09:00:00,4,0.9585242594349112
2019-02-19 10:00:00,4,0.9356299873148778
2019-02-19 11:00:00,4,0.9454769009229499
2019-02-19 12:00:00,4,0.965926334130685
2019-02-19 13:00:00,4,-0.0979763213462266
2019-02-19 14:00:00,4,0.9905904704018125
2019-02-19 15:00:00,4,0.9928019943616017
2019-02-19 16:00:00,4,0.9828013201810808
2019-02-19 17:00:00,4,0.9941635525464633
2019-02-19 18:00:00,4,0.978881122486792
2019-02-20 09:00:00,4,0.9961621424787841
2019-02-20 10:00:00,4,0.9973725521691919
2019-02-20 11:00:00,4,0.9314125127023433
2019-02-20 12:00:00,4,0.9903493327542561
2019-02-20 13:00:00,4,-0.1698402510362961
2019-02-20 14:00:00,4,0.9589683015972017
2019-02-20 15:00:00,4,0.8949371334547861
2019-02-20 16:00:00,4,0.9992939385693953
2019-02-20 17:00:00,4,0.998298772026758
2019-02-20 18:00:00,4,0.999480242775314
2019-02-21 09:00:00,4,0.9992912828563898
2019-02-21 10:00:00,4,0.9988093141214467
2019-02-21 11:00:00,4,0.9992241825997389
2019-02-21 12:00:00,4,0.9994302966183354
2019-02-21 13:00:00,4,0.8921988780179827
2019-02-21 14:00:00,4,0.8935492239459646
2019-02-21 15:00:00,4,0.9965608342514019
2019-02-21 16:00:00,4,0.996428478531193
2019-02-21 17:00:00,4,0.9982201990315721
2019-02-21 18:00:00,4,0.9989558692672046
2019-02-22 08:00:00,3,0.98703180551241
2019-02-22 09:00:00,4,0.998804644014167
2019-02-22 10:00:00,4,0.502466921203748
2019-02-22 11:00:00,4,0.38849620196209833
2019-02-22 12:00:00,4,-0.9963959552186425
2019-02-22 13:00:00,4,-0.21010583253560133
2019-02-22 14:00:00,4,-0.7849627985206262
2019-02-22 15:00:00,4,0.8677177564169136
2019-02-22 16:00:00,4,0.4580947388507275
2019-02-22 17:00:00,4,0.9962290621108336
2019-02-22 18:00:00,4,0.9958315181314702
2019-02-23 09:00:00,4,0.9996105426428734
2019-02-23 10:00:00,4,0.99977283599247
2019-02-23 11:00:00,4,0.9994858324262043
2019-02-23 12:00:00,4,0.9952963837849325
2019-02-23 13:00:00,4,0.9525686124231847
2019-02-23 14:00:00,4,0.771086083085632
2019-02-23 15:00:00,4,0.9797284794444783
2019-02-23 16:00:00,4,0.9595097986565982
2019-02-23 17:00:00,4,0.9989114559401194
2019-02-23 18:00:00,4,0.9998145393532234
2019-02-24 09:00:00,4,0.998640279712516
2019-02-24 10:00:00,4,0.9991705464883093
2019-02-24 11:00:00,4,0.9304371053593238
2019-02-24 12:00:00,4,-0.3014243574862948
2019-02-24 13:00:00,4,0.36104992935228736
2019-02-24 14:00:00,4,-0.06332716105519356
2019-02-24 15:00:00,4,0.3780298067367682
2019-02-24 16:00:00,4,0.7741892007469597
2019-02-24 17:00:00,4,0.9719156285332348
2019-02-24 18:00:00,4,0.9997795608080792
2019-02-25 09:00:00,4,0.9997538195608704
2019-02-25 10:00:00,4,0.998407122253999
2019-02-25 11:00:00,4,0.9968690413277623
2019-02-25 12:00:00,4,0.9998139271197115
2019-02-25 13:00:00,4,0.968595888880856
2019-02-25 14:00:00,4,0.9389237897741491
2019-02-25 15:00:00,4,0.9995476900761411
2019-02-25 16:00:00,4,0.9926262698784515
2019-02-25 17:00:00,4,0.9915124466153703
2019-02-25 18:00:00,4,0.9973503518648507
2019-02-26 08:00:00,3,0.9986198228744191
2019-02-26 09:00:00,4,0.9993943346796847
2019-02-26 10:00:00,4,0.9993075392830189
2019-02-26 11:00:00,4,0.9983372954840211
2019-02-26 12:00:00,4,0.9978668281453454
2019-02-26 13:00:00,4,0.9903511494874523
2019-02-26 14:00:00,4,0.964081325448595
2019-02-26 15:00:00,4,0.9642998201808098
2019-02-26 16:00:00,4,0.990238156742663
2019-02-26 17:00:00,4,0.9934431062439458
2019-02-26 18:00:00,4,0.9970221645462649
2019-02-27 08:00:00,3,0.9788255199977619
2019-02-27 09:00:00,4,0.9443879654530642
2019-02-27 10:00:00,4,0.9840651081300595
2019-02-27 11:00:00,4,0.9960428218927625
2019-02-27 12:00:00,4,0.9979082911424382
2019-02-27 13:00:00,4,0.9710791257441155
2019-02-27 14:00:00,4,0.9900033556908415
2019-02-27 15:00:00,4,0.9897546683368478
2019-02-27 16:00:00,4,0.9207180119685685
2019-02-27 17:00:00,4,0.9967038889872439
2019-02-27 18:00:00,4,0.9999410004924434
2019-02-28 08:00:00,3,0.9956136689702044
2019-02-28 09:00:00,4,0.9999857080217175
2019-02-28 10:00:00,4,0.9990352511871268
2019-02-28 11:00:00,4,0.9965876744045209
2019-02-28 12:00:00,4,0.9958171181645887
2019-02-28 13:00:00,4,0.9774274949871972
2019-02-28 14:00:00,4,0.9906395823107464
2019-02-28 15:00:00,4,0.9989244622591802
2019-02-28 16:00:00,4,0.9774375991928539
2019-02-28 17:00:00,4,0.9260544626664351
2019-02-28 18:00:00,4,0.9998812578414542
2019-03-01 08:00:00,3,0.9993581184136434
2019-03-01 09:00:00,4,0.9997996566664755
2019-03-01 10:00:00,4,0.9997519527096317
2019-03-01 11:00:00,4,0.9937539165723235
2019-03-01 12:00:00,4,0.9119631781835109
2019-03-01 13:00:00,4,0.9271881738628138
2019-03-01 14:00:00,4,0.9602042562496595
2019-03-01 15:00:00,4,0.9915603748545488
2019-03-01 16:00:00,4,0.998843269865001
2019-03-01 17:00:00,4,0.9990918328277122
2019-03-01 18:00:00,4,0.9996634938395768
2019-03-02 08:00:00,3,0.9947346689737419
2019-03-02 09:00:00,4,0.9993322621016749
2019-03-02 10:00:00,4,0.9974725681923418
2019-03-02 11:00:00,4,0.2138672606028781
2019-03-02 12:00:00,4,0.9563137239028293
2019-03-02 13:00:00,4,0.9803751339648201
2019-03-02 14:00:00,4,0.9263192130726885
2019-03-02 15:00:00,4,0.9329594158023868
2019-03-02 16:00:00,4,0.9500909622832472
2019-03-02 17:00:00,4,0.9967657960523587
2019-03-02 18:00:00,4,0.9999504903527007
2019-03-03 08:00:00,3,0.996808408824112
2019-03-03 09:00:00,4,0.9993577782512967
2019-03-03 10:00:00,4,0.9989163301448348
2019-03-03 11:00:00,4,0.9975778152050946
2019-03-03 12:00:00,4,0.9979768025077295
2019-03-03 13:00:00,4,0.8120660068969204
2019-03-03 14:00:00,4,0.9068280337047132
2019-03-03 15:00:00,4,0.9950873029592793
2019-03-03 16:00:00,4,0.9934486516927054
2019-03-03 17:00:00,4,0.9934555290788671
2019-03-03 18:00:00,4,0.9998573569942487
2019-03-03 19:00:00,3,0.9909688369264555
2019-03-04 08:00:00,3,0.9941227649749546
2019-03-04 09:00:00,4,0.993984149828221
2019-03-04 10:00:00,4,0.9215379082222989
2019-03-04 11:00:00,4,0.886476345645893
2019-03-04 12:00:00,4,0.7646147905720012
2019-03-04 13:00:00,4,0.6055214952416602
2019-03-04 14:00:00,4,-0.3411204384918167
2019-03-04 15:00:00,4,0.897133605853143
2019-03-04 16:00:00,4,0.690775576596237
2019-03-04 17:00:00,4,0.9003868878231046
2019-03-04 18:00:00,4,0.9770766239028811
2019-03-04 19:00:00,3,0.9384355839931511
2019-03-05 08:00:00,3,0.9998587786919303
2019-03-05 09:00:00,4,0.9996645492634703
2019-03-05 10:00:00,4,0.9898396811021969
2019-03-05 11:00:00,4,0.964274195402311
2019-03-05 12:00:00,4,0.9674040811680248
2019-03-05 13:00:00,4,0.7198168594359601
2019-03-05 14:00:00,4,0.9720128133942965
2019-03-05 15:00:00,4,0.9934730241440379
2019-03-05 16:00:00,4,0.987331766004679
2019-03-05 17:00:00,4,0.9948604899228223
2019-03-05 18:00:00,4,0.9987914692952421
2019-03-05 19:00:00,3,0.9951300723616101
2019-03-06 08:00:00,3,0.9999665024354567
2019-03-06 09:00:00,4,0.9979102769591447
2019-03-06 10:00:00,4,0.9999529900616485
2019-03-06 11:00:00,4,0.9851643860220309
2019-03-06 12:00:00,4,0.9837311602166571
2019-03-06 13:00:00,4,0.9896675263471496
2019-03-06 14:00:00,4,0.9593032017891753
2019-03-06 15:00:00,4,0.9759725193963602
2019-03-06 16:00:00,4,0.9754594422430446
2019-03-06 17:00:00,4,0.9992480957948031
2019-03-06 18:00:00,4,0.9956786041300715
2019-03-07 08:00:00,3,0.9987200612739174
2019-03-07 09:00:00,4,0.9984612418257125
2019-03-07 10:00:00,4,0.9867610615308735
2019-03-07 11:00:00,4,0.9975762112832096
2019-03-07 12:00:00,4,0.9972151186209357
2019-03-07 13:00:00,4,0.9769181370494429
2019-03-07 14:00:00,4,0.8930788056584987
2019-03-07 15:00:00,4,0.980118877410307
2019-03-07 16:00:00,4,0.9930326706799164
2019-03-07 17:00:00,4,0.986436274692301
2019-03-07 18:00:00,4,0.9524517955522397
2019-03-07 19:00:00,4,0.6968365762227784
2019-03-08 08:00:00,4,0.9958337051739934
2019-03-08 09:00:00,4,0.999921960604966
2019-03-08 10:00:00,4,0.9990849069924298
2019-03-08 11:00:00,4,0.9974481348189509
2019-03-08 12:00:00,4,-0.8536228970517618
2019-03-08 13:00:00,4,0.8943127987510014
2019-03-08 14:00:00,4,0.9877101559757919
2019-03-08 15:00:00,4,0.8016553191882521
2019-03-08 16:00:00,4,0.9986313678677039
2019-03-08 17:00:00,4,0.9864157850485133
2019-03-08 18:00:00,4,0.9982684020428687
2019-03-08 19:00:00,3,0.9936011132999303
2019-03-09 08:00:00,4,0.9932326028913667
2019-03-09 09:00:00,4,0.9997118651327569
2019-03-09 10:00:00,4,0.9978057444328075
2019-03-09 11:00:00,4,0.9973363124391575
2019-03-09 12:00:00,4,0.9843181534775594
2019-03-09 13:00:00,4,0.99602712522498
2019-03-09 14:00:00,4,0.9762011001569665
2019-03-09 15:00:00,4,0.9988003115057205
2019-03-09 16:00:00,4,0.9929737187677155
2019-03-09 17:00:00,4,0.9995843343864865
2019-03-09 18:00:00,4,0.9999386196047999
2019-03-09 19:00:00,3,0.9967635832640735
2019-03-10 08:00:00,4,0.992947611593566
2019-03-10 09:00:00,4,0.9833382061094242
2019-03-10 10:00:00,4,0.7504825124026627
2019-03-10 11:00:00,4,0.9529457541403131
2019-03-10 12:00:00,4,0.9966403611654192
2019-03-10 13:00:00,4,-0.389903145232011
2019-03-10 14:00:00,4,0.9005811618496785
2019-03-10 15:00:00,4,0.9923853600613561
2019-03-10 16:00:00,4,0.9612321281107551
2019-03-10 17:00:00,4,0.9930275363108412
2019-03-10 18:00:00,4,0.9999649770038069
2019-03-10 19:00:00,3,0.9977375136956541
2019-03-11 08:00:00,4,0.9931337076582896
2019-03-11 09:00:00,4,0.9999764134833008
2019-03-11 10:00:00,4,0.9974113763887509
2019-03-11 11:00:00,4,0.9981570565944281
2019-03-11 12:00:00,4,0.9917041066425833
2019-03-11 13:00:00,4,0.985037914541168
2019-03-11 14:00:00,4,0.9598892867853894
2019-03-11 15:00:00,4,0.9967908560829687
2019-03-11 16:00:00,4,0.9933836056432338
2019-03-11 17:00:00,4,0.995530116155525
2019-03-11 18:00:00,4,0.9996380180527433
2019-03-11 19:00:00,3,0.9966074005775069
2019-03-12 08:00:00,4,0.9921829914521553
2019-03-12 09:00:00,4,0.9944755235529229
2019-03-12 10:00:00,4,0.9309466093619347
2019-03-12 11:00:00,4,-0.8528511718240628
2019-03-12 12:00:00,4,-0.6396018577851669
2019-03-12 13:00:00,4,0.6751372988418167
2019-03-12 14:00:00,4,-0.9793620097239277
2019-03-12 15:00:00,4,-0.9467813525569256
2019-03-12 16:00:00,4,0.7811588458476213
2019-03-12 17:00:00,4,0.9723594182242129
2019-03-12 18:00:00,4,0.9994075754675397
2019-03-12 19:00:00,3,0.9997836940599124
2019-03-13 08:00:00,4,0.9969623873452141
2019-03-13 09:00:00,4,0.9562950477662135
2019-03-13 10:00:00,4,0.9669585326331854
2019-03-13 11:00:00,4,0.8390132193248018
2019-03-13 12:00:00,4,0.7239968789445403
2019-03-13 13:00:00,4,0.7436822211194488
2019-03-13 14:00:00,4,0.9733924348999354
2019-03-13 15:00:00,4,0.5042909863614625
2019-03-13 16:00:00,4,0.9138230461950558
2019-03-13 17:00:00,4,0.9899936896546545
2019-03-13 18:00:00,4,0.9994192058905829
2019-03-13 19:00:00,3,0.9977844609941672
2019-03-14 08:00:00,4,0.9944366592855916
2019-03-14 09:00:00,4,0.9992470644246284
2019-03-14 10:00:00,4,0.9963423457711028
2019-03-14 11:00:00,4,0.9995882589985251
2019-03-14 12:00:00,4,0.9982420179633603
2019-03-14 13:00:00,4,0.9427583826832043
2019-03-14 14:00:00,4,0.8181734199854185
2019-03-14 15:00:00,4,0.9844117661968482
2019-03-14 16:00:00,4,0.9951147485429944
2019-03-14 17:00:00,4,0.9967127605668114
2019-03-14 18:00:00,4,0.9995428880058311
2019-03-14 19:00:00,3,0.9976676650029722
2019-03-15 08:00:00,4,0.9936655395942503
2019-03-15 09:00:00,4,0.9997076386444005
2019-03-15 10:00:00,4,0.9987487063204114
2019-03-15 11:00:00,4,0.9985776408488869
2019-03-15 12:00:00,4,0.9875179415073837
2019-03-15 13:00:00,4,0.9902585061204939
2019-03-15 14:00:00,4,0.9536035336805293
2019-03-15 15:00:00,4,0.994153166622848
2019-03-15 16:00:00,4,0.9929201982863572
2019-03-15 17:00:00,4,0.9984974484845553
2019-03-15 18:00:00,4,0.9986363093716033
2019-03-15 19:00:00,3,0.9995991960760894
2019-03-16 08:00:00,4,0.9919376799887073
2019-03-16 09:00:00,4,0.9946904323657525
2019-03-16 10:00:00,4,0.9982894210492386
2019-03-16 11:00:00,4,0.9778581795919343
2019-03-16 12:00:00,4,0.6956947302271178
2019-03-16 13:00:00,4,0.8037797565431278
2019-03-16 14:00:00,4,0.4384743070456317
2019-03-16 15:00:00,4,0.6212829388884322
2019-03-16 16:00:00,4,0.7506144403272453
2019-03-16 17:00:00,4,0.9990985989601743
2019-03-16 18:00:00,4,0.9999716534944408
2019-03-16 19:00:00,3,0.9983080758921925
2019-03-17 08:00:00,4,0.9991855907393047
2019-03-17 09:00:00,4,0.9999506047994242
2019-03-17 10:00:00,4,0.9983147450669516
2019-03-17 11:00:00,4,0.999100223977511
2019-03-17 12:00:00,4,0.9870143600121579
2019-03-17 13:00:00,4,-0.12092759325704107
2019-03-17 14:00:00,4,0.9776562654499027
2019-03-17 15:00:00,4,0.8231886407067707
2019-03-17 16:00:00,4,0.9967797249719276
2019-03-17 17:00:00,4,0.9980887916675838
2019-03-17 18:00:00,4,0.9991599971294419
2019-03-17 19:00:00,3,0.9957828258222002
2019-03-18 08:00:00,4,0.9998346752824614
2019-03-18 09:00:00,4,0.9998187130103273
2019-03-18 10:00:00,4,0.9982311020229424
2019-03-18 11:00:00,4,0.9503315981819215
2019-03-18 12:00:00,4,0.7269776442166356
2019-03-18 13:00:00,4,-0.9159683534997893
2019-03-18 14:00:00,4,0.7200533237707486
2019-03-18 15:00:00,4,0.9330144102058359
2019-03-18 16:00:00,4,0.37478952107560687
2019-03-18 17:00:00,4,0.989666893395261
2019-03-18 18:00:00,4,0.995447642765321
2019-03-18 19:00:00,3,0.9937385726654836
2019-03-19 08:00:00,4,0.9999485783143196
2019-03-19 09:00:00,4,0.713234418062583
2019-03-19 10:00:00,4,0.9926139327818053
2019-03-19 11:00:00,4,0.9994869654618288
2019-03-19 12:00:00,4,0.7065590672115594
2019-03-19 13:00:00,4,-0.1893130250735239
2019-03-19 14:00:00,4,0.11109403070907188
2019-03-19 15:00:00,4,-0.15880652323562874
2019-03-19 16:00:00,4,0.9900689978294205
2019-03-19 17:00:00,4,0.8992379040106081
2019-03-19 18:00:00,4,0.9985811310525151
2019-03-19 19:00:00,4,0.995219930442493
2019-03-20 08:00:00,4,0.9991388536238291
2019-03-20 09:00:00,4,0.999464130410998
2019-03-20 10:00:00,4,0.9850972400538506
2019-03-20 11:00:00,4,0.9945254309673031
2019-03-20 12:00:00,4,0.938329828546081
2019-03-20 13:00:00,4,-0.9792643919208485
2019-03-20 14:00:00,4,0.9971309562311585
2019-03-20 15:00:00,4,0.9812123813806021
2019-03-20 16:00:00,4,0.9875660933308906
2019-03-20 17:00:00,4,0.9960440916746478
2019-03-20 18:00:00,4,0.999208151395572
2019-03-20 19:00:00,4,0.9978618885822725
2019-03-21 08:00:00,4,0.9914052222195493
2019-03-21 09:00:00,4,0.9995677103540056
2019-03-21 10:00:00,4,0.9989076976604374
2019-03-21 11:00:00,4,0.9988776844831443
2019-03-21 12:00:00,4,0.9659752121000152
2019-03-21 13:00:00,4,0.8010041737617841
2019-03-21 14:00:00,4,0.7244222651518812
2019-03-21 15:00:00,4,0.9899633935761297
2019-03-21 16:00:00,4,0.9945689061759613
2019-03-21 17:00:00,4,0.996997404662895
2019-03-21 18:00:00,4,0.9998827813579444
2019-03-21 19:00:00,4,0.9965532561149304
2019-03-22 08:00:00,4,0.9969505302846534
2019-03-22 09:00:00,4,0.9516911835459538
2019-03-22 10:00:00,4,0.9843074593121792
2019-03-22 11:00:00,4,0.9412329231025319
2019-03-22 12:00:00,4,0.6759269415557673
2019-03-22 13:00:00,4,-0.3866065749893592
2019-03-22 14:00:00,4,0.6087664989344433
2019-03-22 15:00:00,4,0.9972041750906929
2019-03-22 16:00:00,4,0.9608080039400505
2019-03-22 17:00:00,4,0.9844918166039184
2019-03-22 18:00:00,4,0.9409859282771768
2019-03-22 19:00:00,4,0.999664486548474
2019-03-23 08:00:00,4,0.9824097890635238
2019-03-23 09:00:00,4,0.9985315376801781
2019-03-23 10:00:00,4,0.9998048064496272
2019-03-23 11:00:00,4,0.9990904312159361
2019-03-23 12:00:00,4,0.9754931028592062
2019-03-23 13:00:00,4,0.7732043951868345
2019-03-23 14:00:00,4,0.5547332257033442
2019-03-23 15:00:00,4,0.4414759278904
2019-03-23 16:00:00,4,0.9959430190920437
2019-03-23 17:00:00,4,0.9987148867551517
2019-03-23 18:00:00,4,0.9999176557445681
2019-03-23 19:00:00,4,0.9977593516758231
2019-03-24 08:00:00,4,0.9993370162577404
2019-03-24 09:00:00,4,0.9982803076336857
2019-03-24 10:00:00,4,0.9599280336180634
2019-03-24 11:00:00,4,0.9632070129288411
2019-03-24 12:00:00,4,0.9866202829797684
2019-03-24 13:00:00,4,0.8713883827517306
2019-03-24 14:00:00,4,0.42613096681319007
2019-03-24 15:00:00,4,0.9982530311399284
2019-03-24 16:00:00,4,0.9964642311270318
2019-03-24 17:00:00,4,0.9656013920069852
2019-03-24 18:00:00,4,0.9986846595062765
2019-03-24 19:00:00,4,0.9986512179129328
2019-03-25 08:00:00,4,0.9949931745283986
2019-03-25 09:00:00,4,0.9717972366087891
2019-03-25 10:00:00,4,0.8287962431532663
2019-03-25 11:00:00,4,0.8585556309825623
2019-03-25 12:00:00,4,0.9314992208659684
2019-03-25 13:00:00,4,0.771161527961728
2019-03-25 14:00:00,4,0.847558279910305
2019-03-25 15:00:00,4,-0.05575821465120958
2019-03-25 16:00:00,4,0.8707890216270378
2019-03-25 17:00:00,4,0.9979537543698184
2019-03-25 18:00:00,4,0.9544974872963838
2019-03-25 19:00:00,4,0.9986044146223028
2019-03-26 08:00:00,4,0.9989415266496947
2019-03-26 09:00:00,4,0.999651168891951
2019-03-26 10:00:00,4,0.8472778088171221
2019-03-26 11:00:00,4,0.39972763789893634
2019-03-26 12:00:00,4,-0.22352223244141098
2019-03-26 13:00:00,4,-0.8561765822433908
2019-03-26 14:00:00,4,-0.22064699810960786
2019-03-26 15:00:00,4,0.5980179383648849
2019-03-26 16:00:00,4,-0.9641098007819917
2019-03-26 17:00:00,4,-0.1896959385269021
2019-03-26 18:00:00,4,0.99948808157686
2019-03-26 19:00:00,4,0.9988986618275467
2019-03-27 08:00:00,4,0.9863409067163414
2019-03-27 09:00:00,4,0.9971517180406108
2019-03-27 10:00:00,4,0.9986032538417773
2019-03-27 11:00:00,4,-0.8879944689164347
2019-03-27 12:00:00,4,-0.932755445700569
2019-03-27 13:00:00,4,-0.5811723936609032
2019-03-27 14:00:00,4,-0.09433624335884531
2019-03-27 15:00:00,4,-0.9924050268896895
2019-03-27 16:00:00,4,-0.8721546559096591
2019-03-27 17:00:00,4,0.44276347223114476
2019-03-27 18:00:00,4,0.9952162623746983
2019-03-27 19:00:00,4,0.9977959306688049
2019-03-28 08:00:00,4,0.9961317245374914
2019-03-28 09:00:00,4,0.9987934267345344
2019-03-28 10:00:00,4,0.8388099049202854
2019-03-28 11:00:00,4,0.9865541598264796
2019-03-28 12:00:00,4,0.9368399223616483
2019-03-28 13:00:00,4,0.9345355111721746
2019-03-28 14:00:00,4,0.8968741612547354
2019-03-28 15:00:00,4,0.849215611981929
2019-03-28 16:00:00,4,0.99088053549804
2019-03-28 17:00:00,4,0.9947583757941625
2019-03-28 18:00:00,4,0.9999856834016414
2019-03-28 19:00:00,4,0.9929690913227782
2019-03-29 08:00:00,4,0.9936526731965746
2019-03-29 09:00:00,4,0.9998199886416506
2019-03-29 10:00:00,4,0.9987085348136391
2019-03-29 11:00:00,4,0.9983398874533498
2019-03-29 12:00:00,4,0.9068785217588888
2019-03-29 13:00:00,4,0.9899664529231254
2019-03-29 14:00:00,4,0.8739761917782085
2019-03-29 15:00:00,4,0.653560922421747
2019-03-29 16:00:00,4,0.9499642452188009
2019-03-29 17:00:00,4,0.9952602689670096
2019-03-29 18:00:00,4,0.9944003825015086
2019-03-29 19:00:00,4,0.9998236655390741
2019-03-30 08:00:00,4,0.9976575802216843
2019-03-30 09:00:00,4,0.999942780158144
2019-03-30 10:00:00,4,0.9537444216734292
2019-03-30 11:00:00,4,0.9982768765624864
2019-03-30 12:00:00,4,-0.9638778036828005
2019-03-30 13:00:00,4,-0.014704719774158525
2019-03-30 14:00:00,4,-0.46396041930143683
2019-03-30 15:00:00,4,-0.8658626195644644
2019-03-30 16:00:00,4,0.9897381008661131
2019-03-30 17:00:00,4,0.985578551501961
2019-03-30 18:00:00,4,0.99973822600896
2019-03-30 19:00:00,4,0.9648008467270602
2019-03-31 08:00:00,4,0.9953046681324952
2019-03-31 09:00:00,4,0.9998166771682014
2019-03-31 10:00:00,4,0.9991671789762273
2019-03-31 11:00:00,4,0.997618807586621
2019-03-31 12:00:00,4,0.9271382088663631
2019-03-31 13:00:00,4,0.5331386241074751
2019-03-31 14:00:00,4,0.6032060692073853
2019-03-31 15:00:00,4,0.9435548814958788
2019-03-31 16:00:00,4,-0.2640718586970276
2019-03-31 17:00:00,4,0.9585170811286732
2019-03-31 18:00:00,4,0.9977397370062269
2019-03-31 19:00:00,4,0.9973845901068443
2019-04-01 08:00:00,4,0.9967573080895406
2019-04-01 09:00:00,4,0.8837048649775421
2019-04-01 10:00:00,4,0.8836207428969052
2019-04-01 11:00:00,4,0.46629720827319593
2019-04-01 12:00:00,4,0.9742582537916223
2019-04-01 13:00:00,4,0.32982398307774713
2019-04-01 14:00:00,4,0.7415299133367232
2019-04-01 15:00:00,4,-0.286980415885028
2019-04-01 16:00:00,4,0.9976087447545287
2019-04-01 17:00:00,4,0.9171951930268633
2019-04-01 18:00:00,4,0.9998442745410093
2019-04-01 19:00:00,4,0.9967374679074035
2019-04-02 08:00:00,4,0.9969214313118233
2019-04-02 09:00:00,4,0.5861426292332501
2019-04-02 10:00:00,4,0.9049946967462515
2019-04-02 11:00:00,4,0.9709267905373051
2019-04-02 12:00:00,4,0.9531183312857409
2019-04-02 13:00:00,4,0.8235252299003669
2019-04-02 14:00:00,4,0.9847958738190746
2019-04-02 15:00:00,4,0.7930787446336374
2019-04-02 16:00:00,4,0.9427783190267859
2019-04-02 17:00:00,4,0.9907461040771037
2019-04-02 18:00:00,4,0.9857649811148596
2019-04-02 19:00:00,4,0.9982291605742746
2019-04-03 08:00:00,4,0.9821237321349698
2019-04-03 09:00:00,4,0.9629069980073259
2019-04-03 10:00:00,4,0.9993297519613605
2019-04-03 11:00:00,4,0.9938318952203915
2019-04-03 12:00:00,4,0.7713613973945885
2019-04-03 13:00:00,4,0.7202281797687097
2019-04-03 14:00:00,4,-0.17280766564367045
2019-04-03 15:00:00,4,0.9668436047712772
2019-04-03 16:00:00,4,0.9862567141990992
2019-04-03 17:00:00,4,0.896965041053737
2019-04-03 18:00:00,4,0.9994105761079655
2019-04-03 19:00:00,4,0.9985137454652527
2019-04-04 07:00:00,3,0.9868669879630896
2019-04-04 08:00:00,4,0.996425807054043
2019-04-04 09:00:00,4,0.9999971352649056
2019-04-04 10:00:00,4,0.9986708755765094
2019-04-04 11:00:00,4,0.9942021420751765
2019-04-04 12:00:00,4,0.9564019852284172
2019-04-04 13:00:00,4,0.9835129109186381
2019-04-04 14:00:00,4,0.4222164078568369
2019-04-04 15:00:00,4,0.9979190575732673
2019-04-04 16:00:00,4,0.996732544559572
2019-04-04 17:00:00,4,0.9938750193920006
2019-04-04 18:00:00,4,0.9982581353429357
2019-04-04 19:00:00,4,0.996444336710234
2019-04-05 08:00:00,4,0.9993698731180974
2019-04-05 09:00:00,4,0.999755039409927
2019-04-05 10:00:00,4,0.3313437536111162
2019-04-05 11:00:00,4,0.9262976041536127
2019-04-05 12:00:00,4,0.9256911565478023
2019-04-05 13:00:00,4,0.9692655747375788
2019-04-05 14:00:00,4,-0.9006235429632834
2019-04-05 15:00:00,4,0.8157689593793751
2019-04-05 16:00:00,4,0.8376485457506552
2019-04-05 17:00:00,4,0.9798683988648694
2019-04-05 18:00:00,4,0.9816036761414871
2019-04-05 19:00:00,4,0.9980485560635123
2019-04-06 07:00:00,3,0.9762878149780321
2019-04-06 08:00:00,4,0.9988572580437642
2019-04-06 09:00:00,4,0.7257894805250085
2019-04-06 10:00:00,4,0.7906075976746629
2019-04-06 11:00:00,4,0.9936974929316096
2019-04-06 12:00:00,4,-0.42855234021664645
2019-04-06 13:00:00,4,0.990749904175954
2019-04-06 14:00:00,4,0.7735345717551612
2019-04-06 15:00:00,4,0.9890177206332396
2019-04-06 16:00:00,4,0.9659690230274073
2019-04-06 17:00:00,4,0.7746116135526271
2019-04-06 18:00:00,4,0.9975482475540192
2019-04-06 19:00:00,4,0.9946475549332124
2019-04-07 08:00:00,4,0.908306643075816
2019-04-07 09:00:00,4,0.9761323493593062
2019-04-07 10:00:00,4,0.9988495940588633
2019-04-07 11:00:00,4,0.8265963990319056
2019-04-07 12:00:00,4,0.8385376455557875
2019-04-07 13:00:00,4,0.882139239512528
2019-04-07 14:00:00,4,0.9652534078247206
2019-04-07 15:00:00,4,0.9168506832276775
2019-04-07 16:00:00,4,0.9565969663229079
2019-04-07 17:00:00,4,0.9214737795509539
2019-04-07 18:00:00,4,0.9863107226546586
2019-04-07 19:00:00,4,
2019-04-08 07:00:00,3,0.9814451957862893
2019-04-08 08:00:00,4,0.943610645828905
2019-04-08 09:00:00,4,0.9727144267753148
2019-04-08 10:00:00,4,-0.17111673994563215
2019-04-08 11:00:00,4,0.7405764442541257
2019-04-08 12:00:00,4,0.9200483815509908
2019-04-08 13:00:00,4,0.8384404769276187
2019-04-08 14:00:00,4,0.8646333985419657
2019-04-08 15:00:00,4,0.996784029069878
2019-04-08 16:00:00,4,0.9341042420710705
2019-04-08 17:00:00,4,-0.9025540498341325
2019-04-08 18:00:00,4,0.6043798403873889
2019-04-08 19:00:00,4,0.9532318838654963
2019-04-09 08:00:00,4,0.9749084703131642
2019-04-09 09:00:00,4,0.9605225613517636
2019-04-09 10:00:00,4,0.9266360468857087
2019-04-09 11:00:00,4,0.9437370181196643
2019-04-09 12:00:00,4,0.9174591448589268
2019-04-09 13:00:00,4,-0.30264890915855963
2019-04-09 14:00:00,4,-0.41738258868691513
2019-04-09 15:00:00,4,0.9931855171583899
2019-04-09 16:00:00,4,0.9766934046742233
2019-04-09 17:00:00,4,0.99965364768681
2019-04-09 18:00:00,4,0.9992027109277922
2019-04-09 19:00:00,4,0.9977166728168564
2019-04-10 07:00:00,3,0.9690839876893794
2019-04-10 08:00:00,4,0.9909609754225462
2019-04-10 09:00:00,4,0.9955951852605269
2019-04-10 10:00:00,4,0.8476107125432523
2019-04-10 11:00:00,4,0.6718224460425207
2019-04-10 12:00:00,4,-0.06373023765016293
2019-04-10 13:00:00,4,0.9758571738760227
2019-04-10 14:00:00,4,-0.5905356470694985
2019-04-10 15:00:00,4,0.9992986233450892
2019-04-10 16:00:00,4,0.99834707960053
2019-04-10 17:00:00,4,0.9912055207429102
2019-04-10 18:00:00,4,0.9943680626277521
2019-04-10 19:00:00,4,0.999939978560255
2019-04-11 07:00:00,3,0.9893554297123034
2019-04-11 08:00:00,4,0.9978511842920308
2019-04-11 09:00:00,4,0.9948934936461715
2019-04-11 10:00:00,4,0.9793657700581577
2019-04-11 11:00:00,4,0.9358181479213528
2019-04-11 12:00:00,4,0.8710147395341321
2019-04-11 13:00:00,4,0.9056808072535432
2019-04-11 14:00:00,4,0.7489823768639875
2019-04-11 15:00:00,4,0.7398068431237083
2019-04-11 16:00:00,4,-0.43892758574545665
2019-04-11 17:00:00,4,0.9756102396335582
2019-04-11 18:00:00,4,0.9995132955615862
2019-04-11 19:00:00,4,0.9975404828242824
2019-04-12 07:00:00,3,0.9998712838304222
2019-04-12 08:00:00,4,0.970164786264034
2019-04-12 09:00:00,4,0.8896388628911477
2019-04-12 10:00:00,4,0.9959298061481802
2019-04-12 11:00:00,4,0.9817304023973925
2019-04-12 12:00:00,4,0.4672699008785268
2019-04-12 13:00:00,4,-0.40915847308294867
2019-04-12 14:00:00,4,0.9093260750848421
2019-04-12 15:00:00,4,0.9354213155792251
2019-04-12 16:00:00,4,0.9928142478041262
2019-04-12 17:00:00,4,0.6823485044751001
2019-04-12 18:00:00,4,0.9194399140934081
2019-04-12 19:00:00,4,0.987556033271004
2019-04-13 07:00:00,4,0.9443968005725076
2019-04-13 08:00:00,4,0.9501037432130124
2019-04-13 09:00:00,4,-0.45162461468366333
2019-04-13 10:00:00,4,0.9977102309551856
2019-04-13 11:00:00,4,0.6811365325301896
2019-04-13 12:00:00,4,0.9416274036865351
2019-04-13 13:00:00,4,0.9632561070912723
2019-04-13 14:00:00,4,0.15323626723820102
2019-04-13 15:00:00,4,0.9792526962187342
2019-04-13 16:00:00,4,0.9963639506451404
2019-04-13 17:00:00,4,0.9911749639795548
2019-04-13 18:00:00,4,0.9770427852404283
2019-04-13 19:00:00,4,0.7663214281493104
2019-04-14 07:00:00,4,0.9782870045083654
2019-04-14 08:00:00,4,0.9950991378010731
2019-04-14 09:00:00,4,0.993122275079638
2019-04-14 10:00:00,4,0.7924954539562826
2019-04-14 11:00:00,4,0.37913242849012024
2019-04-14 12:00:00,4,-0.03271040330464479
2019-04-14 13:00:00,4,0.7798467159379586
2019-04-14 14:00:00,4,0.8717123018348168
2019-04-14 15:00:00,4,0.8973403704962307
2019-04-14 16:00:00,4,0.9508408288992196
2019-04-14 17:00:00,4,0.9858633798992155
2019-04-14 18:00:00,4,0.9393908396797275
2019-04-14 19:00:00,4,0.9994951863808652
2019-04-15 07:00:00,4,0.9573614679126413
2019-04-15 08:00:00,4,0.9956546105786277
2019-04-15 09:00:00,4,0.9997691147720341
2019-04-15 10:00:00,4,0.9997372106479534
2019-04-15 11:00:00,4,0.9879669211972164
2019-04-15 12:00:00,4,0.9386450669598944
2019-04-15 13:00:00,4,0.4597575586598614
2019-04-15 14:00:00,4,-0.21772219753459168
2019-04-15 15:00:00,4,0.9945964355892548
2019-04-15 16:00:00,4,0.990681211799721
2019-04-15 17:00:00,4,0.9939850915689586
2019-04-15 18:00:00,4,0.9992880382826603
2019-04-15 19:00:00,4,0.9973140376261299
2019-04-16 07:00:00,4,0.996572562653581
2019-04-16 08:00:00,4,0.9954431136314783
2019-04-16 09:00:00,4,0.9998579062399823
2019-04-16 10:00:00,4,0.9976129973944844
2019-04-16 11:00:00,4,0.9812020178045372
2019-04-16 12:00:00,4,0.9258181280750228
2019-04-16 13:00:00,4,0.6243955858556504
2019-04-16 14:00:00,4,0.605810573738501
2019-04-16 15:00:00,4,-0.45892945294139154
2019-04-16 16:00:00,4,0.8546482047718273
2019-04-16 17:00:00,4,0.9925175160394772
2019-04-16 18:00:00,4,0.9834003045970391
2019-04-16 19:00:00,4,0.9999401555603189
2019-04-17 07:00:00,4,0.9992557852606583
2019-04-17 08:00:00,4,0.9968393359442624
2019-04-17 09:00:00,4,0.9914833253617894
2019-04-17 10:00:00,4,0.9147109439214091
2019-04-17 11:00:00,4,-0.16489459264774334
2019-04-17 12:00:00,4,0.9797064691614026
2019-04-17 13:00:00,4,-0.8938424860406844
2019-04-17 14:00:00,4,0.9722124589616054
2019-04-17 15:00:00,4,0.7563758096848843
2019-04-17 16:00:00,4,0.9985011194225916
2019-04-17 17:00:00,4,0.9786406996368954
2019-04-17 18:00:00,4,0.985882530546767
2019-04-17 19:00:00,4,0.9998008092180029
2019-04-18 07:00:00,4,0.9986517534471949
2019-04-18 08:00:00,4,0.9977495719740929
2019-04-18 09:00:00,4,0.9997657517369207
2019-04-18 10:00:00,4,0.9796049274843766
2019-04-18 11:00:00,4,0.8593686689719171
2019-04-18 12:00:00,4,0.1155059381165531
2019-04-18 13:00:00,4,0.09373836535499988
2019-04-18 14:00:00,4,0.99556571489729
2019-04-18 15:00:00,4,0.9531407531785836
2019-04-18 16:00:00,4,0.81331431593122
2019-04-18 17:00:00,4,0.9549218985769912
2019-04-18 18:00:00,4,0.9249916999596974
2019-04-18 19:00:00,4,0.992944957410068
2019-04-19 07:00:00,4,0.9962690726714948
2019-04-19 08:00:00,4,0.9938738669809961
2019-04-19 09:00:00,4,0.9989137915602003
2019-04-19 10:00:00,4,0.9143194060934278
2019-04-19 11:00:00,4,0.9880224654535933
2019-04-19 12:00:00,4,0.6819423929918358
2019-04-19 13:00:00,4,0.6816637010990902
2019-04-19 14:00:00,4,0.6781489957683785
2019-04-19 15:00:00,4,0.20054016536619718
2019-04-19 16:00:00,4,-0.2832888947179603
2019-04-19 17:00:00,4,0.8995348613638035
2019-04-19 18:00:00,4,0.9943983005696736
2019-04-19 19:00:00,4,0.9997637610422843
2019-04-20 07:00:00,4,0.9985457018013463
2019-04-20 08:00:00,4,0.9967882528767574
2019-04-20 09:00:00,4,0.9998471075936134
2019-04-20 10:00:00,4,0.998469102079432
2019-04-20 11:00:00,4,0.9538644511605383
2019-04-20 12:00:00,4,0.9666341293104348
2019-04-20 13:00:00,4,0.18492881005931153
2019-04-20 14:00:00,4,0.7817373727913476
2019-04-20 15:00:00,4,0.9436409802166744
2019-04-20 16:00:00,4,0.8150693337320799
2019-04-20 17:00:00,4,0.9943139069704113
2019-04-20 18:00:00,4,0.9679643119383925
2019-04-20 19:00:00,4,0.999984272628274
2019-04-21 07:00:00,4,0.9992359877771819
2019-04-21 08:00:00,4,0.9985825627409682
2019-04-21 09:00:00,4,0.991683052312209
2019-04-21 10:00:00,4,0.8801295946979958
2019-04-21 11:00:00,4,0.6203562704454378
2019-04-21 12:00:00,4,0.9950534005527968
2019-04-21 13:00:00,4,0.5575091402280581
2019-04-21 14:00:00,4,0.7842702422122751
2019-04-21 15:00:00,4,-0.9825970737335106
2019-04-21 16:00:00,4,0.998617732620539
2019-04-21 17:00:00,4,0.9995686911184702
2019-04-21 18:00:00,4,0.9999723438690552
2019-04-21 19:00:00,4,0.9995773280634147
2019-04-22 07:00:00,4,0.9994422144545666
2019-04-22 08:00:00,4,0.9972406007967576
2019-04-22 09:00:00,4,0.9999527974789073
2019-04-22 10:00:00,4,0.999849147094214
2019-04-22 11:00:00,4,0.9949975013465832
2019-04-22 12:00:00,4,-0.49769156125443564
2019-04-22 13:00:00,4,-0.8732352060566272
2019-04-22 14:00:00,4,0.958732607999111
2019-04-22 15:00:00,4,0.8305774329313323
2019-04-22 16:00:00,4,0.9767339181873929
2019-04-22 17:00:00,4,0.9135926321056089
2019-04-22 18:00:00,4,0.9985174369787672
2019-04-22 19:00:00,4,0.9987739265656603
2019-04-23 07:00:00,4,0.9994713153268747
2019-04-23 08:00:00,4,0.9930280060212904
2019-04-23 09:00:00,4,0.9351485551365889
2019-04-23 10:00:00,4,0.851198796951103
2019-04-23 11:00:00,4,0.9982352876043599
2019-04-23 12:00:00,4,0.8984008725727711
2019-04-23 13:00:00,4,0.9991707123228242
2019-04-23 14:00:00,4,0.42886186723407294
2019-04-23 15:00:00,4,0.9651465646615092
2019-04-23 16:00:00,4,-0.43530774034468794
2019-04-23 17:00:00,4,0.9312483576821137
2019-04-23 18:00:00,4,0.9555012883435753
2019-04-23 19:00:00,4,0.9994439098831952
2019-04-24 07:00:00,4,0.971676939863903
2019-04-24 08:00:00,4,0.9764848870230556
2019-04-24 09:00:00,4,0.9790270928339365
2019-04-24 10:00:00,4,0.9219532806499103
2019-04-24 11:00:00,4,0.9897654854414155
2019-04-24 12:00:00,4,0.9967976385869504
2019-04-24 13:00:00,4,0.5783974759703756
2019-04-24 14:00:00,4,0.4184793675481187
2019-04-24 15:00:00,4,0.9936073293240073
2019-04-24 16:00:00,4,0.9943540832066741
2019-04-24 17:00:00,4,0.9958515599505566
2019-04-24 18:00:00,4,0.9985346952185714
2019-04-24 19:00:00,4,0.9976249653973002
2019-04-25 07:00:00,4,0.9792644944809096
2019-04-25 08:00:00,4,0.9969338018662249
2019-04-25 09:00:00,4,0.999951822993837
2019-04-25 10:00:00,4,0.8526992481545874
2019-04-25 11:00:00,4,0.8306536657791591
2019-04-25 12:00:00,4,0.5829230952377958
2019-04-25 13:00:00,4,0.962339430152261
2019-04-25 14:00:00,4,-0.07274206333517536
2019-04-25 15:00:00,4,0.7636270524252258
2019-04-25 16:00:00,4,0.8316481061106455
2019-04-25 17:00:00,4,0.8334623043921927
2019-04-25 18:00:00,4,0.8992810205579171
2019-04-25 19:00:00,4,0.9994602863199678
2019-04-26 07:00:00,4,0.9993402425917937
2019-04-26 08:00:00,4,0.99306856788201
2019-04-26 09:00:00,4,0.9938926877807417
2019-04-26 10:00:00,4,0.9907299144889117
2019-04-26 11:00:00,4,-0.9234154937010146
2019-04-26 12:00:00,4,-0.8144079616398233
2019-04-26 13:00:00,4,0.5846581269414589
2019-04-26 14:00:00,4,-0.8314304636355782
2019-04-26 15:00:00,4,-0.03550260857880906
2019-04-26 16:00:00,4,0.5929611873593174
2019-04-26 17:00:00,4,0.011447265350307356
2019-04-26 18:00:00,4,0.9893281288322626
2019-04-26 19:00:00,4,0.9498986102000972
2019-04-27 07:00:00,4,0.9999508047652051
2019-04-27 08:00:00,4,0.9976834889018331
2019-04-27 09:00:00,4,0.9310405201167286
2019-04-27 10:00:00,4,-0.14170206741592897
2019-04-27 11:00:00,4,0.9079131881422395
2019-04-27 12:00:00,4,0.7304654907864173
2019-04-27 13:00:00,4,0.09933044104793773
2019-04-27 14:00:00,4,0.5077265798831064
2019-04-27 15:00:00,4,0.7417595831074353
2019-04-27 16:00:00,4,0.9964306547157636
2019-04-27 17:00:00,4,0.9987065196928426
2019-04-27 18:00:00,4,0.9928848861496575
2019-04-27 19:00:00,4,0.9889145085962833
2019-04-28 07:00:00,4,0.9794338129537298
2019-04-28 08:00:00,4,0.9967648842637493
2019-04-28 09:00:00,4,0.844913728093054
2019-04-28 10:00:00,4,0.6864215043309952
2019-04-28 11:00:00,4,0.5100012081736037
2019-04-28 12:00:00,4,-0.2981017835178846
2019-04-28 13:00:00,4,0.9394627628053588
2019-04-28 14:00:00,4,0.8724740861179653
2019-04-28 15:00:00,4,0.7474535851385934
2019-04-28 16:00:00,4,0.9519353492510622
2019-04-28 17:00:00,4,0.988753271906866
2019-04-28 18:00:00,4,0.9990981243811141
2019-04-28 19:00:00,4,0.999415567045925
2019-04-29 07:00:00,4,0.9552533371158282
2019-04-29 08:00:00,4,0.9965658739675871
2019-04-29 09:00:00,4,0.9997701063782909
2019-04-29 10:00:00,4,0.9998577413657991
2019-04-29 11:00:00,4,0.9977554926454322
2019-04-29 12:00:00,4,0.9392339915708674
2019-04-29 13:00:00,4,0.5353161330872097
2019-04-29 14:00:00,4,0.8675914122718462
2019-04-29 15:00:00,4,0.9419791553229341
2019-04-29 16:00:00,4,0.684756320083707
2019-04-29 17:00:00,4,0.9978745321073929
2019-04-29 18:00:00,4,0.997726560964016
2019-04-29 19:00:00,4,0.9837600387798306
2019-04-30 07:00:00,4,0.9661048617838865
2019-04-30 08:00:00,4,0.9968207559574461
2019-04-30 09:00:00,4,0.999520706344195
2019-04-30 10:00:00,4,0.9985159319243349
2019-04-30 11:00:00,4,0.9987430424147701
2019-04-30 12:00:00,4,0.9983857286984162
2019-04-30 13:00:00,4,0.860375318427467
2019-04-30 14:00:00,4,-0.6876276068516498
2019-04-30 15:00:00,4,0.9953385198956369
2019-04-30 16:00:00,4,0.9925724269245205
2019-04-30 17:00:00,4,0.9944633592571815
2019-04-30 18:00:00,4,0.9943541941777004
2019-04-30 19:00:00,4,0.9894532074382296
2019-05-01 07:00:00,4,0.9921303951415746
2019-05-01 08:00:00,4,0.9641678427074714
2019-05-01 09:00:00,4,-0.13073017468048814
2019-05-01 10:00:00,4,0.9998129735768545
2019-05-01 11:00:00,4,0.8070839473121435
2019-05-01 12:00:00,4,0.9274121527500175
2019-05-01 13:00:00,4,0.5827902025931349
2019-05-01 14:00:00,4,0.9881038845512496
2019-05-01 15:00:00,4,0.9500338507443906
2019-05-01 16:00:00,4,0.9577329839116315
2019-05-01 17:00:00,4,0.9612407614668994
2019-05-01 18:00:00,4,0.9940398690532415
2019-05-01 19:00:00,4,0.9990367707076241
2019-05-02 07:00:00,4,0.987366945764059
2019-05-02 08:00:00,4,0.9351566089372152
2019-05-02 09:00:00,4,0.856672235422236
2019-05-02 10:00:00,4,0.9735386581160558
2019-05-02 11:00:00,4,0.9873801007709073
2019-05-02 12:00:00,4,0.7321991818210177
2019-05-02 13:00:00,4,0.021929111249333038
2019-05-02 14:00:00,4,0.5071445448686178
2019-05-02 15:00:00,4,0.5447469009531032
2019-05-02 16:00:00,4,0.9924250463837465
2019-05-02 17:00:00,4,0.9719403295404058
2019-05-02 18:00:00,4,0.992315648133497
2019-05-02 19:00:00,4,0.999783812169781
2019-05-02 20:00:00,3,0.9947295293211263
2019-05-03 07:00:00,4,0.9992570834573308
2019-05-03 08:00:00,4,0.9994728185987098
2019-05-03 09:00:00,4,0.9994288548806242
2019-05-03 10:00:00,4,0.9594701258533406
2019-05-03 11:00:00,4,0.9984634180957888
2019-05-03 12:00:00,4,0.9047210818488493
2019-05-03 13:00:00,4,-0.3254006294844051
2019-05-03 14:00:00,4,0.8717239678886934
2019-05-03 15:00:00,4,0.6241324750986692
2019-05-03 16:00:00,4,0.9718308089846043
2019-05-03 17:00:00,4,0.9615235770378513
2019-05-03 18:00:00,4,0.9798397741422518
2019-05-03 19:00:00,4,0.9974256950145005
2019-05-04 07:00:00,4,0.9997106156370412
2019-05-04 08:00:00,4,0.9736451815729783
2019-05-04 09:00:00,4,0.9703716044787803
2019-05-04 10:00:00,4,0.9191415911748269
2019-05-04 11:00:00,4,-0.9206150815225023
2019-05-04 12:00:00,4,-0.5235468163948281
2019-05-04 13:00:00,4,-0.1643768080235047
2019-05-04 14:00:00,4,-0.658226581400758
2019-05-04 15:00:00,4,0.7491810072950331
2019-05-04 16:00:00,4,0.9915713964003852
2019-05-04 17:00:00,4,0.965539868592566
2019-05-04 18:00:00,4,0.9996696757720714
2019-05-04 19:00:00,4,0.9970940589208819
2019-05-04 20:00:00,3,0.9885224678702864
2019-05-05 07:00:00,4,0.9994660271398886
2019-05-05 08:00:00,4,0.9897362953622539
2019-05-05 09:00:00,4,0.726131513036427
2019-05-05 10:00:00,4,0.8425708330475253
2019-05-05 11:00:00,4,0.973663233378591
2019-05-05 12:00:00,4,0.501957432282853
2019-05-05 13:00:00,4,0.9455552185241614
2019-05-05 14:00:00,4,0.9690563120535783
2019-05-05 15:00:00,4,0.9366588696763908
2019-05-05 16:00:00,4,0.991125663269644
2019-05-05 17:00:00,4,0.7645619251048882
2019-05-05 18:00:00,4,0.993973518987994
2019-05-05 19:00:00,4,
2019-05-06 07:00:00,4,0.9984182663790275
2019-05-06 08:00:00,4,0.9515992383084417
2019-05-06 09:00:00,4,0.9997747581751811
2019-05-06 10:00:00,4,0.9044599331707912
2019-05-06 11:00:00,4,0.838304907488329
2019-05-06 12:00:00,4,0.8506057535534025
2019-05-06 13:00:00,4,0.9397559129153519
2019-05-06 14:00:00,4,0.9319415158059156
2019-05-06 15:00:00,4,0.9803922713919874
2019-05-06 16:00:00,4,0.9996266046328955
2019-05-06 17:00:00,4,0.9845359720954728
2019-05-06 18:00:00,4,0.8561536148359552
2019-05-06 19:00:00,4,0.9834333511821519
2019-05-07 07:00:00,4,0.9993528548806259
2019-05-07 08:00:00,4,0.9962581064354465
2019-05-07 09:00:00,4,0.9997990317940528
2019-05-07 10:00:00,4,0.6952744227449122
2019-05-07 11:00:00,4,0.9881296650453582
2019-05-07 12:00:00,4,0.9809514776749345
2019-05-07 13:00:00,4,0.7390872652306568
2019-05-07 14:00:00,4,0.12876383104038172
2019-05-07 15:00:00,4,0.7979608122461352
2019-05-07 16:00:00,4,0.9070526673870245
2019-05-07 17:00:00,4,0.8700313090606001
2019-05-07 18:00:00,4,0.9983495890982081
2019-05-07 19:00:00,4,0.980918832035311
2019-05-07 20:00:00,3,0.975787531856889
2019-05-08 07:00:00,4,0.984797304883728
2019-05-08 08:00:00,4,0.8768378482059358
2019-05-08 09:00:00,4,0.6648150653376544
2019-05-08 10:00:00,4,0.9518057990750125
2019-05-08 11:00:00,4,0.9568301701824459
2019-05-08 12:00:00,4,0.8839063599021513
2019-05-08 13:00:00,4,-0.9245043810177733
2019-05-08 14:00:00,4,0.7525304429302326
2019-05-08 15:00:00,4,0.8991175953542742
2019-05-08 16:00:00,4,0.8661090385843376
2019-05-08 17:00:00,4,0.9718244495937008
2019-05-08 18:00:00,4,0.7938815646555836
2019-05-08 19:00:00,4,0.9872246247428035
2019-05-08 20:00:00,3,0.9997283526890666
2019-05-09 07:00:00,4,0.9940573595128012
2019-05-09 08:00:00,4,0.9873531999283275
2019-05-09 09:00:00,4,0.9998778630617977
2019-05-09 10:00:00,4,0.9991431373826426
2019-05-09 11:00:00,4,0.9994448167007911
2019-05-09 12:00:00,4,-0.9156764892436885
2019-05-09 13:00:00,4,0.6012607966034915
2019-05-09 14:00:00,4,0.6533567451805624
2019-05-09 15:00:00,4,-0.1667737773096444
2019-05-09 16:00:00,4,0.8864921441659689
2019-05-09 17:00:00,4,0.9626414692916136
2019-05-09 18:00:00,4,0.7731552249844619
2019-05-09 19:00:00,4,0.9536110214526083
2019-05-09 20:00:00,3,0.9994114454192073
2019-05-10 07:00:00,4,0.9597710375128019
2019-05-10 08:00:00,4,0.7688353009624656
2019-05-10 09:00:00,4,0.999474106315167
2019-05-10 10:00:00,4,0.9737233775125504
2019-05-10 11:00:00,4,-0.942677259628997
2019-05-10 12:00:00,4,0.7011460677622285
2019-05-10 13:00:00,4,0.9980353948189816
2019-05-10 14:00:00,4,0.03856366997324509
2019-05-10 15:00:00,4,0.9768746910759152
2019-05-10 16:00:00,4,0.8727032156277817
2019-05-10 17:00:00,4,0.9759340003926711
2019-05-10 18:00:00,4,0.9805007812183814
2019-05-10 19:00:00,4,0.7089305648932588
2019-05-10 20:00:00,3,0.9977139272613039
2019-05-11 07:00:00,4,0.953911364519517
2019-05-11 08:00:00,4,0.9915379316427114
2019-05-11 09:00:00,4,0.9976999714119119
2019-05-11 10:00:00,4,0.8944619350617015
2019-05-11 11:00:00,4,0.9896074676492346
2019-05-11 12:00:00,4,0.8256943805664713
2019-05-11 13:00:00,4,0.8540584454215601
2019-05-11 14:00:00,4,-0.4136579156120769
2019-05-11 15:00:00,4,0.92406012907488
2019-05-11 16:00:00,4,0.774544391735077
2019-05-11 17:00:00,4,0.9808519895726361
2019-05-11 18:00:00,4,0.9964472987288113
2019-05-11 19:00:00,4,0.9996070177208974
2019-05-11 20:00:00,4,0.9910035186343215
2019-05-12 07:00:00,4,0.9398670461543502
2019-05-12 08:00:00,4,0.998359735831976
2019-05-12 09:00:00,4,0.9997868273922296
2019-05-12 10:00:00,4,0.9980997586610242
2019-05-12 11:00:00,4,0.9935642779688656
2019-05-12 12:00:00,4,0.9983630953121593
2019-05-12 13:00:00,4,-0.7108235678059777
2019-05-12 14:00:00,4,-0.12219871103211488
2019-05-12 15:00:00,4,0.1906737209308328
2019-05-12 16:00:00,4,0.8541618669893177
2019-05-12 17:00:00,4,0.8542415614899407
2019-05-12 18:00:00,4,0.999088235822824
2019-05-12 19:00:00,4,0.9998483535374183
2019-05-12 20:00:00,3,0.9998154936781177
2019-05-13 07:00:00,4,0.9971147692041009
2019-05-13 08:00:00,4,0.9955187879228422
2019-05-13 09:00:00,4,0.9986874790460496
2019-05-13 10:00:00,4,0.9724396495277943
2019-05-13 11:00:00,4,0.9903925542645762
2019-05-13 12:00:00,4,0.43268095007787083
2019-05-13 13:00:00,4,0.186244506844856
2019-05-13 14:00:00,4,0.6463879068510033
2019-05-13 15:00:00,4,0.5363003161324711
2019-05-13 16:00:00,4,0.8899999932208712
2019-05-13 17:00:00,4,0.9446984873707669
2019-05-13 18:00:00,4,0.991998397224735
2019-05-13 19:00:00,4,0.449633119902032
2019-05-13 20:00:00,3,0.9939102579719162
2019-05-14 06:00:00,3,0.9826896994720417
2019-05-14 07:00:00,4,0.935256317250151
2019-05-14 08:00:00,4,0.9037435709199615
2019-05-14 09:00:00,4,0.957319191606882
2019-05-14 10:00:00,4,0.7917916984201756
2019-05-14 11:00:00,4,-0.09551965674488924
2019-05-14 12:00:00,4,0.3027845565169781
2019-05-14 13:00:00,4,0.5539648213143747
2019-05-14 14:00:00,4,0.8812278897577986
2019-05-14 15:00:00,4,-0.7051331056186573
2019-05-14 16:00:00,4,0.8075574286412802
2019-05-14 17:00:00,4,0.9412289827364524
2019-05-14 18:00:00,4,0.24887906524147896
2019-05-14 19:00:00,4,0.9967030129586437
2019-05-14 20:00:00,4,0.821570708047661
2019-05-15 06:00:00,3,0.9838260775504838
2019-05-15 07:00:00,4,0.9611269569727784
2019-05-15 08:00:00,4,0.9987556537357601
2019-05-15 09:00:00,4,0.9999366897144011
2019-05-15 10:00:00,4,0.9964294909839183
2019-05-15 11:00:00,4,0.9978893535722557
2019-05-15 12:00:00,4,0.9808758778502451
2019-05-15 13:00:00,4,-0.30928277037971547
2019-05-15 14:00:00,4,0.9817128298569088
2019-05-15 15:00:00,4,0.9783887901279855
2019-05-15 16:00:00,4,0.7442857929903466
2019-05-15 17:00:00,4,-0.5820737459701589
2019-05-15 18:00:00,4,0.9999309949578695
2019-05-15 19:00:00,4,0.998890253719609
2019-05-15 20:00:00,3,0.9969652946121439
2019-05-16 06:00:00,3,0.9662318779218103
2019-05-16 07:00:00,4,0.995101981228705
2019-05-16 08:00:00,4,0.46725406946051423
2019-05-16 09:00:00,4,0.4672062745175373
2019-05-16 10:00:00,4,0.7921974824731944
2019-05-16 11:00:00,4,-0.8365242779246259
2019-05-16 12:00:00,4,-0.7394529575477286
2019-05-16 13:00:00,4,-0.2158342319881093
2019-05-16 14:00:00,4,0.4805307381888147
2019-05-16 15:00:00,4,0.17047675610767044
2019-05-16 16:00:00,4,0.2736470845695992
2019-05-16 17:00:00,4,0.9012389776200642
2019-05-16 18:00:00,4,0.7634230565974457
2019-05-16 19:00:00,4,0.9987000687758527
2019-05-16 20:00:00,4,0.9861162066531501
2019-05-17 06:00:00,3,0.9721370786448088
2019-05-17 07:00:00,4,0.9703823784445033
2019-05-17 08:00:00,4,0.9986308164899352
2019-05-17 09:00:00,4,-0.7372853686145117
2019-05-17 10:00:00,4,-0.7122673090599164
2019-05-17 11:00:00,4,-0.09136387279382707
2019-05-17 12:00:00,4,0.1733833814287198
2019-05-17 13:00:00,4,-0.2820651605603104
2019-05-17 14:00:00,4,0.5878395805231543
2019-05-17 15:00:00,4,-0.7865163670237402
2019-05-17 16:00:00,4,0.6209384747099976
2019-05-17 17:00:00,4,0.9737252477760762
2019-05-17 18:00:00,4,0.8428555813601718
2019-05-17 19:00:00,4,0.9501414974103222
2019-05-17 20:00:00,4,0.9940790386417883
2019-05-18 06:00:00,3,0.9654830820606297
2019-05-18 07:00:00,4,0.9426435039917467
2019-05-18 08:00:00,4,0.9799543269130779
2019-05-18 09:00:00,4,0.9376107939578281
2019-05-18 10:00:00,4,0.9509051798470737
2019-05-18 11:00:00,4,0.9692970965731299
2019-05-18 12:00:00,4,0.9827151656196293
2019-05-18 13:00:00,4,-0.572739069395202
2019-05-18 14:00:00,4,0.7675267079670474
2019-05-18 15:00:00,4,0.9870351797411877
2019-05-18 16:00:00,4,0.9822540377369384
2019-05-18 17:00:00,4,0.9986266366577978
2019-05-18 18:00:00,4,0.9964920534873883
2019-05-18 19:00:00,4,0.9912076646979411
2019-05-18 20:00:00,4,0.9978549497542861
2019-05-19 06:00:00,3,0.9936620795082683
2019-05-19 07:00:00,4,0.8185714061236304
2019-05-19 08:00:00,4,0.9991081673726993
2019-05-19 09:00:00,4,0.9996208788363784
2019-05-19 10:00:00,4,0.09958711583668095
2019-05-19 11:00:00,4,-0.9585377498663166
2019-05-19 12:00:00,4,0.8898638989532797
2019-05-19 13:00:00,4,-0.44697104275438354
2019-05-19 14:00:00,4,-0.16664743330826917
2019-05-19 15:00:00,4,0.40333681219724365
2019-05-19 16:00:00,4,-0.21070064830330315
2019-05-19 17:00:00,4,0.9959292526121225
2019-05-19 18:00:00,4,0.9867109051411469
2019-05-19 19:00:00,4,0.9926421937735679
2019-05-19 20:00:00,4,0.9970642393410395
2019-05-20 07:00:00,4,0.9800337273938066
2019-05-20 08:00:00,4,0.9897710898640786
2019-05-20 09:00:00,4,0.9490012896131998
2019-05-20 10:00:00,4,0.22152603628258916
2019-05-20 11:00:00,4,0.4127969486265798
2019-05-20 12:00:00,4,0.17046423598247384
2019-05-20 13:00:00,4,0.801428163917707
2019-05-20 14:00:00,4,-0.25567943942842436
2019-05-20 15:00:00,4,0.624164415957915
2019-05-20 16:00:00,4,0.910801992617843
2019-05-20 17:00:00,4,0.9900606620598394
2019-05-20 18:00:00,4,0.9583435884153859
2019-05-20 19:00:00,4,0.9980406713499038
2019-05-20 20:00:00,4,0.9913584808843662
2019-05-21 06:00:00,3,0.985826001099556
2019-05-21 07:00:00,4,0.9671018831479602
2019-05-21 08:00:00,4,0.9989886711551033
2019-05-21 09:00:00,4,0.9995926456613696
2019-05-21 10:00:00,4,0.9973753275981649
2019-05-21 11:00:00,4,0.9982943830020763
2019-05-21 12:00:00,4,0.976462632891342
2019-05-21 13:00:00,4,0.9737862584911755
2019-05-21 14:00:00,4,0.9168490336555021
2019-05-21 15:00:00,4,0.9945963387075225
2019-05-21 16:00:00,4,0.9931054809882444
2019-05-21 17:00:00,4,0.709230696921941
2019-05-21 18:00:00,4,0.9992754463118847
2019-05-21 19:00:00,4,0.9992745597654888
2019-05-21 20:00:00,4,0.997731624076135
2019-05-22 06:00:00,3,0.9513640226096455
2019-05-22 07:00:00,4,0.9955866648252251
2019-05-22 08:00:00,4,0.9810540415557262
2019-05-22 09:00:00,4,0.9789099247547154
2019-05-22 10:00:00,4,0.8559567718150536
2019-05-22 11:00:00,4,0.9927727736758064
2019-05-22 12:00:00,4,0.6943470400318424
2019-05-22 13:00:00,4,0.7828711950239746
2019-05-22 14:00:00,4,0.3386530055391908
2019-05-22 15:00:00,4,0.5400282460892594
2019-05-22 16:00:00,4,0.8921108376071296
2019-05-22 17:00:00,4,0.7619595526649106
2019-05-22 18:00:00,4,0.9624992031386657
2019-05-22 19:00:00,4,0.9991455641118647
2019-05-22 20:00:00,4,0.9984575203014909
2019-05-23 06:00:00,3,0.9619108140236946
2019-05-23 07:00:00,4,0.9999583921281814
2019-05-23 08:00:00,4,0.9992052194428064
2019-05-23 09:00:00,4,0.9994473706808998
2019-05-23 10:00:00,4,-0.5304626916925365
2019-05-23 11:00:00,4,0.9713061561661485
2019-05-23 12:00:00,4,-0.8947167579140749
2019-05-23 13:00:00,4,-0.04135021705455795
2019-05-23 14:00:00,4,0.16656035459616977
2019-05-23 15:00:00,4,0.9507163309441556
2019-05-23 16:00:00,4,0.9637793347507164
2019-05-23 17:00:00,4,0.5318541118660276
2019-05-23 18:00:00,4,0.9617261143560178
2019-05-23 19:00:00,4,0.9998636664510023
2019-05-23 20:00:00,4,0.9947771309691993
2019-05-24 06:00:00,3,0.9944862761255068
2019-05-24 07:00:00,4,0.9994618214740124
2019-05-24 08:00:00,4,0.9999921335086929
2019-05-24 09:00:00,4,0.9999389182144091
2019-05-24 10:00:00,4,0.912418211763365
2019-05-24 11:00:00,4,0.9524581763181331
2019-05-24 12:00:00,4,0.3991241868245855
2019-05-24 13:00:00,4,-0.6567505881689464
2019-05-24 14:00:00,4,0.4109090909090893
2019-05-24 15:00:00,4,0.9268879756638322
2019-05-24 16:00:00,4,0.9388402091245722
2019-05-24 17:00:00,4,0.8792162638463058
2019-05-24 18:00:00,4,0.9408073807333597
2019-05-24 19:00:00,4,0.9997975762836553
2019-05-24 20:00:00,4,0.973062629285865
2019-05-25 06:00:00,4,0.9924411470296772
2019-05-25 07:00:00,4,0.7864244640787263
2019-05-25 08:00:00,4,0.9986259812330658
2019-05-25 09:00:00,4,0.9996196148488921
2019-05-25 10:00:00,4,0.9977927852032006
2019-05-25 11:00:00,4,0.9991072734497813
2019-05-25 12:00:00,4,0.9789652788930022
2019-05-25 13:00:00,4,0.37764499923216077
2019-05-25 14:00:00,4,0.8878793898995724
2019-05-25 15:00:00,4,0.9843083710283095
2019-05-25 16:00:00,4,0.8810981717268509
2019-05-25 17:00:00,4,0.8891541102998618
2019-05-25 18:00:00,4,0.9932778304392812
2019-05-25 19:00:00,4,0.9914854344830083
2019-05-25 20:00:00,4,0.9799445698391926
2019-05-26 06:00:00,3,0.9850380552547047
2019-05-26 07:00:00,4,0.9996574989636967
2019-05-26 08:00:00,4,0.9991023093268062
2019-05-26 09:00:00,4,0.9975133782603599
2019-05-26 10:00:00,4,0.7848603226706798
2019-05-26 11:00:00,4,0.49414966895378926
2019-05-26 12:00:00,4,-0.9527799638566656
2019-05-26 13:00:00,4,0.5229248963220479
2019-05-26 14:00:00,4,0.9329043573775831
2019-05-26 15:00:00,4,0.4729360945576043
2019-05-26 16:00:00,4,-0.7225523515771425
2019-05-26 17:00:00,4,0.9898358991957914
2019-05-26 18:00:00,4,0.9357992481394747
2019-05-26 19:00:00,4,0.768333326555447
2019-05-26 20:00:00,4,0.9995599388512629
2019-05-27 06:00:00,3,0.9999333093434785
2019-05-27 07:00:00,4,0.8579713105942011
2019-05-27 08:00:00,4,0.9997298785686408
2019-05-27 09:00:00,4,0.982742234035704
2019-05-27 10:00:00,4,-0.2952732117430568
2019-05-27 11:00:00,4,0.634460608133454
2019-05-27 12:00:00,4,0.9679915422903764
2019-05-27 13:00:00,4,0.7615380121454499
2019-05-27 14:00:00,4,0.7422351645981909
2019-05-27 15:00:00,4,-0.2718822302370884
2019-05-27 16:00:00,4,0.9656346350220201
2019-05-27 17:00:00,4,0.9844670135773161
2019-05-27 18:00:00,4,0.9348008205290331
2019-05-27 19:00:00,4,0.9999632007628441
2019-05-27 20:00:00,4,0.9975705978429815
2019-05-28 06:00:00,3,0.9876850426454498
2019-05-28 07:00:00,4,0.9926004461117972
2019-05-28 08:00:00,4,0.9946514010174642
2019-05-28 09:00:00,4,0.9999126839782437
2019-05-28 10:00:00,4,0.8537569554212279
2019-05-28 11:00:00,4,-0.25910259523536405
2019-05-28 12:00:00,4,0.4012677992421645
2019-05-28 13:00:00,4,0.9852915867786509
2019-05-28 14:00:00,4,0.7996655767472505
2019-05-28 15:00:00,4,-0.5937380435044906
2019-05-28 16:00:00,4,0.5726942681057328
2019-05-28 17:00:00,4,0.9901469561555725
2019-05-28 18:00:00,4,0.99747282359523
2019-05-28 19:00:00,4,0.9821087200459768
2019-05-28 20:00:00,4,0.994917055319415
2019-05-29 06:00:00,3,0.976089807581015
2019-05-29 07:00:00,4,0.994137382459067
2019-05-29 08:00:00,4,0.9788086374012984
2019-05-29 09:00:00,4,0.9930083520449107
2019-05-29 10:00:00,4,0.9752017691371501
2019-05-29 11:00:00,4,-0.8105047589428725
2019-05-29 12:00:00,4,0.6924318139823086
2019-05-29 13:00:00,4,0.16409764560073226
2019-05-29 14:00:00,4,0.2556248586901409
2019-05-29 15:00:00,4,0.9992232374871994
2019-05-29 16:00:00,4,0.5994219540208496
2019-05-29 17:00:00,4,0.9450383079742954
2019-05-29 18:00:00,4,0.9154747217874748
2019-05-29 19:00:00,4,0.9348274218907817
2019-05-29 20:00:00,4,0.9977585119686481
2019-05-30 06:00:00,3,0.9583253676794431
2019-05-30 07:00:00,4,0.9912150529180837
2019-05-30 08:00:00,4,0.9777322067788425
2019-05-30 09:00:00,4,0.6036008598811827
2019-05-30 10:00:00,4,0.0994858551600009
2019-05-30 11:00:00,4,0.6333863004996688
2019-05-30 12:00:00,4,-0.35906772602496484
2019-05-30 13:00:00,4,0.01006268893457638
2019-05-30 14:00:00,4,-0.447071390698926
2019-05-30 15:00:00,4,0.9938022594357369
2019-05-30 16:00:00,4,0.7606255123797983
2019-05-30 17:00:00,4,0.9965119093016718
2019-05-30 18:00:00,4,0.9993767588358252
2019-05-30 19:00:00,4,0.9964714489519942
2019-05-30 20:00:00,4,0.9955583541998702
2019-05-31 06:00:00,3,0.998348136229506
2019-05-31 07:00:00,4,0.8388416710597653
2019-05-31 08:00:00,4,0.9991955890888902
2019-05-31 09:00:00,4,0.9993885231700965
2019-05-31 10:00:00,4,0.9979612222827919
2019-05-31 11:00:00,4,0.9979425027721388
2019-05-31 12:00:00,4,0.9065548395558457
2019-05-31 13:00:00,4,-0.693146498722794
2019-05-31 14:00:00,4,0.8310430817060304
2019-05-31 15:00:00,4,0.5598727422307349
2019-05-31 16:00:00,4,0.9715988589393472
2019-05-31 17:00:00,4,0.9023860944850988
2019-05-31 18:00:00,4,0.9955027234570498
2019-05-31 19:00:00,4,0.9918319823484164
2019-05-31 20:00:00,4,0.912739970379633
2019-06-01 06:00:00,4,0.943097931445764
2019-06-01 07:00:00,4,0.9966941817397091
2019-06-01 08:00:00,4,0.9586302181622086
2019-06-01 09:00:00,4,0.9878020045702983
2019-06-01 10:00:00,4,0.8006147849532357
2019-06-01 11:00:00,4,0.998075192113547
2019-06-01 12:00:00,4,-0.9121462717875702
2019-06-01 13:00:00,4,-0.9436636520970731
2019-06-01 14:00:00,4,0.9874423093032753
2019-06-01 15:00:00,4,0.3026363908169733
2019-06-01 16:00:00,4,-0.981836479978045
2019-06-01 17:00:00,4,0.993807303774279
2019-06-01 18:00:00,4,0.9993048185046212
2019-06-01 19:00:00,4,0.9931871394699808
2019-06-01 20:00:00,4,0.9948156883756294
2019-06-02 06:00:00,4,0.7328083733536606
2019-06-02 07:00:00,4,0.9094741879317925
2019-06-02 08:00:00,4,0.9223836229503792
2019-06-02 09:00:00,4,0.559296631612363
2019-06-02 10:00:00,4,0.9679281469586567
2019-06-02 11:00:00,4,0.9406918140526269
2019-06-02 12:00:00,4,-0.4559331898406815
2019-06-02 13:00:00,4,-0.5026063403389304
2019-06-02 14:00:00,4,0.24139100296244742
2019-06-02 15:00:00,4,0.8827434441846151
2019-06-02 16:00:00,4,-0.9763404192021479
2019-06-02 17:00:00,4,0.8630833670218391
2019-06-02 18:00:00,4,0.9725237471086176
2019-06-02 19:00:00,4,0.9856761949341862
2019-06-02 20:00:00,4,0.9967003870909424
2019-06-03 06:00:00,3,0.944911182523068
2019-06-03 07:00:00,4,0.9847187115296618
2019-06-03 08:00:00,4,0.9953750346142526
2019-06-03 09:00:00,4,0.9897763421549534
2019-06-03 10:00:00,4,0.9986817613111763
2019-06-03 11:00:00,4,0.9301004530616609
2019-06-03 12:00:00,4,-0.013064081021691444
2019-06-03 13:00:00,4,0.7184035816958838
2019-06-03 14:00:00,4,0.84246483096161
2019-06-03 15:00:00,4,0.4771462526792643
2019-06-03 16:00:00,4,0.9044945609563642
2019-06-03 17:00:00,4,0.6972887129906272
2019-06-03 18:00:00,4,0.43406213043523234
2019-06-03 19:00:00,4,0.99828095930403
2019-06-03 20:00:00,4,0.9968503858773891
2019-06-04 06:00:00,4,0.9886383701928568
2019-06-04 07:00:00,4,0.8221371013789748
2019-06-04 08:00:00,4,0.9892511694359462
2019-06-04 09:00:00,4,0.9997625689012712
2019-06-04 10:00:00,4,0.9971125463901399
2019-06-04 11:00:00,4,0.9616578629503818
2019-06-04 12:00:00,4,0.8784444418774072
2019-06-04 13:00:00,4,0.5159260875997832
2019-06-04 14:00:00,4,-0.24004700499927997
2019-06-04 15:00:00,4,0.998890971724366
2019-06-04 16:00:00,4,0.9377866496972714
2019-06-04 17:00:00,4,0.9998028287429511
2019-06-04 18:00:00,4,0.9457374031227023
2019-06-04 19:00:00,4,0.9929970962894363
2019-06-04 20:00:00,4,0.9995951199409495
2019-06-05 06:00:00,3,0.9088432180558529
2019-06-05 07:00:00,4,0.9991414824474911
2019-06-05 08:00:00,4,0.8733322766055189
2019-06-05 09:00:00,4,0.961515689311246
2019-06-05 10:00:00,4,-0.06000898706991616
2019-06-05 11:00:00,4,0.24335849375909271
2019-06-05 12:00:00,4,-0.4049350702502064
2019-06-05 13:00:00,4,-0.27303473997001426
2019-06-05 14:00:00,4,-0.16112162240297478
2019-06-05 15:00:00,4,0.9901822316555853
2019-06-05 16:00:00,4,0.888122185574037
2019-06-05 17:00:00,4,0.9700710731286336
2019-06-05 18:00:00,4,0.38238346890460473
2019-06-05 19:00:00,4,0.9985222220290324
2019-06-05 20:00:00,4,0.997384492014041
2019-06-06 06:00:00,4,0.9958717606046881
2019-06-06 07:00:00,4,0.9896910697425014
2019-06-06 08:00:00,4,0.9594468841433765
2019-06-06 09:00:00,4,0.5498745505106586
2019-06-06 10:00:00,4,0.7683960050246924
2019-06-06 11:00:00,4,0.9836374225187299
2019-06-06 12:00:00,4,-0.6656506953842136
2019-06-06 13:00:00,4,-0.829108902293462
2019-06-06 14:00:00,4,0.7795743145961052
2019-06-06 15:00:00,4,0.979163641107045
2019-06-06 16:00:00,4,0.9644755887738458
2019-06-06 17:00:00,4,-0.5394584225969221
2019-06-06 18:00:00,4,0.9988800028268963
2019-06-06 19:00:00,4,0.995203515616136
2019-06-06 20:00:00,4,0.9968877230068909
2019-06-07 06:00:00,4,0.9877659520790435
2019-06-07 07:00:00,4,0.965046785692663
2019-06-07 08:00:00,4,0.9992077808254035
2019-06-07 09:00:00,4,0.9841531142615612
2019-06-07 10:00:00,4,0.9926101974829669
2019-06-07 11:00:00,4,0.9846939941398025
2019-06-07 12:00:00,4,0.9871946273146833
2019-06-07 13:00:00,4,0.7731067154493384
2019-06-07 14:00:00,4,-0.32717881651626496
2019-06-07 15:00:00,4,0.6354658886546793
2019-06-07 16:00:00,4,-0.7704761440709194
2019-06-07 17:00:00,4,0.9958465497136755
2019-06-07 18:00:00,4,0.997026196440442
2019-06-07 19:00:00,4,0.9998455816188705
2019-06-07 20:00:00,4,0.9922836989890415
2019-06-08 06:00:00,3,0.9700172433694787
2019-06-08 07:00:00,4,0.9999723341481531
2019-06-08 08:00:00,4,0.9984647649213798
2019-06-08 09:00:00,4,0.8610484318347765
2019-06-08 10:00:00,4,0.11778716581446828
2019-06-08 11:00:00,4,0.9993759279331803
2019-06-08 12:00:00,4,0.6805186460245014
2019-06-08 13:00:00,4,0.9686734378166595
2019-06-08 14:00:00,4,0.9998509569624798
2019-06-08 15:00:00,4,0.997649840304001
2019-06-08 16:00:00,4,0.89300518129679
2019-06-08 17:00:00,4,0.9836327228095366
2019-06-08 18:00:00,4,0.8685861923865791
2019-06-08 19:00:00,4,0.9919969695085907
2019-06-08 20:00:00,4,0.9948439819447338
2019-06-09 06:00:00,3,0.9667915083963634
2019-06-09 07:00:00,4,0.8007218336123743
2019-06-09 08:00:00,4,0.6421813439238445
2019-06-09 09:00:00,4,0.9747568228754403
2019-06-09 10:00:00,4,0.9956357951957043
2019-06-09 11:00:00,4,0.999108131776045
2019-06-09 12:00:00,4,0.9988479479249988
2019-06-09 13:00:00,4,0.9045202842486332
2019-06-09 14:00:00,4,0.9816694987393291
2019-06-09 15:00:00,4,-0.16602528534132643
2019-06-09 16:00:00,4,0.9909369227029377
2019-06-09 17:00:00,4,0.9826292190866716
2019-06-09 18:00:00,4,0.998212565393263
2019-06-09 19:00:00,4,0.9947771785988672
2019-06-09 20:00:00,4,0.9872174398817253
2019-06-10 06:00:00,4,0.8920261639432078
2019-06-10 07:00:00,4,0.9793860789013127
2019-06-10 08:00:00,4,0.9535555149767957
2019-06-10 09:00:00,4,0.9779323552824807
2019-06-10 10:00:00,4,0.7035813169241877
2019-06-10 11:00:00,4,0.9572842513749203
2019-06-10 12:00:00,4,0.9809644618892618
2019-06-10 13:00:00,4,0.39573913401199917
2019-06-10 14:00:00,4,0.9451410476002259
2019-06-10 15:00:00,4,0.8174231169746474
2019-06-10 16:00:00,4,-0.7076167353761205
2019-06-10 17:00:00,4,0.9906600403218424
2019-06-10 18:00:00,4,0.9968602841079605
2019-06-10 19:00:00,4,0.9357695352490237
2019-06-10 20:00:00,4,0.9988993931406052
2019-06-11 06:00:00,3,0.9878670232488483
2019-06-11 07:00:00,4,0.9984723205303526
2019-06-11 08:00:00,4,0.9935304429678286
2019-06-11 09:00:00,4,0.9999858685593164
2019-06-11 10:00:00,4,0.9999817089575436
2019-06-11 11:00:00,4,0.9868053512018173
2019-06-11 12:00:00,4,-0.724803356775136
2019-06-11 13:00:00,4,0.9014213146323039
2019-06-11 14:00:00,4,-0.9295208702141361
2019-06-11 15:00:00,4,0.9826734472883932
2019-06-11 16:00:00,4,0.9866657982781555
2019-06-11 17:00:00,4,0.9934824369036372
2019-06-11 18:00:00,4,0.9882800575095455
2019-06-11 19:00:00,4,0.9898578338155594
2019-06-11 20:00:00,4,0.7205695440025347
2019-06-12 06:00:00,3,0.9942565088049574
2019-06-12 07:00:00,4,0.9921879864097308
2019-06-12 08:00:00,4,0.9863811012416687
2019-06-12 09:00:00,4,0.9104007216173106
2019-06-12 10:00:00,4,0.9965096935315966
2019-06-12 11:00:00,4,0.3112070840305631
2019-06-12 12:00:00,4,0.8000532965713318
2019-06-12 13:00:00,4,0.462904194897668
2019-06-12 14:00:00,4,0.9855048648851295
2019-06-12 15:00:00,4,0.9984110336291945
2019-06-12 16:00:00,4,0.4076448340761897
2019-06-12 17:00:00,4,0.965411257353938
2019-06-12 18:00:00,4,0.9968940995214837
2019-06-12 19:00:00,4,0.9934076820274161
2019-06-12 20:00:00,4,0.9968768431812816
2019-06-13 06:00:00,3,0.9180240300035415
2019-06-13 07:00:00,4,0.9999893298184647
2019-06-13 08:00:00,4,0.8655652605935301
2019-06-13 09:00:00,4,0.995066453937577
2019-06-13 10:00:00,4,0.801981730725956
2019-06-13 11:00:00,4,0.5802675156288517
2019-06-13 12:00:00,4,0.9979466011032925
2019-06-13 13:00:00,4,0.9334120882532921
2019-06-13 14:00:00,4,0.8443858851292086
2019-06-13 15:00:00,4,0.993469151286761
2019-06-13 16:00:00,4,0.9940513725880358
2019-06-13 17:00:00,4,0.9974334168048725
2019-06-13 18:00:00,4,0.9980761383303721
2019-06-13 19:00:00,4,0.9484544323337909
2019-06-13 20:00:00,4,0.9654549848477059
2019-06-14 06:00:00,3,0.9968113573637477
2019-06-14 07:00:00,4,0.9245917972936445
2019-06-14 08:00:00,4,0.8559308437982062
2019-06-14 09:00:00,4,0.9998894523069884
2019-06-14 10:00:00,4,0.6497604572386513
2019-06-14 11:00:00,4,0.5908568213571598
2019-06-14 12:00:00,4,-0.8818101857503439
2019-06-14 13:00:00,4,-0.9212640558697655
2019-06-14 14:00:00,4,0.8349804698792124
2019-06-14 15:00:00,4,-0.8405909960706767
2019-06-14 16:00:00,4,-0.5719783245814986
2019-06-14 17:00:00,4,0.9212743504398067
2019-06-14 18:00:00,4,0.9979229542789567
2019-06-14 19:00:00,4,0.992855168412841
2019-06-14 20:00:00,4,0.9947239226604031
2019-06-15 06:00:00,4,0.9910332999048824
2019-06-15 07:00:00,4,0.9245775432725134
2019-06-15 08:00:00,4,0.9520913857493232
2019-06-15 09:00:00,4,0.8306430569899689
2019-06-15 10:00:00,4,-0.21880442430605115
2019-06-15 11:00:00,4,0.5037363934898066
2019-06-15 12:00:00,4,0.9994591721025896
2019-06-15 13:00:00,4,0.9436759747427831
2019-06-15 14:00:00,4,0.8891070848189281
2019-06-15 15:00:00,4,0.9908280554267109
2019-06-15 16:00:00,4,0.8756796672737179
2019-06-15 17:00:00,4,0.8383771069787509
2019-06-15 18:00:00,4,0.9968519491715627
2019-06-15 19:00:00,4,0.9952199502036291
2019-06-15 20:00:00,4,0.9988756987845451
2019-06-16 06:00:00,4,0.9846220765773369
2019-06-16 07:00:00,4,0.8518715068091834
2019-06-16 08:00:00,4,0.999046881558113
2019-06-16 09:00:00,4,0.9997466755583673
2019-06-16 10:00:00,4,0.9968550796619284
2019-06-16 11:00:00,4,0.9967994525267468
2019-06-16 12:00:00,4,0.975468051854967
2019-06-16 13:00:00,4,0.7986831845149126
2019-06-16 14:00:00,4,0.6545533948051091
2019-06-16 15:00:00,4,0.7061396048433916
2019-06-16 16:00:00,4,-0.1473349990778941
2019-06-16 17:00:00,4,0.9933575245212608
2019-06-16 18:00:00,4,0.99689388989356
2019-06-16 19:00:00,4,0.9936586640018474
2019-06-16 20:00:00,4,0.9977811947110055
2019-06-17 06:00:00,4,0.9870227841549971
2019-06-17 07:00:00,4,0.9108518663041216
2019-06-17 08:00:00,4,0.9993750421683733
2019-06-17 09:00:00,4,0.9974555597090665
2019-06-17 10:00:00,4,-0.8118757200564004
2019-06-17 11:00:00,4,-0.8753242079909107
2019-06-17 12:00:00,4,0.779707690710254
2019-06-17 13:00:00,4,0.9979540453317157
2019-06-17 14:00:00,4,-0.7813813578399414
2019-06-17 15:00:00,4,-0.9483864601028953
2019-06-17 16:00:00,4,0.8273776038126183
2019-06-17 17:00:00,4,0.8665215293377766
2019-06-17 18:00:00,4,0.5173448166163763
2019-06-17 19:00:00,4,0.9985485471087506
2019-06-17 20:00:00,4,0.996318182390701
2019-06-18 06:00:00,3,0.9947533649510432
2019-06-18 07:00:00,4,0.9997873566967566
2019-06-18 08:00:00,4,0.9990377747106516
2019-06-18 09:00:00,4,0.9748058647234024
2019-06-18 10:00:00,4,0.09045292350873571
2019-06-18 11:00:00,4,0.9621802952319266
2019-06-18 12:00:00,4,0.9934362394727255
2019-06-18 13:00:00,4,0.8526986921580542
2019-06-18 14:00:00,4,0.9877134484522455
2019-06-18 15:00:00,4,0.912416152711279
2019-06-18 16:00:00,4,0.9087309545617315
2019-06-18 17:00:00,4,0.9767100189609078
2019-06-18 18:00:00,4,0.9998680957610999
2019-06-18 19:00:00,4,0.9989681337633824
2019-06-18 20:00:00,4,0.9996565849949495
2019-06-19 07:00:00,4,0.9934726729041061
2019-06-19 08:00:00,4,0.9996808716214376
2019-06-19 09:00:00,4,0.9962311734549958
2019-06-19 10:00:00,4,0.9185059027427284
2019-06-19 11:00:00,4,0.8093313521299758
2019-06-19 12:00:00,4,-0.1694972075388741
2019-06-19 13:00:00,4,-0.6855857072937662
2019-06-19 14:00:00,4,0.2419476655736291
2019-06-19 15:00:00,4,0.9961520746288628
2019-06-19 16:00:00,4,0.9935041219556632
2019-06-19 17:00:00,4,0.9871534387660506
2019-06-19 18:00:00,4,0.9720458725916881
2019-06-19 19:00:00,4,0.9983864818437188
2019-06-19 20:00:00,4,0.9985864321023284
2019-06-20 06:00:00,3,0.9482749065806798
2019-06-20 07:00:00,4,0.9747067600431399
2019-06-20 08:00:00,4,0.915458358291365
2019-06-20 09:00:00,4,0.9927015154965118
2019-06-20 10:00:00,4,0.9828340312175065
2019-06-20 11:00:00,4,0.07283574529805313
2019-06-20 12:00:00,4,0.9728033458061424
2019-06-20 13:00:00,4,0.8629323972118903
2019-06-20 14:00:00,4,-0.3233697015040985
2019-06-20 15:00:00,4,0.9799635765199195
2019-06-20 16:00:00,4,0.999392411502869
2019-06-20 17:00:00,4,0.9912937421956982
2019-06-20 18:00:00,4,0.8624782933656503
2019-06-20 19:00:00,4,0.9389165531844738
2019-06-20 20:00:00,4,0.9950891316989158
2019-06-21 06:00:00,3,
2019-06-21 07:00:00,4,0.9507969306423184
2019-06-21 08:00:00,4,0.9300893578190638
2019-06-21 09:00:00,4,0.9879173421600095
2019-06-21 10:00:00,4,0.8013300813248999
2019-06-21 11:00:00,4,0.9410664773924385
2019-06-21 12:00:00,4,0.9516519843872202
2019-06-21 13:00:00,4,0.7139882075363465
2019-06-21 14:00:00,4,0.9608716548541316
2019-06-21 15:00:00,4,0.925835793406855
2019-06-21 16:00:00,4,0.8282460031790311
2019-06-21 17:00:00,4,0.9541600848250008
2019-06-21 18:00:00,4,-0.3539630121908469
2019-06-21 19:00:00,4,0.9628103982884709
2019-06-21 20:00:00,4,0.9816238257618384
2019-06-22 06:00:00,3,0.953121930494469
2019-06-22 07:00:00,4,0.9908465902544207
2019-06-22 08:00:00,4,0.984732150149191
2019-06-22 09:00:00,4,0.9731200710076028
2019-06-22 10:00:00,4,0.9965242425335031
2019-06-22 11:00:00,4,0.22820170549887606
2019-06-22 12:00:00,4,0.18075624190830697
2019-06-22 13:00:00,4,0.9285311453992994
2019-06-22 14:00:00,4,0.9568741571028185
2019-06-22 15:00:00,4,0.8073857534884179
2019-06-22 16:00:00,4,0.6803553105295445
2019-06-22 17:00:00,4,0.9433060796669519
2019-06-22 18:00:00,4,0.24168477689417042
2019-06-22 19:00:00,4,0.8657086708357872
2019-06-22 20:00:00,4,0.9825887510604567
2019-06-23 06:00:00,3,0.9791171919668428
2019-06-23 07:00:00,4,0.7546833986023626
2019-06-23 08:00:00,4,0.9772723205451878
2019-06-23 09:00:00,4,0.796869228312637
2019-06-23 10:00:00,4,0.9551942656918793
2019-06-23 11:00:00,4,0.932436090995584
2019-06-23 12:00:00,4,0.9476560048194917
2019-06-23 13:00:00,4,0.9998572381679285
2019-06-23 14:00:00,4,0.9676855823858157
2019-06-23 15:00:00,4,0.8941036437239503
2019-06-23 16:00:00,4,0.9520981842420577
2019-06-23 17:00:00,4,0.9852101337317086
2019-06-23 18:00:00,4,0.9685872485361238
2019-06-23 19:00:00,4,0.9958891054798564
2019-06-23 20:00:00,4,0.9479356320783662
2019-06-24 06:00:00,4,0.9405606855502563
2019-06-24 07:00:00,4,0.9416211456459039
2019-06-24 08:00:00,4,0.9962755329778594
2019-06-24 09:00:00,4,0.9746258583352493
2019-06-24 10:00:00,4,0.9863887293875805
2019-06-24 11:00:00,4,0.9854813835459839
2019-06-24 12:00:00,4,0.7667576018676143
2019-06-24 13:00:00,4,0.6398986897754392
2019-06-24 14:00:00,4,0.7645049859481677
2019-06-24 15:00:00,4,0.9762890850562747
2019-06-24 16:00:00,4,0.9913497986217021
2019-06-24 17:00:00,4,0.8676336658981681
2019-06-24 18:00:00,4,0.8957770117152829
2019-06-24 19:00:00,4,0.6419832102946552
2019-06-24 20:00:00,4,0.9988481881540432
2019-06-25 06:00:00,4,0.9869898863561709
2019-06-25 07:00:00,4,0.8835493753879669
2019-06-25 08:00:00,4,0.9960934394791191
2019-06-25 09:00:00,4,0.999534187230836
2019-06-25 10:00:00,4,0.9905811122801502
2019-06-25 11:00:00,4,0.9078249736837891
2019-06-25 12:00:00,4,0.9338070632485035
2019-06-25 13:00:00,4,-0.5083646170346077
2019-06-25 14:00:00,4,-0.30385379929747586
2019-06-25 15:00:00,4,0.4315489139511306
2019-06-25 16:00:00,4,0.6094616253546654
2019-06-25 17:00:00,4,-0.3855042257696612
2019-06-25 18:00:00,4,0.716510206504709
2019-06-25 19:00:00,4,0.9667336871434293
2019-06-25 20:00:00,4,0.9986493094195212
2019-06-26 06:00:00,4,0.9856342105564776
2019-06-26 07:00:00,4,0.5097259091599896
2019-06-26 08:00:00,4,0.7635375635100072
2019-06-26 09:00:00,4,0.9456071088094778
2019-06-26 10:00:00,4,0.9418654893453725
2019-06-26 11:00:00,4,0.6396088314214591
2019-06-26 12:00:00,4,0.9841849916480864
2019-06-26 13:00:00,4,-0.09834956365612287
2019-06-26 14:00:00,4,0.8530774774766821
2019-06-26 15:00:00,4,0.15239693187356837
2019-06-26 16:00:00,4,-0.02598854749313161
2019-06-26 17:00:00,4,0.4648767030341483
2019-06-26 18:00:00,4,0.2863301325614552
2019-06-26 19:00:00,4,0.9760097641276417
2019-06-26 20:00:00,4,0.9953315374424723
2019-06-27 06:00:00,4,0.9941390773121753
2019-06-27 07:00:00,4,0.9771204230756301
2019-06-27 08:00:00,4,0.9936003843818434
2019-06-27 09:00:00,4,0.9712649865600036
2019-06-27 10:00:00,4,-0.7495568332504364
2019-06-27 11:00:00,4,0.9987304547864136
2019-06-27 12:00:00,4,0.9978980258060484
2019-06-27 13:00:00,4,0.9567170933410957
2019-06-27 14:00:00,4,0.9532155771566257
2019-06-27 15:00:00,4,0.9031083201406952
2019-06-27 16:00:00,4,0.9878891295354628
2019-06-27 17:00:00,4,0.9964813882851874
2019-06-27 18:00:00,4,0.998263780439283
2019-06-27 19:00:00,4,0.9888258720409621
2019-06-27 20:00:00,4,0.9981435899720766
2019-06-28 06:00:00,4,0.987125530919114
2019-06-28 07:00:00,4,0.9162668263072222
2019-06-28 08:00:00,4,0.9979580238837131
2019-06-28 09:00:00,4,0.9997984424035855
2019-06-28 10:00:00,4,0.995778145157705
2019-06-28 11:00:00,4,0.9904080301680339
2019-06-28 12:00:00,4,0.9956323939994411
2019-06-28 13:00:00,4,-0.9749672626297493
2019-06-28 14:00:00,4,-0.02093842593445428
2019-06-28 15:00:00,4,0.8656955784218445
2019-06-28 16:00:00,4,0.9727755408365905
2019-06-28 17:00:00,4,0.9948209668068352
2019-06-28 18:00:00,4,0.9998531180740166
2019-06-28 19:00:00,4,0.9913493885674192
2019-06-28 20:00:00,4,0.9983362493222215
2019-06-29 06:00:00,3,0.9998922897402854
2019-06-29 07:00:00,4,0.9390489409065802
2019-06-29 08:00:00,4,0.6026118701064748
2019-06-29 09:00:00,4,0.9954581124692068
2019-06-29 10:00:00,4,0.9522605806526743
2019-06-29 11:00:00,4,0.8377040316957819
2019-06-29 12:00:00,4,0.9938458341308264
2019-06-29 13:00:00,4,0.9920435034300771
2019-06-29 14:00:00,4,0.880939550530698
2019-06-29 15:00:00,4,-0.09721270931066618
2019-06-29 16:00:00,4,-0.5651878070845802
2019-06-29 17:00:00,4,0.6209201831618184
2019-06-29 18:00:00,4,-0.9327023498720434
2019-06-29 19:00:00,4,0.9885188567534194
2019-06-29 20:00:00,4,0.8193898185668108
2019-06-30 06:00:00,3,0.9993969744778832
2019-06-30 07:00:00,4,0.9379623964262376
2019-06-30 08:00:00,4,0.9991748345038907
2019-06-30 09:00:00,4,0.9995642997177374
2019-06-30 10:00:00,4,0.9959361534841887
2019-06-30 11:00:00,4,0.997444105044486
2019-06-30 12:00:00,4,0.9716753447717414
2019-06-30 13:00:00,4,0.699517574086838
2019-06-30 14:00:00,4,0.7921100776685184
2019-06-30 15:00:00,4,0.9972543919591633
2019-06-30 16:00:00,4,0.9816069898131985
2019-06-30 17:00:00,4,0.9959270611051579
2019-06-30 18:00:00,4,0.9982420095069399
2019-06-30 19:00:00,4,0.9905084879063614
2019-06-30 20:00:00,4,0.9966885038897952
2019-07-01 06:00:00,3,0.9938600935429608
2019-07-01 07:00:00,4,0.9334989709735138
2019-07-01 08:00:00,4,0.9971660173751528
2019-07-01 09:00:00,4,0.5834625842693825
2019-07-01 10:00:00,4,0.9521978169947796
2019-07-01 11:00:00,4,0.9917894271123576
2019-07-01 12:00:00,4,-0.9387344741312583
2019-07-01 13:00:00,4,0.9876596537264626
2019-07-01 14:00:00,4,0.5497784467534607
2019-07-01 15:00:00,4,-0.7634641374607843
2019-07-01 16:00:00,4,-0.8176645916280069
2019-07-01 17:00:00,4,0.8800536175900018
2019-07-01 18:00:00,4,0.932482587357033
2019-07-01 19:00:00,4,0.9974722759218323
2019-07-01 20:00:00,4,0.9830076848548909
2019-07-02 06:00:00,3,0.9994237971287661
2019-07-02 07:00:00,4,0.8607118791416033
2019-07-02 08:00:00,4,0.7565054522356791
2019-07-02 09:00:00,4,0.9827327628926907
2019-07-02 10:00:00,4,0.987322490275006
2019-07-02 11:00:00,4,0.9572217132472514
2019-07-02 12:00:00,4,0.9735637457902534
2019-07-02 13:00:00,4,0.3779265950675077
2019-07-02 14:00:00,4,0.6471973585190106
2019-07-02 15:00:00,4,0.37098002477244296
2019-07-02 16:00:00,4,0.9594395329813606
2019-07-02 17:00:00,4,0.9854188638887813
2019-07-02 18:00:00,4,0.9340046952876202
2019-07-02 19:00:00,4,0.814010067164413
2019-07-02 20:00:00,4,0.9856750556685926
2019-07-03 06:00:00,3,0.9819805060619657
2019-07-03 07:00:00,4,0.9487961934134859
2019-07-03 08:00:00,4,0.952696952562321
2019-07-03 09:00:00,4,0.8958234876276621
2019-07-03 10:00:00,4,0.5705919933005769
2019-07-03 11:00:00,4,-0.9009927876514079
2019-07-03 12:00:00,4,0.5202301578660651
2019-07-03 13:00:00,4,0.37577930057621367
2019-07-03 14:00:00,4,-0.9742585882144265
2019-07-03 15:00:00,4,-0.3378397037980279
2019-07-03 16:00:00,4,0.3977853719450467
2019-07-03 17:00:00,4,-0.4067200178875709
2019-07-03 18:00:00,4,0.998350986391435
2019-07-03 19:00:00,4,0.9958474415478941
2019-07-03 20:00:00,4,0.9953778173404396
2019-07-04 06:00:00,3,0.9997566712592739
2019-07-04 07:00:00,4,0.955064803986215
2019-07-04 08:00:00,4,0.9960819271307295
2019-07-04 09:00:00,4,0.9999588219147322
2019-07-04 10:00:00,4,0.7189028790363803
2019-07-04 11:00:00,4,0.5820469356063931
2019-07-04 12:00:00,4,0.9941219740177167
2019-07-04 13:00:00,4,0.901923959303753
2019-07-04 14:00:00,4,-0.5405334733508709
2019-07-04 15:00:00,4,0.4042517719483269
2019-07-04 16:00:00,4,0.859427162683842
2019-07-04 17:00:00,4,0.9908326019014594
2019-07-04 18:00:00,4,0.9992373363774355
2019-07-04 19:00:00,4,0.9939533013138256
2019-07-04 20:00:00,4,0.9970654381851997
2019-07-05 06:00:00,4,0.9967540691807448
2019-07-05 07:00:00,4,0.9778504809665611
2019-07-05 08:00:00,4,0.5153985673803175
2019-07-05 09:00:00,4,0.930035204028181
2019-07-05 10:00:00,4,0.9940291034968874
2019-07-05 11:00:00,4,0.25438143262407503
2019-07-05 12:00:00,4,0.9563982035726102
2019-07-05 13:00:00,4,0.9858903780227932
2019-07-05 14:00:00,4,0.9956762920498967
2019-07-05 15:00:00,4,0.8590673718379392
2019-07-05 16:00:00,4,0.9635572660496496
2019-07-05 17:00:00,4,0.8875951798649695
2019-07-05 18:00:00,4,0.9473928738924033
2019-07-05 19:00:00,4,0.9734258682326524
2019-07-05 20:00:00,4,0.9948999718131972
2019-07-06 06:00:00,3,0.9805152595129883
2019-07-06 07:00:00,4,0.989463593288452
2019-07-06 08:00:00,4,0.9799779919489662
2019-07-06 09:00:00,4,0.9960773991054247
2019-07-06 10:00:00,4,0.9969694329806633
2019-07-06 11:00:00,4,0.9956545750313707
2019-07-06 12:00:00,4,0.920783778976633
2019-07-06 13:00:00,4,0.4243877192953186
2019-07-06 14:00:00,4,0.8656825688875605
2019-07-06 15:00:00,4,0.7909803495314457
2019-07-06 16:00:00,4,0.8240996800385647
2019-07-06 17:00:00,4,0.8971902442826333
2019-07-06 18:00:00,4,0.9970237653537362
2019-07-06 19:00:00,4,0.999251197218128
2019-07-06 20:00:00,4,0.982910750619269
2019-07-07 06:00:00,3,0.944911182523068
2019-07-07 07:00:00,4,0.9984735147989954
2019-07-07 08:00:00,4,0.9998690253295435
2019-07-07 09:00:00,4,0.979596924790188
2019-07-07 10:00:00,4,0.9217440971740578
2019-07-07 11:00:00,4,0.2561426730903797
2019-07-07 12:00:00,4,-0.37248084049880387
2019-07-07 13:00:00,4,-0.41047773526628795
2019-07-07 14:00:00,4,0.6952411950239047
2019-07-07 15:00:00,4,0.58140935577087
2019-07-07 16:00:00,4,0.463091496202961
2019-07-07 17:00:00,4,-0.03332017139570507
2019-07-07 18:00:00,4,0.8092454796272718
2019-07-07 19:00:00,4,0.9224065639975245
2019-07-07 20:00:00,4,0.9525861713547127
2019-07-08 06:00:00,3,0.994278183980723
2019-07-08 07:00:00,4,0.9334574736081857
2019-07-08 08:00:00,4,0.998195593658212
2019-07-08 09:00:00,4,0.998866740537401
2019-07-08 10:00:00,4,0.9935496844215395
2019-07-08 11:00:00,4,0.9993167101250943
2019-07-08 12:00:00,4,0.9711052720038379
2019-07-08 13:00:00,4,0.8448708658693644
2019-07-08 14:00:00,4,0.949595986548334
2019-07-08 15:00:00,4,0.9923143768791217
2019-07-08 16:00:00,4,0.7864190474612865
2019-07-08 17:00:00,4,0.9384652092619684
2019-07-08 18:00:00,4,0.9429496837483825
2019-07-08 19:00:00,4,0.9888168636308828
2019-07-08 20:00:00,4,0.9906246329757374
2019-07-09 06:00:00,3,0.9998172164758128
2019-07-09 07:00:00,4,-0.682685662279789
2019-07-09 08:00:00,4,0.9934038870767337
2019-07-09 09:00:00,4,0.9956264318108935
2019-07-09 10:00:00,4,0.9718372116739452
2019-07-09 11:00:00,4,0.993725664292836
2019-07-09 12:00:00,4,0.5706991113269458
2019-07-09 13:00:00,4,0.9564377944027336
2019-07-09 14:00:00,4,0.5331582771336073
2019-07-09 15:00:00,4,0.9259680909576928
2019-07-09 16:00:00,4,-0.3744271350613797
2019-07-09 17:00:00,4,0.8076541429881892
2019-07-09 18:00:00,4,0.77750041568021
2019-07-09 19:00:00,4,0.7301463395952128
2019-07-09 20:00:00,4,0.9993896663742602
2019-07-10 06:00:00,3,0.999977322458981
2019-07-10 07:00:00,4,0.5743075450646682
2019-07-10 08:00:00,4,0.9522973970970047
2019-07-10 09:00:00,4,0.8777171961995006
2019-07-10 10:00:00,4,0.9899596110407567
2019-07-10 11:00:00,4,-0.43560667596216285
2019-07-10 12:00:00,4,-0.5650273445048176
2019-07-10 13:00:00,4,0.9456825078520275
2019-07-10 14:00:00,4,0.9995569348696884
2019-07-10 15:00:00,4,0.997388972008751
2019-07-10 16:00:00,4,0.9738041109560377
2019-07-10 17:00:00,4,0.9857471782155381
2019-07-10 18:00:00,4,0.9984464291162999
2019-07-10 19:00:00,4,0.996695056720038
2019-07-10 20:00:00,4,0.9954212195033736
2019-07-11 06:00:00,3,0.9787196126197439
2019-07-11 07:00:00,4,0.9840241910414054
2019-07-11 08:00:00,4,0.997386942707374
2019-07-11 09:00:00,4,0.972280965578985
2019-07-11 10:00:00,4,0.9019591861230601
2019-07-11 11:00:00,4,0.13776535449230884
2019-07-11 12:00:00,4,0.13065045502363587
2019-07-11 13:00:00,4,0.4235163949466785
2019-07-11 14:00:00,4,0.7537107656655756
2019-07-11 15:00:00,4,0.9054585307832548
2019-07-11 16:00:00,4,0.7381836990859891
2019-07-11 17:00:00,4,0.9780696406669709
2019-07-11 18:00:00,4,0.9885660696811452
2019-07-11 19:00:00,4,0.7002449285879443
2019-07-11 20:00:00,4,0.999842010280295
2019-07-12 07:00:00,4,0.9942598104433762
2019-07-12 08:00:00,4,0.9988663107224249
2019-07-12 09:00:00,4,0.9408906265622007
2019-07-12 10:00:00,4,0.9953887172835555
2019-07-12 11:00:00,4,0.9326971084771052
2019-07-12 12:00:00,4,0.9603719785168754
2019-07-12 13:00:00,4,0.9466132702888735
2019-07-12 14:00:00,4,0.9812893982730215
2019-07-12 15:00:00,4,0.993600500442489
2019-07-12 16:00:00,4,0.9726458059020815
2019-07-12 17:00:00,4,0.9854595452182813
2019-07-12 18:00:00,4,0.9943969189900115
2019-07-12 19:00:00,4,0.9768657086287367
2019-07-12 20:00:00,4,0.986085607372803
2019-07-12 23:00:00,3,
2019-07-13 06:00:00,3,0.9305008557631899
2019-07-13 07:00:00,4,0.9801102018465343
2019-07-13 08:00:00,4,0.933104221409857
2019-07-13 09:00:00,4,0.8962931593758119
2019-07-13 10:00:00,4,0.9947719353828628
2019-07-13 11:00:00,4,0.9989762775634305
2019-07-13 12:00:00,4,0.9871592737348921
2019-07-13 13:00:00,4,0.4581005163471483
2019-07-13 14:00:00,4,0.4606753368789847
2019-07-13 15:00:00,4,0.8718618383243047
2019-07-13 16:00:00,4,-0.31181758382451197
2019-07-13 17:00:00,4,0.37388279614193376
2019-07-13 18:00:00,4,0.8613904185173441
2019-07-13 19:00:00,4,0.9989801832200521
2019-07-13 20:00:00,4,0.927698557471386
2019-07-14 06:00:00,3,0.9825443396243273
2019-07-14 07:00:00,4,0.9763175193445123
2019-07-14 08:00:00,4,0.9970534762885618
2019-07-14 09:00:00,4,0.9997238316359937
2019-07-14 10:00:00,4,0.9983418252037761
2019-07-14 11:00:00,4,0.9942726426848998
2019-07-14 12:00:00,4,0.9965658712702298
2019-07-14 13:00:00,4,0.9312716313401121
2019-07-14 14:00:00,4,0.9633061488529874
2019-07-14 15:00:00,4,0.9970887563809271
2019-07-14 16:00:00,4,0.997401721542657
2019-07-14 17:00:00,4,0.9994184575049195
2019-07-14 18:00:00,4,0.9996539234421876
2019-07-14 19:00:00,4,0.9849649901585403
2019-07-14 20:00:00,4,0.9981049570362069
2019-07-15 06:00:00,3,0.9722188786221311
2019-07-15 07:00:00,4,0.989692314371675
2019-07-15 08:00:00,4,0.975853805500587
2019-07-15 09:00:00,4,0.9668605086433408
2019-07-15 10:00:00,4,0.26366474357470904
2019-07-15 11:00:00,4,0.9121197800840031
2019-07-15 12:00:00,4,0.7958622413079647
2019-07-15 13:00:00,4,0.45512603903482435
2019-07-15 14:00:00,4,0.6909330329401459
2019-07-15 15:00:00,4,0.545209026605307
2019-07-15 16:00:00,4,0.5523736136877562
2019-07-15 17:00:00,4,0.9156889881627913
2019-07-15 18:00:00,4,0.7271031002453752
2019-07-15 19:00:00,4,0.9419218787393178
2019-07-15 20:00:00,4,0.999582802284073
2019-07-16 06:00:00,3,0.9285714285714284
2019-07-16 07:00:00,4,0.9984111494703496
2019-07-16 08:00:00,4,0.9424035173834547
2019-07-16 09:00:00,4,0.9952615455180399
2019-07-16 10:00:00,4,0.9620678237929509
2019-07-16 11:00:00,4,0.998462368196406
2019-07-16 12:00:00,4,0.42892600642337503
2019-07-16 13:00:00,4,0.7215881147069093
2019-07-16 14:00:00,4,0.9979596159033213
2019-07-16 15:00:00,4,0.9948144262320058
2019-07-16 16:00:00,4,0.8819929572606781
2019-07-16 17:00:00,4,0.981483811061513
2019-07-16 18:00:00,4,0.9727339364544257
2019-07-16 19:00:00,4,0.9971601565625334
2019-07-16 20:00:00,4,0.9915372694569964
2019-07-17 07:00:00,3,0.9958705948858224
2019-07-17 08:00:00,4,0.9973006505923488
2019-07-17 09:00:00,4,0.8963975824817965
2019-07-17 10:00:00,4,0.9947454508126482
2019-07-17 11:00:00,4,0.9262283602189088
2019-07-17 12:00:00,4,0.9962145784633626
2019-07-17 13:00:00,4,0.996983088305557
2019-07-17 14:00:00,4,0.806608242139
2019-07-17 15:00:00,4,0.5995223794502921
2019-07-17 16:00:00,4,0.9991181549242183
2019-07-17 17:00:00,4,0.9772935445374058
2019-07-17 18:00:00,4,0.9510530427034556
2019-07-17 19:00:00,4,0.9922673480644887
2019-07-17 20:00:00,4,0.9996015969164842
2019-07-18 07:00:00,4,0.999613138627196
2019-07-18 08:00:00,4,0.9558816316788558
2019-07-18 09:00:00,4,0.9953719594339177
2019-07-18 10:00:00,4,0.9909358706184145
2019-07-18 11:00:00,4,0.9972280323511206
2019-07-18 12:00:00,4,0.9937159967711855
2019-07-18 13:00:00,4,0.8297575013115294
2019-07-18 14:00:00,4,0.5540907404500743
2019-07-18 15:00:00,4,0.6562279100786399
2019-07-18 16:00:00,4,-0.3975588171267164
2019-07-18 17:00:00,4,-0.35782718941016456
2019-07-18 18:00:00,4,0.4767551851866529
2019-07-18 19:00:00,4,0.9995961053033292
2019-07-18 20:00:00,4,0.927874694765809
2019-07-19 07:00:00,4,0.9833456439591252
2019-07-19 08:00:00,4,0.9931557439097862
2019-07-19 09:00:00,4,0.9995102554363376
2019-07-19 10:00:00,4,0.9948544542268308
2019-07-19 11:00:00,4,0.936224512539077
2019-07-19 12:00:00,4,0.985882533367316
2019-07-19 13:00:00,4,0.21135839837452267
2019-07-19 14:00:00,4,0.6844054004003974
2019-07-19 15:00:00,4,0.2624198729643967
2019-07-19 16:00:00,4,0.9549523231260545
2019-07-19 17:00:00,4,0.9978217684664363
2019-07-19 18:00:00,4,0.979841158922163
2019-07-19 19:00:00,4,0.9721437379289758
2019-07-19 20:00:00,4,0.9985930803905105
2019-07-20 06:00:00,3,0.9620303438993487
2019-07-20 07:00:00,4,0.9949200398026798
2019-07-20 08:00:00,4,0.9936981489226391
2019-07-20 09:00:00,4,0.9964851391600272
2019-07-20 10:00:00,4,0.9493536375765783
2019-07-20 11:00:00,4,0.9828150986310584
2019-07-20 12:00:00,4,0.832655699185502
2019-07-20 13:00:00,4,0.9086590419044163
2019-07-20 14:00:00,4,-0.20217112958538816
2019-07-20 15:00:00,4,0.9292957799975005
2019-07-20 16:00:00,4,0.8750177363531769
2019-07-20 17:00:00,4,0.9761835970891182
2019-07-20 18:00:00,4,0.9961885434694111
2019-07-20 19:00:00,4,0.994093856324601
2019-07-20 20:00:00,4,0.9989482544252695
2019-07-21 07:00:00,3,0.9909494084790141
2019-07-21 08:00:00,4,0.9917635755171543
2019-07-21 09:00:00,4,0.9935185105902118
2019-07-21 10:00:00,4,0.3768418280131839
2019-07-21 11:00:00,4,0.7213738744344048
2019-07-21 12:00:00,4,-0.7008444822704426
2019-07-21 13:00:00,4,-0.25377513629174225
2019-07-21 14:00:00,4,0.0640692855540604
2019-07-21 15:00:00,4,-0.42714589934871827
2019-07-21 16:00:00,4,0.9336475802455969
2019-07-21 17:00:00,4,0.8678347763482454
2019-07-21 18:00:00,4,0.8686545982273766
2019-07-21 19:00:00,4,0.9963573599574367
2019-07-21 20:00:00,3,0.9954034897346152
2019-07-22 06:00:00,3,0.9595334506461068
2019-07-22 07:00:00,4,0.9931380003870258
2019-07-22 08:00:00,4,0.35113988064818646
2019-07-22 09:00:00,4,0.26413054688544346
2019-07-22 10:00:00,4,0.9710185048690501
2019-07-22 11:00:00,4,0.663075815688241
2019-07-22 12:00:00,4,0.9817212455737784
2019-07-22 13:00:00,4,0.931353548024393
2019-07-22 14:00:00,4,0.9111720222901877
2019-07-22 15:00:00,4,-0.5663607362671151
2019-07-22 16:00:00,4,0.9680429590873858
2019-07-22 17:00:00,4,-0.06313423645886658
2019-07-22 18:00:00,4,0.9841102378144415
2019-07-22 19:00:00,4,0.9945145965252283
2019-07-22 20:00:00,4,0.9999545733016397
2019-07-23 07:00:00,4,0.9997583451602635
2019-07-23 08:00:00,4,0.23105408156091473
2019-07-23 09:00:00,4,0.685313900547595
2019-07-23 10:00:00,4,0.9793508554422181
2019-07-23 11:00:00,4,-0.7758644736636352
2019-07-23 12:00:00,4,0.9138593391742263
2019-07-23 13:00:00,4,0.6255862955665176
2019-07-23 14:00:00,4,-0.9430567338476847
2019-07-23 15:00:00,4,0.4911393682377666
2019-07-23 16:00:00,4,0.9902160124986598
2019-07-23 17:00:00,4,0.8945903015701347
2019-07-23 18:00:00,4,0.9940287641606058
2019-07-23 19:00:00,4,0.9964123621881098
2019-07-23 20:00:00,4,0.9975770291961517
2019-07-24 07:00:00,4,0.9595203289354719
2019-07-24 08:00:00,4,0.9654156183939959
2019-07-24 09:00:00,4,0.9677687432001837
2019-07-24 10:00:00,4,0.2166672977604467
2019-07-24 11:00:00,4,0.18966963535244422
2019-07-24 12:00:00,4,0.9763958387477699
2019-07-24 13:00:00,4,0.9341908829023964
2019-07-24 14:00:00,4,-0.8786157455829803
2019-07-24 15:00:00,4,0.8894936045325523
2019-07-24 16:00:00,4,0.9766228869224994
2019-07-24 17:00:00,4,0.9903534175895069
2019-07-24 18:00:00,4,0.9407081958098761
2019-07-24 19:00:00,4,0.994037848036383
2019-07-24 20:00:00,4,0.9903113413161023
2019-07-25 07:00:00,4,0.9743637269116944
2019-07-25 08:00:00,4,0.9953970226449348
2019-07-25 09:00:00,4,0.999906790623643
2019-07-25 10:00:00,4,0.9982935805932864
2019-07-25 11:00:00,4,0.9988047837397702
2019-07-25 12:00:00,4,0.9838916717726831
2019-07-25 13:00:00,4,0.150765868518442
2019-07-25 14:00:00,4,0.8348632285234162
2019-07-25 15:00:00,4,0.7874381769261528
2019-07-25 16:00:00,4,0.7759300535238874
2019-07-25 17:00:00,4,0.9962392409019164
2019-07-25 18:00:00,4,0.986982746576112
2019-07-25 19:00:00,4,0.9997733188566192
2019-07-25 20:00:00,4,0.9789501634437878
2019-07-26 07:00:00,4,0.9988821402018623
2019-07-26 08:00:00,4,0.9969876716321222
2019-07-26 09:00:00,4,0.8370038453567639
2019-07-26 10:00:00,4,0.996031214977345
2019-07-26 11:00:00,4,0.8171146832168122
2019-07-26 12:00:00,4,0.6520210850758885
2019-07-26 13:00:00,4,0.822921644018869
2019-07-26 14:00:00,4,0.9667123632755537
2019-07-26 15:00:00,4,0.9651417460404922
2019-07-26 16:00:00,4,0.78919573953618
2019-07-26 17:00:00,4,0.9992129809243969
2019-07-26 18:00:00,4,0.9976002905202034
2019-07-26 19:00:00,4,0.7690635409608149
2019-07-26 20:00:00,4,0.9988609673394019
2019-07-27 07:00:00,4,0.9834823938926699
2019-07-27 08:00:00,4,0.9959354505946556
2019-07-27 09:00:00,4,0.9998879728735817
2019-07-27 10:00:00,4,0.9992298912129791
2019-07-27 11:00:00,4,0.9976111010570133
2019-07-27 12:00:00,4,0.9885641910914842
2019-07-27 13:00:00,4,0.9545316217036978
2019-07-27 14:00:00,4,0.9951131535075228
2019-07-27 15:00:00,4,0.9880009647299249
2019-07-27 16:00:00,4,0.9973721646436291
2019-07-27 17:00:00,4,0.996185948808781
2019-07-27 18:00:00,4,0.9986357935353717
2019-07-27 19:00:00,4,0.9919564777370563
2019-07-27 20:00:00,4,0.9994501825410798
2019-07-28 07:00:00,4,0.9964284369460515
2019-07-28 08:00:00,4,0.7781391557656402
2019-07-28 09:00:00,4,0.9728671159657025
2019-07-28 10:00:00,4,0.9967970489719635
2019-07-28 11:00:00,4,0.7374886340826061
2019-07-28 12:00:00,4,0.9759229618422715
2019-07-28 13:00:00,4,0.8556199275317791
2019-07-28 14:00:00,4,-0.8664780730694699
2019-07-28 15:00:00,4,0.569205874116858
2019-07-28 16:00:00,4,0.7407069861934522
2019-07-28 17:00:00,4,0.4343643601295858
2019-07-28 18:00:00,4,0.9202576656314996
2019-07-28 19:00:00,4,0.9947147124260097
2019-07-28 20:00:00,4,0.9943945040102381
2019-07-29 07:00:00,4,0.9927950985600638
2019-07-29 08:00:00,4,0.9960774027730208
2019-07-29 09:00:00,4,0.9997358871804835
2019-07-29 10:00:00,4,0.9972491633460276
2019-07-29 11:00:00,4,0.9973960025616778
2019-07-29 12:00:00,4,0.9566712509370383
2019-07-29 13:00:00,4,0.870702379890338
2019-07-29 14:00:00,4,0.7890240592572837
2019-07-29 15:00:00,4,0.9980319893039578
2019-07-29 16:00:00,4,0.9738943847351978
2019-07-29 17:00:00,4,0.9990990376869416
2019-07-29 18:00:00,4,0.9988796888751237
2019-07-29 19:00:00,4,0.9962160052990726
2019-07-29 20:00:00,4,0.9993218661835994
2019-07-30 07:00:00,4,0.9864031086041665
2019-07-30 08:00:00,4,0.9964135955473429
2019-07-30 09:00:00,4,0.9999909629586281
2019-07-30 10:00:00,4,0.9950350910525189
2019-07-30 11:00:00,4,-0.6484222265664252
2019-07-30 12:00:00,4,0.5330252672419546
2019-07-30 13:00:00,4,0.7415191209088742
2019-07-30 14:00:00,4,0.998545209975009
2019-07-30 15:00:00,4,0.9792346731249474
2019-07-30 16:00:00,4,0.9843516600876232
2019-07-30 17:00:00,4,0.6112781378792472
2019-07-30 18:00:00,4,0.9881192928620266
2019-07-30 19:00:00,4,0.9964405701623865
2019-07-30 20:00:00,4,0.9987503101922368
2019-07-31 07:00:00,4,0.9388490576672739
2019-07-31 08:00:00,4,0.9987570366469855
2019-07-31 09:00:00,4,0.9999624337436265
2019-07-31 10:00:00,4,0.9970163229209575
2019-07-31 11:00:00,4,0.7638328669035787
2019-07-31 12:00:00,4,0.5059076974954106
2019-07-31 13:00:00,4,0.6363412979639175
2019-07-31 14:00:00,4,0.5540695189217526
2019-07-31 15:00:00,4,-0.947627894554767
2019-07-31 16:00:00,4,0.9892676010284975
2019-07-31 17:00:00,4,-0.12034279281843403
2019-07-31 18:00:00,4,0.4416314499869787
2019-07-31 19:00:00,4,0.9974443802587638
2019-07-31 20:00:00,4,0.9966040391287289
2019-08-01 07:00:00,4,0.9984366208615714
2019-08-01 08:00:00,4,0.9879527309495789
2019-08-01 09:00:00,4,0.9186400940641505
2019-08-01 10:00:00,4,0.8042074668652894
2019-08-01 11:00:00,4,0.4946030124592917
2019-08-01 12:00:00,4,0.7919938798397956
2019-08-01 13:00:00,4,0.5362615991148054
2019-08-01 14:00:00,4,0.07484292866839364
2019-08-01 15:00:00,4,0.985017917033256
2019-08-01 16:00:00,4,0.998340089646567
2019-08-01 17:00:00,4,0.997865891178783
2019-08-01 18:00:00,4,0.9812624735348334
2019-08-01 19:00:00,4,0.9919489660426407
2019-08-01 20:00:00,4,0.9897160933701755
2019-08-02 07:00:00,4,0.9938046571723134
2019-08-02 08:00:00,4,0.9691340011865666
2019-08-02 09:00:00,4,0.995011830941073
2019-08-02 10:00:00,4,0.8539014152780205
2019-08-02 11:00:00,4,0.9853145545670162
2019-08-02 12:00:00,4,0.9451167801918653
2019-08-02 13:00:00,4,0.8830642632469471
2019-08-02 14:00:00,4,0.11976512734600611
2019-08-02 15:00:00,4,0.8227223407949086
2019-08-02 16:00:00,4,0.6964700269195779
2019-08-02 17:00:00,4,0.8685486390312215
2019-08-02 18:00:00,4,-0.8227956083372127
2019-08-02 19:00:00,4,0.9955750025680269
2019-08-02 20:00:00,4,0.9831470427454033
2019-08-03 07:00:00,4,0.9956184498252484
2019-08-03 08:00:00,4,0.9966809991840597
2019-08-03 09:00:00,4,0.9999736583705021
2019-08-03 10:00:00,4,0.9898287872231845
2019-08-03 11:00:00,4,0.9778082619111854
2019-08-03 12:00:00,4,0.9499562761033294
2019-08-03 13:00:00,4,0.8910422176058287
2019-08-03 14:00:00,4,0.23474385218866178
2019-08-03 15:00:00,4,0.9848722888732757
2019-08-03 16:00:00,4,0.9903220134200336
2019-08-03 17:00:00,4,0.9990559798465869
2019-08-03 18:00:00,4,0.9996530383218448
2019-08-03 19:00:00,4,0.9969056642021757
2019-08-03 20:00:00,4,0.9996915643939271
2019-08-04 07:00:00,4,0.9904166212606902
2019-08-04 08:00:00,4,0.996498649066638
2019-08-04 09:00:00,4,0.8989797118791139
2019-08-04 10:00:00,4,0.7356640293114024
2019-08-04 11:00:00,4,-0.6928860087656038
2019-08-04 12:00:00,4,-0.49378143072709124
2019-08-04 13:00:00,4,0.7369021473622132
2019-08-04 14:00:00,4,0.9653987602085702
2019-08-04 15:00:00,4,0.8215013553146119
2019-08-04 16:00:00,4,0.9975051074419926
2019-08-04 17:00:00,4,0.9958255901480604
2019-08-04 18:00:00,4,0.9993809245097908
2019-08-04 19:00:00,4,0.9958617347759549
2019-08-04 20:00:00,4,0.9973114166047267
2019-08-05 07:00:00,4,0.9888444786288918
2019-08-05 08:00:00,4,0.9975403622833041
2019-08-05 09:00:00,4,0.9840838535567864
2019-08-05 10:00:00,4,0.9784100169169005
2019-08-05 11:00:00,4,0.40351673720034476
2019-08-05 12:00:00,4,0.9995765057850682
2019-08-05 13:00:00,4,0.9934451909789432
2019-08-05 14:00:00,4,0.16645830684902424
2019-08-05 15:00:00,4,-0.8718099928704289
2019-08-05 16:00:00,4,0.9993274189953054
2019-08-05 17:00:00,4,0.957390454060876
2019-08-05 18:00:00,4,0.7524024975858061
2019-08-05 19:00:00,4,0.9916235669700508
2019-08-05 20:00:00,4,0.9797758646320319
2019-08-06 07:00:00,4,0.9952592264319228
2019-08-06 08:00:00,4,0.9769464063037484
2019-08-06 09:00:00,4,0.9996680338361551
2019-08-06 10:00:00,4,0.7484735974359404
2019-08-06 11:00:00,4,0.9461766666172993
2019-08-06 12:00:00,4,0.9935476250812894
2019-08-06 13:00:00,4,0.9946351454725352
2019-08-06 14:00:00,4,0.8617080839825688
2019-08-06 15:00:00,4,0.9769379108006935
2019-08-06 16:00:00,4,0.9983261384118791
2019-08-06 17:00:00,4,0.9926080371851527
2019-08-06 18:00:00,4,0.98513650729978
2019-08-06 19:00:00,4,0.9797962316512783
2019-08-07 07:00:00,4,0.9597453408106545
2019-08-07 08:00:00,4,0.9522343368069182
2019-08-07 09:00:00,4,0.9370978911501464
2019-08-07 10:00:00,4,0.7195220905654022
2019-08-07 11:00:00,4,0.9982845485785574
2019-08-07 12:00:00,4,0.9993490400100964
2019-08-07 13:00:00,4,0.9957654946403581
2019-08-07 14:00:00,4,0.6755867314713043
2019-08-07 15:00:00,4,0.4657849046666441
2019-08-07 16:00:00,4,0.9057192192658176
2019-08-07 17:00:00,4,0.8262967299428708
2019-08-07 18:00:00,4,0.9489108749297799
2019-08-07 19:00:00,4,0.997966016487374
2019-08-07 20:00:00,3,0.9957278317000713
2019-08-08 07:00:00,4,0.9980007515427725
2019-08-08 08:00:00,4,0.9953126330890528
2019-08-08 09:00:00,4,0.9997750106090211
2019-08-08 10:00:00,4,0.9981380561380152
2019-08-08 11:00:00,4,0.998887451779664
2019-08-08 12:00:00,4,0.9829284844958606
2019-08-08 13:00:00,4,0.9264094400155468
2019-08-08 14:00:00,4,0.9862410151450566
2019-08-08 15:00:00,4,0.302165833827061
2019-08-08 16:00:00,4,-0.2959473011409837
2019-08-08 17:00:00,4,0.99436859669211
2019-08-08 18:00:00,4,0.998086468067981
2019-08-08 19:00:00,4,0.9942904017257521
2019-08-08 20:00:00,3,0.9995012699070497
2019-08-09 07:00:00,4,0.9922216095918647
2019-08-09 08:00:00,4,0.9945172048568669
2019-08-09 09:00:00,4,0.9999918232792305
2019-08-09 10:00:00,4,0.9980282047901424
2019-08-09 11:00:00,4,0.9988708796981874
2019-08-09 12:00:00,4,0.9870994169551875
2019-08-09 13:00:00,4,0.920026195379145
2019-08-09 14:00:00,4,0.9904575734609145
2019-08-09 15:00:00,4,0.991220818682643
2019-08-09 16:00:00,4,0.9997907508484728
2019-08-09 17:00:00,4,0.9976515841065459
2019-08-09 18:00:00,4,0.9987135064715332
2019-08-09 19:00:00,4,0.9977324075210503
2019-08-09 20:00:00,3,0.99859835002499
2019-08-10 07:00:00,4,0.9924272647741148
2019-08-10 08:00:00,4,0.9966992994654892
2019-08-10 09:00:00,4,0.9999495628606948
2019-08-10 10:00:00,4,0.9984296944469353
2019-08-10 11:00:00,4,0.998152029138252
2019-08-10 12:00:00,4,0.9247791662192986
2019-08-10 13:00:00,4,0.7369351416455189
2019-08-10 14:00:00,4,0.6935606782573533
2019-08-10 15:00:00,4,0.9719739199504749
2019-08-10 16:00:00,4,0.999818389615352
2019-08-10 17:00:00,4,0.9995727260093682
2019-08-10 18:00:00,4,0.9986022860250676
2019-08-10 19:00:00,4,0.9963823773955468
2019-08-10 20:00:00,3,0.9993782852673913
2019-08-11 07:00:00,4,0.9943574843853832
2019-08-11 08:00:00,4,0.9258091382654736
2019-08-11 09:00:00,4,0.9242621958072639
2019-08-11 10:00:00,4,0.9909833437398659
2019-08-11 11:00:00,4,0.9712124119728921
2019-08-11 12:00:00,4,0.9805074941648981
2019-08-11 13:00:00,4,0.9241743721028184
2019-08-11 14:00:00,4,0.9930281116636079
2019-08-11 15:00:00,4,0.9773625079979796
2019-08-11 16:00:00,4,0.9870005896726813
2019-08-11 17:00:00,4,0.9736778941295096
2019-08-11 18:00:00,4,0.9912286660856283
2019-08-11 19:00:00,4,0.9406934811635206
2019-08-11 20:00:00,3,0.9994966032617871
2019-08-12 07:00:00,4,0.9964595439369192
2019-08-12 08:00:00,4,0.9959022090865131
2019-08-12 09:00:00,4,0.9994268595188638
2019-08-12 10:00:00,4,0.9990055957036954
2019-08-12 11:00:00,4,0.9989740353055863
2019-08-12 12:00:00,4,0.95675900459908
2019-08-12 13:00:00,4,0.9928484203644445
2019-08-12 14:00:00,4,0.6291510791140603
2019-08-12 15:00:00,4,0.9846683389758337
2019-08-12 16:00:00,4,0.999293337155539
2019-08-12 17:00:00,4,0.9981852954620043
2019-08-12 18:00:00,4,0.998924844141446
2019-08-12 19:00:00,4,0.9992709249818654
2019-08-12 20:00:00,3,0.9999704767473813
2019-08-13 07:00:00,4,0.994519882557183
2019-08-13 08:00:00,4,0.9957626530984653
2019-08-13 09:00:00,4,0.9999046034885677
2019-08-13 10:00:00,4,0.9971515286346425
2019-08-13 11:00:00,4,0.9994113427137303
2019-08-13 12:00:00,4,0.9734208008031922
2019-08-13 13:00:00,4,0.9945944215577556
2019-08-13 14:00:00,4,0.9912443075734872
2019-08-13 15:00:00,4,0.9940063025486913
2019-08-13 16:00:00,4,0.9761131937719155
2019-08-13 17:00:00,4,0.9979874845010814
2019-08-13 18:00:00,4,0.9997342318624073
2019-08-13 19:00:00,4,0.9973385439914316
2019-08-13 20:00:00,3,0.9997973921113139
2019-08-14 07:00:00,4,0.9898222317981231
2019-08-14 08:00:00,4,0.9948730967588802
2019-08-14 09:00:00,4,0.9997561405478788
2019-08-14 10:00:00,4,0.9937978468409635
2019-08-14 11:00:00,4,0.9950745088779676
2019-08-14 12:00:00,4,0.9734999569427082
2019-08-14 13:00:00,4,-0.3447602763337259
2019-08-14 14:00:00,4,0.4582784581466134
2019-08-14 15:00:00,4,0.9956558812837774
2019-08-14 16:00:00,4,0.9994397980395927
2019-08-14 17:00:00,4,0.995805362903695
2019-08-14 18:00:00,4,0.9984327671891293
2019-08-14 19:00:00,4,0.9990543547534346
2019-08-14 20:00:00,3,0.9999436862739353
2019-08-15 07:00:00,4,0.9864546939200635
2019-08-15 08:00:00,4,0.9932790331359015
2019-08-15 09:00:00,4,0.9991698296668549
2019-08-15 10:00:00,4,0.9855591712329286
2019-08-15 11:00:00,4,0.8885389847224684
2019-08-15 12:00:00,4,0.9487335901150592
2019-08-15 13:00:00,4,-0.47998036187302767
2019-08-15 14:00:00,4,0.41355111277139145
2019-08-15 15:00:00,4,0.9880646681054157
2019-08-15 16:00:00,4,0.9767707696836295
2019-08-15 17:00:00,4,0.9955084667503686
2019-08-15 18:00:00,4,0.9685718233276367
2019-08-15 19:00:00,4,0.997225335894375
2019-08-15 20:00:00,3,0.925618327734906
2019-08-16 07:00:00,4,0.9966335643665735
2019-08-16 08:00:00,4,0.9940395306009204
2019-08-16 09:00:00,4,0.9969350484532342
2019-08-16 10:00:00,4,0.9804318113901704
2019-08-16 11:00:00,4,0.6057277028811163
2019-08-16 12:00:00,4,-0.5513889869760538
2019-08-16 13:00:00,4,-0.06640450988786735
2019-08-16 14:00:00,4,0.18986347744554355
2019-08-16 15:00:00,4,-0.5575908616256051
2019-08-16 16:00:00,4,0.8835934595751538
2019-08-16 17:00:00,4,0.9855367400394319
2019-08-16 18:00:00,4,0.9995392263037712
2019-08-16 19:00:00,4,0.9985275587765514
2019-08-16 20:00:00,3,0.9960078768619325
2019-08-17 07:00:00,4,0.998359481908541
2019-08-17 08:00:00,4,0.9950923346619528
2019-08-17 09:00:00,4,0.7998855685048039
2019-08-17 10:00:00,4,0.456476018089012
2019-08-17 11:00:00,4,0.5660807229454454
2019-08-17 12:00:00,4,0.9521732478581307
2019-08-17 13:00:00,4,0.6975895910618076
2019-08-17 14:00:00,4,0.9088211833479249
2019-08-17 15:00:00,4,-0.025136634897759295
2019-08-17 16:00:00,4,0.42560365716967896
2019-08-17 17:00:00,4,0.8908118927675572
2019-08-17 18:00:00,4,0.7240594932642395
2019-08-17 19:00:00,4,0.990878900096377
2019-08-18 07:00:00,4,0.9991489183856102
2019-08-18 08:00:00,4,0.7601827136309603
2019-08-18 09:00:00,4,0.8242607084137037
2019-08-18 10:00:00,4,0.9919824976334893
2019-08-18 11:00:00,4,0.9616982414146626
2019-08-18 12:00:00,4,0.9833716305767146
2019-08-18 13:00:00,4,0.9716864992803207
2019-08-18 14:00:00,4,-0.7488197121576687
2019-08-18 15:00:00,4,0.6596064775772799
2019-08-18 16:00:00,4,0.7657190461805867
2019-08-18 17:00:00,4,0.9380988821035171
2019-08-18 18:00:00,4,0.9991080191780505
2019-08-18 19:00:00,4,0.9776972936841584
2019-08-19 07:00:00,3,0.9672471299049061
2019-08-19 08:00:00,4,0.9885789600512024
2019-08-19 09:00:00,4,0.9998633112972127
2019-08-19 10:00:00,4,0.7836721660370713
2019-08-19 11:00:00,4,0.6156945458736708
2019-08-19 12:00:00,4,0.9673556936669174
2019-08-19 13:00:00,4,0.9300740699859998
2019-08-19 14:00:00,4,-0.5033115622425803
2019-08-19 15:00:00,4,-0.750773786523989
2019-08-19 16:00:00,4,-0.10706330016989052
2019-08-19 17:00:00,4,0.9931494928249138
2019-08-19 18:00:00,4,0.9995936540580878
2019-08-19 19:00:00,4,0.9996172644912034
2019-08-20 07:00:00,4,0.9923071671511385
2019-08-20 08:00:00,4,0.9987379948810736
2019-08-20 09:00:00,4,0.9505023705267127
2019-08-20 10:00:00,4,0.9882087254919315
2019-08-20 11:00:00,4,0.9802708888798318
2019-08-20 12:00:00,4,0.8686308747713755
2019-08-20 13:00:00,4,0.9994930032786442
2019-08-20 14:00:00,4,-0.6023314838456294
2019-08-20 15:00:00,4,0.9027832474743155
2019-08-20 16:00:00,4,0.8494560928530176
2019-08-20 17:00:00,4,0.9409639721451751
2019-08-20 18:00:00,4,0.9327725465989551
2019-08-20 19:00:00,4,0.9989526137657876
2019-08-21 07:00:00,4,0.9830561330391201
2019-08-21 08:00:00,4,0.7954085759474038
2019-08-21 09:00:00,4,0.8088211728217213
2019-08-21 10:00:00,4,0.960351091552895
2019-08-21 11:00:00,4,0.12922790124483682
2019-08-21 12:00:00,4,0.8447578313211426
2019-08-21 13:00:00,4,0.9615838705558906
2019-08-21 14:00:00,4,0.6582599734499286
2019-08-21 15:00:00,4,0.6771759887327518
2019-08-21 16:00:00,4,-0.003450339799306361
2019-08-21 17:00:00,4,0.9861455359298481
2019-08-21 18:00:00,4,0.9328407351005211
2019-08-21 19:00:00,4,0.9662584461987882
2019-08-22 07:00:00,4,0.9985563270383365
2019-08-22 08:00:00,4,0.9837733278403791
2019-08-22 09:00:00,4,0.9876082635974905
2019-08-22 10:00:00,4,-0.6525466634076433
2019-08-22 11:00:00,4,-0.06330504683056878
2019-08-22 12:00:00,4,0.6753086336518852
2019-08-22 13:00:00,4,-0.05719077944294623
2019-08-22 14:00:00,4,-0.17778350477609825
2019-08-22 15:00:00,4,0.26422961392946986
2019-08-22 16:00:00,4,0.5061837679471457
2019-08-22 17:00:00,4,0.48022664784471836
2019-08-22 18:00:00,4,0.9015553415140277
2019-08-22 19:00:00,4,0.9380477319931628
2019-08-23 07:00:00,4,0.9962305322521777
2019-08-23 08:00:00,4,0.9990195999209424
2019-08-23 09:00:00,4,0.9998901691538497
2019-08-23 10:00:00,4,0.990779588194004
2019-08-23 11:00:00,4,0.9977008460005298
2019-08-23 12:00:00,4,-0.8618972281694621
2019-08-23 13:00:00,4,0.20113986510964185
2019-08-23 14:00:00,4,-0.14355631471169666
2019-08-23 15:00:00,4,0.6614026855366955
2019-08-23 16:00:00,4,0.9862145567525711
2019-08-23 17:00:00,4,0.9960087612043599
2019-08-23 18:00:00,4,0.9988279227248252
2019-08-23 19:00:00,4,0.9995619721227412
2019-08-24 07:00:00,4,0.9963395854264091
2019-08-24 08:00:00,4,0.9965114057001305
2019-08-24 09:00:00,4,0.999508418298393
2019-08-24 10:00:00,4,0.9973171485934365
2019-08-24 11:00:00,4,0.9942463637571307
2019-08-24 12:00:00,4,0.9413933093248824
2019-08-24 13:00:00,4,0.6798855333402969
2019-08-24 14:00:00,4,0.8949128973659689
2019-08-24 15:00:00,4,-0.17123356621601368
2019-08-24 16:00:00,4,0.937895755398613
2019-08-24 17:00:00,4,0.7833881394856109
2019-08-24 18:00:00,4,0.9995463385633191
2019-08-24 19:00:00,4,0.9993659886287526
2019-08-25 07:00:00,4,0.9932030670514627
2019-08-25 08:00:00,4,0.9547193452727599
2019-08-25 09:00:00,4,0.9976346588581889
2019-08-25 10:00:00,4,0.9800966725553796
2019-08-25 11:00:00,4,0.06309958385403826
2019-08-25 12:00:00,4,-0.03402236790512877
2019-08-25 13:00:00,4,0.7334777926572267
2019-08-25 14:00:00,4,-0.20074377852221703
2019-08-25 15:00:00,4,0.3776755915440994
2019-08-25 16:00:00,4,0.2865135174331232
2019-08-25 17:00:00,4,0.6107728219857113
2019-08-25 18:00:00,4,0.9979176549200798
2019-08-25 19:00:00,4,0.9267926705381309
2019-08-26 07:00:00,4,0.9943894881479085
2019-08-26 08:00:00,4,0.9272765699055062
2019-08-26 09:00:00,4,0.8799937898414849
2019-08-26 10:00:00,4,0.959040379285
2019-08-26 11:00:00,4,-0.23635625535255197
2019-08-26 12:00:00,4,0.9683394846514926
2019-08-26 13:00:00,4,0.3359409331437652
2019-08-26 14:00:00,4,0.3984165834739841
2019-08-26 15:00:00,4,-0.5776431463901968
2019-08-26 16:00:00,4,0.9593996922275897
2019-08-26 17:00:00,4,0.9216770124442759
2019-08-26 18:00:00,4,0.9979532326259433
2019-08-26 19:00:00,4,0.9967726310810044
2019-08-27 07:00:00,4,0.9810871542329562
2019-08-27 08:00:00,4,0.9938854737364596
2019-08-27 09:00:00,4,0.9997167495467976
2019-08-27 10:00:00,4,0.9973608675753877
2019-08-27 11:00:00,4,0.9851096081430157
2019-08-27 12:00:00,4,0.9531931927456115
2019-08-27 13:00:00,4,0.829748983826115
2019-08-27 14:00:00,4,-0.3604441442200826
2019-08-27 15:00:00,4,0.9951218271229094
2019-08-27 16:00:00,4,0.9931362843482111
2019-08-27 17:00:00,4,0.9963838605855223
2019-08-27 18:00:00,4,0.9997809948825458
2019-08-27 19:00:00,4,0.99991455500012
2019-08-28 07:00:00,4,0.9752556520342835
2019-08-28 08:00:00,4,0.9918960663777068
2019-08-28 09:00:00,4,0.9995411601040199
2019-08-28 10:00:00,4,0.9993232911630144
2019-08-28 11:00:00,4,0.9980860474892973
2019-08-28 12:00:00,4,0.9910655681590976
2019-08-28 13:00:00,4,-0.4360870129734076
2019-08-28 14:00:00,4,-0.06855228650398758
2019-08-28 15:00:00,4,-0.5036448803262339
2019-08-28 16:00:00,4,0.9910789849515987
2019-08-28 17:00:00,4,0.9940183371562753
2019-08-28 18:00:00,4,0.9995718892143065
2019-08-28 19:00:00,4,0.9851070835533879
2019-08-29 07:00:00,3,0.9690136934572793
2019-08-29 08:00:00,4,0.9995954905090974
2019-08-29 09:00:00,4,0.9969971627391525
2019-08-29 10:00:00,4,0.9645482989823463
2019-08-29 11:00:00,4,0.35249934338706196
2019-08-29 12:00:00,4,0.9266535981566388
2019-08-29 13:00:00,4,0.926022924406022
2019-08-29 14:00:00,4,0.7120148528230859
2019-08-29 15:00:00,4,-0.22088497045827593
2019-08-29 16:00:00,4,0.3815974846484174
2019-08-29 17:00:00,4,0.5571341110999352
2019-08-29 18:00:00,4,-0.00317425935175717
2019-08-29 19:00:00,4,0.9847856689593909
2019-08-30 07:00:00,4,0.9836829250812503
2019-08-30 08:00:00,4,0.71380638415385
2019-08-30 09:00:00,4,0.7253079203703767
2019-08-30 10:00:00,4,0.7944690604993762
2019-08-30 11:00:00,4,0.850532666155999
2019-08-30 12:00:00,4,0.9232580288882992
2019-08-30 13:00:00,4,0.7841564287549149
2019-08-30 14:00:00,4,-0.8668207880595571
2019-08-30 15:00:00,4,0.9891452732499203
2019-08-30 16:00:00,4,0.9900003038492031
2019-08-30 17:00:00,4,0.9970736832856697
2019-08-30 18:00:00,4,0.9990163772117648
2019-08-30 19:00:00,4,0.9970090075537074
2019-08-31 07:00:00,4,0.9706216666403135
2019-08-31 08:00:00,4,0.9967983048383585
2019-08-31 09:00:00,4,0.9995088720028084
2019-08-31 10:00:00,4,0.99903875238374
2019-08-31 11:00:00,4,0.9920582313365474
2019-08-31 12:00:00,4,0.9327851897517492
2019-08-31 13:00:00,4,0.510969172216205
2019-08-31 14:00:00,4,0.43717065239995134
2019-08-31 15:00:00,4,0.9449040604349435
2019-08-31 16:00:00,4,0.996655846349605
2019-08-31 17:00:00,4,0.9985050612341339
2019-08-31 18:00:00,4,0.9996472649880461
2019-08-31 19:00:00,4,0.991655887978573
2019-09-01 07:00:00,4,0.9196602576118418
2019-09-01 08:00:00,4,0.9762942289111743
2019-09-01 09:00:00,4,0.8328626969101518
2019-09-01 10:00:00,4,0.8971412670857954
2019-09-01 11:00:00,4,-0.38581942929591606
2019-09-01 12:00:00,4,0.6706518492271923
2019-09-01 13:00:00,4,0.6752866384282725
2019-09-01 14:00:00,4,0.9184533748552127
2019-09-01 15:00:00,4,0.9140435536935452
2019-09-01 16:00:00,4,0.8084512867672061
2019-09-01 17:00:00,4,0.8505073878040412
2019-09-01 18:00:00,4,0.7589885825803327
2019-09-01 19:00:00,4,0.9781832378901477
2019-09-02 07:00:00,4,0.9900383481366997
2019-09-02 08:00:00,4,0.9897884530910093
2019-09-02 09:00:00,4,0.9997090976244266
2019-09-02 10:00:00,4,0.9993776366818109
2019-09-02 11:00:00,4,0.9996371220667458
2019-09-02 12:00:00,4,0.9627479609176351
2019-09-02 13:00:00,4,-0.9278222463559062
2019-09-02 14:00:00,4,0.3524124351119662
2019-09-02 15:00:00,4,0.9725592119768377
2019-09-02 16:00:00,4,0.9629272316737123
2019-09-02 17:00:00,4,0.9019259267722096
2019-09-02 18:00:00,4,0.9995127929750439
2019-09-02 19:00:00,4,0.9973936836484643
2019-09-03 07:00:00,4,0.9970032455100114
2019-09-03 08:00:00,4,0.9955130388042968
2019-09-03 09:00:00,4,0.8187637186762353
2019-09-03 10:00:00,4,0.9757173843808289
2019-09-03 11:00:00,4,0.9826157832232392
2019-09-03 12:00:00,4,-0.08698656601610123
2019-09-03 13:00:00,4,0.39280529069917014
2019-09-03 14:00:00,4,0.7559289460184592
2019-09-03 15:00:00,4,-0.34722264059667984
2019-09-03 16:00:00,4,-0.9796148986511075
2019-09-03 17:00:00,4,0.9456253506111951
2019-09-03 18:00:00,4,0.9996387724748016
2019-09-03 19:00:00,4,0.9989305342285579
2019-09-04 07:00:00,3,0.9234899109163824
2019-09-04 08:00:00,4,0.9933641605096614
2019-09-04 09:00:00,4,0.9678416908142456
2019-09-04 10:00:00,4,0.9956399366569716
2019-09-04 11:00:00,4,0.9892255845170981
2019-09-04 12:00:00,4,0.5521035130779838
2019-09-04 13:00:00,4,0.38833378712726113
2019-09-04 14:00:00,4,0.7416485239540364
2019-09-04 15:00:00,4,0.9957449103326123
2019-09-04 16:00:00,4,0.9927099978286121
2019-09-04 17:00:00,4,0.9964211776151544
2019-09-04 18:00:00,4,0.9997857811634683
2019-09-04 19:00:00,4,0.9990201826270706
2019-09-05 07:00:00,3,0.9977391716757869
2019-09-05 08:00:00,4,0.9800247524775186
2019-09-05 09:00:00,4,0.9995437669294065
2019-09-05 10:00:00,4,0.9054625643225563
2019-09-05 11:00:00,4,-0.7988910994551589
2019-09-05 12:00:00,4,-0.39287728173674763
2019-09-05 13:00:00,4,0.6920017072008139
2019-09-05 14:00:00,4,-0.8237911256157836
2019-09-05 15:00:00,4,0.8680068353902194
2019-09-05 16:00:00,4,0.7289969329704803
2019-09-05 17:00:00,4,0.9987893457230299
2019-09-05 18:00:00,4,0.9996218562603261
2019-09-05 19:00:00,4,0.9991209179539843
2019-09-06 07:00:00,3,0.999994493217187
2019-09-06 08:00:00,4,0.9679850472274426
2019-09-06 09:00:00,4,0.8991175134486044
2019-09-06 10:00:00,4,0.8761822820253997
2019-09-06 11:00:00,4,0.9319878201054831
2019-09-06 12:00:00,4,0.8433102377683781
2019-09-06 13:00:00,4,-0.9845469582759537
2019-09-06 14:00:00,4,-0.7247359424988103
2019-09-06 15:00:00,4,0.9892135231673379
2019-09-06 16:00:00,4,0.9870932975656994
2019-09-06 17:00:00,4,0.9934528930305193
2019-09-06 18:00:00,4,0.9993715725555341
2019-09-06 19:00:00,4,0.9414073479556161
2019-09-06 20:00:00,4,
2019-09-06 21:00:00,4,
2019-09-06 22:00:00,4,
2019-09-06 23:00:00,4,
2019-09-07 00:00:00,4,
2019-09-07 01:00:00,4,
2019-09-07 02:00:00,4,
2019-09-07 03:00:00,4,
2019-09-07 04:00:00,4,
2019-09-07 05:00:00,4,
2019-09-07 06:00:00,4,
2019-09-07 07:00:00,4,
2019-09-07 08:00:00,4,
2019-09-07 09:00:00,4,
2019-09-07 10:00:00,4,
2019-09-07 11:00:00,4,
2019-09-07 12:00:00,4,
2019-09-07 13:00:00,4,
2019-09-07 14:00:00,4,
2019-09-07 15:00:00,4,
2019-09-07 16:00:00,4,
2019-09-07 17:00:00,4,
2019-09-07 18:00:00,4,
2019-09-07 19:00:00,4,
2019-09-07 20:00:00,4,
2019-09-07 21:00:00,4,
2019-09-07 22:00:00,4,
2019-09-08 07:00:00,3,0.8660254037844387
2019-09-08 08:00:00,4,0.9278555761063598
2019-09-08 09:00:00,4,0.9888785627580935
2019-09-08 10:00:00,4,0.9825992587023784
2019-09-08 11:00:00,4,0.9739082253098241
2019-09-08 12:00:00,4,0.9029851300840939
2019-09-08 13:00:00,4,0.5345409483656596
2019-09-08 14:00:00,4,0.8449721048725307
2019-09-08 15:00:00,4,0.9767388784299977
2019-09-08 16:00:00,4,0.708203136846662
2019-09-08 17:00:00,4,0.6442537702586939
2019-09-08 18:00:00,4,0.9722745601551828
2019-09-08 19:00:00,4,0.9975638628496745
2019-09-09 07:00:00,3,0.9642190843648984
2019-09-09 08:00:00,4,0.9988275898516187
2019-09-09 09:00:00,4,0.9996813791244586
2019-09-09 10:00:00,4,0.9998115338723484
2019-09-09 11:00:00,4,0.9857602074547351
2019-09-09 12:00:00,4,0.9871770348122372
2019-09-09 13:00:00,4,0.994690573956256
2019-09-09 14:00:00,4,0.7487334663604017
2019-09-09 15:00:00,4,0.9989834998363865
2019-09-09 16:00:00,4,0.993584070179506
2019-09-09 17:00:00,4,0.9960500463946109
2019-09-09 18:00:00,4,0.9998662613622459
2019-09-09 19:00:00,4,0.9954888352259227
2019-09-10 07:00:00,3,0.9460135156813939
2019-09-10 08:00:00,4,0.9987484375744521
2019-09-10 09:00:00,4,0.9994127978142852
2019-09-10 10:00:00,4,0.9988173008608171
2019-09-10 11:00:00,4,0.9852989704950985
2019-09-10 12:00:00,4,0.9344819109480699
2019-09-10 13:00:00,4,0.9781918456131729
2019-09-10 14:00:00,4,0.48570174764753193
2019-09-10 15:00:00,4,0.9720871298992738
2019-09-10 16:00:00,4,0.9891315174904809
2019-09-10 17:00:00,4,0.9981273983551315
2019-09-10 18:00:00,4,0.999717878205575
2019-09-10 19:00:00,4,0.9931858794442704
2019-09-11 07:00:00,4,0.9765034771222746
2019-09-11 08:00:00,4,0.9541730075834013
2019-09-11 09:00:00,4,0.8907165863622769
2019-09-11 10:00:00,4,0.5799611566947609
2019-09-11 11:00:00,4,0.5272926931488361
2019-09-11 12:00:00,4,0.8344819599136267
2019-09-11 13:00:00,4,-0.45310392300641966
2019-09-11 14:00:00,4,-0.42061371438547523
2019-09-11 15:00:00,4,0.9060400059940802
2019-09-11 16:00:00,4,0.9774253788921216
2019-09-11 17:00:00,4,0.9764839943849739
2019-09-11 18:00:00,4,0.6467392093713443
2019-09-12 07:00:00,3,0.9876072848478895
2019-09-12 08:00:00,4,0.9981017089553216
2019-09-12 09:00:00,4,0.9999886616790922
2019-09-12 10:00:00,4,0.9951634509568588
2019-09-12 11:00:00,4,0.8038401704233424
2019-09-12 12:00:00,4,-0.6813733714785161
2019-09-12 13:00:00,4,-0.793754629561645
2019-09-12 14:00:00,4,-0.14449052170291166
2019-09-12 15:00:00,4,0.8536482236076769
2019-09-12 16:00:00,4,0.9932783303643267
2019-09-12 17:00:00,4,0.9956300890535709
2019-09-12 18:00:00,4,0.9992045293956753
2019-09-12 19:00:00,4,0.9920711948051103
2019-09-13 07:00:00,3,0.9724634225990821
2019-09-13 08:00:00,4,0.9974562098435639
2019-09-13 09:00:00,4,0.9998700958391635
2019-09-13 10:00:00,4,0.9972560021012189
2019-09-13 11:00:00,4,0.9851826001993891
2019-09-13 12:00:00,4,0.9867041501720448
2019-09-13 13:00:00,4,-0.03173800324470767
2019-09-13 14:00:00,4,0.9635920392371645
2019-09-13 15:00:00,4,0.9765123639273582
2019-09-13 16:00:00,4,0.9502813235880058
2019-09-13 17:00:00,4,0.9987093110152191
2019-09-13 18:00:00,4,0.999979338186586
2019-09-13 19:00:00,4,0.99572971612104
2019-09-14 07:00:00,3,0.9774862792047964
2019-09-14 08:00:00,4,0.9993916742830244
2019-09-14 09:00:00,4,0.3086515193776214
2019-09-14 10:00:00,4,0.9300237912932318
2019-09-14 11:00:00,4,0.9989678361234695
2019-09-14 12:00:00,4,-0.4446993725332982
2019-09-14 13:00:00,4,-0.9687052674204837
2019-09-14 14:00:00,4,0.3591768513021902
2019-09-14 15:00:00,4,0.9921768863826491
2019-09-14 16:00:00,4,0.9794751617970882
2019-09-14 17:00:00,4,0.9954675082960219
2019-09-14 18:00:00,4,0.9992809092958772
2019-09-14 19:00:00,4,0.9974200039994877
2019-09-15 07:00:00,3,0.9727642792831157
2019-09-15 08:00:00,4,0.9992314420333542
2019-09-15 09:00:00,4,0.9997622253179991
2019-09-15 10:00:00,4,0.9957651169795239
2019-09-15 11:00:00,4,0.9719508451292049
2019-09-15 12:00:00,4,0.9415956128549802
2019-09-15 13:00:00,4,-0.16713541011872432
2019-09-15 14:00:00,4,0.8521775053069824
2019-09-15 15:00:00,4,0.947687548009842
2019-09-15 16:00:00,4,0.9762521283635363
2019-09-15 17:00:00,4,0.999346738378209
2019-09-15 18:00:00,4,0.9998813076614425
2019-09-15 19:00:00,3,0.9998506316777978
2019-09-16 07:00:00,3,0.9633119923039659
2019-09-16 08:00:00,4,0.9989085369322196
2019-09-16 09:00:00,4,0.9993866993120927
2019-09-16 10:00:00,4,0.9972775370680494
2019-09-16 11:00:00,4,0.9845714734192885
2019-09-16 12:00:00,4,0.9702162122884598
2019-09-16 13:00:00,4,0.46432810457850093
2019-09-16 14:00:00,4,0.9898821290423605
2019-09-16 15:00:00,4,0.9839221861647051
2019-09-16 16:00:00,4,0.9887542175414552
2019-09-16 17:00:00,4,0.9986190000600326
2019-09-16 18:00:00,4,0.999257281156157
2019-09-16 19:00:00,3,0.999903082577684
2019-09-17 07:00:00,3,0.9532281805886184
2019-09-17 08:00:00,4,0.9990962585138351
2019-09-17 09:00:00,4,0.999626479081176
2019-09-17 10:00:00,4,0.9982498614562557
2019-09-17 11:00:00,4,0.7243262264893742
2019-09-17 12:00:00,4,-0.863334365772399
2019-09-17 13:00:00,4,0.4416899476308852
2019-09-17 14:00:00,4,0.8504595143216261
2019-09-17 15:00:00,4,0.9329177934136231
2019-09-17 16:00:00,4,0.9616748859367936
2019-09-17 17:00:00,4,0.9991568529914737
2019-09-17 18:00:00,4,0.999020837295686
2019-09-17 19:00:00,3,0.9842908694719057
2019-09-18 08:00:00,4,0.8764056985607029
2019-09-18 09:00:00,4,0.9981173705157854
2019-09-18 10:00:00,4,0.9936731078008947
2019-09-18 11:00:00,4,0.9660397413547966
2019-09-18 12:00:00,4,0.9720264329781586
2019-09-18 13:00:00,4,0.8257959603965732
2019-09-18 14:00:00,4,0.9994500970642685
2019-09-18 15:00:00,4,0.8322797148695252
2019-09-18 16:00:00,4,-0.4748782885367995
2019-09-18 17:00:00,4,0.2385484018820966
2019-09-18 18:00:00,4,0.9481976492571285
2019-09-18 19:00:00,3,0.9990836099552634
2019-09-19 08:00:00,4,0.7271766011786741
2019-09-19 09:00:00,4,0.9972042488386442
2019-09-19 10:00:00,4,-0.9382820916586122
2019-09-19 11:00:00,4,0.6925637983493683
2019-09-19 12:00:00,4,-0.8513167438170214
2019-09-19 13:00:00,4,-0.6820275586678523
2019-09-19 14:00:00,4,-0.496356831341183
2019-09-19 15:00:00,4,-0.9283848501430485
2019-09-19 16:00:00,4,-0.3542591417338393
2019-09-19 17:00:00,4,0.9983237187546912
2019-09-19 18:00:00,4,0.9999438911179362
2019-09-19 19:00:00,3,0.9995927076240081
2019-09-20 08:00:00,4,0.9993284546776544
2019-09-20 09:00:00,4,0.9999546107788408
2019-09-20 10:00:00,4,0.9992597349403934
2019-09-20 11:00:00,4,0.9969255357809508
2019-09-20 12:00:00,4,-0.04909865574741655
2019-09-20 13:00:00,4,0.949843112812889
2019-09-20 14:00:00,4,0.43034348394002836
2019-09-20 15:00:00,4,0.9691651224905352
2019-09-20 16:00:00,4,0.9733914700338313
2019-09-20 17:00:00,4,0.9020978782153548
2019-09-20 18:00:00,4,0.882486207624416
2019-09-21 08:00:00,4,0.9971795222298571
2019-09-21 09:00:00,4,0.9997894491452529
2019-09-21 10:00:00,4,0.9710158241146384
2019-09-21 11:00:00,4,0.8443012688519365
2019-09-21 12:00:00,4,0.9906814488621166
2019-09-21 13:00:00,4,0.742783944904519
2019-09-21 14:00:00,4,-0.026047681277768946
2019-09-21 15:00:00,4,0.7340979474804389
2019-09-21 16:00:00,4,0.9204379401810195
2019-09-21 17:00:00,4,0.015840322954781293
2019-09-21 18:00:00,4,0.9991615229355407
2019-09-21 19:00:00,3,0.9997960812041974
2019-09-22 08:00:00,4,0.9977493086407397
2019-09-22 09:00:00,4,0.9998975098977049
2019-09-22 10:00:00,4,0.9977479115372063
2019-09-22 11:00:00,4,0.9960053474089324
2019-09-22 12:00:00,4,0.9899307286985785
2019-09-22 13:00:00,4,0.8485514210286038
2019-09-22 14:00:00,4,0.9424780270364811
2019-09-22 15:00:00,4,0.9935058869604234
2019-09-22 16:00:00,4,-0.32036696000878584
2019-09-22 17:00:00,4,0.9987778030241315
2019-09-22 18:00:00,4,0.9998026204672535
2019-09-23 08:00:00,4,0.8411652529801723
2019-09-23 09:00:00,4,0.8679610754243183
2019-09-23 10:00:00,4,-0.3625081650619319
2019-09-23 11:00:00,4,0.7810566132432336
2019-09-23 12:00:00,4,0.14417011765882212
2019-09-23 13:00:00,4,0.25442876423719285
2019-09-23 14:00:00,4,0.9059341237369214
2019-09-23 15:00:00,4,0.9633261556972057
2019-09-23 16:00:00,4,0.664949522474272
2019-09-23 17:00:00,4,0.9981294616457662
2019-09-23 18:00:00,4,0.9999141359064623
2019-09-24 08:00:00,4,0.9990223076117433
2019-09-24 09:00:00,4,0.9994965202721869
2019-09-24 10:00:00,4,0.9992043183284758
2019-09-24 11:00:00,4,0.993121017070062
2019-09-24 12:00:00,4,0.9994437846738562
2019-09-24 13:00:00,4,0.6582597962154988
2019-09-24 14:00:00,4,0.7957045017954018
2019-09-24 15:00:00,4,0.9800775462002328
2019-09-24 16:00:00,4,0.9896017291003446
2019-09-24 17:00:00,4,0.9999818452896996
2019-09-24 18:00:00,4,0.9976454893356119
2019-09-25 08:00:00,4,0.998909548911195
2019-09-25 09:00:00,4,0.9999496525253581
2019-09-25 10:00:00,4,0.9997584833200467
2019-09-25 11:00:00,4,0.989941682040829
2019-09-25 12:00:00,4,0.9531232338904372
2019-09-25 13:00:00,4,0.9191418178044276
2019-09-25 14:00:00,4,0.9508468747729053
2019-09-25 15:00:00,4,0.9926412253081661
2019-09-25 16:00:00,4,0.990195662689802
2019-09-25 17:00:00,4,0.9989635573711768
2019-09-25 18:00:00,4,0.9968953875195896
2019-09-25 19:00:00,3,0.9997658536781706
2019-09-26 08:00:00,4,0.99830379107412
2019-09-26 09:00:00,4,0.9998983023012891
2019-09-26 10:00:00,4,0.9971778885402873
2019-09-26 11:00:00,4,0.9947369085937454
2019-09-26 12:00:00,4,0.9984710931675189
2019-09-26 13:00:00,4,0.9960123625302921
2019-09-26 14:00:00,4,0.9831066539944148
2019-09-26 15:00:00,4,0.9825351803972595
2019-09-26 16:00:00,4,0.7276429062763945
2019-09-26 17:00:00,4,0.9961976148917848
2019-09-26 18:00:00,4,0.9999448698662033
2019-09-27 08:00:00,4,0.9984274263906076
2019-09-27 09:00:00,4,0.9750618873373782
2019-09-27 10:00:00,4,-0.7944888680666802
2019-09-27 11:00:00,4,-0.8786606557251447
2019-09-27 12:00:00,4,-0.44847331633216864
2019-09-27 13:00:00,4,-0.43700971046365084
2019-09-27 14:00:00,4,-0.27385881430442066
2019-09-27 15:00:00,4,-0.7510945352558027
2019-09-27 16:00:00,4,0.9859902370024675
2019-09-27 17:00:00,4,0.9999428491245373
2019-09-27 18:00:00,4,0.9999607031077542
2019-09-28 08:00:00,4,0.9896709678943869
2019-09-28 09:00:00,4,0.6628069593048276
2019-09-28 10:00:00,4,0.2208980938362797
2019-09-28 11:00:00,4,-0.6320498335282196
2019-09-28 12:00:00,4,0.884619051986449
2019-09-28 13:00:00,4,-0.6518896590618046
2019-09-28 14:00:00,4,0.6308641437755915
2019-09-28 15:00:00,4,-0.8636828890942118
2019-09-28 16:00:00,4,0.9992268925206585
2019-09-28 17:00:00,4,0.9946591287207561
2019-09-28 18:00:00,4,0.9991037941132174
2019-09-29 08:00:00,4,0.9971111254226043
2019-09-29 09:00:00,4,0.9910365533099831
2019-09-29 10:00:00,4,0.0662619764387848
2019-09-29 11:00:00,4,0.5716223495653084
2019-09-29 12:00:00,4,0.9767641886596066
2019-09-29 13:00:00,4,0.872964042293585
2019-09-29 14:00:00,4,0.9999529914553382
2019-09-29 15:00:00,4,0.9929520611158483
2019-09-29 16:00:00,4,0.9902642653365356
2019-09-29 17:00:00,4,0.9992329185743632
2019-09-29 18:00:00,4,0.9980762171045522
2019-09-30 08:00:00,4,0.9969460550438999
2019-09-30 09:00:00,4,0.9996841258267058
2019-09-30 10:00:00,4,-0.4729545288195075
2019-09-30 11:00:00,4,-0.9735825184395003
2019-09-30 12:00:00,4,0.9095527124531765
2019-09-30 13:00:00,4,-0.7972006169223081
2019-09-30 14:00:00,4,0.9855595927780132
2019-09-30 15:00:00,4,0.8919725356515867
2019-09-30 16:00:00,4,-0.5701970242100705
2019-09-30 17:00:00,4,-0.8025275496229193
2019-09-30 18:00:00,4,0.9947929892378458
2019-10-01 08:00:00,4,0.9955884330123692
2019-10-01 09:00:00,4,0.999166175402256
2019-10-01 10:00:00,4,-0.7024212177278736
2019-10-01 11:00:00,4,0.9678176172733027
2019-10-01 12:00:00,4,0.8453082972440996
2019-10-01 13:00:00,4,0.4810245878232063
2019-10-01 14:00:00,4,-0.06929279197163561
2019-10-01 15:00:00,4,-0.5529089869430077
2019-10-01 16:00:00,4,-0.9613070496048333
2019-10-01 17:00:00,4,0.999425313805344
2019-10-01 18:00:00,4,0.9999990260681465
2019-10-02 08:00:00,4,0.9042982631709384
2019-10-02 09:00:00,4,0.9459882234800321
2019-10-02 10:00:00,4,0.9839986795648984
2019-10-02 11:00:00,4,0.49612085239085824
2019-10-02 12:00:00,4,0.7334862229401384
2019-10-02 13:00:00,4,0.7464876977154477
2019-10-02 14:00:00,4,0.9058020744403787
2019-10-02 15:00:00,4,0.6578306730448621
2019-10-02 16:00:00,4,0.8925042028861396
2019-10-02 17:00:00,4,0.6455374640741999
2019-10-02 18:00:00,4,0.9940367057700895
2019-10-03 08:00:00,4,0.9986712907230874
2019-10-03 09:00:00,4,0.9995009658184156
2019-10-03 10:00:00,4,0.9995155277204759
2019-10-03 11:00:00,4,0.9966239665840102
2019-10-03 12:00:00,4,0.9913602457563898
2019-10-03 13:00:00,4,0.8820509850220365
2019-10-03 14:00:00,4,0.9972674075365985
2019-10-03 15:00:00,4,0.9965222784271476
2019-10-03 16:00:00,4,0.9922268138221781
2019-10-03 17:00:00,4,0.9989826327297194
2019-10-03 18:00:00,4,0.9999750073615626
2019-10-04 08:00:00,4,0.9988756839873401
2019-10-04 09:00:00,4,0.9977762170331973
2019-10-04 10:00:00,4,0.9977134966205073
2019-10-04 11:00:00,4,0.9906441139476252
2019-10-04 12:00:00,4,0.6775007579321296
2019-10-04 13:00:00,4,-0.5292999602443303
2019-10-04 14:00:00,4,0.9339713684026455
2019-10-04 15:00:00,4,0.9787755123996904
2019-10-04 16:00:00,4,0.5335225126536594
2019-10-04 17:00:00,4,0.9872828875506531
2019-10-04 18:00:00,4,0.9995152732606166
2019-10-05 08:00:00,4,0.9889469248928846
2019-10-05 09:00:00,4,0.9255857255910347
2019-10-05 10:00:00,4,0.887403251958198
2019-10-05 11:00:00,4,0.782279660175665
2019-10-05 12:00:00,4,0.9499469372594755
2019-10-05 13:00:00,4,0.21825192590447334
2019-10-05 14:00:00,4,0.526133297849397
2019-10-05 15:00:00,4,0.9971597891666799
2019-10-05 16:00:00,4,0.9235718342477585
2019-10-05 17:00:00,4,0.9890748798118739
2019-10-05 18:00:00,4,0.9964148528460012
2019-10-06 08:00:00,4,0.9996226285402436
2019-10-06 09:00:00,4,0.999793274713333
2019-10-06 10:00:00,4,0.9999155740611019
2019-10-06 11:00:00,4,0.9947568346520017
2019-10-06 12:00:00,4,0.9460729927737663
2019-10-06 13:00:00,4,-0.1934514953200787
2019-10-06 14:00:00,4,0.8806839733427588
2019-10-06 15:00:00,4,0.9949774580743173
2019-10-06 16:00:00,4,0.9942419952042287
2019-10-06 17:00:00,4,0.9990089783157214
2019-10-06 18:00:00,4,0.9998826697130972
2019-10-07 08:00:00,4,0.9995678198503928
2019-10-07 09:00:00,4,0.9997893458792705
2019-10-07 10:00:00,4,0.9989487669088246
2019-10-07 11:00:00,4,0.9941207388616893
2019-10-07 12:00:00,4,0.9928597880953327
2019-10-07 13:00:00,4,0.8752287989075038
2019-10-07 14:00:00,4,0.9916012373104143
2019-10-07 15:00:00,4,0.873975805136825
2019-10-07 16:00:00,4,0.9638947184437255
2019-10-07 17:00:00,4,0.9240306734141731
2019-10-07 18:00:00,4,0.999123656173912
2019-10-08 08:00:00,4,0.9999976666527728
2019-10-08 09:00:00,4,0.9607939107266013
2019-10-08 10:00:00,4,0.9841241993080448
2019-10-08 11:00:00,4,0.9483556385659235
2019-10-08 12:00:00,4,0.9312872229511581
2019-10-08 13:00:00,4,0.39633605986916887
2019-10-08 14:00:00,4,0.6083044488467869
2019-10-08 15:00:00,4,0.0345843672166609
2019-10-08 16:00:00,4,0.999203803807484
2019-10-08 17:00:00,4,0.9985877630062748
2019-10-08 18:00:00,4,0.9998110946714049
2019-10-09 08:00:00,4,0.9772919118392465
2019-10-09 09:00:00,4,0.9958824032731387
2019-10-09 10:00:00,4,0.9966389655562031
2019-10-09 11:00:00,4,0.9925013117350094
2019-10-09 12:00:00,4,0.4770453467360953
2019-10-09 13:00:00,4,-0.24577671698744616
2019-10-09 14:00:00,4,-0.6125746251888506
2019-10-09 15:00:00,4,-0.26919933219292375
2019-10-09 16:00:00,4,0.9844004212399804
2019-10-09 17:00:00,4,0.9997146442289203
2019-10-09 18:00:00,4,0.9999875793231121
2019-10-10 08:00:00,4,0.9987168213679007
2019-10-10 09:00:00,4,0.9999361374611828
2019-10-10 10:00:00,4,0.9996428170747401
2019-10-10 11:00:00,4,0.9979107247904144
2019-10-10 12:00:00,4,0.9936021840699433
2019-10-10 13:00:00,4,0.8597378031856375
2019-10-10 14:00:00,4,0.9775753199805377
2019-10-10 15:00:00,4,0.9969991158039347
2019-10-10 16:00:00,4,0.9958971857592939
2019-10-10 17:00:00,4,0.9943907610068403
2019-10-10 18:00:00,4,0.9641651298531165
2019-10-11 08:00:00,4,0.9485290803389467
2019-10-11 09:00:00,4,0.992640906728887
2019-10-11 10:00:00,4,0.9749394584703732
2019-10-11 11:00:00,4,0.40685347953179773
2019-10-11 12:00:00,4,0.10757664090101494
2019-10-11 13:00:00,4,-0.9054528032125696
2019-10-11 14:00:00,4,-0.9141711730254238
2019-10-11 15:00:00,4,0.9364202828052608
2019-10-11 16:00:00,4,0.9989691601249528
2019-10-11 17:00:00,4,0.9565207583091171
2019-10-11 18:00:00,4,0.9997892050747806
2019-10-12 08:00:00,4,0.9999256229485591
2019-10-12 09:00:00,4,0.9999152702982378
2019-10-12 10:00:00,4,0.9879558774877949
2019-10-12 11:00:00,4,0.9709398252359511
2019-10-12 12:00:00,4,0.6797317707012882
2019-10-12 13:00:00,4,-0.06935891220935295
2019-10-12 14:00:00,4,-0.47508986864305414
2019-10-12 15:00:00,4,-0.507692188712884
2019-10-12 16:00:00,4,-0.3586345724675487
2019-10-12 17:00:00,4,0.9916225523789121
2019-10-12 18:00:00,4,0.7663943486573733
2019-10-13 08:00:00,4,0.981823134464387
2019-10-13 09:00:00,4,0.9807518605900207
2019-10-13 10:00:00,4,0.7951647298260601
2019-10-13 11:00:00,4,0.8629488061818307
2019-10-13 12:00:00,4,0.4449978080300427
2019-10-13 13:00:00,4,-0.4411144047585846
2019-10-13 14:00:00,4,0.7974469010847842
2019-10-13 15:00:00,4,0.7926054956620951
2019-10-13 16:00:00,4,0.16487514069905845
2019-10-13 17:00:00,4,0.9334744682802878
2019-10-13 18:00:00,4,0.9999518417101746
2019-10-14 08:00:00,4,0.9984982833410972
2019-10-14 09:00:00,4,0.9999763394795776
2019-10-14 10:00:00,4,0.9999098794582756
2019-10-14 11:00:00,4,0.9993163840492706
2019-10-14 12:00:00,4,0.9881224219894701
2019-10-14 13:00:00,4,0.9153254699119289
2019-10-14 14:00:00,4,0.9857374906459921
2019-10-14 15:00:00,4,0.9996390211063638
2019-10-14 16:00:00,4,0.9972811966643309
2019-10-14 17:00:00,4,0.9999935018068625
2019-10-14 18:00:00,4,0.9993496388413017
2019-10-15 08:00:00,4,0.9970089751524982
2019-10-15 09:00:00,4,0.9999665150814444
2019-10-15 10:00:00,4,0.9997840643526845
2019-10-15 11:00:00,4,0.9997342604647573
2019-10-15 12:00:00,4,0.9975038236089775
2019-10-15 13:00:00,4,0.9731813989726349
2019-10-15 14:00:00,4,0.92228038649597
2019-10-15 15:00:00,4,0.995240483480001
2019-10-15 16:00:00,4,0.9964927039975218
2019-10-15 17:00:00,4,0.9999638730884304
2019-10-15 18:00:00,4,0.9999810096146514
2019-10-16 08:00:00,3,0.9729152364341228
2019-10-16 09:00:00,4,0.08110900302539668
2019-10-16 10:00:00,4,0.9817754296869793
2019-10-16 11:00:00,4,0.36353631367061817
2019-10-16 12:00:00,4,0.15406953149058428
2019-10-16 13:00:00,4,0.992788540427956
2019-10-16 14:00:00,4,0.9244560829197118
2019-10-16 15:00:00,4,0.9820121544730263
2019-10-16 16:00:00,4,0.26936451294884944
2019-10-16 17:00:00,4,0.9998538472966086
2019-10-16 18:00:00,4,0.9996053953090699
2019-10-17 08:00:00,4,0.9911651811167176
2019-10-17 09:00:00,4,0.9996210887344346
2019-10-17 10:00:00,4,0.9990424072021138
2019-10-17 11:00:00,4,0.9981345477478458
2019-10-17 12:00:00,4,0.9817211037792206
2019-10-17 13:00:00,4,0.05304074491880718
2019-10-17 14:00:00,4,0.9871510502841762
2019-10-17 15:00:00,4,0.9992209819313085
2019-10-17 16:00:00,4,0.9976215367873998
2019-10-17 17:00:00,4,0.9988015033701693
2019-10-17 18:00:00,4,0.997277380196397
2019-10-18 08:00:00,4,0.970331870942456
2019-10-18 09:00:00,4,0.8791778445359527
2019-10-18 10:00:00,4,0.9060159883531789
2019-10-18 11:00:00,4,0.10693026860454183
2019-10-18 12:00:00,4,-0.9207321120095102
2019-10-18 13:00:00,4,0.6998404981762079
2019-10-18 14:00:00,4,-0.6607302139628967
2019-10-18 15:00:00,4,0.9252319467015948
2019-10-18 16:00:00,4,0.9973637617225177
2019-10-18 17:00:00,4,0.8929354345331489
2019-10-18 18:00:00,4,0.9972528425804281
2019-10-19 08:00:00,4,0.9897787541576506
2019-10-19 09:00:00,4,0.9993803616825213
2019-10-19 10:00:00,4,0.9959052858694657
2019-10-19 11:00:00,4,0.9911538973457679
2019-10-19 12:00:00,4,0.996359134654906
2019-10-19 13:00:00,4,0.889829011093176
2019-10-19 14:00:00,4,0.9978845046067004
2019-10-19 15:00:00,4,0.9995042032584106
2019-10-19 16:00:00,4,0.9956967772113127
2019-10-19 17:00:00,4,0.999624479097796
2019-10-19 18:00:00,4,0.9953640307289087
2019-10-20 08:00:00,4,0.9875858815981986
2019-10-20 09:00:00,4,0.9996818224891226
2019-10-20 10:00:00,4,0.9977750028532342
2019-10-20 11:00:00,4,0.9998674415098169
2019-10-20 12:00:00,4,0.9958620470585319
2019-10-20 13:00:00,4,0.6043430812742888
2019-10-20 14:00:00,4,0.9934726442456872
2019-10-20 15:00:00,4,0.9996416884248571
2019-10-20 16:00:00,4,0.9982513749330866
2019-10-20 17:00:00,4,0.9991830537836994
2019-10-20 18:00:00,4,0.9956240414175787
2019-10-21 08:00:00,4,0.9789975398341887
2019-10-21 09:00:00,4,0.9996505086142468
2019-10-21 10:00:00,4,0.9958595815858327
2019-10-21 11:00:00,4,0.9989246389433133
2019-10-21 12:00:00,4,0.9834883335497964
2019-10-21 13:00:00,4,0.43806273094139747
2019-10-21 14:00:00,4,0.992312677057861
2019-10-21 15:00:00,4,0.99763611467915
2019-10-21 16:00:00,4,0.9995729062012833
2019-10-21 17:00:00,4,0.9990985617466851
2019-10-21 18:00:00,4,0.9752076226154387
2019-10-22 08:00:00,4,0.9277544440392022
2019-10-22 09:00:00,4,0.9842147411332377
2019-10-22 10:00:00,4,0.9884468973450782
2019-10-22 11:00:00,4,-0.779847910340965
2019-10-22 12:00:00,4,0.8179512729613825
2019-10-22 13:00:00,4,0.958412647176642
2019-10-22 14:00:00,4,0.905072117907602
2019-10-22 15:00:00,4,0.9895610638486227
2019-10-22 16:00:00,4,0.974571108115658
2019-10-22 17:00:00,4,0.9855813477785569
2019-10-22 18:00:00,3,0.9974889854090435
2019-10-23 08:00:00,4,
2019-10-23 09:00:00,4,
2019-10-23 10:00:00,4,
2019-10-23 11:00:00,4,
2019-10-23 12:00:00,4,
2019-10-23 13:00:00,4,
2019-10-23 14:00:00,4,
2019-10-23 15:00:00,4,
2019-10-23 16:00:00,4,
2019-10-23 17:00:00,4,
2019-10-23 18:00:00,3,
2019-10-24 08:00:00,4,
2019-10-24 09:00:00,4,
2019-10-24 10:00:00,4,
2019-10-24 11:00:00,4,
2019-10-24 12:00:00,4,
2019-10-24 13:00:00,4,
2019-10-24 14:00:00,4,
2019-10-24 15:00:00,4,
2019-10-24 16:00:00,4,
2019-10-24 17:00:00,4,
2019-10-24 18:00:00,3,
2019-10-25 08:00:00,4,0.9789610001579635
2019-10-25 09:00:00,4,0.999966068121758
2019-10-25 10:00:00,4,0.9992712012243941
2019-10-25 11:00:00,4,0.9990832166335667
2019-10-25 12:00:00,4,0.9983214102155187
2019-10-25 13:00:00,4,-0.3329867845685764
2019-10-25 14:00:00,4,0.9903115265666177
2019-10-25 15:00:00,4,0.998847684934609
2019-10-25 16:00:00,4,0.9939815207071426
2019-10-25 17:00:00,4,0.9996842546394162
2019-10-25 18:00:00,3,0.9938451690259136
2019-10-26 08:00:00,4,0.9923959571546115
2019-10-26 09:00:00,4,0.9997746762423996
2019-10-26 10:00:00,4,0.9999990478370105
2019-10-26 11:00:00,4,0.9997505871874054
2019-10-26 12:00:00,4,0.9981408248436872
2019-10-26 13:00:00,4,0.4681735214706792
2019-10-26 14:00:00,4,0.9804738122758466
2019-10-26 15:00:00,4,0.9979985226937371
2019-10-26 16:00:00,4,0.9989147582001164
2019-10-26 17:00:00,4,0.9995959594712254
2019-10-26 18:00:00,3,0.9997519829510045
2019-10-27 08:00:00,4,0.9991137461978318
2019-10-27 09:00:00,4,0.999953406017489
2019-10-27 10:00:00,4,0.9943722255381694
2019-10-27 11:00:00,4,0.9829750456761902
2019-10-27 12:00:00,4,0.6143363387594379
2019-10-27 13:00:00,4,0.6639965946785392
2019-10-27 14:00:00,4,0.3401805748244641
2019-10-27 15:00:00,4,0.8896130993217755
2019-10-27 16:00:00,4,0.998217735650406
2019-10-27 17:00:00,4,0.9994897016360969
2019-10-27 18:00:00,3,0.9998550588165968
2019-10-28 08:00:00,4,0.9888867441924583
2019-10-28 09:00:00,4,0.9998898988721567
2019-10-28 10:00:00,4,0.9994044829541474
2019-10-28 11:00:00,4,0.9998461864195255
2019-10-28 12:00:00,4,0.9972472203359912
2019-10-28 13:00:00,4,0.8998137912904542
2019-10-28 14:00:00,4,0.9965358455410491
2019-10-28 15:00:00,4,0.994054383301678
2019-10-28 16:00:00,4,0.9973011939245878
2019-10-28 17:00:00,4,0.9999311954196008
2019-10-28 18:00:00,3,0.9996014812311842
2019-10-29 08:00:00,4,0.7704347100241151
2019-10-29 09:00:00,4,0.9726837124723379
2019-10-29 10:00:00,4,0.9991237829009513
2019-10-29 11:00:00,4,0.9994026721728414
2019-10-29 12:00:00,4,0.9732640615078572
2019-10-29 13:00:00,4,0.8211793351801266
2019-10-29 14:00:00,4,0.8051990148442509
2019-10-29 15:00:00,4,-0.8819629505153092
2019-10-29 16:00:00,4,0.9981333846006791
2019-10-29 17:00:00,4,0.9997055913587392
2019-10-29 18:00:00,3,0.999300349624913
2019-10-30 08:00:00,4,0.9795488659742858
2019-10-30 09:00:00,4,0.9996152771996752
2019-10-30 10:00:00,4,0.9995392208049073
2019-10-30 11:00:00,4,0.9990248622805303
2019-10-30 12:00:00,4,0.9840252352960358
2019-10-30 13:00:00,4,0.1830580756234127
2019-10-30 14:00:00,4,0.9880266311082511
2019-10-30 15:00:00,4,0.9996862269973076
2019-10-30 16:00:00,4,0.9993843173779392
2019-10-30 17:00:00,4,0.9998789042656979
2019-10-30 18:00:00,3,0.9990837701284195
2019-10-31 08:00:00,4,0.972082061845055
2019-10-31 09:00:00,4,0.9993407810765664
2019-10-31 10:00:00,4,0.9996735478970002
2019-10-31 11:00:00,4,0.9997225011270585
2019-10-31 12:00:00,4,0.9987538766285545
2019-10-31 13:00:00,4,0.8998404991569361
2019-10-31 14:00:00,4,0.9911685763286632
2019-10-31 15:00:00,4,0.9999002522110082
2019-10-31 16:00:00,4,0.9959373882177361
2019-10-31 17:00:00,4,0.9977933123272542
2019-10-31 18:00:00,3,0.9979080042313386
2019-11-01 08:00:00,4,0.9793672660815184
2019-11-01 09:00:00,4,0.999482580127613
2019-11-01 10:00:00,4,0.9998536965798508
2019-11-01 11:00:00,4,0.9985987591094435
2019-11-01 12:00:00,4,0.9836519101454481
2019-11-01 13:00:00,4,-0.22717193293333937
2019-11-01 14:00:00,4,0.9921988585618756
2019-11-01 15:00:00,4,0.9920476277779805
2019-11-01 16:00:00,4,0.9393871271115182
2019-11-01 17:00:00,4,0.9836659857632359
2019-11-02 08:00:00,4,0.9886108268675956
2019-11-02 09:00:00,4,0.9826727962660027
2019-11-02 10:00:00,4,0.9999710025405543
2019-11-02 11:00:00,4,0.999608447458878
2019-11-02 12:00:00,4,0.9994106461319667
2019-11-02 13:00:00,4,0.7303828706615588
2019-11-02 14:00:00,4,0.9838717259162052
2019-11-02 15:00:00,4,0.9991956417668783
2019-11-02 16:00:00,4,0.9988120040354557
2019-11-02 17:00:00,4,0.9987685204716987
2019-11-03 08:00:00,4,0.986114188060828
2019-11-03 09:00:00,4,0.9871313724127438
2019-11-03 10:00:00,4,0.9845610307345626
2019-11-03 11:00:00,4,0.8694697669270356
2019-11-03 12:00:00,4,0.9815747369475071
2019-11-03 13:00:00,4,0.696123243894702
2019-11-03 14:00:00,4,0.9248479244488886
2019-11-03 15:00:00,4,-0.055183954109460386
2019-11-03 16:00:00,4,0.8513266082852466
2019-11-03 17:00:00,4,0.993013646745949
2019-11-04 08:00:00,3,0.9807816235762925
2019-11-04 09:00:00,4,0.9688467828215939
2019-11-04 10:00:00,4,0.5982941429837291
2019-11-04 11:00:00,4,0.9884505034619901
2019-11-04 12:00:00,4,0.5047955324411105
2019-11-04 13:00:00,4,0.9675575938808136
2019-11-04 14:00:00,4,0.6750321121688644
2019-11-04 15:00:00,4,0.9876084295121541
2019-11-04 16:00:00,4,0.9711716079572255
2019-11-04 17:00:00,4,0.9984001327295798
2019-11-05 08:00:00,3,0.9939840596895687
2019-11-05 09:00:00,4,0.9984358438425256
2019-11-05 10:00:00,4,0.98103524589001
2019-11-05 11:00:00,4,0.8967979379612636
2019-11-05 12:00:00,4,0.9589454583105789
2019-11-05 13:00:00,4,0.5766515879358436
2019-11-05 14:00:00,4,0.7833558446375712
2019-11-05 15:00:00,4,0.8243606639375801
2019-11-05 16:00:00,4,0.38486856526186325
2019-11-05 17:00:00,4,0.9748028418421142
2019-11-06 08:00:00,3,0.9999876787822507
2019-11-06 09:00:00,4,0.9885134215030924
2019-11-06 10:00:00,4,0.9142038362062193
2019-11-06 11:00:00,4,0.991929880230542
2019-11-06 12:00:00,4,0.8981543512593888
2019-11-06 13:00:00,4,-0.3471096566294104
2019-11-06 14:00:00,4,0.12704920275856788
2019-11-06 15:00:00,4,0.9648726545840073
2019-11-06 16:00:00,4,0.9601344989450799
2019-11-06 17:00:00,4,0.9957079312369824
2019-11-07 08:00:00,4,0.9977727685231493
2019-11-07 09:00:00,4,0.9765557751989833
2019-11-07 10:00:00,4,0.9959470659303219
2019-11-07 11:00:00,4,-0.7920328776737148
2019-11-07 12:00:00,4,0.9912726603984635
2019-11-07 13:00:00,4,0.5340976483025149
2019-11-07 14:00:00,4,0.9359577837590232
2019-11-07 15:00:00,4,0.8705374037175748
2019-11-07 16:00:00,4,0.5810401554454929
2019-11-07 17:00:00,4,0.9989163150683332
2019-11-08 08:00:00,3,0.9957517927658468
2019-11-08 09:00:00,4,0.9887049756100614
2019-11-08 10:00:00,4,0.9271519379556873
2019-11-08 11:00:00,4,0.9884520769365449
2019-11-08 12:00:00,4,0.9736229332338566
2019-11-08 13:00:00,4,-0.003862549077426635
2019-11-08 14:00:00,4,0.813047319589991
2019-11-08 15:00:00,4,-0.5297311627259641
2019-11-08 16:00:00,4,0.9985653134919903
2019-11-08 17:00:00,4,0.9997350794966933
2019-11-09 08:00:00,3,0.9599295017367152
2019-11-09 09:00:00,4,0.9989364993347496
2019-11-09 10:00:00,4,0.9995573916451788
2019-11-09 11:00:00,4,0.9982518508934882
2019-11-09 12:00:00,4,-0.8970686859999362
2019-11-09 13:00:00,4,0.3822887860657376
2019-11-09 14:00:00,4,0.9559512299287012
2019-11-09 15:00:00,4,-0.9640062175764744
2019-11-09 16:00:00,4,-0.5793562558243207
2019-11-09 17:00:00,4,0.9982607493592374
2019-11-10 08:00:00,3,0.9932466364682181
2019-11-10 09:00:00,4,0.9983438570909154
2019-11-10 10:00:00,4,0.9999704917379666
2019-11-10 11:00:00,4,0.9940700060647739
2019-11-10 12:00:00,4,0.993263689740351
2019-11-10 13:00:00,4,0.8177093100582374
2019-11-10 14:00:00,4,0.9885690214642775
2019-11-10 15:00:00,4,0.9827524246754269
2019-11-10 16:00:00,4,0.84745164415578
2019-11-10 17:00:00,4,0.9979674497585309
2019-11-11 08:00:00,3,0.9952630830586889
2019-11-11 09:00:00,4,0.9972009878883363
2019-11-11 10:00:00,4,0.5762774115332168
2019-11-11 11:00:00,4,0.9408937955418736
2019-11-11 12:00:00,4,0.8242319605293467
2019-11-11 13:00:00,4,0.9125050155263622
2019-11-11 14:00:00,4,0.9847169951227974
2019-11-11 15:00:00,4,0.9371517211306677
2019-11-11 16:00:00,4,0.8589425993330705
2019-11-11 17:00:00,4,0.6763964192315598
2019-11-12 09:00:00,4,0.9974663051083569
2019-11-12 10:00:00,4,0.9551110940311354
2019-11-12 11:00:00,4,0.3646935151594757
2019-11-12 12:00:00,4,0.9713641891732088
2019-11-12 13:00:00,4,0.1762691395287257
2019-11-12 14:00:00,4,0.7928384453178365
2019-11-12 15:00:00,4,-0.4415542351521504
2019-11-12 16:00:00,4,0.8088032704482242
2019-11-12 17:00:00,4,0.9961821961643544
2019-11-13 08:00:00,3,0.9869540213069639
2019-11-13 09:00:00,4,0.9932455309290115
2019-11-13 10:00:00,4,0.9999735143158938
2019-11-13 11:00:00,4,0.9993219966230873
2019-11-13 12:00:00,4,0.9992831555224482
2019-11-13 13:00:00,4,0.9618576000822397
2019-11-13 14:00:00,4,0.9705300238614043
2019-11-13 15:00:00,4,0.9811494234051169
2019-11-13 16:00:00,4,0.9973747291827908
2019-11-13 17:00:00,4,0.9920465812075738
2019-11-14 08:00:00,3,0.9912010708857826
2019-11-14 09:00:00,4,0.988316401106614
2019-11-14 10:00:00,4,0.9994911256796472
2019-11-14 11:00:00,4,0.9985244812811643
2019-11-14 12:00:00,4,0.9835542929626961
2019-11-14 13:00:00,4,0.516935661718789
2019-11-14 14:00:00,4,0.998450720350238
2019-11-14 15:00:00,4,0.9951145679808749
2019-11-14 16:00:00,4,0.9996618262878666
2019-11-14 17:00:00,4,0.9965087453037065
2019-11-15 08:00:00,3,0.9234254776515893
2019-11-15 09:00:00,4,0.9376689307438655
2019-11-15 10:00:00,4,0.5405606849359206
2019-11-15 11:00:00,4,0.4327314428451768
2019-11-15 12:00:00,4,0.7842840665653575
2019-11-15 13:00:00,4,-0.09573726171166465
2019-11-15 14:00:00,4,-0.23085771707622313
2019-11-15 15:00:00,4,0.8691504987636101
2019-11-15 16:00:00,4,0.9144488981565044
2019-11-15 17:00:00,4,0.9957815272404363
2019-11-16 09:00:00,4,0.924283768916521
2019-11-16 10:00:00,4,0.938150995895716
2019-11-16 11:00:00,4,0.5124012921365416
2019-11-16 12:00:00,4,0.24049955765209255
2019-11-16 13:00:00,4,0.5308396932703783
2019-11-16 14:00:00,4,0.8787937858443751
2019-11-16 15:00:00,4,0.9267950377799363
2019-11-16 16:00:00,4,0.30329339099494074
2019-11-16 17:00:00,4,0.9815080137795674
2019-11-17 09:00:00,4,0.8446966644259538
2019-11-17 10:00:00,4,0.9986042172494143
2019-11-17 11:00:00,4,0.9107637372850013
2019-11-17 12:00:00,4,0.9189791473755899
2019-11-17 13:00:00,4,-0.6965178471529824
2019-11-17 14:00:00,4,0.9936387878567037
2019-11-17 15:00:00,4,0.9975549324978938
2019-11-17 16:00:00,4,0.9995055165736123
2019-11-17 17:00:00,4,0.9917665519882024
2019-11-18 08:00:00,3,0.9928281961176509
2019-11-18 09:00:00,4,0.7969134606057227
2019-11-18 10:00:00,4,0.9999329364757954
2019-11-18 11:00:00,4,0.9998349303695109
2019-11-18 12:00:00,4,0.998157494319605
2019-11-18 13:00:00,4,0.9721300918624572
2019-11-18 14:00:00,4,0.9982049571464615
2019-11-18 15:00:00,4,0.997281303469086
2019-11-18 16:00:00,4,0.9992129998002484
2019-11-18 17:00:00,4,0.9884071674158579
2019-11-19 09:00:00,4,0.9618524027543607
2019-11-19 10:00:00,4,0.9919342546267073
2019-11-19 11:00:00,4,0.9998164524681445
2019-11-19 12:00:00,4,0.9986414915838445
2019-11-19 13:00:00,4,0.9002735997518106
2019-11-19 14:00:00,4,0.9997911145024418
2019-11-19 15:00:00,4,0.9974003077797684
2019-11-19 16:00:00,4,0.9991436577555873
2019-11-19 17:00:00,4,0.9952629828796954
2019-11-20 09:00:00,4,0.8201754780362728
2019-11-20 10:00:00,4,0.999589184925516
2019-11-20 11:00:00,4,0.9996203417271318
2019-11-20 12:00:00,4,0.9963664739107958
2019-11-20 13:00:00,4,0.9589253603643201
2019-11-20 14:00:00,4,0.9999468425104867
2019-11-20 15:00:00,4,0.997123732420322
2019-11-20 16:00:00,4,0.9994602172412976
2019-11-20 17:00:00,4,0.9823438071918377
2019-11-21 09:00:00,4,0.8922394809196444
2019-11-21 10:00:00,4,0.9996311802333568
2019-11-21 11:00:00,4,0.9970399080976793
2019-11-21 12:00:00,4,0.9998429443375502
2019-11-21 13:00:00,4,-0.21660327388688902
2019-11-21 14:00:00,4,0.8688465675817023
2019-11-21 15:00:00,4,0.7069490285421646
2019-11-21 16:00:00,4,0.9727164953741759
2019-11-21 17:00:00,4,0.9992195802402223
2019-11-22 09:00:00,4,0.9993529125569511
2019-11-22 10:00:00,4,0.9191131888058873
2019-11-22 11:00:00,4,0.8297072905084777
2019-11-22 12:00:00,4,0.6797829929410113
2019-11-22 13:00:00,4,-0.7844705396045294
2019-11-22 14:00:00,4,0.9278718548871604
2019-11-22 15:00:00,4,-0.7617811048962362
2019-11-22 16:00:00,4,-0.0686939062881785
2019-11-22 17:00:00,4,0.981455739643344
2019-11-23 09:00:00,4,0.9829515744808456
2019-11-23 10:00:00,4,0.9998465393871346
2019-11-23 11:00:00,4,-0.9553292180272346
2019-11-23 12:00:00,4,-0.9787953586442867
2019-11-23 13:00:00,4,-0.3660608809506841
2019-11-23 14:00:00,4,-0.651298520014264
2019-11-23 15:00:00,4,0.18026630027844937
2019-11-23 16:00:00,4,0.9950054805450067
2019-11-23 17:00:00,4,0.962294450763032
2019-11-24 09:00:00,4,0.9730991149379832
2019-11-24 10:00:00,4,0.9999997545779129
2019-11-24 11:00:00,4,0.9949639085684013
2019-11-24 12:00:00,4,-0.43771306306252095
2019-11-24 13:00:00,4,0.7205411821496036
2019-11-24 14:00:00,4,0.604002715123643
2019-11-24 15:00:00,4,-0.9334481751332449
2019-11-24 16:00:00,4,0.9918360554644094
2019-11-24 17:00:00,4,0.9785321917641107
2019-11-25 09:00:00,4,0.9994172412718084
2019-11-25 10:00:00,4,0.6933128395707454
2019-11-25 11:00:00,4,0.941837760933047
2019-11-25 12:00:00,4,0.00524729706723904
2019-11-25 13:00:00,4,-0.20682053720010732
2019-11-25 14:00:00,4,0.75029456989992
2019-11-25 15:00:00,4,0.9976893593108022
2019-11-25 16:00:00,4,0.7420066184324893
2019-11-25 17:00:00,4,0.9607695490861365
2019-11-26 09:00:00,4,0.9303461021873458
2019-11-26 10:00:00,4,0.8430614000115635
2019-11-26 11:00:00,4,0.8763462335561041
2019-11-26 12:00:00,4,-0.07406535843130274
2019-11-26 13:00:00,4,0.7113661701475366
2019-11-26 14:00:00,4,0.9476686448884191
2019-11-26 15:00:00,4,0.8947956995959698
2019-11-26 16:00:00,4,0.9060455508737311
2019-11-26 17:00:00,4,0.98563526383035
2019-11-27 09:00:00,4,0.9957260496372867
2019-11-27 10:00:00,4,0.9998643546081837
2019-11-27 11:00:00,4,0.9992568506541397
2019-11-27 12:00:00,4,0.38254896699936874
2019-11-27 13:00:00,4,0.9304014086370913
2019-11-27 14:00:00,4,0.8250211687904406
2019-11-27 15:00:00,4,0.9240800536371567
2019-11-27 16:00:00,4,0.9575656638283871
2019-11-27 17:00:00,4,0.9879411443184513
2019-11-28 09:00:00,4,0.9719971978060289
2019-11-28 10:00:00,4,0.9535582863700554
2019-11-28 11:00:00,4,-0.3205010947940505
2019-11-28 12:00:00,4,0.9610574853779132
2019-11-28 13:00:00,4,0.9531005008932542
2019-11-28 14:00:00,4,0.9086044896913822
2019-11-28 15:00:00,4,0.9189664263827685
2019-11-28 16:00:00,4,0.8690896977565101
2019-11-28 17:00:00,4,0.7143615150817547
2019-11-29 09:00:00,4,0.997635219904249
2019-11-29 10:00:00,4,0.8381355304139981
2019-11-29 11:00:00,4,0.9529859012220778
2019-11-29 12:00:00,4,0.7828342283463375
2019-11-29 13:00:00,4,0.9467185919204277
2019-11-29 14:00:00,4,0.9530564387164743
2019-11-29 15:00:00,4,0.8271744065430814
2019-11-29 16:00:00,4,0.9886067983874399
2019-11-29 17:00:00,4,0.9931957106866637
2019-11-30 09:00:00,4,0.9923191094798489
2019-11-30 10:00:00,4,0.99715715894059
2019-11-30 11:00:00,4,0.9975026946322901
2019-11-30 12:00:00,4,0.9991737519196728
2019-11-30 13:00:00,4,0.9574959917883441
2019-11-30 14:00:00,4,0.9926604876817067
2019-11-30 15:00:00,4,0.9991844493948252
2019-11-30 16:00:00,4,0.9993635906277979
2019-11-30 17:00:00,4,0.9761776322154054
2019-12-01 09:00:00,4,0.9927315352349294
2019-12-01 10:00:00,4,0.9970747820838037
2019-12-01 11:00:00,4,0.9993510647000368
2019-12-01 12:00:00,4,0.995517702874528
2019-12-01 13:00:00,4,0.8326388405145367
2019-12-01 14:00:00,4,0.9984571084435863
2019-12-01 15:00:00,4,0.999067793262285
2019-12-01 16:00:00,4,0.9989347375521006
2019-12-01 17:00:00,4,0.9812941555780099
2019-12-02 09:00:00,4,0.9918265954672338
2019-12-02 10:00:00,4,0.9943137421249932
2019-12-02 11:00:00,4,0.998316903541689
2019-12-02 12:00:00,4,0.9945136399273004
2019-12-02 13:00:00,4,0.21932000780317515
2019-12-02 14:00:00,4,0.9995394522007521
2019-12-02 15:00:00,4,0.9954744304977073
2019-12-02 16:00:00,4,0.9993641822488989
2019-12-02 17:00:00,4,0.9821844780554592
2019-12-03 09:00:00,4,0.9963915162357648
2019-12-03 10:00:00,4,0.9748145260359641
2019-12-03 11:00:00,4,0.9920123623468514
2019-12-03 12:00:00,4,0.9961604864186896
2019-12-03 13:00:00,4,0.6881623609936238
2019-12-03 14:00:00,4,0.9889966819250917
2019-12-03 15:00:00,4,0.930667915726723
2019-12-03 16:00:00,4,0.9997855555316716
2019-12-03 17:00:00,4,0.9912187084874073
2019-12-04 09:00:00,4,0.9958736367158609
2019-12-04 10:00:00,4,0.9941836862616072
2019-12-04 11:00:00,4,0.999589110390073
2019-12-04 12:00:00,4,0.9600089367090175
2019-12-04 13:00:00,4,-0.4315734751663827
2019-12-04 14:00:00,4,-0.9892333892755864
2019-12-04 15:00:00,4,0.7039803353132378
2019-12-04 16:00:00,4,0.9994245512621912
2019-12-04 17:00:00,4,0.9847298813135525
2019-12-05 09:00:00,4,0.9924565976361642
2019-12-05 10:00:00,4,0.995343773644105
2019-12-05 11:00:00,4,0.9990172344317337
2019-12-05 12:00:00,4,0.9966990653968113
2019-12-05 13:00:00,4,0.4510217221029313
2019-12-05 14:00:00,4,0.991281956854583
2019-12-05 15:00:00,4,0.2792037729622601
2019-12-05 16:00:00,4,0.9986014330480234
2019-12-05 17:00:00,4,0.9879396930084063
2019-12-06 09:00:00,4,0.9978687563143905
2019-12-06 10:00:00,4,0.6986985176018539
2019-12-06 11:00:00,4,0.5778486376422726
2019-12-06 12:00:00,4,0.7694381539660784
2019-12-06 13:00:00,4,0.744770681389557
2019-12-06 14:00:00,4,-0.9769545849689228
2019-12-06 15:00:00,4,0.8525097040867701
2019-12-06 16:00:00,4,0.7881316853594895
2019-12-06 17:00:00,4,0.9929620122577592
2019-12-07 09:00:00,4,0.9986970972646322
2019-12-07 10:00:00,4,0.9979507804233448
2019-12-07 11:00:00,4,0.2349756301510231
2019-12-07 12:00:00,4,0.3417301916766694
2019-12-07 13:00:00,4,0.5671876978444477
2019-12-07 14:00:00,4,0.8381911223084882
2019-12-07 15:00:00,4,0.1567358851210849
2019-12-07 16:00:00,4,0.8387921402983004
2019-12-07 17:00:00,4,0.991508756803862
2019-12-08 09:00:00,4,0.9997821764936042
2019-12-08 10:00:00,4,0.82116941230581
2019-12-08 11:00:00,4,0.9960400298811762
2019-12-08 12:00:00,4,0.9821927223224765
2019-12-08 13:00:00,4,0.7025916863965048
2019-12-08 14:00:00,4,0.9992317884836651
2019-12-08 15:00:00,4,0.9996556033900365
2019-12-08 16:00:00,4,0.9977258772237692
2019-12-08 17:00:00,4,0.9877261360840108
2019-12-09 09:00:00,4,0.9906049608685253
2019-12-09 10:00:00,4,0.9983666719430947
2019-12-09 11:00:00,4,0.9980397964800958
2019-12-09 12:00:00,4,0.9967046621197775
2019-12-09 13:00:00,4,-0.15368953486526216
2019-12-09 14:00:00,4,0.9934022123203732
2019-12-09 15:00:00,4,0.9971250511243432
2019-12-09 16:00:00,4,0.9977173608897894
2019-12-09 17:00:00,4,0.9907076441378954
2019-12-10 09:00:00,4,0.9172789344214937
2019-12-10 10:00:00,4,0.7590755707847348
2019-12-10 11:00:00,4,0.9998406980452361
2019-12-10 12:00:00,4,0.9977261083026314
2019-12-10 13:00:00,4,0.6990344115697096
2019-12-10 14:00:00,4,0.9958828205494913
2019-12-10 15:00:00,4,0.9953895571982847
2019-12-10 16:00:00,4,0.9985359058899709
2019-12-10 17:00:00,4,0.988777302743358
2019-12-11 09:00:00,4,0.984389862708002
2019-12-11 10:00:00,4,0.9973767462716198
2019-12-11 11:00:00,4,0.9985690827881056
2019-12-11 12:00:00,4,0.9985776842923616
2019-12-11 13:00:00,4,0.9983603858458183
2019-12-11 14:00:00,4,0.9938722297764909
2019-12-11 15:00:00,4,0.9992989456412575
2019-12-11 16:00:00,4,0.9962045800013152
2019-12-11 17:00:00,4,0.9659947635799829
2019-12-12 09:00:00,4,0.9780343412786064
2019-12-12 10:00:00,4,0.986895134821141
2019-12-12 11:00:00,4,0.9797388947047221
2019-12-12 12:00:00,4,0.9386613579822723
2019-12-12 13:00:00,4,0.5976138639789338
2019-12-12 14:00:00,4,0.9988541050610786
2019-12-12 15:00:00,4,0.9968512260974455
2019-12-12 16:00:00,4,0.9968005589371846
2019-12-12 17:00:00,4,0.9896484303920617
2019-12-13 09:00:00,4,0.965950319956828
2019-12-13 10:00:00,4,0.9958328910809686
2019-12-13 11:00:00,4,0.9928244503302581
2019-12-13 12:00:00,4,0.9990969481734879
2019-12-13 13:00:00,4,0.9866109069251585
2019-12-13 14:00:00,4,0.9841737244716442
2019-12-13 15:00:00,4,0.995669473613565
2019-12-13 16:00:00,4,0.999493784476164
2019-12-13 17:00:00,4,0.9686249522175531
2019-12-14 09:00:00,4,0.9962762744297019
2019-12-14 10:00:00,4,0.8407618987673371
2019-12-14 11:00:00,4,0.6518931956942848
2019-12-14 12:00:00,4,0.8507004357052393
2019-12-14 13:00:00,4,0.7663741799304853
2019-12-14 14:00:00,4,0.9939319234243134
2019-12-14 15:00:00,4,0.9773301981666623
2019-12-14 16:00:00,4,0.9962501280568169
2019-12-14 17:00:00,4,0.9977158472447198
2019-12-15 09:00:00,4,0.9896531441691382
2019-12-15 10:00:00,4,0.9871327676046148
2019-12-15 11:00:00,4,0.9996520882991647
2019-12-15 12:00:00,4,0.9996327878475595
2019-12-15 13:00:00,4,0.842523064515624
2019-12-15 14:00:00,4,0.9983817907359245
2019-12-15 15:00:00,4,0.9941627290431505
2019-12-15 16:00:00,4,0.9991860081439635
2019-12-15 17:00:00,4,0.9893414742958225
2019-12-16 09:00:00,4,0.9712592815790803
2019-12-16 10:00:00,4,0.9927880108230822
2019-12-16 11:00:00,4,0.9946477583614333
2019-12-16 12:00:00,4,0.9738370185575451
2019-12-16 13:00:00,4,0.9793012365033895
2019-12-16 14:00:00,4,0.709981034193344
2019-12-16 15:00:00,4,0.9845460889699567
2019-12-16 16:00:00,4,0.990780150600973
2019-12-16 17:00:00,4,0.9993628543475495
2019-12-17 09:00:00,4,0.8977584024968696
2019-12-17 10:00:00,4,0.9345644630898909
2019-12-17 11:00:00,4,0.8724123599134842
2019-12-17 12:00:00,4,0.9025425799474902
2019-12-17 13:00:00,4,0.8249260047830674
2019-12-17 14:00:00,4,0.4907334803666584
2019-12-17 15:00:00,4,0.9126889037871829
2019-12-17 16:00:00,4,0.8271417380860425
2019-12-17 17:00:00,4,0.9972862283908581
2019-12-18 09:00:00,4,0.9390614076541051
2019-12-18 10:00:00,4,0.9513181331288136
2019-12-18 11:00:00,4,0.10321205575079408
2019-12-18 12:00:00,4,0.884870356904352
2019-12-18 13:00:00,4,0.3572915009270996
2019-12-18 14:00:00,4,0.7874837566862575
2019-12-18 15:00:00,4,-0.8959855371765552
2019-12-18 16:00:00,4,0.02499198151330106
2019-12-18 17:00:00,4,0.9987692319724923
2019-12-19 09:00:00,4,0.9070294566190205
2019-12-19 10:00:00,4,0.9954953492511778
2019-12-19 11:00:00,4,0.9654373253404649
2019-12-19 12:00:00,4,0.8746183467796115
2019-12-19 13:00:00,4,-0.5519715408661162
2019-12-19 14:00:00,4,-0.8089568597640199
2019-12-19 15:00:00,4,0.8844125195775309
2019-12-19 16:00:00,4,0.5663256005015113
2019-12-19 17:00:00,4,0.9631837162153316
2019-12-20 09:00:00,4,0.9790220629479514
2019-12-20 10:00:00,4,0.8568263613488075
2019-12-20 11:00:00,4,0.7675948769006031
2019-12-20 12:00:00,4,0.9262486158125662
2019-12-20 13:00:00,4,0.9413397663143999
2019-12-20 14:00:00,4,0.962864253264826
2019-12-20 15:00:00,4,0.7524789225112501
2019-12-20 16:00:00,4,0.9680145062659755
2019-12-20 17:00:00,4,0.9391989927921035
2019-12-21 09:00:00,4,0.9941916295199217
2019-12-21 10:00:00,4,-0.750854429492203
2019-12-21 11:00:00,4,0.992897772412133
2019-12-21 12:00:00,4,0.8971252457137882
2019-12-21 13:00:00,4,0.9702124500958302
2019-12-21 14:00:00,4,0.4754980236151063
2019-12-21 15:00:00,4,0.8685822093332491
2019-12-21 16:00:00,4,0.9887089425511614
2019-12-21 17:00:00,4,0.992591828451628
2019-12-22 09:00:00,4,0.9964825726916878
2019-12-22 10:00:00,4,0.9352634227337351
2019-12-22 11:00:00,4,0.9438445056745582
2019-12-22 12:00:00,4,0.9926805621685703
2019-12-22 13:00:00,4,-0.7760547725868367
2019-12-22 14:00:00,4,0.9921662803498752
2019-12-22 15:00:00,4,0.9527564057294463
2019-12-22 16:00:00,4,0.994733792773892
2019-12-22 17:00:00,4,0.9848426568390076
2019-12-23 09:00:00,4,0.9871353463837943
2019-12-23 10:00:00,4,0.9754036174865691
2019-12-23 11:00:00,4,0.9984331466391484
2019-12-23 12:00:00,4,0.9959731371959455
2019-12-23 13:00:00,4,0.9786092084615384
2019-12-23 14:00:00,4,0.997391800328933
2019-12-23 15:00:00,4,0.2151400733007829
2019-12-23 16:00:00,4,0.46614023711125396
2019-12-23 17:00:00,4,0.9920635867235625
2019-12-24 09:00:00,4,0.9004503377814964
2019-12-24 10:00:00,4,0.9967895898060574
2019-12-24 11:00:00,4,0.9401269867140262
2019-12-24 12:00:00,4,0.9566344566051026
2019-12-24 13:00:00,4,0.48423933595664914
2019-12-24 14:00:00,4,0.9709723382442295
2019-12-24 15:00:00,4,0.977734070341445
2019-12-24 16:00:00,4,0.9853458500071838
2019-12-24 17:00:00,4,0.9572016718087328
2019-12-25 09:00:00,4,0.9016726721091417
2019-12-25 10:00:00,4,0.9575661061573412
2019-12-25 11:00:00,4,0.2557931495768709
2019-12-25 12:00:00,4,0.7187675600967122
2019-12-25 13:00:00,4,0.9499865945712276
2019-12-25 14:00:00,4,0.5788919318056893
2019-12-25 15:00:00,4,0.7982563963978764
2019-12-25 16:00:00,4,0.9824423556685099
2019-12-25 17:00:00,4,0.9843366606146756
2019-12-26 09:00:00,4,0.9711849064295911
2019-12-26 10:00:00,4,0.9859017684172713
2019-12-26 11:00:00,4,0.999936780785544
2019-12-26 12:00:00,4,-0.4068678058353896
2019-12-26 13:00:00,4,-0.9333462149553762
2019-12-26 14:00:00,4,-0.9520754982295543
2019-12-26 15:00:00,4,0.815252944244478
2019-12-26 16:00:00,4,0.8980673770082914
2019-12-26 17:00:00,4,0.9990034170727365
2019-12-27 09:00:00,4,0.9671904601737137
2019-12-27 10:00:00,4,0.9875781556402595
2019-12-27 11:00:00,4,0.9874087844956925
2019-12-27 12:00:00,4,0.4413443212519956
2019-12-27 13:00:00,4,-0.5596893034409854
2019-12-27 14:00:00,4,0.9989102790114052
2019-12-27 15:00:00,4,0.9906765165397515
2019-12-27 16:00:00,4,0.9439833933925725
2019-12-27 17:00:00,4,0.9737397968342221
2019-12-28 09:00:00,4,0.9936065137785385
2019-12-28 10:00:00,4,0.9847111413511961
2019-12-28 11:00:00,4,0.9971842661381713
2019-12-28 12:00:00,4,0.6822801914061543
2019-12-28 13:00:00,4,0.99228775381073
2019-12-28 14:00:00,4,0.5186414317898261
2019-12-28 15:00:00,4,0.6712914269010238
2019-12-28 16:00:00,4,0.9269646628699844
2019-12-28 17:00:00,4,0.9826110591031721
2019-12-29 09:00:00,4,0.9309910041826714
2019-12-29 10:00:00,4,0.9814038718718301
2019-12-29 11:00:00,4,0.7623201741921866
2019-12-29 12:00:00,4,-0.004967584939963869
2019-12-29 13:00:00,4,0.9398868908934446
2019-12-29 14:00:00,4,0.8488961406101451
2019-12-29 15:00:00,4,0.869775307387895
2019-12-29 16:00:00,4,0.12160521547573931
2019-12-29 17:00:00,4,0.9799811383286394
2019-12-30 09:00:00,4,0.9734487610747998
2019-12-30 10:00:00,4,0.9864459089110367
2019-12-30 11:00:00,4,0.998178932620069
2019-12-30 12:00:00,4,-0.9389688762370119
2019-12-30 13:00:00,4,0.49842199377901747
2019-12-30 14:00:00,4,-0.2511988023351965
2019-12-30 15:00:00,4,-0.8095213906215419
2019-12-30 16:00:00,4,-0.8975178549042513
2019-12-30 17:00:00,4,0.9776656950317287
2019-12-31 09:00:00,4,0.9597959338076384
2019-12-31 10:00:00,4,0.9813422468570246
2019-12-31 11:00:00,4,-0.253190973143827
2019-12-31 12:00:00,4,0.7240748660437898
2019-12-31 13:00:00,4,0.9196565952372726
2019-12-31 14:00:00,4,0.909107204207666
2019-12-31 15:00:00,4,0.45121608300206717
2019-12-31 16:00:00,4,0.9694490446110299
2019-12-31 17:00:00,4,0.9619245847315467
2020-01-01 09:00:00,4,0.3105813516062905
2020-01-01 10:00:00,4,0.9491434508875499
2020-01-01 11:00:00,4,0.9834061798212297
2020-01-01 12:00:00,4,0.11381147964992908
2020-01-01 13:00:00,4,0.9595653040201316
2020-01-01 14:00:00,4,0.8336799955136439
2020-01-01 15:00:00,4,0.7127930826475769
2020-01-01 16:00:00,4,0.966649691480315
2020-01-01 17:00:00,4,0.9864976858824074
2020-01-02 09:00:00,4,0.9902942081043029
2020-01-02 10:00:00,4,0.9833981823890601
2020-01-02 11:00:00,4,0.9999120517304984
2020-01-02 12:00:00,4,0.9998940932629348
2020-01-02 13:00:00,4,0.994465543725061
2020-01-02 14:00:00,4,-0.18681356834173887
2020-01-02 15:00:00,4,0.5451916636849509
2020-01-02 16:00:00,4,0.9991246700519478
2020-01-02 17:00:00,4,0.9687521239952838
2020-01-03 09:00:00,4,0.7203659970048444
2020-01-03 10:00:00,4,0.9296480911417775
2020-01-03 11:00:00,4,0.531346448095989
2020-01-03 12:00:00,4,0.6067063623586785
2020-01-03 13:00:00,4,0.5201697802979389
2020-01-03 14:00:00,4,-0.8152340459276628
2020-01-03 15:00:00,4,-0.03517304263300066
2020-01-03 16:00:00,4,0.979535800249443
2020-01-03 17:00:00,4,0.9668398837834622
2020-01-04 09:00:00,4,0.9780499829095847
2020-01-04 10:00:00,4,0.9852707962930131
2020-01-04 11:00:00,4,0.9992868494471473
2020-01-04 12:00:00,4,0.9999126430767131
2020-01-04 13:00:00,4,0.9864351856015471
2020-01-04 14:00:00,4,0.9974160608288933
2020-01-04 15:00:00,4,0.4284247964810101
2020-01-04 16:00:00,4,0.9990775752812268
2020-01-04 17:00:00,4,0.9643687542263542
2020-01-05 09:00:00,4,0.9900700692721044
2020-01-05 10:00:00,4,0.9929201955850754
2020-01-05 11:00:00,4,0.9984955814427466
2020-01-05 12:00:00,4,0.9996418515393922
2020-01-05 13:00:00,4,0.8503468508990422
2020-01-05 14:00:00,4,0.9956152776499292
2020-01-05 15:00:00,4,0.3962053954708647
2020-01-05 16:00:00,4,0.9949595172203192
2020-01-05 17:00:00,4,0.9338858478815583
2020-01-06 09:00:00,4,0.9376514009984477
2020-01-06 10:00:00,4,0.997696896085043
2020-01-06 11:00:00,4,0.9356854620896458
2020-01-06 12:00:00,4,0.04778577985096659
2020-01-06 13:00:00,4,0.4761206103365971
2020-01-06 14:00:00,4,0.6648039006474392
2020-01-06 15:00:00,4,0.8752072676751569
2020-01-06 16:00:00,4,0.9991259619578958
2020-01-06 17:00:00,4,0.4391197252257675
2020-01-07 09:00:00,4,0.9700650784152323
2020-01-07 10:00:00,4,0.5700358514907055
2020-01-07 11:00:00,4,0.7361153714760654
2020-01-07 12:00:00,4,0.7041810092684068
2020-01-07 13:00:00,4,0.5885063365369607
2020-01-07 14:00:00,4,0.9998980932514637
2020-01-07 15:00:00,4,0.6608641602391507
2020-01-07 16:00:00,4,0.833453218097518
2020-01-07 17:00:00,4,0.9273550758854147
2020-01-08 09:00:00,4,0.9642091829616828
2020-01-08 10:00:00,4,0.9952408267171792
2020-01-08 11:00:00,4,0.9984857027730087
2020-01-08 12:00:00,4,0.9913269881979657
2020-01-08 13:00:00,4,0.9745376624242615
2020-01-08 14:00:00,4,0.9862900948656351
2020-01-08 15:00:00,4,0.7243414311028734
2020-01-08 16:00:00,4,0.9815746159131363
2020-01-08 17:00:00,4,0.9822204318346719
2020-01-09 09:00:00,4,0.9834707756211007
2020-01-09 10:00:00,4,0.9981868555843668
2020-01-09 11:00:00,4,0.7028022445713283
2020-01-09 12:00:00,4,0.49604641013686457
2020-01-09 13:00:00,4,0.27240951056873636
2020-01-09 14:00:00,4,-0.8793992416592361
2020-01-09 15:00:00,4,0.3190939186622213
2020-01-09 16:00:00,4,0.8264214045439591
2020-01-09 17:00:00,4,0.9958631852086686
2020-01-10 09:00:00,4,0.9915516717773095
2020-01-10 10:00:00,4,0.991545037276265
2020-01-10 11:00:00,4,0.9988282903797117
2020-01-10 12:00:00,4,0.5477920492331542
2020-01-10 13:00:00,4,0.9913208181101832
2020-01-10 14:00:00,4,0.9421640460624146
2020-01-10 15:00:00,4,0.9966512678313821
2020-01-10 16:00:00,4,0.9757014487945217
2020-01-10 17:00:00,4,0.6247068953345609
2020-01-11 09:00:00,4,0.9790828360089332
2020-01-11 10:00:00,4,0.9809300261712427
2020-01-11 11:00:00,4,0.912095248496313
2020-01-11 12:00:00,4,0.6146700969258815
2020-01-11 13:00:00,4,0.8983783115899948
2020-01-11 14:00:00,4,0.039449212400427515
2020-01-11 15:00:00,4,0.6256164220178871
2020-01-11 16:00:00,4,0.8983711095964934
2020-01-11 17:00:00,4,0.9849435591196024
2020-01-12 09:00:00,4,0.9272910612846863
2020-01-12 10:00:00,4,0.9952799270250962
2020-01-12 11:00:00,4,0.9704500599724221
2020-01-12 12:00:00,4,0.9104477463980059
2020-01-12 13:00:00,4,0.9567412285748844
2020-01-12 14:00:00,4,0.9784128027340379
2020-01-12 15:00:00,4,0.9917762204982224
2020-01-12 16:00:00,4,0.9889501542564837
2020-01-12 17:00:00,4,0.9693123874107672
2020-01-13 09:00:00,4,0.3865062312492256
2020-01-13 10:00:00,4,0.9979763855136493
2020-01-13 11:00:00,4,0.9972794428001853
2020-01-13 12:00:00,4,0.9822020727136639
2020-01-13 13:00:00,4,0.896154204877202
2020-01-13 14:00:00,4,0.9945980495685797
2020-01-13 15:00:00,4,0.9849587514544464
2020-01-13 16:00:00,4,0.9990584100509929
2020-01-13 17:00:00,4,0.9165642354835689
2020-01-14 09:00:00,4,0.9835028903238932
2020-01-14 10:00:00,4,0.9523358385347751
2020-01-14 11:00:00,4,0.7048415494884684
2020-01-14 12:00:00,4,0.7345483662776868
2020-01-14 13:00:00,4,0.8191656882602939
2020-01-14 14:00:00,4,0.983800305413007
2020-01-14 15:00:00,4,0.9883610283820686
2020-01-14 16:00:00,4,0.9699610146128036
2020-01-14 17:00:00,4,0.9951179117582329
2020-01-15 09:00:00,4,0.8715381851032457
2020-01-15 10:00:00,4,0.9975148149062167
2020-01-15 11:00:00,4,0.5396552007058408
2020-01-15 12:00:00,4,0.9856405375322528
2020-01-15 13:00:00,4,-0.6701241169282304
2020-01-15 14:00:00,4,0.5819828337873535
2020-01-15 15:00:00,4,0.8944741349509917
2020-01-15 16:00:00,4,0.9890181818096261
2020-01-15 17:00:00,4,0.9866609291153504
2020-01-16 09:00:00,4,0.9794723681678921
2020-01-16 10:00:00,4,0.980658715345551
2020-01-16 11:00:00,4,0.740204705488213
2020-01-16 12:00:00,4,0.7552998623409753
2020-01-16 13:00:00,4,0.10927374544196428
2020-01-16 14:00:00,4,-0.03134119178698465
2020-01-16 15:00:00,4,0.30092751893080216
2020-01-16 16:00:00,4,0.5810460670060361
2020-01-16 17:00:00,4,0.8980832017561927
2020-01-16 18:00:00,3,0.9943749387642383
2020-01-17 09:00:00,4,0.9720621359923826
2020-01-17 10:00:00,4,0.990040275699352
2020-01-17 11:00:00,4,0.9167664896039857
2020-01-17 12:00:00,4,0.7060391485268789
2020-01-17 13:00:00,4,0.48842186768539453
2020-01-17 14:00:00,4,0.2992681452347516
2020-01-17 15:00:00,4,0.502052360616018
2020-01-17 16:00:00,4,-0.678803170098562
2020-01-17 17:00:00,4,0.9919616916072402
2020-01-17 18:00:00,3,0.9637376066118767
2020-01-18 09:00:00,4,0.8994004726621946
2020-01-18 10:00:00,4,0.16039667752329648
2020-01-18 11:00:00,4,-0.6607559148403965
2020-01-18 12:00:00,4,0.7839821691407503
2020-01-18 13:00:00,4,0.9406735185224837
2020-01-18 14:00:00,4,-0.6284620640877904
2020-01-18 15:00:00,4,0.49567742524215225
2020-01-18 16:00:00,4,0.9989093251455842
2020-01-18 17:00:00,4,0.9980212212948298
2020-01-18 18:00:00,3,0.9992419832024824
2020-01-19 09:00:00,4,0.9931426730856638
2020-01-19 10:00:00,4,0.9996597954490362
2020-01-19 11:00:00,4,-0.12693233710775353
2020-01-19 12:00:00,4,0.7224213132660435
2020-01-19 13:00:00,4,-0.8126944712701281
2020-01-19 14:00:00,4,0.8581721572595317
2020-01-19 15:00:00,4,0.5433935432995904
2020-01-19 16:00:00,4,-0.629967814721843
2020-01-19 17:00:00,4,0.9977077061889723
2020-01-19 18:00:00,3,0.9988062441776587
2020-01-20 09:00:00,4,0.9893037353594628
2020-01-20 10:00:00,4,0.8630368718210939
2020-01-20 11:00:00,4,0.9963317469306581
2020-01-20 12:00:00,4,0.8546310101585202
2020-01-20 13:00:00,4,0.447567780065239
2020-01-20 14:00:00,4,-0.35384089912225875
2020-01-20 15:00:00,4,0.998439072868017
2020-01-20 16:00:00,4,0.9980896762173258
2020-01-20 17:00:00,4,0.9982925260895623
2020-01-20 18:00:00,3,0.9940858762230972
2020-01-21 09:00:00,4,0.9524709491360067
2020-01-21 10:00:00,4,0.9423515647676902
2020-01-21 11:00:00,4,0.3740107904493275
2020-01-21 12:00:00,4,0.08111323237398688
2020-01-21 13:00:00,4,0.6930245150517836
2020-01-21 14:00:00,4,0.9086644542482325
2020-01-21 15:00:00,4,0.7835240539869773
2020-01-21 16:00:00,4,0.8022425413687259
2020-01-21 17:00:00,4,0.9983858534518418
2020-01-21 18:00:00,3,0.9997811757042899
2020-01-22 09:00:00,4,0.9802644020419993
2020-01-22 10:00:00,4,0.9821182878007009
2020-01-22 11:00:00,4,0.8974814009468205
2020-01-22 12:00:00,4,0.9969779612611215
2020-01-22 13:00:00,4,-0.31685426958770196
2020-01-22 14:00:00,4,0.8130071824460143
2020-01-22 15:00:00,4,0.96472779501593
2020-01-22 16:00:00,4,0.6531723118394162
2020-01-22 17:00:00,4,0.9992022445148584
2020-01-22 18:00:00,3,0.9823433793906174
2020-01-23 09:00:00,4,0.9865372169603098
2020-01-23 10:00:00,4,0.9976981304572845
2020-01-23 11:00:00,4,0.9142473476925993
2020-01-23 12:00:00,4,0.6579097042698882
2020-01-23 13:00:00,4,0.978711181388812
2020-01-23 14:00:00,4,-0.19628938001037521
2020-01-23 15:00:00,4,0.9989665806416446
2020-01-23 16:00:00,4,0.6974900550266244
2020-01-23 17:00:00,4,0.9776643387956706
2020-01-23 18:00:00,3,0.9991332718251588
2020-01-24 09:00:00,4,0.9778642692511201
2020-01-24 10:00:00,4,0.9996265462108785
2020-01-24 11:00:00,4,0.9936388304776792
2020-01-24 12:00:00,4,0.998869608139885
2020-01-24 13:00:00,4,-0.9419104566642392
2020-01-24 14:00:00,4,0.6515088675671729
2020-01-24 15:00:00,4,0.1292834043963697
2020-01-24 16:00:00,4,0.9987947961165252
2020-01-24 17:00:00,4,0.9984302003645312
2020-01-24 18:00:00,3,0.9990865499035697
2020-01-25 09:00:00,4,0.9852066309140962
2020-01-25 10:00:00,4,0.781973144271353
2020-01-25 11:00:00,4,0.8105834952993441
2020-01-25 12:00:00,4,0.9244709655490507
2020-01-25 13:00:00,4,-0.41393534350118383
2020-01-25 14:00:00,4,0.8804227724541128
2020-01-25 15:00:00,4,0.9730517102713672
2020-01-25 16:00:00,4,0.9409184092532642
2020-01-25 17:00:00,4,0.9996236914093517
2020-01-25 18:00:00,3,0.9996991944359119
2020-01-26 09:00:00,4,0.9929148371879976
2020-01-26 10:00:00,4,0.9796483960678624
2020-01-26 11:00:00,4,0.9961917833805015
2020-01-26 12:00:00,4,0.9891304563902026
2020-01-26 13:00:00,4,0.9410838070619556
2020-01-26 14:00:00,4,0.9985864393497834
2020-01-26 15:00:00,4,0.9955729546095152
2020-01-26 16:00:00,4,0.9922462352719406
2020-01-26 17:00:00,4,0.5701920346450752
2020-01-26 18:00:00,3,0.9981349586214698
2020-01-27 09:00:00,4,0.9871965996451233
2020-01-27 10:00:00,4,0.9953437330780984
2020-01-27 11:00:00,4,0.9994991004644039
2020-01-27 12:00:00,4,0.9949265202867448
2020-01-27 13:00:00,4,0.9989143219674789
2020-01-27 14:00:00,4,0.9954912242198177
2020-01-27 15:00:00,4,0.9994323235582478
2020-01-27 16:00:00,4,0.9999925449452748
2020-01-27 17:00:00,4,0.9986642602364358
2020-01-27 18:00:00,3,0.9954793464597732
2020-01-28 09:00:00,4,0.8359297067013826
2020-01-28 10:00:00,4,0.9745737429588753
2020-01-28 11:00:00,4,0.9996206289114156
2020-01-28 12:00:00,4,0.9989857344469304
2020-01-28 13:00:00,4,0.999439683662976
2020-01-28 14:00:00,4,0.9974494551567276
2020-01-28 15:00:00,4,0.9977941286161796
2020-01-28 16:00:00,4,0.9992629941651849
2020-01-28 17:00:00,4,0.998391649706846
2020-01-28 18:00:00,4,0.9968172532757816
2020-01-29 09:00:00,4,0.981587915586474
2020-01-29 10:00:00,4,0.9485883691210348
2020-01-29 11:00:00,4,0.9991350182522281
2020-01-29 12:00:00,4,0.9883620627027597
2020-01-29 13:00:00,4,0.9994352781093829
2020-01-29 14:00:00,4,0.9886130231373502
2020-01-29 15:00:00,4,0.998252625452077
2020-01-29 16:00:00,4,0.9984178334454635
2020-01-29 17:00:00,4,0.9992692476993987
2020-01-29 18:00:00,4,0.9953875988142326
2020-01-30 09:00:00,4,0.9767343444068545
2020-01-30 10:00:00,4,0.9783416917948569
2020-01-30 11:00:00,4,0.9999310278770466
2020-01-30 12:00:00,4,0.9994687569084654
2020-01-30 13:00:00,4,0.9708013707572325
2020-01-30 14:00:00,4,0.9758519391665473
2020-01-30 15:00:00,4,0.9979390876583698
2020-01-30 16:00:00,4,0.9971478067829195
2020-01-30 17:00:00,4,0.9999873692420411
2020-01-30 18:00:00,4,0.9916986591387673
2020-01-31 09:00:00,4,0.9345330702003457
2020-01-31 10:00:00,4,0.9614261928717216
2020-01-31 11:00:00,4,0.9857011451438183
2020-01-31 12:00:00,4,0.9977860700138161
2020-01-31 13:00:00,4,0.9744007037397026
2020-01-31 14:00:00,4,0.9141479877475654
2020-01-31 15:00:00,4,0.9388497272048736
2020-01-31 16:00:00,4,0.9146509206229363
2020-01-31 17:00:00,4,0.9981274868723892
2020-01-31 18:00:00,4,0.9973606413380384
2020-02-01 09:00:00,4,0.9737132212225471
2020-02-01 10:00:00,4,0.9673819696311015
2020-02-01 11:00:00,4,0.9990816862004624
2020-02-01 12:00:00,4,0.9999510900286751
2020-02-01 13:00:00,4,-0.9611376868837407
2020-02-01 14:00:00,4,-0.6800344074991093
2020-02-01 15:00:00,4,0.7463629024870645
2020-02-01 16:00:00,4,0.9986876723388493
2020-02-01 17:00:00,4,0.9994544860225152
2020-02-01 18:00:00,4,0.98792236886855
2020-02-02 09:00:00,4,0.9723579272884082
2020-02-02 10:00:00,4,0.9514174822589571
2020-02-02 11:00:00,4,0.9978367779591371
2020-02-02 12:00:00,4,0.6691683299327639
2020-02-02 13:00:00,4,-0.960686363152864
2020-02-02 14:00:00,4,0.9811586201422627
2020-02-02 15:00:00,4,-0.7678972619009704
2020-02-02 16:00:00,4,0.9405464578948949
2020-02-02 17:00:00,4,0.9996558778176318
2020-02-02 18:00:00,4,0.979733321170104
2020-02-03 09:00:00,4,0.975747622098137
2020-02-03 10:00:00,4,0.9996360502030613
2020-02-03 11:00:00,4,0.9996799535957778
2020-02-03 12:00:00,4,0.9986216505515322
2020-02-03 13:00:00,4,0.9900650497617354
2020-02-03 14:00:00,4,0.9948277335064848
2020-02-03 15:00:00,4,0.9998731302270587
2020-02-03 16:00:00,4,0.9952082865666515
2020-02-03 17:00:00,4,0.9996635915727857
2020-02-03 18:00:00,4,0.9808706455781029
2020-02-04 09:00:00,4,0.9877510511771699
2020-02-04 10:00:00,4,0.9999258720813439
2020-02-04 11:00:00,4,0.9922101873573687
2020-02-04 12:00:00,4,0.984980317778384
2020-02-04 13:00:00,4,0.37821326276247486
2020-02-04 14:00:00,4,0.47759574233136204
2020-02-04 15:00:00,4,0.7619394100627582
2020-02-04 16:00:00,4,0.8875360864802158
2020-02-04 17:00:00,4,0.9908822727134292
2020-02-04 18:00:00,4,0.9997181689104374
2020-02-05 09:00:00,4,0.9842659597965995
2020-02-05 10:00:00,4,0.9998771994271431
2020-02-05 11:00:00,4,0.9981311493887596
2020-02-05 12:00:00,4,0.996034925343504
2020-02-05 13:00:00,4,0.9950317659867491
2020-02-05 14:00:00,4,0.9531175369272967
2020-02-05 15:00:00,4,0.9119543002766771
2020-02-05 16:00:00,4,0.9888030212365161
2020-02-05 17:00:00,4,0.9975676718847527
2020-02-05 18:00:00,4,0.9984499797984111
2020-02-06 09:00:00,4,0.9684538967558978
2020-02-06 10:00:00,4,0.9977435587113189
2020-02-06 11:00:00,4,0.9984031000329122
2020-02-06 12:00:00,4,0.9980258325092602
2020-02-06 13:00:00,4,0.9995612226477795
2020-02-06 14:00:00,4,0.9956349378979897
2020-02-06 15:00:00,4,0.9999598707888996
2020-02-06 16:00:00,4,0.9969192022966173
2020-02-06 17:00:00,4,0.9993655885583713
2020-02-06 18:00:00,4,0.9893224205497463
2020-02-07 09:00:00,4,0.975364262342619
2020-02-07 10:00:00,4,0.9987669009445511
2020-02-07 11:00:00,4,0.9969786234007921
2020-02-07 12:00:00,4,0.999670057933431
2020-02-07 13:00:00,4,0.9833620050562782
2020-02-07 14:00:00,4,0.9966733631085557
2020-02-07 15:00:00,4,0.9979663923167377
2020-02-07 16:00:00,4,0.9955537379588701
2020-02-07 17:00:00,4,0.9992877860247658
2020-02-07 18:00:00,4,0.9890273541904718
2020-02-08 09:00:00,4,0.980183425101975
2020-02-08 10:00:00,4,0.9999390138293897
2020-02-08 11:00:00,4,0.9990059116764972
2020-02-08 12:00:00,4,0.9985565408048737
2020-02-08 13:00:00,4,0.9982521855804235
2020-02-08 14:00:00,4,0.9891612821115906
2020-02-08 15:00:00,4,0.9872535311038166
2020-02-08 16:00:00,4,0.8970953593456339
2020-02-08 17:00:00,4,0.9996165219908565
2020-02-08 18:00:00,4,0.9908897935522655
2020-02-09 09:00:00,4,0.9814437092768505
2020-02-09 10:00:00,4,0.9965543586056937
2020-02-09 11:00:00,4,0.9650596626674326
2020-02-09 12:00:00,4,-0.9990505168125231
2020-02-09 13:00:00,4,-0.9986003828772607
2020-02-09 14:00:00,4,0.31337120561162
2020-02-09 15:00:00,4,-0.9527937790026338
2020-02-09 16:00:00,4,-0.9449140268990615
2020-02-09 17:00:00,4,0.9984119443835628
2020-02-09 18:00:00,4,0.9875770180604851
2020-02-10 09:00:00,4,0.9915152480823305
2020-02-10 10:00:00,4,0.9812336263591392
2020-02-10 11:00:00,4,0.9182420325812124
2020-02-10 12:00:00,4,-0.9823103828112483
2020-02-10 13:00:00,4,-0.9969546582744242
2020-02-10 14:00:00,4,-0.1794828968942777
2020-02-10 15:00:00,4,-0.9508369259468716
2020-02-10 16:00:00,4,0.3512825373180808
2020-02-10 17:00:00,4,0.9808776110893591
2020-02-10 18:00:00,4,0.9643245643087857
2020-02-11 09:00:00,4,0.9894879078887597
2020-02-11 10:00:00,4,0.9996322596135377
2020-02-11 11:00:00,4,0.9968656595116211
2020-02-11 12:00:00,4,0.9997889072948072
2020-02-11 13:00:00,4,-0.15953012795820426
2020-02-11 14:00:00,4,0.29143985968934577
2020-02-11 15:00:00,4,0.6185504432379421
2020-02-11 16:00:00,4,0.9370972808317299
2020-02-11 17:00:00,4,0.39516665979191995
2020-02-11 18:00:00,4,0.9424039208815765
2020-02-12 09:00:00,4,0.706169361611084
2020-02-12 10:00:00,4,0.99373587855636
2020-02-12 11:00:00,4,-0.8313496248103589
2020-02-12 12:00:00,4,-0.011729820499078987
2020-02-12 13:00:00,4,0.9254548646386507
2020-02-12 14:00:00,4,0.9517856068422315
2020-02-12 15:00:00,4,-0.1002597712575667
2020-02-12 16:00:00,4,-0.9736549370363059
2020-02-12 17:00:00,4,0.97084143524092
2020-02-12 18:00:00,4,0.9981367921144321
2020-02-13 09:00:00,4,0.9955137228905587
2020-02-13 10:00:00,4,0.9993185239192237
2020-02-13 11:00:00,4,-0.9141802622218628
2020-02-13 12:00:00,4,-0.9937113710359359
2020-02-13 13:00:00,4,-0.4461670282458308
2020-02-13 14:00:00,4,0.7745913436897616
2020-02-13 15:00:00,4,-0.8587810730784823
2020-02-13 16:00:00,4,-0.9220423034785405
2020-02-13 17:00:00,4,0.9993294623343341
2020-02-13 18:00:00,4,0.9956910048363214
2020-02-14 09:00:00,4,0.99082644644182
2020-02-14 10:00:00,4,0.7363992632605758
2020-02-14 11:00:00,4,-0.977134337557663
2020-02-14 12:00:00,4,-0.6188108162598897
2020-02-14 13:00:00,4,-0.814365005514528
2020-02-14 14:00:00,4,0.8579266604347467
2020-02-14 15:00:00,4,-0.9944275399740408
2020-02-14 16:00:00,4,-0.5356255660410532
2020-02-14 17:00:00,4,-0.679276442524063
2020-02-14 18:00:00,4,0.9990995333656282
2020-02-15 09:00:00,4,0.9990967556693476
2020-02-15 10:00:00,4,0.9899052178114326
2020-02-15 11:00:00,4,-0.9272066297636772
2020-02-15 12:00:00,4,-0.8491027410469649
2020-02-15 13:00:00,4,-0.9798424569278938
2020-02-15 14:00:00,4,0.8724475821289124
2020-02-15 15:00:00,4,0.994581842359088
2020-02-15 16:00:00,4,-0.9987917869077999
2020-02-15 17:00:00,4,-0.37487871536140166
2020-02-15 18:00:00,4,0.8835336077007659
2020-02-16 09:00:00,4,0.9925403870308445
2020-02-16 10:00:00,4,0.9446905212053256
2020-02-16 11:00:00,4,0.6172965032444361
2020-02-16 12:00:00,4,0.9574307226212787
2020-02-16 13:00:00,4,0.9795724216341103
2020-02-16 14:00:00,4,0.9534711650751763
2020-02-16 15:00:00,4,0.9774437005505388
2020-02-16 16:00:00,4,0.9944959690933858
2020-02-16 17:00:00,4,0.9986525708693526
2020-02-16 18:00:00,4,0.9998543274539126
2020-02-17 09:00:00,4,0.9996016467873114
2020-02-17 10:00:00,4,0.9958725634260522
2020-02-17 11:00:00,4,0.9996746429803665
2020-02-17 12:00:00,4,0.9484110929521181
2020-02-17 13:00:00,4,0.2554555895063318
2020-02-17 14:00:00,4,0.8208304601526627
2020-02-17 15:00:00,4,0.3526572276405695
2020-02-17 16:00:00,4,0.8731667404622901
2020-02-17 17:00:00,4,0.9831357362780448
2020-02-17 18:00:00,4,0.9989994643967108
2020-02-18 09:00:00,4,0.9972361587833561
2020-02-18 10:00:00,4,0.9995691188215325
2020-02-18 11:00:00,4,0.9971559053931202
2020-02-18 12:00:00,4,0.9833085062918558
2020-02-18 13:00:00,4,0.9662785552060529
2020-02-18 14:00:00,4,0.8321394742187093
2020-02-18 15:00:00,4,0.9991430640743363
2020-02-18 16:00:00,4,0.8787909646997641
2020-02-18 17:00:00,4,0.9986308758246563
2020-02-18 18:00:00,4,0.9949687147400201
2020-02-19 09:00:00,4,0.9980880118382917
2020-02-19 10:00:00,4,0.9089134977354237
2020-02-19 11:00:00,4,0.9454763939314965
2020-02-19 12:00:00,4,0.9854634206223346
2020-02-19 13:00:00,4,0.5625439504630174
2020-02-19 14:00:00,4,0.3941379886157678
2020-02-19 15:00:00,4,-0.3994777024149743
2020-02-19 16:00:00,4,0.960195866814305
2020-02-19 17:00:00,4,0.7698051341089879
2020-02-19 18:00:00,4,0.9998685828253375
2020-02-20 08:00:00,3,0.917662935482247
2020-02-20 09:00:00,4,0.9994585842648832
2020-02-20 10:00:00,4,0.7224308628117019
2020-02-20 11:00:00,4,0.7801548739421355
2020-02-20 12:00:00,4,0.8497605103928144
2020-02-20 13:00:00,4,0.8879770752709331
2020-02-20 14:00:00,4,-0.35125927357495507
2020-02-20 15:00:00,4,-0.7652215051927088
2020-02-20 16:00:00,4,-0.053983988698813885
2020-02-20 17:00:00,4,0.9991607283513163
2020-02-20 18:00:00,4,0.9983012329262421
2020-02-21 08:00:00,3,0.9599722881348257
2020-02-21 09:00:00,4,0.995830030979029
2020-02-21 10:00:00,4,0.9274886292650636
2020-02-21 11:00:00,4,-0.9953538785313985
2020-02-21 12:00:00,4,-0.9948952666621217
2020-02-21 13:00:00,4,0.8336726857582314
2020-02-21 14:00:00,4,0.9912846838053605
2020-02-21 15:00:00,4,-0.986175057916268
2020-02-21 16:00:00,4,-0.9605143286233572
2020-02-21 17:00:00,4,0.9948476105976973
2020-02-21 18:00:00,4,0.9999236962702346
2020-02-22 08:00:00,3,0.9798637100971996
2020-02-22 09:00:00,4,0.9978227299196957
2020-02-22 10:00:00,4,0.9995933853918412
2020-02-22 11:00:00,4,-0.868462357646667
2020-02-22 12:00:00,4,0.5752680961896081
2020-02-22 13:00:00,4,0.9547739834987388
2020-02-22 14:00:00,4,-0.7197786811400823
2020-02-22 15:00:00,4,-0.8537288342395029
2020-02-22 16:00:00,4,0.9977050423767396
2020-02-22 17:00:00,4,0.9982273801882479
2020-02-22 18:00:00,4,0.9994372207670094
2020-02-23 08:00:00,3,0.9616061267155991
2020-02-23 09:00:00,4,0.9958105336845593
2020-02-23 10:00:00,4,0.9998786713356912
2020-02-23 11:00:00,4,-0.9805968853831951
2020-02-23 12:00:00,4,-0.9040425656822969
2020-02-23 13:00:00,4,0.9334882937012723
2020-02-23 14:00:00,4,0.989454623976698
2020-02-23 15:00:00,4,-0.07029014008365256
2020-02-23 16:00:00,4,0.5527310483201334
2020-02-23 17:00:00,4,0.9988504289762048
2020-02-23 18:00:00,4,0.9887712279165107
2020-02-24 08:00:00,3,0.9482997342590785
2020-02-24 09:00:00,4,0.8650719168953056
2020-02-24 10:00:00,4,0.8976109911790984
2020-02-24 11:00:00,4,0.6530235412935778
2020-02-24 12:00:00,4,0.8433089816743952
2020-02-24 13:00:00,4,0.373996170903797
2020-02-24 14:00:00,4,-0.4206282164989528
2020-02-24 15:00:00,4,-0.7102229326644762
2020-02-24 16:00:00,4,0.8823398537205001
2020-02-24 17:00:00,4,0.9291949411340444
2020-02-24 18:00:00,4,0.9996794111834043
2020-02-25 08:00:00,3,0.9604756360238302
2020-02-25 09:00:00,4,0.9395232791806589
2020-02-25 10:00:00,4,0.9617345498420148
2020-02-25 11:00:00,4,0.9977079011880952
2020-02-25 12:00:00,4,0.9652446712556054
2020-02-25 13:00:00,4,0.8297570786344276
2020-02-25 14:00:00,4,0.9613903492681283
2020-02-25 15:00:00,4,0.998052850984865
2020-02-25 16:00:00,4,0.9900864288393059
2020-02-25 17:00:00,4,0.9512062865507774
2020-02-25 18:00:00,4,0.9944244112204413
2020-02-26 08:00:00,3,0.9718270232352432
2020-02-26 09:00:00,4,0.9991417608205873
2020-02-26 10:00:00,4,0.9995234400730634
2020-02-26 11:00:00,4,-0.917542958935621
2020-02-26 12:00:00,4,0.739918623607433
2020-02-26 13:00:00,4,0.38711488045231374
2020-02-26 14:00:00,4,0.959116934150203
2020-02-26 15:00:00,4,0.5616377087747793
2020-02-26 16:00:00,4,-0.7542140350454074
2020-02-26 17:00:00,4,0.9848450237783615
2020-02-26 18:00:00,4,0.9998008702923009
2020-02-27 08:00:00,3,0.9884192887715603
2020-02-27 09:00:00,4,0.9994505292366835
2020-02-27 10:00:00,4,0.9991987843760551
2020-02-27 11:00:00,4,0.9997778185547418
2020-02-27 12:00:00,4,0.9919150610017778
2020-02-27 13:00:00,4,0.9614623991218735
2020-02-27 14:00:00,4,0.007524121084219383
2020-02-27 15:00:00,4,0.9303871811073566
2020-02-27 16:00:00,4,0.9955164809922556
2020-02-27 17:00:00,4,0.9886544070393054
2020-02-27 18:00:00,4,0.9964190499564906
2020-02-28 08:00:00,3,0.9962132534088213
2020-02-28 09:00:00,4,0.9752214756739558
2020-02-28 10:00:00,4,0.7913523933768807
2020-02-28 11:00:00,4,0.0778943506005517
2020-02-28 12:00:00,4,0.8317550289454678
2020-02-28 13:00:00,4,0.9923302362609979
2020-02-28 14:00:00,4,0.8494254518610578
2020-02-28 15:00:00,4,0.8180277104799699
2020-02-28 16:00:00,4,0.9623370658660718
2020-02-28 17:00:00,4,0.8791372533559663
2020-02-28 18:00:00,4,0.943571963406175
2020-02-29 08:00:00,3,0.9503394879619149
2020-02-29 09:00:00,4,0.8627946634592493
2020-02-29 10:00:00,4,0.9722687509473797
2020-02-29 11:00:00,4,0.8857991502548361
2020-02-29 12:00:00,4,-0.9673374872254648
2020-02-29 13:00:00,4,0.8227092018963184
2020-02-29 14:00:00,4,-0.8276250009909084
2020-02-29 15:00:00,4,0.9935490167462685
2020-02-29 16:00:00,4,0.9862047800653032
2020-02-29 17:00:00,4,0.9970951740405086
2020-02-29 18:00:00,4,0.9995665414888529
2020-03-01 08:00:00,4,0.9475038286748538
2020-03-01 09:00:00,4,0.9998377637056032
2020-03-01 10:00:00,4,0.9995295474126217
2020-03-01 11:00:00,4,0.9961185131520036
2020-03-01 12:00:00,4,0.9976652537224887
2020-03-01 13:00:00,4,0.984819374022348
2020-03-01 14:00:00,4,0.9839327390962689
2020-03-01 15:00:00,4,0.9999473915082281
2020-03-01 16:00:00,4,0.9908424103046684
2020-03-01 17:00:00,4,0.9966180031118904
2020-03-01 18:00:00,4,0.9996972869755903
2020-03-02 08:00:00,4,0.9549869378688378
2020-03-02 09:00:00,4,0.9999280919076887
2020-03-02 10:00:00,4,0.9995149519929508
2020-03-02 11:00:00,4,0.9998257194693813
2020-03-02 12:00:00,4,0.9936704404892621
2020-03-02 13:00:00,4,0.9496895570617284
2020-03-02 14:00:00,4,0.8843085454350538
2020-03-02 15:00:00,4,0.9973965749022842
2020-03-02 16:00:00,4,0.9921856415129138
2020-03-02 17:00:00,4,0.9972007786234585
2020-03-02 18:00:00,4,0.9997577104339915
2020-03-03 08:00:00,4,0.9721612868039197
2020-03-03 09:00:00,4,0.9997820671161659
2020-03-03 10:00:00,4,0.9972711451452926
2020-03-03 11:00:00,4,0.9988252594763981
2020-03-03 12:00:00,4,0.9935070187449915
2020-03-03 13:00:00,4,0.9924013321064487
2020-03-03 14:00:00,4,0.9849883316860163
2020-03-03 15:00:00,4,0.9978651852039168
2020-03-03 16:00:00,4,0.9963605429562563
2020-03-03 17:00:00,4,0.997420896802768
2020-03-03 18:00:00,4,0.9997102624872014
2020-03-04 08:00:00,4,0.9833155113170239
2020-03-04 09:00:00,4,0.9995351999352726
2020-03-04 10:00:00,4,0.9892992096514213
2020-03-04 11:00:00,4,0.9945562492185801
2020-03-04 12:00:00,4,-0.959711067193156
2020-03-04 13:00:00,4,-0.9568955428801048
2020-03-04 14:00:00,4,0.8263420998890715
2020-03-04 15:00:00,4,-0.9026631688093056
2020-03-04 16:00:00,4,-0.9609220490557975
2020-03-04 17:00:00,4,0.9993427956801433
2020-03-04 18:00:00,4,0.9970419442422054
2020-03-05 08:00:00,4,0.9734290398606288
2020-03-05 09:00:00,4,0.9362679198953641
2020-03-05 10:00:00,4,0.907682589923253
2020-03-05 11:00:00,4,-0.18149263304582372
2020-03-05 12:00:00,4,0.46866305117202967
2020-03-05 13:00:00,4,0.7335263248434553
2020-03-05 14:00:00,4,-0.7883532691180922
2020-03-05 15:00:00,4,-0.8665876751771194
2020-03-05 16:00:00,4,0.9899437411287115
2020-03-05 17:00:00,4,0.9922107615762842
2020-03-05 18:00:00,4,0.9989081635736335
2020-03-05 19:00:00,3,0.9996858254134916
2020-03-06 08:00:00,4,0.9820403109901784
2020-03-06 09:00:00,4,0.9996079579102681
2020-03-06 10:00:00,4,0.99997297822671
2020-03-06 11:00:00,4,0.9818007329214568
2020-03-06 12:00:00,4,0.9725120761456012
2020-03-06 13:00:00,4,0.45644117744788343
2020-03-06 14:00:00,4,0.05444333297667197
2020-03-06 15:00:00,4,0.9673022342474574
2020-03-06 16:00:00,4,0.977125240082906
2020-03-06 17:00:00,4,0.931575698717129
2020-03-06 18:00:00,4,0.9987863156110903
2020-03-07 08:00:00,4,0.985828787599845
2020-03-07 09:00:00,4,0.9669566072356386
2020-03-07 10:00:00,4,0.9986251490491825
2020-03-07 11:00:00,4,-0.8951673583494412
2020-03-07 12:00:00,4,-0.0123905701395275
2020-03-07 13:00:00,4,0.6118751473419696
2020-03-07 14:00:00,4,0.6916800499038268
2020-03-07 15:00:00,4,0.9617870763479802
2020-03-07 16:00:00,4,0.7765574589290457
2020-03-07 17:00:00,4,0.7632714404000598
2020-03-07 18:00:00,4,0.9777146078783603
2020-03-08 08:00:00,4,0.9291524550578877
2020-03-08 09:00:00,4,0.8187961765650434
2020-03-08 10:00:00,4,0.9962700288674081
2020-03-08 11:00:00,4,0.922564685500742
2020-03-08 12:00:00,4,0.9301689845373002
2020-03-08 13:00:00,4,0.9571501366036056
2020-03-08 14:00:00,4,0.3326936494862142
2020-03-08 15:00:00,4,0.9237337719915851
2020-03-08 16:00:00,4,0.9726806129876451
2020-03-08 17:00:00,4,0.8068605860354232
2020-03-08 18:00:00,4,0.998819861053948
2020-03-08 19:00:00,3,0.9823742632124877
2020-03-09 08:00:00,4,0.9825052598948957
2020-03-09 09:00:00,4,0.9998885273123888
2020-03-09 10:00:00,4,0.9993492377520664
2020-03-09 11:00:00,4,0.9998797162351352
2020-03-09 12:00:00,4,0.9957807908131989
2020-03-09 13:00:00,4,0.9759900256910862
2020-03-09 14:00:00,4,0.9794987945012453
2020-03-09 15:00:00,4,0.9988425609430162
2020-03-09 16:00:00,4,0.9854212064614475
2020-03-09 17:00:00,4,0.9970190313437134
2020-03-09 18:00:00,4,0.9996969517764627
2020-03-09 19:00:00,3,0.999669841375725
2020-03-10 08:00:00,4,0.9966523906113687
2020-03-10 09:00:00,4,0.9996786002849521
2020-03-10 10:00:00,4,0.9977943047473109
2020-03-10 11:00:00,4,0.9845137106087556
2020-03-10 12:00:00,4,0.9471373279136676
2020-03-10 13:00:00,4,0.9231247516062643
2020-03-10 14:00:00,4,0.7988540372175409
2020-03-10 15:00:00,4,0.9693214213291951
2020-03-10 16:00:00,4,0.8688967995696105
2020-03-10 17:00:00,4,0.9993183416870596
2020-03-10 18:00:00,4,0.9999988931700262
2020-03-10 19:00:00,3,0.9997445182301994
2020-03-11 08:00:00,4,0.9817781635483117
2020-03-11 09:00:00,4,0.9831989759129776
2020-03-11 10:00:00,4,0.9946787230410458
2020-03-11 11:00:00,4,0.9011271464309574
2020-03-11 12:00:00,4,-0.8579468387312947
2020-03-11 13:00:00,4,-0.17484819112407654
2020-03-11 14:00:00,4,0.9970635580337178
2020-03-11 15:00:00,4,-0.634476245511516
2020-03-11 16:00:00,4,0.7833818252353851
2020-03-11 17:00:00,4,0.9968143820865573
2020-03-11 18:00:00,4,0.9999249026412779
2020-03-11 19:00:00,3,0.9992691318583911
2020-03-12 08:00:00,4,0.9982170139256549
2020-03-12 09:00:00,4,0.9995227371722774
2020-03-12 10:00:00,4,0.3156576437391564
2020-03-12 11:00:00,4,0.6239401726209682
2020-03-12 12:00:00,4,0.9261454031759269
2020-03-12 13:00:00,4,0.5009572797538296
2020-03-12 14:00:00,4,0.5013425131410789
2020-03-12 15:00:00,4,0.8982906432543567
2020-03-12 16:00:00,4,0.9957609249395407
2020-03-12 17:00:00,4,0.990228472418113
2020-03-12 18:00:00,4,0.9998725557666864
2020-03-12 19:00:00,3,0.9998814872196712
2020-03-13 08:00:00,4,0.9905197315709037
2020-03-13 09:00:00,4,0.9999818740355864
2020-03-13 10:00:00,4,0.9995276522845541
2020-03-13 11:00:00,4,0.9995803058506304
2020-03-13 12:00:00,4,0.9906530396955916
2020-03-13 13:00:00,4,0.8308300621343223
2020-03-13 14:00:00,4,0.8497575489526321
2020-03-13 15:00:00,4,0.9987222166675568
2020-03-13 16:00:00,4,0.9884696919199032
2020-03-13 17:00:00,4,0.8244430962045123
2020-03-13 18:00:00,4,0.9676107881300797
2020-03-13 19:00:00,3,0.991783059048325
2020-03-14 08:00:00,4,0.9912837427966563
2020-03-14 09:00:00,4,0.9998545436746379
2020-03-14 10:00:00,4,0.9991591340967784
2020-03-14 11:00:00,4,0.6337972167594688
2020-03-14 12:00:00,4,0.6468027220894896
2020-03-14 13:00:00,4,-0.18337624953371023
2020-03-14 14:00:00,4,0.9877515805529895
2020-03-14 15:00:00,4,0.29546677206217464
2020-03-14 16:00:00,4,0.7374389542586055
2020-03-14 17:00:00,4,0.990798361272216
2020-03-14 18:00:00,4,0.9940306591922272
2020-03-14 19:00:00,3,0.9969425834382495
2020-03-15 08:00:00,4,0.9978697746465397
2020-03-15 09:00:00,4,-0.15500210995172758
2020-03-15 10:00:00,4,0.9967573475637912
2020-03-15 11:00:00,4,0.9782814658639869
2020-03-15 12:00:00,4,0.930135906222716
2020-03-15 13:00:00,4,0.548441450328408
2020-03-15 14:00:00,4,0.10112208575980602
2020-03-15 15:00:00,4,0.975014930372402
2020-03-15 16:00:00,4,0.993490999262367
2020-03-15 17:00:00,4,0.999732385113778
2020-03-15 18:00:00,4,0.9986321748418946
2020-03-15 19:00:00,3,0.9967708859672548
2020-03-16 08:00:00,4,0.9938801988895546
2020-03-16 09:00:00,4,0.999973802554475
2020-03-16 10:00:00,4,0.9997143981085947
2020-03-16 11:00:00,4,0.9999090589442501
2020-03-16 12:00:00,4,0.984553646093504
2020-03-16 13:00:00,4,0.9658499820338604
2020-03-16 14:00:00,4,0.7010825076363635
2020-03-16 15:00:00,4,0.999614726300507
2020-03-16 16:00:00,4,0.9902831861165095
2020-03-16 17:00:00,4,0.998721155885691
2020-03-16 18:00:00,4,0.9998951598480962
2020-03-16 19:00:00,3,0.9999988327828262
2020-03-17 08:00:00,4,0.9975640177403768
2020-03-17 09:00:00,4,0.9999146295513821
2020-03-17 10:00:00,4,0.9992840076481144
2020-03-17 11:00:00,4,-0.6138749049514196
2020-03-17 12:00:00,4,0.8983365425184978
2020-03-17 13:00:00,4,0.6798879500185492
2020-03-17 14:00:00,4,0.7448215314806327
2020-03-17 15:00:00,4,0.9185374206326721
2020-03-17 16:00:00,4,0.0380795300141203
2020-03-17 17:00:00,4,0.7525035515151705
2020-03-17 18:00:00,4,0.9940719685142038
2020-03-17 19:00:00,3,0.9983718596217697
2020-03-18 08:00:00,4,0.999236888969158
2020-03-18 09:00:00,4,0.9979623333101296
2020-03-18 10:00:00,4,0.9982313000156339
2020-03-18 11:00:00,4,0.9610656681818595
2020-03-18 12:00:00,4,0.9724194847813471
2020-03-18 13:00:00,4,-0.14483694127423546
2020-03-18 14:00:00,4,0.5125551300466744
2020-03-18 15:00:00,4,0.18674538364025917
2020-03-18 16:00:00,4,0.9867247604143009
2020-03-18 17:00:00,4,0.7385743033706635
2020-03-18 18:00:00,4,0.9949471339167307
2020-03-18 19:00:00,3,0.9980873020689545
2020-03-19 08:00:00,4,0.99344748143788
2020-03-19 09:00:00,4,0.5975559690248342
2020-03-19 10:00:00,4,0.9895647497903148
2020-03-19 11:00:00,4,0.9954594252226231
2020-03-19 12:00:00,4,0.9597697197143437
2020-03-19 13:00:00,4,-0.2129670183545164
2020-03-19 14:00:00,4,0.7897093877662582
2020-03-19 15:00:00,4,0.9725047192939995
2020-03-19 16:00:00,4,0.8640515113239158
2020-03-19 17:00:00,4,0.9961211008336217
2020-03-19 18:00:00,4,0.9998149477052493
2020-03-19 19:00:00,3,0.9999838436049476
2020-03-20 08:00:00,4,0.9999050728383152
2020-03-20 09:00:00,4,0.9999990069176939
2020-03-20 10:00:00,4,0.9977090639184436
2020-03-20 11:00:00,4,0.9998356332939712
2020-03-20 12:00:00,4,0.9799731987087591
2020-03-20 13:00:00,4,0.457646230009807
2020-03-20 14:00:00,4,0.9941595636457254
2020-03-20 15:00:00,4,0.8230927522306641
2020-03-20 16:00:00,4,0.9711472002125263
2020-03-20 17:00:00,4,0.9859874870388755
2020-03-20 18:00:00,4,0.9985173690787715
2020-03-20 19:00:00,3,0.998658530579588
2020-03-21 08:00:00,4,0.9950620642738773
2020-03-21 09:00:00,4,0.9718882939563049
2020-03-21 10:00:00,4,0.7161395636807247
2020-03-21 11:00:00,4,0.6998790273055676
2020-03-21 12:00:00,4,-0.5057003762296797
2020-03-21 13:00:00,4,0.7026213412655516
2020-03-21 14:00:00,4,0.953548321644668
2020-03-21 15:00:00,4,0.6258259294076219
2020-03-21 16:00:00,4,0.9868292332168664
2020-03-21 17:00:00,4,0.8610088821811938
2020-03-21 18:00:00,4,0.9558027199974582
2020-03-21 19:00:00,3,0.994543480991042
2020-03-22 08:00:00,4,0.9813722460840036
2020-03-22 09:00:00,4,0.9944629502016485
2020-03-22 10:00:00,4,0.7866416386442941
2020-03-22 11:00:00,4,0.5977454939464225
2020-03-22 12:00:00,4,0.9208030580164819
2020-03-22 13:00:00,4,0.8277460201217551
2020-03-22 14:00:00,4,0.30631326717249513
2020-03-22 15:00:00,4,0.8959091067153991
2020-03-22 16:00:00,4,0.8155644948789506
2020-03-22 17:00:00,4,0.9268013736669494
2020-03-22 18:00:00,4,0.9997534864971521
2020-03-22 19:00:00,3,0.9997746055116788
2020-03-23 08:00:00,4,0.944635140214478
2020-03-23 09:00:00,4,-0.04340605822306525
2020-03-23 10:00:00,4,0.45886046714318923
2020-03-23 11:00:00,4,-0.22967313676303275
2020-03-23 12:00:00,4,0.9883944567277018
2020-03-23 13:00:00,4,0.9240973983830486
2020-03-23 14:00:00,4,0.975980247491111
2020-03-23 15:00:00,4,0.8951684728412266
2020-03-23 16:00:00,4,0.990871623590398
2020-03-23 17:00:00,4,0.9922206149197224
2020-03-23 18:00:00,4,0.9485654044763715
2020-03-23 19:00:00,3,0.998103758212257
2020-03-24 08:00:00,4,0.9861416301804713
2020-03-24 09:00:00,4,0.9935150581500938
2020-03-24 10:00:00,4,0.7572194098346575
2020-03-24 11:00:00,4,0.9241971506415271
2020-03-24 12:00:00,4,0.8818714333360503
2020-03-24 13:00:00,4,0.5261433043350193
2020-03-24 14:00:00,4,0.8587693261591528
2020-03-24 15:00:00,4,0.923595666407371
2020-03-24 16:00:00,4,0.7013817610518039
2020-03-24 17:00:00,4,0.12884779242454922
2020-03-24 18:00:00,4,0.9853543751966025
2020-03-24 19:00:00,4,0.9973078120988322
2020-03-25 08:00:00,4,0.9987850399714185
2020-03-25 09:00:00,4,0.9891526677664906
2020-03-25 10:00:00,4,-0.018748432033795847
2020-03-25 11:00:00,4,0.3733793115978051
2020-03-25 12:00:00,4,-0.8974661853751557
2020-03-25 13:00:00,4,0.09060472947164931
2020-03-25 14:00:00,4,0.8850509098267306
2020-03-25 15:00:00,4,-0.13980448536827153
2020-03-25 16:00:00,4,0.31861056973616125
2020-03-25 17:00:00,4,0.8035086645618491
2020-03-25 18:00:00,4,0.9865503366980434
2020-03-25 19:00:00,4,0.9978777002425374
2020-03-26 08:00:00,4,0.9961409475056788
2020-03-26 09:00:00,4,0.9440116735109283
2020-03-26 10:00:00,4,0.9995945878595859
2020-03-26 11:00:00,4,0.9142192387284146
2020-03-26 12:00:00,4,0.9505885105692403
2020-03-26 13:00:00,4,0.6159343895235111
2020-03-26 14:00:00,4,0.8427644772225543
2020-03-26 15:00:00,4,0.9996174295386401
2020-03-26 16:00:00,4,0.9968702390318056
2020-03-26 17:00:00,4,0.9977594383936116
2020-03-26 18:00:00,4,0.9994742454683598
2020-03-26 19:00:00,4,0.9991839941383244
2020-03-27 08:00:00,4,0.8813771722456659
2020-03-27 09:00:00,4,0.9940587364585225
2020-03-27 10:00:00,4,0.3160352911556083
2020-03-27 11:00:00,4,0.9995206681471316
2020-03-27 12:00:00,4,0.9584958534173187
2020-03-27 13:00:00,4,0.7473466785781497
2020-03-27 14:00:00,4,0.884698779974677
2020-03-27 15:00:00,4,0.9855732670201831
2020-03-27 16:00:00,4,0.9953009131066869
2020-03-27 17:00:00,4,0.985225894996396
2020-03-27 18:00:00,4,0.9926794398202654
2020-03-27 19:00:00,4,0.9997345267311686
2020-03-28 07:00:00,3,0.9695293576995806
2020-03-28 08:00:00,4,0.9934606153968553
2020-03-28 09:00:00,4,0.9998853717120798
2020-03-28 10:00:00,4,0.9997097465554486
2020-03-28 11:00:00,4,0.9937958654805279
2020-03-28 12:00:00,4,0.9681064642518109
2020-03-28 13:00:00,4,0.9358325593639807
2020-03-28 14:00:00,4,0.9495980793529745
2020-03-28 15:00:00,4,0.9967855222471973
2020-03-28 16:00:00,4,0.9922293713256991
2020-03-28 17:00:00,4,0.9967899168376768
2020-03-28 18:00:00,4,0.9996674176907663
2020-03-28 19:00:00,4,0.9998578284549162
2020-03-29 07:00:00,3,0.9591406180079064
2020-03-29 08:00:00,4,0.9978975401750738
2020-03-29 09:00:00,4,0.9968391420307094
2020-03-29 10:00:00,4,0.9787492717191246
2020-03-29 11:00:00,4,0.9887046539567409
2020-03-29 12:00:00,4,0.8937648936636629
2020-03-29 13:00:00,4,0.9639696899783852
2020-03-29 14:00:00,4,0.9240862936108729
2020-03-29 15:00:00,4,0.9285708055590262
2020-03-29 16:00:00,4,0.0642114888017305
2020-03-29 17:00:00,4,0.738485032815263
2020-03-29 18:00:00,4,0.9046901354269578
2020-03-29 19:00:00,4,0.9591566544007913
2020-03-30 07:00:00,3,0.945363471236669
2020-03-30 08:00:00,4,0.9965200348022016
2020-03-30 09:00:00,4,0.9995808978299175
2020-03-30 10:00:00,4,0.9973684373071083
2020-03-30 11:00:00,4,0.9988445437150804
2020-03-30 12:00:00,4,0.9884885516987081
2020-03-30 13:00:00,4,0.870115987994682
2020-03-30 14:00:00,4,0.9585210298721458
2020-03-30 15:00:00,4,0.9677634741328919
2020-03-30 16:00:00,4,0.9948878924901426
2020-03-30 17:00:00,4,0.9079939074318731
2020-03-30 18:00:00,4,0.7077188777583526
2020-03-30 19:00:00,4,0.9916378097454468
2020-03-31 07:00:00,3,0.9541363259211811
2020-03-31 08:00:00,4,0.988401590676813
2020-03-31 09:00:00,4,0.9784270297799348
2020-03-31 10:00:00,4,0.567655794867896
2020-03-31 11:00:00,4,0.8961691941031853
2020-03-31 12:00:00,4,0.8739652761275555
2020-03-31 13:00:00,4,0.8096658009048794
2020-03-31 14:00:00,4,0.9074849740738009
2020-03-31 15:00:00,4,0.7862654017421862
2020-03-31 16:00:00,4,0.8466299011133468
2020-03-31 17:00:00,4,0.8765912541688657
2020-03-31 18:00:00,4,0.9992064264262094
2020-03-31 19:00:00,4,0.9995402168111126
2020-04-01 07:00:00,3,0.9690106370491167
2020-04-01 08:00:00,4,0.9939484889138005
2020-04-01 09:00:00,4,0.9998910505715894
2020-04-01 10:00:00,4,-0.19996529552707676
2020-04-01 11:00:00,4,-0.8801124222901425
2020-04-01 12:00:00,4,0.712754080293554
2020-04-01 13:00:00,4,-0.360064079456298
2020-04-01 14:00:00,4,-0.4226039028071738
2020-04-01 15:00:00,4,-0.9821303219601306
2020-04-01 16:00:00,4,-0.4647178484912944
2020-04-01 17:00:00,4,0.9311531478069152
2020-04-01 18:00:00,4,0.9989818405721188
2020-04-01 19:00:00,4,0.9996679216791937
2020-04-02 07:00:00,3,0.9683779282683581
2020-04-02 08:00:00,4,0.9957989532480478
2020-04-02 09:00:00,4,0.9992794977565073
2020-04-02 10:00:00,4,0.5322929917894459
2020-04-02 11:00:00,4,-0.9865480816196176
2020-04-02 12:00:00,4,-0.878067942972284
2020-04-02 13:00:00,4,-0.8294118496152624
2020-04-02 14:00:00,4,-0.9612309912352921
2020-04-02 15:00:00,4,-0.9382827664515261
2020-04-02 16:00:00,4,-0.5901548824799052
2020-04-02 17:00:00,4,0.5347557120231126
2020-04-02 18:00:00,4,0.9996624554896136
2020-04-02 19:00:00,4,0.9977660995001496
2020-04-03 07:00:00,3,0.9770795723823954
2020-04-03 08:00:00,4,0.9959011272176747
2020-04-03 09:00:00,4,0.9991528380890147
2020-04-03 10:00:00,4,0.9998834250163499
2020-04-03 11:00:00,4,0.9863433949694863
2020-04-03 12:00:00,4,0.9761387020991525
2020-04-03 13:00:00,4,0.6877853911520059
2020-04-03 14:00:00,4,0.7025327303868667
2020-04-03 15:00:00,4,0.9939911750396647
2020-04-03 16:00:00,4,0.8306100941239984
2020-04-03 17:00:00,4,0.9392485989731434
2020-04-03 18:00:00,4,0.9295312646992588
2020-04-03 19:00:00,4,0.9838089345119653
2020-04-04 07:00:00,3,0.9809823545512849
2020-04-04 08:00:00,4,0.9979353079943075
2020-04-04 09:00:00,4,0.991645477660794
2020-04-04 10:00:00,4,0.9959917060454822
2020-04-04 11:00:00,4,0.9971380593385037
2020-04-04 12:00:00,4,-0.33667018777709246
2020-04-04 13:00:00,4,-0.2176720839291885
2020-04-04 14:00:00,4,-0.19549936184589475
2020-04-04 15:00:00,4,0.9592753159751567
2020-04-04 16:00:00,4,0.7315332429221281
2020-04-04 17:00:00,4,-0.727305942391023
2020-04-04 18:00:00,4,0.6567463476116615
2020-04-04 19:00:00,4,0.9997128667254863
2020-04-05 07:00:00,3,0.9794844107430762
2020-04-05 08:00:00,4,0.996080216953837
2020-04-05 09:00:00,4,0.9965377016872569
2020-04-05 10:00:00,4,0.9978584940338556
2020-04-05 11:00:00,4,0.9927240022474537
2020-04-05 12:00:00,4,0.9912450458127493
2020-04-05 13:00:00,4,0.8414969070185445
2020-04-05 14:00:00,4,0.27734943991319166
2020-04-05 15:00:00,4,0.991718192582471
2020-04-05 16:00:00,4,0.9909816714237297
2020-04-05 17:00:00,4,0.6854326125507963
2020-04-05 18:00:00,4,0.9161691216061825
2020-04-05 19:00:00,4,0.9881022058853504
2020-04-06 07:00:00,3,0.9737657596220735
2020-04-06 08:00:00,4,0.9898725823028032
2020-04-06 09:00:00,4,0.9992056668447771
2020-04-06 10:00:00,4,0.9940066252979796
2020-04-06 11:00:00,4,0.9716574854368888
2020-04-06 12:00:00,4,-0.19996207472054564
2020-04-06 13:00:00,4,0.9843401872914648
2020-04-06 14:00:00,4,-0.12993213131340417
2020-04-06 15:00:00,4,0.998939575426412
2020-04-06 16:00:00,4,0.8813368109421565
2020-04-06 17:00:00,4,0.9861260129774788
2020-04-06 18:00:00,4,0.997537116048038
2020-04-06 19:00:00,4,0.998826039747451
2020-04-07 07:00:00,4,0.967395022591737
2020-04-07 08:00:00,4,0.9977283222041415
2020-04-07 09:00:00,4,0.9997694022101504
2020-04-07 10:00:00,4,0.9556009572952963
2020-04-07 11:00:00,4,0.9916869892695162
2020-04-07 12:00:00,4,0.9595037650328181
2020-04-07 13:00:00,4,0.7776536042337955
2020-04-07 14:00:00,4,0.823467483819757
2020-04-07 15:00:00,4,-0.6564084625818418
2020-04-07 16:00:00,4,0.7455855097683699
2020-04-07 17:00:00,4,0.9400619369842308
2020-04-07 18:00:00,4,0.8917723341670399
2020-04-07 19:00:00,4,0.997316942652134
2020-04-08 07:00:00,4,0.9826166634033344
2020-04-08 08:00:00,4,0.997357898823793
2020-04-08 09:00:00,4,0.9999161555180293
2020-04-08 10:00:00,4,0.9994307364043102
2020-04-08 11:00:00,4,0.9885103696286937
2020-04-08 12:00:00,4,0.998720524713779
2020-04-08 13:00:00,4,0.4722855745217727
2020-04-08 14:00:00,4,0.4954093852617813
2020-04-08 15:00:00,4,0.9043399321190485
2020-04-08 16:00:00,4,0.9956442022637656
2020-04-08 17:00:00,4,0.9823525323398071
2020-04-08 18:00:00,4,0.9999198248740668
2020-04-08 19:00:00,4,0.9988486942809706
2020-04-09 07:00:00,4,0.9486948603427025
2020-04-09 08:00:00,4,0.998358293532355
2020-04-09 09:00:00,4,0.9992216762545225
2020-04-09 10:00:00,4,0.9996042817480489
2020-04-09 11:00:00,4,0.9813952891384912
2020-04-09 12:00:00,4,0.970747703015123
2020-04-09 13:00:00,4,0.9995207026397855
2020-04-09 14:00:00,4,-0.3409039301100793
2020-04-09 15:00:00,4,0.9920503067855133
2020-04-09 16:00:00,4,0.992321719167582
2020-04-09 17:00:00,4,0.9994330983436099
2020-04-09 18:00:00,4,0.9989085303387469
2020-04-09 19:00:00,4,0.9980995786542487
2020-04-10 07:00:00,4,0.9820066156277982
2020-04-10 08:00:00,4,0.9975609163986675
2020-04-10 09:00:00,4,0.999866444461042
2020-04-10 10:00:00,4,0.9977599536106857
2020-04-10 11:00:00,4,0.9823709647430827
2020-04-10 12:00:00,4,0.19338788096594153
2020-04-10 13:00:00,4,0.9455217966871118
2020-04-10 14:00:00,4,0.7475777950267849
2020-04-10 15:00:00,4,0.9279862609650842
2020-04-10 16:00:00,4,0.9980141677366956
2020-04-10 17:00:00,4,0.9898406635408864
2020-04-10 18:00:00,4,0.9990430795769928
2020-04-10 19:00:00,4,0.991221067560727
2020-04-11 07:00:00,4,0.9567375832065887
2020-04-11 08:00:00,4,0.9989490438849242
2020-04-11 09:00:00,4,0.9915225801931802
2020-04-11 10:00:00,4,0.9868445261039509
2020-04-11 11:00:00,4,0.9966230636692877
2020-04-11 12:00:00,4,0.6818030507264791
2020-04-11 13:00:00,4,0.7778765232900001
2020-04-11 14:00:00,4,0.7637490338801421
2020-04-11 15:00:00,4,0.933114653947929
2020-04-11 16:00:00,4,0.029984872231743346
2020-04-11 17:00:00,4,0.8727960940668967
2020-04-11 18:00:00,4,0.7482153195912536
2020-04-11 19:00:00,4,0.9995631338056918
2020-04-12 07:00:00,4,0.9871839345994766
2020-04-12 08:00:00,4,0.9942897316988282
2020-04-12 09:00:00,4,0.7986819759970629
2020-04-12 10:00:00,4,0.9927860175379151
2020-04-12 11:00:00,4,0.9796111574106485
2020-04-12 12:00:00,4,0.9358528393613247
2020-04-12 13:00:00,4,-0.3575219343816029
2020-04-12 14:00:00,4,0.7224658806595915
2020-04-12 15:00:00,4,0.9996218072160012
2020-04-12 16:00:00,4,0.8330382225663456
2020-04-12 17:00:00,4,0.9882920829155317
2020-04-12 18:00:00,4,0.9751186550620232
2020-04-12 19:00:00,4,0.9974641832709499
2020-04-13 07:00:00,4,0.9801126596843469
2020-04-13 08:00:00,4,0.9830271542246873
2020-04-13 09:00:00,4,0.7068045285308324
2020-04-13 10:00:00,4,0.9339951907920997
2020-04-13 11:00:00,4,0.9319265308808763
2020-04-13 12:00:00,4,0.9171524943565389
2020-04-13 13:00:00,4,0.9146686697338804
2020-04-13 14:00:00,4,0.8230198600712522
2020-04-13 15:00:00,4,0.9058436404671322
2020-04-13 16:00:00,4,0.9980998928193795
2020-04-13 17:00:00,4,0.9886046468343611
2020-04-13 18:00:00,4,0.9626064556412834
2020-04-13 19:00:00,4,0.9535721901560478
2020-04-14 07:00:00,4,0.9899750511161431
2020-04-14 08:00:00,4,0.9687052460932218
2020-04-14 09:00:00,4,0.9995204429867647
2020-04-14 10:00:00,4,0.9942853365990857
2020-04-14 11:00:00,4,0.6072507983366952
2020-04-14 12:00:00,4,0.9209233042443544
2020-04-14 13:00:00,4,0.05709376548506258
2020-04-14 14:00:00,4,0.06304786806219155
2020-04-14 15:00:00,4,0.9970995107516889
2020-04-14 16:00:00,4,0.6521868707130379
2020-04-14 17:00:00,4,0.944219636672334
2020-04-14 18:00:00,4,0.9050421144719845
2020-04-14 19:00:00,4,0.9755890585580996
2020-04-15 07:00:00,4,0.9941787358145414
2020-04-15 08:00:00,4,0.9983913071543937
2020-04-15 09:00:00,4,0.9996372148048427
2020-04-15 10:00:00,4,0.28660907597653784
2020-04-15 11:00:00,4,0.615730317025392
2020-04-15 12:00:00,4,-0.8089474809097263
2020-04-15 13:00:00,4,-0.905200210440706
2020-04-15 14:00:00,4,-0.7212115447764177
2020-04-15 15:00:00,4,-0.9543797243593674
2020-04-15 16:00:00,4,0.6560879614662709
2020-04-15 17:00:00,4,0.8453031423113699
2020-04-15 18:00:00,4,0.976132061167648
2020-04-15 19:00:00,4,0.9991137016434873
2020-04-16 07:00:00,4,0.9996878906452542
2020-04-16 08:00:00,4,0.9409711722316042
2020-04-16 09:00:00,4,0.9912603906407379
2020-04-16 10:00:00,4,0.9796194221513066
2020-04-16 11:00:00,4,0.3109062975055586
2020-04-16 12:00:00,4,0.6143169900008754
2020-04-16 13:00:00,4,0.43737495130469284
2020-04-16 14:00:00,4,0.528884193277938
2020-04-16 15:00:00,4,0.7224465041074942
2020-04-16 16:00:00,4,0.989574925609491
2020-04-16 17:00:00,4,0.9516366679369311
2020-04-16 18:00:00,4,0.9988219727986953
2020-04-16 19:00:00,4,0.9978809071785335
2020-04-17 07:00:00,4,0.9761813017996535
2020-04-17 08:00:00,4,0.9990636905166613
2020-04-17 09:00:00,4,0.9929744693875364
2020-04-17 10:00:00,4,0.900319543128803
2020-04-17 11:00:00,4,0.11480105052440383
2020-04-17 12:00:00,4,0.027618934347605952
2020-04-17 13:00:00,4,0.6537863214243084
2020-04-17 14:00:00,4,0.6728941108477227
2020-04-17 15:00:00,4,0.7449029994949734
2020-04-17 16:00:00,4,0.9421948535973516
2020-04-17 17:00:00,4,0.9481762151559594
2020-04-17 18:00:00,4,0.9744730483835686
2020-04-17 19:00:00,4,0.994028414244688
2020-04-18 07:00:00,4,0.9768401445683939
2020-04-18 08:00:00,4,0.8100146250316289
2020-04-18 09:00:00,4,0.9989697505018053
2020-04-18 10:00:00,4,0.4874997552841819
2020-04-18 11:00:00,4,0.8622328746771251
2020-04-18 12:00:00,4,0.968075588319591
2020-04-18 13:00:00,4,0.8724375035306025
2020-04-18 14:00:00,4,0.9592607325230826
2020-04-18 15:00:00,4,-0.5239085252830584
2020-04-18 16:00:00,4,-0.6919907069997605
2020-04-18 17:00:00,4,0.19210940178582975
2020-04-18 18:00:00,4,0.9669079162963108
2020-04-18 19:00:00,4,0.996633006429888
2020-04-19 07:00:00,4,0.9985400685688228
2020-04-19 08:00:00,4,0.9964049962072411
2020-04-19 09:00:00,4,0.9999021991730987
2020-04-19 10:00:00,4,0.9982953709983498
2020-04-19 11:00:00,4,0.9069356665587575
2020-04-19 12:00:00,4,-0.7489175544684524
2020-04-19 13:00:00,4,0.7356196241262729
2020-04-19 14:00:00,4,0.8153741561865865
2020-04-19 15:00:00,4,0.4276159193398691
2020-04-19 16:00:00,4,-0.9955711560525168
2020-04-19 17:00:00,4,0.9992407394724974
2020-04-19 18:00:00,4,0.929628725120049
2020-04-19 19:00:00,4,0.9960338003853836
2020-04-20 07:00:00,4,0.9990157479971363
2020-04-20 08:00:00,4,0.9817489780081565
2020-04-20 09:00:00,4,0.9947380888501581
2020-04-20 10:00:00,4,0.9252469373075003
2020-04-20 11:00:00,4,0.9079699660914708
2020-04-20 12:00:00,4,0.985576867026321
2020-04-20 13:00:00,4,0.9674801923597431
2020-04-20 14:00:00,4,0.9018425026979082
2020-04-20 15:00:00,4,0.7259502739530539
2020-04-20 16:00:00,4,0.9723565076388783
2020-04-20 17:00:00,4,0.8365347312465539
2020-04-20 18:00:00,4,0.9990759258461023
2020-04-20 19:00:00,4,0.9970327546644738
2020-04-21 07:00:00,4,0.9857503441606549
2020-04-21 08:00:00,4,0.9983012292785717
2020-04-21 09:00:00,4,0.9994375121543589
2020-04-21 10:00:00,4,0.9891042607867646
2020-04-21 11:00:00,4,0.9950770442267787
2020-04-21 12:00:00,4,0.973078195775413
2020-04-21 13:00:00,4,0.9395683763937195
2020-04-21 14:00:00,4,0.8848589523596293
2020-04-21 15:00:00,4,0.9887996279374975
2020-04-21 16:00:00,4,0.5004991688275815
2020-04-21 17:00:00,4,0.999070663386061
2020-04-21 18:00:00,4,0.7861064504084003
2020-04-21 19:00:00,4,0.9937096155083426
2020-04-22 07:00:00,4,0.9892341909552865
2020-04-22 08:00:00,4,0.9988685824150462
2020-04-22 09:00:00,4,0.999451351628772
2020-04-22 10:00:00,4,0.9989317644797664
2020-04-22 11:00:00,4,0.9858478721751274
2020-04-22 12:00:00,4,0.9595387797139687
2020-04-22 13:00:00,4,0.5696274720880268
2020-04-22 14:00:00,4,0.8313161955292856
2020-04-22 15:00:00,4,0.9572554365836717
2020-04-22 16:00:00,4,0.9638155457929308
2020-04-22 17:00:00,4,0.958124099530107
2020-04-22 18:00:00,4,0.9979164859040028
2020-04-22 19:00:00,4,0.9677049385399737
2020-04-23 07:00:00,4,0.9986490002752113
2020-04-23 08:00:00,4,0.998553741437851
2020-04-23 09:00:00,4,0.999354456333602
2020-04-23 10:00:00,4,0.9874518033486968
2020-04-23 11:00:00,4,-0.9998554845119568
2020-04-23 12:00:00,4,-0.8094230256864255
2020-04-23 13:00:00,4,0.5753317391897206
2020-04-23 14:00:00,4,-0.15233368750512694
2020-04-23 15:00:00,4,-0.9556514563958524
2020-04-23 16:00:00,4,0.04214486490689537
2020-04-23 17:00:00,4,0.9986607943029676
2020-04-23 18:00:00,4,0.9985821217543915
2020-04-23 19:00:00,4,0.997868245189942
2020-04-24 07:00:00,4,0.98514556831379
2020-04-24 08:00:00,4,0.9991403876275602
2020-04-24 09:00:00,4,0.9996076313817237
2020-04-24 10:00:00,4,0.9970495292832412
2020-04-24 11:00:00,4,0.9898169596084382
2020-04-24 12:00:00,4,0.9915559695369327
2020-04-24 13:00:00,4,0.9286596441179145
2020-04-24 14:00:00,4,0.9005808077675773
2020-04-24 15:00:00,4,0.9798673812696251
2020-04-24 16:00:00,4,0.9925267076020416
2020-04-24 17:00:00,4,0.9981972051817325
2020-04-24 18:00:00,4,0.9961134366301813
2020-04-24 19:00:00,4,0.9916826420904916
2020-04-25 07:00:00,4,0.9787898677828928
2020-04-25 08:00:00,4,0.9989286629506562
2020-04-25 09:00:00,4,0.9999614692257002
2020-04-25 10:00:00,4,0.9959512026952749
2020-04-25 11:00:00,4,0.9915575413548394
2020-04-25 12:00:00,4,0.9969845162155604
2020-04-25 13:00:00,4,0.9361489339336194
2020-04-25 14:00:00,4,0.8518525563234582
2020-04-25 15:00:00,4,0.9827840289719094
2020-04-25 16:00:00,4,0.9817309066475959
2020-04-25 17:00:00,4,0.9943529382098726
2020-04-25 18:00:00,4,0.9982796528689333
2020-04-25 19:00:00,4,0.9906413953167299
2020-04-26 07:00:00,4,0.9792506421531628
2020-04-26 08:00:00,4,0.9990276018252192
2020-04-26 09:00:00,4,0.9996112563271102
2020-04-26 10:00:00,4,0.9937861899995898
2020-04-26 11:00:00,4,0.9913503195428537
2020-04-26 12:00:00,4,0.953904803593034
2020-04-26 13:00:00,4,0.8143678968713571
2020-04-26 14:00:00,4,0.9784234845205043
2020-04-26 15:00:00,4,0.9911574420644021
2020-04-26 16:00:00,4,0.9939688686014019
2020-04-26 17:00:00,4,0.99705315213865
2020-04-26 18:00:00,4,0.997317940819422
2020-04-26 19:00:00,4,0.9948763344029491
2020-04-27 07:00:00,4,0.9798616796317791
2020-04-27 08:00:00,4,0.9988696745638078
2020-04-27 09:00:00,4,0.9998000077115611
2020-04-27 10:00:00,4,0.9968258184119554
2020-04-27 11:00:00,4,0.9765498543904546
2020-04-27 12:00:00,4,0.9889399806922698
2020-04-27 13:00:00,4,0.9767834497401822
2020-04-27 14:00:00,4,0.9783565190936006
2020-04-27 15:00:00,4,0.9982849939724882
2020-04-27 16:00:00,4,0.9962712527857219
2020-04-27 17:00:00,4,0.9974694904601275
2020-04-27 18:00:00,4,0.9990021752195275
2020-04-27 19:00:00,4,0.9945148962971924
2020-04-28 07:00:00,4,0.9993750408636213
2020-04-28 08:00:00,4,0.9968984533002865
2020-04-28 09:00:00,4,0.9997090868740739
2020-04-28 10:00:00,4,0.9987894597054213
2020-04-28 11:00:00,4,0.9926430459834634
2020-04-28 12:00:00,4,-0.895102933599799
2020-04-28 13:00:00,4,-0.13860310487278468
2020-04-28 14:00:00,4,-0.6403017020165885
2020-04-28 15:00:00,4,0.6128346472142243
2020-04-28 16:00:00,4,0.07663228904390212
2020-04-28 17:00:00,4,0.8117183522522218
2020-04-28 18:00:00,4,0.998488320931592
2020-04-28 19:00:00,4,0.996937243847705
2020-04-29 07:00:00,4,0.9987097530855186
2020-04-29 08:00:00,4,0.9991185874848083
2020-04-29 09:00:00,4,0.9983110424548256
2020-04-29 10:00:00,4,0.9975094881297913
2020-04-29 11:00:00,4,0.9836921923788269
2020-04-29 12:00:00,4,0.9874239217296567
2020-04-29 13:00:00,4,-0.7084755454496572
2020-04-29 14:00:00,4,0.4655041206186691
2020-04-29 15:00:00,4,0.935458852293193
2020-04-29 16:00:00,4,0.9792913647809619
2020-04-29 17:00:00,4,0.9953074049987521
2020-04-29 18:00:00,4,0.9979734415640202
2020-04-29 19:00:00,4,0.9953816982303613
2020-04-30 07:00:00,4,0.9937973061353244
2020-04-30 08:00:00,4,0.9985578934641048
2020-04-30 09:00:00,4,0.9998164874137675
2020-04-30 10:00:00,4,0.9953751853698138
2020-04-30 11:00:00,4,0.998117808773919
2020-04-30 12:00:00,4,0.9812134957937871
2020-04-30 13:00:00,4,0.9771572496823185
2020-04-30 14:00:00,4,0.9287496266137613
2020-04-30 15:00:00,4,0.9973189497792635
2020-04-30 16:00:00,4,0.9989847229749425
2020-04-30 17:00:00,4,0.9970025987864238
2020-04-30 18:00:00,4,0.9983081234895577
2020-04-30 19:00:00,4,0.997406589963796
2020-05-01 07:00:00,4,0.9945679252534921
2020-05-01 08:00:00,4,0.9997578127586002
2020-05-01 09:00:00,4,0.9958079654894292
2020-05-01 10:00:00,4,-0.8407624398799151
2020-05-01 11:00:00,4,-0.776093934687321
2020-05-01 12:00:00,4,-0.41449876938576025
2020-05-01 13:00:00,4,0.5586430144330091
2020-05-01 14:00:00,4,0.9719580969689543
2020-05-01 15:00:00,4,-0.9429712012765319
2020-05-01 16:00:00,4,0.5486578498335777
2020-05-01 17:00:00,4,0.7269571267291173
2020-05-01 18:00:00,4,0.9799727403499275
2020-05-01 19:00:00,4,0.958428513339609
2020-05-02 07:00:00,4,0.9960172736459548
2020-05-02 08:00:00,4,0.7927523867392344
2020-05-02 09:00:00,4,-0.8076062638910064
2020-05-02 10:00:00,4,0.8700131542210933
2020-05-02 11:00:00,4,0.9592713314428448
2020-05-02 12:00:00,4,0.8536162515705209
2020-05-02 13:00:00,4,-0.28099545007771587
2020-05-02 14:00:00,4,-0.8414898643243508
2020-05-02 15:00:00,4,-0.9818407827416344
2020-05-02 16:00:00,4,-0.9130869195161683
2020-05-02 17:00:00,4,0.8688620725061178
2020-05-02 18:00:00,4,0.9108193668090975
2020-05-02 19:00:00,4,0.770646185975631
2020-05-03 07:00:00,4,0.9875262805729841
2020-05-03 08:00:00,4,0.9994475188145224
2020-05-03 09:00:00,4,0.9917035364169182
2020-05-03 10:00:00,4,0.9962135901979373
2020-05-03 11:00:00,4,-0.34038927783843254
2020-05-03 12:00:00,4,-0.5904833753079488
2020-05-03 13:00:00,4,0.9728028168910798
2020-05-03 14:00:00,4,-0.26843140696153556
2020-05-03 15:00:00,4,0.9084192102587003
2020-05-03 16:00:00,4,0.8848078344842559
2020-05-03 17:00:00,4,0.886727624403442
2020-05-03 18:00:00,4,-0.829764375129951
2020-05-03 19:00:00,4,0.9973202888057486
2020-05-04 06:00:00,3,0.944911182523068
2020-05-04 07:00:00,4,0.9841698797832693
2020-05-04 08:00:00,4,0.8570088587750461
2020-05-04 09:00:00,4,0.9639642890801655
2020-05-04 10:00:00,4,0.9570735104499679
2020-05-04 11:00:00,4,0.49796866462642553
2020-05-04 12:00:00,4,0.11952517928945895
2020-05-04 13:00:00,4,0.5705904387942976
2020-05-04 14:00:00,4,0.9295014643044728
2020-05-04 15:00:00,4,0.9821844440004844
2020-05-04 16:00:00,4,0.9875694049558983
2020-05-04 17:00:00,4,0.864313044944318
2020-05-04 18:00:00,4,0.963019726507209
2020-05-04 19:00:00,4,0.8814381291952675
2020-05-05 07:00:00,4,0.9977675085245051
2020-05-05 08:00:00,4,0.9975144367289387
2020-05-05 09:00:00,4,0.8143752302342637
2020-05-05 10:00:00,4,-0.7868778496096629
2020-05-05 11:00:00,4,-0.030218204724292375
2020-05-05 12:00:00,4,0.7137330315624008
2020-05-05 13:00:00,4,0.8354973019352382
2020-05-05 14:00:00,4,0.9001677362582713
2020-05-05 15:00:00,4,0.8658815026120915
2020-05-05 16:00:00,4,0.9388328001624894
2020-05-05 17:00:00,4,0.9985331970056248
2020-05-05 18:00:00,4,0.9875959350515722
2020-05-05 19:00:00,4,0.9771009272132614
2020-05-06 07:00:00,4,0.7353702116889977
2020-05-06 08:00:00,4,0.8778333942257082
2020-05-06 09:00:00,4,0.9721521451998303
2020-05-06 10:00:00,4,0.8379027466392003
2020-05-06 11:00:00,4,-0.015756241501110383
2020-05-06 12:00:00,4,-0.8961428425648859
2020-05-06 13:00:00,4,0.9279518839031173
2020-05-06 14:00:00,4,0.7136873030656196
2020-05-06 15:00:00,4,0.9611932464020481
2020-05-06 16:00:00,4,0.8195194599796569
2020-05-06 17:00:00,4,0.6314251122760828
2020-05-06 18:00:00,4,0.9936245477887434
2020-05-06 19:00:00,4,0.9425007000685826
2020-05-06 20:00:00,3,-0.18898223650461354
2020-05-07 06:00:00,3,0.9636791806146247
2020-05-07 07:00:00,4,0.9850753177778154
2020-05-07 08:00:00,4,0.9945859742578999
2020-05-07 09:00:00,4,0.9132191425165175
2020-05-07 10:00:00,4,-0.42285534033807737
2020-05-07 11:00:00,4,0.21482865869318415
2020-05-07 12:00:00,4,-0.00867863979977743
2020-05-07 13:00:00,4,0.5531927570109061
2020-05-07 14:00:00,4,0.9446517861443073
2020-05-07 15:00:00,4,0.9301128182760818
2020-05-07 16:00:00,4,-0.9532251911159679
2020-05-07 17:00:00,4,0.8965597703353501
2020-05-07 18:00:00,4,-0.5488511377694794
2020-05-07 19:00:00,4,0.9258277867553227
2020-05-07 20:00:00,3,0.9936438626198045
2020-05-08 06:00:00,3,0.9300623497598935
2020-05-08 07:00:00,4,0.966099150437751
2020-05-08 08:00:00,4,0.9994618676912449
2020-05-08 09:00:00,4,-0.2612692732606462
2020-05-08 10:00:00,4,-0.9920050613191719
2020-05-08 11:00:00,4,-0.8505039808251295
2020-05-08 12:00:00,4,0.05801959508244928
2020-05-08 13:00:00,4,-0.9963511350189801
2020-05-08 14:00:00,4,-0.9818912877471225
2020-05-08 15:00:00,4,0.8188660745652585
2020-05-08 16:00:00,4,0.8164090991723176
2020-05-08 17:00:00,4,-0.95698735019793
2020-05-08 18:00:00,4,0.7818248515437419
2020-05-08 19:00:00,4,0.9895448212733554
2020-05-09 06:00:00,3,0.9457940311739537
2020-05-09 07:00:00,4,0.9968461259346159
2020-05-09 08:00:00,4,0.9998349892780509
2020-05-09 09:00:00,4,0.9987176075218461
2020-05-09 10:00:00,4,-0.8095035620424197
2020-05-09 11:00:00,4,0.7532599048165685
2020-05-09 12:00:00,4,0.8355515729603123
2020-05-09 13:00:00,4,-0.970573531435168
2020-05-09 14:00:00,4,0.6610222795312203
2020-05-09 15:00:00,4,0.8201489405163465
2020-05-09 16:00:00,4,-0.7713788642231033
2020-05-09 17:00:00,4,-0.7826540532176184
2020-05-09 18:00:00,4,0.9997928784872309
2020-05-09 19:00:00,4,0.9979513372365375
2020-05-09 20:00:00,3,0.9987015105953688
2020-05-10 06:00:00,3,0.9599349481604785
2020-05-10 07:00:00,4,0.9797649770346466
2020-05-10 08:00:00,4,0.8200895616230114
2020-05-10 09:00:00,4,-0.8849361477420404
2020-05-10 10:00:00,4,0.9214045632819976
2020-05-10 11:00:00,4,-0.8223398219146759
2020-05-10 12:00:00,4,0.267540535969215
2020-05-10 13:00:00,4,-0.8685757389380447
2020-05-10 14:00:00,4,0.6014514148232523
2020-05-10 15:00:00,4,-0.9762864797845722
2020-05-10 16:00:00,4,0.9809935916854112
2020-05-10 17:00:00,4,0.9986976246540321
2020-05-10 18:00:00,4,0.9985675555055344
2020-05-10 19:00:00,4,0.9798440238346133
2020-05-10 20:00:00,3,0.9974059619080592
2020-05-11 06:00:00,3,0.9148074042510734
2020-05-11 07:00:00,4,0.9457008156229113
2020-05-11 08:00:00,4,0.9993744192119328
2020-05-11 09:00:00,4,-0.2417539342223395
2020-05-11 10:00:00,4,-0.9193627808073004
2020-05-11 11:00:00,4,0.7175477837701795
2020-05-11 12:00:00,4,0.759282405378613
2020-05-11 13:00:00,4,-0.6754316787555465
2020-05-11 14:00:00,4,-0.7840013861832257
2020-05-11 15:00:00,4,-0.8844212785183174
2020-05-11 16:00:00,4,0.9522084736811979
2020-05-11 17:00:00,4,0.7592746729031301
2020-05-11 18:00:00,4,0.9989770124840338
2020-05-11 19:00:00,4,0.9848040867046752
2020-05-11 20:00:00,3,0.995202856130843
2020-05-12 06:00:00,3,0.9727200156412596
2020-05-12 07:00:00,4,0.9627020332346757
2020-05-12 08:00:00,4,0.9967067059670087
2020-05-12 09:00:00,4,0.9790623597953954
2020-05-12 10:00:00,4,0.9946622937295477
2020-05-12 11:00:00,4,0.9560075302946603
2020-05-12 12:00:00,4,0.9895225570619023
2020-05-12 13:00:00,4,0.4057830343972335
2020-05-12 14:00:00,4,0.08087799750016758
2020-05-12 15:00:00,4,0.11075084945303124
2020-05-12 16:00:00,4,0.7703665439848068
2020-05-12 17:00:00,4,0.9594270579278205
2020-05-12 18:00:00,4,0.9935411217922774
2020-05-12 19:00:00,4,0.9980343183691609
2020-05-12 20:00:00,3,0.9992682256543546
2020-05-13 07:00:00,4,0.9991581234480107
2020-05-13 08:00:00,4,0.9380988316784251
2020-05-13 09:00:00,4,0.7537895148232067
2020-05-13 10:00:00,4,0.8476891923693091
2020-05-13 11:00:00,4,-0.394503818512882
2020-05-13 12:00:00,4,-0.4401327146381122
2020-05-13 13:00:00,4,0.8232739730987115
2020-05-13 14:00:00,4,0.946190276161371
2020-05-13 15:00:00,4,-0.41088171211346813
2020-05-13 16:00:00,4,-0.889014814428313
2020-05-13 17:00:00,4,0.346439880150193
2020-05-13 18:00:00,4,0.9418852597012197
2020-05-13 19:00:00,4,0.9186311206669117
2020-05-13 20:00:00,3,0.9777256838542572
2020-05-14 06:00:00,3,0.9511012772444224
2020-05-14 07:00:00,4,0.9076503467550789
2020-05-14 08:00:00,4,0.9857107719191125
2020-05-14 09:00:00,4,0.9280054652668652
2020-05-14 10:00:00,4,-0.2623947580018691
2020-05-14 11:00:00,4,0.10651920795939465
2020-05-14 12:00:00,4,0.09765976397500606
2020-05-14 13:00:00,4,-0.9561925334576563
2020-05-14 14:00:00,4,-0.660530505702721
2020-05-14 15:00:00,4,0.9259962235398356
2020-05-14 16:00:00,4,0.5494027074389332
2020-05-14 17:00:00,4,-0.9888283675793531
2020-05-14 18:00:00,4,0.9721210287620882
2020-05-14 19:00:00,4,0.22298416844016325
2020-05-14 20:00:00,3,0.9931298994212535
2020-05-15 06:00:00,3,0.9673792662597073
2020-05-15 07:00:00,4,0.9734976970843264
2020-05-15 08:00:00,4,0.9992938645712998
2020-05-15 09:00:00,4,0.08244711465193462
2020-05-15 10:00:00,4,-0.9773132782130274
2020-05-15 11:00:00,4,-0.9896426825027972
2020-05-15 12:00:00,4,-0.9193311629144191
2020-05-15 13:00:00,4,0.3246967400345281
2020-05-15 14:00:00,4,0.6171755412172227
2020-05-15 15:00:00,4,0.9803711563359684
2020-05-15 16:00:00,4,0.9792959497706873
2020-05-15 17:00:00,4,-0.8517450679536147
2020-05-15 18:00:00,4,-0.9611092912907815
2020-05-15 19:00:00,4,0.9879543541984309
2020-05-15 20:00:00,3,0.9925000406189841
2020-05-16 06:00:00,3,0.9575911924081633
2020-05-16 07:00:00,4,0.9739453720971166
2020-05-16 08:00:00,4,0.9995229512801378
2020-05-16 09:00:00,4,-0.9799072275621993
2020-05-16 10:00:00,4,-0.8803189883600614
2020-05-16 11:00:00,4,0.8825343609439482
2020-05-16 12:00:00,4,0.9962067736136277
2020-05-16 13:00:00,4,0.9836699092879486
2020-05-16 14:00:00,4,-0.39443248142209947
2020-05-16 15:00:00,4,-0.9065382573575369
2020-05-16 16:00:00,4,-0.5835671332536682
2020-05-16 17:00:00,4,0.9957915302190211
2020-05-16 18:00:00,4,0.9994166690336453
2020-05-16 19:00:00,4,0.9920340756289109
2020-05-16 20:00:00,3,0.9988649021232753
2020-05-17 06:00:00,3,0.9740220698103655
2020-05-17 07:00:00,4,0.9904302069684325
2020-05-17 08:00:00,4,0.9621368573324863
2020-05-17 09:00:00,4,-0.4601704316933989
2020-05-17 10:00:00,4,-0.5759688854288955
2020-05-17 11:00:00,4,-0.21833518016128248
2020-05-17 12:00:00,4,0.16383980646500035
2020-05-17 13:00:00,4,0.9739108290855745
2020-05-17 14:00:00,4,-0.06839836777452894
2020-05-17 15:00:00,4,0.8657258665499338
2020-05-17 16:00:00,4,-0.35169577154570875
2020-05-17 17:00:00,4,-0.44432923166086663
2020-05-17 18:00:00,4,0.5654333116663158
2020-05-17 19:00:00,4,0.8918635084596428
2020-05-17 20:00:00,3,0.9585546880395734
2020-05-18 06:00:00,3,0.93050085576319
2020-05-18 07:00:00,4,0.9979165238306527
2020-05-18 08:00:00,4,0.6240321447034238
2020-05-18 09:00:00,4,0.7598125481041978
2020-05-18 10:00:00,4,-0.7236057669361594
2020-05-18 11:00:00,4,-0.7334435025794247
2020-05-18 12:00:00,4,-0.8200014952405624
2020-05-18 13:00:00,4,0.3683094974224854
2020-05-18 14:00:00,4,-0.5149848060997857
2020-05-18 15:00:00,4,0.7990624025993845
2020-05-18 16:00:00,4,0.4341385633194418
2020-05-18 17:00:00,4,0.9175726105409834
2020-05-18 18:00:00,4,0.6835024828701598
2020-05-18 19:00:00,4,0.9452901850597322
2020-05-18 20:00:00,3,0.9969569046823697
2020-05-19 06:00:00,3,0.9789124468116355
2020-05-19 07:00:00,4,0.9884736891722457
2020-05-19 08:00:00,4,0.9990829374731782
2020-05-19 09:00:00,4,0.9981344361816107
2020-05-19 10:00:00,4,0.9995847061537058
2020-05-19 11:00:00,4,-0.9305025533385096
2020-05-19 12:00:00,4,0.7287720525456085
2020-05-19 13:00:00,4,0.958728748801183
2020-05-19 14:00:00,4,0.9926879791152357
2020-05-19 15:00:00,4,0.9851859778330523
2020-05-19 16:00:00,4,0.988296226707621
2020-05-19 17:00:00,4,0.9978402405263306
2020-05-19 18:00:00,4,0.9971016445186269
2020-05-19 19:00:00,4,0.9960807672220878
2020-05-19 20:00:00,3,0.9972717797147972
2020-05-20 06:00:00,3,0.9645379808217535
2020-05-20 07:00:00,4,0.995369765742606
2020-05-20 08:00:00,4,0.9884013201658387
2020-05-20 09:00:00,4,0.8117392770760685
2020-05-20 10:00:00,4,-0.4506247273667021
2020-05-20 11:00:00,4,0.1948288151937623
2020-05-20 12:00:00,4,0.7256026039783581
2020-05-20 13:00:00,4,0.5810864381592081
2020-05-20 14:00:00,4,0.704658337295935
2020-05-20 15:00:00,4,0.788227604986125
2020-05-20 16:00:00,4,0.5472767694936886
2020-05-20 17:00:00,4,0.48738335138055583
2020-05-20 18:00:00,4,0.9805221160427978
2020-05-20 19:00:00,4,0.9992161657827419
2020-05-20 20:00:00,3,0.9999673155691797
2020-05-21 06:00:00,3,0.9550984058433684
2020-05-21 07:00:00,4,0.9774291897841008
2020-05-21 08:00:00,4,0.679771092863947
2020-05-21 09:00:00,4,0.44653226812544944
2020-05-21 10:00:00,4,0.9125499742204957
2020-05-21 11:00:00,4,0.9734683777999502
2020-05-21 12:00:00,4,0.13750892498539297
2020-05-21 13:00:00,4,-0.3291258777348094
2020-05-21 14:00:00,4,0.7793902023480752
2020-05-21 15:00:00,4,0.9105477463253921
2020-05-21 16:00:00,4,0.2972805919461083
2020-05-21 17:00:00,4,0.9216677871120503
2020-05-21 18:00:00,4,0.9820971862768628
2020-05-21 19:00:00,4,0.35592723578207713
2020-05-21 20:00:00,4,0.9931727959435332
2020-05-22 06:00:00,3,0.6286185570937121
2020-05-22 07:00:00,4,0.7330314663868245
2020-05-22 08:00:00,4,0.9643646632819676
2020-05-22 09:00:00,4,0.9820068665638373
2020-05-22 10:00:00,4,0.9860671943883276
2020-05-22 11:00:00,4,0.8445125599644537
2020-05-22 12:00:00,4,-0.7873252164640889
2020-05-22 13:00:00,4,0.9207904038624055
2020-05-22 14:00:00,4,0.7719359034144869
2020-05-22 15:00:00,4,0.7461027882471862
2020-05-22 16:00:00,4,0.9762209675239951
2020-05-22 17:00:00,4,0.9594110119752309
2020-05-22 18:00:00,4,0.7577638286969972
2020-05-22 19:00:00,4,0.8049042751823654
2020-05-22 20:00:00,4,0.8952767200240972
2020-05-23 06:00:00,4,0.9666346660124132
2020-05-23 07:00:00,4,0.9945947513427849
2020-05-23 08:00:00,4,0.9991925482743214
2020-05-23 09:00:00,4,0.999530723069764
2020-05-23 10:00:00,4,0.9917269378334831
2020-05-23 11:00:00,4,0.17086460782565407
2020-05-23 12:00:00,4,0.9934497983984122
2020-05-23 13:00:00,4,-0.9534090102324804
2020-05-23 14:00:00,4,-0.5760090071579714
2020-05-23 15:00:00,4,-0.5416443829710641
2020-05-23 16:00:00,4,-0.8862679041741653
2020-05-23 17:00:00,4,0.746934138522222
2020-05-23 18:00:00,4,0.8243651321353359
2020-05-23 19:00:00,4,0.7551227944072161
2020-05-23 20:00:00,4,0.8430965554578244
2020-05-24 06:00:00,4,0.9848994540319327
2020-05-24 07:00:00,4,0.9624827651512173
2020-05-24 08:00:00,4,0.7876450004038777
2020-05-24 09:00:00,4,0.8793618195455221
2020-05-24 10:00:00,4,0.7440923998679722
2020-05-24 11:00:00,4,0.8204899551201361
2020-05-24 12:00:00,4,0.8874854854999815
2020-05-24 13:00:00,4,0.7705817000426123
2020-05-24 14:00:00,4,0.15765040688459053
2020-05-24 15:00:00,4,0.048552524523591205
2020-05-24 16:00:00,4,0.8979904461917253
2020-05-24 17:00:00,4,0.9620758016654469
2020-05-24 18:00:00,4,0.8222165586639378
2020-05-24 19:00:00,4,0.8831641395920803
2020-05-24 20:00:00,4,0.9330758067646959
2020-05-25 06:00:00,4,0.9693037377044912
2020-05-25 07:00:00,4,0.9838553149533191
2020-05-25 08:00:00,4,0.7884153246239375
2020-05-25 09:00:00,4,0.9705747483206805
2020-05-25 10:00:00,4,0.7812829365612208
2020-05-25 11:00:00,4,-0.9235010651382659
2020-05-25 12:00:00,4,0.9465616348187791
2020-05-25 13:00:00,4,-0.3166904961427934
2020-05-25 14:00:00,4,0.6831615106860812
2020-05-25 15:00:00,4,0.9481264511977039
2020-05-25 16:00:00,4,-0.2024875044970347
2020-05-25 17:00:00,4,0.2539545051728053
2020-05-25 18:00:00,4,0.9823021952591563
2020-05-25 19:00:00,4,0.9940024149199721
2020-05-25 20:00:00,4,0.9765906209278138
2020-05-26 06:00:00,4,0.9565334105406778
2020-05-26 07:00:00,4,0.9378396999997308
2020-05-26 08:00:00,4,0.9995069456930793
2020-05-26 09:00:00,4,0.9805333376053417
2020-05-26 10:00:00,4,0.9984215603695811
2020-05-26 11:00:00,4,0.9998287024261315
2020-05-26 12:00:00,4,0.9935942351857706
2020-05-26 13:00:00,4,0.02118199071049214
2020-05-26 14:00:00,4,0.49751773293321994
2020-05-26 15:00:00,4,0.16038422235628322
2020-05-26 16:00:00,4,0.3842478392261428
2020-05-26 17:00:00,4,0.2624974542789037
2020-05-26 18:00:00,4,0.7820271794972647
2020-05-26 19:00:00,4,0.9940835950776814
2020-05-26 20:00:00,4,0.9824161106242297
2020-05-27 06:00:00,4,0.9780288179405898
2020-05-27 07:00:00,4,0.9776009874027415
2020-05-27 08:00:00,4,0.9820819243371156
2020-05-27 09:00:00,4,0.9841756060499504
2020-05-27 10:00:00,4,0.997846189504259
2020-05-27 11:00:00,4,0.9997439603547842
2020-05-27 12:00:00,4,0.9996553666677421
2020-05-27 13:00:00,4,0.9104267654067814
2020-05-27 14:00:00,4,-0.33147860973099497
2020-05-27 15:00:00,4,0.27100293940941195
2020-05-27 16:00:00,4,-0.7366519874362512
2020-05-27 17:00:00,4,-0.2635411920085583
2020-05-27 18:00:00,4,0.4442113464801927
2020-05-27 19:00:00,4,0.7269805771135814
2020-05-27 20:00:00,4,0.9953652942243482
2020-05-28 06:00:00,4,0.9270604422949003
2020-05-28 07:00:00,4,0.8245281693684009
2020-05-28 08:00:00,4,0.2697514684450617
2020-05-28 09:00:00,4,0.9801251259295762
2020-05-28 10:00:00,4,0.9917986724972265
2020-05-28 11:00:00,4,0.6130019850750422
2020-05-28 12:00:00,4,0.5462004786183258
2020-05-28 13:00:00,4,0.686105962719608
2020-05-28 14:00:00,4,0.6142118919056788
2020-05-28 15:00:00,4,0.6081440996217575
2020-05-28 16:00:00,4,0.44429475284917597
2020-05-28 17:00:00,4,0.7609317868424048
2020-05-28 18:00:00,4,0.9399351316777013
2020-05-28 19:00:00,4,0.9941320299099573
2020-05-28 20:00:00,4,0.9830851453141195
2020-05-29 06:00:00,4,0.816070930988141
2020-05-29 07:00:00,4,0.9958959312319389
2020-05-29 08:00:00,4,0.9991625060838807
2020-05-29 09:00:00,4,0.9993580331712623
2020-05-29 10:00:00,4,0.9953597517347033
2020-05-29 11:00:00,4,0.9987562086463523
2020-05-29 12:00:00,4,0.97952871970804
2020-05-29 13:00:00,4,-0.10656020796395996
2020-05-29 14:00:00,4,0.8455066601592225
2020-05-29 15:00:00,4,0.926687003853374
2020-05-29 16:00:00,4,0.6951292619637277
2020-05-29 17:00:00,4,-0.9647635009576978
2020-05-29 18:00:00,4,0.9876519973083865
2020-05-29 19:00:00,4,0.9824395443887896
2020-05-29 20:00:00,4,0.9919349962110545
2020-05-30 06:00:00,4,0.9775853894283173
2020-05-30 07:00:00,4,0.9459079113935394
2020-05-30 08:00:00,4,0.999951012988859
2020-05-30 09:00:00,4,-0.7629759804609567
2020-05-30 10:00:00,4,-0.8984339079886842
2020-05-30 11:00:00,4,-0.7908281410749584
2020-05-30 12:00:00,4,0.908662390175687
2020-05-30 13:00:00,4,0.9570328365356072
2020-05-30 14:00:00,4,0.9806137901520166
2020-05-30 15:00:00,4,0.9948625669925871
2020-05-30 16:00:00,4,0.9946602425216604
2020-05-30 17:00:00,4,0.9994023161971997
2020-05-30 18:00:00,4,0.9953784100349873
2020-05-30 19:00:00,4,0.9669852270466582
2020-05-30 20:00:00,4,0.9882817737227007
2020-05-31 06:00:00,4,0.9501482952133073
2020-05-31 07:00:00,4,0.9178722847962357
2020-05-31 08:00:00,4,0.9740986802559742
2020-05-31 09:00:00,4,0.9159171530236871
2020-05-31 10:00:00,4,0.19989654414398733
2020-05-31 11:00:00,4,0.40329333832891723
2020-05-31 12:00:00,4,0.2442851081898098
2020-05-31 13:00:00,4,0.9193986002945866
2020-05-31 14:00:00,4,-0.4774237395591167
2020-05-31 15:00:00,4,0.7121443772660477
2020-05-31 16:00:00,4,-0.9140775815029162
2020-05-31 17:00:00,4,0.8456175730732324
2020-05-31 18:00:00,4,-0.6458938971308091
2020-05-31 19:00:00,4,0.9915161967585409
2020-05-31 20:00:00,4,0.994716700892598
2020-06-01 06:00:00,4,0.9757693985015736
2020-06-01 07:00:00,4,0.95054574766625
2020-06-01 08:00:00,4,0.9999391290989529
2020-06-01 09:00:00,4,0.9994071082529351
2020-06-01 10:00:00,4,0.9982691857390406
2020-06-01 11:00:00,4,0.9942338937612244
2020-06-01 12:00:00,4,0.9836777405246672
2020-06-01 13:00:00,4,0.9243590122700798
2020-06-01 14:00:00,4,0.8690170618939184
2020-06-01 15:00:00,4,0.988380278763911
2020-06-01 16:00:00,4,0.033735908307264
2020-06-01 17:00:00,4,0.9973074549362083
2020-06-01 18:00:00,4,0.9967972725404992
2020-06-01 19:00:00,4,0.9882461573049737
2020-06-01 20:00:00,4,0.991647831460521
2020-06-02 06:00:00,4,0.9801726252952984
2020-06-02 07:00:00,4,0.9503449541813128
2020-06-02 08:00:00,4,0.9999002064501206
2020-06-02 09:00:00,4,0.9999188151657936
2020-06-02 10:00:00,4,0.9999223649613006
2020-06-02 11:00:00,4,0.9998592304359251
2020-06-02 12:00:00,4,0.997098619656716
2020-06-02 13:00:00,4,-0.9851023185937845
2020-06-02 14:00:00,4,-0.8857048141775451
2020-06-02 15:00:00,4,-0.9017421540294938
2020-06-02 16:00:00,4,-0.002377968329288118
2020-06-02 17:00:00,4,0.9974890745725407
2020-06-02 18:00:00,4,0.9958090586055998
2020-06-02 19:00:00,4,0.9783831343412809
2020-06-02 20:00:00,4,0.9915277955158285
2020-06-03 06:00:00,4,0.9799511876486329
2020-06-03 07:00:00,4,0.9550317198711482
2020-06-03 08:00:00,4,0.9999232787002348
2020-06-03 09:00:00,4,0.9997991753825374
2020-06-03 10:00:00,4,0.9989527033878873
2020-06-03 11:00:00,4,0.9996766554860024
2020-06-03 12:00:00,4,-0.5304870511982612
2020-06-03 13:00:00,4,-0.9075008214599876
2020-06-03 14:00:00,4,0.8039686396554219
2020-06-03 15:00:00,4,0.6731913535871101
2020-06-03 16:00:00,4,0.11105264399499068
2020-06-03 17:00:00,4,0.06005960154452505
2020-06-03 18:00:00,4,0.9218794982710806
2020-06-03 19:00:00,4,0.9937290776894107
2020-06-03 20:00:00,4,0.9936082277244168
2020-06-04 06:00:00,4,0.9694065470122785
2020-06-04 07:00:00,4,0.9748520495195382
2020-06-04 08:00:00,4,0.9997919971460578
2020-06-04 09:00:00,4,0.9975861950718322
2020-06-04 10:00:00,4,0.40446524675795686
2020-06-04 11:00:00,4,0.1392622328806054
2020-06-04 12:00:00,4,-0.5489170601404527
2020-06-04 13:00:00,4,0.9281765601668911
2020-06-04 14:00:00,4,0.5169406217441243
2020-06-04 15:00:00,4,0.9849062842450275
2020-06-04 16:00:00,4,0.812415305422615
2020-06-04 17:00:00,4,0.09884476140800648
2020-06-04 18:00:00,4,0.3758471570161288
2020-06-04 19:00:00,4,0.9805671473015941
2020-06-04 20:00:00,4,0.9930634731829482
2020-06-05 06:00:00,4,0.9612381907885491
2020-06-05 07:00:00,4,0.9801070169890509
2020-06-05 08:00:00,4,0.9998126578319585
2020-06-05 09:00:00,4,0.9996146532512389
2020-06-05 10:00:00,4,0.998199834751476
2020-06-05 11:00:00,4,0.9974915014013284
2020-06-05 12:00:00,4,0.9774666843889169
2020-06-05 13:00:00,4,0.3205878600233704
2020-06-05 14:00:00,4,0.8056663847175596
2020-06-05 15:00:00,4,0.021805980102614343
2020-06-05 16:00:00,4,-0.2642624423360082
2020-06-05 17:00:00,4,0.9944544570389514
2020-06-05 18:00:00,4,0.33281361203511434
2020-06-05 19:00:00,4,0.4505465030488743
2020-06-05 20:00:00,4,0.9956780030484538
2020-06-06 06:00:00,4,0.9039105921317895
2020-06-06 07:00:00,4,0.9920695934923286
2020-06-06 08:00:00,4,0.9118377123828735
2020-06-06 09:00:00,4,0.9437270022097852
2020-06-06 10:00:00,4,0.7245323988031043
2020-06-06 11:00:00,4,-0.9602161946080763
2020-06-06 12:00:00,4,-0.5616663476603961
2020-06-06 13:00:00,4,0.42497358649967154
2020-06-06 14:00:00,4,0.8674335090833799
2020-06-06 15:00:00,4,0.9715825205420725
2020-06-06 16:00:00,4,0.7259005892835387
2020-06-06 17:00:00,4,0.2702533997529769
2020-06-06 18:00:00,4,0.8142550778434179
2020-06-06 19:00:00,4,0.7584504929018057
2020-06-07 06:00:00,4,0.9867225716282321
2020-06-07 07:00:00,4,0.9768717720066519
2020-06-07 08:00:00,4,0.9987510295607855
2020-06-07 09:00:00,4,0.9988693898217084
2020-06-07 10:00:00,4,0.5226113366803607
2020-06-07 11:00:00,4,0.7129634896572407
2020-06-07 12:00:00,4,0.9718724538169559
2020-06-07 13:00:00,4,-0.49429720300396546
2020-06-07 14:00:00,4,0.8396125001457793
2020-06-07 15:00:00,4,-0.868073326910806
2020-06-07 16:00:00,4,-0.3414624721358565
2020-06-07 17:00:00,4,0.7111073294285575
2020-06-07 18:00:00,4,0.9941998312190551
2020-06-07 19:00:00,4,0.7716954902212508
2020-06-07 20:00:00,4,0.9395368675253379
2020-06-08 06:00:00,4,0.9848899092011981
2020-06-08 07:00:00,4,0.9626681428869327
2020-06-08 08:00:00,4,0.9995795692824043
2020-06-08 09:00:00,4,0.9976877207710795
2020-06-08 10:00:00,4,0.9986407423664272
2020-06-08 11:00:00,4,0.9983395214543032
2020-06-08 12:00:00,4,0.7368633796232285
2020-06-08 13:00:00,4,-0.09197487126574544
2020-06-08 14:00:00,4,-0.6139704279059556
2020-06-08 15:00:00,4,-0.7713649588503468
2020-06-08 16:00:00,4,-0.9070117695318743
2020-06-08 17:00:00,4,0.9805056559928548
2020-06-08 18:00:00,4,0.9208708726502071
2020-06-08 19:00:00,4,0.870377923004732
2020-06-08 20:00:00,4,0.9146687305105378
2020-06-09 06:00:00,4,0.9761884819550432
2020-06-09 07:00:00,4,0.937698383644901
2020-06-09 08:00:00,4,0.9996090331156899
2020-06-09 09:00:00,4,0.9992547861178139
2020-06-09 10:00:00,4,0.6951456980308456
2020-06-09 11:00:00,4,0.5729546878676269
2020-06-09 12:00:00,4,0.1777291335953471
2020-06-09 13:00:00,4,0.40351528375574514
2020-06-09 14:00:00,4,-0.12116495233288148
2020-06-09 15:00:00,4,0.9754736289769462
2020-06-09 16:00:00,4,0.983911622350466
2020-06-09 17:00:00,4,0.8987888526168012
2020-06-09 18:00:00,4,0.7817090613680456
2020-06-09 19:00:00,4,0.9741717422666829
2020-06-09 20:00:00,4,0.9998051828867509
2020-06-10 06:00:00,4,0.928029697425484
2020-06-10 07:00:00,4,0.9434303191389194
2020-06-10 08:00:00,4,0.9912839068376021
2020-06-10 09:00:00,4,0.9189615540540759
2020-06-10 10:00:00,4,-0.23557665805069541
2020-06-10 11:00:00,4,0.8146772299474226
2020-06-10 12:00:00,4,0.5543391888590802
2020-06-10 13:00:00,4,0.8670562924490134
2020-06-10 14:00:00,4,0.9699490394211149
2020-06-10 15:00:00,4,-0.20430695652110442
2020-06-10 16:00:00,4,-0.2722165183534555
2020-06-10 17:00:00,4,0.8025713482936562
2020-06-10 18:00:00,4,0.6130026638918582
2020-06-10 19:00:00,4,0.9565158918361814
2020-06-10 20:00:00,4,0.9838185370220957
2020-06-11 06:00:00,4,0.9241140544077427
2020-06-11 07:00:00,4,-0.2915992485959167
2020-06-11 08:00:00,4,0.9888887277120577
2020-06-11 09:00:00,4,0.9207182029694024
2020-06-11 10:00:00,4,0.9991477413892786
2020-06-11 11:00:00,4,0.6774227378033127
2020-06-11 12:00:00,4,0.9962892224785411
2020-06-11 13:00:00,4,0.04602912440881373
2020-06-11 14:00:00,4,0.5632061248045802
2020-06-11 15:00:00,4,-0.36476498151670567
2020-06-11 16:00:00,4,0.5206424336170041
2020-06-11 17:00:00,4,0.9503575225811743
2020-06-11 18:00:00,4,0.862039795845906
2020-06-11 19:00:00,4,0.9905898540242392
2020-06-11 20:00:00,4,0.844174792569552
2020-06-12 06:00:00,4,0.9920184818199032
2020-06-12 07:00:00,4,0.7247059357925623
2020-06-12 08:00:00,4,0.0878251025552404
2020-06-12 09:00:00,4,0.701554606832766
2020-06-12 10:00:00,4,0.9456304035788429
2020-06-12 11:00:00,4,0.7545717091179359
2020-06-12 12:00:00,4,0.3412667758072761
2020-06-12 13:00:00,4,0.9772437431776129
2020-06-12 14:00:00,4,-0.08305848845148507
2020-06-12 15:00:00,4,-0.010476159102130421
2020-06-12 16:00:00,4,-0.42573493696410747
2020-06-12 17:00:00,4,0.8243321051201193
2020-06-12 18:00:00,4,0.9979625109606808
2020-06-12 19:00:00,4,0.9632897667126662
2020-06-12 20:00:00,4,0.9973140702448108
2020-06-13 06:00:00,4,0.9813339607923015
2020-06-13 07:00:00,4,0.907014159106372
2020-06-13 08:00:00,4,-0.03927680912279784
2020-06-13 09:00:00,4,0.9589253421328892
2020-06-13 10:00:00,4,0.8294676666720198
2020-06-13 11:00:00,4,-0.07136540362532169
2020-06-13 12:00:00,4,0.9020197512413574
2020-06-13 13:00:00,4,0.33482763050269826
2020-06-13 14:00:00,4,0.9889652549242062
2020-06-13 15:00:00,4,0.9923137189283954
2020-06-13 16:00:00,4,0.9261588376450828
2020-06-13 17:00:00,4,0.8273892829140306
2020-06-13 18:00:00,4,0.4944244828915059
2020-06-13 19:00:00,4,0.7553194535607923
2020-06-13 20:00:00,4,0.9718967219771698
2020-06-14 06:00:00,4,0.9825585565336658
2020-06-14 07:00:00,4,0.9869800179679149
2020-06-14 08:00:00,4,0.9745921394047895
2020-06-14 09:00:00,4,0.6803756926984479
2020-06-14 10:00:00,4,0.9353642906615279
2020-06-14 11:00:00,4,0.6426587693930155
2020-06-14 12:00:00,4,0.8337803654372701
2020-06-14 13:00:00,4,0.4906061974720288
2020-06-14 14:00:00,4,0.9680220884771882
2020-06-14 15:00:00,4,0.6190120663041797
2020-06-14 16:00:00,4,0.6193504166894753
2020-06-14 17:00:00,4,0.8933461999533522
2020-06-14 18:00:00,4,0.1617850928102886
2020-06-14 19:00:00,4,0.9979282056733739
2020-06-14 20:00:00,4,0.9954020799912509
2020-06-15 06:00:00,4,0.8664275139942617
2020-06-15 07:00:00,4,0.953528516390844
2020-06-15 08:00:00,4,0.9086047606018677
2020-06-15 09:00:00,4,0.669242002193911
2020-06-15 10:00:00,4,0.7595236963713673
2020-06-15 11:00:00,4,0.9431925321314936
2020-06-15 12:00:00,4,0.5502212209341146
2020-06-15 13:00:00,4,-0.5615413385707312
2020-06-15 14:00:00,4,-0.5248561657254137
2020-06-15 15:00:00,4,-0.11704870837000513
2020-06-15 16:00:00,4,-0.47894762824477866
2020-06-15 17:00:00,4,0.8476138925668814
2020-06-15 18:00:00,4,0.9273669522584399
2020-06-15 19:00:00,4,0.5633833405926203
2020-06-15 20:00:00,4,0.978465775107029
2020-06-16 06:00:00,4,0.9735713076642584
2020-06-16 07:00:00,4,0.9121468803064909
2020-06-16 08:00:00,4,0.9989777907492039
2020-06-16 09:00:00,4,0.9992116600565837
2020-06-16 10:00:00,4,0.9956534328903915
2020-06-16 11:00:00,4,0.9999576145827592
2020-06-16 12:00:00,4,0.9844194436709942
2020-06-16 13:00:00,4,0.9060765003811022
2020-06-16 14:00:00,4,0.9854194291417128
2020-06-16 15:00:00,4,0.9894881026626675
2020-06-16 16:00:00,4,0.9785333215947806
2020-06-16 17:00:00,4,0.9970620414271127
2020-06-16 18:00:00,4,0.9973423451925065
2020-06-16 19:00:00,4,0.9765736433946023
2020-06-16 20:00:00,4,0.9888412510080956
2020-06-17 06:00:00,4,0.9841691792749804
2020-06-17 07:00:00,4,0.9477736238220732
2020-06-17 08:00:00,4,0.9990169770159775
2020-06-17 09:00:00,4,0.9992142020768418
2020-06-17 10:00:00,4,0.9975954370516423
2020-06-17 11:00:00,4,0.9277865479789695
2020-06-17 12:00:00,4,0.7532495347913422
2020-06-17 13:00:00,4,-0.02065182963562817
2020-06-17 14:00:00,4,0.6353514771359228
2020-06-17 15:00:00,4,0.7340037799931117
2020-06-17 16:00:00,4,-0.08069508643103518
2020-06-17 17:00:00,4,0.47059414027884555
2020-06-17 18:00:00,4,0.3081182343398025
2020-06-17 19:00:00,4,0.9952708327317921
2020-06-17 20:00:00,4,0.9970771743366884
2020-06-18 06:00:00,4,0.9644550674220537
2020-06-18 07:00:00,4,0.912294952721112
2020-06-18 08:00:00,4,0.9894138993452772
2020-06-18 09:00:00,4,0.5469489909994626
2020-06-18 10:00:00,4,0.4735772650565445
2020-06-18 11:00:00,4,0.999804640982665
2020-06-18 12:00:00,4,-0.9297119636626027
2020-06-18 13:00:00,4,0.7753410412104126
2020-06-18 14:00:00,4,0.8285590949189062
2020-06-18 15:00:00,4,-0.10124203198094459
2020-06-18 16:00:00,4,0.968590972264369
2020-06-18 17:00:00,4,0.9978034838320957
2020-06-18 18:00:00,4,0.9925205694420257
2020-06-18 19:00:00,4,0.9974829532493668
2020-06-18 20:00:00,4,0.9921325336562116
2020-06-19 06:00:00,4,0.9403395339664002
2020-06-19 07:00:00,4,0.9555872522927508
2020-06-19 08:00:00,4,0.8319814321165939
2020-06-19 09:00:00,4,0.9995375919995035
2020-06-19 10:00:00,4,0.9989126053318722
2020-06-19 11:00:00,4,0.9491358196219309
2020-06-19 12:00:00,4,0.9905080512618594
2020-06-19 13:00:00,4,0.7103406381240936
2020-06-19 14:00:00,4,0.987775748967804
2020-06-19 15:00:00,4,0.8657063146298329
2020-06-19 16:00:00,4,0.9986709559112986
2020-06-19 17:00:00,4,0.9919744135211513
2020-06-19 18:00:00,4,0.9165660630946889
2020-06-19 19:00:00,4,0.6164898786137396
2020-06-19 20:00:00,4,0.976811481617878
2020-06-20 06:00:00,3,0.9765536333140981
2020-06-20 07:00:00,4,0.9153595755536804
2020-06-20 08:00:00,4,0.9854783753184834
2020-06-20 09:00:00,4,0.9555556463066086
2020-06-20 10:00:00,4,-0.45063643279886617
2020-06-20 11:00:00,4,0.7013135719715576
2020-06-20 12:00:00,4,0.8789826552904073
2020-06-20 13:00:00,4,0.9840482596188729
2020-06-20 14:00:00,4,-0.04667784880661517
2020-06-20 15:00:00,4,0.9735046905810053
2020-06-20 16:00:00,4,-0.1619113316094169
2020-06-20 17:00:00,4,0.38617571900725706
2020-06-20 18:00:00,4,0.4938241992067959
2020-06-20 19:00:00,4,0.7823067099554055
2020-06-20 20:00:00,4,0.9818570094897815
2020-06-21 06:00:00,4,0.8587801920218543
2020-06-21 07:00:00,4,0.9171983054557672
2020-06-21 08:00:00,4,0.70242044777623
2020-06-21 09:00:00,4,0.7212359073745459
2020-06-21 10:00:00,4,0.7055521338202688
2020-06-21 11:00:00,4,0.3298428367221402
2020-06-21 12:00:00,4,0.8431689662497285
2020-06-21 13:00:00,4,0.6759489357789199
2020-06-21 14:00:00,4,0.14436464544825853
2020-06-21 15:00:00,4,0.9433019671617706
2020-06-21 16:00:00,4,-0.31116900402714026
2020-06-21 17:00:00,4,0.30108692602841247
2020-06-21 18:00:00,4,0.972175350941958
2020-06-21 19:00:00,4,0.6637203356286527
2020-06-21 20:00:00,4,0.9680096461827401
2020-06-22 06:00:00,4,0.9752244042181698
2020-06-22 07:00:00,4,0.9961352861291087
2020-06-22 08:00:00,4,0.96593115130868
2020-06-22 09:00:00,4,0.6908967755145045
2020-06-22 10:00:00,4,0.9990596901384311
2020-06-22 11:00:00,4,0.9942969829798678
2020-06-22 12:00:00,4,0.9289794156903425
2020-06-22 13:00:00,4,0.6509356459329039
2020-06-22 14:00:00,4,0.49588789799240174
2020-06-22 15:00:00,4,-0.3423078656639046
2020-06-22 16:00:00,4,-0.5304810377106856
2020-06-22 17:00:00,4,0.7804618307971989
2020-06-22 18:00:00,4,0.7841288368114996
2020-06-22 19:00:00,4,0.9831261911990589
2020-06-22 20:00:00,4,0.9997843160479206
2020-06-23 06:00:00,4,0.9241669285349309
2020-06-23 07:00:00,4,0.8427812776707735
2020-06-23 08:00:00,4,0.9969934352865085
2020-06-23 09:00:00,4,0.9999931437215169
2020-06-23 10:00:00,4,0.9980919412861857
2020-06-23 11:00:00,4,0.997706038487612
2020-06-23 12:00:00,4,-0.09231151227690167
2020-06-23 13:00:00,4,0.9651059151408906
2020-06-23 14:00:00,4,0.14009371109383506
2020-06-23 15:00:00,4,-0.7395624799369755
2020-06-23 16:00:00,4,0.3722540185825786
2020-06-23 17:00:00,4,-0.4461578866788422
2020-06-23 18:00:00,4,0.6829295705457361
2020-06-23 19:00:00,4,0.7359806215152855
2020-06-23 20:00:00,4,0.998182386292595
2020-06-24 06:00:00,4,0.988304028716057
2020-06-24 07:00:00,4,0.7929366693805338
2020-06-24 08:00:00,4,0.9984590859479173
2020-06-24 09:00:00,4,0.9943485876315872
2020-06-24 10:00:00,4,0.7906757636300014
2020-06-24 11:00:00,4,0.9980537698183567
2020-06-24 12:00:00,4,0.9998204737337469
2020-06-24 13:00:00,4,-0.05212310057805579
2020-06-24 14:00:00,4,0.730867320806876
2020-06-24 15:00:00,4,0.9368322559539886
2020-06-24 16:00:00,4,0.9529170687758849
2020-06-24 17:00:00,4,0.9758400267328583
2020-06-24 18:00:00,4,0.2820329504171665
2020-06-24 19:00:00,4,0.986663117555361
2020-06-24 20:00:00,4,0.9817836987720989
2020-06-25 06:00:00,3,0.938580674271446
2020-06-25 07:00:00,4,0.9572118015515128
2020-06-25 08:00:00,4,0.9934017943275061
2020-06-25 09:00:00,4,0.8837967922743621
2020-06-25 10:00:00,4,0.9079791257173739
2020-06-25 11:00:00,4,0.9832796776772503
2020-06-25 12:00:00,4,0.9646493527132899
2020-06-25 13:00:00,4,0.9741492836801485
2020-06-25 14:00:00,4,0.07877419474675094
2020-06-25 15:00:00,4,0.6206882205770953
2020-06-25 16:00:00,4,-0.9704696151988937
2020-06-25 17:00:00,4,0.9920012705493404
2020-06-25 18:00:00,4,0.6803104786225059
2020-06-25 19:00:00,4,0.9905899295090073
2020-06-25 20:00:00,4,0.9919849926700802
2020-06-26 06:00:00,4,0.9553525589611414
2020-06-26 07:00:00,4,0.915656038749926
2020-06-26 08:00:00,4,0.9743374221933755
2020-06-26 09:00:00,4,0.9061684208607538
2020-06-26 10:00:00,4,0.9954381236082277
2020-06-26 11:00:00,4,-0.08947995881093204
2020-06-26 12:00:00,4,0.9126003526120686
2020-06-26 13:00:00,4,0.8401901926030754
2020-06-26 14:00:00,4,0.8531996927674276
2020-06-26 15:00:00,4,0.9410097821068687
2020-06-26 16:00:00,4,0.8591796347422352
2020-06-26 17:00:00,4,0.6832623285954001
2020-06-26 18:00:00,4,0.9964656386790361
2020-06-26 19:00:00,4,0.9107487313348794
2020-06-26 20:00:00,4,0.9802684108389819
2020-06-27 06:00:00,4,
2020-06-27 07:00:00,4,0.994232086361062
2020-06-27 08:00:00,4,0.8288512520037268
2020-06-27 09:00:00,4,0.9998748999284307
2020-06-27 10:00:00,4,0.8015323462211282
2020-06-27 11:00:00,4,0.9539133782116899
2020-06-27 12:00:00,4,0.8380621572375421
2020-06-27 13:00:00,4,0.027897258013718968
2020-06-27 14:00:00,4,-0.5754396055943294
2020-06-27 15:00:00,4,0.9971037025284137
2020-06-27 16:00:00,4,0.9924975327867579
2020-06-27 17:00:00,4,0.9976808410769584
2020-06-27 18:00:00,4,0.9984851278863637
2020-06-27 19:00:00,4,0.9760702524895497
2020-06-27 20:00:00,4,0.9951241896735784
2020-06-28 06:00:00,4,0.9885126033265053
2020-06-28 07:00:00,4,0.8345436005374299
2020-06-28 08:00:00,4,0.9997751225774766
2020-06-28 09:00:00,4,0.963253741746374
2020-06-28 10:00:00,4,-0.3774158486536883
2020-06-28 11:00:00,4,-0.17993374595435221
2020-06-28 12:00:00,4,-0.6639053194644409
2020-06-28 13:00:00,4,0.06492768446470275
2020-06-28 14:00:00,4,0.0037620899133184497
2020-06-28 15:00:00,4,0.9876781245129193
2020-06-28 16:00:00,4,0.06343650928051843
2020-06-28 17:00:00,4,0.8687160824524699
2020-06-28 18:00:00,4,0.6321466249985596
2020-06-28 19:00:00,4,0.8632422876290348
2020-06-28 20:00:00,4,0.9978329945927353
2020-06-29 06:00:00,4,0.9748204498456522
2020-06-29 07:00:00,4,0.9279265206778862
2020-06-29 08:00:00,4,0.9992390474104587
2020-06-29 09:00:00,4,0.9447965910014459
2020-06-29 10:00:00,4,0.8320475472195296
2020-06-29 11:00:00,4,-0.5043611894145156
2020-06-29 12:00:00,4,0.39848328466021776
2020-06-29 13:00:00,4,0.07727713817675579
2020-06-29 14:00:00,4,0.6859748396218753
2020-06-29 15:00:00,4,-0.41025341429554
2020-06-29 16:00:00,4,0.7639036542725831
2020-06-29 17:00:00,4,0.9596289320798849
2020-06-29 18:00:00,4,0.9970934511778472
2020-06-29 19:00:00,4,0.8858347385028859
2020-06-29 20:00:00,4,0.9324523295931931
2020-06-30 06:00:00,3,0.92683013310378
2020-06-30 07:00:00,4,0.9408397459412133
2020-06-30 08:00:00,4,0.9971796077192336
2020-06-30 09:00:00,4,0.9996876537588869
2020-06-30 10:00:00,4,0.9233781248927516
2020-06-30 11:00:00,4,0.9257560404627254
2020-06-30 12:00:00,4,0.7463076973533048
2020-06-30 13:00:00,4,0.9381636281532308
2020-06-30 14:00:00,4,0.8450296586773827
2020-06-30 15:00:00,4,0.9799160212569697
2020-06-30 16:00:00,4,0.9670477011791248
2020-06-30 17:00:00,4,0.99037893576811
2020-06-30 18:00:00,4,0.9992402195206838
2020-06-30 19:00:00,4,0.9997907902497701
2020-06-30 20:00:00,4,0.9988641632110513
2020-07-01 06:00:00,4,0.9573117847890654
2020-07-01 07:00:00,4,0.9922992261853312
2020-07-01 08:00:00,4,0.999515341878278
2020-07-01 09:00:00,4,0.9989464830314557
2020-07-01 10:00:00,4,0.998720652930024
2020-07-01 11:00:00,4,0.9783099152820638
2020-07-01 12:00:00,4,0.743706075536451
2020-07-01 13:00:00,4,-0.3614801619556635
2020-07-01 14:00:00,4,-0.902409818437916
2020-07-01 15:00:00,4,0.9895625780035133
2020-07-01 16:00:00,4,0.9300133171572585
2020-07-01 17:00:00,4,0.9794930988148876
2020-07-01 18:00:00,4,0.9992394125146757
2020-07-01 19:00:00,4,0.9969184546692623
2020-07-01 20:00:00,4,0.9981957425183001
2020-07-02 06:00:00,4,0.9095874895523726
2020-07-02 07:00:00,4,0.9247672262622416
2020-07-02 08:00:00,4,0.96114892352897
2020-07-02 09:00:00,4,0.40825460343723646
2020-07-02 10:00:00,4,0.6877661556339699
2020-07-02 11:00:00,4,-0.09003962585611418
2020-07-02 12:00:00,4,0.1171230990788333
2020-07-02 13:00:00,4,-0.5759701603752096
2020-07-02 14:00:00,4,-0.3359826593440353
2020-07-02 15:00:00,4,-0.8954281154141496
2020-07-02 16:00:00,4,0.9411248690457837
2020-07-02 17:00:00,4,0.9699180140272823
2020-07-02 18:00:00,4,0.9426597126947456
2020-07-02 19:00:00,4,0.9214315985055392
2020-07-02 20:00:00,4,0.9894502272327669
2020-07-03 06:00:00,4,0.9582255129728853
2020-07-03 07:00:00,4,0.9371933552490778
2020-07-03 08:00:00,4,0.9986045622344876
2020-07-03 09:00:00,4,0.9852303534010809
2020-07-03 10:00:00,4,0.9869641327133415
2020-07-03 11:00:00,4,0.9957248378775198
2020-07-03 12:00:00,4,0.9645422169021387
2020-07-03 13:00:00,4,0.9443485183072894
2020-07-03 14:00:00,4,0.24155937826546325
2020-07-03 15:00:00,4,-0.13473689184467116
2020-07-03 16:00:00,4,0.9896600240490236
2020-07-03 17:00:00,4,0.66534784898665
2020-07-03 18:00:00,4,0.9960245921562154
2020-07-03 19:00:00,4,0.9821759652454111
2020-07-03 20:00:00,4,0.9987617554730656
2020-07-04 06:00:00,4,0.9650128200626449
2020-07-04 07:00:00,4,0.9305373578955144
2020-07-04 08:00:00,4,0.9976479815577699
2020-07-04 09:00:00,4,0.9997937206866754
2020-07-04 10:00:00,4,0.9978288358343074
2020-07-04 11:00:00,4,0.9996465704315475
2020-07-04 12:00:00,4,0.9444458208811869
2020-07-04 13:00:00,4,-0.4989489673002219
2020-07-04 14:00:00,4,0.9268250269106605
2020-07-04 15:00:00,4,0.5520621925695659
2020-07-04 16:00:00,4,0.9994973268991092
2020-07-04 17:00:00,4,0.9979765773986572
2020-07-04 18:00:00,4,0.5021854658731354
2020-07-04 19:00:00,4,0.9909449932323692
2020-07-04 20:00:00,4,0.9943402499482022
2020-07-05 06:00:00,4,0.9486813054432693
2020-07-05 07:00:00,4,0.9666346977861071
2020-07-05 08:00:00,4,0.9967459115380155
2020-07-05 09:00:00,4,0.9998896156312148
2020-07-05 10:00:00,4,-0.46501849594768985
2020-07-05 11:00:00,4,-0.012239261756010512
2020-07-05 12:00:00,4,0.9924971833679833
2020-07-05 13:00:00,4,0.8087928500861227
2020-07-05 14:00:00,4,0.4168479090620785
2020-07-05 15:00:00,4,-0.18681528636914532
2020-07-05 16:00:00,4,0.7231402860299065
2020-07-05 17:00:00,4,0.9999751557474035
2020-07-05 18:00:00,4,0.9940319614807784
2020-07-05 19:00:00,4,0.9940457420691466
2020-07-05 20:00:00,4,0.9969066382403211
2020-07-06 06:00:00,3,0.9682538365670285
2020-07-06 07:00:00,4,0.7790245587289513
2020-07-06 08:00:00,4,0.9615484186823435
2020-07-06 09:00:00,4,0.9786627205360899
2020-07-06 10:00:00,4,0.12028471192665491
2020-07-06 11:00:00,4,-0.6944016513435521
2020-07-06 12:00:00,4,0.6408828010063383
2020-07-06 13:00:00,4,-0.2431088584616087
2020-07-06 14:00:00,4,0.1501649752161558
2020-07-06 15:00:00,4,0.2928659510131108
2020-07-06 16:00:00,4,-0.6041888745127224
2020-07-06 17:00:00,4,0.20726267678355134
2020-07-06 18:00:00,4,0.9965415309599421
2020-07-06 19:00:00,4,0.9966096151771746
2020-07-06 20:00:00,4,0.999411870284891
2020-07-07 06:00:00,3,0.9558382689610865
2020-07-07 07:00:00,4,0.33949692804208853
2020-07-07 08:00:00,4,0.48189827191107726
2020-07-07 09:00:00,4,0.6910607103153155
2020-07-07 10:00:00,4,0.8438491079578881
2020-07-07 11:00:00,4,0.48279935256807305
2020-07-07 12:00:00,4,-0.3625636456258367
2020-07-07 13:00:00,4,-0.5029451185667918
2020-07-07 14:00:00,4,0.9849387278117552
2020-07-07 15:00:00,4,0.9056564508763846
2020-07-07 16:00:00,4,-0.4920650979844982
2020-07-07 17:00:00,4,-0.07580367499031578
2020-07-07 18:00:00,4,0.6907321611416112
2020-07-07 19:00:00,4,0.998576427645898
2020-07-07 20:00:00,4,0.9847770419675778
2020-07-08 06:00:00,3,0.9719540049858498
2020-07-08 07:00:00,4,0.9952375572478875
2020-07-08 08:00:00,4,0.9937631795424939
2020-07-08 09:00:00,4,0.9998914306640015
2020-07-08 10:00:00,4,0.9925127518292747
2020-07-08 11:00:00,4,0.9956265959692806
2020-07-08 12:00:00,4,0.9643180551636713
2020-07-08 13:00:00,4,-0.9000468846982431
2020-07-08 14:00:00,4,0.8752641212793693
2020-07-08 15:00:00,4,0.9748756903111145
2020-07-08 16:00:00,4,-0.9959791840349626
2020-07-08 17:00:00,4,0.9344747932982174
2020-07-08 18:00:00,4,0.9992821186257638
2020-07-08 19:00:00,4,0.9831422298516825
2020-07-08 20:00:00,4,0.9995227577921794
2020-07-09 06:00:00,4,0.9769433459285857
2020-07-09 07:00:00,4,0.8437032237265087
2020-07-09 08:00:00,4,0.6902551993262167
2020-07-09 09:00:00,4,0.9598437609330095
2020-07-09 10:00:00,4,0.9979944854012154
2020-07-09 11:00:00,4,0.9949541166911128
2020-07-09 12:00:00,4,0.31550302437595973
2020-07-09 13:00:00,4,0.06289840894338576
2020-07-09 14:00:00,4,0.9689946181793384
2020-07-09 15:00:00,4,0.2869018841781381
2020-07-09 16:00:00,4,0.34411029715257085
2020-07-09 17:00:00,4,-0.6223052106319229
2020-07-09 18:00:00,4,0.9461850837520357
2020-07-09 19:00:00,4,0.9560254107639555
2020-07-09 20:00:00,4,0.9951031701575705
2020-07-10 06:00:00,3,0.96634029221447
2020-07-10 07:00:00,4,0.9867704675868294
2020-07-10 08:00:00,4,0.8870802595161802
2020-07-10 09:00:00,4,0.9577117682591942
2020-07-10 10:00:00,4,0.45207327268113257
2020-07-10 11:00:00,4,0.5114291224342314
2020-07-10 12:00:00,4,0.30197860159755274
2020-07-10 13:00:00,4,0.53264300437516
2020-07-10 14:00:00,4,0.9446833478966876
2020-07-10 15:00:00,4,0.7031638430287996
2020-07-10 16:00:00,4,0.7974093229823828
2020-07-10 17:00:00,4,0.4717908715609379
2020-07-10 18:00:00,4,0.859460229190928
2020-07-10 19:00:00,4,0.9995303126470599
2020-07-10 20:00:00,4,0.9974197916191312
2020-07-11 06:00:00,3,0.9394895352248827
2020-07-11 07:00:00,4,0.2568522862352713
2020-07-11 08:00:00,4,0.9129407929447663
2020-07-11 09:00:00,4,0.9981308449729186
2020-07-11 10:00:00,4,-0.13771291885081632
2020-07-11 11:00:00,4,0.3674908828367139
2020-07-11 12:00:00,4,0.9769485516631307
2020-07-11 13:00:00,4,-0.05212103670258276
2020-07-11 14:00:00,4,0.5859741308815095
2020-07-11 15:00:00,4,-0.09174854851542259
2020-07-11 16:00:00,4,0.3195575868526689
2020-07-11 17:00:00,4,0.903504736612857
2020-07-11 18:00:00,4,0.9873612757162054
2020-07-11 19:00:00,4,0.995942873057149
2020-07-11 20:00:00,4,0.9963844661199251
2020-07-12 06:00:00,3,0.9317138692001176
2020-07-12 07:00:00,4,0.6280985746759082
2020-07-12 08:00:00,4,0.9720345354214384
2020-07-12 09:00:00,4,0.9891362909822744
2020-07-12 10:00:00,4,0.5606076023976954
2020-07-12 11:00:00,4,0.8408163454967257
2020-07-12 12:00:00,4,0.9951431727360137
2020-07-12 13:00:00,4,-0.019146856045336908
2020-07-12 14:00:00,4,0.28971549289751297
2020-07-12 15:00:00,4,0.6764181589826966
2020-07-12 16:00:00,4,0.9784018295313999
2020-07-12 17:00:00,4,0.9960542020088832
2020-07-12 18:00:00,4,0.9444555569251195
2020-07-12 19:00:00,4,0.9963922456921578
2020-07-12 20:00:00,4,0.9981003978404087
2020-07-13 06:00:00,4,0.9251084498573056
2020-07-13 07:00:00,4,0.9527104970936862
2020-07-13 08:00:00,4,0.8707741747861792
2020-07-13 09:00:00,4,0.6119990809209372
2020-07-13 10:00:00,4,-0.5177310661218928
2020-07-13 11:00:00,4,0.7667717420751077
2020-07-13 12:00:00,4,-0.5762590792912918
2020-07-13 13:00:00,4,0.7408414179874286
2020-07-13 14:00:00,4,0.9484253843106762
2020-07-13 15:00:00,4,0.43932769670266
2020-07-13 16:00:00,4,0.9343478689931253
2020-07-13 17:00:00,4,0.7521292641506405
2020-07-13 18:00:00,4,0.3735861953932667
2020-07-13 19:00:00,4,0.9573155593983699
2020-07-13 20:00:00,4,0.9042409625661821
2020-07-14 06:00:00,3,0.9882502336826977
2020-07-14 07:00:00,4,0.870220390753662
2020-07-14 08:00:00,4,0.9970646474226318
2020-07-14 09:00:00,4,0.9996981264099849
2020-07-14 10:00:00,4,0.997740249948658
2020-07-14 11:00:00,4,0.9982265353986682
2020-07-14 12:00:00,4,0.9529145925421456
2020-07-14 13:00:00,4,0.8448930577797625
2020-07-14 14:00:00,4,0.9860980687703285
2020-07-14 15:00:00,4,0.9964857814958139
2020-07-14 16:00:00,4,0.9722982658261734
2020-07-14 17:00:00,4,0.9592161981095998
2020-07-14 18:00:00,4,0.44926247280322723
2020-07-14 19:00:00,4,0.9905686745916381
2020-07-14 20:00:00,4,0.9696068514964776
2020-07-15 06:00:00,3,0.9164491162507553
2020-07-15 07:00:00,4,0.8625996969501455
2020-07-15 08:00:00,4,0.9970053673612939
2020-07-15 09:00:00,4,0.9999178414259032
2020-07-15 10:00:00,4,0.9988451787429522
2020-07-15 11:00:00,4,-0.6586781824018835
2020-07-15 12:00:00,4,0.8550990151428597
2020-07-15 13:00:00,4,0.951251999188836
2020-07-15 14:00:00,4,0.9952907025110992
2020-07-15 15:00:00,4,0.9826175249055149
2020-07-15 16:00:00,4,0.9887925097877406
2020-07-15 17:00:00,4,0.9981349781984061
2020-07-15 18:00:00,4,0.9984801654910135
2020-07-15 19:00:00,4,0.9726921792719846
2020-07-15 20:00:00,4,0.9965902749265441
2020-07-16 06:00:00,3,0.8844859472533986
2020-07-16 07:00:00,4,0.9756353697958315
2020-07-16 08:00:00,4,0.9774078247343819
2020-07-16 09:00:00,4,0.2850222009866692
2020-07-16 10:00:00,4,0.6952498843902378
2020-07-16 11:00:00,4,0.9882064643178166
2020-07-16 12:00:00,4,0.7946714631789917
2020-07-16 13:00:00,4,0.43131319344946384
2020-07-16 14:00:00,4,0.954981318787431
2020-07-16 15:00:00,4,0.6432389069801588
2020-07-16 16:00:00,4,0.7114224086262758
2020-07-16 17:00:00,4,0.6742917415522137
2020-07-16 18:00:00,4,0.31572058429108407
2020-07-16 19:00:00,4,0.9476250231663604
2020-07-16 20:00:00,4,0.9658364424604964
2020-07-17 06:00:00,3,0.9748182579304653
2020-07-17 07:00:00,4,0.9966786095600269
2020-07-17 08:00:00,4,0.984285286695958
2020-07-17 09:00:00,4,0.8387742571955573
2020-07-17 10:00:00,4,-0.198822615725855
2020-07-17 11:00:00,4,0.8524077999099501
2020-07-17 12:00:00,4,-0.8658052384679731
2020-07-17 13:00:00,4,0.1915392182436114
2020-07-17 14:00:00,4,0.8808388862718134
2020-07-17 15:00:00,4,0.9954363589373033
2020-07-17 16:00:00,4,0.9898205018003421
2020-07-17 17:00:00,4,0.9942330100357151
2020-07-17 18:00:00,4,0.999226525328844
2020-07-17 19:00:00,4,0.9834011488877151
2020-07-17 20:00:00,4,0.9944574398579407
2020-07-18 06:00:00,3,0.9323907865005872
2020-07-18 07:00:00,4,0.8517706333512159
2020-07-18 08:00:00,4,0.9967717079119405
2020-07-18 09:00:00,4,0.9998543899160792
2020-07-18 10:00:00,4,0.9974480273228837
2020-07-18 11:00:00,4,0.9999464906362037
2020-07-18 12:00:00,4,0.9247329372509153
2020-07-18 13:00:00,4,0.7829219140782508
2020-07-18 14:00:00,4,0.9170880384740385
2020-07-18 15:00:00,4,0.997519502284891
2020-07-18 16:00:00,4,0.987592504039072
2020-07-18 17:00:00,4,0.9979846565741851
2020-07-18 18:00:00,4,0.9978682022995541
2020-07-18 19:00:00,4,0.9818892541895566
2020-07-18 20:00:00,4,0.980633118352796
2020-07-19 06:00:00,4,0.9558070309604778
2020-07-19 07:00:00,4,0.9609489562760417
2020-07-19 08:00:00,4,0.9752670671954586
2020-07-19 09:00:00,4,0.9729224785437445
2020-07-19 10:00:00,4,-0.3805098791016296
2020-07-19 11:00:00,4,0.7989842684840581
2020-07-19 12:00:00,4,0.1590943827053037
2020-07-19 13:00:00,4,0.7791168076042975
2020-07-19 14:00:00,4,-0.46704067596821935
2020-07-19 15:00:00,4,0.21885378083496976
2020-07-19 16:00:00,4,0.7528338900923883
2020-07-19 17:00:00,4,0.7907516481077246
2020-07-19 18:00:00,4,0.9376226755291541
2020-07-19 19:00:00,4,0.976269432046181
2020-07-19 20:00:00,4,0.991669585095927
2020-07-20 06:00:00,4,0.9744545127459854
2020-07-20 07:00:00,4,0.9085784253079852
2020-07-20 08:00:00,4,0.9500229216002083
2020-07-20 09:00:00,4,0.9999579174760306
2020-07-20 10:00:00,4,0.9985851092049902
2020-07-20 11:00:00,4,0.9927062733447612
2020-07-20 12:00:00,4,0.9715343543892295
2020-07-20 13:00:00,4,0.06203816728658214
2020-07-20 14:00:00,4,-0.2723457297686869
2020-07-20 15:00:00,4,0.6929583434599357
2020-07-20 16:00:00,4,0.9946265060131838
2020-07-20 17:00:00,4,-0.2287901607708847
2020-07-20 18:00:00,4,0.888451195287717
2020-07-20 19:00:00,4,0.9773559954179906
2020-07-20 20:00:00,4,0.9969408752486014
2020-07-21 07:00:00,4,0.9450747981377297
2020-07-21 08:00:00,4,0.2933653918314968
2020-07-21 09:00:00,4,-0.31277920792691966
2020-07-21 10:00:00,4,0.0949753999857354
2020-07-21 11:00:00,4,0.8033638007126559
2020-07-21 12:00:00,4,0.8879851529263018
2020-07-21 13:00:00,4,0.9199002496758286
2020-07-21 14:00:00,4,-0.8119645689185887
2020-07-21 15:00:00,4,0.8816410299631215
2020-07-21 16:00:00,4,-0.22394023110318703
2020-07-21 17:00:00,4,0.6575662207001626
2020-07-21 18:00:00,4,0.8635603820906382
2020-07-21 19:00:00,4,0.9389080091838671
2020-07-21 20:00:00,4,0.998061672242566
2020-07-22 06:00:00,3,0.8485552916276634
2020-07-22 07:00:00,4,0.9377468049194758
2020-07-22 08:00:00,4,0.9994006652856364
2020-07-22 09:00:00,4,0.831012302421012
2020-07-22 10:00:00,4,-0.9156484342647596
2020-07-22 11:00:00,4,0.6190606428387854
2020-07-22 12:00:00,4,0.5598620623056842
2020-07-22 13:00:00,4,0.29562524864832246
2020-07-22 14:00:00,4,-0.43173765586326174
2020-07-22 15:00:00,4,0.977599766376816
2020-07-22 16:00:00,4,0.807127641510258
2020-07-22 17:00:00,4,-0.6570632318804727
2020-07-22 18:00:00,4,0.99915610929867
2020-07-22 19:00:00,4,0.9280409186414625
2020-07-22 20:00:00,4,0.9643307062511064
2020-07-23 07:00:00,4,0.9746761698592952
2020-07-23 08:00:00,4,0.9391963192091566
2020-07-23 09:00:00,4,0.7346586824808393
2020-07-23 10:00:00,4,0.5286797947791566
2020-07-23 11:00:00,4,0.9969152221468787
2020-07-23 12:00:00,4,0.9727461692314625
2020-07-23 13:00:00,4,0.03350040523091184
2020-07-23 14:00:00,4,0.706276735064526
2020-07-23 15:00:00,4,0.9601257652522077
2020-07-23 16:00:00,4,-0.2558038683555473
2020-07-23 17:00:00,4,-0.3799178490189125
2020-07-23 18:00:00,4,0.868165805850892
2020-07-23 19:00:00,4,0.8809617107011033
2020-07-23 20:00:00,4,0.9955264943009283
2020-07-24 03:00:00,4,
2020-07-24 04:00:00,4,
2020-07-24 05:00:00,4,
2020-07-24 06:00:00,4,
2020-07-24 07:00:00,4,0.8618651431964709
2020-07-24 08:00:00,4,0.21608543159996543
2020-07-24 09:00:00,4,0.9186959400982325
2020-07-24 10:00:00,4,0.932393163101298
2020-07-24 11:00:00,4,-0.24300089462066285
2020-07-24 12:00:00,4,0.5726589390482764
2020-07-24 13:00:00,4,0.9577443692529389
2020-07-24 14:00:00,4,0.9638889403209067
2020-07-24 15:00:00,4,0.9946771204881778
2020-07-24 16:00:00,4,-0.7173158135259351
2020-07-24 17:00:00,4,0.21256799010214728
2020-07-24 18:00:00,4,0.9993731554186337
2020-07-24 19:00:00,4,0.9950206256183648
2020-07-24 20:00:00,4,0.9733571118403818
2020-07-25 06:00:00,3,0.9406341620035447
2020-07-25 07:00:00,4,0.9049366454690098
2020-07-25 08:00:00,4,0.9970667837322276
2020-07-25 09:00:00,4,0.9996417272196132
2020-07-25 10:00:00,4,0.9985058754472154
2020-07-25 11:00:00,4,0.9992329962394467
2020-07-25 12:00:00,4,0.9963292671078405
2020-07-25 13:00:00,4,-0.4200729521511122
2020-07-25 14:00:00,4,-0.2121549638313122
2020-07-25 15:00:00,4,-0.961997868539216
2020-07-25 16:00:00,4,-0.5236025841786575
2020-07-25 17:00:00,4,0.9611198195731366
2020-07-25 18:00:00,4,0.9990368384515971
2020-07-25 19:00:00,4,0.9909945720801249
2020-07-25 20:00:00,4,0.9977321123458388
2020-07-26 06:00:00,3,0.9320239247129536
2020-07-26 07:00:00,4,0.9274206220105382
2020-07-26 08:00:00,4,0.9984704396464533
2020-07-26 09:00:00,4,0.9995448771917256
2020-07-26 10:00:00,4,0.9993275283725249
2020-07-26 11:00:00,4,-0.5415492036241226
2020-07-26 12:00:00,4,-0.9116163427485823
2020-07-26 13:00:00,4,-0.5350692988862794
2020-07-26 14:00:00,4,0.9019783136904533
2020-07-26 15:00:00,4,-0.12962599738229424
2020-07-26 16:00:00,4,0.990038603887015
2020-07-26 17:00:00,4,-0.13636959582765074
2020-07-26 18:00:00,4,0.9991997248708316
2020-07-26 19:00:00,4,0.9950110566410186
2020-07-26 20:00:00,4,0.9931716307498085
2020-07-27 07:00:00,4,0.8976142861109615
2020-07-27 08:00:00,4,0.9977931682758706
2020-07-27 09:00:00,4,0.9990718598678264
2020-07-27 10:00:00,4,0.9981256345764675
2020-07-27 11:00:00,4,0.9881759554316298
2020-07-27 12:00:00,4,0.9775118949129632
2020-07-27 13:00:00,4,0.980350409046069
2020-07-27 14:00:00,4,0.9740916675265009
2020-07-27 15:00:00,4,0.9954994408649684
2020-07-27 16:00:00,4,0.9957873632713737
2020-07-27 17:00:00,4,0.997427488108851
2020-07-27 18:00:00,4,0.9994194130620616
2020-07-27 19:00:00,4,0.9830069499062956
2020-07-27 20:00:00,3,0.9966356435659744
2020-07-28 07:00:00,4,0.9292514276842446
2020-07-28 08:00:00,4,0.9988588904663679
2020-07-28 09:00:00,4,0.6468284935707708
2020-07-28 10:00:00,4,-0.6664309129165165
2020-07-28 11:00:00,4,0.7088609549510315
2020-07-28 12:00:00,4,0.5644808596052606
2020-07-28 13:00:00,4,0.9598797288766834
2020-07-28 14:00:00,4,0.5716964939862863
2020-07-28 15:00:00,4,0.7842843887345792
2020-07-28 16:00:00,4,0.5691852790296412
2020-07-28 17:00:00,4,0.7051698991798422
2020-07-28 18:00:00,4,0.8834651061280335
2020-07-28 19:00:00,4,-0.4488626597194463
2020-07-28 20:00:00,4,0.999621391490389
2020-07-29 06:00:00,3,0.9358567275868336
2020-07-29 07:00:00,4,0.9383018887237097
2020-07-29 08:00:00,4,0.9960656221500421
2020-07-29 09:00:00,4,0.9992240406048873
2020-07-29 10:00:00,4,0.9957083659623541
2020-07-29 11:00:00,4,0.49219999475704906
2020-07-29 12:00:00,4,0.9957466380672767
2020-07-29 13:00:00,4,-0.8704140181420988
2020-07-29 14:00:00,4,-0.4604551616330858
2020-07-29 15:00:00,4,0.9590649218051794
2020-07-29 16:00:00,4,0.7688601979580518
2020-07-29 17:00:00,4,0.5640442628578879
2020-07-29 18:00:00,4,0.4253532870627258
2020-07-29 19:00:00,4,0.963991291303119
2020-07-29 20:00:00,3,0.9874739952985797
2020-07-30 07:00:00,4,0.9923386787222411
2020-07-30 08:00:00,4,0.8719258382854201
2020-07-30 09:00:00,4,-0.7984274861746032
2020-07-30 10:00:00,4,0.49265404296521453
2020-07-30 11:00:00,4,-0.48475774106306957
2020-07-30 12:00:00,4,-0.22984083057690569
2020-07-30 13:00:00,4,-0.20403929779967592
2020-07-30 14:00:00,4,-0.15354234761431912
2020-07-30 15:00:00,4,0.49723407916457446
2020-07-30 16:00:00,4,0.9626392309400025
2020-07-30 17:00:00,4,0.7114705658463241
2020-07-30 18:00:00,4,0.7021227114720593
2020-07-30 19:00:00,4,0.77621269177911
2020-07-30 20:00:00,4,0.997795284522729
2020-07-31 07:00:00,4,0.9105107455297056
2020-07-31 08:00:00,4,0.9948756950949088
2020-07-31 09:00:00,4,0.9999372184371866
2020-07-31 10:00:00,4,0.9976494095808579
2020-07-31 11:00:00,4,0.9997440213965338
2020-07-31 12:00:00,4,0.9785376084470434
2020-07-31 13:00:00,4,0.9923176081331893
2020-07-31 14:00:00,4,0.952823738622622
2020-07-31 15:00:00,4,0.9606957642161643
2020-07-31 16:00:00,4,-0.22192350326312468
2020-07-31 17:00:00,4,0.9970865459234612
2020-07-31 18:00:00,4,0.9980662212142812
2020-07-31 19:00:00,4,0.9907113292347132
2020-07-31 20:00:00,3,0.99717935605795
2020-08-01 07:00:00,4,0.9028596510685349
2020-08-01 08:00:00,4,0.9944122670294917
2020-08-01 09:00:00,4,0.9996003698581858
2020-08-01 10:00:00,4,0.9969923022439011
2020-08-01 11:00:00,4,0.9983383852043114
2020-08-01 12:00:00,4,0.99813367119817
2020-08-01 13:00:00,4,0.7014338359788462
2020-08-01 14:00:00,4,0.9582588288566692
2020-08-01 15:00:00,4,0.9907072513691793
2020-08-01 16:00:00,4,0.9660677448499261
2020-08-01 17:00:00,4,0.9977017227301584
2020-08-01 18:00:00,4,0.9981867421950228
2020-08-01 19:00:00,4,0.9836199050072867
2020-08-01 20:00:00,3,0.9975784210561451
2020-08-02 07:00:00,4,0.9031906789209369
2020-08-02 08:00:00,4,0.1870710589596213
2020-08-02 09:00:00,4,0.5425113597663819
2020-08-02 10:00:00,4,0.9923713794284477
2020-08-02 11:00:00,4,0.9935528085497083
2020-08-02 12:00:00,4,0.974037938919327
2020-08-02 13:00:00,4,0.042681201987630014
2020-08-02 14:00:00,4,-0.22439230745890695
2020-08-02 15:00:00,4,0.9057345193272504
2020-08-02 16:00:00,4,0.991722465468964
2020-08-02 17:00:00,4,0.9890623684913891
2020-08-02 18:00:00,4,0.9968771810771883
2020-08-02 19:00:00,4,0.9887525381757101
2020-08-02 20:00:00,3,0.999883452748344
2020-08-03 07:00:00,4,0.9908448380192175
2020-08-03 08:00:00,4,0.06095555122733437
2020-08-03 09:00:00,4,0.8567556514900903
2020-08-03 10:00:00,4,0.8895984379946483
2020-08-03 11:00:00,4,0.967364004684019
2020-08-03 12:00:00,4,0.45771630476777775
2020-08-03 13:00:00,4,0.16997289128688747
2020-08-03 14:00:00,4,0.8315116173632702
2020-08-03 15:00:00,4,0.9981141092350708
2020-08-03 16:00:00,4,0.8918811814836766
2020-08-03 17:00:00,4,0.9676400228168671
2020-08-03 18:00:00,4,0.8597383527005829
2020-08-03 19:00:00,4,0.9771022883433848
2020-08-03 20:00:00,3,0.9935385937424197
2020-08-04 07:00:00,4,0.9707317745024875
2020-08-04 08:00:00,4,0.997361226235802
2020-08-04 09:00:00,4,0.9996154648663933
2020-08-04 10:00:00,4,0.9996346054905371
2020-08-04 11:00:00,4,0.999658025506042
2020-08-04 12:00:00,4,0.9890232418642336
2020-08-04 13:00:00,4,0.9335642780137591
2020-08-04 14:00:00,4,0.9510632925835852
2020-08-04 15:00:00,4,-0.16727621809737148
2020-08-04 16:00:00,4,0.8072655401719563
2020-08-04 17:00:00,4,0.9954620410199928
2020-08-04 18:00:00,4,0.9999864921432202
2020-08-04 19:00:00,4,0.9904182063674934
2020-08-04 20:00:00,3,0.9889241592390825
2020-08-05 07:00:00,4,0.9895917068622688
2020-08-05 08:00:00,4,0.8947969111720347
2020-08-05 09:00:00,4,0.9381359461981714
2020-08-05 10:00:00,4,0.05349173676976243
2020-08-05 11:00:00,4,0.4026380198001068
2020-08-05 12:00:00,4,0.2516123751016397
2020-08-05 13:00:00,4,0.9531729796264908
2020-08-05 14:00:00,4,0.4504384324862286
2020-08-05 15:00:00,4,0.03991152645807287
2020-08-05 16:00:00,4,0.4705083925217505
2020-08-05 17:00:00,4,-0.1980953436381738
2020-08-05 18:00:00,4,0.9996224902266551
2020-08-05 19:00:00,4,0.9727989805694639
2020-08-05 20:00:00,3,0.9948627968033136
2020-08-06 07:00:00,4,0.9878395927894423
2020-08-06 08:00:00,4,0.995722801000489
2020-08-06 09:00:00,4,0.9995258757227452
2020-08-06 10:00:00,4,0.9735557557894354
2020-08-06 11:00:00,4,-0.9953035578316186
2020-08-06 12:00:00,4,0.8309862508214123
2020-08-06 13:00:00,4,0.4709471233145353
2020-08-06 14:00:00,4,0.8935926778541967
2020-08-06 15:00:00,4,0.9712121907479526
2020-08-06 16:00:00,4,-0.7528585737978897
2020-08-06 17:00:00,4,0.9965629867914252
2020-08-06 18:00:00,4,0.9993371984624999
2020-08-06 19:00:00,4,0.9960926139813993
2020-08-06 20:00:00,3,0.9973358858170159
2020-08-07 07:00:00,4,0.988945864729631
2020-08-07 08:00:00,4,0.8678628524324872
2020-08-07 09:00:00,4,0.9536708518591478
2020-08-07 10:00:00,4,0.33128754635352264
2020-08-07 11:00:00,4,0.15682744316180305
2020-08-07 12:00:00,4,0.6435282694365793
2020-08-07 13:00:00,4,0.6600325268125733
2020-08-07 14:00:00,4,0.4966955839370658
2020-08-07 15:00:00,4,-0.5079337880866658
2020-08-07 16:00:00,4,0.5878703184725882
2020-08-07 17:00:00,4,0.9956664815006022
2020-08-07 18:00:00,4,0.9985076701667067
2020-08-07 19:00:00,4,0.9931465044837301
2020-08-07 20:00:00,3,0.9995336849234238
2020-08-08 07:00:00,4,0.3036485487363956
2020-08-08 08:00:00,4,0.9551273480010865
2020-08-08 09:00:00,4,0.2060270826265563
2020-08-08 10:00:00,4,-0.06670522669014929
2020-08-08 11:00:00,4,0.9371305887377381
2020-08-08 12:00:00,4,0.11335695457029685
2020-08-08 13:00:00,4,-0.20043732923000757
2020-08-08 14:00:00,4,-0.34703434822444756
2020-08-08 15:00:00,4,0.38803625792683666
2020-08-08 16:00:00,4,0.9619414594238209
2020-08-08 17:00:00,4,0.9252443670405005
2020-08-08 18:00:00,4,0.9963115964079496
2020-08-08 19:00:00,4,0.9907471653732047
2020-08-08 20:00:00,3,0.9978504188984766
2020-08-09 07:00:00,4,0.9777357601207768
2020-08-09 08:00:00,4,0.9961356937214126
2020-08-09 09:00:00,4,0.9985809572776979
2020-08-09 10:00:00,4,-0.5852743257478366
2020-08-09 11:00:00,4,0.1751076201901786
2020-08-09 12:00:00,4,-0.7444614391581728
2020-08-09 13:00:00,4,0.9553380138602058
2020-08-09 14:00:00,4,-0.8436366381759028
2020-08-09 15:00:00,4,0.9927609969906447
2020-08-09 16:00:00,4,0.8367981943539979
2020-08-09 17:00:00,4,0.9984286938570546
2020-08-09 18:00:00,4,0.9990640074714432
2020-08-09 19:00:00,4,0.9939612766603318
2020-08-09 20:00:00,3,0.5283731151454992
2020-08-10 07:00:00,4,0.9986050647589629
2020-08-10 08:00:00,4,0.1714969373462729
2020-08-10 09:00:00,4,0.1804822936443133
2020-08-10 10:00:00,4,0.821239440187728
2020-08-10 11:00:00,4,-0.654426846715671
2020-08-10 12:00:00,4,-0.082679281102711
2020-08-10 13:00:00,4,0.4521403695989812
2020-08-10 14:00:00,4,0.9470105071896894
2020-08-10 15:00:00,4,0.4691108276851764
2020-08-10 16:00:00,4,0.9977822595411538
2020-08-10 17:00:00,4,0.13906662681638748
2020-08-10 18:00:00,4,0.9086961248746318
2020-08-10 19:00:00,4,0.9190657312341768
2020-08-11 07:00:00,4,0.8989311968148913
2020-08-11 08:00:00,4,-0.6923223740612743
2020-08-11 09:00:00,4,0.8994723049987026
2020-08-11 10:00:00,4,0.793176737768837
2020-08-11 11:00:00,4,0.603718762272519
2020-08-11 12:00:00,4,0.9157775631106475
2020-08-11 13:00:00,4,0.6322603865712866
2020-08-11 14:00:00,4,0.85162516084481
2020-08-11 15:00:00,4,-0.2127074506171157
2020-08-11 16:00:00,4,-0.9787444832315128
2020-08-11 17:00:00,4,0.6471922425891139
2020-08-11 18:00:00,4,0.9773747995162525
2020-08-11 19:00:00,4,0.8502314483178366
2020-08-12 07:00:00,4,0.9829789422219898
2020-08-12 08:00:00,4,0.9960212604295975
2020-08-12 09:00:00,4,0.999634515256646
2020-08-12 10:00:00,4,0.9992804288711062
2020-08-12 11:00:00,4,0.9934393691605705
2020-08-12 12:00:00,4,0.9999545190223953
2020-08-12 13:00:00,4,-0.0798425990871056
2020-08-12 14:00:00,4,0.5299117422611407
2020-08-12 15:00:00,4,0.9579781901657333
2020-08-12 16:00:00,4,0.941398349753776
2020-08-12 17:00:00,4,0.8463018317170086
2020-08-12 18:00:00,4,0.8606904194036734
2020-08-12 19:00:00,4,0.9586230112887875
2020-08-13 07:00:00,4,0.9044427925951545
2020-08-13 08:00:00,4,0.6355836597623264
2020-08-13 09:00:00,4,0.2797783990242329
2020-08-13 10:00:00,4,0.7350554116168623
2020-08-13 11:00:00,4,0.977935252796785
2020-08-13 12:00:00,4,0.9970890810208108
2020-08-13 13:00:00,4,0.8914765530428023
2020-08-13 14:00:00,4,0.6659970733775468
2020-08-13 15:00:00,4,0.5421593452681561
2020-08-13 16:00:00,4,0.9726564137099991
2020-08-13 17:00:00,4,0.34812970023876866
2020-08-13 18:00:00,4,0.9527768230736793
2020-08-13 19:00:00,4,0.9926288791550568
2020-08-14 07:00:00,4,0.8536673387295394
2020-08-14 08:00:00,4,0.3718868323665601
2020-08-14 09:00:00,4,0.7981644643509106
2020-08-14 10:00:00,4,-0.07222700721478699
2020-08-14 11:00:00,4,0.5829141828339002
2020-08-14 12:00:00,4,-0.3277526700880417
2020-08-14 13:00:00,4,0.7158091556116105
2020-08-14 14:00:00,4,0.5209405030217612
2020-08-14 15:00:00,4,0.02721879096095861
2020-08-14 16:00:00,4,0.79990165487375
2020-08-14 17:00:00,4,0.0828137110075454
2020-08-14 18:00:00,4,-0.010151495896537108
2020-08-14 19:00:00,4,0.9940481125810944
2020-08-15 07:00:00,4,0.23231153553236855
2020-08-15 08:00:00,4,0.27494288174206016
2020-08-15 09:00:00,4,0.28408918257140275
2020-08-15 10:00:00,4,0.10904814195503847
2020-08-15 11:00:00,4,0.7950799383033157
2020-08-15 12:00:00,4,0.21720345238281066
2020-08-15 13:00:00,4,0.42186373375922
2020-08-15 14:00:00,4,0.41020161429840785
2020-08-15 15:00:00,4,-0.4555059272790703
2020-08-15 16:00:00,4,0.15595033132078143
2020-08-15 17:00:00,4,0.22811548555804947
2020-08-15 18:00:00,4,0.924343782109128
2020-08-15 19:00:00,4,0.9921870716756022
2020-08-16 07:00:00,4,0.9752054183027209
2020-08-16 08:00:00,4,0.995296375518335
2020-08-16 09:00:00,4,0.9991904565699945
2020-08-16 10:00:00,4,0.9992262530478123
2020-08-16 11:00:00,4,-0.4285091802516978
2020-08-16 12:00:00,4,0.7895169474350057
2020-08-16 13:00:00,4,-0.8092197444000149
2020-08-16 14:00:00,4,0.1393124196932675
2020-08-16 15:00:00,4,0.7499743665109281
2020-08-16 16:00:00,4,-0.677569754901589
2020-08-16 17:00:00,4,0.6984191579297342
2020-08-16 18:00:00,4,0.17256837283872864
2020-08-16 19:00:00,4,0.7549677122396756
2020-08-17 07:00:00,4,0.9900698915756363
2020-08-17 08:00:00,4,0.996692665047676
2020-08-17 09:00:00,4,0.9993219824476134
2020-08-17 10:00:00,4,0.9986963339780678
2020-08-17 11:00:00,4,0.9942369084830498
2020-08-17 12:00:00,4,0.9794259569347351
2020-08-17 13:00:00,4,0.9339524098896562
2020-08-17 14:00:00,4,-0.8047476463351337
2020-08-17 15:00:00,4,0.9288720368947067
2020-08-17 16:00:00,4,0.9903303292187194
2020-08-17 17:00:00,4,0.9933569848924555
2020-08-17 18:00:00,4,0.9981252238552532
2020-08-17 19:00:00,4,0.9841964154909918
2020-08-18 07:00:00,4,0.9797962889680663
2020-08-18 08:00:00,4,0.9966126963591169
2020-08-18 09:00:00,4,0.999516406737162
2020-08-18 10:00:00,4,0.9968090778225702
2020-08-18 11:00:00,4,0.9748311504836883
2020-08-18 12:00:00,4,0.9636713283059066
2020-08-18 13:00:00,4,0.9885398643052433
2020-08-18 14:00:00,4,0.6835269865606632
2020-08-18 15:00:00,4,0.965312972018378
2020-08-18 16:00:00,4,0.979974683178284
2020-08-18 17:00:00,4,0.9971973653214846
2020-08-18 18:00:00,4,0.9989282984228954
2020-08-18 19:00:00,4,0.9826464184655674
2020-08-19 07:00:00,4,0.9876432742536021
2020-08-19 08:00:00,4,0.9999581600663331
2020-08-19 09:00:00,4,0.22586450492005763
2020-08-19 10:00:00,4,0.6304377949480614
2020-08-19 11:00:00,4,0.7958670649081054
2020-08-19 12:00:00,4,0.5638500172406234
2020-08-19 13:00:00,4,0.6711967733069641
2020-08-19 14:00:00,4,0.7936120562594037
2020-08-19 15:00:00,4,-0.31314116276190695
2020-08-19 16:00:00,4,0.7547706326046477
2020-08-19 17:00:00,4,0.8937742764380834
2020-08-19 18:00:00,4,0.5112844815135178
2020-08-19 19:00:00,4,0.9806781170339373
2020-08-20 07:00:00,4,0.9301855324739778
2020-08-20 08:00:00,4,0.8042944352157453
2020-08-20 09:00:00,4,0.6428687124438044
2020-08-20 10:00:00,4,0.035804931844698074
2020-08-20 11:00:00,4,0.6876384396570783
2020-08-20 12:00:00,4,0.6456093423024222
2020-08-20 13:00:00,4,0.8135177900784998
2020-08-20 14:00:00,4,0.931655119046987
2020-08-20 15:00:00,4,0.5391137380816148
2020-08-20 16:00:00,4,0.9608682206179121
2020-08-20 17:00:00,4,0.8447252893866999
2020-08-20 18:00:00,4,0.7538078550570804
2020-08-20 19:00:00,4,0.9464481878769703
2020-08-21 07:00:00,4,0.9969638745159922
2020-08-21 08:00:00,4,0.9943394020916305
2020-08-21 09:00:00,4,0.9998383038374967
2020-08-21 10:00:00,4,0.8142358207774034
2020-08-21 11:00:00,4,0.9468033271500556
2020-08-21 12:00:00,4,0.6236897675541215
2020-08-21 13:00:00,4,0.851893939633773
2020-08-21 14:00:00,4,0.43816198945159696
2020-08-21 15:00:00,4,-0.6149108922875414
2020-08-21 16:00:00,4,-0.7255517551870889
2020-08-21 17:00:00,4,0.6710970415059972
2020-08-21 18:00:00,4,0.8759156215191216
2020-08-21 19:00:00,4,0.9059681683486482
2020-08-22 07:00:00,4,0.9965300513454644
2020-08-22 08:00:00,4,0.8796438181804288
2020-08-22 09:00:00,4,-0.5259364333530234
2020-08-22 10:00:00,4,0.6592322258521518
2020-08-22 11:00:00,4,-0.11241205057634047
2020-08-22 12:00:00,4,0.36851004982002356
2020-08-22 13:00:00,4,-0.12876904830960537
2020-08-22 14:00:00,4,0.27803051122573025
2020-08-22 15:00:00,4,0.9817955687726168
2020-08-22 16:00:00,4,0.08257872564830955
2020-08-22 17:00:00,4,0.4538475826093024
2020-08-22 18:00:00,4,0.9988542665211452
2020-08-22 19:00:00,4,0.5453880051785398
2020-08-23 07:00:00,4,0.9499326862920316
2020-08-23 08:00:00,4,0.997301447943938
2020-08-23 09:00:00,4,0.9965634446555987
2020-08-23 10:00:00,4,0.9992508506431373
2020-08-23 11:00:00,4,-0.6147591442714948
2020-08-23 12:00:00,4,0.9674065518233879
2020-08-23 13:00:00,4,0.9118084234825338
2020-08-23 14:00:00,4,-0.719425043729022
2020-08-23 15:00:00,4,0.8899433633322161
2020-08-23 16:00:00,4,0.9740071997492546
2020-08-23 17:00:00,4,0.9967520383702048
2020-08-23 18:00:00,4,0.9724520026196999
2020-08-23 19:00:00,4,0.9685855723519433
2020-08-24 08:00:00,4,-0.15616269474424627
2020-08-24 09:00:00,4,0.9645400975511906
2020-08-24 10:00:00,4,0.7868258341681992
2020-08-24 11:00:00,4,0.8506501651347523
2020-08-24 12:00:00,4,0.3189741366859039
2020-08-24 13:00:00,4,-0.11429919180397317
2020-08-24 14:00:00,4,0.05974939409053246
2020-08-24 15:00:00,4,-0.5431645256381514
2020-08-24 16:00:00,4,-0.0575464279625997
2020-08-24 17:00:00,4,0.8397061048707185
2020-08-24 18:00:00,4,0.9961335154764127
2020-08-24 19:00:00,4,0.9936167857620067
2020-08-25 07:00:00,4,0.9729465793099913
2020-08-25 08:00:00,4,0.9989165203373287
2020-08-25 09:00:00,4,0.9650707033675782
2020-08-25 10:00:00,4,0.9991762696255296
2020-08-25 11:00:00,4,0.9904675375753252
2020-08-25 12:00:00,4,0.9907134241736
2020-08-25 13:00:00,4,0.9871251628574086
2020-08-25 14:00:00,4,0.5179551280666184
2020-08-25 15:00:00,4,0.994733717007223
2020-08-25 16:00:00,4,0.9863168853825023
2020-08-25 17:00:00,4,0.9970032495676351
2020-08-25 18:00:00,4,0.9388996492060576
2020-08-25 19:00:00,4,0.9967672109365056
2020-08-26 07:00:00,3,0.9978818611742755
2020-08-26 08:00:00,4,0.9965647228064279
2020-08-26 09:00:00,4,0.9988742491230631
2020-08-26 10:00:00,4,0.9385868987261864
2020-08-26 11:00:00,4,-0.8904700780774242
2020-08-26 12:00:00,4,0.2702763637377477
2020-08-26 13:00:00,4,0.3494340921205378
2020-08-26 14:00:00,4,-0.8291686292443335
2020-08-26 15:00:00,4,0.7679715853511556
2020-08-26 16:00:00,4,-0.8764920505631469
2020-08-26 17:00:00,4,0.43227551973759626
2020-08-26 18:00:00,4,0.9849606039866557
2020-08-26 19:00:00,4,0.9943801828121381
2020-08-26 20:00:00,3,0.9511012772444224
2020-08-27 07:00:00,4,0.9988817781297994
2020-08-27 08:00:00,4,0.9946205038521203
2020-08-27 09:00:00,4,0.9914372499479177
2020-08-27 10:00:00,4,0.9997022756412898
2020-08-27 11:00:00,4,-0.7283369014434596
2020-08-27 12:00:00,4,0.08655025643412989
2020-08-27 13:00:00,4,-0.934015633255335
2020-08-27 14:00:00,4,-0.9470354471589592
2020-08-27 15:00:00,4,-0.9277815736730984
2020-08-27 16:00:00,4,0.9984191105937094
2020-08-27 17:00:00,4,0.9988313873753203
2020-08-27 18:00:00,4,0.999774192462821
2020-08-27 19:00:00,4,0.9915567370995971
2020-08-28 07:00:00,3,0.9984618689340125
2020-08-28 08:00:00,4,0.9987180307132989
2020-08-28 09:00:00,4,0.9835202165405867
2020-08-28 10:00:00,4,0.5373505688752176
2020-08-28 11:00:00,4,0.03347938487301465
2020-08-28 12:00:00,4,-0.5721189265522779
2020-08-28 13:00:00,4,0.5395871957989975
2020-08-28 14:00:00,4,-0.5527842015818362
2020-08-28 15:00:00,4,0.3079761892273937
2020-08-28 16:00:00,4,0.7918853304121523
2020-08-28 17:00:00,4,-0.2709920632505014
2020-08-28 18:00:00,4,0.936023135882476
2020-08-28 19:00:00,4,0.6988245825755892
2020-08-29 07:00:00,3,0.967815910697258
2020-08-29 08:00:00,4,0.9958638162533974
2020-08-29 09:00:00,4,0.9731198680864721
2020-08-29 10:00:00,4,0.998603653244557
2020-08-29 11:00:00,4,0.837374773624295
2020-08-29 12:00:00,4,-0.6368670689363958
2020-08-29 13:00:00,4,0.7250050538995714
2020-08-29 14:00:00,4,0.7343840681935384
2020-08-29 15:00:00,4,0.40013217820953606
2020-08-29 16:00:00,4,-0.20963425726158647
2020-08-29 17:00:00,4,0.9681739160799717
2020-08-29 18:00:00,4,0.2062730760363266
2020-08-29 19:00:00,4,0.999594311650118
2020-08-30 07:00:00,3,0.9929996332028919
2020-08-30 08:00:00,4,0.9615260345285516
2020-08-30 09:00:00,4,0.8177831689640986
2020-08-30 10:00:00,4,0.9406100166540282
2020-08-30 11:00:00,4,0.8746990458391095
2020-08-30 12:00:00,4,0.8389771771908376
2020-08-30 13:00:00,4,0.9962915262757838
2020-08-30 14:00:00,4,-0.6305025288172351
2020-08-30 15:00:00,4,0.055238578808112296
2020-08-30 16:00:00,4,0.8275133281148631
2020-08-30 17:00:00,4,0.885484038928428
2020-08-30 18:00:00,4,0.9978747858528492
2020-08-30 19:00:00,4,0.9972565324056225
2020-08-31 07:00:00,3,0.9996542846567896
2020-08-31 08:00:00,4,0.9797541920905465
2020-08-31 09:00:00,4,0.9998181152031963
2020-08-31 10:00:00,4,0.9996999820324856
2020-08-31 11:00:00,4,0.9960558507705657
2020-08-31 12:00:00,4,0.892822740822504
2020-08-31 13:00:00,4,0.4835711132666827
2020-08-31 14:00:00,4,-0.5404754252376267
2020-08-31 15:00:00,4,0.8736702406403682
2020-08-31 16:00:00,4,0.9975170424307971
2020-08-31 17:00:00,4,0.9914081956975476
2020-08-31 18:00:00,4,0.998570565077018
2020-08-31 19:00:00,4,0.9981977984989355
2020-09-01 07:00:00,3,0.9955598740080561
2020-09-01 08:00:00,4,0.9986884596414648
2020-09-01 09:00:00,4,0.9998751097182202
2020-09-01 10:00:00,4,0.9988505246664331
2020-09-01 11:00:00,4,0.9988590834990732
2020-09-01 12:00:00,4,0.9283163855981182
2020-09-01 13:00:00,4,0.949442739735404
2020-09-01 14:00:00,4,-0.9642336672315607
2020-09-01 15:00:00,4,0.9799894970098013
2020-09-01 16:00:00,4,0.9992768030955294
2020-09-01 17:00:00,4,0.9954996695864587
2020-09-01 18:00:00,4,0.9994322962952867
2020-09-01 19:00:00,4,0.9920763930431646
2020-09-02 07:00:00,3,0.9969907035751054
2020-09-02 08:00:00,4,0.8454324603833269
2020-09-02 09:00:00,4,0.8458418225245861
2020-09-02 10:00:00,4,0.0050876694241905095
2020-09-02 11:00:00,4,0.13596261152808123
2020-09-02 12:00:00,4,0.7133772746911194
2020-09-02 13:00:00,4,0.8465401957173266
2020-09-02 14:00:00,4,0.9921507058681936
2020-09-02 15:00:00,4,0.8898393522465599
2020-09-02 16:00:00,4,0.8209359953447819
2020-09-02 17:00:00,4,0.65312459963527
2020-09-02 18:00:00,4,0.7845965659759534
2020-09-02 19:00:00,4,0.9927937113792186
2020-09-03 07:00:00,3,0.9964054743691086
2020-09-03 08:00:00,4,0.9988246446195191
2020-09-03 09:00:00,4,0.9999080405269949
2020-09-03 10:00:00,4,0.9988927043011189
2020-09-03 11:00:00,4,0.9776800703256499
2020-09-03 12:00:00,4,0.913341065975299
2020-09-03 13:00:00,4,0.9980741164682603
2020-09-03 14:00:00,4,0.9919379615791278
2020-09-03 15:00:00,4,0.991827073675389
2020-09-03 16:00:00,4,0.9995331046701785
2020-09-03 17:00:00,4,0.9998092957303965
2020-09-03 18:00:00,4,0.9997032832075914
2020-09-03 19:00:00,4,0.9951101698583186
2020-09-04 08:00:00,4,0.994039462950181
2020-09-04 09:00:00,4,0.4654994058084907
2020-09-04 10:00:00,4,0.8754445490032968
2020-09-04 11:00:00,4,0.6458452929595918
2020-09-04 12:00:00,4,0.9877329909397783
2020-09-04 13:00:00,4,0.7983078585476449
2020-09-04 14:00:00,4,0.9911691898320159
2020-09-04 15:00:00,4,0.9058575540596217
2020-09-04 16:00:00,4,0.2879070257949472
2020-09-04 17:00:00,4,0.9856391787717114
2020-09-04 18:00:00,4,0.999049788482419
2020-09-04 19:00:00,4,0.9630765243410362
2020-09-05 07:00:00,3,1.0
2020-09-05 08:00:00,4,0.9962442913385976
2020-09-05 09:00:00,4,-0.7616806702348125
2020-09-05 10:00:00,4,0.8947244635556201
2020-09-05 11:00:00,4,0.9994876366573945
2020-09-05 12:00:00,4,0.9260417344791672
2020-09-05 13:00:00,4,0.3169405067811338
2020-09-05 14:00:00,4,0.8649116151696222
2020-09-05 15:00:00,4,0.9998759823805242
2020-09-05 16:00:00,4,0.9989162272486962
2020-09-05 17:00:00,4,0.999783894113588
2020-09-05 18:00:00,4,0.9994182911046406
2020-09-05 19:00:00,4,0.9947760169076568
2020-09-06 07:00:00,3,0.9860983922140928
2020-09-06 08:00:00,4,0.9979820094671307
2020-09-06 09:00:00,4,0.9995115341873078
2020-09-06 10:00:00,4,0.9990437658224214
2020-09-06 11:00:00,4,0.9976334150312414
2020-09-06 12:00:00,4,0.962175233918777
2020-09-06 13:00:00,4,0.12680154774693025
2020-09-06 14:00:00,4,-0.7952451298990519
2020-09-06 15:00:00,4,0.9931230492823675
2020-09-06 16:00:00,4,0.9957300420071677
2020-09-06 17:00:00,4,0.9979877349739963
2020-09-06 18:00:00,4,0.9995070575908757
2020-09-06 19:00:00,4,0.9937163743725812
2020-09-07 07:00:00,3,0.9949103553333216
2020-09-07 08:00:00,4,0.9623154170748242
2020-09-07 09:00:00,4,-0.17599432606950124
2020-09-07 10:00:00,4,0.25049883307589493
2020-09-07 11:00:00,4,0.9626454382553978
2020-09-07 12:00:00,4,0.9043761450386809
2020-09-07 13:00:00,4,0.9209620612930327
2020-09-07 14:00:00,4,0.9577875552312097
2020-09-07 15:00:00,4,0.9594430813068732
2020-09-07 16:00:00,4,0.9631872162554792
2020-09-07 17:00:00,4,0.9816867850442418
2020-09-07 18:00:00,4,0.9547189184277909
2020-09-07 19:00:00,4,0.9156696413264634
2020-09-08 08:00:00,4,0.9930646822701318
2020-09-08 09:00:00,4,0.9999755421194764
2020-09-08 10:00:00,4,0.9978468227960574
2020-09-08 11:00:00,4,0.9986723478536005
2020-09-08 12:00:00,4,0.9506175770387391
2020-09-08 13:00:00,4,0.9493477850308002
2020-09-08 14:00:00,4,0.9290657652875799
2020-09-08 15:00:00,4,0.9927251631899903
2020-09-08 16:00:00,4,0.8721554944217599
2020-09-08 17:00:00,4,0.9935909356776262
2020-09-08 18:00:00,4,0.9999386375526259
2020-09-08 19:00:00,4,0.9992489007519193
2020-09-09 08:00:00,4,0.9970991793020182
2020-09-09 09:00:00,4,0.9999576658893834
2020-09-09 10:00:00,4,0.9987777518888619
2020-09-09 11:00:00,4,0.9983007478496384
2020-09-09 12:00:00,4,0.9442523779729852
2020-09-09 13:00:00,4,0.5508828554430344
2020-09-09 14:00:00,4,0.8703164658234286
2020-09-09 15:00:00,4,0.9945527695056229
2020-09-09 16:00:00,4,0.9937600596942623
2020-09-09 17:00:00,4,0.997747780178313
2020-09-09 18:00:00,4,0.9992295880161871
2020-09-09 19:00:00,4,0.9949265984364106
2020-09-10 08:00:00,4,0.9984771627223985
2020-09-10 09:00:00,4,0.9999196970291224
2020-09-10 10:00:00,4,0.9865791376958355
2020-09-10 11:00:00,4,0.9296592627399419
2020-09-10 12:00:00,4,0.8775525318075461
2020-09-10 13:00:00,4,0.5780767493696009
2020-09-10 14:00:00,4,-0.8708897172507448
2020-09-10 15:00:00,4,0.9007968409440582
2020-09-10 16:00:00,4,0.9894852082911618
2020-09-10 17:00:00,4,0.1984139673098689
2020-09-10 18:00:00,4,0.8946109734079477
2020-09-10 19:00:00,4,0.9423481865066115
2020-09-11 08:00:00,4,0.48142596485554395
2020-09-11 09:00:00,4,-0.40259931126967363
2020-09-11 10:00:00,4,0.6257412373060065
2020-09-11 11:00:00,4,0.0659839263748058
2020-09-11 12:00:00,4,0.2834924555964475
2020-09-11 13:00:00,4,-0.6134641107448846
2020-09-11 14:00:00,4,0.5008196345677073
2020-09-11 15:00:00,4,0.02144242529801387
2020-09-11 16:00:00,4,-0.7420334845677905
2020-09-11 17:00:00,4,0.9972748616880607
2020-09-11 18:00:00,4,0.9996288329517157
2020-09-11 19:00:00,4,0.9898289531038035
2020-09-12 08:00:00,4,0.9959919604238796
2020-09-12 09:00:00,4,0.9999671571550285
2020-09-12 10:00:00,4,0.9998976590697356
2020-09-12 11:00:00,4,0.4180222793683543
2020-09-12 12:00:00,4,0.9242177949561127
2020-09-12 13:00:00,4,0.21915074380790764
2020-09-12 14:00:00,4,0.5180651670160109
2020-09-12 15:00:00,4,0.9909015134530113
2020-09-12 16:00:00,4,0.9859033614148761
2020-09-12 17:00:00,4,0.9875667412652187
2020-09-12 18:00:00,4,0.9967880375768322
2020-09-12 19:00:00,4,0.987288482722224
2020-09-13 08:00:00,4,0.9954718272422932
2020-09-13 09:00:00,4,0.9998721995653165
2020-09-13 10:00:00,4,0.5004782354996828
2020-09-13 11:00:00,4,0.8778829859047479
2020-09-13 12:00:00,4,0.9546330982405742
2020-09-13 13:00:00,4,0.5549027069163797
2020-09-13 14:00:00,4,-0.3795386775300942
2020-09-13 15:00:00,4,0.31854041079021733
2020-09-13 16:00:00,4,0.729862202495024
2020-09-13 17:00:00,4,0.8613983484205289
2020-09-13 18:00:00,4,0.8667647640463685
2020-09-13 19:00:00,4,0.9953407463508738
2020-09-14 08:00:00,4,0.9430380843610587
2020-09-14 09:00:00,4,0.9947764910913729
2020-09-14 10:00:00,4,0.7951608724399882
2020-09-14 11:00:00,4,0.9957074306735466
2020-09-14 12:00:00,4,0.9372037518756032
2020-09-14 13:00:00,4,0.5668082103870864
2020-09-14 14:00:00,4,0.7143593035149377
2020-09-14 15:00:00,4,0.9900118951846363
2020-09-14 16:00:00,4,0.9990902816745897
2020-09-14 17:00:00,4,0.9964730180889071
2020-09-14 18:00:00,4,0.9996820370604482
2020-09-14 19:00:00,4,0.9863662657084431
2020-09-15 08:00:00,4,0.9966898345365672
2020-09-15 09:00:00,4,0.9998873708923374
2020-09-15 10:00:00,4,0.9965572128351685
2020-09-15 11:00:00,4,0.9956318513633754
2020-09-15 12:00:00,4,0.9209472514765502
2020-09-15 13:00:00,4,0.7314944774458586
2020-09-15 14:00:00,4,0.7532206037937542
2020-09-15 15:00:00,4,0.6923456588027225
2020-09-15 16:00:00,4,0.994925012992708
2020-09-15 17:00:00,4,0.9316639208074017
2020-09-15 18:00:00,4,0.9992230968806197
2020-09-15 19:00:00,4,0.9629525376874571
2020-09-16 08:00:00,4,0.984399501224681
2020-09-16 09:00:00,4,0.9172582718521535
2020-09-16 10:00:00,4,0.5566774432983866
2020-09-16 11:00:00,4,0.9650887007035486
2020-09-16 12:00:00,4,0.841703591592767
2020-09-16 13:00:00,4,0.65799727066764
2020-09-16 14:00:00,4,0.7407716991830998
2020-09-16 15:00:00,4,-0.9661755499120303
2020-09-16 16:00:00,4,0.9810231438671205
2020-09-16 17:00:00,4,0.9952058335979725
2020-09-16 18:00:00,4,0.9992536912707255
2020-09-16 19:00:00,4,0.9810187925308181
2020-09-17 08:00:00,4,0.9977628543179429
2020-09-17 09:00:00,4,0.99981600729286
2020-09-17 10:00:00,4,0.999839154132582
2020-09-17 11:00:00,4,0.9958021287915109
2020-09-17 12:00:00,4,0.9623606398265564
2020-09-17 13:00:00,4,0.8234608175811726
2020-09-17 14:00:00,4,0.9464639670324618
2020-09-17 15:00:00,4,0.9905109885479063
2020-09-17 16:00:00,4,0.9945967907111178
2020-09-17 17:00:00,4,0.9964139988015351
2020-09-17 18:00:00,4,0.9999322638139978
2020-09-17 19:00:00,4,0.986222241672747
2020-09-18 08:00:00,4,0.9962094234879434
2020-09-18 09:00:00,4,0.9999377264906858
2020-09-18 10:00:00,4,0.9995659182425798
2020-09-18 11:00:00,4,0.9978450461743416
2020-09-18 12:00:00,4,0.9189520807597171
2020-09-18 13:00:00,4,0.9015731942548691
2020-09-18 14:00:00,4,0.99415378732818
2020-09-18 15:00:00,4,0.9753385518436154
2020-09-18 16:00:00,4,0.9941556366778674
2020-09-18 17:00:00,4,0.9964321566359314
2020-09-18 18:00:00,4,0.9997830907365984
2020-09-18 19:00:00,4,0.9728873536262583
2020-09-19 08:00:00,4,0.9156208174831671
2020-09-19 09:00:00,4,0.8521903797672074
2020-09-19 10:00:00,4,0.6221867406630706
2020-09-19 11:00:00,4,-0.030419415098606274
2020-09-19 12:00:00,4,-0.9904852466000125
2020-09-19 13:00:00,4,0.8185786155948102
2020-09-19 14:00:00,4,-0.964491412951906
2020-09-19 15:00:00,4,-0.6946232671770759
2020-09-19 16:00:00,4,0.6001681426517865
2020-09-19 17:00:00,4,0.237905850834606
2020-09-19 18:00:00,4,0.9995537037879472
2020-09-19 19:00:00,4,0.9455656350105183
2020-09-20 08:00:00,4,0.9954623163208651
2020-09-20 09:00:00,4,0.930012440970636
2020-09-20 10:00:00,4,0.8511381934776813
2020-09-20 11:00:00,4,0.5686189670562463
2020-09-20 12:00:00,4,0.411634593849114
2020-09-20 13:00:00,4,0.9862292884915753
2020-09-20 14:00:00,4,0.12057879610448173
2020-09-20 15:00:00,4,0.9973039197737467
2020-09-20 16:00:00,4,0.9609184402998316
2020-09-20 17:00:00,4,0.9314426540805381
2020-09-20 18:00:00,4,0.8134413073810728
2020-09-20 19:00:00,3,0.9946159963135841
2020-09-21 08:00:00,4,0.9370819566054943
2020-09-21 09:00:00,4,0.978676518622036
2020-09-21 10:00:00,4,0.8847144197998562
2020-09-21 11:00:00,4,-0.19355957712870317
2020-09-21 12:00:00,4,0.9778947912150814
2020-09-21 13:00:00,4,-0.7184292334129354
2020-09-21 14:00:00,4,0.9399279841423172
2020-09-21 15:00:00,4,0.7688998717196501
2020-09-21 16:00:00,4,0.9991110529301485
2020-09-21 17:00:00,4,0.9985352259790841
2020-09-21 18:00:00,4,0.9679395206858238
2020-09-21 19:00:00,3,0.9935363576380862
2020-09-22 08:00:00,4,0.9877393120967994
2020-09-22 09:00:00,4,0.9999505672938952
2020-09-22 10:00:00,4,0.9998039083658766
2020-09-22 11:00:00,4,0.9993917646883883
2020-09-22 12:00:00,4,0.9428747054947147
2020-09-22 13:00:00,4,0.5323938644606426
2020-09-22 14:00:00,4,0.6151637555002913
2020-09-22 15:00:00,4,0.9152138959559512
2020-09-22 16:00:00,4,0.9909696058646552
2020-09-22 17:00:00,4,0.9981990836269214
2020-09-22 18:00:00,4,0.999734495183166
2020-09-22 19:00:00,3,0.9898233868417987
2020-09-23 08:00:00,4,0.9980336977917577
2020-09-23 09:00:00,4,0.999929045494754
2020-09-23 10:00:00,4,0.9985949594943543
2020-09-23 11:00:00,4,0.9994498445462023
2020-09-23 12:00:00,4,0.9398732856311371
2020-09-23 13:00:00,4,0.9765841408821928
2020-09-23 14:00:00,4,0.8892372887655545
2020-09-23 15:00:00,4,0.9978617098209751
2020-09-23 16:00:00,4,0.9939070582492185
2020-09-23 17:00:00,4,0.9933023361203385
2020-09-23 18:00:00,4,0.9996180901472115
2020-09-23 19:00:00,3,0.9876900412480503
2020-09-24 08:00:00,4,0.9765158344567688
2020-09-24 09:00:00,4,0.6474286559038948
2020-09-24 10:00:00,4,0.7973850997003036
2020-09-24 11:00:00,4,0.267813147299442
2020-09-24 12:00:00,4,-0.47735404767206957
2020-09-24 13:00:00,4,-0.4441596488270571
2020-09-24 14:00:00,4,0.4506370576066957
2020-09-24 15:00:00,4,0.9925243833927521
2020-09-24 16:00:00,4,0.98267100739549
2020-09-24 17:00:00,4,0.9981010466130658
2020-09-24 18:00:00,4,0.9995193222772194
2020-09-24 19:00:00,3,0.981473048767539
2020-09-25 08:00:00,4,0.9993432807392347
2020-09-25 09:00:00,4,0.9996797317347546
2020-09-25 10:00:00,4,0.996433439436586
2020-09-25 11:00:00,4,0.9918605474053478
2020-09-25 12:00:00,4,-0.9401047758312544
2020-09-25 13:00:00,4,-0.7940729247446683
2020-09-25 14:00:00,4,-0.988293814329591
2020-09-25 15:00:00,4,0.8320387917108079
2020-09-25 16:00:00,4,0.8835971622008583
2020-09-25 17:00:00,4,0.9838494876927663
2020-09-25 18:00:00,4,0.9997453773446855
2020-09-25 19:00:00,3,0.9637257345734244
2020-09-26 08:00:00,4,0.9996063198902052
2020-09-26 09:00:00,4,0.9998137283655663
2020-09-26 10:00:00,4,0.999708075132557
2020-09-26 11:00:00,4,-0.9649552214584406
2020-09-26 12:00:00,4,0.9207737125411656
2020-09-26 13:00:00,4,0.8417840691717221
2020-09-26 14:00:00,4,0.6316730760163938
2020-09-26 15:00:00,4,-0.4245985750794452
2020-09-26 16:00:00,4,0.9927525270155791
2020-09-26 17:00:00,4,0.9991287724895626
2020-09-26 18:00:00,4,0.9996779661740245
2020-09-26 19:00:00,3,0.9821199703775828
2020-09-27 08:00:00,4,0.9988291417999697
2020-09-27 09:00:00,4,0.9999990639311647
2020-09-27 10:00:00,4,0.8283568657336374
2020-09-27 11:00:00,4,-0.6618577768008189
2020-09-27 12:00:00,4,0.48808433364771253
2020-09-27 13:00:00,4,0.5065528352685447
2020-09-27 14:00:00,4,0.698483533987634
2020-09-27 15:00:00,4,0.8137828402931346
2020-09-27 16:00:00,4,0.9818725650144121
2020-09-27 17:00:00,4,0.6593641766164045
2020-09-27 18:00:00,4,0.8671572678974766
2020-09-27 19:00:00,3,0.979072530791539
2020-09-28 08:00:00,4,0.9973655736414386
2020-09-28 09:00:00,4,0.9924305666016082
2020-09-28 10:00:00,4,0.18902374558010013
2020-09-28 11:00:00,4,0.4162072698165627
2020-09-28 12:00:00,4,0.6058447517000085
2020-09-28 13:00:00,4,0.5184635985648217
2020-09-28 14:00:00,4,0.9877490273715551
2020-09-28 15:00:00,4,0.9939912477471224
2020-09-28 16:00:00,4,0.9958937501381344
2020-09-28 17:00:00,4,0.9997452347134049
2020-09-28 18:00:00,4,0.9995346162939365
2020-09-29 08:00:00,4,0.9984122232662018
2020-09-29 09:00:00,4,0.9938892429902889
2020-09-29 10:00:00,4,0.9996503809247067
2020-09-29 11:00:00,4,0.9830614470786827
2020-09-29 12:00:00,4,0.6150451611435781
2020-09-29 13:00:00,4,0.9725478525158783
2020-09-29 14:00:00,4,0.3728952764898011
2020-09-29 15:00:00,4,0.7418208802505438
2020-09-29 16:00:00,4,0.9858500593929066
2020-09-29 17:00:00,4,0.7186837000158453
2020-09-29 18:00:00,4,0.9669706693816926
2020-09-29 19:00:00,3,0.9205160094818603
2020-09-30 08:00:00,4,0.9975540577721591
2020-09-30 09:00:00,4,0.9998397844474797
2020-09-30 10:00:00,4,0.9999014395266791
2020-09-30 11:00:00,4,0.9986351469713508
2020-09-30 12:00:00,4,0.9394322962124898
2020-09-30 13:00:00,4,-0.14365431675562118
2020-09-30 14:00:00,4,0.9182280042141521
2020-09-30 15:00:00,4,0.9955802250428472
2020-09-30 16:00:00,4,0.9892063080295218
2020-09-30 17:00:00,4,0.9952057056714513
2020-09-30 18:00:00,4,0.9999627040523719
2020-10-01 08:00:00,4,0.9989149144900775
2020-10-01 09:00:00,4,0.9997990336141398
2020-10-01 10:00:00,4,0.9926751632189404
2020-10-01 11:00:00,4,0.8663566397783063
2020-10-01 12:00:00,4,0.6798313134657766
2020-10-01 13:00:00,4,0.6713038737923529
2020-10-01 14:00:00,4,-0.1371838250551828
2020-10-01 15:00:00,4,0.539127278311682
2020-10-01 16:00:00,4,0.9189288962623848
2020-10-01 17:00:00,4,0.9519111643322652
2020-10-01 18:00:00,4,0.9886082384547142
2020-10-02 08:00:00,4,0.9951618861969276
2020-10-02 09:00:00,4,0.7867322063934544
2020-10-02 10:00:00,4,0.6735624358340523
2020-10-02 11:00:00,4,0.9665488492611777
2020-10-02 12:00:00,4,0.9821075587813805
2020-10-02 13:00:00,4,-0.5724110468081165
2020-10-02 14:00:00,4,0.9731750855617209
2020-10-02 15:00:00,4,0.9979483475266043
2020-10-02 16:00:00,4,0.9874584029387041
2020-10-02 17:00:00,4,0.9587688333020563
2020-10-02 18:00:00,4,0.9779895949781432
2020-10-03 08:00:00,4,0.9988136581850078
2020-10-03 09:00:00,4,0.9999252275140466
2020-10-03 10:00:00,4,0.9995424133282385
2020-10-03 11:00:00,4,0.9999077112329345
2020-10-03 12:00:00,4,0.992265577045639
2020-10-03 13:00:00,4,-0.25635977294109175
2020-10-03 14:00:00,4,0.9950595416779557
2020-10-03 15:00:00,4,0.9888256887605414
2020-10-03 16:00:00,4,0.9901220475422032
2020-10-03 17:00:00,4,0.969342723265169
2020-10-03 18:00:00,4,0.9569515410829408
2020-10-04 08:00:00,4,0.9742140184200647
2020-10-04 09:00:00,4,0.9963085607492145
2020-10-04 10:00:00,4,0.9995216247643173
2020-10-04 11:00:00,4,0.994981807349443
2020-10-04 12:00:00,4,0.6784233302001589
2020-10-04 13:00:00,4,0.6470231967158058
2020-10-04 14:00:00,4,0.9819613952056003
2020-10-04 15:00:00,4,0.9979460428959953
2020-10-04 16:00:00,4,0.999048291297792
2020-10-04 17:00:00,4,0.9962648595335741
2020-10-04 18:00:00,4,0.9992998479442378
2020-10-05 08:00:00,4,0.9991713211948197
2020-10-05 09:00:00,4,0.9999091973320802
2020-10-05 10:00:00,4,0.9970657727297373
2020-10-05 11:00:00,4,0.9977312440853688
2020-10-05 12:00:00,4,0.9117617692744072
2020-10-05 13:00:00,4,0.9000922111947348
2020-10-05 14:00:00,4,0.7665727841865745
2020-10-05 15:00:00,4,0.9777650356928702
2020-10-05 16:00:00,4,0.9887598190885528
2020-10-05 17:00:00,4,0.9997982488169866
2020-10-05 18:00:00,4,0.9941618258172904
2020-10-06 08:00:00,4,0.995478666187025
2020-10-06 09:00:00,4,0.9982989699783197
2020-10-06 10:00:00,4,0.9998425533709218
2020-10-06 11:00:00,4,0.9993348753332338
2020-10-06 12:00:00,4,0.7689781884232343
2020-10-06 13:00:00,4,0.665671168475602
2020-10-06 14:00:00,4,0.9722362841755036
2020-10-06 15:00:00,4,0.9979006301198502
2020-10-06 16:00:00,4,0.992712963768164
2020-10-06 17:00:00,4,0.9516388347504566
2020-10-06 18:00:00,4,0.9995927220036193
2020-10-07 08:00:00,4,0.9962846185566833
2020-10-07 09:00:00,4,0.981587133435979
2020-10-07 10:00:00,4,0.695308582359531
2020-10-07 11:00:00,4,0.7952526014607542
2020-10-07 12:00:00,4,0.8460928575614038
2020-10-07 13:00:00,4,0.14611509477155823
2020-10-07 14:00:00,4,-0.9271924271759435
2020-10-07 15:00:00,4,0.5233310230695558
2020-10-07 16:00:00,4,-0.34887412708230203
2020-10-07 17:00:00,4,0.41256558624541767
2020-10-07 18:00:00,4,0.5868124657869445
2020-10-08 08:00:00,4,0.9975894565024546
2020-10-08 09:00:00,4,0.9999987690761507
2020-10-08 10:00:00,4,0.9995833870452044
2020-10-08 11:00:00,4,0.9998624646423709
2020-10-08 12:00:00,4,0.9988583553283065
2020-10-08 13:00:00,4,-0.38652470406982625
2020-10-08 14:00:00,4,0.9851159239629762
2020-10-08 15:00:00,4,0.9933919151618478
2020-10-08 16:00:00,4,0.9917457061993624
2020-10-08 17:00:00,4,0.9988685499116247
2020-10-08 18:00:00,4,0.9995370652157075
2020-10-09 08:00:00,4,0.9985738527980381
2020-10-09 09:00:00,4,0.9997764702031516
2020-10-09 10:00:00,4,0.9995509561587771
2020-10-09 11:00:00,4,0.999680430192252
2020-10-09 12:00:00,4,0.9926835112198888
2020-10-09 13:00:00,4,-0.5633463330395553
2020-10-09 14:00:00,4,0.9848807854338556
2020-10-09 15:00:00,4,0.750283581920372
2020-10-09 16:00:00,4,0.9595838009576039
2020-10-09 17:00:00,4,0.9255057222165832
2020-10-09 18:00:00,4,0.9750565982413979
2020-10-10 08:00:00,4,0.9687144828239279
2020-10-10 09:00:00,4,0.9096906158289779
2020-10-10 10:00:00,4,0.9383408877296497
2020-10-10 11:00:00,4,-0.8553759732887809
2020-10-10 12:00:00,4,0.32068038791148173
2020-10-10 13:00:00,4,0.3014088032593501
2020-10-10 14:00:00,4,-0.9719829528276511
2020-10-10 15:00:00,4,0.3737235573420978
2020-10-10 16:00:00,4,-0.4607860388429996
2020-10-10 17:00:00,4,0.992839594211258
2020-10-10 18:00:00,4,0.9958383817446211
2020-10-11 08:00:00,4,0.9988259753296818
2020-10-11 09:00:00,4,0.9999979311908462
2020-10-11 10:00:00,4,0.999400182255079
2020-10-11 11:00:00,4,0.9969524106256239
2020-10-11 12:00:00,4,0.9947325446458852
2020-10-11 13:00:00,4,0.8395701571521441
2020-10-11 14:00:00,4,0.9847753842978682
2020-10-11 15:00:00,4,0.9945424097397497
2020-10-11 16:00:00,4,0.970310503583593
2020-10-11 17:00:00,4,0.9984215947002127
2020-10-11 18:00:00,4,0.9996690601906213
2020-10-12 08:00:00,4,0.9974185884585397
2020-10-12 09:00:00,4,0.9998503755648963
2020-10-12 10:00:00,4,0.9994044788879624
2020-10-12 11:00:00,4,0.9972622549610547
2020-10-12 12:00:00,4,0.9994424984077072
2020-10-12 13:00:00,4,0.9830756582610964
2020-10-12 14:00:00,4,0.9705020424844596
2020-10-12 15:00:00,4,0.998378830547745
2020-10-12 16:00:00,4,0.9886391728913202
2020-10-12 17:00:00,4,0.997474124568208
2020-10-12 18:00:00,4,0.9976732320077238
2020-10-13 08:00:00,4,0.9730460264829105
2020-10-13 09:00:00,4,0.7035555018458546
2020-10-13 10:00:00,4,0.5484193199121691
2020-10-13 11:00:00,4,0.5225110574084246
2020-10-13 12:00:00,4,0.5537865188517569
2020-10-13 13:00:00,4,0.009464995504363716
2020-10-13 14:00:00,4,-0.225739275692558
2020-10-13 15:00:00,4,0.25522035747119204
2020-10-13 16:00:00,4,-0.036986821488127784
2020-10-13 17:00:00,4,0.7216014827579965
2020-10-13 18:00:00,4,0.9982022568407184
2020-10-14 08:00:00,4,0.9964623929255341
2020-10-14 09:00:00,4,0.9999449483137576
2020-10-14 10:00:00,4,0.9999774779548192
2020-10-14 11:00:00,4,0.9997422111433504
2020-10-14 12:00:00,4,0.9977675674912352
2020-10-14 13:00:00,4,0.9761031020279405
2020-10-14 14:00:00,4,0.9688563260642368
2020-10-14 15:00:00,4,0.9959752938947333
2020-10-14 16:00:00,4,0.9905816746913301
2020-10-14 17:00:00,4,0.9976233212270653
2020-10-14 18:00:00,4,0.9969293448466233
2020-10-15 08:00:00,4,0.9964906214721642
2020-10-15 09:00:00,4,0.999913764299349
2020-10-15 10:00:00,4,0.999826719990902
2020-10-15 11:00:00,4,0.9996366165121972
2020-10-15 12:00:00,4,0.9907242905844342
2020-10-15 13:00:00,4,0.8510190444258682
2020-10-15 14:00:00,4,0.9887242721681184
2020-10-15 15:00:00,4,0.9963485319954536
2020-10-15 16:00:00,4,0.9867563368448903
2020-10-15 17:00:00,4,0.9987015798111619
2020-10-15 18:00:00,4,0.9957812076707837
2020-10-16 08:00:00,4,0.9927983790113999
2020-10-16 09:00:00,4,0.9999020542667286
2020-10-16 10:00:00,4,0.9995033808947698
2020-10-16 11:00:00,4,0.9999209253551562
2020-10-16 12:00:00,4,0.9984065844431939
2020-10-16 13:00:00,4,-0.5301267171753866
2020-10-16 14:00:00,4,0.9872785632844564
2020-10-16 15:00:00,4,0.9984734977052925
2020-10-16 16:00:00,4,0.9937981182526612
2020-10-16 17:00:00,4,0.9977461168947177
2020-10-16 18:00:00,4,0.9818209838668149
2020-10-17 08:00:00,4,0.9997532680236204
2020-10-17 09:00:00,4,0.998267804058602
2020-10-17 10:00:00,4,0.9991631795197964
2020-10-17 11:00:00,4,0.9954466100363533
2020-10-17 12:00:00,4,0.9991902607667942
2020-10-17 13:00:00,4,0.48845375419944315
2020-10-17 14:00:00,4,0.9503721323365772
2020-10-17 15:00:00,4,0.9993136776834114
2020-10-17 16:00:00,4,0.988160531356355
2020-10-17 17:00:00,4,0.9999660108507907
2020-10-17 18:00:00,4,0.990467910817217
2020-10-18 08:00:00,4,0.9984916849055145
2020-10-18 09:00:00,4,0.9999306368596179
2020-10-18 10:00:00,4,0.9987084825639341
2020-10-18 11:00:00,4,0.997367659256253
2020-10-18 12:00:00,4,0.9959183506986009
2020-10-18 13:00:00,4,0.9930162088144089
2020-10-18 14:00:00,4,0.9766048638021829
2020-10-18 15:00:00,4,0.989664225101361
2020-10-18 16:00:00,4,0.8488775995648633
2020-10-18 17:00:00,4,0.9445565381133596
2020-10-18 18:00:00,4,0.9983807897092634
2020-10-19 08:00:00,4,0.9979896855526447
2020-10-19 09:00:00,4,0.9999571052150142
2020-10-19 10:00:00,4,0.9995479354458895
2020-10-19 11:00:00,4,0.9972642053641334
2020-10-19 12:00:00,4,-0.9123615291693258
2020-10-19 13:00:00,4,-0.5209416660755068
2020-10-19 14:00:00,4,0.8528286404748248
2020-10-19 15:00:00,4,0.8277066052017685
2020-10-19 16:00:00,4,0.8471254232958371
2020-10-19 17:00:00,4,0.5614885535912344
2020-10-19 18:00:00,4,0.9925987970449378
2020-10-20 08:00:00,4,0.9995438532688096
2020-10-20 09:00:00,4,0.9999779621610276
2020-10-20 10:00:00,4,0.9995341360193635
2020-10-20 11:00:00,4,0.9993395603185883
2020-10-20 12:00:00,4,0.4281027763694726
2020-10-20 13:00:00,4,-0.5840301107730288
2020-10-20 14:00:00,4,0.9250594790075528
2020-10-20 15:00:00,4,0.9965902018355892
2020-10-20 16:00:00,4,0.9952367788239886
2020-10-20 17:00:00,4,0.9988137460586859
2020-10-20 18:00:00,4,0.9842627462619695
2020-10-21 08:00:00,4,0.9997491144767556
2020-10-21 09:00:00,4,0.9999786026902123
2020-10-21 10:00:00,4,0.9995511076036689
2020-10-21 11:00:00,4,0.9991886974004304
2020-10-21 12:00:00,4,0.9981911808312545
2020-10-21 13:00:00,4,0.15220700512021074
2020-10-21 14:00:00,4,0.9547476547443964
2020-10-21 15:00:00,4,0.9969594382942268
2020-10-21 16:00:00,4,0.9982940689701786
2020-10-21 17:00:00,4,0.9999992225698863
2020-10-21 18:00:00,4,0.9891279787107882
2020-10-22 08:00:00,3,0.9969799867529924
2020-10-22 09:00:00,4,0.9999674282493392
2020-10-22 10:00:00,4,0.943275064133395
2020-10-22 11:00:00,4,0.9995246115151362
2020-10-22 12:00:00,4,0.9919109548086512
2020-10-22 13:00:00,4,-0.6130608784174228
2020-10-22 14:00:00,4,0.9756887203968384
2020-10-22 15:00:00,4,0.9984181620689391
2020-10-22 16:00:00,4,0.9944035516514861
2020-10-22 17:00:00,4,0.999611885860996
2020-10-22 18:00:00,4,0.9725503016163259
2020-10-23 08:00:00,4,0.9969076518778768
2020-10-23 09:00:00,4,0.987039579107029
2020-10-23 10:00:00,4,0.06020688545641769
2020-10-23 11:00:00,4,0.8459529622661062
2020-10-23 12:00:00,4,-0.37808668602498335
2020-10-23 13:00:00,4,-0.7903496929862344
2020-10-23 14:00:00,4,0.5630870753783767
2020-10-23 15:00:00,4,0.9192516972204939
2020-10-23 16:00:00,4,0.6510627090211232
2020-10-23 17:00:00,4,0.9960980581488019
2020-10-23 18:00:00,4,0.9720988957313133
2020-10-24 08:00:00,3,0.9986522006238314
2020-10-24 09:00:00,4,-0.8682550715922889
2020-10-24 10:00:00,4,0.8730472019653547
2020-10-24 11:00:00,4,-0.5396119613175683
2020-10-24 12:00:00,4,-0.8938053237322191
2020-10-24 13:00:00,4,-0.02118409530267522
2020-10-24 14:00:00,4,0.9658982979022944
2020-10-24 15:00:00,4,0.989597432936059
2020-10-24 16:00:00,4,-0.6094816353582526
2020-10-24 17:00:00,4,0.9695678668675928
2020-10-24 18:00:00,4,0.9816143468631665
2020-10-25 08:00:00,3,0.9999999961470527
2020-10-25 09:00:00,4,0.3484833570729508
2020-10-25 10:00:00,4,-0.9402477610367124
2020-10-25 11:00:00,4,-0.9837295314293663
2020-10-25 12:00:00,4,0.85730235566476
2020-10-25 13:00:00,4,0.9958875768195293
2020-10-25 14:00:00,4,0.7736231578203162
2020-10-25 15:00:00,4,-0.9667937356915906
2020-10-25 16:00:00,4,-0.9760247538416257
2020-10-25 17:00:00,4,-0.9528490955688793
2020-10-25 18:00:00,4,0.9516294711979607
2020-10-26 08:00:00,3,0.9945717937543478
2020-10-26 09:00:00,4,0.9985574577216958
2020-10-26 10:00:00,4,0.9440255479859151
2020-10-26 11:00:00,4,0.921058124605587
2020-10-26 12:00:00,4,-0.31412519462162364
2020-10-26 13:00:00,4,-0.2655860136865931
2020-10-26 14:00:00,4,0.6769922953070896
2020-10-26 15:00:00,4,0.9925422329224681
2020-10-26 16:00:00,4,0.9162034285551802
2020-10-26 17:00:00,4,0.9547743761826852
2020-10-26 18:00:00,4,0.9741745217573073
2020-10-27 08:00:00,3,0.9988523074913507
2020-10-27 09:00:00,4,0.9818009138325091
2020-10-27 10:00:00,4,0.7933296789063827
2020-10-27 11:00:00,4,-0.3031462841937694
2020-10-27 12:00:00,4,-0.7007532335767114
2020-10-27 13:00:00,4,-0.9178121332078926
2020-10-27 14:00:00,4,-0.0020380687952330427
2020-10-27 15:00:00,4,-0.6206412034238119
2020-10-27 16:00:00,4,-0.450849674057079
2020-10-27 17:00:00,4,0.7526890650926892
2020-10-27 18:00:00,3,0.999895925464595
2020-10-28 08:00:00,3,0.9939501522004942
2020-10-28 09:00:00,4,0.9984509908630962
2020-10-28 10:00:00,4,0.9999777982483815
2020-10-28 11:00:00,4,0.99793833469046
2020-10-28 12:00:00,4,0.9946983820322911
2020-10-28 13:00:00,4,0.9887729782506604
2020-10-28 14:00:00,4,0.9541480112158693
2020-10-28 15:00:00,4,0.9948569085301461
2020-10-28 16:00:00,4,0.9691875104497736
2020-10-28 17:00:00,4,0.9977429055991348
2020-10-28 18:00:00,3,0.99250337206659
2020-10-29 08:00:00,3,0.9995607908534705
2020-10-29 09:00:00,4,0.9993357600896574
2020-10-29 10:00:00,4,-0.9307760119205707
2020-10-29 11:00:00,4,-0.8464154308698071
2020-10-29 12:00:00,4,-0.9872631112299296
2020-10-29 13:00:00,4,0.08008825528234653
2020-10-29 14:00:00,4,0.5307718279768961
2020-10-29 15:00:00,4,0.9050157753395872
2020-10-29 16:00:00,4,0.9907334502928742
2020-10-29 17:00:00,4,0.9947513394425573
2020-10-29 18:00:00,3,0.9585034735911963
2020-10-30 08:00:00,3,0.9956261086921471
2020-10-30 09:00:00,4,0.9270633903038719
2020-10-30 10:00:00,4,0.582536926950297
2020-10-30 11:00:00,4,-0.9178808146554002
2020-10-30 12:00:00,4,0.7757233441883841
2020-10-30 13:00:00,4,0.43107168564970366
2020-10-30 14:00:00,4,-0.8028646703510827
2020-10-30 15:00:00,4,0.9936870171450374
2020-10-30 16:00:00,4,0.9986795742015533
2020-10-30 17:00:00,4,0.4020356274389749
2020-10-30 18:00:00,3,0.959391956907218
2020-10-31 08:00:00,3,0.9982479344426058
2020-10-31 09:00:00,4,0.9993354594033411
2020-10-31 10:00:00,4,0.6924471896431361
2020-10-31 11:00:00,4,-0.8293250184457002
2020-10-31 12:00:00,4,-0.9595888992400531
2020-10-31 13:00:00,4,0.17865868179794003
2020-10-31 14:00:00,4,-0.949959447712915
2020-10-31 15:00:00,4,-0.9389452231482379
2020-10-31 16:00:00,4,-0.7783454099861372
2020-10-31 17:00:00,4,0.9991992913977265
2020-10-31 18:00:00,3,0.9913780398725831
2020-11-01 08:00:00,3,0.9991721914612159
2020-11-01 09:00:00,4,0.9982764002995141
2020-11-01 10:00:00,4,0.9957986789787282
2020-11-01 11:00:00,4,0.9983478585110871
2020-11-01 12:00:00,4,0.9947380933753308
2020-11-01 13:00:00,4,0.03559862241285457
2020-11-01 14:00:00,4,0.9945864487846539
2020-11-01 15:00:00,4,-0.9248431284919673
2020-11-01 16:00:00,4,0.9954946135131426
2020-11-01 17:00:00,4,0.997002767875515
2020-11-01 18:00:00,3,0.9991316614665509
2020-11-02 08:00:00,3,0.9998751231209857
2020-11-02 09:00:00,4,0.9998779627241232
2020-11-02 10:00:00,4,0.9995923335146384
2020-11-02 11:00:00,4,0.9949429392514092
2020-11-02 12:00:00,4,0.9657097300397844
2020-11-02 13:00:00,4,-0.284970866313622
2020-11-02 14:00:00,4,-0.8218814910535476
2020-11-02 15:00:00,4,-0.7659320808695083
2020-11-02 16:00:00,4,0.9993615597730124
2020-11-02 17:00:00,4,0.9999384180018379
2020-11-02 18:00:00,3,0.9879661460559451
2020-11-03 08:00:00,3,0.9979433192274992
2020-11-03 09:00:00,4,0.9993682432244121
2020-11-03 10:00:00,4,0.9976919983993218
2020-11-03 11:00:00,4,0.9987500610175772
2020-11-03 12:00:00,4,0.9959129164747713
2020-11-03 13:00:00,4,-0.7481464415812898
2020-11-03 14:00:00,4,0.931118442617803
2020-11-03 15:00:00,4,-0.9778295265895453
2020-11-03 16:00:00,4,0.9983036261245803
2020-11-03 17:00:00,4,0.999996769864724
2020-11-03 18:00:00,3,0.9846918038155831
2020-11-04 08:00:00,3,0.9906139394857275
2020-11-04 09:00:00,4,0.9984848350447183
2020-11-04 10:00:00,4,0.9965184161028551
2020-11-04 11:00:00,4,-0.45346881987323867
2020-11-04 12:00:00,4,-0.9971431865762161
2020-11-04 13:00:00,4,-0.6610909138093893
2020-11-04 14:00:00,4,0.7962250767882281
2020-11-04 15:00:00,4,0.864207429024723
2020-11-04 16:00:00,4,-0.9859732570931039
2020-11-04 17:00:00,4,0.9746697744104451
2020-11-04 18:00:00,3,0.9948021359320569
2020-11-05 09:00:00,4,0.994632993450832
2020-11-05 10:00:00,4,-0.7925510829799299
2020-11-05 11:00:00,4,-0.7049188036343729
2020-11-05 12:00:00,4,-0.6202871318359431
2020-11-05 13:00:00,4,-0.49051490514904916
2020-11-05 14:00:00,4,0.8901157892504564
2020-11-05 15:00:00,4,0.8021730446080446
2020-11-05 16:00:00,4,0.9612820267027344
2020-11-05 17:00:00,4,-0.12568737874373354
2020-11-05 18:00:00,3,0.9531811919355808
2020-11-06 08:00:00,3,0.9764954433922279
2020-11-06 09:00:00,4,0.9920583162900589
2020-11-06 10:00:00,4,-0.3832325342612491
2020-11-06 11:00:00,4,-0.8700294033837486
2020-11-06 12:00:00,4,0.9719908370320993
2020-11-06 13:00:00,4,0.72124846661905
2020-11-06 14:00:00,4,-0.7881212908758679
2020-11-06 15:00:00,4,-0.5682368738825769
2020-11-06 16:00:00,4,-0.9404748690793441
2020-11-06 17:00:00,4,0.9997555698494389
2020-11-06 18:00:00,3,0.970432161439155
2020-11-07 09:00:00,4,0.9985791542912001
2020-11-07 10:00:00,4,0.9993855803011037
2020-11-07 11:00:00,4,0.9997661830427395
2020-11-07 12:00:00,4,-0.7470638532851007
2020-11-07 13:00:00,4,-0.5816458032095043
2020-11-07 14:00:00,4,0.8274453019784725
2020-11-07 15:00:00,4,-0.9601343436072878
2020-11-07 16:00:00,4,0.9573968052414268
2020-11-07 17:00:00,4,0.9993578990748951
2020-11-07 18:00:00,3,0.9791084019707452
2020-11-08 08:00:00,3,0.9984516917101424
2020-11-08 09:00:00,4,0.9997726981601711
2020-11-08 10:00:00,4,0.942796813653302
2020-11-08 11:00:00,4,0.8580168982935573
2020-11-08 12:00:00,4,0.8838157350292458
2020-11-08 13:00:00,4,-0.6941241181724462
2020-11-08 14:00:00,4,0.8201501902546615
2020-11-08 15:00:00,4,-0.8704532621560023
2020-11-08 16:00:00,4,0.9991166631289503
2020-11-08 17:00:00,4,0.9958772690355923
2020-11-08 18:00:00,3,0.9773044068798066
2020-11-09 09:00:00,4,0.8105754411618492
2020-11-09 10:00:00,4,0.9995892942511067
2020-11-09 11:00:00,4,0.9980634934889571
2020-11-09 12:00:00,4,-0.7961267046688473
2020-11-09 13:00:00,4,-0.433251493904055
2020-11-09 14:00:00,4,0.9980990907879638
2020-11-09 15:00:00,4,0.9467793147974881
2020-11-09 16:00:00,4,0.007159690560050008
2020-11-09 17:00:00,4,0.8825267294005632
2020-11-10 09:00:00,4,0.9998157234212984
2020-11-10 10:00:00,4,0.9903335630760014
2020-11-10 11:00:00,4,0.32305471313403566
2020-11-10 12:00:00,4,-0.6342070317650482
2020-11-10 13:00:00,4,-0.9423839046857316
2020-11-10 14:00:00,4,-0.8871021245866484
2020-11-10 15:00:00,4,0.9985855937414568
2020-11-10 16:00:00,4,0.9984596514450265
2020-11-10 17:00:00,4,0.9974778832116528
2020-11-11 09:00:00,4,0.47062866436709627
2020-11-11 10:00:00,4,0.9998360937965476
2020-11-11 11:00:00,4,0.9982661683471843
2020-11-11 12:00:00,4,0.9998399358981127
2020-11-11 13:00:00,4,0.7293652947381172
2020-11-11 14:00:00,4,0.9985190527090025
2020-11-11 15:00:00,4,0.9952699871543743
2020-11-11 16:00:00,4,0.9988778599727319
2020-11-11 17:00:00,4,0.9930391652286996
2020-11-12 09:00:00,4,0.08579816978367023
2020-11-12 10:00:00,4,0.6725158305645866
2020-11-12 11:00:00,4,0.9983791899583366
2020-11-12 12:00:00,4,-0.8570047203906471
2020-11-12 13:00:00,4,0.5882274028205666
2020-11-12 14:00:00,4,0.7961584130264118
2020-11-12 15:00:00,4,-0.9192515874247432
2020-11-12 16:00:00,4,0.19973853664444632
2020-11-12 17:00:00,4,0.9694516370239359
2020-11-12 18:00:00,3,0.9427998721699328
2020-11-13 09:00:00,4,0.3387830666841365
2020-11-13 10:00:00,4,0.9998796872910457
2020-11-13 11:00:00,4,0.9986707210840229
2020-11-13 12:00:00,4,0.6950174884926321
2020-11-13 13:00:00,4,-0.6102807049096899
2020-11-13 14:00:00,4,0.9287813534531512
2020-11-13 15:00:00,4,-0.943653236891277
2020-11-13 16:00:00,4,-0.008945823197125093
2020-11-13 17:00:00,4,0.9904233525738511
2020-11-14 09:00:00,4,0.8883232312255045
2020-11-14 10:00:00,4,0.9429115240732379
2020-11-14 11:00:00,4,0.9080971635840165
2020-11-14 12:00:00,4,0.9919235144133133
2020-11-14 13:00:00,4,0.9953084543988822
2020-11-14 14:00:00,4,0.9952783299096418
2020-11-14 15:00:00,4,0.9970506321134405
2020-11-14 16:00:00,4,0.9944974028728462
2020-11-14 17:00:00,4,0.9851278619242033
2020-11-15 09:00:00,4,
2020-11-15 10:00:00,4,
2020-11-15 11:00:00,4,
2020-11-15 12:00:00,4,0.312383237465926
2020-11-15 13:00:00,4,-0.6115250695282323
2020-11-15 14:00:00,4,-0.04465840310206145
2020-11-15 15:00:00,4,0.5180637223466374
2020-11-15 16:00:00,4,0.9979110366361872
2020-11-15 17:00:00,4,0.9880738120485908
2020-11-16 09:00:00,4,0.964953873186716
2020-11-16 10:00:00,4,0.998666093778746
2020-11-16 11:00:00,4,0.9058547227494259
2020-11-16 12:00:00,4,-0.35892748982047357
2020-11-16 13:00:00,4,0.6224030082131744
2020-11-16 14:00:00,4,-0.785565588734387
2020-11-16 15:00:00,4,-0.028062935620800863
2020-11-16 16:00:00,4,0.7920836361575776
2020-11-16 17:00:00,4,0.8886765557522122
2020-11-17 09:00:00,4,0.980518049924342
2020-11-17 10:00:00,4,0.9306950374081255
2020-11-17 11:00:00,4,0.9685940436854709
2020-11-17 12:00:00,4,0.7869583951020034
2020-11-17 13:00:00,4,0.10729518134105465
2020-11-17 14:00:00,4,0.6626071567020929
2020-11-17 15:00:00,4,-0.08771037577429806
2020-11-17 16:00:00,4,0.995688445694636
2020-11-17 17:00:00,4,0.9778958459604369
2020-11-18 09:00:00,4,0.9757784055161735
2020-11-18 10:00:00,4,0.8592175768126173
2020-11-18 11:00:00,4,0.7772000605103939
2020-11-18 12:00:00,4,-0.5161580414194841
2020-11-18 13:00:00,4,0.9054278563821994
2020-11-18 14:00:00,4,0.6349862964932935
2020-11-18 15:00:00,4,0.8395979701320054
2020-11-18 16:00:00,4,0.7019992638082719
2020-11-18 17:00:00,4,0.973503686168518
2020-11-19 09:00:00,4,0.9172919054798356
2020-11-19 10:00:00,4,0.6981596147141447
2020-11-19 11:00:00,4,0.5942808935177556
2020-11-19 12:00:00,4,-0.9833031918079348
2020-11-19 13:00:00,4,-0.944566406558094
2020-11-19 14:00:00,4,0.19153550873988076
2020-11-19 15:00:00,4,-0.9394875073489679
2020-11-19 16:00:00,4,0.9470572964420857
2020-11-19 17:00:00,4,0.9977391189419906
2020-11-20 07:00:00,4,
2020-11-20 08:00:00,4,
2020-11-20 09:00:00,4,0.9754891553524316
2020-11-20 10:00:00,4,0.2494643759477099
2020-11-20 11:00:00,4,0.8380168519907675
2020-11-20 12:00:00,4,-0.5295811875121861
2020-11-20 13:00:00,4,-0.10922136850828083
2020-11-20 14:00:00,4,-0.08720531012860909
2020-11-20 15:00:00,4,0.8392866315673998
2020-11-20 16:00:00,4,0.9118092067373552
2020-11-20 17:00:00,4,0.8809077405304756
2020-11-21 09:00:00,4,0.9448002023033752
2020-11-21 10:00:00,4,0.9984585138285229
2020-11-21 11:00:00,4,0.9970646297123348
2020-11-21 12:00:00,4,0.9923121245445377
2020-11-21 13:00:00,4,0.628043737388913
2020-11-21 14:00:00,4,0.9982456684573422
2020-11-21 15:00:00,4,0.997394362203223
2020-11-21 16:00:00,4,0.9996793743890209
2020-11-21 17:00:00,4,0.9605743364952585
2020-11-22 09:00:00,4,0.7845938386674073
2020-11-22 10:00:00,4,0.9994388436207828
2020-11-22 11:00:00,4,0.9988248121290189
2020-11-22 12:00:00,4,0.9966131060239352
2020-11-22 13:00:00,4,-0.17426663588989885
2020-11-22 14:00:00,4,-0.9203662023378724
2020-11-22 15:00:00,4,0.99901789813291
2020-11-22 16:00:00,4,0.9998695123657415
2020-11-22 17:00:00,4,0.9627391067043749
2020-11-23 09:00:00,4,0.954081184952175
2020-11-23 10:00:00,4,0.9996573157159455
2020-11-23 11:00:00,4,0.9926352286766011
2020-11-23 12:00:00,4,0.9990458841924185
2020-11-23 13:00:00,4,0.6583952813612151
2020-11-23 14:00:00,4,0.9931769498865031
2020-11-23 15:00:00,4,0.9968941036312498
2020-11-23 16:00:00,4,0.9999614766423705
2020-11-23 17:00:00,4,0.9589286466045359
2020-11-24 09:00:00,4,0.536541020978992
2020-11-24 10:00:00,4,0.9982174234516826
2020-11-24 11:00:00,4,0.2686631075605737
2020-11-24 12:00:00,4,0.9864383206173568
2020-11-24 13:00:00,4,0.41911628254028427
2020-11-24 14:00:00,4,0.504385268279556
2020-11-24 15:00:00,4,0.6642176489451833
2020-11-24 16:00:00,4,0.8173528943082942
2020-11-24 17:00:00,4,0.9832704448091306
2020-11-25 09:00:00,4,0.9832713218318189
2020-11-25 10:00:00,4,0.9999508923496356
2020-11-25 11:00:00,4,0.9989943213251407
2020-11-25 12:00:00,4,0.9973795704999284
2020-11-25 13:00:00,4,0.8698743496288753
2020-11-25 14:00:00,4,0.9964817036439427
2020-11-25 15:00:00,4,0.9996404797930927
2020-11-25 16:00:00,4,0.9965568238709323
2020-11-25 17:00:00,4,0.9637685603015935
2020-11-26 09:00:00,4,0.9846442185741018
2020-11-26 10:00:00,4,0.9739213557930253
2020-11-26 11:00:00,4,0.999797185938121
2020-11-26 12:00:00,4,0.9999431988140305
2020-11-26 13:00:00,4,0.9376881652732172
2020-11-26 14:00:00,4,0.9970607787283902
2020-11-26 15:00:00,4,0.9962553031750568
2020-11-26 16:00:00,4,0.9997183114944742
2020-11-26 17:00:00,4,0.9533350635410136
2020-11-27 09:00:00,4,0.9998293459366203
2020-11-27 10:00:00,4,0.9756805769578987
2020-11-27 11:00:00,4,0.6086820946331046
2020-11-27 12:00:00,4,0.9126705151998444
2020-11-27 13:00:00,4,0.18125801139429829
2020-11-27 14:00:00,4,0.963612403157026
2020-11-27 15:00:00,4,0.5799961194544542
2020-11-27 16:00:00,4,0.9993624733071865
2020-11-27 17:00:00,4,0.9591867359009145
2020-11-28 09:00:00,4,0.9759915554372206
2020-11-28 10:00:00,4,0.9309765660137045
2020-11-28 11:00:00,4,0.9724857770849786
2020-11-28 12:00:00,4,-0.436540755372675
2020-11-28 13:00:00,4,0.7782044398786172
2020-11-28 14:00:00,4,-0.6763191175229372
2020-11-28 15:00:00,4,0.16600687711570683
2020-11-28 16:00:00,4,0.6780785912839966
2020-11-28 17:00:00,4,0.8442898928459464
2020-11-29 09:00:00,4,0.993541471507586
2020-11-29 10:00:00,4,0.9242998686980781
2020-11-29 11:00:00,4,0.9993592129196944
2020-11-29 12:00:00,4,0.9884426932432295
2020-11-29 13:00:00,4,0.5781098523291995
2020-11-29 14:00:00,4,0.8370857397506826
2020-11-29 15:00:00,4,0.9716667390703445
2020-11-29 16:00:00,4,0.41255289195014433
2020-11-29 17:00:00,4,0.948110731084516
2020-11-30 09:00:00,4,0.9686219336829327
2020-11-30 10:00:00,4,0.6299835311746804
2020-11-30 11:00:00,4,0.6137037354775899
2020-11-30 12:00:00,4,0.5961245624421367
2020-11-30 13:00:00,4,0.9226126583452307
2020-11-30 14:00:00,4,0.2522657672907321
2020-11-30 15:00:00,4,0.9334009735247342
2020-11-30 16:00:00,4,0.984108639949616
2020-11-30 17:00:00,4,0.9938187425125501
2020-12-01 09:00:00,4,0.9828049522032366
2020-12-01 10:00:00,4,0.5918986235713461
2020-12-01 11:00:00,4,0.9203789430782557
2020-12-01 12:00:00,4,0.9587151650440732
2020-12-01 13:00:00,4,-0.930808967290784
2020-12-01 14:00:00,4,0.09344665919957347
2020-12-01 15:00:00,4,0.9838217931335348
2020-12-01 16:00:00,4,0.9989767015860237
2020-12-01 17:00:00,4,0.9729681362660859
2020-12-02 09:00:00,4,0.9878878727357235
2020-12-02 10:00:00,4,0.9914203123803197
2020-12-02 11:00:00,4,0.9987425860035335
2020-12-02 12:00:00,4,0.9959134428598392
2020-12-02 13:00:00,4,0.4918871400708014
2020-12-02 14:00:00,4,0.9994104951390123
2020-12-02 15:00:00,4,0.9951640873997043
2020-12-02 16:00:00,4,0.9964686653587893
2020-12-02 17:00:00,4,0.975908526663256
2020-12-03 09:00:00,4,0.9973453848306738
2020-12-03 10:00:00,4,0.9913982931728046
2020-12-03 11:00:00,4,0.9963866770329206
2020-12-03 12:00:00,4,0.9960547536412073
2020-12-03 13:00:00,4,0.9379869537879859
2020-12-03 14:00:00,4,0.9984777140920731
2020-12-03 15:00:00,4,0.9921866935906494
2020-12-03 16:00:00,4,0.998218644304833
2020-12-03 17:00:00,4,0.9728199090231217
2020-12-04 09:00:00,4,0.9278208828107068
2020-12-04 10:00:00,4,0.9134920422718201
2020-12-04 11:00:00,4,0.9465458544942993
2020-12-04 12:00:00,4,0.9892096626556548
2020-12-04 13:00:00,4,0.9553741688837452
2020-12-04 14:00:00,4,0.8103289779110016
2020-12-04 15:00:00,4,0.9980320241207513
2020-12-04 16:00:00,4,0.9977554837313919
2020-12-04 17:00:00,4,0.9796611788333959
2020-12-05 09:00:00,4,0.9932892044427107
2020-12-05 10:00:00,4,0.9929704122707336
2020-12-05 11:00:00,4,0.9989760661381115
2020-12-05 12:00:00,4,0.9990181695815206
2020-12-05 13:00:00,4,0.9747114501043325
2020-12-05 14:00:00,4,0.997105329720065
2020-12-05 15:00:00,4,0.994015544065227
2020-12-05 16:00:00,4,0.9994810577800674
2020-12-05 17:00:00,4,0.9820865711713024
2020-12-06 09:00:00,4,0.9967557916068065
2020-12-06 10:00:00,4,0.9950643221333454
2020-12-06 11:00:00,4,0.9977875353261857
2020-12-06 12:00:00,4,0.9979533084515692
2020-12-06 13:00:00,4,0.7510550099219255
2020-12-06 14:00:00,4,0.9890277352198416
2020-12-06 15:00:00,4,0.9993509059270862
2020-12-06 16:00:00,4,0.9973795521970114
2020-12-06 17:00:00,4,0.98976870932077
2020-12-07 09:00:00,4,0.5566291711820719
2020-12-07 10:00:00,4,0.9965391840533191
2020-12-07 11:00:00,4,0.9997143807125355
2020-12-07 12:00:00,4,0.9469071138829228
2020-12-07 13:00:00,4,0.2487474652216506
2020-12-07 14:00:00,4,0.9923099011932658
2020-12-07 15:00:00,4,0.9868054656719387
2020-12-07 16:00:00,4,0.5998164088881345
2020-12-07 17:00:00,4,0.9615840350607244
2020-12-08 09:00:00,4,0.9580436885558895
2020-12-08 10:00:00,4,0.9980209153782587
2020-12-08 11:00:00,4,0.764320213931005
2020-12-08 12:00:00,4,0.22974927052572572
2020-12-08 13:00:00,4,0.28528880461316464
2020-12-08 14:00:00,4,0.7983960636663333
2020-12-08 15:00:00,4,0.6326179076953159
2020-12-08 16:00:00,4,0.7011381318375582
2020-12-08 17:00:00,4,0.9909595010878379
2020-12-09 09:00:00,4,0.999462582219009
2020-12-09 10:00:00,4,0.9956632439254661
2020-12-09 11:00:00,4,0.9960232428567072
2020-12-09 12:00:00,4,0.9986373538828663
2020-12-09 13:00:00,4,0.0675221414350181
2020-12-09 14:00:00,4,0.9789495928087293
2020-12-09 15:00:00,4,0.49221851710375897
2020-12-09 16:00:00,4,0.9986759012600943
2020-12-09 17:00:00,4,0.9818664271280421
2020-12-10 09:00:00,4,0.9250046260573979
2020-12-10 10:00:00,4,0.9771853083590417
2020-12-10 11:00:00,4,0.9974311592688817
2020-12-10 12:00:00,4,0.9955437357778211
2020-12-10 13:00:00,4,0.8017056913469511
2020-12-10 14:00:00,4,0.9844923066016958
2020-12-10 15:00:00,4,0.47063673259559563
2020-12-10 16:00:00,4,0.9607450594155562
2020-12-10 17:00:00,4,0.9782027818650549
2020-12-11 09:00:00,4,0.9992572690270267
2020-12-11 10:00:00,4,0.9976468814208495
2020-12-11 11:00:00,4,0.9995613895116556
2020-12-11 12:00:00,4,-0.9751194312931055
2020-12-11 13:00:00,4,-0.44017745480613474
2020-12-11 14:00:00,4,-0.962506520690035
2020-12-11 15:00:00,4,0.46605951124251915
2020-12-11 16:00:00,4,0.9978715384591935
2020-12-11 17:00:00,4,0.9916931298242737
2020-12-12 09:00:00,4,0.9974167664911846
2020-12-12 10:00:00,4,0.9952116907107004
2020-12-12 11:00:00,4,-0.4724250185085636
2020-12-12 12:00:00,4,-0.9438695600653964
2020-12-12 13:00:00,4,0.5535227999468105
2020-12-12 14:00:00,4,-0.7071747875456607
2020-12-12 15:00:00,4,0.6068269569141985
2020-12-12 16:00:00,4,0.5254521641667059
2020-12-12 17:00:00,4,0.9834986467388036
2020-12-13 09:00:00,4,0.9879598096047191
2020-12-13 10:00:00,4,0.8495694972041078
2020-12-13 11:00:00,4,0.9931982838445647
2020-12-13 12:00:00,4,0.9998580771889298
2020-12-13 13:00:00,4,0.8840335092235416
2020-12-13 14:00:00,4,-0.027275049876978572
2020-12-13 15:00:00,4,0.6179667508666217
2020-12-13 16:00:00,4,0.9940374172948521
2020-12-13 17:00:00,4,0.9858667842358656
2020-12-14 09:00:00,4,0.9926342423096347
2020-12-14 10:00:00,4,0.9962223407244487
2020-12-14 11:00:00,4,0.9991614899317641
2020-12-14 12:00:00,4,0.9974354743515067
2020-12-14 13:00:00,4,0.9680516760834583
2020-12-14 14:00:00,4,0.9998819671895871
2020-12-14 15:00:00,4,0.8526404584494492
2020-12-14 16:00:00,4,0.9958754763127469
2020-12-14 17:00:00,4,0.9860345422505205
2020-12-15 09:00:00,4,0.9915660254330275
2020-12-15 10:00:00,4,0.9978815734171121
2020-12-15 11:00:00,4,0.9986397791589673
2020-12-15 12:00:00,4,0.9985381104006184
2020-12-15 13:00:00,4,0.9647675171670645
2020-12-15 14:00:00,4,0.9996451426067718
2020-12-15 15:00:00,4,0.9938839079489183
2020-12-15 16:00:00,4,0.9958123675270549
2020-12-15 17:00:00,4,0.9882128908916004
2020-12-16 09:00:00,4,0.9921907181379149
2020-12-16 10:00:00,4,0.994117502241881
2020-12-16 11:00:00,4,0.9975179103655641
2020-12-16 12:00:00,4,0.9937432993029534
2020-12-16 13:00:00,4,-0.5025785320195217
2020-12-16 14:00:00,4,0.8742140372364595
2020-12-16 15:00:00,4,0.9823994716001812
2020-12-16 16:00:00,4,0.9958896701278133
2020-12-16 17:00:00,4,0.9840349466297014
2020-12-17 09:00:00,4,0.9865061291631376
2020-12-17 10:00:00,4,0.9963039494732365
2020-12-17 11:00:00,4,0.9870606584801601
2020-12-17 12:00:00,4,0.9615584328820405
2020-12-17 13:00:00,4,0.9640600811359681
2020-12-17 14:00:00,4,0.626123045758078
2020-12-17 15:00:00,4,0.9352817133443257
2020-12-17 16:00:00,4,0.9647602910777865
2020-12-17 17:00:00,4,0.9756863529720154
2020-12-18 09:00:00,4,0.99765186231932
2020-12-18 10:00:00,4,0.880199497205122
2020-12-18 11:00:00,4,0.7673755176061609
2020-12-18 12:00:00,4,0.713818742655287
2020-12-18 13:00:00,4,-0.040694647279449755
2020-12-18 14:00:00,4,0.9235142704865927
2020-12-18 15:00:00,4,0.28124350997520725
2020-12-18 16:00:00,4,0.99744483403465
2020-12-18 17:00:00,4,0.9819153537266158
2020-12-19 09:00:00,4,0.9996223672579747
2020-12-19 10:00:00,4,0.9965534836697107
2020-12-19 11:00:00,4,0.9998004530843978
2020-12-19 12:00:00,4,0.9938867053885789
2020-12-19 13:00:00,4,0.6308299563938319
2020-12-19 14:00:00,4,0.9606168779102291
2020-12-19 15:00:00,4,0.998207118082994
2020-12-19 16:00:00,4,0.999439562451643
2020-12-19 17:00:00,4,0.9917647279530214
2020-12-20 09:00:00,4,0.9992960680656345
2020-12-20 10:00:00,4,0.9917553548340472
2020-12-20 11:00:00,4,0.9831816434342598
2020-12-20 12:00:00,4,0.9061987379217464
2020-12-20 13:00:00,4,0.9230830591233952
2020-12-20 14:00:00,4,0.997371684730768
2020-12-20 15:00:00,4,0.671943825053043
2020-12-20 16:00:00,4,0.7824236492684277
2020-12-20 17:00:00,4,0.9868509912827638
2020-12-21 09:00:00,4,0.9963778648584475
2020-12-21 10:00:00,4,0.9884856579433404
2020-12-21 11:00:00,4,0.9996217453077745
2020-12-21 12:00:00,4,0.10325862687732797
2020-12-21 13:00:00,4,-0.24419574812266887
2020-12-21 14:00:00,4,0.9644669357872035
2020-12-21 15:00:00,4,0.9682909086431735
2020-12-21 16:00:00,4,0.7469258298541714
2020-12-21 17:00:00,4,0.9049841558384892
2020-12-22 09:00:00,4,0.9934056300395936
2020-12-22 10:00:00,4,0.9842122189778126
2020-12-22 11:00:00,4,0.9905547567450802
2020-12-22 12:00:00,4,0.9992737336264296
2020-12-22 13:00:00,4,0.7142738431870704
2020-12-22 14:00:00,4,0.5194696864304595
2020-12-22 15:00:00,4,0.995822624068271
2020-12-22 16:00:00,4,0.9702002615770321
2020-12-22 17:00:00,4,0.7820303600120948
2020-12-23 09:00:00,4,0.990449466219152
2020-12-23 10:00:00,4,0.9922711354046962
2020-12-23 11:00:00,4,0.9931194902259908
2020-12-23 12:00:00,4,0.9997241838678798
2020-12-23 13:00:00,4,0.925985778741358
2020-12-23 14:00:00,4,0.9832583451497949
2020-12-23 15:00:00,4,0.9904301373546294
2020-12-23 16:00:00,4,0.9981563914756415
2020-12-23 17:00:00,4,0.9870153145125583
2020-12-24 09:00:00,4,0.9834547745950161
2020-12-24 10:00:00,4,0.9896874507624134
2020-12-24 11:00:00,4,0.9991186097902545
2020-12-24 12:00:00,4,0.9940532069211099
2020-12-24 13:00:00,4,0.9973406209973806
2020-12-24 14:00:00,4,0.9997944655026877
2020-12-24 15:00:00,4,0.9952126711652353
2020-12-24 16:00:00,4,0.989547139816341
2020-12-24 17:00:00,4,0.9891155759315857
2020-12-25 09:00:00,4,0.9781297910119976
2020-12-25 10:00:00,4,0.9959671281304802
2020-12-25 11:00:00,4,0.9946486934190765
2020-12-25 12:00:00,4,0.9813370023698118
2020-12-25 13:00:00,4,-0.17964710926975822
2020-12-25 14:00:00,4,0.5916914527262697
2020-12-25 15:00:00,4,0.9975211930856163
2020-12-25 16:00:00,4,0.9992242964401953
2020-12-25 17:00:00,4,0.9804345803948793
2020-12-26 09:00:00,4,0.9996338011671124
2020-12-26 10:00:00,4,0.998378013223035
2020-12-26 11:00:00,4,0.9992013563553158
2020-12-26 12:00:00,4,0.9828547124380375
2020-12-26 13:00:00,4,0.9603192765968054
2020-12-26 14:00:00,4,0.9029623707356982
2020-12-26 15:00:00,4,0.9887758832404575
2020-12-26 16:00:00,4,0.9989997893592952
2020-12-26 17:00:00,4,0.9778251575268645
2020-12-27 09:00:00,4,0.9993407951092563
2020-12-27 10:00:00,4,0.9583783526140659
2020-12-27 11:00:00,4,0.985803344105978
2020-12-27 12:00:00,4,0.7877720548830296
2020-12-27 13:00:00,4,-0.1109410304721982
2020-12-27 14:00:00,4,0.9697506697724665
2020-12-27 15:00:00,4,0.7216920698105268
2020-12-27 16:00:00,4,0.9483551501503619
2020-12-27 17:00:00,4,0.977384223950099
2020-12-28 09:00:00,3,0.9902446132754876
2020-12-28 10:00:00,4,0.989752127766789
2020-12-28 11:00:00,4,-0.9361247601184528
2020-12-28 12:00:00,4,-0.8429778285711083
2020-12-28 13:00:00,4,0.759291299899617
2020-12-28 14:00:00,4,-0.9842431554413944
2020-12-28 15:00:00,4,0.9682591009577124
2020-12-28 16:00:00,4,0.9757757074666712
2020-12-28 17:00:00,4,0.9665474771766828
2020-12-29 09:00:00,4,0.9947786071041002
2020-12-29 10:00:00,4,0.9865510952611128
2020-12-29 11:00:00,4,0.9997663350695458
2020-12-29 12:00:00,4,-0.853503804321942
2020-12-29 13:00:00,4,-0.6061668111596202
2020-12-29 14:00:00,4,0.9174456872034555
2020-12-29 15:00:00,4,0.9910269578507518
2020-12-29 16:00:00,4,0.25211907363873015
2020-12-29 17:00:00,4,0.9914169280416806
2020-12-29 18:00:00,3,0.9972450447574597
2020-12-30 09:00:00,4,0.9308749585544676
2020-12-30 10:00:00,4,0.951422368487038
2020-12-30 11:00:00,4,0.985468535737207
2020-12-30 12:00:00,4,0.878401214693979
2020-12-30 13:00:00,4,-0.9703201108850524
2020-12-30 14:00:00,4,0.21726430268395686
2020-12-30 15:00:00,4,0.7319002546431077
2020-12-30 16:00:00,4,0.14981734426798177
2020-12-30 17:00:00,4,0.9537263930712345
2020-12-31 09:00:00,4,0.40686775371317513
2020-12-31 10:00:00,4,0.997861526568692
2020-12-31 11:00:00,4,0.919347275971785
2020-12-31 12:00:00,4,0.3977768213343361
2020-12-31 13:00:00,4,0.8515173930316283
2020-12-31 14:00:00,4,0.7543332276071562
2020-12-31 15:00:00,4,0.8074876154353408
2020-12-31 16:00:00,4,0.9991799001419297
2020-12-31 17:00:00,4,0.9608301329406306
