时间,光伏发电功率
2026-06-09 00:00:00,0
2026-06-09 00:15:00,0
2026-06-09 00:30:00,0
2026-06-09 00:45:00,0
2026-06-09 01:00:00,0
2026-06-09 01:15:00,0
2026-06-09 01:30:00,0
2026-06-09 01:45:00,0
2026-06-09 02:00:00,0
2026-06-09 02:15:00,0
2026-06-09 02:30:00,0
2026-06-09 02:45:00,0
2026-06-09 03:00:00,0
2026-06-09 03:15:00,0
2026-06-09 03:30:00,0
2026-06-09 03:45:00,0
2026-06-09 04:00:00,0
2026-06-09 04:15:00,0
2026-06-09 04:30:00,0
2026-06-09 04:45:00,0
2026-06-09 05:00:00,0
2026-06-09 05:15:00,0
2026-06-09 05:30:00,0
2026-06-09 05:45:00,0
2026-06-09 06:00:00,0.54
2026-06-09 06:15:00,3.25
2026-06-09 06:30:00,9.25
2026-06-09 06:45:00,23.63
2026-06-09 07:00:00,35.49
2026-06-09 07:15:00,49.12
2026-06-09 07:30:00,59.82
2026-06-09 07:45:00,78.71
2026-06-09 08:00:00,106.39
2026-06-09 08:15:00,0
2026-06-09 08:30:00,0
2026-06-09 08:45:00,0
2026-06-09 09:00:00,0
2026-06-09 09:15:00,0
2026-06-09 09:30:00,0
2026-06-09 09:45:00,0
2026-06-09 10:00:00,0.03
2026-06-09 10:15:00,0
2026-06-09 10:30:00,0.02
2026-06-09 10:45:00,0.01
2026-06-09 11:00:00,0.02
2026-06-09 11:15:00,0
2026-06-09 11:30:00,0
2026-06-09 11:45:00,3.93
2026-06-09 12:00:00,3.86
2026-06-09 12:15:00,3.88
2026-06-09 12:30:00,3.96
2026-06-09 12:45:00,3.88
2026-06-09 13:00:00,3.91
2026-06-09 13:15:00,3.91
2026-06-09 13:30:00,3.91
2026-06-09 13:45:00,3.89
2026-06-09 14:00:00,3.87
2026-06-09 14:15:00,3.81
2026-06-09 14:30:00,3.87
2026-06-09 14:45:00,3.89
2026-06-09 15:00:00,3.92
2026-06-09 15:15:00,3.87
2026-06-09 15:30:00,23.59
2026-06-09 15:45:00,17.12
2026-06-09 16:00:00,13.06
2026-06-09 16:15:00,3.9
2026-06-09 16:30:00,3.88
2026-06-09 16:45:00,3.87
2026-06-09 17:00:00,9.74
2026-06-09 17:15:00,9.82
2026-06-09 17:30:00,3.87
2026-06-09 17:45:00,3.89
2026-06-09 18:00:00,3.86
2026-06-09 18:15:00,3.86
2026-06-09 18:30:00,14.86
2026-06-09 18:45:00,7.08
2026-06-09 19:00:00,3.22
2026-06-09 19:15:00,1.86
2026-06-09 19:30:00,0.64
2026-06-09 19:45:00,0.08
2026-06-09 20:00:00,0
2026-06-09 20:15:00,0
2026-06-09 20:30:00,0
2026-06-09 20:45:00,0
2026-06-09 21:00:00,0
2026-06-09 21:15:00,0
2026-06-09 21:30:00,0
2026-06-09 21:45:00,0
2026-06-09 22:00:00,0
2026-06-09 22:15:00,0
2026-06-09 22:30:00,0
2026-06-09 22:45:00,0
2026-06-09 23:00:00,0
2026-06-09 23:15:00,0
2026-06-09 23:30:00,0
2026-06-09 23:45:00,0
2026-06-10 00:00:00,0
2026-06-10 00:15:00,0
2026-06-10 00:30:00,0
2026-06-10 00:45:00,0
2026-06-10 01:00:00,0
2026-06-10 01:15:00,0
2026-06-10 01:30:00,0
2026-06-10 01:45:00,0
2026-06-10 02:00:00,0
2026-06-10 02:15:00,0
2026-06-10 02:30:00,0
2026-06-10 02:45:00,0
2026-06-10 03:00:00,0
2026-06-10 03:15:00,0
2026-06-10 03:30:00,0
2026-06-10 03:45:00,0
2026-06-10 04:00:00,0
2026-06-10 04:15:00,0
2026-06-10 04:30:00,0
2026-06-10 04:45:00,0
2026-06-10 05:00:00,0
2026-06-10 05:15:00,0
2026-06-10 05:30:00,0
2026-06-10 05:45:00,0.01
2026-06-10 06:00:00,0.79
2026-06-10 06:15:00,3.52
2026-06-10 06:30:00,6.6
2026-06-10 06:45:00,11.21
2026-06-10 07:00:00,14.01
2026-06-10 07:15:00,27.18
2026-06-10 07:30:00,31.57
2026-06-10 07:45:00,34.99
2026-06-10 08:00:00,36.25
2026-06-10 08:15:00,42.79
2026-06-10 08:30:00,49.82
2026-06-10 08:45:00,39.62
2026-06-10 09:00:00,37.45
2026-06-10 09:15:00,46.1
2026-06-10 09:30:00,63.1
2026-06-10 09:45:00,94.76
2026-06-10 10:00:00,111.02
2026-06-10 10:15:00,117.72
2026-06-10 10:30:00,127.72
2026-06-10 10:45:00,93.5
2026-06-10 11:00:00,90.82
2026-06-10 11:15:00,27.41
2026-06-10 11:30:00,3.9
2026-06-10 11:45:00,3.9
2026-06-10 12:00:00,3.9
2026-06-10 12:15:00,3.96
2026-06-10 12:30:00,3.93
2026-06-10 12:45:00,3.91
2026-06-10 13:00:00,3.88
2026-06-10 13:15:00,3.89
2026-06-10 13:30:00,3.87
2026-06-10 13:45:00,3.92
2026-06-10 14:00:00,3.93
2026-06-10 14:15:00,3.91
2026-06-10 14:30:00,3.98
2026-06-10 14:45:00,3.88
2026-06-10 15:00:00,14.69
2026-06-10 15:15:00,3.92
2026-06-10 15:30:00,3.95
2026-06-10 15:45:00,3.87
2026-06-10 16:00:00,7.64
2026-06-10 16:15:00,42.75
2026-06-10 16:30:00,20.39
2026-06-10 16:45:00,7.04
2026-06-10 17:00:00,4.54
2026-06-10 17:15:00,3.95
2026-06-10 17:30:00,4.52
2026-06-10 17:45:00,4.54
2026-06-10 18:00:00,4.57
2026-06-10 18:15:00,4.61
2026-06-10 18:30:00,4.47
2026-06-10 18:45:00,4.24
2026-06-10 19:00:00,4.72
2026-06-10 19:15:00,3.15
2026-06-10 19:30:00,1.09
2026-06-10 19:45:00,0.11
2026-06-10 20:00:00,0
2026-06-10 20:15:00,0
2026-06-10 20:30:00,0
2026-06-10 20:45:00,0
2026-06-10 21:00:00,0
2026-06-10 21:15:00,0
2026-06-10 21:30:00,0
2026-06-10 21:45:00,0
2026-06-10 22:00:00,0
2026-06-10 22:15:00,0
2026-06-10 22:30:00,0
2026-06-10 22:45:00,0
2026-06-10 23:00:00,0
2026-06-10 23:15:00,0
2026-06-10 23:30:00,0
2026-06-10 23:45:00,0
2026-06-11 00:00:00,0
2026-06-11 00:15:00,0
2026-06-11 00:30:00,0
2026-06-11 00:45:00,0
2026-06-11 01:00:00,0
2026-06-11 01:15:00,0
2026-06-11 01:30:00,0
2026-06-11 01:45:00,0
2026-06-11 02:00:00,0
2026-06-11 02:15:00,0
2026-06-11 02:30:00,0
2026-06-11 02:45:00,0
2026-06-11 03:00:00,0
2026-06-11 03:15:00,0
2026-06-11 03:30:00,0
2026-06-11 03:45:00,0
2026-06-11 04:00:00,0
2026-06-11 04:15:00,0
2026-06-11 04:30:00,0
2026-06-11 04:45:00,0
2026-06-11 05:00:00,0
2026-06-11 05:15:00,0
2026-06-11 05:30:00,0
2026-06-11 05:45:00,0
2026-06-11 06:00:00,0.66
2026-06-11 06:15:00,2.46
2026-06-11 06:30:00,5.56
2026-06-11 06:45:00,6.29
2026-06-11 07:00:00,8.46
2026-06-11 07:15:00,28.8
2026-06-11 07:30:00,63.5
2026-06-11 07:45:00,92.51
2026-06-11 08:00:00,87.36
2026-06-11 08:15:00,86.51
2026-06-11 08:30:00,101.05
2026-06-11 08:45:00,91.95
2026-06-11 09:00:00,93.87
2026-06-11 09:15:00,98.87
2026-06-11 09:30:00,97.56
2026-06-11 09:45:00,95.92
2026-06-11 10:00:00,3.82
2026-06-11 10:15:00,3.83
2026-06-11 10:30:00,3.89
2026-06-11 10:45:00,3.91
2026-06-11 11:00:00,3.88
2026-06-11 11:15:00,3.92
2026-06-11 11:30:00,3.96
2026-06-11 11:45:00,3.92
2026-06-11 12:00:00,3.9
2026-06-11 12:15:00,3.95
2026-06-11 12:30:00,3.94
2026-06-11 12:45:00,3.91
2026-06-11 13:00:00,3.96
2026-06-11 13:15:00,3.92
2026-06-11 13:30:00,3.93
2026-06-11 13:45:00,3.84
2026-06-11 14:00:00,3.92
2026-06-11 14:15:00,3.9
2026-06-11 14:30:00,3.88
2026-06-11 14:45:00,3.85
2026-06-11 15:00:00,4.02
2026-06-11 15:15:00,3.88
2026-06-11 15:30:00,3.89
2026-06-11 15:45:00,85.99
2026-06-11 16:00:00,0
2026-06-11 16:15:00,3.86
2026-06-11 16:30:00,3.83
2026-06-11 16:45:00,3.91
2026-06-11 17:00:00,3.87
2026-06-11 17:15:00,3.87
2026-06-11 17:30:00,3.87
2026-06-11 17:45:00,27.64
2026-06-11 18:00:00,29.17
2026-06-11 18:15:00,19.03
2026-06-11 18:30:00,15.28
2026-06-11 18:45:00,14.06
2026-06-11 19:00:00,6.93
2026-06-11 19:15:00,3.74
2026-06-11 19:30:00,0.93
2026-06-11 19:45:00,0.19
2026-06-11 20:00:00,0
2026-06-11 20:15:00,0
2026-06-11 20:30:00,0
2026-06-11 20:45:00,0
2026-06-11 21:00:00,0
2026-06-11 21:15:00,0
2026-06-11 21:30:00,0
2026-06-11 21:45:00,0
2026-06-11 22:00:00,0
2026-06-11 22:15:00,0
2026-06-11 22:30:00,0
2026-06-11 22:45:00,0
2026-06-11 23:00:00,0
2026-06-11 23:15:00,0
2026-06-11 23:30:00,0
2026-06-11 23:45:00,0
2026-06-12 00:00:00,0
2026-06-12 00:15:00,0
2026-06-12 00:30:00,0
2026-06-12 00:45:00,0
2026-06-12 01:00:00,0
2026-06-12 01:15:00,0
2026-06-12 01:30:00,0
2026-06-12 01:45:00,0
2026-06-12 02:00:00,0
2026-06-12 02:15:00,0
2026-06-12 02:30:00,0
2026-06-12 02:45:00,0
2026-06-12 03:00:00,0
2026-06-12 03:15:00,0
2026-06-12 03:30:00,0
2026-06-12 03:45:00,0
2026-06-12 04:00:00,0
2026-06-12 04:15:00,0
2026-06-12 04:30:00,0
2026-06-12 04:45:00,0
2026-06-12 05:00:00,0
2026-06-12 05:15:00,0
2026-06-12 05:30:00,0
2026-06-12 05:45:00,0
2026-06-12 06:00:00,0.39
2026-06-12 06:15:00,2.64
2026-06-12 06:30:00,7.95
2026-06-12 06:45:00,13.4
2026-06-12 07:00:00,19
2026-06-12 07:15:00,24.83
2026-06-12 07:30:00,29.46
2026-06-12 07:45:00,38.64
2026-06-12 08:00:00,46.87
2026-06-12 08:15:00,62.56
2026-06-12 08:30:00,99.81
2026-06-12 08:45:00,99.07
2026-06-12 09:00:00,93.37
2026-06-12 09:15:00,124.03
2026-06-12 09:30:00,84.56
2026-06-12 09:45:00,7.07
2026-06-12 10:00:00,4.55
2026-06-12 10:15:00,4.58
2026-06-12 10:30:00,4.42
2026-06-12 10:45:00,0
2026-06-12 11:00:00,0
2026-06-12 11:15:00,0
2026-06-12 11:30:00,0
2026-06-12 11:45:00,0
2026-06-12 12:00:00,0
2026-06-12 12:15:00,0
2026-06-12 12:30:00,0
2026-06-12 12:45:00,0
2026-06-12 13:00:00,0
2026-06-12 13:15:00,0
2026-06-12 13:30:00,0
2026-06-12 13:45:00,0
2026-06-12 14:00:00,0
2026-06-12 14:15:00,0
2026-06-12 14:30:00,0
2026-06-12 14:45:00,0
2026-06-12 15:00:00,0
2026-06-12 15:15:00,0
2026-06-12 15:30:00,0
2026-06-12 15:45:00,0
2026-06-12 16:00:00,0
2026-06-12 16:15:00,42.54
2026-06-12 16:30:00,17.62
2026-06-12 16:45:00,15.03
2026-06-12 17:00:00,35.74
2026-06-12 17:15:00,0
2026-06-12 17:30:00,0.02
2026-06-12 17:45:00,41.25
2026-06-12 18:00:00,72.84
2026-06-12 18:15:00,40.42
2026-06-12 18:30:00,13.29
2026-06-12 18:45:00,12.55
2026-06-12 19:00:00,10.77
2026-06-12 19:15:00,2.68
2026-06-12 19:30:00,0.61
2026-06-12 19:45:00,0.11
2026-06-12 20:00:00,0.01
2026-06-12 20:15:00,0
2026-06-12 20:30:00,0
2026-06-12 20:45:00,0
2026-06-12 21:00:00,0
2026-06-12 21:15:00,0
2026-06-12 21:30:00,0
2026-06-12 21:45:00,0
2026-06-12 22:00:00,0
2026-06-12 22:15:00,0
2026-06-12 22:30:00,0
2026-06-12 22:45:00,0
2026-06-12 23:00:00,0
2026-06-12 23:15:00,0
2026-06-12 23:30:00,0
2026-06-12 23:45:00,0.01
2026-06-13 00:00:00,0
2026-06-13 00:15:00,0
2026-06-13 00:30:00,0
2026-06-13 00:45:00,0
2026-06-13 01:00:00,0
2026-06-13 01:15:00,0
2026-06-13 01:30:00,0
2026-06-13 01:45:00,0
2026-06-13 02:00:00,0
2026-06-13 02:15:00,0
2026-06-13 02:30:00,0
2026-06-13 02:45:00,0
2026-06-13 03:00:00,0
2026-06-13 03:15:00,0
2026-06-13 03:30:00,0
2026-06-13 03:45:00,0
2026-06-13 04:00:00,0
2026-06-13 04:15:00,0
2026-06-13 04:30:00,0
2026-06-13 04:45:00,0
2026-06-13 05:00:00,0
2026-06-13 05:15:00,0
2026-06-13 05:30:00,0
2026-06-13 05:45:00,0
2026-06-13 06:00:00,0.13
2026-06-13 06:15:00,2.76
2026-06-13 06:30:00,8.15
2026-06-13 06:45:00,23.63
2026-06-13 07:00:00,33.22
2026-06-13 07:15:00,52.84
2026-06-13 07:30:00,60.12
2026-06-13 07:45:00,43.01
2026-06-13 08:00:00,45.81
2026-06-13 08:15:00,64.78
2026-06-13 08:30:00,123.98
2026-06-13 08:45:00,96.61
2026-06-13 09:00:00,72.3
2026-06-13 09:15:00,82.95
2026-06-13 09:30:00,108.41
2026-06-13 09:45:00,113.14
2026-06-13 10:00:00,56.5
2026-06-13 10:15:00,3.95
2026-06-13 10:30:00,4.01
2026-06-13 10:45:00,4
2026-06-13 11:00:00,3.98
2026-06-13 11:15:00,4.01
2026-06-13 11:30:00,3.95
2026-06-13 11:45:00,3.97
2026-06-13 12:00:00,3.99
2026-06-13 12:15:00,3.98
2026-06-13 12:30:00,4.03
2026-06-13 12:45:00,127.77
2026-06-13 13:00:00,50.87
2026-06-13 13:15:00,0
2026-06-13 13:30:00,0
2026-06-13 13:45:00,0.02
2026-06-13 14:00:00,0
2026-06-13 14:15:00,0
2026-06-13 14:30:00,0.01
2026-06-13 14:45:00,0.01
2026-06-13 15:00:00,0
2026-06-13 15:15:00,0.03
2026-06-13 15:30:00,0
2026-06-13 15:45:00,0
2026-06-13 16:00:00,0
2026-06-13 16:15:00,0
2026-06-13 16:30:00,0
2026-06-13 16:45:00,0.02
2026-06-13 17:00:00,0
2026-06-13 17:15:00,0
2026-06-13 17:30:00,0.02
2026-06-13 17:45:00,0.02
2026-06-13 18:00:00,0.02
2026-06-13 18:15:00,0
2026-06-13 18:30:00,0
2026-06-13 18:45:00,0.01
2026-06-13 19:00:00,0
2026-06-13 19:15:00,0.02
2026-06-13 19:30:00,0
2026-06-13 19:45:00,0
2026-06-13 20:00:00,0
2026-06-13 20:15:00,0
2026-06-13 20:30:00,0
2026-06-13 20:45:00,0
2026-06-13 21:00:00,0
2026-06-13 21:15:00,0
2026-06-13 21:30:00,0.01
2026-06-13 21:45:00,0
2026-06-13 22:00:00,0
2026-06-13 22:15:00,0
2026-06-13 22:30:00,0
2026-06-13 22:45:00,0
2026-06-13 23:00:00,0
2026-06-13 23:15:00,0
2026-06-13 23:30:00,0
2026-06-13 23:45:00,0
2026-06-14 00:00:00,0
2026-06-14 00:15:00,0
2026-06-14 00:30:00,0
2026-06-14 00:45:00,0
2026-06-14 01:00:00,0
2026-06-14 01:15:00,0
2026-06-14 01:30:00,0
2026-06-14 01:45:00,0
2026-06-14 02:00:00,0
2026-06-14 02:15:00,0
2026-06-14 02:30:00,0
2026-06-14 02:45:00,0
2026-06-14 03:00:00,0
2026-06-14 03:15:00,0
2026-06-14 03:30:00,0
2026-06-14 03:45:00,0
2026-06-14 04:00:00,0
2026-06-14 04:15:00,0
2026-06-14 04:30:00,0
2026-06-14 04:45:00,0
2026-06-14 05:00:00,0
2026-06-14 05:15:00,0
2026-06-14 05:30:00,0
2026-06-14 05:45:00,0
2026-06-14 06:00:00,0
2026-06-14 06:15:00,0
2026-06-14 06:30:00,0.07
2026-06-14 06:45:00,0
2026-06-14 07:00:00,0.94
2026-06-14 07:15:00,0.67
2026-06-14 07:30:00,3.09
2026-06-14 07:45:00,3.84
2026-06-14 08:00:00,5.46
2026-06-14 08:15:00,6.85
2026-06-14 08:30:00,15.58
2026-06-14 08:45:00,12.23
2026-06-14 09:00:00,8.1
2026-06-14 09:15:00,0
2026-06-14 09:30:00,13.54
2026-06-14 09:45:00,20.3
2026-06-14 10:00:00,24.4
2026-06-14 10:15:00,37.35
2026-06-14 10:30:00,35.36
2026-06-14 10:45:00,40.46
2026-06-14 11:00:00,63.2
2026-06-14 11:15:00,104.43
2026-06-14 11:30:00,123.47
2026-06-14 11:45:00,124.67
2026-06-14 12:00:00,122.86
2026-06-14 12:15:00,51.18
2026-06-14 12:30:00,3.89
2026-06-14 12:45:00,3.97
2026-06-14 13:00:00,33.46
2026-06-14 13:15:00,24.11
2026-06-14 13:30:00,4.02
2026-06-14 13:45:00,64.26
2026-06-14 14:00:00,53.69
2026-06-14 14:15:00,28.22
2026-06-14 14:30:00,18.8
2026-06-14 14:45:00,12.15
2026-06-14 15:00:00,6.37
2026-06-14 15:15:00,4
2026-06-14 15:30:00,3.93
2026-06-14 15:45:00,3.95
2026-06-14 16:00:00,3.98
2026-06-14 16:15:00,3.89
2026-06-14 16:30:00,3.92
2026-06-14 16:45:00,3.96
2026-06-14 17:00:00,3.96
2026-06-14 17:15:00,4
2026-06-14 17:30:00,3.98
2026-06-14 17:45:00,3.93
2026-06-14 18:00:00,3.96
2026-06-14 18:15:00,3.97
2026-06-14 18:30:00,12.99
2026-06-14 18:45:00,8.97
2026-06-14 19:00:00,4.16
2026-06-14 19:15:00,1.77
2026-06-14 19:30:00,0.37
2026-06-14 19:45:00,0.02
2026-06-14 20:00:00,0
2026-06-14 20:15:00,0
2026-06-14 20:30:00,0
2026-06-14 20:45:00,0
2026-06-14 21:00:00,0
2026-06-14 21:15:00,0
2026-06-14 21:30:00,0
2026-06-14 21:45:00,0
2026-06-14 22:00:00,0
2026-06-14 22:15:00,0
2026-06-14 22:30:00,0
2026-06-14 22:45:00,0
2026-06-14 23:00:00,0
2026-06-14 23:15:00,0
2026-06-14 23:30:00,0
2026-06-14 23:45:00,0
2026-06-15 00:00:00,0
2026-06-15 00:15:00,0
2026-06-15 00:30:00,0
2026-06-15 00:45:00,0
2026-06-15 01:00:00,0
2026-06-15 01:15:00,0
2026-06-15 01:30:00,0
2026-06-15 01:45:00,0
2026-06-15 02:00:00,0
2026-06-15 02:15:00,0
2026-06-15 02:30:00,0
2026-06-15 02:45:00,0
2026-06-15 03:00:00,0
2026-06-15 03:15:00,0
2026-06-15 03:30:00,0
2026-06-15 03:45:00,0
2026-06-15 04:00:00,0
2026-06-15 04:15:00,0
2026-06-15 04:30:00,0
2026-06-15 04:45:00,0
2026-06-15 05:00:00,0
2026-06-15 05:15:00,0
2026-06-15 05:30:00,0
2026-06-15 05:45:00,0
2026-06-15 06:00:00,0
2026-06-15 06:15:00,0.64
2026-06-15 06:30:00,1.59
2026-06-15 06:45:00,1.89
2026-06-15 07:00:00,3.62
2026-06-15 07:15:00,7.74
2026-06-15 07:30:00,7.59
2026-06-15 07:45:00,11.19
2026-06-15 08:00:00,7.81
2026-06-15 08:15:00,10.22
2026-06-15 08:30:00,0
2026-06-15 08:45:00,0
2026-06-15 09:00:00,0
2026-06-15 09:15:00,9.01
2026-06-15 09:30:00,8.15
2026-06-15 09:45:00,3.52
2026-06-15 10:00:00,4.52
2026-06-15 10:15:00,5.53
2026-06-15 10:30:00,5.61
2026-06-15 10:45:00,13.59
2026-06-15 11:00:00,18.64
2026-06-15 11:15:00,25.29
2026-06-15 11:30:00,27.82
2026-06-15 11:45:00,34.93
2026-06-15 12:00:00,46.56
2026-06-15 12:15:00,50.86
2026-06-15 12:30:00,57.85
2026-06-15 12:45:00,53.58
2026-06-15 13:00:00,36.85
2026-06-15 13:15:00,38.53
2026-06-15 13:30:00,82.13
2026-06-15 13:45:00,35.09
2026-06-15 14:00:00,39.35
2026-06-15 14:15:00,41.31
2026-06-15 14:30:00,34.22
2026-06-15 14:45:00,57.83
2026-06-15 15:00:00,69.87
2026-06-15 15:15:00,61.67
2026-06-15 15:30:00,68.33
2026-06-15 15:45:00,71.32
2026-06-15 16:00:00,54.4
2026-06-15 16:15:00,49.44
2026-06-15 16:30:00,52.59
2026-06-15 16:45:00,0.01
2026-06-15 17:00:00,0
2026-06-15 17:15:00,0
2026-06-15 17:30:00,0.02
2026-06-15 17:45:00,0.04
2026-06-15 18:00:00,0.02
2026-06-15 18:15:00,31.89
2026-06-15 18:30:00,21.19
2026-06-15 18:45:00,9.4
2026-06-15 19:00:00,4.86
2026-06-15 19:15:00,1.87
2026-06-15 19:30:00,0.32
2026-06-15 19:45:00,0.03
2026-06-15 20:00:00,0
2026-06-15 20:15:00,0
2026-06-15 20:30:00,0
2026-06-15 20:45:00,0
2026-06-15 21:00:00,0
2026-06-15 21:15:00,0
2026-06-15 21:30:00,0
2026-06-15 21:45:00,0
2026-06-15 22:00:00,0
2026-06-15 22:15:00,0
2026-06-15 22:30:00,0
2026-06-15 22:45:00,0
2026-06-15 23:00:00,0
2026-06-15 23:15:00,0
2026-06-15 23:30:00,0
2026-06-15 23:45:00,0
2026-06-16 00:00:00,0
2026-06-16 00:15:00,0
2026-06-16 00:30:00,0
2026-06-16 00:45:00,0
2026-06-16 01:00:00,0
2026-06-16 01:15:00,0
2026-06-16 01:30:00,0
2026-06-16 01:45:00,0
2026-06-16 02:00:00,0
2026-06-16 02:15:00,0
2026-06-16 02:30:00,0
2026-06-16 02:45:00,0
2026-06-16 03:00:00,0
2026-06-16 03:15:00,0
2026-06-16 03:30:00,0
2026-06-16 03:45:00,0
2026-06-16 04:00:00,0
2026-06-16 04:15:00,0
2026-06-16 04:30:00,0
2026-06-16 04:45:00,0
2026-06-16 05:00:00,0
2026-06-16 05:15:00,0
2026-06-16 05:30:00,0
2026-06-16 05:45:00,0
2026-06-16 06:00:00,0
2026-06-16 06:15:00,0.88
2026-06-16 06:30:00,0.92
2026-06-16 06:45:00,2.35
2026-06-16 07:00:00,6.77
2026-06-16 07:15:00,16.15
2026-06-16 07:30:00,23.95
2026-06-16 07:45:00,50.73
2026-06-16 08:00:00,69.11
2026-06-16 08:15:00,59.84
2026-06-16 08:30:00,37.69
2026-06-16 08:45:00,77.9
2026-06-16 09:00:00,47.65
2026-06-16 09:15:00,67.15
2026-06-16 09:30:00,98.36
2026-06-16 09:45:00,53.97
2026-06-16 10:00:00,39.71
2026-06-16 10:15:00,48.95
2026-06-16 10:30:00,61.72
2026-06-16 10:45:00,92.71
2026-06-16 11:00:00,3.91
2026-06-16 11:15:00,3.94
2026-06-16 11:30:00,3.94
2026-06-16 11:45:00,4.01
2026-06-16 12:00:00,3.98
2026-06-16 12:15:00,3.89
2026-06-16 12:30:00,3.96
2026-06-16 12:45:00,3.99
2026-06-16 13:00:00,3.96
2026-06-16 13:15:00,3.98
2026-06-16 13:30:00,3.97
2026-06-16 13:45:00,3.94
2026-06-16 14:00:00,3.98
2026-06-16 14:15:00,3.95
2026-06-16 14:30:00,3.92
2026-06-16 14:45:00,3.96
2026-06-16 15:00:00,3.9
2026-06-16 15:15:00,3.94
2026-06-16 15:30:00,61.24
2026-06-16 15:45:00,5.7
2026-06-16 16:00:00,3.92
2026-06-16 16:15:00,3.95
2026-06-16 16:30:00,3.96
2026-06-16 16:45:00,53.11
2026-06-16 17:00:00,40.62
2026-06-16 17:15:00,48.42
2026-06-16 17:30:00,54.97
2026-06-16 17:45:00,3.96
2026-06-16 18:00:00,4.01
2026-06-16 18:15:00,3.92
2026-06-16 18:30:00,3.95
2026-06-16 18:45:00,4.02
2026-06-16 19:00:00,4.21
2026-06-16 19:15:00,2.67
2026-06-16 19:30:00,0.31
2026-06-16 19:45:00,0.08
2026-06-16 20:00:00,0
2026-06-16 20:15:00,0
2026-06-16 20:30:00,0
2026-06-16 20:45:00,0
2026-06-16 21:00:00,0
2026-06-16 21:15:00,0
2026-06-16 21:30:00,0
2026-06-16 21:45:00,0
2026-06-16 22:00:00,0
2026-06-16 22:15:00,0
2026-06-16 22:30:00,0
2026-06-16 22:45:00,0
2026-06-16 23:00:00,0
2026-06-16 23:15:00,0
2026-06-16 23:30:00,0
2026-06-16 23:45:00,0
2026-06-17 00:00:00,0
2026-06-17 00:15:00,0
2026-06-17 00:30:00,0
2026-06-17 00:45:00,0
2026-06-17 01:00:00,0
2026-06-17 01:15:00,0
2026-06-17 01:30:00,0
2026-06-17 01:45:00,0
2026-06-17 02:00:00,0
2026-06-17 02:15:00,0
2026-06-17 02:30:00,0
2026-06-17 02:45:00,0
2026-06-17 03:00:00,0
2026-06-17 03:15:00,0
2026-06-17 03:30:00,0
2026-06-17 03:45:00,0
2026-06-17 04:00:00,0
2026-06-17 04:15:00,0
2026-06-17 04:30:00,0
2026-06-17 04:45:00,0
2026-06-17 05:00:00,0
2026-06-17 05:15:00,0
2026-06-17 05:30:00,0
2026-06-17 05:45:00,0
2026-06-17 06:00:00,0.02
2026-06-17 06:15:00,1.53
2026-06-17 06:30:00,2.23
2026-06-17 06:45:00,4.93
2026-06-17 07:00:00,11.34
2026-06-17 07:15:00,28.65
2026-06-17 07:30:00,38.08
2026-06-17 07:45:00,50.84
2026-06-17 08:00:00,22.96
2026-06-17 08:15:00,33.94
2026-06-17 08:30:00,29.66
2026-06-17 08:45:00,30.48
2026-06-17 09:00:00,38.17
2026-06-17 09:15:00,85.97
2026-06-17 09:30:00,64.96
2026-06-17 09:45:00,78.33
2026-06-17 10:00:00,110.78
2026-06-17 10:15:00,92.85
2026-06-17 10:30:00,118.57
2026-06-17 10:45:00,4.27
2026-06-17 11:00:00,3.9
2026-06-17 11:15:00,3.9
2026-06-17 11:30:00,3.85
2026-06-17 11:45:00,3.89
2026-06-17 12:00:00,4.41
2026-06-17 12:15:00,3.86
2026-06-17 12:30:00,3.93
2026-06-17 12:45:00,3.85
2026-06-17 13:00:00,3.89
2026-06-17 13:15:00,3.94
2026-06-17 13:30:00,3.94
2026-06-17 13:45:00,3.93
2026-06-17 14:00:00,3.93
2026-06-17 14:15:00,3.92
2026-06-17 14:30:00,4.45
2026-06-17 14:45:00,3.99
2026-06-17 15:00:00,4
2026-06-17 15:15:00,4.13
2026-06-17 15:30:00,41.01
2026-06-17 15:45:00,33.27
2026-06-17 16:00:00,26.03
2026-06-17 16:15:00,39.52
2026-06-17 16:30:00,41.14
2026-06-17 16:45:00,44.79
2026-06-17 17:00:00,31.58
2026-06-17 17:15:00,3.93
2026-06-17 17:30:00,3.94
2026-06-17 17:45:00,3.89
2026-06-17 18:00:00,3.92
2026-06-17 18:15:00,3.94
2026-06-17 18:30:00,3.83
2026-06-17 18:45:00,10.95
2026-06-17 19:00:00,6.95
2026-06-17 19:15:00,0.89
2026-06-17 19:30:00,0.23
2026-06-17 19:45:00,0
2026-06-17 20:00:00,0
2026-06-17 20:15:00,0
2026-06-17 20:30:00,0
2026-06-17 20:45:00,0
2026-06-17 21:00:00,0
2026-06-17 21:15:00,0
2026-06-17 21:30:00,0
2026-06-17 21:45:00,0
2026-06-17 22:00:00,0
2026-06-17 22:15:00,0
2026-06-17 22:30:00,0
2026-06-17 22:45:00,0
2026-06-17 23:00:00,0
2026-06-17 23:15:00,0
2026-06-17 23:30:00,0
2026-06-17 23:45:00,0
2026-06-18 00:00:00,0
2026-06-18 00:15:00,0
2026-06-18 00:30:00,0
2026-06-18 00:45:00,0
2026-06-18 01:00:00,0
2026-06-18 01:15:00,0
2026-06-18 01:30:00,0
2026-06-18 01:45:00,0
2026-06-18 02:00:00,0
2026-06-18 02:15:00,0
2026-06-18 02:30:00,0
2026-06-18 02:45:00,0
2026-06-18 03:00:00,0
2026-06-18 03:15:00,0
2026-06-18 03:30:00,0
2026-06-18 03:45:00,0
2026-06-18 04:00:00,0
2026-06-18 04:15:00,0
2026-06-18 04:30:00,0
2026-06-18 04:45:00,0
2026-06-18 05:00:00,0
2026-06-18 05:15:00,0
2026-06-18 05:30:00,0
2026-06-18 05:45:00,0
2026-06-18 06:00:00,0.02
2026-06-18 06:15:00,1.98
2026-06-18 06:30:00,3.8
2026-06-18 06:45:00,4.73
2026-06-18 07:00:00,8.24
2026-06-18 07:15:00,12.9
2026-06-18 07:30:00,15.46
2026-06-18 07:45:00,17.63
2026-06-18 08:00:00,36.79
2026-06-18 08:15:00,51.85
2026-06-18 08:30:00,66.96
2026-06-18 08:45:00,89.76
2026-06-18 09:00:00,46.28
2026-06-18 09:15:00,32.21
2026-06-18 09:30:00,63.93
2026-06-18 09:45:00,56.34
2026-06-18 10:00:00,48.44
2026-06-18 10:15:00,59.98
2026-06-18 10:30:00,45.1
2026-06-18 10:45:00,52.91
2026-06-18 11:00:00,34.71
2026-06-18 11:15:00,29.18
2026-06-18 11:30:00,34.24
2026-06-18 11:45:00,47.19
2026-06-18 12:00:00,11.54
2026-06-18 12:15:00,4
2026-06-18 12:30:00,4
2026-06-18 12:45:00,4
2026-06-18 13:00:00,3.95
2026-06-18 13:15:00,63.78
2026-06-18 13:30:00,47.65
2026-06-18 13:45:00,27.84
2026-06-18 14:00:00,13.54
2026-06-18 14:15:00,4.05
2026-06-18 14:30:00,3.96
2026-06-18 14:45:00,45.34
2026-06-18 15:00:00,25.15
2026-06-18 15:15:00,19.08
2026-06-18 15:30:00,3.93
2026-06-18 15:45:00,4.02
2026-06-18 16:00:00,3.96
2026-06-18 16:15:00,3.97
2026-06-18 16:30:00,46.85
2026-06-18 16:45:00,24.76
2026-06-18 17:00:00,14.42
2026-06-18 17:15:00,21.71
2026-06-18 17:30:00,0
2026-06-18 17:45:00,3.94
2026-06-18 18:00:00,3.94
2026-06-18 18:15:00,3.92
2026-06-18 18:30:00,3.95
2026-06-18 18:45:00,3.95
2026-06-18 19:00:00,3.88
2026-06-18 19:15:00,3.83
2026-06-18 19:30:00,0.78
2026-06-18 19:45:00,0.03
2026-06-18 20:00:00,0
2026-06-18 20:15:00,0
2026-06-18 20:30:00,0
2026-06-18 20:45:00,0
2026-06-18 21:00:00,0
2026-06-18 21:15:00,0
2026-06-18 21:30:00,0
2026-06-18 21:45:00,0
2026-06-18 22:00:00,0
2026-06-18 22:15:00,0
2026-06-18 22:30:00,0
2026-06-18 22:45:00,0
2026-06-18 23:00:00,0
2026-06-18 23:15:00,0.01
2026-06-18 23:30:00,0
2026-06-18 23:45:00,0
2026-06-19 00:00:00,0
2026-06-19 00:15:00,0
2026-06-19 00:30:00,0
2026-06-19 00:45:00,0
2026-06-19 01:00:00,0
2026-06-19 01:15:00,0
2026-06-19 01:30:00,0
2026-06-19 01:45:00,0
2026-06-19 02:00:00,0
2026-06-19 02:15:00,0
2026-06-19 02:30:00,0
2026-06-19 02:45:00,0.01
2026-06-19 03:00:00,0.01
2026-06-19 03:15:00,0
2026-06-19 03:30:00,0
2026-06-19 03:45:00,0
2026-06-19 04:00:00,0
2026-06-19 04:15:00,0
2026-06-19 04:30:00,0
2026-06-19 04:45:00,0
2026-06-19 05:00:00,0
2026-06-19 05:15:00,0
2026-06-19 05:30:00,0
2026-06-19 05:45:00,0.01
2026-06-19 06:00:00,0.12
2026-06-19 06:15:00,1.11
2026-06-19 06:30:00,2.65
2026-06-19 06:45:00,5.22
2026-06-19 07:00:00,8.63
2026-06-19 07:15:00,7.34
2026-06-19 07:30:00,11.26
2026-06-19 07:45:00,19.13
2026-06-19 08:00:00,19.8
2026-06-19 08:15:00,27.2
2026-06-19 08:30:00,18.09
2026-06-19 08:45:00,23.43
2026-06-19 09:00:00,36.64
2026-06-19 09:15:00,34.97
2026-06-19 09:30:00,41.9
2026-06-19 09:45:00,42.51
2026-06-19 10:00:00,35.32
2026-06-19 10:15:00,36.5
2026-06-19 10:30:00,49.71
2026-06-19 10:45:00,51.16
2026-06-19 11:00:00,36.62
2026-06-19 11:15:00,26.39
2026-06-19 11:30:00,46.65
2026-06-19 11:45:00,72.82
2026-06-19 12:00:00,57.04
2026-06-19 12:15:00,41.58
2026-06-19 12:30:00,60.6
2026-06-19 12:45:00,78.93
2026-06-19 13:00:00,85.7
2026-06-19 13:15:00,55.83
2026-06-19 13:30:00,61.74
2026-06-19 13:45:00,34.75
2026-06-19 14:00:00,70.03
2026-06-19 14:15:00,51.5
2026-06-19 14:30:00,24.22
2026-06-19 14:45:00,15.32
2026-06-19 15:00:00,3.98
2026-06-19 15:15:00,3.97
2026-06-19 15:30:00,3.88
2026-06-19 15:45:00,3.95
2026-06-19 16:00:00,33.04
2026-06-19 16:15:00,0.04
2026-06-19 16:30:00,0.02
2026-06-19 16:45:00,26.92
2026-06-19 17:00:00,3.9
2026-06-19 17:15:00,3.92
2026-06-19 17:30:00,3.89
2026-06-19 17:45:00,3.93
2026-06-19 18:00:00,3.9
2026-06-19 18:15:00,3.93
2026-06-19 18:30:00,3.86
2026-06-19 18:45:00,3.91
2026-06-19 19:00:00,4.4
2026-06-19 19:15:00,3
2026-06-19 19:30:00,0.42
2026-06-19 19:45:00,0.04
2026-06-19 20:00:00,0
2026-06-19 20:15:00,0
2026-06-19 20:30:00,0
2026-06-19 20:45:00,0
2026-06-19 21:00:00,0
2026-06-19 21:15:00,0
2026-06-19 21:30:00,0
2026-06-19 21:45:00,0
2026-06-19 22:00:00,0
2026-06-19 22:15:00,0
2026-06-19 22:30:00,0
2026-06-19 22:45:00,0
2026-06-19 23:00:00,0
2026-06-19 23:15:00,0
2026-06-19 23:30:00,0
2026-06-19 23:45:00,0
2026-06-20 00:00:00,0
2026-06-20 00:15:00,0
2026-06-20 00:30:00,0
2026-06-20 00:45:00,0
2026-06-20 01:00:00,0
2026-06-20 01:15:00,0
2026-06-20 01:30:00,0
2026-06-20 01:45:00,0
2026-06-20 02:00:00,0
2026-06-20 02:15:00,0
2026-06-20 02:30:00,0
2026-06-20 02:45:00,0
2026-06-20 03:00:00,0
2026-06-20 03:15:00,0
2026-06-20 03:30:00,0
2026-06-20 03:45:00,0
2026-06-20 04:00:00,0
2026-06-20 04:15:00,0
2026-06-20 04:30:00,0.01
2026-06-20 04:45:00,0
2026-06-20 05:00:00,0
2026-06-20 05:15:00,0
2026-06-20 05:30:00,0
2026-06-20 05:45:00,0
2026-06-20 06:00:00,0.02
2026-06-20 06:15:00,1.41
2026-06-20 06:30:00,2.67
2026-06-20 06:45:00,5.26
2026-06-20 07:00:00,8.36
2026-06-20 07:15:00,13.08
2026-06-20 07:30:00,21.66
2026-06-20 07:45:00,33.4
2026-06-20 08:00:00,43.89
2026-06-20 08:15:00,53.39
2026-06-20 08:30:00,80.09
2026-06-20 08:45:00,77.22
2026-06-20 09:00:00,72.22
2026-06-20 09:15:00,48.09
2026-06-20 09:30:00,78.64
2026-06-20 09:45:00,78.11
2026-06-20 10:00:00,53.51
2026-06-20 10:15:00,148.17
2026-06-20 10:30:00,144.04
2026-06-20 10:45:00,139.92
2026-06-20 11:00:00,99.27
2026-06-20 11:15:00,3.96
2026-06-20 11:30:00,3.9
2026-06-20 11:45:00,3.85
2026-06-20 12:00:00,3.88
2026-06-20 12:15:00,3.84
2026-06-20 12:30:00,3.86
2026-06-20 12:45:00,3.86
2026-06-20 13:00:00,3.89
2026-06-20 13:15:00,3.94
2026-06-20 13:30:00,3.94
2026-06-20 13:45:00,68.2
2026-06-20 14:00:00,50.46
2026-06-20 14:15:00,26.4
2026-06-20 14:30:00,21.7
2026-06-20 14:45:00,13.36
2026-06-20 15:00:00,110.19
2026-06-20 15:15:00,3.98
2026-06-20 15:30:00,3.99
2026-06-20 15:45:00,41.62
2026-06-20 16:00:00,34.89
2026-06-20 16:15:00,3.95
2026-06-20 16:30:00,4.05
2026-06-20 16:45:00,3.99
2026-06-20 17:00:00,3.99
2026-06-20 17:15:00,3.98
2026-06-20 17:30:00,44.02
2026-06-20 17:45:00,42.07
2026-06-20 18:00:00,36.71
2026-06-20 18:15:00,0.02
2026-06-20 18:30:00,0
2026-06-20 18:45:00,12.83
2026-06-20 19:00:00,7.89
2026-06-20 19:15:00,3.43
2026-06-20 19:30:00,0.49
2026-06-20 19:45:00,0.04
2026-06-20 20:00:00,0.01
2026-06-20 20:15:00,0
2026-06-20 20:30:00,0
2026-06-20 20:45:00,0
2026-06-20 21:00:00,0
2026-06-20 21:15:00,0
2026-06-20 21:30:00,0
2026-06-20 21:45:00,0
2026-06-20 22:00:00,0
2026-06-20 22:15:00,0
2026-06-20 22:30:00,0
2026-06-20 22:45:00,0
2026-06-20 23:00:00,0
2026-06-20 23:15:00,0
2026-06-20 23:30:00,0
2026-06-20 23:45:00,0
2026-06-21 00:00:00,0
2026-06-21 00:15:00,0
2026-06-21 00:30:00,0
2026-06-21 00:45:00,0
2026-06-21 01:00:00,0
2026-06-21 01:15:00,0
2026-06-21 01:30:00,0
2026-06-21 01:45:00,0
2026-06-21 02:00:00,0
2026-06-21 02:15:00,0
2026-06-21 02:30:00,0
2026-06-21 02:45:00,0
2026-06-21 03:00:00,0
2026-06-21 03:15:00,0
2026-06-21 03:30:00,0
2026-06-21 03:45:00,0
2026-06-21 04:00:00,0
2026-06-21 04:15:00,0
2026-06-21 04:30:00,0
2026-06-21 04:45:00,0
2026-06-21 05:00:00,0
2026-06-21 05:15:00,0
2026-06-21 05:30:00,0
2026-06-21 05:45:00,0
2026-06-21 06:00:00,1.73
2026-06-21 06:15:00,6.72
2026-06-21 06:30:00,16.52
2026-06-21 06:45:00,24.3
2026-06-21 07:00:00,33.74
2026-06-21 07:15:00,35.02
2026-06-21 07:30:00,48.4
2026-06-21 07:45:00,53.18
2026-06-21 08:00:00,57.29
2026-06-21 08:15:00,51.09
2026-06-21 08:30:00,114.43
2026-06-21 08:45:00,115.71
2026-06-21 09:00:00,102.27
2026-06-21 09:15:00,101.09
2026-06-21 09:30:00,120.71
2026-06-21 09:45:00,125.18
2026-06-21 10:00:00,11.94
2026-06-21 10:15:00,3.96
2026-06-21 10:30:00,3.91
2026-06-21 10:45:00,3.97
2026-06-21 11:00:00,3.93
2026-06-21 11:15:00,3.93
2026-06-21 11:30:00,3.97
2026-06-21 11:45:00,3.96
2026-06-21 12:00:00,4.01
2026-06-21 12:15:00,3.93
2026-06-21 12:30:00,3.95
2026-06-21 12:45:00,3.95
2026-06-21 13:00:00,3.95
2026-06-21 13:15:00,3.96
2026-06-21 13:30:00,3.92
2026-06-21 13:45:00,3.88
2026-06-21 14:00:00,20.39
2026-06-21 14:15:00,70.53
2026-06-21 14:30:00,112
2026-06-21 14:45:00,3.98
2026-06-21 15:00:00,54.97
2026-06-21 15:15:00,42.53
2026-06-21 15:30:00,2.67
2026-06-21 15:45:00,2.66
2026-06-21 16:00:00,2.66
2026-06-21 16:15:00,2.67
2026-06-21 16:30:00,0.02
2026-06-21 16:45:00,0.02
2026-06-21 17:00:00,0
2026-06-21 17:15:00,0.93
2026-06-21 17:30:00,0.99
2026-06-21 17:45:00,1.22
2026-06-21 18:00:00,1.53
2026-06-21 18:15:00,1.61
2026-06-21 18:30:00,1.3
2026-06-21 18:45:00,1.12
2026-06-21 19:00:00,0.74
2026-06-21 19:15:00,0.31
2026-06-21 19:30:00,0.09
2026-06-21 19:45:00,0
2026-06-21 20:00:00,0
2026-06-21 20:15:00,0
2026-06-21 20:30:00,0
2026-06-21 20:45:00,0
2026-06-21 21:00:00,0
2026-06-21 21:15:00,0
2026-06-21 21:30:00,0
2026-06-21 21:45:00,0
2026-06-21 22:00:00,0
2026-06-21 22:15:00,0
2026-06-21 22:30:00,0
2026-06-21 22:45:00,0
2026-06-21 23:00:00,0
2026-06-21 23:15:00,0
2026-06-21 23:30:00,0
2026-06-21 23:45:00,0
2026-06-22 00:00:00,0
2026-06-22 00:15:00,0
2026-06-22 00:30:00,0.01
2026-06-22 00:45:00,0
2026-06-22 01:00:00,0
2026-06-22 01:15:00,0
2026-06-22 01:30:00,0
2026-06-22 01:45:00,0.01
2026-06-22 02:00:00,0.01
2026-06-22 02:15:00,0
2026-06-22 02:30:00,0.01
2026-06-22 02:45:00,0
2026-06-22 03:00:00,0
2026-06-22 03:15:00,0
2026-06-22 03:30:00,0
2026-06-22 03:45:00,0
2026-06-22 04:00:00,0
2026-06-22 04:15:00,0
2026-06-22 04:30:00,0
2026-06-22 04:45:00,0.01
2026-06-22 05:00:00,0.01
2026-06-22 05:15:00,0
2026-06-22 05:30:00,0.01
2026-06-22 05:45:00,0.01
2026-06-22 06:00:00,0
2026-06-22 06:15:00,2.83
2026-06-22 06:30:00,5.84
2026-06-22 06:45:00,9.38
2026-06-22 07:00:00,12.7
2026-06-22 07:15:00,16.81
2026-06-22 07:30:00,43.64
2026-06-22 07:45:00,53.14
2026-06-22 08:00:00,119.88
2026-06-22 08:15:00,54.07
2026-06-22 08:30:00,47.31
2026-06-22 08:45:00,45.17
2026-06-22 09:00:00,43.24
2026-06-22 09:15:00,55.45
2026-06-22 09:30:00,46.54
2026-06-22 09:45:00,77.24
2026-06-22 10:00:00,108.09
2026-06-22 10:15:00,141.34
2026-06-22 10:30:00,80.02
2026-06-22 10:45:00,97.16
2026-06-22 11:00:00,55.91
2026-06-22 11:15:00,32.37
2026-06-22 11:30:00,30.38
2026-06-22 11:45:00,74.22
2026-06-22 12:00:00,32.83
2026-06-22 12:15:00,3.94
2026-06-22 12:30:00,90.86
2026-06-22 12:45:00,100.12
2026-06-22 13:00:00,40.79
2026-06-22 13:15:00,22.53
2026-06-22 13:30:00,3.92
2026-06-22 13:45:00,3.84
2026-06-22 14:00:00,3.92
2026-06-22 14:15:00,4.52
2026-06-22 14:30:00,4.43
2026-06-22 14:45:00,3.89
2026-06-22 15:00:00,3.86
2026-06-22 15:15:00,40.42
2026-06-22 15:30:00,7.38
2026-06-22 15:45:00,6.92
2026-06-22 16:00:00,8.83
2026-06-22 16:15:00,9.29
2026-06-22 16:30:00,3.89
2026-06-22 16:45:00,13.55
2026-06-22 17:00:00,16.57
2026-06-22 17:15:00,67.69
2026-06-22 17:30:00,5.27
2026-06-22 17:45:00,0.02
2026-06-22 18:00:00,53.57
2026-06-22 18:15:00,24.83
2026-06-22 18:30:00,3.95
2026-06-22 18:45:00,3.91
2026-06-22 19:00:00,4.08
2026-06-22 19:15:00,2.94
2026-06-22 19:30:00,1.31
2026-06-22 19:45:00,0.18
2026-06-22 20:00:00,0
2026-06-22 20:15:00,0
2026-06-22 20:30:00,0
2026-06-22 20:45:00,0
2026-06-22 21:00:00,0
2026-06-22 21:15:00,0
2026-06-22 21:30:00,0
2026-06-22 21:45:00,0
2026-06-22 22:00:00,0
2026-06-22 22:15:00,0
2026-06-22 22:30:00,0
2026-06-22 22:45:00,0
2026-06-22 23:00:00,0
2026-06-22 23:15:00,0
2026-06-22 23:30:00,0
2026-06-22 23:45:00,0
2026-06-23 00:00:00,0
2026-06-23 00:15:00,0
2026-06-23 00:30:00,0
2026-06-23 00:45:00,0
2026-06-23 01:00:00,0.01
2026-06-23 01:15:00,0
2026-06-23 01:30:00,0
2026-06-23 01:45:00,0
2026-06-23 02:00:00,0
2026-06-23 02:15:00,0
2026-06-23 02:30:00,0
2026-06-23 02:45:00,0
2026-06-23 03:00:00,0
2026-06-23 03:15:00,0
2026-06-23 03:30:00,0
2026-06-23 03:45:00,0
2026-06-23 04:00:00,0.01
2026-06-23 04:15:00,0
2026-06-23 04:30:00,0
2026-06-23 04:45:00,0
2026-06-23 05:00:00,0
2026-06-23 05:15:00,0
2026-06-23 05:30:00,0
2026-06-23 05:45:00,0
2026-06-23 06:00:00,1.26
2026-06-23 06:15:00,3.44
2026-06-23 06:30:00,8.59
2026-06-23 06:45:00,19.5
2026-06-23 07:00:00,0.01
2026-06-23 07:15:00,0
2026-06-23 07:30:00,51.77
2026-06-23 07:45:00,60.68
2026-06-23 08:00:00,82.16
2026-06-23 08:15:00,64.26
2026-06-23 08:30:00,46.57
2026-06-23 08:45:00,68.19
2026-06-23 09:00:00,81.92
2026-06-23 09:15:00,105.03
2026-06-23 09:30:00,96.19
2026-06-23 09:45:00,103.58
2026-06-23 10:00:00,124.55
2026-06-23 10:15:00,5.74
2026-06-23 10:30:00,3.89
2026-06-23 10:45:00,3.92
2026-06-23 11:00:00,3.88
2026-06-23 11:15:00,3.95
2026-06-23 11:30:00,3.91
2026-06-23 11:45:00,3.88
2026-06-23 12:00:00,96.57
2026-06-23 12:15:00,62.02
2026-06-23 12:30:00,69.51
2026-06-23 12:45:00,3.92
2026-06-23 13:00:00,3.94
2026-06-23 13:15:00,33
2026-06-23 13:30:00,28.96
2026-06-23 13:45:00,3.96
2026-06-23 14:00:00,3.89
2026-06-23 14:15:00,3.88
2026-06-23 14:30:00,3.92
2026-06-23 14:45:00,3.88
2026-06-23 15:00:00,3.95
2026-06-23 15:15:00,3.96
2026-06-23 15:30:00,3.97
2026-06-23 15:45:00,3.92
2026-06-23 16:00:00,3.92
2026-06-23 16:15:00,3.96
2026-06-23 16:30:00,3.93
2026-06-23 16:45:00,3.89
2026-06-23 17:00:00,3.92
2026-06-23 17:15:00,3.93
2026-06-23 17:30:00,3.91
2026-06-23 17:45:00,3.91
2026-06-23 18:00:00,3.88
2026-06-23 18:15:00,3.88
2026-06-23 18:30:00,3.94
2026-06-23 18:45:00,3.88
2026-06-23 19:00:00,3.95
2026-06-23 19:15:00,3.9
2026-06-23 19:30:00,0.74
2026-06-23 19:45:00,0.06
2026-06-23 20:00:00,0
2026-06-23 20:15:00,0
2026-06-23 20:30:00,0
2026-06-23 20:45:00,0
2026-06-23 21:00:00,0
2026-06-23 21:15:00,0
2026-06-23 21:30:00,0
2026-06-23 21:45:00,0
2026-06-23 22:00:00,0
2026-06-23 22:15:00,0
2026-06-23 22:30:00,0
2026-06-23 22:45:00,0
2026-06-23 23:00:00,0
2026-06-23 23:15:00,0.01
2026-06-23 23:30:00,0
2026-06-23 23:45:00,0
2026-06-24 00:00:00,0.01
2026-06-24 00:15:00,0.01
2026-06-24 00:30:00,0
2026-06-24 00:45:00,0
2026-06-24 01:00:00,0.01
2026-06-24 01:15:00,0
2026-06-24 01:30:00,0
2026-06-24 01:45:00,0
2026-06-24 02:00:00,0
2026-06-24 02:15:00,0
2026-06-24 02:30:00,0
2026-06-24 02:45:00,0
2026-06-24 03:00:00,0
2026-06-24 03:15:00,0.01
2026-06-24 03:30:00,0.01
2026-06-24 03:45:00,0
2026-06-24 04:00:00,0
2026-06-24 04:15:00,0
2026-06-24 04:30:00,0
2026-06-24 04:45:00,0
2026-06-24 05:00:00,0
2026-06-24 05:15:00,0
2026-06-24 05:30:00,0.01
2026-06-24 05:45:00,0
2026-06-24 06:00:00,0.03
2026-06-24 06:15:00,1.83
2026-06-24 06:30:00,5.66
2026-06-24 06:45:00,9.47
2026-06-24 07:00:00,15.64
2026-06-24 07:15:00,28.73
2026-06-24 07:30:00,32.18
2026-06-24 07:45:00,37.96
2026-06-24 08:00:00,50.58
2026-06-24 08:15:00,78.3
2026-06-24 08:30:00,87.57
2026-06-24 08:45:00,77.91
2026-06-24 09:00:00,69.88
2026-06-24 09:15:00,69.84
2026-06-24 09:30:00,76.75
2026-06-24 09:45:00,119.98
2026-06-24 10:00:00,17.19
2026-06-24 10:15:00,130.82
2026-06-24 10:30:00,122.11
2026-06-24 10:45:00,127.51
2026-06-24 11:00:00,157.35
2026-06-24 11:15:00,29.08
2026-06-24 11:30:00,150.18
2026-06-24 11:45:00,0
2026-06-24 12:00:00,92.44
2026-06-24 12:15:00,3.95
2026-06-24 12:30:00,3.96
2026-06-24 12:45:00,3.94
2026-06-24 13:00:00,68.91
2026-06-24 13:15:00,104.81
2026-06-24 13:30:00,91.69
2026-06-24 13:45:00,84.9
2026-06-24 14:00:00,53.08
2026-06-24 14:15:00,122.63
2026-06-24 14:30:00,9.59
2026-06-24 14:45:00,3.96
2026-06-24 15:00:00,60.25
2026-06-24 15:15:00,136.3
2026-06-24 15:30:00,64.71
2026-06-24 15:45:00,11.75
2026-06-24 16:00:00,3.95
2026-06-24 16:15:00,3.97
2026-06-24 16:30:00,3.98
2026-06-24 16:45:00,3.96
2026-06-24 17:00:00,4.2
2026-06-24 17:15:00,4.49
2026-06-24 17:30:00,2.25
2026-06-24 17:45:00,1.9
2026-06-24 18:00:00,0.86
2026-06-24 18:15:00,0.39
2026-06-24 18:30:00,0.1
2026-06-24 18:45:00,0.02
2026-06-24 19:00:00,0.03
2026-06-24 19:15:00,0
2026-06-24 19:30:00,0
2026-06-24 19:45:00,0
2026-06-24 20:00:00,0
2026-06-24 20:15:00,0
2026-06-24 20:30:00,0
2026-06-24 20:45:00,0
2026-06-24 21:00:00,0
2026-06-24 21:15:00,0
2026-06-24 21:30:00,0
2026-06-24 21:45:00,0
2026-06-24 22:00:00,0
2026-06-24 22:15:00,0
2026-06-24 22:30:00,0
2026-06-24 22:45:00,0
2026-06-24 23:00:00,0
2026-06-24 23:15:00,0
2026-06-24 23:30:00,0
2026-06-24 23:45:00,0
2026-06-25 00:00:00,0
2026-06-25 00:15:00,0
2026-06-25 00:30:00,0
2026-06-25 00:45:00,0
2026-06-25 01:00:00,0
2026-06-25 01:15:00,0
2026-06-25 01:30:00,0
2026-06-25 01:45:00,0
2026-06-25 02:00:00,0
2026-06-25 02:15:00,0
2026-06-25 02:30:00,0
2026-06-25 02:45:00,0
2026-06-25 03:00:00,0
2026-06-25 03:15:00,0
2026-06-25 03:30:00,0.01
2026-06-25 03:45:00,0.01
2026-06-25 04:00:00,0.01
2026-06-25 04:15:00,0
2026-06-25 04:30:00,0
2026-06-25 04:45:00,0
2026-06-25 05:00:00,0
2026-06-25 05:15:00,0.01
2026-06-25 05:30:00,0
2026-06-25 05:45:00,0.01
2026-06-25 06:00:00,0
2026-06-25 06:15:00,1.23
2026-06-25 06:30:00,2.8
2026-06-25 06:45:00,2.69
2026-06-25 07:00:00,2.12
2026-06-25 07:15:00,1.45
2026-06-25 07:30:00,2.54
2026-06-25 07:45:00,3.49
2026-06-25 08:00:00,5.47
2026-06-25 08:15:00,3.75
2026-06-25 08:30:00,0.01
2026-06-25 08:45:00,4.85
2026-06-25 09:00:00,5.84
2026-06-25 09:15:00,4.41
2026-06-25 09:30:00,4.26
2026-06-25 09:45:00,3.93
2026-06-25 10:00:00,4.47
2026-06-25 10:15:00,7.54
2026-06-25 10:30:00,7.91
2026-06-25 10:45:00,12.74
2026-06-25 11:00:00,20.71
2026-06-25 11:15:00,30.6
2026-06-25 11:30:00,39.33
2026-06-25 11:45:00,34.12
2026-06-25 12:00:00,34.46
2026-06-25 12:15:00,34.33
2026-06-25 12:30:00,57.52
2026-06-25 12:45:00,111.45
2026-06-25 13:00:00,124.01
2026-06-25 13:15:00,120.34
2026-06-25 13:30:00,106.02
2026-06-25 13:45:00,110.15
2026-06-25 14:00:00,25.21
2026-06-25 14:15:00,3.92
2026-06-25 14:30:00,4.37
2026-06-25 14:45:00,3.93
2026-06-25 15:00:00,3.91
2026-06-25 15:15:00,3.91
2026-06-25 15:30:00,3.95
2026-06-25 15:45:00,3.96
2026-06-25 16:00:00,3.9
2026-06-25 16:15:00,3.95
2026-06-25 16:30:00,56.95
2026-06-25 16:45:00,0.02
2026-06-25 17:00:00,0
2026-06-25 17:15:00,0.02
2026-06-25 17:30:00,0.02
2026-06-25 17:45:00,41.13
2026-06-25 18:00:00,3.91
2026-06-25 18:15:00,3.87
2026-06-25 18:30:00,3.97
2026-06-25 18:45:00,3.91
2026-06-25 19:00:00,4.25
2026-06-25 19:15:00,4.33
2026-06-25 19:30:00,2.98
2026-06-25 19:45:00,0.13
2026-06-25 20:00:00,0.01
2026-06-25 20:15:00,0
2026-06-25 20:30:00,0
2026-06-25 20:45:00,0
2026-06-25 21:00:00,0
2026-06-25 21:15:00,0
2026-06-25 21:30:00,0
2026-06-25 21:45:00,0
2026-06-25 22:00:00,0
2026-06-25 22:15:00,0
2026-06-25 22:30:00,0
2026-06-25 22:45:00,0
2026-06-25 23:00:00,0
2026-06-25 23:15:00,0
2026-06-25 23:30:00,0
2026-06-25 23:45:00,0
2026-06-26 00:00:00,0
2026-06-26 00:15:00,0
2026-06-26 00:30:00,0
2026-06-26 00:45:00,0
2026-06-26 01:00:00,0
2026-06-26 01:15:00,0
2026-06-26 01:30:00,0.01
2026-06-26 01:45:00,0
2026-06-26 02:00:00,0
2026-06-26 02:15:00,0
2026-06-26 02:30:00,0.01
2026-06-26 02:45:00,0
2026-06-26 03:00:00,0
2026-06-26 03:15:00,0.01
2026-06-26 03:30:00,0.01
2026-06-26 03:45:00,0.01
2026-06-26 04:00:00,0.01
2026-06-26 04:15:00,0.01
2026-06-26 04:30:00,0
2026-06-26 04:45:00,0
2026-06-26 05:00:00,0
2026-06-26 05:15:00,0
2026-06-26 05:30:00,0
2026-06-26 05:45:00,0
2026-06-26 06:00:00,0.1
2026-06-26 06:15:00,0.77
2026-06-26 06:30:00,1.73
2026-06-26 06:45:00,3.23
2026-06-26 07:00:00,4.07
2026-06-26 07:15:00,7.7
2026-06-26 07:30:00,11.2
2026-06-26 07:45:00,18.27
2026-06-26 08:00:00,16.74
2026-06-26 08:15:00,10.54
2026-06-26 08:30:00,5.31
2026-06-26 08:45:00,6.67
2026-06-26 09:00:00,19.32
2026-06-26 09:15:00,23.8
2026-06-26 09:30:00,28.44
2026-06-26 09:45:00,48.69
2026-06-26 10:00:00,48.91
2026-06-26 10:15:00,46.62
2026-06-26 10:30:00,63.08
2026-06-26 10:45:00,87.28
2026-06-26 11:00:00,97.6
2026-06-26 11:15:00,64.01
2026-06-26 11:30:00,71.22
2026-06-26 11:45:00,69.84
2026-06-26 12:00:00,30.31
2026-06-26 12:15:00,0
2026-06-26 12:30:00,29.53
2026-06-26 12:45:00,27.87
2026-06-26 13:00:00,39.85
2026-06-26 13:15:00,66.57
2026-06-26 13:30:00,126.2
2026-06-26 13:45:00,99.61
2026-06-26 14:00:00,52.94
2026-06-26 14:15:00,66.39
2026-06-26 14:30:00,69
2026-06-26 14:45:00,44.2
2026-06-26 15:00:00,3.98
2026-06-26 15:15:00,3.96
2026-06-26 15:30:00,3.96
2026-06-26 15:45:00,4.01
2026-06-26 16:00:00,4.04
2026-06-26 16:15:00,3.98
2026-06-26 16:30:00,3.95
2026-06-26 16:45:00,3.98
2026-06-26 17:00:00,3.93
2026-06-26 17:15:00,4
2026-06-26 17:30:00,3.96
2026-06-26 17:45:00,3.98
2026-06-26 18:00:00,4
2026-06-26 18:15:00,4.05
2026-06-26 18:30:00,4.05
2026-06-26 18:45:00,4.29
2026-06-26 19:00:00,3.85
2026-06-26 19:15:00,2.62
2026-06-26 19:30:00,1.32
2026-06-26 19:45:00,0.13
2026-06-26 20:00:00,0.02
2026-06-26 20:15:00,0
2026-06-26 20:30:00,0
2026-06-26 20:45:00,0
2026-06-26 21:00:00,0
2026-06-26 21:15:00,0
2026-06-26 21:30:00,0
2026-06-26 21:45:00,0
2026-06-26 22:00:00,0
2026-06-26 22:15:00,0
2026-06-26 22:30:00,0
2026-06-26 22:45:00,0
2026-06-26 23:00:00,0
2026-06-26 23:15:00,0.01
2026-06-26 23:30:00,0.01
2026-06-26 23:45:00,0.01
2026-06-27 00:00:00,0.01
2026-06-27 00:15:00,0
2026-06-27 00:30:00,0.01
2026-06-27 00:45:00,0
2026-06-27 01:00:00,0
2026-06-27 01:15:00,0
2026-06-27 01:30:00,0
2026-06-27 01:45:00,0.01
2026-06-27 02:00:00,0.01
2026-06-27 02:15:00,0
2026-06-27 02:30:00,0.01
2026-06-27 02:45:00,0.01
2026-06-27 03:00:00,0
2026-06-27 03:15:00,0.01
2026-06-27 03:30:00,0
2026-06-27 03:45:00,0.01
2026-06-27 04:00:00,0
2026-06-27 04:15:00,0
2026-06-27 04:30:00,0
2026-06-27 04:45:00,0.01
2026-06-27 05:00:00,0.01
2026-06-27 05:15:00,0.01
2026-06-27 05:30:00,0
2026-06-27 05:45:00,0
2026-06-27 06:00:00,0.04
2026-06-27 06:15:00,1.17
2026-06-27 06:30:00,2.13
2026-06-27 06:45:00,5.7
2026-06-27 07:00:00,12.79
2026-06-27 07:15:00,12.3
2026-06-27 07:30:00,22.8
2026-06-27 07:45:00,42.17
2026-06-27 08:00:00,57.53
2026-06-27 08:15:00,100.11
2026-06-27 08:30:00,107.37
2026-06-27 08:45:00,89.84
2026-06-27 09:00:00,81.93
2026-06-27 09:15:00,84.73
2026-06-27 09:30:00,106.27
2026-06-27 09:45:00,88.15
2026-06-27 10:00:00,45.93
2026-06-27 10:15:00,83.43
2026-06-27 10:30:00,84.26
2026-06-27 10:45:00,77.7
2026-06-27 11:00:00,147.3
2026-06-27 11:15:00,47.6
2026-06-27 11:30:00,3.91
2026-06-27 11:45:00,3.97
2026-06-27 12:00:00,3.9
2026-06-27 12:15:00,3.99
2026-06-27 12:30:00,3.9
2026-06-27 12:45:00,3.94
2026-06-27 13:00:00,3.92
2026-06-27 13:15:00,3.91
2026-06-27 13:30:00,27.18
2026-06-27 13:45:00,16.81
2026-06-27 14:00:00,128.31
2026-06-27 14:15:00,3.89
2026-06-27 14:30:00,3.96
2026-06-27 14:45:00,3.94
2026-06-27 15:00:00,3.98
2026-06-27 15:15:00,3.96
2026-06-27 15:30:00,3.92
2026-06-27 15:45:00,20.77
2026-06-27 16:00:00,20.9
2026-06-27 16:15:00,118.28
2026-06-27 16:30:00,64.88
2026-06-27 16:45:00,28.26
2026-06-27 17:00:00,3.96
2026-06-27 17:15:00,4.01
2026-06-27 17:30:00,3.93
2026-06-27 17:45:00,4
2026-06-27 18:00:00,3.95
2026-06-27 18:15:00,3.91
2026-06-27 18:30:00,3.89
2026-06-27 18:45:00,3.94
2026-06-27 19:00:00,3.92
2026-06-27 19:15:00,3.84
2026-06-27 19:30:00,1.11
2026-06-27 19:45:00,0.18
2026-06-27 20:00:00,0
2026-06-27 20:15:00,0
2026-06-27 20:30:00,0
2026-06-27 20:45:00,0
2026-06-27 21:00:00,0.01
2026-06-27 21:15:00,0.01
2026-06-27 21:30:00,0.01
2026-06-27 21:45:00,0.01
2026-06-27 22:00:00,0.01
2026-06-27 22:15:00,0.01
2026-06-27 22:30:00,0
2026-06-27 22:45:00,0.01
2026-06-27 23:00:00,0.01
2026-06-27 23:15:00,0.01
2026-06-27 23:30:00,0.01
2026-06-27 23:45:00,0.01
2026-06-28 00:00:00,0
2026-06-28 00:15:00,0.01
2026-06-28 00:30:00,0.01
2026-06-28 00:45:00,0.01
2026-06-28 01:00:00,0.01
2026-06-28 01:15:00,0
2026-06-28 01:30:00,0.01
2026-06-28 01:45:00,0.01
2026-06-28 02:00:00,0.01
2026-06-28 02:15:00,0
2026-06-28 02:30:00,0.01
2026-06-28 02:45:00,0.01
2026-06-28 03:00:00,0
2026-06-28 03:15:00,0
2026-06-28 03:30:00,0.01
2026-06-28 03:45:00,0
2026-06-28 04:00:00,0
2026-06-28 04:15:00,0.01
2026-06-28 04:30:00,0
2026-06-28 04:45:00,0
2026-06-28 05:00:00,0
2026-06-28 05:15:00,0.01
2026-06-28 05:30:00,0
2026-06-28 05:45:00,0.01
2026-06-28 06:00:00,0.11
2026-06-28 06:15:00,2.42
2026-06-28 06:30:00,7.48
2026-06-28 06:45:00,15.89
2026-06-28 07:00:00,19.2
2026-06-28 07:15:00,31.89
2026-06-28 07:30:00,45.21
2026-06-28 07:45:00,55.41
2026-06-28 08:00:00,57
2026-06-28 08:15:00,86.89
2026-06-28 08:30:00,75.2
2026-06-28 08:45:00,61.68
2026-06-28 09:00:00,84.18
2026-06-28 09:15:00,76.53
2026-06-28 09:30:00,163.88
2026-06-28 09:45:00,123.34
2026-06-28 10:00:00,118.75
2026-06-28 10:15:00,128.63
2026-06-28 10:30:00,18.87
2026-06-28 10:45:00,4
2026-06-28 11:00:00,22.79
2026-06-28 11:15:00,4.25
2026-06-28 11:30:00,67.49
2026-06-28 11:45:00,31.96
2026-06-28 12:00:00,14.23
2026-06-28 12:15:00,3.96
2026-06-28 12:30:00,55.29
2026-06-28 12:45:00,104.99
2026-06-28 13:00:00,259.37
2026-06-28 13:15:00,55.41
2026-06-28 13:30:00,4
2026-06-28 13:45:00,3.95
2026-06-28 14:00:00,4.04
2026-06-28 14:15:00,3.98
2026-06-28 14:30:00,3.98
2026-06-28 14:45:00,70.96
2026-06-28 15:00:00,35.84
2026-06-28 15:15:00,14.64
2026-06-28 15:30:00,4.01
2026-06-28 15:45:00,4.02
2026-06-28 16:00:00,4.06
2026-06-28 16:15:00,4.02
2026-06-28 16:30:00,4.01
2026-06-28 16:45:00,3.98
2026-06-28 17:00:00,4.03
2026-06-28 17:15:00,3.97
2026-06-28 17:30:00,4.01
2026-06-28 17:45:00,3.95
2026-06-28 18:00:00,4
2026-06-28 18:15:00,4
2026-06-28 18:30:00,3.96
2026-06-28 18:45:00,3.91
2026-06-28 19:00:00,4.3
2026-06-28 19:15:00,3.09
2026-06-28 19:30:00,0.6
2026-06-28 19:45:00,0.04
2026-06-28 20:00:00,0
2026-06-28 20:15:00,0
2026-06-28 20:30:00,0
2026-06-28 20:45:00,0
2026-06-28 21:00:00,0
2026-06-28 21:15:00,0
2026-06-28 21:30:00,0
2026-06-28 21:45:00,0
2026-06-28 22:00:00,0
2026-06-28 22:15:00,0
2026-06-28 22:30:00,0
2026-06-28 22:45:00,0
2026-06-28 23:00:00,0
2026-06-28 23:15:00,0
2026-06-28 23:30:00,0
2026-06-28 23:45:00,0
2026-06-29 00:00:00,0
2026-06-29 00:15:00,0
2026-06-29 00:30:00,0
2026-06-29 00:45:00,0
2026-06-29 01:00:00,0
2026-06-29 01:15:00,0
2026-06-29 01:30:00,0
2026-06-29 01:45:00,0
2026-06-29 02:00:00,0
2026-06-29 02:15:00,0
2026-06-29 02:30:00,0.01
2026-06-29 02:45:00,0
2026-06-29 03:00:00,0
2026-06-29 03:15:00,0.01
2026-06-29 03:30:00,0
2026-06-29 03:45:00,0.01
2026-06-29 04:00:00,0.01
2026-06-29 04:15:00,0.01
2026-06-29 04:30:00,0.01
2026-06-29 04:45:00,0
2026-06-29 05:00:00,0.01
2026-06-29 05:15:00,0.01
2026-06-29 05:30:00,0
2026-06-29 05:45:00,0.01
2026-06-29 06:00:00,0.02
2026-06-29 06:15:00,0.52
2026-06-29 06:30:00,1.24
2026-06-29 06:45:00,4.44
2026-06-29 07:00:00,5.17
2026-06-29 07:15:00,6.46
2026-06-29 07:30:00,12.48
2026-06-29 07:45:00,25.5
2026-06-29 08:00:00,38.22
2026-06-29 08:15:00,91.93
2026-06-29 08:30:00,61.99
2026-06-29 08:45:00,49.35
2026-06-29 09:00:00,2.56
2026-06-29 09:15:00,55.89
2026-06-29 09:30:00,52.85
2026-06-29 09:45:00,51.83
2026-06-29 10:00:00,82.76
2026-06-29 10:15:00,123.08
2026-06-29 10:30:00,123.56
2026-06-29 10:45:00,124.15
2026-06-29 11:00:00,124.15
2026-06-29 11:15:00,124.15
2026-06-29 11:30:00,124.15
2026-06-29 11:45:00,0
2026-06-29 12:00:00,0
2026-06-29 12:15:00,0
2026-06-29 12:30:00,0
2026-06-29 12:45:00,0
2026-06-29 13:00:00,0
2026-06-29 13:15:00,0
2026-06-29 13:30:00,0
2026-06-29 13:45:00,0
2026-06-29 14:00:00,0
2026-06-29 14:15:00,0
2026-06-29 14:30:00,0
2026-06-29 14:45:00,0
2026-06-29 15:00:00,0
2026-06-29 15:15:00,0
2026-06-29 15:30:00,0
2026-06-29 15:45:00,0
2026-06-29 16:00:00,0
2026-06-29 16:15:00,0
2026-06-29 16:30:00,0
2026-06-29 16:45:00,0
2026-06-29 17:00:00,0
2026-06-29 17:15:00,0
2026-06-29 17:30:00,0
2026-06-29 17:45:00,0
2026-06-29 18:00:00,0
2026-06-29 18:15:00,0
2026-06-29 18:30:00,0
2026-06-29 18:45:00,0
2026-06-29 19:00:00,0
2026-06-29 19:15:00,0
2026-06-29 19:30:00,0
2026-06-29 19:45:00,0
2026-06-29 20:00:00,0
2026-06-29 20:15:00,0
2026-06-29 20:30:00,0
2026-06-29 20:45:00,0
2026-06-29 21:00:00,0
2026-06-29 21:15:00,0
2026-06-29 21:30:00,0
2026-06-29 21:45:00,0
2026-06-29 22:00:00,0
2026-06-29 22:15:00,0
2026-06-29 22:30:00,0
2026-06-29 22:45:00,0
2026-06-29 23:00:00,0
2026-06-29 23:15:00,0
2026-06-29 23:30:00,0
2026-06-29 23:45:00,0
2026-06-30 00:00:00,0
2026-06-30 00:15:00,0
2026-06-30 00:30:00,0
2026-06-30 00:45:00,0
2026-06-30 01:00:00,0
2026-06-30 01:15:00,0
2026-06-30 01:30:00,0
2026-06-30 01:45:00,0
2026-06-30 02:00:00,0
2026-06-30 02:15:00,0
2026-06-30 02:30:00,0
2026-06-30 02:45:00,0
2026-06-30 03:00:00,0
2026-06-30 03:15:00,0
2026-06-30 03:30:00,0
2026-06-30 03:45:00,0
2026-06-30 04:00:00,0
2026-06-30 04:15:00,0
2026-06-30 04:30:00,0
2026-06-30 04:45:00,0
2026-06-30 05:00:00,0
2026-06-30 05:15:00,0
2026-06-30 05:30:00,0
2026-06-30 05:45:00,0
2026-06-30 06:00:00,0
2026-06-30 06:15:00,0
2026-06-30 06:30:00,0
2026-06-30 06:45:00,0
2026-06-30 07:00:00,0
2026-06-30 07:15:00,0
2026-06-30 07:30:00,0
2026-06-30 07:45:00,0
2026-06-30 08:00:00,0
2026-06-30 08:15:00,0
2026-06-30 08:30:00,0
2026-06-30 08:45:00,0
2026-06-30 09:00:00,0
2026-06-30 09:15:00,0
2026-06-30 09:30:00,0
2026-06-30 09:45:00,0
2026-06-30 10:00:00,0
2026-06-30 10:15:00,0
2026-06-30 10:30:00,0
2026-06-30 10:45:00,0
2026-06-30 11:00:00,0
2026-06-30 11:15:00,0
2026-06-30 11:30:00,0
2026-06-30 11:45:00,0
2026-06-30 12:00:00,0
2026-06-30 12:15:00,0
2026-06-30 12:30:00,0
2026-06-30 12:45:00,0
2026-06-30 13:00:00,0
2026-06-30 13:15:00,0
2026-06-30 13:30:00,0
2026-06-30 13:45:00,0
2026-06-30 14:00:00,0
2026-06-30 14:15:00,0
2026-06-30 14:30:00,0
2026-06-30 14:45:00,0
2026-06-30 15:00:00,0
2026-06-30 15:15:00,0
2026-06-30 15:30:00,0
2026-06-30 15:45:00,0
2026-06-30 16:00:00,0
2026-06-30 16:15:00,0
2026-06-30 16:30:00,0
2026-06-30 16:45:00,0
2026-06-30 17:00:00,0
2026-06-30 17:15:00,0
2026-06-30 17:30:00,0
2026-06-30 17:45:00,0
2026-06-30 18:00:00,0
2026-06-30 18:15:00,0
2026-06-30 18:30:00,0
2026-06-30 18:45:00,0
2026-06-30 19:00:00,0
2026-06-30 19:15:00,0
2026-06-30 19:30:00,0
2026-06-30 19:45:00,0
2026-06-30 20:00:00,0
2026-06-30 20:15:00,0
2026-06-30 20:30:00,0
2026-06-30 20:45:00,0
2026-06-30 21:00:00,0
2026-06-30 21:15:00,0
2026-06-30 21:30:00,0
2026-06-30 21:45:00,0
2026-06-30 22:00:00,0
2026-06-30 22:15:00,0
2026-06-30 22:30:00,0
2026-06-30 22:45:00,0
2026-06-30 23:00:00,0
2026-06-30 23:15:00,0
2026-06-30 23:30:00,0
2026-06-30 23:45:00,0
2026-07-01 00:00:00,0
2026-07-01 00:15:00,0
2026-07-01 00:30:00,0
2026-07-01 00:45:00,0
2026-07-01 01:00:00,0
2026-07-01 01:15:00,0
2026-07-01 01:30:00,0
2026-07-01 01:45:00,0
2026-07-01 02:00:00,0
2026-07-01 02:15:00,0
2026-07-01 02:30:00,0
2026-07-01 02:45:00,0
2026-07-01 03:00:00,0
2026-07-01 03:15:00,0
2026-07-01 03:30:00,0
2026-07-01 03:45:00,0
2026-07-01 04:00:00,0
2026-07-01 04:15:00,0
2026-07-01 04:30:00,0
2026-07-01 04:45:00,0
2026-07-01 05:00:00,0
2026-07-01 05:15:00,0
2026-07-01 05:30:00,0
2026-07-01 05:45:00,0
2026-07-01 06:00:00,0
2026-07-01 06:15:00,0
2026-07-01 06:30:00,0
2026-07-01 06:45:00,0
2026-07-01 07:00:00,0
2026-07-01 07:15:00,0
2026-07-01 07:30:00,0
2026-07-01 07:45:00,0
2026-07-01 08:00:00,0
2026-07-01 08:15:00,0
2026-07-01 08:30:00,0
2026-07-01 08:45:00,0
2026-07-01 09:00:00,0
2026-07-01 09:15:00,0
2026-07-01 09:30:00,0
2026-07-01 09:45:00,0
2026-07-01 10:00:00,0
2026-07-01 10:15:00,0
2026-07-01 10:30:00,0
2026-07-01 10:45:00,0
2026-07-01 11:00:00,0
2026-07-01 11:15:00,0
2026-07-01 11:30:00,0
2026-07-01 11:45:00,0
2026-07-01 12:00:00,0
2026-07-01 12:15:00,0
2026-07-01 12:30:00,0
2026-07-01 12:45:00,0
2026-07-01 13:00:00,0
2026-07-01 13:15:00,0
2026-07-01 13:30:00,0
2026-07-01 13:45:00,0
2026-07-01 14:00:00,0
2026-07-01 14:15:00,0
2026-07-01 14:30:00,0
2026-07-01 14:45:00,0
2026-07-01 15:00:00,0
2026-07-01 15:15:00,0
2026-07-01 15:30:00,0
2026-07-01 15:45:00,0
2026-07-01 16:00:00,0
2026-07-01 16:15:00,0
2026-07-01 16:30:00,0
2026-07-01 16:45:00,0
2026-07-01 17:00:00,0
2026-07-01 17:15:00,0
2026-07-01 17:30:00,0
2026-07-01 17:45:00,0
2026-07-01 18:00:00,0
2026-07-01 18:15:00,0
2026-07-01 18:30:00,0
2026-07-01 18:45:00,0
2026-07-01 19:00:00,0
2026-07-01 19:15:00,0
2026-07-01 19:30:00,0
2026-07-01 19:45:00,0
2026-07-01 20:00:00,0
2026-07-01 20:15:00,0
2026-07-01 20:30:00,0
2026-07-01 20:45:00,0
2026-07-01 21:00:00,0
2026-07-01 21:15:00,0
2026-07-01 21:30:00,0
2026-07-01 21:45:00,0
2026-07-01 22:00:00,0
2026-07-01 22:15:00,0
2026-07-01 22:30:00,0
2026-07-01 22:45:00,0
2026-07-01 23:00:00,0
2026-07-01 23:15:00,0
2026-07-01 23:30:00,0
2026-07-01 23:45:00,0
2026-07-02 00:00:00,0
2026-07-02 00:15:00,0
2026-07-02 00:30:00,0
2026-07-02 00:45:00,0
2026-07-02 01:00:00,0
2026-07-02 01:15:00,0
2026-07-02 01:30:00,0
2026-07-02 01:45:00,0
2026-07-02 02:00:00,0
2026-07-02 02:15:00,0
2026-07-02 02:30:00,0
2026-07-02 02:45:00,0
2026-07-02 03:00:00,0
2026-07-02 03:15:00,0
2026-07-02 03:30:00,0
2026-07-02 03:45:00,0
2026-07-02 04:00:00,0
2026-07-02 04:15:00,0
2026-07-02 04:30:00,0
2026-07-02 04:45:00,0
2026-07-02 05:00:00,0
2026-07-02 05:15:00,0
2026-07-02 05:30:00,0
2026-07-02 05:45:00,0
2026-07-02 06:00:00,0
2026-07-02 06:15:00,0
2026-07-02 06:30:00,0
2026-07-02 06:45:00,0
2026-07-02 07:00:00,0
2026-07-02 07:15:00,0
2026-07-02 07:30:00,0
2026-07-02 07:45:00,0
2026-07-02 08:00:00,0
2026-07-02 08:15:00,0
2026-07-02 08:30:00,0
2026-07-02 08:45:00,0
2026-07-02 09:00:00,0
2026-07-02 09:15:00,0
2026-07-02 09:30:00,0
2026-07-02 09:45:00,0
2026-07-02 10:00:00,0
2026-07-02 10:15:00,0
2026-07-02 10:30:00,0
2026-07-02 10:45:00,0
2026-07-02 11:00:00,0
2026-07-02 11:15:00,0
2026-07-02 11:30:00,0
2026-07-02 11:45:00,0
2026-07-02 12:00:00,0
2026-07-02 12:15:00,0
2026-07-02 12:30:00,0
2026-07-02 12:45:00,0
2026-07-02 13:00:00,0.05
2026-07-02 13:15:00,0.02
2026-07-02 13:30:00,0.02
2026-07-02 13:45:00,0
2026-07-02 14:00:00,0.04
2026-07-02 14:15:00,0
2026-07-02 14:30:00,0
2026-07-02 14:45:00,177.58
2026-07-02 15:00:00,57.38
2026-07-02 15:15:00,0.02
2026-07-02 15:30:00,0.04
2026-07-02 15:45:00,0.02
2026-07-02 16:00:00,0
2026-07-02 16:15:00,0.02
2026-07-02 16:30:00,0
2026-07-02 16:45:00,0
2026-07-02 17:00:00,0
2026-07-02 17:15:00,0
2026-07-02 17:30:00,0.01
2026-07-02 17:45:00,0.01
2026-07-02 18:00:00,0
2026-07-02 18:15:00,0.02
2026-07-02 18:30:00,0
2026-07-02 18:45:00,0.01
2026-07-02 19:00:00,0
2026-07-02 19:15:00,0
2026-07-02 19:30:00,0
2026-07-02 19:45:00,0
2026-07-02 20:00:00,0
2026-07-02 20:15:00,0
2026-07-02 20:30:00,0
2026-07-02 20:45:00,0
2026-07-02 21:00:00,0
2026-07-02 21:15:00,0
2026-07-02 21:30:00,0
2026-07-02 21:45:00,0
2026-07-02 22:00:00,0
2026-07-02 22:15:00,0
2026-07-02 22:30:00,0
2026-07-02 22:45:00,0
2026-07-02 23:00:00,0
2026-07-02 23:15:00,0
2026-07-02 23:30:00,0
2026-07-02 23:45:00,0
2026-07-03 00:00:00,0.01
2026-07-03 00:15:00,0.01
2026-07-03 00:30:00,0.01
2026-07-03 00:45:00,0
2026-07-03 01:00:00,0
2026-07-03 01:15:00,0
2026-07-03 01:30:00,0
2026-07-03 01:45:00,0
2026-07-03 02:00:00,0
2026-07-03 02:15:00,0
2026-07-03 02:30:00,0
2026-07-03 02:45:00,0
2026-07-03 03:00:00,0.01
2026-07-03 03:15:00,0.01
2026-07-03 03:30:00,0.01
2026-07-03 03:45:00,0.01
2026-07-03 04:00:00,0.01
2026-07-03 04:15:00,0.01
2026-07-03 04:30:00,0.01
2026-07-03 04:45:00,0
2026-07-03 05:00:00,0
2026-07-03 05:15:00,0.01
2026-07-03 05:30:00,0
2026-07-03 05:45:00,0.01
2026-07-03 06:00:00,0.43
2026-07-03 06:15:00,2.69
2026-07-03 06:30:00,6.45
2026-07-03 06:45:00,13.67
2026-07-03 07:00:00,14.6
2026-07-03 07:15:00,42.39
2026-07-03 07:30:00,55.41
2026-07-03 07:45:00,73.85
2026-07-03 08:00:00,89.38
2026-07-03 08:15:00,106.72
2026-07-03 08:30:00,121.96
2026-07-03 08:45:00,85.77
2026-07-03 09:00:00,145.05
2026-07-03 09:15:00,6.8
2026-07-03 09:30:00,92.59
2026-07-03 09:45:00,61.1
2026-07-03 10:00:00,114.08
2026-07-03 10:15:00,4.2
2026-07-03 10:30:00,3.95
2026-07-03 10:45:00,4.02
2026-07-03 11:00:00,3.97
2026-07-03 11:15:00,4.7
2026-07-03 11:30:00,4.71
2026-07-03 11:45:00,4.69
2026-07-03 12:00:00,4.76
2026-07-03 12:15:00,4.72
2026-07-03 12:30:00,4.72
2026-07-03 12:45:00,4.23
2026-07-03 13:00:00,4.72
2026-07-03 13:15:00,4.63
2026-07-03 13:30:00,4.71
2026-07-03 13:45:00,4.77
2026-07-03 14:00:00,4.75
2026-07-03 14:15:00,4.7
2026-07-03 14:30:00,4.65
2026-07-03 14:45:00,4.67
2026-07-03 15:00:00,5.08
2026-07-03 15:15:00,4.04
2026-07-03 15:30:00,3.97
2026-07-03 15:45:00,3.93
2026-07-03 16:00:00,3.93
2026-07-03 16:15:00,3.93
2026-07-03 16:30:00,3.93
2026-07-03 16:45:00,3.93
2026-07-03 17:00:00,2.69
2026-07-03 17:15:00,2.68
2026-07-03 17:30:00,2.68
2026-07-03 17:45:00,49.46
2026-07-03 18:00:00,49.46
2026-07-03 18:15:00,0
2026-07-03 18:30:00,0.01
2026-07-03 18:45:00,0.01
2026-07-03 19:00:00,0.01
2026-07-03 19:15:00,0.01
2026-07-03 19:30:00,0.01
2026-07-03 19:45:00,0.01
2026-07-03 20:00:00,0.01
2026-07-03 20:15:00,0
2026-07-03 20:30:00,0
2026-07-03 20:45:00,0
2026-07-03 21:00:00,0
2026-07-03 21:15:00,0
2026-07-03 21:30:00,0
2026-07-03 21:45:00,0
2026-07-03 22:00:00,0
2026-07-03 22:15:00,0
2026-07-03 22:30:00,0
2026-07-03 22:45:00,0
2026-07-03 23:00:00,0
2026-07-03 23:15:00,0.01
2026-07-03 23:30:00,0
2026-07-03 23:45:00,0
2026-07-04 00:00:00,0
2026-07-04 00:15:00,0.01
2026-07-04 00:30:00,0.01
2026-07-04 00:45:00,0
2026-07-04 01:00:00,0
2026-07-04 01:15:00,0.01
2026-07-04 01:30:00,0.01
2026-07-04 01:45:00,0
2026-07-04 02:00:00,0.01
2026-07-04 02:15:00,0
2026-07-04 02:30:00,0
2026-07-04 02:45:00,0.01
2026-07-04 03:00:00,0
2026-07-04 03:15:00,0
2026-07-04 03:30:00,0
2026-07-04 03:45:00,0.01
2026-07-04 04:00:00,0
2026-07-04 04:15:00,0.01
2026-07-04 04:30:00,0
2026-07-04 04:45:00,0
2026-07-04 05:00:00,0
2026-07-04 05:15:00,0
2026-07-04 05:30:00,0
2026-07-04 05:45:00,0.01
2026-07-04 06:00:00,0.11
2026-07-04 06:15:00,0.89
2026-07-04 06:30:00,3.46
2026-07-04 06:45:00,19.55
2026-07-04 07:00:00,12.33
2026-07-04 07:15:00,6.76
2026-07-04 07:30:00,14.57
2026-07-04 07:45:00,15.08
2026-07-04 08:00:00,53.74
2026-07-04 08:15:00,73.19
2026-07-04 08:30:00,59.1
2026-07-04 08:45:00,67.41
2026-07-04 09:00:00,29.18
2026-07-04 09:15:00,39.12
2026-07-04 09:30:00,36.77
2026-07-04 09:45:00,35.98
2026-07-04 10:00:00,59.47
2026-07-04 10:15:00,118.21
2026-07-04 10:30:00,160.38
2026-07-04 10:45:00,131.07
2026-07-04 11:00:00,111.94
2026-07-04 11:15:00,101.04
2026-07-04 11:30:00,3.94
2026-07-04 11:45:00,4.02
2026-07-04 12:00:00,4.01
2026-07-04 12:15:00,3.95
2026-07-04 12:30:00,3.92
2026-07-04 12:45:00,79.84
2026-07-04 13:00:00,145.34
2026-07-04 13:15:00,36.35
2026-07-04 13:30:00,22.43
2026-07-04 13:45:00,47.12
2026-07-04 14:00:00,27.14
2026-07-04 14:15:00,20.16
2026-07-04 14:30:00,24.07
2026-07-04 14:45:00,52.94
2026-07-04 15:00:00,86.38
2026-07-04 15:15:00,5.56
2026-07-04 15:30:00,3.92
2026-07-04 15:45:00,4
2026-07-04 16:00:00,3.87
2026-07-04 16:15:00,3.92
2026-07-04 16:30:00,3.95
2026-07-04 16:45:00,3.88
2026-07-04 17:00:00,3.92
2026-07-04 17:15:00,3.93
2026-07-04 17:30:00,3.89
2026-07-04 17:45:00,3.92
2026-07-04 18:00:00,17.08
2026-07-04 18:15:00,11.26
2026-07-04 18:30:00,3.92
2026-07-04 18:45:00,6.31
2026-07-04 19:00:00,3.16
2026-07-04 19:15:00,1.86
2026-07-04 19:30:00,0.24
2026-07-04 19:45:00,0.04
2026-07-04 20:00:00,0
2026-07-04 20:15:00,0
2026-07-04 20:30:00,0
2026-07-04 20:45:00,0
2026-07-04 21:00:00,0
2026-07-04 21:15:00,0
2026-07-04 21:30:00,0
2026-07-04 21:45:00,0
2026-07-04 22:00:00,0
2026-07-04 22:15:00,0
2026-07-04 22:30:00,0
2026-07-04 22:45:00,0
2026-07-04 23:00:00,0
2026-07-04 23:15:00,0
2026-07-04 23:30:00,0
2026-07-04 23:45:00,0
2026-07-05 00:00:00,0
2026-07-05 00:15:00,0
2026-07-05 00:30:00,0.01
2026-07-05 00:45:00,0.01
2026-07-05 01:00:00,0
2026-07-05 01:15:00,0
2026-07-05 01:30:00,0
2026-07-05 01:45:00,0
2026-07-05 02:00:00,0.01
2026-07-05 02:15:00,0
2026-07-05 02:30:00,0
2026-07-05 02:45:00,0.01
2026-07-05 03:00:00,0
2026-07-05 03:15:00,0
2026-07-05 03:30:00,0
2026-07-05 03:45:00,0.01
2026-07-05 04:00:00,0
2026-07-05 04:15:00,0
2026-07-05 04:30:00,0
2026-07-05 04:45:00,0
2026-07-05 05:00:00,0
2026-07-05 05:15:00,0
2026-07-05 05:30:00,0
2026-07-05 05:45:00,0.01
2026-07-05 06:00:00,0.01
2026-07-05 06:15:00,0
2026-07-05 06:30:00,0.84
2026-07-05 06:45:00,0.72
2026-07-05 07:00:00,1.42
2026-07-05 07:15:00,2.24
2026-07-05 07:30:00,3.47
2026-07-05 07:45:00,9.24
2026-07-05 08:00:00,10.68
2026-07-05 08:15:00,5.56
2026-07-05 08:30:00,1.66
2026-07-05 08:45:00,3
2026-07-05 09:00:00,3.79
2026-07-05 09:15:00,5.64
2026-07-05 09:30:00,3.86
2026-07-05 09:45:00,8.49
2026-07-05 10:00:00,22.23
2026-07-05 10:15:00,26.79
2026-07-05 10:30:00,34.04
2026-07-05 10:45:00,36.86
2026-07-05 11:00:00,37.96
2026-07-05 11:15:00,25.72
2026-07-05 11:30:00,55.22
2026-07-05 11:45:00,57.48
2026-07-05 12:00:00,88.54
2026-07-05 12:15:00,41.06
2026-07-05 12:30:00,65.77
2026-07-05 12:45:00,39.89
2026-07-05 13:00:00,77.34
2026-07-05 13:15:00,44.66
2026-07-05 13:30:00,44.83
2026-07-05 13:45:00,60.77
2026-07-05 14:00:00,49.44
2026-07-05 14:15:00,36.73
2026-07-05 14:30:00,25.24
2026-07-05 14:45:00,16.37
2026-07-05 15:00:00,25.13
2026-07-05 15:15:00,26.26
2026-07-05 15:30:00,14.94
2026-07-05 15:45:00,30.04
2026-07-05 16:00:00,29.19
2026-07-05 16:15:00,21.74
2026-07-05 16:30:00,9.57
2026-07-05 16:45:00,8.69
2026-07-05 17:00:00,16.21
2026-07-05 17:15:00,15.93
2026-07-05 17:30:00,26.67
2026-07-05 17:45:00,18.4
2026-07-05 18:00:00,19.85
2026-07-05 18:15:00,21.19
2026-07-05 18:30:00,20.93
2026-07-05 18:45:00,14.78
2026-07-05 19:00:00,6.98
2026-07-05 19:15:00,4.69
2026-07-05 19:30:00,1.41
2026-07-05 19:45:00,0.05
2026-07-05 20:00:00,0
2026-07-05 20:15:00,0
2026-07-05 20:30:00,0
2026-07-05 20:45:00,0
2026-07-05 21:00:00,0
2026-07-05 21:15:00,0
2026-07-05 21:30:00,0
2026-07-05 21:45:00,0
2026-07-05 22:00:00,0
2026-07-05 22:15:00,0
2026-07-05 22:30:00,0
2026-07-05 22:45:00,0
2026-07-05 23:00:00,0
2026-07-05 23:15:00,0
2026-07-05 23:30:00,0
2026-07-05 23:45:00,0
2026-07-06 00:00:00,0
2026-07-06 00:15:00,0
2026-07-06 00:30:00,0
2026-07-06 00:45:00,0
2026-07-06 01:00:00,0
2026-07-06 01:15:00,0
2026-07-06 01:30:00,0.01
2026-07-06 01:45:00,0
2026-07-06 02:00:00,0.01
2026-07-06 02:15:00,0.01
2026-07-06 02:30:00,0.01
2026-07-06 02:45:00,0
2026-07-06 03:00:00,0
2026-07-06 03:15:00,0.01
2026-07-06 03:30:00,0.01
2026-07-06 03:45:00,0.01
2026-07-06 04:00:00,0.01
2026-07-06 04:15:00,0.01
2026-07-06 04:30:00,0.01
2026-07-06 04:45:00,0
2026-07-06 05:00:00,0
2026-07-06 05:15:00,0.01
2026-07-06 05:30:00,0.01
2026-07-06 05:45:00,0.01
2026-07-06 06:00:00,0.01
2026-07-06 06:15:00,0.08
2026-07-06 06:30:00,1.16
2026-07-06 06:45:00,1.85
2026-07-06 07:00:00,6.14
2026-07-06 07:15:00,12.09
2026-07-06 07:30:00,15.2
2026-07-06 07:45:00,20.42
2026-07-06 08:00:00,22.5
2026-07-06 08:15:00,13.02
2026-07-06 08:30:00,11.08
2026-07-06 08:45:00,5.06
2026-07-06 09:00:00,24.15
2026-07-06 09:15:00,18.11
2026-07-06 09:30:00,16.1
2026-07-06 09:45:00,35.94
2026-07-06 10:00:00,31.7
2026-07-06 10:15:00,44.19
2026-07-06 10:30:00,60.87
2026-07-06 10:45:00,34.76
2026-07-06 11:00:00,29.43
2026-07-06 11:15:00,17.39
2026-07-06 11:30:00,24.84
2026-07-06 11:45:00,59.17
2026-07-06 12:00:00,96.72
2026-07-06 12:15:00,120.28
2026-07-06 12:30:00,91
2026-07-06 12:45:00,82.39
2026-07-06 13:00:00,75.73
2026-07-06 13:15:00,95.38
2026-07-06 13:30:00,96.47
2026-07-06 13:45:00,86.13
2026-07-06 14:00:00,5.07
2026-07-06 14:15:00,3.95
2026-07-06 14:30:00,3.85
2026-07-06 14:45:00,3.91
2026-07-06 15:00:00,3.86
2026-07-06 15:15:00,3.83
2026-07-06 15:30:00,3.94
2026-07-06 15:45:00,3.86
2026-07-06 16:00:00,3.97
2026-07-06 16:15:00,3.88
2026-07-06 16:30:00,3.9
2026-07-06 16:45:00,3.85
2026-07-06 17:00:00,4.25
2026-07-06 17:15:00,3.86
2026-07-06 17:30:00,3.85
2026-07-06 17:45:00,3.88
2026-07-06 18:00:00,3.87
2026-07-06 18:15:00,3.96
2026-07-06 18:30:00,3.83
2026-07-06 18:45:00,3.89
2026-07-06 19:00:00,3.9
2026-07-06 19:15:00,3.89
2026-07-06 19:30:00,1.99
2026-07-06 19:45:00,0.17
2026-07-06 20:00:00,0.02
2026-07-06 20:15:00,0
2026-07-06 20:30:00,0
2026-07-06 20:45:00,0
2026-07-06 21:00:00,0
2026-07-06 21:15:00,0
2026-07-06 21:30:00,0
2026-07-06 21:45:00,0
2026-07-06 22:00:00,0
2026-07-06 22:15:00,0
2026-07-06 22:30:00,0
2026-07-06 22:45:00,0
2026-07-06 23:00:00,0
2026-07-06 23:15:00,0
2026-07-06 23:30:00,0
2026-07-06 23:45:00,0
2026-07-07 00:00:00,0
2026-07-07 00:15:00,0
2026-07-07 00:30:00,0
2026-07-07 00:45:00,0
2026-07-07 01:00:00,0
2026-07-07 01:15:00,0
2026-07-07 01:30:00,0
2026-07-07 01:45:00,0
2026-07-07 02:00:00,0
2026-07-07 02:15:00,0
2026-07-07 02:30:00,0
2026-07-07 02:45:00,0
2026-07-07 03:00:00,0
2026-07-07 03:15:00,0
2026-07-07 03:30:00,0
2026-07-07 03:45:00,0
2026-07-07 04:00:00,0
2026-07-07 04:15:00,0
2026-07-07 04:30:00,0
2026-07-07 04:45:00,0
2026-07-07 05:00:00,0
2026-07-07 05:15:00,0
2026-07-07 05:30:00,0
2026-07-07 05:45:00,0
2026-07-07 06:00:00,0
2026-07-07 06:15:00,0
2026-07-07 06:30:00,0
2026-07-07 06:45:00,0
2026-07-07 07:00:00,0
2026-07-07 07:15:00,0
2026-07-07 07:30:00,0
2026-07-07 07:45:00,0
2026-07-07 08:00:00,0
2026-07-07 08:15:00,0
2026-07-07 08:30:00,0
2026-07-07 08:45:00,0
2026-07-07 09:00:00,0
2026-07-07 09:15:00,0
2026-07-07 09:30:00,0
2026-07-07 09:45:00,0
2026-07-07 10:00:00,0
2026-07-07 10:15:00,0
2026-07-07 10:30:00,0
2026-07-07 10:45:00,0
2026-07-07 11:00:00,0
2026-07-07 11:15:00,0
2026-07-07 11:30:00,0
2026-07-07 11:45:00,0
2026-07-07 12:00:00,3.94
2026-07-07 12:15:00,3.92
2026-07-07 12:30:00,3.92
2026-07-07 12:45:00,3.96
2026-07-07 13:00:00,155.61
2026-07-07 13:15:00,74.57
2026-07-07 13:30:00,63.76
2026-07-07 13:45:00,21.08
2026-07-07 14:00:00,3.93
2026-07-07 14:15:00,3.96
2026-07-07 14:30:00,3.9
2026-07-07 14:45:00,3.97
2026-07-07 15:00:00,4.5
2026-07-07 15:15:00,3.92
2026-07-07 15:30:00,69.07
2026-07-07 15:45:00,54.33
2026-07-07 16:00:00,35.43
2026-07-07 16:15:00,0
2026-07-07 16:30:00,0
2026-07-07 16:45:00,0.02
2026-07-07 17:00:00,0.02
2026-07-07 17:15:00,0.03
2026-07-07 17:30:00,15.53
2026-07-07 17:45:00,20.29
2026-07-07 18:00:00,0
2026-07-07 18:15:00,5.34
2026-07-07 18:30:00,13.36
2026-07-07 18:45:00,4.03
2026-07-07 19:00:00,4.28
2026-07-07 19:15:00,2.63
2026-07-07 19:30:00,0.68
2026-07-07 19:45:00,0.02
2026-07-07 20:00:00,0
2026-07-07 20:15:00,0
2026-07-07 20:30:00,0
2026-07-07 20:45:00,0
2026-07-07 21:00:00,0.01
2026-07-07 21:15:00,0.01
2026-07-07 21:30:00,0
2026-07-07 21:45:00,0
2026-07-07 22:00:00,0
2026-07-07 22:15:00,0.01
2026-07-07 22:30:00,0
2026-07-07 22:45:00,0.01
2026-07-07 23:00:00,0
2026-07-07 23:15:00,0
2026-07-07 23:30:00,0
2026-07-07 23:45:00,0
2026-07-08 00:00:00,0
2026-07-08 00:15:00,0
2026-07-08 00:30:00,0.01
2026-07-08 00:45:00,0.01
2026-07-08 01:00:00,0
2026-07-08 01:15:00,0
2026-07-08 01:30:00,0
2026-07-08 01:45:00,0.01
2026-07-08 02:00:00,0
2026-07-08 02:15:00,0
2026-07-08 02:30:00,0
2026-07-08 02:45:00,0
2026-07-08 03:00:00,0
2026-07-08 03:15:00,0
2026-07-08 03:30:00,0
2026-07-08 03:45:00,0
2026-07-08 04:00:00,0
2026-07-08 04:15:00,0
2026-07-08 04:30:00,0
2026-07-08 04:45:00,0
2026-07-08 05:00:00,0
2026-07-08 05:15:00,0
2026-07-08 05:30:00,0
2026-07-08 05:45:00,0
2026-07-08 06:00:00,0.01
2026-07-08 06:15:00,0.72
2026-07-08 06:30:00,2.16
2026-07-08 06:45:00,3.47
2026-07-08 07:00:00,5.71
2026-07-08 07:15:00,5.56
2026-07-08 07:30:00,8.73
2026-07-08 07:45:00,12.1
2026-07-08 08:00:00,30.8
2026-07-08 08:15:00,36.39
2026-07-08 08:30:00,25.73
2026-07-08 08:45:00,24.88
2026-07-08 09:00:00,30.28
2026-07-08 09:15:00,85.23
2026-07-08 09:30:00,55.46
2026-07-08 09:45:00,27.23
2026-07-08 10:00:00,20.77
2026-07-08 10:15:00,30.46
2026-07-08 10:30:00,13.15
2026-07-08 10:45:00,16.49
2026-07-08 11:00:00,60.13
2026-07-08 11:15:00,57.82
2026-07-08 11:30:00,88.98
2026-07-08 11:45:00,48.85
2026-07-08 12:00:00,58.52
2026-07-08 12:15:00,27.05
2026-07-08 12:30:00,33.45
2026-07-08 12:45:00,85.39
2026-07-08 13:00:00,109.43
2026-07-08 13:15:00,57.95
2026-07-08 13:30:00,63.42
2026-07-08 13:45:00,72.84
2026-07-08 14:00:00,4
2026-07-08 14:15:00,3.98
2026-07-08 14:30:00,3.96
2026-07-08 14:45:00,37.52
2026-07-08 15:00:00,16.95
2026-07-08 15:15:00,8.17
2026-07-08 15:30:00,61.17
2026-07-08 15:45:00,72.67
2026-07-08 16:00:00,56
2026-07-08 16:15:00,34.24
2026-07-08 16:30:00,7.31
2026-07-08 16:45:00,3.93
2026-07-08 17:00:00,3.97
2026-07-08 17:15:00,21.72
2026-07-08 17:30:00,3.99
2026-07-08 17:45:00,3.96
2026-07-08 18:00:00,3.93
2026-07-08 18:15:00,4
2026-07-08 18:30:00,3.97
2026-07-08 18:45:00,3.98
2026-07-08 19:00:00,4.23
2026-07-08 19:15:00,3.6
2026-07-08 19:30:00,1.29
2026-07-08 19:45:00,0.23
2026-07-08 20:00:00,0.02
2026-07-08 20:15:00,0
2026-07-08 20:30:00,0
2026-07-08 20:45:00,0
2026-07-08 21:00:00,0
2026-07-08 21:15:00,0
2026-07-08 21:30:00,0.01
2026-07-08 21:45:00,0.01
2026-07-08 22:00:00,0.01
2026-07-08 22:15:00,0.01
2026-07-08 22:30:00,0
2026-07-08 22:45:00,0.01
2026-07-08 23:00:00,0.01
2026-07-08 23:15:00,0.01
2026-07-08 23:30:00,0.01
2026-07-08 23:45:00,0.01
2026-07-09 00:00:00,0
2026-07-09 00:15:00,0
2026-07-09 00:30:00,0
2026-07-09 00:45:00,0.01
2026-07-09 01:00:00,0
2026-07-09 01:15:00,0
2026-07-09 01:30:00,0
2026-07-09 01:45:00,0.01
2026-07-09 02:00:00,0
2026-07-09 02:15:00,0
2026-07-09 02:30:00,0
2026-07-09 02:45:00,0.01
2026-07-09 03:00:00,0
2026-07-09 03:15:00,0
2026-07-09 03:30:00,0
2026-07-09 03:45:00,0
2026-07-09 04:00:00,0
2026-07-09 04:15:00,0
2026-07-09 04:30:00,0
2026-07-09 04:45:00,0.01
2026-07-09 05:00:00,0
2026-07-09 05:15:00,0
2026-07-09 05:30:00,0.01
2026-07-09 05:45:00,0
2026-07-09 06:00:00,0.1
2026-07-09 06:15:00,0.54
2026-07-09 06:30:00,2.74
2026-07-09 06:45:00,7.95
2026-07-09 07:00:00,8.54
2026-07-09 07:15:00,10.86
2026-07-09 07:30:00,21.09
2026-07-09 07:45:00,36.89
2026-07-09 08:00:00,38.08
2026-07-09 08:15:00,82.55
2026-07-09 08:30:00,75.41
2026-07-09 08:45:00,71.78
2026-07-09 09:00:00,66.3
2026-07-09 09:15:00,120.72
2026-07-09 09:30:00,67.51
2026-07-09 09:45:00,74.15
2026-07-09 10:00:00,97.9
2026-07-09 10:15:00,63.01
2026-07-09 10:30:00,36.51
2026-07-09 10:45:00,76.93
2026-07-09 11:00:00,32.68
2026-07-09 11:15:00,12.95
2026-07-09 11:30:00,3.94
2026-07-09 11:45:00,3.95
2026-07-09 12:00:00,3.95
2026-07-09 12:15:00,3.99
2026-07-09 12:30:00,3.98
2026-07-09 12:45:00,4
2026-07-09 13:00:00,3.97
2026-07-09 13:15:00,3.95
2026-07-09 13:30:00,3.91
2026-07-09 13:45:00,9.77
2026-07-09 14:00:00,86.42
2026-07-09 14:15:00,47.85
2026-07-09 14:30:00,32.75
2026-07-09 14:45:00,5.15
2026-07-09 15:00:00,3.87
2026-07-09 15:15:00,3.93
2026-07-09 15:30:00,3.91
2026-07-09 15:45:00,3.88
2026-07-09 16:00:00,3.87
2026-07-09 16:15:00,3.91
2026-07-09 16:30:00,3.9
2026-07-09 16:45:00,3.95
2026-07-09 17:00:00,3.93
2026-07-09 17:15:00,3.9
2026-07-09 17:30:00,31.93
2026-07-09 17:45:00,21.72
2026-07-09 18:00:00,17.47
2026-07-09 18:15:00,3.88
2026-07-09 18:30:00,4.26
2026-07-09 18:45:00,4.12
2026-07-09 19:00:00,4.34
2026-07-09 19:15:00,3.85
2026-07-09 19:30:00,0.92
2026-07-09 19:45:00,0.1
2026-07-09 20:00:00,0.01
2026-07-09 20:15:00,0
2026-07-09 20:30:00,0
2026-07-09 20:45:00,0
2026-07-09 21:00:00,0
2026-07-09 21:15:00,0
2026-07-09 21:30:00,0
2026-07-09 21:45:00,0
2026-07-09 22:00:00,0
2026-07-09 22:15:00,0
2026-07-09 22:30:00,0
2026-07-09 22:45:00,0
2026-07-09 23:00:00,0
2026-07-09 23:15:00,0
2026-07-09 23:30:00,0
2026-07-09 23:45:00,0.01
2026-07-10 00:00:00,0.01
2026-07-10 00:15:00,0.01
2026-07-10 00:30:00,0.01
2026-07-10 00:45:00,0.01
2026-07-10 01:00:00,0.01
2026-07-10 01:15:00,0
2026-07-10 01:30:00,0
2026-07-10 01:45:00,0
2026-07-10 02:00:00,0
2026-07-10 02:15:00,0
2026-07-10 02:30:00,0.01
2026-07-10 02:45:00,0
2026-07-10 03:00:00,0.01
2026-07-10 03:15:00,0
2026-07-10 03:30:00,0
2026-07-10 03:45:00,0
2026-07-10 04:00:00,0
2026-07-10 04:15:00,0
2026-07-10 04:30:00,0
2026-07-10 04:45:00,0
2026-07-10 05:00:00,0
2026-07-10 05:15:00,0
2026-07-10 05:30:00,0.01
2026-07-10 05:45:00,0
2026-07-10 06:00:00,0.04
2026-07-10 06:15:00,0.95
2026-07-10 06:30:00,3.31
2026-07-10 06:45:00,6.79
2026-07-10 07:00:00,12.16
2026-07-10 07:15:00,22.12
2026-07-10 07:30:00,20.73
2026-07-10 07:45:00,64.91
2026-07-10 08:00:00,31.76
2026-07-10 08:15:00,45.9
2026-07-10 08:30:00,72.57
2026-07-10 08:45:00,50.89
2026-07-10 09:00:00,43.76
2026-07-10 09:15:00,156.6
2026-07-10 09:30:00,49.79
2026-07-10 09:45:00,122.36
2026-07-10 10:00:00,120.1
2026-07-10 10:15:00,120.97
2026-07-10 10:30:00,94.37
2026-07-10 10:45:00,170.7
2026-07-10 11:00:00,179.82
2026-07-10 11:15:00,138.17
2026-07-10 11:30:00,3.88
2026-07-10 11:45:00,3.9
2026-07-10 12:00:00,3.93
2026-07-10 12:15:00,3.9
2026-07-10 12:30:00,3.9
2026-07-10 12:45:00,9.54
2026-07-10 13:00:00,58.89
2026-07-10 13:15:00,29.52
2026-07-10 13:30:00,87.13
2026-07-10 13:45:00,156.8
2026-07-10 14:00:00,109.22
2026-07-10 14:15:00,3.87
2026-07-10 14:30:00,3.85
2026-07-10 14:45:00,3.94
2026-07-10 15:00:00,3.95
2026-07-10 15:15:00,91.84
2026-07-10 15:30:00,63.25
2026-07-10 15:45:00,3.9
2026-07-10 16:00:00,19.07
2026-07-10 16:15:00,103.9
2026-07-10 16:30:00,57.69
2026-07-10 16:45:00,73.36
2026-07-10 17:00:00,151.44
2026-07-10 17:15:00,27.05
2026-07-10 17:30:00,3.94
2026-07-10 17:45:00,3.92
2026-07-10 18:00:00,3.93
2026-07-10 18:15:00,3.88
2026-07-10 18:30:00,3.97
2026-07-10 18:45:00,3.94
2026-07-10 19:00:00,4.13
2026-07-10 19:15:00,4
2026-07-10 19:30:00,1.51
2026-07-10 19:45:00,0.19
2026-07-10 20:00:00,0.01
2026-07-10 20:15:00,0
2026-07-10 20:30:00,0
2026-07-10 20:45:00,0
2026-07-10 21:00:00,0
2026-07-10 21:15:00,0
2026-07-10 21:30:00,0
2026-07-10 21:45:00,0
2026-07-10 22:00:00,0
2026-07-10 22:15:00,0
2026-07-10 22:30:00,0
2026-07-10 22:45:00,0
2026-07-10 23:00:00,0
2026-07-10 23:15:00,0
2026-07-10 23:30:00,0
2026-07-10 23:45:00,0
2026-07-11 00:00:00,0
2026-07-11 00:15:00,0
2026-07-11 00:30:00,0.01
2026-07-11 00:45:00,0
2026-07-11 01:00:00,0
2026-07-11 01:15:00,0
2026-07-11 01:30:00,0
2026-07-11 01:45:00,0
2026-07-11 02:00:00,0
2026-07-11 02:15:00,0
2026-07-11 02:30:00,0
2026-07-11 02:45:00,0
2026-07-11 03:00:00,0
2026-07-11 03:15:00,0
2026-07-11 03:30:00,0
2026-07-11 03:45:00,0
2026-07-11 04:00:00,0
2026-07-11 04:15:00,0
2026-07-11 04:30:00,0
2026-07-11 04:45:00,0
2026-07-11 05:00:00,0
2026-07-11 05:15:00,0
2026-07-11 05:30:00,0
2026-07-11 05:45:00,0.01
2026-07-11 06:00:00,0.01
2026-07-11 06:15:00,0.98
2026-07-11 06:30:00,5.03
2026-07-11 06:45:00,18.54
2026-07-11 07:00:00,53.74
2026-07-11 07:15:00,30.26
2026-07-11 07:30:00,29.81
2026-07-11 07:45:00,21.22
2026-07-11 08:00:00,70.31
2026-07-11 08:15:00,39.77
2026-07-11 08:30:00,112.15
2026-07-11 08:45:00,152.63
2026-07-11 09:00:00,78.08
2026-07-11 09:15:00,115.52
2026-07-11 09:30:00,73.3
2026-07-11 09:45:00,65.15
2026-07-11 10:00:00,31.35
2026-07-11 10:15:00,79.18
2026-07-11 10:30:00,3.85
2026-07-11 10:45:00,3.93
2026-07-11 11:00:00,3.86
2026-07-11 11:15:00,3.87
2026-07-11 11:30:00,3.87
2026-07-11 11:45:00,3.86
2026-07-11 12:00:00,75.31
2026-07-11 12:15:00,29.4
2026-07-11 12:30:00,3.9
2026-07-11 12:45:00,3.86
2026-07-11 13:00:00,3.96
2026-07-11 13:15:00,3.93
2026-07-11 13:30:00,6.81
2026-07-11 13:45:00,3.89
2026-07-11 14:00:00,3.87
2026-07-11 14:15:00,3.89
2026-07-11 14:30:00,3.89
2026-07-11 14:45:00,3.96
2026-07-11 15:00:00,79.69
2026-07-11 15:15:00,20.79
2026-07-11 15:30:00,3.9
2026-07-11 15:45:00,3.85
2026-07-11 16:00:00,3.85
2026-07-11 16:15:00,3.84
2026-07-11 16:30:00,3.87
2026-07-11 16:45:00,23.56
2026-07-11 17:00:00,61.48
2026-07-11 17:15:00,3.91
2026-07-11 17:30:00,3.88
2026-07-11 17:45:00,3.87
2026-07-11 18:00:00,3.9
2026-07-11 18:15:00,3.92
2026-07-11 18:30:00,3.96
2026-07-11 18:45:00,3.89
2026-07-11 19:00:00,3.95
2026-07-11 19:15:00,3.93
2026-07-11 19:30:00,1.71
2026-07-11 19:45:00,0.17
2026-07-11 20:00:00,0
2026-07-11 20:15:00,0
2026-07-11 20:30:00,0
2026-07-11 20:45:00,0
2026-07-11 21:00:00,0
2026-07-11 21:15:00,0
2026-07-11 21:30:00,0
2026-07-11 21:45:00,0
2026-07-11 22:00:00,0
2026-07-11 22:15:00,0
2026-07-11 22:30:00,0
2026-07-11 22:45:00,0
2026-07-11 23:00:00,0
2026-07-11 23:15:00,0
2026-07-11 23:30:00,0
2026-07-11 23:45:00,0
2026-07-12 00:00:00,0
2026-07-12 00:15:00,0.01
2026-07-12 00:30:00,0
2026-07-12 00:45:00,0
2026-07-12 01:00:00,0
2026-07-12 01:15:00,0.01
2026-07-12 01:30:00,0
2026-07-12 01:45:00,0
2026-07-12 02:00:00,0
2026-07-12 02:15:00,0
2026-07-12 02:30:00,0
2026-07-12 02:45:00,0
2026-07-12 03:00:00,0
2026-07-12 03:15:00,0
2026-07-12 03:30:00,0
2026-07-12 03:45:00,0
2026-07-12 04:00:00,0
2026-07-12 04:15:00,0
2026-07-12 04:30:00,0.01
2026-07-12 04:45:00,0.01
2026-07-12 05:00:00,0
2026-07-12 05:15:00,0
2026-07-12 05:30:00,0
2026-07-12 05:45:00,0.01
2026-07-12 06:00:00,0.03
2026-07-12 06:15:00,1.84
2026-07-12 06:30:00,5.05
2026-07-12 06:45:00,9.78
2026-07-12 07:00:00,11.76
2026-07-12 07:15:00,19.86
2026-07-12 07:30:00,25.31
2026-07-12 07:45:00,62.59
2026-07-12 08:00:00,61.65
2026-07-12 08:15:00,96.9
2026-07-12 08:30:00,112.94
2026-07-12 08:45:00,119.58
2026-07-12 09:00:00,126.39
2026-07-12 09:15:00,126.62
2026-07-12 09:30:00,54.94
2026-07-12 09:45:00,86.7
2026-07-12 10:00:00,16.02
2026-07-12 10:15:00,3.84
2026-07-12 10:30:00,3.97
2026-07-12 10:45:00,3.99
2026-07-12 11:00:00,3.85
2026-07-12 11:15:00,3.85
2026-07-12 11:30:00,3.94
2026-07-12 11:45:00,46.2
2026-07-12 12:00:00,38.44
2026-07-12 12:15:00,116.58
2026-07-12 12:30:00,35.49
2026-07-12 12:45:00,3.9
2026-07-12 13:00:00,3.85
2026-07-12 13:15:00,3.9
2026-07-12 13:30:00,49.08
2026-07-12 13:45:00,35.85
2026-07-12 14:00:00,26.55
2026-07-12 14:15:00,13.68
2026-07-12 14:30:00,5.53
2026-07-12 14:45:00,3.86
2026-07-12 15:00:00,3.95
2026-07-12 15:15:00,3.91
2026-07-12 15:30:00,3.94
2026-07-12 15:45:00,3.91
2026-07-12 16:00:00,3.91
2026-07-12 16:15:00,119.24
2026-07-12 16:30:00,73.83
2026-07-12 16:45:00,38.31
2026-07-12 17:00:00,13.76
2026-07-12 17:15:00,5.3
2026-07-12 17:30:00,3.84
2026-07-12 17:45:00,3.85
2026-07-12 18:00:00,3.88
2026-07-12 18:15:00,3.91
2026-07-12 18:30:00,3.91
2026-07-12 18:45:00,3.89
2026-07-12 19:00:00,3.86
2026-07-12 19:15:00,4.11
2026-07-12 19:30:00,1.98
2026-07-12 19:45:00,0.48
2026-07-12 20:00:00,0
2026-07-12 20:15:00,0
2026-07-12 20:30:00,0
2026-07-12 20:45:00,0
2026-07-12 21:00:00,0
2026-07-12 21:15:00,0
2026-07-12 21:30:00,0
2026-07-12 21:45:00,0
2026-07-12 22:00:00,0
2026-07-12 22:15:00,0
2026-07-12 22:30:00,0
2026-07-12 22:45:00,0
2026-07-12 23:00:00,0
2026-07-12 23:15:00,0
2026-07-12 23:30:00,0
2026-07-12 23:45:00,0
2026-07-13 00:00:00,0
2026-07-13 00:15:00,0
2026-07-13 00:30:00,0
2026-07-13 00:45:00,0
2026-07-13 01:00:00,0
2026-07-13 01:15:00,0
2026-07-13 01:30:00,0
2026-07-13 01:45:00,0
2026-07-13 02:00:00,0
2026-07-13 02:15:00,0
2026-07-13 02:30:00,0
2026-07-13 02:45:00,0
2026-07-13 03:00:00,0
2026-07-13 03:15:00,0
2026-07-13 03:30:00,0
2026-07-13 03:45:00,0
2026-07-13 04:00:00,0
2026-07-13 04:15:00,0
2026-07-13 04:30:00,0
2026-07-13 04:45:00,0
2026-07-13 05:00:00,0
2026-07-13 05:15:00,0
2026-07-13 05:30:00,0
2026-07-13 05:45:00,0
2026-07-13 06:00:00,0.05
2026-07-13 06:15:00,1.99
2026-07-13 06:30:00,5.44
2026-07-13 06:45:00,10.76
2026-07-13 07:00:00,20.48
2026-07-13 07:15:00,31.13
2026-07-13 07:30:00,47.18
2026-07-13 07:45:00,65.22
2026-07-13 08:00:00,76.89
2026-07-13 08:15:00,81.52
2026-07-13 08:30:00,108.77
2026-07-13 08:45:00,130.02
2026-07-13 09:00:00,54.68
2026-07-13 09:15:00,121.92
2026-07-13 09:30:00,114.17
2026-07-13 09:45:00,116.67
2026-07-13 10:00:00,30.55
2026-07-13 10:15:00,120
2026-07-13 10:30:00,124.75
2026-07-13 10:45:00,6.3
2026-07-13 11:00:00,97.12
2026-07-13 11:15:00,41.74
2026-07-13 11:30:00,3.97
2026-07-13 11:45:00,3.97
2026-07-13 12:00:00,3.98
2026-07-13 12:15:00,3.94
2026-07-13 12:30:00,31.56
2026-07-13 12:45:00,30.25
2026-07-13 13:00:00,104.55
2026-07-13 13:15:00,107.57
2026-07-13 13:30:00,74
2026-07-13 13:45:00,25.44
2026-07-13 14:00:00,10.71
2026-07-13 14:15:00,7.72
2026-07-13 14:30:00,3.94
2026-07-13 14:45:00,50.98
2026-07-13 15:00:00,27.32
2026-07-13 15:15:00,12.14
2026-07-13 15:30:00,5.45
2026-07-13 15:45:00,205.64
2026-07-13 16:00:00,196.14
2026-07-13 16:15:00,50.34
2026-07-13 16:30:00,39.98
2026-07-13 16:45:00,11.11
2026-07-13 17:00:00,136.06
2026-07-13 17:15:00,73.92
2026-07-13 17:30:00,90.71
2026-07-13 17:45:00,41.01
2026-07-13 18:00:00,61.92
2026-07-13 18:15:00,43.58
2026-07-13 18:30:00,30.38
2026-07-13 18:45:00,15.61
2026-07-13 19:00:00,10.14
2026-07-13 19:15:00,6.01
2026-07-13 19:30:00,2.42
2026-07-13 19:45:00,0.69
2026-07-13 20:00:00,0.02
2026-07-13 20:15:00,0
2026-07-13 20:30:00,0
2026-07-13 20:45:00,0
2026-07-13 21:00:00,0
2026-07-13 21:15:00,0
2026-07-13 21:30:00,0
2026-07-13 21:45:00,0
2026-07-13 22:00:00,0
2026-07-13 22:15:00,0
2026-07-13 22:30:00,0
2026-07-13 22:45:00,0
2026-07-13 23:00:00,0
2026-07-13 23:15:00,0
2026-07-13 23:30:00,0
2026-07-13 23:45:00,0
2026-07-14 00:00:00,0
2026-07-14 00:15:00,0
2026-07-14 00:30:00,0
2026-07-14 00:45:00,0
2026-07-14 01:00:00,0
2026-07-14 01:15:00,0
2026-07-14 01:30:00,0
2026-07-14 01:45:00,0
2026-07-14 02:00:00,0
2026-07-14 02:15:00,0
2026-07-14 02:30:00,0
2026-07-14 02:45:00,0
2026-07-14 03:00:00,0
2026-07-14 03:15:00,0
2026-07-14 03:30:00,0
2026-07-14 03:45:00,0
2026-07-14 04:00:00,0
2026-07-14 04:15:00,0
2026-07-14 04:30:00,0
2026-07-14 04:45:00,0
2026-07-14 05:00:00,0
2026-07-14 05:15:00,0
2026-07-14 05:30:00,0
2026-07-14 05:45:00,0
2026-07-14 06:00:00,0.03
2026-07-14 06:15:00,0.85
2026-07-14 06:30:00,4.39
2026-07-14 06:45:00,11.5
2026-07-14 07:00:00,18.67
2026-07-14 07:15:00,18.93
2026-07-14 07:30:00,17.82
2026-07-14 07:45:00,27.6
2026-07-14 08:00:00,34.01
2026-07-14 08:15:00,46.15
2026-07-14 08:30:00,66.41
2026-07-14 08:45:00,72.69
2026-07-14 09:00:00,96.71
2026-07-14 09:15:00,92.07
2026-07-14 09:30:00,64.71
2026-07-14 09:45:00,42.87
2026-07-14 10:00:00,22.23
2026-07-14 10:15:00,107.37
2026-07-14 10:30:00,116.38
2026-07-14 10:45:00,107.25
2026-07-14 11:00:00,61.97
2026-07-14 11:15:00,3.97
2026-07-14 11:30:00,3.87
2026-07-14 11:45:00,26.96
2026-07-14 12:00:00,23.98
2026-07-14 12:15:00,15.67
2026-07-14 12:30:00,144.09
2026-07-14 12:45:00,58.11
2026-07-14 13:00:00,28.09
2026-07-14 13:15:00,6.22
2026-07-14 13:30:00,131.44
2026-07-14 13:45:00,83.06
2026-07-14 14:00:00,0
2026-07-14 14:15:00,0
2026-07-14 14:30:00,43.53
2026-07-14 14:45:00,22.24
2026-07-14 15:00:00,11.51
2026-07-14 15:15:00,9.9
2026-07-14 15:30:00,79.65
2026-07-14 15:45:00,71.68
2026-07-14 16:00:00,7.71
2026-07-14 16:15:00,3.95
2026-07-14 16:30:00,3.98
2026-07-14 16:45:00,57.73
2026-07-14 17:00:00,0
2026-07-14 17:15:00,49.21
2026-07-14 17:30:00,41.38
2026-07-14 17:45:00,35.11
2026-07-14 18:00:00,30.22
2026-07-14 18:15:00,25.12
2026-07-14 18:30:00,17.78
2026-07-14 18:45:00,10.1
2026-07-14 19:00:00,6.08
2026-07-14 19:15:00,2.57
2026-07-14 19:30:00,0.59
2026-07-14 19:45:00,0.13
2026-07-14 20:00:00,0
2026-07-14 20:15:00,0
2026-07-14 20:30:00,0
2026-07-14 20:45:00,0
2026-07-14 21:00:00,0
2026-07-14 21:15:00,0
2026-07-14 21:30:00,0
2026-07-14 21:45:00,0
2026-07-14 22:00:00,0
2026-07-14 22:15:00,0
2026-07-14 22:30:00,0
2026-07-14 22:45:00,0
2026-07-14 23:00:00,0
2026-07-14 23:15:00,0
2026-07-14 23:30:00,0
2026-07-14 23:45:00,0
2026-07-15 00:00:00,0
2026-07-15 00:15:00,0
2026-07-15 00:30:00,0
2026-07-15 00:45:00,0
2026-07-15 01:00:00,0
2026-07-15 01:15:00,0
2026-07-15 01:30:00,0
2026-07-15 01:45:00,0
2026-07-15 02:00:00,0
2026-07-15 02:15:00,0
2026-07-15 02:30:00,0
2026-07-15 02:45:00,0
2026-07-15 03:00:00,0
2026-07-15 03:15:00,0
2026-07-15 03:30:00,0
2026-07-15 03:45:00,0
2026-07-15 04:00:00,0
2026-07-15 04:15:00,0
2026-07-15 04:30:00,0
2026-07-15 04:45:00,0
2026-07-15 05:00:00,0
2026-07-15 05:15:00,0.01
2026-07-15 05:30:00,0.01
2026-07-15 05:45:00,0.01
2026-07-15 06:00:00,0.01
2026-07-15 06:15:00,0.08
2026-07-15 06:30:00,1.18
2026-07-15 06:45:00,1.62
2026-07-15 07:00:00,3.8
2026-07-15 07:15:00,6.07
2026-07-15 07:30:00,9.44
2026-07-15 07:45:00,14.32
2026-07-15 08:00:00,22.56
2026-07-15 08:15:00,27.35
2026-07-15 08:30:00,31.83
2026-07-15 08:45:00,38.5
2026-07-15 09:00:00,35.31
2026-07-15 09:15:00,31.3
2026-07-15 09:30:00,33.21
2026-07-15 09:45:00,36.6
2026-07-15 10:00:00,46.56
2026-07-15 10:15:00,51.3
2026-07-15 10:30:00,65.36
2026-07-15 10:45:00,73.96
2026-07-15 11:00:00,71.7
2026-07-15 11:15:00,72.46
2026-07-15 11:30:00,91.39
2026-07-15 11:45:00,84.15
2026-07-15 12:00:00,88.88
2026-07-15 12:15:00,111.24
2026-07-15 12:30:00,125.01
2026-07-15 12:45:00,99.72
2026-07-15 13:00:00,3.9
2026-07-15 13:15:00,49.97
2026-07-15 13:30:00,10.93
2026-07-15 13:45:00,50.29
2026-07-15 14:00:00,55.19
2026-07-15 14:15:00,66.91
2026-07-15 14:30:00,92.21
2026-07-15 14:45:00,86.99
2026-07-15 15:00:00,0.03
2026-07-15 15:15:00,108.92
2026-07-15 15:30:00,42.78
2026-07-15 15:45:00,19.84
2026-07-15 16:00:00,20.27
2026-07-15 16:15:00,24.18
2026-07-15 16:30:00,179.35
2026-07-15 16:45:00,72.7
2026-07-15 17:00:00,16.36
2026-07-15 17:15:00,3.86
2026-07-15 17:30:00,3.9
2026-07-15 17:45:00,3.99
2026-07-15 18:00:00,3.87
2026-07-15 18:15:00,3.92
2026-07-15 18:30:00,3.9
2026-07-15 18:45:00,3.88
2026-07-15 19:00:00,4.12
2026-07-15 19:15:00,2.74
2026-07-15 19:30:00,1.18
2026-07-15 19:45:00,0.08
2026-07-15 20:00:00,0
2026-07-15 20:15:00,0
2026-07-15 20:30:00,0
2026-07-15 20:45:00,0
2026-07-15 21:00:00,0
2026-07-15 21:15:00,0
2026-07-15 21:30:00,0
2026-07-15 21:45:00,0
2026-07-15 22:00:00,0
2026-07-15 22:15:00,0
2026-07-15 22:30:00,0
2026-07-15 22:45:00,0
2026-07-15 23:00:00,0
2026-07-15 23:15:00,0
2026-07-15 23:30:00,0
2026-07-15 23:45:00,0
2026-07-16 00:00:00,0
2026-07-16 00:15:00,0
2026-07-16 00:30:00,0
2026-07-16 00:45:00,0
2026-07-16 01:00:00,0
2026-07-16 01:15:00,0
2026-07-16 01:30:00,0
2026-07-16 01:45:00,0
2026-07-16 02:00:00,0
2026-07-16 02:15:00,0
2026-07-16 02:30:00,0
2026-07-16 02:45:00,0
2026-07-16 03:00:00,0
2026-07-16 03:15:00,0
2026-07-16 03:30:00,0
2026-07-16 03:45:00,0
2026-07-16 04:00:00,0
2026-07-16 04:15:00,0
2026-07-16 04:30:00,0
2026-07-16 04:45:00,0
2026-07-16 05:00:00,0
2026-07-16 05:15:00,0
2026-07-16 05:30:00,0
2026-07-16 05:45:00,0
2026-07-16 06:00:00,0.2
2026-07-16 06:15:00,0.28
2026-07-16 06:30:00,0.47
2026-07-16 06:45:00,1.63
2026-07-16 07:00:00,3.72
2026-07-16 07:15:00,11.46
2026-07-16 07:30:00,14.08
2026-07-16 07:45:00,28.52
2026-07-16 08:00:00,20.62
2026-07-16 08:15:00,33.03
2026-07-16 08:30:00,42.05
2026-07-16 08:45:00,75.41
2026-07-16 09:00:00,56.01
2026-07-16 09:15:00,33.48
2026-07-16 09:30:00,30.95
2026-07-16 09:45:00,84.43
2026-07-16 10:00:00,79.15
2026-07-16 10:15:00,113.94
2026-07-16 10:30:00,93.8
2026-07-16 10:45:00,45.07
2026-07-16 11:00:00,71.88
2026-07-16 11:15:00,99.49
2026-07-16 11:30:00,82.51
2026-07-16 11:45:00,49.43
2026-07-16 12:00:00,17.67
2026-07-16 12:15:00,4.01
2026-07-16 12:30:00,53.41
2026-07-16 12:45:00,42.55
2026-07-16 13:00:00,4.52
2026-07-16 13:15:00,4.02
2026-07-16 13:30:00,3.98
2026-07-16 13:45:00,37.95
2026-07-16 14:00:00,21.31
2026-07-16 14:15:00,3.97
2026-07-16 14:30:00,3.99
2026-07-16 14:45:00,3.97
2026-07-16 15:00:00,3.97
2026-07-16 15:15:00,3.93
2026-07-16 15:30:00,25.87
2026-07-16 15:45:00,25.42
2026-07-16 16:00:00,29.78
2026-07-16 16:15:00,33.12
2026-07-16 16:30:00,34.64
2026-07-16 16:45:00,11.37
2026-07-16 17:00:00,12.74
2026-07-16 17:15:00,3.99
2026-07-16 17:30:00,3.97
2026-07-16 17:45:00,36.88
2026-07-16 18:00:00,0.02
2026-07-16 18:15:00,29.09
2026-07-16 18:30:00,25.16
2026-07-16 18:45:00,19.54
2026-07-16 19:00:00,10.37
2026-07-16 19:15:00,6.98
2026-07-16 19:30:00,1.12
2026-07-16 19:45:00,0.07
2026-07-16 20:00:00,0
2026-07-16 20:15:00,0
2026-07-16 20:30:00,0
2026-07-16 20:45:00,0
2026-07-16 21:00:00,0
2026-07-16 21:15:00,0
2026-07-16 21:30:00,0
2026-07-16 21:45:00,0
2026-07-16 22:00:00,0
2026-07-16 22:15:00,0
2026-07-16 22:30:00,0
2026-07-16 22:45:00,0
2026-07-16 23:00:00,0
2026-07-16 23:15:00,0
2026-07-16 23:30:00,0
2026-07-16 23:45:00,0
2026-07-17 00:00:00,0
2026-07-17 00:15:00,0
2026-07-17 00:30:00,0
2026-07-17 00:45:00,0
2026-07-17 01:00:00,0
2026-07-17 01:15:00,0
2026-07-17 01:30:00,0
2026-07-17 01:45:00,0
2026-07-17 02:00:00,0
2026-07-17 02:15:00,0
2026-07-17 02:30:00,0
2026-07-17 02:45:00,0
2026-07-17 03:00:00,0
2026-07-17 03:15:00,0
2026-07-17 03:30:00,0
2026-07-17 03:45:00,0
2026-07-17 04:00:00,0
2026-07-17 04:15:00,0
2026-07-17 04:30:00,0
2026-07-17 04:45:00,0
2026-07-17 05:00:00,0
2026-07-17 05:15:00,0
2026-07-17 05:30:00,0
2026-07-17 05:45:00,0
2026-07-17 06:00:00,0
2026-07-17 06:15:00,0.17
2026-07-17 06:30:00,2.15
2026-07-17 06:45:00,3.84
2026-07-17 07:00:00,4.54
2026-07-17 07:15:00,8.16
2026-07-17 07:30:00,9.13
2026-07-17 07:45:00,19.29
2026-07-17 08:00:00,32.92
2026-07-17 08:15:00,45.57
2026-07-17 08:30:00,53.36
2026-07-17 08:45:00,64.75
2026-07-17 09:00:00,72.06
2026-07-17 09:15:00,60.9
2026-07-17 09:30:00,125.29
2026-07-17 09:45:00,84.65
2026-07-17 10:00:00,102.24
2026-07-17 10:15:00,56.02
2026-07-17 10:30:00,85.58
2026-07-17 10:45:00,118.52
2026-07-17 11:00:00,71.11
2026-07-17 11:15:00,14.44
2026-07-17 11:30:00,3.91
2026-07-17 11:45:00,3.88
2026-07-17 12:00:00,4.03
2026-07-17 12:15:00,3.87
2026-07-17 12:30:00,3.88
2026-07-17 12:45:00,3.91
2026-07-17 13:00:00,3.96
2026-07-17 13:15:00,3.93
2026-07-17 13:30:00,33.32
2026-07-17 13:45:00,40.28
2026-07-17 14:00:00,43.68
2026-07-17 14:15:00,46.73
2026-07-17 14:30:00,72.55
2026-07-17 14:45:00,106.93
2026-07-17 15:00:00,198.72
2026-07-17 15:15:00,151.53
2026-07-17 15:30:00,149.71
2026-07-17 15:45:00,36.04
2026-07-17 16:00:00,116.21
2026-07-17 16:15:00,141.18
2026-07-17 16:30:00,46.23
2026-07-17 16:45:00,104.73
2026-07-17 17:00:00,84.66
2026-07-17 17:15:00,15.4
2026-07-17 17:30:00,3.99
2026-07-17 17:45:00,12.57
2026-07-17 18:00:00,0.02
2026-07-17 18:15:00,34.19
2026-07-17 18:30:00,3.91
2026-07-17 18:45:00,3.93
2026-07-17 19:00:00,3.99
2026-07-17 19:15:00,4.07
2026-07-17 19:30:00,2.01
2026-07-17 19:45:00,0.07
2026-07-17 20:00:00,0
2026-07-17 20:15:00,0
2026-07-17 20:30:00,0
2026-07-17 20:45:00,0
2026-07-17 21:00:00,0
2026-07-17 21:15:00,0
2026-07-17 21:30:00,0
2026-07-17 21:45:00,0
2026-07-17 22:00:00,0.01
2026-07-17 22:15:00,0.01
2026-07-17 22:30:00,0.01
2026-07-17 22:45:00,0.01
2026-07-17 23:00:00,0.01
2026-07-17 23:15:00,0
2026-07-17 23:30:00,0
2026-07-17 23:45:00,0
2026-07-18 00:00:00,0
2026-07-18 00:15:00,0
2026-07-18 00:30:00,0
2026-07-18 00:45:00,0
2026-07-18 01:00:00,0
2026-07-18 01:15:00,0
2026-07-18 01:30:00,0
2026-07-18 01:45:00,0
2026-07-18 02:00:00,0
2026-07-18 02:15:00,0
2026-07-18 02:30:00,0
2026-07-18 02:45:00,0
2026-07-18 03:00:00,0
2026-07-18 03:15:00,0
2026-07-18 03:30:00,0
2026-07-18 03:45:00,0
2026-07-18 04:00:00,0
2026-07-18 04:15:00,0
2026-07-18 04:30:00,0
2026-07-18 04:45:00,0
2026-07-18 05:00:00,0
2026-07-18 05:15:00,0
2026-07-18 05:30:00,0
2026-07-18 05:45:00,0
2026-07-18 06:00:00,0
2026-07-18 06:15:00,0.18
2026-07-18 06:30:00,0.43
2026-07-18 06:45:00,1.16
2026-07-18 07:00:00,2.74
2026-07-18 07:15:00,5.94
2026-07-18 07:30:00,11.28
2026-07-18 07:45:00,19.18
2026-07-18 08:00:00,17.33
2026-07-18 08:15:00,36.37
2026-07-18 08:30:00,32.64
2026-07-18 08:45:00,64.8
2026-07-18 09:00:00,96.6
2026-07-18 09:15:00,122.69
2026-07-18 09:30:00,84.42
2026-07-18 09:45:00,51.88
2026-07-18 10:00:00,109.29
2026-07-18 10:15:00,102.45
2026-07-18 10:30:00,120.46
2026-07-18 10:45:00,118.77
2026-07-18 11:00:00,110.27
2026-07-18 11:15:00,81.06
2026-07-18 11:30:00,122.27
2026-07-18 11:45:00,12.94
2026-07-18 12:00:00,3.96
2026-07-18 12:15:00,3.97
2026-07-18 12:30:00,4.02
2026-07-18 12:45:00,62.4
2026-07-18 13:00:00,0.02
2026-07-18 13:15:00,0.03
2026-07-18 13:30:00,42.14
2026-07-18 13:45:00,43.05
2026-07-18 14:00:00,62.14
2026-07-18 14:15:00,61.42
2026-07-18 14:30:00,18.03
2026-07-18 14:45:00,4.21
2026-07-18 15:00:00,3.97
2026-07-18 15:15:00,3.96
2026-07-18 15:30:00,3.98
2026-07-18 15:45:00,19.1
2026-07-18 16:00:00,0
2026-07-18 16:15:00,29.13
2026-07-18 16:30:00,38.59
2026-07-18 16:45:00,53.02
2026-07-18 17:00:00,33.35
2026-07-18 17:15:00,29.86
2026-07-18 17:30:00,13.93
2026-07-18 17:45:00,16.89
2026-07-18 18:00:00,16.29
2026-07-18 18:15:00,14.49
2026-07-18 18:30:00,12.22
2026-07-18 18:45:00,9.43
2026-07-18 19:00:00,6.33
2026-07-18 19:15:00,3.62
2026-07-18 19:30:00,0.69
2026-07-18 19:45:00,0.05
2026-07-18 20:00:00,0.01
2026-07-18 20:15:00,0
2026-07-18 20:30:00,0
2026-07-18 20:45:00,0
2026-07-18 21:00:00,0
2026-07-18 21:15:00,0
2026-07-18 21:30:00,0
2026-07-18 21:45:00,0
2026-07-18 22:00:00,0
2026-07-18 22:15:00,0
2026-07-18 22:30:00,0
2026-07-18 22:45:00,0
2026-07-18 23:00:00,0
2026-07-18 23:15:00,0
2026-07-18 23:30:00,0
2026-07-18 23:45:00,0
2026-07-19 00:00:00,0
2026-07-19 00:15:00,0
2026-07-19 00:30:00,0
2026-07-19 00:45:00,0
2026-07-19 01:00:00,0
2026-07-19 01:15:00,0
2026-07-19 01:30:00,0
2026-07-19 01:45:00,0
2026-07-19 02:00:00,0
2026-07-19 02:15:00,0
2026-07-19 02:30:00,0.01
2026-07-19 02:45:00,0
2026-07-19 03:00:00,0
2026-07-19 03:15:00,0
2026-07-19 03:30:00,0.01
2026-07-19 03:45:00,0
2026-07-19 04:00:00,0.01
2026-07-19 04:15:00,0
2026-07-19 04:30:00,0.01
2026-07-19 04:45:00,0
2026-07-19 05:00:00,0
2026-07-19 05:15:00,0.01
2026-07-19 05:30:00,0
2026-07-19 05:45:00,0
2026-07-19 06:00:00,0
2026-07-19 06:15:00,0.2
2026-07-19 06:30:00,1.76
2026-07-19 06:45:00,7.39
2026-07-19 07:00:00,12.65
2026-07-19 07:15:00,8.3
2026-07-19 07:30:00,14.93
2026-07-19 07:45:00,17.96
2026-07-19 08:00:00,25.69
2026-07-19 08:15:00,23.71
2026-07-19 08:30:00,28.98
2026-07-19 08:45:00,45.17
2026-07-19 09:00:00,43.26
2026-07-19 09:15:00,49
2026-07-19 09:30:00,48.9
2026-07-19 09:45:00,0.03
2026-07-19 10:00:00,84.88
2026-07-19 10:15:00,91.5
2026-07-19 10:30:00,108.16
2026-07-19 10:45:00,120.09
2026-07-19 11:00:00,129.26
2026-07-19 11:15:00,122.33
2026-07-19 11:30:00,126.85
2026-07-19 11:45:00,120
2026-07-19 12:00:00,151.84
2026-07-19 12:15:00,120.68
2026-07-19 12:30:00,51.33
2026-07-19 12:45:00,3.87
2026-07-19 13:00:00,3.96
2026-07-19 13:15:00,93.12
2026-07-19 13:30:00,66.66
2026-07-19 13:45:00,55.21
2026-07-19 14:00:00,4.41
2026-07-19 14:15:00,89.32
2026-07-19 14:30:00,58.36
2026-07-19 14:45:00,50.88
2026-07-19 15:00:00,23.88
2026-07-19 15:15:00,8.58
2026-07-19 15:30:00,16.43
2026-07-19 15:45:00,3.81
2026-07-19 16:00:00,4.53
2026-07-19 16:15:00,6.94
2026-07-19 16:30:00,8.11
2026-07-19 16:45:00,5.58
2026-07-19 17:00:00,7.12
2026-07-19 17:15:00,6.07
2026-07-19 17:30:00,5.2
2026-07-19 17:45:00,5.1
2026-07-19 18:00:00,4.79
2026-07-19 18:15:00,5.02
2026-07-19 18:30:00,3.89
2026-07-19 18:45:00,2.77
2026-07-19 19:00:00,1.77
2026-07-19 19:15:00,1.12
2026-07-19 19:30:00,0.18
2026-07-19 19:45:00,0.01
2026-07-19 20:00:00,0
2026-07-19 20:15:00,0
2026-07-19 20:30:00,0
2026-07-19 20:45:00,0
2026-07-19 21:00:00,0
2026-07-19 21:15:00,0
2026-07-19 21:30:00,0
2026-07-19 21:45:00,0
2026-07-19 22:00:00,0
2026-07-19 22:15:00,0
2026-07-19 22:30:00,0
2026-07-19 22:45:00,0
2026-07-19 23:00:00,0
2026-07-19 23:15:00,0
2026-07-19 23:30:00,0
2026-07-19 23:45:00,0
2026-07-20 00:00:00,0
2026-07-20 00:15:00,0
2026-07-20 00:30:00,0
2026-07-20 00:45:00,0
2026-07-20 01:00:00,0
2026-07-20 01:15:00,0
2026-07-20 01:30:00,0
2026-07-20 01:45:00,0
2026-07-20 02:00:00,0
2026-07-20 02:15:00,0
2026-07-20 02:30:00,0
2026-07-20 02:45:00,0
2026-07-20 03:00:00,0
2026-07-20 03:15:00,0
2026-07-20 03:30:00,0
2026-07-20 03:45:00,0
2026-07-20 04:00:00,0
2026-07-20 04:15:00,0
2026-07-20 04:30:00,0
2026-07-20 04:45:00,0
2026-07-20 05:00:00,0
2026-07-20 05:15:00,0
2026-07-20 05:30:00,0
2026-07-20 05:45:00,0
2026-07-20 06:00:00,0
2026-07-20 06:15:00,0.17
2026-07-20 06:30:00,2
2026-07-20 06:45:00,2.66
2026-07-20 07:00:00,5.59
2026-07-20 07:15:00,12.45
2026-07-20 07:30:00,9.63
2026-07-20 07:45:00,13.19
2026-07-20 08:00:00,15.63
2026-07-20 08:15:00,17.12
2026-07-20 08:30:00,41.49
2026-07-20 08:45:00,58.06
2026-07-20 09:00:00,67.49
2026-07-20 09:15:00,66.14
2026-07-20 09:30:00,65.39
2026-07-20 09:45:00,60.08
2026-07-20 10:00:00,57.92
2026-07-20 10:15:00,63.29
2026-07-20 10:30:00,78.81
2026-07-20 10:45:00,73.1
2026-07-20 11:00:00,80.13
2026-07-20 11:15:00,98.7
2026-07-20 11:30:00,62.92
2026-07-20 11:45:00,4.01
2026-07-20 12:00:00,4.01
2026-07-20 12:15:00,3.98
2026-07-20 12:30:00,86.33
2026-07-20 12:45:00,60.12
2026-07-20 13:00:00,32.82
2026-07-20 13:15:00,93.09
2026-07-20 13:30:00,72.36
2026-07-20 13:45:00,15.03
2026-07-20 14:00:00,3.93
2026-07-20 14:15:00,3.9
2026-07-20 14:30:00,3.92
2026-07-20 14:45:00,4
2026-07-20 15:00:00,38.14
2026-07-20 15:15:00,27.05
2026-07-20 15:30:00,10.19
2026-07-20 15:45:00,5.05
2026-07-20 16:00:00,3.91
2026-07-20 16:15:00,56.92
2026-07-20 16:30:00,51.68
2026-07-20 16:45:00,37.93
2026-07-20 17:00:00,35.27
2026-07-20 17:15:00,23.32
2026-07-20 17:30:00,12.84
2026-07-20 17:45:00,4.16
2026-07-20 18:00:00,3.64
2026-07-20 18:15:00,2.71
2026-07-20 18:30:00,1.51
2026-07-20 18:45:00,1.06
2026-07-20 19:00:00,0.84
2026-07-20 19:15:00,0.29
2026-07-20 19:30:00,0.06
2026-07-20 19:45:00,0
2026-07-20 20:00:00,0
2026-07-20 20:15:00,0
2026-07-20 20:30:00,0
2026-07-20 20:45:00,0
2026-07-20 21:00:00,0
2026-07-20 21:15:00,0
2026-07-20 21:30:00,0
2026-07-20 21:45:00,0
2026-07-20 22:00:00,0
2026-07-20 22:15:00,0
2026-07-20 22:30:00,0
2026-07-20 22:45:00,0
2026-07-20 23:00:00,0
2026-07-20 23:15:00,0
2026-07-20 23:30:00,0
2026-07-20 23:45:00,0
2026-07-21 00:00:00,0
2026-07-21 00:15:00,0
2026-07-21 00:30:00,0
2026-07-21 00:45:00,0
2026-07-21 01:00:00,0
2026-07-21 01:15:00,0
2026-07-21 01:30:00,0
2026-07-21 01:45:00,0
2026-07-21 02:00:00,0
2026-07-21 02:15:00,0
2026-07-21 02:30:00,0
2026-07-21 02:45:00,0
2026-07-21 03:00:00,0
2026-07-21 03:15:00,0
2026-07-21 03:30:00,0
2026-07-21 03:45:00,0
2026-07-21 04:00:00,0
2026-07-21 04:15:00,0
2026-07-21 04:30:00,0
2026-07-21 04:45:00,0
2026-07-21 05:00:00,0
2026-07-21 05:15:00,0
2026-07-21 05:30:00,0
2026-07-21 05:45:00,0
2026-07-21 06:00:00,0.01
2026-07-21 06:15:00,0.03
2026-07-21 06:30:00,1.45
2026-07-21 06:45:00,3.96
2026-07-21 07:00:00,4.6
2026-07-21 07:15:00,13.66
2026-07-21 07:30:00,19.69
2026-07-21 07:45:00,32.45
2026-07-21 08:00:00,35.16
2026-07-21 08:15:00,47.4
2026-07-21 08:30:00,57.13
2026-07-21 08:45:00,55.68
2026-07-21 09:00:00,70.2
2026-07-21 09:15:00,89.34
2026-07-21 09:30:00,112.23
2026-07-21 09:45:00,117.94
2026-07-21 10:00:00,128.14
2026-07-21 10:15:00,131.15
2026-07-21 10:30:00,93.52
2026-07-21 10:45:00,61.59
2026-07-21 11:00:00,38.57
2026-07-21 11:15:00,23.52
2026-07-21 11:30:00,4.29
2026-07-21 11:45:00,3.95
2026-07-21 12:00:00,39.99
2026-07-21 12:15:00,81.94
2026-07-21 12:30:00,37.89
2026-07-21 12:45:00,3.91
2026-07-21 13:00:00,3.87
2026-07-21 13:15:00,135.79
2026-07-21 13:30:00,115.73
2026-07-21 13:45:00,161.47
2026-07-21 14:00:00,18.32
2026-07-21 14:15:00,4
2026-07-21 14:30:00,4.03
2026-07-21 14:45:00,3.99
2026-07-21 15:00:00,30.71
2026-07-21 15:15:00,77.78
2026-07-21 15:30:00,57.22
2026-07-21 15:45:00,75.38
2026-07-21 16:00:00,31.64
2026-07-21 16:15:00,3.98
2026-07-21 16:30:00,4.04
2026-07-21 16:45:00,4.01
2026-07-21 17:00:00,3.96
2026-07-21 17:15:00,4.67
2026-07-21 17:30:00,4.7
2026-07-21 17:45:00,3.95
2026-07-21 18:00:00,4.68
2026-07-21 18:15:00,4.02
2026-07-21 18:30:00,3.97
2026-07-21 18:45:00,4.3
2026-07-21 19:00:00,3.95
2026-07-21 19:15:00,4.13
2026-07-21 19:30:00,0.61
2026-07-21 19:45:00,0.02
2026-07-21 20:00:00,0
2026-07-21 20:15:00,0
2026-07-21 20:30:00,0
2026-07-21 20:45:00,0
2026-07-21 21:00:00,0
2026-07-21 21:15:00,0
2026-07-21 21:30:00,0
2026-07-21 21:45:00,0
2026-07-21 22:00:00,0
2026-07-21 22:15:00,0
2026-07-21 22:30:00,0
2026-07-21 22:45:00,0.01
2026-07-21 23:00:00,0
2026-07-21 23:15:00,0
2026-07-21 23:30:00,0
2026-07-21 23:45:00,0
2026-07-22 00:00:00,0.01
2026-07-22 00:15:00,0
2026-07-22 00:30:00,0
2026-07-22 00:45:00,0.01
2026-07-22 01:00:00,0
2026-07-22 01:15:00,0.01
2026-07-22 01:30:00,0
2026-07-22 01:45:00,0
2026-07-22 02:00:00,0
2026-07-22 02:15:00,0
2026-07-22 02:30:00,0
2026-07-22 02:45:00,0
2026-07-22 03:00:00,0
2026-07-22 03:15:00,0
2026-07-22 03:30:00,0
2026-07-22 03:45:00,0
2026-07-22 04:00:00,0
2026-07-22 04:15:00,0
2026-07-22 04:30:00,0
2026-07-22 04:45:00,0
2026-07-22 05:00:00,0
2026-07-22 05:15:00,0
2026-07-22 05:30:00,0
2026-07-22 05:45:00,0
2026-07-22 06:00:00,0
2026-07-22 06:15:00,0.58
2026-07-22 06:30:00,1.8
2026-07-22 06:45:00,3.44
2026-07-22 07:00:00,7.84
2026-07-22 07:15:00,12.17
2026-07-22 07:30:00,16.07
2026-07-22 07:45:00,35.25
2026-07-22 08:00:00,77.35
2026-07-22 08:15:00,83.17
2026-07-22 08:30:00,66.77
2026-07-22 08:45:00,77.18
2026-07-22 09:00:00,131.27
2026-07-22 09:15:00,72.69
2026-07-22 09:30:00,180.07
2026-07-22 09:45:00,89.97
2026-07-22 10:00:00,100.06
2026-07-22 10:15:00,85.41
2026-07-22 10:30:00,105.49
2026-07-22 10:45:00,160.94
2026-07-22 11:00:00,135.86
2026-07-22 11:15:00,27.91
2026-07-22 11:30:00,3.9
2026-07-22 11:45:00,3.94
2026-07-22 12:00:00,3.95
2026-07-22 12:15:00,3.92
2026-07-22 12:30:00,3.93
2026-07-22 12:45:00,3.94
2026-07-22 13:00:00,3.94
2026-07-22 13:15:00,7.09
2026-07-22 13:30:00,6.89
2026-07-22 13:45:00,5.43
2026-07-22 14:00:00,3.95
2026-07-22 14:15:00,3.96
2026-07-22 14:30:00,3.96
2026-07-22 14:45:00,3.98
2026-07-22 15:00:00,4.37
2026-07-22 15:15:00,3.94
2026-07-22 15:30:00,3.96
2026-07-22 15:45:00,37.77
2026-07-22 16:00:00,37.78
2026-07-22 16:15:00,13.07
2026-07-22 16:30:00,92.67
2026-07-22 16:45:00,0
2026-07-22 17:00:00,27.14
2026-07-22 17:15:00,84.66
2026-07-22 17:30:00,73.37
2026-07-22 17:45:00,56.6
2026-07-22 18:00:00,46.34
2026-07-22 18:15:00,43.09
2026-07-22 18:30:00,40.03
2026-07-22 18:45:00,0
2026-07-22 19:00:00,0.02
2026-07-22 19:15:00,0.02
2026-07-22 19:30:00,0
2026-07-22 19:45:00,0
2026-07-22 20:00:00,0
2026-07-22 20:15:00,0
2026-07-22 20:30:00,0
2026-07-22 20:45:00,0
2026-07-22 21:00:00,0
2026-07-22 21:15:00,0
2026-07-22 21:30:00,0
2026-07-22 21:45:00,0
2026-07-22 22:00:00,0
2026-07-22 22:15:00,0.01
2026-07-22 22:30:00,0
2026-07-22 22:45:00,0.01
2026-07-22 23:00:00,0
2026-07-22 23:15:00,0
2026-07-22 23:30:00,0
2026-07-22 23:45:00,0
2026-07-23 00:00:00,0
2026-07-23 00:15:00,0
2026-07-23 00:30:00,0
2026-07-23 00:45:00,0
2026-07-23 01:00:00,0
2026-07-23 01:15:00,0
2026-07-23 01:30:00,0
2026-07-23 01:45:00,0
2026-07-23 02:00:00,0
2026-07-23 02:15:00,0
2026-07-23 02:30:00,0
2026-07-23 02:45:00,0
2026-07-23 03:00:00,0
2026-07-23 03:15:00,0
2026-07-23 03:30:00,0
2026-07-23 03:45:00,0
2026-07-23 04:00:00,0
2026-07-23 04:15:00,0
2026-07-23 04:30:00,0
2026-07-23 04:45:00,0
2026-07-23 05:00:00,0
2026-07-23 05:15:00,0
2026-07-23 05:30:00,0
2026-07-23 05:45:00,0
2026-07-23 06:00:00,0
2026-07-23 06:15:00,0.12
2026-07-23 06:30:00,1.93
2026-07-23 06:45:00,2.58
2026-07-23 07:00:00,2.87
2026-07-23 07:15:00,9.16
2026-07-23 07:30:00,22.47
2026-07-23 07:45:00,47.17
2026-07-23 08:00:00,58
2026-07-23 08:15:00,79.02
2026-07-23 08:30:00,133.8
2026-07-23 08:45:00,128.63
2026-07-23 09:00:00,125.37
2026-07-23 09:15:00,88.6
2026-07-23 09:30:00,147.24
2026-07-23 09:45:00,134.7
2026-07-23 10:00:00,81.46
2026-07-23 10:15:00,51.75
2026-07-23 10:30:00,88.51
2026-07-23 10:45:00,96.43
2026-07-23 11:00:00,36.76
2026-07-23 11:15:00,0
2026-07-23 11:30:00,0.01
2026-07-23 11:45:00,0.02
2026-07-23 12:00:00,0
2026-07-23 12:15:00,0
2026-07-23 12:30:00,0
2026-07-23 12:45:00,0.02
2026-07-23 13:00:00,47.6
2026-07-23 13:15:00,142.47
2026-07-23 13:30:00,36.98
2026-07-23 13:45:00,0.01
2026-07-23 14:00:00,0
2026-07-23 14:15:00,0
2026-07-23 14:30:00,0.01
2026-07-23 14:45:00,0
2026-07-23 15:00:00,0
2026-07-23 15:15:00,0
2026-07-23 15:30:00,51.13
2026-07-23 15:45:00,72.33
2026-07-23 16:00:00,0.04
2026-07-23 16:15:00,0
2026-07-23 16:30:00,0
2026-07-23 16:45:00,0.05
2026-07-23 17:00:00,0.05
2026-07-23 17:15:00,0.02
2026-07-23 17:30:00,0
2026-07-23 17:45:00,0
2026-07-23 18:00:00,0.01
2026-07-23 18:15:00,0
2026-07-23 18:30:00,0
2026-07-23 18:45:00,0.03
2026-07-23 19:00:00,0.03
2026-07-23 19:15:00,4.86
2026-07-23 19:30:00,0.8
2026-07-23 19:45:00,0.05
2026-07-23 20:00:00,0
2026-07-23 20:15:00,0
2026-07-23 20:30:00,0
2026-07-23 20:45:00,0
2026-07-23 21:00:00,0
2026-07-23 21:15:00,0
2026-07-23 21:30:00,0
2026-07-23 21:45:00,0
2026-07-23 22:00:00,0
2026-07-23 22:15:00,0
2026-07-23 22:30:00,0
2026-07-23 22:45:00,0
2026-07-23 23:00:00,0
2026-07-23 23:15:00,0
2026-07-23 23:30:00,0
2026-07-23 23:45:00,0
2026-07-24 00:00:00,0
2026-07-24 00:15:00,0
2026-07-24 00:30:00,0
2026-07-24 00:45:00,0
2026-07-24 01:00:00,0
2026-07-24 01:15:00,0
2026-07-24 01:30:00,0
2026-07-24 01:45:00,0
2026-07-24 02:00:00,0
2026-07-24 02:15:00,0
2026-07-24 02:30:00,0
2026-07-24 02:45:00,0
2026-07-24 03:00:00,0
2026-07-24 03:15:00,0
2026-07-24 03:30:00,0
2026-07-24 03:45:00,0
2026-07-24 04:00:00,0
2026-07-24 04:15:00,0
2026-07-24 04:30:00,0
2026-07-24 04:45:00,0
2026-07-24 05:00:00,0
2026-07-24 05:15:00,0
2026-07-24 05:30:00,0
2026-07-24 05:45:00,0
2026-07-24 06:00:00,0.05
2026-07-24 06:15:00,1.4
2026-07-24 06:30:00,3.43
2026-07-24 06:45:00,11.93
2026-07-24 07:00:00,30.42
2026-07-24 07:15:00,32.5
2026-07-24 07:30:00,26.78
2026-07-24 07:45:00,31.69
2026-07-24 08:00:00,37.85
2026-07-24 08:15:00,123.95
2026-07-24 08:30:00,132.63
2026-07-24 08:45:00,84.75
2026-07-24 09:00:00,157.16
2026-07-24 09:15:00,86.82
2026-07-24 09:30:00,67.65
2026-07-24 09:45:00,30.28
2026-07-24 10:00:00,99.78
2026-07-24 10:15:00,18.06
2026-07-24 10:30:00,14.73
2026-07-24 10:45:00,133.99
2026-07-24 11:00:00,133.06
2026-07-24 11:15:00,24.22
2026-07-24 11:30:00,3.91
2026-07-24 11:45:00,3.91
2026-07-24 12:00:00,3.91
2026-07-24 12:15:00,3.9
2026-07-24 12:30:00,3.89
2026-07-24 12:45:00,3.88
2026-07-24 13:00:00,93.58
2026-07-24 13:15:00,73.3
2026-07-24 13:30:00,126.13
2026-07-24 13:45:00,14.01
2026-07-24 14:00:00,26.03
2026-07-24 14:15:00,88.94
2026-07-24 14:30:00,88.85
2026-07-24 14:45:00,73.34
2026-07-24 15:00:00,34.32
2026-07-24 15:15:00,3.99
2026-07-24 15:30:00,3.93
2026-07-24 15:45:00,3.97
2026-07-24 16:00:00,3.9
2026-07-24 16:15:00,4.02
2026-07-24 16:30:00,3.9
2026-07-24 16:45:00,3.95
2026-07-24 17:00:00,52.76
2026-07-24 17:15:00,31.29
2026-07-24 17:30:00,39.28
2026-07-24 17:45:00,15.23
2026-07-24 18:00:00,3.95
2026-07-24 18:15:00,3.94
2026-07-24 18:30:00,3.96
2026-07-24 18:45:00,3.91
2026-07-24 19:00:00,4.31
2026-07-24 19:15:00,2.79
2026-07-24 19:30:00,0.64
2026-07-24 19:45:00,0.07
2026-07-24 20:00:00,0
2026-07-24 20:15:00,0
2026-07-24 20:30:00,0
2026-07-24 20:45:00,0
2026-07-24 21:00:00,0
2026-07-24 21:15:00,0
2026-07-24 21:30:00,0
2026-07-24 21:45:00,0.01
2026-07-24 22:00:00,0
2026-07-24 22:15:00,0
2026-07-24 22:30:00,0
2026-07-24 22:45:00,0
2026-07-24 23:00:00,0.01
2026-07-24 23:15:00,0
2026-07-24 23:30:00,0
2026-07-24 23:45:00,0
2026-07-25 00:00:00,0
2026-07-25 00:15:00,0
2026-07-25 00:30:00,0
2026-07-25 00:45:00,0
2026-07-25 01:00:00,0
2026-07-25 01:15:00,0
2026-07-25 01:30:00,0
2026-07-25 01:45:00,0
2026-07-25 02:00:00,0
2026-07-25 02:15:00,0
2026-07-25 02:30:00,0
2026-07-25 02:45:00,0
2026-07-25 03:00:00,0
2026-07-25 03:15:00,0
2026-07-25 03:30:00,0
2026-07-25 03:45:00,0.01
2026-07-25 04:00:00,0
2026-07-25 04:15:00,0
2026-07-25 04:30:00,0
2026-07-25 04:45:00,0
2026-07-25 05:00:00,0
2026-07-25 05:15:00,0
2026-07-25 05:30:00,0
2026-07-25 05:45:00,0
2026-07-25 06:00:00,0
2026-07-25 06:15:00,1
2026-07-25 06:30:00,4.42
2026-07-25 06:45:00,10.06
2026-07-25 07:00:00,18.13
2026-07-25 07:15:00,28.79
2026-07-25 07:30:00,41.16
2026-07-25 07:45:00,65.37
2026-07-25 08:00:00,50.25
2026-07-25 08:15:00,53.19
2026-07-25 08:30:00,106
2026-07-25 08:45:00,122.03
2026-07-25 09:00:00,139.14
2026-07-25 09:15:00,152.36
2026-07-25 09:30:00,169.97
2026-07-25 09:45:00,184.07
2026-07-25 10:00:00,28.84
2026-07-25 10:15:00,149.5
2026-07-25 10:30:00,200.59
2026-07-25 10:45:00,214.48
2026-07-25 11:00:00,55.76
2026-07-25 11:15:00,67.03
2026-07-25 11:30:00,2.66
2026-07-25 11:45:00,2.62
2026-07-25 12:00:00,2.65
2026-07-25 12:15:00,2.65
2026-07-25 12:30:00,108.83
2026-07-25 12:45:00,42.35
2026-07-25 13:00:00,4
2026-07-25 13:15:00,3.94
2026-07-25 13:30:00,124.98
2026-07-25 13:45:00,78.16
2026-07-25 14:00:00,3.99
2026-07-25 14:15:00,27.11
2026-07-25 14:30:00,16.4
2026-07-25 14:45:00,73.02
2026-07-25 15:00:00,34.72
2026-07-25 15:15:00,0
2026-07-25 15:30:00,0
2026-07-25 15:45:00,0
2026-07-25 16:00:00,88.3
2026-07-25 16:15:00,63.4
2026-07-25 16:30:00,7.49
2026-07-25 16:45:00,3.9
2026-07-25 17:00:00,3.95
2026-07-25 17:15:00,8.93
2026-07-25 17:30:00,24.05
2026-07-25 17:45:00,3.9
2026-07-25 18:00:00,60.17
2026-07-25 18:15:00,50.17
2026-07-25 18:30:00,32.9
2026-07-25 18:45:00,22.86
2026-07-25 19:00:00,14.59
2026-07-25 19:15:00,3.31
2026-07-25 19:30:00,0.82
2026-07-25 19:45:00,0.09
2026-07-25 20:00:00,0
2026-07-25 20:15:00,0
2026-07-25 20:30:00,0
2026-07-25 20:45:00,0
2026-07-25 21:00:00,0
2026-07-25 21:15:00,0
2026-07-25 21:30:00,0
2026-07-25 21:45:00,0
2026-07-25 22:00:00,0
2026-07-25 22:15:00,0
2026-07-25 22:30:00,0
2026-07-25 22:45:00,0
2026-07-25 23:00:00,0
2026-07-25 23:15:00,0
2026-07-25 23:30:00,0
2026-07-25 23:45:00,0
2026-07-26 00:00:00,0.01
2026-07-26 00:15:00,0
2026-07-26 00:30:00,0
2026-07-26 00:45:00,0
2026-07-26 01:00:00,0
2026-07-26 01:15:00,0.01
2026-07-26 01:30:00,0
2026-07-26 01:45:00,0
2026-07-26 02:00:00,0
2026-07-26 02:15:00,0
2026-07-26 02:30:00,0
2026-07-26 02:45:00,0
2026-07-26 03:00:00,0
2026-07-26 03:15:00,0
2026-07-26 03:30:00,0
2026-07-26 03:45:00,0
2026-07-26 04:00:00,0
2026-07-26 04:15:00,0
2026-07-26 04:30:00,0
2026-07-26 04:45:00,0
2026-07-26 05:00:00,0
2026-07-26 05:15:00,0
2026-07-26 05:30:00,0
2026-07-26 05:45:00,0
2026-07-26 06:00:00,0.01
2026-07-26 06:15:00,0.67
2026-07-26 06:30:00,3.08
2026-07-26 06:45:00,10.14
2026-07-26 07:00:00,15.49
2026-07-26 07:15:00,31.22
2026-07-26 07:30:00,0.02
2026-07-26 07:45:00,58.69
2026-07-26 08:00:00,74.24
2026-07-26 08:15:00,91.16
2026-07-26 08:30:00,105.21
2026-07-26 08:45:00,121.97
2026-07-26 09:00:00,122.98
2026-07-26 09:15:00,116.72
2026-07-26 09:30:00,118.96
2026-07-26 09:45:00,176.11
2026-07-26 10:00:00,186.67
2026-07-26 10:15:00,49.7
2026-07-26 10:30:00,105.9
2026-07-26 10:45:00,73.37
2026-07-26 11:00:00,33.11
2026-07-26 11:15:00,6.24
2026-07-26 11:30:00,68.91
2026-07-26 11:45:00,62.12
2026-07-26 12:00:00,34.99
2026-07-26 12:15:00,18
2026-07-26 12:30:00,3.97
2026-07-26 12:45:00,79.63
2026-07-26 13:00:00,58.29
2026-07-26 13:15:00,167.92
2026-07-26 13:30:00,149.41
2026-07-26 13:45:00,259.75
2026-07-26 14:00:00,30.84
2026-07-26 14:15:00,200.91
2026-07-26 14:30:00,42.73
2026-07-26 14:45:00,3.99
2026-07-26 15:00:00,4.02
2026-07-26 15:15:00,33.32
2026-07-26 15:30:00,96.52
2026-07-26 15:45:00,8.61
2026-07-26 16:00:00,36.88
2026-07-26 16:15:00,173
2026-07-26 16:30:00,160.86
2026-07-26 16:45:00,137.94
2026-07-26 17:00:00,81.24
2026-07-26 17:15:00,50.74
2026-07-26 17:30:00,61.88
2026-07-26 17:45:00,58.89
2026-07-26 18:00:00,60.65
2026-07-26 18:15:00,43.49
2026-07-26 18:30:00,25.84
2026-07-26 18:45:00,14.49
2026-07-26 19:00:00,8.63
2026-07-26 19:15:00,4.36
2026-07-26 19:30:00,0.95
2026-07-26 19:45:00,0.04
2026-07-26 20:00:00,0
2026-07-26 20:15:00,0
2026-07-26 20:30:00,0
2026-07-26 20:45:00,0
2026-07-26 21:00:00,0
2026-07-26 21:15:00,0
2026-07-26 21:30:00,0
2026-07-26 21:45:00,0
2026-07-26 22:00:00,0
2026-07-26 22:15:00,0
2026-07-26 22:30:00,0
2026-07-26 22:45:00,0
2026-07-26 23:00:00,0
2026-07-26 23:15:00,0
2026-07-26 23:30:00,0
2026-07-26 23:45:00,0
2026-07-27 00:00:00,0
2026-07-27 00:15:00,0
2026-07-27 00:30:00,0
2026-07-27 00:45:00,0
2026-07-27 01:00:00,0
2026-07-27 01:15:00,0
2026-07-27 01:30:00,0.01
2026-07-27 01:45:00,0
2026-07-27 02:00:00,0
2026-07-27 02:15:00,0
2026-07-27 02:30:00,0.01
2026-07-27 02:45:00,0
2026-07-27 03:00:00,0
2026-07-27 03:15:00,0
2026-07-27 03:30:00,0
2026-07-27 03:45:00,0
2026-07-27 04:00:00,0
2026-07-27 04:15:00,0
2026-07-27 04:30:00,0
2026-07-27 04:45:00,0
2026-07-27 05:00:00,0
2026-07-27 05:15:00,0
2026-07-27 05:30:00,0
2026-07-27 05:45:00,0
2026-07-27 06:00:00,0
2026-07-27 06:15:00,0.37
2026-07-27 06:30:00,2.43
2026-07-27 06:45:00,7.44
2026-07-27 07:00:00,16.75
2026-07-27 07:15:00,29.58
2026-07-27 07:30:00,39.91
2026-07-27 07:45:00,49.48
2026-07-27 08:00:00,64.94
2026-07-27 08:15:00,73
2026-07-27 08:30:00,97.16
2026-07-27 08:45:00,116.53
2026-07-27 09:00:00,116.21
2026-07-27 09:15:00,147.37
2026-07-27 09:30:00,167.19
2026-07-27 09:45:00,122.66
2026-07-27 10:00:00,18.8
2026-07-27 10:15:00,80.34
2026-07-27 10:30:00,16.46
2026-07-27 10:45:00,116.44
2026-07-27 11:00:00,123.39
2026-07-27 11:15:00,38.91
2026-07-27 11:30:00,3.91
2026-07-27 11:45:00,71.97
2026-07-27 12:00:00,62.57
2026-07-27 12:15:00,66.85
2026-07-27 12:30:00,37.45
2026-07-27 12:45:00,63.72
2026-07-27 13:00:00,34.78
2026-07-27 13:15:00,12.92
2026-07-27 13:30:00,192.38
2026-07-27 13:45:00,19.31
2026-07-27 14:00:00,3.98
2026-07-27 14:15:00,3.95
2026-07-27 14:30:00,30.31
2026-07-27 14:45:00,67.52
2026-07-27 15:00:00,31.17
2026-07-27 15:15:00,91.48
2026-07-27 15:30:00,164.35
2026-07-27 15:45:00,33.78
2026-07-27 16:00:00,99.89
2026-07-27 16:15:00,99.45
2026-07-27 16:30:00,58.08
2026-07-27 16:45:00,41.28
2026-07-27 17:00:00,52.86
2026-07-27 17:15:00,38.56
2026-07-27 17:30:00,25.58
2026-07-27 17:45:00,15.83
2026-07-27 18:00:00,10.01
2026-07-27 18:15:00,6.72
2026-07-27 18:30:00,5.39
2026-07-27 18:45:00,5.46
2026-07-27 19:00:00,3.84
2026-07-27 19:15:00,1.25
2026-07-27 19:30:00,0.21
2026-07-27 19:45:00,0
2026-07-27 20:00:00,0
2026-07-27 20:15:00,0
2026-07-27 20:30:00,0
2026-07-27 20:45:00,0
2026-07-27 21:00:00,0
2026-07-27 21:15:00,0
2026-07-27 21:30:00,0
2026-07-27 21:45:00,0
2026-07-27 22:00:00,0
2026-07-27 22:15:00,0
2026-07-27 22:30:00,0
2026-07-27 22:45:00,0
2026-07-27 23:00:00,0.01
2026-07-27 23:15:00,0
2026-07-27 23:30:00,0
2026-07-27 23:45:00,0
2026-07-28 00:00:00,0
2026-07-28 00:15:00,0
2026-07-28 00:30:00,0
2026-07-28 00:45:00,0
2026-07-28 01:00:00,0
2026-07-28 01:15:00,0
2026-07-28 01:30:00,0
2026-07-28 01:45:00,0
2026-07-28 02:00:00,0
2026-07-28 02:15:00,0
2026-07-28 02:30:00,0
2026-07-28 02:45:00,0
2026-07-28 03:00:00,0
2026-07-28 03:15:00,0
2026-07-28 03:30:00,0
2026-07-28 03:45:00,0
2026-07-28 04:00:00,0
2026-07-28 04:15:00,0
2026-07-28 04:30:00,0
2026-07-28 04:45:00,0
2026-07-28 05:00:00,0
2026-07-28 05:15:00,0
2026-07-28 05:30:00,0
2026-07-28 05:45:00,0
2026-07-28 06:00:00,0
2026-07-28 06:15:00,0.08
2026-07-28 06:30:00,2.24
2026-07-28 06:45:00,5.33
2026-07-28 07:00:00,10.91
2026-07-28 07:15:00,17.15
2026-07-28 07:30:00,20.26
2026-07-28 07:45:00,28.29
2026-07-28 08:00:00,40.8
2026-07-28 08:15:00,52.8
2026-07-28 08:30:00,38.39
2026-07-28 08:45:00,122.56
2026-07-28 09:00:00,0.01
2026-07-28 09:15:00,98.71
2026-07-28 09:30:00,102.53
2026-07-28 09:45:00,128.48
2026-07-28 10:00:00,123.64
2026-07-28 10:15:00,124.21
2026-07-28 10:30:00,116.19
2026-07-28 10:45:00,126.95
2026-07-28 11:00:00,26.49
2026-07-28 11:15:00,134.69
2026-07-28 11:30:00,92.2
2026-07-28 11:45:00,67.17
2026-07-28 12:00:00,3.87
2026-07-28 12:15:00,3.97
2026-07-28 12:30:00,3.94
2026-07-28 12:45:00,3.94
2026-07-28 13:00:00,3.97
2026-07-28 13:15:00,3.93
2026-07-28 13:30:00,3.96
2026-07-28 13:45:00,3.92
2026-07-28 14:00:00,38.61
2026-07-28 14:15:00,66.89
2026-07-28 14:30:00,139.07
2026-07-28 14:45:00,75.61
2026-07-28 15:00:00,47.12
2026-07-28 15:15:00,33.5
2026-07-28 15:30:00,80.24
2026-07-28 15:45:00,0.3
2026-07-28 16:00:00,45.1
2026-07-28 16:15:00,45.66
2026-07-28 16:30:00,43.15
2026-07-28 16:45:00,10.82
2026-07-28 17:00:00,3.9
2026-07-28 17:15:00,4.01
2026-07-28 17:30:00,3.91
2026-07-28 17:45:00,3.89
2026-07-28 18:00:00,3.92
2026-07-28 18:15:00,3.91
2026-07-28 18:30:00,3.92
2026-07-28 18:45:00,4.04
2026-07-28 19:00:00,4.15
2026-07-28 19:15:00,2.88
2026-07-28 19:30:00,0.44
2026-07-28 19:45:00,0.02
2026-07-28 20:00:00,0
2026-07-28 20:15:00,0
2026-07-28 20:30:00,0
2026-07-28 20:45:00,0
2026-07-28 21:00:00,0
2026-07-28 21:15:00,0
2026-07-28 21:30:00,0
2026-07-28 21:45:00,0
2026-07-28 22:00:00,0
2026-07-28 22:15:00,0
2026-07-28 22:30:00,0
2026-07-28 22:45:00,0
2026-07-28 23:00:00,0
2026-07-28 23:15:00,0
2026-07-28 23:30:00,0
2026-07-28 23:45:00,0
2026-07-29 00:00:00,0
2026-07-29 00:15:00,0
2026-07-29 00:30:00,0
2026-07-29 00:45:00,0
2026-07-29 01:00:00,0
2026-07-29 01:15:00,0
2026-07-29 01:30:00,0
2026-07-29 01:45:00,0
2026-07-29 02:00:00,0
2026-07-29 02:15:00,0
2026-07-29 02:30:00,0
2026-07-29 02:45:00,0
2026-07-29 03:00:00,0
2026-07-29 03:15:00,0
2026-07-29 03:30:00,0
2026-07-29 03:45:00,0
2026-07-29 04:00:00,0
2026-07-29 04:15:00,0
2026-07-29 04:30:00,0
2026-07-29 04:45:00,0
2026-07-29 05:00:00,0
2026-07-29 05:15:00,0
2026-07-29 05:30:00,0
2026-07-29 05:45:00,0
2026-07-29 06:00:00,0
2026-07-29 06:15:00,0.68
2026-07-29 06:30:00,3.81
2026-07-29 06:45:00,10.51
2026-07-29 07:00:00,22.93
2026-07-29 07:15:00,26.79
2026-07-29 07:30:00,36.33
2026-07-29 07:45:00,43.42
2026-07-29 08:00:00,43.83
2026-07-29 08:15:00,39.74
2026-07-29 08:30:00,50.71
2026-07-29 08:45:00,67.27
2026-07-29 09:00:00,11.5
2026-07-29 09:15:00,3.93
2026-07-29 09:30:00,21.43
2026-07-29 09:45:00,7.1
2026-07-29 10:00:00,3.96
2026-07-29 10:15:00,16.11
2026-07-29 10:30:00,26.74
2026-07-29 10:45:00,9.13
2026-07-29 11:00:00,3.89
2026-07-29 11:15:00,3.96
2026-07-29 11:30:00,3.95
2026-07-29 11:45:00,106.71
2026-07-29 12:00:00,71.58
2026-07-29 12:15:00,81.68
2026-07-29 12:30:00,41.9
2026-07-29 12:45:00,25.2
2026-07-29 13:00:00,55.42
2026-07-29 13:15:00,37.75
2026-07-29 13:30:00,35.6
2026-07-29 13:45:00,15.59
2026-07-29 14:00:00,3.88
2026-07-29 14:15:00,3.94
2026-07-29 14:30:00,103.19
2026-07-29 14:45:00,32.4
2026-07-29 15:00:00,32.09
2026-07-29 15:15:00,60.53
2026-07-29 15:30:00,100.48
2026-07-29 15:45:00,56.04
2026-07-29 16:00:00,120.14
2026-07-29 16:15:00,179.68
2026-07-29 16:30:00,56.49
2026-07-29 16:45:00,33.53
2026-07-29 17:00:00,31.8
2026-07-29 17:15:00,50.84
2026-07-29 17:30:00,39.92
2026-07-29 17:45:00,42.36
2026-07-29 18:00:00,29.64
2026-07-29 18:15:00,17.09
2026-07-29 18:30:00,18
2026-07-29 18:45:00,7.76
2026-07-29 19:00:00,4.01
2026-07-29 19:15:00,3.92
2026-07-29 19:30:00,0.82
2026-07-29 19:45:00,0.03
2026-07-29 20:00:00,0.03
2026-07-29 20:15:00,0
2026-07-29 20:30:00,0
2026-07-29 20:45:00,0
2026-07-29 21:00:00,0
2026-07-29 21:15:00,0
2026-07-29 21:30:00,0
2026-07-29 21:45:00,0
2026-07-29 22:00:00,0
2026-07-29 22:15:00,0
2026-07-29 22:30:00,0
2026-07-29 22:45:00,0
2026-07-29 23:00:00,0
2026-07-29 23:15:00,0
2026-07-29 23:30:00,0
2026-07-29 23:45:00,0
2026-07-30 00:00:00,0
2026-07-30 00:15:00,0
2026-07-30 00:30:00,0
2026-07-30 00:45:00,0
2026-07-30 01:00:00,0
2026-07-30 01:15:00,0
2026-07-30 01:30:00,0
2026-07-30 01:45:00,0
2026-07-30 02:00:00,0
2026-07-30 02:15:00,0.01
2026-07-30 02:30:00,0
2026-07-30 02:45:00,0
2026-07-30 03:00:00,0
2026-07-30 03:15:00,0
2026-07-30 03:30:00,0
2026-07-30 03:45:00,0
2026-07-30 04:00:00,0
2026-07-30 04:15:00,0.01
2026-07-30 04:30:00,0.01
2026-07-30 04:45:00,0
2026-07-30 05:00:00,0
2026-07-30 05:15:00,0
2026-07-30 05:30:00,0
2026-07-30 05:45:00,0
2026-07-30 06:00:00,0
2026-07-30 06:15:00,0.67
2026-07-30 06:30:00,2.1
2026-07-30 06:45:00,4.47
2026-07-30 07:00:00,7.22
2026-07-30 07:15:00,7.47
2026-07-30 07:30:00,20.09
2026-07-30 07:45:00,30.8
2026-07-30 08:00:00,37.08
2026-07-30 08:15:00,48.46
2026-07-30 08:30:00,50.68
2026-07-30 08:45:00,50.88
2026-07-30 09:00:00,52.41
2026-07-30 09:15:00,136.29
2026-07-30 09:30:00,93.24
2026-07-30 09:45:00,41.53
2026-07-30 10:00:00,174.81
2026-07-30 10:15:00,126.37
2026-07-30 10:30:00,124.33
2026-07-30 10:45:00,84.84
2026-07-30 11:00:00,96.37
2026-07-30 11:15:00,68.84
2026-07-30 11:30:00,3.97
2026-07-30 11:45:00,3.96
2026-07-30 12:00:00,3.96
2026-07-30 12:15:00,4.04
2026-07-30 12:30:00,4.03
2026-07-30 12:45:00,4.03
2026-07-30 13:00:00,37.33
2026-07-30 13:15:00,20.93
2026-07-30 13:30:00,3.98
2026-07-30 13:45:00,103.86
2026-07-30 14:00:00,66.19
2026-07-30 14:15:00,49.69
2026-07-30 14:30:00,26.96
2026-07-30 14:45:00,33.4
2026-07-30 15:00:00,15.4
2026-07-30 15:15:00,17.42
2026-07-30 15:30:00,17.34
2026-07-30 15:45:00,16.59
2026-07-30 16:00:00,15.98
2026-07-30 16:15:00,14.33
2026-07-30 16:30:00,6.17
2026-07-30 16:45:00,13.54
2026-07-30 17:00:00,13.72
2026-07-30 17:15:00,15.73
2026-07-30 17:30:00,10.66
2026-07-30 17:45:00,17.23
2026-07-30 18:00:00,15.86
2026-07-30 18:15:00,12.53
2026-07-30 18:30:00,8.12
2026-07-30 18:45:00,4.09
2026-07-30 19:00:00,3.1
2026-07-30 19:15:00,1.54
2026-07-30 19:30:00,0.19
2026-07-30 19:45:00,0
2026-07-30 20:00:00,0
2026-07-30 20:15:00,0
2026-07-30 20:30:00,0
2026-07-30 20:45:00,0
2026-07-30 21:00:00,0
2026-07-30 21:15:00,0
2026-07-30 21:30:00,0
2026-07-30 21:45:00,0
2026-07-30 22:00:00,0
2026-07-30 22:15:00,0
2026-07-30 22:30:00,0
2026-07-30 22:45:00,0.01
2026-07-30 23:00:00,0
2026-07-30 23:15:00,0
2026-07-30 23:30:00,0.01
2026-07-30 23:45:00,0.01
2026-07-31 00:00:00,0
2026-07-31 00:15:00,0
2026-07-31 00:30:00,0
2026-07-31 00:45:00,0
2026-07-31 01:00:00,0.01
2026-07-31 01:15:00,0
2026-07-31 01:30:00,0.01
2026-07-31 01:45:00,0
2026-07-31 02:00:00,0
2026-07-31 02:15:00,0
2026-07-31 02:30:00,0
2026-07-31 02:45:00,0
2026-07-31 03:00:00,0
2026-07-31 03:15:00,0
2026-07-31 03:30:00,0
2026-07-31 03:45:00,0
2026-07-31 04:00:00,0
2026-07-31 04:15:00,0
2026-07-31 04:30:00,0
2026-07-31 04:45:00,0
2026-07-31 05:00:00,0
2026-07-31 05:15:00,0
2026-07-31 05:30:00,0
2026-07-31 05:45:00,0
2026-07-31 06:00:00,0
2026-07-31 06:15:00,0.05
2026-07-31 06:30:00,1.12
2026-07-31 06:45:00,4.7
2026-07-31 07:00:00,6.77
2026-07-31 07:15:00,8.42
2026-07-31 07:30:00,16.42
2026-07-31 07:45:00,18.86
2026-07-31 08:00:00,18.64
2026-07-31 08:15:00,27.06
2026-07-31 08:30:00,74.63
2026-07-31 08:45:00,36.46
2026-07-31 09:00:00,56.21
2026-07-31 09:15:00,88.99
2026-07-31 09:30:00,118.22
2026-07-31 09:45:00,118.63
2026-07-31 10:00:00,99.5
2026-07-31 10:15:00,122.81
2026-07-31 10:30:00,114.1
2026-07-31 10:45:00,117.83
2026-07-31 11:00:00,239.01
2026-07-31 11:15:00,101.2
2026-07-31 11:30:00,22.06
2026-07-31 11:45:00,3.96
2026-07-31 12:00:00,3.93
2026-07-31 12:15:00,4
2026-07-31 12:30:00,4
2026-07-31 12:45:00,3.98
2026-07-31 13:00:00,3.91
2026-07-31 13:15:00,10.33
2026-07-31 13:30:00,0
2026-07-31 13:45:00,16.96
2026-07-31 14:00:00,23.44
2026-07-31 14:15:00,16.71
2026-07-31 14:30:00,29.96
2026-07-31 14:45:00,34.17
2026-07-31 15:00:00,38.2
2026-07-31 15:15:00,19.3
2026-07-31 15:30:00,10.47
2026-07-31 15:45:00,3.92
2026-07-31 16:00:00,3.98
2026-07-31 16:15:00,3.93
2026-07-31 16:30:00,3.96
2026-07-31 16:45:00,18.06
2026-07-31 17:00:00,21.06
2026-07-31 17:15:00,71.55
2026-07-31 17:30:00,60.62
2026-07-31 17:45:00,51.56
2026-07-31 18:00:00,37.99
2026-07-31 18:15:00,29.08
2026-07-31 18:30:00,21.65
2026-07-31 18:45:00,14.79
2026-07-31 19:00:00,9.92
2026-07-31 19:15:00,0
2026-07-31 19:30:00,0.02
2026-07-31 19:45:00,0.01
2026-07-31 20:00:00,0
2026-07-31 20:15:00,0
2026-07-31 20:30:00,0
2026-07-31 20:45:00,0
2026-07-31 21:00:00,0
2026-07-31 21:15:00,0
2026-07-31 21:30:00,0
2026-07-31 21:45:00,0
2026-07-31 22:00:00,0
2026-07-31 22:15:00,0
2026-07-31 22:30:00,0
2026-07-31 22:45:00,0
2026-07-31 23:00:00,0
2026-07-31 23:15:00,0
2026-07-31 23:30:00,0
2026-07-31 23:45:00,0
2026-08-01 00:00:00,0
2026-08-01 00:15:00,0
2026-08-01 00:30:00,0
2026-08-01 00:45:00,0
2026-08-01 01:00:00,0
2026-08-01 01:15:00,0
2026-08-01 01:30:00,0
2026-08-01 01:45:00,0.01
2026-08-01 02:00:00,0
2026-08-01 02:15:00,0
2026-08-01 02:30:00,0
2026-08-01 02:45:00,0
2026-08-01 03:00:00,0
2026-08-01 03:15:00,0
2026-08-01 03:30:00,0
2026-08-01 03:45:00,0.01
2026-08-01 04:00:00,0
2026-08-01 04:15:00,0
2026-08-01 04:30:00,0
2026-08-01 04:45:00,0
2026-08-01 05:00:00,0
2026-08-01 05:15:00,0
2026-08-01 05:30:00,0
2026-08-01 05:45:00,0
2026-08-01 06:00:00,0.01
2026-08-01 06:15:00,0.04
2026-08-01 06:30:00,1.08
2026-08-01 06:45:00,3.01
2026-08-01 07:00:00,9.21
2026-08-01 07:15:00,23.2
2026-08-01 07:30:00,32.15
2026-08-01 07:45:00,43
2026-08-01 08:00:00,50.08
2026-08-01 08:15:00,55.67
2026-08-01 08:30:00,59.47
2026-08-01 08:45:00,47.44
2026-08-01 09:00:00,99.6
2026-08-01 09:15:00,88.27
2026-08-01 09:30:00,97.46
2026-08-01 09:45:00,93.16
2026-08-01 10:00:00,81.22
2026-08-01 10:15:00,119.58
2026-08-01 10:30:00,26.09
2026-08-01 10:45:00,105.83
2026-08-01 11:00:00,147.1
2026-08-01 11:15:00,109.59
2026-08-01 11:30:00,36.5
2026-08-01 11:45:00,88.02
2026-08-01 12:00:00,2.63
2026-08-01 12:15:00,2.62
2026-08-01 12:30:00,2.62
2026-08-01 12:45:00,2.63
2026-08-01 13:00:00,18.09
2026-08-01 13:15:00,21.32
2026-08-01 13:30:00,7.4
2026-08-01 13:45:00,3.98
2026-08-01 14:00:00,3.95
2026-08-01 14:15:00,3.93
2026-08-01 14:30:00,3.95
2026-08-01 14:45:00,36.59
2026-08-01 15:00:00,2.64
2026-08-01 15:15:00,5.34
2026-08-01 15:30:00,3.89
2026-08-01 15:45:00,42.75
2026-08-01 16:00:00,42.75
2026-08-01 16:15:00,42.7
2026-08-01 16:30:00,3.97
2026-08-01 16:45:00,3.95
2026-08-01 17:00:00,3.99
2026-08-01 17:15:00,3.95
2026-08-01 17:30:00,3.94
2026-08-01 17:45:00,4.03
2026-08-01 18:00:00,3.93
2026-08-01 18:15:00,0.01
2026-08-01 18:30:00,0.01
2026-08-01 18:45:00,0
2026-08-01 19:00:00,6.12
2026-08-01 19:15:00,3.11
2026-08-01 19:30:00,0.54
2026-08-01 19:45:00,0.02
2026-08-01 20:00:00,0
2026-08-01 20:15:00,0
2026-08-01 20:30:00,0
2026-08-01 20:45:00,0
2026-08-01 21:00:00,0
2026-08-01 21:15:00,0
2026-08-01 21:30:00,0
2026-08-01 21:45:00,0
2026-08-01 22:00:00,0
2026-08-01 22:15:00,0
2026-08-01 22:30:00,0
2026-08-01 22:45:00,0
2026-08-01 23:00:00,0
2026-08-01 23:15:00,0
2026-08-01 23:30:00,0
2026-08-01 23:45:00,0
2026-08-02 00:00:00,0
2026-08-02 00:15:00,0
2026-08-02 00:30:00,0
2026-08-02 00:45:00,0
2026-08-02 01:00:00,0
2026-08-02 01:15:00,0
2026-08-02 01:30:00,0
2026-08-02 01:45:00,0
2026-08-02 02:00:00,0
2026-08-02 02:15:00,0
2026-08-02 02:30:00,0
2026-08-02 02:45:00,0
2026-08-02 03:00:00,0
2026-08-02 03:15:00,0
2026-08-02 03:30:00,0
2026-08-02 03:45:00,0.01
2026-08-02 04:00:00,0
2026-08-02 04:15:00,0
2026-08-02 04:30:00,0
2026-08-02 04:45:00,0
2026-08-02 05:00:00,0
2026-08-02 05:15:00,0
2026-08-02 05:30:00,0
2026-08-02 05:45:00,0
2026-08-02 06:00:00,0
2026-08-02 06:15:00,0.47
2026-08-02 06:30:00,3.27
2026-08-02 06:45:00,10.27
2026-08-02 07:00:00,19.54
2026-08-02 07:15:00,19.91
2026-08-02 07:30:00,29.44
2026-08-02 07:45:00,42.09
2026-08-02 08:00:00,52.64
2026-08-02 08:15:00,75.98
2026-08-02 08:30:00,115.54
2026-08-02 08:45:00,119.6
2026-08-02 09:00:00,121.92
2026-08-02 09:15:00,125.23
2026-08-02 09:30:00,119.04
2026-08-02 09:45:00,123.42
2026-08-02 10:00:00,47.09
2026-08-02 10:15:00,92.4
2026-08-02 10:30:00,230.38
2026-08-02 10:45:00,160.74
2026-08-02 11:00:00,237.11
2026-08-02 11:15:00,165.02
2026-08-02 11:30:00,69.23
2026-08-02 11:45:00,0.02
2026-08-02 12:00:00,104.08
2026-08-02 12:15:00,30.83
2026-08-02 12:30:00,10.9
2026-08-02 12:45:00,3.89
2026-08-02 13:00:00,90.34
2026-08-02 13:15:00,4.29
2026-08-02 13:30:00,4.28
2026-08-02 13:45:00,28.88
2026-08-02 14:00:00,169.15
2026-08-02 14:15:00,146.62
2026-08-02 14:30:00,62.18
2026-08-02 14:45:00,3.87
2026-08-02 15:00:00,102.46
2026-08-02 15:15:00,102.47
2026-08-02 15:30:00,38.58
2026-08-02 15:45:00,3.87
2026-08-02 16:00:00,3.94
2026-08-02 16:15:00,3.94
2026-08-02 16:30:00,3.94
2026-08-02 16:45:00,109.81
2026-08-02 17:00:00,37.55
2026-08-02 17:15:00,0
2026-08-02 17:30:00,0.02
2026-08-02 17:45:00,0
2026-08-02 18:00:00,0
2026-08-02 18:15:00,0
2026-08-02 18:30:00,0.02
2026-08-02 18:45:00,0
2026-08-02 19:00:00,0.01
2026-08-02 19:15:00,0
2026-08-02 19:30:00,0
2026-08-02 19:45:00,0
2026-08-02 20:00:00,0
2026-08-02 20:15:00,0
2026-08-02 20:30:00,0
2026-08-02 20:45:00,0
2026-08-02 21:00:00,0
2026-08-02 21:15:00,0
2026-08-02 21:30:00,0
2026-08-02 21:45:00,0
2026-08-02 22:00:00,0
2026-08-02 22:15:00,0
2026-08-02 22:30:00,0
2026-08-02 22:45:00,0
2026-08-02 23:00:00,0
2026-08-02 23:15:00,0.01
2026-08-02 23:30:00,0.01
2026-08-02 23:45:00,0
2026-08-03 00:00:00,0
2026-08-03 00:15:00,0
2026-08-03 00:30:00,0
2026-08-03 00:45:00,0
2026-08-03 01:00:00,0
2026-08-03 01:15:00,0.01
2026-08-03 01:30:00,0
2026-08-03 01:45:00,0
2026-08-03 02:00:00,0
2026-08-03 02:15:00,0
2026-08-03 02:30:00,0
2026-08-03 02:45:00,0
2026-08-03 03:00:00,0
2026-08-03 03:15:00,0
2026-08-03 03:30:00,0
2026-08-03 03:45:00,0
2026-08-03 04:00:00,0.01
2026-08-03 04:15:00,0
2026-08-03 04:30:00,0
2026-08-03 04:45:00,0
2026-08-03 05:00:00,0
2026-08-03 05:15:00,0
2026-08-03 05:30:00,0
2026-08-03 05:45:00,0
2026-08-03 06:00:00,0
2026-08-03 06:15:00,0.1
2026-08-03 06:30:00,2.57
2026-08-03 06:45:00,8.39
2026-08-03 07:00:00,12.68
2026-08-03 07:15:00,13.11
2026-08-03 07:30:00,24.51
2026-08-03 07:45:00,69.47
2026-08-03 08:00:00,23.54
2026-08-03 08:15:00,42.85
2026-08-03 08:30:00,53.5
2026-08-03 08:45:00,138.1
2026-08-03 09:00:00,31.83
2026-08-03 09:15:00,123.49
2026-08-03 09:30:00,119.45
2026-08-03 09:45:00,76.98
2026-08-03 10:00:00,90.02
2026-08-03 10:15:00,121.03
2026-08-03 10:30:00,199.41
2026-08-03 10:45:00,130.06
2026-08-03 11:00:00,163.95
2026-08-03 11:15:00,52.57
2026-08-03 11:30:00,8.51
2026-08-03 11:45:00,3.97
2026-08-03 12:00:00,3.95
2026-08-03 12:15:00,82.57
2026-08-03 12:30:00,25.1
2026-08-03 12:45:00,3.9
2026-08-03 13:00:00,3.89
2026-08-03 13:15:00,3.91
2026-08-03 13:30:00,72.89
2026-08-03 13:45:00,2.64
2026-08-03 14:00:00,28.18
2026-08-03 14:15:00,6.86
2026-08-03 14:30:00,7.38
2026-08-03 14:45:00,12.53
2026-08-03 15:00:00,0
2026-08-03 15:15:00,11.15
2026-08-03 15:30:00,20.8
2026-08-03 15:45:00,36.86
2026-08-03 16:00:00,25.37
2026-08-03 16:15:00,27.18
2026-08-03 16:30:00,27.36
2026-08-03 16:45:00,0.04
2026-08-03 17:00:00,21.89
2026-08-03 17:15:00,17.29
2026-08-03 17:30:00,37.23
2026-08-03 17:45:00,49.96
2026-08-03 18:00:00,3.92
2026-08-03 18:15:00,3.95
2026-08-03 18:30:00,3.9
2026-08-03 18:45:00,3.9
2026-08-03 19:00:00,4.29
2026-08-03 19:15:00,2.19
2026-08-03 19:30:00,0.25
2026-08-03 19:45:00,0
2026-08-03 20:00:00,0
2026-08-03 20:15:00,0
2026-08-03 20:30:00,0
2026-08-03 20:45:00,0
2026-08-03 21:00:00,0
2026-08-03 21:15:00,0
2026-08-03 21:30:00,0
2026-08-03 21:45:00,0
2026-08-03 22:00:00,0
2026-08-03 22:15:00,0
2026-08-03 22:30:00,0
2026-08-03 22:45:00,0
2026-08-03 23:00:00,0
2026-08-03 23:15:00,0
2026-08-03 23:30:00,0
2026-08-03 23:45:00,0
2026-08-04 00:00:00,0
2026-08-04 00:15:00,0
2026-08-04 00:30:00,0.01
2026-08-04 00:45:00,0
2026-08-04 01:00:00,0.01
2026-08-04 01:15:00,0
2026-08-04 01:30:00,0.01
2026-08-04 01:45:00,0
2026-08-04 02:00:00,0
2026-08-04 02:15:00,0.01
2026-08-04 02:30:00,0
2026-08-04 02:45:00,0
2026-08-04 03:00:00,0
2026-08-04 03:15:00,0
2026-08-04 03:30:00,0
2026-08-04 03:45:00,0
2026-08-04 04:00:00,0
2026-08-04 04:15:00,0
2026-08-04 04:30:00,0
2026-08-04 04:45:00,0
2026-08-04 05:00:00,0
2026-08-04 05:15:00,0
2026-08-04 05:30:00,0
2026-08-04 05:45:00,0
2026-08-04 06:00:00,0
2026-08-04 06:15:00,0.4
2026-08-04 06:30:00,3.51
2026-08-04 06:45:00,10.61
2026-08-04 07:00:00,15.5
2026-08-04 07:15:00,16.06
2026-08-04 07:30:00,16.99
2026-08-04 07:45:00,28.06
2026-08-04 08:00:00,41.2
2026-08-04 08:15:00,57.28
2026-08-04 08:30:00,100.92
2026-08-04 08:45:00,82.46
2026-08-04 09:00:00,62.28
2026-08-04 09:15:00,89.21
2026-08-04 09:30:00,87.77
2026-08-04 09:45:00,58.58
2026-08-04 10:00:00,49.68
2026-08-04 10:15:00,85.51
2026-08-04 10:30:00,63.43
2026-08-04 10:45:00,122.98
2026-08-04 11:00:00,196.07
2026-08-04 11:15:00,159.9
2026-08-04 11:30:00,78.83
2026-08-04 11:45:00,138.58
2026-08-04 12:00:00,71.67
2026-08-04 12:15:00,4.08
2026-08-04 12:30:00,4.04
2026-08-04 12:45:00,4.06
2026-08-04 13:00:00,4.07
2026-08-04 13:15:00,40.66
2026-08-04 13:30:00,119.56
2026-08-04 13:45:00,121.05
2026-08-04 14:00:00,48.33
2026-08-04 14:15:00,49.96
2026-08-04 14:30:00,35.56
2026-08-04 14:45:00,10.54
2026-08-04 15:00:00,3.99
2026-08-04 15:15:00,35.4
2026-08-04 15:30:00,99.37
2026-08-04 15:45:00,129.2
2026-08-04 16:00:00,110.47
2026-08-04 16:15:00,19.81
2026-08-04 16:30:00,3.97
2026-08-04 16:45:00,4
2026-08-04 17:00:00,4.74
2026-08-04 17:15:00,4.75
2026-08-04 17:30:00,64.9
2026-08-04 17:45:00,24.47
2026-08-04 18:00:00,7.16
2026-08-04 18:15:00,4.11
2026-08-04 18:30:00,4.15
2026-08-04 18:45:00,4.34
2026-08-04 19:00:00,4.01
2026-08-04 19:15:00,2.33
2026-08-04 19:30:00,0.3
2026-08-04 19:45:00,0.02
2026-08-04 20:00:00,0
2026-08-04 20:15:00,0
2026-08-04 20:30:00,0
2026-08-04 20:45:00,0
2026-08-04 21:00:00,0
2026-08-04 21:15:00,0
2026-08-04 21:30:00,0
2026-08-04 21:45:00,0
2026-08-04 22:00:00,0
2026-08-04 22:15:00,0
2026-08-04 22:30:00,0
2026-08-04 22:45:00,0
2026-08-04 23:00:00,0
2026-08-04 23:15:00,0
2026-08-04 23:30:00,0
2026-08-04 23:45:00,0
2026-08-05 00:00:00,0
2026-08-05 00:15:00,0
2026-08-05 00:30:00,0
2026-08-05 00:45:00,0
2026-08-05 01:00:00,0
2026-08-05 01:15:00,0
2026-08-05 01:30:00,0
2026-08-05 01:45:00,0
2026-08-05 02:00:00,0
2026-08-05 02:15:00,0
2026-08-05 02:30:00,0
2026-08-05 02:45:00,0
2026-08-05 03:00:00,0
2026-08-05 03:15:00,0
2026-08-05 03:30:00,0
2026-08-05 03:45:00,0
2026-08-05 04:00:00,0
2026-08-05 04:15:00,0
2026-08-05 04:30:00,0
2026-08-05 04:45:00,0
2026-08-05 05:00:00,0.01
2026-08-05 05:15:00,0.01
2026-08-05 05:30:00,0
2026-08-05 05:45:00,0
2026-08-05 06:00:00,0.01
2026-08-05 06:15:00,1.01
2026-08-05 06:30:00,3.31
2026-08-05 06:45:00,6.3
2026-08-05 07:00:00,0
2026-08-05 07:15:00,14.61
2026-08-05 07:30:00,18.49
2026-08-05 07:45:00,34.77
2026-08-05 08:00:00,39.18
2026-08-05 08:15:00,42.14
2026-08-05 08:30:00,40.17
2026-08-05 08:45:00,33.17
2026-08-05 09:00:00,30.91
2026-08-05 09:15:00,68.39
2026-08-05 09:30:00,107.22
2026-08-05 09:45:00,76.82
2026-08-05 10:00:00,100.84
2026-08-05 10:15:00,75.53
2026-08-05 10:30:00,125.71
2026-08-05 10:45:00,118.48
2026-08-05 11:00:00,126.56
2026-08-05 11:15:00,117.73
2026-08-05 11:30:00,56.57
2026-08-05 11:45:00,88.64
2026-08-05 12:00:00,119.48
2026-08-05 12:15:00,9.94
2026-08-05 12:30:00,3.86
2026-08-05 12:45:00,3.82
2026-08-05 13:00:00,3.87
2026-08-05 13:15:00,3.92
2026-08-05 13:30:00,56.86
2026-08-05 13:45:00,82.06
2026-08-05 14:00:00,44.7
2026-08-05 14:15:00,48.43
2026-08-05 14:30:00,39.33
2026-08-05 14:45:00,48.89
2026-08-05 15:00:00,126.69
2026-08-05 15:15:00,59.35
2026-08-05 15:30:00,67.22
2026-08-05 15:45:00,57.18
2026-08-05 16:00:00,78.23
2026-08-05 16:15:00,127.59
2026-08-05 16:30:00,0
2026-08-05 16:45:00,68.57
2026-08-05 17:00:00,72.91
2026-08-05 17:15:00,19.15
2026-08-05 17:30:00,2.34
2026-08-05 17:45:00,0
2026-08-05 18:00:00,0.01
2026-08-05 18:15:00,0
2026-08-05 18:30:00,5.66
2026-08-05 18:45:00,0.34
2026-08-05 19:00:00,0.1
2026-08-05 19:15:00,0
2026-08-05 19:30:00,0
2026-08-05 19:45:00,0
2026-08-05 20:00:00,0
2026-08-05 20:15:00,0
2026-08-05 20:30:00,0
2026-08-05 20:45:00,0
2026-08-05 21:00:00,0
2026-08-05 21:15:00,0
2026-08-05 21:30:00,0
2026-08-05 21:45:00,0
2026-08-05 22:00:00,0
2026-08-05 22:15:00,0
2026-08-05 22:30:00,0
2026-08-05 22:45:00,0
2026-08-05 23:00:00,0
2026-08-05 23:15:00,0
2026-08-05 23:30:00,0
2026-08-05 23:45:00,0
2026-08-06 00:00:00,0
2026-08-06 00:15:00,0
2026-08-06 00:30:00,0
2026-08-06 00:45:00,0
2026-08-06 01:00:00,0
2026-08-06 01:15:00,0
2026-08-06 01:30:00,0
2026-08-06 01:45:00,0
2026-08-06 02:00:00,0
2026-08-06 02:15:00,0
2026-08-06 02:30:00,0
2026-08-06 02:45:00,0
2026-08-06 03:00:00,0
2026-08-06 03:15:00,0
2026-08-06 03:30:00,0
2026-08-06 03:45:00,0
2026-08-06 04:00:00,0
2026-08-06 04:15:00,0
2026-08-06 04:30:00,0
2026-08-06 04:45:00,0
2026-08-06 05:00:00,0
2026-08-06 05:15:00,0
2026-08-06 05:30:00,0
2026-08-06 05:45:00,0
2026-08-06 06:00:00,0
2026-08-06 06:15:00,0.47
2026-08-06 06:30:00,2.49
2026-08-06 06:45:00,6.88
2026-08-06 07:00:00,15.33
2026-08-06 07:15:00,27.4
2026-08-06 07:30:00,44.63
2026-08-06 07:45:00,66.32
2026-08-06 08:00:00,103.04
2026-08-06 08:15:00,103.64
2026-08-06 08:30:00,71.24
2026-08-06 08:45:00,55.05
2026-08-06 09:00:00,65.16
2026-08-06 09:15:00,130.42
2026-08-06 09:30:00,99.95
2026-08-06 09:45:00,157.63
2026-08-06 10:00:00,119.54
2026-08-06 10:15:00,217.42
2026-08-06 10:30:00,116.69
2026-08-06 10:45:00,67.32
2026-08-06 11:00:00,42.85
2026-08-06 11:15:00,20.34
2026-08-06 11:30:00,44.69
2026-08-06 11:45:00,34.63
2026-08-06 12:00:00,49.72
2026-08-06 12:15:00,52
2026-08-06 12:30:00,29.04
2026-08-06 12:45:00,14.58
2026-08-06 13:00:00,42.19
2026-08-06 13:15:00,74.57
2026-08-06 13:30:00,51.05
2026-08-06 13:45:00,4.08
2026-08-06 14:00:00,3.97
2026-08-06 14:15:00,4.03
2026-08-06 14:30:00,3.94
2026-08-06 14:45:00,26.63
2026-08-06 15:00:00,74.58
2026-08-06 15:15:00,22.18
2026-08-06 15:30:00,13.97
2026-08-06 15:45:00,42.6
2026-08-06 16:00:00,45.63
2026-08-06 16:15:00,45.87
2026-08-06 16:30:00,43.15
2026-08-06 16:45:00,85.76
2026-08-06 17:00:00,121.65
2026-08-06 17:15:00,104.62
2026-08-06 17:30:00,62.66
2026-08-06 17:45:00,61.57
2026-08-06 18:00:00,52.11
2026-08-06 18:15:00,27.81
2026-08-06 18:30:00,20.06
2026-08-06 18:45:00,12.55
2026-08-06 19:00:00,8.29
2026-08-06 19:15:00,2.53
2026-08-06 19:30:00,0.24
2026-08-06 19:45:00,0.02
2026-08-06 20:00:00,0
2026-08-06 20:15:00,0
2026-08-06 20:30:00,0
2026-08-06 20:45:00,0
2026-08-06 21:00:00,0
2026-08-06 21:15:00,0
2026-08-06 21:30:00,0
2026-08-06 21:45:00,0
2026-08-06 22:00:00,0
2026-08-06 22:15:00,0
2026-08-06 22:30:00,0
2026-08-06 22:45:00,0.01
2026-08-06 23:00:00,0
2026-08-06 23:15:00,0
2026-08-06 23:30:00,0.01
2026-08-06 23:45:00,0
2026-08-07 00:00:00,0
2026-08-07 00:15:00,0.01
2026-08-07 00:30:00,0
2026-08-07 00:45:00,0
2026-08-07 01:00:00,0.01
2026-08-07 01:15:00,0
2026-08-07 01:30:00,0
2026-08-07 01:45:00,0
2026-08-07 02:00:00,0
2026-08-07 02:15:00,0
2026-08-07 02:30:00,0
2026-08-07 02:45:00,0
2026-08-07 03:00:00,0
2026-08-07 03:15:00,0
2026-08-07 03:30:00,0
2026-08-07 03:45:00,0
2026-08-07 04:00:00,0
2026-08-07 04:15:00,0
2026-08-07 04:30:00,0
2026-08-07 04:45:00,0
2026-08-07 05:00:00,0
2026-08-07 05:15:00,0
2026-08-07 05:30:00,0
2026-08-07 05:45:00,0
2026-08-07 06:00:00,0.01
2026-08-07 06:15:00,0.46
2026-08-07 06:30:00,2.77
2026-08-07 06:45:00,7.88
2026-08-07 07:00:00,15.22
2026-08-07 07:15:00,25.79
2026-08-07 07:30:00,39.52
2026-08-07 07:45:00,52.75
2026-08-07 08:00:00,40.76
2026-08-07 08:15:00,83.21
2026-08-07 08:30:00,97.81
2026-08-07 08:45:00,113.37
2026-08-07 09:00:00,127.63
2026-08-07 09:15:00,118.2
2026-08-07 09:30:00,120.78
2026-08-07 09:45:00,122.52
2026-08-07 10:00:00,11.96
2026-08-07 10:15:00,3.94
2026-08-07 10:30:00,3.93
2026-08-07 10:45:00,3.9
2026-08-07 11:00:00,156.18
2026-08-07 11:15:00,137.26
2026-08-07 11:30:00,73.89
2026-08-07 11:45:00,46.17
2026-08-07 12:00:00,4.3
2026-08-07 12:15:00,3.94
2026-08-07 12:30:00,3.93
2026-08-07 12:45:00,3.96
2026-08-07 13:00:00,59.21
2026-08-07 13:15:00,49.64
2026-08-07 13:30:00,59.18
2026-08-07 13:45:00,3.96
2026-08-07 14:00:00,3.89
2026-08-07 14:15:00,3.97
2026-08-07 14:30:00,17.2
2026-08-07 14:45:00,12.13
2026-08-07 15:00:00,4.08
2026-08-07 15:15:00,4.27
2026-08-07 15:30:00,4.02
2026-08-07 15:45:00,3.89
2026-08-07 16:00:00,3.88
2026-08-07 16:15:00,3.99
2026-08-07 16:30:00,3.95
2026-08-07 16:45:00,4.01
2026-08-07 17:00:00,3.93
2026-08-07 17:15:00,41.55
2026-08-07 17:30:00,47.15
2026-08-07 17:45:00,32.08
2026-08-07 18:00:00,24.98
2026-08-07 18:15:00,19.77
2026-08-07 18:30:00,0.02
2026-08-07 18:45:00,0
2026-08-07 19:00:00,0
2026-08-07 19:15:00,0
2026-08-07 19:30:00,0.01
2026-08-07 19:45:00,0
2026-08-07 20:00:00,0
2026-08-07 20:15:00,0
2026-08-07 20:30:00,0
2026-08-07 20:45:00,0
2026-08-07 21:00:00,0
2026-08-07 21:15:00,0
2026-08-07 21:30:00,0
2026-08-07 21:45:00,0
2026-08-07 22:00:00,0
2026-08-07 22:15:00,0
2026-08-07 22:30:00,0
2026-08-07 22:45:00,0
2026-08-07 23:00:00,0
2026-08-07 23:15:00,0
2026-08-07 23:30:00,0.01
2026-08-07 23:45:00,0
2026-08-08 00:00:00,0
2026-08-08 00:15:00,0.01
2026-08-08 00:30:00,0
2026-08-08 00:45:00,0
2026-08-08 01:00:00,0
2026-08-08 01:15:00,0
2026-08-08 01:30:00,0
2026-08-08 01:45:00,0
2026-08-08 02:00:00,0
2026-08-08 02:15:00,0
2026-08-08 02:30:00,0
2026-08-08 02:45:00,0
2026-08-08 03:00:00,0
2026-08-08 03:15:00,0
2026-08-08 03:30:00,0
2026-08-08 03:45:00,0
2026-08-08 04:00:00,0
2026-08-08 04:15:00,0
2026-08-08 04:30:00,0
2026-08-08 04:45:00,0
2026-08-08 05:00:00,0
2026-08-08 05:15:00,0
2026-08-08 05:30:00,0
2026-08-08 05:45:00,0
2026-08-08 06:00:00,0.01
2026-08-08 06:15:00,0
2026-08-08 06:30:00,2.18
2026-08-08 06:45:00,5.91
2026-08-08 07:00:00,18.69
2026-08-08 07:15:00,28.45
2026-08-08 07:30:00,41.63
2026-08-08 07:45:00,52.9
2026-08-08 08:00:00,69
2026-08-08 08:15:00,82.15
2026-08-08 08:30:00,98.76
2026-08-08 08:45:00,115.86
2026-08-08 09:00:00,40.2
2026-08-08 09:15:00,119.4
2026-08-08 09:30:00,119.3
2026-08-08 09:45:00,10.67
2026-08-08 10:00:00,3.86
2026-08-08 10:15:00,3.83
2026-08-08 10:30:00,3.82
2026-08-08 10:45:00,3.81
2026-08-08 11:00:00,226.16
2026-08-08 11:15:00,2.66
2026-08-08 11:30:00,2.66
2026-08-08 11:45:00,2.97
2026-08-08 12:00:00,2.66
2026-08-08 12:15:00,2.6
2026-08-08 12:30:00,2.65
2026-08-08 12:45:00,2.59
2026-08-08 13:00:00,2.66
2026-08-08 13:15:00,2.65
2026-08-08 13:30:00,2.59
2026-08-08 13:45:00,2.65
2026-08-08 14:00:00,226.45
2026-08-08 14:15:00,101.11
2026-08-08 14:30:00,99.14
2026-08-08 14:45:00,66.48
2026-08-08 15:00:00,0.04
2026-08-08 15:15:00,63.68
2026-08-08 15:30:00,4.55
2026-08-08 15:45:00,45.59
2026-08-08 16:00:00,32.07
2026-08-08 16:15:00,37.15
2026-08-08 16:30:00,41.83
2026-08-08 16:45:00,99.42
2026-08-08 17:00:00,118.31
2026-08-08 17:15:00,24.96
2026-08-08 17:30:00,29.47
2026-08-08 17:45:00,28.28
2026-08-08 18:00:00,39.22
2026-08-08 18:15:00,22.07
2026-08-08 18:30:00,20.59
2026-08-08 18:45:00,4.03
2026-08-08 19:00:00,4
2026-08-08 19:15:00,3.84
2026-08-08 19:30:00,0.95
2026-08-08 19:45:00,0.02
2026-08-08 20:00:00,0.01
2026-08-08 20:15:00,0
2026-08-08 20:30:00,0
2026-08-08 20:45:00,0
2026-08-08 21:00:00,0.01
2026-08-08 21:15:00,0.01
2026-08-08 21:30:00,0
2026-08-08 21:45:00,0
2026-08-08 22:00:00,0
2026-08-08 22:15:00,0
2026-08-08 22:30:00,0
2026-08-08 22:45:00,0
2026-08-08 23:00:00,0
2026-08-08 23:15:00,0
2026-08-08 23:30:00,0
2026-08-08 23:45:00,0
2026-08-09 00:00:00,0
2026-08-09 00:15:00,0
2026-08-09 00:30:00,0
2026-08-09 00:45:00,0
2026-08-09 01:00:00,0
2026-08-09 01:15:00,0
2026-08-09 01:30:00,0
2026-08-09 01:45:00,0
2026-08-09 02:00:00,0
2026-08-09 02:15:00,0
2026-08-09 02:30:00,0
2026-08-09 02:45:00,0
2026-08-09 03:00:00,0
2026-08-09 03:15:00,0
2026-08-09 03:30:00,0
2026-08-09 03:45:00,0.01
2026-08-09 04:00:00,0
2026-08-09 04:15:00,0
2026-08-09 04:30:00,0
2026-08-09 04:45:00,0
2026-08-09 05:00:00,0
2026-08-09 05:15:00,0
2026-08-09 05:30:00,0
2026-08-09 05:45:00,0
2026-08-09 06:00:00,0.01
2026-08-09 06:15:00,0.14
2026-08-09 06:30:00,2.19
2026-08-09 06:45:00,7
2026-08-09 07:00:00,14.06
2026-08-09 07:15:00,23.96
2026-08-09 07:30:00,21.9
2026-08-09 07:45:00,50.47
2026-08-09 08:00:00,65.75
2026-08-09 08:15:00,84.44
2026-08-09 08:30:00,99.59
2026-08-09 08:45:00,116.26
2026-08-09 09:00:00,116.74
2026-08-09 09:15:00,123.21
2026-08-09 09:30:00,158.57
2026-08-09 09:45:00,172.98
2026-08-09 10:00:00,51.97
2026-08-09 10:15:00,181.57
2026-08-09 10:30:00,86.93
2026-08-09 10:45:00,6.81
2026-08-09 11:00:00,3.95
2026-08-09 11:15:00,93.09
2026-08-09 11:30:00,41.36
2026-08-09 11:45:00,3.91
2026-08-09 12:00:00,3.95
2026-08-09 12:15:00,3.96
2026-08-09 12:30:00,32.72
2026-08-09 12:45:00,2.6
2026-08-09 13:00:00,3.08
2026-08-09 13:15:00,2.89
2026-08-09 13:30:00,13.57
2026-08-09 13:45:00,43.51
2026-08-09 14:00:00,4.93
2026-08-09 14:15:00,64.24
2026-08-09 14:30:00,9.38
2026-08-09 14:45:00,3.9
2026-08-09 15:00:00,3.93
2026-08-09 15:15:00,76.79
2026-08-09 15:30:00,40.35
2026-08-09 15:45:00,81.9
2026-08-09 16:00:00,89.41
2026-08-09 16:15:00,45.89
2026-08-09 16:30:00,75.2
2026-08-09 16:45:00,83.26
2026-08-09 17:00:00,63.6
2026-08-09 17:15:00,40.19
2026-08-09 17:30:00,30.27
2026-08-09 17:45:00,20.87
2026-08-09 18:00:00,0
2026-08-09 18:15:00,0.02
2026-08-09 18:30:00,0
2026-08-09 18:45:00,0.02
2026-08-09 19:00:00,0
2026-08-09 19:15:00,0.04
2026-08-09 19:30:00,0.02
2026-08-09 19:45:00,0
2026-08-09 20:00:00,0
2026-08-09 20:15:00,0
2026-08-09 20:30:00,0
2026-08-09 20:45:00,0
2026-08-09 21:00:00,0
2026-08-09 21:15:00,0
2026-08-09 21:30:00,0
2026-08-09 21:45:00,0
2026-08-09 22:00:00,0
2026-08-09 22:15:00,0
2026-08-09 22:30:00,0
2026-08-09 22:45:00,0.01
2026-08-09 23:00:00,0
2026-08-09 23:15:00,0
2026-08-09 23:30:00,0
2026-08-09 23:45:00,0
2026-08-10 00:00:00,0
2026-08-10 00:15:00,0
2026-08-10 00:30:00,0
2026-08-10 00:45:00,0
2026-08-10 01:00:00,0
2026-08-10 01:15:00,0
2026-08-10 01:30:00,0
2026-08-10 01:45:00,0
2026-08-10 02:00:00,0
2026-08-10 02:15:00,0
2026-08-10 02:30:00,0
2026-08-10 02:45:00,0
2026-08-10 03:00:00,0
2026-08-10 03:15:00,0
2026-08-10 03:30:00,0
2026-08-10 03:45:00,0
2026-08-10 04:00:00,0
2026-08-10 04:15:00,0
2026-08-10 04:30:00,0
2026-08-10 04:45:00,0
2026-08-10 05:00:00,0
2026-08-10 05:15:00,0
2026-08-10 05:30:00,0
2026-08-10 05:45:00,0
2026-08-10 06:00:00,0.01
2026-08-10 06:15:00,0
2026-08-10 06:30:00,2.51
2026-08-10 06:45:00,6.5
2026-08-10 07:00:00,0
2026-08-10 07:15:00,25.1
2026-08-10 07:30:00,38.01
2026-08-10 07:45:00,51.84
2026-08-10 08:00:00,66.42
2026-08-10 08:15:00,49.79
2026-08-10 08:30:00,100.74
2026-08-10 08:45:00,116.74
2026-08-10 09:00:00,133.48
2026-08-10 09:15:00,137.98
2026-08-10 09:30:00,136.44
2026-08-10 09:45:00,59.36
2026-08-10 10:00:00,130.23
2026-08-10 10:15:00,129.85
2026-08-10 10:30:00,58.1
2026-08-10 10:45:00,6.58
2026-08-10 11:00:00,184.48
2026-08-10 11:15:00,118.79
2026-08-10 11:30:00,42.95
2026-08-10 11:45:00,3.97
2026-08-10 12:00:00,71.77
2026-08-10 12:15:00,140.08
2026-08-10 12:30:00,60.72
2026-08-10 12:45:00,17.67
2026-08-10 13:00:00,3.95
2026-08-10 13:15:00,71.77
2026-08-10 13:30:00,0.01
2026-08-10 13:45:00,190.8
2026-08-10 14:00:00,2.69
2026-08-10 14:15:00,32.34
2026-08-10 14:30:00,24.26
2026-08-10 14:45:00,12.7
2026-08-10 15:00:00,3.93
2026-08-10 15:15:00,4.01
2026-08-10 15:30:00,3.97
2026-08-10 15:45:00,3.94
2026-08-10 16:00:00,8.92
2026-08-10 16:15:00,40.63
2026-08-10 16:30:00,27.68
2026-08-10 16:45:00,3.94
2026-08-10 17:00:00,3.89
2026-08-10 17:15:00,115.48
2026-08-10 17:30:00,52.81
2026-08-10 17:45:00,16.3
2026-08-10 18:00:00,4.6
2026-08-10 18:15:00,4.58
2026-08-10 18:30:00,4.55
2026-08-10 18:45:00,4.65
2026-08-10 19:00:00,4.73
2026-08-10 19:15:00,2.4
2026-08-10 19:30:00,0.38
2026-08-10 19:45:00,0.02
2026-08-10 20:00:00,0
2026-08-10 20:15:00,0
2026-08-10 20:30:00,0
2026-08-10 20:45:00,0
2026-08-10 21:00:00,0
2026-08-10 21:15:00,0
2026-08-10 21:30:00,0
2026-08-10 21:45:00,0
2026-08-10 22:00:00,0
2026-08-10 22:15:00,0
2026-08-10 22:30:00,0
2026-08-10 22:45:00,0
2026-08-10 23:00:00,0
2026-08-10 23:15:00,0
2026-08-10 23:30:00,0
2026-08-10 23:45:00,0
2026-08-11 00:00:00,0
2026-08-11 00:15:00,0
2026-08-11 00:30:00,0
2026-08-11 00:45:00,0
2026-08-11 01:00:00,0
2026-08-11 01:15:00,0
2026-08-11 01:30:00,0
2026-08-11 01:45:00,0
2026-08-11 02:00:00,0
2026-08-11 02:15:00,0
2026-08-11 02:30:00,0
2026-08-11 02:45:00,0
2026-08-11 03:00:00,0
2026-08-11 03:15:00,0
2026-08-11 03:30:00,0
2026-08-11 03:45:00,0
2026-08-11 04:00:00,0
2026-08-11 04:15:00,0
2026-08-11 04:30:00,0
2026-08-11 04:45:00,0.01
2026-08-11 05:00:00,0
2026-08-11 05:15:00,0
2026-08-11 05:30:00,0
2026-08-11 05:45:00,0
2026-08-11 06:00:00,0.01
2026-08-11 06:15:00,0.29
2026-08-11 06:30:00,2.05
2026-08-11 06:45:00,5.72
2026-08-11 07:00:00,13.62
2026-08-11 07:15:00,26.33
2026-08-11 07:30:00,40.38
2026-08-11 07:45:00,54.03
2026-08-11 08:00:00,70.44
2026-08-11 08:15:00,88.07
2026-08-11 08:30:00,104.88
2026-08-11 08:45:00,122.3
2026-08-11 09:00:00,136.92
2026-08-11 09:15:00,148.99
2026-08-11 09:30:00,164.11
2026-08-11 09:45:00,173.73
2026-08-11 10:00:00,159.91
2026-08-11 10:15:00,98.55
2026-08-11 10:30:00,118.13
2026-08-11 10:45:00,94.27
2026-08-11 11:00:00,26
2026-08-11 11:15:00,182.69
2026-08-11 11:30:00,48.93
2026-08-11 11:45:00,10.23
2026-08-11 12:00:00,15.01
2026-08-11 12:15:00,33.1
2026-08-11 12:30:00,82.12
2026-08-11 12:45:00,33.81
2026-08-11 13:00:00,27.36
2026-08-11 13:15:00,66.21
2026-08-11 13:30:00,34.21
2026-08-11 13:45:00,9
2026-08-11 14:00:00,3.95
2026-08-11 14:15:00,36.75
2026-08-11 14:30:00,59.26
2026-08-11 14:45:00,25.81
2026-08-11 15:00:00,0
2026-08-11 15:15:00,70.16
2026-08-11 15:30:00,64.56
2026-08-11 15:45:00,42.6
2026-08-11 16:00:00,7.1
2026-08-11 16:15:00,117.14
2026-08-11 16:30:00,28.87
2026-08-11 16:45:00,2.59
2026-08-11 17:00:00,2.61
2026-08-11 17:15:00,2.63
2026-08-11 17:30:00,2.58
2026-08-11 17:45:00,2.58
2026-08-11 18:00:00,53.58
2026-08-11 18:15:00,35.85
2026-08-11 18:30:00,18.51
2026-08-11 18:45:00,10.3
2026-08-11 19:00:00,6.33
2026-08-11 19:15:00,2.51
2026-08-11 19:30:00,0.4
2026-08-11 19:45:00,0
2026-08-11 20:00:00,0
2026-08-11 20:15:00,0
2026-08-11 20:30:00,0
2026-08-11 20:45:00,0
2026-08-11 21:00:00,0
2026-08-11 21:15:00,0
2026-08-11 21:30:00,0
2026-08-11 21:45:00,0.01
2026-08-11 22:00:00,0
2026-08-11 22:15:00,0
2026-08-11 22:30:00,0
2026-08-11 22:45:00,0
2026-08-11 23:00:00,0
2026-08-11 23:15:00,0.01
2026-08-11 23:30:00,0
2026-08-11 23:45:00,0.01
2026-08-12 00:00:00,0
2026-08-12 00:15:00,0
2026-08-12 00:30:00,0
2026-08-12 00:45:00,0
2026-08-12 01:00:00,0
2026-08-12 01:15:00,0
2026-08-12 01:30:00,0
2026-08-12 01:45:00,0
2026-08-12 02:00:00,0
2026-08-12 02:15:00,0
2026-08-12 02:30:00,0
2026-08-12 02:45:00,0
2026-08-12 03:00:00,0
2026-08-12 03:15:00,0
2026-08-12 03:30:00,0
2026-08-12 03:45:00,0
2026-08-12 04:00:00,0
2026-08-12 04:15:00,0
2026-08-12 04:30:00,0
2026-08-12 04:45:00,0
2026-08-12 05:00:00,0
2026-08-12 05:15:00,0
2026-08-12 05:30:00,0
2026-08-12 05:45:00,0.01
2026-08-12 06:00:00,0.01
2026-08-12 06:15:00,0.01
2026-08-12 06:30:00,2.39
2026-08-12 06:45:00,7.35
2026-08-12 07:00:00,16.18
2026-08-12 07:15:00,25.43
2026-08-12 07:30:00,35.58
2026-08-12 07:45:00,48.26
2026-08-12 08:00:00,62.11
2026-08-12 08:15:00,78.44
2026-08-12 08:30:00,96.11
2026-08-12 08:45:00,108.33
2026-08-12 09:00:00,123.16
2026-08-12 09:15:00,126.54
2026-08-12 09:30:00,150.32
2026-08-12 09:45:00,165.1
2026-08-12 10:00:00,53.23
2026-08-12 10:15:00,3.87
2026-08-12 10:30:00,4.46
2026-08-12 10:45:00,3.95
2026-08-12 11:00:00,27.54
2026-08-12 11:15:00,26.41
2026-08-12 11:30:00,52.02
2026-08-12 11:45:00,118.1
2026-08-12 12:00:00,54.76
2026-08-12 12:15:00,82.82
2026-08-12 12:30:00,53.32
2026-08-12 12:45:00,157.11
2026-08-12 13:00:00,78.31
2026-08-12 13:15:00,47.74
2026-08-12 13:30:00,10.04
2026-08-12 13:45:00,2.67
2026-08-12 14:00:00,83.1
2026-08-12 14:15:00,58.71
2026-08-12 14:30:00,40.99
2026-08-12 14:45:00,3.97
2026-08-12 15:00:00,4.72
2026-08-12 15:15:00,3.97
2026-08-12 15:30:00,4.43
2026-08-12 15:45:00,3.95
2026-08-12 16:00:00,3.95
2026-08-12 16:15:00,43.78
2026-08-12 16:30:00,55.09
2026-08-12 16:45:00,4.86
2026-08-12 17:00:00,8.69
2026-08-12 17:15:00,4.21
2026-08-12 17:30:00,18.89
2026-08-12 17:45:00,26.47
2026-08-12 18:00:00,27.86
2026-08-12 18:15:00,19.22
2026-08-12 18:30:00,8.57
2026-08-12 18:45:00,5.93
2026-08-12 19:00:00,5.13
2026-08-12 19:15:00,0.68
2026-08-12 19:30:00,0.17
2026-08-12 19:45:00,0
2026-08-12 20:00:00,0
2026-08-12 20:15:00,0
2026-08-12 20:30:00,0
2026-08-12 20:45:00,0
2026-08-12 21:00:00,0
2026-08-12 21:15:00,0
2026-08-12 21:30:00,0
2026-08-12 21:45:00,0
2026-08-12 22:00:00,0
2026-08-12 22:15:00,0
2026-08-12 22:30:00,0
2026-08-12 22:45:00,0
2026-08-12 23:00:00,0
2026-08-12 23:15:00,0
2026-08-12 23:30:00,0
2026-08-12 23:45:00,0
2026-08-13 00:00:00,0
2026-08-13 00:15:00,0
2026-08-13 00:30:00,0
2026-08-13 00:45:00,0
2026-08-13 01:00:00,0
2026-08-13 01:15:00,0
2026-08-13 01:30:00,0
2026-08-13 01:45:00,0
2026-08-13 02:00:00,0
2026-08-13 02:15:00,0
2026-08-13 02:30:00,0
2026-08-13 02:45:00,0
2026-08-13 03:00:00,0
2026-08-13 03:15:00,0
2026-08-13 03:30:00,0
2026-08-13 03:45:00,0
2026-08-13 04:00:00,0
2026-08-13 04:15:00,0
2026-08-13 04:30:00,0
2026-08-13 04:45:00,0
2026-08-13 05:00:00,0
2026-08-13 05:15:00,0
2026-08-13 05:30:00,0
2026-08-13 05:45:00,0
2026-08-13 06:00:00,0
2026-08-13 06:15:00,0.01
2026-08-13 06:30:00,2.34
2026-08-13 06:45:00,5.93
2026-08-13 07:00:00,12.54
2026-08-13 07:15:00,22.24
2026-08-13 07:30:00,22.95
2026-08-13 07:45:00,0
2026-08-13 08:00:00,50.35
2026-08-13 08:15:00,85.44
2026-08-13 08:30:00,107.73
2026-08-13 08:45:00,121.75
2026-08-13 09:00:00,148.4
2026-08-13 09:15:00,99.58
2026-08-13 09:30:00,130.24
2026-08-13 09:45:00,98.72
2026-08-13 10:00:00,32.71
2026-08-13 10:15:00,104.38
2026-08-13 10:30:00,179.19
2026-08-13 10:45:00,194.25
2026-08-13 11:00:00,201.08
2026-08-13 11:15:00,232.31
2026-08-13 11:30:00,121.18
2026-08-13 11:45:00,95.46
2026-08-13 12:00:00,42.63
2026-08-13 12:15:00,71.65
2026-08-13 12:30:00,12.68
2026-08-13 12:45:00,4.02
2026-08-13 13:00:00,4
2026-08-13 13:15:00,3.94
2026-08-13 13:30:00,47.05
2026-08-13 13:45:00,29.71
2026-08-13 14:00:00,25.26
2026-08-13 14:15:00,60.66
2026-08-13 14:30:00,29.98
2026-08-13 14:45:00,6.44
2026-08-13 15:00:00,3.97
2026-08-13 15:15:00,23.19
2026-08-13 15:30:00,15.12
2026-08-13 15:45:00,28.18
2026-08-13 16:00:00,19.9
2026-08-13 16:15:00,61.82
2026-08-13 16:30:00,31.69
2026-08-13 16:45:00,13.23
2026-08-13 17:00:00,3.18
2026-08-13 17:15:00,104.63
2026-08-13 17:30:00,77.62
2026-08-13 17:45:00,3.96
2026-08-13 18:00:00,4
2026-08-13 18:15:00,3.96
2026-08-13 18:30:00,3.97
2026-08-13 18:45:00,3.98
2026-08-13 19:00:00,4.06
2026-08-13 19:15:00,3.2
2026-08-13 19:30:00,0.69
2026-08-13 19:45:00,0
2026-08-13 20:00:00,0
2026-08-13 20:15:00,0
2026-08-13 20:30:00,0
2026-08-13 20:45:00,0
2026-08-13 21:00:00,0
2026-08-13 21:15:00,0
2026-08-13 21:30:00,0
2026-08-13 21:45:00,0
2026-08-13 22:00:00,0
2026-08-13 22:15:00,0
2026-08-13 22:30:00,0
2026-08-13 22:45:00,0
2026-08-13 23:00:00,0
2026-08-13 23:15:00,0
2026-08-13 23:30:00,0
2026-08-13 23:45:00,0
2026-08-14 00:00:00,0
2026-08-14 00:15:00,0
2026-08-14 00:30:00,0
2026-08-14 00:45:00,0
2026-08-14 01:00:00,0
2026-08-14 01:15:00,0
2026-08-14 01:30:00,0.01
2026-08-14 01:45:00,0
2026-08-14 02:00:00,0
2026-08-14 02:15:00,0
2026-08-14 02:30:00,0
2026-08-14 02:45:00,0
2026-08-14 03:00:00,0
2026-08-14 03:15:00,0
2026-08-14 03:30:00,0
2026-08-14 03:45:00,0
2026-08-14 04:00:00,0
2026-08-14 04:15:00,0
2026-08-14 04:30:00,0
2026-08-14 04:45:00,0
2026-08-14 05:00:00,0
2026-08-14 05:15:00,0
2026-08-14 05:30:00,0
2026-08-14 05:45:00,0
2026-08-14 06:00:00,0
2026-08-14 06:15:00,0
2026-08-14 06:30:00,0.04
2026-08-14 06:45:00,0.38
2026-08-14 07:00:00,0.92
2026-08-14 07:15:00,0.95
2026-08-14 07:30:00,1.89
2026-08-14 07:45:00,4.05
2026-08-14 08:00:00,9.61
2026-08-14 08:15:00,12.1
2026-08-14 08:30:00,8.03
2026-08-14 08:45:00,17.69
2026-08-14 09:00:00,26.88
2026-08-14 09:15:00,71.5
2026-08-14 09:30:00,91.02
2026-08-14 09:45:00,115.38
2026-08-14 10:00:00,121.04
2026-08-14 10:15:00,124.82
2026-08-14 10:30:00,120.12
2026-08-14 10:45:00,120.62
2026-08-14 11:00:00,120.9
2026-08-14 11:15:00,62.86
2026-08-14 11:30:00,3.94
2026-08-14 11:45:00,78.73
2026-08-14 12:00:00,54.5
2026-08-14 12:15:00,4.17
2026-08-14 12:30:00,3.9
2026-08-14 12:45:00,3.95
2026-08-14 13:00:00,3.93
2026-08-14 13:15:00,48.89
2026-08-14 13:30:00,144.96
2026-08-14 13:45:00,119.93
2026-08-14 14:00:00,42.89
2026-08-14 14:15:00,87.25
2026-08-14 14:30:00,51.49
2026-08-14 14:45:00,33.41
2026-08-14 15:00:00,34.57
2026-08-14 15:15:00,127.25
2026-08-14 15:30:00,206.9
2026-08-14 15:45:00,76.82
2026-08-14 16:00:00,4.31
2026-08-14 16:15:00,3.94
2026-08-14 16:30:00,3.98
2026-08-14 16:45:00,17.05
2026-08-14 17:00:00,45.43
2026-08-14 17:15:00,0.01
2026-08-14 17:30:00,70.58
2026-08-14 17:45:00,60.99
2026-08-14 18:00:00,0.04
2026-08-14 18:15:00,24.14
2026-08-14 18:30:00,3.91
2026-08-14 18:45:00,3.89
2026-08-14 19:00:00,4.04
2026-08-14 19:15:00,3.17
2026-08-14 19:30:00,0.18
2026-08-14 19:45:00,0
2026-08-14 20:00:00,0
2026-08-14 20:15:00,0
2026-08-14 20:30:00,0
2026-08-14 20:45:00,0
2026-08-14 21:00:00,0
2026-08-14 21:15:00,0
2026-08-14 21:30:00,0
2026-08-14 21:45:00,0
2026-08-14 22:00:00,0
2026-08-14 22:15:00,0
2026-08-14 22:30:00,0
2026-08-14 22:45:00,0
2026-08-14 23:00:00,0
2026-08-14 23:15:00,0
2026-08-14 23:30:00,0
2026-08-14 23:45:00,0
2026-08-15 00:00:00,0
2026-08-15 00:15:00,0
2026-08-15 00:30:00,0
2026-08-15 00:45:00,0
2026-08-15 01:00:00,0
2026-08-15 01:15:00,0
2026-08-15 01:30:00,0
2026-08-15 01:45:00,0
2026-08-15 02:00:00,0
2026-08-15 02:15:00,0
2026-08-15 02:30:00,0
2026-08-15 02:45:00,0
2026-08-15 03:00:00,0
2026-08-15 03:15:00,0
2026-08-15 03:30:00,0
2026-08-15 03:45:00,0
2026-08-15 04:00:00,0
2026-08-15 04:15:00,0
2026-08-15 04:30:00,0
2026-08-15 04:45:00,0
2026-08-15 05:00:00,0
2026-08-15 05:15:00,0
2026-08-15 05:30:00,0
2026-08-15 05:45:00,0
2026-08-15 06:00:00,0
2026-08-15 06:15:00,0.02
2026-08-15 06:30:00,0.58
2026-08-15 06:45:00,2.73
2026-08-15 07:00:00,14.74
2026-08-15 07:15:00,31
2026-08-15 07:30:00,36.29
2026-08-15 07:45:00,73.13
2026-08-15 08:00:00,34.76
2026-08-15 08:15:00,72.61
2026-08-15 08:30:00,38.27
2026-08-15 08:45:00,56.69
2026-08-15 09:00:00,73.8
2026-08-15 09:15:00,63.67
2026-08-15 09:30:00,75.45
2026-08-15 09:45:00,112.7
2026-08-15 10:00:00,144.71
2026-08-15 10:15:00,138.63
2026-08-15 10:30:00,36.79
2026-08-15 10:45:00,91.58
2026-08-15 11:00:00,47.53
2026-08-15 11:15:00,204.36
2026-08-15 11:30:00,268.73
2026-08-15 11:45:00,160.25
2026-08-15 12:00:00,125.24
2026-08-15 12:15:00,40.47
2026-08-15 12:30:00,3.03
2026-08-15 12:45:00,2.67
2026-08-15 13:00:00,2.79
2026-08-15 13:15:00,110.98
2026-08-15 13:30:00,13.15
2026-08-15 13:45:00,3.91
2026-08-15 14:00:00,38.82
2026-08-15 14:15:00,0
2026-08-15 14:30:00,103.85
2026-08-15 14:45:00,78.96
2026-08-15 15:00:00,25.43
2026-08-15 15:15:00,124.01
2026-08-15 15:30:00,0
2026-08-15 15:45:00,0
2026-08-15 16:00:00,0
2026-08-15 16:15:00,0
2026-08-15 16:30:00,42.74
2026-08-15 16:45:00,85.11
2026-08-15 17:00:00,0.02
2026-08-15 17:15:00,0.03
2026-08-15 17:30:00,0
2026-08-15 17:45:00,29.58
2026-08-15 18:00:00,6.77
2026-08-15 18:15:00,3.05
2026-08-15 18:30:00,3.09
2026-08-15 18:45:00,2.15
2026-08-15 19:00:00,0.94
2026-08-15 19:15:00,0.36
2026-08-15 19:30:00,0.04
2026-08-15 19:45:00,0
2026-08-15 20:00:00,0
2026-08-15 20:15:00,0
2026-08-15 20:30:00,0
2026-08-15 20:45:00,0
2026-08-15 21:00:00,0
2026-08-15 21:15:00,0
2026-08-15 21:30:00,0
2026-08-15 21:45:00,0
2026-08-15 22:00:00,0
2026-08-15 22:15:00,0
2026-08-15 22:30:00,0
2026-08-15 22:45:00,0
2026-08-15 23:00:00,0
2026-08-15 23:15:00,0
2026-08-15 23:30:00,0
2026-08-15 23:45:00,0
2026-08-16 00:00:00,0
2026-08-16 00:15:00,0
2026-08-16 00:30:00,0
2026-08-16 00:45:00,0
2026-08-16 01:00:00,0
2026-08-16 01:15:00,0
2026-08-16 01:30:00,0
2026-08-16 01:45:00,0
2026-08-16 02:00:00,0
2026-08-16 02:15:00,0
2026-08-16 02:30:00,0
2026-08-16 02:45:00,0
2026-08-16 03:00:00,0
2026-08-16 03:15:00,0
2026-08-16 03:30:00,0
2026-08-16 03:45:00,0
2026-08-16 04:00:00,0
2026-08-16 04:15:00,0
2026-08-16 04:30:00,0
2026-08-16 04:45:00,0
2026-08-16 05:00:00,0
2026-08-16 05:15:00,0
2026-08-16 05:30:00,0
2026-08-16 05:45:00,0
2026-08-16 06:00:00,0
2026-08-16 06:15:00,0
2026-08-16 06:30:00,0
2026-08-16 06:45:00,0
2026-08-16 07:00:00,0
2026-08-16 07:15:00,0
2026-08-16 07:30:00,0
2026-08-16 07:45:00,0
2026-08-16 08:00:00,0
2026-08-16 08:15:00,0
2026-08-16 08:30:00,0
2026-08-16 08:45:00,0
2026-08-16 09:00:00,0
2026-08-16 09:15:00,0
2026-08-16 09:30:00,0
2026-08-16 09:45:00,0
2026-08-16 10:00:00,0
2026-08-16 10:15:00,0
2026-08-16 10:30:00,0
2026-08-16 10:45:00,0
2026-08-16 11:00:00,0
2026-08-16 11:15:00,0
2026-08-16 11:30:00,0
2026-08-16 11:45:00,0
2026-08-16 12:00:00,0
2026-08-16 12:15:00,0
2026-08-16 12:30:00,0
2026-08-16 12:45:00,0
2026-08-16 13:00:00,0
2026-08-16 13:15:00,0
2026-08-16 13:30:00,0
2026-08-16 13:45:00,0
2026-08-16 14:00:00,0
2026-08-16 14:15:00,0
2026-08-16 14:30:00,0
2026-08-16 14:45:00,0
2026-08-16 15:00:00,0
2026-08-16 15:15:00,0
2026-08-16 15:30:00,0
2026-08-16 15:45:00,0
2026-08-16 16:00:00,0
2026-08-16 16:15:00,0
2026-08-16 16:30:00,0
2026-08-16 16:45:00,0
2026-08-16 17:00:00,0
2026-08-16 17:15:00,0
2026-08-16 17:30:00,0
2026-08-16 17:45:00,0
2026-08-16 18:00:00,0
2026-08-16 18:15:00,0
2026-08-16 18:30:00,0
2026-08-16 18:45:00,0
2026-08-16 19:00:00,0
2026-08-16 19:15:00,0
2026-08-16 19:30:00,0
2026-08-16 19:45:00,0
2026-08-16 20:00:00,0
2026-08-16 20:15:00,0
2026-08-16 20:30:00,0
2026-08-16 20:45:00,0
2026-08-16 21:00:00,0
2026-08-16 21:15:00,0
2026-08-16 21:30:00,0
2026-08-16 21:45:00,0
2026-08-16 22:00:00,0
2026-08-16 22:15:00,0
2026-08-16 22:30:00,0
2026-08-16 22:45:00,0
2026-08-16 23:00:00,0
2026-08-16 23:15:00,0
2026-08-16 23:30:00,0
2026-08-16 23:45:00,0
2026-08-17 00:00:00,0
2026-08-17 00:15:00,0
2026-08-17 00:30:00,0
2026-08-17 00:45:00,0
2026-08-17 01:00:00,0
2026-08-17 01:15:00,0
2026-08-17 01:30:00,0
2026-08-17 01:45:00,0
2026-08-17 02:00:00,0
2026-08-17 02:15:00,0
2026-08-17 02:30:00,0
2026-08-17 02:45:00,0
2026-08-17 03:00:00,0
2026-08-17 03:15:00,0
2026-08-17 03:30:00,0
2026-08-17 03:45:00,0
2026-08-17 04:00:00,0
2026-08-17 04:15:00,0
2026-08-17 04:30:00,0
2026-08-17 04:45:00,0
2026-08-17 05:00:00,0
2026-08-17 05:15:00,0
2026-08-17 05:30:00,0
2026-08-17 05:45:00,0
2026-08-17 06:00:00,0
2026-08-17 06:15:00,0
2026-08-17 06:30:00,0
2026-08-17 06:45:00,0
2026-08-17 07:00:00,0
2026-08-17 07:15:00,0
2026-08-17 07:30:00,0
2026-08-17 07:45:00,0
2026-08-17 08:00:00,0
2026-08-17 08:15:00,0
2026-08-17 08:30:00,0
2026-08-17 08:45:00,0
2026-08-17 09:00:00,47.72
2026-08-17 09:15:00,147.63
2026-08-17 09:30:00,174.61
2026-08-17 09:45:00,9.76
2026-08-17 10:00:00,122.31
2026-08-17 10:15:00,120.04
2026-08-17 10:30:00,148.39
2026-08-17 10:45:00,2.6
2026-08-17 11:00:00,163.82
2026-08-17 11:15:00,88.94
2026-08-17 11:30:00,36.99
2026-08-17 11:45:00,120.54
2026-08-17 12:00:00,195.48
2026-08-17 12:15:00,35.03
2026-08-17 12:30:00,17.35
2026-08-17 12:45:00,16.28
2026-08-17 13:00:00,29.43
2026-08-17 13:15:00,36.4
2026-08-17 13:30:00,35.49
2026-08-17 13:45:00,40.68
2026-08-17 14:00:00,41.46
2026-08-17 14:15:00,45.58
2026-08-17 14:30:00,56.13
2026-08-17 14:45:00,66.57
2026-08-17 15:00:00,75.54
2026-08-17 15:15:00,82.38
2026-08-17 15:30:00,85.05
2026-08-17 15:45:00,85.64
2026-08-17 16:00:00,109.93
2026-08-17 16:15:00,110.64
2026-08-17 16:30:00,109.31
2026-08-17 16:45:00,94.8
2026-08-17 17:00:00,71.89
2026-08-17 17:15:00,55.08
2026-08-17 17:30:00,37.31
2026-08-17 17:45:00,26.69
2026-08-17 18:00:00,21.93
2026-08-17 18:15:00,17.99
2026-08-17 18:30:00,4.24
2026-08-17 18:45:00,9.14
2026-08-17 19:00:00,0.01
2026-08-17 19:15:00,0.02
2026-08-17 19:30:00,0
2026-08-17 19:45:00,0
2026-08-17 20:00:00,0
2026-08-17 20:15:00,0
2026-08-17 20:30:00,0
2026-08-17 20:45:00,0
2026-08-17 21:00:00,0
2026-08-17 21:15:00,0
2026-08-17 21:30:00,0
2026-08-17 21:45:00,0
2026-08-17 22:00:00,0
2026-08-17 22:15:00,0
2026-08-17 22:30:00,0
2026-08-17 22:45:00,0
2026-08-17 23:00:00,0
2026-08-17 23:15:00,0
2026-08-17 23:30:00,0
2026-08-17 23:45:00,0
2026-08-18 00:00:00,0
2026-08-18 00:15:00,0
2026-08-18 00:30:00,0
2026-08-18 00:45:00,0
2026-08-18 01:00:00,0
2026-08-18 01:15:00,0
2026-08-18 01:30:00,0
2026-08-18 01:45:00,0
2026-08-18 02:00:00,0
2026-08-18 02:15:00,0
2026-08-18 02:30:00,0
2026-08-18 02:45:00,0
2026-08-18 03:00:00,0
2026-08-18 03:15:00,0
2026-08-18 03:30:00,0
2026-08-18 03:45:00,0
2026-08-18 04:00:00,0
2026-08-18 04:15:00,0
2026-08-18 04:30:00,0
2026-08-18 04:45:00,0
2026-08-18 05:00:00,0
2026-08-18 05:15:00,0
2026-08-18 05:30:00,0
2026-08-18 05:45:00,0
2026-08-18 06:00:00,0
2026-08-18 06:15:00,0
2026-08-18 06:30:00,1.18
2026-08-18 06:45:00,4.82
2026-08-18 07:00:00,8.53
2026-08-18 07:15:00,13.86
2026-08-18 07:30:00,26.05
2026-08-18 07:45:00,41.79
2026-08-18 08:00:00,53.52
2026-08-18 08:15:00,68.61
2026-08-18 08:30:00,76.41
2026-08-18 08:45:00,74.49
2026-08-18 09:00:00,121.26
2026-08-18 09:15:00,150.38
2026-08-18 09:30:00,159.04
2026-08-18 09:45:00,171.01
2026-08-18 10:00:00,93.82
2026-08-18 10:15:00,107.19
2026-08-18 10:30:00,128.01
2026-08-18 10:45:00,64.19
2026-08-18 11:00:00,38.01
2026-08-18 11:15:00,72.15
2026-08-18 11:30:00,50.18
2026-08-18 11:45:00,14.43
2026-08-18 12:00:00,13.3
2026-08-18 12:15:00,3.96
2026-08-18 12:30:00,3.97
2026-08-18 12:45:00,3.88
2026-08-18 13:00:00,67.27
2026-08-18 13:15:00,65.07
2026-08-18 13:30:00,76.4
2026-08-18 13:45:00,93.89
2026-08-18 14:00:00,108.92
2026-08-18 14:15:00,114.28
2026-08-18 14:30:00,120.87
2026-08-18 14:45:00,93.66
2026-08-18 15:00:00,24.42
2026-08-18 15:15:00,10.41
2026-08-18 15:30:00,3.92
2026-08-18 15:45:00,3.94
2026-08-18 16:00:00,3.93
2026-08-18 16:15:00,3.91
2026-08-18 16:30:00,3.89
2026-08-18 16:45:00,3.88
2026-08-18 17:00:00,62.96
2026-08-18 17:15:00,51.33
2026-08-18 17:30:00,10.7
2026-08-18 17:45:00,1.46
2026-08-18 18:00:00,0
2026-08-18 18:15:00,0
2026-08-18 18:30:00,0
2026-08-18 18:45:00,0
2026-08-18 19:00:00,0.02
2026-08-18 19:15:00,0
2026-08-18 19:30:00,0
2026-08-18 19:45:00,0
2026-08-18 20:00:00,0
2026-08-18 20:15:00,0
2026-08-18 20:30:00,0
2026-08-18 20:45:00,0
2026-08-18 21:00:00,0
2026-08-18 21:15:00,0
2026-08-18 21:30:00,0
2026-08-18 21:45:00,0
2026-08-18 22:00:00,0
2026-08-18 22:15:00,0
2026-08-18 22:30:00,0
2026-08-18 22:45:00,0
2026-08-18 23:00:00,0
2026-08-18 23:15:00,0
2026-08-18 23:30:00,0
2026-08-18 23:45:00,0
2026-08-19 00:00:00,0
2026-08-19 00:15:00,0
2026-08-19 00:30:00,0
2026-08-19 00:45:00,0
2026-08-19 01:00:00,0
2026-08-19 01:15:00,0
2026-08-19 01:30:00,0
2026-08-19 01:45:00,0
2026-08-19 02:00:00,0
2026-08-19 02:15:00,0
2026-08-19 02:30:00,0
2026-08-19 02:45:00,0
2026-08-19 03:00:00,0
2026-08-19 03:15:00,0
2026-08-19 03:30:00,0
2026-08-19 03:45:00,0
2026-08-19 04:00:00,0
2026-08-19 04:15:00,0
2026-08-19 04:30:00,0
2026-08-19 04:45:00,0
2026-08-19 05:00:00,0
2026-08-19 05:15:00,0
2026-08-19 05:30:00,0
2026-08-19 05:45:00,0
2026-08-19 06:00:00,0
2026-08-19 06:15:00,0.14
2026-08-19 06:30:00,1.19
2026-08-19 06:45:00,5.52
2026-08-19 07:00:00,11.09
2026-08-19 07:15:00,23.6
2026-08-19 07:30:00,27.71
2026-08-19 07:45:00,46.9
2026-08-19 08:00:00,33.05
2026-08-19 08:15:00,51.99
2026-08-19 08:30:00,58.46
2026-08-19 08:45:00,54.63
2026-08-19 09:00:00,46.46
2026-08-19 09:15:00,30.16
2026-08-19 09:30:00,37.85
2026-08-19 09:45:00,29.5
2026-08-19 10:00:00,68.27
2026-08-19 10:15:00,44.11
2026-08-19 10:30:00,34.85
2026-08-19 10:45:00,83.56
2026-08-19 11:00:00,116.43
2026-08-19 11:15:00,203.69
2026-08-19 11:30:00,126.12
2026-08-19 11:45:00,103.37
2026-08-19 12:00:00,212.8
2026-08-19 12:15:00,179.12
2026-08-19 12:30:00,74
2026-08-19 12:45:00,3.99
2026-08-19 13:00:00,4.08
2026-08-19 13:15:00,44.89
2026-08-19 13:30:00,23.38
2026-08-19 13:45:00,0.04
2026-08-19 14:00:00,9.76
2026-08-19 14:15:00,87.95
2026-08-19 14:30:00,50.6
2026-08-19 14:45:00,63.65
2026-08-19 15:00:00,78.45
2026-08-19 15:15:00,36.16
2026-08-19 15:30:00,0
2026-08-19 15:45:00,28.68
2026-08-19 16:00:00,2.62
2026-08-19 16:15:00,2.6
2026-08-19 16:30:00,143.11
2026-08-19 16:45:00,66.51
2026-08-19 17:00:00,19.32
2026-08-19 17:15:00,2.57
2026-08-19 17:30:00,2.59
2026-08-19 17:45:00,57.58
2026-08-19 18:00:00,35.99
2026-08-19 18:15:00,10.14
2026-08-19 18:30:00,13.53
2026-08-19 18:45:00,8.69
2026-08-19 19:00:00,2.19
2026-08-19 19:15:00,0.33
2026-08-19 19:30:00,0.06
2026-08-19 19:45:00,0
2026-08-19 20:00:00,0
2026-08-19 20:15:00,0
2026-08-19 20:30:00,0
2026-08-19 20:45:00,0
2026-08-19 21:00:00,0
2026-08-19 21:15:00,0
2026-08-19 21:30:00,0
2026-08-19 21:45:00,0
2026-08-19 22:00:00,0
2026-08-19 22:15:00,0
2026-08-19 22:30:00,0
2026-08-19 22:45:00,0
2026-08-19 23:00:00,0
2026-08-19 23:15:00,0
2026-08-19 23:30:00,0
2026-08-19 23:45:00,0
2026-08-20 00:00:00,0
2026-08-20 00:15:00,0
2026-08-20 00:30:00,0
2026-08-20 00:45:00,0
2026-08-20 01:00:00,0
2026-08-20 01:15:00,0
2026-08-20 01:30:00,0
2026-08-20 01:45:00,0
2026-08-20 02:00:00,0
2026-08-20 02:15:00,0
2026-08-20 02:30:00,0
2026-08-20 02:45:00,0
2026-08-20 03:00:00,0
2026-08-20 03:15:00,0
2026-08-20 03:30:00,0
2026-08-20 03:45:00,0
2026-08-20 04:00:00,0
2026-08-20 04:15:00,0
2026-08-20 04:30:00,0
2026-08-20 04:45:00,0
2026-08-20 05:00:00,0
2026-08-20 05:15:00,0
2026-08-20 05:30:00,0
2026-08-20 05:45:00,0
2026-08-20 06:00:00,0
2026-08-20 06:15:00,0
2026-08-20 06:30:00,2.63
2026-08-20 06:45:00,8.47
2026-08-20 07:00:00,17.06
2026-08-20 07:15:00,29.94
2026-08-20 07:30:00,42.78
2026-08-20 07:45:00,53.8
2026-08-20 08:00:00,46.78
2026-08-20 08:15:00,87
2026-08-20 08:30:00,103.46
2026-08-20 08:45:00,123.17
2026-08-20 09:00:00,131.83
2026-08-20 09:15:00,131.47
2026-08-20 09:30:00,124.7
2026-08-20 09:45:00,25.44
2026-08-20 10:00:00,3.9
2026-08-20 10:15:00,3.92
2026-08-20 10:30:00,3.89
2026-08-20 10:45:00,32.16
2026-08-20 11:00:00,88.74
2026-08-20 11:15:00,59.95
2026-08-20 11:30:00,3.88
2026-08-20 11:45:00,3.94
2026-08-20 12:00:00,3.89
2026-08-20 12:15:00,40.56
2026-08-20 12:30:00,27.84
2026-08-20 12:45:00,16.85
2026-08-20 13:00:00,19.54
2026-08-20 13:15:00,10.2
2026-08-20 13:30:00,96.91
2026-08-20 13:45:00,103.87
2026-08-20 14:00:00,91.82
2026-08-20 14:15:00,35.18
2026-08-20 14:30:00,167.04
2026-08-20 14:45:00,38.42
2026-08-20 15:00:00,4.64
2026-08-20 15:15:00,4.6
2026-08-20 15:30:00,130.35
2026-08-20 15:45:00,141.47
2026-08-20 16:00:00,82.35
2026-08-20 16:15:00,84.02
2026-08-20 16:30:00,101.68
2026-08-20 16:45:00,16.05
2026-08-20 17:00:00,56.82
2026-08-20 17:15:00,45.53
2026-08-20 17:30:00,46.07
2026-08-20 17:45:00,11.08
2026-08-20 18:00:00,10.48
2026-08-20 18:15:00,18.33
2026-08-20 18:30:00,16.19
2026-08-20 18:45:00,8.92
2026-08-20 19:00:00,4.41
2026-08-20 19:15:00,2.39
2026-08-20 19:30:00,0.06
2026-08-20 19:45:00,0
2026-08-20 20:00:00,0
2026-08-20 20:15:00,0
2026-08-20 20:30:00,0
2026-08-20 20:45:00,0
2026-08-20 21:00:00,0
2026-08-20 21:15:00,0
2026-08-20 21:30:00,0
2026-08-20 21:45:00,0
2026-08-20 22:00:00,0
2026-08-20 22:15:00,0
2026-08-20 22:30:00,0
2026-08-20 22:45:00,0
2026-08-20 23:00:00,0
2026-08-20 23:15:00,0
2026-08-20 23:30:00,0
2026-08-20 23:45:00,0
2026-08-21 00:00:00,0
2026-08-21 00:15:00,0
2026-08-21 00:30:00,0
2026-08-21 00:45:00,0
2026-08-21 01:00:00,0
2026-08-21 01:15:00,0
2026-08-21 01:30:00,0
2026-08-21 01:45:00,0
2026-08-21 02:00:00,0
2026-08-21 02:15:00,0
2026-08-21 02:30:00,0
2026-08-21 02:45:00,0
2026-08-21 03:00:00,0
2026-08-21 03:15:00,0
2026-08-21 03:30:00,0
2026-08-21 03:45:00,0
2026-08-21 04:00:00,0
2026-08-21 04:15:00,0
2026-08-21 04:30:00,0
2026-08-21 04:45:00,0
2026-08-21 05:00:00,0
2026-08-21 05:15:00,0
2026-08-21 05:30:00,0
2026-08-21 05:45:00,0
2026-08-21 06:00:00,0
2026-08-21 06:15:00,0
2026-08-21 06:30:00,0.87
2026-08-21 06:45:00,3.43
2026-08-21 07:00:00,2.87
2026-08-21 07:15:00,5.84
2026-08-21 07:30:00,6.17
2026-08-21 07:45:00,0.02
2026-08-21 08:00:00,0
2026-08-21 08:15:00,0.02
2026-08-21 08:30:00,43.04
2026-08-21 08:45:00,46.36
2026-08-21 09:00:00,52.86
2026-08-21 09:15:00,59.43
2026-08-21 09:30:00,72.55
2026-08-21 09:45:00,66.64
2026-08-21 10:00:00,43.29
2026-08-21 10:15:00,27.84
2026-08-21 10:30:00,33.28
2026-08-21 10:45:00,30.06
2026-08-21 11:00:00,53.95
2026-08-21 11:15:00,117.6
2026-08-21 11:30:00,137.77
2026-08-21 11:45:00,124.26
2026-08-21 12:00:00,124.72
2026-08-21 12:15:00,124.59
2026-08-21 12:30:00,149.25
2026-08-21 12:45:00,169.38
2026-08-21 13:00:00,19.05
2026-08-21 13:15:00,142.41
2026-08-21 13:30:00,128.89
2026-08-21 13:45:00,85.57
2026-08-21 14:00:00,22.78
2026-08-21 14:15:00,4.02
2026-08-21 14:30:00,155.37
2026-08-21 14:45:00,61.43
2026-08-21 15:00:00,4
2026-08-21 15:15:00,4
2026-08-21 15:30:00,3.96
2026-08-21 15:45:00,4.01
2026-08-21 16:00:00,54.54
2026-08-21 16:15:00,44.99
2026-08-21 16:30:00,20
2026-08-21 16:45:00,23.62
2026-08-21 17:00:00,0.04
2026-08-21 17:15:00,0.01
2026-08-21 17:30:00,12.82
2026-08-21 17:45:00,13.76
2026-08-21 18:00:00,18.12
2026-08-21 18:15:00,17.48
2026-08-21 18:30:00,0
2026-08-21 18:45:00,0
2026-08-21 19:00:00,1.48
2026-08-21 19:15:00,0.11
2026-08-21 19:30:00,0.01
2026-08-21 19:45:00,0
2026-08-21 20:00:00,0
2026-08-21 20:15:00,0
2026-08-21 20:30:00,0
2026-08-21 20:45:00,0
2026-08-21 21:00:00,0
2026-08-21 21:15:00,0
2026-08-21 21:30:00,0
2026-08-21 21:45:00,0
2026-08-21 22:00:00,0
2026-08-21 22:15:00,0
2026-08-21 22:30:00,0
2026-08-21 22:45:00,0
2026-08-21 23:00:00,0
2026-08-21 23:15:00,0
2026-08-21 23:30:00,0
2026-08-21 23:45:00,0
2026-08-22 00:00:00,0
2026-08-22 00:15:00,0
2026-08-22 00:30:00,0
2026-08-22 00:45:00,0
2026-08-22 01:00:00,0
2026-08-22 01:15:00,0
2026-08-22 01:30:00,0
2026-08-22 01:45:00,0
2026-08-22 02:00:00,0
2026-08-22 02:15:00,0
2026-08-22 02:30:00,0
2026-08-22 02:45:00,0
2026-08-22 03:00:00,0
2026-08-22 03:15:00,0
2026-08-22 03:30:00,0
2026-08-22 03:45:00,0
2026-08-22 04:00:00,0
2026-08-22 04:15:00,0
2026-08-22 04:30:00,0
2026-08-22 04:45:00,0
2026-08-22 05:00:00,0
2026-08-22 05:15:00,0
2026-08-22 05:30:00,0
2026-08-22 05:45:00,0
2026-08-22 06:00:00,0
2026-08-22 06:15:00,0
2026-08-22 06:30:00,0.01
2026-08-22 06:45:00,0.93
2026-08-22 07:00:00,2.03
2026-08-22 07:15:00,2.01
2026-08-22 07:30:00,3.26
2026-08-22 07:45:00,3.7
2026-08-22 08:00:00,5.09
2026-08-22 08:15:00,7.45
2026-08-22 08:30:00,6.59
2026-08-22 08:45:00,6.69
2026-08-22 09:00:00,12.28
2026-08-22 09:15:00,21.41
2026-08-22 09:30:00,4.53
2026-08-22 09:45:00,27.15
2026-08-22 10:00:00,20.78
2026-08-22 10:15:00,31.1
2026-08-22 10:30:00,9.48
2026-08-22 10:45:00,26.14
2026-08-22 11:00:00,52.94
2026-08-22 11:15:00,53.47
2026-08-22 11:30:00,57.51
2026-08-22 11:45:00,112.37
2026-08-22 12:00:00,121.79
2026-08-22 12:15:00,126.24
2026-08-22 12:30:00,104.95
2026-08-22 12:45:00,89.15
2026-08-22 13:00:00,48.98
2026-08-22 13:15:00,6.52
2026-08-22 13:30:00,108.98
2026-08-22 13:45:00,135.65
2026-08-22 14:00:00,197.37
2026-08-22 14:15:00,104.69
2026-08-22 14:30:00,142.55
2026-08-22 14:45:00,107.8
2026-08-22 15:00:00,79.44
2026-08-22 15:15:00,45.23
2026-08-22 15:30:00,21.5
2026-08-22 15:45:00,2.58
2026-08-22 16:00:00,29.35
2026-08-22 16:15:00,65.01
2026-08-22 16:30:00,56.26
2026-08-22 16:45:00,63.19
2026-08-22 17:00:00,42.34
2026-08-22 17:15:00,49.82
2026-08-22 17:30:00,34.91
2026-08-22 17:45:00,29.87
2026-08-22 18:00:00,22.65
2026-08-22 18:15:00,19.53
2026-08-22 18:30:00,17.71
2026-08-22 18:45:00,7.1
2026-08-22 19:00:00,3.9
2026-08-22 19:15:00,0.24
2026-08-22 19:30:00,0
2026-08-22 19:45:00,0
2026-08-22 20:00:00,0
2026-08-22 20:15:00,0
2026-08-22 20:30:00,0
2026-08-22 20:45:00,0
2026-08-22 21:00:00,0
2026-08-22 21:15:00,0
2026-08-22 21:30:00,0
2026-08-22 21:45:00,0
2026-08-22 22:00:00,0
2026-08-22 22:15:00,0
2026-08-22 22:30:00,0
2026-08-22 22:45:00,0
2026-08-22 23:00:00,0
2026-08-22 23:15:00,0
2026-08-22 23:30:00,0
2026-08-22 23:45:00,0
2026-08-23 00:00:00,0
2026-08-23 00:15:00,0
2026-08-23 00:30:00,0
2026-08-23 00:45:00,0
2026-08-23 01:00:00,0
2026-08-23 01:15:00,0
2026-08-23 01:30:00,0
2026-08-23 01:45:00,0
2026-08-23 02:00:00,0
2026-08-23 02:15:00,0
2026-08-23 02:30:00,0
2026-08-23 02:45:00,0
2026-08-23 03:00:00,0
2026-08-23 03:15:00,0
2026-08-23 03:30:00,0
2026-08-23 03:45:00,0
2026-08-23 04:00:00,0
2026-08-23 04:15:00,0
2026-08-23 04:30:00,0
2026-08-23 04:45:00,0
2026-08-23 05:00:00,0
2026-08-23 05:15:00,0
2026-08-23 05:30:00,0
2026-08-23 05:45:00,0
2026-08-23 06:00:00,0
2026-08-23 06:15:00,0
2026-08-23 06:30:00,0.11
2026-08-23 06:45:00,1.71
2026-08-23 07:00:00,3.52
2026-08-23 07:15:00,10.99
2026-08-23 07:30:00,16.4
2026-08-23 07:45:00,23.08
2026-08-23 08:00:00,27.79
2026-08-23 08:15:00,39.72
2026-08-23 08:30:00,43.12
2026-08-23 08:45:00,60.44
2026-08-23 09:00:00,89.28
2026-08-23 09:15:00,112.28
2026-08-23 09:30:00,131.93
2026-08-23 09:45:00,132.32
2026-08-23 10:00:00,169.6
2026-08-23 10:15:00,105.09
2026-08-23 10:30:00,83.35
2026-08-23 10:45:00,65.74
2026-08-23 11:00:00,98.53
2026-08-23 11:15:00,146.66
2026-08-23 11:30:00,79.18
2026-08-23 11:45:00,132.18
2026-08-23 12:00:00,90.26
2026-08-23 12:15:00,37.1
2026-08-23 12:30:00,43.52
2026-08-23 12:45:00,122.59
2026-08-23 13:00:00,107.98
2026-08-23 13:15:00,135.55
2026-08-23 13:30:00,98.36
2026-08-23 13:45:00,41.95
2026-08-23 14:00:00,75.8
2026-08-23 14:15:00,24.69
2026-08-23 14:30:00,36.18
2026-08-23 14:45:00,106.91
2026-08-23 15:00:00,172.18
2026-08-23 15:15:00,85.77
2026-08-23 15:30:00,0
2026-08-23 15:45:00,106.19
2026-08-23 16:00:00,102.58
2026-08-23 16:15:00,27.8
2026-08-23 16:30:00,3.94
2026-08-23 16:45:00,3.96
2026-08-23 17:00:00,3.96
2026-08-23 17:15:00,3.94
2026-08-23 17:30:00,92.69
2026-08-23 17:45:00,19.73
2026-08-23 18:00:00,3.86
2026-08-23 18:15:00,26.21
2026-08-23 18:30:00,0
2026-08-23 18:45:00,0.02
2026-08-23 19:00:00,0
2026-08-23 19:15:00,0
2026-08-23 19:30:00,0
2026-08-23 19:45:00,0
2026-08-23 20:00:00,0
2026-08-23 20:15:00,0
2026-08-23 20:30:00,0
2026-08-23 20:45:00,0
2026-08-23 21:00:00,0
2026-08-23 21:15:00,0
2026-08-23 21:30:00,0
2026-08-23 21:45:00,0
2026-08-23 22:00:00,0
2026-08-23 22:15:00,0
2026-08-23 22:30:00,0
2026-08-23 22:45:00,0
2026-08-23 23:00:00,0
2026-08-23 23:15:00,0
2026-08-23 23:30:00,0
2026-08-23 23:45:00,0
2026-08-24 00:00:00,0
2026-08-24 00:15:00,0
2026-08-24 00:30:00,0
2026-08-24 00:45:00,0
2026-08-24 01:00:00,0
2026-08-24 01:15:00,0
2026-08-24 01:30:00,0
2026-08-24 01:45:00,0
2026-08-24 02:00:00,0
2026-08-24 02:15:00,0
2026-08-24 02:30:00,0
2026-08-24 02:45:00,0
2026-08-24 03:00:00,0
2026-08-24 03:15:00,0
2026-08-24 03:30:00,0
2026-08-24 03:45:00,0
2026-08-24 04:00:00,0
2026-08-24 04:15:00,0
2026-08-24 04:30:00,0
2026-08-24 04:45:00,0
2026-08-24 05:00:00,0
2026-08-24 05:15:00,0
2026-08-24 05:30:00,0
2026-08-24 05:45:00,0
2026-08-24 06:00:00,0
2026-08-24 06:15:00,0.01
2026-08-24 06:30:00,0.2
2026-08-24 06:45:00,1.3
2026-08-24 07:00:00,4.28
2026-08-24 07:15:00,8.82
2026-08-24 07:30:00,7.64
2026-08-24 07:45:00,17.53
2026-08-24 08:00:00,32.54
2026-08-24 08:15:00,33.01
2026-08-24 08:30:00,21.35
2026-08-24 08:45:00,59.06
2026-08-24 09:00:00,22.22
2026-08-24 09:15:00,32.74
2026-08-24 09:30:00,49.93
2026-08-24 09:45:00,75.29
2026-08-24 10:00:00,90.96
2026-08-24 10:15:00,85.55
2026-08-24 10:30:00,106.9
2026-08-24 10:45:00,120.92
2026-08-24 11:00:00,125.03
2026-08-24 11:15:00,4.91
2026-08-24 11:30:00,50.34
2026-08-24 11:45:00,28.69
2026-08-24 12:00:00,8.23
2026-08-24 12:15:00,2.6
2026-08-24 12:30:00,2.6
2026-08-24 12:45:00,2.62
2026-08-24 13:00:00,2.59
2026-08-24 13:15:00,2.62
2026-08-24 13:30:00,2.65
2026-08-24 13:45:00,2.62
2026-08-24 14:00:00,2.59
2026-08-24 14:15:00,2.6
2026-08-24 14:30:00,2.59
2026-08-24 14:45:00,128.23
2026-08-24 15:00:00,129.25
2026-08-24 15:15:00,25.37
2026-08-24 15:30:00,3.94
2026-08-24 15:45:00,4.04
2026-08-24 16:00:00,62.62
2026-08-24 16:15:00,41.49
2026-08-24 16:30:00,16.51
2026-08-24 16:45:00,9.13
2026-08-24 17:00:00,55.24
2026-08-24 17:15:00,102.23
2026-08-24 17:30:00,45.75
2026-08-24 17:45:00,23.67
2026-08-24 18:00:00,21.18
2026-08-24 18:15:00,13.96
2026-08-24 18:30:00,11.26
2026-08-24 18:45:00,4.36
2026-08-24 19:00:00,1.9
2026-08-24 19:15:00,0.24
2026-08-24 19:30:00,0.02
2026-08-24 19:45:00,0
2026-08-24 20:00:00,0
2026-08-24 20:15:00,0
2026-08-24 20:30:00,0
2026-08-24 20:45:00,0
2026-08-24 21:00:00,0
2026-08-24 21:15:00,0
2026-08-24 21:30:00,0
2026-08-24 21:45:00,0
2026-08-24 22:00:00,0
2026-08-24 22:15:00,0
2026-08-24 22:30:00,0
2026-08-24 22:45:00,0
2026-08-24 23:00:00,0
2026-08-24 23:15:00,0
2026-08-24 23:30:00,0
2026-08-24 23:45:00,0
2026-08-25 00:00:00,0
2026-08-25 00:15:00,0
2026-08-25 00:30:00,0
2026-08-25 00:45:00,0
2026-08-25 01:00:00,0
2026-08-25 01:15:00,0
2026-08-25 01:30:00,0.01
2026-08-25 01:45:00,0
2026-08-25 02:00:00,0
2026-08-25 02:15:00,0
2026-08-25 02:30:00,0
2026-08-25 02:45:00,0
2026-08-25 03:00:00,0
2026-08-25 03:15:00,0
2026-08-25 03:30:00,0
2026-08-25 03:45:00,0
2026-08-25 04:00:00,0
2026-08-25 04:15:00,0
2026-08-25 04:30:00,0
2026-08-25 04:45:00,0
2026-08-25 05:00:00,0
2026-08-25 05:15:00,0
2026-08-25 05:30:00,0
2026-08-25 05:45:00,0
2026-08-25 06:00:00,0
2026-08-25 06:15:00,0
2026-08-25 06:30:00,0.49
2026-08-25 06:45:00,1.75
2026-08-25 07:00:00,5.12
2026-08-25 07:15:00,12.81
2026-08-25 07:30:00,9.58
2026-08-25 07:45:00,9.23
2026-08-25 08:00:00,18.81
2026-08-25 08:15:00,0.11
2026-08-25 08:30:00,28.7
2026-08-25 08:45:00,34.11
2026-08-25 09:00:00,67.99
2026-08-25 09:15:00,39.86
2026-08-25 09:30:00,37.36
2026-08-25 09:45:00,36.7
2026-08-25 10:00:00,41.22
2026-08-25 10:15:00,22.38
2026-08-25 10:30:00,57.78
2026-08-25 10:45:00,80.54
2026-08-25 11:00:00,82.19
2026-08-25 11:15:00,77.76
2026-08-25 11:30:00,83.12
2026-08-25 11:45:00,130.52
2026-08-25 12:00:00,129.13
2026-08-25 12:15:00,103.82
2026-08-25 12:30:00,93.29
2026-08-25 12:45:00,29.33
2026-08-25 13:00:00,3.97
2026-08-25 13:15:00,3.92
2026-08-25 13:30:00,3.96
2026-08-25 13:45:00,3.95
2026-08-25 14:00:00,3.93
2026-08-25 14:15:00,54.48
2026-08-25 14:30:00,57.99
2026-08-25 14:45:00,26.93
2026-08-25 15:00:00,68.57
2026-08-25 15:15:00,84.8
2026-08-25 15:30:00,44.66
2026-08-25 15:45:00,3.91
2026-08-25 16:00:00,3.88
2026-08-25 16:15:00,3.91
2026-08-25 16:30:00,3.95
2026-08-25 16:45:00,53.08
2026-08-25 17:00:00,43.3
2026-08-25 17:15:00,72.69
2026-08-25 17:30:00,34.34
2026-08-25 17:45:00,50.08
2026-08-25 18:00:00,3.92
2026-08-25 18:15:00,3.93
2026-08-25 18:30:00,4.22
2026-08-25 18:45:00,3.3
2026-08-25 19:00:00,1.61
2026-08-25 19:15:00,0.19
2026-08-25 19:30:00,0.01
2026-08-25 19:45:00,0.01
2026-08-25 20:00:00,0.01
2026-08-25 20:15:00,0
2026-08-25 20:30:00,0.01
2026-08-25 20:45:00,0.01
2026-08-25 21:00:00,0
2026-08-25 21:15:00,0
2026-08-25 21:30:00,0
2026-08-25 21:45:00,0
2026-08-25 22:00:00,0
2026-08-25 22:15:00,0
2026-08-25 22:30:00,0
2026-08-25 22:45:00,0
2026-08-25 23:00:00,0
2026-08-25 23:15:00,0
2026-08-25 23:30:00,0
2026-08-25 23:45:00,0
2026-08-26 00:00:00,0
2026-08-26 00:15:00,0
2026-08-26 00:30:00,0
2026-08-26 00:45:00,0
2026-08-26 01:00:00,0
2026-08-26 01:15:00,0
2026-08-26 01:30:00,0
2026-08-26 01:45:00,0
2026-08-26 02:00:00,0
2026-08-26 02:15:00,0
2026-08-26 02:30:00,0
2026-08-26 02:45:00,0
2026-08-26 03:00:00,0
2026-08-26 03:15:00,0
2026-08-26 03:30:00,0
2026-08-26 03:45:00,0
2026-08-26 04:00:00,0.01
2026-08-26 04:15:00,0
2026-08-26 04:30:00,0
2026-08-26 04:45:00,0
2026-08-26 05:00:00,0
2026-08-26 05:15:00,0
2026-08-26 05:30:00,0
2026-08-26 05:45:00,0
2026-08-26 06:00:00,0
2026-08-26 06:15:00,0.01
2026-08-26 06:30:00,2.14
2026-08-26 06:45:00,5.19
2026-08-26 07:00:00,10.07
2026-08-26 07:15:00,20.88
2026-08-26 07:30:00,18.63
2026-08-26 07:45:00,29.93
2026-08-26 08:00:00,22.85
2026-08-26 08:15:00,33.98
2026-08-26 08:30:00,47.18
2026-08-26 08:45:00,65.47
2026-08-26 09:00:00,57.65
2026-08-26 09:15:00,79.66
2026-08-26 09:30:00,113.89
2026-08-26 09:45:00,0
2026-08-26 10:00:00,74.62
2026-08-26 10:15:00,94.19
2026-08-26 10:30:00,93.39
2026-08-26 10:45:00,124.18
2026-08-26 11:00:00,119.46
2026-08-26 11:15:00,118.97
2026-08-26 11:30:00,102.7
2026-08-26 11:45:00,53.53
2026-08-26 12:00:00,12.36
2026-08-26 12:15:00,7.63
2026-08-26 12:30:00,3.92
2026-08-26 12:45:00,96.43
2026-08-26 13:00:00,99.99
2026-08-26 13:15:00,56.47
2026-08-26 13:30:00,4.94
2026-08-26 13:45:00,3.95
2026-08-26 14:00:00,3.97
2026-08-26 14:15:00,92.6
2026-08-26 14:30:00,83.58
2026-08-26 14:45:00,39.41
2026-08-26 15:00:00,0
2026-08-26 15:15:00,0
2026-08-26 15:30:00,0
2026-08-26 15:45:00,109.38
2026-08-26 16:00:00,30.5
2026-08-26 16:15:00,23.32
2026-08-26 16:30:00,30.44
2026-08-26 16:45:00,24.56
2026-08-26 17:00:00,20.78
2026-08-26 17:15:00,22.98
2026-08-26 17:30:00,25.57
2026-08-26 17:45:00,16.12
2026-08-26 18:00:00,14.61
2026-08-26 18:15:00,11.17
2026-08-26 18:30:00,6.09
2026-08-26 18:45:00,5.2
2026-08-26 19:00:00,0.96
2026-08-26 19:15:00,0.04
2026-08-26 19:30:00,0
2026-08-26 19:45:00,0
2026-08-26 20:00:00,0.03
2026-08-26 20:15:00,0.04
2026-08-26 20:30:00,0.03
2026-08-26 20:45:00,0.03
2026-08-26 21:00:00,0.03
2026-08-26 21:15:00,0.03
2026-08-26 21:30:00,0.03
2026-08-26 21:45:00,0.04
2026-08-26 22:00:00,0.05
2026-08-26 22:15:00,0.03
2026-08-26 22:30:00,0.02
2026-08-26 22:45:00,0.04
2026-08-26 23:00:00,0.02
2026-08-26 23:15:00,0.02
2026-08-26 23:30:00,0.04
2026-08-26 23:45:00,0.02
2026-08-27 00:00:00,0.01
2026-08-27 00:15:00,0.01
2026-08-27 00:30:00,0.01
2026-08-27 00:45:00,0.01
2026-08-27 01:00:00,0.01
2026-08-27 01:15:00,0.01
2026-08-27 01:30:00,0.01
2026-08-27 01:45:00,0.01
2026-08-27 02:00:00,0.01
2026-08-27 02:15:00,0.01
2026-08-27 02:30:00,0.01
2026-08-27 02:45:00,0.01
2026-08-27 03:00:00,0.01
2026-08-27 03:15:00,0.01
2026-08-27 03:30:00,0
2026-08-27 03:45:00,0.01
2026-08-27 04:00:00,0
2026-08-27 04:15:00,0
2026-08-27 04:30:00,0
2026-08-27 04:45:00,0.01
2026-08-27 05:00:00,0.01
2026-08-27 05:15:00,0.01
2026-08-27 05:30:00,0.01
2026-08-27 05:45:00,0.01
2026-08-27 06:00:00,0.01
2026-08-27 06:15:00,0.02
2026-08-27 06:30:00,0.01
2026-08-27 06:45:00,2.22
2026-08-27 07:00:00,5.01
2026-08-27 07:15:00,1.71
2026-08-27 07:30:00,12.8
2026-08-27 07:45:00,8.15
2026-08-27 08:00:00,12.18
2026-08-27 08:15:00,9.54
2026-08-27 08:30:00,16.2
2026-08-27 08:45:00,15.32
2026-08-27 09:00:00,8.54
2026-08-27 09:15:00,5.68
2026-08-27 09:30:00,7.54
2026-08-27 09:45:00,9.9
2026-08-27 10:00:00,11.95
2026-08-27 10:15:00,29.33
2026-08-27 10:30:00,56.1
2026-08-27 10:45:00,51.83
2026-08-27 11:00:00,59.37
2026-08-27 11:15:00,61.81
2026-08-27 11:30:00,82.29
2026-08-27 11:45:00,71.77
2026-08-27 12:00:00,14.55
2026-08-27 12:15:00,11.94
2026-08-27 12:30:00,25.88
2026-08-27 12:45:00,21.51
2026-08-27 13:00:00,25.2
2026-08-27 13:15:00,25.43
2026-08-27 13:30:00,44.39
2026-08-27 13:45:00,56.11
2026-08-27 14:00:00,50.83
2026-08-27 14:15:00,57.52
2026-08-27 14:30:00,43.01
2026-08-27 14:45:00,42.09
2026-08-27 15:00:00,30.71
2026-08-27 15:15:00,16.77
2026-08-27 15:30:00,17.87
2026-08-27 15:45:00,43.99
2026-08-27 16:00:00,52.54
2026-08-27 16:15:00,63.05
2026-08-27 16:30:00,67.19
2026-08-27 16:45:00,68.37
2026-08-27 17:00:00,37.04
2026-08-27 17:15:00,60.73
2026-08-27 17:30:00,42.28
2026-08-27 17:45:00,32.48
2026-08-27 18:00:00,25.63
2026-08-27 18:15:00,15.64
2026-08-27 18:30:00,11.38
2026-08-27 18:45:00,4.63
2026-08-27 19:00:00,2.02
2026-08-27 19:15:00,0.09
2026-08-27 19:30:00,0
2026-08-27 19:45:00,0
2026-08-27 20:00:00,0
2026-08-27 20:15:00,0
2026-08-27 20:30:00,0
2026-08-27 20:45:00,0
2026-08-27 21:00:00,0
2026-08-27 21:15:00,0
2026-08-27 21:30:00,0
2026-08-27 21:45:00,0
2026-08-27 22:00:00,0
2026-08-27 22:15:00,0
2026-08-27 22:30:00,0
2026-08-27 22:45:00,0
2026-08-27 23:00:00,0
2026-08-27 23:15:00,0
2026-08-27 23:30:00,0
2026-08-27 23:45:00,0
2026-08-28 00:00:00,0
2026-08-28 00:15:00,0
2026-08-28 00:30:00,0
2026-08-28 00:45:00,0
2026-08-28 01:00:00,0
2026-08-28 01:15:00,0
2026-08-28 01:30:00,0
2026-08-28 01:45:00,0
2026-08-28 02:00:00,0
2026-08-28 02:15:00,0
2026-08-28 02:30:00,0
2026-08-28 02:45:00,0
2026-08-28 03:00:00,0
2026-08-28 03:15:00,0
2026-08-28 03:30:00,0
2026-08-28 03:45:00,0
2026-08-28 04:00:00,0
2026-08-28 04:15:00,0
2026-08-28 04:30:00,0
2026-08-28 04:45:00,0
2026-08-28 05:00:00,0
2026-08-28 05:15:00,0
2026-08-28 05:30:00,0
2026-08-28 05:45:00,0
2026-08-28 06:00:00,0
2026-08-28 06:15:00,0.03
2026-08-28 06:30:00,1.24
2026-08-28 06:45:00,5.6
2026-08-28 07:00:00,13.01
2026-08-28 07:15:00,25.43
2026-08-28 07:30:00,30.49
2026-08-28 07:45:00,34.9
2026-08-28 08:00:00,27.14
2026-08-28 08:15:00,32.94
2026-08-28 08:30:00,52.68
2026-08-28 08:45:00,101.47
2026-08-28 09:00:00,144.12
2026-08-28 09:15:00,143.63
2026-08-28 09:30:00,98.26
2026-08-28 09:45:00,122.53
2026-08-28 10:00:00,78.8
2026-08-28 10:15:00,110.49
2026-08-28 10:30:00,128.41
2026-08-28 10:45:00,158.71
2026-08-28 11:00:00,155.66
2026-08-28 11:15:00,129.91
2026-08-28 11:30:00,46.63
2026-08-28 11:45:00,90.88
2026-08-28 12:00:00,102.88
2026-08-28 12:15:00,47.41
2026-08-28 12:30:00,19.87
2026-08-28 12:45:00,8
2026-08-28 13:00:00,41.59
2026-08-28 13:15:00,112.36
2026-08-28 13:30:00,175.77
2026-08-28 13:45:00,78.64
2026-08-28 14:00:00,32.67
2026-08-28 14:15:00,47.95
2026-08-28 14:30:00,88.7
2026-08-28 14:45:00,0.02
2026-08-28 15:00:00,59.41
2026-08-28 15:15:00,65.25
2026-08-28 15:30:00,94.5
2026-08-28 15:45:00,12.99
2026-08-28 16:00:00,3.96
2026-08-28 16:15:00,4.01
2026-08-28 16:30:00,34.8
2026-08-28 16:45:00,29.59
2026-08-28 17:00:00,57.33
2026-08-28 17:15:00,45.72
2026-08-28 17:30:00,78.13
2026-08-28 17:45:00,14.65
2026-08-28 18:00:00,12.17
2026-08-28 18:15:00,14.94
2026-08-28 18:30:00,17.13
2026-08-28 18:45:00,3.52
2026-08-28 19:00:00,1.46
2026-08-28 19:15:00,0.2
2026-08-28 19:30:00,0.04
2026-08-28 19:45:00,0
2026-08-28 20:00:00,0
2026-08-28 20:15:00,0
2026-08-28 20:30:00,0
2026-08-28 20:45:00,0.01
2026-08-28 21:00:00,0
2026-08-28 21:15:00,0
2026-08-28 21:30:00,0
2026-08-28 21:45:00,0
2026-08-28 22:00:00,0
2026-08-28 22:15:00,0
2026-08-28 22:30:00,0
2026-08-28 22:45:00,0
2026-08-28 23:00:00,0
2026-08-28 23:15:00,0
2026-08-28 23:30:00,0
2026-08-28 23:45:00,0
2026-08-29 00:00:00,0
2026-08-29 00:15:00,0
2026-08-29 00:30:00,0
2026-08-29 00:45:00,0
2026-08-29 01:00:00,0
2026-08-29 01:15:00,0
2026-08-29 01:30:00,0
2026-08-29 01:45:00,0
2026-08-29 02:00:00,0
2026-08-29 02:15:00,0
2026-08-29 02:30:00,0
2026-08-29 02:45:00,0
2026-08-29 03:00:00,0
2026-08-29 03:15:00,0
2026-08-29 03:30:00,0
2026-08-29 03:45:00,0
2026-08-29 04:00:00,0
2026-08-29 04:15:00,0
2026-08-29 04:30:00,0
2026-08-29 04:45:00,0.01
2026-08-29 05:00:00,0
2026-08-29 05:15:00,0
2026-08-29 05:30:00,0
2026-08-29 05:45:00,0.01
2026-08-29 06:00:00,0.01
2026-08-29 06:15:00,0
2026-08-29 06:30:00,0.28
2026-08-29 06:45:00,3.08
2026-08-29 07:00:00,8.47
2026-08-29 07:15:00,17.91
2026-08-29 07:30:00,19.83
2026-08-29 07:45:00,27.5
2026-08-29 08:00:00,34.47
2026-08-29 08:15:00,32.85
2026-08-29 08:30:00,38.94
2026-08-29 08:45:00,35.39
2026-08-29 09:00:00,37.87
2026-08-29 09:15:00,11.94
2026-08-29 09:30:00,16.81
2026-08-29 09:45:00,23.38
2026-08-29 10:00:00,30.47
2026-08-29 10:15:00,30.04
2026-08-29 10:30:00,30.76
2026-08-29 10:45:00,29.23
2026-08-29 11:00:00,34.05
2026-08-29 11:15:00,45.05
2026-08-29 11:30:00,79.33
2026-08-29 11:45:00,95.59
2026-08-29 12:00:00,118.24
2026-08-29 12:15:00,163.72
2026-08-29 12:30:00,141.28
2026-08-29 12:45:00,12.25
2026-08-29 13:00:00,84.98
2026-08-29 13:15:00,39.75
2026-08-29 13:30:00,0
2026-08-29 13:45:00,0.02
2026-08-29 14:00:00,72.84
2026-08-29 14:15:00,149.47
2026-08-29 14:30:00,65.51
2026-08-29 14:45:00,23.68
2026-08-29 15:00:00,12.85
2026-08-29 15:15:00,41.99
2026-08-29 15:30:00,10.56
2026-08-29 15:45:00,4.82
2026-08-29 16:00:00,4.02
2026-08-29 16:15:00,4
2026-08-29 16:30:00,123.16
2026-08-29 16:45:00,76.98
2026-08-29 17:00:00,49.58
2026-08-29 17:15:00,41.55
2026-08-29 17:30:00,40.58
2026-08-29 17:45:00,32.43
2026-08-29 18:00:00,27.45
2026-08-29 18:15:00,21.08
2026-08-29 18:30:00,12.56
2026-08-29 18:45:00,6.8
2026-08-29 19:00:00,2.63
2026-08-29 19:15:00,0.45
2026-08-29 19:30:00,0
2026-08-29 19:45:00,0
2026-08-29 20:00:00,0
2026-08-29 20:15:00,0
2026-08-29 20:30:00,0
2026-08-29 20:45:00,0
2026-08-29 21:00:00,0.01
2026-08-29 21:15:00,0
2026-08-29 21:30:00,0
2026-08-29 21:45:00,0
2026-08-29 22:00:00,0
2026-08-29 22:15:00,0
2026-08-29 22:30:00,0
2026-08-29 22:45:00,0
2026-08-29 23:00:00,0
2026-08-29 23:15:00,0
2026-08-29 23:30:00,0
2026-08-29 23:45:00,0
2026-08-30 00:00:00,0
2026-08-30 00:15:00,0
2026-08-30 00:30:00,0
2026-08-30 00:45:00,0.01
2026-08-30 01:00:00,0
2026-08-30 01:15:00,0
2026-08-30 01:30:00,0
2026-08-30 01:45:00,0
2026-08-30 02:00:00,0
2026-08-30 02:15:00,0
2026-08-30 02:30:00,0
2026-08-30 02:45:00,0
2026-08-30 03:00:00,0
2026-08-30 03:15:00,0
2026-08-30 03:30:00,0
2026-08-30 03:45:00,0
2026-08-30 04:00:00,0
2026-08-30 04:15:00,0
2026-08-30 04:30:00,0
2026-08-30 04:45:00,0
2026-08-30 05:00:00,0
2026-08-30 05:15:00,0
2026-08-30 05:30:00,0
2026-08-30 05:45:00,0
2026-08-30 06:00:00,0
2026-08-30 06:15:00,0
2026-08-30 06:30:00,0.21
2026-08-30 06:45:00,2.58
2026-08-30 07:00:00,4.14
2026-08-30 07:15:00,9.09
2026-08-30 07:30:00,7.48
2026-08-30 07:45:00,8.32
2026-08-30 08:00:00,18.44
2026-08-30 08:15:00,45.81
2026-08-30 08:30:00,49.57
2026-08-30 08:45:00,60.96
2026-08-30 09:00:00,50.31
2026-08-30 09:15:00,42.31
2026-08-30 09:30:00,44.47
2026-08-30 09:45:00,30.83
2026-08-30 10:00:00,126.16
2026-08-30 10:15:00,100.07
2026-08-30 10:30:00,55.54
2026-08-30 10:45:00,113.43
2026-08-30 11:00:00,104.76
2026-08-30 11:15:00,57.01
2026-08-30 11:30:00,26.51
2026-08-30 11:45:00,21.52
2026-08-30 12:00:00,22.74
2026-08-30 12:15:00,21.01
2026-08-30 12:30:00,26.31
2026-08-30 12:45:00,26.9
2026-08-30 13:00:00,24.85
2026-08-30 13:15:00,49.41
2026-08-30 13:30:00,0.02
2026-08-30 13:45:00,30.26
2026-08-30 14:00:00,17.8
2026-08-30 14:15:00,23.37
2026-08-30 14:30:00,16.34
2026-08-30 14:45:00,17.1
2026-08-30 15:00:00,15.83
2026-08-30 15:15:00,15.42
2026-08-30 15:30:00,21
2026-08-30 15:45:00,24.93
2026-08-30 16:00:00,11.7
2026-08-30 16:15:00,13.4
2026-08-30 16:30:00,16.87
2026-08-30 16:45:00,15.4
2026-08-30 17:00:00,15.07
2026-08-30 17:15:00,21.16
2026-08-30 17:30:00,12.57
2026-08-30 17:45:00,7.23
2026-08-30 18:00:00,4.41
2026-08-30 18:15:00,7.94
2026-08-30 18:30:00,6.88
2026-08-30 18:45:00,4.37
2026-08-30 19:00:00,0.37
2026-08-30 19:15:00,0.05
2026-08-30 19:30:00,0.02
2026-08-30 19:45:00,0
2026-08-30 20:00:00,0
2026-08-30 20:15:00,0
2026-08-30 20:30:00,0
2026-08-30 20:45:00,0
2026-08-30 21:00:00,0
2026-08-30 21:15:00,0
2026-08-30 21:30:00,0
2026-08-30 21:45:00,0.01
2026-08-30 22:00:00,0.01
2026-08-30 22:15:00,0
2026-08-30 22:30:00,0.01
2026-08-30 22:45:00,0.01
2026-08-30 23:00:00,0.01
2026-08-30 23:15:00,0.01
2026-08-30 23:30:00,0
2026-08-30 23:45:00,0
2026-08-31 00:00:00,0
2026-08-31 00:15:00,0.01
2026-08-31 00:30:00,0.01
2026-08-31 00:45:00,0.01
2026-08-31 01:00:00,0.01
2026-08-31 01:15:00,0.01
2026-08-31 01:30:00,0
2026-08-31 01:45:00,0.01
2026-08-31 02:00:00,0.01
2026-08-31 02:15:00,0.01
2026-08-31 02:30:00,0.01
2026-08-31 02:45:00,0
2026-08-31 03:00:00,0.01
2026-08-31 03:15:00,0.01
2026-08-31 03:30:00,0
2026-08-31 03:45:00,0
2026-08-31 04:00:00,0
2026-08-31 04:15:00,0
2026-08-31 04:30:00,0
2026-08-31 04:45:00,0
2026-08-31 05:00:00,0.01
2026-08-31 05:15:00,0.01
2026-08-31 05:30:00,0
2026-08-31 05:45:00,0.01
2026-08-31 06:00:00,0
2026-08-31 06:15:00,0.03
2026-08-31 06:30:00,0.94
2026-08-31 06:45:00,3.72
2026-08-31 07:00:00,9.65
2026-08-31 07:15:00,19.59
2026-08-31 07:30:00,13.3
2026-08-31 07:45:00,53.44
2026-08-31 08:00:00,87.39
2026-08-31 08:15:00,88.22
2026-08-31 08:30:00,95.75
2026-08-31 08:45:00,123.58
2026-08-31 09:00:00,87.08
2026-08-31 09:15:00,59.55
2026-08-31 09:30:00,91.38
2026-08-31 09:45:00,140.64
2026-08-31 10:00:00,120.65
2026-08-31 10:15:00,106.57
2026-08-31 10:30:00,81.47
2026-08-31 10:45:00,83.74
2026-08-31 11:00:00,102.08
2026-08-31 11:15:00,113.8
2026-08-31 11:30:00,208.44
2026-08-31 11:45:00,124.66
2026-08-31 12:00:00,129.64
2026-08-31 12:15:00,123.8
2026-08-31 12:30:00,30.55
2026-08-31 12:45:00,76.56
2026-08-31 13:00:00,34.4
2026-08-31 13:15:00,19.63
2026-08-31 13:30:00,9.7
2026-08-31 13:45:00,64.39
2026-08-31 14:00:00,64.32
2026-08-31 14:15:00,56.09
2026-08-31 14:30:00,0
2026-08-31 14:45:00,24.32
2026-08-31 15:00:00,18.75
2026-08-31 15:15:00,15.3
2026-08-31 15:30:00,33.51
2026-08-31 15:45:00,0
2026-08-31 16:00:00,62.13
2026-08-31 16:15:00,34.29
2026-08-31 16:30:00,50.68
2026-08-31 16:45:00,28.03
2026-08-31 17:00:00,25.36
2026-08-31 17:15:00,13.76
2026-08-31 17:30:00,2.61
2026-08-31 17:45:00,5.05
2026-08-31 18:00:00,7.68
2026-08-31 18:15:00,6.21
2026-08-31 18:30:00,5.83
2026-08-31 18:45:00,2.96
2026-08-31 19:00:00,1.14
2026-08-31 19:15:00,0.11
2026-08-31 19:30:00,0
2026-08-31 19:45:00,0
2026-08-31 20:00:00,0
2026-08-31 20:15:00,0.01
2026-08-31 20:30:00,0.01
2026-08-31 20:45:00,0
2026-08-31 21:00:00,0
2026-08-31 21:15:00,0
2026-08-31 21:30:00,0
2026-08-31 21:45:00,0
2026-08-31 22:00:00,0
2026-08-31 22:15:00,0
2026-08-31 22:30:00,0
2026-08-31 22:45:00,0
2026-08-31 23:00:00,0.01
2026-08-31 23:15:00,0.01
2026-08-31 23:30:00,0.01
2026-08-31 23:45:00,0.01
